<?xml version="1.0" encoding="utf-8"?>
<COLLADA xmlns="http://www.collada.org/2005/11/COLLADASchema" version="1.4.1">
  <asset />
  <library_images>
    <image id="GrafittiMetalPlate_Alb">
      <init_from>GrafittiMetalPlate_Alb.png</init_from>
    </image>
    <image id="GrafittiMetalPlate_Nrm">
      <init_from>GrafittiMetalPlate_Nrm.png</init_from>
    </image>
    <image id="GrafittiMetalPlate_Spm">
      <init_from>GrafittiMetalPlate_Spm.png</init_from>
    </image>
    <image id="OBJFrameSteelSet_Alb">
      <init_from>OBJFrameSteelSet_Alb.png</init_from>
    </image>
    <image id="OBJFrameSteelSet_Nrm">
      <init_from>OBJFrameSteelSet_Nrm.png</init_from>
    </image>
    <image id="OBJFrameSteelSet_Spm">
      <init_from>OBJFrameSteelSet_Spm.png</init_from>
    </image>
  </library_images>
  <library_materials>
    <material id="GrafittiMetalPlate">
      <instance_effect url="#Effect_GrafittiMetalPlate" />
    </material>
    <material id="OBJFrameSteelSet">
      <instance_effect url="#Effect_OBJFrameSteelSet" />
    </material>
  </library_materials>
  <library_effects>
    <effect id="Effect_GrafittiMetalPlate">
      <profile_COMMON>
        <newparam sid="surface_GrafittiMetalPlate-diffuse">
          <surface type="2D">
            <init_from>GrafittiMetalPlate_Alb</init_from>
            <format>A8R8G8B8</format>
          </surface>
        </newparam>
        <newparam sid="sampler_GrafittiMetalPlate-diffuse">
          <sampler2D>
            <source>surface_GrafittiMetalPlate-diffuse</source>
            <wrap_s>WRAP</wrap_s>
            <wrap_t>WRAP</wrap_t>
          </sampler2D>
        </newparam>
        <newparam sid="surface_GrafittiMetalPlate-bump">
          <surface type="2D">
            <init_from>GrafittiMetalPlate_Nrm</init_from>
            <format>A8R8G8B8</format>
          </surface>
        </newparam>
        <newparam sid="sampler_GrafittiMetalPlate-bump">
          <sampler2D>
            <source>surface_GrafittiMetalPlate-bump</source>
            <wrap_s>WRAP</wrap_s>
            <wrap_t>WRAP</wrap_t>
          </sampler2D>
        </newparam>
        <newparam sid="surface_GrafittiMetalPlate-specular">
          <surface type="2D">
            <init_from>GrafittiMetalPlate_Spm</init_from>
            <format>A8R8G8B8</format>
          </surface>
        </newparam>
        <newparam sid="sampler_GrafittiMetalPlate-specular">
          <sampler2D>
            <source>surface_GrafittiMetalPlate-specular</source>
            <wrap_s>WRAP</wrap_s>
            <wrap_t>WRAP</wrap_t>
          </sampler2D>
        </newparam>
        <technique sid="common">
          <phong>
            <diffuse>
              <texture texture="sampler_GrafittiMetalPlate-diffuse" texcoord="CHANNEL0" />
            </diffuse>
            <bump>
              <texture texture="sampler_GrafittiMetalPlate-bump" texcoord="CHANNEL0" />
            </bump>
            <specular>
              <texture texture="sampler_GrafittiMetalPlate-specular" texcoord="CHANNEL0" />
            </specular>
            <emission>
              <color sid="emission">0 0 0 1</color>
            </emission>
          </phong>
        </technique>
      </profile_COMMON>
    </effect>
    <effect id="Effect_OBJFrameSteelSet">
      <profile_COMMON>
        <newparam sid="surface_OBJFrameSteelSet-diffuse">
          <surface type="2D">
            <init_from>OBJFrameSteelSet_Alb</init_from>
            <format>A8R8G8B8</format>
          </surface>
        </newparam>
        <newparam sid="sampler_OBJFrameSteelSet-diffuse">
          <sampler2D>
            <source>surface_OBJFrameSteelSet-diffuse</source>
            <wrap_s>WRAP</wrap_s>
            <wrap_t>WRAP</wrap_t>
          </sampler2D>
        </newparam>
        <newparam sid="surface_OBJFrameSteelSet-bump">
          <surface type="2D">
            <init_from>OBJFrameSteelSet_Nrm</init_from>
            <format>A8R8G8B8</format>
          </surface>
        </newparam>
        <newparam sid="sampler_OBJFrameSteelSet-bump">
          <sampler2D>
            <source>surface_OBJFrameSteelSet-bump</source>
            <wrap_s>WRAP</wrap_s>
            <wrap_t>WRAP</wrap_t>
          </sampler2D>
        </newparam>
        <newparam sid="surface_OBJFrameSteelSet-specular">
          <surface type="2D">
            <init_from>OBJFrameSteelSet_Spm</init_from>
            <format>A8R8G8B8</format>
          </surface>
        </newparam>
        <newparam sid="sampler_OBJFrameSteelSet-specular">
          <sampler2D>
            <source>surface_OBJFrameSteelSet-specular</source>
            <wrap_s>WRAP</wrap_s>
            <wrap_t>WRAP</wrap_t>
          </sampler2D>
        </newparam>
        <technique sid="common">
          <phong>
            <diffuse>
              <texture texture="sampler_OBJFrameSteelSet-diffuse" texcoord="CHANNEL0" />
            </diffuse>
            <bump>
              <texture texture="sampler_OBJFrameSteelSet-bump" texcoord="CHANNEL0" />
            </bump>
            <specular>
              <texture texture="sampler_OBJFrameSteelSet-specular" texcoord="CHANNEL0" />
            </specular>
            <emission>
              <color sid="emission">0 0 0 1</color>
            </emission>
          </phong>
        </technique>
      </profile_COMMON>
    </effect>
  </library_effects>
  <library_geometries>
    <geometry id="Sticker__GrafittiMetalPlate-mesh" name="Sticker__GrafittiMetalPlate">
      <mesh>
        <source id="Sticker__GrafittiMetalPlate-position">
          <float_array id="Sticker__GrafittiMetalPlate-position-array" count="36">-397.7444 297.7304 -242.7485 -401.0461 295.2328 -252.9101 -398.2206 304.3235 -244.2142 -401.5224 301.8258 -254.3759 -397.7444 297.7304 -242.7485 -401.0461 295.2328 -252.9101 -398.2206 304.3235 -244.2142 -401.5224 301.8258 -254.3759 -397.7444 297.7304 -242.7485 -401.0461 295.2328 -252.9101 -398.2206 304.3235 -244.2142 -401.5224 301.8258 -254.3759</float_array>
          <technique_common>
            <accessor source="#Sticker__GrafittiMetalPlate-position-array" count="12" stride="3">
              <param name="X" type="float" />
              <param name="Y" type="float" />
              <param name="Z" type="float" />
            </accessor>
          </technique_common>
        </source>
        <source id="Sticker__GrafittiMetalPlate-normal">
          <float_array id="Sticker__GrafittiMetalPlate-normal-array" count="36">0.9516856 0 -0.3083628 0.9516856 0 -0.3083628 0.9516856 0 -0.3083628 0.9516856 0 -0.3083628 0.9516856 0 -0.3083628 0.9516856 0 -0.3083628 0.9516856 0 -0.3083628 0.9516856 0 -0.3083628 0.9516856 0 -0.3083628 0.9516856 0 -0.3083628 0.9516856 0 -0.3083628 0.9516856 0 -0.3083628</float_array>
          <technique_common>
            <accessor source="#Sticker__GrafittiMetalPlate-normal-array" count="12" stride="3">
              <param name="X" type="float" />
              <param name="Y" type="float" />
              <param name="Z" type="float" />
            </accessor>
          </technique_common>
        </source>
        <source id="Sticker__GrafittiMetalPlate-texcoord">
          <float_array id="Sticker__GrafittiMetalPlate-texcoord-array" count="24">0.6862745 0.2117647 0.8313726 0.2117647 0.6862745 0.3960784 0.8313726 0.3960784 0.6862745 0.2117647 0.8313726 0.2117647 0.6862745 0.3960784 0.8313726 0.3960784 0.6862745 0.2117647 0.8313726 0.2117647 0.6862745 0.3960784 0.8313726 0.3960784</float_array>
          <technique_common>
            <accessor source="#Sticker__GrafittiMetalPlate-texcoord-array" count="12" stride="2">
              <param name="S" type="float" />
              <param name="T" type="float" />
            </accessor>
          </technique_common>
        </source>
        <source id="Sticker__GrafittiMetalPlate-texcoord_1">
          <float_array id="Sticker__GrafittiMetalPlate-texcoord-array_1" count="24">0.8862745 0.9137255 0.8862745 0.7411765 0.9960784 0.9137255 0.9960784 0.7411765 0.8862745 0.9137255 0.8862745 0.7411765 0.9960784 0.9137255 0.9960784 0.7411765 0.8862745 0.9137255 0.8862745 0.7411765 0.9960784 0.9137255 0.9960784 0.7411765</float_array>
          <technique_common>
            <accessor source="#Sticker__GrafittiMetalPlate-texcoord-array_1" count="12" stride="2">
              <param name="S" type="float" />
              <param name="T" type="float" />
            </accessor>
          </technique_common>
        </source>
        <vertices id="Sticker__GrafittiMetalPlate-vertex">
          <input semantic="POSITION" source="#Sticker__GrafittiMetalPlate-position" />
        </vertices>
        <triangles material="GrafittiMetalPlate" count="2">
          <input semantic="VERTEX" source="#Sticker__GrafittiMetalPlate-vertex" offset="0" />
          <input semantic="NORMAL" source="#Sticker__GrafittiMetalPlate-normal" offset="1" />
          <input semantic="TEXCOORD" source="#Sticker__GrafittiMetalPlate-texcoord" offset="2" set="0" />
          <input semantic="TEXCOORD" source="#Sticker__GrafittiMetalPlate-texcoord_1" offset="3" set="1" />
          <p>0 0 0 0 1 1 1 1 2 2 2 2 1 1 1 1 3 3 3 3 2 2 2 2 </p>
        </triangles>
      </mesh>
    </geometry>
    <geometry id="wire_clasp__OBJFrameSteelSet-mesh" name="wire_clasp__OBJFrameSteelSet">
      <mesh>
        <source id="wire_clasp__OBJFrameSteelSet-position">
          <float_array id="wire_clasp__OBJFrameSteelSet-position-array" count="1122">-58.07491 249.8338 85.27485 -58.14323 250.3838 85.51534 -57.11002 250.3838 81.8782 -57.11002 249.8338 81.8782 -56.14515 249.8338 78.48152 -56.07684 250.3838 78.24104 -58.07491 249.8338 85.27485 -52.30033 249.8338 83.24448 -53.26521 249.8338 86.64112 -57.11002 249.8338 81.8782 -51.33544 249.8338 79.84781 -56.14515 249.8338 78.48152 -53.26521 249.8338 86.64112 -52.30033 250.3838 83.24448 -53.33353 250.3838 86.88162 -52.30033 249.8338 83.24448 -51.33544 249.8338 79.84781 -51.26713 250.3838 79.60732 -53.33353 250.3838 86.88162 -52.30033 250.3838 83.24448 -58.14323 250.3838 85.51534 -51.26713 250.3838 79.60732 -57.11002 250.3838 81.8782 -56.07684 250.3838 78.24104 -52.33893 242.0838 78.80591 -51.1365 243.0838 79.14748 -54.74378 242.0838 78.12276 -55.94621 249.1148 77.78119 -55.94621 243.0838 77.78119 -51.1365 249.1148 79.14748 -56.00329 249.6353 77.98216 -51.19358 249.6353 79.34846 -51.33544 249.8338 79.84782 -56.14515 249.8338 78.48153 -52.19112 242.0838 78.28558 -54.59597 242.0838 77.60245 -50.98869 243.0838 78.62716 -55.79839 243.0838 77.26086 -55.79839 249.3648 77.26086 -50.98869 249.3648 78.62716 -51.07024 250.0853 78.91425 -55.87996 250.0853 77.54797 -51.26713 250.3838 79.60732 -56.07684 250.3838 78.24104 -56.14515 249.8338 78.48153 -56.07684 250.3838 78.24104 -56.00329 249.6353 77.98216 -55.87996 250.0853 77.54797 -55.79839 249.3648 77.26086 -55.94621 249.1148 77.78119 -55.79839 243.0838 77.26086 -55.94621 243.0838 77.78119 -51.33544 249.8338 79.84782 -51.19358 249.6353 79.34846 -51.26713 250.3838 79.60732 -50.98869 249.3648 78.62716 -51.07024 250.0853 78.91425 -51.1365 249.1148 79.14748 -50.98869 243.0838 78.62716 -51.1365 243.0838 79.14748 -50.98869 243.0838 78.62716 -51.1365 243.0838 79.14748 -52.19112 242.0838 78.28558 -52.33893 242.0838 78.80591 -54.59597 242.0838 77.60245 -54.74378 242.0838 78.12276 -55.94621 243.0838 77.78119 -55.79839 243.0838 77.26086 -54.66658 242.0838 86.9999 -57.07143 242.0838 86.31676 -53.46415 243.0838 87.34145 -58.27385 243.0838 85.97516 -58.27385 249.1148 85.97516 -53.46415 249.1148 87.34145 -58.21677 249.6353 85.77422 -53.40707 249.6353 87.14051 -58.07491 249.8338 85.27485 -53.26521 249.8338 86.64112 -57.21923 242.0838 86.83707 -54.81438 242.0838 87.52022 -53.61196 243.0838 87.86179 -58.42167 243.0838 86.4955 -58.42167 249.3648 86.4955 -53.61196 249.3648 87.86179 -58.34011 250.0853 86.20843 -53.5304 250.0853 87.57471 -53.33353 250.3838 86.88162 -58.14323 250.3838 85.51534 -58.34011 250.0853 86.20843 -58.14323 250.3838 85.51534 -58.21677 249.6353 85.77422 -58.42167 249.3648 86.4955 -58.07491 249.8338 85.27485 -58.27385 249.1148 85.97516 -58.42167 243.0838 86.4955 -58.27385 243.0838 85.97516 -53.26521 249.8338 86.64112 -53.33353 250.3838 86.88162 -53.40707 249.6353 87.14051 -53.5304 250.0853 87.57471 -53.61196 249.3648 87.86179 -53.46415 249.1148 87.34145 -53.61196 243.0838 87.86179 -53.46415 243.0838 87.34145 -53.61196 243.0838 87.86179 -54.81438 242.0838 87.52022 -53.46415 243.0838 87.34145 -54.66658 242.0838 86.9999 -57.21923 242.0838 86.83707 -57.07143 242.0838 86.31676 -58.42167 243.0838 86.4955 -58.27385 243.0838 85.97516 -56.57175 250.265 83.02017 -53.42499 250.265 83.91407 -56.49658 252.5064 82.75553 -53.34981 252.5064 83.64943 -54.84081 253.5026 82.91249 -56.05179 250.265 81.18974 -52.9802 252.5064 82.34827 -52.90502 250.265 82.08363 -56.12696 252.5064 81.45438 -54.63596 253.5026 82.19133 -56.05179 250.265 81.18974 -56.57175 250.265 83.02017 -56.12696 252.5064 81.45438 -56.49658 252.5064 82.75553 -53.42499 250.265 83.91407 -52.90502 250.265 82.08363 -53.34981 252.5064 83.64943 -52.9802 252.5064 82.34827 -52.9802 252.5064 82.34827 -54.63596 253.5026 82.19133 -53.34981 252.5064 83.64943 -56.12696 252.5064 81.45438 -54.84081 253.5026 82.91249 -56.49658 252.5064 82.75553 -52.55198 242.8209 78.51468 -51.60703 244.5224 78.78311 -53.77644 242.8209 82.82513 -52.55198 246.2238 78.51468 -52.83149 244.5224 83.09356 -54.44188 246.2238 77.97781 -53.77644 246.2238 82.82513 -55.38683 244.5224 77.70939 -55.66634 246.2238 82.28828 -54.44188 242.8209 77.97781 -56.61129 244.5224 82.01984 -52.55198 242.8209 78.51468 -55.66634 242.8209 82.28828 -53.77644 242.8209 82.82513 -56.89081 242.8209 86.59874 -57.83575 244.5224 86.33031 -55.66634 242.8209 82.28828 -56.89081 246.2238 86.59874 -56.61129 244.5224 82.01984 -55.00091 246.2238 87.1356 -55.66634 246.2238 82.28828 -54.05596 244.5224 87.40403 -53.77644 246.2238 82.82513 -55.00091 242.8209 87.1356 -52.83149 244.5224 83.09356 -56.89081 242.8209 86.59874 -53.77644 242.8209 82.82513 -55.66634 242.8209 82.28828 -55.98244 249.643 77.90511 -55.83265 249.9412 77.37782 -55.87326 243.0833 77.52075 -56.07774 250.3848 78.24057 -55.98244 249.643 77.90511 -55.87326 243.0833 77.52075 -51.1365 243.0838 79.14748 -51.22838 249.7547 79.47461 -54.59597 242.0838 77.60245 -52.33893 242.0838 78.80591 -55.98244 249.643 77.90511 -51.22838 249.7547 79.47461 -58.18421 249.7862 85.65596 -53.40419 249.7491 87.13406 -55.98244 249.643 77.90511 -58.18421 249.7862 85.65596 -56.07774 250.3848 78.24057 -58.30172 250.2619 86.06959 -55.83265 249.9412 77.37782 -51.07681 250.2803 78.94104 -50.98869 243.0838 78.62716 -55.87326 243.0833 77.52075 -56.07774 250.3848 78.24057 -54.59597 242.0838 77.60245 -52.33893 242.0838 78.80591 -51.07681 250.2803 78.94104 -56.07774 250.3848 78.24057 -58.30172 250.2619 86.06959 -53.48832 250.2243 87.43021 -51.07681 250.2803 78.94104 -51.22838 249.7547 79.47461 -50.98869 243.0838 78.62716 -51.1365 243.0838 79.14748 -51.07681 250.2803 78.94104 -53.40419 249.7491 87.13406 -51.22838 249.7547 79.47461 -53.48832 250.2243 87.43021 -50.98869 243.0838 78.62716 -51.1365 243.0838 79.14748 -52.33893 242.0838 78.80591 -58.18421 249.7862 85.65596 -58.27385 243.0838 85.97516 -58.42167 243.0838 86.4955 -58.30172 250.2619 86.06959 -58.18421 249.7862 85.65596 -53.40419 249.7491 87.13406 -53.46415 243.0838 87.34145 -58.27385 243.0838 85.97516 -57.07143 242.0838 86.31676 -54.81438 242.0838 87.52022 -58.30172 250.2619 86.06959 -58.42167 243.0838 86.4955 -53.61196 243.0838 87.86179 -53.48832 250.2243 87.43021 -57.07143 242.0838 86.31676 -54.81438 242.0838 87.52022 -53.48832 250.2243 87.43021 -53.61196 243.0838 87.86179 -53.40419 249.7491 87.13406 -53.46415 243.0838 87.34145 -53.61196 243.0838 87.86179 -54.81438 242.0838 87.52022 -53.46415 243.0838 87.34145 -57.07143 242.0838 86.31676 -58.42167 243.0838 86.4955 -58.27385 243.0838 85.97516 -56.05179 250.265 81.18974 -52.9802 252.5064 82.34827 -52.90502 250.265 82.08363 -56.12696 252.5064 81.45438 -54.84081 253.5026 82.91249 -56.05179 250.265 81.18974 -56.57175 250.265 83.02017 -56.12696 252.5064 81.45438 -56.49658 252.5064 82.75553 -56.57175 250.265 83.02017 -53.42499 250.265 83.91407 -56.49658 252.5064 82.75553 -53.34981 252.5064 83.64943 -54.84081 253.5026 82.91249 -53.42499 250.265 83.91407 -52.90502 250.265 82.08363 -53.34981 252.5064 83.64943 -52.9802 252.5064 82.34827 -53.34981 252.5064 83.64943 -52.9802 252.5064 82.34827 -54.84081 253.5026 82.91249 -56.12696 252.5064 81.45438 -56.49658 252.5064 82.75553 -51.60703 244.5224 78.78311 -52.55198 246.2238 78.51468 -55.00091 246.2238 87.1356 -54.44188 246.2238 77.97781 -55.38683 244.5224 77.70939 -57.83575 244.5224 86.33031 -54.44188 242.8209 77.97781 -51.60703 244.5224 78.78311 -55.00091 242.8209 87.1356 -52.55198 242.8209 78.51468 -54.05596 244.5224 87.40403 -55.00091 246.2238 87.1356 -56.89081 242.8209 86.59874 -54.44188 242.8209 77.97781 -54.44188 246.2238 77.97781 -56.89081 246.2238 86.59874 -57.83575 244.5224 86.33031 -54.44188 242.8209 77.97781 -56.89081 242.8209 86.59874 -55.98244 249.643 77.90511 -55.86594 250.2404 77.49501 -55.87326 243.0833 77.52075 -55.98244 249.643 77.90511 -55.87326 243.0833 77.52075 -51.1365 243.0838 79.14748 -51.22838 249.7547 79.47461 -54.59597 242.0838 77.60245 -52.33893 242.0838 78.80591 -55.98244 249.643 77.90511 -51.22838 249.7547 79.47461 -58.18421 249.7862 85.65596 -53.40419 249.7491 87.13406 -55.98244 249.643 77.90511 -58.18421 249.7862 85.65596 -55.86594 250.2404 77.49501 -58.30172 250.2619 86.06959 -55.86594 250.2404 77.49501 -58.30172 250.2619 86.06959 -51.07681 250.2803 78.94104 -53.48832 250.2243 87.43021 -55.86594 250.2404 77.49501 -51.07681 250.2803 78.94104 -50.98869 243.0838 78.62716 -55.87326 243.0833 77.52075 -54.59597 242.0838 77.60245 -52.33893 242.0838 78.80591 -51.07681 250.2803 78.94104 -51.22838 249.7547 79.47461 -50.98869 243.0838 78.62716 -51.1365 243.0838 79.14748 -51.07681 250.2803 78.94104 -53.40419 249.7491 87.13406 -51.22838 249.7547 79.47461 -53.48832 250.2243 87.43021 -50.98869 243.0838 78.62716 -51.1365 243.0838 79.14748 -52.33893 242.0838 78.80591 -58.18421 249.7862 85.65596 -58.34872 243.0833 86.23505 -58.30172 250.2619 86.06959 -58.18421 249.7862 85.65596 -53.40419 249.7491 87.13406 -53.46415 243.0838 87.34145 -58.34872 243.0833 86.23505 -57.07143 242.0838 86.31676 -54.81438 242.0838 87.52022 -58.30172 250.2619 86.06959 -58.34872 243.0833 86.23505 -53.61196 243.0838 87.86179 -53.48832 250.2243 87.43021 -57.07143 242.0838 86.31676 -54.81438 242.0838 87.52022 -53.48832 250.2243 87.43021 -53.61196 243.0838 87.86179 -53.40419 249.7491 87.13406 -53.46415 243.0838 87.34145 -53.61196 243.0838 87.86179 -54.81438 242.0838 87.52022 -53.46415 243.0838 87.34145 -56.05179 250.265 81.18974 -52.9802 252.5064 82.34827 -52.90502 250.265 82.08363 -56.12696 252.5064 81.45438 -54.84081 253.5026 82.91249 -56.05179 250.265 81.18974 -56.57175 250.265 83.02017 -56.12696 252.5064 81.45438 -56.49658 252.5064 82.75553 -56.57175 250.265 83.02017 -53.42499 250.265 83.91407 -56.49658 252.5064 82.75553 -53.34981 252.5064 83.64943 -54.84081 253.5026 82.91249 -53.42499 250.265 83.91407 -52.90502 250.265 82.08363 -53.34981 252.5064 83.64943 -52.9802 252.5064 82.34827 -53.34981 252.5064 83.64943 -52.9802 252.5064 82.34827 -54.84081 253.5026 82.91249 -56.12696 252.5064 81.45438 -56.49658 252.5064 82.75553 -51.60703 244.5224 78.78311 -52.55198 246.2238 78.51468 -55.00091 246.2238 87.1356 -54.44188 246.2238 77.97781 -55.38683 244.5224 77.70939 -57.83575 244.5224 86.33031 -54.44188 242.8209 77.97781 -51.60703 244.5224 78.78311 -55.00091 242.8209 87.1356 -52.55198 242.8209 78.51468 -54.05596 244.5224 87.40403 -55.00091 246.2238 87.1356 -56.89081 242.8209 86.59874 -54.44188 242.8209 77.97781 -54.44188 246.2238 77.97781 -56.89081 246.2238 86.59874 -57.83575 244.5224 86.33031 -54.44188 242.8209 77.97781 -56.89081 242.8209 86.59874</float_array>
          <technique_common>
            <accessor source="#wire_clasp__OBJFrameSteelSet-position-array" count="374" stride="3">
              <param name="X" type="float" />
              <param name="Y" type="float" />
              <param name="Z" type="float" />
            </accessor>
          </technique_common>
        </source>
        <source id="wire_clasp__OBJFrameSteelSet-normal">
          <float_array id="wire_clasp__OBJFrameSteelSet-normal-array" count="1122">-0.962818 0 -0.2739726 -0.962818 0 -0.2739726 -0.962818 0 -0.2739726 -0.962818 0 -0.2739726 -0.962818 0 -0.2739726 -0.962818 0 -0.2739726 0 -1 0 0 -1 0 0 -1 0 0 -1 0 0 -1 0 0 -1 0 0.962818 0 0.2739726 0.962818 0 0.2739726 0.962818 0 0.2739726 0.962818 0 0.2739726 0.962818 0 0.2739726 0.962818 0 0.2739726 0 1 0 0 1 0 0 1 0 0 1 0 0 1 0 0 1 0 -0.2739726 0 0.962818 -0.2739726 0 0.962818 -0.2739726 0 0.962818 -0.2739726 -0.03131115 0.960861 -0.2739726 0 0.962818 -0.2739726 -0.03131115 0.960861 -0.1917808 -0.7123288 0.6751468 -0.1917808 -0.7123288 0.6751468 -0.09784736 -0.9334638 0.3444227 -0.09784736 -0.9334638 0.3444227 0.2739726 0 -0.962818 0.2739726 0 -0.962818 0.2739726 0 -0.962818 0.2739726 0 -0.962818 0.2739726 0.04305284 -0.960861 0.2739726 0.04305284 -0.960861 0.1937378 0.7064579 -0.6810176 0.1937378 0.7064579 -0.6810176 0.1037182 0.9236791 -0.3679061 0.1037182 0.9236791 -0.3679061 -0.962818 0 -0.2739726 -0.962818 0 -0.2739726 -0.962818 0 -0.2739726 -0.962818 0 -0.2739726 -0.962818 0 -0.2739726 -0.962818 0 -0.2739726 -0.962818 0 -0.2739726 -0.962818 0 -0.2739726 0.962818 0 0.2739726 0.962818 0 0.2739726 0.962818 0 0.2739726 0.962818 0 0.2739726 0.962818 0 0.2739726 0.962818 0 0.2739726 0.962818 0 0.2739726 0.962818 0 0.2739726 0.6007828 -0.7808219 0.1702544 0.6007828 -0.7808219 0.1702544 0.2485323 -0.9667319 0.0704501 0.2485323 -0.9667319 0.0704501 -0.2485323 -0.9667319 -0.0704501 -0.2485323 -0.9667319 -0.0704501 -0.6007828 -0.7808219 -0.1702544 -0.6007828 -0.7808219 -0.1702544 0.2739726 0 -0.962818 0.2739726 0 -0.962818 0.2739726 0 -0.962818 0.2739726 0 -0.962818 0.2739726 -0.03131115 -0.960861 0.2739726 -0.03131115 -0.960861 0.1917808 -0.7123288 -0.6751468 0.1917808 -0.7123288 -0.6751468 0.09784736 -0.9334638 -0.3444227 0.09784736 -0.9334638 -0.3444227 -0.2739726 0 0.962818 -0.2739726 0 0.962818 -0.2739726 0 0.962818 -0.2739726 0 0.962818 -0.2739726 0.04305284 0.960861 -0.2739726 0.04305284 0.960861 -0.1937378 0.7064579 0.6810176 -0.1937378 0.7064579 0.6810176 -0.1037182 0.9236791 0.3679061 -0.1037182 0.9236791 0.3679061 -0.962818 0 -0.2739726 -0.962818 0 -0.2739726 -0.962818 0 -0.2739726 -0.962818 0 -0.2739726 -0.962818 0 -0.2739726 -0.962818 0 -0.2739726 -0.962818 0 -0.2739726 -0.962818 0 -0.2739726 0.962818 0 0.2739726 0.962818 0 0.2739726 0.962818 0 0.2739726 0.962818 0 0.2739726 0.962818 0 0.2739726 0.962818 0 0.2739726 0.962818 0 0.2739726 0.962818 0 0.2739726 0.6007828 -0.7808219 0.1702544 0.2485323 -0.9667319 0.0704501 0.6007828 -0.7808219 0.1702544 0.2485323 -0.9667319 0.0704501 -0.2485323 -0.9667319 -0.0704501 -0.2485323 -0.9667319 -0.0704501 -0.6007828 -0.7808219 -0.1702544 -0.6007828 -0.7808219 -0.1702544 -0.2720157 0.1213307 0.9549902 -0.2720157 0.1213307 0.9549902 -0.2700587 0.1350294 0.9530333 -0.2700587 0.1350294 0.9530333 -0.2622309 0.2896282 0.9197652 0.2720157 0.1213307 -0.9549902 0.2700587 0.1350294 -0.9530333 0.2720157 0.1213307 -0.9549902 0.2700587 0.1350294 -0.9530333 0.2622309 0.2896282 -0.9197652 -0.962818 0 -0.2739726 -0.962818 0 -0.2739726 -0.962818 0 -0.2739726 -0.962818 0 -0.2739726 0.962818 0 0.2739726 0.962818 0 0.2739726 0.962818 0 0.2739726 0.962818 0 0.2739726 0.5009785 0.853229 0.1428571 0 1 0 0.5009785 0.853229 0.1428571 -0.5009785 0.853229 -0.1428571 0 1 0 -0.5009785 0.853229 -0.1428571 0.481409 -0.8669276 0.1369863 0.962818 0 0.2739726 0.481409 -0.8669276 0.1369863 0.481409 0.8669276 0.1369863 0.962818 0 0.2739726 -0.481409 0.8669276 -0.1369863 0.481409 0.8669276 0.1369863 -0.962818 0 -0.2739726 -0.481409 0.8669276 -0.1369863 -0.481409 -0.8669276 -0.1369863 -0.962818 0 -0.2739726 0.481409 -0.8669276 0.1369863 -0.481409 -0.8669276 -0.1369863 0.481409 -0.8669276 0.1369863 -0.481409 -0.8669276 -0.1369863 -0.962818 0 -0.2739726 -0.481409 -0.8669276 -0.1369863 -0.481409 0.8669276 -0.1369863 -0.962818 0 -0.2739726 0.481409 0.8669276 0.1369863 -0.481409 0.8669276 -0.1369863 0.962818 0 0.2739726 0.481409 0.8669276 0.1369863 0.481409 -0.8669276 0.1369863 0.962818 0 0.2739726 -0.481409 -0.8669276 -0.1369863 0.481409 -0.8669276 0.1369863 -0.481409 -0.8669276 -0.1369863 -0.962818 0 -0.2739726 -0.962818 0 -0.2739726 -0.962818 0 -0.2739726 -0.962818 0 -0.2739726 -0.3365949 -0.702544 0.6262231 -0.3894325 -0.037182 0.9197652 -0.2113503 -0.01956947 0.9765166 0.09001957 -0.9921722 0.07632094 -0.3307241 -0.260274 0.9080235 -0.03913894 -0.7984344 0.6027398 0 -1 0 0 -1 0 0 -1 0 0.2035225 -0.9784736 -0.03131115 -0.962818 0 -0.2739726 -0.1017613 -0.9921722 -0.05675147 -0.962818 0 -0.2739726 -0.07632094 0.9960861 0.01565558 0.08414873 0.7945206 -0.6007828 0.297456 0.6007828 -0.7416829 0.369863 -0.009784736 -0.9295499 0.08219178 -0.01761252 -0.9960861 -0.1037182 0.9902152 -0.09784736 0.1174168 -0.4716243 -0.8727984 0.4481409 -0.704501 -0.5499021 0 1 0 0 1 0 0 1 0 0 1 0 0.962818 0 0.2739726 0.962818 0 0.2739726 0.962818 0 0.2739726 0.962818 0 0.2739726 0.962818 0 0.2739726 0.962818 0 0.2739726 0.962818 0 0.2739726 0.07436399 0.9882583 0.1389433 0.6007828 -0.7808219 0.1702544 0.6007828 -0.7808219 0.1702544 0.2485323 -0.9667319 0.0704501 -0.962818 0 -0.2739726 -0.962818 0 -0.2739726 -0.962818 0 -0.2739726 -0.2544031 0.7064579 0.6614481 0.09784736 -0.9334638 -0.3444227 0.4677104 -0.6790606 -0.5655577 0.334638 -0.01956947 -0.9432485 0.1526419 -0.037182 -0.9882583 0.1956947 -0.260274 -0.9452055 0.2837573 -0.7984344 -0.5322896 -0.1937378 0.7064579 0.6810176 -0.4540117 -0.01761252 0.890411 -0.1741683 -0.009784736 0.9843444 -0.0704501 0.7005871 0.7084149 -0.3600783 -0.4716243 0.8043053 0.09393346 -0.704501 0.702544 0.962818 0 0.2739726 0.962818 0 0.2739726 0.962818 0 0.2739726 0.962818 0 0.2739726 0.6007828 -0.7808219 0.1702544 0.2485323 -0.9667319 0.0704501 0.6007828 -0.7808219 0.1702544 -0.2485323 -0.9667319 -0.0704501 -0.6007828 -0.7808219 -0.1702544 -0.6007828 -0.7808219 -0.1702544 -0.005870841 0.1174168 -0.9921722 0.4774951 0.2622309 -0.8395303 0.8688846 0.08610567 -0.4872798 -0.4050881 0.3522505 -0.8434442 0.2622309 0.2896282 -0.9197652 -0.962818 0 -0.2739726 -0.962818 0 -0.2739726 -0.962818 0 -0.2739726 -0.962818 0 -0.2739726 -0.8688846 0.08610567 0.4872798 0.005870841 0.1174168 0.9921722 -0.4774951 0.2622309 0.8395303 0.4050881 0.3522505 0.8434442 -0.2622309 0.2896282 0.9197652 0.962818 0 0.2739726 0.962818 0 0.2739726 0.962818 0 0.2739726 0.962818 0 0.2739726 0.5009785 0.853229 0.1428571 0.5009785 0.853229 0.1428571 -0.3287671 0.849315 0.4148728 -0.5009785 0.853229 -0.1428571 -0.5009785 0.853229 -0.1428571 0.9452055 -0.1898239 0.2681018 0.630137 0.7553816 0.1780822 0.481409 0.8669276 0.1369863 -0.3150685 0.9452055 -0.09001957 -0.9452055 0.1898239 -0.2681018 -0.962818 0 -0.2739726 -0.630137 -0.7553816 -0.1780822 0.962818 0 0.2739726 0.630137 -0.7553816 0.1780822 0.481409 -0.8669276 0.1369863 0.9452055 0.1898239 0.2681018 0.3150685 0.9452055 0.09001957 -0.481409 -0.8669276 -0.1369863 -0.481409 -0.8669276 -0.1369863 -0.481409 0.8669276 -0.1369863 -0.630137 0.7553816 -0.1780822 -0.9452055 -0.1898239 -0.2681018 -0.481409 -0.8669276 -0.1369863 -0.3150685 -0.9452055 -0.09001957 -0.962818 0 -0.2739726 -0.962818 0 -0.2739726 -0.962818 0 -0.2739726 -0.3365949 -0.702544 0.6262231 -0.3894325 -0.037182 0.9197652 -0.2113503 -0.01956947 0.9765166 0.09001957 -0.9921722 0.07632094 -0.3307241 -0.260274 0.9080235 -0.03913894 -0.7984344 0.6027398 0 -1 0 0 -1 0 0 -1 0 0.2035225 -0.9784736 -0.03131115 -0.962818 0 -0.2739726 -0.1017613 -0.9921722 -0.05675147 -0.962818 0 -0.2739726 -0.07632094 0.9960861 0.01565558 0 1 0 0 1 0 0 1 0 0 1 0 0.08414873 0.7945206 -0.6007828 0.297456 0.6007828 -0.7416829 0.369863 -0.009784736 -0.9295499 0.08219178 -0.01761252 -0.9960861 0.1174168 -0.4716243 -0.8727984 0.4481409 -0.704501 -0.5499021 0.962818 0 0.2739726 0.962818 0 0.2739726 0.962818 0 0.2739726 0.962818 0 0.2739726 0.962818 0 0.2739726 0.962818 0 0.2739726 0.962818 0 0.2739726 0.07436399 0.9882583 0.1389433 0.6007828 -0.7808219 0.1702544 0.6007828 -0.7808219 0.1702544 0.2485323 -0.9667319 0.0704501 -0.962818 0 -0.2739726 -0.962818 0 -0.2739726 -0.2544031 0.7064579 0.6614481 0.09784736 -0.9334638 -0.3444227 0.4677104 -0.6790606 -0.5655577 0.334638 -0.01956947 -0.9432485 0.1526419 -0.037182 -0.9882583 0.1956947 -0.260274 -0.9452055 0.2837573 -0.7984344 -0.5322896 -0.1937378 0.7064579 0.6810176 -0.4540117 -0.01761252 0.890411 -0.1741683 -0.009784736 0.9843444 -0.0704501 0.7005871 0.7084149 -0.3600783 -0.4716243 0.8043053 0.09393346 -0.704501 0.702544 0.962818 0 0.2739726 0.962818 0 0.2739726 0.962818 0 0.2739726 0.962818 0 0.2739726 0.6007828 -0.7808219 0.1702544 0.2485323 -0.9667319 0.0704501 0.6007828 -0.7808219 0.1702544 -0.005870841 0.1174168 -0.9921722 0.4774951 0.2622309 -0.8395303 0.8688846 0.08610567 -0.4872798 -0.4050881 0.3522505 -0.8434442 0.2622309 0.2896282 -0.9197652 -0.962818 0 -0.2739726 -0.962818 0 -0.2739726 -0.962818 0 -0.2739726 -0.962818 0 -0.2739726 -0.8688846 0.08610567 0.4872798 0.005870841 0.1174168 0.9921722 -0.4774951 0.2622309 0.8395303 0.4050881 0.3522505 0.8434442 -0.2622309 0.2896282 0.9197652 0.962818 0 0.2739726 0.962818 0 0.2739726 0.962818 0 0.2739726 0.962818 0 0.2739726 0.5009785 0.853229 0.1428571 0.5009785 0.853229 0.1428571 -0.3287671 0.849315 0.4148728 -0.5009785 0.853229 -0.1428571 -0.5009785 0.853229 -0.1428571 0.9452055 -0.1898239 0.2681018 0.630137 0.7553816 0.1780822 0.481409 0.8669276 0.1369863 -0.3150685 0.9452055 -0.09001957 -0.9452055 0.1898239 -0.2681018 -0.962818 0 -0.2739726 -0.630137 -0.7553816 -0.1780822 0.962818 0 0.2739726 0.630137 -0.7553816 0.1780822 0.481409 -0.8669276 0.1369863 0.9452055 0.1898239 0.2681018 0.3150685 0.9452055 0.09001957 -0.481409 -0.8669276 -0.1369863 -0.481409 -0.8669276 -0.1369863 -0.481409 0.8669276 -0.1369863 -0.630137 0.7553816 -0.1780822 -0.9452055 -0.1898239 -0.2681018 -0.481409 -0.8669276 -0.1369863 -0.3150685 -0.9452055 -0.09001957</float_array>
          <technique_common>
            <accessor source="#wire_clasp__OBJFrameSteelSet-normal-array" count="374" stride="3">
              <param name="X" type="float" />
              <param name="Y" type="float" />
              <param name="Z" type="float" />
            </accessor>
          </technique_common>
        </source>
        <source id="wire_clasp__OBJFrameSteelSet-texcoord">
          <float_array id="wire_clasp__OBJFrameSteelSet-texcoord-array" count="748">0.6579486 1.228523 0.6564531 1.225013 0.6799219 1.225013 0.6799829 1.228523 0.7020172 1.228523 0.7033601 1.225013 0.6569414 1.225013 0.6794031 1.154485 0.6569414 1.154485 0.6794031 1.225013 0.7018952 1.154485 0.7018952 1.225013 0.6579791 1.150823 0.6799219 1.154485 0.6564531 1.154485 0.6800134 1.150823 0.7020478 1.150823 0.7033601 1.154485 0.6564531 1.154485 0.6799219 1.154485 0.6564531 1.225013 0.7033601 1.154485 0.6799219 1.225013 0.7033601 1.225013 0.6062196 1.207312 0.6106754 1.225013 0.6062196 1.171789 0.6510208 1.154485 0.6106754 1.154485 0.6510208 1.225013 0.6541948 1.154485 0.6541948 1.225013 0.6563005 1.225013 0.6563005 1.154485 0.6062196 1.207312 0.6062196 1.171789 0.6106754 1.225013 0.6106754 1.154485 0.6510208 1.154485 0.6510208 1.225013 0.6541948 1.225013 0.6541948 1.154485 0.6563005 1.225013 0.6563005 1.154485 0.6576129 1.15067 0.6563005 1.154485 0.6538591 1.15067 0.6541948 1.154485 0.6510208 1.154485 0.6500748 1.15067 0.6106754 1.154485 0.6098514 1.15067 0.6576129 1.228523 0.6538591 1.228523 0.6563005 1.225013 0.6510208 1.225013 0.6541948 1.225013 0.6500443 1.228523 0.6106754 1.225013 0.6098514 1.228523 0.6106754 1.225013 0.6098514 1.228523 0.6062196 1.207312 0.6046022 1.207709 0.6062196 1.171789 0.6046022 1.171117 0.6098514 1.15067 0.6106754 1.154485 0.6062196 1.17185 0.6062196 1.207068 0.6106754 1.154485 0.6106754 1.225013 0.6510819 1.225013 0.6510819 1.154485 0.6541948 1.225013 0.6541948 1.154485 0.6563921 1.225013 0.6563921 1.154485 0.6062196 1.207068 0.6062196 1.17185 0.6106754 1.154485 0.6106754 1.225013 0.6510819 1.225013 0.6510819 1.154485 0.6541948 1.225013 0.6541948 1.154485 0.6563921 1.154485 0.6563921 1.225013 0.6541948 1.225013 0.6563921 1.225013 0.6539201 1.228523 0.6510819 1.225013 0.6576739 1.228523 0.6500748 1.228523 0.6106754 1.225013 0.6098514 1.228523 0.6576739 1.150823 0.6563921 1.154485 0.6539201 1.150823 0.6541948 1.154485 0.6510819 1.154485 0.6501053 1.150823 0.6106754 1.154485 0.6098514 1.150823 0.6106754 1.154485 0.6062196 1.17185 0.6098514 1.150823 0.6046022 1.171606 0.6062196 1.207068 0.6046022 1.207373 0.6106754 1.225013 0.6098514 1.228523 0.9748527 0.8841212 0.9188207 0.8841212 0.9748527 0.8281198 0.9188207 0.8281198 0.9468368 0.8032166 0.9748527 0.9036226 0.9188207 0.959624 0.9188207 0.9036226 0.9748527 0.959624 0.9468368 0.9845271 0.9854427 0.8825343 0.9748527 0.8841212 0.9791253 0.8217719 0.9748527 0.8281198 0.9188207 0.8841212 0.9079867 0.8825037 0.9188207 0.8281198 0.9148533 0.8216498 0.9148533 0.8216498 0.9467452 0.797296 0.9188207 0.8281198 0.9791253 0.8217719 0.9468368 0.8032166 0.9748527 0.8281198 0.1752068 0.0875271 0.1685232 0.0875271 0.1752068 0.01681572 0.1618091 0.0875271 0.1685232 0.01681572 0.1550951 0.0875271 0.1618091 0.01681572 0.1484115 0.0875271 0.1550951 0.01681572 0.1416974 0.0875271 0.1484115 0.01681572 0.1349834 0.0875271 0.1416974 0.01681572 0.1349834 0.01681572 0.1752068 0.0875271 0.1685232 0.0875271 0.1752068 0.01681572 0.1618091 0.0875271 0.1685232 0.01681572 0.1550951 0.0875271 0.1618091 0.01681572 0.1484115 0.0875271 0.1550951 0.01681572 0.1416974 0.0875271 0.1484115 0.01681572 0.1349834 0.0875271 0.1416974 0.01681572 0.1349834 0.01681572 0.6538591 1.15067 0.6541948 1.154485 0.6098514 1.15067 0.6563005 1.154485 0.6541948 1.154485 0.6106754 1.154485 0.6106754 1.225013 0.6563005 1.225013 0.6062196 1.171789 0.6062196 1.207312 0.7018952 1.225013 0.7018952 1.154485 0.6569414 1.225013 0.6569414 1.154485 0.7020172 1.228523 0.6579486 1.228523 0.7033601 1.225013 0.6564531 1.225013 0.6541948 1.154485 0.6541948 1.225013 0.6106754 1.225013 0.6106754 1.154485 0.6563005 1.154485 0.6062196 1.171789 0.6062196 1.207312 0.7033601 1.154485 0.7033601 1.225013 0.6564531 1.225013 0.6564531 1.154485 0.6541948 1.225013 0.6576129 1.228523 0.6106754 1.225013 0.6098514 1.228523 0.7033601 1.154485 0.6579791 1.150823 0.7020478 1.150823 0.6564531 1.154485 0.6106754 1.225013 0.6098514 1.228523 0.6046022 1.207709 0.6576739 1.228523 0.6098514 1.228523 0.6106754 1.225013 0.6541948 1.225013 0.6563921 1.225013 0.6541948 1.154485 0.6106754 1.154485 0.6106754 1.225013 0.6062196 1.207068 0.6062196 1.17185 0.6541948 1.225013 0.6106754 1.225013 0.6106754 1.154485 0.6541948 1.154485 0.6062196 1.207068 0.6062196 1.17185 0.6541948 1.154485 0.6106754 1.154485 0.6539201 1.150823 0.6098514 1.150823 0.6106754 1.154485 0.6062196 1.17185 0.6098514 1.150823 0.6046022 1.207373 0.6106754 1.225013 0.6098514 1.228523 0.9748527 0.9036226 0.9188207 0.959624 0.9188207 0.9036226 0.9748527 0.959624 0.9468368 0.9845271 0.9854427 0.8825343 0.9748527 0.8841212 0.9791253 0.8217719 0.9748527 0.8281198 0.9748527 0.8841212 0.9188207 0.8841212 0.9748527 0.8281198 0.9188207 0.8281198 0.9468368 0.8032166 0.9188207 0.8841212 0.9079867 0.8825037 0.9188207 0.8281198 0.9148533 0.8216498 0.9188207 0.8281198 0.9148533 0.8216498 0.9468368 0.8032166 0.9791253 0.8217719 0.9748527 0.8281198 0.1685232 0.0875271 0.1618091 0.0875271 0.1618091 0.01681572 0.1550951 0.0875271 0.1484115 0.0875271 0.1484115 0.01681572 0.1416974 0.0875271 0.1484115 0.01681572 0.1416974 0.0875271 0.1416974 0.01681572 0.1484115 0.0875271 0.1550951 0.0875271 0.1349834 0.0875271 0.1349834 0.01681572 0.1618091 0.01681572 0.1618091 0.0875271 0.1685232 0.0875271 0.1752068 0.01681572 0.1752068 0.0875271 0.6538591 1.15067 0.6541948 1.154485 0.6098514 1.15067 0.6541948 1.154485 0.6106754 1.154485 0.6106754 1.225013 0.6563005 1.225013 0.6062196 1.171789 0.6062196 1.207312 0.7018952 1.225013 0.7018952 1.154485 0.6569414 1.225013 0.6569414 1.154485 0.7020172 1.228523 0.6579486 1.228523 0.7033601 1.225013 0.6564531 1.225013 0.7033601 1.225013 0.6564531 1.225013 0.7033601 1.154485 0.6564531 1.154485 0.6541948 1.154485 0.6541948 1.225013 0.6106754 1.225013 0.6106754 1.154485 0.6062196 1.171789 0.6062196 1.207312 0.6541948 1.225013 0.6576129 1.228523 0.6106754 1.225013 0.6098514 1.228523 0.7033601 1.154485 0.6579791 1.150823 0.7020478 1.150823 0.6564531 1.154485 0.6106754 1.225013 0.6098514 1.228523 0.6046022 1.207709 0.6576739 1.228523 0.6106754 1.225013 0.6541948 1.225013 0.6563921 1.225013 0.6541948 1.154485 0.6106754 1.154485 0.6106754 1.225013 0.6062196 1.207068 0.6062196 1.17185 0.6541948 1.225013 0.6106754 1.225013 0.6106754 1.154485 0.6541948 1.154485 0.6062196 1.207068 0.6062196 1.17185 0.6541948 1.154485 0.6106754 1.154485 0.6539201 1.150823 0.6098514 1.150823 0.6106754 1.154485 0.6062196 1.17185 0.6098514 1.150823 0.9748527 0.9036226 0.9188207 0.959624 0.9188207 0.9036226 0.9748527 0.959624 0.9468368 0.9845271 0.9854427 0.8825343 0.9748527 0.8841212 0.9791253 0.8217719 0.9748527 0.8281198 0.9748527 0.8841212 0.9188207 0.8841212 0.9748527 0.8281198 0.9188207 0.8281198 0.9468368 0.8032166 0.9188207 0.8841212 0.9079867 0.8825037 0.9188207 0.8281198 0.9148533 0.8216498 0.9188207 0.8281198 0.9148533 0.8216498 0.9468368 0.8032166 0.9791253 0.8217719 0.9748527 0.8281198 0.1685232 0.0875271 0.1618091 0.0875271 0.1618091 0.01681572 0.1550951 0.0875271 0.1484115 0.0875271 0.1484115 0.01681572 0.1416974 0.0875271 0.1484115 0.01681572 0.1416974 0.0875271 0.1416974 0.01681572 0.1484115 0.0875271 0.1550951 0.0875271 0.1349834 0.0875271 0.1349834 0.01681572 0.1618091 0.01681572 0.1618091 0.0875271 0.1685232 0.0875271 0.1752068 0.01681572 0.1752068 0.0875271</float_array>
          <technique_common>
            <accessor source="#wire_clasp__OBJFrameSteelSet-texcoord-array" count="374" stride="2">
              <param name="S" type="float" />
              <param name="T" type="float" />
            </accessor>
          </technique_common>
        </source>
        <source id="wire_clasp__OBJFrameSteelSet-texcoord_1">
          <float_array id="wire_clasp__OBJFrameSteelSet-texcoord-array_1" count="748">0.2959793 0.78851 0.2816815 0.7997711 0.2816815 0.6234989 0.2959793 0.6228886 0.2959793 0.4572518 0.2816815 0.4472266 0.3051957 0.7644312 0.5699245 0.5954528 0.5699245 0.764416 0.3051957 0.5954528 0.5699245 0.4264897 0.3051957 0.4264897 0.003967346 0.7884184 0.01693751 0.6234989 0.01693751 0.7997711 0.003967346 0.622797 0.003967346 0.4571756 0.01693751 0.4472266 0.01693751 0.7997711 0.01693751 0.6234989 0.2816815 0.7997711 0.01693751 0.4472266 0.2816815 0.6234989 0.2816815 0.4472266 0.5050431 0.003921568 0.5715114 0.03753722 0.3715267 0.003921568 0.3064469 0.3774319 0.3051957 0.03759825 0.5711757 0.3774472 0.3064317 0.4006867 0.5711757 0.4007019 0.5711757 0.4172427 0.3064317 0.4172274 0.08307011 0.02049285 0.2165866 0.02049285 0.01660182 0.0541085 0.2829175 0.05416954 0.2816663 0.3940032 0.01693751 0.3940185 0.01693751 0.4172732 0.2816815 0.417258 0.01695277 0.433814 0.2816815 0.4337987 0.2959793 0.4436256 0.2816815 0.4337987 0.2959793 0.4154116 0.2816815 0.417258 0.2816663 0.3940032 0.2959793 0.386862 0.2829175 0.05416954 0.2959793 0.04654002 0.003967346 0.4435645 0.003967346 0.4154269 0.01695277 0.433814 0.01693751 0.3940185 0.01693751 0.4172732 0.003967346 0.3866636 0.01660182 0.0541085 0.003967346 0.04649425 0.01660182 0.0541085 0.003967346 0.04649425 0.08307011 0.02049285 0.08155947 0.005325377 0.2165866 0.02049285 0.219089 0.005477965 0.2959793 0.04654002 0.2829175 0.05416954 0.7815518 0.7917754 0.6491951 0.7917907 0.8477302 0.7583123 0.5830014 0.7583276 0.5829557 0.4545357 0.8476844 0.4545205 0.5829404 0.4312657 0.8476844 0.4312505 0.5829404 0.4147402 0.8476844 0.4147249 0.7944152 0.3921874 0.6620432 0.3921721 0.5958648 0.3587091 0.8606088 0.3587244 0.8606546 0.05493248 0.5959106 0.05491722 0.8606546 0.03166246 0.5959259 0.03164721 0.5959259 0.0151217 0.8606546 0.01513696 0.8606546 0.03166246 0.8606546 0.01513696 0.8749523 0.03373772 0.8606546 0.05493248 0.8749523 0.005523741 0.8749523 0.06247044 0.8606088 0.3587244 0.8749523 0.3649347 0.5829404 0.00541693 0.5959259 0.0151217 0.5829404 0.03358513 0.5959259 0.03164721 0.5959106 0.05491722 0.5829404 0.06237888 0.5958648 0.3587091 0.5829404 0.3649347 0.5958648 0.3587091 0.6620432 0.3921721 0.5829404 0.3649347 0.6610513 0.4044099 0.7944152 0.3921874 0.7954834 0.4043641 0.8606088 0.3587244 0.8749523 0.3649347 0.9960327 0.7170215 0.9960327 0.9244373 0.8923171 0.7170215 0.8923171 0.9244373 0.8462349 0.8207217 0.3051957 0.7758908 0.4089113 0.9833066 0.3051957 0.9833066 0.408896 0.7758908 0.4549935 0.879591 0.9930724 0.6777753 0.9960327 0.7170215 0.8805829 0.7011826 0.8923171 0.7170215 0.9960327 0.9244373 0.9930266 0.9646601 0.8923171 0.9244373 0.8803845 0.9391317 0.8803845 0.9391317 0.8352636 0.821088 0.8923171 0.9244373 0.8805829 0.7011826 0.8462349 0.8207217 0.8923171 0.7170215 0.2080262 0.003967345 0.2080262 0.07985044 0.1100633 0.003967345 0.2080262 0.1557336 0.1100633 0.07985044 0.2080262 0.2316167 0.1100633 0.1557336 0.2080262 0.3074998 0.1100633 0.2316167 0.2080262 0.3833829 0.1100633 0.3074998 0.2080262 0.4592661 0.1100633 0.3833829 0.1100633 0.4592661 0.1016861 0.003967345 0.1016861 0.07985044 0.003723201 0.003967345 0.1016861 0.1557336 0.003723201 0.07985044 0.1016861 0.2316167 0.003723201 0.1557336 0.1016861 0.3074998 0.003723201 0.2316167 0.1016861 0.3833829 0.003723201 0.3074998 0.1016861 0.4592661 0.003723201 0.3833829 0.003723201 0.4592661 0.2959793 0.4154116 0.2816815 0.417258 0.2959793 0.04654002 0.2816815 0.4337987 0.3064317 0.4006867 0.3051957 0.03759825 0.5715114 0.03753722 0.5711757 0.4172427 0.3715267 0.003921568 0.5050431 0.003921568 0.3051957 0.4264897 0.5699245 0.4264897 0.3051957 0.7644312 0.5699245 0.764416 0.2959793 0.4572518 0.2959793 0.78851 0.2816815 0.4472266 0.2816815 0.7997711 0.2816815 0.417258 0.01693751 0.4172732 0.01660182 0.0541085 0.2829175 0.05416954 0.2816815 0.4337987 0.2165866 0.02049285 0.08307011 0.02049285 0.01693751 0.4472266 0.2816815 0.4472266 0.2816815 0.7997711 0.01693751 0.7997711 0.01693751 0.4172732 0.003967346 0.4435645 0.01660182 0.0541085 0.003967346 0.04649425 0.01693751 0.4472266 0.003967346 0.7884184 0.003967346 0.4571756 0.01693751 0.7997711 0.01660182 0.0541085 0.003967346 0.04649425 0.08155947 0.005325377 0.8749523 0.005523741 0.8749523 0.3649347 0.8606088 0.3587244 0.8606546 0.03166246 0.5829404 0.4147402 0.8476844 0.4312505 0.8477302 0.7583123 0.5830014 0.7583276 0.6491951 0.7917907 0.7815518 0.7917754 0.8606546 0.03166246 0.8606088 0.3587244 0.5958648 0.3587091 0.5959259 0.03164721 0.7944152 0.3921874 0.6620432 0.3921721 0.5959259 0.03164721 0.5958648 0.3587091 0.5829404 0.03358513 0.5829404 0.3649347 0.5958648 0.3587091 0.6620432 0.3921721 0.5829404 0.3649347 0.7954834 0.4043641 0.8606088 0.3587244 0.8749523 0.3649347 0.3051957 0.7758908 0.4089113 0.9833066 0.3051957 0.9833066 0.408896 0.7758908 0.4549935 0.879591 0.9930724 0.6777753 0.9960327 0.7170215 0.8805829 0.7011826 0.8923171 0.7170215 0.9960327 0.7170215 0.9960327 0.9244373 0.8923171 0.7170215 0.8923171 0.9244373 0.8462349 0.8207217 0.9960327 0.9244373 0.9930266 0.9646601 0.8923171 0.9244373 0.8803845 0.9391317 0.8923171 0.9244373 0.8803845 0.9391317 0.8462349 0.8207217 0.8805829 0.7011826 0.8923171 0.7170215 0.2080262 0.07985044 0.2080262 0.1557336 0.1100633 0.1557336 0.2080262 0.2316167 0.2080262 0.3074998 0.1100633 0.3074998 0.2080262 0.3833829 0.003723201 0.3074998 0.1016861 0.3833829 0.003723201 0.3833829 0.1016861 0.3074998 0.1016861 0.2316167 0.1016861 0.4592661 0.003723201 0.4592661 0.003723201 0.1557336 0.1016861 0.1557336 0.1016861 0.07985044 0.003723201 0.003967345 0.1016861 0.003967345 0.2959793 0.4154116 0.2816815 0.417258 0.2959793 0.04654002 0.3064317 0.4006867 0.3051957 0.03759825 0.5715114 0.03753722 0.5711757 0.4172427 0.3715267 0.003921568 0.5050431 0.003921568 0.3051957 0.4264897 0.5699245 0.4264897 0.3051957 0.7644312 0.5699245 0.764416 0.2959793 0.4572518 0.2959793 0.78851 0.2816815 0.4472266 0.2816815 0.7997711 0.2816815 0.4472266 0.2816815 0.7997711 0.01693751 0.4472266 0.01693751 0.7997711 0.2816815 0.417258 0.01693751 0.4172732 0.01660182 0.0541085 0.2829175 0.05416954 0.2165866 0.02049285 0.08307011 0.02049285 0.01693751 0.4172732 0.003967346 0.4435645 0.01660182 0.0541085 0.003967346 0.04649425 0.01693751 0.4472266 0.003967346 0.7884184 0.003967346 0.4571756 0.01693751 0.7997711 0.01660182 0.0541085 0.003967346 0.04649425 0.08155947 0.005325377 0.8749523 0.005523741 0.8606088 0.3587244 0.8606546 0.03166246 0.5829404 0.4147402 0.8476844 0.4312505 0.8477302 0.7583123 0.5830014 0.7583276 0.6491951 0.7917907 0.7815518 0.7917754 0.8606546 0.03166246 0.8606088 0.3587244 0.5958648 0.3587091 0.5959259 0.03164721 0.7944152 0.3921874 0.6620432 0.3921721 0.5959259 0.03164721 0.5958648 0.3587091 0.5829404 0.03358513 0.5829404 0.3649347 0.5958648 0.3587091 0.6620432 0.3921721 0.5829404 0.3649347 0.3051957 0.7758908 0.4089113 0.9833066 0.3051957 0.9833066 0.408896 0.7758908 0.4549935 0.879591 0.9930724 0.6777753 0.9960327 0.7170215 0.8805829 0.7011826 0.8923171 0.7170215 0.9960327 0.7170215 0.9960327 0.9244373 0.8923171 0.7170215 0.8923171 0.9244373 0.8462349 0.8207217 0.9960327 0.9244373 0.9930266 0.9646601 0.8923171 0.9244373 0.8803845 0.9391317 0.8923171 0.9244373 0.8803845 0.9391317 0.8462349 0.8207217 0.8805829 0.7011826 0.8923171 0.7170215 0.2080262 0.07985044 0.2080262 0.1557336 0.1100633 0.1557336 0.2080262 0.2316167 0.2080262 0.3074998 0.1100633 0.3074998 0.2080262 0.3833829 0.003723201 0.3074998 0.1016861 0.3833829 0.003723201 0.3833829 0.1016861 0.3074998 0.1016861 0.2316167 0.1016861 0.4592661 0.003723201 0.4592661 0.003723201 0.1557336 0.1016861 0.1557336 0.1016861 0.07985044 0.003723201 0.003967345 0.1016861 0.003967345</float_array>
          <technique_common>
            <accessor source="#wire_clasp__OBJFrameSteelSet-texcoord-array_1" count="374" stride="2">
              <param name="S" type="float" />
              <param name="T" type="float" />
            </accessor>
          </technique_common>
        </source>
        <vertices id="wire_clasp__OBJFrameSteelSet-vertex">
          <input semantic="POSITION" source="#wire_clasp__OBJFrameSteelSet-position" />
        </vertices>
        <triangles material="OBJFrameSteelSet" count="122">
          <input semantic="VERTEX" source="#wire_clasp__OBJFrameSteelSet-vertex" offset="0" />
          <input semantic="NORMAL" source="#wire_clasp__OBJFrameSteelSet-normal" offset="1" />
          <input semantic="TEXCOORD" source="#wire_clasp__OBJFrameSteelSet-texcoord" offset="2" set="0" />
          <input semantic="TEXCOORD" source="#wire_clasp__OBJFrameSteelSet-texcoord_1" offset="3" set="1" />
          <p>0 0 0 0 1 1 1 1 2 2 2 2 0 0 0 0 2 2 2 2 3 3 3 3 2 2 2 2 4 4 4 4 3 3 3 3 2 2 2 2 5 5 5 5 4 4 4 4 6 6 6 6 7 7 7 7 8 8 8 8 6 6 6 6 9 9 9 9 7 7 7 7 7 7 7 7 9 9 9 9 10 10 10 10 9 9 9 9 11 11 11 11 10 10 10 10 12 12 12 12 13 13 13 13 14 14 14 14 12 12 12 12 15 15 15 15 13 13 13 13 13 13 13 13 15 15 15 15 16 16 16 16 13 13 13 13 16 16 16 16 17 17 17 17 18 18 18 18 19 19 19 19 20 20 20 20 19 19 19 19 21 21 21 21 22 22 22 22 19 19 19 19 22 22 22 22 20 20 20 20 21 21 21 21 23 23 23 23 22 22 22 22 24 24 24 24 25 25 25 25 26 26 26 26 25 25 25 25 27 27 27 27 28 28 28 28 25 25 25 25 29 29 29 29 27 27 27 27 25 25 25 25 28 28 28 28 26 26 26 26 27 27 27 27 29 29 29 29 30 30 30 30 29 29 29 29 31 31 31 31 30 30 30 30 30 30 30 30 32 32 32 32 33 33 33 33 30 30 30 30 31 31 31 31 32 32 32 32 34 34 34 34 35 35 35 35 36 36 36 36 35 35 35 35 37 37 37 37 36 36 36 36 36 36 36 36 38 38 38 38 39 39 39 39 36 36 36 36 37 37 37 37 38 38 38 38 38 38 38 38 40 40 40 40 39 39 39 39 38 38 38 38 41 41 41 41 40 40 40 40 40 40 40 40 41 41 41 41 42 42 42 42 41 41 41 41 43 43 43 43 42 42 42 42 44 44 44 44 45 45 45 45 46 46 46 46 45 45 45 45 47 47 47 47 46 46 46 46 46 46 46 46 47 47 47 47 48 48 48 48 46 46 46 46 48 48 48 48 49 49 49 49 48 48 48 48 50 50 50 50 49 49 49 49 49 49 49 49 50 50 50 50 51 51 51 51 52 52 52 52 53 53 53 53 54 54 54 54 53 53 53 53 55 55 55 55 56 56 56 56 53 53 53 53 57 57 57 57 55 55 55 55 53 53 53 53 56 56 56 56 54 54 54 54 55 55 55 55 57 57 57 57 58 58 58 58 57 57 57 57 59 59 59 59 58 58 58 58 60 60 60 60 61 61 61 61 62 62 62 62 61 61 61 61 63 63 63 63 62 62 62 62 62 62 62 62 63 63 63 63 64 64 64 64 63 63 63 63 65 65 65 65 64 64 64 64 64 64 64 64 66 66 66 66 67 67 67 67 64 64 64 64 65 65 65 65 66 66 66 66 68 68 68 68 69 69 69 69 70 70 70 70 69 69 69 69 71 71 71 71 70 70 70 70 70 70 70 70 72 72 72 72 73 73 73 73 70 70 70 70 71 71 71 71 72 72 72 72 72 72 72 72 74 74 74 74 73 73 73 73 73 73 73 73 74 74 74 74 75 75 75 75 74 74 74 74 76 76 76 76 77 77 77 77 74 74 74 74 77 77 77 77 75 75 75 75 78 78 78 78 79 79 79 79 80 80 80 80 78 78 78 78 80 80 80 80 81 81 81 81 80 80 80 80 82 82 82 82 81 81 81 81 80 80 80 80 83 83 83 83 82 82 82 82 82 82 82 82 83 83 83 83 84 84 84 84 83 83 83 83 85 85 85 85 84 84 84 84 84 84 84 84 85 85 85 85 86 86 86 86 84 84 84 84 86 86 86 86 87 87 87 87 88 88 88 88 89 89 89 89 90 90 90 90 88 88 88 88 90 90 90 90 91 91 91 91 89 89 89 89 92 92 92 92 90 90 90 90 90 90 90 90 93 93 93 93 91 91 91 91 91 91 91 91 93 93 93 93 94 94 94 94 93 93 93 93 95 95 95 95 94 94 94 94 96 96 96 96 97 97 97 97 98 98 98 98 97 97 97 97 99 99 99 99 98 98 98 98 98 98 98 98 100 100 100 100 101 101 101 101 98 98 98 98 99 99 99 99 100 100 100 100 100 100 100 100 102 102 102 102 101 101 101 101 101 101 101 101 102 102 102 102 103 103 103 103 104 104 104 104 105 105 105 105 106 106 106 106 105 105 105 105 107 107 107 107 106 106 106 106 105 105 105 105 108 108 108 108 107 107 107 107 107 107 107 107 108 108 108 108 109 109 109 109 108 108 108 108 110 110 110 110 111 111 111 111 108 108 108 108 111 111 111 111 109 109 109 109 112 112 112 112 113 113 113 113 114 114 114 114 113 113 113 113 115 115 115 115 114 114 114 114 114 114 114 114 115 115 115 115 116 116 116 116 117 117 117 117 118 118 118 118 119 119 119 119 117 117 117 117 120 120 120 120 118 118 118 118 118 118 118 118 120 120 120 120 121 121 121 121 122 122 122 122 123 123 123 123 124 124 124 124 123 123 123 123 125 125 125 125 124 124 124 124 126 126 126 126 127 127 127 127 128 128 128 128 127 127 127 127 129 129 129 129 128 128 128 128 130 130 130 130 131 131 131 131 132 132 132 132 131 131 131 131 133 133 133 133 134 134 134 134 131 131 131 131 134 134 134 134 132 132 132 132 133 133 133 133 135 135 135 135 134 134 134 134 136 136 136 136 137 137 137 137 138 138 138 138 137 137 137 137 139 139 139 139 140 140 140 140 137 137 137 137 140 140 140 140 138 138 138 138 139 139 139 139 141 141 141 141 142 142 142 142 139 139 139 139 142 142 142 142 140 140 140 140 141 141 141 141 143 143 143 143 144 144 144 144 141 141 141 141 144 144 144 144 142 142 142 142 143 143 143 143 145 145 145 145 146 146 146 146 143 143 143 143 146 146 146 146 144 144 144 144 145 145 145 145 147 147 147 147 148 148 148 148 145 145 145 145 148 148 148 148 146 146 146 146 147 147 147 147 149 149 149 149 148 148 148 148 150 150 150 150 151 151 151 151 152 152 152 152 151 151 151 151 153 153 153 153 154 154 154 154 151 151 151 151 154 154 154 154 152 152 152 152 153 153 153 153 155 155 155 155 156 156 156 156 153 153 153 153 156 156 156 156 154 154 154 154 155 155 155 155 157 157 157 157 158 158 158 158 155 155 155 155 158 158 158 158 156 156 156 156 157 157 157 157 159 159 159 159 160 160 160 160 157 157 157 157 160 160 160 160 158 158 158 158 159 159 159 159 161 161 161 161 162 162 162 162 159 159 159 159 162 162 162 162 160 160 160 160 161 161 161 161 163 163 163 163 162 162 162 162 </p>
        </triangles>
      </mesh>
    </geometry>
    <geometry id="wire_set1__OBJFrameSteelSet-mesh" name="wire_set1__OBJFrameSteelSet">
      <mesh>
        <source id="wire_set1__OBJFrameSteelSet-position">
          <float_array id="wire_set1__OBJFrameSteelSet-position-array" count="9564">-217.3853 125.8693 -33.33575 -218.3189 127.6389 -33.36932 -219.0622 125.8681 -32.72736 -218.7561 131.2923 -33.30121 -218.6949 127.6387 -33.23291 -218.3001 131.2926 -33.46661 -218.6248 127.629 -33.62656 -218.7504 125.8249 -34.48325 -218.6713 131.2805 -33.77875 -218.3001 131.2926 -33.46661 -218.3189 127.6389 -33.36932 -217.3853 125.8693 -33.33575 -219.0622 125.8681 -32.72736 -218.7504 125.8249 -34.48325 -218.421 124.9141 -33.45328 -217.3853 125.8693 -33.33575 -218.7396 131.3719 -32.19391 -218.0172 130.3986 -33.0155 -218.037 132.3153 -33.06628 -217.3145 131.3418 -33.88797 -218.368 131.3076 -34.7735 -219.0708 130.3643 -33.90118 -219.0904 132.281 -33.95184 -219.7931 131.3376 -33.07947 -219.7931 131.3376 -33.07947 -219.0708 130.3643 -33.90118 -218.7396 131.3719 -32.19391 -218.0172 130.3986 -33.0155 -219.7931 131.3376 -33.07947 -218.7396 131.3719 -32.19391 -218.037 132.3153 -33.06628 -219.0904 132.281 -33.95184 -217.3145 131.3418 -33.88797 -218.368 131.3076 -34.7735 -219.0708 130.3643 -33.90118 -218.368 131.3076 -34.7735 -218.0172 130.3986 -33.0155 -217.3145 131.3418 -33.88797 90.22293 247.9035 183.7061 89.29407 249.6753 183.7527 88.6059 247.9067 184.4593 88.87283 253.3297 183.8553 88.93152 249.6761 183.9216 89.31256 253.3289 183.6505 88.96661 249.6659 183.5234 88.7623 247.8615 182.6828 88.91534 253.3174 183.3722 89.31256 253.3289 183.6505 89.29407 249.6753 183.7527 90.22293 247.9035 183.7061 88.6059 247.9067 184.4593 88.7623 247.8615 182.6828 89.17871 246.9506 183.6808 90.22293 247.9035 183.7061 88.98666 253.4102 184.9568 89.63193 252.4346 184.0759 89.61215 254.3513 184.0252 90.25748 253.3755 183.1442 89.13025 253.343 182.3546 88.50455 252.4021 183.2862 88.48492 254.3188 183.2355 87.85944 253.3777 184.1672 88.50455 252.4021 183.2862 89.63193 252.4346 184.0759 87.85944 253.3777 184.1672 88.98666 253.4102 184.9568 87.85944 253.3777 184.1672 88.98666 253.4102 184.9568 89.61215 254.3513 184.0252 88.48492 254.3188 183.2355 90.25748 253.3755 183.1442 89.13025 253.343 182.3546 88.50455 252.4021 183.2862 89.13025 253.343 182.3546 89.63193 252.4346 184.0759 90.25748 253.3755 183.1442 285.3105 276.0729 321.1114 284.3816 277.8448 321.1581 283.6934 276.0762 321.8646 283.9604 281.4992 321.2606 284.0191 277.8456 321.327 284.4001 281.4983 321.0558 284.0543 277.8353 320.9287 283.8499 276.0308 320.0881 284.003 281.4868 320.7775 284.4001 281.4983 321.0558 284.3816 277.8448 321.1581 285.3105 276.0729 321.1114 283.6934 276.0762 321.8646 283.8499 276.0308 320.0881 284.2663 275.1201 321.0861 285.3105 276.0729 321.1114 284.0741 281.5797 322.3621 284.7195 280.6039 321.4813 284.6997 282.5207 321.4305 285.345 281.5448 320.5496 284.2179 281.5124 319.7599 283.5922 280.5715 320.6915 283.5725 282.4883 320.6408 282.947 281.5472 321.5724 282.947 281.5472 321.5724 283.5922 280.5715 320.6915 284.0741 281.5797 322.3621 284.7195 280.6039 321.4813 282.947 281.5472 321.5724 284.0741 281.5797 322.3621 284.6997 282.5207 321.4305 283.5725 282.4883 320.6408 285.345 281.5448 320.5496 284.2179 281.5124 319.7599 283.5922 280.5715 320.6915 284.2179 281.5124 319.7599 284.7195 280.6039 321.4813 285.345 281.5448 320.5496 -55.2807 243.8941 82.10352 -64.75998 234.3333 75.43652 -55.60318 244.4313 81.80811 -77.64253 222.3245 66.16395 -77.92975 222.8942 65.89393 -65.06822 234.8843 75.15119 -65.28555 234.6443 75.76379 -55.81189 244.1997 82.42683 -91.47282 210.5822 56.09844 -91.73958 211.1684 55.84325 -91.97676 210.9115 56.44144 -78.15794 222.6445 66.4986 -77.64253 222.3245 66.16395 -64.75998 234.3333 75.43652 -55.2807 243.8941 82.10352 -106.9551 198.6334 44.83006 -107.2043 199.2326 44.58759 -107.4479 198.971 45.18116 -106.9551 198.6334 44.83006 -91.47282 210.5822 56.09844 -124.7943 186.0045 31.94845 -125.0298 186.6132 31.71581 -125.2771 186.349 32.30669 -124.7943 186.0045 31.94845 -145.6958 172.2217 17.04284 -145.9214 172.8367 16.81722 -146.1704 172.5715 17.40694 -145.6958 172.2217 17.04284 -170.3657 156.8105 -0.2979813 -170.5838 157.4301 -0.518364 -170.8338 157.1643 0.07065582 -170.3657 156.8105 -0.2979813 -193.0279 143.4649 -16.03278 -193.2237 144.0971 -16.23769 -193.4828 143.8261 -15.65498 -193.0279 143.4649 -16.03278 -218.4635 130.6792 -33.65385 -218.6169 131.3316 -33.82941 -218.894 131.052 -33.25928 -218.4635 130.6792 -33.65385 -245.5857 119.865 -52.44334 -245.7075 120.5295 -52.59702 -245.9982 120.2447 -52.03627 -245.5857 119.865 -52.44334 -272.5585 110.2196 -71.12941 -272.6689 110.8879 -71.27518 -272.9645 110.6014 -70.71783 -272.5585 110.2196 -71.12941 -295.1862 103.0597 -86.80534 -295.2852 103.7314 -86.94322 -295.5857 103.4435 -86.38924 -295.1862 103.0597 -86.80534 -319.0605 96.14597 -103.3449 -319.2003 96.80389 -103.5111 -319.4833 96.52191 -102.945 -319.0605 96.14597 -103.3449 123.7812 256.0359 207.7704 123.4314 256.4339 208.2168 88.93135 253.4015 183.9154 89.2765 253.0032 183.4658 164.7585 260.6342 236.635 123.7762 256.7242 207.6907 89.27959 253.692 183.3917 164.4006 261.0314 237.0756 36.26897 249.7681 146.8175 36.60946 249.3695 146.3646 200.3144 266.3166 262.3782 200.6786 265.9203 261.942 123.7812 256.0359 207.7704 89.2765 253.0032 183.4658 164.7394 261.3211 236.5453 36.62072 250.0588 146.2962 36.60946 249.3695 146.3646 200.6488 266.6057 261.8448 -6.689682 247.468 116.5504 -6.351727 247.0692 116.0957 240.8158 273.2769 290.9145 241.1455 273.5653 290.3777 241.1864 272.8816 290.4828 164.7585 260.6342 236.635 200.6786 265.9203 261.942 -6.336021 247.7588 116.0304 -6.351727 247.0692 116.0957 241.1864 272.8816 290.4828 -53.87672 245.3965 83.29856 -53.52823 244.9984 82.85126 283.953 281.3448 321.2951 284.279 281.6325 320.7557 284.3286 280.9504 320.8669 -53.53086 245.6868 82.77311 -53.52823 244.9984 82.85126 284.3286 280.9504 320.8669 317.8273 288.251 345.1407 318.1501 288.5381 344.5991 318.207 287.8574 344.7154 318.207 287.8574 344.7154 353.4428 296.2422 370.2011 353.7617 296.5284 369.6567 353.8276 295.8496 369.7793 353.8276 295.8496 369.7793 385.2731 304.0384 392.5924 385.588 304.3237 392.0453 385.6631 303.6471 392.1743 385.6631 303.6471 392.1743 414.2441 311.6753 412.9731 414.5557 311.9598 412.4235 414.6387 311.2852 412.5581 414.6387 311.2852 412.5581 441.2817 319.1886 432.0014 441.5907 319.4724 431.45 441.6799 318.7994 431.589 441.6799 318.7994 431.589 467.3117 326.6137 450.3356 467.6197 326.8972 449.7835 467.7119 326.2251 449.9246 467.7119 326.2251 449.9246 87.14633 368.6701 -387.3313 87.42502 370.5162 -386.611 88.4245 368.8316 -386.0975 87.47351 374.1948 -386.5183 87.71158 370.5524 -386.3344 87.12598 374.1509 -386.8539 87.32809 370.5294 -386.2233 86.71396 368.7292 -385.6016 87.00839 374.1669 -386.3835 87.12598 374.1509 -386.8539 87.42502 370.5162 -386.611 87.14633 368.6701 -387.3313 88.4245 368.8316 -386.0975 86.71396 368.7292 -385.6016 87.5459 367.8107 -386.2822 87.14633 368.6701 -387.3313 88.45633 374.2922 -387.0257 87.4574 373.243 -387.2397 87.31369 375.1524 -387.3406 86.31479 374.1032 -387.5546 85.98111 374.1488 -386.2197 87.12369 373.2886 -385.9047 86.98007 375.198 -386.0058 88.12268 374.3378 -385.6909 88.12268 374.3378 -385.6909 87.12369 373.2886 -385.9047 88.45633 374.2922 -387.0257 87.4574 373.243 -387.2397 88.12268 374.3378 -385.6909 88.45633 374.2922 -387.0257 87.31369 375.1524 -387.3406 86.98007 375.198 -386.0058 86.31479 374.1032 -387.5546 85.98111 374.1488 -386.2197 87.12369 373.2886 -385.9047 85.98111 374.1488 -386.2197 87.4574 373.243 -387.2397 86.31479 374.1032 -387.5546 -103.6827 221.5066 247.1488 -104.0461 223.2842 246.3047 -104.9558 221.521 245.8993 -104.2767 226.9413 245.965 -104.3316 223.2875 246.0245 -103.9305 226.9374 246.3048 -103.9464 223.2764 245.9175 -103.2377 221.4718 245.4217 -103.8094 226.9279 245.8351 -103.9305 226.9374 246.3048 -104.0461 223.2842 246.3047 -103.6827 221.5066 247.1488 -104.9558 221.521 245.8993 -103.2377 221.4718 245.4217 -104.0292 220.5601 246.1573 -103.6827 221.5066 247.1488 -105.2678 227.0229 246.4588 -104.22 226.0418 246.7487 -104.1724 227.9586 246.7222 -103.1246 226.9774 247.0121 -102.7811 226.9505 245.6792 -103.8765 226.015 245.4157 -103.829 227.9317 245.3894 -104.9243 226.996 245.126 -104.9243 226.996 245.126 -103.8765 226.015 245.4157 -105.2678 227.0229 246.4588 -104.22 226.0418 246.7487 -104.9243 226.996 245.126 -105.2678 227.0229 246.4588 -104.1724 227.9586 246.7222 -103.829 227.9317 245.3894 -103.1246 226.9774 247.0121 -102.7811 226.9505 245.6792 -103.8765 226.015 245.4157 -102.7811 226.9505 245.6792 -104.22 226.0418 246.7487 -103.1246 226.9774 247.0121 -133.2231 216.1023 341.9045 -133.0504 216.7622 342.0251 -118.7138 221.7819 294.4969 -118.8848 221.1226 294.3702 -132.5818 216.2595 342.1142 -118.244 221.2797 294.5814 -103.594 226.8615 246.0137 -104.066 227.3628 245.9365 -104.2341 226.7047 245.8004 -133.2231 216.1023 341.9045 -118.8848 221.1226 294.3702 -104.2341 226.7047 245.8004 -90.25635 232.6272 201.7969 -90.73093 233.1274 201.728 -90.89568 232.4708 201.5808 -90.89568 232.4708 201.5808 -78.21111 238.5604 161.8645 -78.68803 239.0593 161.8035 -78.84973 238.4043 161.646 -78.84973 238.4043 161.646 -65.19724 245.724 118.7209 -65.67659 246.2216 118.6678 -65.8351 245.5684 118.4999 -65.8351 245.5684 118.4999 -54.29471 252.3709 82.5769 -54.77637 252.8669 82.53156 -54.93185 252.2158 82.35352 -54.93185 252.2158 82.35352 -35.4975 264.7314 20.26038 -35.98134 265.226 20.22223 -36.13394 264.5767 20.03473 -36.13394 264.5767 20.03473 -18.4285 277.0692 -36.32666 -18.91438 277.5621 -36.35806 -19.06435 276.9149 -36.55444 -19.06435 276.9149 -36.55444 -3.199829 288.8582 -86.81277 -3.686996 289.35 -86.83984 -3.83522 288.7042 -87.04199 -3.83522 288.7042 -87.04199 10.5424 299.8393 -132.3525 10.05416 300.3303 -132.3761 9.90741 299.6857 -132.5831 9.90741 299.6857 -132.5831 26.9275 313.8906 -186.5775 26.43781 314.3804 -186.5963 26.293 313.7374 -186.8096 26.293 313.7374 -186.8096 42.82925 328.1295 -239.1768 42.33605 328.616 -239.184 42.19588 327.9773 -239.4126 42.19588 327.9773 -239.4126 60.23257 345.2866 -296.7376 59.73754 345.7714 -296.7387 59.59975 345.1349 -296.9753 59.59975 345.1349 -296.9753 74.32125 359.8401 -343.3465 73.82447 360.3231 -343.3418 73.68896 359.689 -343.586 73.68896 359.689 -343.586 87.38942 373.8561 -386.5934 86.75774 373.7056 -386.835 86.89053 374.3367 -386.5817 86.75774 373.7056 -386.835 97.67422 385.2167 -420.6409 97.17436 385.6963 -420.6261 97.04282 385.0665 -420.8835 97.04282 385.0665 -420.8835 114.8546 404.8849 -477.5472 114.3533 405.3627 -477.5276 114.2236 404.7352 -477.7912 114.2236 404.7352 -477.7912 133.2748 426.7269 -538.5982 132.7796 427.2115 -538.599 132.642 426.5752 -538.836 132.642 426.5752 -538.836 -400.0609 304.6272 -247.6846 -399.2778 306.4185 -247.2576 -398.3086 304.643 -247.3502 -398.8754 310.7215 -247.2656 -398.8849 306.4221 -247.1826 -399.3519 310.7171 -247.3565 -399.1464 306.4255 -246.8799 -399.4744 304.6584 -246.0002 -399.1925 310.7256 -246.8984 -399.3519 310.7171 -247.3565 -399.2778 306.4185 -247.2576 -400.0609 304.6272 -247.6846 -398.3086 304.643 -247.3502 -399.4744 304.6584 -246.0002 -399.2297 303.7019 -247.0121 -400.0609 304.6272 -247.6846 -398.3235 310.759 -248.2283 -399.3633 309.8004 -247.8485 -399.3746 311.7175 -247.8802 -400.4144 310.7587 -247.5004 -399.9619 310.7828 -246.2003 -398.9107 309.8245 -246.5486 -398.9219 311.7416 -246.5801 -397.8709 310.7831 -246.9283 -397.8709 310.7831 -246.9283 -398.9107 309.8245 -246.5486 -398.3235 310.759 -248.2283 -399.3633 309.8004 -247.8485 -397.8709 310.7831 -246.9283 -398.3235 310.759 -248.2283 -399.3746 311.7175 -247.8802 -398.9219 311.7416 -246.5801 -400.4144 310.7587 -247.5004 -399.9619 310.7828 -246.2003 -399.9619 310.7828 -246.2003 -400.4144 310.7587 -247.5004 -398.9107 309.8245 -246.5486 -399.3633 309.8004 -247.8485 -430.0608 312.2457 -336.4709 -429.2745 314.0281 -336.0135 -428.2979 312.2638 -336.1979 -428.9919 325.5304 -335.7785 -428.8793 314.0322 -335.9523 -429.4713 325.5255 -335.8528 -429.1299 314.0239 -335.6406 -429.4154 312.2269 -334.8079 -429.2958 325.5204 -335.4005 -429.4713 325.5255 -335.8528 -429.2745 314.0281 -336.0135 -430.0608 312.2457 -336.4709 -428.2979 312.2638 -336.1979 -429.4154 312.2269 -334.8079 -429.2007 311.3055 -335.8585 -430.0608 312.2457 -336.4709 -428.4747 325.6032 -336.7584 -429.4943 324.625 -336.3737 -429.5188 326.542 -336.3424 -430.5385 325.5638 -335.9579 -430.0404 325.5492 -334.6745 -428.9962 324.6104 -335.0903 -429.0207 326.5274 -335.0591 -427.9766 325.5887 -335.4749 -427.9766 325.5887 -335.4749 -428.9962 324.6104 -335.0903 -428.4747 325.6032 -336.7584 -429.4943 324.625 -336.3737 -427.9766 325.5887 -335.4749 -428.4747 325.6032 -336.7584 -429.5188 326.542 -336.3424 -429.0207 326.5274 -335.0591 -430.5385 325.5638 -335.9579 -430.0404 325.5492 -334.6745 -428.9962 324.6104 -335.0903 -430.0404 325.5492 -334.6745 -429.4943 324.625 -336.3737 -430.5385 325.5638 -335.9579 -426.3968 311.7796 -325.6697 -425.6325 313.5693 -325.2038 -424.6473 311.8039 -325.3213 -425.3752 325.4741 -325.1165 -425.2403 313.5748 -325.1256 -425.8509 325.4675 -325.2112 -425.504 313.5705 -324.825 -425.8239 311.7849 -323.9804 -425.6951 325.4689 -324.7519 -425.8509 325.4675 -325.2112 -425.6325 313.5693 -325.2038 -426.3968 311.7796 -325.6697 -424.6473 311.8039 -325.3213 -425.8239 311.7849 -323.9804 -425.5631 310.849 -325.0078 -426.3968 311.7796 -325.6697 -424.8162 325.5339 -326.0739 -425.8507 324.5598 -325.7201 -425.8781 326.477 -325.7168 -426.9127 325.5027 -325.3629 -426.4705 325.5066 -324.0591 -425.4085 324.5638 -324.4163 -425.4359 326.481 -324.413 -424.374 325.5379 -324.7703 -425.4085 324.5638 -324.4163 -425.8507 324.5598 -325.7201 -424.374 325.5379 -324.7703 -424.8162 325.5339 -326.0739 -424.374 325.5379 -324.7703 -424.8162 325.5339 -326.0739 -425.8781 326.477 -325.7168 -425.4359 326.481 -324.413 -426.9127 325.5027 -325.3629 -426.4705 325.5066 -324.0591 -425.4085 324.5638 -324.4163 -426.4705 325.5066 -324.0591 -425.8507 324.5598 -325.7201 -426.9127 325.5027 -325.3629 -375.5758 310.5562 -175.8324 -374.7928 312.3475 -175.4054 -373.8235 310.572 -175.498 -374.4544 327.5488 -175.593 -374.3999 312.3511 -175.3303 -374.9309 327.5444 -175.6839 -374.6613 312.3546 -175.0278 -374.9894 310.5874 -174.148 -374.7715 327.553 -175.2259 -374.9309 327.5444 -175.6839 -374.7928 312.3475 -175.4054 -375.5758 310.5562 -175.8324 -373.8235 310.572 -175.498 -374.9894 310.5874 -174.148 -374.7447 309.6309 -175.1599 -375.5758 310.5562 -175.8324 -373.9025 327.5863 -176.5557 -374.9423 326.6277 -176.176 -374.9536 328.5449 -176.2076 -375.9934 327.586 -175.8278 -375.5408 327.6101 -174.5277 -374.4897 326.6518 -174.876 -374.5009 328.5689 -174.9076 -373.4499 327.6105 -175.2558 -373.4499 327.6105 -175.2558 -374.4897 326.6518 -174.876 -373.9025 327.5863 -176.5557 -374.9423 326.6277 -176.176 -373.4499 327.6105 -175.2558 -373.9025 327.5863 -176.5557 -374.9536 328.5449 -176.2076 -374.5009 328.5689 -174.9076 -375.9934 327.586 -175.8278 -375.5408 327.6101 -174.5277 -375.5408 327.6101 -174.5277 -375.9934 327.586 -175.8278 -374.4897 326.6518 -174.876 -374.9423 326.6277 -176.176 -307.3059 321.2358 25.11102 -306.5472 323.0505 25.47986 -305.5563 321.2845 25.45587 -306.4462 341.5338 24.58966 -306.155 323.0614 25.55719 -306.9219 341.5206 24.49585 -306.4184 323.0723 25.85791 -306.7316 321.3333 26.79712 -306.7657 341.547 24.95428 -306.9219 341.5206 24.49585 -306.5472 323.0505 25.47986 -307.3059 321.2358 25.11102 -305.5563 321.2845 25.45587 -306.7316 321.3333 26.79712 -306.4686 320.3449 25.82089 -307.3059 321.2358 25.11102 -305.8881 341.5443 23.62976 -306.919 340.587 24.03619 -306.9528 342.5015 23.93713 -307.9838 341.5442 24.34366 -307.5406 341.6194 25.64493 -306.4758 340.6621 25.33752 -306.5096 342.5767 25.23843 -305.4448 341.6194 24.93103 -305.4448 341.6194 24.93103 -306.4758 340.6621 25.33752 -305.8881 341.5443 23.62976 -306.919 340.587 24.03619 -305.4448 341.6194 24.93103 -305.8881 341.5443 23.62976 -306.9528 342.5015 23.93713 -306.5096 342.5767 25.23843 -307.9838 341.5442 24.34366 -307.5406 341.6194 25.64493 -307.5406 341.6194 25.64493 -307.9838 341.5442 24.34366 -306.4758 340.6621 25.33752 -306.919 340.587 24.03619 -300.9229 323.2911 43.69751 -300.1631 325.1053 44.06601 -299.1733 323.3387 44.04251 -300.0507 343.5884 43.17197 -299.7709 325.1159 44.1434 -300.5264 343.5754 43.07809 -300.0343 325.1271 44.44412 -300.3486 323.3885 45.38367 -300.3703 343.6019 43.53656 -300.5264 343.5754 43.07809 -300.1631 325.1053 44.06601 -300.9229 323.2911 43.69751 -299.1733 323.3387 44.04251 -300.3486 323.3885 45.38367 -300.0862 322.3996 44.40759 -300.9229 323.2911 43.69751 -299.4925 343.5983 42.2121 -300.5241 342.6417 42.61874 -300.5568 344.5562 42.51929 -301.5883 343.5996 42.9259 -301.1451 343.6748 44.22717 -300.0809 342.7168 43.92001 -300.1135 344.6314 43.82056 -299.0493 343.6734 43.5134 -300.0809 342.7168 43.92001 -300.5241 342.6417 42.61874 -299.0493 343.6734 43.5134 -299.4925 343.5983 42.2121 -299.0493 343.6734 43.5134 -299.4925 343.5983 42.2121 -300.5568 344.5562 42.51929 -300.1135 344.6314 43.82056 -301.5883 343.5996 42.9259 -301.1451 343.6748 44.22717 -301.1451 343.6748 44.22717 -301.5883 343.5996 42.9259 -300.0809 342.7168 43.92001 -300.5241 342.6417 42.61874 -155.4889 401.4207 473.5474 -154.6942 403.2541 473.6563 -153.7429 401.4841 473.9077 -154.2087 413.949 471.5632 -154.3027 403.2684 473.7371 -154.6835 413.9318 471.4652 -154.5695 403.3288 474.0289 -154.9328 401.7541 475.2092 -154.5322 414.0224 471.9171 -154.6835 413.9318 471.4652 -154.6942 403.2541 473.6563 -155.4889 401.4207 473.5474 -153.7429 401.4841 473.9077 -154.9328 401.7541 475.2092 -154.6803 400.6275 474.3932 -155.4889 401.4207 473.5474 -153.639 413.8062 470.6208 -154.6961 412.9407 471.1481 -154.6857 414.8199 470.7678 -155.7426 413.9543 471.2951 -155.3134 414.2116 472.5777 -154.2668 413.198 472.4307 -154.2564 415.0772 472.0503 -153.2098 414.0635 471.9033 -153.2098 414.0635 471.9033 -154.2668 413.198 472.4307 -153.639 413.8062 470.6208 -154.6961 412.9407 471.1481 -153.2098 414.0635 471.9033 -153.639 413.8062 470.6208 -154.6857 414.8199 470.7678 -154.2564 415.0772 472.0503 -155.7426 413.9543 471.2951 -155.3134 414.2116 472.5777 -155.3134 414.2116 472.5777 -155.7426 413.9543 471.2951 -154.2668 413.198 472.4307 -154.6961 412.9407 471.1481 -178.2266 385.8138 406.1799 -177.4606 387.6595 406.287 -176.4805 385.9045 406.5336 -177.1699 399.9303 403.8827 -177.0691 387.6798 406.3664 -177.6447 399.9055 403.7865 -177.3356 387.7359 406.6593 -177.6694 386.1549 407.8398 -177.4932 399.9984 404.2379 -177.6447 399.9055 403.7865 -177.4606 387.6595 406.287 -178.2266 385.8138 406.1799 -176.4805 385.9045 406.5336 -177.6694 386.1549 407.8398 -177.4023 385.0328 407.0222 -178.2266 385.8138 406.1799 -176.6017 399.797 402.938 -177.6428 398.9146 403.4689 -177.6637 400.794 403.0896 -178.7047 399.9115 403.6205 -178.2746 400.1747 404.9016 -177.2127 399.1779 404.75 -177.2336 401.0572 404.3707 -176.1716 400.0603 404.2191 -177.2127 399.1779 404.75 -177.6428 398.9146 403.4689 -176.1716 400.0603 404.2191 -176.6017 399.797 402.938 -176.1716 400.0603 404.2191 -176.6017 399.797 402.938 -177.2336 401.0572 404.3707 -177.6637 400.794 403.0896 -178.7047 399.9115 403.6205 -178.2746 400.1747 404.9016 -177.2127 399.1779 404.75 -178.2746 400.1747 404.9016 -177.6428 398.9146 403.4689 -178.7047 399.9115 403.6205 -181.2213 383.9996 397.5049 -180.4404 385.8351 397.6652 -179.475 384.066 397.8633 -180.0466 398.1662 395.6088 -180.0489 385.85 397.7455 -180.5214 398.148 395.5113 -180.3154 385.9 398.0395 -180.6637 384.2891 399.1745 -180.3698 398.2268 395.9652 -180.5214 398.148 395.5113 -180.4404 385.8351 397.6652 -181.2213 383.9996 397.5049 -179.475 384.066 397.8633 -180.6637 384.2891 399.1745 -180.4045 383.1884 398.326 -181.2213 383.9996 397.5049 -179.4781 398.0551 394.6613 -180.5271 397.1665 395.1658 -180.5321 399.0559 394.8398 -181.5812 398.1673 395.3443 -181.1508 398.3907 396.6328 -180.0968 397.3899 396.4543 -180.1018 399.2794 396.1283 -179.0478 398.2785 395.9498 -180.0968 397.3899 396.4543 -180.5271 397.1665 395.1658 -179.0478 398.2785 395.9498 -179.4781 398.0551 394.6613 -179.0478 398.2785 395.9498 -179.4781 398.0551 394.6613 -180.1018 399.2794 396.1283 -180.5321 399.0559 394.8398 -181.5812 398.1673 395.3443 -181.1508 398.3907 396.6328 -180.0968 397.3899 396.4543 -181.1508 398.3907 396.6328 -180.5271 397.1665 395.1658 -181.5812 398.1673 395.3443 -234.0483 352.1482 240.9799 -233.3006 353.9997 241.1122 -232.2877 352.2514 241.248 -233.4025 369.8978 238.5365 -232.9059 354.0227 241.1723 -233.8813 369.8696 238.4636 -233.1578 354.0652 241.48 -233.4115 352.4405 242.6204 -233.7081 369.9492 238.9096 -233.8813 369.8696 238.4636 -233.3006 353.9997 241.1122 -234.0483 352.1482 240.9799 -232.2877 352.2514 241.248 -233.4115 352.4405 242.6204 -233.1726 351.3507 241.752 -234.0483 352.1482 240.9799 -232.8816 369.8048 237.5603 -233.8834 368.8904 238.1121 -233.9466 370.7811 237.7998 -234.9484 369.8665 238.3516 -234.4569 370.092 239.6177 -233.3919 369.1159 239.3782 -233.4552 371.0067 239.0659 -232.3901 370.0304 238.8264 -232.3901 370.0304 238.8264 -233.3919 369.1159 239.3782 -232.8816 369.8048 237.5603 -233.8834 368.8904 238.1121 -232.3901 370.0304 238.8264 -232.8816 369.8048 237.5603 -233.9466 370.7811 237.7998 -233.4552 371.0067 239.0659 -234.9484 369.8665 238.3516 -234.4569 370.092 239.6177 -233.3919 369.1159 239.3782 -234.4569 370.092 239.6177 -233.8834 368.8904 238.1121 -234.9484 369.8665 238.3516 -133.0028 426.8171 535.0743 -144.5064 419.7776 501.2647 -144.1074 420.2886 501.0208 -132.6033 427.3284 534.8319 -154.5325 413.5568 471.7976 -154.1333 414.068 471.5548 -154.7848 414.2001 471.7488 -144.7591 420.4206 501.2148 -133.2549 427.4604 535.0261 -171.4691 403.1173 422.0206 -171.0687 403.6291 421.7809 -171.7201 403.7614 421.9757 -171.4691 403.1173 422.0206 -154.5325 413.5568 471.7976 -144.5064 419.7776 501.2647 -133.0028 426.8171 535.0743 -177.5667 399.4903 404.0996 -177.1653 400.0027 403.863 -177.8163 400.1351 404.0586 -177.5667 399.4903 404.0996 -180.4141 397.7965 395.731 -180.0122 398.3093 395.4959 -180.6631 398.4418 395.6919 -180.4141 397.7965 395.731 -200.4987 386.3125 336.7019 -200.0948 386.8264 336.4725 -200.7452 386.9592 336.6701 -200.4987 386.3125 336.7019 -216.7948 377.7407 288.8072 -216.3887 378.2557 288.5841 -217.0386 378.3887 288.7834 -216.7948 377.7407 288.8072 -233.8308 369.496 238.738 -233.4224 370.0121 238.5216 -234.0717 370.1453 238.7226 -233.8308 369.496 238.738 -254.2261 360.4783 178.7957 -253.8155 360.9953 178.586 -254.4642 361.1288 178.7886 -254.2261 360.4783 178.7957 -278.7026 350.9561 106.8232 -278.2897 351.4739 106.6199 -278.9379 351.6076 106.8242 -278.7026 350.9561 106.8232 -300.3173 343.186 43.32599 -299.9025 343.7045 43.12848 -300.5502 343.8383 43.33426 -300.3173 343.186 43.32599 -306.6754 341.1575 24.64529 -306.2585 341.6766 24.45395 -306.9056 341.8106 24.66132 -306.6754 341.1575 24.64529 -325.1249 335.7663 -29.58102 -324.7057 336.286 -29.76529 -325.3521 336.4203 -29.55615 -325.1249 335.7663 -29.58102 -342.4996 331.9713 -80.6503 -342.0778 332.4916 -80.82709 -342.7236 332.626 -80.61597 -342.4996 331.9713 -80.6503 -360.1051 329.0327 -132.3985 -359.6782 329.5537 -132.5606 -360.3228 329.6883 -132.3457 -360.1051 329.0327 -132.3985 -374.7308 327.1754 -175.3882 -374.3017 327.6965 -175.5436 -374.9457 327.8311 -175.327 -374.7308 327.1754 -175.3882 -399.2065 325.515 -247.3286 -398.7753 326.0362 -247.4781 -399.4188 326.1708 -247.2599 -399.2065 325.515 -247.3286 -425.6461 325.0809 -325.0399 -425.2131 325.6021 -325.1841 -425.8562 325.7368 -324.9646 -425.6461 325.0809 -325.0399 -429.2717 325.1438 -335.696 -428.8383 325.665 -335.8392 -429.4814 325.7997 -335.6194 -429.2717 325.1438 -335.696 -443.2925 325.387 -376.9048 -442.8577 325.9081 -377.0439 -443.5003 326.0428 -376.8229 -443.2925 325.387 -376.9048 -466.4735 326.552 -445.035 -466.0468 327.0729 -445.1981 -466.6916 327.2076 -444.9833 -466.4735 326.552 -445.035 -132.9857 415.2036 538.0766 -144.566 407.8422 503.8585 -144.1682 408.3516 503.609 -132.5864 415.7141 537.8316 -154.6245 401.1651 474.1373 -154.2272 401.6743 473.8864 -154.8799 401.8063 474.077 -144.8209 408.4837 503.8 -133.2387 415.8464 538.0237 -171.4223 389.8535 424.502 -171.0244 390.363 424.2529 -171.6771 390.4951 424.4441 -171.4223 389.8535 424.502 -154.6245 401.1651 474.1373 -144.566 407.8422 503.8585 -132.9857 415.2036 538.0766 -177.3899 385.8933 406.8688 -176.991 386.4035 406.6225 -177.6434 386.5358 406.8145 -177.3899 385.8933 406.8688 -180.35 383.9294 398.1219 -179.9507 384.4399 397.8771 -180.603 384.5723 398.0694 -180.35 383.9294 398.1219 -200.5799 370.9369 338.3458 -200.1784 371.4486 338.1069 -200.8302 371.5813 338.3009 -200.5799 370.9369 338.3458 -216.8973 361.2409 290.1302 -216.4934 361.7541 289.8987 -217.1445 361.8872 290.0945 -216.8973 361.2409 290.1302 -233.3074 352.2877 241.6406 -232.9008 352.8023 241.4172 -233.5512 352.9358 241.6151 -233.3074 352.2877 241.6406 -254.3638 341.8351 179.4221 -253.9544 342.351 179.207 -254.6041 342.4849 179.4069 -254.3638 341.8351 179.4221 -278.4637 331.5392 108.2184 -278.0515 332.0562 108.0115 -278.7004 332.1903 108.2136 -278.4637 331.5392 108.2184 -300.0735 323.0667 44.35675 -299.6583 323.5848 44.15906 -300.3063 323.7192 44.36377 -300.0735 323.0667 44.35675 -306.3482 321.0286 25.83646 -305.9293 321.5479 25.64944 -306.5763 321.6826 25.85739 -306.3482 321.0286 25.83646 -325.3625 315.7588 -30.21756 -324.9401 316.2788 -30.39401 -325.586 316.4138 -30.18311 -325.3625 315.7588 -30.21756 -342.0117 313.0137 -79.20096 -341.5859 313.5341 -79.36761 -342.2309 313.6693 -79.15399 -342.0117 313.0137 -79.20096 -359.6682 311.2133 -131.1288 -359.2368 311.7342 -131.2791 -359.8804 311.8693 -131.0614 -359.6682 311.2133 -131.1288 -374.6556 310.3304 -175.2108 -374.2221 310.8512 -175.355 -374.8653 310.9864 -175.1358 -374.6556 310.3304 -175.2108 -399.1135 310.3607 -247.1907 -398.6783 310.8815 -247.33 -399.3212 311.0167 -247.1096 -399.1135 310.3607 -247.1907 -425.5552 311.5802 -325.1034 -425.1187 312.1009 -325.2388 -425.7612 312.2361 -325.0177 -425.5552 311.5802 -325.1034 -429.184 311.8374 -335.8075 -428.7473 312.3582 -335.9423 -429.3898 312.4933 -335.7211 -429.184 311.8374 -335.8075 -444.0845 312.8937 -379.7603 -443.6468 313.4143 -379.8923 -444.2892 313.5495 -379.6706 -444.0845 312.8937 -379.7603 -467.3055 315.0334 -448.3401 -466.8755 315.5542 -448.4946 -467.5196 315.6894 -448.2781 -467.3055 315.0334 -448.3401 310.2441 116.4121 -87.88956 309.605 118.3079 -87.84412 308.4829 116.6278 -87.70575 311.1093 132.3818 -85.76129 309.2102 118.3562 -87.80286 311.5883 132.3232 -85.81128 309.3785 118.3852 -88.16452 309.2339 116.7569 -89.31873 311.3136 132.417 -86.19989 311.5883 132.3232 -85.81128 309.605 118.3079 -87.84412 310.2441 116.4121 -87.88956 308.4829 116.6278 -87.70575 309.2339 116.7569 -89.31873 309.1537 115.6773 -88.4093 310.2441 116.4121 -87.88956 310.8466 132.3141 -84.68457 311.6174 131.3427 -85.46368 311.876 133.2232 -85.19284 312.6467 132.2519 -85.97205 311.8671 132.518 -87.07504 310.8376 131.6087 -86.56671 311.0963 133.4893 -86.29587 310.0669 132.5802 -85.78757 310.0669 132.5802 -85.78757 310.8376 131.6087 -86.56671 310.8466 132.3141 -84.68457 311.6174 131.3427 -85.46368 310.0669 132.5802 -85.78757 310.8466 132.3141 -84.68457 311.0963 133.4893 -86.29587 311.876 133.2232 -85.19284 312.6467 132.2519 -85.97205 311.8671 132.518 -87.07504 311.8671 132.518 -87.07504 312.6467 132.2519 -85.97205 310.8376 131.6087 -86.56671 311.6174 131.3427 -85.46368 316.8533 114.2859 -78.4408 316.2233 116.1851 -78.40472 315.0909 114.5108 -78.28073 317.7424 130.0563 -76.33701 315.8281 116.2354 -78.3689 318.2216 129.9952 -76.38049 316.0014 116.2633 -78.72815 315.8641 114.6352 -79.88358 317.9525 130.0902 -76.7728 318.2216 129.9952 -76.38049 316.2233 116.1851 -78.40472 316.8533 114.2859 -78.4408 315.0909 114.5108 -78.28073 315.8641 114.6352 -79.88358 315.7664 113.5566 -78.97473 316.8533 114.2859 -78.4408 317.4648 129.9905 -75.26382 318.2411 129.0149 -76.03214 318.5055 130.8941 -75.7587 319.2817 129.9186 -76.52695 318.5182 130.1881 -77.64053 317.4776 129.2844 -77.14566 317.742 131.1636 -76.87228 316.7013 130.2599 -76.37744 316.7013 130.2599 -76.37744 317.4776 129.2844 -77.14566 317.4648 129.9905 -75.26382 318.2411 129.0149 -76.03214 316.7013 130.2599 -76.37744 317.4648 129.9905 -75.26382 318.5055 130.8941 -75.7587 317.742 131.1636 -76.87228 319.2817 129.9186 -76.52695 318.5182 130.1881 -77.64053 318.5182 130.1881 -77.64053 319.2817 129.9186 -76.52695 317.4776 129.2844 -77.14566 318.2411 129.0149 -76.03214 380.6825 95.91504 13.0181 380.0822 97.82361 12.98273 378.9336 96.17761 13.25089 381.6296 110.0847 14.08728 379.69 97.88251 13.03488 382.1052 110.0132 14.02405 379.8459 97.88843 12.66663 379.6286 96.20419 11.60818 381.8187 110.0919 13.64066 382.1052 110.0132 14.02405 380.0822 97.82361 12.98273 380.6825 95.91504 13.0181 378.9336 96.17761 13.25089 379.6286 96.20419 11.60818 379.5602 95.17682 12.57715 380.6825 95.91504 13.0181 381.4045 110.0802 15.17462 382.1279 109.0524 14.42303 382.4323 110.9388 14.58234 383.1558 109.911 13.83069 382.3422 110.1342 12.74261 381.3145 109.2756 13.33502 381.6188 111.162 13.49423 380.591 110.3033 14.08658 380.591 110.3033 14.08658 381.3145 109.2756 13.33502 381.4045 110.0802 15.17462 382.1279 109.0524 14.42303 380.591 110.3033 14.08658 381.4045 110.0802 15.17462 382.4323 110.9388 14.58234 381.6188 111.162 13.49423 383.1558 109.911 13.83069 382.3422 110.1342 12.74261 381.3145 109.2756 13.33502 382.3422 110.1342 12.74261 382.1279 109.0524 14.42303 383.1558 109.911 13.83069 230.5885 150.2555 -202.472 229.9419 152.1353 -202.2423 228.8253 150.4464 -202.2787 231.2633 165.071 -198.9759 229.5466 152.1782 -202.199 231.7427 165.0192 -199.0285 229.717 152.2434 -202.5548 229.5853 150.7376 -203.8661 231.47 165.1504 -199.4076 231.7427 165.0192 -199.0285 229.9419 152.1353 -202.2423 230.5885 150.2555 -202.472 228.8253 150.4464 -202.2787 229.5853 150.7376 -203.8661 229.5039 149.5728 -203.0691 230.5885 150.2555 -202.472 230.9945 164.8957 -197.913 231.7735 164.0092 -198.78 232.0234 165.8542 -198.3219 232.8024 164.9676 -199.189 232.0283 165.3396 -200.2648 230.9993 164.3812 -199.856 231.2493 166.2262 -199.3978 230.2203 165.2678 -198.9889 230.2203 165.2678 -198.9889 230.9993 164.3812 -199.856 230.9945 164.8957 -197.913 231.7735 164.0092 -198.78 230.2203 165.2678 -198.9889 230.9945 164.8957 -197.913 232.0234 165.8542 -198.3219 231.2493 166.2262 -199.3978 232.8024 164.9676 -199.189 232.0283 165.3396 -200.2648 230.9993 164.3812 -199.856 232.0283 165.3396 -200.2648 231.7735 164.0092 -198.78 232.8024 164.9676 -199.189 163.621 187.5497 -298.5742 162.9233 189.3961 -298.2444 161.8495 187.6876 -298.4153 163.5349 199.1882 -295.0793 162.5262 189.4269 -298.2088 164.0166 199.1506 -295.1225 162.7037 189.5185 -298.5554 162.641 188.0956 -299.9613 163.7501 199.2991 -295.4996 164.0166 199.1506 -295.1225 162.9233 189.3961 -298.2444 163.621 187.5497 -298.5742 161.8495 187.6876 -298.4153 162.641 188.0956 -299.9613 162.5685 186.8813 -299.2408 163.621 187.5497 -298.5742 163.2444 198.9401 -294.0367 164.0659 198.1279 -294.9368 164.2593 199.9455 -294.3581 165.0808 199.1335 -295.2581 164.3245 199.5548 -296.3286 163.3095 198.5493 -296.0073 163.503 200.3669 -295.4285 162.4881 199.3614 -295.1071 163.3095 198.5493 -296.0073 164.0659 198.1279 -294.9368 162.4881 199.3614 -295.1071 163.2444 198.9401 -294.0367 162.4881 199.3614 -295.1071 163.2444 198.9401 -294.0367 164.2593 199.9455 -294.3581 163.503 200.3669 -295.4285 165.0808 199.1335 -295.2581 164.3245 199.5548 -296.3286 163.3095 198.5493 -296.0073 164.3245 199.5548 -296.3286 164.0659 198.1279 -294.9368 165.0808 199.1335 -295.2581 168.739 184.8361 -291.1451 168.0175 186.6812 -290.8635 166.9666 184.9543 -290.9818 168.4904 196.3736 -288.0297 167.6201 186.7077 -290.8269 168.9724 196.3415 -288.0742 167.7948 186.7919 -291.1767 167.7457 185.3299 -292.542 168.7023 196.4757 -288.454 168.9724 196.3415 -288.0742 168.0175 186.6812 -290.8635 168.739 184.8361 -291.1451 166.9666 184.9543 -290.9818 167.7457 185.3299 -292.542 167.6929 184.135 -291.7878 168.739 184.8361 -291.1451 168.2079 196.1507 -286.9794 169.0366 195.325 -287.8603 169.2075 197.1607 -287.3333 170.0362 196.3351 -288.2142 169.2696 196.7161 -289.2924 168.2698 195.7061 -288.9385 168.4409 197.5417 -288.4113 167.4413 196.5318 -288.0575 167.4413 196.5318 -288.0575 168.2698 195.7061 -288.9385 168.2079 196.1507 -286.9794 169.0366 195.325 -287.8603 167.4413 196.5318 -288.0575 168.2079 196.1507 -286.9794 169.2075 197.1607 -287.3333 168.4409 197.5417 -288.4113 170.0362 196.3351 -288.2142 169.2696 196.7161 -289.2924 168.2698 195.7061 -288.9385 169.2696 196.7161 -289.2924 169.0366 195.325 -287.8603 170.0362 196.3351 -288.2142 167.6718 184.701 -291.6282 168.0278 185.2953 -291.6321 181.3633 176.8142 -271.9694 162.5876 187.6813 -298.9277 162.9442 188.2753 -298.9308 167.4507 185.2397 -291.2529 181.7188 177.4089 -271.9741 162.3669 188.2198 -298.5517 196.1906 168.3555 -250.6787 148.534 195.9774 -319.1038 148.8916 196.5707 -319.1054 148.3143 196.5153 -318.7265 167.6718 184.701 -291.6282 181.1416 177.3533 -271.5948 162.5876 187.6813 -298.9277 196.544 168.9514 -250.6864 148.534 195.9774 -319.1038 212.3577 159.4805 -227.4619 132.8576 205.3643 -341.6076 133.203 205.9646 -341.6269 132.6268 205.9085 -341.2463 132.8576 205.3643 -341.6076 181.3633 176.8142 -271.9694 195.9671 168.8957 -250.3069 212.7085 160.0779 -227.4733 229.8716 150.9412 -202.8249 229.5267 150.3406 -202.805 196.1906 168.3555 -250.6787 212.1318 160.0221 -227.0935 229.2953 150.8851 -202.4444 249.4519 141.2519 -174.7048 248.8763 141.1955 -174.3235 249.1132 140.6482 -174.6761 212.3577 159.4805 -227.4619 229.5267 150.3406 -202.805 249.1132 140.6482 -174.6761 271.3228 131.4326 -143.2988 270.7483 131.3757 -142.9159 270.995 130.8238 -143.2544 270.995 130.8238 -143.2544 292.1418 123.356 -113.416 291.8196 122.7448 -113.3634 291.5677 123.2989 -113.0323 291.8196 122.7448 -113.3634 309.5943 116.9135 -88.37073 309.2791 116.2996 -88.30809 309.0211 116.8561 -87.98596 309.2791 116.2996 -88.30809 315.8025 114.0388 -78.94962 316.1158 114.6534 -79.01489 315.5428 114.5959 -78.62988 315.8025 114.0388 -78.94962 331.4357 109.6705 -57.04285 331.1302 109.0533 -56.96619 330.8634 109.6128 -56.65662 331.1302 109.0533 -56.96619 346.2935 105.0544 -35.73672 345.9941 104.4354 -35.65155 345.7218 104.9965 -35.34964 345.9941 104.4354 -35.65155 362.9982 100.5686 -11.79205 362.7047 99.94801 -11.69833 362.4269 100.5105 -11.40414 362.7047 99.94801 -11.69833 379.949 96.35841 12.50284 379.659 95.73695 12.60156 379.3782 96.30025 12.8913 379.659 95.73695 12.60156 397.2494 92.88261 37.29861 396.9698 92.25888 37.41251 396.6795 92.82423 37.68845 396.9698 92.25888 37.41251 413.2174 89.86322 60.1908 412.9398 89.23911 60.3075 412.6476 89.80486 60.58075 412.9398 89.23911 60.3075 432.9323 86.285 88.46948 432.6548 85.66091 88.58621 432.3624 86.22664 88.85928 432.6548 85.66091 88.58621 163.8369 199.6295 -295.1411 163.9651 199.0296 -295.463 150.0579 207.4455 -314.6825 168.8195 196.8606 -288.0712 163.412 199.0899 -295.0501 150.1837 206.8468 -315.0078 168.9492 196.2599 -288.3911 133.1765 216.656 -339.1127 133.0542 217.2525 -338.7823 182.7319 189.3854 -268.3269 182.865 188.7829 -268.6419 163.8369 199.6295 -295.1411 149.6309 206.907 -314.5945 168.3959 196.3202 -287.9784 182.3114 188.8434 -268.2296 132.6243 216.7157 -338.6986 197.6166 181.7106 -247.2027 197.754 181.1059 -247.5115 197.2 181.1666 -247.0999 150.0579 207.4455 -314.6825 168.8195 196.8606 -288.0712 182.7319 189.3854 -268.3269 197.6166 181.7106 -247.2027 133.0542 217.2525 -338.7823 214.0762 173.7063 -223.8509 214.218 173.0994 -224.1536 213.6636 173.1603 -223.7425 214.0762 173.7063 -223.8509 231.5946 165.5309 -199.0048 231.7424 164.9213 -199.2989 231.1876 164.9824 -198.8885 231.5946 165.5309 -199.0048 251.0655 157.0451 -171.4079 251.2157 156.4345 -171.6987 250.6607 156.4957 -171.2885 251.0655 157.0451 -171.4079 272.829 147.9099 -140.5734 272.9829 147.2977 -140.8589 272.4276 147.3591 -140.4491 272.829 147.9099 -140.5734 293.8169 139.4316 -110.8488 293.9766 138.8171 -111.1261 293.4207 138.8787 -110.7172 293.8169 139.4316 -110.8488 311.436 132.8454 -85.8899 311.6008 132.2291 -86.16001 311.0443 132.2908 -85.75185 311.436 132.8454 -85.8899 317.3191 130.7103 -77.55514 317.4856 130.0933 -77.82279 316.929 130.1552 -77.41486 317.3191 130.7103 -77.55514 318.0921 130.4437 -76.45989 318.2588 129.8266 -76.72723 317.7022 129.8885 -76.31934 318.0921 130.4437 -76.45989 333.3847 125.2458 -54.79275 333.5548 124.6276 -55.05524 332.9979 124.6896 -54.6479 333.3847 125.2458 -54.79275 348.58 120.3548 -33.26344 348.7537 119.7355 -33.52089 348.1964 119.7976 -33.11403 348.58 120.3548 -33.26344 364.4011 115.5969 -10.84952 364.5781 114.9765 -11.10223 364.0204 115.0387 -10.69582 364.4011 115.5969 -10.84952 381.8181 110.595 13.82353 381.9994 109.9735 13.57675 381.4413 110.0358 13.98264 381.8181 110.595 13.82353 397.9535 106.2104 36.67773 398.1364 105.5885 36.4333 397.5782 105.6508 36.83897 397.9535 106.2104 36.67773 415.23 101.7252 61.14532 415.4161 101.1025 60.90534 414.8576 101.1648 61.3106 415.23 101.7252 61.14532 432.1229 97.55122 85.06608 432.2963 96.93195 84.80828 431.7391 96.99402 85.21525 432.1229 97.55122 85.06608 -218.9327 125.8955 -32.84443 -218.4795 125.3467 -33.96608 -217.6432 125.9644 -33.36045 -218.9327 125.8955 -32.84443 -218.6713 131.2805 -33.77875 -218.4795 125.3467 -33.96608 -218.7561 131.2923 -33.30121 -217.6432 125.9644 -33.36045 -218.3001 131.2926 -33.46661 -217.6432 125.9644 -33.36045 -218.3001 131.2926 -33.46661 -219.7931 131.3376 -33.07947 -219.0904 132.281 -33.95184 -219.0708 130.3643 -33.90118 -218.368 131.3076 -34.7735 -219.7931 131.3376 -33.07947 -219.0708 130.3643 -33.90118 -218.7396 131.3719 -32.19391 -218.0172 130.3986 -33.0155 -219.7931 131.3376 -33.07947 -218.7396 131.3719 -32.19391 -218.037 132.3153 -33.06628 -219.0904 132.281 -33.95184 -217.3145 131.3418 -33.88797 -218.368 131.3076 -34.7735 -218.7396 131.3719 -32.19391 -218.0172 130.3986 -33.0155 -218.037 132.3153 -33.06628 -217.3145 131.3418 -33.88797 -219.0708 130.3643 -33.90118 -218.368 131.3076 -34.7735 -218.0172 130.3986 -33.0155 -217.3145 131.3418 -33.88797 88.72474 247.9338 184.3313 89.07645 247.3831 183.1746 89.96411 247.9993 183.7039 88.72474 247.9338 184.3313 88.91534 253.3174 183.3722 89.07645 247.3831 183.1746 88.87283 253.3297 183.8553 89.96411 247.9993 183.7039 89.31256 253.3289 183.6505 89.96411 247.9993 183.7039 89.31256 253.3289 183.6505 87.85944 253.3777 184.1672 88.48492 254.3188 183.2355 88.50455 252.4021 183.2862 89.13025 253.343 182.3546 87.85944 253.3777 184.1672 89.63193 252.4346 184.0759 88.98666 253.4102 184.9568 88.50455 252.4021 183.2862 87.85944 253.3777 184.1672 88.98666 253.4102 184.9568 89.61215 254.3513 184.0252 88.48492 254.3188 183.2355 90.25748 253.3755 183.1442 89.13025 253.343 182.3546 88.98666 253.4102 184.9568 89.63193 252.4346 184.0759 89.61215 254.3513 184.0252 90.25748 253.3755 183.1442 88.50455 252.4021 183.2862 89.13025 253.343 182.3546 89.63193 252.4346 184.0759 90.25748 253.3755 183.1442 283.8123 276.1032 321.7366 284.1641 275.5525 320.58 285.0516 276.1686 321.1093 283.8123 276.1032 321.7366 284.003 281.4868 320.7775 284.1641 275.5525 320.58 283.9604 281.4992 321.2606 285.0516 276.1686 321.1093 284.4001 281.4983 321.0558 285.0516 276.1686 321.1093 284.4001 281.4983 321.0558 282.947 281.5472 321.5724 283.5725 282.4883 320.6408 283.5922 280.5715 320.6915 284.2179 281.5124 319.7599 282.947 281.5472 321.5724 283.5922 280.5715 320.6915 284.0741 281.5797 322.3621 284.7195 280.6039 321.4813 282.947 281.5472 321.5724 284.0741 281.5797 322.3621 284.6997 282.5207 321.4305 283.5725 282.4883 320.6408 285.345 281.5448 320.5496 284.2179 281.5124 319.7599 284.0741 281.5797 322.3621 284.7195 280.6039 321.4813 284.6997 282.5207 321.4305 285.345 281.5448 320.5496 283.5922 280.5715 320.6915 284.2179 281.5124 319.7599 284.7195 280.6039 321.4813 285.345 281.5448 320.5496 -55.2807 243.8941 82.10352 -70.05087 229.1569 71.66532 -55.60318 244.4313 81.80811 -96.62466 206.3478 52.32523 -100.0209 204.5183 49.80554 -73.17663 227.0916 69.35011 -72.11929 228.0188 70.88194 -55.81189 244.1997 82.42683 -188.0916 146.1106 -12.63373 -189.2446 146.2207 -13.52961 -134.8915 179.9037 24.6324 -132.4468 181.4257 27.16108 -98.41679 205.6806 51.75419 -96.62466 206.3478 52.32523 -70.05087 229.1569 71.66532 -55.2807 243.8941 82.10352 -222.701 128.6777 -36.59874 -225.8595 128.0462 -38.84003 -218.894 131.052 -33.25928 -188.9482 146.2208 -12.57515 -188.0916 146.1106 -12.63373 -278.7368 108.1022 -75.41351 -282.3585 107.6417 -77.99004 -280.6137 108.0062 -75.99947 -245.9982 120.2447 -52.03627 -222.701 128.6777 -36.59874 -319.0605 96.14597 -103.3449 -319.2003 96.80389 -103.5111 -319.4833 96.52191 -102.945 -319.0605 96.14597 -103.3449 -278.7368 108.1022 -75.41351 109.9595 254.6718 198.0304 25.49702 248.6626 138.5326 109.5797 255.2688 197.6924 177.7873 263.042 245.7258 164.7585 260.6342 236.635 -53.52823 244.9984 82.85126 -53.53086 245.6868 82.77311 19.00285 248.9895 133.8856 22.47362 248.9075 137.1135 109.3246 255.0265 198.3481 177.8547 262.7476 246.465 260.598 277.0406 304.0779 217.1851 268.5633 273.5697 -53.87672 245.3965 83.29856 -53.52823 244.9984 82.85126 25.49702 248.6626 138.5326 109.9595 254.6718 198.0304 164.7585 260.6342 236.635 217.1851 268.5633 273.5697 303.6089 285.1983 335.144 306.5233 285.3325 336.4939 386.5972 304.3055 392.7445 371.2364 299.9615 382.0241 306.5233 285.3325 336.4939 368.3996 299.7501 380.7245 421.6739 313.676 418.1949 467.6197 326.8972 449.7835 467.7119 326.2251 449.9246 371.2364 299.9615 382.0241 467.7119 326.2251 449.9246 467.3117 326.6137 450.3356 88.2613 368.8451 -386.164 87.0868 368.2377 -386.0363 87.23138 368.7878 -387.0966 88.2613 368.8451 -386.164 87.00839 374.1669 -386.3835 87.0868 368.2377 -386.0363 87.47351 374.1948 -386.5183 87.23138 368.7878 -387.0966 87.12598 374.1509 -386.8539 87.23138 368.7878 -387.0966 87.12598 374.1509 -386.8539 88.12268 374.3378 -385.6909 86.98007 375.198 -386.0058 87.12369 373.2886 -385.9047 85.98111 374.1488 -386.2197 88.12268 374.3378 -385.6909 87.12369 373.2886 -385.9047 88.45633 374.2922 -387.0257 87.4574 373.243 -387.2397 88.12268 374.3378 -385.6909 88.45633 374.2922 -387.0257 87.31369 375.1524 -387.3406 86.98007 375.198 -386.0058 86.31479 374.1032 -387.5546 85.98111 374.1488 -386.2197 88.45633 374.2922 -387.0257 87.4574 373.243 -387.2397 87.31369 375.1524 -387.3406 86.31479 374.1032 -387.5546 87.12369 373.2886 -385.9047 85.98111 374.1488 -386.2197 87.4574 373.243 -387.2397 86.31479 374.1032 -387.5546 -104.7941 221.5471 245.9657 -103.5897 220.9923 245.8861 -103.7714 221.6039 246.9062 -104.7941 221.5471 245.9657 -103.8094 226.9279 245.8351 -103.5897 220.9923 245.8861 -104.2767 226.9413 245.965 -103.7714 221.6039 246.9062 -103.9305 226.9374 246.3048 -103.7714 221.6039 246.9062 -103.9305 226.9374 246.3048 -104.9243 226.996 245.126 -103.829 227.9317 245.3894 -103.8765 226.015 245.4157 -102.7811 226.9505 245.6792 -104.9243 226.996 245.126 -103.8765 226.015 245.4157 -105.2678 227.0229 246.4588 -104.22 226.0418 246.7487 -104.9243 226.996 245.126 -105.2678 227.0229 246.4588 -104.1724 227.9586 246.7222 -103.829 227.9317 245.3894 -103.1246 226.9774 247.0121 -102.7811 226.9505 245.6792 -105.2678 227.0229 246.4588 -104.22 226.0418 246.7487 -104.1724 227.9586 246.7222 -103.1246 226.9774 247.0121 -103.8765 226.015 245.4157 -102.7811 226.9505 245.6792 -104.22 226.0418 246.7487 -103.1246 226.9774 247.0121 -133.2231 216.1023 341.9045 -133.0504 216.7622 342.0251 -85.64188 235.4614 184.8677 -110.0031 224.3662 264.8905 -132.5818 216.2595 342.1142 -107.6953 225.1763 259.5405 -61.74494 248.4813 105.6452 -60.46241 248.7011 100.6933 -85.13083 235.1086 182.4345 -84.02431 235.5588 181.0584 -133.2231 216.1023 341.9045 -110.0031 224.3662 264.8905 -85.13083 235.1086 182.4345 -25.38446 272.5194 -14.89981 -27.91416 270.275 -7.205205 -60.9526 248.176 104.6268 -60.46241 248.7011 100.6933 14.66424 304.1096 -147.6217 7.538731 297.6951 -124.7188 7.326491 297.1437 -121.664 -29.03655 269.175 -1.204349 -27.91416 270.275 -7.205205 42.33605 328.616 -239.184 39.48149 325.3737 -230.3997 39.08424 324.5539 -226.733 7.538731 297.6951 -124.7188 65.83062 351.9198 -316.9337 65.65459 351.2568 -316.9521 66.37422 351.428 -316.9153 39.48149 325.3737 -230.3997 100.4813 388.2897 -430.1098 99.98589 388.6977 -429.8735 100.0715 388.2917 -430.9919 65.65459 351.2568 -316.9521 100.0715 388.2917 -430.9919 133.2748 426.7269 -538.5982 132.7796 427.2115 -538.599 132.642 426.5752 -538.836 132.642 426.5752 -538.836 -398.4791 304.6708 -247.3173 -399.4422 304.1549 -246.5612 -399.853 304.7277 -247.5366 -398.4791 304.6708 -247.3173 -399.1925 310.7256 -246.8984 -399.4422 304.1549 -246.5612 -398.8754 310.7215 -247.2656 -399.853 304.7277 -247.5366 -399.3519 310.7171 -247.3565 -399.853 304.7277 -247.5366 -399.3519 310.7171 -247.3565 -397.8709 310.7831 -246.9283 -398.9219 311.7416 -246.5801 -398.9107 309.8245 -246.5486 -399.9619 310.7828 -246.2003 -397.8709 310.7831 -246.9283 -398.9107 309.8245 -246.5486 -398.3235 310.759 -248.2283 -399.3633 309.8004 -247.8485 -397.8709 310.7831 -246.9283 -398.3235 310.759 -248.2283 -399.3746 311.7175 -247.8802 -398.9219 311.7416 -246.5801 -400.4144 310.7587 -247.5004 -399.9619 310.7828 -246.2003 -398.3235 310.759 -248.2283 -399.3633 309.8004 -247.8485 -399.3746 311.7175 -247.8802 -400.4144 310.7587 -247.5004 -399.9619 310.7828 -246.2003 -400.4144 310.7587 -247.5004 -398.9107 309.8245 -246.5486 -399.3633 309.8004 -247.8485 -428.4646 312.286 -336.1588 -429.3999 311.7419 -335.3859 -429.8521 312.3371 -336.3294 -428.4646 312.286 -336.1588 -429.2958 325.5204 -335.4005 -429.3999 311.7419 -335.3859 -428.9919 325.5304 -335.7785 -429.8521 312.3371 -336.3294 -429.4713 325.5255 -335.8528 -429.8521 312.3371 -336.3294 -429.4713 325.5255 -335.8528 -427.9766 325.5887 -335.4749 -429.0207 326.5274 -335.0591 -428.9962 324.6104 -335.0903 -430.0404 325.5492 -334.6745 -427.9766 325.5887 -335.4749 -428.9962 324.6104 -335.0903 -428.4747 325.6032 -336.7584 -429.4943 324.625 -336.3737 -427.9766 325.5887 -335.4749 -428.4747 325.6032 -336.7584 -429.5188 326.542 -336.3424 -429.0207 326.5274 -335.0591 -430.5385 325.5638 -335.9579 -430.0404 325.5492 -334.6745 -428.4747 325.6032 -336.7584 -429.4943 324.625 -336.3737 -429.5188 326.542 -336.3424 -430.5385 325.5638 -335.9579 -428.9962 324.6104 -335.0903 -430.0404 325.5492 -334.6745 -429.4943 324.625 -336.3737 -430.5385 325.5638 -335.9579 -424.8155 311.8264 -325.2897 -425.783 311.2919 -324.5504 -426.1946 311.8733 -325.5208 -424.8155 311.8264 -325.2897 -425.6951 325.4689 -324.7519 -425.783 311.2919 -324.5504 -425.3752 325.4741 -325.1165 -426.1946 311.8733 -325.5208 -425.8509 325.4675 -325.2112 -426.1946 311.8733 -325.5208 -425.8509 325.4675 -325.2112 -424.374 325.5379 -324.7703 -425.4359 326.481 -324.413 -425.4085 324.5638 -324.4163 -426.4705 325.5066 -324.0591 -424.374 325.5379 -324.7703 -425.8507 324.5598 -325.7201 -424.8162 325.5339 -326.0739 -425.4085 324.5638 -324.4163 -424.374 325.5379 -324.7703 -424.8162 325.5339 -326.0739 -425.8781 326.477 -325.7168 -425.4359 326.481 -324.413 -426.9127 325.5027 -325.3629 -426.4705 325.5066 -324.0591 -424.8162 325.5339 -326.0739 -425.8507 324.5598 -325.7201 -425.8781 326.477 -325.7168 -426.9127 325.5027 -325.3629 -425.4085 324.5638 -324.4163 -426.4705 325.5066 -324.0591 -425.8507 324.5598 -325.7201 -426.9127 325.5027 -325.3629 -373.9909 310.5961 -175.4657 -374.9572 310.0838 -174.709 -375.372 310.6501 -175.6871 -373.9909 310.5961 -175.4657 -374.7715 327.553 -175.2259 -374.9572 310.0838 -174.709 -374.4544 327.5488 -175.593 -375.372 310.6501 -175.6871 -374.9309 327.5444 -175.6839 -375.372 310.6501 -175.6871 -374.9309 327.5444 -175.6839 -373.4499 327.6105 -175.2558 -374.5009 328.5689 -174.9076 -374.4897 326.6518 -174.876 -375.5408 327.6101 -174.5277 -373.4499 327.6105 -175.2558 -374.4897 326.6518 -174.876 -373.9025 327.5863 -176.5557 -374.9423 326.6277 -176.176 -373.4499 327.6105 -175.2558 -373.9025 327.5863 -176.5557 -374.9536 328.5449 -176.2076 -374.5009 328.5689 -174.9076 -375.9934 327.586 -175.8278 -375.5408 327.6101 -174.5277 -373.9025 327.5863 -176.5557 -374.9423 326.6277 -176.176 -374.9536 328.5449 -176.2076 -375.9934 327.586 -175.8278 -375.5408 327.6101 -174.5277 -375.9934 327.586 -175.8278 -374.4897 326.6518 -174.876 -374.9423 326.6277 -176.176 -305.7239 321.3075 25.48627 -306.6895 320.8108 26.25424 -307.1046 321.3368 25.25416 -305.7239 321.3075 25.48627 -306.7657 341.547 24.95428 -306.6895 320.8108 26.25424 -306.4462 341.5338 24.58966 -307.1046 321.3368 25.25416 -306.9219 341.5206 24.49585 -307.1046 321.3368 25.25416 -306.9219 341.5206 24.49585 -305.4448 341.6194 24.93103 -306.5096 342.5767 25.23843 -306.4758 340.6621 25.33752 -307.5406 341.6194 25.64493 -305.4448 341.6194 24.93103 -306.4758 340.6621 25.33752 -305.8881 341.5443 23.62976 -306.919 340.587 24.03619 -305.4448 341.6194 24.93103 -305.8881 341.5443 23.62976 -306.9528 342.5015 23.93713 -306.5096 342.5767 25.23843 -307.9838 341.5442 24.34366 -307.5406 341.6194 25.64493 -305.8881 341.5443 23.62976 -306.919 340.587 24.03619 -306.9528 342.5015 23.93713 -307.9838 341.5442 24.34366 -307.5406 341.6194 25.64493 -307.9838 341.5442 24.34366 -306.4758 340.6621 25.33752 -306.919 340.587 24.03619 -299.3409 323.3618 44.07289 -300.3069 322.8658 44.84085 -300.7216 323.392 43.8406 -299.3409 323.3618 44.07289 -300.3703 343.6019 43.53656 -300.3069 322.8658 44.84085 -300.0507 343.5884 43.17197 -300.7216 323.392 43.8406 -300.5264 343.5754 43.07809 -300.7216 323.392 43.8406 -300.5264 343.5754 43.07809 -299.0493 343.6734 43.5134 -300.1135 344.6314 43.82056 -300.0809 342.7168 43.92001 -301.1451 343.6748 44.22717 -299.0493 343.6734 43.5134 -300.5241 342.6417 42.61874 -299.4925 343.5983 42.2121 -300.0809 342.7168 43.92001 -299.0493 343.6734 43.5134 -299.4925 343.5983 42.2121 -300.5568 344.5562 42.51929 -300.1135 344.6314 43.82056 -301.5883 343.5996 42.9259 -301.1451 343.6748 44.22717 -299.4925 343.5983 42.2121 -300.5241 342.6417 42.61874 -300.5568 344.5562 42.51929 -301.5883 343.5996 42.9259 -301.1451 343.6748 44.22717 -301.5883 343.5996 42.9259 -300.0809 342.7168 43.92001 -300.5241 342.6417 42.61874 -153.9111 401.5156 473.9318 -154.896 401.1565 474.7499 -155.2861 401.5391 473.6775 -153.9111 401.5156 473.9318 -154.5322 414.0224 471.9171 -154.896 401.1565 474.7499 -154.2087 413.949 471.5632 -155.2861 401.5391 473.6775 -154.6835 413.9318 471.4652 -155.2861 401.5391 473.6775 -154.6835 413.9318 471.4652 -153.2098 414.0635 471.9033 -154.2564 415.0772 472.0503 -154.2668 413.198 472.4307 -155.3134 414.2116 472.5777 -153.2098 414.0635 471.9033 -154.2668 413.198 472.4307 -153.639 413.8062 470.6208 -154.6961 412.9407 471.1481 -153.2098 414.0635 471.9033 -153.639 413.8062 470.6208 -154.6857 414.8199 470.7678 -154.2564 415.0772 472.0503 -155.7426 413.9543 471.2951 -155.3134 414.2116 472.5777 -153.639 413.8062 470.6208 -154.6961 412.9407 471.1481 -154.6857 414.8199 470.7678 -155.7426 413.9543 471.2951 -155.3134 414.2116 472.5777 -155.7426 413.9543 471.2951 -154.2668 413.198 472.4307 -154.6961 412.9407 471.1481 -176.6488 385.933 406.5584 -177.6249 385.5582 407.38 -178.0256 385.9348 406.3092 -176.6488 385.933 406.5584 -177.4932 399.9984 404.2379 -177.6249 385.5582 407.38 -177.1699 399.9303 403.8827 -178.0256 385.9348 406.3092 -177.6447 399.9055 403.7865 -178.0256 385.9348 406.3092 -177.6447 399.9055 403.7865 -176.1716 400.0603 404.2191 -177.2336 401.0572 404.3707 -177.2127 399.1779 404.75 -178.2746 400.1747 404.9016 -176.1716 400.0603 404.2191 -177.6428 398.9146 403.4689 -176.6017 399.797 402.938 -177.2127 399.1779 404.75 -176.1716 400.0603 404.2191 -176.6017 399.797 402.938 -177.2336 401.0572 404.3707 -177.6637 400.794 403.0896 -178.7047 399.9115 403.6205 -178.2746 400.1747 404.9016 -176.6017 399.797 402.938 -177.6428 398.9146 403.4689 -177.6637 400.794 403.0896 -178.7047 399.9115 403.6205 -177.2127 399.1779 404.75 -178.2746 400.1747 404.9016 -177.6428 398.9146 403.4689 -178.7047 399.9115 403.6205 -179.643 384.0952 397.8886 -180.6234 383.7053 398.6982 -181.0194 384.1152 397.6379 -179.643 384.0952 397.8886 -180.3698 398.2268 395.9652 -180.6234 383.7053 398.6982 -180.0466 398.1662 395.6088 -181.0194 384.1152 397.6379 -180.5214 398.148 395.5113 -181.0194 384.1152 397.6379 -180.5214 398.148 395.5113 -179.0478 398.2785 395.9498 -180.1018 399.2794 396.1283 -180.0968 397.3899 396.4543 -181.1508 398.3907 396.6328 -179.0478 398.2785 395.9498 -180.5271 397.1665 395.1658 -179.4781 398.0551 394.6613 -180.0968 397.3899 396.4543 -179.0478 398.2785 395.9498 -179.4781 398.0551 394.6613 -180.1018 399.2794 396.1283 -180.5321 399.0559 394.8398 -181.5812 398.1673 395.3443 -181.1508 398.3907 396.6328 -179.4781 398.0551 394.6613 -180.5271 397.1665 395.1658 -180.5321 399.0559 394.8398 -181.5812 398.1673 395.3443 -180.0968 397.3899 396.4543 -181.1508 398.3907 396.6328 -180.5271 397.1665 395.1658 -181.5812 398.1673 395.3443 -232.4545 352.2763 241.2821 -233.3831 351.8604 242.1386 -233.8428 352.2667 241.103 -232.4545 352.2763 241.2821 -233.7081 369.9492 238.9096 -233.3831 351.8604 242.1386 -233.4025 369.8978 238.5365 -233.8428 352.2667 241.103 -233.8813 369.8696 238.4636 -233.8428 352.2667 241.103 -233.8813 369.8696 238.4636 -232.3901 370.0304 238.8264 -233.4552 371.0067 239.0659 -233.3919 369.1159 239.3782 -234.4569 370.092 239.6177 -232.3901 370.0304 238.8264 -233.3919 369.1159 239.3782 -232.8816 369.8048 237.5603 -233.8834 368.8904 238.1121 -232.3901 370.0304 238.8264 -232.8816 369.8048 237.5603 -233.9466 370.7811 237.7998 -233.4552 371.0067 239.0659 -234.9484 369.8665 238.3516 -234.4569 370.092 239.6177 -232.8816 369.8048 237.5603 -233.8834 368.8904 238.1121 -233.9466 370.7811 237.7998 -234.9484 369.8665 238.3516 -233.3919 369.1159 239.3782 -234.4569 370.092 239.6177 -233.8834 368.8904 238.1121 -234.9484 369.8665 238.3516 -133.0028 426.8171 535.0743 -190.3844 391.8466 366.44 -189.6024 392.5767 367.2777 -132.6033 427.3284 534.8319 -297.5698 343.991 51.40667 -225.4492 373.6922 261.9312 -207.2523 383.3755 317.5716 -175.6163 401.4154 410.5335 -133.2549 427.4604 535.0261 -331.083 334.2487 -47.06262 -332.0067 334.4171 -51.32255 -302.3232 342.8811 36.01447 -261.5881 357.7447 155.7482 -244.7621 365.1889 207.3261 -297.5698 343.991 51.40667 -190.3844 391.8466 366.44 -133.0028 426.8171 535.0743 -369.2596 327.6767 -159.3214 -370.0001 328.0944 -162.8587 -368.774 328.4437 -157.1764 -330.6541 335.0359 -45.09133 -302.4065 343.2043 37.89537 -331.083 334.2487 -47.06262 -399.2065 325.515 -247.3286 -398.7753 326.0362 -247.4781 -399.4188 326.1708 -247.2599 -399.2065 325.515 -247.3286 -369.2596 327.6767 -159.3214 -435.5403 325.1542 -354.1124 -434.6061 325.6695 -352.8095 -432.8569 325.769 -345.5216 -435.5403 325.1542 -354.1124 -466.4735 326.552 -445.035 -466.0468 327.0729 -445.1981 -466.6916 327.2076 -444.9833 -466.4735 326.552 -445.035 -132.9857 415.2036 538.0766 -178.8023 384.9385 402.6998 -178.2602 385.5427 402.8575 -132.5864 415.7141 537.8316 -226.0904 356.0282 262.9784 -225.3297 356.732 263.7609 -207.9301 367.1814 317.3468 -178.0591 386.2422 405.5898 -133.2387 415.8464 538.0237 -261.8004 338.3779 157.4442 -260.9912 339.072 158.4571 -245.3218 346.7974 206.8507 -226.0904 356.0282 262.9784 -178.8023 384.9385 402.6998 -132.9857 415.2036 538.0766 -302.7719 322.1008 36.38918 -302.1809 322.6783 36.70533 -302.2354 323.0189 38.68269 -302.7719 322.1008 36.38918 -261.8004 338.3779 157.4442 -329.8953 314.7462 -43.53056 -324.9401 316.2788 -30.39401 -329.6308 315.4734 -42.0221 -329.8953 314.7462 -43.53056 -368.7206 310.4714 -157.7686 -341.5859 313.5341 -79.36761 -368.2373 311.1927 -155.6247 -368.7206 310.4714 -157.7686 -416.5786 310.8553 -298.6163 -398.6783 310.8815 -247.33 -369.5283 310.9645 -161.4993 -399.3212 311.0167 -247.1096 -416.5786 310.8553 -298.6163 -467.3055 315.0334 -448.3401 -466.8755 315.5542 -448.4946 -434.0551 312.6651 -351.5994 -432.3054 312.6375 -344.293 -467.3055 315.0334 -448.3401 -467.5196 315.6894 -448.2781 308.637 116.6426 -87.78116 309.2916 116.176 -88.84058 310.0219 116.5446 -87.95779 308.637 116.6426 -87.78116 311.3136 132.417 -86.19989 309.2916 116.176 -88.84058 311.1093 132.3818 -85.76129 310.0219 116.5446 -87.95779 311.5883 132.3232 -85.81128 310.0219 116.5446 -87.95779 311.5883 132.3232 -85.81128 310.0669 132.5802 -85.78757 311.0963 133.4893 -86.29587 310.8376 131.6087 -86.56671 311.8671 132.518 -87.07504 310.0669 132.5802 -85.78757 310.8376 131.6087 -86.56671 310.8466 132.3141 -84.68457 311.6174 131.3427 -85.46368 310.0669 132.5802 -85.78757 310.8466 132.3141 -84.68457 311.0963 133.4893 -86.29587 311.876 133.2232 -85.19284 312.6467 132.2519 -85.97205 311.8671 132.518 -87.07504 310.8466 132.3141 -84.68457 311.6174 131.3427 -85.46368 311.876 133.2232 -85.19284 312.6467 132.2519 -85.97205 311.8671 132.518 -87.07504 312.6467 132.2519 -85.97205 310.8376 131.6087 -86.56671 311.6174 131.3427 -85.46368 315.2461 114.5248 -78.3541 315.9124 114.0543 -79.40443 316.6329 114.4197 -78.51191 315.2461 114.5248 -78.3541 317.9525 130.0902 -76.7728 315.9124 114.0543 -79.40443 317.7424 130.0563 -76.33701 316.6329 114.4197 -78.51191 318.2216 129.9952 -76.38049 316.6329 114.4197 -78.51191 318.2216 129.9952 -76.38049 316.7013 130.2599 -76.37744 317.742 131.1636 -76.87228 317.4776 129.2844 -77.14566 318.5182 130.1881 -77.64053 316.7013 130.2599 -76.37744 317.4776 129.2844 -77.14566 317.4648 129.9905 -75.26382 318.2411 129.0149 -76.03214 316.7013 130.2599 -76.37744 317.4648 129.9905 -75.26382 318.5055 130.8941 -75.7587 317.742 131.1636 -76.87228 319.2817 129.9186 -76.52695 318.5182 130.1881 -77.64053 317.4648 129.9905 -75.26382 318.2411 129.0149 -76.03214 318.5055 130.8941 -75.7587 319.2817 129.9186 -76.52695 318.5182 130.1881 -77.64053 319.2817 129.9186 -76.52695 317.4776 129.2844 -77.14566 318.2411 129.0149 -76.03214 379.0854 96.18527 13.16938 379.6922 95.64861 12.11489 380.4606 96.04897 12.95059 379.0854 96.18527 13.16938 381.8187 110.0919 13.64066 379.6922 95.64861 12.11489 381.6296 110.0847 14.08728 380.4606 96.04897 12.95059 382.1052 110.0132 14.02405 380.4606 96.04897 12.95059 382.1052 110.0132 14.02405 380.591 110.3033 14.08658 381.6188 111.162 13.49423 381.3145 109.2756 13.33502 382.3422 110.1342 12.74261 380.591 110.3033 14.08658 381.3145 109.2756 13.33502 381.4045 110.0802 15.17462 382.1279 109.0524 14.42303 380.591 110.3033 14.08658 381.4045 110.0802 15.17462 382.4323 110.9388 14.58234 381.6188 111.162 13.49423 383.1558 109.911 13.83069 382.3422 110.1342 12.74261 381.4045 110.0802 15.17462 382.1279 109.0524 14.42303 382.4323 110.9388 14.58234 383.1558 109.911 13.83069 381.3145 109.2756 13.33502 382.3422 110.1342 12.74261 382.1279 109.0524 14.42303 383.1558 109.911 13.83069 228.9799 150.4692 -202.3514 229.6424 150.1122 -203.4478 230.3661 150.3938 -202.528 228.9799 150.4692 -202.3514 231.47 165.1504 -199.4076 229.6424 150.1122 -203.4478 231.2633 165.071 -198.9759 230.3661 150.3938 -202.528 231.7427 165.0192 -199.0285 230.3661 150.3938 -202.528 231.7427 165.0192 -199.0285 230.2203 165.2678 -198.9889 231.2493 166.2262 -199.3978 230.9993 164.3812 -199.856 232.0283 165.3396 -200.2648 230.2203 165.2678 -198.9889 230.9993 164.3812 -199.856 230.9945 164.8957 -197.913 231.7735 164.0092 -198.78 230.2203 165.2678 -198.9889 230.9945 164.8957 -197.913 232.0234 165.8542 -198.3219 231.2493 166.2262 -199.3978 232.8024 164.9676 -199.189 232.0283 165.3396 -200.2648 230.9945 164.8957 -197.913 231.7735 164.0092 -198.78 232.0234 165.8542 -198.3219 232.8024 164.9676 -199.189 230.9993 164.3812 -199.856 232.0283 165.3396 -200.2648 231.7735 164.0092 -198.78 232.8024 164.9676 -199.189 162.0057 187.719 -298.4823 162.703 187.4465 -299.5814 163.3963 187.687 -298.6272 162.0057 187.719 -298.4823 163.7501 199.2991 -295.4996 162.703 187.4465 -299.5814 163.5349 199.1882 -295.0793 163.3963 187.687 -298.6272 164.0166 199.1506 -295.1225 163.3963 187.687 -298.6272 164.0166 199.1506 -295.1225 162.4881 199.3614 -295.1071 163.503 200.3669 -295.4285 163.3095 198.5493 -296.0073 164.3245 199.5548 -296.3286 162.4881 199.3614 -295.1071 164.0659 198.1279 -294.9368 163.2444 198.9401 -294.0367 163.3095 198.5493 -296.0073 162.4881 199.3614 -295.1071 163.2444 198.9401 -294.0367 164.2593 199.9455 -294.3581 163.503 200.3669 -295.4285 165.0808 199.1335 -295.2581 164.3245 199.5548 -296.3286 163.2444 198.9401 -294.0367 164.0659 198.1279 -294.9368 164.2593 199.9455 -294.3581 165.0808 199.1335 -295.2581 163.3095 198.5493 -296.0073 164.3245 199.5548 -296.3286 164.0659 198.1279 -294.9368 165.0808 199.1335 -295.2581 167.1221 184.9859 -291.0504 167.8183 184.6925 -292.1446 168.5121 184.9689 -291.2009 167.1221 184.9859 -291.0504 168.7023 196.4757 -288.454 167.8183 184.6925 -292.1446 168.4904 196.3736 -288.0297 168.5121 184.9689 -291.2009 168.9724 196.3415 -288.0742 168.5121 184.9689 -291.2009 168.9724 196.3415 -288.0742 167.4413 196.5318 -288.0575 168.4409 197.5417 -288.4113 168.2698 195.7061 -288.9385 169.2696 196.7161 -289.2924 167.4413 196.5318 -288.0575 168.2698 195.7061 -288.9385 168.2079 196.1507 -286.9794 169.0366 195.325 -287.8603 167.4413 196.5318 -288.0575 168.2079 196.1507 -286.9794 169.2075 197.1607 -287.3333 168.4409 197.5417 -288.4113 170.0362 196.3351 -288.2142 169.2696 196.7161 -289.2924 168.2079 196.1507 -286.9794 169.0366 195.325 -287.8603 169.2075 197.1607 -287.3333 170.0362 196.3351 -288.2142 168.2698 195.7061 -288.9385 169.2696 196.7161 -289.2924 169.0366 195.325 -287.8603 170.0362 196.3351 -288.2142 178.4836 178.3286 -276.1072 132.8576 205.3643 -341.6076 133.203 205.9646 -341.6269 190.2626 172.3563 -259.6983 225.6179 152.337 -208.4338 132.6268 205.9085 -341.2463 178.8414 178.5342 -274.8919 225.4295 152.8597 -207.9588 239.465 145.9995 -189.0501 262.362 134.403 -155.6035 132.8576 205.3643 -341.6076 178.4836 178.3286 -276.1072 225.6179 152.337 -208.4338 262.362 134.403 -155.6035 262.1544 134.9387 -155.36 273.6724 130.4172 -139.9278 307.1262 116.9978 -91.41301 306.8812 117.5544 -91.01171 307.1262 116.9978 -91.41301 312.6627 115.81 -83.96646 343.8542 105.761 -39.25694 343.3286 105.1868 -39.46115 343.3286 105.1868 -39.46115 343.0546 105.7482 -39.19843 384.3561 95.33865 18.79317 384.8214 94.54913 20.00099 380.9597 95.80882 15.15932 384.8214 94.54913 20.00099 432.9323 86.285 88.46948 432.6548 85.66091 88.58621 432.3624 86.22664 88.85928 432.6548 85.66091 88.58621 133.0542 217.2525 -338.7823 162.9341 200.096 -296.4212 133.1765 216.656 -339.1127 225.4031 168.319 -207.7861 192.8462 183.5501 -254.4694 164.7392 198.5633 -294.3737 176.545 191.7036 -276.4265 132.6243 216.7157 -338.6986 260.4906 153.015 -158.0586 246.079 158.461 -178.9961 224.6094 167.9449 -208.2101 225.4031 168.319 -207.7861 162.9341 200.096 -296.4212 133.0542 217.2525 -338.7823 305.8686 134.7531 -93.77268 293.4207 138.8787 -110.7172 320.998 128.8135 -72.86712 305.8686 134.7531 -93.77268 260.4906 153.015 -158.0586 341.5097 122.5587 -43.28082 320.0674 129.0277 -72.99014 354.0577 118.0871 -25.99091 341.5097 122.5587 -43.28082 432.1229 97.55122 85.06608 432.2963 96.93195 84.80828 388.0484 108.1972 23.32377 432.1229 97.55122 85.06608 431.7391 96.99402 85.21525 -218.9327 125.8955 -32.84443 -218.4795 125.3467 -33.96608 -217.6432 125.9644 -33.36045 -218.9327 125.8955 -32.84443 -218.6713 131.2805 -33.77875 -218.4795 125.3467 -33.96608 -218.7561 131.2923 -33.30121 -217.6432 125.9644 -33.36045 -218.3001 131.2926 -33.46661 -217.6432 125.9644 -33.36045 -218.3001 131.2926 -33.46661 -219.7931 131.3376 -33.07947 -219.0904 132.281 -33.95184 -219.0708 130.3643 -33.90118 -218.368 131.3076 -34.7735 -219.7931 131.3376 -33.07947 -219.0708 130.3643 -33.90118 -218.7396 131.3719 -32.19391 -218.0172 130.3986 -33.0155 -219.7931 131.3376 -33.07947 -218.7396 131.3719 -32.19391 -218.037 132.3153 -33.06628 -219.0904 132.281 -33.95184 -217.3145 131.3418 -33.88797 -218.368 131.3076 -34.7735 -218.7396 131.3719 -32.19391 -218.0172 130.3986 -33.0155 -218.037 132.3153 -33.06628 -217.3145 131.3418 -33.88797 -219.0708 130.3643 -33.90118 -218.368 131.3076 -34.7735 -218.0172 130.3986 -33.0155 -217.3145 131.3418 -33.88797 88.72474 247.9338 184.3313 89.07645 247.3831 183.1746 89.96411 247.9993 183.7039 88.72474 247.9338 184.3313 88.91534 253.3174 183.3722 89.07645 247.3831 183.1746 88.87283 253.3297 183.8553 89.96411 247.9993 183.7039 89.31256 253.3289 183.6505 89.96411 247.9993 183.7039 89.31256 253.3289 183.6505 87.85944 253.3777 184.1672 88.48492 254.3188 183.2355 88.50455 252.4021 183.2862 89.13025 253.343 182.3546 87.85944 253.3777 184.1672 89.63193 252.4346 184.0759 88.98666 253.4102 184.9568 88.50455 252.4021 183.2862 87.85944 253.3777 184.1672 88.98666 253.4102 184.9568 89.61215 254.3513 184.0252 88.48492 254.3188 183.2355 90.25748 253.3755 183.1442 89.13025 253.343 182.3546 88.98666 253.4102 184.9568 89.63193 252.4346 184.0759 89.61215 254.3513 184.0252 90.25748 253.3755 183.1442 88.50455 252.4021 183.2862 89.13025 253.343 182.3546 89.63193 252.4346 184.0759 90.25748 253.3755 183.1442 283.8123 276.1032 321.7366 284.1641 275.5525 320.58 285.0516 276.1686 321.1093 283.8123 276.1032 321.7366 284.003 281.4868 320.7775 284.1641 275.5525 320.58 283.9604 281.4992 321.2606 285.0516 276.1686 321.1093 284.4001 281.4983 321.0558 285.0516 276.1686 321.1093 284.4001 281.4983 321.0558 282.947 281.5472 321.5724 283.5725 282.4883 320.6408 283.5922 280.5715 320.6915 284.2179 281.5124 319.7599 282.947 281.5472 321.5724 283.5922 280.5715 320.6915 284.0741 281.5797 322.3621 284.7195 280.6039 321.4813 282.947 281.5472 321.5724 284.0741 281.5797 322.3621 284.6997 282.5207 321.4305 283.5725 282.4883 320.6408 285.345 281.5448 320.5496 284.2179 281.5124 319.7599 284.0741 281.5797 322.3621 284.7195 280.6039 321.4813 284.6997 282.5207 321.4305 285.345 281.5448 320.5496 283.5922 280.5715 320.6915 284.2179 281.5124 319.7599 284.7195 280.6039 321.4813 285.345 281.5448 320.5496 -55.2807 243.8941 82.10352 -70.05087 229.1569 71.66532 -55.60318 244.4313 81.80811 -96.62466 206.3478 52.32523 -100.0209 204.5183 49.80554 -73.17663 227.0916 69.35011 -72.11929 228.0188 70.88194 -55.81189 244.1997 82.42683 -188.0916 146.1106 -12.63373 -189.2446 146.2207 -13.52961 -134.8915 179.9037 24.6324 -132.4468 181.4257 27.16108 -98.41679 205.6806 51.75419 -96.62466 206.3478 52.32523 -70.05087 229.1569 71.66532 -55.2807 243.8941 82.10352 -222.701 128.6777 -36.59874 -225.8595 128.0462 -38.84003 -218.894 131.052 -33.25928 -188.9482 146.2208 -12.57515 -188.0916 146.1106 -12.63373 -278.7368 108.1022 -75.41351 -282.3585 107.6417 -77.99004 -280.6137 108.0062 -75.99947 -245.9982 120.2447 -52.03627 -222.701 128.6777 -36.59874 -319.0605 96.14597 -103.3449 -319.2003 96.80389 -103.5111 -319.4833 96.52191 -102.945 -319.0605 96.14597 -103.3449 -278.7368 108.1022 -75.41351 109.9595 254.6718 198.0304 25.49702 248.6626 138.5326 109.5797 255.2688 197.6924 177.7873 263.042 245.7258 164.7585 260.6342 236.635 -53.52823 244.9984 82.85126 -53.53086 245.6868 82.77311 19.00285 248.9895 133.8856 22.47362 248.9075 137.1135 109.3246 255.0265 198.3481 177.8547 262.7476 246.465 260.598 277.0406 304.0779 217.1851 268.5633 273.5697 -53.87672 245.3965 83.29856 -53.52823 244.9984 82.85126 25.49702 248.6626 138.5326 109.9595 254.6718 198.0304 164.7585 260.6342 236.635 217.1851 268.5633 273.5697 303.6089 285.1983 335.144 306.5233 285.3325 336.4939 386.5972 304.3055 392.7445 371.2364 299.9615 382.0241 306.5233 285.3325 336.4939 368.3996 299.7501 380.7245 421.6739 313.676 418.1949 467.6197 326.8972 449.7835 467.7119 326.2251 449.9246 371.2364 299.9615 382.0241 467.7119 326.2251 449.9246 467.3117 326.6137 450.3356 88.2613 368.8451 -386.164 87.0868 368.2377 -386.0363 87.23138 368.7878 -387.0966 88.2613 368.8451 -386.164 87.00839 374.1669 -386.3835 87.0868 368.2377 -386.0363 87.47351 374.1948 -386.5183 87.23138 368.7878 -387.0966 87.12598 374.1509 -386.8539 87.23138 368.7878 -387.0966 87.12598 374.1509 -386.8539 88.12268 374.3378 -385.6909 86.98007 375.198 -386.0058 87.12369 373.2886 -385.9047 85.98111 374.1488 -386.2197 88.12268 374.3378 -385.6909 87.12369 373.2886 -385.9047 88.45633 374.2922 -387.0257 87.4574 373.243 -387.2397 88.12268 374.3378 -385.6909 88.45633 374.2922 -387.0257 87.31369 375.1524 -387.3406 86.98007 375.198 -386.0058 86.31479 374.1032 -387.5546 85.98111 374.1488 -386.2197 88.45633 374.2922 -387.0257 87.4574 373.243 -387.2397 87.31369 375.1524 -387.3406 86.31479 374.1032 -387.5546 87.12369 373.2886 -385.9047 85.98111 374.1488 -386.2197 87.4574 373.243 -387.2397 86.31479 374.1032 -387.5546 -104.7941 221.5471 245.9657 -103.5897 220.9923 245.8861 -103.7714 221.6039 246.9062 -104.7941 221.5471 245.9657 -103.8094 226.9279 245.8351 -103.5897 220.9923 245.8861 -104.2767 226.9413 245.965 -103.7714 221.6039 246.9062 -103.9305 226.9374 246.3048 -103.7714 221.6039 246.9062 -103.9305 226.9374 246.3048 -104.9243 226.996 245.126 -103.829 227.9317 245.3894 -103.8765 226.015 245.4157 -102.7811 226.9505 245.6792 -104.9243 226.996 245.126 -103.8765 226.015 245.4157 -105.2678 227.0229 246.4588 -104.22 226.0418 246.7487 -104.9243 226.996 245.126 -105.2678 227.0229 246.4588 -104.1724 227.9586 246.7222 -103.829 227.9317 245.3894 -103.1246 226.9774 247.0121 -102.7811 226.9505 245.6792 -105.2678 227.0229 246.4588 -104.22 226.0418 246.7487 -104.1724 227.9586 246.7222 -103.1246 226.9774 247.0121 -103.8765 226.015 245.4157 -102.7811 226.9505 245.6792 -104.22 226.0418 246.7487 -103.1246 226.9774 247.0121 -133.2231 216.1023 341.9045 -133.0504 216.7622 342.0251 -85.64188 235.4614 184.8677 -110.0031 224.3662 264.8905 -132.5818 216.2595 342.1142 -107.6953 225.1763 259.5405 -61.74494 248.4813 105.6452 -60.46241 248.7011 100.6933 -85.13083 235.1086 182.4345 -84.02431 235.5588 181.0584 -133.2231 216.1023 341.9045 -110.0031 224.3662 264.8905 -85.13083 235.1086 182.4345 -25.38446 272.5194 -14.89981 -27.91416 270.275 -7.205205 -60.9526 248.176 104.6268 -60.46241 248.7011 100.6933 14.66424 304.1096 -147.6217 7.538731 297.6951 -124.7188 7.326491 297.1437 -121.664 -29.03655 269.175 -1.204349 -27.91416 270.275 -7.205205 42.33605 328.616 -239.184 39.48149 325.3737 -230.3997 39.08424 324.5539 -226.733 7.538731 297.6951 -124.7188 65.83062 351.9198 -316.9337 65.65459 351.2568 -316.9521 66.37422 351.428 -316.9153 39.48149 325.3737 -230.3997 100.4813 388.2897 -430.1098 99.98589 388.6977 -429.8735 100.0715 388.2917 -430.9919 65.65459 351.2568 -316.9521 100.0715 388.2917 -430.9919 133.2748 426.7269 -538.5982 132.7796 427.2115 -538.599 132.642 426.5752 -538.836 132.642 426.5752 -538.836 -398.4791 304.6708 -247.3173 -399.4422 304.1549 -246.5612 -399.853 304.7277 -247.5366 -398.4791 304.6708 -247.3173 -399.1925 310.7256 -246.8984 -399.4422 304.1549 -246.5612 -398.8754 310.7215 -247.2656 -399.853 304.7277 -247.5366 -399.3519 310.7171 -247.3565 -399.853 304.7277 -247.5366 -399.3519 310.7171 -247.3565 -397.8709 310.7831 -246.9283 -398.9219 311.7416 -246.5801 -398.9107 309.8245 -246.5486 -399.9619 310.7828 -246.2003 -397.8709 310.7831 -246.9283 -398.9107 309.8245 -246.5486 -398.3235 310.759 -248.2283 -399.3633 309.8004 -247.8485 -397.8709 310.7831 -246.9283 -398.3235 310.759 -248.2283 -399.3746 311.7175 -247.8802 -398.9219 311.7416 -246.5801 -400.4144 310.7587 -247.5004 -399.9619 310.7828 -246.2003 -398.3235 310.759 -248.2283 -399.3633 309.8004 -247.8485 -399.3746 311.7175 -247.8802 -400.4144 310.7587 -247.5004 -399.9619 310.7828 -246.2003 -400.4144 310.7587 -247.5004 -398.9107 309.8245 -246.5486 -399.3633 309.8004 -247.8485 -428.4646 312.286 -336.1588 -429.3999 311.7419 -335.3859 -429.8521 312.3371 -336.3294 -428.4646 312.286 -336.1588 -429.2958 325.5204 -335.4005 -429.3999 311.7419 -335.3859 -428.9919 325.5304 -335.7785 -429.8521 312.3371 -336.3294 -429.4713 325.5255 -335.8528 -429.8521 312.3371 -336.3294 -429.4713 325.5255 -335.8528 -427.9766 325.5887 -335.4749 -429.0207 326.5274 -335.0591 -428.9962 324.6104 -335.0903 -430.0404 325.5492 -334.6745 -427.9766 325.5887 -335.4749 -428.9962 324.6104 -335.0903 -428.4747 325.6032 -336.7584 -429.4943 324.625 -336.3737 -427.9766 325.5887 -335.4749 -428.4747 325.6032 -336.7584 -429.5188 326.542 -336.3424 -429.0207 326.5274 -335.0591 -430.5385 325.5638 -335.9579 -430.0404 325.5492 -334.6745 -428.4747 325.6032 -336.7584 -429.4943 324.625 -336.3737 -429.5188 326.542 -336.3424 -430.5385 325.5638 -335.9579 -428.9962 324.6104 -335.0903 -430.0404 325.5492 -334.6745 -429.4943 324.625 -336.3737 -430.5385 325.5638 -335.9579 -424.8155 311.8264 -325.2897 -425.783 311.2919 -324.5504 -426.1946 311.8733 -325.5208 -424.8155 311.8264 -325.2897 -425.6951 325.4689 -324.7519 -425.783 311.2919 -324.5504 -425.3752 325.4741 -325.1165 -426.1946 311.8733 -325.5208 -425.8509 325.4675 -325.2112 -426.1946 311.8733 -325.5208 -425.8509 325.4675 -325.2112 -424.374 325.5379 -324.7703 -425.4359 326.481 -324.413 -425.4085 324.5638 -324.4163 -426.4705 325.5066 -324.0591 -424.374 325.5379 -324.7703 -425.8507 324.5598 -325.7201 -424.8162 325.5339 -326.0739 -425.4085 324.5638 -324.4163 -424.374 325.5379 -324.7703 -424.8162 325.5339 -326.0739 -425.8781 326.477 -325.7168 -425.4359 326.481 -324.413 -426.9127 325.5027 -325.3629 -426.4705 325.5066 -324.0591 -424.8162 325.5339 -326.0739 -425.8507 324.5598 -325.7201 -425.8781 326.477 -325.7168 -426.9127 325.5027 -325.3629 -425.4085 324.5638 -324.4163 -426.4705 325.5066 -324.0591 -425.8507 324.5598 -325.7201 -426.9127 325.5027 -325.3629 -373.9909 310.5961 -175.4657 -374.9572 310.0838 -174.709 -375.372 310.6501 -175.6871 -373.9909 310.5961 -175.4657 -374.7715 327.553 -175.2259 -374.9572 310.0838 -174.709 -374.4544 327.5488 -175.593 -375.372 310.6501 -175.6871 -374.9309 327.5444 -175.6839 -375.372 310.6501 -175.6871 -374.9309 327.5444 -175.6839 -373.4499 327.6105 -175.2558 -374.5009 328.5689 -174.9076 -374.4897 326.6518 -174.876 -375.5408 327.6101 -174.5277 -373.4499 327.6105 -175.2558 -374.4897 326.6518 -174.876 -373.9025 327.5863 -176.5557 -374.9423 326.6277 -176.176 -373.4499 327.6105 -175.2558 -373.9025 327.5863 -176.5557 -374.9536 328.5449 -176.2076 -374.5009 328.5689 -174.9076 -375.9934 327.586 -175.8278 -375.5408 327.6101 -174.5277 -373.9025 327.5863 -176.5557 -374.9423 326.6277 -176.176 -374.9536 328.5449 -176.2076 -375.9934 327.586 -175.8278 -375.5408 327.6101 -174.5277 -375.9934 327.586 -175.8278 -374.4897 326.6518 -174.876 -374.9423 326.6277 -176.176 -305.7239 321.3075 25.48627 -306.6895 320.8108 26.25424 -307.1046 321.3368 25.25416 -305.7239 321.3075 25.48627 -306.7657 341.547 24.95428 -306.6895 320.8108 26.25424 -306.4462 341.5338 24.58966 -307.1046 321.3368 25.25416 -306.9219 341.5206 24.49585 -307.1046 321.3368 25.25416 -306.9219 341.5206 24.49585 -305.4448 341.6194 24.93103 -306.5096 342.5767 25.23843 -306.4758 340.6621 25.33752 -307.5406 341.6194 25.64493 -305.4448 341.6194 24.93103 -306.4758 340.6621 25.33752 -305.8881 341.5443 23.62976 -306.919 340.587 24.03619 -305.4448 341.6194 24.93103 -305.8881 341.5443 23.62976 -306.9528 342.5015 23.93713 -306.5096 342.5767 25.23843 -307.9838 341.5442 24.34366 -307.5406 341.6194 25.64493 -305.8881 341.5443 23.62976 -306.919 340.587 24.03619 -306.9528 342.5015 23.93713 -307.9838 341.5442 24.34366 -307.5406 341.6194 25.64493 -307.9838 341.5442 24.34366 -306.4758 340.6621 25.33752 -306.919 340.587 24.03619 -299.3409 323.3618 44.07289 -300.3069 322.8658 44.84085 -300.7216 323.392 43.8406 -299.3409 323.3618 44.07289 -300.3703 343.6019 43.53656 -300.3069 322.8658 44.84085 -300.0507 343.5884 43.17197 -300.7216 323.392 43.8406 -300.5264 343.5754 43.07809 -300.7216 323.392 43.8406 -300.5264 343.5754 43.07809 -299.0493 343.6734 43.5134 -300.1135 344.6314 43.82056 -300.0809 342.7168 43.92001 -301.1451 343.6748 44.22717 -299.0493 343.6734 43.5134 -300.5241 342.6417 42.61874 -299.4925 343.5983 42.2121 -300.0809 342.7168 43.92001 -299.0493 343.6734 43.5134 -299.4925 343.5983 42.2121 -300.5568 344.5562 42.51929 -300.1135 344.6314 43.82056 -301.5883 343.5996 42.9259 -301.1451 343.6748 44.22717 -299.4925 343.5983 42.2121 -300.5241 342.6417 42.61874 -300.5568 344.5562 42.51929 -301.5883 343.5996 42.9259 -301.1451 343.6748 44.22717 -301.5883 343.5996 42.9259 -300.0809 342.7168 43.92001 -300.5241 342.6417 42.61874 -153.9111 401.5156 473.9318 -154.896 401.1565 474.7499 -155.2861 401.5391 473.6775 -153.9111 401.5156 473.9318 -154.5322 414.0224 471.9171 -154.896 401.1565 474.7499 -154.2087 413.949 471.5632 -155.2861 401.5391 473.6775 -154.6835 413.9318 471.4652 -155.2861 401.5391 473.6775 -154.6835 413.9318 471.4652 -153.2098 414.0635 471.9033 -154.2564 415.0772 472.0503 -154.2668 413.198 472.4307 -155.3134 414.2116 472.5777 -153.2098 414.0635 471.9033 -154.2668 413.198 472.4307 -153.639 413.8062 470.6208 -154.6961 412.9407 471.1481 -153.2098 414.0635 471.9033 -153.639 413.8062 470.6208 -154.6857 414.8199 470.7678 -154.2564 415.0772 472.0503 -155.7426 413.9543 471.2951 -155.3134 414.2116 472.5777 -153.639 413.8062 470.6208 -154.6961 412.9407 471.1481 -154.6857 414.8199 470.7678 -155.7426 413.9543 471.2951 -155.3134 414.2116 472.5777 -155.7426 413.9543 471.2951 -154.2668 413.198 472.4307 -154.6961 412.9407 471.1481 -176.6488 385.933 406.5584 -177.6249 385.5582 407.38 -178.0256 385.9348 406.3092 -176.6488 385.933 406.5584 -177.4932 399.9984 404.2379 -177.6249 385.5582 407.38 -177.1699 399.9303 403.8827 -178.0256 385.9348 406.3092 -177.6447 399.9055 403.7865 -178.0256 385.9348 406.3092 -177.6447 399.9055 403.7865 -176.1716 400.0603 404.2191 -177.2336 401.0572 404.3707 -177.2127 399.1779 404.75 -178.2746 400.1747 404.9016 -176.1716 400.0603 404.2191 -177.6428 398.9146 403.4689 -176.6017 399.797 402.938 -177.2127 399.1779 404.75 -176.1716 400.0603 404.2191 -176.6017 399.797 402.938 -177.2336 401.0572 404.3707 -177.6637 400.794 403.0896 -178.7047 399.9115 403.6205 -178.2746 400.1747 404.9016 -176.6017 399.797 402.938 -177.6428 398.9146 403.4689 -177.6637 400.794 403.0896 -178.7047 399.9115 403.6205 -177.2127 399.1779 404.75 -178.2746 400.1747 404.9016 -177.6428 398.9146 403.4689 -178.7047 399.9115 403.6205 -179.643 384.0952 397.8886 -180.6234 383.7053 398.6982 -181.0194 384.1152 397.6379 -179.643 384.0952 397.8886 -180.3698 398.2268 395.9652 -180.6234 383.7053 398.6982 -180.0466 398.1662 395.6088 -181.0194 384.1152 397.6379 -180.5214 398.148 395.5113 -181.0194 384.1152 397.6379 -180.5214 398.148 395.5113 -179.0478 398.2785 395.9498 -180.1018 399.2794 396.1283 -180.0968 397.3899 396.4543 -181.1508 398.3907 396.6328 -179.0478 398.2785 395.9498 -180.5271 397.1665 395.1658 -179.4781 398.0551 394.6613 -180.0968 397.3899 396.4543 -179.0478 398.2785 395.9498 -179.4781 398.0551 394.6613 -180.1018 399.2794 396.1283 -180.5321 399.0559 394.8398 -181.5812 398.1673 395.3443 -181.1508 398.3907 396.6328 -179.4781 398.0551 394.6613 -180.5271 397.1665 395.1658 -180.5321 399.0559 394.8398 -181.5812 398.1673 395.3443 -180.0968 397.3899 396.4543 -181.1508 398.3907 396.6328 -180.5271 397.1665 395.1658 -181.5812 398.1673 395.3443 -232.4545 352.2763 241.2821 -233.3831 351.8604 242.1386 -233.8428 352.2667 241.103 -232.4545 352.2763 241.2821 -233.7081 369.9492 238.9096 -233.3831 351.8604 242.1386 -233.4025 369.8978 238.5365 -233.8428 352.2667 241.103 -233.8813 369.8696 238.4636 -233.8428 352.2667 241.103 -233.8813 369.8696 238.4636 -232.3901 370.0304 238.8264 -233.4552 371.0067 239.0659 -233.3919 369.1159 239.3782 -234.4569 370.092 239.6177 -232.3901 370.0304 238.8264 -233.3919 369.1159 239.3782 -232.8816 369.8048 237.5603 -233.8834 368.8904 238.1121 -232.3901 370.0304 238.8264 -232.8816 369.8048 237.5603 -233.9466 370.7811 237.7998 -233.4552 371.0067 239.0659 -234.9484 369.8665 238.3516 -234.4569 370.092 239.6177 -232.8816 369.8048 237.5603 -233.8834 368.8904 238.1121 -233.9466 370.7811 237.7998 -234.9484 369.8665 238.3516 -233.3919 369.1159 239.3782 -234.4569 370.092 239.6177 -233.8834 368.8904 238.1121 -234.9484 369.8665 238.3516 -133.0028 426.8171 535.0743 -190.3844 391.8466 366.44 -189.6024 392.5767 367.2777 -132.6033 427.3284 534.8319 -297.5698 343.991 51.40667 -225.4492 373.6922 261.9312 -207.2523 383.3755 317.5716 -175.6163 401.4154 410.5335 -133.2549 427.4604 535.0261 -331.083 334.2487 -47.06262 -332.0067 334.4171 -51.32255 -302.3232 342.8811 36.01447 -261.5881 357.7447 155.7482 -244.7621 365.1889 207.3261 -297.5698 343.991 51.40667 -190.3844 391.8466 366.44 -133.0028 426.8171 535.0743 -369.2596 327.6767 -159.3214 -370.0001 328.0944 -162.8587 -368.774 328.4437 -157.1764 -330.6541 335.0359 -45.09133 -302.4065 343.2043 37.89537 -331.083 334.2487 -47.06262 -399.2065 325.515 -247.3286 -398.7753 326.0362 -247.4781 -399.4188 326.1708 -247.2599 -399.2065 325.515 -247.3286 -369.2596 327.6767 -159.3214 -435.5403 325.1542 -354.1124 -434.6061 325.6695 -352.8095 -432.8569 325.769 -345.5216 -435.5403 325.1542 -354.1124 -466.4735 326.552 -445.035 -466.0468 327.0729 -445.1981 -466.6916 327.2076 -444.9833 -466.4735 326.552 -445.035 -132.9857 415.2036 538.0766 -178.8023 384.9385 402.6998 -178.2602 385.5427 402.8575 -132.5864 415.7141 537.8316 -226.0904 356.0282 262.9784 -225.3297 356.732 263.7609 -207.9301 367.1814 317.3468 -178.0591 386.2422 405.5898 -133.2387 415.8464 538.0237 -261.8004 338.3779 157.4442 -260.9912 339.072 158.4571 -245.3218 346.7974 206.8507 -226.0904 356.0282 262.9784 -178.8023 384.9385 402.6998 -132.9857 415.2036 538.0766 -302.7719 322.1008 36.38918 -302.1809 322.6783 36.70533 -302.2354 323.0189 38.68269 -302.7719 322.1008 36.38918 -261.8004 338.3779 157.4442 -329.8953 314.7462 -43.53056 -324.9401 316.2788 -30.39401 -329.6308 315.4734 -42.0221 -329.8953 314.7462 -43.53056 -368.7206 310.4714 -157.7686 -341.5859 313.5341 -79.36761 -368.2373 311.1927 -155.6247 -368.7206 310.4714 -157.7686 -416.5786 310.8553 -298.6163 -398.6783 310.8815 -247.33 -369.5283 310.9645 -161.4993 -399.3212 311.0167 -247.1096 -416.5786 310.8553 -298.6163 -467.3055 315.0334 -448.3401 -466.8755 315.5542 -448.4946 -434.0551 312.6651 -351.5994 -432.3054 312.6375 -344.293 -467.3055 315.0334 -448.3401 -467.5196 315.6894 -448.2781 308.637 116.6426 -87.78116 309.2916 116.176 -88.84058 310.0219 116.5446 -87.95779 308.637 116.6426 -87.78116 311.3136 132.417 -86.19989 309.2916 116.176 -88.84058 311.1093 132.3818 -85.76129 310.0219 116.5446 -87.95779 311.5883 132.3232 -85.81128 310.0219 116.5446 -87.95779 311.5883 132.3232 -85.81128 310.0669 132.5802 -85.78757 311.0963 133.4893 -86.29587 310.8376 131.6087 -86.56671 311.8671 132.518 -87.07504 310.0669 132.5802 -85.78757 310.8376 131.6087 -86.56671 310.8466 132.3141 -84.68457 311.6174 131.3427 -85.46368 310.0669 132.5802 -85.78757 310.8466 132.3141 -84.68457 311.0963 133.4893 -86.29587 311.876 133.2232 -85.19284 312.6467 132.2519 -85.97205 311.8671 132.518 -87.07504 310.8466 132.3141 -84.68457 311.6174 131.3427 -85.46368 311.876 133.2232 -85.19284 312.6467 132.2519 -85.97205 311.8671 132.518 -87.07504 312.6467 132.2519 -85.97205 310.8376 131.6087 -86.56671 311.6174 131.3427 -85.46368 315.2461 114.5248 -78.3541 315.9124 114.0543 -79.40443 316.6329 114.4197 -78.51191 315.2461 114.5248 -78.3541 317.9525 130.0902 -76.7728 315.9124 114.0543 -79.40443 317.7424 130.0563 -76.33701 316.6329 114.4197 -78.51191 318.2216 129.9952 -76.38049 316.6329 114.4197 -78.51191 318.2216 129.9952 -76.38049 316.7013 130.2599 -76.37744 317.742 131.1636 -76.87228 317.4776 129.2844 -77.14566 318.5182 130.1881 -77.64053 316.7013 130.2599 -76.37744 317.4776 129.2844 -77.14566 317.4648 129.9905 -75.26382 318.2411 129.0149 -76.03214 316.7013 130.2599 -76.37744 317.4648 129.9905 -75.26382 318.5055 130.8941 -75.7587 317.742 131.1636 -76.87228 319.2817 129.9186 -76.52695 318.5182 130.1881 -77.64053 317.4648 129.9905 -75.26382 318.2411 129.0149 -76.03214 318.5055 130.8941 -75.7587 319.2817 129.9186 -76.52695 318.5182 130.1881 -77.64053 319.2817 129.9186 -76.52695 317.4776 129.2844 -77.14566 318.2411 129.0149 -76.03214 379.0854 96.18527 13.16938 379.6922 95.64861 12.11489 380.4606 96.04897 12.95059 379.0854 96.18527 13.16938 381.8187 110.0919 13.64066 379.6922 95.64861 12.11489 381.6296 110.0847 14.08728 380.4606 96.04897 12.95059 382.1052 110.0132 14.02405 380.4606 96.04897 12.95059 382.1052 110.0132 14.02405 380.591 110.3033 14.08658 381.6188 111.162 13.49423 381.3145 109.2756 13.33502 382.3422 110.1342 12.74261 380.591 110.3033 14.08658 381.3145 109.2756 13.33502 381.4045 110.0802 15.17462 382.1279 109.0524 14.42303 380.591 110.3033 14.08658 381.4045 110.0802 15.17462 382.4323 110.9388 14.58234 381.6188 111.162 13.49423 383.1558 109.911 13.83069 382.3422 110.1342 12.74261 381.4045 110.0802 15.17462 382.1279 109.0524 14.42303 382.4323 110.9388 14.58234 383.1558 109.911 13.83069 381.3145 109.2756 13.33502 382.3422 110.1342 12.74261 382.1279 109.0524 14.42303 383.1558 109.911 13.83069 228.9799 150.4692 -202.3514 229.6424 150.1122 -203.4478 230.3661 150.3938 -202.528 228.9799 150.4692 -202.3514 231.47 165.1504 -199.4076 229.6424 150.1122 -203.4478 231.2633 165.071 -198.9759 230.3661 150.3938 -202.528 231.7427 165.0192 -199.0285 230.3661 150.3938 -202.528 231.7427 165.0192 -199.0285 230.2203 165.2678 -198.9889 231.2493 166.2262 -199.3978 230.9993 164.3812 -199.856 232.0283 165.3396 -200.2648 230.2203 165.2678 -198.9889 230.9993 164.3812 -199.856 230.9945 164.8957 -197.913 231.7735 164.0092 -198.78 230.2203 165.2678 -198.9889 230.9945 164.8957 -197.913 232.0234 165.8542 -198.3219 231.2493 166.2262 -199.3978 232.8024 164.9676 -199.189 232.0283 165.3396 -200.2648 230.9945 164.8957 -197.913 231.7735 164.0092 -198.78 232.0234 165.8542 -198.3219 232.8024 164.9676 -199.189 230.9993 164.3812 -199.856 232.0283 165.3396 -200.2648 231.7735 164.0092 -198.78 232.8024 164.9676 -199.189 162.0057 187.719 -298.4823 162.703 187.4465 -299.5814 163.3963 187.687 -298.6272 162.0057 187.719 -298.4823 163.7501 199.2991 -295.4996 162.703 187.4465 -299.5814 163.5349 199.1882 -295.0793 163.3963 187.687 -298.6272 164.0166 199.1506 -295.1225 163.3963 187.687 -298.6272 164.0166 199.1506 -295.1225 162.4881 199.3614 -295.1071 163.503 200.3669 -295.4285 163.3095 198.5493 -296.0073 164.3245 199.5548 -296.3286 162.4881 199.3614 -295.1071 164.0659 198.1279 -294.9368 163.2444 198.9401 -294.0367 163.3095 198.5493 -296.0073 162.4881 199.3614 -295.1071 163.2444 198.9401 -294.0367 164.2593 199.9455 -294.3581 163.503 200.3669 -295.4285 165.0808 199.1335 -295.2581 164.3245 199.5548 -296.3286 163.2444 198.9401 -294.0367 164.0659 198.1279 -294.9368 164.2593 199.9455 -294.3581 165.0808 199.1335 -295.2581 163.3095 198.5493 -296.0073 164.3245 199.5548 -296.3286 164.0659 198.1279 -294.9368 165.0808 199.1335 -295.2581 167.1221 184.9859 -291.0504 167.8183 184.6925 -292.1446 168.5121 184.9689 -291.2009 167.1221 184.9859 -291.0504 168.7023 196.4757 -288.454 167.8183 184.6925 -292.1446 168.4904 196.3736 -288.0297 168.5121 184.9689 -291.2009 168.9724 196.3415 -288.0742 168.5121 184.9689 -291.2009 168.9724 196.3415 -288.0742 167.4413 196.5318 -288.0575 168.4409 197.5417 -288.4113 168.2698 195.7061 -288.9385 169.2696 196.7161 -289.2924 167.4413 196.5318 -288.0575 168.2698 195.7061 -288.9385 168.2079 196.1507 -286.9794 169.0366 195.325 -287.8603 167.4413 196.5318 -288.0575 168.2079 196.1507 -286.9794 169.2075 197.1607 -287.3333 168.4409 197.5417 -288.4113 170.0362 196.3351 -288.2142 169.2696 196.7161 -289.2924 168.2079 196.1507 -286.9794 169.0366 195.325 -287.8603 169.2075 197.1607 -287.3333 170.0362 196.3351 -288.2142 168.2698 195.7061 -288.9385 169.2696 196.7161 -289.2924 169.0366 195.325 -287.8603 170.0362 196.3351 -288.2142 178.4836 178.3286 -276.1072 132.8576 205.3643 -341.6076 133.203 205.9646 -341.6269 190.2626 172.3563 -259.6983 225.6179 152.337 -208.4338 132.6268 205.9085 -341.2463 178.8414 178.5342 -274.8919 225.4295 152.8597 -207.9588 239.465 145.9995 -189.0501 262.362 134.403 -155.6035 132.8576 205.3643 -341.6076 178.4836 178.3286 -276.1072 225.6179 152.337 -208.4338 262.362 134.403 -155.6035 262.1544 134.9387 -155.36 273.6724 130.4172 -139.9278 307.1262 116.9978 -91.41301 306.8812 117.5544 -91.01171 307.1262 116.9978 -91.41301 312.6627 115.81 -83.96646 343.8542 105.761 -39.25694 343.3286 105.1868 -39.46115 343.3286 105.1868 -39.46115 343.0546 105.7482 -39.19843 384.3561 95.33865 18.79317 384.8214 94.54913 20.00099 380.9597 95.80882 15.15932 384.8214 94.54913 20.00099 432.9323 86.285 88.46948 432.6548 85.66091 88.58621 432.3624 86.22664 88.85928 432.6548 85.66091 88.58621 133.0542 217.2525 -338.7823 162.9341 200.096 -296.4212 133.1765 216.656 -339.1127 225.4031 168.319 -207.7861 192.8462 183.5501 -254.4694 164.7392 198.5633 -294.3737 176.545 191.7036 -276.4265 132.6243 216.7157 -338.6986 260.4906 153.015 -158.0586 246.079 158.461 -178.9961 224.6094 167.9449 -208.2101 225.4031 168.319 -207.7861 162.9341 200.096 -296.4212 133.0542 217.2525 -338.7823 305.8686 134.7531 -93.77268 293.4207 138.8787 -110.7172 320.998 128.8135 -72.86712 305.8686 134.7531 -93.77268 260.4906 153.015 -158.0586 341.5097 122.5587 -43.28082 320.0674 129.0277 -72.99014 354.0577 118.0871 -25.99091 341.5097 122.5587 -43.28082 432.1229 97.55122 85.06608 432.2963 96.93195 84.80828 388.0484 108.1972 23.32377 432.1229 97.55122 85.06608 431.7391 96.99402 85.21525</float_array>
          <technique_common>
            <accessor source="#wire_set1__OBJFrameSteelSet-position-array" count="3188" stride="3">
              <param name="X" type="float" />
              <param name="Y" type="float" />
              <param name="Z" type="float" />
            </accessor>
          </technique_common>
        </source>
        <source id="wire_set1__OBJFrameSteelSet-normal">
          <float_array id="wire_set1__OBJFrameSteelSet-normal-array" count="9564">0.9863014 0.1272016 0.109589 0.9373777 0.297456 0.183953 -0.6438356 0.03131115 0.7651663 -0.6438356 0.003913894 0.7651663 -0.6340509 0.2015656 0.7455969 0.9843444 0 0.1741683 -0.3522505 0.2544031 -0.9001957 -0.2818004 0.08610567 -0.9549902 -0.3385518 -0.04305284 -0.9393346 0.9843444 0 0.1741683 0.9373777 0.297456 0.183953 0.9863014 0.1272016 0.109589 -0.6438356 0.03131115 0.7651663 -0.2818004 0.08610567 -0.9549902 0.001956947 -1 0.037182 0.9863014 0.1272016 0.109589 -0.06849315 0.02544031 0.9980431 0.4716243 -0.7808219 0.4109589 0.4540117 0.8101761 0.3679061 0.9706458 0.003913894 -0.2387476 0.06849315 -0.02544031 -0.9980431 -0.4540117 -0.8101761 -0.3679061 -0.4716243 0.7808219 -0.4109589 -0.9706458 -0.003913894 0.2387476 -0.9706458 -0.003913894 0.2387476 -0.4540117 -0.8101761 -0.3679061 -0.06849315 0.02544031 0.9980431 0.4716243 -0.7808219 0.4109589 -0.9706458 -0.003913894 0.2387476 -0.06849315 0.02544031 0.9980431 0.4540117 0.8101761 0.3679061 -0.4716243 0.7808219 -0.4109589 0.9706458 0.003913894 -0.2387476 0.06849315 -0.02544031 -0.9980431 -0.4540117 -0.8101761 -0.3679061 0.06849315 -0.02544031 -0.9980431 0.4716243 -0.7808219 0.4109589 0.9706458 0.003913894 -0.2387476 0.9921722 0.1252446 0.02152642 0.9510763 0.295499 0.0998043 -0.5733855 0.03522505 0.8180039 -0.5733855 0.005870841 0.8180039 -0.5655577 0.2054795 0.7984344 0.9960861 -0.001956947 0.08610567 -0.4305284 0.2544031 -0.8669276 -0.3639922 0.08610567 -0.9275929 -0.4207436 -0.04305284 -0.9060665 0.9960861 -0.001956947 0.08610567 0.9510763 0.295499 0.0998043 0.9921722 0.1252446 0.02152642 -0.5733855 0.03522505 0.8180039 -0.3639922 0.08610567 -0.9275929 0.001956947 -1 0.037182 0.9921722 0.1252446 0.02152642 0.01956947 0.02739726 1 0.5029354 -0.7808219 0.3679061 0.4872798 0.8101761 0.3268102 0.9471624 0.001956947 -0.3228963 -0.01956947 -0.02739726 -1 -0.4872798 -0.8101761 -0.3268102 -0.5029354 0.7808219 -0.3679061 -0.9471624 -0.001956947 0.3228963 -0.4872798 -0.8101761 -0.3268102 0.5029354 -0.7808219 0.3679061 -0.9471624 -0.001956947 0.3228963 0.01956947 0.02739726 1 -0.9471624 -0.001956947 0.3228963 0.01956947 0.02739726 1 0.4872798 0.8101761 0.3268102 -0.5029354 0.7808219 -0.3679061 0.9471624 0.001956947 -0.3228963 -0.01956947 -0.02739726 -1 -0.4872798 -0.8101761 -0.3268102 -0.01956947 -0.02739726 -1 0.5029354 -0.7808219 0.3679061 0.9471624 0.001956947 -0.3228963 0.9921722 0.1252446 0.02152642 0.9510763 0.295499 0.0998043 -0.5733855 0.03522505 0.8180039 -0.5733855 0.005870841 0.8180039 -0.5655577 0.2054795 0.7984344 0.9960861 -0.001956947 0.08610567 -0.4305284 0.2544031 -0.8669276 -0.3639922 0.08610567 -0.9275929 -0.4207436 -0.04305284 -0.9060665 0.9960861 -0.001956947 0.08610567 0.9510763 0.295499 0.0998043 0.9921722 0.1252446 0.02152642 -0.5733855 0.03522505 0.8180039 -0.3639922 0.08610567 -0.9275929 0.001956947 -1 0.037182 0.9921722 0.1252446 0.02152642 0.01956947 0.02739726 1 0.5029354 -0.7808219 0.3679061 0.4872798 0.8101761 0.3268102 0.9471624 0.001956947 -0.3228963 -0.01956947 -0.02739726 -1 -0.4872798 -0.8101761 -0.3268102 -0.5029354 0.7808219 -0.3679061 -0.9471624 -0.001956947 0.3228963 -0.9471624 -0.001956947 0.3228963 -0.4872798 -0.8101761 -0.3268102 0.01956947 0.02739726 1 0.5029354 -0.7808219 0.3679061 -0.9471624 -0.001956947 0.3228963 0.01956947 0.02739726 1 0.4872798 0.8101761 0.3268102 -0.5029354 0.7808219 -0.3679061 0.9471624 0.001956947 -0.3228963 -0.01956947 -0.02739726 -1 -0.4872798 -0.8101761 -0.3268102 -0.01956947 -0.02739726 -1 0.5029354 -0.7808219 0.3679061 0.9471624 0.001956947 -0.3228963 0.7181996 -0.6966732 -0.02152642 0.7064579 -0.7084149 -0.02739726 -0.1037182 0.6360078 -0.7651663 0.6810176 -0.7299413 -0.04500978 -0.06262231 0.6712329 -0.7377691 -0.08806262 0.6477495 -0.7573385 -0.6164383 0.06066536 0.7847358 -0.6183953 0.0665362 0.7827789 0.6555773 -0.7534246 -0.06457926 -0.037182 0.6927593 -0.7201566 -0.6183953 0.06066536 0.7827789 -0.6183953 0.05870841 0.7827789 0.6810176 -0.7299413 -0.04500978 0.7064579 -0.7084149 -0.02739726 0.7181996 -0.6966732 -0.02152642 0.630137 -0.7729941 -0.08219178 -0.01369863 0.7103718 -0.704501 -0.6144814 0.06262231 0.7866927 0.630137 -0.7729941 -0.08219178 0.6555773 -0.7534246 -0.06457926 0.6066536 -0.7886497 -0.09784736 0.003913894 0.7221135 -0.6908023 -0.6105675 0.06457926 0.7886497 0.6066536 -0.7886497 -0.09784736 0.5909981 -0.8003914 -0.109589 0.01565558 0.7299413 -0.6829746 -0.6046967 0.06849315 0.7925636 0.5909981 -0.8003914 -0.109589 0.5772994 -0.8062623 -0.1193738 0.02348337 0.7358121 -0.6771037 -0.6007828 0.07240704 0.7964775 0.5772994 -0.8062623 -0.1193738 0.5596869 -0.8180039 -0.1311155 0.037182 0.7436399 -0.667319 -0.5968689 0.07436399 0.7984344 0.5596869 -0.8180039 -0.1311155 0.4990215 -0.849315 -0.1741683 0.09197652 0.7710372 -0.630137 -0.5909981 0.07632094 0.8023483 0.4990215 -0.849315 -0.1741683 0.4540117 -0.8669276 -0.2054795 0.1330724 0.7886497 -0.6007828 -0.5870842 0.07827789 0.8062623 0.4540117 -0.8669276 -0.2054795 0.4363992 -0.8727984 -0.2172211 0.148728 0.7925636 -0.5909981 -0.5851272 0.08023483 0.8062623 0.4363992 -0.8727984 -0.2172211 0.4227006 -0.8767123 -0.2270059 0.1604697 0.7984344 -0.5812133 -0.5831702 0.08023483 0.8082192 0.4227006 -0.8767123 -0.2270059 0.4148728 -0.8786693 -0.2328767 0.1682975 0.8003914 -0.5772994 -0.5831702 0.08023483 0.8082192 0.4148728 -0.8786693 -0.2328767 0.3013699 -0.9060665 -0.2994129 -0.5792564 0.08414873 0.8101761 -0.5772994 0.08610567 0.8121331 0.2876712 -0.9060665 -0.3091977 0.3209393 -0.9021527 -0.2876712 0.2778865 0.8121331 -0.5127202 0.2915851 0.81409 -0.5009785 -0.5812133 0.09001957 0.8082192 -0.5772994 0.09001957 0.8121331 0.2778865 -0.9060665 -0.3189824 -0.5831702 0.09001957 0.8082192 0.3365949 -0.9001957 -0.2759295 0.3013699 -0.9060665 -0.2994129 0.2876712 -0.9060665 -0.3091977 0.260274 0.8121331 -0.5205479 0.2994129 0.816047 -0.4931507 0.2778865 -0.9060665 -0.3189824 0.2465753 0.8101761 -0.5303327 -0.5772994 0.09001957 0.8121331 0.2720157 -0.9060665 -0.3228963 -0.5831702 0.08806262 0.8062623 0.2367906 0.8082192 -0.5381604 0.3483366 -0.8982387 -0.2681018 0.3209393 -0.9021527 -0.2876712 0.3365949 -0.9001957 -0.2759295 0.3052838 0.816047 -0.4892368 0.2720157 -0.9060665 -0.3228963 0.3483366 -0.8982387 -0.2681018 -0.5772994 0.09001957 0.8121331 0.2681018 -0.9060665 -0.3248532 -0.5851272 0.08610567 0.8062623 0.2270059 0.8062623 -0.5459883 0.3581213 -0.8962818 -0.260274 0.3072407 0.816047 -0.4872798 0.2681018 -0.9060665 -0.3248532 0.3581213 -0.8962818 -0.260274 -0.5851272 0.08806262 0.8062623 0.2172211 0.8062623 -0.5518591 0.369863 -0.8943248 -0.2544031 0.369863 -0.8943248 -0.2544031 -0.5870842 0.08806262 0.8043053 0.2054795 0.8023483 -0.5596869 0.3816047 -0.890411 -0.2446184 0.3816047 -0.890411 -0.2446184 -0.5870842 0.08806262 0.8043053 0.1956947 0.8003914 -0.5675147 0.3933464 -0.888454 -0.2367906 0.3933464 -0.888454 -0.2367906 -0.5890411 0.08806262 0.8043053 0.1878669 0.7984344 -0.5733855 0.4011742 -0.8864971 -0.2309198 0.4011742 -0.8864971 -0.2309198 -0.5890411 0.08806262 0.8023483 0.1819961 0.7964775 -0.5772994 0.4090019 -0.8845401 -0.2270059 0.4090019 -0.8845401 -0.2270059 -0.5909981 0.08806262 0.8023483 0.1800391 0.7964775 -0.5772994 0.4109589 -0.8845401 -0.2250489 0.4109589 -0.8845401 -0.2250489 -0.3385518 0.03913894 -0.9393346 -0.260274 0.2133072 -0.9412916 0.964775 0.1037182 0.2387476 0.9686888 0.07436399 0.2387476 0.9354208 0.2720157 0.2250489 -0.2739726 -0.08610567 -0.9569471 -0.6692759 0.2700587 0.6927593 -0.739726 0.09393346 0.6653621 -0.6927593 -0.02935421 0.7201566 -0.2739726 -0.08610567 -0.9569471 -0.260274 0.2133072 -0.9412916 -0.3385518 0.03913894 -0.9393346 0.964775 0.1037182 0.2387476 -0.739726 0.09393346 0.6653621 0.08806262 -0.9941292 0.05675147 -0.3385518 0.03913894 -0.9393346 0.9236791 0.04892368 -0.3796478 0.2054795 -0.8121331 -0.5440313 0.08610567 0.7729941 -0.62818 -0.6379648 -0.08806262 -0.7651663 -0.9236791 -0.04892368 0.3796478 -0.08610567 -0.7729941 0.62818 -0.2054795 0.8121331 0.5440313 0.6379648 0.08806262 0.7651663 0.6379648 0.08806262 0.7651663 -0.08610567 -0.7729941 0.62818 0.9236791 0.04892368 -0.3796478 0.2054795 -0.8121331 -0.5440313 0.6379648 0.08806262 0.7651663 0.9236791 0.04892368 -0.3796478 0.08610567 0.7729941 -0.62818 -0.2054795 0.8121331 0.5440313 -0.6379648 -0.08806262 -0.7651663 -0.9236791 -0.04892368 0.3796478 -0.08610567 -0.7729941 0.62818 -0.9236791 -0.04892368 0.3796478 0.2054795 -0.8121331 -0.5440313 -0.6379648 -0.08806262 -0.7651663 0.3268102 0.1193738 0.9373777 0.2407045 0.2896282 0.925636 -0.9667319 0.03913894 -0.2504892 -0.9686888 0.009784736 -0.2504892 -0.9452055 0.2093934 -0.2485323 0.2681018 -0.007827789 0.962818 0.6614481 0.2563601 -0.704501 0.7416829 0.08610567 -0.6653621 0.7005871 -0.04305284 -0.7123288 0.2681018 -0.007827789 0.962818 0.2407045 0.2896282 0.925636 0.3268102 0.1193738 0.9373777 -0.9667319 0.03913894 -0.2504892 0.7416829 0.08610567 -0.6653621 -0.03913894 -1 0.009784736 0.3268102 0.1193738 0.9373777 -0.9295499 0.02739726 0.369863 -0.1702544 -0.7847358 0.5968689 -0.1311155 0.8082192 0.5753425 0.6340509 -0.005870841 0.7729941 0.9295499 -0.02739726 -0.369863 0.1311155 -0.8082192 -0.5753425 0.1702544 0.7847358 -0.5968689 -0.6340509 0.005870841 -0.7729941 -0.6340509 0.005870841 -0.7729941 0.1311155 -0.8082192 -0.5753425 -0.9295499 0.02739726 0.369863 -0.1702544 -0.7847358 0.5968689 -0.6340509 0.005870841 -0.7729941 -0.9295499 0.02739726 0.369863 -0.1311155 0.8082192 0.5753425 0.1702544 0.7847358 -0.5968689 0.6340509 -0.005870841 0.7729941 0.9295499 -0.02739726 -0.369863 0.1311155 -0.8082192 -0.5753425 0.9295499 -0.02739726 -0.369863 -0.1702544 -0.7847358 0.5968689 0.6340509 -0.005870841 0.7729941 -0.6790606 -0.6810176 -0.2759295 -0.2465753 0.9686888 0.02739726 -0.2485323 0.9686888 0.03131115 -0.6751468 -0.6810176 -0.2798434 0.925636 -0.2876712 0.2485323 0.925636 -0.2896282 0.2465753 0.925636 -0.2915851 0.2426614 -0.2524462 0.9667319 0.04305284 -0.6731898 -0.6829746 -0.2857143 -0.6790606 -0.6810176 -0.2759295 -0.6751468 -0.6810176 -0.2798434 -0.6731898 -0.6829746 -0.2857143 0.9275929 -0.2857143 0.2387476 -0.2563601 0.964775 0.05870841 -0.6712329 -0.6790606 -0.297456 -0.6712329 -0.6790606 -0.297456 0.9295499 -0.2857143 0.2348337 -0.260274 0.962818 0.07240704 -0.6692759 -0.6771037 -0.3091977 -0.6692759 -0.6771037 -0.3091977 0.9295499 -0.2857143 0.2309198 -0.2641879 0.960861 0.08806262 -0.6653621 -0.6751468 -0.3189824 -0.6653621 -0.6751468 -0.3189824 0.9315069 -0.2837573 0.2270059 -0.2700587 0.9569471 0.1037182 -0.6614481 -0.6731898 -0.3287671 -0.6614481 -0.6731898 -0.3287671 0.9334638 -0.2837573 0.221135 -0.2739726 0.9549902 0.1174168 -0.6594912 -0.6712329 -0.3405088 -0.6594912 -0.6712329 -0.3405088 0.9334638 -0.2818004 0.2172211 -0.2778865 0.9510763 0.1311155 -0.6555773 -0.6692759 -0.3483366 -0.6555773 -0.6692759 -0.3483366 0.9354208 -0.2818004 0.2152642 -0.2798434 0.9491194 0.1409002 -0.6536204 -0.667319 -0.3561644 -0.6536204 -0.667319 -0.3561644 0.9354208 -0.2818004 0.2133072 -0.2837573 0.9471624 0.148728 -0.6516634 -0.6653621 -0.3620352 -0.6516634 -0.6653621 -0.3620352 0.9373777 -0.2798434 0.2113503 -0.2857143 0.9452055 0.1585127 -0.6497065 -0.6653621 -0.3679061 -0.6497065 -0.6653621 -0.3679061 0.9373777 -0.2798434 0.2035225 -0.2915851 0.9393346 0.1780822 -0.6457925 -0.6594912 -0.3835616 -0.6457925 -0.6594912 -0.3835616 0.9393346 -0.2778865 0.2015656 -0.295499 0.9354208 0.1898239 -0.6438356 -0.6575342 -0.3913894 -0.6438356 -0.6575342 -0.3913894 0.9412916 -0.2778865 0.1976517 -0.2994129 0.9315069 0.2015656 -0.6418787 -0.6555773 -0.3992172 -0.6418787 -0.6555773 -0.3992172 0.9412916 -0.2778865 0.1937378 -0.6379648 -0.6536204 -0.407045 -0.3033268 0.9295499 0.2133072 -0.6379648 -0.6536204 -0.407045 0.9432485 -0.2739726 0.1917808 -0.3052838 0.925636 0.223092 -0.6360078 -0.6516634 -0.4129159 -0.6360078 -0.6516634 -0.4129159 0.9432485 -0.2739726 0.1878669 -0.3091977 0.9217221 0.2309198 -0.6340509 -0.6477495 -0.4207436 -0.6340509 -0.6477495 -0.4207436 0.9432485 -0.2739726 0.18591 -0.3091977 0.9217221 0.2367906 -0.6340509 -0.6477495 -0.4227006 -0.6340509 -0.6477495 -0.4227006 -0.7906067 0.0998043 -0.6027398 -0.7162427 0.2504892 -0.6516634 0.9432485 0.01956947 -0.3287671 0.9452055 -0.007827789 -0.3287671 0.9275929 0.1761252 -0.3268102 -0.7573385 -0.02739726 -0.6516634 -0.1604697 0.2798434 0.9471624 -0.2465753 0.1291585 0.960861 -0.1878669 0.001956947 0.9823875 -0.7573385 -0.02739726 -0.6516634 -0.7162427 0.2504892 -0.6516634 -0.7906067 0.0998043 -0.6027398 0.9432485 0.01956947 -0.3287671 -0.2465753 0.1291585 0.960861 0.01956947 -1 0.01174168 -0.7906067 0.0998043 -0.6027398 0.5694716 -0.009784736 -0.8219178 -0.1937378 -0.8062623 -0.55773 -0.2035225 0.7847358 -0.5851272 -0.9569471 -0.009784736 -0.2915851 -0.5694716 0.009784736 0.8219178 0.2035225 -0.7847358 0.5851272 0.1937378 0.8062623 0.55773 0.9569471 0.009784736 0.2915851 0.9569471 0.009784736 0.2915851 0.2035225 -0.7847358 0.5851272 0.5694716 -0.009784736 -0.8219178 -0.1937378 -0.8062623 -0.55773 0.9569471 0.009784736 0.2915851 0.5694716 -0.009784736 -0.8219178 -0.2035225 0.7847358 -0.5851272 0.1937378 0.8062623 0.55773 -0.9569471 -0.009784736 -0.2915851 -0.5694716 0.009784736 0.8219178 -0.5694716 0.009784736 0.8219178 -0.9569471 -0.009784736 -0.2915851 0.2035225 -0.7847358 0.5851272 -0.1937378 -0.8062623 -0.55773 -0.8121331 0.1135029 -0.5714286 -0.7632094 0.1565558 -0.6262231 0.9315069 0.037182 -0.3620352 0.9315069 0.01369863 -0.3620352 0.925636 0.1193738 -0.3581213 -0.778865 -0.003913894 -0.6262231 -0.1389433 0.1389433 0.9804305 -0.2133072 0.09589041 0.9726027 -0.1526419 -0.02348337 0.9882583 -0.778865 -0.003913894 -0.6262231 -0.7632094 0.1565558 -0.6262231 -0.8121331 0.1135029 -0.5714286 0.9315069 0.037182 -0.3620352 -0.2133072 0.09589041 0.9726027 0.02544031 -1 -0.02152642 -0.8121331 0.1135029 -0.5714286 0.5401174 0.02152642 -0.8414873 -0.2093934 -0.7906067 -0.5772994 -0.2289628 0.8023483 -0.5518591 -0.9667319 -0.007827789 -0.258317 -0.5401174 -0.02152642 0.8414873 0.2289628 -0.8023483 0.5518591 0.2093934 0.7906067 0.5772994 0.9667319 0.007827789 0.258317 0.9667319 0.007827789 0.258317 0.2289628 -0.8023483 0.5518591 0.5401174 0.02152642 -0.8414873 -0.2093934 -0.7906067 -0.5772994 0.9667319 0.007827789 0.258317 0.5401174 0.02152642 -0.8414873 -0.2289628 0.8023483 -0.5518591 0.2093934 0.7906067 0.5772994 -0.9667319 -0.007827789 -0.258317 -0.5401174 -0.02152642 0.8414873 0.2289628 -0.8023483 0.5518591 -0.5401174 -0.02152642 0.8414873 -0.2093934 -0.7906067 -0.5772994 -0.9667319 -0.007827789 -0.258317 -0.7866927 0.1037182 -0.6066536 -0.7358121 0.1448141 -0.6614481 0.9471624 0.0332681 -0.3209393 0.9471624 0.01174168 -0.3209393 0.9412916 0.1135029 -0.3189824 -0.7514677 -0.01369863 -0.6594912 -0.1819961 0.148728 0.9726027 -0.2563601 0.109589 0.960861 -0.1956947 -0.009784736 0.9804305 -0.7514677 -0.01369863 -0.6594912 -0.7358121 0.1448141 -0.6614481 -0.7866927 0.1037182 -0.6066536 0.9471624 0.0332681 -0.3209393 -0.2563601 0.109589 0.960861 0.02739726 -1 -0.005870841 -0.7866927 0.1037182 -0.6066536 0.5753425 0.009784736 -0.8180039 -0.1819961 -0.7984344 -0.5753425 -0.2054795 0.7945206 -0.5714286 -0.9549902 -0.01369863 -0.2994129 -0.5753425 -0.009784736 0.8180039 0.2054795 -0.7945206 0.5714286 0.1819961 0.7984344 0.5753425 0.9549902 0.01369863 0.2994129 0.2054795 -0.7945206 0.5714286 -0.1819961 -0.7984344 -0.5753425 0.9549902 0.01369863 0.2994129 0.5753425 0.009784736 -0.8180039 0.9549902 0.01369863 0.2994129 0.5753425 0.009784736 -0.8180039 -0.2054795 0.7945206 -0.5714286 0.1819961 0.7984344 0.5753425 -0.9549902 -0.01369863 -0.2994129 -0.5753425 -0.009784736 0.8180039 0.2054795 -0.7945206 0.5714286 -0.5753425 -0.009784736 0.8180039 -0.1819961 -0.7984344 -0.5753425 -0.9549902 -0.01369863 -0.2994129 -0.7906067 0.0998043 -0.6027398 -0.7436399 0.1135029 -0.6594912 0.9432485 0.01956947 -0.3287671 0.9452055 -0.001956947 -0.3287671 0.9412916 0.08414873 -0.3287671 -0.7573385 -0.01956947 -0.6536204 -0.1761252 0.1448141 0.9745597 -0.2465753 0.1291585 0.960861 -0.1878669 0.01174168 0.9823875 -0.7573385 -0.01956947 -0.6536204 -0.7436399 0.1135029 -0.6594912 -0.7906067 0.0998043 -0.6027398 0.9432485 0.01956947 -0.3287671 -0.2465753 0.1291585 0.960861 0.01956947 -1 0.01174168 -0.7906067 0.0998043 -0.6027398 0.5694716 -0.009784736 -0.8219178 -0.1937378 -0.8062623 -0.55773 -0.2035225 0.7847358 -0.5851272 -0.9569471 -0.009784736 -0.2915851 -0.5694716 0.009784736 0.8219178 0.2035225 -0.7847358 0.5851272 0.1937378 0.8062623 0.55773 0.9569471 0.009784736 0.2915851 0.9569471 0.009784736 0.2915851 0.2035225 -0.7847358 0.5851272 0.5694716 -0.009784736 -0.8219178 -0.1937378 -0.8062623 -0.55773 0.9569471 0.009784736 0.2915851 0.5694716 -0.009784736 -0.8219178 -0.2035225 0.7847358 -0.5851272 0.1937378 0.8062623 0.55773 -0.9569471 -0.009784736 -0.2915851 -0.5694716 0.009784736 0.8219178 -0.5694716 0.009784736 0.8219178 -0.9569471 -0.009784736 -0.2915851 0.2035225 -0.7847358 0.5851272 -0.1937378 -0.8062623 -0.55773 -0.7886497 0.06849315 -0.6105675 -0.7436399 0.06457926 -0.6653621 0.9452055 0.01956947 -0.3228963 0.9471624 -0.001956947 -0.3228963 0.9432485 0.07240704 -0.3248532 -0.7514677 -0.05088063 -0.6575342 -0.18591 0.1585127 0.9686888 -0.2544031 0.1585127 0.9530333 -0.1956947 0.04500978 0.9804305 -0.7514677 -0.05088063 -0.6575342 -0.7436399 0.06457926 -0.6653621 -0.7886497 0.06849315 -0.6105675 0.9452055 0.01956947 -0.3228963 -0.2544031 0.1585127 0.9530333 0.03131115 -0.9980431 0.04696673 -0.7886497 0.06849315 -0.6105675 0.5733855 -0.03131115 -0.8180039 -0.1800391 -0.8277887 -0.5303327 -0.2093934 0.7612525 -0.6125244 -0.9549902 -0.03131115 -0.297456 -0.5733855 0.03131115 0.8180039 0.2093934 -0.7612525 0.6125244 0.1800391 0.8277887 0.5303327 0.9549902 0.03131115 0.297456 0.9549902 0.03131115 0.297456 0.2093934 -0.7612525 0.6125244 0.5733855 -0.03131115 -0.8180039 -0.1800391 -0.8277887 -0.5303327 0.9549902 0.03131115 0.297456 0.5733855 -0.03131115 -0.8180039 -0.2093934 0.7612525 -0.6125244 0.1800391 0.8277887 0.5303327 -0.9549902 -0.03131115 -0.297456 -0.5733855 0.03131115 0.8180039 -0.5733855 0.03131115 0.8180039 -0.9549902 -0.03131115 -0.297456 0.2093934 -0.7612525 0.6125244 -0.1800391 -0.8277887 -0.5303327 -0.7886497 0.06849315 -0.6105675 -0.7436399 0.06457926 -0.6653621 0.9452055 0.01761252 -0.3228963 0.9471624 -0.001956947 -0.3228963 0.9432485 0.0704501 -0.3248532 -0.7514677 -0.05088063 -0.6575342 -0.18591 0.1585127 0.9686888 -0.2544031 0.1604697 0.9530333 -0.1956947 0.04500978 0.9804305 -0.7514677 -0.05088063 -0.6575342 -0.7436399 0.06457926 -0.6653621 -0.7886497 0.06849315 -0.6105675 0.9452055 0.01761252 -0.3228963 -0.2544031 0.1604697 0.9530333 0.02935421 -0.9980431 0.04696673 -0.7886497 0.06849315 -0.6105675 0.5753425 -0.0332681 -0.8180039 -0.1819961 -0.8277887 -0.5303327 -0.2074364 0.7612525 -0.6125244 -0.9549902 -0.03131115 -0.297456 -0.5733855 0.0332681 0.8180039 0.2074364 -0.7612525 0.6125244 0.1819961 0.8277887 0.5303327 0.9549902 0.03131115 0.297456 0.2074364 -0.7612525 0.6125244 -0.1819961 -0.8277887 -0.5303327 0.9549902 0.03131115 0.297456 0.5753425 -0.0332681 -0.8180039 0.9549902 0.03131115 0.297456 0.5753425 -0.0332681 -0.8180039 -0.2074364 0.7612525 -0.6125244 0.1819961 0.8277887 0.5303327 -0.9549902 -0.03131115 -0.297456 -0.5733855 0.0332681 0.8180039 -0.5733855 0.0332681 0.8180039 -0.9549902 -0.03131115 -0.297456 0.2074364 -0.7612525 0.6125244 -0.1819961 -0.8277887 -0.5303327 -0.778865 -0.005870841 -0.6262231 -0.7240704 0.03131115 -0.6888454 0.9491194 -0.04892368 -0.3072407 0.9491194 -0.0704501 -0.3033268 0.9452055 0.037182 -0.3228963 -0.7455969 -0.1330724 -0.6536204 -0.1878669 0.3522505 0.9178082 -0.2622309 0.3033268 0.9158513 -0.2054795 0.1898239 0.960861 -0.7455969 -0.1330724 -0.6536204 -0.7240704 0.03131115 -0.6888454 -0.778865 -0.005870841 -0.6262231 0.9491194 -0.04892368 -0.3072407 -0.2622309 0.3033268 0.9158513 0.007827789 -0.9804305 0.1937378 -0.778865 -0.005870841 -0.6262231 0.5831702 -0.1643836 -0.7964775 -0.1937378 -0.8943248 -0.4050881 -0.183953 0.667319 -0.7221135 -0.9510763 -0.05675147 -0.3033268 -0.5831702 0.1643836 0.7964775 0.183953 -0.667319 0.7221135 0.1937378 0.8943248 0.4050881 0.9510763 0.05675147 0.3033268 0.9510763 0.05675147 0.3033268 0.183953 -0.667319 0.7221135 0.5831702 -0.1643836 -0.7964775 -0.1937378 -0.8943248 -0.4050881 0.9510763 0.05675147 0.3033268 0.5831702 -0.1643836 -0.7964775 -0.183953 0.667319 -0.7221135 0.1937378 0.8943248 0.4050881 -0.9510763 -0.05675147 -0.3033268 -0.5831702 0.1643836 0.7964775 -0.5831702 0.1643836 0.7964775 -0.9510763 -0.05675147 -0.3033268 0.183953 -0.667319 0.7221135 -0.1937378 -0.8943248 -0.4050881 -0.7808219 -0.01761252 -0.6242661 -0.7299413 0.005870841 -0.6829746 0.9491194 -0.0332681 -0.3111546 0.9491194 -0.05479452 -0.3072407 0.9452055 0.04305284 -0.3248532 -0.7455969 -0.1448141 -0.6497065 -0.1917808 0.334638 0.9217221 -0.2641879 0.2994129 0.9178082 -0.2054795 0.1878669 0.960861 -0.7455969 -0.1448141 -0.6497065 -0.7299413 0.005870841 -0.6829746 -0.7808219 -0.01761252 -0.6242661 0.9491194 -0.0332681 -0.3111546 -0.2641879 0.2994129 0.9178082 0.02348337 -0.9804305 0.1937378 -0.7808219 -0.01761252 -0.6242661 0.5831702 -0.1545988 -0.7984344 -0.1800391 -0.8962818 -0.4050881 -0.1976517 0.6653621 -0.7201566 -0.9510763 -0.0704501 -0.2994129 -0.5831702 0.1545988 0.7984344 0.1976517 -0.6653621 0.7201566 0.1800391 0.8962818 0.4050881 0.9510763 0.0704501 0.2994129 0.1976517 -0.6653621 0.7201566 -0.1800391 -0.8962818 -0.4050881 0.9510763 0.0704501 0.2994129 0.5831702 -0.1545988 -0.7984344 0.9510763 0.0704501 0.2994129 0.5831702 -0.1545988 -0.7984344 0.1800391 0.8962818 0.4050881 -0.1976517 0.6653621 -0.7201566 -0.9510763 -0.0704501 -0.2994129 -0.5831702 0.1545988 0.7984344 0.1976517 -0.6653621 0.7201566 -0.5831702 0.1545988 0.7984344 -0.1800391 -0.8962818 -0.4050881 -0.9510763 -0.0704501 -0.2994129 -0.7808219 0.005870841 -0.6242661 -0.7299413 0.03131115 -0.6829746 0.9491194 -0.0332681 -0.3111546 0.9491194 -0.05283757 -0.3072407 0.9452055 0.04500978 -0.3228963 -0.7455969 -0.1193738 -0.6555773 -0.1898239 0.3111546 0.9315069 -0.2622309 0.2739726 0.925636 -0.2054795 0.1624266 0.964775 -0.7455969 -0.1193738 -0.6555773 -0.7299413 0.03131115 -0.6829746 -0.7808219 0.005870841 -0.6242661 0.9491194 -0.0332681 -0.3111546 -0.2622309 0.2739726 0.925636 0.01565558 -0.9863014 0.1663405 -0.7808219 0.005870841 -0.6242661 0.5831702 -0.1369863 -0.8003914 -0.1878669 -0.8825831 -0.4305284 -0.1917808 0.6868885 -0.702544 -0.9510763 -0.05479452 -0.3033268 -0.5831702 0.1369863 0.8003914 0.1917808 -0.6868885 0.702544 0.1878669 0.8825831 0.4305284 0.9510763 0.05479452 0.3033268 0.1917808 -0.6868885 0.702544 -0.1878669 -0.8825831 -0.4305284 0.9510763 0.05479452 0.3033268 0.5831702 -0.1369863 -0.8003914 0.9510763 0.05479452 0.3033268 0.5831702 -0.1369863 -0.8003914 0.1878669 0.8825831 0.4305284 -0.1917808 0.6868885 -0.702544 -0.9510763 -0.05479452 -0.3033268 -0.5831702 0.1369863 0.8003914 0.1917808 -0.6868885 0.702544 -0.5831702 0.1369863 0.8003914 -0.1878669 -0.8825831 -0.4305284 -0.9510763 -0.05479452 -0.3033268 -0.8121331 -0.007827789 -0.5831702 -0.7671233 -0.005870841 -0.6418787 0.9334638 -0.009784736 -0.3600783 0.9334638 -0.02935421 -0.3561644 0.9275929 0.05088063 -0.369863 -0.776908 -0.1311155 -0.6164383 -0.1506849 0.2778865 0.9491194 -0.221135 0.2641879 0.9393346 -0.1585127 0.1526419 0.9765166 -0.776908 -0.1311155 -0.6164383 -0.7671233 -0.005870841 -0.6418787 -0.8121331 -0.007827789 -0.5831702 0.9334638 -0.009784736 -0.3600783 -0.221135 0.2641879 0.9393346 0.04696673 -0.9863014 0.1585127 -0.8121331 -0.007827789 -0.5831702 0.5440313 -0.1193738 -0.8317025 -0.1898239 -0.8845401 -0.4266145 -0.2426614 0.6868885 -0.6868885 -0.964775 -0.07436399 -0.2544031 -0.5440313 0.1193738 0.8317025 0.2426614 -0.6868885 0.6868885 0.1898239 0.8845401 0.4266145 0.964775 0.07436399 0.2544031 0.964775 0.07436399 0.2544031 0.2426614 -0.6868885 0.6868885 0.5440313 -0.1193738 -0.8317025 -0.1898239 -0.8845401 -0.4266145 0.964775 0.07436399 0.2544031 0.5440313 -0.1193738 -0.8317025 -0.2426614 0.6868885 -0.6868885 0.1898239 0.8845401 0.4266145 -0.964775 -0.07436399 -0.2544031 -0.5440313 0.1193738 0.8317025 0.2426614 -0.6868885 0.6868885 -0.5440313 0.1193738 0.8317025 -0.1898239 -0.8845401 -0.4266145 -0.964775 -0.07436399 -0.2544031 -0.1232877 -0.962818 0.2426614 -0.1232877 -0.962818 0.2426614 0.8767123 0.3150685 -0.3639922 0.8767123 0.3170255 -0.3639922 -0.1213307 -0.962818 0.2446184 0.8767123 0.3150685 -0.3639922 -0.7534246 0.6457925 0.1213307 -0.7534246 0.6457925 0.1213307 -0.7534246 0.6457925 0.1213307 -0.1232877 -0.962818 0.2407045 0.8767123 0.3170255 -0.3639922 -0.7534246 0.6457925 0.1232877 -0.1232877 -0.962818 0.2407045 -0.1213307 -0.962818 0.2446184 -0.1232877 -0.962818 0.2426614 -0.1232877 -0.962818 0.2426614 -0.1252446 -0.962818 0.2367906 0.8767123 0.3150685 -0.3620352 -0.7534246 0.6457925 0.1252446 -0.1252446 -0.962818 0.2367906 -0.1252446 -0.964775 0.2328767 0.8767123 0.3170255 -0.3600783 -0.7514677 0.6477495 0.1272016 -0.1252446 -0.964775 0.2328767 -0.1291585 -0.9667319 0.223092 0.8786693 0.3170255 -0.3581213 -0.7495108 0.6497065 0.1350294 -0.1291585 -0.9667319 0.223092 -0.1330724 -0.9686888 0.2113503 0.8786693 0.3189824 -0.3542074 -0.7455969 0.6497065 0.1428571 -0.1330724 -0.9686888 0.2113503 -0.1369863 -0.9706458 0.1996086 0.8806262 0.3189824 -0.3502935 -0.7436399 0.6516634 0.1506849 -0.1369863 -0.9706458 0.1996086 -0.1409002 -0.9726027 0.18591 0.8825831 0.3189824 -0.3463796 -0.739726 0.6536204 0.1585127 -0.1409002 -0.9726027 0.18591 -0.146771 -0.9745597 0.1741683 0.8845401 0.3189824 -0.3424658 -0.7377691 0.6536204 0.1682975 -0.146771 -0.9745597 0.1741683 -0.148728 -0.9745597 0.1643836 0.8845401 0.3209393 -0.3385518 -0.7358121 0.6555773 0.1741683 -0.148728 -0.9745597 0.1643836 -0.1545988 -0.9765166 0.1526419 0.8864971 0.3209393 -0.334638 -0.7318982 0.6555773 0.1819961 -0.1545988 -0.9765166 0.1526419 -0.1585127 -0.9784736 0.1389433 0.888454 0.3209393 -0.3307241 -0.7299413 0.6555773 0.1898239 -0.1585127 -0.9784736 0.1389433 -0.1624266 -0.9784736 0.1252446 0.888454 0.3209393 -0.3248532 -0.7260274 0.6575342 0.1996086 -0.1624266 -0.9784736 0.1252446 -0.1722113 -0.9804305 0.09784736 0.8923679 0.3228963 -0.3170255 -0.7201566 0.6575342 0.2191781 -0.1722113 -0.9804305 0.09784736 -0.1761252 -0.9804305 0.08414873 0.8943248 0.3228963 -0.3111546 -0.7181996 0.6594912 0.2270059 -0.1761252 -0.9804305 0.08414873 -0.1800391 -0.9804305 0.07240704 0.8943248 0.3228963 -0.3091977 -0.7142857 0.6594912 0.2348337 -0.1800391 -0.9804305 0.07240704 -0.183953 -0.9804305 0.06262231 0.8962818 0.3228963 -0.3052838 -0.7123288 0.6594912 0.2426614 -0.183953 -0.9804305 0.06262231 -0.18591 -0.9804305 0.05675147 0.8962818 0.3228963 -0.3033268 -0.7103718 0.6594912 0.2465753 -0.18591 -0.9804305 0.05675147 -0.1878669 -0.9804305 0.05283757 0.8982387 0.3228963 -0.3013699 -0.7103718 0.6594912 0.2485323 -0.1878669 -0.9804305 0.05283757 -0.1898239 -0.9804305 0.04696673 0.8982387 0.3228963 -0.2994129 -0.7084149 0.6594912 0.2524462 -0.1898239 -0.9804305 0.04696673 -0.1213307 -0.960861 0.2485323 -0.1213307 -0.960861 0.2524462 0.8767123 0.3150685 -0.3659491 0.8767123 0.3150685 -0.3639922 -0.1193738 -0.9589041 0.258317 0.8747554 0.3150685 -0.3679061 -0.7573385 0.6438356 0.109589 -0.7553816 0.6457925 0.1135029 -0.7553816 0.6457925 0.1154599 -0.1193738 -0.9589041 0.258317 0.8747554 0.3150685 -0.3679061 -0.7573385 0.6438356 0.109589 -0.1193738 -0.9589041 0.258317 -0.1193738 -0.9589041 0.258317 -0.1213307 -0.960861 0.2524462 -0.1213307 -0.960861 0.2485323 -0.1193738 -0.9589041 0.2563601 0.8767123 0.3131115 -0.3659491 -0.7573385 0.6438356 0.111546 -0.1193738 -0.9589041 0.2563601 -0.1213307 -0.960861 0.2524462 0.8767123 0.3150685 -0.3659491 -0.7553816 0.6457925 0.1135029 -0.1213307 -0.960861 0.2524462 -0.1232877 -0.962818 0.2426614 0.8767123 0.3150685 -0.3620352 -0.7534246 0.6477495 0.1213307 -0.1232877 -0.962818 0.2426614 -0.1291585 -0.964775 0.2289628 0.8786693 0.3170255 -0.3581213 -0.7495108 0.6477495 0.1291585 -0.1291585 -0.964775 0.2289628 -0.1330724 -0.9667319 0.2152642 0.8806262 0.3170255 -0.3542074 -0.7475538 0.6497065 0.1389433 -0.1330724 -0.9667319 0.2152642 -0.1389433 -0.9706458 0.1996086 0.8825831 0.3189824 -0.3483366 -0.7436399 0.6516634 0.148728 -0.1389433 -0.9706458 0.1996086 -0.1428571 -0.9726027 0.183953 0.8825831 0.3189824 -0.3424658 -0.739726 0.6536204 0.1604697 -0.1428571 -0.9726027 0.183953 -0.148728 -0.9745597 0.1702544 0.8845401 0.3189824 -0.3385518 -0.7358121 0.6555773 0.1682975 -0.148728 -0.9745597 0.1702544 -0.1565558 -0.9765166 0.148728 0.8864971 0.3209393 -0.332681 -0.7318982 0.6555773 0.183953 -0.1565558 -0.9765166 0.148728 -0.1624266 -0.9784736 0.1272016 0.888454 0.3209393 -0.3268102 -0.7260274 0.6575342 0.1976517 -0.1624266 -0.9784736 0.1272016 -0.1682975 -0.9804305 0.109589 0.8923679 0.3209393 -0.3189824 -0.7221135 0.6594912 0.2113503 -0.1682975 -0.9804305 0.109589 -0.1800391 -0.9804305 0.07632094 0.8943248 0.3209393 -0.3091977 -0.7142857 0.6594912 0.2328767 -0.1800391 -0.9804305 0.07632094 -0.183953 -0.9804305 0.06262231 0.8962818 0.3209393 -0.3052838 -0.7123288 0.6594912 0.2407045 -0.183953 -0.9804305 0.06262231 -0.1878669 -0.9804305 0.05283757 0.8982387 0.3209393 -0.3013699 -0.7103718 0.6594912 0.2485323 -0.1878669 -0.9804305 0.05283757 -0.1917808 -0.9804305 0.04500978 0.8982387 0.3209393 -0.297456 -0.7084149 0.6594912 0.2544031 -0.1917808 -0.9804305 0.04500978 -0.1917808 -0.9804305 0.04109589 0.8982387 0.3209393 -0.297456 -0.7064579 0.6594912 0.2563601 -0.1917808 -0.9804305 0.04109589 -0.1937378 -0.9804305 0.03913894 0.9001957 0.3209393 -0.295499 -0.7064579 0.6594912 0.258317 -0.1937378 -0.9804305 0.03913894 -0.1937378 -0.9804305 0.03522505 0.9001957 0.3209393 -0.295499 -0.7064579 0.6594912 0.260274 -0.1937378 -0.9804305 0.03522505 0.9315069 -0.06262231 0.3600783 0.9021527 -0.04892368 0.4285714 -0.8101761 0.04696673 0.5831702 -0.81409 0.02544031 0.5812133 -0.7984344 0.1135029 0.5909981 0.8962818 -0.18591 0.4011742 -0.07632094 0.2857143 -0.9549902 -0.007827789 0.2563601 -0.9667319 -0.08414873 0.148728 -0.9843444 0.8962818 -0.18591 0.4011742 0.9021527 -0.04892368 0.4285714 0.9315069 -0.06262231 0.3600783 -0.8101761 0.04696673 0.5831702 -0.007827789 0.2563601 -0.9667319 -0.146771 -0.9804305 -0.1330724 0.9315069 -0.06262231 0.3600783 -0.3228963 -0.09197652 0.9412916 0.2348337 -0.8982387 0.37182 0.4500979 0.6634051 0.5968689 0.9902152 -0.1369863 0.003913894 0.3228963 0.09197652 -0.9412916 -0.4500979 -0.6634051 -0.5968689 -0.2348337 0.8982387 -0.37182 -0.9902152 0.1369863 -0.003913894 -0.9902152 0.1369863 -0.003913894 -0.4500979 -0.6634051 -0.5968689 -0.3228963 -0.09197652 0.9412916 0.2348337 -0.8982387 0.37182 -0.9902152 0.1369863 -0.003913894 -0.3228963 -0.09197652 0.9412916 -0.2348337 0.8982387 -0.37182 0.4500979 0.6634051 0.5968689 0.9902152 -0.1369863 0.003913894 0.3228963 0.09197652 -0.9412916 0.3228963 0.09197652 -0.9412916 0.9902152 -0.1369863 0.003913894 -0.4500979 -0.6634051 -0.5968689 0.2348337 -0.8982387 0.37182 0.925636 -0.06849315 0.37182 0.8962818 -0.05088063 0.4403131 -0.8180039 0.05088063 0.5733855 -0.8199608 0.02935421 0.5694716 -0.8043053 0.1193738 0.5812133 0.890411 -0.1898239 0.4148728 -0.06262231 0.2876712 -0.9549902 0.007827789 0.2563601 -0.9667319 -0.0704501 0.148728 -0.9863014 0.890411 -0.1898239 0.4148728 0.8962818 -0.05088063 0.4403131 0.925636 -0.06849315 0.37182 -0.8180039 0.05088063 0.5733855 0.007827789 0.2563601 -0.9667319 -0.148728 -0.9804305 -0.1350294 0.925636 -0.06849315 0.37182 -0.334638 -0.09001957 0.9373777 0.2250489 -0.8982387 0.3757339 0.4461839 0.6614481 0.6027398 0.9902152 -0.1409002 0.01565558 0.334638 0.09001957 -0.9373777 -0.4461839 -0.6614481 -0.6027398 -0.2250489 0.8982387 -0.3757339 -0.9902152 0.1409002 -0.01565558 -0.9902152 0.1409002 -0.01565558 -0.4461839 -0.6614481 -0.6027398 -0.334638 -0.09001957 0.9373777 0.2250489 -0.8982387 0.3757339 -0.9902152 0.1409002 -0.01565558 -0.334638 -0.09001957 0.9373777 0.4461839 0.6614481 0.6027398 -0.2250489 0.8982387 -0.3757339 0.9902152 -0.1409002 0.01565558 0.334638 0.09001957 -0.9373777 0.334638 0.09001957 -0.9373777 0.9902152 -0.1409002 0.01565558 -0.4461839 -0.6614481 -0.6027398 0.2250489 -0.8982387 0.3757339 0.9412916 -0.06457926 0.3307241 0.9158513 -0.02935421 0.4011742 -0.7886497 0.09393346 0.6086106 -0.7906067 0.07436399 0.6066536 -0.7729941 0.1702544 0.6125244 0.9060665 -0.1819961 0.3796478 -0.1037182 0.2504892 -0.962818 -0.037182 0.2054795 -0.9784736 -0.1154599 0.09784736 -0.9882583 0.9060665 -0.1819961 0.3796478 0.9158513 -0.02935421 0.4011742 0.9412916 -0.06457926 0.3307241 -0.7886497 0.09393346 0.6086106 -0.037182 0.2054795 -0.9784736 -0.1702544 -0.9823875 -0.07436399 0.9412916 -0.06457926 0.3307241 -0.2896282 -0.0332681 0.9569471 0.2309198 -0.8806262 0.4129159 0.483366 0.6849315 0.5440313 0.9863014 -0.1565558 -0.02348337 0.2896282 0.0332681 -0.9569471 -0.483366 -0.6849315 -0.5440313 -0.2309198 0.8806262 -0.4129159 -0.9863014 0.1565558 0.02348337 -0.9863014 0.1565558 0.02348337 -0.483366 -0.6849315 -0.5440313 -0.2896282 -0.0332681 0.9569471 0.2309198 -0.8806262 0.4129159 -0.9863014 0.1565558 0.02348337 -0.2896282 -0.0332681 0.9569471 0.483366 0.6849315 0.5440313 -0.2309198 0.8806262 -0.4129159 0.9863014 -0.1565558 -0.02348337 0.2896282 0.0332681 -0.9569471 -0.483366 -0.6849315 -0.5440313 0.2896282 0.0332681 -0.9569471 0.2309198 -0.8806262 0.4129159 0.9863014 -0.1565558 -0.02348337 0.9295499 -0.09589041 0.3581213 0.9001957 -0.08219178 0.4285714 -0.81409 -0.01369863 0.5812133 -0.816047 -0.03522505 0.5753425 -0.8003914 0.05479452 0.5949119 0.8943248 -0.221135 0.3874756 -0.07240704 0.3855186 -0.9197652 -0.001956947 0.3522505 -0.9354208 -0.07827789 0.2465753 -0.9667319 0.8943248 -0.221135 0.3874756 0.9001957 -0.08219178 0.4285714 0.9295499 -0.09589041 0.3581213 -0.81409 -0.01369863 0.5812133 -0.001956947 0.3522505 -0.9354208 -0.1409002 -0.962818 -0.2309198 0.9295499 -0.09589041 0.3581213 -0.3268102 -0.18591 0.925636 0.2367906 -0.9295499 0.2818004 0.444227 0.6027398 0.6634051 0.9902152 -0.1330724 -0.003913894 0.3268102 0.18591 -0.925636 -0.444227 -0.6027398 -0.6634051 -0.2367906 0.9295499 -0.2818004 -0.9902152 0.1330724 0.003913894 -0.9902152 0.1330724 0.003913894 -0.444227 -0.6027398 -0.6634051 -0.3268102 -0.18591 0.925636 0.2367906 -0.9295499 0.2818004 -0.9902152 0.1330724 0.003913894 -0.3268102 -0.18591 0.925636 0.444227 0.6027398 0.6634051 -0.2367906 0.9295499 -0.2818004 0.9902152 -0.1330724 -0.003913894 0.3268102 0.18591 -0.925636 -0.444227 -0.6027398 -0.6634051 0.3268102 0.18591 -0.925636 0.2367906 -0.9295499 0.2818004 0.9902152 -0.1330724 -0.003913894 0.9217221 -0.09784736 0.3757339 0.888454 -0.06262231 0.4559687 -0.8277887 -0.0704501 0.55773 -0.8297456 -0.09001957 0.5499021 -0.81409 0.01761252 0.5812133 0.890411 -0.2270059 0.3953033 -0.05675147 0.4657534 -0.8825831 0.01174168 0.4090019 -0.9119374 -0.06066536 0.3033268 -0.9510763 0.890411 -0.2270059 0.3953033 0.888454 -0.06262231 0.4559687 0.9217221 -0.09784736 0.3757339 -0.8277887 -0.0704501 0.55773 0.01174168 0.4090019 -0.9119374 -0.111546 -0.9491194 -0.2935421 0.9217221 -0.09784736 0.3757339 -0.3463796 -0.2504892 0.9041096 0.2524462 -0.9393346 0.2309198 0.4129159 0.5694716 0.7103718 0.9941292 -0.109589 0.01369863 0.3463796 0.2504892 -0.9041096 -0.4129159 -0.5694716 -0.7103718 -0.2524462 0.9393346 -0.2309198 -0.9941292 0.109589 -0.01369863 -0.4129159 -0.5694716 -0.7103718 0.2524462 -0.9393346 0.2309198 -0.9941292 0.109589 -0.01369863 -0.3463796 -0.2504892 0.9041096 -0.9941292 0.109589 -0.01369863 -0.3463796 -0.2504892 0.9041096 0.4129159 0.5694716 0.7103718 -0.2524462 0.9393346 -0.2309198 0.9941292 -0.109589 0.01369863 0.3463796 0.2504892 -0.9041096 -0.4129159 -0.5694716 -0.7103718 0.3463796 0.2504892 -0.9041096 0.2524462 -0.9393346 0.2309198 0.9941292 -0.109589 0.01369863 0.9236791 -0.07436399 0.3737769 0.890411 -0.03522505 0.4540117 -0.8238748 -0.06457926 0.5636008 -0.8258317 -0.08610567 0.55773 -0.8101761 0.02348337 0.5851272 0.8943248 -0.2035225 0.3972603 -0.06849315 0.4403131 -0.8943248 0.001956947 0.3835616 -0.9236791 -0.06849315 0.2759295 -0.9589041 0.8943248 -0.2035225 0.3972603 0.890411 -0.03522505 0.4540117 0.9236791 -0.07436399 0.3737769 -0.8238748 -0.06457926 0.5636008 0.001956947 0.3835616 -0.9236791 -0.0998043 -0.9589041 -0.2681018 0.9236791 -0.07436399 0.3737769 -0.3385518 -0.2309198 0.9119374 0.2661448 -0.9295499 0.2544031 0.407045 0.5949119 0.6927593 0.9960861 -0.09589041 0.01174168 0.3385518 0.2309198 -0.9119374 -0.407045 -0.5949119 -0.6927593 -0.2661448 0.9295499 -0.2544031 -0.9960861 0.09589041 -0.01174168 -0.9960861 0.09589041 -0.01174168 -0.407045 -0.5949119 -0.6927593 -0.3385518 -0.2309198 0.9119374 0.2661448 -0.9295499 0.2544031 -0.9960861 0.09589041 -0.01174168 -0.3385518 -0.2309198 0.9119374 0.407045 0.5949119 0.6927593 -0.2661448 0.9295499 -0.2544031 0.9960861 -0.09589041 0.01174168 0.3385518 0.2309198 -0.9119374 -0.407045 -0.5949119 -0.6927593 0.3385518 0.2309198 -0.9119374 0.2661448 -0.9295499 0.2544031 0.9960861 -0.09589041 0.01174168 -0.109589 -0.9452055 -0.3052838 0.776908 0.5401174 -0.3228963 -0.109589 -0.9452055 -0.3052838 -0.111546 -0.9452055 -0.3091977 0.776908 0.5420744 -0.3189824 -0.667319 0.4011742 0.6262231 0.776908 0.5420744 -0.3209393 -0.6653621 0.4031311 0.62818 -0.1056751 -0.9471624 -0.3013699 -0.1135029 -0.9432485 -0.3111546 0.778865 0.5420744 -0.3189824 -0.6653621 0.4031311 0.630137 -0.109589 -0.9452055 -0.3052838 -0.6653621 0.4031311 0.6262231 -0.111546 -0.9452055 -0.3091977 0.7749511 0.5440313 -0.3248532 -0.1135029 -0.9432485 -0.3111546 -0.1017613 -0.9510763 -0.2935421 -0.1154599 -0.9432485 -0.3131115 0.778865 0.5401174 -0.3170255 -0.6634051 0.4011742 0.630137 -0.1154599 -0.9432485 -0.3131115 -0.109589 -0.9452055 -0.3052838 -0.667319 0.4050881 0.6242661 0.7710372 0.5459883 -0.3287671 0.7671233 0.5440313 -0.3405088 -0.09197652 -0.9569471 -0.2778865 -0.1056751 -0.9471624 -0.3013699 -0.6692759 0.4050881 0.6223092 -0.6771037 0.4031311 0.6144814 0.7592955 0.5518591 -0.3444227 -0.6790606 0.4090019 0.6086106 -0.08023483 -0.960861 -0.2641879 -0.1017613 -0.9510763 -0.2935421 -0.09197652 -0.9569471 -0.2778865 -0.08023483 -0.960861 -0.2641879 0.7495108 0.555773 -0.3600783 -0.6868885 0.4129159 0.5988258 -0.06262231 -0.9686888 -0.2387476 -0.06262231 -0.9686888 -0.2387476 0.7436399 0.55773 -0.3679061 -0.05283757 -0.9726027 -0.2250489 -0.6908023 0.4148728 0.592955 -0.05283757 -0.9726027 -0.2250489 0.739726 0.55773 -0.3757339 -0.04696673 -0.9765166 -0.2152642 -0.6947162 0.4148728 0.5890411 -0.04696673 -0.9765166 -0.2152642 -0.037182 -0.9784736 -0.1996086 0.7358121 0.55773 -0.3835616 -0.7005871 0.4129159 0.5831702 -0.037182 -0.9784736 -0.1996086 0.7279844 0.5636008 -0.3894325 -0.02739726 -0.9823875 -0.1878669 -0.7005871 0.4187867 0.5772994 -0.02739726 -0.9823875 -0.1878669 0.7240704 0.5655577 -0.3972603 -0.01761252 -0.9843444 -0.1741683 -0.704501 0.4207436 0.5714286 -0.01761252 -0.9843444 -0.1741683 0.7181996 0.5655577 -0.4050881 -0.009784736 -0.9863014 -0.1604697 -0.7084149 0.4207436 0.5655577 -0.009784736 -0.9863014 -0.1604697 0.7162427 0.5616438 -0.4129159 -0.003913894 -0.9882583 -0.1526419 -0.7142857 0.4148728 0.5636008 -0.003913894 -0.9882583 -0.1526419 0.7064579 0.5694716 -0.4207436 0.009784736 -0.9902152 -0.1330724 -0.7181996 0.4227006 0.553816 0.009784736 -0.9902152 -0.1330724 0.7064579 0.5694716 -0.4227006 0.01174168 -0.9921722 -0.1311155 -0.7181996 0.4227006 0.5518591 0.01174168 -0.9921722 -0.1311155 0.7064579 0.5694716 -0.4227006 0.01174168 -0.9921722 -0.1311155 -0.7181996 0.4227006 0.5518591 0.01174168 -0.9921722 -0.1311155 0.2524462 0.9471624 0.1996086 0.5636008 -0.5499021 -0.6164383 0.2524462 0.9471624 0.1996086 0.2465753 0.9510763 0.1898239 -0.816047 -0.4011742 0.4148728 0.5636008 -0.5479452 -0.6164383 0.5675147 -0.5518591 -0.6105675 0.5616438 -0.5459883 -0.6203523 0.2563601 0.9452055 0.2054795 0.2426614 0.9530333 0.18591 0.5694716 -0.5518591 -0.6086106 0.2524462 0.9471624 0.1996086 -0.8180039 -0.3992172 0.4168297 -0.81409 -0.4011742 0.4207436 -0.8121331 -0.4011742 0.4227006 -0.8180039 -0.3972603 0.4148728 0.2367906 0.9549902 0.1761252 0.5733855 -0.553816 -0.6027398 -0.8101761 -0.4011742 0.4266145 0.2524462 0.9471624 0.1996086 0.2465753 0.9510763 0.1898239 0.2426614 0.9530333 0.18591 0.2367906 0.9549902 0.1761252 0.2563601 0.9452055 0.2054795 0.2289628 0.9589041 0.1663405 0.5772994 -0.555773 -0.5968689 -0.8062623 -0.4031311 0.4305284 0.2289628 0.9589041 0.1663405 0.2191781 0.964775 0.1526419 0.5812133 -0.5616438 -0.5890411 -0.8023483 -0.4090019 0.4363992 0.2191781 0.964775 0.1526419 0.2152642 0.964775 0.146771 0.5851272 -0.5596869 -0.5870842 -0.8003914 -0.407045 0.4383562 0.2152642 0.964775 0.146771 0.2093934 0.9686888 0.1389433 0.5890411 -0.5596869 -0.5812133 -0.7984344 -0.407045 0.4422701 0.2093934 0.9686888 0.1389433 0.1996086 0.9726027 0.1252446 0.5949119 -0.5636008 -0.5733855 -0.7945206 -0.4090019 0.4500979 0.1996086 0.9726027 0.1252446 0.1956947 0.9745597 0.1174168 0.5968689 -0.5675147 -0.5694716 -0.7906067 -0.4129159 0.4500979 0.1956947 0.9745597 0.1174168 0.1898239 0.9765166 0.109589 0.6007828 -0.5655577 -0.5655577 -0.7906067 -0.4109589 0.4559687 0.1898239 0.9765166 0.109589 0.18591 0.9765166 0.1037182 0.6027398 -0.5675147 -0.5616438 -0.7886497 -0.4129159 0.4579256 0.18591 0.9765166 0.1037182 0.183953 0.9784736 0.1017613 0.6046967 -0.5655577 -0.5596869 -0.7886497 -0.4109589 0.4579256 0.183953 0.9784736 0.1017613 0.1780822 0.9804305 0.09393346 0.6066536 -0.5675147 -0.555773 -0.7847358 -0.4129159 0.4618395 0.1780822 0.9804305 0.09393346 0.1722113 0.9804305 0.08610567 0.6144814 -0.5694716 -0.5479452 -0.7808219 -0.4129159 0.4677104 0.1722113 0.9804305 0.08610567 0.1663405 0.9823875 0.07632094 0.6125244 -0.5714286 -0.5459883 -0.778865 -0.4168297 0.4677104 0.1663405 0.9823875 0.07632094 0.1624266 0.9843444 0.07240704 0.6164383 -0.5694716 -0.5440313 -0.778865 -0.4148728 0.4716243 0.1624266 0.9843444 0.07240704 0.1585127 0.9843444 0.0665362 0.6183953 -0.5714286 -0.5401174 -0.776908 -0.4148728 0.4735812 0.1585127 0.9843444 0.0665362 0.1545988 0.9863014 0.06262231 0.6203523 -0.5714286 -0.5381604 -0.7749511 -0.4148728 0.4755382 0.1545988 0.9863014 0.06262231 -0.6438356 0.03131115 0.7651663 -0.2818004 0.08610567 -0.9549902 0.9863014 0.1272016 0.109589 -0.6399217 -0.06457926 0.7651663 -0.7279844 -0.037182 -0.6849315 -0.2289628 -0.03522505 -0.9726027 -0.2289628 0.01369863 0.9726027 0.9843444 -0.04305284 0.1761252 0.9843444 0 0.1741683 0.9863014 0.1272016 0.109589 0.9569471 -0.01174168 -0.2876712 -0.8825831 0.3209393 0.3424658 -0.62818 0.5636008 -0.5381604 -0.6360078 -0.7299413 -0.2504892 0.3111546 -0.02152642 -0.9491194 -0.9706458 -0.003913894 0.2387476 -0.4540117 -0.8101761 -0.3679061 -0.06849315 0.02544031 0.9980431 0.4716243 -0.7808219 0.4109589 -0.9706458 -0.003913894 0.2387476 -0.06849315 0.02544031 0.9980431 0.4540117 0.8101761 0.3679061 -0.4716243 0.7808219 -0.4109589 0.9706458 0.003913894 -0.2387476 0.06849315 -0.02544031 -0.9980431 -0.1917808 -0.2994129 0.9354208 0.6497065 -0.702544 0.2896282 0.4285714 0.8336595 0.3463796 0.9804305 0.005870841 -0.1937378 -0.4540117 -0.8101761 -0.3679061 0.06849315 -0.02544031 -0.9980431 0.4716243 -0.7808219 0.4109589 0.9706458 0.003913894 -0.2387476 -0.5733855 0.03522505 0.8180039 -0.3639922 0.08610567 -0.9275929 0.9921722 0.1252446 0.02152642 -0.5714286 -0.06262231 0.8180039 -0.7847358 -0.037182 -0.6183953 -0.3131115 -0.03522505 -0.9491194 -0.1428571 0.01565558 0.9902152 0.9941292 -0.04500978 0.08806262 0.9960861 -0.001956947 0.08610567 0.9921722 0.1252446 0.02152642 0.9275929 -0.01565558 -0.37182 -0.8375734 0.005870841 0.5459883 -0.6712329 0.5636008 -0.481409 -0.6594912 -0.6027398 -0.4500979 0.2270059 -0.02348337 -0.9745597 -0.9471624 -0.001956947 0.3228963 0.5029354 -0.7808219 0.3679061 0.01956947 0.02739726 1 -0.4872798 -0.8101761 -0.3268102 -0.9471624 -0.001956947 0.3228963 0.01956947 0.02739726 1 0.4872798 0.8101761 0.3268102 -0.5029354 0.7808219 -0.3679061 0.9471624 0.001956947 -0.3228963 -0.01956947 -0.02739726 -1 0.0665362 0.02739726 0.9980431 0.4755382 -0.8062623 0.3502935 0.4598826 0.8336595 0.3052838 0.960861 0.001956947 -0.2778865 -0.4872798 -0.8101761 -0.3268102 -0.01956947 -0.02739726 -1 0.5029354 -0.7808219 0.3679061 0.9471624 0.001956947 -0.3228963 -0.5733855 0.03522505 0.8180039 -0.3639922 0.08610567 -0.9275929 0.9921722 0.1252446 0.02152642 -0.5714286 -0.06262231 0.8180039 -0.7847358 -0.037182 -0.6183953 -0.3131115 -0.03522505 -0.9491194 -0.1428571 0.01565558 0.9902152 0.9941292 -0.04500978 0.08806262 0.9960861 -0.001956947 0.08610567 0.9921722 0.1252446 0.02152642 0.9295499 -0.01565558 -0.369863 -0.849315 0.3228963 0.4187867 -0.6712329 0.5636008 -0.481409 -0.6555773 -0.7299413 -0.1937378 0.2270059 -0.02348337 -0.9726027 -0.9471624 -0.001956947 0.3228963 -0.4872798 -0.8101761 -0.3268102 0.01956947 0.02739726 1 0.5029354 -0.7808219 0.3679061 -0.9471624 -0.001956947 0.3228963 0.01956947 0.02739726 1 0.4872798 0.8101761 0.3268102 -0.5029354 0.7808219 -0.3679061 0.9471624 0.001956947 -0.3228963 -0.01956947 -0.02739726 -1 -0.109589 -0.297456 0.9491194 0.6712329 -0.704501 0.2309198 0.4598826 0.8336595 0.3052838 0.960861 0.001956947 -0.2778865 -0.4872798 -0.8101761 -0.3268102 -0.01956947 -0.02739726 -1 0.5029354 -0.7808219 0.3679061 0.9471624 0.001956947 -0.3228963 0.7162427 -0.6966732 -0.01956947 0.7651663 -0.5851272 -0.2700587 -0.1017613 0.6340509 -0.7671233 0.667319 -0.7416829 -0.08219178 -0.0332681 0.7299413 -0.6829746 -0.0665362 0.6810176 -0.7299413 -0.6223092 0.04109589 0.7808219 -0.297456 -0.3307241 0.8962818 0.407045 -0.9021527 0.1369863 0.2035225 0.6144814 -0.7612525 -0.01174168 0.7534246 -0.6575342 -0.6027398 0.02739726 0.7984344 -0.6164383 0.03131115 0.7866927 0.6555773 -0.7534246 -0.06457926 0.7064579 -0.7084149 -0.02739726 0.7181996 -0.6966732 -0.02152642 0.5088063 -0.8434442 -0.1663405 0.09784736 0.7749511 -0.6242661 -0.6046967 0.05870841 0.7945206 -0.6007828 0.04500978 0.7984344 0.5596869 -0.8180039 -0.1311155 0.4227006 -0.890411 -0.1682975 0.1780822 0.7632094 -0.6203523 -0.6007828 0.1272016 0.7886497 -0.5949119 0.08023483 0.8003914 0.4990215 -0.849315 -0.1741683 0.1428571 -0.9686888 0.1996086 0.4324853 0.4168297 -0.7984344 -0.5772994 0.555773 0.6007828 0.4148728 -0.8786693 -0.2328767 0.4363992 -0.8727984 -0.2172211 0.3248532 -0.8825831 -0.3385518 0.3816047 -0.7964775 -0.4696673 0.2485323 0.8414873 -0.479452 0.4872798 0.4168297 -0.7671233 0.0332681 -0.9902152 0.1330724 -0.02348337 -0.9960861 0.09393346 0.5107632 0.4207436 -0.7495108 0.1350294 0.9530333 -0.2720157 -0.5792564 0.148728 0.8023483 -0.5733855 0.04109589 0.8180039 -0.5205479 0.5733855 0.6340509 0.05088063 0.9491194 -0.3111546 0.3228963 -0.9138943 -0.2465753 -0.4872798 0.5753425 0.6555773 0.2681018 -0.9060665 -0.3248532 0.2778865 -0.9060665 -0.3189824 0.3013699 -0.9060665 -0.2994129 0.3209393 -0.9021527 -0.2876712 0.3365949 -0.9001957 -0.2759295 -0.5909981 0.1017613 0.8003914 0.3639922 -0.9001957 -0.2407045 0.1898239 0.8199608 -0.5381604 0.4050881 -0.8767123 -0.2563601 0.369863 -0.8943248 -0.2544031 -0.5870842 0.05675147 0.8082192 -0.5890411 0.06849315 0.8043053 -0.1330724 0.9706458 -0.2035225 0.5772994 -0.5616438 -0.592955 0.3933464 -0.888454 -0.2367906 0.4109589 -0.8845401 -0.2250489 -0.444227 -0.4090019 0.7964775 0.964775 0.1037182 0.2387476 -0.739726 0.09393346 0.6653621 -0.3385518 0.03913894 -0.9393346 0.9706458 0.005870841 0.2426614 -0.295499 0.01565558 0.9549902 -0.7729941 -0.03131115 0.6340509 0.9726027 0.05283757 -0.223092 -0.2681018 -0.1272016 -0.9549902 -0.2739726 -0.08610567 -0.9569471 -0.3385518 0.03913894 -0.9393346 -0.6751468 -0.1037182 -0.7299413 0.6751468 0.4050881 0.6164383 -0.2407045 0.6086106 0.7573385 0.09197652 -0.6751468 0.7318982 -0.9882583 -0.0665362 0.1409002 0.6379648 0.08806262 0.7651663 -0.08610567 -0.7729941 0.62818 0.9236791 0.04892368 -0.3796478 0.2054795 -0.8121331 -0.5440313 0.6379648 0.08806262 0.7651663 0.9236791 0.04892368 -0.3796478 0.08610567 0.7729941 -0.62818 -0.2054795 0.8121331 0.5440313 -0.6379648 -0.08806262 -0.7651663 -0.9236791 -0.04892368 0.3796478 0.9393346 -0.2641879 -0.2172211 0.01565558 -0.7534246 -0.6575342 0.07632094 0.7984344 -0.5968689 -0.6027398 -0.08806262 -0.7945206 -0.08610567 -0.7729941 0.62818 -0.9236791 -0.04892368 0.3796478 0.2054795 -0.8121331 -0.5440313 -0.6379648 -0.08806262 -0.7651663 -0.9667319 0.03913894 -0.2504892 0.7416829 0.08610567 -0.6653621 0.3268102 0.1193738 0.9373777 -0.9667319 -0.05870841 -0.2485323 0.3033268 -0.0332681 -0.9530333 0.778865 -0.03522505 -0.6262231 -0.9765166 0.01761252 0.2133072 0.2661448 -0.05088063 0.962818 0.2681018 -0.007827789 0.962818 0.3268102 0.1193738 0.9373777 0.6731898 -0.02152642 0.739726 -0.6888454 0.3287671 -0.6457925 0.2172211 0.5675147 -0.7945206 -0.05283757 -0.7260274 -0.6868885 0.9921722 -0.02544031 -0.1291585 -0.6340509 0.005870841 -0.7729941 0.1311155 -0.8082192 -0.5753425 -0.9295499 0.02739726 0.369863 -0.1702544 -0.7847358 0.5968689 -0.6340509 0.005870841 -0.7729941 -0.9295499 0.02739726 0.369863 -0.1311155 0.8082192 0.5753425 0.1702544 0.7847358 -0.5968689 0.6340509 -0.005870841 0.7729941 0.9295499 -0.02739726 -0.369863 -0.9275929 -0.295499 0.2289628 0.01565558 -0.7084149 0.7064579 -0.1213307 0.8317025 0.5420744 0.5988258 -0.003913894 0.8023483 0.1311155 -0.8082192 -0.5753425 0.9295499 -0.02739726 -0.369863 -0.1702544 -0.7847358 0.5968689 0.6340509 -0.005870841 0.7729941 -0.925636 -0.2270059 -0.3033268 0.2485323 0.9530333 0.1761252 -0.2818004 0.9569471 0.06457926 -0.407045 -0.8845401 -0.2289628 0.6771037 -0.7260274 0.1272016 0.9589041 -0.037182 0.2818004 -0.2172211 0.9706458 0.1017613 -0.6614481 -0.6731898 -0.3287671 -0.6712329 -0.6790606 -0.297456 0.9334638 -0.2641879 0.2446184 -0.6790606 -0.6810176 -0.2759295 -0.6731898 -0.6829746 -0.2857143 -0.4990215 -0.8258317 -0.2661448 -0.2485323 0.9589041 0.1409002 -0.6555773 -0.6692759 -0.3483366 0.9158513 -0.332681 0.223092 -0.5479452 -0.7729941 -0.3170255 -0.3307241 0.9334638 0.1330724 -0.6516634 -0.6653621 -0.3620352 0.9452055 -0.2348337 0.2309198 0.925636 -0.3091977 0.2191781 -0.6771037 -0.6457925 -0.3522505 -0.3170255 0.9334638 0.1682975 -0.6457925 -0.6594912 -0.3835616 0.9510763 0.04892368 0.3052838 -0.6144814 -0.7005871 -0.3639922 -0.2426614 0.9471624 0.2133072 -0.6438356 -0.6575342 -0.3913894 0.925636 -0.332681 0.1819961 -0.444227 -0.816047 -0.3679061 0.9589041 -0.1409002 0.2446184 -0.4344423 0.8845401 0.1702544 -0.6360078 -0.6516634 -0.4129159 -0.6829746 -0.6144814 -0.3953033 -0.5244619 -0.7436399 -0.4148728 0.7240704 -0.6908023 -0.02935421 0.1878669 0.9060665 0.3796478 -0.6340509 -0.6477495 -0.4227006 -0.9099804 -0.2152642 -0.3522505 0.9432485 0.01956947 -0.3287671 -0.2465753 0.1291585 0.960861 -0.7906067 0.0998043 -0.6027398 0.9412916 -0.07827789 -0.3268102 0.2759295 0.007827789 0.960861 -0.3013699 0.005870841 0.9530333 0.6947162 -0.01565558 -0.7201566 -0.7553816 -0.07240704 -0.6516634 -0.7573385 -0.02739726 -0.6516634 -0.7906067 0.0998043 -0.6027398 -0.9706458 -0.02152642 -0.2407045 0.9334638 0.3287671 0.1428571 0.01956947 0.7279844 0.6849315 0.1917808 -0.8101761 0.553816 -0.5303327 0.01174168 0.8473581 0.9569471 0.009784736 0.2915851 0.2035225 -0.7847358 0.5851272 0.5694716 -0.009784736 -0.8219178 -0.1937378 -0.8062623 -0.55773 0.9569471 0.009784736 0.2915851 0.5694716 -0.009784736 -0.8219178 -0.2035225 0.7847358 -0.5851272 0.1937378 0.8062623 0.55773 -0.9569471 -0.009784736 -0.2915851 -0.5694716 0.009784736 0.8219178 0.6438356 -0.3287671 -0.6908023 -0.2641879 -0.5968689 -0.7573385 -0.02739726 0.704501 -0.7084149 -0.9980431 -0.005870841 -0.04696673 -0.5694716 0.009784736 0.8219178 -0.9569471 -0.009784736 -0.2915851 0.2035225 -0.7847358 0.5851272 -0.1937378 -0.8062623 -0.55773 0.9315069 0.037182 -0.3620352 -0.2133072 0.09589041 0.9726027 -0.8121331 0.1135029 -0.5714286 0.9295499 -0.06066536 -0.3620352 0.3091977 -0.01565558 0.9510763 -0.2681018 -0.02544031 0.962818 0.6692759 0.01761252 -0.7436399 -0.776908 -0.05675147 -0.6262231 -0.778865 -0.003913894 -0.6262231 -0.8121331 0.1135029 -0.5714286 -0.9784736 -0.01369863 -0.2074364 0.9354208 0.3307241 0.1213307 0.2857143 0.5753425 0.7671233 0.4422701 -0.7201566 0.5342466 -0.7299413 -0.01956947 0.6829746 0.9667319 0.007827789 0.258317 0.2289628 -0.8023483 0.5518591 0.5401174 0.02152642 -0.8414873 -0.2093934 -0.7906067 -0.5772994 0.9667319 0.007827789 0.258317 0.5401174 0.02152642 -0.8414873 -0.2289628 0.8023483 -0.5518591 0.2093934 0.7906067 0.5772994 -0.9667319 -0.007827789 -0.258317 -0.5401174 -0.02152642 0.8414873 0.6203523 -0.3013699 -0.7240704 -0.4246575 -0.7142857 -0.55773 -0.2172211 0.8258317 -0.518591 -0.9530333 -0.007827789 -0.3033268 0.2289628 -0.8023483 0.5518591 -0.5401174 -0.02152642 0.8414873 -0.2093934 -0.7906067 -0.5772994 -0.9667319 -0.007827789 -0.258317 0.9471624 0.0332681 -0.3209393 -0.2563601 0.109589 0.960861 -0.7866927 0.1037182 -0.6066536 0.9452055 -0.06457926 -0.3209393 0.2681018 -0.001956947 0.962818 -0.3091977 -0.01369863 0.9510763 0.7005871 0.007827789 -0.7142857 -0.7495108 -0.0665362 -0.6594912 -0.7514677 -0.01369863 -0.6594912 -0.7866927 0.1037182 -0.6066536 -0.9686888 -0.01761252 -0.2485323 0.9980431 0.01369863 0.05479452 0.007827789 0.7162427 0.6986302 0.2700587 -0.5812133 0.7690802 -0.6418787 -0.3307241 0.6908023 0.9549902 0.01369863 0.2994129 -0.1819961 -0.7984344 -0.5753425 0.5753425 0.009784736 -0.8180039 0.2054795 -0.7945206 0.5714286 0.9549902 0.01369863 0.2994129 0.5753425 0.009784736 -0.8180039 -0.2054795 0.7945206 -0.5714286 0.1819961 0.7984344 0.5753425 -0.9549902 -0.01369863 -0.2994129 -0.5753425 -0.009784736 0.8180039 0.5362035 0.009784736 -0.8434442 -0.1722113 -0.8219178 -0.5420744 -0.02739726 0.7181996 -0.6947162 -0.9393346 0.3072407 -0.1545988 0.2054795 -0.7945206 0.5714286 -0.5753425 -0.009784736 0.8180039 -0.1819961 -0.7984344 -0.5753425 -0.9549902 -0.01369863 -0.2994129 0.9432485 0.01956947 -0.3287671 -0.2465753 0.1291585 0.960861 -0.7906067 0.0998043 -0.6027398 0.9412916 -0.07827789 -0.3268102 0.2759295 0.01369863 0.960861 -0.3013699 0.005870841 0.9530333 0.6947162 -0.009784736 -0.7201566 -0.7553816 -0.07240704 -0.6516634 -0.7573385 -0.01956947 -0.6536204 -0.7906067 0.0998043 -0.6027398 -0.9706458 -0.01369863 -0.2407045 0.9334638 0.3287671 0.1428571 0.01956947 0.7279844 0.6849315 0.1917808 -0.8101761 0.553816 -0.5303327 0.01174168 0.8473581 0.9569471 0.009784736 0.2915851 0.2035225 -0.7847358 0.5851272 0.5694716 -0.009784736 -0.8219178 -0.1937378 -0.8062623 -0.55773 0.9569471 0.009784736 0.2915851 0.5694716 -0.009784736 -0.8219178 -0.2035225 0.7847358 -0.5851272 0.1937378 0.8062623 0.55773 -0.9569471 -0.009784736 -0.2915851 -0.5694716 0.009784736 0.8219178 0.6438356 -0.3287671 -0.6908023 -0.2641879 -0.5968689 -0.7573385 -0.02739726 0.704501 -0.7084149 -0.9980431 -0.005870841 -0.04696673 -0.5694716 0.009784736 0.8219178 -0.9569471 -0.009784736 -0.2915851 0.2035225 -0.7847358 0.5851272 -0.1937378 -0.8062623 -0.55773 0.9452055 0.01956947 -0.3228963 -0.2544031 0.1585127 0.9530333 -0.7886497 0.06849315 -0.6105675 0.9452055 -0.07827789 -0.3170255 0.2681018 0.05283757 0.960861 -0.3072407 0.037182 0.9510763 0.6986302 -0.02544031 -0.7142857 -0.7495108 -0.1037182 -0.6536204 -0.7514677 -0.05088063 -0.6575342 -0.7886497 0.06849315 -0.6105675 -0.9686888 -0.0332681 -0.2465753 0.9275929 0.3444227 0.1369863 0.005870841 0.7514677 0.6594912 0.1976517 -0.7886497 0.5831702 -0.5362035 0.0332681 0.8434442 0.9549902 0.03131115 0.297456 0.2093934 -0.7612525 0.6125244 0.5733855 -0.03131115 -0.8180039 -0.1800391 -0.8277887 -0.5303327 0.9549902 0.03131115 0.297456 0.5733855 -0.03131115 -0.8180039 -0.2093934 0.7612525 -0.6125244 0.1800391 0.8277887 0.5303327 -0.9549902 -0.03131115 -0.297456 -0.5733855 0.03131115 0.8180039 0.6516634 -0.3444227 -0.6751468 -0.2504892 -0.6262231 -0.7377691 -0.03131115 0.6790606 -0.7338552 -0.9980431 -0.01956947 -0.05283757 -0.5733855 0.03131115 0.8180039 -0.9549902 -0.03131115 -0.297456 0.2093934 -0.7612525 0.6125244 -0.1800391 -0.8277887 -0.5303327 0.9452055 0.01761252 -0.3228963 -0.2544031 0.1604697 0.9530333 -0.7886497 0.06849315 -0.6105675 0.9452055 -0.08023483 -0.3170255 0.2681018 0.05283757 0.960861 -0.3091977 0.037182 0.9510763 0.6986302 -0.02739726 -0.7142857 -0.7495108 -0.1037182 -0.6536204 -0.7514677 -0.05088063 -0.6575342 -0.7886497 0.06849315 -0.6105675 -0.9686888 -0.03131115 -0.2465753 0.9980431 0.01956947 0.05283757 0.2524462 0.6262231 0.7377691 0.03131115 -0.6790606 0.7338552 -0.6516634 0.3463796 0.6751468 0.9549902 0.03131115 0.297456 -0.1819961 -0.8277887 -0.5303327 0.5753425 -0.0332681 -0.8180039 0.2074364 -0.7612525 0.6125244 0.9549902 0.03131115 0.297456 0.5753425 -0.0332681 -0.8180039 -0.2074364 0.7612525 -0.6125244 0.1819961 0.8277887 0.5303327 -0.9549902 -0.03131115 -0.297456 -0.5733855 0.0332681 0.8180039 0.5362035 -0.03522505 -0.8434442 -0.005870841 -0.7514677 -0.6594912 -0.1976517 0.7886497 -0.5831702 -0.9295499 -0.3444227 -0.1369863 -0.5733855 0.0332681 0.8180039 -0.9549902 -0.03131115 -0.297456 0.2074364 -0.7612525 0.6125244 -0.1819961 -0.8277887 -0.5303327 0.9491194 -0.04892368 -0.3072407 -0.2622309 0.3033268 0.9158513 -0.778865 -0.005870841 -0.6262231 0.9471624 -0.1448141 -0.2876712 0.258317 0.18591 0.9471624 -0.3189824 0.1819961 0.9295499 0.7064579 -0.146771 -0.6908023 -0.7436399 -0.183953 -0.6418787 -0.7455969 -0.1330724 -0.6536204 -0.778865 -0.005870841 -0.6262231 -0.9667319 -0.05088063 -0.2544031 0.9334638 0.3424658 0.0998043 0.01565558 0.8414873 0.5401174 0.1741683 -0.6966732 0.6947162 -0.5459883 0.1682975 0.8219178 0.9510763 0.05675147 0.3033268 0.183953 -0.667319 0.7221135 0.5831702 -0.1643836 -0.7964775 -0.1937378 -0.8943248 -0.4050881 0.9510763 0.05675147 0.3033268 0.5831702 -0.1643836 -0.7964775 -0.183953 0.667319 -0.7221135 0.1937378 0.8943248 0.4050881 -0.9510763 -0.05675147 -0.3033268 -0.5831702 0.1643836 0.7964775 0.6516634 -0.4540117 -0.6066536 -0.2563601 -0.7240704 -0.6418787 -0.007827789 0.5636008 -0.8258317 -0.9980431 -0.007827789 -0.06457926 -0.5831702 0.1643836 0.7964775 -0.9510763 -0.05675147 -0.3033268 0.183953 -0.667319 0.7221135 -0.1937378 -0.8943248 -0.4050881 0.9491194 -0.0332681 -0.3111546 -0.2641879 0.2994129 0.9178082 -0.7808219 -0.01761252 -0.6242661 0.9471624 -0.1291585 -0.2915851 0.258317 0.1898239 0.9471624 -0.3170255 0.1780822 0.9315069 0.7064579 -0.1350294 -0.6947162 -0.7436399 -0.1956947 -0.6399217 -0.7455969 -0.1448141 -0.6497065 -0.7808219 -0.01761252 -0.6242661 -0.9667319 -0.0665362 -0.2504892 0.9354208 -0.2720157 0.223092 0.1702544 0.9138943 0.369863 0.260274 -0.4168297 0.8708415 -0.6497065 -0.18591 0.7377691 0.9510763 0.0704501 0.2994129 -0.1800391 -0.8962818 -0.4050881 0.5831702 -0.1545988 -0.7984344 0.1976517 -0.6653621 0.7201566 0.9510763 0.0704501 0.2994129 0.5831702 -0.1545988 -0.7984344 0.1800391 0.8962818 0.4050881 -0.1976517 0.6653621 -0.7201566 -0.9510763 -0.0704501 -0.2994129 -0.5831702 0.1545988 0.7984344 0.6497065 0.18591 -0.7377691 -0.1702544 -0.9138943 -0.369863 -0.260274 0.4168297 -0.8708415 -0.9354208 0.2720157 -0.223092 0.1976517 -0.6653621 0.7201566 -0.5831702 0.1545988 0.7984344 -0.1800391 -0.8962818 -0.4050881 -0.9510763 -0.0704501 -0.2994129 0.9491194 -0.0332681 -0.3111546 -0.2622309 0.2739726 0.925636 -0.7808219 0.005870841 -0.6242661 0.9471624 -0.1291585 -0.2935421 0.260274 0.1604697 0.9530333 -0.3170255 0.1526419 0.9354208 0.7064579 -0.1213307 -0.6966732 -0.7436399 -0.1722113 -0.6457925 -0.7455969 -0.1193738 -0.6555773 -0.7808219 0.005870841 -0.6242661 -0.9667319 -0.05088063 -0.2524462 0.9334638 -0.2857143 0.2152642 0.1761252 0.9021527 0.3953033 0.2563601 -0.4422701 0.8590998 -0.6516634 -0.2015656 0.7299413 0.9510763 0.05479452 0.3033268 -0.1878669 -0.8825831 -0.4305284 0.5831702 -0.1369863 -0.8003914 0.1917808 -0.6868885 0.702544 0.9510763 0.05479452 0.3033268 0.5831702 -0.1369863 -0.8003914 0.1878669 0.8825831 0.4305284 -0.1917808 0.6868885 -0.702544 -0.9510763 -0.05479452 -0.3033268 -0.5831702 0.1369863 0.8003914 0.6516634 0.2015656 -0.7299413 -0.1761252 -0.9021527 -0.3953033 -0.2563601 0.4422701 -0.8590998 -0.9334638 0.2857143 -0.2152642 0.1917808 -0.6868885 0.702544 -0.5831702 0.1369863 0.8003914 -0.1878669 -0.8825831 -0.4305284 -0.9510763 -0.05479452 -0.3033268 0.9334638 -0.009784736 -0.3600783 -0.221135 0.2641879 0.9393346 -0.8121331 -0.007827789 -0.5831702 0.9334638 -0.1056751 -0.3424658 0.3052838 0.1624266 0.9393346 -0.2720157 0.1409002 0.9510763 0.6712329 -0.1017613 -0.7338552 -0.7729941 -0.183953 -0.6066536 -0.776908 -0.1311155 -0.6164383 -0.8121331 -0.007827789 -0.5831702 -0.9765166 -0.0704501 -0.2035225 0.9275929 0.3659491 0.06066536 0.02152642 0.8219178 0.5694716 0.4540117 -0.6027398 0.6555773 -0.6086106 -0.221135 0.7612525 0.964775 0.07436399 0.2544031 0.2426614 -0.6868885 0.6868885 0.5440313 -0.1193738 -0.8317025 -0.1898239 -0.8845401 -0.4266145 0.964775 0.07436399 0.2544031 0.5440313 -0.1193738 -0.8317025 -0.2426614 0.6868885 -0.6868885 0.1898239 0.8845401 0.4266145 -0.964775 -0.07436399 -0.2544031 -0.5440313 0.1193738 0.8317025 0.630137 -0.4129159 -0.6575342 -0.407045 -0.8101761 -0.4207436 -0.06849315 0.592955 -0.8023483 -0.9491194 0.2661448 -0.1663405 0.2426614 -0.6868885 0.6868885 -0.5440313 0.1193738 0.8317025 -0.1898239 -0.8845401 -0.4266145 -0.964775 -0.07436399 -0.2544031 0.3639922 -0.9295499 0.0704501 0.258317 -0.960861 0.0998043 0.6614481 0.6614481 -0.3542074 0.5772994 0.7377691 -0.3502935 -0.4227006 -0.8708415 0.2465753 0.8630137 0.3659491 -0.3483366 -0.7142857 0.6908023 0.109589 -0.5753425 0.8180039 0.02544031 -0.9412916 0.1898239 0.2798434 -0.1741683 -0.9745597 0.1428571 0.8962818 0.3052838 -0.3248532 0.9471624 0.02348337 -0.3228963 0.8649706 0.3679061 -0.3405088 -0.7729941 0.6125244 0.1643836 -0.148728 -0.9745597 0.1643836 -0.1252446 -0.964775 0.2328767 -0.1232877 -0.962818 0.2426614 -0.03913894 -0.9980431 0.04305284 0.8395303 0.4540117 -0.295499 -0.8003914 0.5440313 0.2524462 -0.7201566 0.6692759 0.1819961 -0.5225049 0.849315 0.07436399 -0.1585127 -0.9784736 0.1389433 -0.1585127 -0.9843444 0.0665362 0.888454 0.3424658 -0.3033268 -0.7299413 0.6418787 0.2348337 -0.1800391 -0.9804305 0.07240704 -0.1761252 -0.9804305 0.08414873 -0.05675147 -0.9980431 0.005870841 0.8473581 0.4520548 -0.2798434 -0.4031311 0.9060665 0.1330724 -0.1878669 -0.9804305 0.05283757 -0.62818 -0.7514677 0.2015656 0.9275929 -0.1937378 -0.3189824 -0.2994129 0.9471624 0.1174168 -0.1898239 -0.9804305 0.04696673 0.3659491 -0.9275929 0.07632094 0.260274 -0.9569471 0.1213307 0.6614481 0.6555773 -0.3659491 0.5772994 0.7358121 -0.3542074 -0.0665362 -0.9784736 0.1937378 0.853229 0.3835616 -0.3522505 -0.7162427 0.6908023 0.09393346 -0.9217221 0.3013699 0.2446184 -0.9412916 0.1917808 0.2778865 -0.1037182 -0.9765166 0.18591 0.8708415 0.3542074 -0.3424658 -0.7866927 0.5949119 0.1585127 -0.1330724 -0.9667319 0.2152642 -0.1213307 -0.960861 0.2524462 -0.1213307 -0.960861 0.2485323 -0.4246575 -0.8688846 0.2544031 0.9471624 0.01956947 -0.3189824 -0.5225049 0.849315 0.06457926 -0.148728 -0.9745597 0.1702544 -0.1389433 -0.9706458 0.1996086 -0.1996086 -0.9706458 0.1389433 0.9041096 0.2837573 -0.3189824 -0.704501 0.6868885 0.1780822 -0.1624266 -0.9784736 0.1272016 -0.05283757 -0.9980431 0.02544031 0.9432485 0.09197652 -0.3209393 -0.7925636 0.5499021 0.2622309 -0.183953 -0.9804305 0.06262231 -0.07632094 -0.9980431 -0.001956947 0.8923679 0.3424658 -0.295499 0.8473581 0.4481409 -0.2857143 -0.7260274 0.6418787 0.2485323 -0.1937378 -0.9804305 0.03913894 -0.6320939 -0.7514677 0.1898239 0.9275929 -0.1956947 -0.3209393 0.9432485 -0.08610567 -0.3209393 -0.3972603 0.9060665 0.148728 -0.1937378 -0.9804305 0.03522505 -0.295499 0.9471624 0.1291585 -0.8101761 0.04696673 0.5831702 -0.007827789 0.2563601 -0.9667319 0.9315069 -0.06262231 0.3600783 -0.8219178 -0.04892368 0.5694716 -0.5205479 0.1878669 -0.8317025 0.03131115 0.1311155 -0.9902152 -0.4696673 -0.06457926 0.8806262 0.888454 -0.2367906 0.3953033 0.8962818 -0.18591 0.4011742 0.9315069 -0.06262231 0.3600783 0.9902152 -0.1330724 -0.04892368 -0.9882583 0.1428571 -0.04892368 -0.2133072 0.9158513 -0.3424658 -0.4344423 -0.6947162 -0.5733855 0.2778865 0.0998043 -0.9549902 -0.9902152 0.1369863 -0.003913894 -0.4500979 -0.6634051 -0.5968689 -0.3228963 -0.09197652 0.9412916 0.2348337 -0.8982387 0.37182 -0.9902152 0.1369863 -0.003913894 -0.3228963 -0.09197652 0.9412916 -0.2348337 0.8982387 -0.37182 0.4500979 0.6634051 0.5968689 0.9902152 -0.1369863 0.003913894 0.3228963 0.09197652 -0.9412916 -0.5440313 -0.04696673 0.8375734 0.3816047 -0.7299413 0.5675147 0.5381604 0.4148728 0.7338552 0.964775 -0.09784736 -0.2407045 0.3228963 0.09197652 -0.9412916 0.9902152 -0.1369863 0.003913894 -0.4500979 -0.6634051 -0.5968689 0.2348337 -0.8982387 0.37182 -0.8180039 0.05088063 0.5733855 0.007827789 0.2563601 -0.9667319 0.925636 -0.06849315 0.37182 -0.8297456 -0.04500978 0.55773 -0.5088063 0.1898239 -0.8395303 0.04500978 0.1311155 -0.9902152 -0.483366 -0.06066536 0.8727984 0.8806262 -0.2407045 0.407045 0.890411 -0.1898239 0.4148728 0.925636 -0.06849315 0.37182 0.9902152 -0.1389433 -0.03522505 -0.888454 0.4285714 0.1604697 -0.369863 0.7299413 -0.5733855 -0.4305284 -0.6927593 -0.5792564 0.481409 0.3757339 -0.7925636 -0.9902152 0.1409002 -0.01565558 -0.4461839 -0.6614481 -0.6027398 -0.334638 -0.09001957 0.9373777 0.2250489 -0.8982387 0.3757339 -0.9902152 0.1409002 -0.01565558 -0.334638 -0.09001957 0.9373777 0.4461839 0.6614481 0.6027398 -0.2250489 0.8982387 -0.3757339 0.9902152 -0.1409002 0.01565558 0.334638 0.09001957 -0.9373777 -0.481409 -0.3757339 0.7925636 0.369863 -0.7299413 0.5733855 0.4305284 0.6927593 0.5792564 0.888454 -0.4285714 -0.1604697 0.334638 0.09001957 -0.9373777 0.9902152 -0.1409002 0.01565558 -0.4461839 -0.6614481 -0.6027398 0.2250489 -0.8982387 0.3757339 -0.7886497 0.09393346 0.6086106 -0.037182 0.2054795 -0.9784736 0.9412916 -0.06457926 0.3307241 -0.8003914 -0.001956947 0.5988258 -0.5459883 0.1545988 -0.8238748 -0.001956947 0.07632094 -0.9960861 -0.4403131 -0.007827789 0.8982387 0.8962818 -0.2348337 0.3757339 0.9060665 -0.1819961 0.3796478 0.9412916 -0.06457926 0.3307241 0.9843444 -0.1565558 -0.07632094 -0.8727984 0.4520548 0.1800391 -0.3874756 0.704501 -0.592955 -0.6712329 -0.5812133 -0.4598826 0.5127202 -0.009784736 -0.8571429 -0.9863014 0.1565558 0.02348337 -0.483366 -0.6849315 -0.5440313 -0.2896282 -0.0332681 0.9569471 0.2309198 -0.8806262 0.4129159 -0.9863014 0.1565558 0.02348337 -0.2896282 -0.0332681 0.9569471 0.483366 0.6849315 0.5440313 -0.2309198 0.8806262 -0.4129159 0.9863014 -0.1565558 -0.02348337 0.2896282 0.0332681 -0.9569471 -0.4461839 -0.3248532 0.8336595 0.4422701 -0.8297456 0.3405088 0.4677104 0.7142857 0.5205479 0.9863014 -0.1604697 0.02152642 -0.483366 -0.6849315 -0.5440313 0.2896282 0.0332681 -0.9569471 0.2309198 -0.8806262 0.4129159 0.9863014 -0.1565558 -0.02348337 -0.81409 -0.01369863 0.5812133 -0.001956947 0.3522505 -0.9354208 0.9295499 -0.09589041 0.3581213 -0.8238748 -0.1076321 0.555773 -0.516634 0.2681018 -0.8121331 0.037182 0.2289628 -0.9726027 -0.4755382 -0.1526419 0.8669276 0.8864971 -0.2720157 0.3737769 0.8943248 -0.221135 0.3874756 0.9295499 -0.09589041 0.3581213 0.9902152 -0.1252446 -0.05479452 -0.890411 0.4031311 0.2074364 -0.111546 0.8767123 -0.4677104 -0.6360078 -0.516634 -0.5714286 0.3874756 -0.1604697 -0.9080235 -0.9902152 0.1330724 0.003913894 -0.444227 -0.6027398 -0.6634051 -0.3268102 -0.18591 0.925636 0.2367906 -0.9295499 0.2818004 -0.9902152 0.1330724 0.003913894 -0.3268102 -0.18591 0.925636 0.444227 0.6027398 0.6634051 -0.2367906 0.9295499 -0.2818004 0.9902152 -0.1330724 -0.003913894 0.3268102 0.18591 -0.925636 -0.4716243 -0.4579256 0.7534246 0.4500979 -0.8630137 0.2289628 0.2994129 0.5029354 0.8101761 0.9745597 0.2152642 -0.05479452 -0.444227 -0.6027398 -0.6634051 0.3268102 0.18591 -0.925636 0.2367906 -0.9295499 0.2818004 0.9902152 -0.1330724 -0.003913894 -0.8277887 -0.0704501 0.55773 0.01174168 0.4090019 -0.9119374 0.9217221 -0.09784736 0.3757339 -0.8356164 -0.1624266 0.5264188 -0.5029354 0.3072407 -0.8082192 0.05479452 0.2915851 -0.9549902 -0.4931507 -0.2191781 0.8414873 0.8825831 -0.2759295 0.3796478 0.890411 -0.2270059 0.3953033 0.9217221 -0.09784736 0.3757339 0.9941292 -0.0998043 -0.037182 -0.9745597 0.0332681 0.221135 -0.3874756 0.8023483 -0.4559687 -0.5048923 -0.3052838 -0.8082192 0.5655577 0.1956947 -0.8023483 -0.9941292 0.109589 -0.01369863 0.2524462 -0.9393346 0.2309198 -0.3463796 -0.2504892 0.9041096 -0.4129159 -0.5694716 -0.7103718 -0.9941292 0.109589 -0.01369863 -0.3463796 -0.2504892 0.9041096 0.4129159 0.5694716 0.7103718 -0.2524462 0.9393346 -0.2309198 0.9941292 -0.109589 0.01369863 0.3463796 0.2504892 -0.9041096 -0.3013699 -0.260274 0.9178082 0.2309198 -0.9530333 0.1956947 0.3972603 0.6027398 0.6927593 0.9902152 -0.1232877 0.05675147 -0.4129159 -0.5694716 -0.7103718 0.3463796 0.2504892 -0.9041096 0.2524462 -0.9393346 0.2309198 0.9941292 -0.109589 0.01369863 -0.8238748 -0.06457926 0.5636008 0.001956947 0.3835616 -0.9236791 0.9236791 -0.07436399 0.3737769 -0.8297456 -0.1585127 0.5342466 -0.5107632 0.2759295 -0.81409 0.04696673 0.2641879 -0.962818 -0.4853229 -0.2015656 0.849315 0.888454 -0.2524462 0.3835616 0.8943248 -0.2035225 0.3972603 0.9236791 -0.07436399 0.3737769 0.9960861 -0.08610567 -0.03913894 -0.9099804 0.3620352 0.2035225 -0.4011742 0.7827789 -0.4755382 -0.6046967 -0.518591 -0.6027398 0.55773 0.1800391 -0.8101761 -0.9960861 0.09589041 -0.01174168 -0.407045 -0.5949119 -0.6927593 -0.3385518 -0.2309198 0.9119374 0.2661448 -0.9295499 0.2544031 -0.9960861 0.09589041 -0.01174168 -0.3385518 -0.2309198 0.9119374 0.407045 0.5949119 0.6927593 -0.2661448 0.9295499 -0.2544031 0.9960861 -0.09589041 0.01174168 0.3385518 0.2309198 -0.9119374 -0.4696673 -0.5009785 0.7279844 0.4774951 -0.853229 0.2093934 0.3913894 0.62818 0.6731898 0.9921722 -0.1076321 0.05675147 -0.407045 -0.5949119 -0.6927593 0.3385518 0.2309198 -0.9119374 0.2661448 -0.9295499 0.2544031 0.9960861 -0.09589041 0.01174168 -0.109589 -0.9452055 -0.3052838 -0.516634 -0.8571429 0.001956947 0.8336595 0.08023483 -0.5479452 0.7827789 0.5244619 -0.3365949 -0.09197652 -0.9569471 -0.2778865 -0.3170255 0.776908 0.5440313 -0.5146771 0.6105675 0.6027398 -0.8317025 -0.08219178 0.5499021 0.6516634 0.7318982 -0.1937378 -0.3228963 -0.9452055 -0.04696673 -0.1154599 -0.9432485 -0.3131115 -0.3189824 -0.9354208 -0.1545988 0.1996086 -0.8708415 -0.4481409 -0.06262231 -0.9686888 -0.2387476 -0.6986302 0.4011742 0.592955 0.816047 0.3542074 -0.4579256 -0.037182 -0.9784736 -0.1996086 -0.7866927 0.1761252 0.5909981 0.3816047 -0.8062623 -0.4520548 0.7808219 0.4540117 -0.4285714 0.7416829 0.5362035 -0.4031311 -0.04892368 -0.9863014 -0.1624266 -0.01761252 -0.9843444 -0.1741683 -0.6927593 0.4481409 0.5655577 0.5459883 0.8003914 -0.2485323 0.1937378 -0.9393346 -0.2798434 -0.7142857 0.4266145 0.555773 -0.003913894 -0.9882583 -0.1526419 0.4011742 0.9001957 -0.1663405 0.4207436 -0.816047 -0.3972603 -0.8219178 -0.08414873 0.5636008 0.01174168 -0.9921722 -0.1311155 0.2563601 0.9452055 0.2035225 0.2465753 0.9510763 0.1898239 0.5616438 -0.5479452 -0.6203523 0.2191781 0.964775 0.1526419 0.5616438 -0.5675147 -0.6027398 0.18591 -0.8669276 -0.4618395 -0.7984344 0.08610567 0.5949119 -0.7964775 0.08610567 0.5968689 0.2367906 0.962818 0.1232877 0.2113503 -0.8786693 -0.4285714 -0.5968689 -0.7886497 0.1565558 0.5890411 0.7906067 -0.1643836 0.6125244 0.778865 -0.1330724 0.2563601 0.9452055 0.2054795 0.1898239 0.9765166 0.109589 -0.5753425 -0.7964775 0.18591 0.7886497 -0.1545988 -0.5949119 -0.2074364 0.9021527 0.3776908 0.2152642 0.964775 0.146771 0.1800391 0.9784736 0.1017613 -0.62818 -0.7358121 0.2544031 0.6046967 -0.5772994 -0.5499021 0.183953 0.9784736 0.1017613 -0.2681018 0.8982387 0.3463796 0.8062623 -0.09001957 -0.5851272 -0.8043053 0.09001957 0.5870842 0.1545988 0.9863014 0.06262231 -0.5381604 -0.8082192 0.2387476 -0.6438356 0.03131115 0.7651663 -0.2818004 0.08610567 -0.9549902 0.9863014 0.1272016 0.109589 -0.6399217 -0.06457926 0.7651663 -0.7279844 -0.037182 -0.6849315 -0.2289628 -0.03522505 -0.9726027 -0.2289628 0.01369863 0.9726027 0.9843444 -0.04305284 0.1761252 0.9843444 0 0.1741683 0.9863014 0.1272016 0.109589 0.9569471 -0.01174168 -0.2876712 -0.8825831 0.3209393 0.3424658 -0.62818 0.5636008 -0.5381604 -0.6360078 -0.7299413 -0.2504892 0.3111546 -0.02152642 -0.9491194 -0.9706458 -0.003913894 0.2387476 -0.4540117 -0.8101761 -0.3679061 -0.06849315 0.02544031 0.9980431 0.4716243 -0.7808219 0.4109589 -0.9706458 -0.003913894 0.2387476 -0.06849315 0.02544031 0.9980431 0.4540117 0.8101761 0.3679061 -0.4716243 0.7808219 -0.4109589 0.9706458 0.003913894 -0.2387476 0.06849315 -0.02544031 -0.9980431 -0.1917808 -0.2994129 0.9354208 0.6497065 -0.702544 0.2896282 0.4285714 0.8336595 0.3463796 0.9804305 0.005870841 -0.1937378 -0.4540117 -0.8101761 -0.3679061 0.06849315 -0.02544031 -0.9980431 0.4716243 -0.7808219 0.4109589 0.9706458 0.003913894 -0.2387476 -0.5733855 0.03522505 0.8180039 -0.3639922 0.08610567 -0.9275929 0.9921722 0.1252446 0.02152642 -0.5714286 -0.06262231 0.8180039 -0.7847358 -0.037182 -0.6183953 -0.3131115 -0.03522505 -0.9491194 -0.1428571 0.01565558 0.9902152 0.9941292 -0.04500978 0.08806262 0.9960861 -0.001956947 0.08610567 0.9921722 0.1252446 0.02152642 0.9275929 -0.01565558 -0.37182 -0.8375734 0.005870841 0.5459883 -0.6712329 0.5636008 -0.481409 -0.6594912 -0.6027398 -0.4500979 0.2270059 -0.02348337 -0.9745597 -0.9471624 -0.001956947 0.3228963 0.5029354 -0.7808219 0.3679061 0.01956947 0.02739726 1 -0.4872798 -0.8101761 -0.3268102 -0.9471624 -0.001956947 0.3228963 0.01956947 0.02739726 1 0.4872798 0.8101761 0.3268102 -0.5029354 0.7808219 -0.3679061 0.9471624 0.001956947 -0.3228963 -0.01956947 -0.02739726 -1 0.0665362 0.02739726 0.9980431 0.4755382 -0.8062623 0.3502935 0.4598826 0.8336595 0.3052838 0.960861 0.001956947 -0.2778865 -0.4872798 -0.8101761 -0.3268102 -0.01956947 -0.02739726 -1 0.5029354 -0.7808219 0.3679061 0.9471624 0.001956947 -0.3228963 -0.5733855 0.03522505 0.8180039 -0.3639922 0.08610567 -0.9275929 0.9921722 0.1252446 0.02152642 -0.5714286 -0.06262231 0.8180039 -0.7847358 -0.037182 -0.6183953 -0.3131115 -0.03522505 -0.9491194 -0.1428571 0.01565558 0.9902152 0.9941292 -0.04500978 0.08806262 0.9960861 -0.001956947 0.08610567 0.9921722 0.1252446 0.02152642 0.9295499 -0.01565558 -0.369863 -0.849315 0.3228963 0.4187867 -0.6712329 0.5636008 -0.481409 -0.6555773 -0.7299413 -0.1937378 0.2270059 -0.02348337 -0.9726027 -0.9471624 -0.001956947 0.3228963 -0.4872798 -0.8101761 -0.3268102 0.01956947 0.02739726 1 0.5029354 -0.7808219 0.3679061 -0.9471624 -0.001956947 0.3228963 0.01956947 0.02739726 1 0.4872798 0.8101761 0.3268102 -0.5029354 0.7808219 -0.3679061 0.9471624 0.001956947 -0.3228963 -0.01956947 -0.02739726 -1 -0.109589 -0.297456 0.9491194 0.6712329 -0.704501 0.2309198 0.4598826 0.8336595 0.3052838 0.960861 0.001956947 -0.2778865 -0.4872798 -0.8101761 -0.3268102 -0.01956947 -0.02739726 -1 0.5029354 -0.7808219 0.3679061 0.9471624 0.001956947 -0.3228963 0.7162427 -0.6966732 -0.01956947 0.7651663 -0.5851272 -0.2700587 -0.1017613 0.6340509 -0.7671233 0.667319 -0.7416829 -0.08219178 -0.0332681 0.7299413 -0.6829746 -0.0665362 0.6810176 -0.7299413 -0.6223092 0.04109589 0.7808219 -0.297456 -0.3307241 0.8962818 0.407045 -0.9021527 0.1369863 0.2035225 0.6144814 -0.7612525 -0.01174168 0.7534246 -0.6575342 -0.6027398 0.02739726 0.7984344 -0.6164383 0.03131115 0.7866927 0.6555773 -0.7534246 -0.06457926 0.7064579 -0.7084149 -0.02739726 0.7181996 -0.6966732 -0.02152642 0.5088063 -0.8434442 -0.1663405 0.09784736 0.7749511 -0.6242661 -0.6046967 0.05870841 0.7945206 -0.6007828 0.04500978 0.7984344 0.5596869 -0.8180039 -0.1311155 0.4227006 -0.890411 -0.1682975 0.1780822 0.7632094 -0.6203523 -0.6007828 0.1272016 0.7886497 -0.5949119 0.08023483 0.8003914 0.4990215 -0.849315 -0.1741683 0.1428571 -0.9686888 0.1996086 0.4324853 0.4168297 -0.7984344 -0.5772994 0.555773 0.6007828 0.4148728 -0.8786693 -0.2328767 0.4363992 -0.8727984 -0.2172211 0.3248532 -0.8825831 -0.3385518 0.3816047 -0.7964775 -0.4696673 0.2485323 0.8414873 -0.479452 0.4872798 0.4168297 -0.7671233 0.0332681 -0.9902152 0.1330724 -0.02348337 -0.9960861 0.09393346 0.5107632 0.4207436 -0.7495108 0.1350294 0.9530333 -0.2720157 -0.5792564 0.148728 0.8023483 -0.5733855 0.04109589 0.8180039 -0.5205479 0.5733855 0.6340509 0.05088063 0.9491194 -0.3111546 0.3228963 -0.9138943 -0.2465753 -0.4872798 0.5753425 0.6555773 0.2681018 -0.9060665 -0.3248532 0.2778865 -0.9060665 -0.3189824 0.3013699 -0.9060665 -0.2994129 0.3209393 -0.9021527 -0.2876712 0.3365949 -0.9001957 -0.2759295 -0.5909981 0.1017613 0.8003914 0.3639922 -0.9001957 -0.2407045 0.1898239 0.8199608 -0.5381604 0.4050881 -0.8767123 -0.2563601 0.369863 -0.8943248 -0.2544031 -0.5870842 0.05675147 0.8082192 -0.5890411 0.06849315 0.8043053 -0.1330724 0.9706458 -0.2035225 0.5772994 -0.5616438 -0.592955 0.3933464 -0.888454 -0.2367906 0.4109589 -0.8845401 -0.2250489 -0.444227 -0.4090019 0.7964775 0.964775 0.1037182 0.2387476 -0.739726 0.09393346 0.6653621 -0.3385518 0.03913894 -0.9393346 0.9706458 0.005870841 0.2426614 -0.295499 0.01565558 0.9549902 -0.7729941 -0.03131115 0.6340509 0.9726027 0.05283757 -0.223092 -0.2681018 -0.1272016 -0.9549902 -0.2739726 -0.08610567 -0.9569471 -0.3385518 0.03913894 -0.9393346 -0.6751468 -0.1037182 -0.7299413 0.6751468 0.4050881 0.6164383 -0.2407045 0.6086106 0.7573385 0.09197652 -0.6751468 0.7318982 -0.9882583 -0.0665362 0.1409002 0.6379648 0.08806262 0.7651663 -0.08610567 -0.7729941 0.62818 0.9236791 0.04892368 -0.3796478 0.2054795 -0.8121331 -0.5440313 0.6379648 0.08806262 0.7651663 0.9236791 0.04892368 -0.3796478 0.08610567 0.7729941 -0.62818 -0.2054795 0.8121331 0.5440313 -0.6379648 -0.08806262 -0.7651663 -0.9236791 -0.04892368 0.3796478 0.9393346 -0.2641879 -0.2172211 0.01565558 -0.7534246 -0.6575342 0.07632094 0.7984344 -0.5968689 -0.6027398 -0.08806262 -0.7945206 -0.08610567 -0.7729941 0.62818 -0.9236791 -0.04892368 0.3796478 0.2054795 -0.8121331 -0.5440313 -0.6379648 -0.08806262 -0.7651663 -0.9667319 0.03913894 -0.2504892 0.7416829 0.08610567 -0.6653621 0.3268102 0.1193738 0.9373777 -0.9667319 -0.05870841 -0.2485323 0.3033268 -0.0332681 -0.9530333 0.778865 -0.03522505 -0.6262231 -0.9765166 0.01761252 0.2133072 0.2661448 -0.05088063 0.962818 0.2681018 -0.007827789 0.962818 0.3268102 0.1193738 0.9373777 0.6731898 -0.02152642 0.739726 -0.6888454 0.3287671 -0.6457925 0.2172211 0.5675147 -0.7945206 -0.05283757 -0.7260274 -0.6868885 0.9921722 -0.02544031 -0.1291585 -0.6340509 0.005870841 -0.7729941 0.1311155 -0.8082192 -0.5753425 -0.9295499 0.02739726 0.369863 -0.1702544 -0.7847358 0.5968689 -0.6340509 0.005870841 -0.7729941 -0.9295499 0.02739726 0.369863 -0.1311155 0.8082192 0.5753425 0.1702544 0.7847358 -0.5968689 0.6340509 -0.005870841 0.7729941 0.9295499 -0.02739726 -0.369863 -0.9275929 -0.295499 0.2289628 0.01565558 -0.7084149 0.7064579 -0.1213307 0.8317025 0.5420744 0.5988258 -0.003913894 0.8023483 0.1311155 -0.8082192 -0.5753425 0.9295499 -0.02739726 -0.369863 -0.1702544 -0.7847358 0.5968689 0.6340509 -0.005870841 0.7729941 -0.925636 -0.2270059 -0.3033268 0.2485323 0.9530333 0.1761252 -0.2818004 0.9569471 0.06457926 -0.407045 -0.8845401 -0.2289628 0.6771037 -0.7260274 0.1272016 0.9589041 -0.037182 0.2818004 -0.2172211 0.9706458 0.1017613 -0.6614481 -0.6731898 -0.3287671 -0.6712329 -0.6790606 -0.297456 0.9334638 -0.2641879 0.2446184 -0.6790606 -0.6810176 -0.2759295 -0.6731898 -0.6829746 -0.2857143 -0.4990215 -0.8258317 -0.2661448 -0.2485323 0.9589041 0.1409002 -0.6555773 -0.6692759 -0.3483366 0.9158513 -0.332681 0.223092 -0.5479452 -0.7729941 -0.3170255 -0.3307241 0.9334638 0.1330724 -0.6516634 -0.6653621 -0.3620352 0.9452055 -0.2348337 0.2309198 0.925636 -0.3091977 0.2191781 -0.6771037 -0.6457925 -0.3522505 -0.3170255 0.9334638 0.1682975 -0.6457925 -0.6594912 -0.3835616 0.9510763 0.04892368 0.3052838 -0.6144814 -0.7005871 -0.3639922 -0.2426614 0.9471624 0.2133072 -0.6438356 -0.6575342 -0.3913894 0.925636 -0.332681 0.1819961 -0.444227 -0.816047 -0.3679061 0.9589041 -0.1409002 0.2446184 -0.4344423 0.8845401 0.1702544 -0.6360078 -0.6516634 -0.4129159 -0.6829746 -0.6144814 -0.3953033 -0.5244619 -0.7436399 -0.4148728 0.7240704 -0.6908023 -0.02935421 0.1878669 0.9060665 0.3796478 -0.6340509 -0.6477495 -0.4227006 -0.9099804 -0.2152642 -0.3522505 0.9432485 0.01956947 -0.3287671 -0.2465753 0.1291585 0.960861 -0.7906067 0.0998043 -0.6027398 0.9412916 -0.07827789 -0.3268102 0.2759295 0.007827789 0.960861 -0.3013699 0.005870841 0.9530333 0.6947162 -0.01565558 -0.7201566 -0.7553816 -0.07240704 -0.6516634 -0.7573385 -0.02739726 -0.6516634 -0.7906067 0.0998043 -0.6027398 -0.9706458 -0.02152642 -0.2407045 0.9334638 0.3287671 0.1428571 0.01956947 0.7279844 0.6849315 0.1917808 -0.8101761 0.553816 -0.5303327 0.01174168 0.8473581 0.9569471 0.009784736 0.2915851 0.2035225 -0.7847358 0.5851272 0.5694716 -0.009784736 -0.8219178 -0.1937378 -0.8062623 -0.55773 0.9569471 0.009784736 0.2915851 0.5694716 -0.009784736 -0.8219178 -0.2035225 0.7847358 -0.5851272 0.1937378 0.8062623 0.55773 -0.9569471 -0.009784736 -0.2915851 -0.5694716 0.009784736 0.8219178 0.6438356 -0.3287671 -0.6908023 -0.2641879 -0.5968689 -0.7573385 -0.02739726 0.704501 -0.7084149 -0.9980431 -0.005870841 -0.04696673 -0.5694716 0.009784736 0.8219178 -0.9569471 -0.009784736 -0.2915851 0.2035225 -0.7847358 0.5851272 -0.1937378 -0.8062623 -0.55773 0.9315069 0.037182 -0.3620352 -0.2133072 0.09589041 0.9726027 -0.8121331 0.1135029 -0.5714286 0.9295499 -0.06066536 -0.3620352 0.3091977 -0.01565558 0.9510763 -0.2681018 -0.02544031 0.962818 0.6692759 0.01761252 -0.7436399 -0.776908 -0.05675147 -0.6262231 -0.778865 -0.003913894 -0.6262231 -0.8121331 0.1135029 -0.5714286 -0.9784736 -0.01369863 -0.2074364 0.9354208 0.3307241 0.1213307 0.2857143 0.5753425 0.7671233 0.4422701 -0.7201566 0.5342466 -0.7299413 -0.01956947 0.6829746 0.9667319 0.007827789 0.258317 0.2289628 -0.8023483 0.5518591 0.5401174 0.02152642 -0.8414873 -0.2093934 -0.7906067 -0.5772994 0.9667319 0.007827789 0.258317 0.5401174 0.02152642 -0.8414873 -0.2289628 0.8023483 -0.5518591 0.2093934 0.7906067 0.5772994 -0.9667319 -0.007827789 -0.258317 -0.5401174 -0.02152642 0.8414873 0.6203523 -0.3013699 -0.7240704 -0.4246575 -0.7142857 -0.55773 -0.2172211 0.8258317 -0.518591 -0.9530333 -0.007827789 -0.3033268 0.2289628 -0.8023483 0.5518591 -0.5401174 -0.02152642 0.8414873 -0.2093934 -0.7906067 -0.5772994 -0.9667319 -0.007827789 -0.258317 0.9471624 0.0332681 -0.3209393 -0.2563601 0.109589 0.960861 -0.7866927 0.1037182 -0.6066536 0.9452055 -0.06457926 -0.3209393 0.2681018 -0.001956947 0.962818 -0.3091977 -0.01369863 0.9510763 0.7005871 0.007827789 -0.7142857 -0.7495108 -0.0665362 -0.6594912 -0.7514677 -0.01369863 -0.6594912 -0.7866927 0.1037182 -0.6066536 -0.9686888 -0.01761252 -0.2485323 0.9980431 0.01369863 0.05479452 0.007827789 0.7162427 0.6986302 0.2700587 -0.5812133 0.7690802 -0.6418787 -0.3307241 0.6908023 0.9549902 0.01369863 0.2994129 -0.1819961 -0.7984344 -0.5753425 0.5753425 0.009784736 -0.8180039 0.2054795 -0.7945206 0.5714286 0.9549902 0.01369863 0.2994129 0.5753425 0.009784736 -0.8180039 -0.2054795 0.7945206 -0.5714286 0.1819961 0.7984344 0.5753425 -0.9549902 -0.01369863 -0.2994129 -0.5753425 -0.009784736 0.8180039 0.5362035 0.009784736 -0.8434442 -0.1722113 -0.8219178 -0.5420744 -0.02739726 0.7181996 -0.6947162 -0.9393346 0.3072407 -0.1545988 0.2054795 -0.7945206 0.5714286 -0.5753425 -0.009784736 0.8180039 -0.1819961 -0.7984344 -0.5753425 -0.9549902 -0.01369863 -0.2994129 0.9432485 0.01956947 -0.3287671 -0.2465753 0.1291585 0.960861 -0.7906067 0.0998043 -0.6027398 0.9412916 -0.07827789 -0.3268102 0.2759295 0.01369863 0.960861 -0.3013699 0.005870841 0.9530333 0.6947162 -0.009784736 -0.7201566 -0.7553816 -0.07240704 -0.6516634 -0.7573385 -0.01956947 -0.6536204 -0.7906067 0.0998043 -0.6027398 -0.9706458 -0.01369863 -0.2407045 0.9334638 0.3287671 0.1428571 0.01956947 0.7279844 0.6849315 0.1917808 -0.8101761 0.553816 -0.5303327 0.01174168 0.8473581 0.9569471 0.009784736 0.2915851 0.2035225 -0.7847358 0.5851272 0.5694716 -0.009784736 -0.8219178 -0.1937378 -0.8062623 -0.55773 0.9569471 0.009784736 0.2915851 0.5694716 -0.009784736 -0.8219178 -0.2035225 0.7847358 -0.5851272 0.1937378 0.8062623 0.55773 -0.9569471 -0.009784736 -0.2915851 -0.5694716 0.009784736 0.8219178 0.6438356 -0.3287671 -0.6908023 -0.2641879 -0.5968689 -0.7573385 -0.02739726 0.704501 -0.7084149 -0.9980431 -0.005870841 -0.04696673 -0.5694716 0.009784736 0.8219178 -0.9569471 -0.009784736 -0.2915851 0.2035225 -0.7847358 0.5851272 -0.1937378 -0.8062623 -0.55773 0.9452055 0.01956947 -0.3228963 -0.2544031 0.1585127 0.9530333 -0.7886497 0.06849315 -0.6105675 0.9452055 -0.07827789 -0.3170255 0.2681018 0.05283757 0.960861 -0.3072407 0.037182 0.9510763 0.6986302 -0.02544031 -0.7142857 -0.7495108 -0.1037182 -0.6536204 -0.7514677 -0.05088063 -0.6575342 -0.7886497 0.06849315 -0.6105675 -0.9686888 -0.0332681 -0.2465753 0.9275929 0.3444227 0.1369863 0.005870841 0.7514677 0.6594912 0.1976517 -0.7886497 0.5831702 -0.5362035 0.0332681 0.8434442 0.9549902 0.03131115 0.297456 0.2093934 -0.7612525 0.6125244 0.5733855 -0.03131115 -0.8180039 -0.1800391 -0.8277887 -0.5303327 0.9549902 0.03131115 0.297456 0.5733855 -0.03131115 -0.8180039 -0.2093934 0.7612525 -0.6125244 0.1800391 0.8277887 0.5303327 -0.9549902 -0.03131115 -0.297456 -0.5733855 0.03131115 0.8180039 0.6516634 -0.3444227 -0.6751468 -0.2504892 -0.6262231 -0.7377691 -0.03131115 0.6790606 -0.7338552 -0.9980431 -0.01956947 -0.05283757 -0.5733855 0.03131115 0.8180039 -0.9549902 -0.03131115 -0.297456 0.2093934 -0.7612525 0.6125244 -0.1800391 -0.8277887 -0.5303327 0.9452055 0.01761252 -0.3228963 -0.2544031 0.1604697 0.9530333 -0.7886497 0.06849315 -0.6105675 0.9452055 -0.08023483 -0.3170255 0.2681018 0.05283757 0.960861 -0.3091977 0.037182 0.9510763 0.6986302 -0.02739726 -0.7142857 -0.7495108 -0.1037182 -0.6536204 -0.7514677 -0.05088063 -0.6575342 -0.7886497 0.06849315 -0.6105675 -0.9686888 -0.03131115 -0.2465753 0.9980431 0.01956947 0.05283757 0.2524462 0.6262231 0.7377691 0.03131115 -0.6790606 0.7338552 -0.6516634 0.3463796 0.6751468 0.9549902 0.03131115 0.297456 -0.1819961 -0.8277887 -0.5303327 0.5753425 -0.0332681 -0.8180039 0.2074364 -0.7612525 0.6125244 0.9549902 0.03131115 0.297456 0.5753425 -0.0332681 -0.8180039 -0.2074364 0.7612525 -0.6125244 0.1819961 0.8277887 0.5303327 -0.9549902 -0.03131115 -0.297456 -0.5733855 0.0332681 0.8180039 0.5362035 -0.03522505 -0.8434442 -0.005870841 -0.7514677 -0.6594912 -0.1976517 0.7886497 -0.5831702 -0.9295499 -0.3444227 -0.1369863 -0.5733855 0.0332681 0.8180039 -0.9549902 -0.03131115 -0.297456 0.2074364 -0.7612525 0.6125244 -0.1819961 -0.8277887 -0.5303327 0.9491194 -0.04892368 -0.3072407 -0.2622309 0.3033268 0.9158513 -0.778865 -0.005870841 -0.6262231 0.9471624 -0.1448141 -0.2876712 0.258317 0.18591 0.9471624 -0.3189824 0.1819961 0.9295499 0.7064579 -0.146771 -0.6908023 -0.7436399 -0.183953 -0.6418787 -0.7455969 -0.1330724 -0.6536204 -0.778865 -0.005870841 -0.6262231 -0.9667319 -0.05088063 -0.2544031 0.9334638 0.3424658 0.0998043 0.01565558 0.8414873 0.5401174 0.1741683 -0.6966732 0.6947162 -0.5459883 0.1682975 0.8219178 0.9510763 0.05675147 0.3033268 0.183953 -0.667319 0.7221135 0.5831702 -0.1643836 -0.7964775 -0.1937378 -0.8943248 -0.4050881 0.9510763 0.05675147 0.3033268 0.5831702 -0.1643836 -0.7964775 -0.183953 0.667319 -0.7221135 0.1937378 0.8943248 0.4050881 -0.9510763 -0.05675147 -0.3033268 -0.5831702 0.1643836 0.7964775 0.6516634 -0.4540117 -0.6066536 -0.2563601 -0.7240704 -0.6418787 -0.007827789 0.5636008 -0.8258317 -0.9980431 -0.007827789 -0.06457926 -0.5831702 0.1643836 0.7964775 -0.9510763 -0.05675147 -0.3033268 0.183953 -0.667319 0.7221135 -0.1937378 -0.8943248 -0.4050881 0.9491194 -0.0332681 -0.3111546 -0.2641879 0.2994129 0.9178082 -0.7808219 -0.01761252 -0.6242661 0.9471624 -0.1291585 -0.2915851 0.258317 0.1898239 0.9471624 -0.3170255 0.1780822 0.9315069 0.7064579 -0.1350294 -0.6947162 -0.7436399 -0.1956947 -0.6399217 -0.7455969 -0.1448141 -0.6497065 -0.7808219 -0.01761252 -0.6242661 -0.9667319 -0.0665362 -0.2504892 0.9354208 -0.2720157 0.223092 0.1702544 0.9138943 0.369863 0.260274 -0.4168297 0.8708415 -0.6497065 -0.18591 0.7377691 0.9510763 0.0704501 0.2994129 -0.1800391 -0.8962818 -0.4050881 0.5831702 -0.1545988 -0.7984344 0.1976517 -0.6653621 0.7201566 0.9510763 0.0704501 0.2994129 0.5831702 -0.1545988 -0.7984344 0.1800391 0.8962818 0.4050881 -0.1976517 0.6653621 -0.7201566 -0.9510763 -0.0704501 -0.2994129 -0.5831702 0.1545988 0.7984344 0.6497065 0.18591 -0.7377691 -0.1702544 -0.9138943 -0.369863 -0.260274 0.4168297 -0.8708415 -0.9354208 0.2720157 -0.223092 0.1976517 -0.6653621 0.7201566 -0.5831702 0.1545988 0.7984344 -0.1800391 -0.8962818 -0.4050881 -0.9510763 -0.0704501 -0.2994129 0.9491194 -0.0332681 -0.3111546 -0.2622309 0.2739726 0.925636 -0.7808219 0.005870841 -0.6242661 0.9471624 -0.1291585 -0.2935421 0.260274 0.1604697 0.9530333 -0.3170255 0.1526419 0.9354208 0.7064579 -0.1213307 -0.6966732 -0.7436399 -0.1722113 -0.6457925 -0.7455969 -0.1193738 -0.6555773 -0.7808219 0.005870841 -0.6242661 -0.9667319 -0.05088063 -0.2524462 0.9334638 -0.2857143 0.2152642 0.1761252 0.9021527 0.3953033 0.2563601 -0.4422701 0.8590998 -0.6516634 -0.2015656 0.7299413 0.9510763 0.05479452 0.3033268 -0.1878669 -0.8825831 -0.4305284 0.5831702 -0.1369863 -0.8003914 0.1917808 -0.6868885 0.702544 0.9510763 0.05479452 0.3033268 0.5831702 -0.1369863 -0.8003914 0.1878669 0.8825831 0.4305284 -0.1917808 0.6868885 -0.702544 -0.9510763 -0.05479452 -0.3033268 -0.5831702 0.1369863 0.8003914 0.6516634 0.2015656 -0.7299413 -0.1761252 -0.9021527 -0.3953033 -0.2563601 0.4422701 -0.8590998 -0.9334638 0.2857143 -0.2152642 0.1917808 -0.6868885 0.702544 -0.5831702 0.1369863 0.8003914 -0.1878669 -0.8825831 -0.4305284 -0.9510763 -0.05479452 -0.3033268 0.9334638 -0.009784736 -0.3600783 -0.221135 0.2641879 0.9393346 -0.8121331 -0.007827789 -0.5831702 0.9334638 -0.1056751 -0.3424658 0.3052838 0.1624266 0.9393346 -0.2720157 0.1409002 0.9510763 0.6712329 -0.1017613 -0.7338552 -0.7729941 -0.183953 -0.6066536 -0.776908 -0.1311155 -0.6164383 -0.8121331 -0.007827789 -0.5831702 -0.9765166 -0.0704501 -0.2035225 0.9275929 0.3659491 0.06066536 0.02152642 0.8219178 0.5694716 0.4540117 -0.6027398 0.6555773 -0.6086106 -0.221135 0.7612525 0.964775 0.07436399 0.2544031 0.2426614 -0.6868885 0.6868885 0.5440313 -0.1193738 -0.8317025 -0.1898239 -0.8845401 -0.4266145 0.964775 0.07436399 0.2544031 0.5440313 -0.1193738 -0.8317025 -0.2426614 0.6868885 -0.6868885 0.1898239 0.8845401 0.4266145 -0.964775 -0.07436399 -0.2544031 -0.5440313 0.1193738 0.8317025 0.630137 -0.4129159 -0.6575342 -0.407045 -0.8101761 -0.4207436 -0.06849315 0.592955 -0.8023483 -0.9491194 0.2661448 -0.1663405 0.2426614 -0.6868885 0.6868885 -0.5440313 0.1193738 0.8317025 -0.1898239 -0.8845401 -0.4266145 -0.964775 -0.07436399 -0.2544031 0.3639922 -0.9295499 0.0704501 0.258317 -0.960861 0.0998043 0.6614481 0.6614481 -0.3542074 0.5772994 0.7377691 -0.3502935 -0.4227006 -0.8708415 0.2465753 0.8630137 0.3659491 -0.3483366 -0.7142857 0.6908023 0.109589 -0.5753425 0.8180039 0.02544031 -0.9412916 0.1898239 0.2798434 -0.1741683 -0.9745597 0.1428571 0.8962818 0.3052838 -0.3248532 0.9471624 0.02348337 -0.3228963 0.8649706 0.3679061 -0.3405088 -0.7729941 0.6125244 0.1643836 -0.148728 -0.9745597 0.1643836 -0.1252446 -0.964775 0.2328767 -0.1232877 -0.962818 0.2426614 -0.03913894 -0.9980431 0.04305284 0.8395303 0.4540117 -0.295499 -0.8003914 0.5440313 0.2524462 -0.7201566 0.6692759 0.1819961 -0.5225049 0.849315 0.07436399 -0.1585127 -0.9784736 0.1389433 -0.1585127 -0.9843444 0.0665362 0.888454 0.3424658 -0.3033268 -0.7299413 0.6418787 0.2348337 -0.1800391 -0.9804305 0.07240704 -0.1761252 -0.9804305 0.08414873 -0.05675147 -0.9980431 0.005870841 0.8473581 0.4520548 -0.2798434 -0.4031311 0.9060665 0.1330724 -0.1878669 -0.9804305 0.05283757 -0.62818 -0.7514677 0.2015656 0.9275929 -0.1937378 -0.3189824 -0.2994129 0.9471624 0.1174168 -0.1898239 -0.9804305 0.04696673 0.3659491 -0.9275929 0.07632094 0.260274 -0.9569471 0.1213307 0.6614481 0.6555773 -0.3659491 0.5772994 0.7358121 -0.3542074 -0.0665362 -0.9784736 0.1937378 0.853229 0.3835616 -0.3522505 -0.7162427 0.6908023 0.09393346 -0.9217221 0.3013699 0.2446184 -0.9412916 0.1917808 0.2778865 -0.1037182 -0.9765166 0.18591 0.8708415 0.3542074 -0.3424658 -0.7866927 0.5949119 0.1585127 -0.1330724 -0.9667319 0.2152642 -0.1213307 -0.960861 0.2524462 -0.1213307 -0.960861 0.2485323 -0.4246575 -0.8688846 0.2544031 0.9471624 0.01956947 -0.3189824 -0.5225049 0.849315 0.06457926 -0.148728 -0.9745597 0.1702544 -0.1389433 -0.9706458 0.1996086 -0.1996086 -0.9706458 0.1389433 0.9041096 0.2837573 -0.3189824 -0.704501 0.6868885 0.1780822 -0.1624266 -0.9784736 0.1272016 -0.05283757 -0.9980431 0.02544031 0.9432485 0.09197652 -0.3209393 -0.7925636 0.5499021 0.2622309 -0.183953 -0.9804305 0.06262231 -0.07632094 -0.9980431 -0.001956947 0.8923679 0.3424658 -0.295499 0.8473581 0.4481409 -0.2857143 -0.7260274 0.6418787 0.2485323 -0.1937378 -0.9804305 0.03913894 -0.6320939 -0.7514677 0.1898239 0.9275929 -0.1956947 -0.3209393 0.9432485 -0.08610567 -0.3209393 -0.3972603 0.9060665 0.148728 -0.1937378 -0.9804305 0.03522505 -0.295499 0.9471624 0.1291585 -0.8101761 0.04696673 0.5831702 -0.007827789 0.2563601 -0.9667319 0.9315069 -0.06262231 0.3600783 -0.8219178 -0.04892368 0.5694716 -0.5205479 0.1878669 -0.8317025 0.03131115 0.1311155 -0.9902152 -0.4696673 -0.06457926 0.8806262 0.888454 -0.2367906 0.3953033 0.8962818 -0.18591 0.4011742 0.9315069 -0.06262231 0.3600783 0.9902152 -0.1330724 -0.04892368 -0.9882583 0.1428571 -0.04892368 -0.2133072 0.9158513 -0.3424658 -0.4344423 -0.6947162 -0.5733855 0.2778865 0.0998043 -0.9549902 -0.9902152 0.1369863 -0.003913894 -0.4500979 -0.6634051 -0.5968689 -0.3228963 -0.09197652 0.9412916 0.2348337 -0.8982387 0.37182 -0.9902152 0.1369863 -0.003913894 -0.3228963 -0.09197652 0.9412916 -0.2348337 0.8982387 -0.37182 0.4500979 0.6634051 0.5968689 0.9902152 -0.1369863 0.003913894 0.3228963 0.09197652 -0.9412916 -0.5440313 -0.04696673 0.8375734 0.3816047 -0.7299413 0.5675147 0.5381604 0.4148728 0.7338552 0.964775 -0.09784736 -0.2407045 0.3228963 0.09197652 -0.9412916 0.9902152 -0.1369863 0.003913894 -0.4500979 -0.6634051 -0.5968689 0.2348337 -0.8982387 0.37182 -0.8180039 0.05088063 0.5733855 0.007827789 0.2563601 -0.9667319 0.925636 -0.06849315 0.37182 -0.8297456 -0.04500978 0.55773 -0.5088063 0.1898239 -0.8395303 0.04500978 0.1311155 -0.9902152 -0.483366 -0.06066536 0.8727984 0.8806262 -0.2407045 0.407045 0.890411 -0.1898239 0.4148728 0.925636 -0.06849315 0.37182 0.9902152 -0.1389433 -0.03522505 -0.888454 0.4285714 0.1604697 -0.369863 0.7299413 -0.5733855 -0.4305284 -0.6927593 -0.5792564 0.481409 0.3757339 -0.7925636 -0.9902152 0.1409002 -0.01565558 -0.4461839 -0.6614481 -0.6027398 -0.334638 -0.09001957 0.9373777 0.2250489 -0.8982387 0.3757339 -0.9902152 0.1409002 -0.01565558 -0.334638 -0.09001957 0.9373777 0.4461839 0.6614481 0.6027398 -0.2250489 0.8982387 -0.3757339 0.9902152 -0.1409002 0.01565558 0.334638 0.09001957 -0.9373777 -0.481409 -0.3757339 0.7925636 0.369863 -0.7299413 0.5733855 0.4305284 0.6927593 0.5792564 0.888454 -0.4285714 -0.1604697 0.334638 0.09001957 -0.9373777 0.9902152 -0.1409002 0.01565558 -0.4461839 -0.6614481 -0.6027398 0.2250489 -0.8982387 0.3757339 -0.7886497 0.09393346 0.6086106 -0.037182 0.2054795 -0.9784736 0.9412916 -0.06457926 0.3307241 -0.8003914 -0.001956947 0.5988258 -0.5459883 0.1545988 -0.8238748 -0.001956947 0.07632094 -0.9960861 -0.4403131 -0.007827789 0.8982387 0.8962818 -0.2348337 0.3757339 0.9060665 -0.1819961 0.3796478 0.9412916 -0.06457926 0.3307241 0.9843444 -0.1565558 -0.07632094 -0.8727984 0.4520548 0.1800391 -0.3874756 0.704501 -0.592955 -0.6712329 -0.5812133 -0.4598826 0.5127202 -0.009784736 -0.8571429 -0.9863014 0.1565558 0.02348337 -0.483366 -0.6849315 -0.5440313 -0.2896282 -0.0332681 0.9569471 0.2309198 -0.8806262 0.4129159 -0.9863014 0.1565558 0.02348337 -0.2896282 -0.0332681 0.9569471 0.483366 0.6849315 0.5440313 -0.2309198 0.8806262 -0.4129159 0.9863014 -0.1565558 -0.02348337 0.2896282 0.0332681 -0.9569471 -0.4461839 -0.3248532 0.8336595 0.4422701 -0.8297456 0.3405088 0.4677104 0.7142857 0.5205479 0.9863014 -0.1604697 0.02152642 -0.483366 -0.6849315 -0.5440313 0.2896282 0.0332681 -0.9569471 0.2309198 -0.8806262 0.4129159 0.9863014 -0.1565558 -0.02348337 -0.81409 -0.01369863 0.5812133 -0.001956947 0.3522505 -0.9354208 0.9295499 -0.09589041 0.3581213 -0.8238748 -0.1076321 0.555773 -0.516634 0.2681018 -0.8121331 0.037182 0.2289628 -0.9726027 -0.4755382 -0.1526419 0.8669276 0.8864971 -0.2720157 0.3737769 0.8943248 -0.221135 0.3874756 0.9295499 -0.09589041 0.3581213 0.9902152 -0.1252446 -0.05479452 -0.890411 0.4031311 0.2074364 -0.111546 0.8767123 -0.4677104 -0.6360078 -0.516634 -0.5714286 0.3874756 -0.1604697 -0.9080235 -0.9902152 0.1330724 0.003913894 -0.444227 -0.6027398 -0.6634051 -0.3268102 -0.18591 0.925636 0.2367906 -0.9295499 0.2818004 -0.9902152 0.1330724 0.003913894 -0.3268102 -0.18591 0.925636 0.444227 0.6027398 0.6634051 -0.2367906 0.9295499 -0.2818004 0.9902152 -0.1330724 -0.003913894 0.3268102 0.18591 -0.925636 -0.4716243 -0.4579256 0.7534246 0.4500979 -0.8630137 0.2289628 0.2994129 0.5029354 0.8101761 0.9745597 0.2152642 -0.05479452 -0.444227 -0.6027398 -0.6634051 0.3268102 0.18591 -0.925636 0.2367906 -0.9295499 0.2818004 0.9902152 -0.1330724 -0.003913894 -0.8277887 -0.0704501 0.55773 0.01174168 0.4090019 -0.9119374 0.9217221 -0.09784736 0.3757339 -0.8356164 -0.1624266 0.5264188 -0.5029354 0.3072407 -0.8082192 0.05479452 0.2915851 -0.9549902 -0.4931507 -0.2191781 0.8414873 0.8825831 -0.2759295 0.3796478 0.890411 -0.2270059 0.3953033 0.9217221 -0.09784736 0.3757339 0.9941292 -0.0998043 -0.037182 -0.9745597 0.0332681 0.221135 -0.3874756 0.8023483 -0.4559687 -0.5048923 -0.3052838 -0.8082192 0.5655577 0.1956947 -0.8023483 -0.9941292 0.109589 -0.01369863 0.2524462 -0.9393346 0.2309198 -0.3463796 -0.2504892 0.9041096 -0.4129159 -0.5694716 -0.7103718 -0.9941292 0.109589 -0.01369863 -0.3463796 -0.2504892 0.9041096 0.4129159 0.5694716 0.7103718 -0.2524462 0.9393346 -0.2309198 0.9941292 -0.109589 0.01369863 0.3463796 0.2504892 -0.9041096 -0.3013699 -0.260274 0.9178082 0.2309198 -0.9530333 0.1956947 0.3972603 0.6027398 0.6927593 0.9902152 -0.1232877 0.05675147 -0.4129159 -0.5694716 -0.7103718 0.3463796 0.2504892 -0.9041096 0.2524462 -0.9393346 0.2309198 0.9941292 -0.109589 0.01369863 -0.8238748 -0.06457926 0.5636008 0.001956947 0.3835616 -0.9236791 0.9236791 -0.07436399 0.3737769 -0.8297456 -0.1585127 0.5342466 -0.5107632 0.2759295 -0.81409 0.04696673 0.2641879 -0.962818 -0.4853229 -0.2015656 0.849315 0.888454 -0.2524462 0.3835616 0.8943248 -0.2035225 0.3972603 0.9236791 -0.07436399 0.3737769 0.9960861 -0.08610567 -0.03913894 -0.9099804 0.3620352 0.2035225 -0.4011742 0.7827789 -0.4755382 -0.6046967 -0.518591 -0.6027398 0.55773 0.1800391 -0.8101761 -0.9960861 0.09589041 -0.01174168 -0.407045 -0.5949119 -0.6927593 -0.3385518 -0.2309198 0.9119374 0.2661448 -0.9295499 0.2544031 -0.9960861 0.09589041 -0.01174168 -0.3385518 -0.2309198 0.9119374 0.407045 0.5949119 0.6927593 -0.2661448 0.9295499 -0.2544031 0.9960861 -0.09589041 0.01174168 0.3385518 0.2309198 -0.9119374 -0.4696673 -0.5009785 0.7279844 0.4774951 -0.853229 0.2093934 0.3913894 0.62818 0.6731898 0.9921722 -0.1076321 0.05675147 -0.407045 -0.5949119 -0.6927593 0.3385518 0.2309198 -0.9119374 0.2661448 -0.9295499 0.2544031 0.9960861 -0.09589041 0.01174168 -0.109589 -0.9452055 -0.3052838 -0.516634 -0.8571429 0.001956947 0.8336595 0.08023483 -0.5479452 0.7827789 0.5244619 -0.3365949 -0.09197652 -0.9569471 -0.2778865 -0.3170255 0.776908 0.5440313 -0.5146771 0.6105675 0.6027398 -0.8317025 -0.08219178 0.5499021 0.6516634 0.7318982 -0.1937378 -0.3228963 -0.9452055 -0.04696673 -0.1154599 -0.9432485 -0.3131115 -0.3189824 -0.9354208 -0.1545988 0.1996086 -0.8708415 -0.4481409 -0.06262231 -0.9686888 -0.2387476 -0.6986302 0.4011742 0.592955 0.816047 0.3542074 -0.4579256 -0.037182 -0.9784736 -0.1996086 -0.7866927 0.1761252 0.5909981 0.3816047 -0.8062623 -0.4520548 0.7808219 0.4540117 -0.4285714 0.7416829 0.5362035 -0.4031311 -0.04892368 -0.9863014 -0.1624266 -0.01761252 -0.9843444 -0.1741683 -0.6927593 0.4481409 0.5655577 0.5459883 0.8003914 -0.2485323 0.1937378 -0.9393346 -0.2798434 -0.7142857 0.4266145 0.555773 -0.003913894 -0.9882583 -0.1526419 0.4011742 0.9001957 -0.1663405 0.4207436 -0.816047 -0.3972603 -0.8219178 -0.08414873 0.5636008 0.01174168 -0.9921722 -0.1311155 0.2563601 0.9452055 0.2035225 0.2465753 0.9510763 0.1898239 0.5616438 -0.5479452 -0.6203523 0.2191781 0.964775 0.1526419 0.5616438 -0.5675147 -0.6027398 0.18591 -0.8669276 -0.4618395 -0.7984344 0.08610567 0.5949119 -0.7964775 0.08610567 0.5968689 0.2367906 0.962818 0.1232877 0.2113503 -0.8786693 -0.4285714 -0.5968689 -0.7886497 0.1565558 0.5890411 0.7906067 -0.1643836 0.6125244 0.778865 -0.1330724 0.2563601 0.9452055 0.2054795 0.1898239 0.9765166 0.109589 -0.5753425 -0.7964775 0.18591 0.7886497 -0.1545988 -0.5949119 -0.2074364 0.9021527 0.3776908 0.2152642 0.964775 0.146771 0.1800391 0.9784736 0.1017613 -0.62818 -0.7358121 0.2544031 0.6046967 -0.5772994 -0.5499021 0.183953 0.9784736 0.1017613 -0.2681018 0.8982387 0.3463796 0.8062623 -0.09001957 -0.5851272 -0.8043053 0.09001957 0.5870842 0.1545988 0.9863014 0.06262231 -0.5381604 -0.8082192 0.2387476</float_array>
          <technique_common>
            <accessor source="#wire_set1__OBJFrameSteelSet-normal-array" count="3188" stride="3">
              <param name="X" type="float" />
              <param name="Y" type="float" />
              <param name="Z" type="float" />
            </accessor>
          </technique_common>
        </source>
        <source id="wire_set1__OBJFrameSteelSet-texcoord">
          <float_array id="wire_set1__OBJFrameSteelSet-texcoord-array" count="6376">0.5864927 -0.337153 0.5719371 -0.2454276 0.5572484 -0.337153 0.5587532 0.03641224 0.5582623 -0.2470236 0.5762087 0.03641224 0.5416148 -0.2475958 0.5396945 -0.337153 0.5412977 0.03641224 0.5238422 0.03641224 0.5294334 -0.2454262 0.5156904 -0.337153 0.67682 0.1151007 0.6575546 0.06312627 0.6768184 0.08864391 0.6960795 0.06312627 0.1349914 0.06753755 0.1752201 0.06753755 0.1349914 0.08252192 0.1752201 0.08252192 0.1349914 0.06753755 0.1752201 0.06753755 0.1349914 0.08252192 0.1752201 0.08252192 0.1651936 0.0229941 0.1752305 0.0229941 0.1651932 0.04782915 0.1752297 0.04782915 0.1651936 0.0229941 0.1651932 0.04782915 0.1551567 0.04782915 0.1551563 0.02299404 0.1451199 0.04782915 0.1451199 0.02299404 0.135083 0.02299404 0.1451199 0.02299404 0.135083 0.04782915 0.1451199 0.04782915 0.5864927 -0.337153 0.5719371 -0.2454276 0.5572484 -0.337153 0.5587532 0.03641224 0.5582623 -0.2470236 0.5762087 0.03641224 0.5416148 -0.2475958 0.5396945 -0.337153 0.5412977 0.03641224 0.5238422 0.03641224 0.5294334 -0.2454262 0.5156904 -0.337153 0.67682 0.1151007 0.6575546 0.06312627 0.6768184 0.08864391 0.6960795 0.06312627 0.1349914 0.06753755 0.1752201 0.06753755 0.1349914 0.08252192 0.1752201 0.08252192 0.1349914 0.06753755 0.1752201 0.06753755 0.1349914 0.08252192 0.1752201 0.08252192 0.1752305 0.0229941 0.1752297 0.04782915 0.1651936 0.0229941 0.1651932 0.04782915 0.1651936 0.0229941 0.1651932 0.04782915 0.1551567 0.04782915 0.1551563 0.02299404 0.1451199 0.04782915 0.1451199 0.02299404 0.135083 0.02299404 0.1451199 0.02299404 0.135083 0.04782915 0.1451199 0.04782915 0.5864927 -0.337153 0.5719371 -0.2454276 0.5572484 -0.337153 0.5587532 0.03641224 0.5582623 -0.2470236 0.5762087 0.03641224 0.5416148 -0.2475958 0.5396945 -0.337153 0.5412977 0.03641224 0.5238422 0.03641224 0.5294334 -0.2454262 0.5156904 -0.337153 0.67682 0.1151007 0.6575546 0.06312627 0.6768184 0.08864391 0.6960795 0.06312627 0.1349914 0.06753755 0.1752201 0.06753755 0.1349914 0.08252192 0.1752201 0.08252192 0.1349914 0.06753755 0.1752201 0.06753755 0.1349914 0.08252192 0.1752201 0.08252192 0.1651936 0.0229941 0.1752305 0.0229941 0.1651932 0.04782915 0.1752297 0.04782915 0.1651936 0.0229941 0.1651932 0.04782915 0.1551567 0.04782915 0.1551563 0.02299404 0.1451199 0.04782915 0.1451199 0.02299404 0.135083 0.02299404 0.1451199 0.02299404 0.135083 0.04782915 0.1451199 0.04782915 0.569388 -4.175285 0.569388 -3.542862 0.5567908 -4.175446 0.569388 -2.705502 0.5567908 -2.706165 0.5567908 -3.543503 0.5441928 -3.543114 0.5441928 -4.175348 0.569388 -1.832542 0.5567908 -1.833153 0.5441928 -1.832893 0.5441928 -2.705826 0.5315949 -2.705502 0.5315949 -3.542862 0.5315949 -4.175285 0.569388 -0.8826942 0.5567908 -0.8831978 0.5441928 -0.8829994 0.5315949 -0.8826942 0.5315949 -1.832558 0.569388 0.1851788 0.5567908 0.1848145 0.5441928 0.1849194 0.5315949 0.1852016 0.569388 1.411669 0.5567908 1.411407 0.5441928 1.411453 0.5315949 1.411669 0.569388 2.837145 0.5567908 2.83691 0.5441928 2.836944 0.5315949 2.837148 0.569388 3.994846 0.5567908 3.99408 0.5441928 3.994395 0.5315949 3.994846 0.569388 5.535875 0.5567908 5.535351 0.5441928 5.535585 0.5315949 5.535875 0.569388 7.366344 0.5567908 7.365967 0.5441928 7.366135 0.5315949 7.366329 0.569388 8.436039 0.5567908 8.435749 0.5441928 8.435871 0.5315949 8.436031 0.569388 9.633171 0.5567908 9.632866 0.5441928 9.632996 0.5315949 9.633171 0.569388 10.89064 0.5567908 10.89281 0.5441928 10.89188 0.5315949 10.89065 0.5315949 8.130393 0.5441927 8.130255 0.5441927 9.912403 0.5315949 9.912498 0.5315949 5.892532 0.5567901 8.130162 0.5567901 9.912327 0.5441927 5.89237 0.5441927 12.63045 0.5315949 12.63055 0.5441927 4.515331 0.5315949 4.51553 0.569388 8.130393 0.569388 9.912519 0.5567901 5.892254 0.5567901 12.6304 0.569388 12.63055 0.5567901 4.51519 0.5441927 14.8455 0.5315949 14.84555 0.5441927 2.522042 0.5567901 2.521951 0.5315949 2.522161 0.569388 5.892532 0.569388 4.51553 0.5567901 14.8455 0.569388 14.84555 0.569388 2.522161 0.5441927 17.27763 0.5315949 17.27707 0.5441927 -0.207974 0.5567901 -0.2080626 0.5315949 -0.2078533 0.5567901 17.27803 0.569388 17.27707 0.569388 -0.2078438 0.5441927 -1.976246 0.5567901 -1.976337 0.569388 -1.976112 0.5315949 -1.976112 0.5441927 -3.840714 0.5567901 -3.840828 0.569388 -3.840591 0.5315949 -3.840591 0.5441927 -5.511909 0.5567901 -5.512024 0.569388 -5.511818 0.5315949 -5.511818 0.5441927 -7.037399 0.5567901 -7.037468 0.569388 -7.037292 0.5315949 -7.037292 0.5441927 -8.46537 0.5567901 -8.465401 0.569388 -8.465332 0.5315949 -8.465332 0.5441927 -9.841873 0.5567901 -9.841873 0.569388 -9.841873 0.5315949 -9.841873 0.5864927 -0.337153 0.5719371 -0.2454276 0.5572484 -0.337153 0.5587532 0.03641224 0.5582623 -0.2470236 0.5762087 0.03641224 0.5416148 -0.2475958 0.5396945 -0.337153 0.5412977 0.03641224 0.5238422 0.03641224 0.5294334 -0.2454262 0.5156904 -0.337153 0.67682 0.1151007 0.6575546 0.06312627 0.6768184 0.08864391 0.6960795 0.06312627 0.1349914 0.06753755 0.1752201 0.06753755 0.1349914 0.08252192 0.1752201 0.08252192 0.1349914 0.06753755 0.1752201 0.06753755 0.1349914 0.08252192 0.1752201 0.08252192 0.1651936 0.0229941 0.1752305 0.0229941 0.1651932 0.04782915 0.1752297 0.04782915 0.1651936 0.0229941 0.1651932 0.04782915 0.1551567 0.04782915 0.1551563 0.02299404 0.1451199 0.04782915 0.1451199 0.02299404 0.135083 0.02299404 0.1451199 0.02299404 0.135083 0.04782915 0.1451199 0.04782915 0.5864927 -0.337153 0.5719371 -0.2454276 0.5572484 -0.337153 0.5587532 0.03641224 0.5582623 -0.2470236 0.5762087 0.03641224 0.5416148 -0.2475958 0.5396945 -0.337153 0.5412977 0.03641224 0.5238422 0.03641224 0.5294334 -0.2454262 0.5156904 -0.337153 0.67682 0.1151007 0.6575546 0.06312627 0.6768184 0.08864391 0.6960795 0.06312627 0.1349914 0.06753755 0.1752201 0.06753755 0.1349914 0.08252192 0.1752201 0.08252192 0.1349914 0.06753755 0.1752201 0.06753755 0.1349914 0.08252192 0.1752201 0.08252192 0.1651936 0.0229941 0.1752305 0.0229941 0.1651932 0.04782915 0.1752297 0.04782915 0.1651936 0.0229941 0.1651932 0.04782915 0.1551567 0.04782915 0.1551563 0.02299404 0.1451199 0.04782915 0.1451199 0.02299404 0.135083 0.02299404 0.1451199 0.02299404 0.135083 0.04782915 0.1451199 0.04782915 0.5315949 -15.61516 0.5441923 -15.61516 0.5441923 -13.38054 0.5315949 -13.38047 0.5567907 -15.61516 0.5567907 -13.38047 0.5567907 -11.36849 0.5441923 -11.36863 0.5315949 -11.36849 0.569388 -15.61516 0.569388 -13.38047 0.569388 -11.36849 0.5567907 -9.408096 0.5441923 -9.408249 0.569388 -9.408066 0.5315949 -9.408096 0.5567907 -7.634811 0.5441923 -7.634972 0.5315949 -7.63472 0.569388 -7.634758 0.5567907 -5.713425 0.5441923 -5.713623 0.5315949 -5.713402 0.569388 -5.713402 0.5567907 -3.613586 0.5441923 -3.613747 0.5315949 -3.613548 0.569388 -3.613548 0.5567907 -1.307575 0.5441923 -1.307735 0.5315949 -1.307529 0.569388 -1.307529 0.5567907 1.234909 0.5441923 1.23476 0.5315949 1.234955 0.569388 1.234955 0.5567907 4.0451 0.5441923 4.044971 0.5315949 4.04514 0.569388 4.04514 0.5567907 5.566278 0.5441923 5.566198 0.5315949 5.566305 0.569388 5.566305 0.5567907 7.112549 0.5441923 7.11245 0.5315949 7.112591 0.569388 7.112587 0.5567907 10.41258 0.5441923 10.41245 0.569388 10.41262 0.5315949 10.41262 0.5567907 12.22964 0.5441923 12.22952 0.5315949 12.2297 0.569388 12.2297 0.5567907 14.20163 0.5441923 14.20149 0.5315949 14.20164 0.569388 14.20164 0.5567907 17.17506 0.569388 17.17511 0.5441923 17.17495 0.5315949 17.17511 0.5567907 18.74718 0.5441923 18.74707 0.569388 18.74725 0.5315949 18.74725 0.5567907 21.38243 0.5441923 21.38231 0.5315949 21.38249 0.569388 21.38249 0.5567907 24.22429 0.5441923 24.22523 0.5315949 24.224 0.569388 24.224 0.5910856 -1.032291 0.5762087 -0.8761191 0.5622085 -1.032291 0.5587532 0.03641224 0.558733 -0.8761191 0.5762087 0.03641224 0.5419954 -0.8761191 0.5390844 -1.032291 0.5412977 0.03641224 0.5238422 0.03641224 0.5238422 -0.8761191 0.5143162 -1.032291 0.676823 0.1151007 0.6575587 0.06312621 0.6768214 0.08864391 0.6960814 0.06312621 0.1349914 0.06753755 0.1752201 0.06753755 0.1349914 0.08252192 0.1752201 0.08252192 0.1349914 0.06753755 0.1752201 0.06753755 0.1349914 0.08252192 0.1752201 0.08252192 0.1651936 0.0229941 0.1752305 0.0229941 0.1651932 0.04782915 0.1752297 0.04782915 0.1651936 0.0229941 0.1651932 0.04782915 0.1551567 0.04782915 0.1551563 0.02299404 0.1451199 0.04782915 0.1451199 0.02299404 0.1451199 0.02299404 0.1451199 0.04782915 0.135083 0.02299404 0.135083 0.04782915 0.5910856 -1.032291 0.5762087 -0.8761191 0.5622085 -1.032291 0.5587532 0.03641224 0.558733 -0.8761191 0.5762087 0.03641224 0.5419954 -0.8761191 0.5390844 -1.032291 0.5412977 0.03641224 0.5238422 0.03641224 0.5238422 -0.8761191 0.5143162 -1.032291 0.676823 0.1151007 0.6575587 0.06312621 0.6768214 0.08864391 0.6960814 0.06312621 0.1349914 0.06753755 0.1752201 0.06753755 0.1349914 0.08252192 0.1752201 0.08252192 0.1349914 0.06753755 0.1752201 0.06753755 0.1349914 0.08252192 0.1752201 0.08252192 0.1651936 0.0229941 0.1752305 0.0229941 0.1651932 0.04782915 0.1752297 0.04782915 0.1651936 0.0229941 0.1651932 0.04782915 0.1551567 0.04782915 0.1551563 0.02299404 0.1451199 0.04782915 0.1451199 0.02299404 0.135083 0.02299404 0.1451199 0.02299404 0.135083 0.04782915 0.1451199 0.04782915 0.5910856 -1.032291 0.5762087 -0.8761191 0.5622085 -1.032291 0.5587532 0.03641224 0.558733 -0.8761191 0.5762087 0.03641224 0.5419954 -0.8761191 0.5390844 -1.032291 0.5412977 0.03641224 0.5238422 0.03641224 0.5238422 -0.8761191 0.5143162 -1.032291 0.676823 0.1151007 0.6575587 0.06312621 0.6768214 0.08864391 0.6960814 0.06312621 0.1349914 0.06753755 0.1752201 0.06753755 0.1349914 0.08252192 0.1752201 0.08252192 0.1349914 0.06753755 0.1752201 0.06753755 0.1349914 0.08252192 0.1752201 0.08252192 0.1752305 0.0229941 0.1752297 0.04782915 0.1651936 0.0229941 0.1651932 0.04782915 0.1651936 0.0229941 0.1651932 0.04782915 0.1551567 0.04782915 0.1551563 0.02299404 0.1451199 0.04782915 0.1451199 0.02299404 0.135083 0.02299404 0.1451199 0.02299404 0.135083 0.04782915 0.1451199 0.04782915 0.5910856 -1.032291 0.5762087 -0.8761191 0.5622085 -1.032291 0.5587532 0.03641224 0.558733 -0.8761191 0.5762087 0.03641224 0.5419954 -0.8761191 0.5390844 -1.032291 0.5412977 0.03641224 0.5238422 0.03641224 0.5238422 -0.8761191 0.5143162 -1.032291 0.676823 0.1151007 0.6575587 0.06312621 0.6768214 0.08864391 0.6960814 0.06312621 0.1349914 0.06753755 0.1752201 0.06753755 0.1349914 0.08252192 0.1752201 0.08252192 0.1349914 0.06753755 0.1752201 0.06753755 0.1349914 0.08252192 0.1752201 0.08252192 0.1651936 0.0229941 0.1752305 0.0229941 0.1651932 0.04782915 0.1752297 0.04782915 0.1651936 0.0229941 0.1651932 0.04782915 0.1551567 0.04782915 0.1551563 0.02299404 0.1451199 0.04782915 0.1451199 0.02299404 0.1451199 0.02299404 0.1451199 0.04782915 0.135083 0.02299404 0.135083 0.04782915 0.5910856 -1.032291 0.5762087 -0.8761191 0.5622085 -1.032291 0.5587532 0.03641224 0.558733 -0.8761191 0.5762087 0.03641224 0.5419954 -0.8761191 0.5390844 -1.032291 0.5412977 0.03641224 0.5238422 0.03641224 0.5238422 -0.8761191 0.5143162 -1.032291 0.676823 0.1151007 0.6575587 0.06312621 0.6768214 0.08864391 0.6960814 0.06312621 0.1349914 0.06753755 0.1752201 0.06753755 0.1349914 0.08252192 0.1752201 0.08252192 0.1349914 0.06753755 0.1752201 0.06753755 0.1349914 0.08252192 0.1752201 0.08252192 0.1651936 0.0229941 0.1752305 0.0229941 0.1651932 0.04782915 0.1752297 0.04782915 0.1651936 0.0229941 0.1651932 0.04782915 0.1551567 0.04782915 0.1551563 0.02299404 0.1451199 0.04782915 0.1451199 0.02299404 0.1451199 0.02299404 0.1451199 0.04782915 0.135083 0.02299404 0.135083 0.04782915 0.5910856 -1.032291 0.5762087 -0.8761191 0.5622085 -1.032291 0.5587532 0.03641224 0.558733 -0.8761191 0.5762087 0.03641224 0.5419954 -0.8761191 0.5390844 -1.032291 0.5412977 0.03641224 0.5238422 0.03641224 0.5238422 -0.8761191 0.5143162 -1.032291 0.676823 0.1151007 0.6575587 0.06312621 0.6768214 0.08864391 0.6960814 0.06312621 0.1349914 0.06753755 0.1752201 0.06753755 0.1349914 0.08252192 0.1752201 0.08252192 0.1349914 0.06753755 0.1752201 0.06753755 0.1349914 0.08252192 0.1752201 0.08252192 0.1752305 0.0229941 0.1752297 0.04782915 0.1651936 0.0229941 0.1651932 0.04782915 0.1651936 0.0229941 0.1651932 0.04782915 0.1551567 0.04782915 0.1551563 0.02299404 0.1451199 0.04782915 0.1451199 0.02299404 0.1451199 0.02299404 0.1451199 0.04782915 0.135083 0.02299404 0.135083 0.04782915 0.5910856 -1.032291 0.5762087 -0.8761191 0.5622085 -1.032291 0.5587532 0.03641224 0.558733 -0.8761191 0.5762087 0.03641224 0.5419954 -0.8761191 0.5390844 -1.032291 0.5412977 0.03641224 0.5238422 0.03641224 0.5238422 -0.8761191 0.5143162 -1.032291 0.676823 0.1151007 0.6575587 0.06312621 0.6768214 0.08864391 0.6960814 0.06312621 0.1349914 0.06753755 0.1752201 0.06753755 0.1349914 0.08252192 0.1752201 0.08252192 0.1349914 0.06753755 0.1752201 0.06753755 0.1349914 0.08252192 0.1752201 0.08252192 0.1651936 0.0229941 0.1752305 0.0229941 0.1651932 0.04782915 0.1752297 0.04782915 0.1651936 0.0229941 0.1651932 0.04782915 0.1551567 0.04782915 0.1551563 0.02299404 0.1451199 0.04782915 0.1451199 0.02299404 0.1451199 0.02299404 0.1451199 0.04782915 0.135083 0.02299404 0.135083 0.04782915 0.5910856 -1.032291 0.5762087 -0.8761191 0.5622085 -1.032291 0.5587532 0.03641224 0.558733 -0.8761191 0.5762087 0.03641224 0.5419954 -0.8761191 0.5390844 -1.032291 0.5412977 0.03641224 0.5238422 0.03641224 0.5238422 -0.8761191 0.5143162 -1.032291 0.676823 0.1151007 0.6575587 0.06312621 0.6768214 0.08864391 0.6960814 0.06312621 0.1349914 0.06753755 0.1752201 0.06753755 0.1349914 0.08252192 0.1752201 0.08252192 0.1349914 0.06753755 0.1752201 0.06753755 0.1349914 0.08252192 0.1752201 0.08252192 0.1752305 0.0229941 0.1752297 0.04782915 0.1651936 0.0229941 0.1651932 0.04782915 0.1651936 0.0229941 0.1651932 0.04782915 0.1551563 0.02299404 0.1551567 0.04782915 0.1451199 0.04782915 0.1451199 0.02299404 0.135083 0.02299404 0.1451199 0.02299404 0.135083 0.04782915 0.1451199 0.04782915 0.5910856 -1.032291 0.5762087 -0.8761191 0.5622085 -1.032291 0.5587532 0.03641224 0.558733 -0.8761191 0.5762087 0.03641224 0.5419954 -0.8761191 0.5390844 -1.032291 0.5412977 0.03641224 0.5238422 0.03641224 0.5238422 -0.8761191 0.5143162 -1.032291 0.676823 0.1151007 0.6575587 0.06312621 0.6768214 0.08864391 0.6960814 0.06312621 0.1349914 0.06753755 0.1752201 0.06753755 0.1349914 0.08252192 0.1752201 0.08252192 0.1349914 0.06753755 0.1752201 0.06753755 0.1349914 0.08252192 0.1752201 0.08252192 0.1752305 0.0229941 0.1752297 0.04782915 0.1651936 0.0229941 0.1651932 0.04782915 0.1651936 0.0229941 0.1651932 0.04782915 0.1551563 0.02299404 0.1551567 0.04782915 0.1451199 0.04782915 0.1451199 0.02299404 0.135083 0.02299404 0.1451199 0.02299404 0.135083 0.04782915 0.1451199 0.04782915 0.5910856 -1.032291 0.5762087 -0.8761191 0.5622085 -1.032291 0.5587532 0.03641224 0.558733 -0.8761191 0.5762087 0.03641224 0.5419954 -0.8761191 0.5390844 -1.032291 0.5412977 0.03641224 0.5238422 0.03641224 0.5238422 -0.8761191 0.5143162 -1.032291 0.676823 0.1151007 0.6575587 0.06312621 0.6768214 0.08864391 0.6960814 0.06312621 0.1349914 0.06753755 0.1752201 0.06753755 0.1349914 0.08252192 0.1752201 0.08252192 0.1349914 0.06753755 0.1752201 0.06753755 0.1349914 0.08252192 0.1752201 0.08252192 0.1651936 0.0229941 0.1752305 0.0229941 0.1651932 0.04782915 0.1752297 0.04782915 0.1651936 0.0229941 0.1651932 0.04782915 0.1551567 0.04782915 0.1551563 0.02299404 0.1451199 0.04782915 0.1451199 0.02299404 0.135083 0.02299404 0.1451199 0.02299404 0.135083 0.04782915 0.1451199 0.04782915 0.569388 -17.73944 0.569388 -16.07793 0.5567901 -16.07787 0.5567901 -17.73944 0.569388 -14.38046 0.5567901 -14.38046 0.5441931 -14.38046 0.5441931 -16.07782 0.5441931 -17.73944 0.569388 -12.61588 0.5567901 -12.61592 0.5441931 -12.61592 0.5315949 -12.61588 0.5315949 -14.38046 0.5315949 -16.0779 0.5315949 -17.73944 0.569388 -11.34453 0.5567901 -11.34461 0.5441931 -11.34466 0.5315949 -11.34453 0.569388 -10.75084 0.5567901 -10.75095 0.5441931 -10.75101 0.5315949 -10.75084 0.569388 -8.754967 0.5567901 -8.755074 0.5441931 -8.755112 0.5315949 -8.754967 0.569388 -6.593544 0.5567901 -6.593666 0.5441931 -6.593689 0.5315949 -6.593544 0.569388 -4.235382 0.5567901 -4.235527 0.5441931 -4.235565 0.5315949 -4.235382 0.569388 -1.647789 0.5567901 -1.647923 0.5441931 -1.647949 0.5315949 -1.647781 0.569388 1.204451 0.5567901 1.204317 0.5441931 1.204281 0.5315949 1.204451 0.569388 4.352907 0.5567901 4.35274 0.5441931 4.352698 0.5315949 4.352907 0.569388 5.995878 0.5567901 5.995745 0.5441931 5.995708 0.5315949 5.995878 0.569388 7.676682 0.5567901 7.676521 0.5441931 7.676487 0.5315949 7.676682 0.569388 9.424332 0.5567901 9.424149 0.5441931 9.424095 0.5315949 9.424332 0.569388 13.25496 0.5567901 13.25483 0.5441931 13.25478 0.5315949 13.25496 0.569388 15.39788 0.5567901 15.39774 0.5441931 15.39771 0.5315949 15.39788 0.569388 17.7356 0.5567901 17.73546 0.5441931 17.73546 0.5315949 17.7356 0.569388 20.30273 0.5567901 20.30263 0.5441931 20.30263 0.5315949 20.30273 0.569388 20.88287 0.5567901 20.88278 0.5441931 20.88276 0.5315949 20.88287 0.569388 23.12636 0.5567901 23.1263 0.5441931 23.12624 0.5315949 23.12636 0.569388 26.16051 0.5567901 26.16156 0.5441931 26.16183 0.5315949 26.16051 0.569388 -17.86839 0.569388 -16.19519 0.55679 -16.19511 0.55679 -17.86839 0.569388 -14.483 0.55679 -14.48293 0.5441926 -14.48293 0.5441926 -16.19504 0.5441926 -17.86839 0.569388 -12.7019 0.55679 -12.7019 0.5441926 -12.70197 0.5315949 -12.7019 0.5315949 -14.483 0.5315949 -16.19519 0.5315949 -17.86839 0.569388 -11.45002 0.55679 -11.45007 0.5441926 -11.45011 0.5315949 -11.45002 0.569388 -10.82021 0.55679 -10.82028 0.5441926 -10.82031 0.5315949 -10.82021 0.569388 -8.807365 0.55679 -8.807549 0.5441926 -8.807587 0.5315949 -8.807365 0.569388 -6.629959 0.55679 -6.630104 0.5441926 -6.63015 0.5315949 -6.629959 0.569388 -4.257599 0.55679 -4.257744 0.5441926 -4.257797 0.5315949 -4.257599 0.569388 -1.654903 0.55679 -1.655071 0.5441926 -1.655117 0.5315949 -1.654903 0.569388 1.210541 0.55679 1.210363 0.5441926 1.210314 0.5315949 1.210535 0.569388 4.3714 0.55679 4.371128 0.5441926 4.371049 0.5315949 4.3714 0.569388 6.021181 0.55679 6.020947 0.5441926 6.020882 0.5315949 6.021181 0.569388 7.707359 0.55679 7.707127 0.5441926 7.707062 0.5315949 7.707348 0.569388 9.460625 0.55679 9.460434 0.5441926 9.460358 0.5315949 9.460632 0.569388 13.30458 0.55679 13.30444 0.5441926 13.30437 0.5315949 13.30458 0.569388 15.45538 0.55679 15.45531 0.5441926 15.45524 0.5315949 15.45538 0.569388 17.80379 0.55679 17.80373 0.5441926 17.80365 0.5315949 17.80379 0.569388 20.38301 0.55679 20.38298 0.5441926 20.38295 0.5315949 20.3831 0.569388 20.9388 0.55679 20.93876 0.5441926 20.93874 0.5315949 20.93887 0.569388 23.22095 0.55679 23.22087 0.5441926 23.22087 0.5315949 23.22095 0.569388 26.27332 0.55679 26.27435 0.5441926 26.27457 0.5315949 26.27332 0.5910856 -1.032291 0.5762087 -0.8761191 0.5622085 -1.032291 0.5587532 0.03641224 0.558733 -0.8761191 0.5762087 0.03641224 0.5419954 -0.8761191 0.5390844 -1.032291 0.5412977 0.03641224 0.5238422 0.03641224 0.5238422 -0.8761191 0.5143162 -1.032291 0.676823 0.1151007 0.6575587 0.06312621 0.6768214 0.08864391 0.6960814 0.06312621 0.1349914 0.06753755 0.1752201 0.06753755 0.1349914 0.08252192 0.1752201 0.08252192 0.1349914 0.06753755 0.1752201 0.06753755 0.1349914 0.08252192 0.1752201 0.08252192 0.1651936 0.0229941 0.1752305 0.0229941 0.1651932 0.04782915 0.1752297 0.04782915 0.1651936 0.0229941 0.1651932 0.04782915 0.1551563 0.02299404 0.1551567 0.04782915 0.1451199 0.04782915 0.1451199 0.02299404 0.1451199 0.02299404 0.1451199 0.04782915 0.135083 0.02299404 0.135083 0.04782915 0.5910856 -1.032291 0.5762087 -0.8761191 0.5622085 -1.032291 0.5587532 0.03641224 0.558733 -0.8761191 0.5762087 0.03641224 0.5419954 -0.8761191 0.5390844 -1.032291 0.5412977 0.03641224 0.5238422 0.03641224 0.5238422 -0.8761191 0.5143162 -1.032291 0.676823 0.1151007 0.6575587 0.06312621 0.6768214 0.08864391 0.6960814 0.06312621 0.1349914 0.06753755 0.1752201 0.06753755 0.1349914 0.08252192 0.1752201 0.08252192 0.1349914 0.06753755 0.1752201 0.06753755 0.1349914 0.08252192 0.1752201 0.08252192 0.1651936 0.0229941 0.1752305 0.0229941 0.1651932 0.04782915 0.1752297 0.04782915 0.1651936 0.0229941 0.1651932 0.04782915 0.1551567 0.04782915 0.1551563 0.02299404 0.1451199 0.04782915 0.1451199 0.02299404 0.1451199 0.02299404 0.1451199 0.04782915 0.135083 0.02299404 0.135083 0.04782915 0.5910856 -1.032291 0.5762087 -0.8761191 0.5622085 -1.032291 0.5587532 0.03641224 0.558733 -0.8761191 0.5762087 0.03641224 0.5419954 -0.8761191 0.5390844 -1.032291 0.5412977 0.03641224 0.5238422 0.03641224 0.5238422 -0.8761191 0.5143162 -1.032291 0.676823 0.1151007 0.6575587 0.06312621 0.6768214 0.08864391 0.6960814 0.06312621 0.1349914 0.06753755 0.1752201 0.06753755 0.1349914 0.08252192 0.1752201 0.08252192 0.1349914 0.06753755 0.1752201 0.06753755 0.1349914 0.08252192 0.1752201 0.08252192 0.1651936 0.0229941 0.1752305 0.0229941 0.1651932 0.04782915 0.1752297 0.04782915 0.1651936 0.0229941 0.1651932 0.04782915 0.1551567 0.04782915 0.1551563 0.02299404 0.1451199 0.04782915 0.1451199 0.02299404 0.135083 0.02299404 0.1451199 0.02299404 0.135083 0.04782915 0.1451199 0.04782915 0.5910856 -1.032291 0.5762087 -0.8761191 0.5622085 -1.032291 0.5587532 0.03641224 0.558733 -0.8761191 0.5762087 0.03641224 0.5419954 -0.8761191 0.5390844 -1.032291 0.5412977 0.03641224 0.5238422 0.03641224 0.5238422 -0.8761191 0.5143162 -1.032291 0.676823 0.1151007 0.6575587 0.06312621 0.6768214 0.08864391 0.6960814 0.06312621 0.1349914 0.06753755 0.1752201 0.06753755 0.1349914 0.08252192 0.1752201 0.08252192 0.1349914 0.06753755 0.1752201 0.06753755 0.1349914 0.08252192 0.1752201 0.08252192 0.1651936 0.0229941 0.1752305 0.0229941 0.1651932 0.04782915 0.1752297 0.04782915 0.1651936 0.0229941 0.1651932 0.04782915 0.1551567 0.04782915 0.1551563 0.02299404 0.1451199 0.04782915 0.1451199 0.02299404 0.135083 0.02299404 0.1451199 0.02299404 0.135083 0.04782915 0.1451199 0.04782915 0.5910856 -1.032291 0.5762087 -0.8761191 0.5622085 -1.032291 0.5587532 0.03641224 0.558733 -0.8761191 0.5762087 0.03641224 0.5419954 -0.8761191 0.5390844 -1.032291 0.5412977 0.03641224 0.5238422 0.03641224 0.5238422 -0.8761191 0.5143162 -1.032291 0.676823 0.1151007 0.6575587 0.06312621 0.6768214 0.08864391 0.6960814 0.06312621 0.1349914 0.06753755 0.1752201 0.06753755 0.1349914 0.08252192 0.1752201 0.08252192 0.1349914 0.06753755 0.1752201 0.06753755 0.1349914 0.08252192 0.1752201 0.08252192 0.1752305 0.0229941 0.1752297 0.04782915 0.1651936 0.0229941 0.1651932 0.04782915 0.1651936 0.0229941 0.1651932 0.04782915 0.1551567 0.04782915 0.1551563 0.02299404 0.1451199 0.04782915 0.1451199 0.02299404 0.135083 0.02299404 0.1451199 0.02299404 0.135083 0.04782915 0.1451199 0.04782915 0.5910856 -1.032291 0.5762087 -0.8761191 0.5622085 -1.032291 0.5587532 0.03641224 0.558733 -0.8761191 0.5762087 0.03641224 0.5419954 -0.8761191 0.5390844 -1.032291 0.5412977 0.03641224 0.5238422 0.03641224 0.5238422 -0.8761191 0.5143162 -1.032291 0.676823 0.1151007 0.6575587 0.06312621 0.6768214 0.08864391 0.6960814 0.06312621 0.1349914 0.06753755 0.1752201 0.06753755 0.1349914 0.08252192 0.1752201 0.08252192 0.1349914 0.06753755 0.1752201 0.06753755 0.1349914 0.08252192 0.1752201 0.08252192 0.1651936 0.0229941 0.1752305 0.0229941 0.1651932 0.04782915 0.1752297 0.04782915 0.1651936 0.0229941 0.1651932 0.04782915 0.1551567 0.04782915 0.1551563 0.02299404 0.1451199 0.04782915 0.1451199 0.02299404 0.135083 0.02299404 0.1451199 0.02299404 0.135083 0.04782915 0.1451199 0.04782915 0.569388 12.38795 0.5567904 12.38786 0.569388 12.01222 0.569388 12.78294 0.5567904 12.78284 0.5441927 12.38785 0.5567904 12.01213 0.5441927 12.78284 0.569388 10.64758 0.569388 13.51756 0.5567904 13.51746 0.5441927 13.51746 0.5315949 12.38795 0.5441927 12.01212 0.5315949 12.78294 0.5567904 10.64748 0.5315949 13.51756 0.569388 9.406258 0.569388 15.09641 0.5567904 15.09734 0.5441927 15.09723 0.5315949 15.09641 0.5315949 12.01222 0.5441927 10.64748 0.5567904 9.406128 0.5567904 7.606776 0.569388 7.606941 0.5315949 10.64758 0.5441927 9.406166 0.5441927 7.606782 0.5567904 6.249718 0.5441927 6.249735 0.569388 6.249914 0.5315949 9.406258 0.5315949 7.60694 0.5315949 6.249914 0.5567904 4.444056 0.5441927 4.444079 0.569388 4.444275 0.5315949 4.444275 0.5567904 3.578353 0.569388 3.578619 0.5441927 3.578383 0.5315949 3.578619 0.5567904 1.560227 0.569388 1.560431 0.5441927 1.560247 0.5315949 1.560435 0.569388 1.071069 0.5567904 1.070859 0.5441927 1.07088 0.5315949 1.071075 0.5567904 -0.7744026 0.569388 -0.774189 0.5441927 -0.7743874 0.5315949 -0.7741966 0.5567904 -1.969006 0.569388 -1.968781 0.5441927 -1.968967 0.5315949 -1.968792 0.5567904 -3.063171 0.569388 -3.062973 0.5441927 -3.063148 0.5315949 -3.062973 0.5567904 -3.688858 0.569388 -3.688673 0.5441927 -3.688849 0.5315949 -3.688673 0.5567904 -5.910622 0.569388 -5.910545 0.5441927 -5.910622 0.5315949 -5.91053 0.5567904 -6.769348 0.569388 -6.769318 0.5441927 -6.769318 0.5315949 -6.769318 0.5567904 -7.609604 0.569388 -7.609604 0.5441927 -7.609634 0.5315949 -7.609634 0.569388 -5.286082 0.5567905 -5.285976 0.569388 -5.921112 0.569388 -4.903573 0.5441928 -5.285982 0.5567905 -5.921043 0.5567905 -4.903446 0.5567905 -7.653923 0.569388 -7.653961 0.569388 -4.053078 0.5567905 -4.052917 0.5315949 -5.286085 0.5441928 -5.921028 0.5441928 -4.90346 0.5441928 -4.052917 0.5441928 -7.653923 0.569388 -3.026009 0.5567905 -3.025864 0.5441928 -3.025864 0.5315949 -5.92112 0.5315949 -4.903572 0.5315949 -4.053062 0.5315949 -3.026001 0.5315949 -7.653961 0.569388 -1.914757 0.5567905 -1.914597 0.5441928 -1.914604 0.5315949 -1.914757 0.569388 -0.126071 0.5567905 -0.1259198 0.5441928 -0.1259341 0.5315949 -0.1260681 0.569388 0.6290836 0.5567905 0.6292324 0.5441928 0.6292191 0.5315949 0.6290894 0.569388 2.095836 0.5567905 2.095977 0.5441928 2.095966 0.5315949 2.095836 0.569388 4.551626 0.5567905 4.551729 0.5441928 4.55172 0.5315949 4.551626 0.569388 5.868463 0.5567905 5.868582 0.5441928 5.868575 0.5315949 5.868459 0.569388 6.307537 0.5567905 6.307659 0.5441928 6.307655 0.5315949 6.307529 0.569388 6.365135 0.5567905 6.365258 0.5441928 6.365253 0.5315949 6.365128 0.569388 7.257046 0.5567905 7.257187 0.5441928 7.257168 0.5315949 7.257046 0.569388 8.273968 0.5567905 8.274105 0.5441928 8.274078 0.5315949 8.273968 0.569388 9.373169 0.5567905 9.37326 0.5441928 9.373238 0.5315949 9.373169 0.569388 11.09581 0.5567905 11.09592 0.5441928 11.09589 0.5315949 11.09581 0.569388 11.87876 0.5567905 11.87888 0.5441928 11.87883 0.5315949 11.87876 0.569388 13.31496 0.5567905 13.3151 0.5441928 13.31511 0.5315949 13.31496 0.569388 14.8101 0.5567905 14.80917 0.5441928 14.80927 0.5315949 14.8101 0.67682 0.1151007 0.6575546 0.06312627 0.6960795 0.06312627 0.5572484 -0.337153 0.5412977 0.03641224 0.5396945 -0.337153 0.5587532 0.03641224 0.5864927 -0.337153 0.5238422 0.03641224 0.5156904 -0.337153 0.5762087 0.03641224 0.1752201 0.08252192 0.1349914 0.08252192 0.1752201 0.06753755 0.1349914 0.06753755 0.1651936 0.0229941 0.1752305 0.0229941 0.1651932 0.04782915 0.1752297 0.04782915 0.1651936 0.0229941 0.1651932 0.04782915 0.1551567 0.04782915 0.1551563 0.02299404 0.1451199 0.04782915 0.1451199 0.02299404 0.1349914 0.06753755 0.1752201 0.06753755 0.1349914 0.08252192 0.1752201 0.08252192 0.135083 0.02299404 0.1451199 0.02299404 0.135083 0.04782915 0.1451199 0.04782915 0.67682 0.1151007 0.6575546 0.06312627 0.6960795 0.06312627 0.5572484 -0.337153 0.5412977 0.03641224 0.5396945 -0.337153 0.5587532 0.03641224 0.5864927 -0.337153 0.5238422 0.03641224 0.5156904 -0.337153 0.5762087 0.03641224 0.1752201 0.08252192 0.1349914 0.08252192 0.1752201 0.06753755 0.1349914 0.06753755 0.1651936 0.0229941 0.1752297 0.04782915 0.1651932 0.04782915 0.1752305 0.0229941 0.1651936 0.0229941 0.1651932 0.04782915 0.1551567 0.04782915 0.1551563 0.02299404 0.1451199 0.04782915 0.1451199 0.02299404 0.1349914 0.06753755 0.1752201 0.06753755 0.1349914 0.08252192 0.1752201 0.08252192 0.135083 0.02299404 0.1451199 0.02299404 0.135083 0.04782915 0.1451199 0.04782915 0.67682 0.1151007 0.6575546 0.06312627 0.6960795 0.06312627 0.5572484 -0.337153 0.5412977 0.03641224 0.5396945 -0.337153 0.5587532 0.03641224 0.5864927 -0.337153 0.5238422 0.03641224 0.5156904 -0.337153 0.5762087 0.03641224 0.1752201 0.08252192 0.1349914 0.08252192 0.1752201 0.06753755 0.1349914 0.06753755 0.1651936 0.0229941 0.1752305 0.0229941 0.1651932 0.04782915 0.1752297 0.04782915 0.1651936 0.0229941 0.1651932 0.04782915 0.1551567 0.04782915 0.1551563 0.02299404 0.1451199 0.04782915 0.1451199 0.02299404 0.1349914 0.06753755 0.1752201 0.06753755 0.1349914 0.08252192 0.1752201 0.08252192 0.135083 0.02299404 0.1451199 0.02299404 0.135083 0.04782915 0.1451199 0.04782915 0.569388 -4.175285 0.569388 -3.542862 0.5567908 -4.175446 0.569388 -1.832542 0.5567908 -0.8831978 0.5567908 -2.706165 0.5441928 -2.705826 0.5441928 -4.175348 0.569388 3.994846 0.5567908 3.99408 0.5567908 1.411407 0.5441928 0.1849194 0.5441928 -1.832893 0.5315949 -1.832558 0.5315949 -3.542862 0.5315949 -4.175285 0.569388 5.535875 0.5567908 5.535351 0.5441928 5.535585 0.5441928 3.994395 0.5315949 3.994846 0.569388 8.436039 0.5567908 8.435749 0.5441928 8.435871 0.5441928 7.366135 0.5315949 5.535875 0.569388 10.89064 0.5567908 10.89281 0.5441928 10.89188 0.5315949 10.89065 0.5315949 8.436031 0.569388 8.130393 0.569388 12.63055 0.5567901 8.130162 0.5567901 5.892254 0.569388 5.892532 0.569388 17.27707 0.5567901 17.27803 0.5567901 12.6304 0.5441927 12.63045 0.5441927 8.130255 0.5441927 5.89237 0.5567901 2.521951 0.569388 4.51553 0.5441927 17.27763 0.5315949 17.27707 0.5315949 12.63055 0.5315949 8.130393 0.5315949 5.892532 0.5315949 4.51553 0.5441927 -1.976246 0.569388 -1.976112 0.5567901 -3.840828 0.569388 -5.511818 0.5315949 -1.976112 0.5441927 -3.840714 0.5441927 -7.037399 0.5567901 -9.841873 0.569388 -9.841873 0.5315949 -5.511818 0.5315949 -9.841873 0.5441927 -9.841873 0.67682 0.1151007 0.6575546 0.06312627 0.6960795 0.06312627 0.5572484 -0.337153 0.5412977 0.03641224 0.5396945 -0.337153 0.5587532 0.03641224 0.5864927 -0.337153 0.5238422 0.03641224 0.5156904 -0.337153 0.5762087 0.03641224 0.1752201 0.08252192 0.1349914 0.08252192 0.1752201 0.06753755 0.1349914 0.06753755 0.1651936 0.0229941 0.1752305 0.0229941 0.1651932 0.04782915 0.1752297 0.04782915 0.1651936 0.0229941 0.1651932 0.04782915 0.1551567 0.04782915 0.1551563 0.02299404 0.1451199 0.04782915 0.1451199 0.02299404 0.1349914 0.06753755 0.1752201 0.06753755 0.1349914 0.08252192 0.1752201 0.08252192 0.135083 0.02299404 0.1451199 0.02299404 0.135083 0.04782915 0.1451199 0.04782915 0.67682 0.1151007 0.6575546 0.06312627 0.6960795 0.06312627 0.5572484 -0.337153 0.5412977 0.03641224 0.5396945 -0.337153 0.5587532 0.03641224 0.5864927 -0.337153 0.5238422 0.03641224 0.5156904 -0.337153 0.5762087 0.03641224 0.1752201 0.08252192 0.1349914 0.08252192 0.1752201 0.06753755 0.1349914 0.06753755 0.1651936 0.0229941 0.1752305 0.0229941 0.1651932 0.04782915 0.1752297 0.04782915 0.1651936 0.0229941 0.1651932 0.04782915 0.1551567 0.04782915 0.1551563 0.02299404 0.1451199 0.04782915 0.1451199 0.02299404 0.1349914 0.06753755 0.1752201 0.06753755 0.1349914 0.08252192 0.1752201 0.08252192 0.135083 0.02299404 0.1451199 0.02299404 0.135083 0.04782915 0.1451199 0.04782915 0.5315949 -15.61516 0.5441923 -15.61516 0.5441923 -7.634972 0.5315949 -11.36849 0.5567907 -15.61516 0.5567907 -11.36849 0.5441923 -5.713623 0.5315949 -3.613548 0.5315949 -9.408096 0.5567907 -7.634811 0.569388 -15.61516 0.569388 -11.36849 0.569388 -9.408066 0.5441923 1.23476 0.5315949 1.234955 0.5567907 -5.713425 0.569388 -3.613548 0.5441923 5.566198 0.5315949 5.566305 0.5567907 5.566278 0.5567907 -1.307575 0.569388 1.234955 0.5441923 10.41245 0.5315949 10.41262 0.5567907 10.41258 0.569388 5.566305 0.5441923 12.22952 0.5315949 12.2297 0.5567907 12.22964 0.569388 10.41262 0.5567907 18.74718 0.5441923 18.74707 0.5315949 18.74725 0.569388 12.2297 0.569388 18.74725 0.5567907 24.22429 0.5441923 24.22523 0.5315949 24.224 0.569388 24.224 0.676823 0.1151007 0.6575587 0.06312621 0.6960814 0.06312621 0.5622085 -1.032291 0.5412977 0.03641224 0.5390844 -1.032291 0.5587532 0.03641224 0.5910856 -1.032291 0.5238422 0.03641224 0.5143162 -1.032291 0.5762087 0.03641224 0.1752201 0.08252192 0.1349914 0.08252192 0.1752201 0.06753755 0.1349914 0.06753755 0.1651936 0.0229941 0.1752305 0.0229941 0.1651932 0.04782915 0.1752297 0.04782915 0.1651936 0.0229941 0.1651932 0.04782915 0.1551567 0.04782915 0.1551563 0.02299404 0.1451199 0.04782915 0.1451199 0.02299404 0.1349914 0.06753755 0.1752201 0.06753755 0.1349914 0.08252192 0.1752201 0.08252192 0.1451199 0.02299404 0.1451199 0.04782915 0.135083 0.02299404 0.135083 0.04782915 0.676823 0.1151007 0.6575587 0.06312621 0.6960814 0.06312621 0.5622085 -1.032291 0.5412977 0.03641224 0.5390844 -1.032291 0.5587532 0.03641224 0.5910856 -1.032291 0.5238422 0.03641224 0.5143162 -1.032291 0.5762087 0.03641224 0.1752201 0.08252192 0.1349914 0.08252192 0.1752201 0.06753755 0.1349914 0.06753755 0.1651936 0.0229941 0.1752305 0.0229941 0.1651932 0.04782915 0.1752297 0.04782915 0.1651936 0.0229941 0.1651932 0.04782915 0.1551567 0.04782915 0.1551563 0.02299404 0.1451199 0.04782915 0.1451199 0.02299404 0.1349914 0.06753755 0.1752201 0.06753755 0.1349914 0.08252192 0.1752201 0.08252192 0.135083 0.02299404 0.1451199 0.02299404 0.135083 0.04782915 0.1451199 0.04782915 0.676823 0.1151007 0.6575587 0.06312621 0.6960814 0.06312621 0.5622085 -1.032291 0.5412977 0.03641224 0.5390844 -1.032291 0.5587532 0.03641224 0.5910856 -1.032291 0.5238422 0.03641224 0.5143162 -1.032291 0.5762087 0.03641224 0.1752201 0.08252192 0.1349914 0.08252192 0.1752201 0.06753755 0.1349914 0.06753755 0.1651936 0.0229941 0.1752297 0.04782915 0.1651932 0.04782915 0.1752305 0.0229941 0.1651936 0.0229941 0.1651932 0.04782915 0.1551567 0.04782915 0.1551563 0.02299404 0.1451199 0.04782915 0.1451199 0.02299404 0.1349914 0.06753755 0.1752201 0.06753755 0.1349914 0.08252192 0.1752201 0.08252192 0.135083 0.02299404 0.1451199 0.02299404 0.135083 0.04782915 0.1451199 0.04782915 0.676823 0.1151007 0.6575587 0.06312621 0.6960814 0.06312621 0.5622085 -1.032291 0.5412977 0.03641224 0.5390844 -1.032291 0.5587532 0.03641224 0.5910856 -1.032291 0.5238422 0.03641224 0.5143162 -1.032291 0.5762087 0.03641224 0.1752201 0.08252192 0.1349914 0.08252192 0.1752201 0.06753755 0.1349914 0.06753755 0.1651936 0.0229941 0.1752305 0.0229941 0.1651932 0.04782915 0.1752297 0.04782915 0.1651936 0.0229941 0.1651932 0.04782915 0.1551567 0.04782915 0.1551563 0.02299404 0.1451199 0.04782915 0.1451199 0.02299404 0.1349914 0.06753755 0.1752201 0.06753755 0.1349914 0.08252192 0.1752201 0.08252192 0.1451199 0.02299404 0.1451199 0.04782915 0.135083 0.02299404 0.135083 0.04782915 0.676823 0.1151007 0.6575587 0.06312621 0.6960814 0.06312621 0.5622085 -1.032291 0.5412977 0.03641224 0.5390844 -1.032291 0.5587532 0.03641224 0.5910856 -1.032291 0.5238422 0.03641224 0.5143162 -1.032291 0.5762087 0.03641224 0.1752201 0.08252192 0.1349914 0.08252192 0.1752201 0.06753755 0.1349914 0.06753755 0.1651936 0.0229941 0.1752305 0.0229941 0.1651932 0.04782915 0.1752297 0.04782915 0.1651936 0.0229941 0.1651932 0.04782915 0.1551567 0.04782915 0.1551563 0.02299404 0.1451199 0.04782915 0.1451199 0.02299404 0.1349914 0.06753755 0.1752201 0.06753755 0.1349914 0.08252192 0.1752201 0.08252192 0.1451199 0.02299404 0.1451199 0.04782915 0.135083 0.02299404 0.135083 0.04782915 0.676823 0.1151007 0.6575587 0.06312621 0.6960814 0.06312621 0.5622085 -1.032291 0.5412977 0.03641224 0.5390844 -1.032291 0.5587532 0.03641224 0.5910856 -1.032291 0.5238422 0.03641224 0.5143162 -1.032291 0.5762087 0.03641224 0.1752201 0.08252192 0.1349914 0.08252192 0.1752201 0.06753755 0.1349914 0.06753755 0.1651936 0.0229941 0.1752297 0.04782915 0.1651932 0.04782915 0.1752305 0.0229941 0.1651936 0.0229941 0.1651932 0.04782915 0.1551567 0.04782915 0.1551563 0.02299404 0.1451199 0.04782915 0.1451199 0.02299404 0.1349914 0.06753755 0.1752201 0.06753755 0.1349914 0.08252192 0.1752201 0.08252192 0.1451199 0.02299404 0.1451199 0.04782915 0.135083 0.02299404 0.135083 0.04782915 0.676823 0.1151007 0.6575587 0.06312621 0.6960814 0.06312621 0.5622085 -1.032291 0.5412977 0.03641224 0.5390844 -1.032291 0.5587532 0.03641224 0.5910856 -1.032291 0.5238422 0.03641224 0.5143162 -1.032291 0.5762087 0.03641224 0.1752201 0.08252192 0.1349914 0.08252192 0.1752201 0.06753755 0.1349914 0.06753755 0.1651936 0.0229941 0.1752305 0.0229941 0.1651932 0.04782915 0.1752297 0.04782915 0.1651936 0.0229941 0.1651932 0.04782915 0.1551567 0.04782915 0.1551563 0.02299404 0.1451199 0.04782915 0.1451199 0.02299404 0.1349914 0.06753755 0.1752201 0.06753755 0.1349914 0.08252192 0.1752201 0.08252192 0.1451199 0.02299404 0.1451199 0.04782915 0.135083 0.02299404 0.135083 0.04782915 0.676823 0.1151007 0.6575587 0.06312621 0.6960814 0.06312621 0.5622085 -1.032291 0.5412977 0.03641224 0.5390844 -1.032291 0.5587532 0.03641224 0.5910856 -1.032291 0.5238422 0.03641224 0.5143162 -1.032291 0.5762087 0.03641224 0.1752201 0.08252192 0.1349914 0.08252192 0.1752201 0.06753755 0.1349914 0.06753755 0.1651936 0.0229941 0.1752297 0.04782915 0.1651932 0.04782915 0.1752305 0.0229941 0.1651936 0.0229941 0.1651932 0.04782915 0.1551563 0.02299404 0.1551567 0.04782915 0.1451199 0.04782915 0.1451199 0.02299404 0.1349914 0.06753755 0.1752201 0.06753755 0.1349914 0.08252192 0.1752201 0.08252192 0.135083 0.02299404 0.1451199 0.02299404 0.135083 0.04782915 0.1451199 0.04782915 0.676823 0.1151007 0.6575587 0.06312621 0.6960814 0.06312621 0.5622085 -1.032291 0.5412977 0.03641224 0.5390844 -1.032291 0.5587532 0.03641224 0.5910856 -1.032291 0.5238422 0.03641224 0.5143162 -1.032291 0.5762087 0.03641224 0.1752201 0.08252192 0.1349914 0.08252192 0.1752201 0.06753755 0.1349914 0.06753755 0.1651936 0.0229941 0.1752297 0.04782915 0.1651932 0.04782915 0.1752305 0.0229941 0.1651936 0.0229941 0.1651932 0.04782915 0.1551563 0.02299404 0.1551567 0.04782915 0.1451199 0.04782915 0.1451199 0.02299404 0.1349914 0.06753755 0.1752201 0.06753755 0.1349914 0.08252192 0.1752201 0.08252192 0.135083 0.02299404 0.1451199 0.02299404 0.135083 0.04782915 0.1451199 0.04782915 0.676823 0.1151007 0.6575587 0.06312621 0.6960814 0.06312621 0.5622085 -1.032291 0.5412977 0.03641224 0.5390844 -1.032291 0.5587532 0.03641224 0.5910856 -1.032291 0.5238422 0.03641224 0.5143162 -1.032291 0.5762087 0.03641224 0.1752201 0.08252192 0.1349914 0.08252192 0.1752201 0.06753755 0.1349914 0.06753755 0.1651936 0.0229941 0.1752305 0.0229941 0.1651932 0.04782915 0.1752297 0.04782915 0.1651936 0.0229941 0.1651932 0.04782915 0.1551567 0.04782915 0.1551563 0.02299404 0.1451199 0.04782915 0.1451199 0.02299404 0.1349914 0.06753755 0.1752201 0.06753755 0.1349914 0.08252192 0.1752201 0.08252192 0.135083 0.02299404 0.1451199 0.02299404 0.135083 0.04782915 0.1451199 0.04782915 0.569388 -17.73944 0.569388 -10.75084 0.5567901 -10.75095 0.5567901 -17.73944 0.569388 4.352907 0.5567901 -4.235527 0.5441931 -8.755112 0.5441931 -12.61592 0.5441931 -17.73944 0.569388 7.676682 0.5567901 7.676521 0.5567901 4.35274 0.5567901 -1.647923 0.5441931 -4.235565 0.5315949 4.352907 0.5315949 -10.75084 0.5315949 -17.73944 0.569388 15.39788 0.5567901 15.39774 0.5441931 15.39771 0.5441931 7.676487 0.5441931 4.352698 0.5315949 7.676682 0.569388 17.7356 0.5567901 17.73546 0.5441931 17.73546 0.5315949 17.7356 0.5315949 15.39788 0.569388 23.12636 0.5567901 23.1263 0.5441931 20.30263 0.5315949 23.12636 0.569388 26.16051 0.5567901 26.16156 0.5441931 26.16183 0.5315949 26.16051 0.569388 -17.86839 0.569388 -10.82021 0.55679 -10.82028 0.55679 -17.86839 0.569388 -4.257599 0.55679 -4.257744 0.5441926 -8.807587 0.5441926 -10.82031 0.5441926 -17.86839 0.569388 -1.654903 0.55679 -1.655071 0.5441926 -4.257797 0.5315949 -4.257599 0.5315949 -10.82021 0.5315949 -17.86839 0.569388 4.3714 0.55679 4.371128 0.5441926 4.371049 0.5315949 4.3714 0.5315949 -1.654903 0.569388 7.707359 0.55679 7.707127 0.5441926 7.707062 0.5315949 7.707348 0.569388 15.45538 0.55679 9.460434 0.5441926 15.45524 0.5315949 15.45538 0.569388 23.22095 0.55679 17.80373 0.55679 15.45531 0.5441926 17.80365 0.5315949 23.22095 0.569388 26.27332 0.55679 26.27435 0.55679 20.38298 0.5441926 20.38295 0.5315949 26.27332 0.5441926 26.27457 0.676823 0.1151007 0.6575587 0.06312621 0.6960814 0.06312621 0.5622085 -1.032291 0.5412977 0.03641224 0.5390844 -1.032291 0.5587532 0.03641224 0.5910856 -1.032291 0.5238422 0.03641224 0.5143162 -1.032291 0.5762087 0.03641224 0.1752201 0.08252192 0.1349914 0.08252192 0.1752201 0.06753755 0.1349914 0.06753755 0.1651936 0.0229941 0.1752305 0.0229941 0.1651932 0.04782915 0.1752297 0.04782915 0.1651936 0.0229941 0.1651932 0.04782915 0.1551563 0.02299404 0.1551567 0.04782915 0.1451199 0.04782915 0.1451199 0.02299404 0.1349914 0.06753755 0.1752201 0.06753755 0.1349914 0.08252192 0.1752201 0.08252192 0.1451199 0.02299404 0.1451199 0.04782915 0.135083 0.02299404 0.135083 0.04782915 0.676823 0.1151007 0.6575587 0.06312621 0.6960814 0.06312621 0.5622085 -1.032291 0.5412977 0.03641224 0.5390844 -1.032291 0.5587532 0.03641224 0.5910856 -1.032291 0.5238422 0.03641224 0.5143162 -1.032291 0.5762087 0.03641224 0.1752201 0.08252192 0.1349914 0.08252192 0.1752201 0.06753755 0.1349914 0.06753755 0.1651936 0.0229941 0.1752305 0.0229941 0.1651932 0.04782915 0.1752297 0.04782915 0.1651936 0.0229941 0.1651932 0.04782915 0.1551567 0.04782915 0.1551563 0.02299404 0.1451199 0.04782915 0.1451199 0.02299404 0.1349914 0.06753755 0.1752201 0.06753755 0.1349914 0.08252192 0.1752201 0.08252192 0.1451199 0.02299404 0.1451199 0.04782915 0.135083 0.02299404 0.135083 0.04782915 0.676823 0.1151007 0.6575587 0.06312621 0.6960814 0.06312621 0.5622085 -1.032291 0.5412977 0.03641224 0.5390844 -1.032291 0.5587532 0.03641224 0.5910856 -1.032291 0.5238422 0.03641224 0.5143162 -1.032291 0.5762087 0.03641224 0.1752201 0.08252192 0.1349914 0.08252192 0.1752201 0.06753755 0.1349914 0.06753755 0.1651936 0.0229941 0.1752305 0.0229941 0.1651932 0.04782915 0.1752297 0.04782915 0.1651936 0.0229941 0.1651932 0.04782915 0.1551567 0.04782915 0.1551563 0.02299404 0.1451199 0.04782915 0.1451199 0.02299404 0.1349914 0.06753755 0.1752201 0.06753755 0.1349914 0.08252192 0.1752201 0.08252192 0.135083 0.02299404 0.1451199 0.02299404 0.135083 0.04782915 0.1451199 0.04782915 0.676823 0.1151007 0.6575587 0.06312621 0.6960814 0.06312621 0.5622085 -1.032291 0.5412977 0.03641224 0.5390844 -1.032291 0.5587532 0.03641224 0.5910856 -1.032291 0.5238422 0.03641224 0.5143162 -1.032291 0.5762087 0.03641224 0.1752201 0.08252192 0.1349914 0.08252192 0.1752201 0.06753755 0.1349914 0.06753755 0.1651936 0.0229941 0.1752305 0.0229941 0.1651932 0.04782915 0.1752297 0.04782915 0.1651936 0.0229941 0.1651932 0.04782915 0.1551567 0.04782915 0.1551563 0.02299404 0.1451199 0.04782915 0.1451199 0.02299404 0.1349914 0.06753755 0.1752201 0.06753755 0.1349914 0.08252192 0.1752201 0.08252192 0.135083 0.02299404 0.1451199 0.02299404 0.135083 0.04782915 0.1451199 0.04782915 0.676823 0.1151007 0.6575587 0.06312621 0.6960814 0.06312621 0.5622085 -1.032291 0.5412977 0.03641224 0.5390844 -1.032291 0.5587532 0.03641224 0.5910856 -1.032291 0.5238422 0.03641224 0.5143162 -1.032291 0.5762087 0.03641224 0.1752201 0.08252192 0.1349914 0.08252192 0.1752201 0.06753755 0.1349914 0.06753755 0.1651936 0.0229941 0.1752297 0.04782915 0.1651932 0.04782915 0.1752305 0.0229941 0.1651936 0.0229941 0.1651932 0.04782915 0.1551567 0.04782915 0.1551563 0.02299404 0.1451199 0.04782915 0.1451199 0.02299404 0.1349914 0.06753755 0.1752201 0.06753755 0.1349914 0.08252192 0.1752201 0.08252192 0.135083 0.02299404 0.1451199 0.02299404 0.135083 0.04782915 0.1451199 0.04782915 0.676823 0.1151007 0.6575587 0.06312621 0.6960814 0.06312621 0.5622085 -1.032291 0.5412977 0.03641224 0.5390844 -1.032291 0.5587532 0.03641224 0.5910856 -1.032291 0.5238422 0.03641224 0.5143162 -1.032291 0.5762087 0.03641224 0.1752201 0.08252192 0.1349914 0.08252192 0.1752201 0.06753755 0.1349914 0.06753755 0.1651936 0.0229941 0.1752305 0.0229941 0.1651932 0.04782915 0.1752297 0.04782915 0.1651936 0.0229941 0.1651932 0.04782915 0.1551567 0.04782915 0.1551563 0.02299404 0.1451199 0.04782915 0.1451199 0.02299404 0.1349914 0.06753755 0.1752201 0.06753755 0.1349914 0.08252192 0.1752201 0.08252192 0.135083 0.02299404 0.1451199 0.02299404 0.135083 0.04782915 0.1451199 0.04782915 0.569388 12.38795 0.569388 15.09641 0.5567904 15.09734 0.5567904 10.64748 0.569388 7.606941 0.5441927 15.09723 0.5441927 12.38785 0.5441927 7.606782 0.5567904 7.606776 0.569388 4.444275 0.5315949 15.09641 0.5315949 12.38795 0.5315949 7.60694 0.5315949 4.444275 0.5441927 4.444079 0.5567904 4.444056 0.569388 1.071069 0.5441927 1.560247 0.5315949 1.071075 0.5567904 1.560227 0.5567904 -1.969006 0.569388 -1.968781 0.5315949 -1.968792 0.5441927 -1.968967 0.5567904 -3.688858 0.569388 -3.688673 0.5441927 -3.688849 0.5315949 -3.688673 0.5567904 -7.609604 0.569388 -7.609604 0.5441927 -7.609634 0.5315949 -7.609634 0.569388 -7.653961 0.569388 -4.903573 0.5567905 -7.653923 0.569388 -0.126071 0.5567905 -4.052917 0.5567905 -4.903446 0.5441928 -4.90346 0.5441928 -7.653923 0.569388 0.6290836 0.5567905 -0.1259198 0.5441928 -1.914604 0.5315949 -0.1260681 0.5315949 -4.903572 0.5315949 -7.653961 0.569388 6.307537 0.5441928 4.55172 0.5567905 6.307659 0.5315949 6.307529 0.5315949 0.6290894 0.569388 7.257046 0.5441928 6.307655 0.5567905 8.274105 0.5315949 7.257046 0.569388 14.8101 0.5567905 14.80917 0.5441928 11.09589 0.5315949 14.8101 0.5441928 14.80927 0.67682 0.1151007 0.6575546 0.06312627 0.6960795 0.06312627 0.5572484 -0.337153 0.5412977 0.03641224 0.5396945 -0.337153 0.5587532 0.03641224 0.5864927 -0.337153 0.5238422 0.03641224 0.5156904 -0.337153 0.5762087 0.03641224 0.1752201 0.08252192 0.1349914 0.08252192 0.1752201 0.06753755 0.1349914 0.06753755 0.1651936 0.0229941 0.1752305 0.0229941 0.1651932 0.04782915 0.1752297 0.04782915 0.1651936 0.0229941 0.1651932 0.04782915 0.1551567 0.04782915 0.1551563 0.02299404 0.1451199 0.04782915 0.1451199 0.02299404 0.1349914 0.06753755 0.1752201 0.06753755 0.1349914 0.08252192 0.1752201 0.08252192 0.135083 0.02299404 0.1451199 0.02299404 0.135083 0.04782915 0.1451199 0.04782915 0.67682 0.1151007 0.6575546 0.06312627 0.6960795 0.06312627 0.5572484 -0.337153 0.5412977 0.03641224 0.5396945 -0.337153 0.5587532 0.03641224 0.5864927 -0.337153 0.5238422 0.03641224 0.5156904 -0.337153 0.5762087 0.03641224 0.1752201 0.08252192 0.1349914 0.08252192 0.1752201 0.06753755 0.1349914 0.06753755 0.1651936 0.0229941 0.1752297 0.04782915 0.1651932 0.04782915 0.1752305 0.0229941 0.1651936 0.0229941 0.1651932 0.04782915 0.1551567 0.04782915 0.1551563 0.02299404 0.1451199 0.04782915 0.1451199 0.02299404 0.1349914 0.06753755 0.1752201 0.06753755 0.1349914 0.08252192 0.1752201 0.08252192 0.135083 0.02299404 0.1451199 0.02299404 0.135083 0.04782915 0.1451199 0.04782915 0.67682 0.1151007 0.6575546 0.06312627 0.6960795 0.06312627 0.5572484 -0.337153 0.5412977 0.03641224 0.5396945 -0.337153 0.5587532 0.03641224 0.5864927 -0.337153 0.5238422 0.03641224 0.5156904 -0.337153 0.5762087 0.03641224 0.1752201 0.08252192 0.1349914 0.08252192 0.1752201 0.06753755 0.1349914 0.06753755 0.1651936 0.0229941 0.1752305 0.0229941 0.1651932 0.04782915 0.1752297 0.04782915 0.1651936 0.0229941 0.1651932 0.04782915 0.1551567 0.04782915 0.1551563 0.02299404 0.1451199 0.04782915 0.1451199 0.02299404 0.1349914 0.06753755 0.1752201 0.06753755 0.1349914 0.08252192 0.1752201 0.08252192 0.135083 0.02299404 0.1451199 0.02299404 0.135083 0.04782915 0.1451199 0.04782915 0.569388 -4.175285 0.569388 -3.542862 0.5567908 -4.175446 0.569388 -1.832542 0.5567908 -0.8831978 0.5567908 -2.706165 0.5441928 -2.705826 0.5441928 -4.175348 0.569388 3.994846 0.5567908 3.99408 0.5567908 1.411407 0.5441928 0.1849194 0.5441928 -1.832893 0.5315949 -1.832558 0.5315949 -3.542862 0.5315949 -4.175285 0.569388 5.535875 0.5567908 5.535351 0.5441928 5.535585 0.5441928 3.994395 0.5315949 3.994846 0.569388 8.436039 0.5567908 8.435749 0.5441928 8.435871 0.5441928 7.366135 0.5315949 5.535875 0.569388 10.89064 0.5567908 10.89281 0.5441928 10.89188 0.5315949 10.89065 0.5315949 8.436031 0.569388 8.130393 0.569388 12.63055 0.5567901 8.130162 0.5567901 5.892254 0.569388 5.892532 0.569388 17.27707 0.5567901 17.27803 0.5567901 12.6304 0.5441927 12.63045 0.5441927 8.130255 0.5441927 5.89237 0.5567901 2.521951 0.569388 4.51553 0.5441927 17.27763 0.5315949 17.27707 0.5315949 12.63055 0.5315949 8.130393 0.5315949 5.892532 0.5315949 4.51553 0.5441927 -1.976246 0.569388 -1.976112 0.5567901 -3.840828 0.569388 -5.511818 0.5315949 -1.976112 0.5441927 -3.840714 0.5441927 -7.037399 0.5567901 -9.841873 0.569388 -9.841873 0.5315949 -5.511818 0.5315949 -9.841873 0.5441927 -9.841873 0.67682 0.1151007 0.6575546 0.06312627 0.6960795 0.06312627 0.5572484 -0.337153 0.5412977 0.03641224 0.5396945 -0.337153 0.5587532 0.03641224 0.5864927 -0.337153 0.5238422 0.03641224 0.5156904 -0.337153 0.5762087 0.03641224 0.1752201 0.08252192 0.1349914 0.08252192 0.1752201 0.06753755 0.1349914 0.06753755 0.1651936 0.0229941 0.1752305 0.0229941 0.1651932 0.04782915 0.1752297 0.04782915 0.1651936 0.0229941 0.1651932 0.04782915 0.1551567 0.04782915 0.1551563 0.02299404 0.1451199 0.04782915 0.1451199 0.02299404 0.1349914 0.06753755 0.1752201 0.06753755 0.1349914 0.08252192 0.1752201 0.08252192 0.135083 0.02299404 0.1451199 0.02299404 0.135083 0.04782915 0.1451199 0.04782915 0.67682 0.1151007 0.6575546 0.06312627 0.6960795 0.06312627 0.5572484 -0.337153 0.5412977 0.03641224 0.5396945 -0.337153 0.5587532 0.03641224 0.5864927 -0.337153 0.5238422 0.03641224 0.5156904 -0.337153 0.5762087 0.03641224 0.1752201 0.08252192 0.1349914 0.08252192 0.1752201 0.06753755 0.1349914 0.06753755 0.1651936 0.0229941 0.1752305 0.0229941 0.1651932 0.04782915 0.1752297 0.04782915 0.1651936 0.0229941 0.1651932 0.04782915 0.1551567 0.04782915 0.1551563 0.02299404 0.1451199 0.04782915 0.1451199 0.02299404 0.1349914 0.06753755 0.1752201 0.06753755 0.1349914 0.08252192 0.1752201 0.08252192 0.135083 0.02299404 0.1451199 0.02299404 0.135083 0.04782915 0.1451199 0.04782915 0.5315949 -15.61516 0.5441923 -15.61516 0.5441923 -7.634972 0.5315949 -11.36849 0.5567907 -15.61516 0.5567907 -11.36849 0.5441923 -5.713623 0.5315949 -3.613548 0.5315949 -9.408096 0.5567907 -7.634811 0.569388 -15.61516 0.569388 -11.36849 0.569388 -9.408066 0.5441923 1.23476 0.5315949 1.234955 0.5567907 -5.713425 0.569388 -3.613548 0.5441923 5.566198 0.5315949 5.566305 0.5567907 5.566278 0.5567907 -1.307575 0.569388 1.234955 0.5441923 10.41245 0.5315949 10.41262 0.5567907 10.41258 0.569388 5.566305 0.5441923 12.22952 0.5315949 12.2297 0.5567907 12.22964 0.569388 10.41262 0.5567907 18.74718 0.5441923 18.74707 0.5315949 18.74725 0.569388 12.2297 0.569388 18.74725 0.5567907 24.22429 0.5441923 24.22523 0.5315949 24.224 0.569388 24.224 0.676823 0.1151007 0.6575587 0.06312621 0.6960814 0.06312621 0.5622085 -1.032291 0.5412977 0.03641224 0.5390844 -1.032291 0.5587532 0.03641224 0.5910856 -1.032291 0.5238422 0.03641224 0.5143162 -1.032291 0.5762087 0.03641224 0.1752201 0.08252192 0.1349914 0.08252192 0.1752201 0.06753755 0.1349914 0.06753755 0.1651936 0.0229941 0.1752305 0.0229941 0.1651932 0.04782915 0.1752297 0.04782915 0.1651936 0.0229941 0.1651932 0.04782915 0.1551567 0.04782915 0.1551563 0.02299404 0.1451199 0.04782915 0.1451199 0.02299404 0.1349914 0.06753755 0.1752201 0.06753755 0.1349914 0.08252192 0.1752201 0.08252192 0.1451199 0.02299404 0.1451199 0.04782915 0.135083 0.02299404 0.135083 0.04782915 0.676823 0.1151007 0.6575587 0.06312621 0.6960814 0.06312621 0.5622085 -1.032291 0.5412977 0.03641224 0.5390844 -1.032291 0.5587532 0.03641224 0.5910856 -1.032291 0.5238422 0.03641224 0.5143162 -1.032291 0.5762087 0.03641224 0.1752201 0.08252192 0.1349914 0.08252192 0.1752201 0.06753755 0.1349914 0.06753755 0.1651936 0.0229941 0.1752305 0.0229941 0.1651932 0.04782915 0.1752297 0.04782915 0.1651936 0.0229941 0.1651932 0.04782915 0.1551567 0.04782915 0.1551563 0.02299404 0.1451199 0.04782915 0.1451199 0.02299404 0.1349914 0.06753755 0.1752201 0.06753755 0.1349914 0.08252192 0.1752201 0.08252192 0.135083 0.02299404 0.1451199 0.02299404 0.135083 0.04782915 0.1451199 0.04782915 0.676823 0.1151007 0.6575587 0.06312621 0.6960814 0.06312621 0.5622085 -1.032291 0.5412977 0.03641224 0.5390844 -1.032291 0.5587532 0.03641224 0.5910856 -1.032291 0.5238422 0.03641224 0.5143162 -1.032291 0.5762087 0.03641224 0.1752201 0.08252192 0.1349914 0.08252192 0.1752201 0.06753755 0.1349914 0.06753755 0.1651936 0.0229941 0.1752297 0.04782915 0.1651932 0.04782915 0.1752305 0.0229941 0.1651936 0.0229941 0.1651932 0.04782915 0.1551567 0.04782915 0.1551563 0.02299404 0.1451199 0.04782915 0.1451199 0.02299404 0.1349914 0.06753755 0.1752201 0.06753755 0.1349914 0.08252192 0.1752201 0.08252192 0.135083 0.02299404 0.1451199 0.02299404 0.135083 0.04782915 0.1451199 0.04782915 0.676823 0.1151007 0.6575587 0.06312621 0.6960814 0.06312621 0.5622085 -1.032291 0.5412977 0.03641224 0.5390844 -1.032291 0.5587532 0.03641224 0.5910856 -1.032291 0.5238422 0.03641224 0.5143162 -1.032291 0.5762087 0.03641224 0.1752201 0.08252192 0.1349914 0.08252192 0.1752201 0.06753755 0.1349914 0.06753755 0.1651936 0.0229941 0.1752305 0.0229941 0.1651932 0.04782915 0.1752297 0.04782915 0.1651936 0.0229941 0.1651932 0.04782915 0.1551567 0.04782915 0.1551563 0.02299404 0.1451199 0.04782915 0.1451199 0.02299404 0.1349914 0.06753755 0.1752201 0.06753755 0.1349914 0.08252192 0.1752201 0.08252192 0.1451199 0.02299404 0.1451199 0.04782915 0.135083 0.02299404 0.135083 0.04782915 0.676823 0.1151007 0.6575587 0.06312621 0.6960814 0.06312621 0.5622085 -1.032291 0.5412977 0.03641224 0.5390844 -1.032291 0.5587532 0.03641224 0.5910856 -1.032291 0.5238422 0.03641224 0.5143162 -1.032291 0.5762087 0.03641224 0.1752201 0.08252192 0.1349914 0.08252192 0.1752201 0.06753755 0.1349914 0.06753755 0.1651936 0.0229941 0.1752305 0.0229941 0.1651932 0.04782915 0.1752297 0.04782915 0.1651936 0.0229941 0.1651932 0.04782915 0.1551567 0.04782915 0.1551563 0.02299404 0.1451199 0.04782915 0.1451199 0.02299404 0.1349914 0.06753755 0.1752201 0.06753755 0.1349914 0.08252192 0.1752201 0.08252192 0.1451199 0.02299404 0.1451199 0.04782915 0.135083 0.02299404 0.135083 0.04782915 0.676823 0.1151007 0.6575587 0.06312621 0.6960814 0.06312621 0.5622085 -1.032291 0.5412977 0.03641224 0.5390844 -1.032291 0.5587532 0.03641224 0.5910856 -1.032291 0.5238422 0.03641224 0.5143162 -1.032291 0.5762087 0.03641224 0.1752201 0.08252192 0.1349914 0.08252192 0.1752201 0.06753755 0.1349914 0.06753755 0.1651936 0.0229941 0.1752297 0.04782915 0.1651932 0.04782915 0.1752305 0.0229941 0.1651936 0.0229941 0.1651932 0.04782915 0.1551567 0.04782915 0.1551563 0.02299404 0.1451199 0.04782915 0.1451199 0.02299404 0.1349914 0.06753755 0.1752201 0.06753755 0.1349914 0.08252192 0.1752201 0.08252192 0.1451199 0.02299404 0.1451199 0.04782915 0.135083 0.02299404 0.135083 0.04782915 0.676823 0.1151007 0.6575587 0.06312621 0.6960814 0.06312621 0.5622085 -1.032291 0.5412977 0.03641224 0.5390844 -1.032291 0.5587532 0.03641224 0.5910856 -1.032291 0.5238422 0.03641224 0.5143162 -1.032291 0.5762087 0.03641224 0.1752201 0.08252192 0.1349914 0.08252192 0.1752201 0.06753755 0.1349914 0.06753755 0.1651936 0.0229941 0.1752305 0.0229941 0.1651932 0.04782915 0.1752297 0.04782915 0.1651936 0.0229941 0.1651932 0.04782915 0.1551567 0.04782915 0.1551563 0.02299404 0.1451199 0.04782915 0.1451199 0.02299404 0.1349914 0.06753755 0.1752201 0.06753755 0.1349914 0.08252192 0.1752201 0.08252192 0.1451199 0.02299404 0.1451199 0.04782915 0.135083 0.02299404 0.135083 0.04782915 0.676823 0.1151007 0.6575587 0.06312621 0.6960814 0.06312621 0.5622085 -1.032291 0.5412977 0.03641224 0.5390844 -1.032291 0.5587532 0.03641224 0.5910856 -1.032291 0.5238422 0.03641224 0.5143162 -1.032291 0.5762087 0.03641224 0.1752201 0.08252192 0.1349914 0.08252192 0.1752201 0.06753755 0.1349914 0.06753755 0.1651936 0.0229941 0.1752297 0.04782915 0.1651932 0.04782915 0.1752305 0.0229941 0.1651936 0.0229941 0.1651932 0.04782915 0.1551563 0.02299404 0.1551567 0.04782915 0.1451199 0.04782915 0.1451199 0.02299404 0.1349914 0.06753755 0.1752201 0.06753755 0.1349914 0.08252192 0.1752201 0.08252192 0.135083 0.02299404 0.1451199 0.02299404 0.135083 0.04782915 0.1451199 0.04782915 0.676823 0.1151007 0.6575587 0.06312621 0.6960814 0.06312621 0.5622085 -1.032291 0.5412977 0.03641224 0.5390844 -1.032291 0.5587532 0.03641224 0.5910856 -1.032291 0.5238422 0.03641224 0.5143162 -1.032291 0.5762087 0.03641224 0.1752201 0.08252192 0.1349914 0.08252192 0.1752201 0.06753755 0.1349914 0.06753755 0.1651936 0.0229941 0.1752297 0.04782915 0.1651932 0.04782915 0.1752305 0.0229941 0.1651936 0.0229941 0.1651932 0.04782915 0.1551563 0.02299404 0.1551567 0.04782915 0.1451199 0.04782915 0.1451199 0.02299404 0.1349914 0.06753755 0.1752201 0.06753755 0.1349914 0.08252192 0.1752201 0.08252192 0.135083 0.02299404 0.1451199 0.02299404 0.135083 0.04782915 0.1451199 0.04782915 0.676823 0.1151007 0.6575587 0.06312621 0.6960814 0.06312621 0.5622085 -1.032291 0.5412977 0.03641224 0.5390844 -1.032291 0.5587532 0.03641224 0.5910856 -1.032291 0.5238422 0.03641224 0.5143162 -1.032291 0.5762087 0.03641224 0.1752201 0.08252192 0.1349914 0.08252192 0.1752201 0.06753755 0.1349914 0.06753755 0.1651936 0.0229941 0.1752305 0.0229941 0.1651932 0.04782915 0.1752297 0.04782915 0.1651936 0.0229941 0.1651932 0.04782915 0.1551567 0.04782915 0.1551563 0.02299404 0.1451199 0.04782915 0.1451199 0.02299404 0.1349914 0.06753755 0.1752201 0.06753755 0.1349914 0.08252192 0.1752201 0.08252192 0.135083 0.02299404 0.1451199 0.02299404 0.135083 0.04782915 0.1451199 0.04782915 0.569388 -17.73944 0.569388 -10.75084 0.5567901 -10.75095 0.5567901 -17.73944 0.569388 4.352907 0.5567901 -4.235527 0.5441931 -8.755112 0.5441931 -12.61592 0.5441931 -17.73944 0.569388 7.676682 0.5567901 7.676521 0.5567901 4.35274 0.5567901 -1.647923 0.5441931 -4.235565 0.5315949 4.352907 0.5315949 -10.75084 0.5315949 -17.73944 0.569388 15.39788 0.5567901 15.39774 0.5441931 15.39771 0.5441931 7.676487 0.5441931 4.352698 0.5315949 7.676682 0.569388 17.7356 0.5567901 17.73546 0.5441931 17.73546 0.5315949 17.7356 0.5315949 15.39788 0.569388 23.12636 0.5567901 23.1263 0.5441931 20.30263 0.5315949 23.12636 0.569388 26.16051 0.5567901 26.16156 0.5441931 26.16183 0.5315949 26.16051 0.569388 -17.86839 0.569388 -10.82021 0.55679 -10.82028 0.55679 -17.86839 0.569388 -4.257599 0.55679 -4.257744 0.5441926 -8.807587 0.5441926 -10.82031 0.5441926 -17.86839 0.569388 -1.654903 0.55679 -1.655071 0.5441926 -4.257797 0.5315949 -4.257599 0.5315949 -10.82021 0.5315949 -17.86839 0.569388 4.3714 0.55679 4.371128 0.5441926 4.371049 0.5315949 4.3714 0.5315949 -1.654903 0.569388 7.707359 0.55679 7.707127 0.5441926 7.707062 0.5315949 7.707348 0.569388 15.45538 0.55679 9.460434 0.5441926 15.45524 0.5315949 15.45538 0.569388 23.22095 0.55679 17.80373 0.55679 15.45531 0.5441926 17.80365 0.5315949 23.22095 0.569388 26.27332 0.55679 26.27435 0.55679 20.38298 0.5441926 20.38295 0.5315949 26.27332 0.5441926 26.27457 0.676823 0.1151007 0.6575587 0.06312621 0.6960814 0.06312621 0.5622085 -1.032291 0.5412977 0.03641224 0.5390844 -1.032291 0.5587532 0.03641224 0.5910856 -1.032291 0.5238422 0.03641224 0.5143162 -1.032291 0.5762087 0.03641224 0.1752201 0.08252192 0.1349914 0.08252192 0.1752201 0.06753755 0.1349914 0.06753755 0.1651936 0.0229941 0.1752305 0.0229941 0.1651932 0.04782915 0.1752297 0.04782915 0.1651936 0.0229941 0.1651932 0.04782915 0.1551563 0.02299404 0.1551567 0.04782915 0.1451199 0.04782915 0.1451199 0.02299404 0.1349914 0.06753755 0.1752201 0.06753755 0.1349914 0.08252192 0.1752201 0.08252192 0.1451199 0.02299404 0.1451199 0.04782915 0.135083 0.02299404 0.135083 0.04782915 0.676823 0.1151007 0.6575587 0.06312621 0.6960814 0.06312621 0.5622085 -1.032291 0.5412977 0.03641224 0.5390844 -1.032291 0.5587532 0.03641224 0.5910856 -1.032291 0.5238422 0.03641224 0.5143162 -1.032291 0.5762087 0.03641224 0.1752201 0.08252192 0.1349914 0.08252192 0.1752201 0.06753755 0.1349914 0.06753755 0.1651936 0.0229941 0.1752305 0.0229941 0.1651932 0.04782915 0.1752297 0.04782915 0.1651936 0.0229941 0.1651932 0.04782915 0.1551567 0.04782915 0.1551563 0.02299404 0.1451199 0.04782915 0.1451199 0.02299404 0.1349914 0.06753755 0.1752201 0.06753755 0.1349914 0.08252192 0.1752201 0.08252192 0.1451199 0.02299404 0.1451199 0.04782915 0.135083 0.02299404 0.135083 0.04782915 0.676823 0.1151007 0.6575587 0.06312621 0.6960814 0.06312621 0.5622085 -1.032291 0.5412977 0.03641224 0.5390844 -1.032291 0.5587532 0.03641224 0.5910856 -1.032291 0.5238422 0.03641224 0.5143162 -1.032291 0.5762087 0.03641224 0.1752201 0.08252192 0.1349914 0.08252192 0.1752201 0.06753755 0.1349914 0.06753755 0.1651936 0.0229941 0.1752305 0.0229941 0.1651932 0.04782915 0.1752297 0.04782915 0.1651936 0.0229941 0.1651932 0.04782915 0.1551567 0.04782915 0.1551563 0.02299404 0.1451199 0.04782915 0.1451199 0.02299404 0.1349914 0.06753755 0.1752201 0.06753755 0.1349914 0.08252192 0.1752201 0.08252192 0.135083 0.02299404 0.1451199 0.02299404 0.135083 0.04782915 0.1451199 0.04782915 0.676823 0.1151007 0.6575587 0.06312621 0.6960814 0.06312621 0.5622085 -1.032291 0.5412977 0.03641224 0.5390844 -1.032291 0.5587532 0.03641224 0.5910856 -1.032291 0.5238422 0.03641224 0.5143162 -1.032291 0.5762087 0.03641224 0.1752201 0.08252192 0.1349914 0.08252192 0.1752201 0.06753755 0.1349914 0.06753755 0.1651936 0.0229941 0.1752305 0.0229941 0.1651932 0.04782915 0.1752297 0.04782915 0.1651936 0.0229941 0.1651932 0.04782915 0.1551567 0.04782915 0.1551563 0.02299404 0.1451199 0.04782915 0.1451199 0.02299404 0.1349914 0.06753755 0.1752201 0.06753755 0.1349914 0.08252192 0.1752201 0.08252192 0.135083 0.02299404 0.1451199 0.02299404 0.135083 0.04782915 0.1451199 0.04782915 0.676823 0.1151007 0.6575587 0.06312621 0.6960814 0.06312621 0.5622085 -1.032291 0.5412977 0.03641224 0.5390844 -1.032291 0.5587532 0.03641224 0.5910856 -1.032291 0.5238422 0.03641224 0.5143162 -1.032291 0.5762087 0.03641224 0.1752201 0.08252192 0.1349914 0.08252192 0.1752201 0.06753755 0.1349914 0.06753755 0.1651936 0.0229941 0.1752297 0.04782915 0.1651932 0.04782915 0.1752305 0.0229941 0.1651936 0.0229941 0.1651932 0.04782915 0.1551567 0.04782915 0.1551563 0.02299404 0.1451199 0.04782915 0.1451199 0.02299404 0.1349914 0.06753755 0.1752201 0.06753755 0.1349914 0.08252192 0.1752201 0.08252192 0.135083 0.02299404 0.1451199 0.02299404 0.135083 0.04782915 0.1451199 0.04782915 0.676823 0.1151007 0.6575587 0.06312621 0.6960814 0.06312621 0.5622085 -1.032291 0.5412977 0.03641224 0.5390844 -1.032291 0.5587532 0.03641224 0.5910856 -1.032291 0.5238422 0.03641224 0.5143162 -1.032291 0.5762087 0.03641224 0.1752201 0.08252192 0.1349914 0.08252192 0.1752201 0.06753755 0.1349914 0.06753755 0.1651936 0.0229941 0.1752305 0.0229941 0.1651932 0.04782915 0.1752297 0.04782915 0.1651936 0.0229941 0.1651932 0.04782915 0.1551567 0.04782915 0.1551563 0.02299404 0.1451199 0.04782915 0.1451199 0.02299404 0.1349914 0.06753755 0.1752201 0.06753755 0.1349914 0.08252192 0.1752201 0.08252192 0.135083 0.02299404 0.1451199 0.02299404 0.135083 0.04782915 0.1451199 0.04782915 0.569388 12.38795 0.569388 15.09641 0.5567904 15.09734 0.5567904 10.64748 0.569388 7.606941 0.5441927 15.09723 0.5441927 12.38785 0.5441927 7.606782 0.5567904 7.606776 0.569388 4.444275 0.5315949 15.09641 0.5315949 12.38795 0.5315949 7.60694 0.5315949 4.444275 0.5441927 4.444079 0.5567904 4.444056 0.569388 1.071069 0.5441927 1.560247 0.5315949 1.071075 0.5567904 1.560227 0.5567904 -1.969006 0.569388 -1.968781 0.5315949 -1.968792 0.5441927 -1.968967 0.5567904 -3.688858 0.569388 -3.688673 0.5441927 -3.688849 0.5315949 -3.688673 0.5567904 -7.609604 0.569388 -7.609604 0.5441927 -7.609634 0.5315949 -7.609634 0.569388 -7.653961 0.569388 -4.903573 0.5567905 -7.653923 0.569388 -0.126071 0.5567905 -4.052917 0.5567905 -4.903446 0.5441928 -4.90346 0.5441928 -7.653923 0.569388 0.6290836 0.5567905 -0.1259198 0.5441928 -1.914604 0.5315949 -0.1260681 0.5315949 -4.903572 0.5315949 -7.653961 0.569388 6.307537 0.5441928 4.55172 0.5567905 6.307659 0.5315949 6.307529 0.5315949 0.6290894 0.569388 7.257046 0.5441928 6.307655 0.5567905 8.274105 0.5315949 7.257046 0.569388 14.8101 0.5567905 14.80917 0.5441928 11.09589 0.5315949 14.8101 0.5441928 14.80927</float_array>
          <technique_common>
            <accessor source="#wire_set1__OBJFrameSteelSet-texcoord-array" count="3188" stride="2">
              <param name="S" type="float" />
              <param name="T" type="float" />
            </accessor>
          </technique_common>
        </source>
        <source id="wire_set1__OBJFrameSteelSet-texcoord_1">
          <float_array id="wire_set1__OBJFrameSteelSet-texcoord-array_1" count="6376">0.8500496 0.841825 0.8502022 0.8434119 0.8490577 0.8421607 0.8496681 0.8482948 0.8496376 0.8433814 0.8503853 0.8482948 0.8489509 0.8433814 0.8492103 0.8421607 0.8489357 0.8482948 0.8482185 0.8482948 0.8484474 0.8434119 0.8497139 0.8409094 0.6050813 0.9719539 0.6037385 0.9726864 0.6041963 0.9719539 0.6037385 0.9712368 0.7774014 0.9960327 0.7774014 0.9752499 0.7981689 0.9960327 0.7981689 0.9752499 0.5078965 0.9942016 0.5078965 0.9734035 0.5286641 0.9942016 0.5286641 0.9734035 0.6765698 0.8952621 0.6765698 0.8488899 0.7109789 0.8952621 0.7109789 0.8488899 0.1558862 0.7743801 0.1903105 0.7743801 0.1903105 0.820737 0.1558862 0.820737 0.1903105 0.8670939 0.1558862 0.8670939 0.7058976 0.9557641 0.7058976 0.9093919 0.740322 0.9557641 0.740322 0.9093919 0.836881 0.841825 0.8370489 0.8434119 0.8358892 0.8421607 0.8364996 0.8482948 0.8364843 0.8433814 0.8372167 0.8482948 0.8357977 0.8433814 0.8360418 0.8421607 0.8357824 0.8482948 0.83505 0.8482948 0.8352941 0.8434119 0.8365453 0.8409094 0.3963378 0.970077 0.394995 0.9708095 0.3954375 0.970077 0.394995 0.9693599 0.1503929 0.9923705 0.1503929 0.9715725 0.1711604 0.9923705 0.1711604 0.9715725 0.003723201 0.9923705 0.003723201 0.9715725 0.02449073 0.9923705 0.02449073 0.9715725 0.7609064 0.8488899 0.7953155 0.8488899 0.7609064 0.8952621 0.7953155 0.8952621 0.1137255 0.7743801 0.1481346 0.7743801 0.1481346 0.820737 0.1137255 0.820737 0.1481346 0.8670939 0.1137255 0.8670939 0.7609064 0.9502556 0.7609064 0.9038987 0.7953155 0.9502556 0.7953155 0.9038987 0.8237278 0.841825 0.8238804 0.8434119 0.822736 0.8421607 0.8233311 0.8482948 0.8233158 0.8433814 0.8240635 0.8482948 0.8226292 0.8433814 0.8228733 0.8421607 0.8226139 0.8482948 0.8218967 0.8482948 0.8221256 0.8434119 0.8233768 0.8409094 0.3173571 0.970077 0.3159991 0.9708095 0.3164569 0.970077 0.3159991 0.9693599 0.1210651 0.986862 0.1210651 0.9660792 0.1418173 0.986862 0.1418173 0.9660792 0.7077439 0.986862 0.7077439 0.9660792 0.7284962 0.986862 0.7284962 0.9660792 0.8470741 0.8952621 0.8470741 0.8488899 0.8814832 0.8952621 0.8814832 0.8488899 0.5794003 0.7670557 0.6138094 0.7670557 0.6138094 0.8134127 0.5794003 0.8134127 0.6138094 0.8597696 0.5794003 0.8597696 0.8544137 0.9484245 0.8544137 0.9020676 0.8888228 0.9484245 0.8888228 0.9020676 0.9550927 0.00805676 0.9550927 0.01901275 0.9545739 0.00805676 0.9550927 0.03350884 0.9545739 0.03350884 0.9545739 0.01899749 0.9540551 0.01901275 0.9540551 0.00805676 0.9550927 0.04863048 0.9545739 0.04861522 0.9540551 0.04863048 0.9540551 0.03350884 0.9535363 0.03350884 0.9535363 0.01901275 0.9535363 0.00805676 0.9550927 0.06507975 0.9545739 0.06506449 0.9540551 0.06507975 0.9535363 0.06507975 0.9535363 0.04863048 0.9550927 0.08357364 0.9545739 0.08355838 0.9540551 0.08357364 0.9535363 0.08357364 0.9550927 0.1048142 0.9545739 0.104799 0.9540551 0.1048142 0.9535363 0.1048142 0.9550927 0.1294881 0.9545739 0.1294881 0.9540551 0.1294881 0.9535363 0.1294881 0.9550927 0.1495384 0.9545739 0.1495231 0.9540551 0.1495384 0.9535363 0.1495384 0.9550927 0.1762264 0.9545739 0.1762264 0.9540551 0.1762264 0.9535363 0.1762264 0.9550927 0.2079194 0.9545739 0.2079194 0.9540551 0.2079194 0.9535363 0.2079194 0.9550927 0.2264439 0.9545739 0.2264439 0.9540551 0.2264439 0.9535363 0.2264439 0.9550927 0.2471809 0.9545739 0.2471809 0.9540551 0.2471809 0.9535363 0.2471809 0.9550927 0.2689555 0.9545739 0.268986 0.9540551 0.2689708 0.9535363 0.2689555 0.6075075 0.3151904 0.6080263 0.3151904 0.6080263 0.3460441 0.6075075 0.3460441 0.6075075 0.2764325 0.6085451 0.3151904 0.6085451 0.3460441 0.6080263 0.2764325 0.6080263 0.3931182 0.6075075 0.3931182 0.6080263 0.2525826 0.6075075 0.2525979 0.6090639 0.3151904 0.6090639 0.3460441 0.6085451 0.2764325 0.6085451 0.3931182 0.6090639 0.3931182 0.6085451 0.2525826 0.6080263 0.4314793 0.6075075 0.4314793 0.6080263 0.2180667 0.6085451 0.2180667 0.6075075 0.2180667 0.6090639 0.2764325 0.6090639 0.2525979 0.6085451 0.4314793 0.6090639 0.4314793 0.6090639 0.2180667 0.6080263 0.4735942 0.6075075 0.473579 0.6080263 0.1707942 0.6085451 0.1707942 0.6075075 0.1707942 0.6085451 0.4735942 0.6090639 0.473579 0.6090639 0.1707942 0.6080263 0.1401694 0.6085451 0.1401694 0.6090639 0.1401846 0.6075075 0.1401846 0.6080263 0.1078813 0.6085451 0.1078813 0.6090639 0.1078966 0.6075075 0.1078966 0.6080263 0.07895017 0.6085451 0.07895017 0.6090639 0.07895017 0.6075075 0.07895017 0.6080263 0.05253679 0.6085451 0.05253679 0.6090639 0.05253679 0.6075075 0.05253679 0.6080263 0.02780193 0.6085451 0.02780193 0.6090639 0.02780193 0.6075075 0.02780193 0.6080263 0.003967345 0.6085451 0.003967345 0.6090639 0.003967345 0.6075075 0.003967345 0.8105593 0.841825 0.8107119 0.8434119 0.8095674 0.8421607 0.8101777 0.8482948 0.8101472 0.8433814 0.810895 0.8482948 0.8094606 0.8433814 0.80972 0.8421607 0.8094453 0.8482948 0.8087282 0.8482948 0.808957 0.8434119 0.8102235 0.8409094 0.2797436 0.970077 0.2783856 0.9708095 0.2788434 0.970077 0.2783856 0.9693599 0.09172198 0.9850309 0.09172198 0.9642481 0.1124895 0.9850309 0.1124895 0.9642481 0.6784009 0.9831998 0.6784009 0.962417 0.6991684 0.9831998 0.6991684 0.962417 0.392401 0.8915846 0.392401 0.8452277 0.4268101 0.8915846 0.4268101 0.8452277 0.07156482 0.7652094 0.1059739 0.7652094 0.1059739 0.8115816 0.07156482 0.8115816 0.1059739 0.8579385 0.07156482 0.8579385 0.6637369 0.9465934 0.6637369 0.9002365 0.698146 0.9465934 0.698146 0.9002365 0.7973907 0.841825 0.7975585 0.8434119 0.7963989 0.8421607 0.7970092 0.8482948 0.7969787 0.8433814 0.7977264 0.8482948 0.7962921 0.8433814 0.7965515 0.8421607 0.7962921 0.8482948 0.7955596 0.8482948 0.7957885 0.8434119 0.797055 0.8409094 0.2045167 0.970077 0.2031739 0.9708095 0.2036164 0.970077 0.2031739 0.9693599 0.7480736 0.9795377 0.7480736 0.9587396 0.7688411 0.9795377 0.7688411 0.9587396 0.861738 0.9795377 0.861738 0.9587396 0.8825055 0.9795377 0.8825055 0.9587396 0.287892 0.8879225 0.287892 0.8415656 0.3223011 0.8879225 0.3223011 0.8415656 0.6344091 0.7615473 0.6688182 0.7615473 0.6688182 0.8079042 0.6344091 0.8079042 0.6688182 0.8542611 0.6344091 0.8542611 0.3758907 0.942916 0.3758907 0.8965591 0.4103151 0.942916 0.4103151 0.8965591 0.5980926 0.005554259 0.5986267 0.005554259 0.5986267 0.04425114 0.5980926 0.04425114 0.5991455 0.005554259 0.5991455 0.04425114 0.5991455 0.0790875 0.5986267 0.0790875 0.5980926 0.0790875 0.5996643 0.005554259 0.5996643 0.04425114 0.5996643 0.0790875 0.5991455 0.1130388 0.5986267 0.1130388 0.5996643 0.1130388 0.5980926 0.1130388 0.5991455 0.14374 0.5986267 0.14374 0.5980926 0.14374 0.5996643 0.14374 0.5991455 0.1770199 0.5986267 0.1770046 0.5980926 0.1770199 0.5996643 0.1770199 0.5991455 0.2133822 0.5986267 0.2133669 0.5980926 0.2133822 0.5996643 0.2133822 0.5991455 0.253315 0.5986267 0.2532998 0.5980926 0.253315 0.5996643 0.253315 0.5991455 0.2973373 0.5986267 0.2973373 0.5980926 0.2973373 0.5996643 0.2973373 0.5991455 0.3459983 0.5986267 0.3459983 0.5980926 0.3459983 0.5996643 0.3459983 0.5991455 0.3723354 0.5986267 0.3723354 0.5980926 0.3723354 0.5996643 0.3723354 0.5991455 0.399115 0.5986267 0.399115 0.5980926 0.399115 0.5996643 0.399115 0.5991455 0.45626 0.5986267 0.45626 0.5996643 0.45626 0.5980926 0.45626 0.5991455 0.4877241 0.5986267 0.4877241 0.5980926 0.4877241 0.5996643 0.4877241 0.5991455 0.5218738 0.5986267 0.5218738 0.5980926 0.5218738 0.5996643 0.5218738 0.5991455 0.573373 0.5996643 0.573373 0.5986267 0.5733578 0.5980926 0.573373 0.5991455 0.6005951 0.5986267 0.6005951 0.5996643 0.6005951 0.5980926 0.6005951 0.5991455 0.6462196 0.5986267 0.6462196 0.5980926 0.6462196 0.5996643 0.6462196 0.5991455 0.6954299 0.5986267 0.6954452 0.5980926 0.6954299 0.5996643 0.6954299 0.6243992 0.5777829 0.6235294 0.5804837 0.622797 0.5777829 0.622797 0.596292 0.622797 0.5804837 0.6235294 0.596292 0.6221103 0.5804837 0.6217746 0.5777829 0.6220798 0.596292 0.6213626 0.596292 0.6213626 0.5804837 0.6206607 0.5777829 0.04654002 0.9753567 0.04519722 0.9760891 0.04563973 0.9753567 0.04519722 0.9746243 0.5610743 0.9776913 0.5610743 0.9569085 0.5818265 0.9776913 0.5818265 0.9569085 0.8324102 0.9776913 0.8324102 0.9569085 0.8531624 0.9776913 0.8531624 0.9569085 0.8892348 0.8879225 0.8892348 0.8415656 0.9236591 0.8879225 0.9236591 0.8415656 0.7187457 0.7505455 0.7531548 0.7505455 0.7531548 0.7969024 0.7187304 0.7969024 0.7531548 0.8432746 0.7187304 0.8432746 0.287892 0.8965591 0.3223011 0.8965591 0.287892 0.942916 0.3223011 0.942916 0.6112306 0.575906 0.6103609 0.5786068 0.6096284 0.575906 0.6096437 0.5943999 0.6096284 0.5786068 0.6103609 0.5943999 0.6089418 0.5786068 0.6086061 0.575906 0.6089113 0.5943999 0.6081941 0.5943999 0.6081941 0.5786068 0.6075075 0.575906 0.0352636 0.9753567 0.03390555 0.9760891 0.03436332 0.9753567 0.03390555 0.9746243 0.06239414 0.9758602 0.06239414 0.9550774 0.08314641 0.9758602 0.08314641 0.9550774 0.649073 0.9758602 0.649073 0.9550774 0.6698253 0.9758602 0.6698253 0.9550774 0.4822309 0.8860914 0.4822309 0.8397345 0.5166399 0.8860914 0.5166399 0.8397345 0.7627375 0.7450522 0.7971466 0.7450522 0.7971466 0.7914091 0.7627375 0.7914091 0.7971466 0.8377661 0.7627375 0.8377661 0.8965744 0.9410849 0.8965744 0.894728 0.9309834 0.9410849 0.9309834 0.894728 0.9441062 0.5677425 0.9432212 0.5704585 0.942504 0.5677425 0.942504 0.5862516 0.942504 0.5704585 0.9432212 0.5862516 0.9418173 0.5704585 0.9414664 0.5677425 0.9417868 0.5862516 0.9410544 0.5862516 0.9410544 0.5704585 0.9403678 0.5677425 0.02397192 0.9753567 0.02262913 0.9760891 0.02307164 0.9753567 0.02262913 0.9746243 0.289723 0.9740291 0.289723 0.9532464 0.3104906 0.9740291 0.3104906 0.9532464 0.03305104 0.9740291 0.03305104 0.9532464 0.05381857 0.9740291 0.05381857 0.9532464 0.1998932 0.834226 0.2343023 0.834226 0.1998932 0.8805829 0.2343023 0.8805829 0.8470741 0.7450522 0.8814832 0.7450522 0.8814832 0.7914091 0.8470741 0.7914091 0.8814832 0.8377661 0.8470741 0.8377661 0.4895705 0.9392538 0.4895705 0.892897 0.5239795 0.9392538 0.5239795 0.892897 0.9572595 0.5589685 0.9563897 0.5616846 0.9556573 0.5589685 0.9556726 0.5774777 0.9556726 0.5616846 0.9563897 0.5774777 0.9549706 0.5616846 0.9546349 0.5589685 0.9549401 0.5774777 0.9542229 0.5774777 0.9542229 0.5616846 0.9535363 0.5589685 0.01457237 0.9753567 0.01322957 0.9760891 0.01367208 0.9753567 0.01322957 0.9746243 0.3630579 0.9721981 0.3630579 0.9514153 0.3838255 0.9721981 0.3838255 0.9514153 0.4492256 0.9721981 0.4492256 0.9514153 0.4699931 0.9721981 0.4699931 0.9514153 0.8049134 0.8805829 0.8049134 0.834226 0.8393225 0.8805829 0.8393225 0.834226 0.9002365 0.7395438 0.9346609 0.7395438 0.9346609 0.7859007 0.9002365 0.7859007 0.9346609 0.8322728 0.9002365 0.8322728 0.1925536 0.8892348 0.2269779 0.8892348 0.1925536 0.9355917 0.2269779 0.9355917 0.6243992 0.5495689 0.6235294 0.5522698 0.622797 0.5495689 0.622797 0.5680782 0.622797 0.5522698 0.6235294 0.5680782 0.6221103 0.5522698 0.6217746 0.5495689 0.6220798 0.5680782 0.6213626 0.5680782 0.6213626 0.5522698 0.6206607 0.5495689 0.005172809 0.9753567 0.003814755 0.9760891 0.004272526 0.9753567 0.003814755 0.9746243 0.6197299 0.9721981 0.6197299 0.9514153 0.6404974 0.9721981 0.6404974 0.9514153 0.8965744 0.9721981 0.8965744 0.9514153 0.9173419 0.9721981 0.9173419 0.9514153 0.02206455 0.8787518 0.02206455 0.8323949 0.05647364 0.8787518 0.05647364 0.8323949 0.4419013 0.7047074 0.4763104 0.7047074 0.4763104 0.7510796 0.4419013 0.7510796 0.4763104 0.7974365 0.4419013 0.7974365 0.8030671 0.8892348 0.8374914 0.8892348 0.8030671 0.9355917 0.8374914 0.9355917 0.6112306 0.5476921 0.6103609 0.5503929 0.6096284 0.5476921 0.6096437 0.5662013 0.6096284 0.5503929 0.6103609 0.5662013 0.6089418 0.5503929 0.6086061 0.5476921 0.6089113 0.5662013 0.6081941 0.5662013 0.6081941 0.5503929 0.6075075 0.5476921 0.591928 0.9753567 0.5905699 0.9760891 0.5910277 0.9753567 0.5905699 0.9746243 0.4198978 0.970367 0.4198978 0.9495842 0.4406653 0.970367 0.4406653 0.9495842 0.2585641 0.970367 0.2585641 0.9495842 0.2793164 0.970367 0.2793164 0.9495842 0.4400702 0.8085603 0.4744793 0.8085603 0.4400702 0.8549172 0.4744793 0.8549172 0.3539025 0.7047074 0.3883116 0.7047074 0.3883116 0.7510796 0.3539025 0.7510796 0.3883116 0.7974365 0.3539025 0.7974365 0.003723201 0.8837262 0.0381323 0.8837262 0.003723201 0.9300832 0.0381323 0.9300832 0.9441062 0.5395437 0.9432212 0.5422446 0.942504 0.5395437 0.942504 0.5580377 0.942504 0.5422446 0.9432212 0.5580377 0.9418173 0.5422446 0.9414664 0.5395437 0.9417868 0.5580377 0.9410544 0.5580377 0.9410544 0.5422446 0.9403678 0.5395437 0.6332952 0.9753567 0.6319524 0.9760891 0.6323949 0.9753567 0.6319524 0.9746243 0.4785687 0.9685359 0.4785687 0.9477379 0.499321 0.9685359 0.499321 0.9477379 0.2273899 0.9685359 0.2273899 0.9477379 0.2481575 0.9685359 0.2481575 0.9477379 0.348394 0.8549172 0.348394 0.8085603 0.3828031 0.8549172 0.3828031 0.8085603 0.2603952 0.7047074 0.2948043 0.7047074 0.2948043 0.7510796 0.2603952 0.7510796 0.2948043 0.7974365 0.2603952 0.7974365 0.1485618 0.878233 0.1829709 0.878233 0.1485618 0.9245899 0.1829709 0.9245899 0.9572595 0.5307698 0.9563897 0.5334706 0.9556573 0.5307698 0.9556726 0.549279 0.9556726 0.5334706 0.9563897 0.549279 0.9549706 0.5334706 0.9546349 0.5307698 0.9549401 0.549279 0.9542229 0.549279 0.9542229 0.5334706 0.9535363 0.5307698 0.6238956 0.9753567 0.6225528 0.9760891 0.6229953 0.9753567 0.6225528 0.9746243 0.331899 0.9685359 0.331899 0.9477379 0.3526513 0.9685359 0.3526513 0.9477379 0.5904021 0.9685359 0.5904021 0.9477379 0.6111696 0.9685359 0.6111696 0.9477379 0.2439002 0.8067292 0.2783093 0.8067292 0.2439002 0.8530861 0.2783093 0.8530861 0.5372397 0.7010453 0.5716487 0.7010453 0.5372397 0.7474022 0.5716487 0.7474022 0.5716487 0.793759 0.5372397 0.793759 0.1063859 0.9245899 0.1063859 0.878233 0.1408103 0.9245899 0.1408103 0.878233 0.6243992 0.5213703 0.6235294 0.5240711 0.622797 0.5213703 0.622797 0.5398642 0.622797 0.5240711 0.6235294 0.5398642 0.6221103 0.5240711 0.6217746 0.5213703 0.6220798 0.5398642 0.6213626 0.5398642 0.6213626 0.5240711 0.6206607 0.5213703 0.567483 0.9734798 0.566125 0.974197 0.5665827 0.9734798 0.566125 0.9727474 0.196231 0.9667048 0.196231 0.9459068 0.2169833 0.9667048 0.2169833 0.9459068 0.8030671 0.9667048 0.8030671 0.9459068 0.8238346 0.9667048 0.8238346 0.9459068 0.5262379 0.8030671 0.560647 0.8030671 0.5262379 0.849424 0.560647 0.849424 0.6765698 0.6900434 0.7109789 0.6900434 0.6765698 0.7364004 0.7109789 0.7364004 0.7109789 0.7827725 0.6765698 0.7827725 0.5757381 0.9172503 0.5757381 0.8708934 0.6101472 0.9172503 0.6101472 0.8708934 0.6112306 0.5194781 0.6103609 0.5221943 0.6096284 0.5194781 0.6096437 0.5379874 0.6096284 0.5221943 0.6103609 0.5379874 0.6089418 0.5221943 0.6086061 0.5194781 0.6089113 0.5379874 0.6081941 0.5379874 0.6081941 0.5221943 0.6075075 0.5194781 0.9097429 0.9734798 0.9084001 0.974197 0.9088426 0.9734798 0.9084001 0.9727474 0.5317311 0.9648585 0.5317311 0.9440757 0.5524986 0.9648585 0.5524986 0.9440757 0.1650568 0.9630274 0.1650568 0.9422446 0.1858244 0.9630274 0.1858244 0.9422446 0.6765698 0.8402533 0.6765698 0.7938964 0.7109789 0.8402533 0.7109789 0.7938964 0.3997253 0.6863813 0.4341344 0.6863813 0.4341344 0.7327383 0.3997253 0.7327383 0.4341344 0.7790952 0.3997253 0.7790952 0.06422523 0.9154192 0.06422523 0.8690623 0.09863432 0.9154192 0.09863432 0.8690623 0.5902647 0.006378293 0.5902647 0.03514153 0.5897307 0.03514153 0.5897307 0.006378293 0.5902647 0.06454569 0.5897307 0.06454569 0.5892119 0.06454569 0.5892119 0.03514153 0.5892119 0.006378293 0.5902647 0.0950942 0.5897307 0.0950942 0.5892119 0.0950942 0.5886931 0.0950942 0.5886931 0.06454569 0.5886931 0.03514153 0.5886931 0.006378293 0.5902647 0.117113 0.5897307 0.117113 0.5892119 0.117113 0.5886931 0.117113 0.5902647 0.1273976 0.5897307 0.1273976 0.5892119 0.1273976 0.5886931 0.1273976 0.5902647 0.1619592 0.5897307 0.1619592 0.5892119 0.1619592 0.5886931 0.1619592 0.5902647 0.1993896 0.5897307 0.1993896 0.5892119 0.1993896 0.5886931 0.1993896 0.5902647 0.2402228 0.5897307 0.2402228 0.5892119 0.2402228 0.5886931 0.2402228 0.5902647 0.2850233 0.5897307 0.2850233 0.5892119 0.2850233 0.5886931 0.2850233 0.5902647 0.3344167 0.5897307 0.3344167 0.5892119 0.3344167 0.5886931 0.3344167 0.5902647 0.3889372 0.5897307 0.3889372 0.5892119 0.3889372 0.5886931 0.3889372 0.5902647 0.4173953 0.5897307 0.4173953 0.5892119 0.4173953 0.5886931 0.4173953 0.5902647 0.4464942 0.5897307 0.4464942 0.5892119 0.4464942 0.5886931 0.4464942 0.5902647 0.4767681 0.5897307 0.4767529 0.5892119 0.4767529 0.5886931 0.4767681 0.5902647 0.5430991 0.5897307 0.5430991 0.5892119 0.5430991 0.5886931 0.5430991 0.5902647 0.580209 0.5897307 0.580209 0.5892119 0.5801938 0.5886931 0.580209 0.5902647 0.6206912 0.5897307 0.6206912 0.5892119 0.6206912 0.5886931 0.6206912 0.5902647 0.6651407 0.5897307 0.6651407 0.5892119 0.6651407 0.5886931 0.6651407 0.5902647 0.6751812 0.5897307 0.6751812 0.5892119 0.6751812 0.5886931 0.6751812 0.5902647 0.7140307 0.5897307 0.7140307 0.5892119 0.7140307 0.5886931 0.7140307 0.5902647 0.7665827 0.5897307 0.766598 0.5892119 0.766598 0.5886931 0.7665827 0.5808499 0.006027341 0.5808499 0.0350042 0.5803311 0.0350042 0.5803311 0.006027341 0.5808499 0.0646525 0.5803311 0.0646525 0.5798123 0.0646525 0.5798123 0.0350042 0.5798123 0.006027341 0.5808499 0.09549093 0.5803311 0.09549093 0.5798123 0.09549093 0.5792935 0.09549093 0.5792935 0.0646525 0.5792935 0.0350042 0.5792935 0.006027341 0.5808499 0.117174 0.5803311 0.117174 0.5798123 0.1171588 0.5792935 0.117174 0.5808499 0.128069 0.5803311 0.128069 0.5798123 0.128069 0.5792935 0.128069 0.5808499 0.1629359 0.5803311 0.1629206 0.5798123 0.1629206 0.5792935 0.1629359 0.5808499 0.2006409 0.5803311 0.2006256 0.5798123 0.2006256 0.5792935 0.2006409 0.5808499 0.2417182 0.5803311 0.2417182 0.5798123 0.2417182 0.5792935 0.2417182 0.5808499 0.2867933 0.5803311 0.286778 0.5798123 0.286778 0.5792935 0.2867933 0.5808499 0.3364004 0.5803311 0.3364004 0.5798123 0.3364004 0.5792935 0.3364004 0.5808499 0.3911498 0.5803311 0.3911345 0.5798123 0.3911345 0.5792935 0.3911498 0.5808499 0.4197146 0.5803311 0.4197146 0.5798123 0.4196994 0.5792935 0.4197146 0.5808499 0.4489052 0.5803311 0.4489052 0.5798123 0.4489052 0.5792935 0.4489052 0.5808499 0.4792706 0.5803311 0.4792706 0.5798123 0.4792706 0.5792935 0.4792706 0.5808499 0.5458305 0.5803311 0.5458305 0.5798123 0.5458305 0.5792935 0.5458305 0.5808499 0.5830778 0.5803311 0.5830778 0.5798123 0.5830778 0.5792935 0.5830778 0.5808499 0.6237431 0.5803311 0.6237431 0.5798123 0.6237431 0.5792935 0.6237431 0.5808499 0.6684062 0.5803311 0.6684062 0.5798123 0.6684062 0.5792935 0.6684062 0.5808499 0.6780347 0.5803311 0.6780347 0.5798123 0.6780347 0.5792935 0.6780347 0.5808499 0.7175555 0.5803311 0.7175555 0.5798123 0.7175555 0.5792935 0.7175555 0.5808499 0.7704127 0.5803311 0.770428 0.5798123 0.770428 0.5792935 0.7704127 0.9441062 0.5094529 0.9432212 0.5121538 0.942504 0.5094529 0.942504 0.5279621 0.942504 0.5121538 0.9432212 0.5279621 0.9418173 0.5121538 0.9414664 0.5094529 0.9417868 0.5279621 0.9410544 0.5279621 0.9410544 0.5121538 0.9403678 0.5094529 0.8984665 0.9734798 0.8971084 0.974197 0.8975662 0.9734798 0.8971084 0.9727474 0.003723201 0.9611963 0.003723201 0.9404135 0.02449073 0.9611963 0.02449073 0.9404135 0.1338979 0.9557031 0.1338979 0.934905 0.1546502 0.9557031 0.1546502 0.934905 0.3978943 0.8365911 0.3978943 0.7902342 0.4323033 0.8365911 0.4323033 0.7902342 0.3098955 0.6863813 0.3443046 0.6863813 0.3098955 0.7327383 0.3443046 0.7327383 0.3443046 0.7790952 0.3098955 0.7790952 0.4363928 0.8635691 0.4708171 0.8635691 0.4363928 0.909926 0.4708171 0.909926 0.6243992 0.4931563 0.6235294 0.4958572 0.622797 0.4931563 0.622797 0.5116655 0.622797 0.4958572 0.6235294 0.5116655 0.6221103 0.4958572 0.6217746 0.4931563 0.6220798 0.5116655 0.6213626 0.5116655 0.6213626 0.4958572 0.6206607 0.4931563 0.8871748 0.9734798 0.885832 0.974197 0.8862745 0.9734798 0.885832 0.9727474 0.1045548 0.9557031 0.1045548 0.934905 0.1253223 0.9557031 0.1253223 0.934905 0.07522698 0.9465324 0.07522698 0.9257496 0.09599451 0.9465324 0.09599451 0.9257496 0.3044022 0.8365911 0.3044022 0.7902342 0.3388113 0.8365911 0.3388113 0.7902342 0.4950637 0.6827192 0.5294728 0.6827192 0.5294728 0.729076 0.4950637 0.729076 0.5294728 0.7754329 0.4950637 0.7754329 0.6215762 0.8635691 0.6559854 0.8635691 0.6215762 0.909926 0.6559854 0.909926 0.6112306 0.4912795 0.6103609 0.4939803 0.6096284 0.4912795 0.6096437 0.5097734 0.6096284 0.4939803 0.6103609 0.5097734 0.6089418 0.4939803 0.6086061 0.4912795 0.6089113 0.5097734 0.6081941 0.5097734 0.6081941 0.4939803 0.6075075 0.4912795 0.8758984 0.9734798 0.8745556 0.974197 0.8749981 0.9734798 0.8745556 0.9727474 0.5610743 0.9465324 0.5610743 0.9257496 0.5818265 0.9465324 0.5818265 0.9257496 0.04588388 0.9447013 0.04588388 0.9239032 0.06665141 0.9447013 0.06665141 0.9239032 0.484062 0.8310826 0.484062 0.7847257 0.5184711 0.8310826 0.5184711 0.7847257 0.2163882 0.6772107 0.2508125 0.6772107 0.2508125 0.7235675 0.2163882 0.7235675 0.2508125 0.7699397 0.2163882 0.7699397 0.2439002 0.9080949 0.2439002 0.8617227 0.2783093 0.9080949 0.2783093 0.8617227 0.6206455 0.4649424 0.6197605 0.4676433 0.619028 0.4649424 0.6190432 0.4834516 0.6190432 0.4676433 0.6197605 0.4834516 0.6183413 0.4676433 0.6180056 0.4649424 0.6183108 0.4834516 0.6175936 0.4834516 0.6175936 0.4676433 0.616907 0.4649424 0.8646067 0.9734798 0.8632639 0.974197 0.8637064 0.9734798 0.8632639 0.9727474 0.4492256 0.9410239 0.4492256 0.9202411 0.4699931 0.9410239 0.4699931 0.9202411 0.6178988 0.9410239 0.6178988 0.9202411 0.6386663 0.9410239 0.6386663 0.9202411 0.1998932 0.8255894 0.1998932 0.7792325 0.2343023 0.8255894 0.2343023 0.7792325 0.8049134 0.6753796 0.8393225 0.6753796 0.8393225 0.7217365 0.8049134 0.7217365 0.8393225 0.7680934 0.8049134 0.7680934 0.331899 0.9062486 0.331899 0.8598917 0.3663081 0.9062486 0.3663081 0.8598917 0.6206455 0.4367285 0.6197605 0.4394445 0.619028 0.4367285 0.6190432 0.4552377 0.6190432 0.4394445 0.6197605 0.4552377 0.6183413 0.4394445 0.6180056 0.4367285 0.6183108 0.4552377 0.6175936 0.4552377 0.6175936 0.4394445 0.616907 0.4367285 0.7818723 0.9734798 0.7805142 0.974197 0.780972 0.9734798 0.7805142 0.9727474 0.2365606 0.9391928 0.2365606 0.91841 0.2573282 0.9391928 0.2573282 0.91841 0.4198978 0.9391928 0.4198978 0.91841 0.4406653 0.9391928 0.4406653 0.91841 0.01289387 0.7792325 0.04730297 0.7792325 0.01289387 0.8255894 0.04730297 0.8255894 0.1338979 0.6698864 0.168307 0.6698864 0.168307 0.7162433 0.1338979 0.7162433 0.168307 0.7626001 0.1338979 0.7626001 0.5335622 0.9025864 0.5335622 0.8562295 0.5679713 0.9025864 0.5679713 0.8562295 0.6206455 0.4085298 0.6197605 0.4112306 0.619028 0.4085298 0.6190432 0.427039 0.6190432 0.4112306 0.6197605 0.427039 0.6183413 0.4112306 0.6180056 0.4085298 0.6183108 0.427039 0.6175936 0.427039 0.6175936 0.4112306 0.616907 0.4085298 0.6144961 0.9734798 0.613138 0.974197 0.6135958 0.9734798 0.613138 0.9727474 0.331899 0.9373617 0.331899 0.9165789 0.3526513 0.9373617 0.3526513 0.9165789 0.5317311 0.9336995 0.5317311 0.9129168 0.5524986 0.9336995 0.5524986 0.9129168 0.8049134 0.8255894 0.8049134 0.7792325 0.8393225 0.8255894 0.8393225 0.7792325 0.09172198 0.6607156 0.1261311 0.6607156 0.1261311 0.7070726 0.09172198 0.7070726 0.1261311 0.7534295 0.09172198 0.7534295 0.7187457 0.9007553 0.7187457 0.8543984 0.7531548 0.9007553 0.7531548 0.8543984 0.6184634 0.3513085 0.6179446 0.3513085 0.6184634 0.3447928 0.6184634 0.3581445 0.6179446 0.3581445 0.6174258 0.3513085 0.6179446 0.3447928 0.6174258 0.3581445 0.6184634 0.3211719 0.6184634 0.3708705 0.6179446 0.3708553 0.6174258 0.3708553 0.616907 0.3513085 0.6174258 0.3447928 0.616907 0.3581445 0.6179446 0.3211566 0.616907 0.3708705 0.6184634 0.2996719 0.6184634 0.3981994 0.6179446 0.3982147 0.6174258 0.3982147 0.616907 0.3981994 0.616907 0.3447928 0.6174258 0.3211566 0.6179446 0.2996719 0.6179446 0.268513 0.6184634 0.268513 0.616907 0.3211719 0.6174258 0.2996719 0.6174258 0.268513 0.6179446 0.2450141 0.6174258 0.2450141 0.6184634 0.2450141 0.616907 0.2996719 0.616907 0.268513 0.616907 0.2450141 0.6179446 0.2137484 0.6174258 0.2137484 0.6184634 0.2137484 0.616907 0.2137484 0.6179446 0.1987488 0.6184634 0.1987488 0.6174258 0.1987488 0.616907 0.1987488 0.6179446 0.1638056 0.6184634 0.1638056 0.6174258 0.1638056 0.616907 0.1638056 0.6184634 0.1553369 0.6179446 0.1553216 0.6174258 0.1553216 0.616907 0.1553369 0.6179446 0.1233692 0.6184634 0.1233845 0.6174258 0.1233692 0.616907 0.1233845 0.6179446 0.1026932 0.6184634 0.1026932 0.6174258 0.1026932 0.616907 0.1026932 0.6179446 0.08374149 0.6184634 0.08374149 0.6174258 0.08374149 0.616907 0.08374149 0.6179446 0.07290763 0.6184634 0.07290763 0.6174258 0.07290763 0.616907 0.07290763 0.6179446 0.03442436 0.6184634 0.03443962 0.6174258 0.03442436 0.616907 0.03443962 0.6179446 0.01956207 0.6184634 0.01956207 0.6174258 0.01956207 0.616907 0.01956207 0.6179446 0.005004942 0.6184634 0.005004942 0.6174258 0.005004942 0.616907 0.005004942 0.6278782 0.04711986 0.6273442 0.04713511 0.6278782 0.03613335 0.6278782 0.05375755 0.6268253 0.04713511 0.6273442 0.03613335 0.6273442 0.05375755 0.6273442 0.006118894 0.6278782 0.006118894 0.6278782 0.06848252 0.6273442 0.06848252 0.6263065 0.04711986 0.6268253 0.03613335 0.6268253 0.05375755 0.6268253 0.06848252 0.6268253 0.006118894 0.6278782 0.08625925 0.6273442 0.0862745 0.6268253 0.0862745 0.6263065 0.03613335 0.6263065 0.05375755 0.6263065 0.06848252 0.6263065 0.08625925 0.6263065 0.006118894 0.6278782 0.1055009 0.6273442 0.1055161 0.6268253 0.1055161 0.6263065 0.1055009 0.6278782 0.1364767 0.6273442 0.136492 0.6268253 0.136492 0.6263065 0.1364767 0.6278782 0.1495537 0.6273442 0.1495689 0.6268253 0.1495537 0.6263065 0.1495537 0.6278782 0.17496 0.6273442 0.17496 0.6268253 0.17496 0.6263065 0.17496 0.6278782 0.2174869 0.6273442 0.2174869 0.6268253 0.2174869 0.6263065 0.2174869 0.6278782 0.2402838 0.6273442 0.2402838 0.6268253 0.2402838 0.6263065 0.2402838 0.6278782 0.247898 0.6273442 0.247898 0.6268253 0.247898 0.6263065 0.247898 0.6278782 0.2488899 0.6273442 0.2488899 0.6268253 0.2488899 0.6263065 0.2488899 0.6278782 0.2643321 0.6273442 0.2643321 0.6268253 0.2643321 0.6263065 0.2643321 0.6278782 0.2819409 0.6273442 0.2819409 0.6268253 0.2819409 0.6263065 0.2819409 0.6278782 0.3009842 0.6273442 0.3009842 0.6268253 0.3009842 0.6263065 0.3009842 0.6278782 0.3308004 0.6273442 0.3308156 0.6268253 0.3308156 0.6263065 0.3308004 0.6278782 0.3443656 0.6273442 0.3443656 0.6268253 0.3443656 0.6263065 0.3443656 0.6278782 0.3692378 0.6273442 0.3692378 0.6268253 0.3692378 0.6263065 0.3692378 0.6278782 0.3951324 0.6273442 0.3951171 0.6268253 0.3951171 0.6263065 0.3951324 0.6050813 0.9719539 0.6037385 0.9726864 0.6037385 0.9712368 0.8490577 0.8421607 0.8489357 0.8482948 0.8492103 0.8421607 0.8496681 0.8482948 0.8500496 0.841825 0.8482185 0.8482948 0.8497139 0.8409094 0.8503853 0.8482948 0.5286641 0.9734035 0.5286641 0.9942016 0.5078965 0.9734035 0.5078965 0.9942016 0.6765698 0.8952621 0.6765698 0.8488899 0.7109789 0.8952621 0.7109789 0.8488899 0.1558862 0.7743801 0.1903105 0.7743801 0.1903105 0.820737 0.1558862 0.820737 0.1903105 0.8670939 0.1558862 0.8670939 0.7774014 0.9960327 0.7774014 0.9752499 0.7981689 0.9960327 0.7981689 0.9752499 0.7058976 0.9557641 0.7058976 0.9093919 0.740322 0.9557641 0.740322 0.9093919 0.3963378 0.970077 0.394995 0.9708095 0.394995 0.9693599 0.8358892 0.8421607 0.8357824 0.8482948 0.8360418 0.8421607 0.8364996 0.8482948 0.836881 0.841825 0.83505 0.8482948 0.8365453 0.8409094 0.8372167 0.8482948 0.02449073 0.9715725 0.02449073 0.9923705 0.003723201 0.9715725 0.003723201 0.9923705 0.7609064 0.8952621 0.7953155 0.8488899 0.7953155 0.8952621 0.7609064 0.8488899 0.1137255 0.7743801 0.1481346 0.7743801 0.1481346 0.820737 0.1137255 0.820737 0.1481346 0.8670939 0.1137255 0.8670939 0.1503929 0.9923705 0.1503929 0.9715725 0.1711604 0.9923705 0.1711604 0.9715725 0.7609064 0.9502556 0.7609064 0.9038987 0.7953155 0.9502556 0.7953155 0.9038987 0.3173571 0.970077 0.3159991 0.9708095 0.3159991 0.9693599 0.822736 0.8421607 0.8226139 0.8482948 0.8228733 0.8421607 0.8233311 0.8482948 0.8237278 0.841825 0.8218967 0.8482948 0.8233768 0.8409094 0.8240635 0.8482948 0.7284962 0.9660792 0.7284962 0.986862 0.7077439 0.9660792 0.7077439 0.986862 0.8470741 0.8952621 0.8470741 0.8488899 0.8814832 0.8952621 0.8814832 0.8488899 0.5794003 0.7670557 0.6138094 0.7670557 0.6138094 0.8134127 0.5794003 0.8134127 0.6138094 0.8597696 0.5794003 0.8597696 0.1210651 0.986862 0.1210651 0.9660792 0.1418173 0.986862 0.1418173 0.9660792 0.8544137 0.9484245 0.8544137 0.9020676 0.8888228 0.9484245 0.8888228 0.9020676 0.9550927 0.00805676 0.9550927 0.01901275 0.9545739 0.00805676 0.9550927 0.04863048 0.9545739 0.06506449 0.9545739 0.03350884 0.9540551 0.03350884 0.9540551 0.00805676 0.9550927 0.1495384 0.9545739 0.1495231 0.9545739 0.104799 0.9540551 0.08357364 0.9540551 0.04863048 0.9535363 0.04863048 0.9535363 0.01901275 0.9535363 0.00805676 0.9550927 0.1762264 0.9545739 0.1762264 0.9540551 0.1762264 0.9540551 0.1495384 0.9535363 0.1495384 0.9550927 0.2264439 0.9545739 0.2264439 0.9540551 0.2264439 0.9540551 0.2079194 0.9535363 0.1762264 0.9550927 0.2689555 0.9545739 0.268986 0.9540551 0.2689708 0.9535363 0.2689555 0.9535363 0.2264439 0.6090639 0.3151904 0.6090639 0.3931182 0.6085451 0.3151904 0.6085451 0.2764325 0.6090639 0.2764325 0.6090639 0.473579 0.6085451 0.4735942 0.6085451 0.3931182 0.6080263 0.3931182 0.6080263 0.3151904 0.6080263 0.2764325 0.6085451 0.2180667 0.6090639 0.2525979 0.6080263 0.4735942 0.6075075 0.473579 0.6075075 0.3931182 0.6075075 0.3151904 0.6075075 0.2764325 0.6075075 0.2525979 0.6080263 0.1401694 0.6090639 0.1401846 0.6085451 0.1078813 0.6090639 0.07895017 0.6075075 0.1401846 0.6080263 0.1078813 0.6080263 0.05253679 0.6085451 0.003967345 0.6090639 0.003967345 0.6075075 0.07895017 0.6075075 0.003967345 0.6080263 0.003967345 0.2797436 0.970077 0.2783856 0.9708095 0.2783856 0.9693599 0.8095674 0.8421607 0.8094453 0.8482948 0.80972 0.8421607 0.8101777 0.8482948 0.8105593 0.841825 0.8087282 0.8482948 0.8102235 0.8409094 0.810895 0.8482948 0.6991684 0.962417 0.6991684 0.9831998 0.6784009 0.962417 0.6784009 0.9831998 0.392401 0.8915846 0.392401 0.8452277 0.4268101 0.8915846 0.4268101 0.8452277 0.07156482 0.7652094 0.1059739 0.7652094 0.1059739 0.8115816 0.07156482 0.8115816 0.1059739 0.8579385 0.07156482 0.8579385 0.09172198 0.9850309 0.09172198 0.9642481 0.1124895 0.9850309 0.1124895 0.9642481 0.6637369 0.9465934 0.6637369 0.9002365 0.698146 0.9465934 0.698146 0.9002365 0.2045167 0.970077 0.2031739 0.9708095 0.2031739 0.9693599 0.7963989 0.8421607 0.7962921 0.8482948 0.7965515 0.8421607 0.7970092 0.8482948 0.7973907 0.841825 0.7955596 0.8482948 0.797055 0.8409094 0.7977264 0.8482948 0.8825055 0.9587396 0.8825055 0.9795377 0.861738 0.9587396 0.861738 0.9795377 0.287892 0.8879225 0.287892 0.8415656 0.3223011 0.8879225 0.3223011 0.8415656 0.6344091 0.7615473 0.6688182 0.7615473 0.6688182 0.8079042 0.6344091 0.8079042 0.6688182 0.8542611 0.6344091 0.8542611 0.7480736 0.9795377 0.7480736 0.9587396 0.7688411 0.9795377 0.7688411 0.9587396 0.3758907 0.942916 0.3758907 0.8965591 0.4103151 0.942916 0.4103151 0.8965591 0.5980926 0.005554259 0.5986267 0.005554259 0.5986267 0.14374 0.5980926 0.0790875 0.5991455 0.005554259 0.5991455 0.0790875 0.5986267 0.1770046 0.5980926 0.2133822 0.5980926 0.1130388 0.5991455 0.14374 0.5996643 0.005554259 0.5996643 0.0790875 0.5996643 0.1130388 0.5986267 0.2973373 0.5980926 0.2973373 0.5991455 0.1770199 0.5996643 0.2133822 0.5986267 0.3723354 0.5980926 0.3723354 0.5991455 0.3723354 0.5991455 0.253315 0.5996643 0.2973373 0.5986267 0.45626 0.5980926 0.45626 0.5991455 0.45626 0.5996643 0.3723354 0.5986267 0.4877241 0.5980926 0.4877241 0.5991455 0.4877241 0.5996643 0.45626 0.5991455 0.6005951 0.5986267 0.6005951 0.5980926 0.6005951 0.5996643 0.4877241 0.5996643 0.6005951 0.5991455 0.6954299 0.5986267 0.6954452 0.5980926 0.6954299 0.5996643 0.6954299 0.04654002 0.9753567 0.04519722 0.9760891 0.04519722 0.9746243 0.622797 0.5777829 0.6220798 0.596292 0.6217746 0.5777829 0.622797 0.596292 0.6243992 0.5777829 0.6213626 0.596292 0.6206607 0.5777829 0.6235294 0.596292 0.8531624 0.9569085 0.8531624 0.9776913 0.8324102 0.9569085 0.8324102 0.9776913 0.8892348 0.8879225 0.8892348 0.8415656 0.9236591 0.8879225 0.9236591 0.8415656 0.7187457 0.7505455 0.7531548 0.7505455 0.7531548 0.7969024 0.7187304 0.7969024 0.7531548 0.8432746 0.7187304 0.8432746 0.5610743 0.9776913 0.5610743 0.9569085 0.5818265 0.9776913 0.5818265 0.9569085 0.287892 0.8965591 0.3223011 0.8965591 0.287892 0.942916 0.3223011 0.942916 0.0352636 0.9753567 0.03390555 0.9760891 0.03390555 0.9746243 0.6096284 0.575906 0.6089113 0.5943999 0.6086061 0.575906 0.6096437 0.5943999 0.6112306 0.575906 0.6081941 0.5943999 0.6075075 0.575906 0.6103609 0.5943999 0.6698253 0.9550774 0.6698253 0.9758602 0.649073 0.9550774 0.649073 0.9758602 0.4822309 0.8860914 0.4822309 0.8397345 0.5166399 0.8860914 0.5166399 0.8397345 0.7627375 0.7450522 0.7971466 0.7450522 0.7971466 0.7914091 0.7627375 0.7914091 0.7971466 0.8377661 0.7627375 0.8377661 0.06239414 0.9758602 0.06239414 0.9550774 0.08314641 0.9758602 0.08314641 0.9550774 0.8965744 0.9410849 0.8965744 0.894728 0.9309834 0.9410849 0.9309834 0.894728 0.02397192 0.9753567 0.02262913 0.9760891 0.02262913 0.9746243 0.942504 0.5677425 0.9417868 0.5862516 0.9414664 0.5677425 0.942504 0.5862516 0.9441062 0.5677425 0.9410544 0.5862516 0.9403678 0.5677425 0.9432212 0.5862516 0.05381857 0.9532464 0.05381857 0.9740291 0.03305104 0.9532464 0.03305104 0.9740291 0.1998932 0.8805829 0.2343023 0.834226 0.2343023 0.8805829 0.1998932 0.834226 0.8470741 0.7450522 0.8814832 0.7450522 0.8814832 0.7914091 0.8470741 0.7914091 0.8814832 0.8377661 0.8470741 0.8377661 0.289723 0.9740291 0.289723 0.9532464 0.3104906 0.9740291 0.3104906 0.9532464 0.4895705 0.9392538 0.4895705 0.892897 0.5239795 0.9392538 0.5239795 0.892897 0.01457237 0.9753567 0.01322957 0.9760891 0.01322957 0.9746243 0.9556573 0.5589685 0.9549401 0.5774777 0.9546349 0.5589685 0.9556726 0.5774777 0.9572595 0.5589685 0.9542229 0.5774777 0.9535363 0.5589685 0.9563897 0.5774777 0.4699931 0.9514153 0.4699931 0.9721981 0.4492256 0.9514153 0.4492256 0.9721981 0.8049134 0.8805829 0.8049134 0.834226 0.8393225 0.8805829 0.8393225 0.834226 0.9002365 0.7395438 0.9346609 0.7395438 0.9346609 0.7859007 0.9002365 0.7859007 0.9346609 0.8322728 0.9002365 0.8322728 0.3630579 0.9721981 0.3630579 0.9514153 0.3838255 0.9721981 0.3838255 0.9514153 0.1925536 0.8892348 0.2269779 0.8892348 0.1925536 0.9355917 0.2269779 0.9355917 0.005172809 0.9753567 0.003814755 0.9760891 0.003814755 0.9746243 0.622797 0.5495689 0.6220798 0.5680782 0.6217746 0.5495689 0.622797 0.5680782 0.6243992 0.5495689 0.6213626 0.5680782 0.6206607 0.5495689 0.6235294 0.5680782 0.9173419 0.9514153 0.9173419 0.9721981 0.8965744 0.9514153 0.8965744 0.9721981 0.02206455 0.8787518 0.02206455 0.8323949 0.05647364 0.8787518 0.05647364 0.8323949 0.4419013 0.7047074 0.4763104 0.7047074 0.4763104 0.7510796 0.4419013 0.7510796 0.4763104 0.7974365 0.4419013 0.7974365 0.6197299 0.9721981 0.6197299 0.9514153 0.6404974 0.9721981 0.6404974 0.9514153 0.8030671 0.8892348 0.8374914 0.8892348 0.8030671 0.9355917 0.8374914 0.9355917 0.591928 0.9753567 0.5905699 0.9760891 0.5905699 0.9746243 0.6096284 0.5476921 0.6089113 0.5662013 0.6086061 0.5476921 0.6096437 0.5662013 0.6112306 0.5476921 0.6081941 0.5662013 0.6075075 0.5476921 0.6103609 0.5662013 0.2793164 0.9495842 0.2793164 0.970367 0.2585641 0.9495842 0.2585641 0.970367 0.4400702 0.8549172 0.4744793 0.8085603 0.4744793 0.8549172 0.4400702 0.8085603 0.3539025 0.7047074 0.3883116 0.7047074 0.3883116 0.7510796 0.3539025 0.7510796 0.3883116 0.7974365 0.3539025 0.7974365 0.4198978 0.970367 0.4198978 0.9495842 0.4406653 0.970367 0.4406653 0.9495842 0.003723201 0.8837262 0.0381323 0.8837262 0.003723201 0.9300832 0.0381323 0.9300832 0.6332952 0.9753567 0.6319524 0.9760891 0.6319524 0.9746243 0.942504 0.5395437 0.9417868 0.5580377 0.9414664 0.5395437 0.942504 0.5580377 0.9441062 0.5395437 0.9410544 0.5580377 0.9403678 0.5395437 0.9432212 0.5580377 0.2481575 0.9477379 0.2481575 0.9685359 0.2273899 0.9477379 0.2273899 0.9685359 0.348394 0.8549172 0.348394 0.8085603 0.3828031 0.8549172 0.3828031 0.8085603 0.2603952 0.7047074 0.2948043 0.7047074 0.2948043 0.7510796 0.2603952 0.7510796 0.2948043 0.7974365 0.2603952 0.7974365 0.4785687 0.9685359 0.4785687 0.9477379 0.499321 0.9685359 0.499321 0.9477379 0.1485618 0.878233 0.1829709 0.878233 0.1485618 0.9245899 0.1829709 0.9245899 0.6238956 0.9753567 0.6225528 0.9760891 0.6225528 0.9746243 0.9556573 0.5307698 0.9549401 0.549279 0.9546349 0.5307698 0.9556726 0.549279 0.9572595 0.5307698 0.9542229 0.549279 0.9535363 0.5307698 0.9563897 0.549279 0.6111696 0.9477379 0.6111696 0.9685359 0.5904021 0.9477379 0.5904021 0.9685359 0.2439002 0.8530861 0.2783093 0.8067292 0.2783093 0.8530861 0.2439002 0.8067292 0.5372397 0.7010453 0.5716487 0.7010453 0.5372397 0.7474022 0.5716487 0.7474022 0.5716487 0.793759 0.5372397 0.793759 0.331899 0.9685359 0.331899 0.9477379 0.3526513 0.9685359 0.3526513 0.9477379 0.1063859 0.9245899 0.1063859 0.878233 0.1408103 0.9245899 0.1408103 0.878233 0.567483 0.9734798 0.566125 0.974197 0.566125 0.9727474 0.622797 0.5213703 0.6220798 0.5398642 0.6217746 0.5213703 0.622797 0.5398642 0.6243992 0.5213703 0.6213626 0.5398642 0.6206607 0.5213703 0.6235294 0.5398642 0.8238346 0.9459068 0.8238346 0.9667048 0.8030671 0.9459068 0.8030671 0.9667048 0.5262379 0.849424 0.560647 0.8030671 0.560647 0.849424 0.5262379 0.8030671 0.6765698 0.6900434 0.7109789 0.6900434 0.6765698 0.7364004 0.7109789 0.7364004 0.7109789 0.7827725 0.6765698 0.7827725 0.196231 0.9667048 0.196231 0.9459068 0.2169833 0.9667048 0.2169833 0.9459068 0.5757381 0.9172503 0.5757381 0.8708934 0.6101472 0.9172503 0.6101472 0.8708934 0.9097429 0.9734798 0.9084001 0.974197 0.9084001 0.9727474 0.6096284 0.5194781 0.6089113 0.5379874 0.6086061 0.5194781 0.6096437 0.5379874 0.6112306 0.5194781 0.6081941 0.5379874 0.6075075 0.5194781 0.6103609 0.5379874 0.1858244 0.9422446 0.1858244 0.9630274 0.1650568 0.9422446 0.1650568 0.9630274 0.6765698 0.8402533 0.6765698 0.7938964 0.7109789 0.8402533 0.7109789 0.7938964 0.3997253 0.6863813 0.4341344 0.6863813 0.4341344 0.7327383 0.3997253 0.7327383 0.4341344 0.7790952 0.3997253 0.7790952 0.5317311 0.9648585 0.5317311 0.9440757 0.5524986 0.9648585 0.5524986 0.9440757 0.06422523 0.9154192 0.06422523 0.8690623 0.09863432 0.9154192 0.09863432 0.8690623 0.5902647 0.006378293 0.5902647 0.1273976 0.5897307 0.1273976 0.5897307 0.006378293 0.5902647 0.3889372 0.5897307 0.2402228 0.5892119 0.1619592 0.5892119 0.0950942 0.5892119 0.006378293 0.5902647 0.4464942 0.5897307 0.4464942 0.5897307 0.3889372 0.5897307 0.2850233 0.5892119 0.2402228 0.5886931 0.3889372 0.5886931 0.1273976 0.5886931 0.006378293 0.5902647 0.580209 0.5897307 0.580209 0.5892119 0.5801938 0.5892119 0.4464942 0.5892119 0.3889372 0.5886931 0.4464942 0.5902647 0.6206912 0.5897307 0.6206912 0.5892119 0.6206912 0.5886931 0.6206912 0.5886931 0.580209 0.5902647 0.7140307 0.5897307 0.7140307 0.5892119 0.6651407 0.5886931 0.7140307 0.5902647 0.7665827 0.5897307 0.766598 0.5892119 0.766598 0.5886931 0.7665827 0.5808499 0.006027341 0.5808499 0.128069 0.5803311 0.128069 0.5803311 0.006027341 0.5808499 0.2417182 0.5803311 0.2417182 0.5798123 0.1629206 0.5798123 0.128069 0.5798123 0.006027341 0.5808499 0.2867933 0.5803311 0.286778 0.5798123 0.2417182 0.5792935 0.2417182 0.5792935 0.128069 0.5792935 0.006027341 0.5808499 0.3911498 0.5803311 0.3911345 0.5798123 0.3911345 0.5792935 0.3911498 0.5792935 0.2867933 0.5808499 0.4489052 0.5803311 0.4489052 0.5798123 0.4489052 0.5792935 0.4489052 0.5808499 0.5830778 0.5803311 0.4792706 0.5798123 0.5830778 0.5792935 0.5830778 0.5808499 0.7175555 0.5803311 0.6237431 0.5803311 0.5830778 0.5798123 0.6237431 0.5792935 0.7175555 0.5808499 0.7704127 0.5803311 0.770428 0.5803311 0.6684062 0.5798123 0.6684062 0.5792935 0.7704127 0.5798123 0.770428 0.8984665 0.9734798 0.8971084 0.974197 0.8971084 0.9727474 0.942504 0.5094529 0.9417868 0.5279621 0.9414664 0.5094529 0.942504 0.5279621 0.9441062 0.5094529 0.9410544 0.5279621 0.9403678 0.5094529 0.9432212 0.5279621 0.1546502 0.934905 0.1546502 0.9557031 0.1338979 0.934905 0.1338979 0.9557031 0.3978943 0.8365911 0.3978943 0.7902342 0.4323033 0.8365911 0.4323033 0.7902342 0.3098955 0.6863813 0.3443046 0.6863813 0.3098955 0.7327383 0.3443046 0.7327383 0.3443046 0.7790952 0.3098955 0.7790952 0.003723201 0.9611963 0.003723201 0.9404135 0.02449073 0.9611963 0.02449073 0.9404135 0.4363928 0.8635691 0.4708171 0.8635691 0.4363928 0.909926 0.4708171 0.909926 0.8871748 0.9734798 0.885832 0.974197 0.885832 0.9727474 0.622797 0.4931563 0.6220798 0.5116655 0.6217746 0.4931563 0.622797 0.5116655 0.6243992 0.4931563 0.6213626 0.5116655 0.6206607 0.4931563 0.6235294 0.5116655 0.09599451 0.9257496 0.09599451 0.9465324 0.07522698 0.9257496 0.07522698 0.9465324 0.3044022 0.8365911 0.3044022 0.7902342 0.3388113 0.8365911 0.3388113 0.7902342 0.4950637 0.6827192 0.5294728 0.6827192 0.5294728 0.729076 0.4950637 0.729076 0.5294728 0.7754329 0.4950637 0.7754329 0.1045548 0.9557031 0.1045548 0.934905 0.1253223 0.9557031 0.1253223 0.934905 0.6215762 0.8635691 0.6559854 0.8635691 0.6215762 0.909926 0.6559854 0.909926 0.8758984 0.9734798 0.8745556 0.974197 0.8745556 0.9727474 0.6096284 0.4912795 0.6089113 0.5097734 0.6086061 0.4912795 0.6096437 0.5097734 0.6112306 0.4912795 0.6081941 0.5097734 0.6075075 0.4912795 0.6103609 0.5097734 0.06665141 0.9239032 0.06665141 0.9447013 0.04588388 0.9239032 0.04588388 0.9447013 0.484062 0.8310826 0.484062 0.7847257 0.5184711 0.8310826 0.5184711 0.7847257 0.2163882 0.6772107 0.2508125 0.6772107 0.2508125 0.7235675 0.2163882 0.7235675 0.2508125 0.7699397 0.2163882 0.7699397 0.5610743 0.9465324 0.5610743 0.9257496 0.5818265 0.9465324 0.5818265 0.9257496 0.2439002 0.9080949 0.2439002 0.8617227 0.2783093 0.9080949 0.2783093 0.8617227 0.8646067 0.9734798 0.8632639 0.974197 0.8632639 0.9727474 0.619028 0.4649424 0.6183108 0.4834516 0.6180056 0.4649424 0.6190432 0.4834516 0.6206455 0.4649424 0.6175936 0.4834516 0.616907 0.4649424 0.6197605 0.4834516 0.6386663 0.9202411 0.6386663 0.9410239 0.6178988 0.9202411 0.6178988 0.9410239 0.1998932 0.8255894 0.1998932 0.7792325 0.2343023 0.8255894 0.2343023 0.7792325 0.8049134 0.6753796 0.8393225 0.6753796 0.8393225 0.7217365 0.8049134 0.7217365 0.8393225 0.7680934 0.8049134 0.7680934 0.4492256 0.9410239 0.4492256 0.9202411 0.4699931 0.9410239 0.4699931 0.9202411 0.331899 0.9062486 0.331899 0.8598917 0.3663081 0.9062486 0.3663081 0.8598917 0.7818723 0.9734798 0.7805142 0.974197 0.7805142 0.9727474 0.619028 0.4367285 0.6183108 0.4552377 0.6180056 0.4367285 0.6190432 0.4552377 0.6206455 0.4367285 0.6175936 0.4552377 0.616907 0.4367285 0.6197605 0.4552377 0.4406653 0.91841 0.4406653 0.9391928 0.4198978 0.91841 0.4198978 0.9391928 0.01289387 0.8255894 0.04730297 0.7792325 0.04730297 0.8255894 0.01289387 0.7792325 0.1338979 0.6698864 0.168307 0.6698864 0.168307 0.7162433 0.1338979 0.7162433 0.168307 0.7626001 0.1338979 0.7626001 0.2365606 0.9391928 0.2365606 0.91841 0.2573282 0.9391928 0.2573282 0.91841 0.5335622 0.9025864 0.5335622 0.8562295 0.5679713 0.9025864 0.5679713 0.8562295 0.6144961 0.9734798 0.613138 0.974197 0.613138 0.9727474 0.619028 0.4085298 0.6183108 0.427039 0.6180056 0.4085298 0.6190432 0.427039 0.6206455 0.4085298 0.6175936 0.427039 0.616907 0.4085298 0.6197605 0.427039 0.5524986 0.9129168 0.5524986 0.9336995 0.5317311 0.9129168 0.5317311 0.9336995 0.8049134 0.8255894 0.8049134 0.7792325 0.8393225 0.8255894 0.8393225 0.7792325 0.09172198 0.6607156 0.1261311 0.6607156 0.1261311 0.7070726 0.09172198 0.7070726 0.1261311 0.7534295 0.09172198 0.7534295 0.331899 0.9373617 0.331899 0.9165789 0.3526513 0.9373617 0.3526513 0.9165789 0.7187457 0.9007553 0.7187457 0.8543984 0.7531548 0.9007553 0.7531548 0.8543984 0.6184634 0.3513085 0.6184634 0.3981994 0.6179446 0.3982147 0.6179446 0.3211566 0.6184634 0.268513 0.6174258 0.3982147 0.6174258 0.3513085 0.6174258 0.268513 0.6179446 0.268513 0.6184634 0.2137484 0.616907 0.3981994 0.616907 0.3513085 0.616907 0.268513 0.616907 0.2137484 0.6174258 0.2137484 0.6179446 0.2137484 0.6184634 0.1553369 0.6174258 0.1638056 0.616907 0.1553369 0.6179446 0.1638056 0.6179446 0.1026932 0.6184634 0.1026932 0.616907 0.1026932 0.6174258 0.1026932 0.6179446 0.07290763 0.6184634 0.07290763 0.6174258 0.07290763 0.616907 0.07290763 0.6179446 0.005004942 0.6184634 0.005004942 0.6174258 0.005004942 0.616907 0.005004942 0.6278782 0.006118894 0.6278782 0.05375755 0.6273442 0.006118894 0.6278782 0.1364767 0.6273442 0.06848252 0.6273442 0.05375755 0.6268253 0.05375755 0.6268253 0.006118894 0.6278782 0.1495537 0.6273442 0.136492 0.6268253 0.1055161 0.6263065 0.1364767 0.6263065 0.05375755 0.6263065 0.006118894 0.6278782 0.247898 0.6268253 0.2174869 0.6273442 0.247898 0.6263065 0.247898 0.6263065 0.1495537 0.6278782 0.2643321 0.6268253 0.247898 0.6273442 0.2819409 0.6263065 0.2643321 0.6278782 0.3951324 0.6273442 0.3951171 0.6268253 0.3308156 0.6263065 0.3951324 0.6268253 0.3951171 0.6050813 0.9719539 0.6037385 0.9726864 0.6037385 0.9712368 0.8490577 0.8421607 0.8489357 0.8482948 0.8492103 0.8421607 0.8496681 0.8482948 0.8500496 0.841825 0.8482185 0.8482948 0.8497139 0.8409094 0.8503853 0.8482948 0.5286641 0.9734035 0.5286641 0.9942016 0.5078965 0.9734035 0.5078965 0.9942016 0.6765698 0.8952621 0.6765698 0.8488899 0.7109789 0.8952621 0.7109789 0.8488899 0.1558862 0.7743801 0.1903105 0.7743801 0.1903105 0.820737 0.1558862 0.820737 0.1903105 0.8670939 0.1558862 0.8670939 0.7774014 0.9960327 0.7774014 0.9752499 0.7981689 0.9960327 0.7981689 0.9752499 0.7058976 0.9557641 0.7058976 0.9093919 0.740322 0.9557641 0.740322 0.9093919 0.3963378 0.970077 0.394995 0.9708095 0.394995 0.9693599 0.8358892 0.8421607 0.8357824 0.8482948 0.8360418 0.8421607 0.8364996 0.8482948 0.836881 0.841825 0.83505 0.8482948 0.8365453 0.8409094 0.8372167 0.8482948 0.02449073 0.9715725 0.02449073 0.9923705 0.003723201 0.9715725 0.003723201 0.9923705 0.7609064 0.8952621 0.7953155 0.8488899 0.7953155 0.8952621 0.7609064 0.8488899 0.1137255 0.7743801 0.1481346 0.7743801 0.1481346 0.820737 0.1137255 0.820737 0.1481346 0.8670939 0.1137255 0.8670939 0.1503929 0.9923705 0.1503929 0.9715725 0.1711604 0.9923705 0.1711604 0.9715725 0.7609064 0.9502556 0.7609064 0.9038987 0.7953155 0.9502556 0.7953155 0.9038987 0.3173571 0.970077 0.3159991 0.9708095 0.3159991 0.9693599 0.822736 0.8421607 0.8226139 0.8482948 0.8228733 0.8421607 0.8233311 0.8482948 0.8237278 0.841825 0.8218967 0.8482948 0.8233768 0.8409094 0.8240635 0.8482948 0.7284962 0.9660792 0.7284962 0.986862 0.7077439 0.9660792 0.7077439 0.986862 0.8470741 0.8952621 0.8470741 0.8488899 0.8814832 0.8952621 0.8814832 0.8488899 0.5794003 0.7670557 0.6138094 0.7670557 0.6138094 0.8134127 0.5794003 0.8134127 0.6138094 0.8597696 0.5794003 0.8597696 0.1210651 0.986862 0.1210651 0.9660792 0.1418173 0.986862 0.1418173 0.9660792 0.8544137 0.9484245 0.8544137 0.9020676 0.8888228 0.9484245 0.8888228 0.9020676 0.9550927 0.00805676 0.9550927 0.01901275 0.9545739 0.00805676 0.9550927 0.04863048 0.9545739 0.06506449 0.9545739 0.03350884 0.9540551 0.03350884 0.9540551 0.00805676 0.9550927 0.1495384 0.9545739 0.1495231 0.9545739 0.104799 0.9540551 0.08357364 0.9540551 0.04863048 0.9535363 0.04863048 0.9535363 0.01901275 0.9535363 0.00805676 0.9550927 0.1762264 0.9545739 0.1762264 0.9540551 0.1762264 0.9540551 0.1495384 0.9535363 0.1495384 0.9550927 0.2264439 0.9545739 0.2264439 0.9540551 0.2264439 0.9540551 0.2079194 0.9535363 0.1762264 0.9550927 0.2689555 0.9545739 0.268986 0.9540551 0.2689708 0.9535363 0.2689555 0.9535363 0.2264439 0.6090639 0.3151904 0.6090639 0.3931182 0.6085451 0.3151904 0.6085451 0.2764325 0.6090639 0.2764325 0.6090639 0.473579 0.6085451 0.4735942 0.6085451 0.3931182 0.6080263 0.3931182 0.6080263 0.3151904 0.6080263 0.2764325 0.6085451 0.2180667 0.6090639 0.2525979 0.6080263 0.4735942 0.6075075 0.473579 0.6075075 0.3931182 0.6075075 0.3151904 0.6075075 0.2764325 0.6075075 0.2525979 0.6080263 0.1401694 0.6090639 0.1401846 0.6085451 0.1078813 0.6090639 0.07895017 0.6075075 0.1401846 0.6080263 0.1078813 0.6080263 0.05253679 0.6085451 0.003967345 0.6090639 0.003967345 0.6075075 0.07895017 0.6075075 0.003967345 0.6080263 0.003967345 0.2797436 0.970077 0.2783856 0.9708095 0.2783856 0.9693599 0.8095674 0.8421607 0.8094453 0.8482948 0.80972 0.8421607 0.8101777 0.8482948 0.8105593 0.841825 0.8087282 0.8482948 0.8102235 0.8409094 0.810895 0.8482948 0.6991684 0.962417 0.6991684 0.9831998 0.6784009 0.962417 0.6784009 0.9831998 0.392401 0.8915846 0.392401 0.8452277 0.4268101 0.8915846 0.4268101 0.8452277 0.07156482 0.7652094 0.1059739 0.7652094 0.1059739 0.8115816 0.07156482 0.8115816 0.1059739 0.8579385 0.07156482 0.8579385 0.09172198 0.9850309 0.09172198 0.9642481 0.1124895 0.9850309 0.1124895 0.9642481 0.6637369 0.9465934 0.6637369 0.9002365 0.698146 0.9465934 0.698146 0.9002365 0.2045167 0.970077 0.2031739 0.9708095 0.2031739 0.9693599 0.7963989 0.8421607 0.7962921 0.8482948 0.7965515 0.8421607 0.7970092 0.8482948 0.7973907 0.841825 0.7955596 0.8482948 0.797055 0.8409094 0.7977264 0.8482948 0.8825055 0.9587396 0.8825055 0.9795377 0.861738 0.9587396 0.861738 0.9795377 0.287892 0.8879225 0.287892 0.8415656 0.3223011 0.8879225 0.3223011 0.8415656 0.6344091 0.7615473 0.6688182 0.7615473 0.6688182 0.8079042 0.6344091 0.8079042 0.6688182 0.8542611 0.6344091 0.8542611 0.7480736 0.9795377 0.7480736 0.9587396 0.7688411 0.9795377 0.7688411 0.9587396 0.3758907 0.942916 0.3758907 0.8965591 0.4103151 0.942916 0.4103151 0.8965591 0.5980926 0.005554259 0.5986267 0.005554259 0.5986267 0.14374 0.5980926 0.0790875 0.5991455 0.005554259 0.5991455 0.0790875 0.5986267 0.1770046 0.5980926 0.2133822 0.5980926 0.1130388 0.5991455 0.14374 0.5996643 0.005554259 0.5996643 0.0790875 0.5996643 0.1130388 0.5986267 0.2973373 0.5980926 0.2973373 0.5991455 0.1770199 0.5996643 0.2133822 0.5986267 0.3723354 0.5980926 0.3723354 0.5991455 0.3723354 0.5991455 0.253315 0.5996643 0.2973373 0.5986267 0.45626 0.5980926 0.45626 0.5991455 0.45626 0.5996643 0.3723354 0.5986267 0.4877241 0.5980926 0.4877241 0.5991455 0.4877241 0.5996643 0.45626 0.5991455 0.6005951 0.5986267 0.6005951 0.5980926 0.6005951 0.5996643 0.4877241 0.5996643 0.6005951 0.5991455 0.6954299 0.5986267 0.6954452 0.5980926 0.6954299 0.5996643 0.6954299 0.04654002 0.9753567 0.04519722 0.9760891 0.04519722 0.9746243 0.622797 0.5777829 0.6220798 0.596292 0.6217746 0.5777829 0.622797 0.596292 0.6243992 0.5777829 0.6213626 0.596292 0.6206607 0.5777829 0.6235294 0.596292 0.8531624 0.9569085 0.8531624 0.9776913 0.8324102 0.9569085 0.8324102 0.9776913 0.8892348 0.8879225 0.8892348 0.8415656 0.9236591 0.8879225 0.9236591 0.8415656 0.7187457 0.7505455 0.7531548 0.7505455 0.7531548 0.7969024 0.7187304 0.7969024 0.7531548 0.8432746 0.7187304 0.8432746 0.5610743 0.9776913 0.5610743 0.9569085 0.5818265 0.9776913 0.5818265 0.9569085 0.287892 0.8965591 0.3223011 0.8965591 0.287892 0.942916 0.3223011 0.942916 0.0352636 0.9753567 0.03390555 0.9760891 0.03390555 0.9746243 0.6096284 0.575906 0.6089113 0.5943999 0.6086061 0.575906 0.6096437 0.5943999 0.6112306 0.575906 0.6081941 0.5943999 0.6075075 0.575906 0.6103609 0.5943999 0.6698253 0.9550774 0.6698253 0.9758602 0.649073 0.9550774 0.649073 0.9758602 0.4822309 0.8860914 0.4822309 0.8397345 0.5166399 0.8860914 0.5166399 0.8397345 0.7627375 0.7450522 0.7971466 0.7450522 0.7971466 0.7914091 0.7627375 0.7914091 0.7971466 0.8377661 0.7627375 0.8377661 0.06239414 0.9758602 0.06239414 0.9550774 0.08314641 0.9758602 0.08314641 0.9550774 0.8965744 0.9410849 0.8965744 0.894728 0.9309834 0.9410849 0.9309834 0.894728 0.02397192 0.9753567 0.02262913 0.9760891 0.02262913 0.9746243 0.942504 0.5677425 0.9417868 0.5862516 0.9414664 0.5677425 0.942504 0.5862516 0.9441062 0.5677425 0.9410544 0.5862516 0.9403678 0.5677425 0.9432212 0.5862516 0.05381857 0.9532464 0.05381857 0.9740291 0.03305104 0.9532464 0.03305104 0.9740291 0.1998932 0.8805829 0.2343023 0.834226 0.2343023 0.8805829 0.1998932 0.834226 0.8470741 0.7450522 0.8814832 0.7450522 0.8814832 0.7914091 0.8470741 0.7914091 0.8814832 0.8377661 0.8470741 0.8377661 0.289723 0.9740291 0.289723 0.9532464 0.3104906 0.9740291 0.3104906 0.9532464 0.4895705 0.9392538 0.4895705 0.892897 0.5239795 0.9392538 0.5239795 0.892897 0.01457237 0.9753567 0.01322957 0.9760891 0.01322957 0.9746243 0.9556573 0.5589685 0.9549401 0.5774777 0.9546349 0.5589685 0.9556726 0.5774777 0.9572595 0.5589685 0.9542229 0.5774777 0.9535363 0.5589685 0.9563897 0.5774777 0.4699931 0.9514153 0.4699931 0.9721981 0.4492256 0.9514153 0.4492256 0.9721981 0.8049134 0.8805829 0.8049134 0.834226 0.8393225 0.8805829 0.8393225 0.834226 0.9002365 0.7395438 0.9346609 0.7395438 0.9346609 0.7859007 0.9002365 0.7859007 0.9346609 0.8322728 0.9002365 0.8322728 0.3630579 0.9721981 0.3630579 0.9514153 0.3838255 0.9721981 0.3838255 0.9514153 0.1925536 0.8892348 0.2269779 0.8892348 0.1925536 0.9355917 0.2269779 0.9355917 0.005172809 0.9753567 0.003814755 0.9760891 0.003814755 0.9746243 0.622797 0.5495689 0.6220798 0.5680782 0.6217746 0.5495689 0.622797 0.5680782 0.6243992 0.5495689 0.6213626 0.5680782 0.6206607 0.5495689 0.6235294 0.5680782 0.9173419 0.9514153 0.9173419 0.9721981 0.8965744 0.9514153 0.8965744 0.9721981 0.02206455 0.8787518 0.02206455 0.8323949 0.05647364 0.8787518 0.05647364 0.8323949 0.4419013 0.7047074 0.4763104 0.7047074 0.4763104 0.7510796 0.4419013 0.7510796 0.4763104 0.7974365 0.4419013 0.7974365 0.6197299 0.9721981 0.6197299 0.9514153 0.6404974 0.9721981 0.6404974 0.9514153 0.8030671 0.8892348 0.8374914 0.8892348 0.8030671 0.9355917 0.8374914 0.9355917 0.591928 0.9753567 0.5905699 0.9760891 0.5905699 0.9746243 0.6096284 0.5476921 0.6089113 0.5662013 0.6086061 0.5476921 0.6096437 0.5662013 0.6112306 0.5476921 0.6081941 0.5662013 0.6075075 0.5476921 0.6103609 0.5662013 0.2793164 0.9495842 0.2793164 0.970367 0.2585641 0.9495842 0.2585641 0.970367 0.4400702 0.8549172 0.4744793 0.8085603 0.4744793 0.8549172 0.4400702 0.8085603 0.3539025 0.7047074 0.3883116 0.7047074 0.3883116 0.7510796 0.3539025 0.7510796 0.3883116 0.7974365 0.3539025 0.7974365 0.4198978 0.970367 0.4198978 0.9495842 0.4406653 0.970367 0.4406653 0.9495842 0.003723201 0.8837262 0.0381323 0.8837262 0.003723201 0.9300832 0.0381323 0.9300832 0.6332952 0.9753567 0.6319524 0.9760891 0.6319524 0.9746243 0.942504 0.5395437 0.9417868 0.5580377 0.9414664 0.5395437 0.942504 0.5580377 0.9441062 0.5395437 0.9410544 0.5580377 0.9403678 0.5395437 0.9432212 0.5580377 0.2481575 0.9477379 0.2481575 0.9685359 0.2273899 0.9477379 0.2273899 0.9685359 0.348394 0.8549172 0.348394 0.8085603 0.3828031 0.8549172 0.3828031 0.8085603 0.2603952 0.7047074 0.2948043 0.7047074 0.2948043 0.7510796 0.2603952 0.7510796 0.2948043 0.7974365 0.2603952 0.7974365 0.4785687 0.9685359 0.4785687 0.9477379 0.499321 0.9685359 0.499321 0.9477379 0.1485618 0.878233 0.1829709 0.878233 0.1485618 0.9245899 0.1829709 0.9245899 0.6238956 0.9753567 0.6225528 0.9760891 0.6225528 0.9746243 0.9556573 0.5307698 0.9549401 0.549279 0.9546349 0.5307698 0.9556726 0.549279 0.9572595 0.5307698 0.9542229 0.549279 0.9535363 0.5307698 0.9563897 0.549279 0.6111696 0.9477379 0.6111696 0.9685359 0.5904021 0.9477379 0.5904021 0.9685359 0.2439002 0.8530861 0.2783093 0.8067292 0.2783093 0.8530861 0.2439002 0.8067292 0.5372397 0.7010453 0.5716487 0.7010453 0.5372397 0.7474022 0.5716487 0.7474022 0.5716487 0.793759 0.5372397 0.793759 0.331899 0.9685359 0.331899 0.9477379 0.3526513 0.9685359 0.3526513 0.9477379 0.1063859 0.9245899 0.1063859 0.878233 0.1408103 0.9245899 0.1408103 0.878233 0.567483 0.9734798 0.566125 0.974197 0.566125 0.9727474 0.622797 0.5213703 0.6220798 0.5398642 0.6217746 0.5213703 0.622797 0.5398642 0.6243992 0.5213703 0.6213626 0.5398642 0.6206607 0.5213703 0.6235294 0.5398642 0.8238346 0.9459068 0.8238346 0.9667048 0.8030671 0.9459068 0.8030671 0.9667048 0.5262379 0.849424 0.560647 0.8030671 0.560647 0.849424 0.5262379 0.8030671 0.6765698 0.6900434 0.7109789 0.6900434 0.6765698 0.7364004 0.7109789 0.7364004 0.7109789 0.7827725 0.6765698 0.7827725 0.196231 0.9667048 0.196231 0.9459068 0.2169833 0.9667048 0.2169833 0.9459068 0.5757381 0.9172503 0.5757381 0.8708934 0.6101472 0.9172503 0.6101472 0.8708934 0.9097429 0.9734798 0.9084001 0.974197 0.9084001 0.9727474 0.6096284 0.5194781 0.6089113 0.5379874 0.6086061 0.5194781 0.6096437 0.5379874 0.6112306 0.5194781 0.6081941 0.5379874 0.6075075 0.5194781 0.6103609 0.5379874 0.1858244 0.9422446 0.1858244 0.9630274 0.1650568 0.9422446 0.1650568 0.9630274 0.6765698 0.8402533 0.6765698 0.7938964 0.7109789 0.8402533 0.7109789 0.7938964 0.3997253 0.6863813 0.4341344 0.6863813 0.4341344 0.7327383 0.3997253 0.7327383 0.4341344 0.7790952 0.3997253 0.7790952 0.5317311 0.9648585 0.5317311 0.9440757 0.5524986 0.9648585 0.5524986 0.9440757 0.06422523 0.9154192 0.06422523 0.8690623 0.09863432 0.9154192 0.09863432 0.8690623 0.5902647 0.006378293 0.5902647 0.1273976 0.5897307 0.1273976 0.5897307 0.006378293 0.5902647 0.3889372 0.5897307 0.2402228 0.5892119 0.1619592 0.5892119 0.0950942 0.5892119 0.006378293 0.5902647 0.4464942 0.5897307 0.4464942 0.5897307 0.3889372 0.5897307 0.2850233 0.5892119 0.2402228 0.5886931 0.3889372 0.5886931 0.1273976 0.5886931 0.006378293 0.5902647 0.580209 0.5897307 0.580209 0.5892119 0.5801938 0.5892119 0.4464942 0.5892119 0.3889372 0.5886931 0.4464942 0.5902647 0.6206912 0.5897307 0.6206912 0.5892119 0.6206912 0.5886931 0.6206912 0.5886931 0.580209 0.5902647 0.7140307 0.5897307 0.7140307 0.5892119 0.6651407 0.5886931 0.7140307 0.5902647 0.7665827 0.5897307 0.766598 0.5892119 0.766598 0.5886931 0.7665827 0.5808499 0.006027341 0.5808499 0.128069 0.5803311 0.128069 0.5803311 0.006027341 0.5808499 0.2417182 0.5803311 0.2417182 0.5798123 0.1629206 0.5798123 0.128069 0.5798123 0.006027341 0.5808499 0.2867933 0.5803311 0.286778 0.5798123 0.2417182 0.5792935 0.2417182 0.5792935 0.128069 0.5792935 0.006027341 0.5808499 0.3911498 0.5803311 0.3911345 0.5798123 0.3911345 0.5792935 0.3911498 0.5792935 0.2867933 0.5808499 0.4489052 0.5803311 0.4489052 0.5798123 0.4489052 0.5792935 0.4489052 0.5808499 0.5830778 0.5803311 0.4792706 0.5798123 0.5830778 0.5792935 0.5830778 0.5808499 0.7175555 0.5803311 0.6237431 0.5803311 0.5830778 0.5798123 0.6237431 0.5792935 0.7175555 0.5808499 0.7704127 0.5803311 0.770428 0.5803311 0.6684062 0.5798123 0.6684062 0.5792935 0.7704127 0.5798123 0.770428 0.8984665 0.9734798 0.8971084 0.974197 0.8971084 0.9727474 0.942504 0.5094529 0.9417868 0.5279621 0.9414664 0.5094529 0.942504 0.5279621 0.9441062 0.5094529 0.9410544 0.5279621 0.9403678 0.5094529 0.9432212 0.5279621 0.1546502 0.934905 0.1546502 0.9557031 0.1338979 0.934905 0.1338979 0.9557031 0.3978943 0.8365911 0.3978943 0.7902342 0.4323033 0.8365911 0.4323033 0.7902342 0.3098955 0.6863813 0.3443046 0.6863813 0.3098955 0.7327383 0.3443046 0.7327383 0.3443046 0.7790952 0.3098955 0.7790952 0.003723201 0.9611963 0.003723201 0.9404135 0.02449073 0.9611963 0.02449073 0.9404135 0.4363928 0.8635691 0.4708171 0.8635691 0.4363928 0.909926 0.4708171 0.909926 0.8871748 0.9734798 0.885832 0.974197 0.885832 0.9727474 0.622797 0.4931563 0.6220798 0.5116655 0.6217746 0.4931563 0.622797 0.5116655 0.6243992 0.4931563 0.6213626 0.5116655 0.6206607 0.4931563 0.6235294 0.5116655 0.09599451 0.9257496 0.09599451 0.9465324 0.07522698 0.9257496 0.07522698 0.9465324 0.3044022 0.8365911 0.3044022 0.7902342 0.3388113 0.8365911 0.3388113 0.7902342 0.4950637 0.6827192 0.5294728 0.6827192 0.5294728 0.729076 0.4950637 0.729076 0.5294728 0.7754329 0.4950637 0.7754329 0.1045548 0.9557031 0.1045548 0.934905 0.1253223 0.9557031 0.1253223 0.934905 0.6215762 0.8635691 0.6559854 0.8635691 0.6215762 0.909926 0.6559854 0.909926 0.8758984 0.9734798 0.8745556 0.974197 0.8745556 0.9727474 0.6096284 0.4912795 0.6089113 0.5097734 0.6086061 0.4912795 0.6096437 0.5097734 0.6112306 0.4912795 0.6081941 0.5097734 0.6075075 0.4912795 0.6103609 0.5097734 0.06665141 0.9239032 0.06665141 0.9447013 0.04588388 0.9239032 0.04588388 0.9447013 0.484062 0.8310826 0.484062 0.7847257 0.5184711 0.8310826 0.5184711 0.7847257 0.2163882 0.6772107 0.2508125 0.6772107 0.2508125 0.7235675 0.2163882 0.7235675 0.2508125 0.7699397 0.2163882 0.7699397 0.5610743 0.9465324 0.5610743 0.9257496 0.5818265 0.9465324 0.5818265 0.9257496 0.2439002 0.9080949 0.2439002 0.8617227 0.2783093 0.9080949 0.2783093 0.8617227 0.8646067 0.9734798 0.8632639 0.974197 0.8632639 0.9727474 0.619028 0.4649424 0.6183108 0.4834516 0.6180056 0.4649424 0.6190432 0.4834516 0.6206455 0.4649424 0.6175936 0.4834516 0.616907 0.4649424 0.6197605 0.4834516 0.6386663 0.9202411 0.6386663 0.9410239 0.6178988 0.9202411 0.6178988 0.9410239 0.1998932 0.8255894 0.1998932 0.7792325 0.2343023 0.8255894 0.2343023 0.7792325 0.8049134 0.6753796 0.8393225 0.6753796 0.8393225 0.7217365 0.8049134 0.7217365 0.8393225 0.7680934 0.8049134 0.7680934 0.4492256 0.9410239 0.4492256 0.9202411 0.4699931 0.9410239 0.4699931 0.9202411 0.331899 0.9062486 0.331899 0.8598917 0.3663081 0.9062486 0.3663081 0.8598917 0.7818723 0.9734798 0.7805142 0.974197 0.7805142 0.9727474 0.619028 0.4367285 0.6183108 0.4552377 0.6180056 0.4367285 0.6190432 0.4552377 0.6206455 0.4367285 0.6175936 0.4552377 0.616907 0.4367285 0.6197605 0.4552377 0.4406653 0.91841 0.4406653 0.9391928 0.4198978 0.91841 0.4198978 0.9391928 0.01289387 0.8255894 0.04730297 0.7792325 0.04730297 0.8255894 0.01289387 0.7792325 0.1338979 0.6698864 0.168307 0.6698864 0.168307 0.7162433 0.1338979 0.7162433 0.168307 0.7626001 0.1338979 0.7626001 0.2365606 0.9391928 0.2365606 0.91841 0.2573282 0.9391928 0.2573282 0.91841 0.5335622 0.9025864 0.5335622 0.8562295 0.5679713 0.9025864 0.5679713 0.8562295 0.6144961 0.9734798 0.613138 0.974197 0.613138 0.9727474 0.619028 0.4085298 0.6183108 0.427039 0.6180056 0.4085298 0.6190432 0.427039 0.6206455 0.4085298 0.6175936 0.427039 0.616907 0.4085298 0.6197605 0.427039 0.5524986 0.9129168 0.5524986 0.9336995 0.5317311 0.9129168 0.5317311 0.9336995 0.8049134 0.8255894 0.8049134 0.7792325 0.8393225 0.8255894 0.8393225 0.7792325 0.09172198 0.6607156 0.1261311 0.6607156 0.1261311 0.7070726 0.09172198 0.7070726 0.1261311 0.7534295 0.09172198 0.7534295 0.331899 0.9373617 0.331899 0.9165789 0.3526513 0.9373617 0.3526513 0.9165789 0.7187457 0.9007553 0.7187457 0.8543984 0.7531548 0.9007553 0.7531548 0.8543984 0.6184634 0.3513085 0.6184634 0.3981994 0.6179446 0.3982147 0.6179446 0.3211566 0.6184634 0.268513 0.6174258 0.3982147 0.6174258 0.3513085 0.6174258 0.268513 0.6179446 0.268513 0.6184634 0.2137484 0.616907 0.3981994 0.616907 0.3513085 0.616907 0.268513 0.616907 0.2137484 0.6174258 0.2137484 0.6179446 0.2137484 0.6184634 0.1553369 0.6174258 0.1638056 0.616907 0.1553369 0.6179446 0.1638056 0.6179446 0.1026932 0.6184634 0.1026932 0.616907 0.1026932 0.6174258 0.1026932 0.6179446 0.07290763 0.6184634 0.07290763 0.6174258 0.07290763 0.616907 0.07290763 0.6179446 0.005004942 0.6184634 0.005004942 0.6174258 0.005004942 0.616907 0.005004942 0.6278782 0.006118894 0.6278782 0.05375755 0.6273442 0.006118894 0.6278782 0.1364767 0.6273442 0.06848252 0.6273442 0.05375755 0.6268253 0.05375755 0.6268253 0.006118894 0.6278782 0.1495537 0.6273442 0.136492 0.6268253 0.1055161 0.6263065 0.1364767 0.6263065 0.05375755 0.6263065 0.006118894 0.6278782 0.247898 0.6268253 0.2174869 0.6273442 0.247898 0.6263065 0.247898 0.6263065 0.1495537 0.6278782 0.2643321 0.6268253 0.247898 0.6273442 0.2819409 0.6263065 0.2643321 0.6278782 0.3951324 0.6273442 0.3951171 0.6268253 0.3308156 0.6263065 0.3951324 0.6268253 0.3951171</float_array>
          <technique_common>
            <accessor source="#wire_set1__OBJFrameSteelSet-texcoord-array_1" count="3188" stride="2">
              <param name="S" type="float" />
              <param name="T" type="float" />
            </accessor>
          </technique_common>
        </source>
        <vertices id="wire_set1__OBJFrameSteelSet-vertex">
          <input semantic="POSITION" source="#wire_set1__OBJFrameSteelSet-position" />
        </vertices>
        <triangles material="OBJFrameSteelSet" count="1323">
          <input semantic="VERTEX" source="#wire_set1__OBJFrameSteelSet-vertex" offset="0" />
          <input semantic="NORMAL" source="#wire_set1__OBJFrameSteelSet-normal" offset="1" />
          <input semantic="TEXCOORD" source="#wire_set1__OBJFrameSteelSet-texcoord" offset="2" set="0" />
          <input semantic="TEXCOORD" source="#wire_set1__OBJFrameSteelSet-texcoord_1" offset="3" set="1" />
          <p>0 0 0 0 1 1 1 1 2 2 2 2 1 1 1 1 3 3 3 3 4 4 4 4 1 1 1 1 5 5 5 5 3 3 3 3 1 1 1 1 4 4 4 4 2 2 2 2 2 2 2 2 6 6 6 6 7 7 7 7 2 2 2 2 4 4 4 4 6 6 6 6 3 3 3 3 8 8 8 8 4 4 4 4 4 4 4 4 8 8 8 8 6 6 6 6 6 6 6 6 9 9 9 9 10 10 10 10 6 6 6 6 8 8 8 8 9 9 9 9 6 6 6 6 10 10 10 10 7 7 7 7 7 7 7 7 10 10 10 10 11 11 11 11 12 12 12 12 13 13 13 13 14 14 14 14 12 12 12 12 14 14 14 14 15 15 15 15 13 13 13 13 15 15 15 15 14 14 14 14 16 16 16 16 17 17 17 17 18 18 18 18 17 17 17 17 19 19 19 19 18 18 18 18 20 20 20 20 21 21 21 21 22 22 22 22 21 21 21 21 23 23 23 23 22 22 22 22 24 24 24 24 25 25 25 25 26 26 26 26 25 25 25 25 27 27 27 27 26 26 26 26 28 28 28 28 29 29 29 29 30 30 30 30 28 28 28 28 30 30 30 30 31 31 31 31 30 30 30 30 32 32 32 32 33 33 33 33 30 30 30 30 33 33 33 33 31 31 31 31 34 34 34 34 35 35 35 35 36 36 36 36 35 35 35 35 37 37 37 37 36 36 36 36 38 38 38 38 39 39 39 39 40 40 40 40 39 39 39 39 41 41 41 41 42 42 42 42 39 39 39 39 43 43 43 43 41 41 41 41 39 39 39 39 42 42 42 42 40 40 40 40 40 40 40 40 44 44 44 44 45 45 45 45 40 40 40 40 42 42 42 42 44 44 44 44 41 41 41 41 46 46 46 46 42 42 42 42 42 42 42 42 46 46 46 46 44 44 44 44 44 44 44 44 47 47 47 47 48 48 48 48 44 44 44 44 46 46 46 46 47 47 47 47 44 44 44 44 48 48 48 48 45 45 45 45 45 45 45 45 48 48 48 48 49 49 49 49 50 50 50 50 51 51 51 51 52 52 52 52 50 50 50 50 52 52 52 52 53 53 53 53 51 51 51 51 53 53 53 53 52 52 52 52 54 54 54 54 55 55 55 55 56 56 56 56 55 55 55 55 57 57 57 57 56 56 56 56 58 58 58 58 59 59 59 59 60 60 60 60 59 59 59 59 61 61 61 61 60 60 60 60 62 62 62 62 63 63 63 63 64 64 64 64 63 63 63 63 65 65 65 65 64 64 64 64 66 66 66 66 67 67 67 67 68 68 68 68 66 66 66 66 68 68 68 68 69 69 69 69 68 68 68 68 70 70 70 70 71 71 71 71 68 68 68 68 71 71 71 71 69 69 69 69 72 72 72 72 73 73 73 73 74 74 74 74 73 73 73 73 75 75 75 75 74 74 74 74 76 76 76 76 77 77 77 77 78 78 78 78 77 77 77 77 79 79 79 79 80 80 80 80 77 77 77 77 81 81 81 81 79 79 79 79 77 77 77 77 80 80 80 80 78 78 78 78 78 78 78 78 82 82 82 82 83 83 83 83 78 78 78 78 80 80 80 80 82 82 82 82 79 79 79 79 84 84 84 84 80 80 80 80 80 80 80 80 84 84 84 84 82 82 82 82 82 82 82 82 85 85 85 85 86 86 86 86 82 82 82 82 84 84 84 84 85 85 85 85 82 82 82 82 86 86 86 86 83 83 83 83 83 83 83 83 86 86 86 86 87 87 87 87 88 88 88 88 89 89 89 89 90 90 90 90 88 88 88 88 90 90 90 90 91 91 91 91 89 89 89 89 91 91 91 91 90 90 90 90 92 92 92 92 93 93 93 93 94 94 94 94 93 93 93 93 95 95 95 95 94 94 94 94 96 96 96 96 97 97 97 97 98 98 98 98 97 97 97 97 99 99 99 99 98 98 98 98 100 100 100 100 101 101 101 101 102 102 102 102 101 101 101 101 103 103 103 103 102 102 102 102 104 104 104 104 105 105 105 105 106 106 106 106 104 104 104 104 106 106 106 106 107 107 107 107 106 106 106 106 108 108 108 108 109 109 109 109 106 106 106 106 109 109 109 109 107 107 107 107 110 110 110 110 111 111 111 111 112 112 112 112 111 111 111 111 113 113 113 113 112 112 112 112 114 114 114 114 115 115 115 115 116 116 116 116 115 115 115 115 117 117 117 117 118 118 118 118 115 115 115 115 118 118 118 118 119 119 119 119 115 115 115 115 119 119 119 119 116 116 116 116 116 116 116 116 119 119 119 119 120 120 120 120 116 116 116 116 120 120 120 120 121 121 121 121 117 117 117 117 122 122 122 122 123 123 123 123 117 117 117 117 123 123 123 123 118 118 118 118 118 118 118 118 123 123 123 123 124 124 124 124 118 118 118 118 124 124 124 124 125 125 125 125 118 118 118 118 125 125 125 125 119 119 119 119 119 119 119 119 125 125 125 125 120 120 120 120 120 120 120 120 125 125 125 125 126 126 126 126 120 120 120 120 126 126 126 126 127 127 127 127 120 120 120 120 127 127 127 127 121 121 121 121 121 121 121 121 127 127 127 127 128 128 128 128 122 122 122 122 129 129 129 129 130 130 130 130 122 122 122 122 130 130 130 130 123 123 123 123 123 123 123 123 130 130 130 130 131 131 131 131 123 123 123 123 131 131 131 131 124 124 124 124 124 124 124 124 131 131 131 131 132 132 132 132 124 124 124 124 132 132 132 132 133 133 133 133 124 124 124 124 133 133 133 133 125 125 125 125 125 125 125 125 133 133 133 133 126 126 126 126 129 129 129 129 134 134 134 134 135 135 135 135 129 129 129 129 135 135 135 135 130 130 130 130 130 130 130 130 135 135 135 135 136 136 136 136 130 130 130 130 136 136 136 136 131 131 131 131 131 131 131 131 136 136 136 136 137 137 137 137 131 131 131 131 137 137 137 137 132 132 132 132 134 134 134 134 138 138 138 138 139 139 139 139 134 134 134 134 139 139 139 139 135 135 135 135 135 135 135 135 139 139 139 139 140 140 140 140 135 135 135 135 140 140 140 140 136 136 136 136 136 136 136 136 140 140 140 140 141 141 141 141 136 136 136 136 141 141 141 141 137 137 137 137 138 138 138 138 142 142 142 142 143 143 143 143 138 138 138 138 143 143 143 143 139 139 139 139 139 139 139 139 143 143 143 143 144 144 144 144 139 139 139 139 144 144 144 144 140 140 140 140 140 140 140 140 144 144 144 144 145 145 145 145 140 140 140 140 145 145 145 145 141 141 141 141 142 142 142 142 146 146 146 146 147 147 147 147 142 142 142 142 147 147 147 147 143 143 143 143 143 143 143 143 147 147 147 147 148 148 148 148 143 143 143 143 148 148 148 148 144 144 144 144 144 144 144 144 148 148 148 148 149 149 149 149 144 144 144 144 149 149 149 149 145 145 145 145 146 146 146 146 150 150 150 150 147 147 147 147 147 147 147 147 151 151 151 151 152 152 152 152 147 147 147 147 152 152 152 152 148 148 148 148 147 147 147 147 150 150 150 150 151 151 151 151 148 148 148 148 152 152 152 152 153 153 153 153 148 148 148 148 153 153 153 153 149 149 149 149 150 150 150 150 154 154 154 154 151 151 151 151 151 151 151 151 155 155 155 155 156 156 156 156 151 151 151 151 156 156 156 156 152 152 152 152 151 151 151 151 154 154 154 154 155 155 155 155 152 152 152 152 156 156 156 156 157 157 157 157 152 152 152 152 157 157 157 157 153 153 153 153 154 154 154 154 158 158 158 158 159 159 159 159 154 154 154 154 159 159 159 159 155 155 155 155 155 155 155 155 159 159 159 159 160 160 160 160 155 155 155 155 160 160 160 160 156 156 156 156 156 156 156 156 160 160 160 160 161 161 161 161 156 156 156 156 161 161 161 161 157 157 157 157 158 158 158 158 162 162 162 162 163 163 163 163 158 158 158 158 163 163 163 163 159 159 159 159 159 159 159 159 163 163 163 163 164 164 164 164 159 159 159 159 164 164 164 164 160 160 160 160 160 160 160 160 164 164 164 164 165 165 165 165 160 160 160 160 165 165 165 165 161 161 161 161 162 162 162 162 166 166 166 166 167 167 167 167 162 162 162 162 167 167 167 167 163 163 163 163 163 163 163 163 167 167 167 167 168 168 168 168 163 163 163 163 168 168 168 168 164 164 164 164 164 164 164 164 168 168 168 168 169 169 169 169 164 164 164 164 169 169 169 169 165 165 165 165 170 170 170 170 171 171 171 171 172 172 172 172 170 170 170 170 172 172 172 172 173 173 173 173 170 170 170 170 174 174 174 174 171 171 171 171 171 171 171 171 175 175 175 175 176 176 176 176 171 171 171 171 176 176 176 176 172 172 172 172 171 171 171 171 174 174 174 174 177 177 177 177 171 171 171 171 177 177 177 177 175 175 175 175 172 172 172 172 178 178 178 178 179 179 179 179 172 172 172 172 179 179 179 179 173 173 173 173 172 172 172 172 176 176 176 176 178 178 178 178 174 174 174 174 180 180 180 180 177 177 177 177 174 174 174 174 181 181 181 181 180 180 180 180 175 175 175 175 182 182 182 182 183 183 183 183 175 175 175 175 183 183 183 183 176 176 176 176 175 175 175 175 177 177 177 177 184 184 184 184 175 175 175 175 184 184 184 184 182 182 182 182 176 176 176 176 185 185 185 185 178 178 178 178 176 176 176 176 183 183 183 183 186 186 186 186 176 176 176 176 186 186 186 186 185 185 185 185 177 177 177 177 187 187 187 187 184 184 184 184 177 177 177 177 180 180 180 180 187 187 187 187 178 178 178 178 188 188 188 188 189 189 189 189 178 178 178 178 189 189 189 189 179 179 179 179 178 178 178 178 185 185 185 185 188 188 188 188 180 180 180 180 181 181 181 181 190 190 190 190 180 180 180 180 191 191 191 191 187 187 187 187 180 180 180 180 190 190 190 190 191 191 191 191 181 181 181 181 192 192 192 192 190 190 190 190 182 182 182 182 184 184 184 184 193 193 193 193 184 184 184 184 194 194 194 194 193 193 193 193 184 184 184 184 187 187 187 187 194 194 194 194 185 185 185 185 195 195 195 195 188 188 188 188 185 185 185 185 186 186 186 186 195 195 195 195 186 186 186 186 196 196 196 196 195 195 195 195 187 187 187 187 197 197 197 197 194 194 194 194 187 187 187 187 191 191 191 191 197 197 197 197 188 188 188 188 198 198 198 198 199 199 199 199 188 188 188 188 199 199 199 199 189 189 189 189 188 188 188 188 195 195 195 195 198 198 198 198 190 190 190 190 192 192 192 192 200 200 200 200 190 190 190 190 201 201 201 201 191 191 191 191 190 190 190 190 200 200 200 200 201 201 201 201 191 191 191 191 201 201 201 201 197 197 197 197 192 192 192 192 202 202 202 202 200 200 200 200 195 195 195 195 203 203 203 203 198 198 198 198 195 195 195 195 196 196 196 196 203 203 203 203 196 196 196 196 204 204 204 204 203 203 203 203 197 197 197 197 201 201 201 201 205 205 205 205 200 200 200 200 202 202 202 202 206 206 206 206 200 200 200 200 207 207 207 207 201 201 201 201 200 200 200 200 206 206 206 206 207 207 207 207 201 201 201 201 208 208 208 208 205 205 205 205 201 201 201 201 207 207 207 207 208 208 208 208 202 202 202 202 209 209 209 209 206 206 206 206 206 206 206 206 209 209 209 209 210 210 210 210 206 206 206 206 211 211 211 211 207 207 207 207 206 206 206 206 210 210 210 210 211 211 211 211 207 207 207 207 212 212 212 212 208 208 208 208 207 207 207 207 211 211 211 211 212 212 212 212 209 209 209 209 213 213 213 213 210 210 210 210 210 210 210 210 213 213 213 213 214 214 214 214 210 210 210 210 215 215 215 215 211 211 211 211 210 210 210 210 214 214 214 214 215 215 215 215 211 211 211 211 216 216 216 216 212 212 212 212 211 211 211 211 215 215 215 215 216 216 216 216 213 213 213 213 217 217 217 217 214 214 214 214 214 214 214 214 217 217 217 217 218 218 218 218 214 214 214 214 219 219 219 219 215 215 215 215 214 214 214 214 218 218 218 218 219 219 219 219 215 215 215 215 220 220 220 220 216 216 216 216 215 215 215 215 219 219 219 219 220 220 220 220 217 217 217 217 221 221 221 221 218 218 218 218 218 218 218 218 221 221 221 221 222 222 222 222 218 218 218 218 223 223 223 223 219 219 219 219 218 218 218 218 222 222 222 222 223 223 223 223 219 219 219 219 224 224 224 224 220 220 220 220 219 219 219 219 223 223 223 223 224 224 224 224 221 221 221 221 225 225 225 225 222 222 222 222 222 222 222 222 225 225 225 225 226 226 226 226 222 222 222 222 227 227 227 227 223 223 223 223 222 222 222 222 226 226 226 226 227 227 227 227 223 223 223 223 228 228 228 228 224 224 224 224 223 223 223 223 227 227 227 227 228 228 228 228 225 225 225 225 229 229 229 229 226 226 226 226 230 230 230 230 231 231 231 231 232 232 232 232 231 231 231 231 233 233 233 233 234 234 234 234 231 231 231 231 235 235 235 235 233 233 233 233 231 231 231 231 234 234 234 234 232 232 232 232 232 232 232 232 236 236 236 236 237 237 237 237 232 232 232 232 234 234 234 234 236 236 236 236 233 233 233 233 238 238 238 238 234 234 234 234 234 234 234 234 238 238 238 238 236 236 236 236 236 236 236 236 239 239 239 239 240 240 240 240 236 236 236 236 238 238 238 238 239 239 239 239 236 236 236 236 240 240 240 240 237 237 237 237 237 237 237 237 240 240 240 240 241 241 241 241 242 242 242 242 243 243 243 243 244 244 244 244 242 242 242 242 244 244 244 244 245 245 245 245 243 243 243 243 245 245 245 245 244 244 244 244 246 246 246 246 247 247 247 247 248 248 248 248 247 247 247 247 249 249 249 249 248 248 248 248 250 250 250 250 251 251 251 251 252 252 252 252 251 251 251 251 253 253 253 253 252 252 252 252 254 254 254 254 255 255 255 255 256 256 256 256 255 255 255 255 257 257 257 257 256 256 256 256 258 258 258 258 259 259 259 259 260 260 260 260 258 258 258 258 260 260 260 260 261 261 261 261 260 260 260 260 262 262 262 262 263 263 263 263 260 260 260 260 263 263 263 263 261 261 261 261 264 264 264 264 265 265 265 265 266 266 266 266 265 265 265 265 267 267 267 267 266 266 266 266 268 268 268 268 269 269 269 269 270 270 270 270 269 269 269 269 271 271 271 271 272 272 272 272 269 269 269 269 273 273 273 273 271 271 271 271 269 269 269 269 272 272 272 272 270 270 270 270 270 270 270 270 274 274 274 274 275 275 275 275 270 270 270 270 272 272 272 272 274 274 274 274 271 271 271 271 276 276 276 276 272 272 272 272 272 272 272 272 276 276 276 276 274 274 274 274 274 274 274 274 277 277 277 277 278 278 278 278 274 274 274 274 276 276 276 276 277 277 277 277 274 274 274 274 278 278 278 278 275 275 275 275 275 275 275 275 278 278 278 278 279 279 279 279 280 280 280 280 281 281 281 281 282 282 282 282 280 280 280 280 282 282 282 282 283 283 283 283 281 281 281 281 283 283 283 283 282 282 282 282 284 284 284 284 285 285 285 285 286 286 286 286 285 285 285 285 287 287 287 287 286 286 286 286 288 288 288 288 289 289 289 289 290 290 290 290 289 289 289 289 291 291 291 291 290 290 290 290 292 292 292 292 293 293 293 293 294 294 294 294 293 293 293 293 295 295 295 295 294 294 294 294 296 296 296 296 297 297 297 297 298 298 298 298 296 296 296 296 298 298 298 298 299 299 299 299 298 298 298 298 300 300 300 300 301 301 301 301 298 298 298 298 301 301 301 301 299 299 299 299 302 302 302 302 303 303 303 303 304 304 304 304 303 303 303 303 305 305 305 305 304 304 304 304 306 306 306 306 307 307 307 307 308 308 308 308 306 306 306 306 308 308 308 308 309 309 309 309 307 307 307 307 310 310 310 310 311 311 311 311 307 307 307 307 311 311 311 311 308 308 308 308 308 308 308 308 311 311 311 311 312 312 312 312 308 308 308 308 312 312 312 312 313 313 313 313 308 308 308 308 313 313 313 313 309 309 309 309 309 309 309 309 313 313 313 313 314 314 314 314 310 310 310 310 315 315 315 315 316 316 316 316 310 310 310 310 316 316 316 316 311 311 311 311 311 311 311 311 316 316 316 316 317 317 317 317 311 311 311 311 317 317 317 317 312 312 312 312 312 312 312 312 318 318 318 318 319 319 319 319 312 312 312 312 319 319 319 319 313 313 313 313 312 312 312 312 317 317 317 317 320 320 320 320 312 312 312 312 320 320 320 320 318 318 318 318 313 313 313 313 319 319 319 319 321 321 321 321 313 313 313 313 321 321 321 321 314 314 314 314 318 318 318 318 322 322 322 322 323 323 323 323 318 318 318 318 323 323 323 323 319 319 319 319 318 318 318 318 320 320 320 320 322 322 322 322 319 319 319 319 323 323 323 323 324 324 324 324 319 319 319 319 324 324 324 324 321 321 321 321 320 320 320 320 325 325 325 325 322 322 322 322 322 322 322 322 326 326 326 326 327 327 327 327 322 322 322 322 327 327 327 327 323 323 323 323 322 322 322 322 325 325 325 325 326 326 326 326 323 323 323 323 327 327 327 327 328 328 328 328 323 323 323 323 328 328 328 328 324 324 324 324 325 325 325 325 329 329 329 329 326 326 326 326 326 326 326 326 330 330 330 330 331 331 331 331 326 326 326 326 331 331 331 331 327 327 327 327 326 326 326 326 329 329 329 329 330 330 330 330 327 327 327 327 331 331 331 331 332 332 332 332 327 327 327 327 332 332 332 332 328 328 328 328 329 329 329 329 333 333 333 333 330 330 330 330 330 330 330 330 334 334 334 334 335 335 335 335 330 330 330 330 335 335 335 335 331 331 331 331 330 330 330 330 333 333 333 333 334 334 334 334 331 331 331 331 335 335 335 335 336 336 336 336 331 331 331 331 336 336 336 336 332 332 332 332 333 333 333 333 337 337 337 337 334 334 334 334 334 334 334 334 338 338 338 338 339 339 339 339 334 334 334 334 339 339 339 339 335 335 335 335 334 334 334 334 337 337 337 337 338 338 338 338 335 335 335 335 339 339 339 339 340 340 340 340 335 335 335 335 340 340 340 340 336 336 336 336 337 337 337 337 341 341 341 341 338 338 338 338 338 338 338 338 342 342 342 342 343 343 343 343 338 338 338 338 343 343 343 343 339 339 339 339 338 338 338 338 341 341 341 341 342 342 342 342 339 339 339 339 343 343 343 343 344 344 344 344 339 339 339 339 344 344 344 344 340 340 340 340 341 341 341 341 345 345 345 345 342 342 342 342 342 342 342 342 346 346 346 346 347 347 347 347 342 342 342 342 347 347 347 347 343 343 343 343 342 342 342 342 345 345 345 345 346 346 346 346 343 343 343 343 347 347 347 347 348 348 348 348 343 343 343 343 348 348 348 348 344 344 344 344 345 345 345 345 349 349 349 349 346 346 346 346 346 346 346 346 350 350 350 350 351 351 351 351 346 346 346 346 351 351 351 351 347 347 347 347 346 346 346 346 349 349 349 349 350 350 350 350 347 347 347 347 351 351 351 351 352 352 352 352 347 347 347 347 352 352 352 352 348 348 348 348 349 349 349 349 353 353 353 353 350 350 350 350 350 350 350 350 354 354 354 354 355 355 355 355 350 350 350 350 355 355 355 355 351 351 351 351 350 350 350 350 353 353 353 353 356 356 356 356 350 350 350 350 356 356 356 356 354 354 354 354 351 351 351 351 355 355 355 355 357 357 357 357 351 351 351 351 357 357 357 357 352 352 352 352 354 354 354 354 358 358 358 358 359 359 359 359 354 354 354 354 359 359 359 359 355 355 355 355 354 354 354 354 356 356 356 356 358 358 358 358 355 355 355 355 359 359 359 359 360 360 360 360 355 355 355 355 360 360 360 360 357 357 357 357 356 356 356 356 361 361 361 361 358 358 358 358 358 358 358 358 362 362 362 362 363 363 363 363 358 358 358 358 363 363 363 363 359 359 359 359 358 358 358 358 361 361 361 361 362 362 362 362 359 359 359 359 363 363 363 363 364 364 364 364 359 359 359 359 364 364 364 364 360 360 360 360 361 361 361 361 365 365 365 365 362 362 362 362 362 362 362 362 366 366 366 366 363 363 363 363 362 362 362 362 365 365 365 365 367 367 367 367 362 362 362 362 367 367 367 367 366 366 366 366 363 363 363 363 366 366 366 366 368 368 368 368 363 363 363 363 368 368 368 368 364 364 364 364 364 364 364 364 368 368 368 368 369 369 369 369 366 366 366 366 370 370 370 370 371 371 371 371 366 366 366 366 371 371 371 371 368 368 368 368 366 366 366 366 367 367 367 367 370 370 370 370 367 367 367 367 372 372 372 372 370 370 370 370 368 368 368 368 371 371 371 371 373 373 373 373 368 368 368 368 373 373 373 373 369 369 369 369 370 370 370 370 374 374 374 374 375 375 375 375 370 370 370 370 375 375 375 375 371 371 371 371 370 370 370 370 372 372 372 372 374 374 374 374 371 371 371 371 375 375 375 375 376 376 376 376 371 371 371 371 376 376 376 376 373 373 373 373 372 372 372 372 377 377 377 377 374 374 374 374 374 374 374 374 378 378 378 378 379 379 379 379 374 374 374 374 379 379 379 379 375 375 375 375 374 374 374 374 377 377 377 377 378 378 378 378 375 375 375 375 379 379 379 379 380 380 380 380 375 375 375 375 380 380 380 380 376 376 376 376 377 377 377 377 381 381 381 381 378 378 378 378 382 382 382 382 383 383 383 383 384 384 384 384 383 383 383 383 385 385 385 385 386 386 386 386 383 383 383 383 387 387 387 387 385 385 385 385 383 383 383 383 386 386 386 386 384 384 384 384 384 384 384 384 388 388 388 388 389 389 389 389 384 384 384 384 386 386 386 386 388 388 388 388 385 385 385 385 390 390 390 390 386 386 386 386 386 386 386 386 390 390 390 390 388 388 388 388 388 388 388 388 391 391 391 391 392 392 392 392 388 388 388 388 390 390 390 390 391 391 391 391 388 388 388 388 392 392 392 392 389 389 389 389 389 389 389 389 392 392 392 392 393 393 393 393 394 394 394 394 395 395 395 395 396 396 396 396 394 394 394 394 396 396 396 396 397 397 397 397 395 395 395 395 397 397 397 397 396 396 396 396 398 398 398 398 399 399 399 399 400 400 400 400 399 399 399 399 401 401 401 401 400 400 400 400 402 402 402 402 403 403 403 403 404 404 404 404 403 403 403 403 405 405 405 405 404 404 404 404 406 406 406 406 407 407 407 407 408 408 408 408 407 407 407 407 409 409 409 409 408 408 408 408 410 410 410 410 411 411 411 411 412 412 412 412 410 410 410 410 412 412 412 412 413 413 413 413 412 412 412 412 414 414 414 414 413 413 413 413 413 413 413 413 414 414 414 414 415 415 415 415 416 416 416 416 417 417 417 417 418 418 418 418 417 417 417 417 419 419 419 419 418 418 418 418 420 420 420 420 421 421 421 421 422 422 422 422 421 421 421 421 423 423 423 423 424 424 424 424 421 421 421 421 425 425 425 425 423 423 423 423 421 421 421 421 424 424 424 424 422 422 422 422 422 422 422 422 426 426 426 426 427 427 427 427 422 422 422 422 424 424 424 424 426 426 426 426 423 423 423 423 428 428 428 428 424 424 424 424 424 424 424 424 428 428 428 428 426 426 426 426 426 426 426 426 429 429 429 429 430 430 430 430 426 426 426 426 428 428 428 428 429 429 429 429 426 426 426 426 430 430 430 430 427 427 427 427 427 427 427 427 430 430 430 430 431 431 431 431 432 432 432 432 433 433 433 433 434 434 434 434 432 432 432 432 434 434 434 434 435 435 435 435 433 433 433 433 435 435 435 435 434 434 434 434 436 436 436 436 437 437 437 437 438 438 438 438 437 437 437 437 439 439 439 439 438 438 438 438 440 440 440 440 441 441 441 441 442 442 442 442 441 441 441 441 443 443 443 443 442 442 442 442 444 444 444 444 445 445 445 445 446 446 446 446 445 445 445 445 447 447 447 447 446 446 446 446 448 448 448 448 449 449 449 449 450 450 450 450 448 448 448 448 450 450 450 450 451 451 451 451 450 450 450 450 452 452 452 452 453 453 453 453 450 450 450 450 453 453 453 453 451 451 451 451 454 454 454 454 455 455 455 455 456 456 456 456 455 455 455 455 457 457 457 457 456 456 456 456 458 458 458 458 459 459 459 459 460 460 460 460 459 459 459 459 461 461 461 461 462 462 462 462 459 459 459 459 463 463 463 463 461 461 461 461 459 459 459 459 462 462 462 462 460 460 460 460 460 460 460 460 464 464 464 464 465 465 465 465 460 460 460 460 462 462 462 462 464 464 464 464 461 461 461 461 466 466 466 466 462 462 462 462 462 462 462 462 466 466 466 466 464 464 464 464 464 464 464 464 467 467 467 467 468 468 468 468 464 464 464 464 466 466 466 466 467 467 467 467 464 464 464 464 468 468 468 468 465 465 465 465 465 465 465 465 468 468 468 468 469 469 469 469 470 470 470 470 471 471 471 471 472 472 472 472 470 470 470 470 472 472 472 472 473 473 473 473 471 471 471 471 473 473 473 473 472 472 472 472 474 474 474 474 475 475 475 475 476 476 476 476 475 475 475 475 477 477 477 477 476 476 476 476 478 478 478 478 479 479 479 479 480 480 480 480 479 479 479 479 481 481 481 481 480 480 480 480 482 482 482 482 483 483 483 483 484 484 484 484 483 483 483 483 485 485 485 485 484 484 484 484 486 486 486 486 487 487 487 487 488 488 488 488 486 486 486 486 488 488 488 488 489 489 489 489 488 488 488 488 490 490 490 490 489 489 489 489 489 489 489 489 490 490 490 490 491 491 491 491 492 492 492 492 493 493 493 493 494 494 494 494 493 493 493 493 495 495 495 495 494 494 494 494 496 496 496 496 497 497 497 497 498 498 498 498 497 497 497 497 499 499 499 499 500 500 500 500 497 497 497 497 501 501 501 501 499 499 499 499 497 497 497 497 500 500 500 500 498 498 498 498 498 498 498 498 502 502 502 502 503 503 503 503 498 498 498 498 500 500 500 500 502 502 502 502 499 499 499 499 504 504 504 504 500 500 500 500 500 500 500 500 504 504 504 504 502 502 502 502 502 502 502 502 505 505 505 505 506 506 506 506 502 502 502 502 504 504 504 504 505 505 505 505 502 502 502 502 506 506 506 506 503 503 503 503 503 503 503 503 506 506 506 506 507 507 507 507 508 508 508 508 509 509 509 509 510 510 510 510 508 508 508 508 510 510 510 510 511 511 511 511 509 509 509 509 511 511 511 511 510 510 510 510 512 512 512 512 513 513 513 513 514 514 514 514 513 513 513 513 515 515 515 515 514 514 514 514 516 516 516 516 517 517 517 517 518 518 518 518 517 517 517 517 519 519 519 519 518 518 518 518 520 520 520 520 521 521 521 521 522 522 522 522 521 521 521 521 523 523 523 523 522 522 522 522 524 524 524 524 525 525 525 525 526 526 526 526 524 524 524 524 526 526 526 526 527 527 527 527 526 526 526 526 528 528 528 528 527 527 527 527 527 527 527 527 528 528 528 528 529 529 529 529 530 530 530 530 531 531 531 531 532 532 532 532 531 531 531 531 533 533 533 533 532 532 532 532 534 534 534 534 535 535 535 535 536 536 536 536 535 535 535 535 537 537 537 537 538 538 538 538 535 535 535 535 539 539 539 539 537 537 537 537 535 535 535 535 538 538 538 538 536 536 536 536 536 536 536 536 540 540 540 540 541 541 541 541 536 536 536 536 538 538 538 538 540 540 540 540 537 537 537 537 542 542 542 542 538 538 538 538 538 538 538 538 542 542 542 542 540 540 540 540 540 540 540 540 543 543 543 543 544 544 544 544 540 540 540 540 542 542 542 542 543 543 543 543 540 540 540 540 544 544 544 544 541 541 541 541 541 541 541 541 544 544 544 544 545 545 545 545 546 546 546 546 547 547 547 547 548 548 548 548 546 546 546 546 548 548 548 548 549 549 549 549 547 547 547 547 549 549 549 549 548 548 548 548 550 550 550 550 551 551 551 551 552 552 552 552 551 551 551 551 553 553 553 553 552 552 552 552 554 554 554 554 555 555 555 555 556 556 556 556 555 555 555 555 557 557 557 557 556 556 556 556 558 558 558 558 559 559 559 559 560 560 560 560 559 559 559 559 561 561 561 561 560 560 560 560 562 562 562 562 563 563 563 563 564 564 564 564 562 562 562 562 564 564 564 564 565 565 565 565 564 564 564 564 566 566 566 566 565 565 565 565 565 565 565 565 566 566 566 566 567 567 567 567 568 568 568 568 569 569 569 569 570 570 570 570 569 569 569 569 571 571 571 571 570 570 570 570 572 572 572 572 573 573 573 573 574 574 574 574 573 573 573 573 575 575 575 575 576 576 576 576 573 573 573 573 577 577 577 577 575 575 575 575 573 573 573 573 576 576 576 576 574 574 574 574 574 574 574 574 578 578 578 578 579 579 579 579 574 574 574 574 576 576 576 576 578 578 578 578 575 575 575 575 580 580 580 580 576 576 576 576 576 576 576 576 580 580 580 580 578 578 578 578 578 578 578 578 581 581 581 581 582 582 582 582 578 578 578 578 580 580 580 580 581 581 581 581 578 578 578 578 582 582 582 582 579 579 579 579 579 579 579 579 582 582 582 582 583 583 583 583 584 584 584 584 585 585 585 585 586 586 586 586 584 584 584 584 586 586 586 586 587 587 587 587 585 585 585 585 587 587 587 587 586 586 586 586 588 588 588 588 589 589 589 589 590 590 590 590 589 589 589 589 591 591 591 591 590 590 590 590 592 592 592 592 593 593 593 593 594 594 594 594 593 593 593 593 595 595 595 595 594 594 594 594 596 596 596 596 597 597 597 597 598 598 598 598 597 597 597 597 599 599 599 599 598 598 598 598 600 600 600 600 601 601 601 601 602 602 602 602 600 600 600 600 602 602 602 602 603 603 603 603 602 602 602 602 604 604 604 604 605 605 605 605 602 602 602 602 605 605 605 605 603 603 603 603 606 606 606 606 607 607 607 607 608 608 608 608 607 607 607 607 609 609 609 609 608 608 608 608 610 610 610 610 611 611 611 611 612 612 612 612 611 611 611 611 613 613 613 613 614 614 614 614 611 611 611 611 615 615 615 615 613 613 613 613 611 611 611 611 614 614 614 614 612 612 612 612 612 612 612 612 616 616 616 616 617 617 617 617 612 612 612 612 614 614 614 614 616 616 616 616 613 613 613 613 618 618 618 618 614 614 614 614 614 614 614 614 618 618 618 618 616 616 616 616 616 616 616 616 619 619 619 619 620 620 620 620 616 616 616 616 618 618 618 618 619 619 619 619 616 616 616 616 620 620 620 620 617 617 617 617 617 617 617 617 620 620 620 620 621 621 621 621 622 622 622 622 623 623 623 623 624 624 624 624 622 622 622 622 624 624 624 624 625 625 625 625 623 623 623 623 625 625 625 625 624 624 624 624 626 626 626 626 627 627 627 627 628 628 628 628 627 627 627 627 629 629 629 629 628 628 628 628 630 630 630 630 631 631 631 631 632 632 632 632 631 631 631 631 633 633 633 633 632 632 632 632 634 634 634 634 635 635 635 635 636 636 636 636 635 635 635 635 637 637 637 637 636 636 636 636 638 638 638 638 639 639 639 639 640 640 640 640 638 638 638 638 640 640 640 640 641 641 641 641 640 640 640 640 642 642 642 642 641 641 641 641 641 641 641 641 642 642 642 642 643 643 643 643 644 644 644 644 645 645 645 645 646 646 646 646 645 645 645 645 647 647 647 647 646 646 646 646 648 648 648 648 649 649 649 649 650 650 650 650 649 649 649 649 651 651 651 651 652 652 652 652 649 649 649 649 653 653 653 653 651 651 651 651 649 649 649 649 652 652 652 652 650 650 650 650 650 650 650 650 654 654 654 654 655 655 655 655 650 650 650 650 652 652 652 652 654 654 654 654 651 651 651 651 656 656 656 656 652 652 652 652 652 652 652 652 656 656 656 656 654 654 654 654 654 654 654 654 657 657 657 657 658 658 658 658 654 654 654 654 656 656 656 656 657 657 657 657 654 654 654 654 658 658 658 658 655 655 655 655 655 655 655 655 658 658 658 658 659 659 659 659 660 660 660 660 661 661 661 661 662 662 662 662 660 660 660 660 662 662 662 662 663 663 663 663 661 661 661 661 663 663 663 663 662 662 662 662 664 664 664 664 665 665 665 665 666 666 666 666 665 665 665 665 667 667 667 667 666 666 666 666 668 668 668 668 669 669 669 669 670 670 670 670 669 669 669 669 671 671 671 671 670 670 670 670 672 672 672 672 673 673 673 673 674 674 674 674 673 673 673 673 675 675 675 675 674 674 674 674 676 676 676 676 677 677 677 677 678 678 678 678 677 677 677 677 679 679 679 679 678 678 678 678 678 678 678 678 679 679 679 679 680 680 680 680 678 678 678 678 680 680 680 680 681 681 681 681 682 682 682 682 683 683 683 683 684 684 684 684 683 683 683 683 685 685 685 685 684 684 684 684 686 686 686 686 687 687 687 687 688 688 688 688 687 687 687 687 689 689 689 689 690 690 690 690 687 687 687 687 691 691 691 691 689 689 689 689 687 687 687 687 690 690 690 690 688 688 688 688 688 688 688 688 692 692 692 692 693 693 693 693 688 688 688 688 690 690 690 690 692 692 692 692 689 689 689 689 694 694 694 694 690 690 690 690 690 690 690 690 694 694 694 694 692 692 692 692 692 692 692 692 695 695 695 695 696 696 696 696 692 692 692 692 694 694 694 694 695 695 695 695 692 692 692 692 696 696 696 696 693 693 693 693 693 693 693 693 696 696 696 696 697 697 697 697 698 698 698 698 699 699 699 699 700 700 700 700 698 698 698 698 700 700 700 700 701 701 701 701 699 699 699 699 701 701 701 701 700 700 700 700 702 702 702 702 703 703 703 703 704 704 704 704 703 703 703 703 705 705 705 705 704 704 704 704 706 706 706 706 707 707 707 707 708 708 708 708 707 707 707 707 709 709 709 709 708 708 708 708 710 710 710 710 711 711 711 711 712 712 712 712 711 711 711 711 713 713 713 713 712 712 712 712 714 714 714 714 715 715 715 715 716 716 716 716 715 715 715 715 717 717 717 717 716 716 716 716 716 716 716 716 717 717 717 717 718 718 718 718 716 716 716 716 718 718 718 718 719 719 719 719 720 720 720 720 721 721 721 721 722 722 722 722 721 721 721 721 723 723 723 723 722 722 722 722 724 724 724 724 725 725 725 725 726 726 726 726 725 725 725 725 727 727 727 727 728 728 728 728 725 725 725 725 729 729 729 729 727 727 727 727 725 725 725 725 728 728 728 728 726 726 726 726 726 726 726 726 730 730 730 730 731 731 731 731 726 726 726 726 728 728 728 728 730 730 730 730 727 727 727 727 732 732 732 732 728 728 728 728 728 728 728 728 732 732 732 732 730 730 730 730 730 730 730 730 733 733 733 733 734 734 734 734 730 730 730 730 732 732 732 732 733 733 733 733 730 730 730 730 734 734 734 734 731 731 731 731 731 731 731 731 734 734 734 734 735 735 735 735 736 736 736 736 737 737 737 737 738 738 738 738 736 736 736 736 738 738 738 738 739 739 739 739 737 737 737 737 739 739 739 739 738 738 738 738 740 740 740 740 741 741 741 741 742 742 742 742 741 741 741 741 743 743 743 743 742 742 742 742 744 744 744 744 745 745 745 745 746 746 746 746 745 745 745 745 747 747 747 747 746 746 746 746 748 748 748 748 749 749 749 749 750 750 750 750 749 749 749 749 751 751 751 751 750 750 750 750 752 752 752 752 753 753 753 753 754 754 754 754 752 752 752 752 754 754 754 754 755 755 755 755 754 754 754 754 756 756 756 756 755 755 755 755 755 755 755 755 756 756 756 756 757 757 757 757 758 758 758 758 759 759 759 759 760 760 760 760 759 759 759 759 761 761 761 761 760 760 760 760 762 762 762 762 763 763 763 763 764 764 764 764 762 762 762 762 764 764 764 764 765 765 765 765 763 763 763 763 766 766 766 766 767 767 767 767 763 763 763 763 767 767 767 767 764 764 764 764 764 764 764 764 767 767 767 767 768 768 768 768 764 764 764 764 768 768 768 768 769 769 769 769 764 764 764 764 769 769 769 769 765 765 765 765 765 765 765 765 769 769 769 769 770 770 770 770 766 766 766 766 771 771 771 771 772 772 772 772 766 766 766 766 772 772 772 772 767 767 767 767 767 767 767 767 772 772 772 772 773 773 773 773 767 767 767 767 773 773 773 773 768 768 768 768 768 768 768 768 773 773 773 773 774 774 774 774 768 768 768 768 774 774 774 774 775 775 775 775 768 768 768 768 775 775 775 775 769 769 769 769 769 769 769 769 775 775 775 775 776 776 776 776 769 769 769 769 776 776 776 776 770 770 770 770 770 770 770 770 776 776 776 776 777 777 777 777 771 771 771 771 778 778 778 778 779 779 779 779 771 771 771 771 779 779 779 779 772 772 772 772 772 772 772 772 779 779 779 779 780 780 780 780 772 772 772 772 780 780 780 780 773 773 773 773 773 773 773 773 780 780 780 780 781 781 781 781 773 773 773 773 781 781 781 781 774 774 774 774 778 778 778 778 782 782 782 782 783 783 783 783 778 778 778 778 783 783 783 783 779 779 779 779 779 779 779 779 783 783 783 783 784 784 784 784 779 779 779 779 784 784 784 784 780 780 780 780 780 780 780 780 784 784 784 784 785 785 785 785 780 780 780 780 785 785 785 785 781 781 781 781 782 782 782 782 786 786 786 786 787 787 787 787 782 782 782 782 787 787 787 787 783 783 783 783 783 783 783 783 787 787 787 787 788 788 788 788 783 783 783 783 788 788 788 788 784 784 784 784 784 784 784 784 788 788 788 788 789 789 789 789 784 784 784 784 789 789 789 789 785 785 785 785 786 786 786 786 790 790 790 790 791 791 791 791 786 786 786 786 791 791 791 791 787 787 787 787 787 787 787 787 791 791 791 791 792 792 792 792 787 787 787 787 792 792 792 792 788 788 788 788 788 788 788 788 792 792 792 792 793 793 793 793 788 788 788 788 793 793 793 793 789 789 789 789 790 790 790 790 794 794 794 794 795 795 795 795 790 790 790 790 795 795 795 795 791 791 791 791 791 791 791 791 795 795 795 795 796 796 796 796 791 791 791 791 796 796 796 796 792 792 792 792 792 792 792 792 796 796 796 796 797 797 797 797 792 792 792 792 797 797 797 797 793 793 793 793 794 794 794 794 798 798 798 798 799 799 799 799 794 794 794 794 799 799 799 799 795 795 795 795 795 795 795 795 799 799 799 799 800 800 800 800 795 795 795 795 800 800 800 800 796 796 796 796 796 796 796 796 800 800 800 800 801 801 801 801 796 796 796 796 801 801 801 801 797 797 797 797 798 798 798 798 802 802 802 802 803 803 803 803 798 798 798 798 803 803 803 803 799 799 799 799 799 799 799 799 803 803 803 803 804 804 804 804 799 799 799 799 804 804 804 804 800 800 800 800 800 800 800 800 804 804 804 804 805 805 805 805 800 800 800 800 805 805 805 805 801 801 801 801 802 802 802 802 806 806 806 806 807 807 807 807 802 802 802 802 807 807 807 807 803 803 803 803 803 803 803 803 807 807 807 807 808 808 808 808 803 803 803 803 808 808 808 808 804 804 804 804 804 804 804 804 808 808 808 808 809 809 809 809 804 804 804 804 809 809 809 809 805 805 805 805 806 806 806 806 810 810 810 810 811 811 811 811 806 806 806 806 811 811 811 811 807 807 807 807 807 807 807 807 811 811 811 811 812 812 812 812 807 807 807 807 812 812 812 812 808 808 808 808 808 808 808 808 812 812 812 812 813 813 813 813 808 808 808 808 813 813 813 813 809 809 809 809 810 810 810 810 814 814 814 814 815 815 815 815 810 810 810 810 815 815 815 815 811 811 811 811 811 811 811 811 815 815 815 815 816 816 816 816 811 811 811 811 816 816 816 816 812 812 812 812 812 812 812 812 816 816 816 816 817 817 817 817 812 812 812 812 817 817 817 817 813 813 813 813 814 814 814 814 818 818 818 818 819 819 819 819 814 814 814 814 819 819 819 819 815 815 815 815 815 815 815 815 819 819 819 819 820 820 820 820 815 815 815 815 820 820 820 820 816 816 816 816 816 816 816 816 820 820 820 820 821 821 821 821 816 816 816 816 821 821 821 821 817 817 817 817 818 818 818 818 822 822 822 822 819 819 819 819 819 819 819 819 823 823 823 823 824 824 824 824 819 819 819 819 824 824 824 824 820 820 820 820 819 819 819 819 822 822 822 822 823 823 823 823 820 820 820 820 824 824 824 824 825 825 825 825 820 820 820 820 825 825 825 825 821 821 821 821 822 822 822 822 826 826 826 826 827 827 827 827 822 822 822 822 827 827 827 827 823 823 823 823 823 823 823 823 827 827 827 827 828 828 828 828 823 823 823 823 828 828 828 828 824 824 824 824 824 824 824 824 828 828 828 828 829 829 829 829 824 824 824 824 829 829 829 829 825 825 825 825 826 826 826 826 830 830 830 830 831 831 831 831 826 826 826 826 831 831 831 831 827 827 827 827 827 827 827 827 831 831 831 831 832 832 832 832 827 827 827 827 832 832 832 832 828 828 828 828 828 828 828 828 832 832 832 832 833 833 833 833 828 828 828 828 833 833 833 833 829 829 829 829 830 830 830 830 834 834 834 834 835 835 835 835 830 830 830 830 835 835 835 835 831 831 831 831 831 831 831 831 835 835 835 835 836 836 836 836 831 831 831 831 836 836 836 836 832 832 832 832 832 832 832 832 836 836 836 836 837 837 837 837 832 832 832 832 837 837 837 837 833 833 833 833 834 834 834 834 838 838 838 838 839 839 839 839 834 834 834 834 839 839 839 839 835 835 835 835 835 835 835 835 839 839 839 839 840 840 840 840 835 835 835 835 840 840 840 840 836 836 836 836 836 836 836 836 840 840 840 840 841 841 841 841 836 836 836 836 841 841 841 841 837 837 837 837 838 838 838 838 842 842 842 842 843 843 843 843 838 838 838 838 843 843 843 843 839 839 839 839 839 839 839 839 843 843 843 843 844 844 844 844 839 839 839 839 844 844 844 844 840 840 840 840 840 840 840 840 844 844 844 844 845 845 845 845 840 840 840 840 845 845 845 845 841 841 841 841 842 842 842 842 846 846 846 846 847 847 847 847 842 842 842 842 847 847 847 847 843 843 843 843 843 843 843 843 847 847 847 847 848 848 848 848 843 843 843 843 848 848 848 848 844 844 844 844 844 844 844 844 848 848 848 848 849 849 849 849 844 844 844 844 849 849 849 849 845 845 845 845 850 850 850 850 851 851 851 851 852 852 852 852 850 850 850 850 852 852 852 852 853 853 853 853 851 851 851 851 854 854 854 854 855 855 855 855 851 851 851 851 855 855 855 855 852 852 852 852 852 852 852 852 855 855 855 855 856 856 856 856 852 852 852 852 856 856 856 856 857 857 857 857 852 852 852 852 857 857 857 857 853 853 853 853 853 853 853 853 857 857 857 857 858 858 858 858 854 854 854 854 859 859 859 859 860 860 860 860 854 854 854 854 860 860 860 860 855 855 855 855 855 855 855 855 860 860 860 860 861 861 861 861 855 855 855 855 861 861 861 861 856 856 856 856 856 856 856 856 861 861 861 861 862 862 862 862 856 856 856 856 862 862 862 862 863 863 863 863 856 856 856 856 863 863 863 863 857 857 857 857 857 857 857 857 863 863 863 863 864 864 864 864 857 857 857 857 864 864 864 864 858 858 858 858 858 858 858 858 864 864 864 864 865 865 865 865 859 859 859 859 866 866 866 866 867 867 867 867 859 859 859 859 867 867 867 867 860 860 860 860 860 860 860 860 867 867 867 867 868 868 868 868 860 860 860 860 868 868 868 868 861 861 861 861 861 861 861 861 868 868 868 868 869 869 869 869 861 861 861 861 869 869 869 869 862 862 862 862 866 866 866 866 870 870 870 870 871 871 871 871 866 866 866 866 871 871 871 871 867 867 867 867 867 867 867 867 871 871 871 871 872 872 872 872 867 867 867 867 872 872 872 872 868 868 868 868 868 868 868 868 872 872 872 872 873 873 873 873 868 868 868 868 873 873 873 873 869 869 869 869 870 870 870 870 874 874 874 874 875 875 875 875 870 870 870 870 875 875 875 875 871 871 871 871 871 871 871 871 875 875 875 875 876 876 876 876 871 871 871 871 876 876 876 876 872 872 872 872 872 872 872 872 876 876 876 876 877 877 877 877 872 872 872 872 877 877 877 877 873 873 873 873 874 874 874 874 878 878 878 878 879 879 879 879 874 874 874 874 879 879 879 879 875 875 875 875 875 875 875 875 879 879 879 879 880 880 880 880 875 875 875 875 880 880 880 880 876 876 876 876 876 876 876 876 880 880 880 880 881 881 881 881 876 876 876 876 881 881 881 881 877 877 877 877 878 878 878 878 882 882 882 882 883 883 883 883 878 878 878 878 883 883 883 883 879 879 879 879 879 879 879 879 883 883 883 883 884 884 884 884 879 879 879 879 884 884 884 884 880 880 880 880 880 880 880 880 884 884 884 884 885 885 885 885 880 880 880 880 885 885 885 885 881 881 881 881 882 882 882 882 886 886 886 886 887 887 887 887 882 882 882 882 887 887 887 887 883 883 883 883 883 883 883 883 887 887 887 887 888 888 888 888 883 883 883 883 888 888 888 888 884 884 884 884 884 884 884 884 888 888 888 888 889 889 889 889 884 884 884 884 889 889 889 889 885 885 885 885 886 886 886 886 890 890 890 890 891 891 891 891 886 886 886 886 891 891 891 891 887 887 887 887 887 887 887 887 891 891 891 891 892 892 892 892 887 887 887 887 892 892 892 892 888 888 888 888 888 888 888 888 892 892 892 892 893 893 893 893 888 888 888 888 893 893 893 893 889 889 889 889 890 890 890 890 894 894 894 894 895 895 895 895 890 890 890 890 895 895 895 895 891 891 891 891 891 891 891 891 895 895 895 895 896 896 896 896 891 891 891 891 896 896 896 896 892 892 892 892 892 892 892 892 896 896 896 896 897 897 897 897 892 892 892 892 897 897 897 897 893 893 893 893 894 894 894 894 898 898 898 898 899 899 899 899 894 894 894 894 899 899 899 899 895 895 895 895 895 895 895 895 899 899 899 899 900 900 900 900 895 895 895 895 900 900 900 900 896 896 896 896 896 896 896 896 900 900 900 900 901 901 901 901 896 896 896 896 901 901 901 901 897 897 897 897 898 898 898 898 902 902 902 902 903 903 903 903 898 898 898 898 903 903 903 903 899 899 899 899 899 899 899 899 903 903 903 903 904 904 904 904 899 899 899 899 904 904 904 904 900 900 900 900 900 900 900 900 904 904 904 904 905 905 905 905 900 900 900 900 905 905 905 905 901 901 901 901 902 902 902 902 906 906 906 906 907 907 907 907 902 902 902 902 907 907 907 907 903 903 903 903 903 903 903 903 907 907 907 907 908 908 908 908 903 903 903 903 908 908 908 908 904 904 904 904 904 904 904 904 908 908 908 908 909 909 909 909 904 904 904 904 909 909 909 909 905 905 905 905 906 906 906 906 910 910 910 910 907 907 907 907 907 907 907 907 911 911 911 911 912 912 912 912 907 907 907 907 912 912 912 912 908 908 908 908 907 907 907 907 910 910 910 910 911 911 911 911 908 908 908 908 912 912 912 912 913 913 913 913 908 908 908 908 913 913 913 913 909 909 909 909 910 910 910 910 914 914 914 914 915 915 915 915 910 910 910 910 915 915 915 915 911 911 911 911 911 911 911 911 915 915 915 915 916 916 916 916 911 911 911 911 916 916 916 916 912 912 912 912 912 912 912 912 916 916 916 916 917 917 917 917 912 912 912 912 917 917 917 917 913 913 913 913 914 914 914 914 918 918 918 918 919 919 919 919 914 914 914 914 919 919 919 919 915 915 915 915 915 915 915 915 919 919 919 919 920 920 920 920 915 915 915 915 920 920 920 920 916 916 916 916 916 916 916 916 920 920 920 920 921 921 921 921 916 916 916 916 921 921 921 921 917 917 917 917 918 918 918 918 922 922 922 922 923 923 923 923 918 918 918 918 923 923 923 923 919 919 919 919 919 919 919 919 923 923 923 923 924 924 924 924 919 919 919 919 924 924 924 924 920 920 920 920 920 920 920 920 924 924 924 924 925 925 925 925 920 920 920 920 925 925 925 925 921 921 921 921 922 922 922 922 926 926 926 926 927 927 927 927 922 922 922 922 927 927 927 927 923 923 923 923 923 923 923 923 927 927 927 927 928 928 928 928 923 923 923 923 928 928 928 928 924 924 924 924 924 924 924 924 928 928 928 928 929 929 929 929 924 924 924 924 929 929 929 929 925 925 925 925 926 926 926 926 930 930 930 930 931 931 931 931 926 926 926 926 931 931 931 931 927 927 927 927 927 927 927 927 931 931 931 931 932 932 932 932 927 927 927 927 932 932 932 932 928 928 928 928 928 928 928 928 932 932 932 932 933 933 933 933 928 928 928 928 933 933 933 933 929 929 929 929 930 930 930 930 934 934 934 934 935 935 935 935 930 930 930 930 935 935 935 935 931 931 931 931 931 931 931 931 935 935 935 935 936 936 936 936 931 931 931 931 936 936 936 936 932 932 932 932 932 932 932 932 936 936 936 936 937 937 937 937 932 932 932 932 937 937 937 937 933 933 933 933 938 938 938 938 939 939 939 939 940 940 940 940 939 939 939 939 941 941 941 941 942 942 942 942 939 939 939 939 943 943 943 943 941 941 941 941 939 939 939 939 942 942 942 942 940 940 940 940 940 940 940 940 944 944 944 944 945 945 945 945 940 940 940 940 942 942 942 942 944 944 944 944 941 941 941 941 946 946 946 946 942 942 942 942 942 942 942 942 946 946 946 946 944 944 944 944 944 944 944 944 947 947 947 947 948 948 948 948 944 944 944 944 946 946 946 946 947 947 947 947 944 944 944 944 948 948 948 948 945 945 945 945 945 945 945 945 948 948 948 948 949 949 949 949 950 950 950 950 951 951 951 951 952 952 952 952 950 950 950 950 952 952 952 952 953 953 953 953 951 951 951 951 953 953 953 953 952 952 952 952 954 954 954 954 955 955 955 955 956 956 956 956 955 955 955 955 957 957 957 957 956 956 956 956 958 958 958 958 959 959 959 959 960 960 960 960 959 959 959 959 961 961 961 961 960 960 960 960 962 962 962 962 963 963 963 963 964 964 964 964 963 963 963 963 965 965 965 965 964 964 964 964 966 966 966 966 967 967 967 967 968 968 968 968 967 967 967 967 969 969 969 969 968 968 968 968 968 968 968 968 969 969 969 969 970 970 970 970 968 968 968 968 970 970 970 970 971 971 971 971 972 972 972 972 973 973 973 973 974 974 974 974 973 973 973 973 975 975 975 975 974 974 974 974 976 976 976 976 977 977 977 977 978 978 978 978 977 977 977 977 979 979 979 979 980 980 980 980 977 977 977 977 981 981 981 981 979 979 979 979 977 977 977 977 980 980 980 980 978 978 978 978 978 978 978 978 982 982 982 982 983 983 983 983 978 978 978 978 980 980 980 980 982 982 982 982 979 979 979 979 984 984 984 984 980 980 980 980 980 980 980 980 984 984 984 984 982 982 982 982 982 982 982 982 985 985 985 985 986 986 986 986 982 982 982 982 984 984 984 984 985 985 985 985 982 982 982 982 986 986 986 986 983 983 983 983 983 983 983 983 986 986 986 986 987 987 987 987 988 988 988 988 989 989 989 989 990 990 990 990 988 988 988 988 990 990 990 990 991 991 991 991 989 989 989 989 991 991 991 991 990 990 990 990 992 992 992 992 993 993 993 993 994 994 994 994 993 993 993 993 995 995 995 995 994 994 994 994 996 996 996 996 997 997 997 997 998 998 998 998 997 997 997 997 999 999 999 999 998 998 998 998 1000 1000 1000 1000 1001 1001 1001 1001 1002 1002 1002 1002 1001 1001 1001 1001 1003 1003 1003 1003 1002 1002 1002 1002 1004 1004 1004 1004 1005 1005 1005 1005 1006 1006 1006 1006 1004 1004 1004 1004 1006 1006 1006 1006 1007 1007 1007 1007 1006 1006 1006 1006 1008 1008 1008 1008 1009 1009 1009 1009 1006 1006 1006 1006 1009 1009 1009 1009 1007 1007 1007 1007 1010 1010 1010 1010 1011 1011 1011 1011 1012 1012 1012 1012 1011 1011 1011 1011 1013 1013 1013 1013 1012 1012 1012 1012 1014 1014 1014 1014 1015 1015 1015 1015 1016 1016 1016 1016 1015 1015 1015 1015 1017 1017 1017 1017 1018 1018 1018 1018 1015 1015 1015 1015 1019 1019 1019 1019 1017 1017 1017 1017 1015 1015 1015 1015 1018 1018 1018 1018 1016 1016 1016 1016 1016 1016 1016 1016 1020 1020 1020 1020 1021 1021 1021 1021 1016 1016 1016 1016 1018 1018 1018 1018 1020 1020 1020 1020 1017 1017 1017 1017 1022 1022 1022 1022 1018 1018 1018 1018 1018 1018 1018 1018 1022 1022 1022 1022 1020 1020 1020 1020 1020 1020 1020 1020 1023 1023 1023 1023 1024 1024 1024 1024 1020 1020 1020 1020 1022 1022 1022 1022 1023 1023 1023 1023 1020 1020 1020 1020 1024 1024 1024 1024 1021 1021 1021 1021 1021 1021 1021 1021 1024 1024 1024 1024 1025 1025 1025 1025 1026 1026 1026 1026 1027 1027 1027 1027 1028 1028 1028 1028 1026 1026 1026 1026 1028 1028 1028 1028 1029 1029 1029 1029 1027 1027 1027 1027 1029 1029 1029 1029 1028 1028 1028 1028 1030 1030 1030 1030 1031 1031 1031 1031 1032 1032 1032 1032 1031 1031 1031 1031 1033 1033 1033 1033 1032 1032 1032 1032 1034 1034 1034 1034 1035 1035 1035 1035 1036 1036 1036 1036 1035 1035 1035 1035 1037 1037 1037 1037 1036 1036 1036 1036 1038 1038 1038 1038 1039 1039 1039 1039 1040 1040 1040 1040 1039 1039 1039 1039 1041 1041 1041 1041 1040 1040 1040 1040 1042 1042 1042 1042 1043 1043 1043 1043 1044 1044 1044 1044 1042 1042 1042 1042 1044 1044 1044 1044 1045 1045 1045 1045 1044 1044 1044 1044 1046 1046 1046 1046 1047 1047 1047 1047 1044 1044 1044 1044 1047 1047 1047 1047 1045 1045 1045 1045 1048 1048 1048 1048 1049 1049 1049 1049 1050 1050 1050 1050 1049 1049 1049 1049 1051 1051 1051 1051 1050 1050 1050 1050 1052 1052 1052 1052 1053 1053 1053 1053 1054 1054 1054 1054 1053 1053 1053 1053 1055 1055 1055 1055 1056 1056 1056 1056 1053 1053 1053 1053 1057 1057 1057 1057 1055 1055 1055 1055 1053 1053 1053 1053 1056 1056 1056 1056 1054 1054 1054 1054 1054 1054 1054 1054 1058 1058 1058 1058 1059 1059 1059 1059 1054 1054 1054 1054 1056 1056 1056 1056 1058 1058 1058 1058 1055 1055 1055 1055 1060 1060 1060 1060 1056 1056 1056 1056 1056 1056 1056 1056 1060 1060 1060 1060 1058 1058 1058 1058 1058 1058 1058 1058 1061 1061 1061 1061 1062 1062 1062 1062 1058 1058 1058 1058 1060 1060 1060 1060 1061 1061 1061 1061 1058 1058 1058 1058 1062 1062 1062 1062 1059 1059 1059 1059 1059 1059 1059 1059 1062 1062 1062 1062 1063 1063 1063 1063 1064 1064 1064 1064 1065 1065 1065 1065 1066 1066 1066 1066 1064 1064 1064 1064 1066 1066 1066 1066 1067 1067 1067 1067 1065 1065 1065 1065 1067 1067 1067 1067 1066 1066 1066 1066 1068 1068 1068 1068 1069 1069 1069 1069 1070 1070 1070 1070 1069 1069 1069 1069 1071 1071 1071 1071 1070 1070 1070 1070 1072 1072 1072 1072 1073 1073 1073 1073 1074 1074 1074 1074 1073 1073 1073 1073 1075 1075 1075 1075 1074 1074 1074 1074 1076 1076 1076 1076 1077 1077 1077 1077 1078 1078 1078 1078 1077 1077 1077 1077 1079 1079 1079 1079 1078 1078 1078 1078 1080 1080 1080 1080 1081 1081 1081 1081 1082 1082 1082 1082 1080 1080 1080 1080 1082 1082 1082 1082 1083 1083 1083 1083 1082 1082 1082 1082 1084 1084 1084 1084 1083 1083 1083 1083 1083 1083 1083 1083 1084 1084 1084 1084 1085 1085 1085 1085 1086 1086 1086 1086 1087 1087 1087 1087 1088 1088 1088 1088 1087 1087 1087 1087 1089 1089 1089 1089 1088 1088 1088 1088 1090 1090 1090 1090 1091 1091 1091 1091 1092 1092 1092 1092 1091 1091 1091 1091 1093 1093 1093 1093 1094 1094 1094 1094 1091 1091 1091 1091 1095 1095 1095 1095 1093 1093 1093 1093 1091 1091 1091 1091 1094 1094 1094 1094 1092 1092 1092 1092 1092 1092 1092 1092 1096 1096 1096 1096 1097 1097 1097 1097 1092 1092 1092 1092 1094 1094 1094 1094 1096 1096 1096 1096 1093 1093 1093 1093 1098 1098 1098 1098 1094 1094 1094 1094 1094 1094 1094 1094 1098 1098 1098 1098 1096 1096 1096 1096 1096 1096 1096 1096 1099 1099 1099 1099 1100 1100 1100 1100 1096 1096 1096 1096 1098 1098 1098 1098 1099 1099 1099 1099 1096 1096 1096 1096 1100 1100 1100 1100 1097 1097 1097 1097 1097 1097 1097 1097 1100 1100 1100 1100 1101 1101 1101 1101 1102 1102 1102 1102 1103 1103 1103 1103 1104 1104 1104 1104 1102 1102 1102 1102 1104 1104 1104 1104 1105 1105 1105 1105 1103 1103 1103 1103 1105 1105 1105 1105 1104 1104 1104 1104 1106 1106 1106 1106 1107 1107 1107 1107 1108 1108 1108 1108 1107 1107 1107 1107 1109 1109 1109 1109 1108 1108 1108 1108 1110 1110 1110 1110 1111 1111 1111 1111 1112 1112 1112 1112 1111 1111 1111 1111 1113 1113 1113 1113 1112 1112 1112 1112 1114 1114 1114 1114 1115 1115 1115 1115 1116 1116 1116 1116 1115 1115 1115 1115 1117 1117 1117 1117 1116 1116 1116 1116 1118 1118 1118 1118 1119 1119 1119 1119 1120 1120 1120 1120 1118 1118 1118 1118 1120 1120 1120 1120 1121 1121 1121 1121 1120 1120 1120 1120 1122 1122 1122 1122 1123 1123 1123 1123 1120 1120 1120 1120 1123 1123 1123 1123 1121 1121 1121 1121 1124 1124 1124 1124 1125 1125 1125 1125 1126 1126 1126 1126 1125 1125 1125 1125 1127 1127 1127 1127 1126 1126 1126 1126 1128 1128 1128 1128 1129 1129 1129 1129 1130 1130 1130 1130 1129 1129 1129 1129 1131 1131 1131 1131 1132 1132 1132 1132 1129 1129 1129 1129 1133 1133 1133 1133 1131 1131 1131 1131 1129 1129 1129 1129 1132 1132 1132 1132 1130 1130 1130 1130 1130 1130 1130 1130 1134 1134 1134 1134 1135 1135 1135 1135 1130 1130 1130 1130 1132 1132 1132 1132 1134 1134 1134 1134 1131 1131 1131 1131 1136 1136 1136 1136 1132 1132 1132 1132 1132 1132 1132 1132 1136 1136 1136 1136 1134 1134 1134 1134 1134 1134 1134 1134 1137 1137 1137 1137 1138 1138 1138 1138 1134 1134 1134 1134 1136 1136 1136 1136 1137 1137 1137 1137 1134 1134 1134 1134 1138 1138 1138 1138 1135 1135 1135 1135 1135 1135 1135 1135 1138 1138 1138 1138 1139 1139 1139 1139 1140 1140 1140 1140 1141 1141 1141 1141 1142 1142 1142 1142 1140 1140 1140 1140 1142 1142 1142 1142 1143 1143 1143 1143 1141 1141 1141 1141 1143 1143 1143 1143 1142 1142 1142 1142 1144 1144 1144 1144 1145 1145 1145 1145 1146 1146 1146 1146 1145 1145 1145 1145 1147 1147 1147 1147 1146 1146 1146 1146 1148 1148 1148 1148 1149 1149 1149 1149 1150 1150 1150 1150 1149 1149 1149 1149 1151 1151 1151 1151 1150 1150 1150 1150 1152 1152 1152 1152 1153 1153 1153 1153 1154 1154 1154 1154 1153 1153 1153 1153 1155 1155 1155 1155 1154 1154 1154 1154 1156 1156 1156 1156 1157 1157 1157 1157 1158 1158 1158 1158 1156 1156 1156 1156 1158 1158 1158 1158 1159 1159 1159 1159 1158 1158 1158 1158 1160 1160 1160 1160 1161 1161 1161 1161 1158 1158 1158 1158 1161 1161 1161 1161 1159 1159 1159 1159 1162 1162 1162 1162 1163 1163 1163 1163 1164 1164 1164 1164 1163 1163 1163 1163 1165 1165 1165 1165 1164 1164 1164 1164 1166 1166 1166 1166 1167 1167 1167 1167 1168 1168 1168 1168 1166 1166 1166 1166 1169 1169 1169 1169 1170 1170 1170 1170 1166 1166 1166 1166 1170 1170 1170 1170 1167 1167 1167 1167 1167 1167 1167 1167 1171 1171 1171 1171 1172 1172 1172 1172 1167 1167 1167 1167 1172 1172 1172 1172 1168 1168 1168 1168 1167 1167 1167 1167 1170 1170 1170 1170 1173 1173 1173 1173 1167 1167 1167 1167 1173 1173 1173 1173 1171 1171 1171 1171 1168 1168 1168 1168 1172 1172 1172 1172 1174 1174 1174 1174 1169 1169 1169 1169 1175 1175 1175 1175 1176 1176 1176 1176 1169 1169 1169 1169 1176 1176 1176 1176 1170 1170 1170 1170 1170 1170 1170 1170 1176 1176 1176 1176 1177 1177 1177 1177 1170 1170 1170 1170 1177 1177 1177 1177 1173 1173 1173 1173 1171 1171 1171 1171 1178 1178 1178 1178 1179 1179 1179 1179 1171 1171 1171 1171 1179 1179 1179 1179 1172 1172 1172 1172 1171 1171 1171 1171 1173 1173 1173 1173 1180 1180 1180 1180 1171 1171 1171 1171 1180 1180 1180 1180 1178 1178 1178 1178 1172 1172 1172 1172 1179 1179 1179 1179 1181 1181 1181 1181 1172 1172 1172 1172 1181 1181 1181 1181 1174 1174 1174 1174 1173 1173 1173 1173 1177 1177 1177 1177 1182 1182 1182 1182 1173 1173 1173 1173 1182 1182 1182 1182 1180 1180 1180 1180 1174 1174 1174 1174 1181 1181 1181 1181 1183 1183 1183 1183 1175 1175 1175 1175 1184 1184 1184 1184 1185 1185 1185 1185 1175 1175 1175 1175 1185 1185 1185 1185 1176 1176 1176 1176 1176 1176 1176 1176 1185 1185 1185 1185 1186 1186 1186 1186 1176 1176 1176 1176 1186 1186 1186 1186 1177 1177 1177 1177 1177 1177 1177 1177 1186 1186 1186 1186 1187 1187 1187 1187 1177 1177 1177 1177 1187 1187 1187 1187 1182 1182 1182 1182 1178 1178 1178 1178 1188 1188 1188 1188 1179 1179 1179 1179 1179 1179 1179 1179 1188 1188 1188 1188 1189 1189 1189 1189 1179 1179 1179 1179 1189 1189 1189 1189 1181 1181 1181 1181 1181 1181 1181 1181 1189 1189 1189 1189 1190 1190 1190 1190 1181 1181 1181 1181 1190 1190 1190 1190 1183 1183 1183 1183 1183 1183 1183 1183 1191 1191 1191 1191 1192 1192 1192 1192 1183 1183 1183 1183 1190 1190 1190 1190 1191 1191 1191 1191 1188 1188 1188 1188 1193 1193 1193 1193 1189 1189 1189 1189 1189 1189 1189 1189 1193 1193 1193 1193 1194 1194 1194 1194 1189 1189 1189 1189 1194 1194 1194 1194 1190 1190 1190 1190 1190 1190 1190 1190 1194 1194 1194 1194 1191 1191 1191 1191 1191 1191 1191 1191 1194 1194 1194 1194 1195 1195 1195 1195 1191 1191 1191 1191 1196 1196 1196 1196 1192 1192 1192 1192 1191 1191 1191 1191 1197 1197 1197 1197 1196 1196 1196 1196 1191 1191 1191 1191 1195 1195 1195 1195 1197 1197 1197 1197 1192 1192 1192 1192 1196 1196 1196 1196 1198 1198 1198 1198 1193 1193 1193 1193 1199 1199 1199 1199 1194 1194 1194 1194 1194 1194 1194 1194 1199 1199 1199 1199 1195 1195 1195 1195 1195 1195 1195 1195 1199 1199 1199 1199 1200 1200 1200 1200 1195 1195 1195 1195 1201 1201 1201 1201 1197 1197 1197 1197 1195 1195 1195 1195 1200 1200 1200 1200 1201 1201 1201 1201 1196 1196 1196 1196 1197 1197 1197 1197 1202 1202 1202 1202 1196 1196 1196 1196 1202 1202 1202 1202 1198 1198 1198 1198 1197 1197 1197 1197 1201 1201 1201 1201 1203 1203 1203 1203 1197 1197 1197 1197 1203 1203 1203 1203 1202 1202 1202 1202 1198 1198 1198 1198 1202 1202 1202 1202 1204 1204 1204 1204 1201 1201 1201 1201 1205 1205 1205 1205 1203 1203 1203 1203 1202 1202 1202 1202 1203 1203 1203 1203 1206 1206 1206 1206 1202 1202 1202 1202 1207 1207 1207 1207 1204 1204 1204 1204 1202 1202 1202 1202 1206 1206 1206 1206 1207 1207 1207 1207 1203 1203 1203 1203 1205 1205 1205 1205 1208 1208 1208 1208 1203 1203 1203 1203 1208 1208 1208 1208 1206 1206 1206 1206 1205 1205 1205 1205 1209 1209 1209 1209 1208 1208 1208 1208 1206 1206 1206 1206 1208 1208 1208 1208 1210 1210 1210 1210 1206 1206 1206 1206 1210 1210 1210 1210 1207 1207 1207 1207 1207 1207 1207 1207 1210 1210 1210 1210 1211 1211 1211 1211 1208 1208 1208 1208 1209 1209 1209 1209 1212 1212 1212 1212 1208 1208 1208 1208 1212 1212 1212 1212 1210 1210 1210 1210 1209 1209 1209 1209 1213 1213 1213 1213 1212 1212 1212 1212 1210 1210 1210 1210 1214 1214 1214 1214 1211 1211 1211 1211 1210 1210 1210 1210 1215 1215 1215 1215 1214 1214 1214 1214 1210 1210 1210 1210 1212 1212 1212 1212 1215 1215 1215 1215 1212 1212 1212 1212 1213 1213 1213 1213 1216 1216 1216 1216 1212 1212 1212 1212 1216 1216 1216 1216 1215 1215 1215 1215 1213 1213 1213 1213 1217 1217 1217 1217 1216 1216 1216 1216 1214 1214 1214 1214 1218 1218 1218 1218 1219 1219 1219 1219 1214 1214 1214 1214 1215 1215 1215 1215 1218 1218 1218 1218 1215 1215 1215 1215 1220 1220 1220 1220 1218 1218 1218 1218 1215 1215 1215 1215 1216 1216 1216 1216 1220 1220 1220 1220 1216 1216 1216 1216 1221 1221 1221 1221 1220 1220 1220 1220 1216 1216 1216 1216 1217 1217 1217 1217 1221 1221 1221 1221 1218 1218 1218 1218 1220 1220 1220 1220 1222 1222 1222 1222 1218 1218 1218 1218 1223 1223 1223 1223 1219 1219 1219 1219 1218 1218 1218 1218 1222 1222 1222 1222 1223 1223 1223 1223 1220 1220 1220 1220 1221 1221 1221 1221 1224 1224 1224 1224 1220 1220 1220 1220 1224 1224 1224 1224 1222 1222 1222 1222 1221 1221 1221 1221 1225 1225 1225 1225 1224 1224 1224 1224 1222 1222 1222 1222 1224 1224 1224 1224 1226 1226 1226 1226 1222 1222 1222 1222 1227 1227 1227 1227 1223 1223 1223 1223 1222 1222 1222 1222 1226 1226 1226 1226 1227 1227 1227 1227 1224 1224 1224 1224 1225 1225 1225 1225 1228 1228 1228 1228 1224 1224 1224 1224 1228 1228 1228 1228 1226 1226 1226 1226 1225 1225 1225 1225 1229 1229 1229 1229 1228 1228 1228 1228 1226 1226 1226 1226 1228 1228 1228 1228 1230 1230 1230 1230 1226 1226 1226 1226 1231 1231 1231 1231 1227 1227 1227 1227 1226 1226 1226 1226 1230 1230 1230 1230 1231 1231 1231 1231 1228 1228 1228 1228 1229 1229 1229 1229 1232 1232 1232 1232 1228 1228 1228 1228 1232 1232 1232 1232 1230 1230 1230 1230 1229 1229 1229 1229 1233 1233 1233 1233 1232 1232 1232 1232 1230 1230 1230 1230 1232 1232 1232 1232 1234 1234 1234 1234 1230 1230 1230 1230 1234 1234 1234 1234 1231 1231 1231 1231 1231 1231 1231 1231 1234 1234 1234 1234 1235 1235 1235 1235 1232 1232 1232 1232 1233 1233 1233 1233 1236 1236 1236 1236 1232 1232 1232 1232 1236 1236 1236 1236 1234 1234 1234 1234 1233 1233 1233 1233 1237 1237 1237 1237 1236 1236 1236 1236 1234 1234 1234 1234 1236 1236 1236 1236 1238 1238 1238 1238 1234 1234 1234 1234 1239 1239 1239 1239 1235 1235 1235 1235 1234 1234 1234 1234 1238 1238 1238 1238 1239 1239 1239 1239 1236 1236 1236 1236 1237 1237 1237 1237 1240 1240 1240 1240 1236 1236 1236 1236 1240 1240 1240 1240 1238 1238 1238 1238 1237 1237 1237 1237 1241 1241 1241 1241 1240 1240 1240 1240 1238 1238 1238 1238 1240 1240 1240 1240 1242 1242 1242 1242 1238 1238 1238 1238 1243 1243 1243 1243 1239 1239 1239 1239 1238 1238 1238 1238 1242 1242 1242 1242 1243 1243 1243 1243 1240 1240 1240 1240 1241 1241 1241 1241 1244 1244 1244 1244 1240 1240 1240 1240 1244 1244 1244 1244 1242 1242 1242 1242 1241 1241 1241 1241 1245 1245 1245 1245 1244 1244 1244 1244 1246 1246 1246 1246 1247 1247 1247 1247 1248 1248 1248 1248 1246 1246 1246 1246 1249 1249 1249 1249 1247 1247 1247 1247 1247 1247 1247 1247 1250 1250 1250 1250 1251 1251 1251 1251 1247 1247 1247 1247 1251 1251 1251 1251 1248 1248 1248 1248 1247 1247 1247 1247 1252 1252 1252 1252 1250 1250 1250 1250 1247 1247 1247 1247 1249 1249 1249 1249 1252 1252 1252 1252 1248 1248 1248 1248 1253 1253 1253 1253 1254 1254 1254 1254 1248 1248 1248 1248 1251 1251 1251 1251 1253 1253 1253 1253 1249 1249 1249 1249 1255 1255 1255 1255 1256 1256 1256 1256 1249 1249 1249 1249 1256 1256 1256 1256 1252 1252 1252 1252 1250 1250 1250 1250 1257 1257 1257 1257 1258 1258 1258 1258 1250 1250 1250 1250 1258 1258 1258 1258 1251 1251 1251 1251 1250 1250 1250 1250 1252 1252 1252 1252 1259 1259 1259 1259 1250 1250 1250 1250 1259 1259 1259 1259 1257 1257 1257 1257 1251 1251 1251 1251 1258 1258 1258 1258 1253 1253 1253 1253 1252 1252 1252 1252 1256 1256 1256 1256 1260 1260 1260 1260 1252 1252 1252 1252 1260 1260 1260 1260 1259 1259 1259 1259 1253 1253 1253 1253 1258 1258 1258 1258 1261 1261 1261 1261 1255 1255 1255 1255 1262 1262 1262 1262 1263 1263 1263 1263 1255 1255 1255 1255 1263 1263 1263 1263 1256 1256 1256 1256 1256 1256 1256 1256 1263 1263 1263 1263 1264 1264 1264 1264 1256 1256 1256 1256 1264 1264 1264 1264 1260 1260 1260 1260 1257 1257 1257 1257 1265 1265 1265 1265 1258 1258 1258 1258 1257 1257 1257 1257 1259 1259 1259 1259 1266 1266 1266 1266 1258 1258 1258 1258 1265 1265 1265 1265 1261 1261 1261 1261 1259 1259 1259 1259 1260 1260 1260 1260 1267 1267 1267 1267 1259 1259 1259 1259 1267 1267 1267 1267 1266 1266 1266 1266 1260 1260 1260 1260 1264 1264 1264 1264 1268 1268 1268 1268 1260 1260 1260 1260 1268 1268 1268 1268 1267 1267 1267 1267 1261 1261 1261 1261 1265 1265 1265 1265 1269 1269 1269 1269 1262 1262 1262 1262 1270 1270 1270 1270 1271 1271 1271 1271 1262 1262 1262 1262 1271 1271 1271 1271 1263 1263 1263 1263 1263 1263 1263 1263 1271 1271 1271 1271 1272 1272 1272 1272 1263 1263 1263 1263 1272 1272 1272 1272 1264 1264 1264 1264 1264 1264 1264 1264 1272 1272 1272 1272 1273 1273 1273 1273 1264 1264 1264 1264 1273 1273 1273 1273 1268 1268 1268 1268 1270 1270 1270 1270 1274 1274 1274 1274 1271 1271 1271 1271 1271 1271 1271 1271 1274 1274 1274 1274 1275 1275 1275 1275 1271 1271 1271 1271 1275 1275 1275 1275 1272 1272 1272 1272 1272 1272 1272 1272 1276 1276 1276 1276 1273 1273 1273 1273 1272 1272 1272 1272 1275 1275 1275 1275 1276 1276 1276 1276 1273 1273 1273 1273 1276 1276 1276 1276 1277 1277 1277 1277 1274 1274 1274 1274 1278 1278 1278 1278 1279 1279 1279 1279 1274 1274 1274 1274 1279 1279 1279 1279 1275 1275 1275 1275 1275 1275 1275 1275 1279 1279 1279 1279 1280 1280 1280 1280 1275 1275 1275 1275 1280 1280 1280 1280 1276 1276 1276 1276 1276 1276 1276 1276 1280 1280 1280 1280 1281 1281 1281 1281 1276 1276 1276 1276 1281 1281 1281 1281 1277 1277 1277 1277 1278 1278 1278 1278 1282 1282 1282 1282 1283 1283 1283 1283 1278 1278 1278 1278 1283 1283 1283 1283 1279 1279 1279 1279 1279 1279 1279 1279 1283 1283 1283 1283 1284 1284 1284 1284 1279 1279 1279 1279 1284 1284 1284 1284 1280 1280 1280 1280 1280 1280 1280 1280 1284 1284 1284 1284 1285 1285 1285 1285 1280 1280 1280 1280 1285 1285 1285 1285 1281 1281 1281 1281 1282 1282 1282 1282 1286 1286 1286 1286 1283 1283 1283 1283 1283 1283 1283 1283 1287 1287 1287 1287 1288 1288 1288 1288 1283 1283 1283 1283 1288 1288 1288 1288 1284 1284 1284 1284 1283 1283 1283 1283 1286 1286 1286 1286 1287 1287 1287 1287 1284 1284 1284 1284 1288 1288 1288 1288 1289 1289 1289 1289 1284 1284 1284 1284 1289 1289 1289 1289 1285 1285 1285 1285 1286 1286 1286 1286 1290 1290 1290 1290 1287 1287 1287 1287 1287 1287 1287 1287 1291 1291 1291 1291 1288 1288 1288 1288 1287 1287 1287 1287 1290 1290 1290 1290 1291 1291 1291 1291 1288 1288 1288 1288 1292 1292 1292 1292 1289 1289 1289 1289 1288 1288 1288 1288 1291 1291 1291 1291 1292 1292 1292 1292 1289 1289 1289 1289 1292 1292 1292 1292 1293 1293 1293 1293 1290 1290 1290 1290 1294 1294 1294 1294 1295 1295 1295 1295 1290 1290 1290 1290 1295 1295 1295 1295 1291 1291 1291 1291 1291 1291 1291 1291 1295 1295 1295 1295 1296 1296 1296 1296 1291 1291 1291 1291 1296 1296 1296 1296 1292 1292 1292 1292 1292 1292 1292 1292 1296 1296 1296 1296 1297 1297 1297 1297 1292 1292 1292 1292 1297 1297 1297 1297 1293 1293 1293 1293 1294 1294 1294 1294 1298 1298 1298 1298 1295 1295 1295 1295 1295 1295 1295 1295 1298 1298 1298 1298 1299 1299 1299 1299 1295 1295 1295 1295 1299 1299 1299 1299 1300 1300 1300 1300 1295 1295 1295 1295 1300 1300 1300 1300 1296 1296 1296 1296 1296 1296 1296 1296 1300 1300 1300 1300 1301 1301 1301 1301 1296 1296 1296 1296 1301 1301 1301 1301 1297 1297 1297 1297 1298 1298 1298 1298 1302 1302 1302 1302 1303 1303 1303 1303 1298 1298 1298 1298 1303 1303 1303 1303 1299 1299 1299 1299 1299 1299 1299 1299 1303 1303 1303 1303 1304 1304 1304 1304 1299 1299 1299 1299 1304 1304 1304 1304 1300 1300 1300 1300 1300 1300 1300 1300 1304 1304 1304 1304 1305 1305 1305 1305 1300 1300 1300 1300 1305 1305 1305 1305 1301 1301 1301 1301 1302 1302 1302 1302 1306 1306 1306 1306 1307 1307 1307 1307 1302 1302 1302 1302 1307 1307 1307 1307 1303 1303 1303 1303 1303 1303 1303 1303 1307 1307 1307 1307 1308 1308 1308 1308 1303 1303 1303 1303 1308 1308 1308 1308 1304 1304 1304 1304 1304 1304 1304 1304 1308 1308 1308 1308 1309 1309 1309 1309 1304 1304 1304 1304 1309 1309 1309 1309 1305 1305 1305 1305 1306 1306 1306 1306 1310 1310 1310 1310 1311 1311 1311 1311 1306 1306 1306 1306 1311 1311 1311 1311 1307 1307 1307 1307 1307 1307 1307 1307 1311 1311 1311 1311 1312 1312 1312 1312 1307 1307 1307 1307 1312 1312 1312 1312 1308 1308 1308 1308 1308 1308 1308 1308 1312 1312 1312 1312 1313 1313 1313 1313 1308 1308 1308 1308 1313 1313 1313 1313 1309 1309 1309 1309 1310 1310 1310 1310 1314 1314 1314 1314 1311 1311 1311 1311 1311 1311 1311 1311 1315 1315 1315 1315 1312 1312 1312 1312 1311 1311 1311 1311 1314 1314 1314 1314 1315 1315 1315 1315 1312 1312 1312 1312 1315 1315 1315 1315 1316 1316 1316 1316 1312 1312 1312 1312 1316 1316 1316 1316 1313 1313 1313 1313 1313 1313 1313 1313 1316 1316 1316 1316 1317 1317 1317 1317 1314 1314 1314 1314 1318 1318 1318 1318 1319 1319 1319 1319 1314 1314 1314 1314 1319 1319 1319 1319 1315 1315 1315 1315 1315 1315 1315 1315 1319 1319 1319 1319 1320 1320 1320 1320 1315 1315 1315 1315 1320 1320 1320 1320 1316 1316 1316 1316 1316 1316 1316 1316 1320 1320 1320 1320 1321 1321 1321 1321 1316 1316 1316 1316 1321 1321 1321 1321 1317 1317 1317 1317 1318 1318 1318 1318 1322 1322 1322 1322 1323 1323 1323 1323 1318 1318 1318 1318 1323 1323 1323 1323 1319 1319 1319 1319 1319 1319 1319 1319 1323 1323 1323 1323 1324 1324 1324 1324 1319 1319 1319 1319 1324 1324 1324 1324 1320 1320 1320 1320 1320 1320 1320 1320 1324 1324 1324 1324 1325 1325 1325 1325 1320 1320 1320 1320 1325 1325 1325 1325 1321 1321 1321 1321 1322 1322 1322 1322 1326 1326 1326 1326 1327 1327 1327 1327 1322 1322 1322 1322 1327 1327 1327 1327 1323 1323 1323 1323 1323 1323 1323 1323 1327 1327 1327 1327 1328 1328 1328 1328 1323 1323 1323 1323 1328 1328 1328 1328 1324 1324 1324 1324 1324 1324 1324 1324 1328 1328 1328 1328 1329 1329 1329 1329 1324 1324 1324 1324 1329 1329 1329 1329 1325 1325 1325 1325 </p>
        </triangles>
      </mesh>
    </geometry>
    <geometry id="wire_set2__GrafittiMetalPlate-mesh" name="wire_set2__GrafittiMetalPlate">
      <mesh>
        <source id="wire_set2__GrafittiMetalPlate-position">
          <float_array id="wire_set2__GrafittiMetalPlate-position-array" count="432">-396.637 283.9478 -239.0325 -401.8224 283.9478 -254.9917 -396.637 305.2561 -239.0325 -401.8224 305.256 -254.9916 -401.8224 283.9478 -254.9916 -396.637 283.9478 -239.0325 -401.8224 305.256 -254.9916 -396.637 305.2561 -239.0325 -106.4969 200.9458 254.3558 -101.8716 200.9457 238.2254 -106.4969 222.2541 254.3558 -101.8716 222.254 238.2255 84.90204 348.1528 -378.3467 89.87851 348.1527 -394.3723 84.90202 369.461 -378.3468 89.87852 369.461 -394.3723 89.8785 348.1527 -394.3723 84.90203 348.1528 -378.3467 89.8785 369.461 -394.3723 84.90202 369.461 -378.3468 -101.8716 200.9457 238.2254 -106.4969 200.9458 254.3558 -101.8716 222.254 238.2255 -106.4969 222.2541 254.3558 277.2538 255.3686 316.5786 290.9995 255.3686 326.2035 277.2538 276.6768 316.5786 290.9995 276.6769 326.2035 82.39835 227.1282 179.1319 96.1441 227.1283 188.7567 82.39841 248.4365 179.1319 96.14407 248.4366 188.7567 -225.1734 104.8739 -38.3105 -211.7402 104.874 -28.25395 -225.1733 126.1821 -38.3105 -211.7402 126.1822 -28.25394 -211.7402 104.874 -28.25394 -225.1733 104.8739 -38.31049 -211.7402 126.1822 -28.25392 -225.1733 126.1821 -38.31049 290.9995 255.3686 326.2035 277.2538 255.3686 316.5787 290.9995 276.6769 326.2035 277.2538 276.6768 316.5787 96.1441 227.1283 188.7567 82.39835 227.1282 179.1319 96.14408 248.4366 188.7568 82.39838 248.4365 179.1319 -396.637 283.9478 -239.0325 -401.8224 283.9478 -254.9917 -396.637 305.2561 -239.0325 -401.8224 305.256 -254.9916 -401.8224 283.9478 -254.9916 -396.637 283.9478 -239.0325 -401.8224 305.256 -254.9916 -396.637 305.2561 -239.0325 -106.4969 200.9458 254.3558 -106.4969 222.2541 254.3558 -101.8716 222.254 238.2255 89.87852 369.461 -394.3723 89.8785 369.461 -394.3723 -106.4969 200.9458 254.3558 -101.8716 222.254 238.2255 -106.4969 222.2541 254.3558 277.2538 255.3686 316.5786 290.9995 255.3686 326.2035 277.2538 276.6768 316.5786 290.9995 276.6769 326.2035 82.39835 227.1282 179.1319 82.39841 248.4365 179.1319 96.14407 248.4366 188.7567 -225.1734 104.8739 -38.3105 -211.7402 104.874 -28.25395 -225.1733 126.1821 -38.3105 -211.7402 126.1822 -28.25394 -211.7402 104.874 -28.25394 -225.1733 104.8739 -38.31049 -211.7402 126.1822 -28.25392 -225.1733 126.1821 -38.31049 290.9995 255.3686 326.2035 277.2538 255.3686 316.5787 290.9995 276.6769 326.2035 277.2538 276.6768 316.5787 82.39835 227.1282 179.1319 96.14408 248.4366 188.7568 82.39838 248.4365 179.1319 -101.8716 200.9457 238.2254 -101.8716 200.9457 238.2254 84.90204 348.1528 -378.3467 84.90204 348.1528 -378.3467 89.87851 348.1527 -394.3723 89.87851 348.1527 -394.3723 84.90202 369.461 -378.3468 84.90202 369.461 -378.3468 96.1441 227.1283 188.7567 96.1441 227.1283 188.7567 -396.637 283.9478 -239.0325 -401.8224 283.9478 -254.9917 -396.637 305.2561 -239.0325 -401.8224 305.256 -254.9916 -401.8224 283.9478 -254.9916 -396.637 283.9478 -239.0325 -401.8224 305.256 -254.9916 -396.637 305.2561 -239.0325 -106.4969 200.9458 254.3558 -106.4969 222.2541 254.3558 -101.8716 222.254 238.2255 89.87852 369.461 -394.3723 89.8785 369.461 -394.3723 -106.4969 200.9458 254.3558 -101.8716 222.254 238.2255 -106.4969 222.2541 254.3558 277.2538 255.3686 316.5786 290.9995 255.3686 326.2035 277.2538 276.6768 316.5786 290.9995 276.6769 326.2035 82.39835 227.1282 179.1319 82.39841 248.4365 179.1319 96.14407 248.4366 188.7567 -225.1734 104.8739 -38.3105 -211.7402 104.874 -28.25395 -225.1733 126.1821 -38.3105 -211.7402 126.1822 -28.25394 -211.7402 104.874 -28.25394 -225.1733 104.8739 -38.31049 -211.7402 126.1822 -28.25392 -225.1733 126.1821 -38.31049 290.9995 255.3686 326.2035 277.2538 255.3686 316.5787 290.9995 276.6769 326.2035 277.2538 276.6768 316.5787 82.39835 227.1282 179.1319 96.14408 248.4366 188.7568 82.39838 248.4365 179.1319 -101.8716 200.9457 238.2254 -101.8716 200.9457 238.2254 84.90204 348.1528 -378.3467 84.90204 348.1528 -378.3467 89.87851 348.1527 -394.3723 89.87851 348.1527 -394.3723 84.90202 369.461 -378.3468 84.90202 369.461 -378.3468 96.1441 227.1283 188.7567 96.1441 227.1283 188.7567</float_array>
          <technique_common>
            <accessor source="#wire_set2__GrafittiMetalPlate-position-array" count="144" stride="3">
              <param name="X" type="float" />
              <param name="Y" type="float" />
              <param name="Z" type="float" />
            </accessor>
          </technique_common>
        </source>
        <source id="wire_set2__GrafittiMetalPlate-normal">
          <float_array id="wire_set2__GrafittiMetalPlate-normal-array" count="432">0.9510763 0 -0.3091977 0.9510763 0 -0.3091977 0.9510763 0 -0.3091977 0.9510763 0 -0.3091977 -0.9510763 0 0.3091977 -0.9510763 0 0.3091977 -0.9510763 0 0.3091977 -0.960861 0 0.2759295 0.960861 0 0.2759295 0.960861 0 0.2759295 0.960861 0 0.2759295 0.960861 0 0.2759295 0.9549902 0 0.297456 0.9549902 0 0.297456 0.9549902 0 0.297456 0.9549902 0 0.297456 -0.9549902 0 -0.297456 -0.9549902 0 -0.297456 -0.9549902 0 -0.297456 -0.9843444 0 -0.1741683 -0.960861 0 -0.2759295 -0.960861 0 -0.2759295 -0.960861 0 -0.2759295 -0.9393346 0 -0.3424658 -0.5733855 0 0.8199608 -0.5733855 0 0.8199608 -0.5733855 0 0.8199608 -0.5009785 0 0.8669276 -0.5733855 0 0.8199608 -0.5733855 0 0.8199608 -0.5733855 0 0.8199608 -0.5009785 0 0.8669276 -0.5988258 0 0.8003914 -0.5988258 0 0.8003914 -0.5988258 0 0.8003914 -0.6418787 0 0.7651663 0.5988258 0 -0.8003914 0.5988258 0 -0.8003914 0.5988258 0 -0.8003914 0.5988258 0 -0.8003914 0.5733855 0 -0.8199608 0.5733855 0 -0.8199608 0.5733855 0 -0.8199608 0.5733855 0 -0.8199608 0.5733855 0 -0.8199608 0.5733855 0 -0.8199608 0.5733855 0 -0.8199608 0.5733855 0 -0.8199608 0.9510763 0 -0.3091977 0.9510763 0 -0.3091977 0.9510763 0 -0.3091977 0.9510763 0 -0.3091977 -0.9510763 0 0.3091977 -0.9510763 0 0.3091977 -0.9510763 0 0.3091977 -0.9510763 0 0.3091977 0.960861 0 0.2759295 0.960861 0 0.2759295 0.960861 0 0.2759295 0.9549902 0 0.297456 -0.9549902 0 -0.297456 -0.960861 0 -0.2759295 -0.960861 0 -0.2759295 -0.960861 0 -0.2759295 -0.5733855 0 0.8199608 -0.5733855 0 0.8199608 -0.5733855 0 0.8199608 -0.5733855 0 0.8199608 -0.5733855 0 0.8199608 -0.5733855 0 0.8199608 -0.5733855 0 0.8199608 -0.5988258 0 0.8003914 -0.5988258 0 0.8003914 -0.5988258 0 0.8003914 -0.5988258 0 0.8003914 0.5988258 0 -0.8003914 0.5988258 0 -0.8003914 0.5988258 0 -0.8003914 0.5988258 0 -0.8003914 0.5733855 0 -0.8199608 0.5733855 0 -0.8199608 0.5733855 0 -0.8199608 0.5733855 0 -0.8199608 0.5733855 0 -0.8199608 0.5733855 0 -0.8199608 0.5733855 0 -0.8199608 0.960861 0 0.2759295 0.960861 0 0.2759295 0.9549902 0 0.297456 -0.9549902 0 -0.297456 0.9549902 0 0.297456 0.9549902 0 0.297456 0.9549902 0 0.297456 0.9549902 0 0.297456 -0.5733855 0 0.8199608 -0.5733855 0 0.8199608 0.9510763 0 -0.3091977 0.9510763 0 -0.3091977 0.9510763 0 -0.3091977 0.9510763 0 -0.3091977 -0.9510763 0 0.3091977 -0.9510763 0 0.3091977 -0.9510763 0 0.3091977 -0.9510763 0 0.3091977 0.960861 0 0.2759295 0.960861 0 0.2759295 0.960861 0 0.2759295 0.9549902 0 0.297456 -0.9549902 0 -0.297456 -0.960861 0 -0.2759295 -0.960861 0 -0.2759295 -0.960861 0 -0.2759295 -0.5733855 0 0.8199608 -0.5733855 0 0.8199608 -0.5733855 0 0.8199608 -0.5733855 0 0.8199608 -0.5733855 0 0.8199608 -0.5733855 0 0.8199608 -0.5733855 0 0.8199608 -0.5988258 0 0.8003914 -0.5988258 0 0.8003914 -0.5988258 0 0.8003914 -0.5988258 0 0.8003914 0.5988258 0 -0.8003914 0.5988258 0 -0.8003914 0.5988258 0 -0.8003914 0.5988258 0 -0.8003914 0.5733855 0 -0.8199608 0.5733855 0 -0.8199608 0.5733855 0 -0.8199608 0.5733855 0 -0.8199608 0.5733855 0 -0.8199608 0.5733855 0 -0.8199608 0.5733855 0 -0.8199608 0.960861 0 0.2759295 0.960861 0 0.2759295 0.9549902 0 0.297456 -0.9549902 0 -0.297456 0.9549902 0 0.297456 0.9549902 0 0.297456 0.9549902 0 0.297456 0.9549902 0 0.297456 -0.5733855 0 0.8199608 -0.5733855 0 0.8199608</float_array>
          <technique_common>
            <accessor source="#wire_set2__GrafittiMetalPlate-normal-array" count="144" stride="3">
              <param name="X" type="float" />
              <param name="Y" type="float" />
              <param name="Z" type="float" />
            </accessor>
          </technique_common>
        </source>
        <source id="wire_set2__GrafittiMetalPlate-texcoord">
          <float_array id="wire_set2__GrafittiMetalPlate-texcoord-array" count="288">-0.7410504 1.415326 -0.5062715 1.415326 -0.7410504 1.982849 -0.5062715 1.982849 -0.7410504 1.415326 -0.5062715 1.415326 -0.7410504 1.982849 -0.5062715 1.982849 -0.4927519 1.415326 -0.255562 1.415326 -0.4927519 1.982849 -0.255562 1.982849 -0.9898373 1.415326 -0.7550279 1.415326 -0.9898373 1.982849 -0.7550279 1.982849 -0.9898373 1.415326 -0.7550279 1.415326 -0.9898373 1.982849 -0.7550279 1.982849 -0.4927519 1.415326 -0.255562 1.415326 -0.4927519 1.982849 -0.255562 1.982849 -0.9898373 1.415326 -0.7550279 1.415326 -0.9898373 1.982849 -0.7550279 1.982849 -0.7410504 1.415326 -0.5062715 1.415326 -0.7410504 1.982849 -0.5062715 1.982849 -0.4927519 1.415326 -0.255562 1.415326 -0.4927519 1.982849 -0.255562 1.982849 -0.4927519 1.415326 -0.255562 1.415326 -0.4927519 1.982849 -0.255562 1.982849 -0.9898373 1.415326 -0.7550279 1.415326 -0.9898373 1.982849 -0.7550279 1.982849 -0.7410504 1.415326 -0.5062715 1.415326 -0.7410504 1.982849 -0.5062715 1.982849 -0.7410504 1.415326 -0.5062715 1.415326 -0.7410504 1.982849 -0.5062715 1.982849 -0.7410504 1.415326 -0.5062715 1.415326 -0.7410504 1.982849 -0.5062715 1.982849 -0.4927519 1.415326 -0.4927519 1.982849 -0.255562 1.982849 -0.7550279 1.982849 -0.9898373 1.982849 -0.255562 1.415326 -0.4927519 1.982849 -0.255562 1.982849 -0.9898373 1.415326 -0.7550279 1.415326 -0.9898373 1.982849 -0.7550279 1.982849 -0.7410504 1.415326 -0.7410504 1.982849 -0.5062715 1.982849 -0.4927519 1.415326 -0.255562 1.415326 -0.4927519 1.982849 -0.255562 1.982849 -0.4927519 1.415326 -0.255562 1.415326 -0.4927519 1.982849 -0.255562 1.982849 -0.9898373 1.415326 -0.7550279 1.415326 -0.9898373 1.982849 -0.7550279 1.982849 -0.5062715 1.415326 -0.7410504 1.982849 -0.5062715 1.982849 -0.255562 1.415326 -0.4927519 1.415326 -0.9898373 1.415326 -0.7550279 1.415326 -0.7550279 1.415326 -0.9898373 1.415326 -0.9898373 1.982849 -0.7550279 1.982849 -0.5062715 1.415326 -0.7410504 1.415326 -0.7410504 1.415326 -0.5062715 1.415326 -0.7410504 1.982849 -0.5062715 1.982849 -0.7410504 1.415326 -0.5062715 1.415326 -0.7410504 1.982849 -0.5062715 1.982849 -0.4927519 1.415326 -0.4927519 1.982849 -0.255562 1.982849 -0.7550279 1.982849 -0.9898373 1.982849 -0.255562 1.415326 -0.4927519 1.982849 -0.255562 1.982849 -0.9898373 1.415326 -0.7550279 1.415326 -0.9898373 1.982849 -0.7550279 1.982849 -0.7410504 1.415326 -0.7410504 1.982849 -0.5062715 1.982849 -0.4927519 1.415326 -0.255562 1.415326 -0.4927519 1.982849 -0.255562 1.982849 -0.4927519 1.415326 -0.255562 1.415326 -0.4927519 1.982849 -0.255562 1.982849 -0.9898373 1.415326 -0.7550279 1.415326 -0.9898373 1.982849 -0.7550279 1.982849 -0.5062715 1.415326 -0.7410504 1.982849 -0.5062715 1.982849 -0.255562 1.415326 -0.4927519 1.415326 -0.9898373 1.415326 -0.7550279 1.415326 -0.7550279 1.415326 -0.9898373 1.415326 -0.9898373 1.982849 -0.7550279 1.982849 -0.5062715 1.415326 -0.7410504 1.415326</float_array>
          <technique_common>
            <accessor source="#wire_set2__GrafittiMetalPlate-texcoord-array" count="144" stride="2">
              <param name="S" type="float" />
              <param name="T" type="float" />
            </accessor>
          </technique_common>
        </source>
        <source id="wire_set2__GrafittiMetalPlate-texcoord_1">
          <float_array id="wire_set2__GrafittiMetalPlate-texcoord-array_1" count="288">0.5058824 0.7333333 0.5921569 0.7333333 0.5058824 0.8392157 0.5921569 0.8392157 0.7882353 0.7333333 0.8784314 0.7333333 0.7882353 0.8392157 0.8784314 0.8392157 0.2431373 0.7411765 0.3333333 0.7411765 0.2431373 0.8470588 0.3333333 0.8470588 0.003921569 0.7607843 0.09019608 0.7607843 0.003921569 0.8666667 0.09019608 0.8666667 0.1019608 0.7607843 0.1882353 0.7607843 0.1019608 0.8666667 0.1882353 0.8666667 0.6 0.8196079 0.6901961 0.8196079 0.6 0.9254902 0.6901961 0.9254902 0.003921569 0.8784314 0.09019608 0.8784314 0.003921569 0.9843137 0.09019608 0.9843137 0.1960784 0.8588235 0.2862745 0.8588235 0.1960784 0.9647059 0.2862745 0.9647059 0.7960784 0.8509804 0.8823529 0.8509804 0.7960784 0.9568627 0.8823529 0.9568627 0.6980392 0.8509804 0.7843137 0.8509804 0.6980392 0.9568627 0.7843137 0.9568627 0.3411765 0.8470588 0.427451 0.8470588 0.3411765 0.9568627 0.427451 0.9568627 0.4392157 0.8509804 0.5254902 0.8509804 0.4392157 0.9568627 0.5254902 0.9568627 0.5058824 0.7333333 0.5921569 0.7333333 0.5058824 0.8392157 0.5921569 0.8392157 0.7882353 0.7333333 0.8784314 0.7333333 0.7882353 0.8392157 0.8784314 0.8392157 0.2431373 0.7411765 0.2431373 0.8470588 0.3333333 0.8470588 0.09019608 0.8666667 0.1019608 0.8666667 0.6901961 0.8196079 0.6 0.9254902 0.6901961 0.9254902 0.003921569 0.8784314 0.09019608 0.8784314 0.003921569 0.9843137 0.09019608 0.9843137 0.1960784 0.8588235 0.1960784 0.9647059 0.2862745 0.9647059 0.7960784 0.8509804 0.8823529 0.8509804 0.7960784 0.9568627 0.8823529 0.9568627 0.6980392 0.8509804 0.7843137 0.8509804 0.6980392 0.9568627 0.7843137 0.9568627 0.3411765 0.8470588 0.427451 0.8470588 0.3411765 0.9568627 0.427451 0.9568627 0.5254902 0.8509804 0.4392157 0.9568627 0.5254902 0.9568627 0.3333333 0.7411765 0.6 0.8196079 0.003921569 0.7607843 0.1882353 0.7607843 0.09019608 0.7607843 0.1019608 0.7607843 0.003921569 0.8666667 0.1882353 0.8666667 0.2862745 0.8588235 0.4392157 0.8509804 0.5058824 0.7333333 0.5921569 0.7333333 0.5058824 0.8392157 0.5921569 0.8392157 0.7882353 0.7333333 0.8784314 0.7333333 0.7882353 0.8392157 0.8784314 0.8392157 0.2431373 0.7411765 0.2431373 0.8470588 0.3333333 0.8470588 0.09019608 0.8666667 0.1019608 0.8666667 0.6901961 0.8196079 0.6 0.9254902 0.6901961 0.9254902 0.003921569 0.8784314 0.09019608 0.8784314 0.003921569 0.9843137 0.09019608 0.9843137 0.1960784 0.8588235 0.1960784 0.9647059 0.2862745 0.9647059 0.7960784 0.8509804 0.8823529 0.8509804 0.7960784 0.9568627 0.8823529 0.9568627 0.6980392 0.8509804 0.7843137 0.8509804 0.6980392 0.9568627 0.7843137 0.9568627 0.3411765 0.8470588 0.427451 0.8470588 0.3411765 0.9568627 0.427451 0.9568627 0.5254902 0.8509804 0.4392157 0.9568627 0.5254902 0.9568627 0.3333333 0.7411765 0.6 0.8196079 0.003921569 0.7607843 0.1882353 0.7607843 0.09019608 0.7607843 0.1019608 0.7607843 0.003921569 0.8666667 0.1882353 0.8666667 0.2862745 0.8588235 0.4392157 0.8509804</float_array>
          <technique_common>
            <accessor source="#wire_set2__GrafittiMetalPlate-texcoord-array_1" count="144" stride="2">
              <param name="S" type="float" />
              <param name="T" type="float" />
            </accessor>
          </technique_common>
        </source>
        <vertices id="wire_set2__GrafittiMetalPlate-vertex">
          <input semantic="POSITION" source="#wire_set2__GrafittiMetalPlate-position" />
        </vertices>
        <triangles material="GrafittiMetalPlate" count="24">
          <input semantic="VERTEX" source="#wire_set2__GrafittiMetalPlate-vertex" offset="0" />
          <input semantic="NORMAL" source="#wire_set2__GrafittiMetalPlate-normal" offset="1" />
          <input semantic="TEXCOORD" source="#wire_set2__GrafittiMetalPlate-texcoord" offset="2" set="0" />
          <input semantic="TEXCOORD" source="#wire_set2__GrafittiMetalPlate-texcoord_1" offset="3" set="1" />
          <p>0 0 0 0 1 1 1 1 2 2 2 2 1 1 1 1 3 3 3 3 2 2 2 2 4 4 4 4 5 5 5 5 6 6 6 6 5 5 5 5 7 7 7 7 6 6 6 6 8 8 8 8 9 9 9 9 10 10 10 10 9 9 9 9 11 11 11 11 10 10 10 10 12 12 12 12 13 13 13 13 14 14 14 14 13 13 13 13 15 15 15 15 14 14 14 14 16 16 16 16 17 17 17 17 18 18 18 18 17 17 17 17 19 19 19 19 18 18 18 18 20 20 20 20 21 21 21 21 22 22 22 22 21 21 21 21 23 23 23 23 22 22 22 22 24 24 24 24 25 25 25 25 26 26 26 26 25 25 25 25 27 27 27 27 26 26 26 26 28 28 28 28 29 29 29 29 30 30 30 30 29 29 29 29 31 31 31 31 30 30 30 30 32 32 32 32 33 33 33 33 34 34 34 34 33 33 33 33 35 35 35 35 34 34 34 34 36 36 36 36 37 37 37 37 38 38 38 38 37 37 37 37 39 39 39 39 38 38 38 38 40 40 40 40 41 41 41 41 42 42 42 42 41 41 41 41 43 43 43 43 42 42 42 42 44 44 44 44 45 45 45 45 46 46 46 46 45 45 45 45 47 47 47 47 46 46 46 46 </p>
        </triangles>
      </mesh>
    </geometry>
  </library_geometries>
  <library_controllers>
    <controller id="Armature_Sticker__GrafittiMetalPlate-mesh">
      <skin source="#Sticker__GrafittiMetalPlate-mesh">
        <bind_shape_matrix>1 0 0 0 0 1 0 0 0 0 1 0 0 0 0 1</bind_shape_matrix>
        <source id="Sticker__GrafittiMetalPlate-mesh-joint">
          <Name_array id="Sticker__GrafittiMetalPlate-mesh-joint-array" count="1">set2_joint3</Name_array>
          <technique_common>
            <accessor source="#Sticker__GrafittiMetalPlate-mesh-joint-array" count="1" stride="1">
              <param name="JOINT" type="name" />
            </accessor>
          </technique_common>
        </source>
        <source id="Sticker__GrafittiMetalPlate-mesh-inv_bind_matrix">
          <float_array id="Sticker__GrafittiMetalPlate-mesh-inv_bind_matrix-array" count="16">0.9449719 0 0.327152 458.1101 0 1 0 -310.6384 -0.327152 0 0.9449719 102.9241 0 0 0 1</float_array>
          <technique_common>
            <accessor source="#Sticker__GrafittiMetalPlate-mesh-inv_bind_matrix-array" count="1" stride="16">
              <param name="TRANSFORM" type="float4x4" />
            </accessor>
          </technique_common>
        </source>
        <source id="Sticker__GrafittiMetalPlate-mesh-weight">
          <float_array id="Sticker__GrafittiMetalPlate-mesh-weight-array" count="1">1</float_array>
          <technique_common>
            <accessor source="#Sticker__GrafittiMetalPlate-mesh-weight-array" count="1" stride="1">
              <param name="WEIGHT" type="float" />
            </accessor>
          </technique_common>
        </source>
        <joints>
          <input semantic="JOINT" source="#Sticker__GrafittiMetalPlate-mesh-joint" />
          <input semantic="INV_BIND_MATRIX" source="#Sticker__GrafittiMetalPlate-mesh-inv_bind_matrix" />
        </joints>
        <vertex_weights count="12">
          <input semantic="JOINT" source="#Sticker__GrafittiMetalPlate-mesh-joint" offset="0" />
          <input semantic="WEIGHT" source="#Sticker__GrafittiMetalPlate-mesh-weight" offset="1" />
          <vcount>1 1 1 1 1 1 1 1 1 1 1 1 </vcount>
          <v>0 0 0 0 0 0 0 0 0 0 0 0 0 0 0 0 0 0 0 0 0 0 0 0 </v>
        </vertex_weights>
      </skin>
    </controller>
    <controller id="Armature_wire_clasp__OBJFrameSteelSet-mesh">
      <skin source="#wire_clasp__OBJFrameSteelSet-mesh">
        <bind_shape_matrix>1 0 0 0 0 1 0 0 0 0 1 0 0 0 0 1</bind_shape_matrix>
        <source id="wire_clasp__OBJFrameSteelSet-mesh-joint">
          <Name_array id="wire_clasp__OBJFrameSteelSet-mesh-joint-array" count="1">set3_joint_clasp</Name_array>
          <technique_common>
            <accessor source="#wire_clasp__OBJFrameSteelSet-mesh-joint-array" count="1" stride="1">
              <param name="JOINT" type="name" />
            </accessor>
          </technique_common>
        </source>
        <source id="wire_clasp__OBJFrameSteelSet-mesh-inv_bind_matrix">
          <float_array id="wire_clasp__OBJFrameSteelSet-mesh-inv_bind_matrix-array" count="16">1 0 0 54.82847 0 1 0 -246.952 0 0 1 -82.69897 0 0 0 1</float_array>
          <technique_common>
            <accessor source="#wire_clasp__OBJFrameSteelSet-mesh-inv_bind_matrix-array" count="1" stride="16">
              <param name="TRANSFORM" type="float4x4" />
            </accessor>
          </technique_common>
        </source>
        <source id="wire_clasp__OBJFrameSteelSet-mesh-weight">
          <float_array id="wire_clasp__OBJFrameSteelSet-mesh-weight-array" count="1">1</float_array>
          <technique_common>
            <accessor source="#wire_clasp__OBJFrameSteelSet-mesh-weight-array" count="1" stride="1">
              <param name="WEIGHT" type="float" />
            </accessor>
          </technique_common>
        </source>
        <joints>
          <input semantic="JOINT" source="#wire_clasp__OBJFrameSteelSet-mesh-joint" />
          <input semantic="INV_BIND_MATRIX" source="#wire_clasp__OBJFrameSteelSet-mesh-inv_bind_matrix" />
        </joints>
        <vertex_weights count="374">
          <input semantic="JOINT" source="#wire_clasp__OBJFrameSteelSet-mesh-joint" offset="0" />
          <input semantic="WEIGHT" source="#wire_clasp__OBJFrameSteelSet-mesh-weight" offset="1" />
          <vcount>1 1 1 1 1 1 1 1 1 1 1 1 1 1 1 1 1 1 1 1 1 1 1 1 1 1 1 1 1 1 1 1 1 1 1 1 1 1 1 1 1 1 1 1 1 1 1 1 1 1 1 1 1 1 1 1 1 1 1 1 1 1 1 1 1 1 1 1 1 1 1 1 1 1 1 1 1 1 1 1 1 1 1 1 1 1 1 1 1 1 1 1 1 1 1 1 1 1 1 1 1 1 1 1 1 1 1 1 1 1 1 1 1 1 1 1 1 1 1 1 1 1 1 1 1 1 1 1 1 1 1 1 1 1 1 1 1 1 1 1 1 1 1 1 1 1 1 1 1 1 1 1 1 1 1 1 1 1 1 1 1 1 1 1 1 1 1 1 1 1 1 1 1 1 1 1 1 1 1 1 1 1 1 1 1 1 1 1 1 1 1 1 1 1 1 1 1 1 1 1 1 1 1 1 1 1 1 1 1 1 1 1 1 1 1 1 1 1 1 1 1 1 1 1 1 1 1 1 1 1 1 1 1 1 1 1 1 1 1 1 1 1 1 1 1 1 1 1 1 1 1 1 1 1 1 1 1 1 1 1 1 1 1 1 1 1 1 1 1 1 1 1 1 1 1 1 1 1 1 1 1 1 1 1 1 1 1 1 1 1 1 1 1 1 1 1 1 1 1 1 1 1 1 1 1 1 1 1 1 1 1 1 1 1 1 1 1 1 1 1 1 1 1 1 1 1 1 1 1 1 1 1 1 1 1 1 1 1 1 1 1 1 1 1 1 1 1 1 1 1 1 1 1 1 1 1 1 1 1 1 1 1 1 1 1 1 1 1 1 1 1 1 1 1 </vcount>
          <v>0 0 0 0 0 0 0 0 0 0 0 0 0 0 0 0 0 0 0 0 0 0 0 0 0 0 0 0 0 0 0 0 0 0 0 0 0 0 0 0 0 0 0 0 0 0 0 0 0 0 0 0 0 0 0 0 0 0 0 0 0 0 0 0 0 0 0 0 0 0 0 0 0 0 0 0 0 0 0 0 0 0 0 0 0 0 0 0 0 0 0 0 0 0 0 0 0 0 0 0 0 0 0 0 0 0 0 0 0 0 0 0 0 0 0 0 0 0 0 0 0 0 0 0 0 0 0 0 0 0 0 0 0 0 0 0 0 0 0 0 0 0 0 0 0 0 0 0 0 0 0 0 0 0 0 0 0 0 0 0 0 0 0 0 0 0 0 0 0 0 0 0 0 0 0 0 0 0 0 0 0 0 0 0 0 0 0 0 0 0 0 0 0 0 0 0 0 0 0 0 0 0 0 0 0 0 0 0 0 0 0 0 0 0 0 0 0 0 0 0 0 0 0 0 0 0 0 0 0 0 0 0 0 0 0 0 0 0 0 0 0 0 0 0 0 0 0 0 0 0 0 0 0 0 0 0 0 0 0 0 0 0 0 0 0 0 0 0 0 0 0 0 0 0 0 0 0 0 0 0 0 0 0 0 0 0 0 0 0 0 0 0 0 0 0 0 0 0 0 0 0 0 0 0 0 0 0 0 0 0 0 0 0 0 0 0 0 0 0 0 0 0 0 0 0 0 0 0 0 0 0 0 0 0 0 0 0 0 0 0 0 0 0 0 0 0 0 0 0 0 0 0 0 0 0 0 0 0 0 0 0 0 0 0 0 0 0 0 0 0 0 0 0 0 0 0 0 0 0 0 0 0 0 0 0 0 0 0 0 0 0 0 0 0 0 0 0 0 0 0 0 0 0 0 0 0 0 0 0 0 0 0 0 0 0 0 0 0 0 0 0 0 0 0 0 0 0 0 0 0 0 0 0 0 0 0 0 0 0 0 0 0 0 0 0 0 0 0 0 0 0 0 0 0 0 0 0 0 0 0 0 0 0 0 0 0 0 0 0 0 0 0 0 0 0 0 0 0 0 0 0 0 0 0 0 0 0 0 0 0 0 0 0 0 0 0 0 0 0 0 0 0 0 0 0 0 0 0 0 0 0 0 0 0 0 0 0 0 0 0 0 0 0 0 0 0 0 0 0 0 0 0 0 0 0 0 0 0 0 0 0 0 0 0 0 0 0 0 0 0 0 0 0 0 0 0 0 0 0 0 0 0 0 0 0 0 0 0 0 0 0 0 0 0 0 0 0 0 0 0 0 0 0 0 0 0 0 0 0 0 0 0 0 0 0 0 0 0 0 0 0 0 0 0 0 0 0 0 0 0 0 0 0 0 0 0 0 0 0 0 0 0 0 0 0 0 0 0 0 0 0 0 0 0 0 0 0 0 0 0 0 0 0 0 0 0 0 0 0 0 0 0 0 0 0 0 0 0 0 0 0 0 0 0 0 0 0 0 0 0 0 0 0 0 0 0 0 0 0 0 0 0 0 0 0 0 0 0 0 0 0 0 0 0 0 0 0 0 0 0 0 0 0 0 0 0 0 0 0 0 0 0 0 0 0 0 0 0 0 0 0 0 0 0 0 0 0 0 0 0 0 0 0 0 0 0 0 0 0 0 0 0 0 0 0 0 0 0 </v>
        </vertex_weights>
      </skin>
    </controller>
    <controller id="Armature_wire_set1__OBJFrameSteelSet-mesh">
      <skin source="#wire_set1__OBJFrameSteelSet-mesh">
        <bind_shape_matrix>1 0 0 0 0 1 0 0 0 0 1 0 0 0 0 1</bind_shape_matrix>
        <source id="wire_set1__OBJFrameSteelSet-mesh-joint">
          <Name_array id="wire_set1__OBJFrameSteelSet-mesh-joint-array" count="18">set3_joint1_2 set3_joint3_2 set3_joint3_3 set3_joint_clasp set3_joint1_1 root_set3 set3_joint3_1 set3_joint2_2 set3_joint4_2 set3_joint4_1 set3_joint2_1 set2_joint3 root_set2 set2_joint2 set2_joint1 set1_joint1 set1_joint2 root_set1</Name_array>
          <technique_common>
            <accessor source="#wire_set1__OBJFrameSteelSet-mesh-joint-array" count="18" stride="1">
              <param name="JOINT" type="name" />
            </accessor>
          </technique_common>
        </source>
        <source id="wire_set1__OBJFrameSteelSet-mesh-inv_bind_matrix">
          <float_array id="wire_set1__OBJFrameSteelSet-mesh-inv_bind_matrix-array" count="288">1 0 0 218.5407 0 1 0 -131.291 0 0 1 33.51202 0 0 0 1 1 0 0 -89.08827 0 1 0 -253.3287 0 0 1 -183.7144 0 0 0 1 1 0 0 -284.1573 0 1 0 -281.5327 0 0 1 -320.9684 0 0 0 1 1 0 0 54.82847 0 1 0 -246.952 0 0 1 -82.69897 0 0 0 1 1 0 0 56.17643 0 1 0 -245.1866 0 0 1 -81.72724 0 0 0 1 1 0 0 0 0 1 0 0 0 0 1 0 0 0 0 1 1 0 0 53.20541 0 1 0 -245.1866 0 0 1 -83.81108 0 0 0 1 1 0 0 -87.18004 0 1 0 -374.0511 0 0 1 386.6015 0 0 0 1 1 0 0 103.9586 0 1 0 -226.9958 0 0 1 -246.0247 0 0 0 1 1 0 0 55.37178 0 1 0 -252.1825 0 0 1 -84.657 0 0 0 1 1 0 0 54.17512 0 1 0 -252.9047 0 0 1 -80.65437 0 0 0 1 0.9449719 0 0.327152 458.1101 0 1 0 -310.6384 -0.327152 0 0.9449719 102.9241 0 0 0 1 1 0 0 0 0 1 0 -0.1771419 0 0 1 0.6739137 0 0 0 1 1 0 0 399.2292 0 1 0 -319.4962 0 0 1 247.1319 0 0 0 1 1 0 0 236.6039 0 1 0 -358.9256 0 0 1 -230 0 0 0 1 1 0 0 -215.6065 0 1 0 -157.0564 0 0 1 222.4626 0 0 0 1 1 0 0 -330.6072 0 1 0 -108.4383 0 0 1 58.07268 0 0 0 1 1 0 0 0 0 1 0 0 0 0 1 0 0 0 0 1</float_array>
          <technique_common>
            <accessor source="#wire_set1__OBJFrameSteelSet-mesh-inv_bind_matrix-array" count="18" stride="16">
              <param name="TRANSFORM" type="float4x4" />
            </accessor>
          </technique_common>
        </source>
        <source id="wire_set1__OBJFrameSteelSet-mesh-weight">
          <float_array id="wire_set1__OBJFrameSteelSet-mesh-weight-array" count="45">1 0.1019608 0.8980392 0.3019608 0.6980392 0.4980392 0.5019608 0.05098039 0.9490196 0.1490196 0.8509804 0.2509804 0.7490196 0.4 0.6 0.3215686 0.6784314 0.2705882 0.7294118 0.1215686 0.8784314 0.6392157 0.3607843 0.4509804 0.5490196 0.4313726 0.5686275 0.8196079 0.1803922 0.509804 0.4901961 0.2 0.8 0.9215686 0.07843138 0.7686275 0.2313726 0.4784314 0.5215687 0.3490196 0.6509804 0.2196078 0.7803922 0.3882353 0.6117647</float_array>
          <technique_common>
            <accessor source="#wire_set1__OBJFrameSteelSet-mesh-weight-array" count="45" stride="1">
              <param name="WEIGHT" type="float" />
            </accessor>
          </technique_common>
        </source>
        <joints>
          <input semantic="JOINT" source="#wire_set1__OBJFrameSteelSet-mesh-joint" />
          <input semantic="INV_BIND_MATRIX" source="#wire_set1__OBJFrameSteelSet-mesh-inv_bind_matrix" />
        </joints>
        <vertex_weights count="3188">
          <input semantic="JOINT" source="#wire_set1__OBJFrameSteelSet-mesh-joint" offset="0" />
          <input semantic="WEIGHT" source="#wire_set1__OBJFrameSteelSet-mesh-weight" offset="1" />
          <vcount>1 1 1 1 1 1 1 1 1 1 1 1 1 1 1 1 1 1 1 1 1 1 1 1 1 1 1 1 1 1 1 1 1 1 1 1 1 1 1 1 1 1 1 1 1 1 1 1 1 1 1 1 1 1 1 1 1 1 1 1 1 1 1 1 1 1 1 1 1 1 1 1 1 1 1 1 1 1 1 1 1 1 1 1 1 1 1 1 1 1 1 1 1 1 1 1 1 1 1 1 1 1 1 1 1 1 1 1 1 1 1 1 1 1 1 1 1 1 1 1 1 1 1 1 1 1 1 1 1 1 1 1 1 1 1 1 1 1 1 1 1 1 1 1 1 1 1 1 1 1 1 1 1 1 2 2 2 2 2 2 2 2 2 2 2 2 1 1 1 1 1 1 1 1 1 1 1 1 1 1 1 1 1 1 1 1 1 1 1 1 1 1 1 1 1 1 1 1 1 1 1 1 1 1 1 1 2 2 2 2 2 2 2 2 2 2 2 2 2 2 2 2 2 2 2 2 1 1 1 1 1 1 1 1 1 1 1 1 1 1 1 1 1 1 1 1 1 1 1 1 1 1 1 1 1 1 1 1 1 1 1 1 1 1 1 1 1 1 1 1 1 1 1 1 1 1 1 1 1 1 1 1 1 1 1 1 1 1 1 1 1 1 1 1 1 1 1 1 1 1 1 1 1 1 1 1 1 1 2 2 1 2 1 1 1 1 2 1 1 1 1 1 1 1 1 1 1 1 1 1 1 1 1 1 1 1 1 1 1 1 1 1 1 1 1 1 1 1 1 1 1 1 1 1 1 1 1 1 1 1 1 1 1 1 1 1 1 1 1 1 2 2 2 2 2 2 2 2 1 1 1 1 1 1 1 1 1 1 1 1 1 1 1 1 1 1 1 1 1 1 1 1 1 1 1 1 1 1 1 1 1 1 1 1 1 1 1 1 1 1 2 2 2 2 2 2 2 2 2 2 2 2 2 2 2 2 2 2 2 2 2 2 2 2 2 2 2 2 2 2 2 2 2 2 2 2 2 2 2 2 2 2 2 2 2 2 2 2 2 2 2 2 2 2 2 2 2 2 2 2 2 2 2 2 2 2 2 2 2 2 2 2 2 2 2 2 2 2 2 2 2 2 2 2 2 2 2 2 2 2 2 2 2 2 2 2 2 2 2 2 2 2 2 2 2 2 2 2 2 2 2 2 2 2 2 2 2 2 2 2 2 2 2 2 2 2 2 2 2 2 2 2 2 2 2 2 2 2 2 2 2 2 2 2 2 2 2 2 2 2 2 2 2 2 2 2 2 2 2 2 2 2 2 2 2 2 2 2 2 2 2 2 2 2 2 2 2 2 2 2 2 2 2 2 2 2 2 2 2 2 2 2 2 2 2 2 2 2 2 2 2 2 2 2 2 2 2 2 2 2 2 2 2 2 2 2 2 2 2 2 2 2 2 2 2 2 2 2 2 2 2 2 2 2 2 2 2 2 2 2 2 2 2 2 2 2 2 2 2 2 2 2 2 2 2 2 2 2 2 2 2 2 2 2 2 2 2 2 2 2 2 2 2 2 2 2 2 2 2 2 2 2 2 2 2 2 2 2 2 2 2 2 2 2 2 2 2 2 2 2 2 2 2 2 2 2 2 2 2 2 2 2 2 2 2 2 2 2 2 2 2 2 2 2 2 2 2 2 2 2 2 2 2 2 2 2 2 2 2 2 2 2 1 2 2 1 2 2 2 2 1 2 2 2 2 2 2 1 2 2 2 2 2 2 2 2 2 2 2 2 2 2 2 2 2 2 2 2 2 2 2 2 2 2 2 2 2 2 2 2 2 2 2 2 2 2 2 2 2 2 2 2 2 2 2 2 2 2 2 2 2 2 2 2 2 2 2 2 2 2 2 2 2 2 2 2 1 1 1 1 1 2 2 1 2 2 2 2 1 2 2 2 2 2 2 1 2 2 2 2 2 2 2 2 2 2 2 2 2 2 2 2 2 2 2 2 2 2 2 2 2 2 2 2 2 2 2 2 2 2 2 2 2 2 2 2 2 2 2 2 2 2 2 2 2 2 2 2 1 1 1 1 2 2 2 2 2 2 2 2 2 2 2 2 1 1 1 1 2 2 2 2 2 2 2 2 2 2 2 2 2 2 2 2 2 2 2 2 2 2 2 2 2 2 2 2 2 2 2 2 2 2 2 2 2 2 2 2 2 2 2 2 2 2 2 2 2 2 2 2 2 2 2 2 2 2 2 2 2 2 2 2 2 2 2 2 2 2 2 2 2 2 2 2 2 2 2 2 2 2 2 2 2 2 2 2 2 2 2 2 2 2 2 2 2 2 2 2 2 2 2 2 2 2 2 2 2 2 2 2 2 2 2 2 2 2 2 2 2 2 2 2 2 2 2 2 2 2 2 2 2 2 2 2 2 2 2 2 2 2 2 2 2 2 2 2 2 2 2 2 2 2 2 2 2 2 2 2 2 2 2 2 2 2 2 2 2 2 2 2 2 2 2 2 2 2 2 2 2 2 2 2 2 2 2 2 2 2 2 2 2 2 2 2 2 2 2 2 2 2 2 2 2 2 2 2 2 2 2 2 2 2 2 2 2 2 2 2 2 2 2 2 2 2 2 2 2 2 2 2 2 2 2 2 2 2 2 2 2 2 2 2 2 2 1 1 1 1 2 2 2 2 2 2 2 2 2 2 2 2 2 2 2 2 2 2 2 2 2 2 2 2 2 2 2 2 2 2 2 2 2 2 2 2 2 2 2 2 2 2 2 2 2 2 2 2 2 2 2 2 2 2 1 1 1 1 2 2 2 2 2 2 2 1 1 2 2 2 2 2 2 1 2 2 2 2 2 2 2 1 2 2 2 2 2 2 2 2 2 2 2 2 2 2 2 2 2 2 2 2 2 2 2 2 2 2 2 2 2 2 2 2 2 2 2 2 2 2 2 2 2 2 2 2 2 2 2 2 2 2 2 2 2 2 2 2 1 1 1 1 1 1 1 1 1 1 1 1 1 1 1 1 1 1 1 1 1 1 1 1 1 1 1 1 1 1 1 1 1 1 1 1 1 1 1 1 1 1 1 1 1 1 1 1 1 1 1 1 1 1 1 1 1 1 1 1 1 1 1 1 1 1 1 1 1 1 1 1 1 1 1 1 1 1 1 1 1 1 1 1 1 1 1 1 1 1 1 1 1 1 1 1 1 1 1 1 1 1 1 1 1 1 1 1 1 1 1 1 1 1 1 1 1 1 1 1 1 1 1 1 2 2 2 2 1 1 1 1 1 2 1 1 1 1 1 1 1 1 1 1 1 1 1 1 1 1 1 1 1 2 2 2 2 2 2 2 1 1 2 1 1 1 1 1 1 1 1 1 1 1 1 1 1 1 1 1 1 1 1 1 1 1 1 1 1 1 1 1 1 1 1 1 1 1 1 1 1 1 1 1 1 1 1 1 1 1 1 1 1 1 1 1 1 1 1 1 1 1 1 1 1 1 1 1 1 1 1 1 1 1 1 1 1 1 1 1 1 1 1 1 1 1 1 1 1 1 1 1 1 1 1 1 1 1 1 1 1 2 2 2 1 2 1 1 1 1 1 1 1 1 1 1 1 1 1 1 1 1 1 1 1 1 1 1 1 1 1 1 1 1 1 1 1 1 1 1 1 1 1 2 2 2 2 2 2 2 2 2 2 2 2 2 2 2 2 2 2 2 2 2 2 2 2 2 2 2 2 2 2 2 2 2 2 2 2 2 2 2 2 2 2 2 2 2 2 2 2 2 2 2 2 2 2 2 2 2 2 2 2 2 2 2 2 2 2 2 2 2 2 2 2 2 2 2 2 2 2 2 2 2 2 2 2 2 2 2 2 2 2 2 2 2 2 2 2 2 2 2 2 2 2 2 2 2 2 2 2 2 2 2 2 2 2 2 2 2 2 2 2 2 2 2 2 2 2 2 2 2 2 2 2 2 2 2 2 2 2 2 2 2 2 2 2 2 2 2 2 2 2 2 2 2 2 2 2 2 2 2 2 2 2 2 2 2 2 2 2 2 2 2 2 2 2 2 2 2 2 2 2 2 2 2 2 2 2 2 2 2 2 2 2 2 2 2 2 2 2 2 2 2 2 2 2 2 2 2 2 2 2 2 2 2 2 2 2 2 2 2 2 2 2 2 2 2 2 2 2 2 2 2 2 2 2 2 2 2 2 2 2 2 2 2 2 2 2 2 2 2 2 2 2 2 2 2 2 2 2 2 2 2 2 2 2 2 2 2 2 2 2 2 2 2 2 2 2 2 2 2 2 2 2 2 2 2 2 2 2 2 2 2 2 2 2 2 2 2 1 2 2 1 2 2 2 2 1 2 2 2 2 2 2 2 1 2 2 2 2 2 2 2 2 2 2 2 2 2 2 2 1 1 1 1 1 2 2 1 2 2 2 2 1 2 2 2 2 2 1 2 2 2 2 2 2 2 2 2 2 2 2 2 2 1 2 1 2 1 1 2 2 1 1 2 2 2 2 2 2 2 2 2 2 2 2 2 2 2 2 2 2 2 2 2 2 2 2 2 2 2 2 2 2 2 2 2 2 2 2 2 2 2 2 2 2 2 2 2 2 2 2 2 2 2 2 2 2 2 2 2 2 2 2 2 2 2 2 2 2 2 2 2 2 2 2 2 2 2 2 2 2 2 2 2 2 2 2 2 2 2 2 2 2 2 2 2 2 2 2 2 2 2 2 2 2 2 2 2 2 2 2 2 2 2 2 2 2 2 2 2 2 2 2 2 2 2 2 2 2 2 2 2 2 2 2 2 2 2 2 2 2 2 2 2 2 2 2 2 2 2 2 2 2 2 2 2 2 2 2 2 2 2 2 2 2 2 2 2 2 2 2 2 2 2 2 2 2 2 2 2 2 2 2 2 2 2 2 2 2 2 2 2 2 2 2 2 2 2 2 2 2 2 1 1 2 2 1 2 2 2 2 1 2 2 2 2 2 2 2 2 2 2 2 2 2 2 2 2 2 1 1 1 1 1 2 1 2 2 2 2 1 2 2 2 2 2 1 2 2 2 2 2 2 2 2 2 1 1 2 1 1 1 1 1 1 1 1 1 1 1 1 1 1 1 1 1 1 1 1 1 1 1 1 1 1 1 1 1 1 1 1 1 1 1 1 1 1 1 1 1 1 1 1 1 1 1 1 1 1 1 1 1 1 1 1 1 1 1 1 1 1 1 1 1 1 1 1 1 1 1 1 1 1 1 1 1 1 1 1 1 1 1 1 1 1 1 1 1 1 1 1 1 1 1 1 1 1 1 1 1 1 1 1 1 1 1 1 1 1 1 1 1 1 1 1 1 1 1 1 1 1 2 2 2 2 1 1 1 1 1 2 1 1 1 1 1 1 1 1 1 1 1 1 1 1 1 1 1 1 1 2 2 2 2 2 2 2 1 1 2 1 1 1 1 1 1 1 1 1 1 1 1 1 1 1 1 1 1 1 1 1 1 1 1 1 1 1 1 1 1 1 1 1 1 1 1 1 1 1 1 1 1 1 1 1 1 1 1 1 1 1 1 1 1 1 1 1 1 1 1 1 1 1 1 1 1 1 1 1 1 1 1 1 1 1 1 1 1 1 1 1 1 1 1 1 1 1 1 1 1 1 1 1 1 1 1 1 1 2 2 2 1 2 1 1 1 1 1 1 1 1 1 1 1 1 1 1 1 1 1 1 1 1 1 1 1 1 1 1 1 1 1 1 1 1 1 1 1 1 1 2 2 2 2 2 2 2 2 2 2 2 2 2 2 2 2 2 2 2 2 2 2 2 2 2 2 2 2 2 2 2 2 2 2 2 2 2 2 2 2 2 2 2 2 2 2 2 2 2 2 2 2 2 2 2 2 2 2 2 2 2 2 2 2 2 2 2 2 2 2 2 2 2 2 2 2 2 2 2 2 2 2 2 2 2 2 2 2 2 2 2 2 2 2 2 2 2 2 2 2 2 2 2 2 2 2 2 2 2 2 2 2 2 2 2 2 2 2 2 2 2 2 2 2 2 2 2 2 2 2 2 2 2 2 2 2 2 2 2 2 2 2 2 2 2 2 2 2 2 2 2 2 2 2 2 2 2 2 2 2 2 2 2 2 2 2 2 2 2 2 2 2 2 2 2 2 2 2 2 2 2 2 2 2 2 2 2 2 2 2 2 2 2 2 2 2 2 2 2 2 2 2 2 2 2 2 2 2 2 2 2 2 2 2 2 2 2 2 2 2 2 2 2 2 2 2 2 2 2 2 2 2 2 2 2 2 2 2 2 2 2 2 2 2 2 2 2 2 2 2 2 2 2 2 2 2 2 2 2 2 2 2 2 2 2 2 2 2 2 2 2 2 2 2 2 2 2 2 2 2 2 2 2 2 2 2 2 2 2 2 2 2 2 2 2 2 2 1 2 2 1 2 2 2 2 1 2 2 2 2 2 2 2 1 2 2 2 2 2 2 2 2 2 2 2 2 2 2 2 1 1 1 1 1 2 2 1 2 2 2 2 1 2 2 2 2 2 1 2 2 2 2 2 2 2 2 2 2 2 2 2 2 1 2 1 2 1 1 2 2 1 1 2 2 2 2 2 2 2 2 2 2 2 2 2 2 2 2 2 2 2 2 2 2 2 2 2 2 2 2 2 2 2 2 2 2 2 2 2 2 2 2 2 2 2 2 2 2 2 2 2 2 2 2 2 2 2 2 2 2 2 2 2 2 2 2 2 2 2 2 2 2 2 2 2 2 2 2 2 2 2 2 2 2 2 2 2 2 2 2 2 2 2 2 2 2 2 2 2 2 2 2 2 2 2 2 2 2 2 2 2 2 2 2 2 2 2 2 2 2 2 2 2 2 2 2 2 2 2 2 2 2 2 2 2 2 2 2 2 2 2 2 2 2 2 2 2 2 2 2 2 2 2 2 2 2 2 2 2 2 2 2 2 2 2 2 2 2 2 2 2 2 2 2 2 2 2 2 2 2 2 2 2 2 2 2 2 2 2 2 2 2 2 2 2 2 2 2 2 2 2 1 1 2 2 1 2 2 2 2 1 2 2 2 2 2 2 2 2 2 2 2 2 2 2 2 2 2 1 1 1 1 1 2 1 2 2 2 2 1 2 2 2 2 2 1 2 2 2 2 2 2 2 2 2 1 1 2 1 1 </vcount>
          <v>0 0 0 0 0 0 0 0 0 0 0 0 0 0 0 0 0 0 0 0 0 0 0 0 0 0 0 0 0 0 0 0 0 0 0 0 0 0 0 0 0 0 0 0 0 0 0 0 0 0 0 0 0 0 0 0 0 0 0 0 0 0 0 0 0 0 0 0 0 0 0 0 0 0 0 0 1 0 1 0 1 0 1 0 1 0 1 0 1 0 1 0 1 0 1 0 1 0 1 0 1 0 1 0 1 0 1 0 1 0 1 0 1 0 1 0 1 0 1 0 1 0 1 0 1 0 1 0 1 0 1 0 1 0 1 0 1 0 1 0 1 0 1 0 1 0 1 0 1 0 1 0 2 0 2 0 2 0 2 0 2 0 2 0 2 0 2 0 2 0 2 0 2 0 2 0 2 0 2 0 2 0 2 0 2 0 2 0 2 0 2 0 2 0 2 0 2 0 2 0 2 0 2 0 2 0 2 0 2 0 2 0 2 0 2 0 2 0 2 0 2 0 2 0 2 0 2 0 3 0 4 0 3 0 4 0 4 0 4 0 4 0 3 0 4 0 4 0 4 0 4 0 4 0 4 0 3 0 4 0 4 0 4 0 4 0 4 0 4 0 4 0 4 0 4 0 4 0 4 0 4 0 4 0 4 0 4 0 4 0 4 0 4 0 4 0 4 0 4 0 4 0 4 0 4 0 4 0 5 1 4 2 5 1 4 2 5 1 4 2 5 1 4 2 5 3 4 4 5 3 4 4 5 3 4 4 5 3 4 4 5 5 4 6 5 5 4 6 5 5 4 6 5 5 4 6 5 0 5 0 5 0 5 0 6 0 6 0 6 0 6 0 6 0 6 0 6 0 6 0 6 0 6 0 6 0 6 0 6 0 6 0 6 0 6 0 6 0 6 0 6 0 6 0 6 0 6 0 6 0 6 0 6 0 6 0 6 0 6 0 6 0 6 0 6 0 6 0 6 0 6 0 6 0 6 0 5 7 6 8 5 7 6 8 5 7 6 8 5 7 6 8 5 9 6 10 5 9 6 10 5 9 6 10 5 9 6 10 5 11 6 12 5 11 6 12 5 11 6 12 5 11 6 12 5 13 6 14 5 13 6 14 5 13 6 14 5 13 6 14 5 14 6 13 5 14 6 13 5 14 6 13 5 14 6 13 5 0 5 0 5 0 5 0 7 0 7 0 7 0 7 0 7 0 7 0 7 0 7 0 7 0 7 0 7 0 7 0 7 0 7 0 7 0 7 0 7 0 7 0 7 0 7 0 7 0 7 0 7 0 7 0 7 0 7 0 7 0 7 0 7 0 7 0 7 0 7 0 7 0 7 0 7 0 7 0 7 0 7 0 8 0 8 0 8 0 8 0 8 0 8 0 8 0 8 0 8 0 8 0 8 0 8 0 8 0 8 0 8 0 8 0 8 0 8 0 8 0 8 0 8 0 8 0 8 0 8 0 8 0 8 0 8 0 8 0 8 0 8 0 8 0 8 0 8 0 8 0 8 0 8 0 8 0 8 0 5 0 5 0 5 1 9 2 5 1 9 2 5 0 5 1 9 2 9 0 9 0 9 0 5 0 5 1 9 2 9 0 9 0 9 0 9 0 9 0 9 0 9 0 9 0 9 0 9 0 9 0 9 0 9 0 3 0 3 0 3 0 3 0 10 0 10 0 10 0 10 0 10 0 10 0 10 0 10 0 10 0 10 0 10 0 10 0 10 0 10 0 10 0 10 0 10 0 10 0 10 0 10 0 10 0 10 0 10 0 10 0 10 0 10 0 10 0 10 0 10 0 10 0 10 0 10 0 10 0 10 0 10 0 10 0 5 7 10 8 5 7 10 8 5 7 10 8 5 7 10 8 5 9 10 10 5 9 10 10 5 9 10 10 5 9 10 10 5 0 5 0 5 0 5 0 11 0 11 0 11 0 11 0 11 0 11 0 11 0 11 0 11 0 11 0 11 0 11 0 11 0 11 0 11 0 11 0 11 0 11 0 11 0 11 0 11 0 11 0 11 0 11 0 11 0 11 0 11 0 11 0 11 0 11 0 11 0 11 0 11 0 11 0 11 0 11 0 11 0 11 0 12 15 13 16 12 15 13 16 12 15 13 16 12 15 13 16 12 15 13 16 12 15 13 16 12 15 13 16 12 15 13 16 12 15 13 16 12 15 13 16 12 15 13 16 12 15 13 16 12 15 13 16 12 15 13 16 12 15 13 16 12 15 13 16 12 15 13 16 12 15 13 16 12 15 13 16 12 15 13 16 12 15 13 16 12 15 13 16 12 15 13 16 12 15 13 16 12 15 13 16 12 15 13 16 12 15 13 16 12 15 13 16 12 15 13 16 12 15 13 16 12 15 13 16 12 15 13 16 12 15 13 16 12 15 13 16 12 15 13 16 12 15 13 16 12 15 13 16 12 15 13 16 12 17 13 18 12 17 13 18 12 17 13 18 12 17 13 18 12 17 13 18 12 17 13 18 12 17 13 18 12 17 13 18 12 17 13 18 12 17 13 18 12 17 13 18 12 17 13 18 12 17 13 18 12 17 13 18 12 17 13 18 12 17 13 18 12 17 13 18 12 17 13 18 12 17 13 18 12 17 13 18 12 17 13 18 12 17 13 18 12 17 13 18 12 17 13 18 12 17 13 18 12 17 13 18 12 17 13 18 12 17 13 18 12 17 13 18 12 17 13 18 12 17 13 18 12 17 13 18 12 17 13 18 12 17 13 18 12 17 13 18 12 17 13 18 12 17 13 18 12 17 13 18 14 19 13 20 14 19 13 20 14 19 13 20 14 19 13 20 14 19 13 20 14 19 13 20 14 19 13 20 14 19 13 20 14 19 13 20 14 19 13 20 14 19 13 20 14 19 13 20 14 19 13 20 14 19 13 20 14 19 13 20 14 19 13 20 14 19 13 20 14 19 13 20 14 19 13 20 14 19 13 20 14 19 13 20 14 19 13 20 14 19 13 20 14 19 13 20 14 19 13 20 14 19 13 20 14 19 13 20 14 19 13 20 14 19 13 20 14 19 13 20 14 19 13 20 14 19 13 20 14 19 13 20 14 19 13 20 14 19 13 20 14 19 13 20 14 19 13 20 14 19 13 20 14 14 13 13 14 14 13 13 14 14 13 13 14 14 13 13 14 14 13 13 14 14 13 13 14 14 13 13 14 14 13 13 14 14 13 13 14 14 13 13 14 14 13 13 14 14 13 13 14 14 13 13 14 14 13 13 14 14 13 13 14 14 13 13 14 14 13 13 14 14 13 13 14 14 13 13 14 14 13 13 14 14 13 13 14 14 13 13 14 14 13 13 14 14 13 13 14 14 13 13 14 14 13 13 14 14 13 13 14 14 13 13 14 14 13 13 14 14 13 13 14 14 13 13 14 14 13 13 14 14 13 13 14 14 13 13 14 14 13 13 14 14 13 13 14 14 13 13 14 14 13 13 14 21 13 22 14 21 13 22 14 21 13 22 14 21 13 22 14 21 13 22 14 21 13 22 14 21 13 22 14 21 13 22 14 21 13 22 14 21 13 22 14 21 13 22 14 21 13 22 14 21 13 22 14 21 13 22 14 21 13 22 14 21 13 22 14 21 13 22 14 21 13 22 14 21 13 22 14 21 13 22 14 21 13 22 14 21 13 22 14 21 13 22 14 21 13 22 14 21 13 22 14 21 13 22 14 21 13 22 14 21 13 22 14 21 13 22 14 21 13 22 14 21 13 22 14 21 13 22 14 21 13 22 14 21 13 22 14 21 13 22 14 21 13 22 14 21 13 22 14 21 13 22 12 4 14 3 12 4 14 3 12 4 14 3 12 4 14 3 12 4 14 3 12 4 14 3 12 4 14 3 12 4 14 3 12 4 14 3 12 4 14 3 12 4 14 3 12 4 14 3 12 4 14 3 12 4 14 3 12 4 14 3 12 4 14 3 12 4 14 3 12 4 14 3 12 4 14 3 12 4 14 3 12 4 14 3 12 4 14 3 12 4 14 3 12 4 14 3 12 4 14 3 12 4 14 3 12 4 14 3 12 4 14 3 12 4 14 3 12 4 14 3 12 4 14 3 12 4 14 3 12 4 14 3 12 4 14 3 12 4 14 3 12 4 14 3 12 4 14 3 12 4 14 3 12 23 14 24 12 23 14 24 12 23 14 24 12 23 14 24 12 23 14 24 12 23 14 24 12 23 14 24 12 23 14 24 12 23 14 24 12 23 14 24 12 23 14 24 12 23 14 24 12 23 14 24 12 23 14 24 12 23 14 24 12 23 14 24 12 23 14 24 12 23 14 24 12 23 14 24 12 23 14 24 12 23 14 24 12 23 14 24 12 23 14 24 12 23 14 24 12 23 14 24 12 23 14 24 12 23 14 24 12 23 14 24 12 23 14 24 12 23 14 24 12 23 14 24 12 23 14 24 12 23 14 24 12 23 14 24 12 23 14 24 12 23 14 24 12 23 14 24 12 23 14 24 12 25 14 26 12 25 14 26 12 25 14 26 12 25 14 26 12 25 14 26 12 25 14 26 12 25 14 26 12 25 14 26 12 25 14 26 12 25 14 26 12 25 14 26 12 25 14 26 12 25 14 26 12 25 14 26 12 25 14 26 12 25 14 26 12 25 14 26 12 25 14 26 12 25 14 26 12 25 14 26 12 25 14 26 12 25 14 26 12 25 14 26 12 25 14 26 12 25 14 26 12 25 14 26 12 25 14 26 12 25 14 26 12 25 14 26 12 25 14 26 12 25 14 26 12 25 14 26 12 25 14 26 12 25 14 26 12 25 14 26 12 25 14 26 12 25 14 26 12 25 14 26 12 1 14 2 12 1 14 2 12 1 14 2 12 1 14 2 12 1 14 2 12 1 14 2 12 1 14 2 12 1 14 2 12 1 14 2 12 1 14 2 12 1 14 2 12 1 14 2 12 1 14 2 12 1 14 2 12 1 14 2 12 1 14 2 12 1 14 2 12 1 14 2 12 1 14 2 12 1 14 2 12 1 14 2 12 1 14 2 12 1 14 2 12 1 14 2 12 1 14 2 12 1 14 2 12 1 14 2 12 1 14 2 12 1 14 2 12 1 14 2 12 1 14 2 12 1 14 2 12 1 14 2 12 1 14 2 12 1 14 2 12 1 14 2 12 1 14 2 12 1 14 2 12 0 12 27 14 28 12 27 14 28 12 0 12 4 14 3 12 4 14 3 12 4 14 3 12 27 14 28 12 0 12 29 14 30 12 29 14 30 12 29 14 30 12 29 14 30 12 4 14 3 12 27 14 28 12 0 12 23 14 24 12 23 14 24 12 23 14 24 12 23 14 24 12 25 14 26 12 25 14 26 12 25 14 26 12 25 14 26 12 3 14 4 12 3 14 4 12 3 14 4 12 3 14 4 12 31 14 32 12 31 14 32 12 31 14 32 12 31 14 32 12 1 14 2 12 1 14 2 12 1 14 2 12 1 14 2 14 33 13 34 14 33 13 34 14 33 13 34 14 33 13 34 14 35 13 36 14 35 13 36 14 35 13 36 14 35 13 36 14 21 13 22 14 21 13 22 14 21 13 22 14 21 13 22 14 14 13 13 14 14 13 13 14 14 13 13 14 14 13 13 14 37 13 38 14 37 13 38 14 37 13 38 14 37 13 38 14 39 13 40 14 39 13 40 14 39 13 40 14 39 13 40 14 41 13 42 14 41 13 42 14 41 13 42 14 41 13 42 14 19 13 20 14 19 13 20 14 19 13 20 14 19 13 20 12 7 13 8 12 7 13 8 12 7 13 8 12 7 13 8 12 17 13 18 12 17 13 18 12 17 13 18 12 17 13 18 12 15 13 16 12 15 13 16 12 15 13 16 12 15 13 16 12 24 13 23 12 24 13 23 12 24 13 23 12 24 13 23 12 0 12 0 12 0 12 0 12 0 12 27 14 28 12 27 14 28 12 0 12 4 14 3 12 4 14 3 12 4 14 3 12 27 14 28 12 0 12 29 14 30 12 29 14 30 12 29 14 30 12 29 14 30 12 4 14 3 12 27 14 28 12 0 12 23 14 24 12 23 14 24 12 23 14 24 12 23 14 24 12 25 14 26 12 25 14 26 12 25 14 26 12 25 14 26 12 3 14 4 12 3 14 4 12 3 14 4 12 3 14 4 12 31 14 32 12 31 14 32 12 31 14 32 12 31 14 32 12 1 14 2 12 1 14 2 12 1 14 2 12 1 14 2 14 33 13 34 14 33 13 34 14 33 13 34 14 33 13 34 14 35 13 36 14 35 13 36 14 35 13 36 14 35 13 36 14 21 13 22 14 21 13 22 14 21 13 22 14 21 13 22 14 14 13 13 14 14 13 13 14 14 13 13 14 14 13 13 14 37 13 38 14 37 13 38 14 37 13 38 14 37 13 38 14 39 13 40 14 39 13 40 14 39 13 40 14 39 13 40 14 41 13 42 14 41 13 42 14 41 13 42 14 41 13 42 14 19 13 20 14 19 13 20 14 19 13 20 14 19 13 20 13 0 13 0 13 0 13 0 12 17 13 18 12 17 13 18 12 17 13 18 12 17 13 18 12 15 13 16 12 15 13 16 12 15 13 16 12 15 13 16 12 24 13 23 12 24 13 23 12 24 13 23 12 24 13 23 12 0 12 0 12 0 12 0 15 1 16 2 15 1 16 2 15 1 16 2 15 1 16 2 15 1 16 2 15 1 16 2 15 1 16 2 15 1 16 2 15 1 16 2 15 1 16 2 15 1 16 2 15 1 16 2 15 1 16 2 15 1 16 2 15 1 16 2 15 1 16 2 15 1 16 2 15 1 16 2 15 1 16 2 15 1 16 2 15 1 16 2 15 1 16 2 15 1 16 2 15 1 16 2 15 1 16 2 15 1 16 2 15 1 16 2 15 1 16 2 15 1 16 2 15 1 16 2 15 1 16 2 15 1 16 2 15 1 16 2 15 1 16 2 15 1 16 2 15 1 16 2 15 1 16 2 15 1 16 2 15 34 16 33 15 34 16 33 15 34 16 33 15 34 16 33 15 34 16 33 15 34 16 33 15 34 16 33 15 34 16 33 15 34 16 33 15 34 16 33 15 34 16 33 15 34 16 33 15 34 16 33 15 34 16 33 15 34 16 33 15 34 16 33 15 34 16 33 15 34 16 33 15 34 16 33 15 34 16 33 15 34 16 33 15 34 16 33 15 34 16 33 15 34 16 33 15 34 16 33 15 34 16 33 15 34 16 33 15 34 16 33 15 34 16 33 15 34 16 33 15 34 16 33 15 34 16 33 15 34 16 33 15 34 16 33 15 34 16 33 15 34 16 33 15 34 16 33 15 34 16 33 17 13 16 14 17 13 16 14 17 13 16 14 17 13 16 14 17 13 16 14 17 13 16 14 17 13 16 14 17 13 16 14 17 13 16 14 17 13 16 14 17 13 16 14 17 13 16 14 17 13 16 14 17 13 16 14 17 13 16 14 17 13 16 14 17 13 16 14 17 13 16 14 17 13 16 14 17 13 16 14 17 13 16 14 17 13 16 14 17 13 16 14 17 13 16 14 17 13 16 14 17 13 16 14 17 13 16 14 17 13 16 14 17 13 16 14 17 13 16 14 17 13 16 14 17 13 16 14 17 13 16 14 17 13 16 14 17 13 16 14 17 13 16 14 17 13 16 14 17 13 16 14 15 2 16 1 15 2 16 1 15 2 16 1 15 2 16 1 15 2 16 1 15 2 16 1 15 2 16 1 15 2 16 1 15 2 16 1 15 2 16 1 15 2 16 1 15 2 16 1 15 2 16 1 15 2 16 1 15 2 16 1 15 2 16 1 15 2 16 1 15 2 16 1 15 2 16 1 15 2 16 1 15 2 16 1 15 2 16 1 15 2 16 1 15 2 16 1 15 2 16 1 15 2 16 1 15 2 16 1 15 2 16 1 15 2 16 1 15 2 16 1 15 2 16 1 15 2 16 1 15 2 16 1 15 2 16 1 15 2 16 1 15 2 16 1 15 2 16 1 15 2 16 1 17 14 15 13 17 14 15 13 17 14 15 13 17 14 15 13 17 14 15 13 17 14 15 13 17 14 15 13 17 14 15 13 17 14 15 13 17 14 15 13 17 14 15 13 17 14 15 13 17 14 15 13 17 14 15 13 17 14 15 13 17 14 15 13 17 14 15 13 17 14 15 13 17 14 15 13 17 14 15 13 17 14 15 13 17 14 15 13 17 14 15 13 17 14 15 13 17 14 15 13 17 14 15 13 17 14 15 13 17 14 15 13 17 14 15 13 17 14 15 13 17 14 15 13 17 14 15 13 17 14 15 13 17 14 15 13 17 14 15 13 17 14 15 13 17 14 15 13 17 14 15 13 17 24 15 23 17 24 15 23 17 24 15 23 17 24 15 23 17 24 15 23 17 24 15 23 17 24 15 23 17 24 15 23 17 24 15 23 17 24 15 23 17 24 15 23 17 24 15 23 17 24 15 23 17 24 15 23 17 24 15 23 17 24 15 23 17 24 15 23 17 24 15 23 17 24 15 23 17 24 15 23 17 24 15 23 17 24 15 23 17 24 15 23 17 24 15 23 17 24 15 23 17 24 15 23 17 24 15 23 17 24 15 23 17 24 15 23 17 24 15 23 17 24 15 23 17 24 15 23 17 24 15 23 17 24 15 23 17 24 15 23 17 24 15 23 17 24 15 23 17 24 15 23 17 24 15 23 17 24 15 23 17 43 15 44 17 14 15 13 17 14 15 13 17 24 15 23 17 43 15 44 17 14 15 13 17 31 15 32 17 35 15 36 17 35 15 36 17 35 15 36 17 24 15 23 17 43 15 44 17 14 15 13 17 31 15 32 17 35 15 36 17 1 15 2 17 0 17 0 17 0 17 0 17 43 15 44 17 31 15 32 17 1 15 2 15 2 16 1 15 2 16 1 17 31 15 32 17 1 15 2 15 2 16 1 15 40 16 39 15 40 16 39 15 40 16 39 17 1 15 2 15 2 16 1 15 40 16 39 15 13 16 14 15 13 16 14 15 13 16 14 15 13 16 14 15 31 16 32 15 31 16 32 15 31 16 32 15 31 16 32 15 1 16 2 15 1 16 2 15 1 16 2 15 1 16 2 15 34 16 33 15 34 16 33 15 34 16 33 15 34 16 33 17 1 16 2 17 1 16 2 17 1 16 2 17 1 16 2 17 9 16 10 17 9 16 10 17 9 16 10 17 9 16 10 17 11 16 12 17 11 16 12 17 11 16 12 17 11 16 12 17 13 16 14 17 13 16 14 17 13 16 14 17 13 16 14 17 14 16 13 17 14 16 13 17 14 16 13 17 14 16 13 17 32 16 31 17 32 16 31 17 32 16 31 17 32 16 31 17 0 17 0 17 0 17 0 17 14 15 13 17 14 15 13 17 35 15 36 17 24 15 23 17 14 15 13 17 35 15 36 17 24 15 23 17 0 17 0 17 43 15 44 17 43 15 44 17 14 15 13 17 35 15 36 17 24 15 23 17 43 15 44 17 0 17 31 15 32 17 31 15 32 17 31 15 32 17 35 15 36 17 24 15 23 17 43 15 44 17 31 15 32 17 0 17 1 15 2 17 1 15 2 17 1 15 2 17 1 15 2 15 2 16 1 15 2 16 1 15 2 16 1 15 2 16 1 15 40 16 39 15 40 16 39 15 40 16 39 15 40 16 39 15 13 16 14 15 13 16 14 15 13 16 14 15 13 16 14 15 31 16 32 15 31 16 32 15 31 16 32 15 31 16 32 15 1 16 2 15 1 16 2 15 1 16 2 15 1 16 2 15 34 16 33 15 34 16 33 15 34 16 33 15 34 16 33 15 34 16 33 15 34 16 33 15 34 16 33 15 34 16 33 17 1 16 2 17 1 16 2 17 1 16 2 17 1 16 2 17 9 16 10 17 9 16 10 17 9 16 10 17 9 16 10 17 11 16 12 17 11 16 12 17 11 16 12 17 11 16 12 17 13 16 14 17 13 16 14 17 13 16 14 17 13 16 14 17 14 16 13 17 14 16 13 17 14 16 13 17 14 16 13 17 32 16 31 17 32 16 31 17 32 16 31 17 32 16 31 17 0 17 0 17 0 17 0 0 0 0 0 0 0 0 0 0 0 0 0 0 0 0 0 0 0 0 0 0 0 0 0 0 0 0 0 0 0 0 0 0 0 0 0 0 0 0 0 0 0 0 0 0 0 0 0 0 0 0 0 0 0 0 0 0 0 0 0 0 0 0 0 0 0 1 0 1 0 1 0 1 0 1 0 1 0 1 0 1 0 1 0 1 0 1 0 1 0 1 0 1 0 1 0 1 0 1 0 1 0 1 0 1 0 1 0 1 0 1 0 1 0 1 0 1 0 1 0 1 0 1 0 1 0 1 0 1 0 1 0 2 0 2 0 2 0 2 0 2 0 2 0 2 0 2 0 2 0 2 0 2 0 2 0 2 0 2 0 2 0 2 0 2 0 2 0 2 0 2 0 2 0 2 0 2 0 2 0 2 0 2 0 2 0 2 0 2 0 2 0 2 0 2 0 2 0 3 0 4 0 3 0 4 0 4 0 4 0 4 0 3 0 4 0 4 0 4 0 4 0 4 0 4 0 4 0 3 0 4 0 4 0 4 0 4 0 4 0 5 3 4 4 5 3 4 4 5 3 4 4 5 1 4 2 4 0 5 0 5 0 5 0 5 0 5 3 4 4 6 0 6 0 6 0 6 0 6 0 6 0 6 0 6 0 6 0 6 0 6 0 6 0 6 0 6 0 6 0 6 0 6 0 6 0 6 0 5 7 6 8 5 7 6 8 5 9 6 10 5 11 6 12 5 7 6 8 5 9 6 10 5 13 6 14 5 0 5 0 5 11 6 12 5 0 5 0 7 0 7 0 7 0 7 0 7 0 7 0 7 0 7 0 7 0 7 0 7 0 7 0 7 0 7 0 7 0 7 0 7 0 7 0 7 0 7 0 7 0 7 0 7 0 7 0 7 0 7 0 7 0 7 0 7 0 7 0 7 0 7 0 7 0 8 0 8 0 8 0 8 0 8 0 8 0 8 0 8 0 8 0 8 0 8 0 8 0 8 0 8 0 8 0 8 0 8 0 8 0 8 0 8 0 8 0 8 0 8 0 8 0 8 0 8 0 8 0 8 0 8 0 8 0 8 0 8 0 8 0 5 0 5 0 9 0 9 0 5 0 9 0 9 0 3 0 9 0 9 0 5 0 9 0 9 0 10 0 10 0 9 0 3 0 10 0 10 0 10 0 10 0 10 0 10 0 10 0 10 0 10 0 10 0 10 0 10 0 10 0 5 7 10 8 5 7 10 8 5 7 10 8 10 0 5 7 10 8 5 0 5 0 5 0 5 0 11 0 11 0 11 0 11 0 11 0 11 0 11 0 11 0 11 0 11 0 11 0 11 0 11 0 11 0 11 0 11 0 11 0 11 0 11 0 11 0 11 0 11 0 11 0 11 0 11 0 11 0 11 0 11 0 11 0 11 0 11 0 11 0 11 0 12 15 13 16 12 15 13 16 12 15 13 16 12 15 13 16 12 15 13 16 12 15 13 16 12 15 13 16 12 15 13 16 12 15 13 16 12 15 13 16 12 15 13 16 12 15 13 16 12 15 13 16 12 15 13 16 12 15 13 16 12 15 13 16 12 15 13 16 12 15 13 16 12 15 13 16 12 15 13 16 12 15 13 16 12 15 13 16 12 15 13 16 12 15 13 16 12 15 13 16 12 15 13 16 12 15 13 16 12 15 13 16 12 15 13 16 12 15 13 16 12 15 13 16 12 15 13 16 12 15 13 16 12 17 13 18 12 17 13 18 12 17 13 18 12 17 13 18 12 17 13 18 12 17 13 18 12 17 13 18 12 17 13 18 12 17 13 18 12 17 13 18 12 17 13 18 12 17 13 18 12 17 13 18 12 17 13 18 12 17 13 18 12 17 13 18 12 17 13 18 12 17 13 18 12 17 13 18 12 17 13 18 12 17 13 18 12 17 13 18 12 17 13 18 12 17 13 18 12 17 13 18 12 17 13 18 12 17 13 18 12 17 13 18 12 17 13 18 12 17 13 18 12 17 13 18 12 17 13 18 12 17 13 18 14 19 13 20 14 19 13 20 14 19 13 20 14 19 13 20 14 19 13 20 14 19 13 20 14 19 13 20 14 19 13 20 14 19 13 20 14 19 13 20 14 19 13 20 14 19 13 20 14 19 13 20 14 19 13 20 14 19 13 20 14 19 13 20 14 19 13 20 14 19 13 20 14 19 13 20 14 19 13 20 14 19 13 20 14 19 13 20 14 19 13 20 14 19 13 20 14 19 13 20 14 19 13 20 14 19 13 20 14 19 13 20 14 19 13 20 14 19 13 20 14 19 13 20 14 19 13 20 14 19 13 20 14 14 13 13 14 14 13 13 14 14 13 13 14 14 13 13 14 14 13 13 14 14 13 13 14 14 13 13 14 14 13 13 14 14 13 13 14 14 13 13 14 14 13 13 14 14 13 13 14 14 13 13 14 14 13 13 14 14 13 13 14 14 13 13 14 14 13 13 14 14 13 13 14 14 13 13 14 14 13 13 14 14 13 13 14 14 13 13 14 14 13 13 14 14 13 13 14 14 13 13 14 14 13 13 14 14 13 13 14 14 13 13 14 14 13 13 14 14 13 13 14 14 13 13 14 14 13 13 14 14 13 13 14 21 13 22 14 21 13 22 14 21 13 22 14 21 13 22 14 21 13 22 14 21 13 22 14 21 13 22 14 21 13 22 14 21 13 22 14 21 13 22 14 21 13 22 14 21 13 22 14 21 13 22 14 21 13 22 14 21 13 22 14 21 13 22 14 21 13 22 14 21 13 22 14 21 13 22 14 21 13 22 14 21 13 22 14 21 13 22 14 21 13 22 14 21 13 22 14 21 13 22 14 21 13 22 14 21 13 22 14 21 13 22 14 21 13 22 14 21 13 22 14 21 13 22 14 21 13 22 14 21 13 22 12 4 14 3 12 4 14 3 12 4 14 3 12 4 14 3 12 4 14 3 12 4 14 3 12 4 14 3 12 4 14 3 12 4 14 3 12 4 14 3 12 4 14 3 12 4 14 3 12 4 14 3 12 4 14 3 12 4 14 3 12 4 14 3 12 4 14 3 12 4 14 3 12 4 14 3 12 4 14 3 12 4 14 3 12 4 14 3 12 4 14 3 12 4 14 3 12 4 14 3 12 4 14 3 12 4 14 3 12 4 14 3 12 4 14 3 12 4 14 3 12 4 14 3 12 4 14 3 12 4 14 3 12 23 14 24 12 23 14 24 12 23 14 24 12 23 14 24 12 23 14 24 12 23 14 24 12 23 14 24 12 23 14 24 12 23 14 24 12 23 14 24 12 23 14 24 12 23 14 24 12 23 14 24 12 23 14 24 12 23 14 24 12 23 14 24 12 23 14 24 12 23 14 24 12 23 14 24 12 23 14 24 12 23 14 24 12 23 14 24 12 23 14 24 12 23 14 24 12 23 14 24 12 23 14 24 12 23 14 24 12 23 14 24 12 23 14 24 12 23 14 24 12 23 14 24 12 23 14 24 12 23 14 24 12 25 14 26 12 25 14 26 12 25 14 26 12 25 14 26 12 25 14 26 12 25 14 26 12 25 14 26 12 25 14 26 12 25 14 26 12 25 14 26 12 25 14 26 12 25 14 26 12 25 14 26 12 25 14 26 12 25 14 26 12 25 14 26 12 25 14 26 12 25 14 26 12 25 14 26 12 25 14 26 12 25 14 26 12 25 14 26 12 25 14 26 12 25 14 26 12 25 14 26 12 25 14 26 12 25 14 26 12 25 14 26 12 25 14 26 12 25 14 26 12 25 14 26 12 25 14 26 12 25 14 26 12 1 14 2 12 1 14 2 12 1 14 2 12 1 14 2 12 1 14 2 12 1 14 2 12 1 14 2 12 1 14 2 12 1 14 2 12 1 14 2 12 1 14 2 12 1 14 2 12 1 14 2 12 1 14 2 12 1 14 2 12 1 14 2 12 1 14 2 12 1 14 2 12 1 14 2 12 1 14 2 12 1 14 2 12 1 14 2 12 1 14 2 12 1 14 2 12 1 14 2 12 1 14 2 12 1 14 2 12 1 14 2 12 1 14 2 12 1 14 2 12 1 14 2 12 1 14 2 12 1 14 2 12 0 12 25 14 26 12 25 14 26 12 0 14 21 13 22 12 1 14 2 12 3 14 4 12 29 14 30 12 0 14 37 13 38 14 37 13 38 14 21 13 22 14 33 13 34 12 1 14 2 14 21 13 22 12 25 14 26 12 0 14 19 13 20 14 19 13 20 14 19 13 20 14 37 13 38 14 21 13 22 14 37 13 38 12 7 13 8 12 7 13 8 12 7 13 8 12 7 13 8 14 19 13 20 12 24 13 23 12 24 13 23 12 17 13 18 12 24 13 23 12 0 12 0 12 0 12 0 12 0 12 25 14 26 12 25 14 26 12 0 12 1 14 2 12 1 14 2 12 3 14 4 12 25 14 26 12 0 14 33 13 34 14 33 13 34 12 1 14 2 12 1 14 2 12 25 14 26 12 0 14 21 13 22 14 21 13 22 14 21 13 22 14 21 13 22 14 33 13 34 14 37 13 38 14 37 13 38 14 37 13 38 14 37 13 38 14 19 13 20 14 39 13 40 14 19 13 20 14 19 13 20 12 24 13 23 13 0 14 19 13 20 13 0 12 24 13 23 12 0 12 0 12 17 13 18 12 17 13 18 12 0 12 0 15 1 16 2 15 1 16 2 15 1 16 2 15 1 16 2 15 1 16 2 15 1 16 2 15 1 16 2 15 1 16 2 15 1 16 2 15 1 16 2 15 1 16 2 15 1 16 2 15 1 16 2 15 1 16 2 15 1 16 2 15 1 16 2 15 1 16 2 15 1 16 2 15 1 16 2 15 1 16 2 15 1 16 2 15 1 16 2 15 1 16 2 15 1 16 2 15 1 16 2 15 1 16 2 15 1 16 2 15 1 16 2 15 1 16 2 15 1 16 2 15 1 16 2 15 1 16 2 15 1 16 2 15 34 16 33 15 34 16 33 15 34 16 33 15 34 16 33 15 34 16 33 15 34 16 33 15 34 16 33 15 34 16 33 15 34 16 33 15 34 16 33 15 34 16 33 15 34 16 33 15 34 16 33 15 34 16 33 15 34 16 33 15 34 16 33 15 34 16 33 15 34 16 33 15 34 16 33 15 34 16 33 15 34 16 33 15 34 16 33 15 34 16 33 15 34 16 33 15 34 16 33 15 34 16 33 15 34 16 33 15 34 16 33 15 34 16 33 15 34 16 33 15 34 16 33 15 34 16 33 15 34 16 33 17 13 16 14 17 13 16 14 17 13 16 14 17 13 16 14 17 13 16 14 17 13 16 14 17 13 16 14 17 13 16 14 17 13 16 14 17 13 16 14 17 13 16 14 17 13 16 14 17 13 16 14 17 13 16 14 17 13 16 14 17 13 16 14 17 13 16 14 17 13 16 14 17 13 16 14 17 13 16 14 17 13 16 14 17 13 16 14 17 13 16 14 17 13 16 14 17 13 16 14 17 13 16 14 17 13 16 14 17 13 16 14 17 13 16 14 17 13 16 14 17 13 16 14 17 13 16 14 17 13 16 14 15 2 16 1 15 2 16 1 15 2 16 1 15 2 16 1 15 2 16 1 15 2 16 1 15 2 16 1 15 2 16 1 15 2 16 1 15 2 16 1 15 2 16 1 15 2 16 1 15 2 16 1 15 2 16 1 15 2 16 1 15 2 16 1 15 2 16 1 15 2 16 1 15 2 16 1 15 2 16 1 15 2 16 1 15 2 16 1 15 2 16 1 15 2 16 1 15 2 16 1 15 2 16 1 15 2 16 1 15 2 16 1 15 2 16 1 15 2 16 1 15 2 16 1 15 2 16 1 15 2 16 1 17 14 15 13 17 14 15 13 17 14 15 13 17 14 15 13 17 14 15 13 17 14 15 13 17 14 15 13 17 14 15 13 17 14 15 13 17 14 15 13 17 14 15 13 17 14 15 13 17 14 15 13 17 14 15 13 17 14 15 13 17 14 15 13 17 14 15 13 17 14 15 13 17 14 15 13 17 14 15 13 17 14 15 13 17 14 15 13 17 14 15 13 17 14 15 13 17 14 15 13 17 14 15 13 17 14 15 13 17 14 15 13 17 14 15 13 17 14 15 13 17 14 15 13 17 14 15 13 17 14 15 13 17 24 15 23 17 24 15 23 17 24 15 23 17 24 15 23 17 24 15 23 17 24 15 23 17 24 15 23 17 24 15 23 17 24 15 23 17 24 15 23 17 24 15 23 17 24 15 23 17 24 15 23 17 24 15 23 17 24 15 23 17 24 15 23 17 24 15 23 17 24 15 23 17 24 15 23 17 24 15 23 17 24 15 23 17 24 15 23 17 24 15 23 17 24 15 23 17 24 15 23 17 24 15 23 17 24 15 23 17 24 15 23 17 24 15 23 17 24 15 23 17 24 15 23 17 24 15 23 17 24 15 23 17 24 15 23 17 0 17 0 17 31 15 32 15 2 16 1 17 0 17 24 15 23 15 2 16 1 15 2 16 1 15 13 16 14 17 0 17 24 15 23 15 2 16 1 15 13 16 14 15 13 16 14 15 13 16 14 15 34 16 33 15 1 16 2 15 34 16 33 15 1 16 2 17 9 16 10 17 9 16 10 17 9 16 10 17 9 16 10 17 13 16 14 17 13 16 14 17 13 16 14 17 13 16 14 17 0 17 0 17 0 17 0 17 0 17 24 15 23 17 0 15 2 16 1 17 43 15 44 17 24 15 23 17 24 15 23 17 0 15 40 16 39 15 2 16 1 17 1 15 2 15 2 16 1 17 24 15 23 17 0 15 34 16 33 15 31 16 32 15 34 16 33 15 34 16 33 15 40 16 39 17 1 16 2 15 34 16 33 17 9 16 10 17 1 16 2 17 0 17 0 17 13 16 14 17 0 17 0 0 0 0 0 0 0 0 0 0 0 0 0 0 0 0 0 0 0 0 0 0 0 0 0 0 0 0 0 0 0 0 0 0 0 0 0 0 0 0 0 0 0 0 0 0 0 0 0 0 0 0 0 0 0 0 0 0 0 0 0 0 0 0 0 0 0 1 0 1 0 1 0 1 0 1 0 1 0 1 0 1 0 1 0 1 0 1 0 1 0 1 0 1 0 1 0 1 0 1 0 1 0 1 0 1 0 1 0 1 0 1 0 1 0 1 0 1 0 1 0 1 0 1 0 1 0 1 0 1 0 1 0 2 0 2 0 2 0 2 0 2 0 2 0 2 0 2 0 2 0 2 0 2 0 2 0 2 0 2 0 2 0 2 0 2 0 2 0 2 0 2 0 2 0 2 0 2 0 2 0 2 0 2 0 2 0 2 0 2 0 2 0 2 0 2 0 2 0 3 0 4 0 3 0 4 0 4 0 4 0 4 0 3 0 4 0 4 0 4 0 4 0 4 0 4 0 4 0 3 0 4 0 4 0 4 0 4 0 4 0 5 3 4 4 5 3 4 4 5 3 4 4 5 1 4 2 4 0 5 0 5 0 5 0 5 0 5 3 4 4 6 0 6 0 6 0 6 0 6 0 6 0 6 0 6 0 6 0 6 0 6 0 6 0 6 0 6 0 6 0 6 0 6 0 6 0 6 0 5 7 6 8 5 7 6 8 5 9 6 10 5 11 6 12 5 7 6 8 5 9 6 10 5 13 6 14 5 0 5 0 5 11 6 12 5 0 5 0 7 0 7 0 7 0 7 0 7 0 7 0 7 0 7 0 7 0 7 0 7 0 7 0 7 0 7 0 7 0 7 0 7 0 7 0 7 0 7 0 7 0 7 0 7 0 7 0 7 0 7 0 7 0 7 0 7 0 7 0 7 0 7 0 7 0 8 0 8 0 8 0 8 0 8 0 8 0 8 0 8 0 8 0 8 0 8 0 8 0 8 0 8 0 8 0 8 0 8 0 8 0 8 0 8 0 8 0 8 0 8 0 8 0 8 0 8 0 8 0 8 0 8 0 8 0 8 0 8 0 8 0 5 0 5 0 9 0 9 0 5 0 9 0 9 0 3 0 9 0 9 0 5 0 9 0 9 0 10 0 10 0 9 0 3 0 10 0 10 0 10 0 10 0 10 0 10 0 10 0 10 0 10 0 10 0 10 0 10 0 10 0 5 7 10 8 5 7 10 8 5 7 10 8 10 0 5 7 10 8 5 0 5 0 5 0 5 0 11 0 11 0 11 0 11 0 11 0 11 0 11 0 11 0 11 0 11 0 11 0 11 0 11 0 11 0 11 0 11 0 11 0 11 0 11 0 11 0 11 0 11 0 11 0 11 0 11 0 11 0 11 0 11 0 11 0 11 0 11 0 11 0 11 0 12 15 13 16 12 15 13 16 12 15 13 16 12 15 13 16 12 15 13 16 12 15 13 16 12 15 13 16 12 15 13 16 12 15 13 16 12 15 13 16 12 15 13 16 12 15 13 16 12 15 13 16 12 15 13 16 12 15 13 16 12 15 13 16 12 15 13 16 12 15 13 16 12 15 13 16 12 15 13 16 12 15 13 16 12 15 13 16 12 15 13 16 12 15 13 16 12 15 13 16 12 15 13 16 12 15 13 16 12 15 13 16 12 15 13 16 12 15 13 16 12 15 13 16 12 15 13 16 12 15 13 16 12 17 13 18 12 17 13 18 12 17 13 18 12 17 13 18 12 17 13 18 12 17 13 18 12 17 13 18 12 17 13 18 12 17 13 18 12 17 13 18 12 17 13 18 12 17 13 18 12 17 13 18 12 17 13 18 12 17 13 18 12 17 13 18 12 17 13 18 12 17 13 18 12 17 13 18 12 17 13 18 12 17 13 18 12 17 13 18 12 17 13 18 12 17 13 18 12 17 13 18 12 17 13 18 12 17 13 18 12 17 13 18 12 17 13 18 12 17 13 18 12 17 13 18 12 17 13 18 12 17 13 18 14 19 13 20 14 19 13 20 14 19 13 20 14 19 13 20 14 19 13 20 14 19 13 20 14 19 13 20 14 19 13 20 14 19 13 20 14 19 13 20 14 19 13 20 14 19 13 20 14 19 13 20 14 19 13 20 14 19 13 20 14 19 13 20 14 19 13 20 14 19 13 20 14 19 13 20 14 19 13 20 14 19 13 20 14 19 13 20 14 19 13 20 14 19 13 20 14 19 13 20 14 19 13 20 14 19 13 20 14 19 13 20 14 19 13 20 14 19 13 20 14 19 13 20 14 19 13 20 14 19 13 20 14 14 13 13 14 14 13 13 14 14 13 13 14 14 13 13 14 14 13 13 14 14 13 13 14 14 13 13 14 14 13 13 14 14 13 13 14 14 13 13 14 14 13 13 14 14 13 13 14 14 13 13 14 14 13 13 14 14 13 13 14 14 13 13 14 14 13 13 14 14 13 13 14 14 13 13 14 14 13 13 14 14 13 13 14 14 13 13 14 14 13 13 14 14 13 13 14 14 13 13 14 14 13 13 14 14 13 13 14 14 13 13 14 14 13 13 14 14 13 13 14 14 13 13 14 14 13 13 14 14 13 13 14 21 13 22 14 21 13 22 14 21 13 22 14 21 13 22 14 21 13 22 14 21 13 22 14 21 13 22 14 21 13 22 14 21 13 22 14 21 13 22 14 21 13 22 14 21 13 22 14 21 13 22 14 21 13 22 14 21 13 22 14 21 13 22 14 21 13 22 14 21 13 22 14 21 13 22 14 21 13 22 14 21 13 22 14 21 13 22 14 21 13 22 14 21 13 22 14 21 13 22 14 21 13 22 14 21 13 22 14 21 13 22 14 21 13 22 14 21 13 22 14 21 13 22 14 21 13 22 14 21 13 22 12 4 14 3 12 4 14 3 12 4 14 3 12 4 14 3 12 4 14 3 12 4 14 3 12 4 14 3 12 4 14 3 12 4 14 3 12 4 14 3 12 4 14 3 12 4 14 3 12 4 14 3 12 4 14 3 12 4 14 3 12 4 14 3 12 4 14 3 12 4 14 3 12 4 14 3 12 4 14 3 12 4 14 3 12 4 14 3 12 4 14 3 12 4 14 3 12 4 14 3 12 4 14 3 12 4 14 3 12 4 14 3 12 4 14 3 12 4 14 3 12 4 14 3 12 4 14 3 12 4 14 3 12 23 14 24 12 23 14 24 12 23 14 24 12 23 14 24 12 23 14 24 12 23 14 24 12 23 14 24 12 23 14 24 12 23 14 24 12 23 14 24 12 23 14 24 12 23 14 24 12 23 14 24 12 23 14 24 12 23 14 24 12 23 14 24 12 23 14 24 12 23 14 24 12 23 14 24 12 23 14 24 12 23 14 24 12 23 14 24 12 23 14 24 12 23 14 24 12 23 14 24 12 23 14 24 12 23 14 24 12 23 14 24 12 23 14 24 12 23 14 24 12 23 14 24 12 23 14 24 12 23 14 24 12 25 14 26 12 25 14 26 12 25 14 26 12 25 14 26 12 25 14 26 12 25 14 26 12 25 14 26 12 25 14 26 12 25 14 26 12 25 14 26 12 25 14 26 12 25 14 26 12 25 14 26 12 25 14 26 12 25 14 26 12 25 14 26 12 25 14 26 12 25 14 26 12 25 14 26 12 25 14 26 12 25 14 26 12 25 14 26 12 25 14 26 12 25 14 26 12 25 14 26 12 25 14 26 12 25 14 26 12 25 14 26 12 25 14 26 12 25 14 26 12 25 14 26 12 25 14 26 12 25 14 26 12 1 14 2 12 1 14 2 12 1 14 2 12 1 14 2 12 1 14 2 12 1 14 2 12 1 14 2 12 1 14 2 12 1 14 2 12 1 14 2 12 1 14 2 12 1 14 2 12 1 14 2 12 1 14 2 12 1 14 2 12 1 14 2 12 1 14 2 12 1 14 2 12 1 14 2 12 1 14 2 12 1 14 2 12 1 14 2 12 1 14 2 12 1 14 2 12 1 14 2 12 1 14 2 12 1 14 2 12 1 14 2 12 1 14 2 12 1 14 2 12 1 14 2 12 1 14 2 12 1 14 2 12 0 12 25 14 26 12 25 14 26 12 0 14 21 13 22 12 1 14 2 12 3 14 4 12 29 14 30 12 0 14 37 13 38 14 37 13 38 14 21 13 22 14 33 13 34 12 1 14 2 14 21 13 22 12 25 14 26 12 0 14 19 13 20 14 19 13 20 14 19 13 20 14 37 13 38 14 21 13 22 14 37 13 38 12 7 13 8 12 7 13 8 12 7 13 8 12 7 13 8 14 19 13 20 12 24 13 23 12 24 13 23 12 17 13 18 12 24 13 23 12 0 12 0 12 0 12 0 12 0 12 25 14 26 12 25 14 26 12 0 12 1 14 2 12 1 14 2 12 3 14 4 12 25 14 26 12 0 14 33 13 34 14 33 13 34 12 1 14 2 12 1 14 2 12 25 14 26 12 0 14 21 13 22 14 21 13 22 14 21 13 22 14 21 13 22 14 33 13 34 14 37 13 38 14 37 13 38 14 37 13 38 14 37 13 38 14 19 13 20 14 39 13 40 14 19 13 20 14 19 13 20 12 24 13 23 13 0 14 19 13 20 13 0 12 24 13 23 12 0 12 0 12 17 13 18 12 17 13 18 12 0 12 0 15 1 16 2 15 1 16 2 15 1 16 2 15 1 16 2 15 1 16 2 15 1 16 2 15 1 16 2 15 1 16 2 15 1 16 2 15 1 16 2 15 1 16 2 15 1 16 2 15 1 16 2 15 1 16 2 15 1 16 2 15 1 16 2 15 1 16 2 15 1 16 2 15 1 16 2 15 1 16 2 15 1 16 2 15 1 16 2 15 1 16 2 15 1 16 2 15 1 16 2 15 1 16 2 15 1 16 2 15 1 16 2 15 1 16 2 15 1 16 2 15 1 16 2 15 1 16 2 15 1 16 2 15 34 16 33 15 34 16 33 15 34 16 33 15 34 16 33 15 34 16 33 15 34 16 33 15 34 16 33 15 34 16 33 15 34 16 33 15 34 16 33 15 34 16 33 15 34 16 33 15 34 16 33 15 34 16 33 15 34 16 33 15 34 16 33 15 34 16 33 15 34 16 33 15 34 16 33 15 34 16 33 15 34 16 33 15 34 16 33 15 34 16 33 15 34 16 33 15 34 16 33 15 34 16 33 15 34 16 33 15 34 16 33 15 34 16 33 15 34 16 33 15 34 16 33 15 34 16 33 15 34 16 33 17 13 16 14 17 13 16 14 17 13 16 14 17 13 16 14 17 13 16 14 17 13 16 14 17 13 16 14 17 13 16 14 17 13 16 14 17 13 16 14 17 13 16 14 17 13 16 14 17 13 16 14 17 13 16 14 17 13 16 14 17 13 16 14 17 13 16 14 17 13 16 14 17 13 16 14 17 13 16 14 17 13 16 14 17 13 16 14 17 13 16 14 17 13 16 14 17 13 16 14 17 13 16 14 17 13 16 14 17 13 16 14 17 13 16 14 17 13 16 14 17 13 16 14 17 13 16 14 17 13 16 14 15 2 16 1 15 2 16 1 15 2 16 1 15 2 16 1 15 2 16 1 15 2 16 1 15 2 16 1 15 2 16 1 15 2 16 1 15 2 16 1 15 2 16 1 15 2 16 1 15 2 16 1 15 2 16 1 15 2 16 1 15 2 16 1 15 2 16 1 15 2 16 1 15 2 16 1 15 2 16 1 15 2 16 1 15 2 16 1 15 2 16 1 15 2 16 1 15 2 16 1 15 2 16 1 15 2 16 1 15 2 16 1 15 2 16 1 15 2 16 1 15 2 16 1 15 2 16 1 15 2 16 1 17 14 15 13 17 14 15 13 17 14 15 13 17 14 15 13 17 14 15 13 17 14 15 13 17 14 15 13 17 14 15 13 17 14 15 13 17 14 15 13 17 14 15 13 17 14 15 13 17 14 15 13 17 14 15 13 17 14 15 13 17 14 15 13 17 14 15 13 17 14 15 13 17 14 15 13 17 14 15 13 17 14 15 13 17 14 15 13 17 14 15 13 17 14 15 13 17 14 15 13 17 14 15 13 17 14 15 13 17 14 15 13 17 14 15 13 17 14 15 13 17 14 15 13 17 14 15 13 17 14 15 13 17 24 15 23 17 24 15 23 17 24 15 23 17 24 15 23 17 24 15 23 17 24 15 23 17 24 15 23 17 24 15 23 17 24 15 23 17 24 15 23 17 24 15 23 17 24 15 23 17 24 15 23 17 24 15 23 17 24 15 23 17 24 15 23 17 24 15 23 17 24 15 23 17 24 15 23 17 24 15 23 17 24 15 23 17 24 15 23 17 24 15 23 17 24 15 23 17 24 15 23 17 24 15 23 17 24 15 23 17 24 15 23 17 24 15 23 17 24 15 23 17 24 15 23 17 24 15 23 17 24 15 23 17 24 15 23 17 0 17 0 17 31 15 32 15 2 16 1 17 0 17 24 15 23 15 2 16 1 15 2 16 1 15 13 16 14 17 0 17 24 15 23 15 2 16 1 15 13 16 14 15 13 16 14 15 13 16 14 15 34 16 33 15 1 16 2 15 34 16 33 15 1 16 2 17 9 16 10 17 9 16 10 17 9 16 10 17 9 16 10 17 13 16 14 17 13 16 14 17 13 16 14 17 13 16 14 17 0 17 0 17 0 17 0 17 0 17 24 15 23 17 0 15 2 16 1 17 43 15 44 17 24 15 23 17 24 15 23 17 0 15 40 16 39 15 2 16 1 17 1 15 2 15 2 16 1 17 24 15 23 17 0 15 34 16 33 15 31 16 32 15 34 16 33 15 34 16 33 15 40 16 39 17 1 16 2 15 34 16 33 17 9 16 10 17 1 16 2 17 0 17 0 17 13 16 14 17 0 17 0 </v>
        </vertex_weights>
      </skin>
    </controller>
    <controller id="Armature_wire_set2__GrafittiMetalPlate-mesh">
      <skin source="#wire_set2__GrafittiMetalPlate-mesh">
        <bind_shape_matrix>1 0 0 0 0 1 0 0 0 0 1 0 0 0 0 1</bind_shape_matrix>
        <source id="wire_set2__GrafittiMetalPlate-mesh-joint">
          <Name_array id="wire_set2__GrafittiMetalPlate-mesh-joint-array" count="6">set2_joint3 set3_joint4_2 set3_joint2_2 set3_joint3_3 set3_joint3_2 set3_joint1_2</Name_array>
          <technique_common>
            <accessor source="#wire_set2__GrafittiMetalPlate-mesh-joint-array" count="6" stride="1">
              <param name="JOINT" type="name" />
            </accessor>
          </technique_common>
        </source>
        <source id="wire_set2__GrafittiMetalPlate-mesh-inv_bind_matrix">
          <float_array id="wire_set2__GrafittiMetalPlate-mesh-inv_bind_matrix-array" count="96">0.9449719 0 0.327152 458.1101 0 1 0 -310.6384 -0.327152 0 0.9449719 102.9241 0 0 0 1 1 0 0 103.9586 0 1 0 -226.9958 0 0 1 -246.0247 0 0 0 1 1 0 0 -87.18004 0 1 0 -374.0511 0 0 1 386.6015 0 0 0 1 1 0 0 -284.1573 0 1 0 -281.5327 0 0 1 -320.9684 0 0 0 1 1 0 0 -89.08827 0 1 0 -253.3287 0 0 1 -183.7144 0 0 0 1 1 0 0 218.5407 0 1 0 -131.291 0 0 1 33.51202 0 0 0 1</float_array>
          <technique_common>
            <accessor source="#wire_set2__GrafittiMetalPlate-mesh-inv_bind_matrix-array" count="6" stride="16">
              <param name="TRANSFORM" type="float4x4" />
            </accessor>
          </technique_common>
        </source>
        <source id="wire_set2__GrafittiMetalPlate-mesh-weight">
          <float_array id="wire_set2__GrafittiMetalPlate-mesh-weight-array" count="1">1</float_array>
          <technique_common>
            <accessor source="#wire_set2__GrafittiMetalPlate-mesh-weight-array" count="1" stride="1">
              <param name="WEIGHT" type="float" />
            </accessor>
          </technique_common>
        </source>
        <joints>
          <input semantic="JOINT" source="#wire_set2__GrafittiMetalPlate-mesh-joint" />
          <input semantic="INV_BIND_MATRIX" source="#wire_set2__GrafittiMetalPlate-mesh-inv_bind_matrix" />
        </joints>
        <vertex_weights count="144">
          <input semantic="JOINT" source="#wire_set2__GrafittiMetalPlate-mesh-joint" offset="0" />
          <input semantic="WEIGHT" source="#wire_set2__GrafittiMetalPlate-mesh-weight" offset="1" />
          <vcount>1 1 1 1 1 1 1 1 1 1 1 1 1 1 1 1 1 1 1 1 1 1 1 1 1 1 1 1 1 1 1 1 1 1 1 1 1 1 1 1 1 1 1 1 1 1 1 1 1 1 1 1 1 1 1 1 1 1 1 1 1 1 1 1 1 1 1 1 1 1 1 1 1 1 1 1 1 1 1 1 1 1 1 1 1 1 1 1 1 1 1 1 1 1 1 1 1 1 1 1 1 1 1 1 1 1 1 1 1 1 1 1 1 1 1 1 1 1 1 1 1 1 1 1 1 1 1 1 1 1 1 1 1 1 1 1 1 1 1 1 1 1 1 1 </vcount>
          <v>0 0 0 0 0 0 0 0 0 0 0 0 0 0 0 0 1 0 1 0 1 0 1 0 2 0 2 0 2 0 2 0 2 0 2 0 2 0 2 0 1 0 1 0 1 0 1 0 3 0 3 0 3 0 3 0 4 0 4 0 4 0 4 0 5 0 5 0 5 0 5 0 5 0 5 0 5 0 5 0 3 0 3 0 3 0 3 0 4 0 4 0 4 0 4 0 0 0 0 0 0 0 0 0 0 0 0 0 0 0 0 0 1 0 1 0 1 0 2 0 2 0 1 0 1 0 1 0 3 0 3 0 3 0 3 0 4 0 4 0 4 0 5 0 5 0 5 0 5 0 5 0 5 0 5 0 5 0 3 0 3 0 3 0 3 0 4 0 4 0 4 0 1 0 1 0 2 0 2 0 2 0 2 0 2 0 2 0 4 0 4 0 0 0 0 0 0 0 0 0 0 0 0 0 0 0 0 0 1 0 1 0 1 0 2 0 2 0 1 0 1 0 1 0 3 0 3 0 3 0 3 0 4 0 4 0 4 0 5 0 5 0 5 0 5 0 5 0 5 0 5 0 5 0 3 0 3 0 3 0 3 0 4 0 4 0 4 0 1 0 1 0 2 0 2 0 2 0 2 0 2 0 2 0 4 0 4 0 </v>
        </vertex_weights>
      </skin>
    </controller>
  </library_controllers>
  <library_visual_scenes>
    <visual_scene id="Scene" name="Scene">
      <node id="Armature" name="Armature" type="NODE">
        <matrix sid="transform">1 0 0 0 0 1 0 0 0 0 1 0 0 0 0 1</matrix>
        <node id="Armature_nw4f_root" name="nw4f_root" sid="nw4f_root" type="JOINT">
          <matrix sid="transform">1 0 0 0 0 1 0 0 0 0 1 0 0 0 0 1</matrix>
          <node id="Armature_root_set1" name="root_set1" sid="root_set1" type="JOINT">
            <matrix sid="transform">1 0 0 0 0 1 0 0 0 0 1 0 0 0 0 1</matrix>
            <node id="Armature_set1_joint1" name="set1_joint1" sid="set1_joint1" type="JOINT">
              <matrix sid="transform">1 0 0 215.6065 0 1 0 157.0564 0 0 1 -222.4626 0 0 0 1</matrix>
            </node>
            <node id="Armature_set1_joint2" name="set1_joint2" sid="set1_joint2" type="JOINT">
              <matrix sid="transform">1 0 0 330.6072 0 1 0 108.4383 0 0 1 -58.07268 0 0 0 1</matrix>
            </node>
          </node>
          <node id="Armature_root_set2" name="root_set2" sid="root_set2" type="JOINT">
            <matrix sid="transform">1 0 0 0 0 1 0 0.1771419 0 0 1 -0.6739137 0 0 0 1</matrix>
            <node id="Armature_set2_joint1" name="set2_joint1" sid="set2_joint1" type="JOINT">
              <matrix sid="transform">1 0 0 -236.6039 0 1 0 358.7484 0 0 1 230.6739 0 0 0 1</matrix>
            </node>
            <node id="Armature_set2_joint2" name="set2_joint2" sid="set2_joint2" type="JOINT">
              <matrix sid="transform">1 0 0 -399.2292 0 1 0 319.319 0 0 1 -246.458 0 0 0 1</matrix>
              <node id="Armature_set2_joint3" name="set2_joint3" sid="set2_joint3" type="JOINT">
                <matrix sid="transform">0.9449717 0 -0.3271519 1.028385E-05 0 1 0 -8.857747 0.3271519 0 0.9449717 1.23959E-06 0 0 0 1</matrix>
              </node>
            </node>
          </node>
          <node id="Armature_root_set3" name="root_set3" sid="root_set3" type="JOINT">
            <matrix sid="transform">1 0 0 0 0 1 0 0 0 0 1 0 0 0 0 1</matrix>
            <node id="Armature_set3_joint_clasp" name="set3_joint_clasp" sid="set3_joint_clasp" type="JOINT">
              <matrix sid="transform">1 0 0 -54.82847 0 1 0 246.952 0 0 1 82.69897 0 0 0 1</matrix>
              <node id="Armature_set3_joint1_1" name="set3_joint1_1" sid="set3_joint1_1" type="JOINT">
                <matrix sid="transform">1 0 0 -1.347964 0 1 0 -1.765474 0 0 1 -0.9717238 0 0 0 1</matrix>
                <node id="Armature_set3_joint1_2" name="set3_joint1_2" sid="set3_joint1_2" type="JOINT">
                  <matrix sid="transform">1 0 0 -162.3643 0 1 0 -113.8955 0 0 1 -115.2393 0 0 0 1</matrix>
                </node>
              </node>
              <node id="Armature_set3_joint2_1" name="set3_joint2_1" sid="set3_joint2_1" type="JOINT">
                <matrix sid="transform">1 0 0 0.6533484 0 1 0 5.952639 0 0 1 -2.044592 0 0 0 1</matrix>
                <node id="Armature_set3_joint2_2" name="set3_joint2_2" sid="set3_joint2_2" type="JOINT">
                  <matrix sid="transform">1 0 0 141.3552 0 1 0 121.1464 0 0 1 -467.2559 0 0 0 1</matrix>
                </node>
              </node>
              <node id="Armature_set3_joint3_1" name="set3_joint3_1" sid="set3_joint3_1" type="JOINT">
                <matrix sid="transform">1 0 0 1.623056 0 1 0 -1.765474 0 0 1 1.112117 0 0 0 1</matrix>
                <node id="Armature_set3_joint3_2" name="set3_joint3_2" sid="set3_joint3_2" type="JOINT">
                  <matrix sid="transform">1 0 0 142.2937 0 1 0 8.142149 0 0 1 99.90336 0 0 0 1</matrix>
                </node>
                <node id="Armature_set3_joint3_3" name="set3_joint3_3" sid="set3_joint3_3" type="JOINT">
                  <matrix sid="transform">1 0 0 337.3627 0 1 0 36.34612 0 0 1 237.1573 0 0 0 1</matrix>
                </node>
              </node>
              <node id="Armature_set3_joint4_1" name="set3_joint4_1" sid="set3_joint4_1" type="JOINT">
                <matrix sid="transform">1 0 0 -0.5433126 0 1 0 5.230451 0 0 1 1.958032 0 0 0 1</matrix>
                <node id="Armature_set3_joint4_2" name="set3_joint4_2" sid="set3_joint4_2" type="JOINT">
                  <matrix sid="transform">1 0 0 -48.58679 0 1 0 -25.1867 0 0 1 161.3677 0 0 0 1</matrix>
                </node>
              </node>
            </node>
          </node>
        </node>
      </node>
      <node id="Sticker__GrafittiMetalPlate" name="Sticker__GrafittiMetalPlate" type="NODE">
        <instance_controller url="#Armature_Sticker__GrafittiMetalPlate-mesh">
          <skeleton>#Armature_nw4f_root</skeleton>
          <bind_material>
            <technique_common>
              <instance_material symbol="GrafittiMetalPlate" target="#GrafittiMetalPlate" />
              <bind_vertex_input semantic="CHANNEL0" input_semantic="TEXCOORD" input_set="0" />
              <bind_vertex_input semantic="CHANNEL1" input_semantic="TEXCOORD" input_set="1" />
              <bind_vertex_input semantic="CHANNEL2" input_semantic="TEXCOORD" input_set="2" />
            </technique_common>
          </bind_material>
        </instance_controller>
      </node>
      <node id="wire_clasp__OBJFrameSteelSet" name="wire_clasp__OBJFrameSteelSet" type="NODE">
        <instance_controller url="#Armature_wire_clasp__OBJFrameSteelSet-mesh">
          <skeleton>#Armature_nw4f_root</skeleton>
          <bind_material>
            <technique_common>
              <instance_material symbol="OBJFrameSteelSet" target="#OBJFrameSteelSet" />
              <bind_vertex_input semantic="CHANNEL0" input_semantic="TEXCOORD" input_set="0" />
              <bind_vertex_input semantic="CHANNEL1" input_semantic="TEXCOORD" input_set="1" />
              <bind_vertex_input semantic="CHANNEL2" input_semantic="TEXCOORD" input_set="2" />
            </technique_common>
          </bind_material>
        </instance_controller>
      </node>
      <node id="wire_set1__OBJFrameSteelSet" name="wire_set1__OBJFrameSteelSet" type="NODE">
        <instance_controller url="#Armature_wire_set1__OBJFrameSteelSet-mesh">
          <skeleton>#Armature_nw4f_root</skeleton>
          <bind_material>
            <technique_common>
              <instance_material symbol="OBJFrameSteelSet" target="#OBJFrameSteelSet" />
              <bind_vertex_input semantic="CHANNEL0" input_semantic="TEXCOORD" input_set="0" />
              <bind_vertex_input semantic="CHANNEL1" input_semantic="TEXCOORD" input_set="1" />
              <bind_vertex_input semantic="CHANNEL2" input_semantic="TEXCOORD" input_set="2" />
            </technique_common>
          </bind_material>
        </instance_controller>
      </node>
      <node id="wire_set2__GrafittiMetalPlate" name="wire_set2__GrafittiMetalPlate" type="NODE">
        <instance_controller url="#Armature_wire_set2__GrafittiMetalPlate-mesh">
          <skeleton>#Armature_nw4f_root</skeleton>
          <bind_material>
            <technique_common>
              <instance_material symbol="GrafittiMetalPlate" target="#GrafittiMetalPlate" />
              <bind_vertex_input semantic="CHANNEL0" input_semantic="TEXCOORD" input_set="0" />
              <bind_vertex_input semantic="CHANNEL1" input_semantic="TEXCOORD" input_set="1" />
              <bind_vertex_input semantic="CHANNEL2" input_semantic="TEXCOORD" input_set="2" />
            </technique_common>
          </bind_material>
        </instance_controller>
      </node>
    </visual_scene>
  </library_visual_scenes>
  <scene>
    <instance_visual_scene url="#Scene" />
  </scene>
</COLLADA>