<?xml version="1.0" encoding="utf-8"?>
<COLLADA xmlns="http://www.collada.org/2005/11/COLLADASchema" version="1.4.1" xmlns:xsi="http://www.w3.org/2001/XMLSchema-instance">
  <asset>
    <contributor>
      <author>Centrixe</author>
      <authoring_tool>OpenCOLLADA for 3ds Max;  Version: 1.6;  Revision: 68</authoring_tool>
    </contributor>
    <created>2022-12-24T07:26:26</created>
    <modified>2022-12-24T07:26:26</modified>
    <unit name="inch" meter="0.0254"/>
    <up_axis>Z_UP</up_axis>
  </asset>
  <library_effects>
    <effect id="M_JKT023">
      <profile_COMMON>
        <newparam sid="M_JKT023_Alb_png-surface">
          <surface type="2D">
            <init_from>M_JKT023_Alb_png</init_from>
          </surface>
        </newparam>
        <newparam sid="M_JKT023_Alb_png-sampler">
          <sampler2D>
            <source>M_JKT023_Alb_png-surface</source>
          </sampler2D>
        </newparam>
        <newparam sid="M_JKT023_Rgh_png-surface">
          <surface type="2D">
            <init_from>M_JKT023_Rgh_png</init_from>
          </surface>
        </newparam>
        <newparam sid="M_JKT023_Rgh_png-sampler">
          <sampler2D>
            <source>M_JKT023_Rgh_png-surface</source>
          </sampler2D>
        </newparam>
        <newparam sid="M_JKT023_Nrm_png-surface">
          <surface type="2D">
            <init_from>M_JKT023_Nrm_png</init_from>
          </surface>
        </newparam>
        <newparam sid="M_JKT023_Nrm_png-sampler">
          <sampler2D>
            <source>M_JKT023_Nrm_png-surface</source>
          </sampler2D>
        </newparam>
        <technique sid="common">
          <blinn>
            <emission>
              <color>0 0 0 1</color>
            </emission>
            <ambient>
              <color>0.588 0.588 0.588 1</color>
            </ambient>
            <diffuse>
              <texture texture="M_JKT023_Alb_png-sampler" texcoord="CHANNEL1"/>
            </diffuse>
            <specular>
              <color>0 0 0 1</color>
            </specular>
            <shininess>
              <float>10</float>
            </shininess>
            <reflective>
              <color>0 0 0 1</color>
            </reflective>
            <transparent opaque="A_ONE">
              <texture texture="M_JKT023_Alb_png-sampler" texcoord="CHANNEL1"/>
            </transparent>
            <transparency>
              <float>1</float>
            </transparency>
          </blinn>
          <extra>
            <technique profile="OpenCOLLADA3dsMax">
              <gloss>
                <texture texture="M_JKT023_Rgh_png-sampler" texcoord="CHANNEL1"/>
              </gloss>
              <bump bumptype="HEIGHTFIELD">
                <texture texture="M_JKT023_Nrm_png-sampler" texcoord="CHANNEL1"/>
              </bump>
            </technique>
          </extra>
        </technique>
      </profile_COMMON>
      <extra>
        <technique profile="OpenCOLLADA3dsMax">
          <extended_shader>
            <opacity_type sid="opacity_type" type="int">0</opacity_type>
            <falloff_type sid="falloff_type" type="int">0</falloff_type>
            <falloff sid="falloff" type="float">0</falloff>
            <index_of_refraction sid="index_of_refraction" type="float">1.5</index_of_refraction>
            <wire_size sid="wire_size" type="float">1</wire_size>
            <wire_units sid="wire_units" type="int">0</wire_units>
            <apply_reflection_dimming sid="apply_reflection_dimming" type="bool">0</apply_reflection_dimming>
            <dim_level sid="dim_level" type="float">0</dim_level>
            <reflection_level sid="reflection_level" type="float">3</reflection_level>
          </extended_shader>
          <shader>
            <ambient_diffuse_texture_lock sid="ambient_diffuse_texture_lock" type="bool">1</ambient_diffuse_texture_lock>
            <ambient_diffuse_lock sid="ambient_diffuse_lock" type="bool">1</ambient_diffuse_lock>
            <diffuse_specular_lock sid="diffuse_specular_lock" type="bool">0</diffuse_specular_lock>
            <use_self_illum_color sid="use_self_illum_color" type="bool">0</use_self_illum_color>
            <self_illumination sid="self_illumination" type="float">0</self_illumination>
            <specular_level sid="specular_level" type="float">0</specular_level>
            <soften sid="soften" type="float">0.1</soften>
          </shader>
        </technique>
      </extra>
    </effect>
    <effect id="M_JKT023_1">
      <profile_COMMON>
        <newparam sid="M_JKT023_Alb_png-surface">
          <surface type="2D">
            <init_from>M_JKT023_Alb_png</init_from>
          </surface>
        </newparam>
        <newparam sid="M_JKT023_Alb_png-sampler">
          <sampler2D>
            <source>M_JKT023_Alb_png-surface</source>
          </sampler2D>
        </newparam>
        <newparam sid="M_JKT023_Rgh_png-surface">
          <surface type="2D">
            <init_from>M_JKT023_Rgh_png</init_from>
          </surface>
        </newparam>
        <newparam sid="M_JKT023_Rgh_png-sampler">
          <sampler2D>
            <source>M_JKT023_Rgh_png-surface</source>
          </sampler2D>
        </newparam>
        <newparam sid="M_JKT023_Nrm_png-surface">
          <surface type="2D">
            <init_from>M_JKT023_Nrm_png</init_from>
          </surface>
        </newparam>
        <newparam sid="M_JKT023_Nrm_png-sampler">
          <sampler2D>
            <source>M_JKT023_Nrm_png-surface</source>
          </sampler2D>
        </newparam>
        <technique sid="common">
          <blinn>
            <emission>
              <color>0 0 0 1</color>
            </emission>
            <ambient>
              <color>0.588 0.588 0.588 1</color>
            </ambient>
            <diffuse>
              <texture texture="M_JKT023_Alb_png-sampler" texcoord="CHANNEL1"/>
            </diffuse>
            <specular>
              <color>0 0 0 1</color>
            </specular>
            <shininess>
              <float>10</float>
            </shininess>
            <reflective>
              <color>0 0 0 1</color>
            </reflective>
            <transparent opaque="A_ONE">
              <texture texture="M_JKT023_Alb_png-sampler" texcoord="CHANNEL1"/>
            </transparent>
            <transparency>
              <float>1</float>
            </transparency>
          </blinn>
          <extra>
            <technique profile="OpenCOLLADA3dsMax">
              <gloss>
                <texture texture="M_JKT023_Rgh_png-sampler" texcoord="CHANNEL1"/>
              </gloss>
              <bump bumptype="HEIGHTFIELD">
                <texture texture="M_JKT023_Nrm_png-sampler" texcoord="CHANNEL1"/>
              </bump>
            </technique>
          </extra>
        </technique>
      </profile_COMMON>
      <extra>
        <technique profile="OpenCOLLADA3dsMax">
          <extended_shader>
            <opacity_type sid="opacity_type" type="int">0</opacity_type>
            <falloff_type sid="falloff_type" type="int">0</falloff_type>
            <falloff sid="falloff" type="float">0</falloff>
            <index_of_refraction sid="index_of_refraction" type="float">1.5</index_of_refraction>
            <wire_size sid="wire_size" type="float">1</wire_size>
            <wire_units sid="wire_units" type="int">0</wire_units>
            <apply_reflection_dimming sid="apply_reflection_dimming" type="bool">0</apply_reflection_dimming>
            <dim_level sid="dim_level" type="float">0</dim_level>
            <reflection_level sid="reflection_level" type="float">3</reflection_level>
          </extended_shader>
          <shader>
            <ambient_diffuse_texture_lock sid="ambient_diffuse_texture_lock" type="bool">1</ambient_diffuse_texture_lock>
            <ambient_diffuse_lock sid="ambient_diffuse_lock" type="bool">1</ambient_diffuse_lock>
            <diffuse_specular_lock sid="diffuse_specular_lock" type="bool">0</diffuse_specular_lock>
            <use_self_illum_color sid="use_self_illum_color" type="bool">0</use_self_illum_color>
            <self_illumination sid="self_illumination" type="float">0</self_illumination>
            <specular_level sid="specular_level" type="float">0</specular_level>
            <soften sid="soften" type="float">0.1</soften>
          </shader>
        </technique>
      </extra>
    </effect>
  </library_effects>
  <library_materials>
    <material id="M_JKT023-material" name="M_JKT023">
      <instance_effect url="#M_JKT023"/>
    </material>
    <material id="M_JKT023_1-material" name="M_JKT023">
      <instance_effect url="#M_JKT023_1"/>
    </material>
  </library_materials>
  <library_geometries>
    <geometry id="geom-Clt_JKT023__M_JKT023" name="Clt_JKT023__M_JKT023">
      <mesh>
        <source id="geom-Clt_JKT023__M_JKT023-positions">
          <float_array id="geom-Clt_JKT023__M_JKT023-positions-array" count="8349">-0.03601227 0.09636656 0.409689 -0.06275937 0.07224756 0.4156771 -0.05184693 0.06240925 0.3934228 0.05184693 0.06240925 0.3934229 0.06275935 0.07224756 0.4156771 0.03601226 0.09636656 0.409689 0.07175305 -0.01347006 0.4102464 0.07411289 0.02876076 0.4169779 0.07025074 0.004756699 0.3925408 -0.07025075 0.0047567 0.3925408 -0.07411291 0.02876076 0.4169779 -0.07175307 -0.01347007 0.4102464 0.03753667 -0.06449896 0.367819 0.006869976 -0.08102405 0.3452847 0.00497446 -0.08401081 0.3555633 -0.007513246 -0.08632675 0.3493264 -0.01468746 -0.09329644 0.3483002 0.006869976 -0.08102405 0.3452847 -0.01468746 -0.09329644 0.3483002 -0.007513246 -0.08632675 0.3493264 -0.007066607 -0.0874393 0.359928 -0.02381538 -0.1004952 0.3464715 -0.04923593 -0.06151855 0.3630817 -0.007066607 -0.0874393 0.359928 0 0.007994026 0.3001029 0.07025074 0.004756699 0.3925408 0.05184693 0.06240925 0.3934229 -0.05184693 0.06240925 0.3934228 -0.07025075 0.0047567 0.3925408 0.003078944 -0.09032157 0.365842 0.00497446 -0.08401081 0.3555633 -0.01468746 -0.09836993 0.353653 -0.0138434 -0.1028349 0.362845 -0.01468746 -0.09836993 0.353653 -0.06275937 0.07224756 0.4156771 -0.07411291 0.02876076 0.4169779 -0.05184693 0.06240925 0.3934228 -0.07025075 0.0047567 0.3925408 0.07025074 0.004756699 0.3925408 0.07411289 0.02876076 0.4169779 0.05184693 0.06240925 0.3934229 0.06275935 0.07224756 0.4156771 0.06183012 -0.04578304 0.3983478 0.07175305 -0.01347006 0.4102464 0.0622587 -0.03309037 0.3751639 0.07025074 0.004756699 0.3925408 0 0.09235784 0.3893733 0 0.007994026 0.3001029 0.05184693 0.06240925 0.3934229 -0.05184693 0.06240925 0.3934228 -0.07025075 0.0047567 0.3925408 -0.07175307 -0.01347007 0.4102464 -0.06225871 -0.03309036 0.3751639 -0.06183013 -0.04578303 0.3983478 -0.04488092 -0.06649241 0.3843615 -0.06225871 -0.03309036 0.3751639 -0.06183013 -0.04578303 0.3983478 -0.04053589 -0.06439668 0.3675133 -0.007513246 -0.0885503 0.3646213 -0.04053589 -0.06439668 0.3675133 -0.04488092 -0.06649241 0.3843615 -0.007066607 -0.0874393 0.359928 -0.008889936 -0.09045279 0.3623307 -0.007513246 -0.0885503 0.3646213 -0.01115889 -0.0940465 0.3652487 -0.007066607 -0.0874393 0.359928 -0.01142269 -0.1230781 -0.1397689 -0.01081809 -0.1299214 -0.1352713 -0.06103427 -0.1263827 -0.1385631 -0.06455646 -0.1331719 -0.1340653 0.006869976 -0.08102405 0.3452847 -0.01468746 -0.09329644 0.3483002 0.00497446 -0.08401081 0.3555633 -0.01468746 -0.09836993 0.353653 -0.007066607 -0.0874393 0.359928 -0.04358991 -0.06922495 0.349573 -0.01468746 -0.09329644 0.3483002 -0.04923593 -0.06151855 0.3630817 0.003585116 -0.09445727 0.3622254 -0.0138434 -0.1028349 0.362845 -0.0138434 -0.1074162 0.3591281 0.003078944 -0.09032157 0.365842 -0.0138434 -0.1028349 0.362845 -0.01468746 -0.1028681 0.3522026 -0.0138434 -0.1074162 0.3591281 -0.01468746 -0.09836993 0.353653 0.06418325 -0.03467581 0.3770057 0.07742053 -0.07674558 0.3406865 0.04923593 -0.06151854 0.3617748 0.09212098 -0.04798558 0.3592484 -0.07742054 -0.07674558 0.3406864 -0.02381538 -0.1004952 0.3464715 -0.04999764 -0.1159728 0.3224334 -0.04923593 -0.06151855 0.3630817 -0.07742054 -0.07674558 0.3406864 -0.06418326 -0.03467581 0.3770057 -0.04923593 -0.06151855 0.3630817 -0.09212101 -0.04798558 0.3592484 -0.06225871 -0.03309036 0.3751639 0 0.007994026 0.3001029 -0.07025075 0.0047567 0.3925408 -0.06225871 -0.03309036 0.3751639 -0.04053589 -0.06439668 0.3675133 0.0622587 -0.03309037 0.3751639 0.07025074 0.004756699 0.3925408 0.03753667 -0.06449896 0.367819 0.006869976 -0.08102405 0.3452847 -0.004664256 -0.07708383 0.3413339 -0.007513246 -0.08632675 0.3493264 -0.04053589 -0.06439668 0.3675133 -0.007066607 -0.0874393 0.359928 0.01226088 -0.09430417 0.3638642 0.003585116 -0.09445727 0.3622254 0.01110829 -0.09595025 0.3601373 0.003585116 -0.09445727 0.3622254 0.003078944 -0.09032157 0.365842 0.04488092 -0.06649241 0.3843615 0.04855344 -0.07543711 0.3799251 0.02652175 -0.1034146 0.3505591 0.07638375 -0.07908981 0.3458212 0.02502711 -0.1019219 0.3472764 0.01110829 -0.09595025 0.3601373 0.05021629 -0.11232 0.3219852 0.0238154 -0.100624 0.3457887 0.07763314 -0.078798 0.3423345 0.0497736 -0.1132724 0.3175731 0.0493868 -0.1121792 0.3165053 0.0497736 -0.1132724 0.3175731 0.0493868 -0.1121792 0.3165053 0.07742053 -0.07674558 0.3406865 0.09212098 -0.04798558 0.3592484 0.07763314 -0.078798 0.3423345 0.09318689 -0.04898554 0.3614839 0.07638375 -0.07908981 0.3458212 0.09267603 -0.05017495 0.364287 0.04855344 -0.07543711 0.3799251 0.06796255 -0.05010727 0.3956779 0.04488092 -0.06649241 0.3843615 0.06183012 -0.04578304 0.3983478 0.5900072 -6.61343e-4 0.250648 0.5949457 -4.07666e-4 0.2554264 0.5939903 -0.03849986 0.2669631 0.5890725 -0.0435012 0.2639323 0.5944309 -0.05227581 0.3010987 0.5895198 -0.05882153 0.3014398 0.5894791 -0.05145702 0.3183061 0.5943935 -0.04565361 0.316265 0.5901614 -0.03623262 0.3379039 0.5950843 -0.03239357 0.3338875 0.5899993 0.001171201 0.3454646 0.5949385 0.001240164 0.340686 0.5947511 0.04448563 0.3346545 0.5897908 0.04926416 0.3387569 0.5946858 0.05954286 0.3199985 0.5897191 0.06581837 0.3198658 0.5946544 0.05622533 0.286765 0.5898355 0.06239933 0.2854798 0.5898778 0.02920109 0.2548973 0.5948293 0.02644478 0.2592475 0.5900072 -6.61343e-4 0.250648 0.5949457 -4.07666e-4 0.2554264 -0.5949457 -4.07666e-4 0.2554264 -0.5900072 -6.61343e-4 0.250648 -0.5939903 -0.03849986 0.2669631 -0.5890725 -0.0435012 0.2639323 -0.5944309 -0.05227581 0.3010987 -0.5895198 -0.05882153 0.3014398 -0.5894791 -0.05145702 0.3183061 -0.5943935 -0.04565361 0.316265 -0.5901614 -0.03623262 0.3379039 -0.5950843 -0.03239357 0.3338875 -0.5899993 0.001171201 0.3454646 -0.5949385 0.001240164 0.340686 -0.5947511 0.04448563 0.3346545 -0.5897908 0.04926416 0.3387569 -0.5946858 0.05954286 0.3199985 -0.5897191 0.06581837 0.3198658 -0.5897191 0.06581837 0.3198658 -0.5946544 0.05622533 0.286765 -0.5897527 0.06391719 0.2856148 -0.5898778 0.02920109 0.2548973 -0.5946544 0.05622533 0.286765 -0.5948293 0.02644478 0.2592475 -0.5900072 -6.61343e-4 0.250648 -0.5949457 -4.07666e-4 0.2554264 -0.5630471 0.06558747 0.2858689 -0.5897527 0.06391719 0.2856148 -0.5642501 0.03074457 0.2550661 -0.5898778 0.02920109 0.2548973 -0.5653266 -8.1247e-5 0.2512938 -0.5900072 -6.61343e-4 0.250648 -0.5620021 0.001037666 0.2549033 -0.5609291 0.03176349 0.2598132 -0.5598286 0.0633122 0.2886405 -0.5629791 0.06714099 0.3211849 -0.5597887 0.06441892 0.3210385 -0.5635604 0.05049728 0.3404323 -0.5603335 0.048819 0.3393078 -0.5897908 0.04926416 0.3387569 -0.5618637 0.005001055 0.3457947 -0.5652215 0.0029288 0.3472666 -0.5899993 0.001171201 0.3454646 -0.5631335 -0.03136206 0.3384827 -0.566555 -0.0352596 0.3395633 -0.5901614 -0.03623262 0.3379039 -0.5629057 -0.04593768 0.3195301 -0.5663638 -0.05088162 0.3195958 -0.5894791 -0.05145702 0.3183061 -0.5631502 -0.05269345 0.3027218 -0.5666276 -0.05818965 0.3021517 -0.5895198 -0.05882153 0.3014398 -0.5630911 -0.04137651 0.2692736 -0.5660615 -0.0429859 0.2656747 -0.5890725 -0.0435012 0.2639323 -0.5900072 -6.61343e-4 0.250648 -0.5653266 -8.1247e-5 0.2512938 -0.5620021 0.001037666 0.2549033 0.00497446 -0.08401081 0.3555633 0.003078944 -0.09032157 0.365842 0.03753667 -0.06449896 0.367819 0.04488092 -0.06649241 0.3843615 0.0622587 -0.03309037 0.3751639 0.06183012 -0.04578304 0.3983478 -0.1431313 0.01486839 0.3765509 -0.1393039 -0.02102695 0.3661062 -0.1256262 -0.01652893 0.3671404 -0.1279945 0.01690912 0.3770872 -0.09862456 -0.0112243 0.3737389 -0.1024654 0.02151703 0.3813583 0.1842226 0.09199734 -0.1352713 0.203278 0.02445699 -0.1352713 0.1940611 0.02531072 -0.139769 0.1763766 0.08816651 -0.139769 0.1325104 0.1277669 -0.1352713 0.1275167 0.1216121 -0.1397689 0.06654084 0.1436279 -0.1352712 0.06419426 0.1368041 -0.1397689 -0.06183013 -0.04578303 0.3983478 -0.06796256 -0.05010727 0.3956779 -0.04488092 -0.06649241 0.3843615 -0.04856884 -0.07543262 0.3799237 -0.09267606 -0.05017495 0.3642869 -0.07638377 -0.07908982 0.3458212 -0.09318691 -0.04898554 0.3614838 -0.07763316 -0.078798 0.3423345 -0.09212101 -0.04798558 0.3592484 -0.07742054 -0.07674558 0.3406864 -0.05082715 -0.1161135 0.3279134 -0.07763316 -0.078798 0.3423345 -0.07742054 -0.07674558 0.3406864 -0.04999764 -0.1159728 0.3224334 -0.0503844 -0.1170659 0.3235012 -0.0265212 -0.1032856 0.351252 -0.07638377 -0.07908982 0.3458212 -0.04856884 -0.07543262 0.3799237 -0.02502077 -0.1017898 0.3479583 -0.0503844 -0.1170659 0.3235012 -0.04999764 -0.1159728 0.3224334 -0.02381538 -0.1004952 0.3464715 -0.01115889 -0.0940465 0.3652487 -0.04488092 -0.06649241 0.3843615 -0.007513246 -0.0885503 0.3646213 -0.008889936 -0.09045279 0.3623307 -0.007066607 -0.0874393 0.359928 0.1674186 -0.08115427 -0.1352713 0.1175022 -0.1119263 -0.1352713 0.1608156 -0.07654177 -0.1397689 0.1134416 -0.1058686 -0.1397689 0.07298103 -0.1304107 -0.1352713 0.06945885 -0.1236215 -0.139769 0.03070007 -0.1423426 -0.1351905 0.02843162 -0.1347033 -0.1396882 -0.007529213 -0.1504621 -0.1366901 -0.007529213 -0.1352378 -0.1411878 -0.1128113 -0.1092502 -0.1397689 -0.06103427 -0.1263827 -0.1385631 -0.06455646 -0.1331719 -0.1340653 -0.1168719 -0.1153079 -0.1352713 -0.1608156 -0.07654177 -0.1397689 -0.1674186 -0.08115427 -0.1352713 -0.1874449 -0.02979314 -0.1397689 -0.1960448 -0.02979314 -0.1352713 -0.1940611 0.02531072 -0.139769 -0.203278 0.02445699 -0.1352713 -0.1842226 0.09426817 -0.1352713 -0.1763766 0.09043734 -0.139769 -0.1325104 0.1277669 -0.1352713 -0.1275167 0.1216121 -0.1397689 -0.06654084 0.1436279 -0.1352712 -0.06419426 0.1368041 -0.1397689 1.05972e-15 0.1491419 -0.1352713 1.01071e-15 0.1422446 -0.1397689 0.06419426 0.1368041 -0.1397689 0.06654084 0.1436279 -0.1352712 -0.01258016 -0.1205007 -0.1101448 -0.01142269 -0.1230781 -0.1397689 -0.06103427 -0.1263827 -0.1385631 -0.0578393 -0.1204683 -0.06942127 -0.01399298 -0.1253608 -0.06942127 0 -0.001261294 0.003106453 -0.0578393 -0.1204683 -0.06942127 0.01859785 -0.1201306 -0.06832641 -0.01258016 -0.1205007 -0.1101448 -0.01399298 -0.1253608 -0.06942127 0.02117037 -0.1187011 -0.1401586 -0.01142269 -0.1230781 -0.1397689 -0.09916662 -0.1000476 -0.06942126 -0.06103427 -0.1263827 -0.1385631 -0.1128113 -0.1092502 -0.1397689 -0.1431541 -0.06737905 -0.06809472 -0.1608156 -0.07654177 -0.1397689 -0.1874449 -0.02979314 -0.1397689 -0.1504012 0.004328027 -0.06942126 -0.1940611 0.02531072 -0.139769 -0.1289762 0.06178284 -0.06942126 -0.1763766 0.09043734 -0.139769 -0.1275167 0.1216121 -0.1397689 -0.06163476 0.09582815 -0.06720378 -0.06419426 0.1368041 -0.1397689 7.27185e-16 0.1023422 -0.06720378 1.01071e-15 0.1422446 -0.1397689 0.06419426 0.1368041 -0.1397689 0.06163476 0.09582815 -0.06720378 0.06163476 0.09582815 -0.06720378 0.06419426 0.1368041 -0.1397689 0.1275167 0.1216121 -0.1397689 0.1289762 0.06178284 -0.06942126 0.1763766 0.08816651 -0.139769 0.1289762 0.06178284 -0.06942126 0.1940611 0.02531072 -0.139769 0.1504012 0.004328027 -0.06942126 0.1504012 0.004328027 -0.06942126 0.1940611 0.02531072 -0.139769 0.1874449 -0.02979314 -0.1397689 0.1431616 -0.06737905 -0.06809472 0.1608156 -0.07654177 -0.1397689 0.1074403 -0.1000476 -0.06942126 0.1134416 -0.1058686 -0.1397689 0.1608156 -0.07654177 -0.1397689 0.1074403 -0.1000476 -0.06942126 0.06945885 -0.1236215 -0.139769 0.06176866 -0.1178827 -0.06942127 0.02843162 -0.1347033 -0.1396882 0.01863546 -0.1267225 -0.06832641 -0.01203198 -0.1343754 -0.1102464 -0.007529213 -0.1352378 -0.1411878 0.01828065 -0.1322929 -0.06832641 -0.01434718 -0.1344402 -0.06942127 -0.01434718 -0.1344402 -0.06942127 -0.01434718 -0.1344402 -0.06942127 -0.01203198 -0.1343754 -0.1102464 -0.01203198 -0.1432977 -0.1102464 -0.007529213 -0.1504621 -0.1366901 -0.007529213 -0.1352378 -0.1411878 0.03070007 -0.1423426 -0.1351905 -0.01203198 -0.1432977 -0.1102464 0.01830467 -0.1350325 -0.06942127 0.07298103 -0.1304107 -0.1352713 -0.01583179 -0.1385741 -0.06942127 -0.01434718 -0.1344402 -0.06942127 -0.01434718 -0.1344402 -0.06942127 -0.01381541 -0.1352637 -0.0112646 -0.01545327 -0.14065 -0.0112646 -0.0132172 -0.1403601 0.04654091 0.01629039 -0.1379188 -0.0112646 -0.0149935 -0.144206 0.04654091 -0.01330443 -0.1411339 0.08835378 0.01424224 -0.1422701 0.04654091 -0.01491716 -0.1461796 0.08835378 -0.01250787 -0.1453627 0.1662319 0.01304277 -0.1447335 0.08835378 -0.01443793 -0.1490701 0.1662319 0.01256353 -0.1476241 0.1662319 -0.01468747 -0.1457624 0.226845 -0.01283969 -0.140015 0.226845 0.05097179 -0.1431013 0.1662319 -0.01468747 -0.1292872 0.288816 -0.0132291 -0.124585 0.2881343 0.01281308 -0.1443163 0.226845 -0.01468747 -0.1021088 0.3278765 -0.0132291 -0.09775856 0.3277879 -0.01468746 -0.09329644 0.3483002 -0.01468746 -0.1002801 0.3483002 0.01221614 -0.1278411 0.288816 0.01221614 -0.09913744 0.3278765 0.01221614 -0.09159598 0.3483002 0.0489696 -0.1213288 0.2854991 0.0458127 -0.09585888 0.3285908 0.04358991 -0.06922495 0.349573 0.05016346 -0.1385092 0.226845 0.09389322 -0.0880563 0.322323 0.04358991 -0.06922495 0.349573 0.09105077 -0.1256239 0.2268449 0.08538181 -0.05101181 0.3565316 0.04923593 -0.06151854 0.3617748 0.06418325 -0.03467581 0.3770057 0.09147442 -0.109655 0.2803098 0.09185321 -0.1304059 0.1662318 0.1176939 -0.1020292 0.226845 0.05124966 -0.1399164 0.08835378 0.05425286 -0.1374704 0.04654091 0.1021248 -0.1288244 0.08835378 0.05812804 -0.13273 -0.0112646 0.1109131 -0.1256928 0.04654091 0.1228165 -0.1031544 0.1662319 0.06176866 -0.1294472 -0.06942127 0.1061415 -0.1188031 -0.01126461 0.1120206 -0.1133304 -0.06942126 0.1175022 -0.1119263 -0.1352713 0.1262888 -0.1104813 -0.01126461 0.155021 -0.08370052 -0.06951021 0.1674186 -0.08115427 -0.1352713 0.1420615 -0.09769826 -0.04832266 0.1386121 -0.09434666 -0.04832266 0.121357 -0.1077612 -0.01126461 0.1470353 -0.08920484 -0.01126461 0.1375105 -0.09644289 0.04654091 0.1321323 -0.09808643 0.08835381 0.1680672 -0.0499538 0.04654091 0.1602924 -0.05419798 0.0883538 0.1495184 -0.05767734 0.1662319 0.1414173 -0.05816294 0.2235521 0.1582668 -0.00157824 0.1662319 0.1667347 0.003054243 0.08835381 0.1530387 -0.006199609 0.2181154 0.1721475 0.008454197 0.04654091 0.1374919 -0.06257083 0.2608466 0.154743 -0.008648388 0.241085 0.179169 -0.04243162 -0.01126461 0.182398 0.0147411 -0.01126461 0.188155 -0.03631441 -0.06942126 0.1925088 0.01959965 -0.06942126 0.1960448 -0.03299984 -0.1352713 0.203278 0.02445699 -0.1352713 0.1691915 0.08459677 -0.06942126 0.1842226 0.09199734 -0.1352713 0.1325104 0.1277669 -0.1352713 0.09357014 0.1198757 -0.06720376 0.06654084 0.1436279 -0.1352712 0.1596119 0.07534336 -0.01126461 0.1925088 0.01959965 -0.06942126 0.182398 0.0147411 -0.01126461 7.52892e-6 0.130975 -0.06720376 1.05972e-15 0.1491419 -0.1352713 -0.06654084 0.1436279 -0.1352712 0.08813397 0.1103654 -0.01016626 0.1508744 0.06476194 0.04654089 0.1721475 0.008454197 0.04654091 0.1449349 0.06107941 0.08835384 0.1667347 0.003054243 0.08835381 0.08233946 0.0989805 0.04654089 0.1356153 0.0584876 0.1662319 0.1582668 -0.00157824 0.1662319 0.1530387 -0.006199609 0.2181154 0.1510193 0.04721427 0.2392044 0.154743 -0.008648388 0.241085 0.1308176 0.0636692 0.2161987 0.1335359 0.08152784 0.267516 0.07595959 0.09364823 0.08835381 0.1285595 0.09376233 0.2957301 0.1433361 0.09181194 0.2950248 0.1016894 0.0936778 0.2586264 0.09508882 0.103341 0.2968011 0.06753881 0.08777913 0.1662319 0.06111804 0.09134722 0.2161698 0.05825114 0.10073 0.2586265 0.05351972 0.1136606 0.2983633 0 0.09722225 0.1662319 0 0.1070171 0.2586265 0 0.117465 0.2989964 -0.05351972 0.1136606 0.2983633 0 0.09883437 0.216058 -0.05825114 0.10073 0.2586265 -0.09508884 0.103341 0.2968011 -0.06111804 0.09134722 0.2161698 -0.1016894 0.0936778 0.2586264 -0.1285596 0.09376232 0.29573 -0.133536 0.08152784 0.267516 -0.1433361 0.09181193 0.2950248 -0.1308176 0.0636692 0.2161987 -0.1510194 0.04721427 0.2392044 -0.1530387 -0.006199609 0.2181154 -0.154743 -0.008648389 0.241085 -0.06753881 0.08670077 0.1662319 -0.1356153 0.0584876 0.1662319 -0.1582668 -0.00157824 0.1662319 -0.1667347 0.003054243 0.08835381 0 0.1014695 0.08835381 -0.07595959 0.08981783 0.08835378 -0.1449349 0.06210163 0.08835384 -0.1721475 0.008454197 0.04654091 3.79592e-16 0.1072663 0.04654091 -0.08233946 0.09665819 0.04654089 -0.1508744 0.06731813 0.04654089 -0.1817773 0.0147411 -0.01126461 3.71453e-6 0.1198802 -0.01016624 -0.08812656 0.1082484 -0.01016626 -0.1596045 0.07605066 -0.01126461 -0.1912506 0.01959965 -0.06942126 -0.0935551 0.1198757 -0.06720376 -0.1325104 0.1277669 -0.1352713 -0.1691765 0.08395192 -0.06942126 -0.1842226 0.09426817 -0.1352713 -0.203278 0.02445699 -0.1352713 -0.1912506 0.01959965 -0.06942126 -0.1960448 -0.02979314 -0.1352713 -0.18814 -0.03631441 -0.06942126 -0.1817773 0.0147411 -0.01126461 -0.1674186 -0.08115427 -0.1352713 -0.1791616 -0.04243162 -0.01126461 -0.1721475 0.008454197 0.04654091 -0.1550135 -0.08370052 -0.06951021 -0.1168719 -0.1153079 -0.1352713 -0.1680672 -0.0499538 0.04654091 -0.1667347 0.003054243 0.08835381 -0.1482707 -0.08882503 -0.01126461 -0.1602924 -0.05419798 0.0883538 -0.1582668 -0.00157824 0.1662319 -0.1399489 -0.0956903 0.04654089 -0.1495184 -0.05767734 0.1662319 -0.1530387 -0.006199609 0.2181154 -0.1321323 -0.09808643 0.08835381 -0.1374919 -0.06257083 0.2608465 -0.154743 -0.008648389 0.241085 -0.1414173 -0.05816294 0.2235521 -0.1228165 -0.1031544 0.1662319 -0.1197356 -0.0915342 0.2741486 -0.1334341 -0.07455616 0.3099872 -0.1176939 -0.1020292 0.226845 -0.1227351 -0.0771348 0.3116337 -0.1359367 -0.05537238 0.3420172 -0.09147443 -0.109655 0.2803098 -0.122511 -0.05465803 0.3438067 -0.1393039 -0.02102695 0.3661062 -0.1256262 -0.01652893 0.3671404 -0.08538183 -0.05101181 0.3565315 -0.09862456 -0.0112243 0.3737389 -0.09389324 -0.08805631 0.322323 -0.09105077 -0.1256239 0.2268449 -0.0489696 -0.1213288 0.2854991 -0.09185321 -0.1304059 0.1662318 -0.05016346 -0.1385092 0.226845 -0.01283969 -0.140015 0.226845 -0.1021248 -0.1288244 0.08835378 -0.05097179 -0.1431013 0.1662319 -0.01250787 -0.1453627 0.1662319 -0.0132291 -0.124585 0.2881343 -0.01330443 -0.1411339 0.08835378 -0.0458127 -0.09585888 0.3285908 -0.0132291 -0.09775856 0.3277879 -0.04358991 -0.06922495 0.349573 -0.01468746 -0.09329644 0.3483002 -0.04358991 -0.06922495 0.349573 -0.08538183 -0.05101181 0.3565315 -0.04923593 -0.06151855 0.3630817 -0.06418326 -0.03467581 0.3770057 -0.05124966 -0.1399164 0.08835378 -0.0132172 -0.1403601 0.04654091 -0.05425286 -0.1374704 0.04654091 -0.01381541 -0.1352637 -0.0112646 -0.1109131 -0.1256928 0.04654091 -0.05812062 -0.13273 -0.0112646 -0.01434718 -0.1344402 -0.06942127 -0.0617536 -0.1294472 -0.06942127 -0.01227786 -0.1284156 -0.1069947 -0.06455646 -0.1331719 -0.1340653 -0.01081809 -0.1299214 -0.1352713 -0.106134 -0.1188031 -0.01126461 -0.1120055 -0.1133304 -0.06942126 -0.1262888 -0.1104813 -0.01126461 -0.1420577 -0.09769826 -0.04832265 -0.1389166 -0.09425171 -0.04832266 -0.121971 -0.1075713 -0.01126461 -0.01468746 -0.1002801 0.3483002 -0.01468746 -0.09836993 0.353653 -0.01468746 -0.09329644 0.3483002 -0.01468746 -0.1028681 0.3522026 0.01221614 -0.09159598 0.3483002 0.003585116 -0.09445727 0.3622254 -0.0138434 -0.1074162 0.3591281 0.04923593 -0.06151854 0.3617748 0.04358991 -0.06922495 0.349573 0.1256261 -0.01652893 0.3671404 0.1393039 -0.02102694 0.3661063 0.1431313 0.01486839 0.3765509 0.1279945 0.01690912 0.3770872 0.09862454 -0.0112243 0.373739 0.1024654 0.02151703 0.3813583 0.09862454 -0.0112243 0.373739 0.06418325 -0.03467581 0.3770057 0.08538181 -0.05101181 0.3565316 0.08589411 -0.01589164 0.3876397 0.1024654 0.02151703 0.3813583 0.08923618 0.02136718 0.3935335 0.08589411 -0.01589164 0.3876397 0.09212098 -0.04798558 0.3592484 0.06418325 -0.03467581 0.3770057 0.1015015 -0.01189188 0.3745152 0.08923618 0.02136718 0.3935335 0.1010712 0.02551311 0.3829128 0.07811927 0.06445076 0.3938844 0.09139087 0.06602743 0.3803569 0.06449201 0.0816616 0.3929731 0.07201093 0.0876274 0.3798013 0.03697416 0.09512299 0.3922455 0.04009136 0.1070168 0.3764807 0 0.1010125 0.3916619 0 0.1130363 0.3753618 0.08660895 0.06672403 0.3764552 0.08923618 0.02136718 0.3935335 0.1024654 0.02151703 0.3813583 0.07811927 0.06445076 0.3938844 0.07035052 0.08479073 0.3771617 0.06449201 0.0816616 0.3929731 0.03945282 0.1033527 0.3762152 0.03697416 0.09512299 0.3922455 0 0.110979 0.3748287 0 0.1010125 0.3916619 -0.03697416 0.09512299 0.3922455 -0.03945282 0.1033527 0.3762152 -0.06449202 0.0816616 0.3929731 -0.07035054 0.08479073 0.3771617 -0.07811929 0.06445076 0.3938844 -0.08660897 0.06672402 0.3764552 -0.0892362 0.02136718 0.3935335 -0.1024654 0.02151703 0.3813583 -0.06418326 -0.03467581 0.3770057 -0.09862456 -0.0112243 0.3737389 -0.08538183 -0.05101181 0.3565315 -0.08589412 -0.01589164 0.3876397 -0.1024654 0.02151703 0.3813583 -0.0892362 0.02136718 0.3935335 -0.09212101 -0.04798558 0.3592484 -0.08589412 -0.01589164 0.3876397 -0.06418326 -0.03467581 0.3770057 -0.1015015 -0.01189188 0.3745152 -0.0892362 0.02136718 0.3935335 -0.1010712 0.02551311 0.3829128 -0.07811929 0.06445076 0.3938844 -0.09139089 0.06602743 0.3803569 -0.06449202 0.0816616 0.3929731 -0.07201094 0.08762739 0.3798013 -0.03697416 0.09512299 0.3922455 -0.04009137 0.1070168 0.3764807 0 0.1010125 0.3916619 0 0.1130363 0.3753618 -0.03601227 0.09636656 0.409689 -0.05184693 0.06240925 0.3934228 0 0.09235784 0.3893733 0 0.1030903 0.4077777 0.03601226 0.09636656 0.409689 0.05184693 0.06240925 0.3934229 0.1940611 0.02531072 -0.139769 0.203278 0.02445699 -0.1352713 0.1874449 -0.02979314 -0.1397689 0.1960448 -0.03299984 -0.1352713 0.1674186 -0.08115427 -0.1352713 0.1608156 -0.07654177 -0.1397689 0.0493868 -0.1121792 0.3165053 0.04923593 -0.06151854 0.3617748 0.07742053 -0.07674558 0.3406865 0.0238154 -0.100624 0.3457887 0.01110829 -0.09595025 0.3601373 0.003585116 -0.09445727 0.3622254 0.5539263 -6.09908e-5 0.2512721 0.5620021 0.001037666 0.2549033 0.5630911 -0.04137651 0.2692736 0.5563986 -0.04464691 0.2676756 0.5338799 -0.002445067 0.2527048 0.5631502 -0.05269345 0.3027218 0.5377403 -0.04960424 0.2691847 0.5574486 -0.06250295 0.299466 0.5557932 -0.05517892 0.3202762 0.5629057 -0.04593768 0.3195301 0.5391552 -0.06528115 0.2953637 0.5557048 -0.03243136 0.3442028 0.5631335 -0.03136206 0.3384827 0.5380449 -0.05132113 0.3192153 0.5618637 0.005001055 0.3457947 0.5058749 -0.06147634 0.2980576 0.5534543 0.007290733 0.3533283 0.5603335 0.048819 0.3393078 0.5366071 -0.03613272 0.3470205 0.5510949 0.05101518 0.3453572 0.5597887 0.06441892 0.3210385 0.5331558 0.004821543 0.3604136 0.5481991 0.07142136 0.3226392 0.5598286 0.0633122 0.2886405 0.5292732 0.05396523 0.3484536 0.5027136 -0.03443018 0.346155 0.549465 0.06767467 0.2838765 0.5609291 0.03176349 0.2598132 0.504603 -0.05509673 0.3214808 0.5620021 0.001037666 0.2549033 0.5539263 -6.09908e-5 0.2512721 0.5519686 0.03662302 0.2531969 0.5338799 -0.002445067 0.2527048 0.5303688 0.04259689 0.2533891 0.5278761 0.07356974 0.3223334 0.5273043 0.07054143 0.2825318 0.4957497 0.03562573 0.2511106 0.4996535 -0.004823677 0.2514016 0.4600218 -0.005425328 0.2431538 0.4932525 0.0646143 0.2837217 0.4924585 0.06811383 0.3233843 0.4538512 0.06746195 0.2821589 0.4564514 0.03074943 0.2428134 0.4477547 -0.00604755 0.2444021 0.4401796 0.03597425 0.244062 0.419558 -0.008088682 0.2378165 0.4135668 0.03510586 0.243037 0.391335 -0.01050529 0.2467688 0.4315514 0.0739731 0.2791301 0.4532312 0.07501835 0.3236382 0.3872384 0.03387107 0.2464646 0.3583177 -0.01138634 0.2425735 0.3838511 0.07023171 0.2790902 0.4251291 0.07882275 0.3265376 0.3544633 0.03353709 0.2422774 0.3409668 -0.01177431 0.2425608 0.3513027 0.06794621 0.2784612 0.3394582 0.03368328 0.2424001 0.3233988 -0.01101503 0.2441942 0.383896 0.06977487 0.3277289 0.3250397 0.03371134 0.244037 0.2882239 -0.008154365 0.2408772 0.339383 0.06947914 0.2787356 0.2901658 0.03632238 0.2407245 0.246958 -0.005494275 0.2437395 0.3265438 0.07470999 0.2795336 0.2488705 0.03830865 0.2451127 0.2088035 -0.003485264 0.2408632 0.2916136 0.06948267 0.2736746 0.2107505 0.04078152 0.2392137 0.2495653 0.07992777 0.2780339 0.164474 0.04340758 0.2441761 0.1627645 -0.005545378 0.2387515 0.154743 -0.008648388 0.241085 0.1510193 0.04721427 0.2392044 0.1335359 0.08152784 0.267516 0.16245 0.07322779 0.2715765 0.1433361 0.09181194 0.2950248 0.2124974 0.08252129 0.2773796 0.1655182 0.09038337 0.295459 0.1696241 0.08870065 0.3336076 0.1435219 0.08888212 0.3356998 0.2127906 0.08649926 0.3334416 0.1714373 0.06465381 0.3617536 0.1436423 0.06367828 0.3633975 0.1431313 0.01486839 0.3765509 0.2513595 0.07713215 0.3332036 0.1714354 0.01134383 0.3751315 0.1393039 -0.02102694 0.3661063 0.2118318 0.06579857 0.3624638 0.208825 0.0137687 0.3720636 0.2499281 0.0625326 0.3659129 0.1657711 -0.0254199 0.3612783 0.1359367 -0.05537238 0.3420172 0.2068295 -0.0319367 0.3612257 0.1615052 -0.05628368 0.3361995 0.1334341 -0.07455615 0.3099872 0.2507874 0.01194957 0.3720636 0.1577573 -0.0707991 0.3019102 0.1374919 -0.06257083 0.2608466 0.2064529 -0.05731062 0.3314546 0.1608407 -0.06063393 0.2597535 0.154743 -0.008648388 0.241085 0.1627645 -0.005545378 0.2387515 0.2058845 -0.07041505 0.297489 0.2062573 -0.06194922 0.2599016 0.2088035 -0.003485264 0.2408632 0.244615 -0.05915739 0.2604839 0.246958 -0.005494275 0.2437395 0.2442069 -0.06850632 0.2997397 0.2861973 -0.05457189 0.2552987 0.2882239 -0.008154365 0.2408772 0.3233988 -0.01101503 0.2441942 0.2856224 -0.06773775 0.2944218 0.3227291 -0.05617217 0.2590507 0.3409668 -0.01177431 0.2425608 0.2447405 -0.0562823 0.3311382 0.2861185 -0.05637493 0.3325047 0.2487678 -0.03430712 0.3624638 0.3213372 -0.0672073 0.3313583 0.2888204 0.005507682 0.3799731 0.287044 -0.03517695 0.361427 0.3230028 -0.03879719 0.3659871 0.3239045 0.002769225 0.376325 0.2912753 0.0617332 0.361659 0.3260367 0.06088753 0.3632633 0.2919568 0.07734487 0.3354819 0.3266096 0.07650454 0.3309098 0.3393693 0.07019495 0.3313262 0.3395422 0.06118551 0.3644444 0.3509904 0.07087298 0.3319583 0.3404983 0.002343922 0.3814286 0.3520884 0.060437 0.3647668 0.3853628 0.05377933 0.3594593 0.341886 -0.03947639 0.3640532 0.3571081 0.002719868 0.3791745 0.3428468 -0.06842601 0.3285921 0.3605677 -0.03806716 0.3630389 0.390022 0.00382699 0.3747522 0.4281187 0.05837863 0.3616799 0.3939815 -0.03888788 0.3618869 0.4525083 0.0539086 0.3530388 0.4415711 0.00760438 0.3692887 0.4937128 0.05240924 0.3491151 0.4594201 0.007127341 0.3740447 0.498082 0.008212967 0.3605933 0.4642294 -0.03840362 0.3568436 0.4496512 -0.03861974 0.3573403 0.4665571 -0.05727389 0.327624 0.4246555 -0.05690021 0.3282862 0.467809 -0.06876043 0.3000135 0.4539579 -0.06423455 0.3287411 0.3967663 -0.0691708 0.3278314 0.4574802 -0.0742921 0.2990388 0.4271942 -0.0699296 0.2972971 0.4526957 -0.05382004 0.259021 0.4983214 -0.04625978 0.2649258 0.4996535 -0.004823677 0.2514016 0.4600218 -0.005425328 0.2431538 0.4652898 -0.05484382 0.2562826 0.4477547 -0.00604755 0.2444021 0.4240676 -0.05248583 0.2524479 0.419558 -0.008088682 0.2378165 0.391335 -0.01050529 0.2467688 0.3951259 -0.05153551 0.2614128 0.3974913 -0.07713097 0.2955555 0.3622837 -0.05869529 0.2529137 0.3583177 -0.01138634 0.2425735 0.3635775 -0.07456516 0.2986714 0.3424681 -0.05701581 0.2577686 0.3628902 -0.06641081 0.3281395 0.3431199 -0.07666011 0.2990236 0.321039 -0.0753371 0.2993532 0.5898778 0.02920109 0.2548973 0.5900072 -6.61343e-4 0.250648 0.5653266 -8.1247e-5 0.2512938 0.5642501 0.03074457 0.2550661 0.5620021 0.001037666 0.2549033 0.5898355 0.06239933 0.2854798 0.5609291 0.03176349 0.2598132 0.5631135 0.06480934 0.2857996 0.5897191 0.06581837 0.3198658 0.5598286 0.0633122 0.2886405 0.5629791 0.06714099 0.3211849 0.5597887 0.06441892 0.3210385 0.5635604 0.05049728 0.3404323 0.5603335 0.048819 0.3393078 0.5897908 0.04926416 0.3387569 0.5618637 0.005001055 0.3457947 0.5652215 0.002928797 0.3472666 0.5899993 0.001171201 0.3454646 0.5631335 -0.03136206 0.3384827 0.566555 -0.03525959 0.3395633 0.5901614 -0.03623262 0.3379039 0.5629057 -0.04593768 0.3195301 0.5663638 -0.0508816 0.3195958 0.5894791 -0.05145702 0.3183061 0.5631502 -0.05269345 0.3027218 0.5666276 -0.05818965 0.3021517 0.5895198 -0.05882153 0.3014398 0.5630911 -0.04137651 0.2692736 0.5660615 -0.0429859 0.2656747 0.5890725 -0.0435012 0.2639323 0.5900072 -6.61343e-4 0.250648 0.5653266 -8.1247e-5 0.2512938 0.5620021 0.001037666 0.2549033 -0.5620021 0.001037666 0.2549033 -0.5539263 -6.09908e-5 0.2512721 -0.5630911 -0.04137651 0.2692736 -0.5563986 -0.04464691 0.2676756 -0.5338799 -0.002445067 0.2527048 -0.5631502 -0.05269345 0.3027218 -0.5377403 -0.04960423 0.2691847 -0.5574486 -0.06250295 0.299466 -0.5557931 -0.05517891 0.3202762 -0.5629057 -0.04593768 0.3195301 -0.5391552 -0.06528115 0.2953637 -0.5557048 -0.03243136 0.3442028 -0.5631335 -0.03136206 0.3384827 -0.5618637 0.005001055 0.3457947 -0.5380449 -0.05132113 0.3192153 -0.5058749 -0.06147634 0.2980576 -0.4983214 -0.04625977 0.2649258 -0.4996535 -0.004823677 0.2514016 -0.4600218 -0.005425328 0.2431538 -0.504603 -0.05509673 0.3214808 -0.4652898 -0.05484381 0.2562826 -0.467809 -0.06876043 0.3000135 -0.4526957 -0.05382003 0.259021 -0.4477547 -0.00604755 0.2444021 -0.5366071 -0.03613272 0.3470205 -0.3951259 -0.05153551 0.2614128 -0.391335 -0.01050529 0.2467688 -0.5027135 -0.03443018 0.346155 -0.3620353 -0.05567418 0.2576038 -0.3583177 -0.01138634 0.2425735 -0.4665571 -0.05727388 0.327624 -0.3424681 -0.05701581 0.2577686 -0.3409668 -0.01177431 0.2425608 -0.3635775 -0.07456516 0.2986714 -0.3227291 -0.05617217 0.2590507 -0.3233988 -0.01101503 0.2441942 -0.3431199 -0.0766601 0.2990236 -0.3974913 -0.07713096 0.2990592 -0.3628902 -0.0664108 0.3281395 -0.4540455 -0.07462281 0.2990388 -0.3967663 -0.06917079 0.3278314 -0.4248022 -0.06712567 0.3282862 -0.4539579 -0.06423455 0.3287411 -0.3939815 -0.03888788 0.3618869 -0.4642294 -0.03840362 0.3568436 -0.4500566 -0.04282994 0.3620299 -0.4211251 -0.03281052 0.3701683 -0.498082 0.008212966 0.3605933 -0.4594201 0.007127341 0.3684155 -0.4415711 0.00760438 0.3771334 -0.5331558 0.004821543 0.3604136 -0.4937128 0.05240924 0.3491151 -0.5534543 0.00729073 0.3533283 -0.5603335 0.048819 0.3393078 -0.5510949 0.05101517 0.3453572 -0.5597887 0.06441892 0.3210385 -0.5292732 0.05396523 0.3484536 -0.5481991 0.07142136 0.3226392 -0.5598286 0.0633122 0.2886405 -0.4924585 0.06811383 0.3233843 -0.549465 0.06767466 0.2838765 -0.5278761 0.07356974 0.3223334 -0.5609291 0.03176349 0.2598132 -0.5539263 -6.09908e-5 0.2512721 -0.5620021 0.001037666 0.2549033 -0.5519686 0.03662302 0.2531969 -0.5338799 -0.002445067 0.2527048 -0.5303687 0.04259689 0.2533891 -0.5273043 0.07054143 0.2825318 -0.4932525 0.0646143 0.2837217 -0.4957497 0.03562573 0.2511106 -0.4996535 -0.004823677 0.2514016 -0.4600218 -0.005425328 0.2431538 -0.4538512 0.06746195 0.2821589 -0.4564514 0.03074942 0.2428134 -0.4477547 -0.00604755 0.2444021 -0.4401796 0.03597425 0.244062 -0.391335 -0.01050529 0.2467688 -0.4534099 0.0731621 0.3236382 -0.3872384 0.03387106 0.2464646 -0.3583177 -0.01138634 0.2425735 -0.4315514 0.07397309 0.2791301 -0.3544633 0.03353709 0.2422774 -0.3409668 -0.01177431 0.2425608 -0.3838511 0.07023168 0.2790902 -0.3394583 0.03368328 0.2424001 -0.3233988 -0.01101503 0.2441942 -0.3513027 0.0679462 0.2784612 -0.3250397 0.03371134 0.244037 -0.2882239 -0.008154365 0.2408772 -0.339383 0.06947914 0.2787356 -0.2901658 0.03632238 0.2407245 -0.2469581 -0.005494277 0.2437395 -0.3265438 0.07470999 0.2795336 -0.2488705 0.03830864 0.2451127 -0.2088035 -0.003485264 0.2408632 -0.2916136 0.06948267 0.2736746 -0.2107505 0.04078151 0.2392137 -0.3393693 0.07019495 0.3313262 -0.164474 0.04340757 0.244176 -0.1627645 -0.005545378 0.2387515 -0.154743 -0.008648389 0.241085 -0.1510194 0.04721427 0.2392044 -0.133536 0.08152784 0.267516 -0.16245 0.07322779 0.2715765 -0.1433361 0.09181193 0.2950248 -0.2124974 0.08252129 0.2773796 -0.1655182 0.09038336 0.295459 -0.1696241 0.08870064 0.3336076 -0.1435219 0.08888211 0.3356998 -0.2127645 0.08650039 0.3334416 -0.2495653 0.07992777 0.2780339 -0.1714373 0.0646538 0.3617536 -0.1436424 0.06367827 0.3633975 -0.1431313 0.01486839 0.3765509 -0.2516469 0.08371454 0.3332036 -0.1714354 0.01134383 0.3751315 -0.1393039 -0.02102695 0.3661062 -0.2118318 0.06579857 0.3624638 -0.208825 0.0137687 0.3720636 -0.2499281 0.0625326 0.3659129 -0.2917532 0.07267974 0.3354819 -0.3266097 0.07650454 0.3309098 -0.3260368 0.06088753 0.3632633 -0.2912753 0.0617332 0.361659 -0.2507874 0.01194957 0.3720636 -0.2888204 0.005507682 0.3739966 -0.2068295 -0.0319367 0.3612257 -0.2487678 -0.03430712 0.3624638 -0.1657711 -0.0254199 0.3612783 -0.1359367 -0.05537238 0.3420172 -0.1615053 -0.05628368 0.3361995 -0.1334341 -0.07455616 0.3099872 -0.1577573 -0.07079909 0.3019102 -0.1374919 -0.06257083 0.2608465 -0.2064529 -0.05731061 0.3314546 -0.2447405 -0.0562823 0.3311382 -0.1608407 -0.06063392 0.2597535 -0.154743 -0.008648389 0.241085 -0.1627645 -0.005545378 0.2387515 -0.2058845 -0.07041505 0.297489 -0.2062573 -0.06194922 0.2599016 -0.2088035 -0.003485264 0.2408632 -0.2442068 -0.06850632 0.2997397 -0.244615 -0.05915739 0.2604839 -0.2469581 -0.005494277 0.2437395 -0.2861185 -0.05637493 0.3278281 -0.2856224 -0.06773775 0.2944218 -0.2861973 -0.05457189 0.2552987 -0.2882239 -0.008154365 0.2408772 -0.321039 -0.0753371 0.2993532 -0.287044 -0.03517695 0.361427 -0.3213372 -0.0672073 0.3313583 -0.3428468 -0.068426 0.3285921 -0.3230028 -0.03879719 0.3659871 -0.341886 -0.03947639 0.3640532 -0.3605677 -0.03806716 0.3630389 -0.3239045 0.002769225 0.3817832 -0.3404983 0.002343922 0.3814286 -0.3395423 0.06118551 0.3644444 -0.3571081 0.002719868 0.3791745 -0.3520884 0.060437 0.3647668 -0.3509904 0.07087298 0.3319583 -0.3852728 0.05478762 0.3594593 -0.383896 0.06977487 0.3277289 -0.390022 0.00382699 0.3747522 -0.4066744 0.0589117 0.3672718 -0.4158328 0.005348936 0.3722748 -0.4283726 0.05574197 0.3616799 -0.4208034 0.07840622 0.3265375 -0.4525083 0.0539086 0.3530388 0.04137356 -0.1291303 -0.1818987 0.03466895 -0.1252809 -0.1832378 0.0335101 -0.1239556 -0.1723579 0.04077182 -0.1280906 -0.1708589 0.03866075 -0.1324187 -0.1816233 0.0324508 -0.1230075 -0.1626636 0.03784008 -0.1316219 -0.1705978 0.03971357 -0.1271379 -0.1611338 0.0377657 -0.1261738 -0.1512973 0.03055629 -0.1220535 -0.1530259 0.02936066 -0.1209982 -0.1433183 0.03677822 -0.1306721 -0.1608825 0.03266248 -0.131322 -0.1712258 0.03388016 -0.132136 -0.1821843 0.03160359 -0.1303703 -0.1615321 0.03056844 -0.1274907 -0.1720971 0.03195965 -0.1285734 -0.1830035 0.0335101 -0.1239556 -0.1723579 0.03466895 -0.1252809 -0.1832378 0.0324508 -0.1230075 -0.1626636 0.02951431 -0.126542 -0.1624125 0.03055629 -0.1220535 -0.1530259 0.02760265 -0.125604 -0.152837 0.03487993 -0.1296974 -0.1511055 0.02970651 -0.1294388 -0.1518909 0.02677454 -0.1247451 -0.1446435 0.02936066 -0.1209982 -0.1433183 0.02850321 -0.1284501 -0.1421731 0.02441833 -0.1242139 -0.140584 0.0263969 -0.1202734 -0.138168 0.01973955 -0.1225288 -0.1359278 0.01947003 -0.1249222 -0.1354617 0.0255276 -0.1278283 -0.137007 0.01894677 -0.1268362 -0.134869 0.03269 -0.1283053 -0.1382647 0.02817887 -0.127371 -0.1313525 0.01868127 -0.126276 -0.1285231 0.03503859 -0.1246169 -0.1368453 0.0263969 -0.1202734 -0.138168 0.02981161 -0.123549 -0.1290629 0.01895714 -0.1237209 -0.1257428 0.01973955 -0.1225288 -0.1359278 0.08538181 -0.05101181 0.3565316 0.1256261 -0.01652893 0.3671404 0.09862454 -0.0112243 0.373739 0.122511 -0.05465803 0.3438067 0.1393039 -0.02102694 0.3661063 0.1359367 -0.05537238 0.3420172 0.1227351 -0.07713479 0.3116338 0.1334341 -0.07455615 0.3099872 0.1197356 -0.0915342 0.2741487 0 0.1141215 0.3775904 0 0.1130363 0.3753618 -0.04009137 0.1070168 0.3764807 -0.04118627 0.1078795 0.3787944 -0.07201094 0.08762739 0.3798013 0 0.1153637 0.3805349 -0.07349581 0.08886754 0.3824402 -0.09139089 0.06602743 0.3803569 -0.04165614 0.1088609 0.3818473 -0.03686209 0.1072551 0.4061401 0 0.1145989 0.4035623 0 0.1030903 0.4077777 -0.03601227 0.09636656 0.409689 -0.07377926 0.09032092 0.3858909 -0.06513625 0.07575595 0.4130539 -0.06275937 0.07224756 0.4156771 -0.09326226 0.06725816 0.3868049 -0.08204491 0.02699719 0.4152457 -0.07411291 0.02876076 0.4169779 -0.07175307 -0.01347007 0.4102464 -0.09310581 0.0665967 0.3831592 -0.1010712 0.02551311 0.3829128 -0.1021452 0.02521717 0.3854524 -0.1015015 -0.01189188 0.3745152 -0.101353 0.02484914 0.3887695 -0.07892983 -0.01477825 0.4081143 -0.06183013 -0.04578303 0.3983478 -0.06796256 -0.05010727 0.3956779 -0.1033266 -0.01306949 0.3774932 -0.1037351 -0.0144918 0.3806348 -0.09267606 -0.05017495 0.3642869 -0.09318691 -0.04898554 0.3614838 -0.09212101 -0.04798558 0.3592484 0 0.1130363 0.3753618 0 0.1141215 0.3775904 0.04009136 0.1070168 0.3764807 0.04118627 0.1078795 0.3787944 0.07201093 0.0876274 0.3798013 0 0.1153637 0.3805349 0.07349581 0.08886755 0.3824402 0.09139087 0.06602743 0.3803569 0.04165614 0.1088609 0.3818473 0.03686209 0.1072551 0.4061401 0 0.1145989 0.4035623 0 0.1030903 0.4077777 0.03601226 0.09636656 0.409689 0.07377925 0.09032093 0.3858909 0.06513624 0.07575595 0.4130539 0.06275935 0.07224756 0.4156771 0.09326223 0.06725816 0.3868049 0.08204491 0.02699719 0.4152457 0.07411289 0.02876076 0.4169779 0.07175305 -0.01347006 0.4102464 0.09310579 0.0665967 0.3831593 0.1010712 0.02551311 0.3829128 0.1021452 0.02521717 0.3854524 0.1015015 -0.01189188 0.3745152 0.101353 0.02484914 0.3887696 0.1033265 -0.01306949 0.3774932 0.09212098 -0.04798558 0.3592484 0.09318689 -0.04898554 0.3614839 0.1037351 -0.01449179 0.3806348 0.09267603 -0.05017495 0.364287 0.06796255 -0.05010727 0.3956779 0.07892981 -0.01477825 0.4081143 0.06183012 -0.04578304 0.3983478 0.02117037 -0.1187011 -0.1401586 0.01859785 -0.1201306 -0.06832641 0.02177496 -0.1289026 -0.1356609 0.01863546 -0.1267225 -0.06832641 -0.01227786 -0.1284156 -0.1069947 -0.01434718 -0.1344402 -0.06942127 0.001882948 -0.1295244 -0.1354231 0.02117037 -0.1187011 -0.1401586 -0.01081809 -0.1299214 -0.1352713 -0.01142269 -0.1230781 -0.1397689 0.03004632 -0.121603 -0.1749728 0.04144241 -0.1205331 -0.1716422 0.03788264 -0.1296564 -0.1775337 0.03816864 -0.1193402 -0.1613552 0.02677255 -0.1204101 -0.1646858 0.03120388 -0.1272229 -0.1565474 0.02712696 -0.1329452 -0.1744494 0.03788264 -0.1296564 -0.1775337 0.0238532 -0.1317523 -0.1641625 0.03120388 -0.1272229 -0.1565474 0.03344503 -0.1376922 -0.1605084 0.03120388 -0.1272229 -0.1565474 0.03671879 -0.1388851 -0.1707953 0.03788264 -0.1296564 -0.1775337 0.04229246 -0.1300211 -0.1587734 0.03120388 -0.1272229 -0.1565474 0.03816864 -0.1193402 -0.1613552 0.03120388 -0.1272229 -0.1565474 0.04556622 -0.131214 -0.1690604 0.03788264 -0.1296564 -0.1775337 0.04144241 -0.1205331 -0.1716422 0.03788264 -0.1296564 -0.1775337 -0.015214 -0.1306248 -0.166754 -0.02205666 -0.1324543 -0.1575413 -0.01300348 -0.1391008 -0.1596286 -0.02396777 -0.1311477 -0.1731072 -0.03081043 -0.1329772 -0.1638944 -0.03086194 -0.1401676 -0.1725897 -0.02267932 -0.1438449 -0.1557792 -0.01300348 -0.1391008 -0.1596286 -0.03143309 -0.1443678 -0.1621323 -0.03086194 -0.1401676 -0.1725897 -0.02497526 -0.1495781 -0.170256 -0.03086194 -0.1401676 -0.1725897 -0.01622148 -0.1490552 -0.1639028 -0.01300348 -0.1391008 -0.1596286 -0.02036144 -0.1414076 -0.1770388 -0.03086194 -0.1401676 -0.1725897 -0.02396777 -0.1311477 -0.1731072 -0.03086194 -0.1401676 -0.1725897 -0.015214 -0.1306248 -0.166754 -0.01160766 -0.1408847 -0.1706856 -0.01300348 -0.1391008 -0.1596286 -0.01300348 -0.1391008 -0.1596286 0.1279945 0.01690912 0.3770872 0.1431313 0.01486839 0.3765509 0.1436423 0.06367828 0.3633975 0.1298402 0.06470308 0.3643985 0.1435219 0.08888212 0.3356998 0.1083558 0.0653094 0.3694369 0.1024654 0.02151703 0.3813583 0.08660895 0.06672403 0.3764552 0.1273018 0.08973715 0.3352367 0.1433361 0.09181194 0.2950248 0.1285595 0.09376233 0.2957301 0.09508882 0.103341 0.2968011 0.0892905 0.09864386 0.3439475 0.07035052 0.08479073 0.3771617 0.05351972 0.1136606 0.2983633 0.04864146 0.1138298 0.3482661 0.03945282 0.1033527 0.3762152 0 0.117465 0.2989964 0 0.1197292 0.3495571 0 0.110979 0.3748287 -0.03945282 0.1033527 0.3762152 -0.04864147 0.1138298 0.3482661 -0.05351972 0.1136606 0.2983633 -0.07035054 0.08479073 0.3771617 -0.08929051 0.09864386 0.3439475 -0.09508884 0.103341 0.2968011 -0.08660897 0.06672402 0.3764552 -0.1273018 0.08973714 0.3352367 -0.1285596 0.09376232 0.29573 -0.1083558 0.06530939 0.3694369 -0.1024654 0.02151703 0.3813583 -0.1279945 0.01690912 0.3770872 -0.1435219 0.08888211 0.3356998 -0.1433361 0.09181193 0.2950248 -0.1298403 0.06470308 0.3643984 -0.1436424 0.06367827 0.3633975 -0.1431313 0.01486839 0.3765509 -0.01066677 -0.136786 -0.1358282 -0.002828536 -0.1389408 -0.132997 -0.00336259 -0.1410419 -0.1362612 -0.009567489 -0.1398769 -0.1388339 -0.01471763 -0.1376121 -0.1412424 -0.01153674 -0.1427996 -0.1358282 -0.003621939 -0.1431548 -0.132997 -0.01299538 -0.1406958 -0.143138 -0.01580136 -0.1374248 -0.1460368 -0.01557576 -0.1435437 -0.1412424 -0.01414015 -0.1425539 -0.1301345 -0.003343073 -0.1431857 -0.1266124 -0.01973111 -0.1432503 -0.1373239 -0.01492363 -0.1395833 -0.1272736 -0.00280798 -0.1410653 -0.1232752 -0.002828536 -0.1389408 -0.132997 -0.01066677 -0.136786 -0.1358282 -0.0212344 -0.1402442 -0.1353447 -0.01471763 -0.1376121 -0.1412424 -0.02346665 -0.1398236 -0.1449741 -0.01580136 -0.1374248 -0.1460368 -0.01807994 -0.1365257 -0.1599589 -0.02152408 -0.1427256 -0.1453135 -0.02618729 -0.1390349 -0.1590407 -0.01661056 -0.1430183 -0.1460368 -0.02410032 -0.1421024 -0.1593401 -0.01380094 -0.1403534 -0.1463831 -0.02727702 -0.1389751 -0.1688373 -0.0191702 -0.1364644 -0.169724 -0.02174738 -0.1358865 -0.1829975 -0.02923861 -0.1382259 -0.1822281 -0.02731562 -0.1410811 -0.1824653 -0.02519313 -0.1420408 -0.1691264 -0.02253678 -0.1413432 -0.1829975 -0.0189278 -0.1423863 -0.1599589 -0.02001848 -0.142328 -0.169724 -0.01982806 -0.1387417 -0.1832761 -0.01599194 -0.1395937 -0.1602585 -0.01807994 -0.1365257 -0.1599589 -0.0191702 -0.1364644 -0.169724 -0.02174738 -0.1358865 -0.1829975 -0.01707741 -0.1395342 -0.1700141 -0.5460729 0.01344727 0.2995933 -0.5946544 0.05622533 0.286765 -0.5948293 0.02644478 0.2592475 -0.5949457 -4.07666e-4 0.2554264 -0.5939903 -0.03849986 0.2669631 -0.5944309 -0.05227581 0.3010987 -0.5943935 -0.04565361 0.316265 -0.5950843 -0.03239357 0.3338875 -0.5949385 0.001240164 0.340686 -0.5947511 0.04448563 0.3346545 -0.5946858 0.05954286 0.3199985 -0.5946544 0.05622533 0.286765 0.03466895 -0.1252809 -0.1832378 0.04137356 -0.1291303 -0.1818987 0.03674104 -0.1289311 -0.1845971 0.03195965 -0.1285734 -0.1830035 0.03866075 -0.1324187 -0.1816233 0.03388016 -0.132136 -0.1821843 0.01844014 -0.1242974 -0.1325219 0.01895714 -0.1237209 -0.1257428 0.01973955 -0.1225288 -0.1359278 0.01947003 -0.1249222 -0.1354617 0.01868127 -0.126276 -0.1285231 0.01894677 -0.1268362 -0.134869 -0.02923861 -0.1382259 -0.1822281 -0.02174738 -0.1358865 -0.1829975 -0.02477441 -0.1375317 -0.1856237 -0.02731562 -0.1410811 -0.1824653 -0.01982806 -0.1387417 -0.1832761 -0.02253678 -0.1413432 -0.1829975 -0.002312884 -0.1410862 -0.1300954 -0.002828536 -0.1389408 -0.132997 -0.00280798 -0.1410653 -0.1232752 -0.00336259 -0.1410419 -0.1362612 -0.003343073 -0.1431857 -0.1266124 -0.003621939 -0.1431548 -0.132997 0.546073 0.01344727 0.2995933 0.5950843 -0.03239357 0.3338875 0.5943935 -0.04565361 0.316265 0.5944309 -0.05227581 0.3010987 0.5949385 0.001240164 0.340686 0.5939903 -0.03849986 0.2669631 0.5947511 0.04448563 0.3346545 0.5949457 -4.07666e-4 0.2554264 0.5946858 0.05954286 0.3199985 0.5948293 0.02644478 0.2592475 0.5946544 0.05622533 0.286765 -0.03601227 0.09636656 0.409689 -0.06501316 0.0757646 0.4138532 -0.05175242 0.06240001 0.3936856 0.05175241 0.06240001 0.3936856 0.06501314 0.0757646 0.4138533 0.03601226 0.09636656 0.409689 0.07256861 -0.01380636 0.4110568 0.08155971 0.02694986 0.416673 0.07019291 0.004750488 0.3926682 -0.07019293 0.004750488 0.3926682 -0.08155973 0.02694986 0.4166729 -0.07256863 -0.01380636 0.4110568 0.03753667 -0.06449896 0.367819 0.006869976 -0.08102405 0.3452847 0.004952004 -0.08400127 0.355571 -0.007513246 -0.08632675 0.3493264 -0.01469145 -0.09328198 0.348305 0.006869976 -0.08102405 0.3452847 -0.01469145 -0.09328198 0.348305 -0.007513246 -0.08632675 0.3493264 -0.007066607 -0.0874393 0.359928 -0.02381396 -0.1004963 0.3464712 -0.04925542 -0.06150772 0.363041 -0.007066607 -0.0874393 0.359928 -0.01385981 -0.1029092 0.362857 0.003582182 -0.09447059 0.3622275 0.003078944 -0.09032157 0.365842 -0.007066607 -0.0874393 0.359928 -0.007501748 -0.08855921 0.364619 -0.02381396 -0.1004963 0.3464712 0 0.007994026 0.3001029 0.07019291 0.004750488 0.3926682 0.05175241 0.06240001 0.3936856 -0.05175242 0.06240001 0.3936856 -0.07019293 0.004750488 0.3926682 0.003078944 -0.09032157 0.365842 0.004952004 -0.08400127 0.355571 -0.01482249 -0.1027803 0.3522819 -0.01385981 -0.1029092 0.362857 -0.01482249 -0.1027803 0.3522819 0.04939164 -0.1122016 0.3164977 0.07742053 -0.07674558 0.3406865 0.07763314 -0.078798 0.3423345 0.09303482 -0.04841876 0.3593487 0.07763314 -0.078798 0.3423345 -0.5897495 0.06584737 0.3199195 -0.5946858 0.05954286 0.3199985 -0.5950586 0.0447785 0.3351969 -0.5897495 0.06584737 0.3199195 -0.5946544 0.05622533 0.286765 -0.5897527 0.06391719 0.2856148 -0.5950675 0.02679722 0.2584805 -0.5946544 0.05622533 0.286765 -0.5950586 0.0447785 0.3351969 -0.5636484 0.05046483 0.3403982 -0.56529 0.002952988 0.3472442 -0.5929714 0.001182944 0.3453986 -0.5629992 0.06690003 0.3211169 -0.5665493 -0.03523292 0.3395989 -0.5955685 -0.033066 0.3345067 -0.5667099 -0.05826753 0.3024001 -0.5948326 -0.05314514 0.3013111 -0.5630471 0.06558747 0.2858689 -0.5598286 0.0633122 0.2886405 -0.5897527 0.06391719 0.2856148 -0.5607643 0.03214782 0.2589635 -0.5950675 0.02679722 0.2584805 -0.5653555 -3.09999e-5 0.2514175 -0.5927036 -6.92099e-4 0.2506535 -0.5948326 -0.05314514 0.3013111 -0.5662282 -0.04297955 0.2656721 -0.5943326 -0.03898004 0.2664591 -0.5927036 -6.92099e-4 0.2506535 -0.5653555 -3.09999e-5 0.2514175 -0.06501316 0.0757646 0.4138532 -0.08155973 0.02694986 0.4166729 -0.05175242 0.06240001 0.3936856 -0.07019293 0.004750488 0.3926682 0.07019291 0.004750488 0.3926682 0.08155971 0.02694986 0.416673 0.05175241 0.06240001 0.3936856 0.06501314 0.0757646 0.4138533 0.06743351 -0.05024879 0.3966048 0.07256861 -0.01380636 0.4110568 0.06210377 -0.03310674 0.3753608 0.07019291 0.004750488 0.3926682 0 0.09235784 0.3893733 0 0.007994026 0.3001029 0.05175241 0.06240001 0.3936856 -0.05175242 0.06240001 0.3936856 -0.07019293 0.004750488 0.3926682 -0.07256863 -0.01380636 0.4110568 -0.06210443 -0.03310667 0.37536 -0.06743349 -0.05024879 0.3966048 -0.04488092 -0.06649241 0.3843615 -0.06210443 -0.03310667 0.37536 -0.06743349 -0.05024879 0.3966048 -0.04053589 -0.06439668 0.3675133 -0.007501748 -0.08855921 0.364619 -0.04053589 -0.06439668 0.3675133 -0.04488092 -0.06649241 0.3843615 -0.007066607 -0.0874393 0.359928 -0.01142269 -0.1230781 -0.1397689 -0.01081806 -0.1299224 -0.1352709 -0.06103427 -0.1263827 -0.1385631 -0.06455646 -0.1331719 -0.1340653 0.006869976 -0.08102405 0.3452847 -0.01469145 -0.09328198 0.348305 0.004952004 -0.08400127 0.355571 -0.01482249 -0.1027803 0.3522819 -0.007066607 -0.0874393 0.359928 -0.04358991 -0.06922495 0.349573 -0.01469145 -0.09328198 0.348305 -0.04925542 -0.06150772 0.363041 0.06418325 -0.03467581 0.3770057 0.07742053 -0.07674558 0.3406865 0.04923593 -0.06151854 0.3617748 0.09303482 -0.04841876 0.3593487 -0.07804302 -0.07857038 0.3414783 -0.02381396 -0.1004963 0.3464712 -0.05000135 -0.1159922 0.3224269 -0.04925542 -0.06150772 0.363041 -0.07804302 -0.07857038 0.3414783 -0.06418569 -0.03467446 0.3770006 -0.04925542 -0.06150772 0.363041 -0.09303483 -0.04841876 0.3593487 -0.1431111 0.01487273 0.3763421 -0.1392945 -0.02090719 0.3658558 -0.09861936 -0.01114634 0.3735783 -0.102454 0.02151807 0.3812424 0.09861933 -0.01114634 0.3735783 0.1392945 -0.02090736 0.3658571 0.1431111 0.01487274 0.3763421 0.102454 0.02151807 0.3812425 -0.06210443 -0.03310667 0.37536 0 0.007994026 0.3001029 -0.07019293 0.004750488 0.3926682 -0.06210443 -0.03310667 0.37536 -0.04053589 -0.06439668 0.3675133 0.06210377 -0.03310674 0.3753608 0.07019291 0.004750488 0.3926682 0.03753667 -0.06449896 0.367819 0.006869976 -0.08102405 0.3452847 -0.004664256 -0.07708383 0.3413339 -0.007513246 -0.08632675 0.3493264 -0.04053589 -0.06439668 0.3675133 -0.007066607 -0.0874393 0.359928 0.004952004 -0.08400127 0.355571 0.003078944 -0.09032157 0.365842 0.03753667 -0.06449896 0.367819 0.04488092 -0.06649241 0.3843615 0.06210377 -0.03310674 0.3753608 0.06743351 -0.05024879 0.3966048 0.06654084 0.1436279 -0.1352712 0.06419426 0.1371837 -0.1400684 1.06218e-15 0.1494885 -0.1355446 -0.06419426 0.1371837 -0.1400684 -0.06654084 0.1436279 -0.1352712 -0.1275167 0.1216121 -0.1397689 -0.1325104 0.1277669 -0.1352713 -0.1763766 0.09043734 -0.139769 -0.1842226 0.09426817 -0.1352713 -0.1940611 0.02531072 -0.139769 -0.203278 0.02445699 -0.1352713 -0.1960448 -0.02979314 -0.1352713 -0.1874449 -0.02979314 -0.1397689 -0.1674186 -0.08115427 -0.1352713 -0.1608156 -0.07654177 -0.1397689 -0.1168719 -0.1153079 -0.1352713 -0.1128113 -0.1092502 -0.1397689 -0.06455646 -0.1331719 -0.1340653 -0.06103427 -0.1263827 -0.1385631 0.06743351 -0.05024879 0.3966048 0.09303482 -0.04841876 0.3593487 0.1033274 -0.01224036 0.3749883 0.07256861 -0.01380636 0.4110568 0.1020337 0.02560469 0.3831388 0.08155971 0.02694986 0.416673 0.09373149 0.0668783 0.3828423 0.06501314 0.0757646 0.4138533 0.07389101 0.09034182 0.3850931 0.03689116 0.1073367 0.4061271 0.03601226 0.09636656 0.409689 0.04023256 0.107413 0.3764159 0 0.1030903 0.4077777 0 0.1143793 0.3770415 0 0.114627 0.4035625 0.07763314 -0.078798 0.3423345 0.09303482 -0.04841876 0.3593487 0.07638375 -0.07908981 0.3458212 0.04855749 -0.07543906 0.3799255 0.06743351 -0.05024879 0.3966048 0.04488092 -0.06649241 0.3843615 0.1842226 0.09199734 -0.1352713 0.203278 0.02445699 -0.1352713 0.1940611 0.02531072 -0.139769 0.1763766 0.08816651 -0.139769 0.1325104 0.1277669 -0.1352713 0.1275167 0.1216121 -0.1397689 0.06654084 0.1436279 -0.1352712 0.06419426 0.1371837 -0.1400684 -0.06743349 -0.05024879 0.3966048 -0.04857288 -0.07543457 0.3799242 -0.04488092 -0.06649241 0.3843615 -0.09303483 -0.04841876 0.3593487 -0.07638377 -0.07908982 0.3458212 -0.07804302 -0.07857038 0.3414783 -0.05082841 -0.1161202 0.3279112 -0.07804302 -0.07857038 0.3414783 -0.05000135 -0.1159922 0.3224269 -0.0265212 -0.1032856 0.351252 -0.07638377 -0.07908982 0.3458212 -0.04857288 -0.07543457 0.3799242 -0.02502077 -0.1017898 0.3479583 -0.05000135 -0.1159922 0.3224269 -0.02381396 -0.1004963 0.3464712 -0.01115886 -0.0940465 0.3652487 -0.007501748 -0.08855921 0.364619 -0.04488092 -0.06649241 0.3843615 -0.007501748 -0.08855921 0.364619 0.1674186 -0.08115427 -0.1352713 0.1175022 -0.1119263 -0.1352713 0.1608156 -0.07654177 -0.1397689 0.1134416 -0.1058686 -0.1397689 0.07298124 -0.1304117 -0.1352713 0.06945885 -0.1236215 -0.139769 0.03070007 -0.1423426 -0.1351905 0.02843162 -0.1347033 -0.1396882 -0.007529213 -0.1504621 -0.1366901 -0.007529213 -0.1352378 -0.1411878 -0.01258016 -0.1205007 -0.1101448 -0.01142269 -0.1230781 -0.1397689 -0.06103427 -0.1263827 -0.1385631 -0.0578393 -0.1204683 -0.06942127 -0.01399298 -0.1253608 -0.06942127 0 -0.001261294 0.003106453 -0.0578393 -0.1204683 -0.06942127 0.01859785 -0.1201306 -0.06832641 -0.01258016 -0.1205007 -0.1101448 -0.01399298 -0.1253608 -0.06942127 0.02117037 -0.1187011 -0.1401586 -0.01142269 -0.1230781 -0.1397689 -0.09916662 -0.1000476 -0.06942126 -0.06103427 -0.1263827 -0.1385631 -0.1128113 -0.1092502 -0.1397689 -0.1431541 -0.06737905 -0.06809472 -0.1608156 -0.07654177 -0.1397689 -0.1874449 -0.02979314 -0.1397689 -0.1504012 0.004328027 -0.06942126 -0.1940611 0.02531072 -0.139769 -0.1289762 0.06178284 -0.06942126 -0.1763766 0.09043734 -0.139769 -0.1275167 0.1216121 -0.1397689 -0.06163476 0.09582815 -0.06720378 -0.06419426 0.1371837 -0.1400684 7.27185e-16 0.1023422 -0.06720378 0.06419426 0.1371837 -0.1400684 0.06163476 0.09582815 -0.06720378 0.06163476 0.09582815 -0.06720378 0.06419426 0.1371837 -0.1400684 0.1275167 0.1216121 -0.1397689 0.1289762 0.06178284 -0.06942126 0.1763766 0.08816651 -0.139769 0.1289762 0.06178284 -0.06942126 0.1940611 0.02531072 -0.139769 0.1504012 0.004328027 -0.06942126 0.1504012 0.004328027 -0.06942126 0.1940611 0.02531072 -0.139769 0.1874449 -0.02979314 -0.1397689 0.1431616 -0.06737905 -0.06809472 0.1608156 -0.07654177 -0.1397689 0.1608156 -0.07654177 -0.1397689 0.1134416 -0.1058686 -0.1397689 0.1074403 -0.1000476 -0.06942126 0.1074403 -0.1000476 -0.06942126 0.06945885 -0.1236215 -0.139769 0.06176866 -0.1178827 -0.06942127 0.02843162 -0.1347033 -0.1396882 0.01863546 -0.1267225 -0.06832641 -0.01203198 -0.1343754 -0.1102464 -0.007529213 -0.1352378 -0.1411878 0.01828065 -0.1322929 -0.06832641 -0.01434718 -0.1344402 -0.06942127 -0.01434718 -0.1344402 -0.06942127 -0.01434718 -0.1344402 -0.06942127 -0.01203198 -0.1343754 -0.1102464 -0.01203198 -0.1432977 -0.1102464 -0.007529213 -0.1504621 -0.1366901 -0.007529213 -0.1352378 -0.1411878 0.03070007 -0.1423426 -0.1351905 -0.01203198 -0.1432977 -0.1102464 0.01863092 -0.1364979 -0.06941397 0.07298124 -0.1304117 -0.1352713 -0.01583179 -0.1385741 -0.06942127 -0.01434718 -0.1344402 -0.06942127 -0.01434718 -0.1344402 -0.06942127 -0.01381541 -0.1352637 -0.0112646 0.1122672 -0.114438 -0.06941576 0.1175022 -0.1119263 -0.1352713 -0.01545327 -0.14065 -0.0112646 -0.0132172 -0.1403601 0.04654091 0.01629039 -0.1379188 -0.0112646 -0.0149935 -0.144206 0.04654091 -0.01330443 -0.1411339 0.08835378 0.01424224 -0.1422701 0.04654091 0.05819893 -0.1329323 -0.01128507 0.05425286 -0.1374704 0.04654091 0.01303695 -0.1453549 0.08832157 -0.01491716 -0.1461796 0.08835378 -0.01250787 -0.1453627 0.1662319 -0.01443793 -0.1490701 0.1662319 -0.01468747 -0.1457624 0.226845 -0.01283969 -0.140015 0.226845 0.01259738 -0.1486761 0.1662523 -0.01468747 -0.1292872 0.288816 -0.0132291 -0.124585 0.2881343 0.0130228 -0.1452132 0.2270096 -0.01468684 -0.1020884 0.3278818 -0.0132291 -0.09775856 0.3277879 -0.01469145 -0.09328198 0.348305 -0.01482249 -0.1027803 0.3522819 0.01221614 -0.1278411 0.288816 0.01221614 -0.09913744 0.3278765 0.01221614 -0.09159598 0.3483002 0.0489696 -0.1213288 0.2854991 0.0458127 -0.09585888 0.3285908 0.04358991 -0.06922495 0.349573 0.09123061 -0.1263929 0.2269861 0.09385835 -0.08797159 0.3222747 0.04358991 -0.06922495 0.349573 0.09147173 -0.109649 0.2803066 0.08536962 -0.0509396 0.3564738 0.04923593 -0.06151854 0.3617748 0.06418325 -0.03467581 0.3770057 0.1333067 -0.07427308 0.3098364 0.1358912 -0.05510282 0.3418017 0.08536962 -0.0509396 0.3564738 0.09861933 -0.01114634 0.3735783 0.1392945 -0.02090736 0.3658571 0.1197356 -0.0915342 0.2741487 0.1375237 -0.06258242 0.2608497 0.1196239 -0.1027338 0.2270357 0.1547536 -0.006825639 0.2182849 0.154743 -0.008648388 0.241085 0.09388304 -0.13278 0.1663907 0.150897 -0.05872659 0.1663311 0.1582668 -0.00157824 0.1662319 0.1033 -0.130103 0.08843324 0.1611914 -0.05487373 0.08843019 0.1667347 0.003054243 0.08835381 0.110931 -0.1257077 0.04654218 0.1680672 -0.0499538 0.04654091 0.1721475 0.008454197 0.04654091 0.1375105 -0.09644289 0.04654091 0.1265221 -0.1111473 -0.01133195 0.1211959 -0.1077645 -0.01136432 0.1470353 -0.08920484 -0.01126461 0.179169 -0.04243162 -0.01126461 0.182398 0.0147411 -0.01126461 0.141955 -0.09770042 -0.04838856 0.1548567 -0.08370387 -0.06961187 0.1674186 -0.08115427 -0.1352713 0.188155 -0.03631441 -0.06942126 0.1960448 -0.03299984 -0.1352713 0.1925088 0.01959965 -0.06942126 0.203278 0.02445699 -0.1352713 0.1691915 0.08459677 -0.06942126 0.1842226 0.09199734 -0.1352713 0.1325104 0.1277669 -0.1352713 0.0936496 0.1201507 -0.0671454 0.06654084 0.1436279 -0.1352712 0.1596119 0.07534336 -0.01126461 0.1925088 0.01959965 -0.06942126 0.182398 0.0147411 -0.01126461 0.1508744 0.06476194 0.04654089 0.1721475 0.008454197 0.04654091 0.1449349 0.06107941 0.08835384 0.1667347 0.003054243 0.08835381 0.08244009 0.09932882 0.04661481 0.1356153 0.0584876 0.1662319 0.1582668 -0.00157824 0.1662319 0.1547536 -0.006825639 0.2182849 0.1510193 0.04721427 0.2392044 0.154743 -0.008648388 0.241085 0.1308176 0.0636692 0.2161987 0.1335359 0.08152784 0.267516 0.07595959 0.09364823 0.08835381 0.06753881 0.08777913 0.1662319 0.1016892 0.09367681 0.2586265 0.1433066 0.09179407 0.2951189 0.09505998 0.1031905 0.2968072 0.06111804 0.09134722 0.2161698 0.05825114 0.10073 0.2586265 0.05351972 0.1136606 0.2983633 0 0.09722225 0.1662319 0 0.1070171 0.2586265 0 0.117465 0.2989964 -0.05351972 0.1136606 0.2983633 0 0.09883437 0.216058 -0.05825114 0.10073 0.2586265 -0.09506034 0.1031849 0.2968128 -0.06111804 0.09134722 0.2161698 -0.1016892 0.09367676 0.2586266 -0.1432979 0.09195328 0.2949551 -0.133536 0.08152784 0.267516 -0.1308176 0.0636692 0.2161987 -0.1510194 0.04721427 0.2392044 -0.1547542 -0.006825639 0.2182876 -0.154743 -0.008648389 0.241085 -0.06753881 0.08670077 0.1662319 -0.1356153 0.0584876 0.1662319 -0.1582668 -0.00157824 0.1662319 -0.1667347 0.003054243 0.08835381 0 0.1014695 0.08835381 -0.07595959 0.08981783 0.08835378 -0.1449349 0.06210163 0.08835384 -0.1721475 0.008454197 0.04654091 3.79592e-16 0.1072663 0.04654091 -0.08233946 0.09665819 0.04654089 -0.1508744 0.06731813 0.04654089 -0.1817773 0.0147411 -0.01126461 3.88591e-6 0.1198808 -0.01016612 -0.08812656 0.1082484 -0.01016626 -0.1596045 0.07605066 -0.01126461 -0.1912506 0.01959965 -0.06942126 7.52892e-6 0.130975 -0.06720376 1.06218e-15 0.1494885 -0.1355446 -0.06654084 0.1436279 -0.1352712 -0.0935551 0.1198757 -0.06720376 -0.1325104 0.1277669 -0.1352713 -0.1691765 0.08395192 -0.06942126 -0.1842226 0.09426817 -0.1352713 -0.203278 0.02445699 -0.1352713 -0.1912506 0.01959965 -0.06942126 -0.1960448 -0.02979314 -0.1352713 -0.18814 -0.03631441 -0.06942126 -0.1817773 0.0147411 -0.01126461 -0.1674186 -0.08115427 -0.1352713 -0.1800329 -0.04326629 -0.01123412 -0.1721475 0.008454197 0.04654091 -0.1548437 -0.08368368 -0.06960194 -0.1168719 -0.1153079 -0.1352713 -0.1680672 -0.0499538 0.04654091 -0.1667347 0.003054243 0.08835381 -0.1120055 -0.1133304 -0.06942126 -0.06455646 -0.1331719 -0.1340653 -0.1602924 -0.05419798 0.0883538 -0.1582668 -0.00157824 0.1662319 -0.01227786 -0.1284156 -0.1069947 -0.01081806 -0.1299224 -0.1352709 -0.0617536 -0.1294472 -0.06942127 -0.01434718 -0.1344402 -0.06942127 -0.05819061 -0.1329298 -0.01128482 -0.01381541 -0.1352637 -0.0112646 -0.141937 -0.09768455 -0.04838686 -0.05425286 -0.1374704 0.04654091 -0.0132172 -0.1403601 0.04654091 -0.1265222 -0.1111477 -0.01133202 -0.1241108 -0.1097673 -0.01127581 -0.1109138 -0.1256947 0.04654072 -0.1399489 -0.0956903 0.04654089 -0.1321323 -0.09808643 0.08835381 -0.1021248 -0.1288244 0.08835378 -0.05124966 -0.1399164 0.08835378 -0.01330443 -0.1411339 0.08835378 -0.1228165 -0.1031544 0.1662319 -0.05097179 -0.1431013 0.1662319 -0.01250787 -0.1453627 0.1662319 -0.01283969 -0.140015 0.226845 -0.09185321 -0.1304059 0.1662318 -0.05016346 -0.1385092 0.226845 -0.0489696 -0.1213288 0.2854991 -0.0132291 -0.124585 0.2881343 -0.09105077 -0.1256239 0.2268449 -0.1196248 -0.1027338 0.2270387 -0.1495184 -0.05767734 0.1662319 -0.1547542 -0.006825639 0.2182876 -0.1375225 -0.06258197 0.2608496 -0.154743 -0.008648389 0.241085 -0.1197356 -0.0915342 0.2741486 -0.1333067 -0.07427308 0.3098364 -0.09147173 -0.109649 0.2803066 -0.09385836 -0.0879716 0.3222747 -0.1358912 -0.05510283 0.3418017 -0.09861936 -0.01114634 0.3735783 -0.1392945 -0.02090719 0.3658558 -0.08536964 -0.05093966 0.3564739 -0.0458127 -0.09585888 0.3285908 -0.0132291 -0.09775856 0.3277879 -0.04358991 -0.06922495 0.349573 -0.01469145 -0.09328198 0.348305 -0.04358991 -0.06922495 0.349573 -0.08536964 -0.05093966 0.3564739 -0.04925542 -0.06150772 0.363041 -0.06418569 -0.03467446 0.3770006 -0.01482249 -0.1027803 0.3522819 0.003582182 -0.09447059 0.3622275 -0.01385981 -0.1029092 0.362857 0.01221614 -0.09159598 0.3483002 0.04923593 -0.06151854 0.3617748 0.04358991 -0.06922495 0.349573 0.09861933 -0.01114634 0.3735783 0.06418325 -0.03467581 0.3770057 0.08536962 -0.0509396 0.3564738 0.08589411 -0.01589164 0.3876397 0.102454 0.02151807 0.3812425 0.08923618 0.02136718 0.3935335 0.08589411 -0.01589164 0.3876397 0.09303482 -0.04841876 0.3593487 0.06418325 -0.03467581 0.3770057 0.1033274 -0.01224036 0.3749883 0.08923618 0.02136718 0.3935335 0.1020337 0.02560469 0.3831388 0.07812336 0.06444904 0.3937967 0.09373149 0.0668783 0.3828423 0.06452847 0.08165997 0.3926824 0.07389101 0.09034182 0.3850931 0.03697416 0.09512299 0.3922455 0.04023256 0.107413 0.3764159 0 0.1010165 0.3916021 0 0.1143793 0.3770415 -0.06418569 -0.03467446 0.3770006 -0.09861936 -0.01114634 0.3735783 -0.08536964 -0.05093966 0.3564739 -0.08589412 -0.01589164 0.3876397 -0.102454 0.02151807 0.3812424 -0.0892362 0.02136718 0.3935335 -0.09303483 -0.04841876 0.3593487 -0.08589412 -0.01589164 0.3876397 -0.06418569 -0.03467446 0.3770006 -0.1033274 -0.01224036 0.3749883 -0.0892362 0.02136718 0.3935335 -0.1020337 0.02560469 0.3831388 -0.07812338 0.06444904 0.3937967 -0.09373152 0.0668783 0.3828422 -0.06452848 0.08165997 0.3926824 -0.07389102 0.09034181 0.3850931 -0.03697416 0.09512299 0.3922455 -0.04023257 0.107413 0.3764159 0 0.1010165 0.3916021 0 0.1143793 0.3770415 0.5950662 0.02680048 0.2584939 0.5951723 -4.72337e-4 0.2548418 0.565425 -4.97608e-5 0.2512398 0.5607649 0.0321465 0.2589743 0.5950243 0.05685964 0.2864597 0.5632573 0.06506228 0.2857106 0.5598286 0.0633122 0.2886405 0.5950442 0.06022391 0.3202342 0.5630716 0.0670529 0.321163 0.5637226 0.05056966 0.3406048 0.5950574 0.04478958 0.3351861 0.5651897 0.002940933 0.347024 0.592975 0.001182914 0.3453986 0.5665497 -0.03524009 0.3396057 0.5955685 -0.03306589 0.3345066 0.5667105 -0.05827637 0.3024048 0.5948327 -0.05314505 0.301311 0.5662286 -0.04297339 0.2656777 0.5948327 -0.05314505 0.301311 0.5942701 -0.03897941 0.2664589 0.5951723 -4.72337e-4 0.2548418 0.565425 -4.97608e-5 0.2512398 -0.1033274 -0.01224036 0.3749883 -0.09303483 -0.04841876 0.3593487 -0.06743349 -0.05024879 0.3966048 -0.07256863 -0.01380636 0.4110568 -0.1020337 0.02560469 0.3831388 -0.08155973 0.02694986 0.4166729 -0.09373152 0.0668783 0.3828422 -0.06501316 0.0757646 0.4138532 -0.07389102 0.09034181 0.3850931 -0.03689116 0.1073367 0.4061271 -0.03601227 0.09636656 0.409689 -0.04023257 0.107413 0.3764159 0 0.1030903 0.4077777 0 0.1143793 0.3770415 0 0.114627 0.4035625 0.02117037 -0.1187011 -0.1401586 -0.01081806 -0.1299224 -0.1352709 -0.01142269 -0.1230781 -0.1397689 0.02177499 -0.1289032 -0.1356606 -0.01227786 -0.1284156 -0.1069947 0.02117037 -0.1187011 -0.1401586 0.01859785 -0.1201306 -0.06832641 0.01863546 -0.1267225 -0.06832641 -0.01434718 -0.1344402 -0.06942127 0.08703465 0.06724396 0.3768145 0.08923618 0.02136718 0.3935335 0.102454 0.02151807 0.3812425 0.07812336 0.06444904 0.3937967 0.06452847 0.08165997 0.3926824 0.03970542 0.1036612 0.3764284 0.03697416 0.09512299 0.3922455 0 0.110979 0.3748287 0 0.1010165 0.3916021 -0.03697416 0.09512299 0.3922455 -0.03970542 0.1036613 0.3764284 -0.06452848 0.08165997 0.3926824 -0.08703467 0.06724396 0.3768145 -0.07812338 0.06444904 0.3937967 -0.0892362 0.02136718 0.3935335 -0.102454 0.02151807 0.3812424 -0.03601227 0.09636656 0.409689 -0.05175242 0.06240001 0.3936856 0 0.09235784 0.3893733 0 0.1030903 0.4077777 0.03601226 0.09636656 0.409689 0.05175241 0.06240001 0.3936856 0.1940611 0.02531072 -0.139769 0.203278 0.02445699 -0.1352713 0.1874449 -0.02979314 -0.1397689 0.1960448 -0.03299984 -0.1352713 0.1674186 -0.08115427 -0.1352713 0.1608156 -0.07654177 -0.1397689 0.04939164 -0.1122016 0.3164977 0.04923593 -0.06151854 0.3617748 0.07742053 -0.07674558 0.3406865 0.0238154 -0.100624 0.3457887 0.01110829 -0.09595025 0.3601373 0.003582182 -0.09447059 0.3622275 0.02714683 -0.1329532 -0.1745139 0.02987563 -0.1213101 -0.1746989 0.04147239 -0.1204873 -0.1716977 0.0238532 -0.1317523 -0.1641625 0.03330989 -0.1375239 -0.1602955 0.02987563 -0.1213101 -0.1746989 0.03673895 -0.1388932 -0.1708608 0.04147239 -0.1204873 -0.1716977 0.04556622 -0.131214 -0.1690604 0.04147239 -0.1204873 -0.1716977 0.04223853 -0.1298444 -0.1585785 0.02987563 -0.1213101 -0.1746989 0.04147239 -0.1204873 -0.1716977 0.02987563 -0.1213101 -0.1746989 -0.02214563 -0.1320195 -0.1577136 -0.02237064 -0.1437874 -0.1557546 -0.02004182 -0.1411036 -0.1771947 -0.031437 -0.1443649 -0.1621332 -0.01622011 -0.149055 -0.163903 -0.02004182 -0.1411036 -0.1771947 -0.02523297 -0.1494253 -0.1703753 -0.02214563 -0.1320195 -0.1577136 -0.02004182 -0.1411036 -0.1771947 -0.02214563 -0.1320195 -0.1577136 0.01226088 -0.09430417 0.3638642 0.003582182 -0.09447059 0.3622275 0.01110829 -0.09595025 0.3601373 0.003078944 -0.09032157 0.365842 0.04488092 -0.06649241 0.3843615 0.04855749 -0.07543906 0.3799255 0.02652175 -0.1034146 0.3505591 0.07638375 -0.07908981 0.3458212 0.02502714 -0.1019219 0.3472764 0.01110829 -0.09595025 0.3601373 0.0238154 -0.100624 0.3457887 0.04939164 -0.1122016 0.3164977 0.05021792 -0.1123275 0.3219827 0.07763314 -0.078798 0.3423345 0.5538624 1.33523e-4 0.2527522 0.565425 -4.97608e-5 0.2512398 0.5662286 -0.04297339 0.2656777 0.5564928 -0.04494232 0.267415 0.5667105 -0.05827637 0.3024048 0.4983391 -0.04646253 0.2648045 0.4598972 -0.005220259 0.2446377 0.5574322 -0.06254419 0.2992519 0.5665497 -0.03524009 0.3396057 0.4652736 -0.05462601 0.2566745 0.5557461 -0.03283009 0.3443528 0.5651897 0.002940933 0.347024 0.4681558 -0.0707565 0.300016 0.4243938 -0.05178316 0.2534547 0.4195446 -0.008061122 0.23801 0.391388 -0.01064552 0.2459648 0.3230895 -0.05703897 0.257835 0.2882515 -0.008153936 0.2411636 0.3211374 -0.0766063 0.2988616 0.2446085 -0.0598405 0.2596972 0.2088088 -0.003344609 0.2415078 0.1627645 -0.005545378 0.2387515 0.2856231 -0.06773145 0.2944006 0.1608535 -0.06104212 0.2594902 0.154743 -0.008648388 0.241085 0.1375237 -0.06258242 0.2608497 0.2059615 -0.07192079 0.2983381 0.1577573 -0.0707991 0.3019102 0.1333067 -0.07427308 0.3098364 0.1615102 -0.05688727 0.3372552 0.1358912 -0.05510282 0.3418017 0.1392945 -0.02090736 0.3658571 0.1714257 0.01083296 0.3757313 0.1431111 0.01487274 0.3763421 0.1436257 0.06352368 0.3630887 0.206884 -0.03300653 0.361865 0.2488249 -0.03422301 0.3621684 0.2507785 0.01204748 0.3717918 0.2118544 0.06609695 0.3630648 0.2861328 -0.05661929 0.3326415 0.2890079 0.005451499 0.3804399 0.3213553 -0.06702811 0.3312485 0.3230407 -0.03834324 0.3653608 0.396661 -0.06817748 0.3273969 0.3939849 -0.03882623 0.3618346 0.4496687 -0.03880616 0.3573794 0.4416657 0.007646048 0.3714913 0.3901307 0.003758179 0.3757102 0.5536685 0.00724496 0.3546459 0.5637226 0.05056966 0.3406048 0.4281187 0.05837863 0.3616799 0.529284 0.05372111 0.34818 0.4524893 0.05366947 0.3527208 0.5481905 0.07208466 0.3227764 0.5630716 0.0670529 0.321163 0.5598286 0.0633122 0.2886405 0.4924509 0.0685166 0.3234614 0.5494592 0.06872643 0.2833556 0.5607649 0.0321465 0.2589743 0.565425 -4.97608e-5 0.2512398 0.5538624 1.33523e-4 0.2527522 0.5520018 0.03704713 0.2526348 0.4957711 0.03589974 0.2507468 0.4598972 -0.005220259 0.2446377 0.4932451 0.06509569 0.2835181 0.4564515 0.03124605 0.242025 0.4195446 -0.008061122 0.23801 0.4538512 0.06746195 0.2821589 0.4532312 0.07501835 0.3236382 0.431552 0.07401092 0.279072 0.4251291 0.07882275 0.3265376 0.3872318 0.03442195 0.2453333 0.391388 -0.01064552 0.2459648 0.3838511 0.07023171 0.2790902 0.383896 0.06977487 0.3277289 0.3512708 0.0678174 0.2785013 0.3250655 0.03424674 0.2425405 0.2882515 -0.008153936 0.2411636 0.3854227 0.05417056 0.3598783 0.3509922 0.07107741 0.3319935 0.3261405 0.06161805 0.3640382 0.2912981 0.06206031 0.362354 0.2920033 0.07770967 0.3354911 0.3265223 0.07464515 0.279575 0.2513595 0.07713215 0.3332036 0.2917112 0.07012115 0.2734297 0.2126316 0.08341679 0.2770733 0.2128022 0.08663897 0.3334655 0.1434301 0.08848844 0.3354459 0.1433066 0.09179407 0.2951189 0.248943 0.03901211 0.2430502 0.2088088 -0.003344609 0.2415078 0.16245 0.07322779 0.2715765 0.1335359 0.08152784 0.267516 0.164532 0.04383017 0.2428665 0.1627645 -0.005545378 0.2387515 0.1510193 0.04721427 0.2392044 0.154743 -0.008648388 0.241085 0.09505998 0.1031905 0.2968072 0.1434301 0.08848844 0.3354459 0.1433066 0.09179407 0.2951189 0.08925816 0.09846134 0.3438546 0.05351972 0.1136606 0.2983633 0.1083466 0.06528415 0.3693857 0.1436257 0.06352368 0.3630887 0.1431111 0.01487274 0.3763421 0.102454 0.02151807 0.3812425 0.08703465 0.06724396 0.3768145 0.04866681 0.1138607 0.3482875 0 0.117465 0.2989964 0.03970542 0.1036612 0.3764284 0 0.1197292 0.3495571 0 0.110979 0.3748287 -0.03970542 0.1036613 0.3764284 -0.04866681 0.1138607 0.3482875 -0.05351972 0.1136606 0.2983633 -0.08703467 0.06724396 0.3768145 -0.08925834 0.09846234 0.3438548 -0.09506034 0.1031849 0.2968128 -0.1434228 0.08844201 0.335435 -0.1432979 0.09195328 0.2949551 -0.1083466 0.06528085 0.3693792 -0.102454 0.02151807 0.3812424 -0.1436281 0.06363431 0.3633085 -0.1431111 0.01487273 0.3763421 -0.5464635 0.01344611 0.2995889 -0.5946544 0.05622533 0.286765 -0.5950675 0.02679722 0.2584805 -0.5927036 -6.92099e-4 0.2506535 -0.5943326 -0.03898004 0.2664591 -0.5948326 -0.05314514 0.3013111 -0.5955685 -0.033066 0.3345067 -0.5929714 0.001182944 0.3453986 -0.5950586 0.0447785 0.3351969 -0.5946858 0.05954286 0.3199985 -0.5946544 0.05622533 0.286765 -0.5653555 -3.09999e-5 0.2514175 -0.5538584 1.34694e-4 0.2527806 -0.5662282 -0.04297955 0.2656721 -0.5564367 -0.04452105 0.2677983 -0.5667099 -0.05826753 0.3024001 -0.5377427 -0.04969205 0.2691636 -0.5574859 -0.06324798 0.2995703 -0.5665493 -0.03523292 0.3395989 -0.4983129 -0.04624631 0.2650269 -0.4599539 -0.005268517 0.2442502 -0.5059558 -0.06284846 0.2985429 -0.5557651 -0.03326752 0.3449245 -0.56529 0.002952988 0.3472442 -0.4682822 -0.07051332 0.3001884 -0.5332049 0.004828203 0.3605172 -0.4653637 -0.0544261 0.2566989 -0.502822 -0.03523177 0.346737 -0.3951812 -0.0518978 0.2609961 -0.3913607 -0.01059524 0.2462382 -0.3234008 -0.01120776 0.2429946 -0.3978594 -0.08055321 0.3001828 -0.3227707 -0.05711754 0.2576253 -0.2087837 -0.003422978 0.2411099 -0.4649129 -0.04100209 0.359207 -0.2446225 -0.05979794 0.2597647 -0.1627645 -0.005545378 0.2387515 -0.4980816 0.008209214 0.3605884 -0.1608529 -0.06104508 0.2594841 -0.154743 -0.008648389 0.241085 -0.1375225 -0.06258197 0.2608496 -0.1577573 -0.07079909 0.3019102 -0.1333067 -0.07427308 0.3098364 -0.2059908 -0.07205135 0.2984669 -0.1615094 -0.05688418 0.3372335 -0.1358912 -0.05510283 0.3418017 -0.1392945 -0.02090719 0.3658558 -0.285381 -0.06967758 0.2947526 -0.1714391 0.01076426 0.376139 -0.1431111 0.01487273 0.3763421 -0.2068826 -0.0329946 0.3618557 -0.2488153 -0.03507712 0.3628975 -0.2088317 0.01378807 0.3719257 -0.1714343 0.06480822 0.3618678 -0.1436281 0.06363431 0.3633085 -0.1434228 0.08844201 0.335435 -0.2129236 0.08750954 0.3336729 -0.1432979 0.09195328 0.2949551 -0.249925 0.0626912 0.3660302 -0.2912759 0.06173508 0.3616458 -0.2919206 0.07399911 0.3357524 -0.2495723 0.08081485 0.2774785 -0.2887973 0.005515274 0.3741646 -0.3261259 0.06157904 0.3640143 -0.2868266 -0.03631446 0.3625869 -0.3404102 0.002314147 0.3821837 -0.3213675 -0.06772179 0.3315027 -0.3941018 -0.04086187 0.3647748 -0.3903111 0.003779294 0.3751202 -0.4598734 0.006950723 0.3704997 -0.3853286 0.05518753 0.3598973 -0.4067375 0.05904192 0.3674332 -0.452525 0.05376906 0.3528113 -0.3509716 0.07146855 0.3320767 -0.383896 0.06977487 0.3277289 -0.4208034 0.07840622 0.3265375 -0.3512709 0.06781611 0.278501 -0.3838511 0.07023168 0.2790902 -0.3265211 0.07468443 0.2795831 -0.2916136 0.06948267 0.2736746 -0.3250569 0.03425559 0.2424943 -0.3872524 0.03411951 0.2458804 -0.2489401 0.03899489 0.2430809 -0.1624461 0.07358076 0.2713186 -0.133536 0.08152784 0.267516 -0.2087837 -0.003422978 0.2411099 -0.1645322 0.04382898 0.2428659 -0.1510194 0.04721427 0.2392044 -0.154743 -0.008648389 0.241085 -0.1627645 -0.005545378 0.2387515 -0.3234008 -0.01120776 0.2429946 -0.3913607 -0.01059524 0.2462382 -0.4564663 0.03119997 0.2421061 -0.4599539 -0.005268517 0.2442502 -0.4315527 0.07401508 0.2790642 -0.4957711 0.03589974 0.2507468 -0.4534099 0.0731621 0.3236382 -0.5538584 1.34694e-4 0.2527806 -0.4538512 0.06746195 0.2821589 -0.4924509 0.06851719 0.3234615 -0.4932451 0.06509568 0.2835181 -0.5494592 0.06872641 0.2833556 -0.5520018 0.03704713 0.2526348 -0.5607643 0.03214782 0.2589635 -0.5653555 -3.09999e-5 0.2514175 -0.5598286 0.0633122 0.2886405 -0.5481908 0.07209086 0.3227781 -0.5629992 0.06690003 0.3211169 -0.5292509 0.05367314 0.3480771 -0.5511025 0.05096838 0.3453045 -0.5636484 0.05046483 0.3403982 0.5462831 0.01344815 0.2995886 0.5955685 -0.03306589 0.3345066 0.5948327 -0.05314505 0.301311 0.592975 0.001182914 0.3453986 0.5942701 -0.03897941 0.2664589 0.5950574 0.04478958 0.3351861 0.5951723 -4.72337e-4 0.2548418 0.5950442 0.06022391 0.3202342 0.5950662 0.02680048 0.2584939 0.5950243 0.05685964 0.2864597 -0.03657192 0.1072963 0.4077478 -0.06526209 0.07592172 0.4139439 -0.05166624 0.06234669 0.3940283 0.05169964 0.06234045 0.394018 0.0653006 0.07591993 0.4139411 0.03677008 0.1072327 0.4075843 -0.003799258 -0.07705083 0.3425103 0.003233438 -0.09624416 0.3612471 0.01229959 -0.09450349 0.3635736 0.003233438 -0.09624416 0.3612471 -0.003799258 -0.07705083 0.3425103 -0.02616439 -0.1042164 0.3498336 0.06676387 -0.05057799 0.398401 0.06914981 0.004001383 0.3963739 0.06200449 -0.0330928 0.3755162 -0.06981681 0.004301889 0.3949566 -0.0672857 -0.0510768 0.4003707 -0.06210089 -0.0330919 0.3753051 -0.07811615 -0.0794037 0.3433865 -0.02616439 -0.1042164 0.3498336 -0.05083924 -0.1175122 0.3257188 -0.02616439 -0.1042164 0.3498336 -0.07811615 -0.0794037 0.3433865 -0.04945605 -0.0614918 0.3627859 -0.5957836 0.0454216 0.3372226 -0.5901315 0.06620669 0.3199067 -0.5953137 0.05720925 0.2863116 -0.02616439 -0.1042164 0.3498336 -0.07811615 -0.0794037 0.3433865 -0.05083924 -0.1175122 0.3257188 1.42973e-6 0.1490152 -0.1353785 0.06480523 0.1405994 -0.1413836 -0.06482983 0.140665 -0.1413688 -0.0148387 -0.1368011 -0.1105684 0.03002397 -0.1394963 -0.1406055 -0.00834743 -0.1495 -0.1380178 0.03002397 -0.1394963 -0.1406055 -0.0148387 -0.1368011 -0.1105684 -0.00834743 -0.1495 -0.1380178 1.86406e-5 0.007971346 0.3000613 0.06914981 0.004001383 0.3963739 0.05169964 0.06234045 0.394018 -0.05166624 0.06234669 0.3940283 -0.06981681 0.004301889 0.3949566 0.04939292 -0.1122075 0.3164957 0.07742053 -0.07674558 0.3406865 0.07763314 -0.078798 0.3423345 0.09324698 -0.04850543 0.359331 0.07763314 -0.078798 0.3423345 0.5940881 -0.002397686 0.2515643 0.5974114 -0.05576128 0.3017571 0.5687577 -0.06597147 0.2955472 0.5679843 -0.03562622 0.3464884 0.5974114 -0.05576128 0.3017571 0.5949852 4.58509e-4 0.347358 0.5644401 0.05193573 0.3425991 0.5975567 0.06353492 0.320873 0.5639457 0.06658075 0.2858294 0.5960923 0.02854767 0.2575178 0.5621752 0.03530953 0.2544083 0.5940881 -0.002397686 0.2515643 0.08688664 0.06761042 0.3780425 0.08924791 0.02137832 0.3934925 0.1024487 0.02150145 0.3813557 0.07497729 0.09166649 0.3852405 0.03670123 0.09488153 0.3927056 8.23897e-4 0.1180899 0.3764079 -1.12705e-6 0.1009799 0.3915628 -0.03751036 0.09580657 0.3923775 0.01229959 -0.09450349 0.3635736 0.003233438 -0.09624416 0.3612471 0.01110829 -0.09595025 0.3601373 0.02652175 -0.1034146 0.3505591 0.04795522 -0.07539803 0.3809421 0.07638375 -0.07908981 0.3458212 0.02502714 -0.101922 0.3472764 0.01110829 -0.09595025 0.3601373 0.0238154 -0.100624 0.3457887 0.04939292 -0.1122075 0.3164957 0.05021836 -0.1123295 0.321982 0.07763314 -0.078798 0.3423345 -0.06526209 0.07592172 0.4139439 -0.08134006 0.02693347 0.4169087 -0.05166624 0.06234669 0.3940283 -0.06981681 0.004301889 0.3949566 0.06914981 0.004001383 0.3963739 0.08139098 0.02692284 0.416922 0.05169964 0.06234045 0.394018 0.0653006 0.07591993 0.4139411 8.91691e-5 0.09319028 0.3926913 1.86406e-5 0.007971346 0.3000613 0.05169964 0.06234045 0.394018 -0.05166624 0.06234669 0.3940283 -0.04518402 -0.06778465 0.3858444 -0.06210089 -0.0330919 0.3753051 -0.0672857 -0.0510768 0.4003707 -0.04039191 -0.06437364 0.3675195 -0.01023827 -0.0938971 0.3652873 -0.04039191 -0.06437364 0.3675195 -0.04518402 -0.06778465 0.3858444 -0.02616439 -0.1042164 0.3498336 -0.02616439 -0.1042164 0.3498336 -0.04355708 -0.06986652 0.348837 0.003233438 -0.09624416 0.3612471 -0.04945605 -0.0614918 0.3627859 0.06418325 -0.03467581 0.3770057 0.07742053 -0.07674558 0.3406865 0.04923593 -0.06151854 0.3617748 0.09324698 -0.04850543 0.359331 -0.07811615 -0.0794037 0.3433865 -0.06418326 -0.03467581 0.3770057 -0.04945605 -0.0614918 0.3627859 -0.09476013 -0.04890883 0.3597802 -0.143117 0.0149621 0.3766392 -0.139395 -0.021641 0.3671578 -0.09888704 -0.0121541 0.3746428 -0.1024509 0.0215151 0.3811994 -0.04518402 -0.06778465 0.3858444 -0.0672857 -0.0510768 0.4003707 -0.09476013 -0.04890883 0.3597802 -0.07811615 -0.0794037 0.3433865 -0.07811615 -0.0794037 0.3433865 -0.02616439 -0.1042164 0.3498336 -0.04518402 -0.06778465 0.3858444 -0.01023827 -0.0938971 0.3652873 0.01221614 -0.09159598 0.3483002 0.04923593 -0.06151854 0.3617748 0.003233438 -0.09624416 0.3612471 0.04358991 -0.06922495 0.349573 0.09890663 -0.01224854 0.3747315 0.1391893 -0.02131642 0.3657669 0.1431279 0.01521478 0.3737161 0.1024487 0.02150145 0.3813557 0.07497729 0.09166649 0.3852405 0.03670123 0.09488153 0.3927056 1.29793e-4 0.117877 0.3793619 -1.12705e-6 0.1009799 0.3915628 -0.5953137 0.05720925 0.2863116 -0.5464063 0.01346835 0.2995715 -0.5957836 0.0454216 0.3372226 -0.5953137 0.05720925 0.2863116 -0.5951076 0.02680118 0.2584504 -0.5918722 4.02153e-4 0.2536129 -0.5958665 -0.04116696 0.2663262 -0.5952209 -0.03847715 0.3407431 -0.5957836 0.0454216 0.3372226 -0.06210089 -0.0330919 0.3753051 1.86406e-5 0.007971346 0.3000613 -0.06981681 0.004301889 0.3949566 -0.06210089 -0.0330919 0.3753051 -0.04039191 -0.06437364 0.3675195 0.06200449 -0.0330928 0.3755162 0.06914981 0.004001383 0.3963739 0.03742774 -0.06449148 0.3680026 0.01229959 -0.09450349 0.3635736 -0.003799258 -0.07705083 0.3425103 -0.04039191 -0.06437364 0.3675195 -0.02616439 -0.1042164 0.3498336 -0.07849525 0.06485027 0.3937196 -0.03751036 0.09580657 0.3923775 -0.08666372 0.06639427 0.3760512 -0.0892362 0.02136718 0.3935335 -0.1024509 0.0215151 0.3811994 1.29793e-4 0.117877 0.3793619 -1.12705e-6 0.1009799 0.3915628 -0.03751036 0.09580657 0.3923775 -0.07641777 0.09245976 0.3828638 -0.07849525 0.06485027 0.3937196 -0.1055369 0.02525512 0.3862357 -0.0892362 0.02136718 0.3935335 -0.08589412 -0.01589164 0.3876397 -0.09476013 -0.04890883 0.3597802 -0.06418326 -0.03467581 0.3770057 0.06676387 -0.05057799 0.398401 0.09324698 -0.04850543 0.359331 0.1032259 -0.01481416 0.3827576 0.06914981 0.004001383 0.3963739 0.1032275 0.02625466 0.3840199 0.08139098 0.02692284 0.416922 0.0653006 0.07591993 0.4139411 0.07497729 0.09166649 0.3852405 0.03677008 0.1072327 0.4075843 1.29793e-4 0.117877 0.3793619 0.07763314 -0.078798 0.3423345 0.09324698 -0.04850543 0.359331 0.07638375 -0.07908981 0.3458212 0.04795522 -0.07539803 0.3809421 0.06676387 -0.05057799 0.398401 -0.5660756 -0.04237251 0.2667902 -0.5958665 -0.04116696 0.2663262 -0.5918722 4.02153e-4 0.2536129 -0.5676497 -0.06056096 0.3016482 -0.5952209 -0.03847715 0.3407431 -0.5563509 -0.0324288 0.3487541 -0.5647711 0.07173356 0.3298268 -0.5957836 0.0454216 0.3372226 -0.5901315 0.06620669 0.3199067 -0.5632612 0.0659325 0.2856854 -0.5598286 0.0633122 0.2886405 -0.5953137 0.05720925 0.2863116 -0.5615656 0.03355943 0.2563693 -0.5951076 0.02680118 0.2584504 -0.5918722 4.02153e-4 0.2536129 0.01229959 -0.09450349 0.3635736 0.04795522 -0.07539803 0.3809421 0.03742774 -0.06449148 0.3680026 0.06200449 -0.0330928 0.3755162 0.06676387 -0.05057799 0.398401 -0.01261184 -0.1202707 -0.1106256 -0.01097263 -0.1288003 -0.1376165 -0.06137489 -0.1292863 -0.1399654 -0.0578393 -0.1204683 -0.06942127 -0.01399298 -0.1253608 -0.06942127 0 -0.001261294 0.003106453 -0.0578393 -0.1204683 -0.06942127 0.01859785 -0.1201306 -0.06832641 -0.01261184 -0.1202707 -0.1106256 -0.01399298 -0.1253608 -0.06942127 0.0211677 -0.1186818 -0.140199 -0.01097263 -0.1288003 -0.1376165 -0.09909625 -0.09991044 -0.06976996 -0.06137489 -0.1292863 -0.1399654 -0.1157728 -0.1132948 -0.1408934 -0.1431527 -0.0673763 -0.06810169 -0.1635024 -0.07895675 -0.1416027 -0.1909489 -0.03083076 -0.1415666 -0.1504012 0.004328027 -0.06942126 -0.197961 0.02557155 -0.1417102 -0.1289463 0.06176135 -0.06959876 -0.1834373 0.09370686 -0.1399602 -0.1290293 0.1255047 -0.1413925 -0.06163476 0.09582815 -0.06720378 -0.06482983 0.140665 -0.1413688 7.27185e-16 0.1023422 -0.06720378 0.06480523 0.1405994 -0.1413836 0.06163476 0.09582815 -0.06720378 0.06163476 0.09582815 -0.06720378 0.06480523 0.1405994 -0.1413836 0.1290868 0.1255014 -0.1413865 0.1289438 0.06175981 -0.06960521 0.1833933 0.09140994 -0.1400027 0.1289438 0.06175981 -0.06960521 0.1979602 0.02538699 -0.1417794 0.1504012 0.004328027 -0.06942126 0.1504012 0.004328027 -0.06942126 0.1979602 0.02538699 -0.1417794 0.1907448 -0.03091556 -0.1416896 0.1431616 -0.06737905 -0.06809472 0.1635218 -0.07890438 -0.1415766 0.1635218 -0.07890438 -0.1415766 0.1163099 -0.1096188 -0.1406611 0.1073604 -0.09989294 -0.06978241 0.1073604 -0.09989294 -0.06978241 0.07208994 -0.1280636 -0.1403242 0.06170615 -0.1177173 -0.06977683 0.03002397 -0.1394963 -0.1406055 0.01863546 -0.1267225 -0.06832641 0.01826485 -0.1319504 -0.06894647 -0.01434718 -0.1344402 -0.06942127 -0.0148387 -0.1368011 -0.1105684 -0.01434718 -0.1344402 -0.06942127 0.04923593 -0.06151854 0.3617748 0.08538181 -0.05101181 0.3565316 0.06418325 -0.03467581 0.3770057 0.04358991 -0.06922495 0.349573 0.09362461 -0.0886561 0.3227645 0.0458127 -0.09585888 0.3285908 0.01221614 -0.09159598 0.3483002 0.04358991 -0.06922495 0.349573 0.01221614 -0.09913744 0.3278765 0.003233438 -0.09624416 0.3612471 -0.01342012 -0.1014872 0.3276109 0.01222375 -0.128799 0.2893068 -0.01681817 -0.1350292 0.2903664 0.01219777 -0.1444894 0.2269667 -0.01323776 -0.1483454 0.2274538 0.09644932 -0.131403 0.2273137 0.01246442 -0.1482076 0.1662219 -0.01422075 -0.1488955 0.1662075 -0.01343637 -0.1437475 0.08825226 -0.01491716 -0.1461796 0.08835378 -0.01187668 -0.1435325 0.04654501 0.01271284 -0.1466888 0.08827248 0.0143233 -0.143014 0.04649927 -0.01703371 -0.1422986 -0.01137948 0.111078 -0.1268439 0.04656291 0.1243025 -0.1156457 -0.01260278 -0.01434718 -0.1344402 -0.06942127 -0.0152681 -0.1416314 -0.06934673 -0.0148387 -0.1368011 -0.1105684 -0.01434718 -0.1344402 -0.06942127 0.1124279 -0.1155003 -0.06937058 0.03002397 -0.1394963 -0.1406055 0.07208994 -0.1280636 -0.1403242 0.1163099 -0.1096188 -0.1406611 0.1550128 -0.08417825 -0.06999139 0.1635218 -0.07890438 -0.1415766 0.1704639 -0.05131078 0.04671395 0.1885044 -0.0363314 -0.06962921 0.1907448 -0.03091556 -0.1416896 0.1707369 0.008836338 0.04646555 0.1932553 0.01957159 -0.06961441 0.1979602 0.02538699 -0.1417794 0.157294 -0.0077182 0.2184564 0.1691973 0.084483 -0.06956966 0.1833933 0.09140994 -0.1400027 0.1290868 0.1255014 -0.1413865 0.1377718 -0.0624521 0.2608149 0.1545439 -0.009259852 0.2429052 0.1336503 -0.07608324 0.3116615 0.08538181 -0.05101181 0.3565316 0.09890663 -0.01224854 0.3747315 0.1391893 -0.02131642 0.3657669 0.1707369 0.008836338 0.04646555 0.1932553 0.01957159 -0.06961441 0.09439871 0.1220194 -0.06691892 0.06480523 0.1405994 -0.1413836 0.1517909 0.06709588 0.04720059 3.27127e-5 0.1298235 -0.06744289 1.42973e-6 0.1490152 -0.1353785 -0.06482983 0.140665 -0.1413688 -1.66096e-4 0.1158248 0.04801129 -0.09368104 0.1203251 -0.06730699 -0.1290293 0.1255047 -0.1413925 -0.1704091 0.08688746 -0.06892852 -0.1834373 0.09370686 -0.1399602 -0.197961 0.02557155 -0.1417102 -0.1915869 0.01975928 -0.06964207 -0.1743042 0.007417732 0.04613026 -0.1915869 0.01975928 -0.06964207 -0.1909489 -0.03083076 -0.1415666 -0.1508705 0.06740899 0.04666575 -0.1884277 -0.03645052 -0.06958291 -0.1635024 -0.07895675 -0.1416027 -0.1743042 0.007417732 0.04613026 -0.1560124 -0.08578827 -0.06971852 -0.1157728 -0.1132948 -0.1408934 -0.1796136 -0.04331249 -0.01144893 -0.06284007 -0.1318159 -0.06951389 -0.06137489 -0.1292863 -0.1399654 -0.1250539 -0.1136752 -0.01245996 -0.01227786 -0.1284156 -0.1069947 -0.01097263 -0.1288003 -0.1376165 -0.01434718 -0.1344402 -0.06942127 -0.01703371 -0.1422986 -0.01137948 -0.1442842 -0.09708045 0.04726423 -0.1110338 -0.1270488 0.04654409 -0.01187668 -0.1435325 0.04654501 -0.01343637 -0.1437475 0.08825226 -0.1624996 -0.05490066 0.08839832 -0.1498214 -0.00455502 0.2216133 -0.093043 -0.132608 0.166359 -0.01323776 -0.1483454 0.2274538 -0.1230878 -0.1068035 0.2273489 -0.1422522 -0.06967092 0.2619473 -0.01681817 -0.1350292 0.2903664 -0.1345025 -0.07743442 0.3123852 -0.09888704 -0.0121541 0.3746428 -0.139395 -0.021641 0.3671578 -0.08538183 -0.05101181 0.3565315 -0.09382067 -0.08788015 0.3222032 -0.04572606 -0.0958148 0.3285736 -0.01342012 -0.1014872 0.3276109 -0.04355708 -0.06986652 0.348837 0.003233438 -0.09624416 0.3612471 -0.04355708 -0.06986652 0.348837 -0.08538183 -0.05101181 0.3565315 -0.04945605 -0.0614918 0.3627859 -0.06418326 -0.03467581 0.3770057 0.09890663 -0.01224854 0.3747315 0.06418325 -0.03467581 0.3770057 0.08538181 -0.05101181 0.3565316 0.086053 -0.01573803 0.3870778 0.1024487 0.02150145 0.3813557 0.08924791 0.02137832 0.3934925 0.086053 -0.01573803 0.3870778 0.09324698 -0.04850543 0.359331 0.06418325 -0.03467581 0.3770057 0.1032259 -0.01481416 0.3827576 0.08924791 0.02137832 0.3934925 0.1032275 0.02625466 0.3840199 0.08688664 0.06761042 0.3780425 0.07497729 0.09166649 0.3852405 -0.06418326 -0.03467581 0.3770057 -0.09888704 -0.0121541 0.3746428 -0.08538183 -0.05101181 0.3565315 -0.08589412 -0.01589164 0.3876397 -0.1024509 0.0215151 0.3811994 -0.0892362 0.02136718 0.3935335 1.29793e-4 0.117877 0.3793619 -0.07641777 0.09245976 0.3828638 -0.03657192 0.1072963 0.4077478 -0.06526209 0.07592172 0.4139439 -0.1055369 0.02525512 0.3862357 -0.08134006 0.02693347 0.4169087 -0.06981681 0.004301889 0.3949566 -0.0672857 -0.0510768 0.4003707 -0.09476013 -0.04890883 0.3597802 -0.03657192 0.1072963 0.4077478 -0.05166624 0.06234669 0.3940283 8.91691e-5 0.09319028 0.3926913 1.29793e-4 0.117877 0.3793619 0.03677008 0.1072327 0.4075843 0.05169964 0.06234045 0.394018 0.04939292 -0.1122075 0.3164957 0.04923593 -0.06151854 0.3617748 0.07742053 -0.07674558 0.3406865 0.0238154 -0.100624 0.3457887 0.01110829 -0.09595025 0.3601373 0.003233438 -0.09624416 0.3612471 0.1024487 0.02150145 0.3813557 0.1431279 0.01521478 0.3737161 0.1439066 0.06568026 0.3641838 0.08688664 0.06761042 0.3780425 0.08989114 0.1006068 0.34454 0.1437447 0.09660488 0.297066 0.09546442 0.1043139 0.2962769 0.05359247 0.1136729 0.2986293 8.23897e-4 0.1180899 0.3764079 -1.75281e-4 0.1158367 0.2994744 -0.08997905 0.1009477 0.3442643 -0.03751036 0.09580657 0.3923775 -0.05343492 0.1131319 0.2984982 -0.08666372 0.06639427 0.3760512 -0.09565461 0.1052418 0.2970694 -0.1439866 0.06681406 0.3645169 -0.1658038 0.09262088 0.2956858 -0.1024509 0.0215151 0.3811994 -0.143117 0.0149621 0.3766392 0.157294 -0.0077182 0.2184564 0.1505979 0.04647581 0.2402674 0.1545439 -0.009259852 0.2429052 0.1299716 0.06350843 0.2161015 0.1437447 0.09660488 0.297066 0.09546442 0.1043139 0.2962769 0.06114078 0.0911737 0.2161754 0.05359247 0.1136729 0.2986293 -1.75281e-4 0.1158367 0.2994744 9.16224e-5 0.09488406 0.1662241 -0.06115599 0.09120383 0.2161594 -0.05343492 0.1131319 0.2984982 -0.09565461 0.1052418 0.2970694 -0.1296526 0.06315203 0.2161919 -0.1498214 -0.00455502 0.2216133 -0.1639269 0.04376921 0.2430938 -0.1335459 0.08148647 0.2674463 -0.1658038 0.09262088 0.2956858 0.5940881 -0.002397686 0.2515643 0.4593499 -0.009604783 0.2345501 0.5621752 0.03530953 0.2544083 0.4544874 0.07245092 0.2763546 0.5639457 0.06658075 0.2858294 0.3920333 -0.009614063 0.2349937 0.5483243 0.07257833 0.3230932 0.5644401 0.05193573 0.3425991 0.5639457 0.06658075 0.2858294 0.2920359 0.07263957 0.271514 0.4538545 0.05483674 0.3629583 0.3510342 0.07313716 0.3327733 0.5679843 -0.03562622 0.3464884 0.3263197 0.06479946 0.3641258 0.2491337 0.03985069 0.2416272 0.1545439 -0.009259852 0.2429052 0.1505979 0.04647581 0.2402674 0.1437447 0.09660488 0.297066 0.2126766 0.08416197 0.2775039 0.1439066 0.06568026 0.3641838 0.2893294 0.005450096 0.379753 0.1431279 0.01521478 0.3737161 0.3943625 -0.04045957 0.367505 0.206808 -0.03379244 0.362442 0.1391893 -0.02131642 0.3657669 0.1336503 -0.07608324 0.3116615 0.4679703 -0.07333888 0.2970081 0.5687577 -0.06597147 0.2955472 0.3635013 -0.08254604 0.2961094 0.4593499 -0.009604783 0.2345501 0.5940881 -0.002397686 0.2515643 0.3920333 -0.009614063 0.2349937 0.205946 -0.06865061 0.2986805 0.1377718 -0.0624521 0.2608149 0.2445393 -0.06175121 0.2577745 0.1545439 -0.009259852 0.2429052 -0.01227786 -0.1284156 -0.1069947 0.01863546 -0.1267225 -0.06832641 -0.01434718 -0.1344402 -0.06942127 0.02177771 -0.128923 -0.1356194 0.01859785 -0.1201306 -0.06832641 0.0211677 -0.1186818 -0.140199 -0.01097263 -0.1288003 -0.1376165 0.0211677 -0.1186818 -0.140199 -0.1498214 -0.00455502 0.2216133 -0.2077478 -0.002145036 0.2428536 -0.1639269 0.04376921 0.2430938 -0.1335459 0.08148647 0.2674463 -0.1658038 0.09262088 0.2956858 -0.3251846 0.03405276 0.2428417 -0.391487 -0.01461647 0.239835 -0.2497463 0.08047655 0.277178 -0.2130194 0.08826263 0.3340203 -0.1439866 0.06681406 0.3645169 -0.4565376 0.03171595 0.2420521 -0.5918722 4.02153e-4 0.2536129 -0.5615656 0.03355943 0.2563693 -0.5495723 0.06828471 0.2832947 -0.5598286 0.0633122 0.2886405 -0.5647711 0.07173356 0.3298268 -0.3515271 0.06987266 0.2776181 -0.4534873 0.07565744 0.3252794 -0.2918215 0.07295438 0.3351069 -0.4606833 0.009392391 0.3763536 -0.5563509 -0.0324288 0.3487541 -0.3854456 0.05876497 0.3637803 -0.2498994 0.06253396 0.3655199 -0.2884522 0.004624696 0.377279 -0.2087669 0.01382837 0.3726985 -0.143117 0.0149621 0.3766392 -0.139395 -0.021641 0.3671578 -0.3943551 -0.04215001 0.3653012 -0.2483915 -0.03511831 0.3648413 -0.1613829 -0.06148875 0.3382271 -0.1345025 -0.07743442 0.3123852 -0.1422522 -0.06967092 0.2619473 -0.2858921 -0.07386836 0.2909866 -0.2432607 -0.06165151 0.2588716 -0.1498214 -0.00455502 0.2216133 -0.2077478 -0.002145036 0.2428536 -0.391487 -0.01461647 0.239835 -0.3974288 -0.08336562 0.29866 -0.4649696 -0.05328892 0.2576997 -0.5918722 4.02153e-4 0.2536129 -0.5660756 -0.04237251 0.2667902 -0.4684485 -0.07171912 0.3007383 -0.5676497 -0.06056096 0.3016482 0.5464106 0.0134891 0.2995473 0.5949852 4.58509e-4 0.347358 0.5974114 -0.05576128 0.3017571 0.5940881 -0.002397686 0.2515643 0.5975567 0.06353492 0.320873 0.5960923 0.02854767 0.2575178</float_array>
          <technique_common>
            <accessor source="#geom-Clt_JKT023__M_JKT023-positions-array" count="2783" stride="3">
              <param name="X" type="float"/>
              <param name="Y" type="float"/>
              <param name="Z" type="float"/>
            </accessor>
          </technique_common>
        </source>
        <source id="geom-Clt_JKT023__M_JKT023-normals">
          <float_array id="geom-Clt_JKT023__M_JKT023-normals-array" count="4014">0.262244 -0.4031501 0.8767543 0.6229527 -0.2213635 0.7502854 0.6512544 -0.4615495 0.6023618 -0.6512547 -0.4615494 0.6023617 -0.6229526 -0.2213628 0.7502857 -0.2622436 -0.4031501 0.8767544 -0.843322 0.03717653 0.5361212 -0.7248296 -0.2096133 0.6562655 -0.8495064 -0.1526762 0.5050039 0.8495049 -0.1526761 0.5050064 0.72483 -0.209613 0.6562652 0.843322 0.03717662 0.5361212 -0.6570311 0.4204213 0.6257444 -0.5948473 0.4011327 0.6965984 -0.557907 0.7693256 0.3112523 0.7009863 0.4209827 0.5756661 -0.7825826 -0.4421592 0.4382462 -0.5948473 0.4011327 0.6965984 -0.7825826 -0.4421592 0.4382462 0.7009863 0.4209827 0.5756661 0.6144853 0.5459908 -0.5694751 0.4013943 0.4444692 -0.8008307 0.232804 0.3110578 -0.9214366 0.6144853 0.5459908 -0.5694751 0.003912362 -0.29147 0.9565719 -0.8495064 -0.1526762 0.5050039 -0.6512547 -0.4615494 0.6023617 0.6512544 -0.4615495 0.6023618 0.8495049 -0.1526761 0.5050064 -0.575385 0.581257 0.5753889 -0.557907 0.7693256 0.3112523 -0.6302081 0.6987093 0.3385901 -0.504556 0.2405464 0.8291927 -0.6302081 0.6987093 0.3385901 0.6229527 -0.2213635 0.7502854 0.72483 -0.209613 0.6562652 0.6512544 -0.4615496 0.6023619 0.8495049 -0.1526761 0.5050064 -0.8495064 -0.1526762 0.5050039 -0.7248296 -0.2096133 0.6562655 -0.6512547 -0.4615494 0.6023617 -0.6229526 -0.2213628 0.7502857 -0.8205435 0.06462521 0.567919 -0.843322 0.03717653 0.5361212 -0.8135365 0.1368933 0.5651715 -0.8495064 -0.1526762 0.5050039 0 -0.7129579 0.7012069 0.003912362 -0.29147 0.9565719 -0.6512547 -0.4615494 0.6023617 0.6512544 -0.4615495 0.6023618 0.8495049 -0.1526761 0.5050064 0.843322 0.03717662 0.5361212 0.821754 0.1173939 0.5576191 0.8205424 0.06462506 0.5679206 0.6405292 0.1547449 0.7521811 0.821754 0.1173939 0.5576191 0.8205424 0.06462506 0.5679206 0.6693932 0.373843 0.6419923 0.6316376 0.4145738 0.6551051 0.6693932 0.373843 0.6419923 0.6405292 0.1547449 0.7521811 0.6144853 0.5459908 -0.5694751 0.7063387 -0.6691633 -0.2308815 0.6316376 0.4145738 0.6551051 0.1800791 -0.7418483 0.6459355 0.6144853 0.5459908 -0.5694751 -0.08409511 0.9504699 -0.299224 0.0469765 -0.9571453 -0.2857731 0.2054477 0.937233 -0.2817543 -0.2113842 -0.9747165 -0.07241818 -0.5948473 0.4011327 0.6965984 -0.7825826 -0.4421592 0.4382462 -0.557907 0.7693257 0.3112523 -0.6302081 0.6987093 0.3385901 0.6144853 0.5459908 -0.5694751 -0.2680573 -0.7219942 0.6378633 -0.7825826 -0.4421592 0.4382462 0.232804 0.3110578 -0.9214366 0.4756677 -0.8769529 0.06851245 -0.5045561 0.2405464 0.8291928 0.3875884 -0.9063302 -0.1683473 -0.575385 0.581257 0.5753889 -0.5045561 0.2405464 0.8291928 0.2737862 -0.8995849 -0.3402765 0.3875884 -0.9063302 -0.1683473 -0.6302081 0.6987093 0.3385901 0.8291102 0.4829959 -0.281587 -0.09589869 0.5969213 -0.7965478 -0.252337 0.4459921 -0.85873 -0.06463379 0.5562485 -0.8284987 0.1977588 0.5364947 -0.8204054 0.4013943 0.4444692 -0.8008307 0.2897744 0.4796923 -0.8282067 0.232804 0.3110578 -0.9214366 0.1977588 0.5364947 -0.8204054 -0.8025377 0.5226279 -0.2877384 0.232804 0.3110578 -0.9214366 0.06463379 0.5562485 -0.8284987 0.821754 0.1173939 0.5576191 0.003912363 -0.29147 0.956572 0.8495049 -0.1526761 0.5050064 0.821754 0.1173939 0.5576191 0.6693932 0.373843 0.6419923 -0.8135365 0.1368933 0.5651715 -0.8495064 -0.1526762 0.5050039 -0.6570311 0.4204213 0.6257444 -0.5948473 0.4011327 0.6965984 0.4754856 0.3737333 0.7963901 0.7009864 0.4209828 0.5756662 0.6693932 0.373843 0.6419923 0.6144853 0.5459908 -0.5694751 0.01955611 -0.7020656 0.7118437 0.4756677 -0.8769529 0.06851245 -0.471316 0.3715779 -0.7998695 0.4756677 -0.8769529 0.06851245 -0.575385 0.581257 0.5753889 -0.6218542 0.2287955 0.748966 0.4241873 -0.7154495 0.5551552 0.287668 -0.810169 0.5107574 0.5380598 -0.7102387 0.4539303 -0.4477181 -0.893482 -0.03519056 -0.471316 0.3715779 -0.7998695 0.385566 -0.8181035 0.4266679 -0.5379741 0.5203665 -0.6631762 0.8529806 -0.5067021 -0.1252085 0.3191121 -0.9083927 -0.270167 -0.3207682 0.5280945 -0.7862722 0.3191121 -0.9083928 -0.270167 -0.3207682 0.5280945 -0.7862722 -0.09589869 0.5969213 -0.7965478 -0.06463379 0.5562485 -0.8284987 0.8529806 -0.5067021 -0.1252085 0.9402747 -0.2639024 -0.2150326 0.5380598 -0.7102387 0.4539303 0.6534433 -0.5693159 0.4988901 0.4241873 -0.7154495 0.5551552 0.5639983 -0.5639983 0.6031681 -0.6218542 0.2287955 0.748966 -0.8205435 0.06462521 0.567919 0.1095056 -0.1290619 -0.9855717 0.8429189 0.0664951 0.5339158 0.9267844 0.2835088 0.2463603 0.1115859 -0.649947 -0.751743 0.9341616 0.3544725 0.04112729 0.1505615 -0.9776633 -0.1466485 0.1860739 -0.8402621 0.5092505 0.8961909 0.3776518 -0.2328543 0.1878502 -0.4618054 0.8668611 0.901693 0.2366721 -0.3618508 0.1976074 -0.01173914 0.980211 0.8242136 0.02349319 -0.5657915 0.8765985 -0.1897988 -0.4422123 0.1937687 0.3757983 0.906217 0.904339 -0.4149762 -0.09982877 0.2250074 0.948941 0.2210943 0.8741902 -0.4400276 0.2053466 0.1995387 0.8568551 -0.4753774 0.1606404 0.4701598 -0.867839 0.8458995 -0.2447641 0.4738612 0.1095056 -0.1290619 -0.9855717 0.8429189 0.0664951 0.5339158 -0.8429189 0.0664951 0.5339158 -0.1095056 -0.1290619 -0.9855717 -0.9267844 0.2835088 0.2463603 -0.1115859 -0.649947 -0.751743 -0.9341616 0.3544725 0.04112729 -0.1505615 -0.9776633 -0.1466485 -0.1860739 -0.8402621 0.5092505 -0.8961909 0.3776518 -0.2328543 -0.1878502 -0.4618054 0.8668611 -0.901693 0.2366721 -0.3618508 -0.1976074 -0.01173914 0.980211 -0.8242136 0.02349319 -0.5657915 -0.8765985 -0.1897988 -0.4422123 -0.1937687 0.3757983 0.906217 -0.9075776 -0.4087991 -0.09584443 -0.2326552 0.9423597 0.2404783 -0.2326551 0.9423597 0.2404782 -0.8829138 -0.4267762 0.1957689 -0.2014519 0.8586234 -0.4713628 -0.1641932 0.4652165 -0.8698358 -0.8829138 -0.4267762 0.1957689 -0.8510699 -0.242604 0.4656429 -0.1095056 -0.1290619 -0.9855717 -0.8429189 0.0664951 0.5339158 0.05088451 0.8749571 -0.4815193 -0.2014519 0.8586234 -0.4713628 0.08803594 0.4734245 -0.876424 -0.1641932 0.4652165 -0.8698358 0.1643357 -0.1271625 -0.9781735 -0.1095056 -0.1290619 -0.9855717 -0.02349615 -0.1174907 -0.992796 -0.2211752 0.47561 -0.8513969 -0.2739548 0.8844866 -0.3776669 0.01564026 0.9643744 0.2640785 -0.2780019 0.9240639 0.2623378 -0.02154703 0.3898043 0.9206456 -0.3931879 0.4049229 0.8254943 -0.1937687 0.3757983 0.906217 -0.4148111 0.01173974 0.9098319 -0.009781114 -0.00391367 0.9999446 -0.1976074 -0.01173914 0.980211 -0.3363063 -0.4203807 0.8427207 0.05087855 -0.4521064 0.8905118 -0.1878502 -0.4618054 0.8668611 -0.3012599 -0.7805296 0.5477372 0.1428069 -0.8431317 0.5183969 -0.1860739 -0.8402621 0.5092505 -0.3343473 -0.9404986 -0.06061513 0.1644733 -0.9770849 -0.1351061 -0.1505615 -0.9776633 -0.1466484 -0.04692677 -0.6237691 -0.7801986 0.1740692 -0.6414994 -0.7471135 -0.1115859 -0.6499471 -0.751743 -0.1095056 -0.1290619 -0.9855717 0.1643357 -0.1271625 -0.9781735 -0.02349615 -0.1174907 -0.992796 -0.557907 0.7693256 0.3112523 -0.575385 0.581257 0.5753889 -0.6570311 0.4204213 0.6257445 -0.6218542 0.2287955 0.748966 -0.8135365 0.1368933 0.5651715 -0.8205435 0.06462521 0.567919 -0.05676001 0.01957249 0.998196 -0.04697885 -0.4560906 0.8886925 -0.09396841 -0.3895766 0.9161878 -0.1331791 0.01175124 0.9910223 -0.3031242 -0.3793946 0.8741714 -0.3328921 0.04503831 0.9418887 0.8715193 0.4837421 0.08029784 0.9897755 0.1291022 0.06063879 -0.6929203 -0.1526773 -0.7046639 -0.5460305 -0.434476 -0.716297 0.4033975 0.9105802 0.09007916 -0.346313 -0.6534957 -0.6730608 0.1487643 0.984584 0.09199829 -0.1096861 -0.7854322 -0.6091512 0.8205424 0.06462506 0.5679206 -0.5639988 -0.5639981 0.6031679 0.6405292 0.1547449 0.7521811 -0.4269783 -0.7129359 0.5562481 -0.6534432 -0.5693187 0.498887 -0.5447251 -0.6916818 0.4741846 -0.9402747 -0.2639024 -0.2150326 -0.8672979 -0.4796571 -0.1331299 0.06463379 0.5562485 -0.8284987 0.1977588 0.5364947 -0.8204054 -0.3715241 -0.7410939 0.5592403 -0.8672979 -0.4796571 -0.1331299 0.1977588 0.5364947 -0.8204054 0.2897744 0.4796923 -0.8282067 -0.3382719 -0.9170479 -0.2111764 -0.2641992 -0.7769428 0.571453 -0.5447251 -0.6916818 0.4741846 -0.4269783 -0.7129359 0.5562481 0.6023067 -0.7880797 -0.1271102 -0.3382719 -0.9170479 -0.2111764 0.2897744 0.4796923 -0.8282067 0.4013943 0.4444692 -0.8008307 0.1800791 -0.7418483 0.6459355 0.6405292 0.1547449 0.7521811 0.6316375 0.4145737 0.6551051 0.7063387 -0.6691633 -0.2308815 0.6144853 0.5459908 -0.5694751 0.6763412 -0.7330289 -0.07232724 0.4558079 -0.8881413 -0.05868674 -0.7587376 0.4517229 -0.4693227 -0.4777036 0.8340238 -0.2760499 0.3113262 -0.9476854 -0.07048695 -0.3265375 0.9189968 -0.2209486 0.2230344 -0.9743079 -0.03130287 -0.2153747 0.9554806 -0.2016694 -0.1603062 -0.9755217 -0.1505302 -0.3072123 0.8042303 -0.5087577 0.4720109 0.8186738 -0.3270761 0.2054477 0.937233 -0.2817543 -0.2113842 -0.9747165 -0.07241818 -0.4515217 -0.8913155 -0.04104824 0.7399199 0.4737056 -0.4776208 -0.6909701 -0.720332 -0.06068053 0.7945511 0.1820029 -0.5792785 -0.9743079 -0.2230346 -0.03130287 0.6929203 -0.1526773 -0.7046639 -0.9889611 0.1292511 0.07245833 -0.8696773 0.4838076 0.09793632 0.5422059 -0.4325914 -0.7203315 -0.3957269 0.9129174 0.09991072 0.3389619 -0.6563708 -0.6740047 -0.1487643 0.984584 0.09199829 0.1096861 -0.7854322 -0.6091512 7.09061e-15 0.9979132 0.06457132 -5.78286e-15 -0.8138658 -0.581053 -0.1096861 -0.7854323 -0.6091513 0.1487643 0.984584 0.09199829 -0.05673582 0.9977679 -0.03521518 -0.08409511 0.9504699 -0.299224 0.2054477 0.937233 -0.2817543 0.2151899 0.7805527 -0.5868823 0.01173448 0.6982034 -0.7158033 0.00195829 -0.08028991 -0.9967695 0.2151899 0.7805527 -0.5868823 0.03719627 0.6108015 -0.7909096 -0.05673582 0.9977679 -0.03521518 0.01173448 0.6982035 -0.7158033 0.4263999 0.8958311 -0.1251787 -0.08409511 0.9504699 -0.299224 0.3991452 0.7043721 -0.5869779 0.2054477 0.937233 -0.2817543 0.4720109 0.8186738 -0.3270761 0.6382084 0.3934984 -0.6617017 0.7399199 0.4737056 -0.4776208 0.7945511 0.1820029 -0.5792785 0.6693169 -0.04305542 -0.7417284 0.6929203 -0.1526773 -0.7046639 0.5191302 -0.4368527 -0.734618 0.5422059 -0.4325914 -0.7203315 0.3389619 -0.6563708 -0.6740047 0.2133155 -0.6888716 -0.6927861 0.1096861 -0.7854322 -0.6091512 -5.44941e-15 -0.766937 -0.6417225 -5.78286e-15 -0.8138658 -0.581053 -0.1096861 -0.7854323 -0.6091513 -0.2173406 -0.6892243 -0.6911823 -0.2173406 -0.6892243 -0.6911823 -0.1096861 -0.7854322 -0.6091512 -0.346313 -0.6534957 -0.6730608 -0.5204121 -0.4401993 -0.7317075 -0.5460305 -0.434476 -0.716297 -0.5204121 -0.4401993 -0.7317075 -0.6929203 -0.1526773 -0.7046639 -0.6693169 -0.04305542 -0.7417284 -0.6693169 -0.04305542 -0.7417284 -0.6929203 -0.1526773 -0.7046639 -0.7884617 0.1839093 -0.586946 -0.6500247 0.3700437 -0.6637286 -0.7587376 0.4517229 -0.4693227 -0.4130347 0.7105758 -0.5696354 -0.4777036 0.8340238 -0.2760499 -0.7587376 0.4517229 -0.4693227 -0.4130347 0.7105758 -0.5696354 -0.3265375 0.9189968 -0.2209486 -0.2602648 0.8042775 -0.5342283 -0.2153747 0.9554806 -0.2016694 0.6068634 -0.7321527 -0.3093045 -0.1388689 0.9896848 -0.03520698 -0.3072123 0.8042303 -0.5087577 -0.1819154 0.9780392 -0.1017161 -0.2719111 -0.9468002 -0.1721446 -0.2719111 -0.9468002 -0.1721446 -0.2719111 -0.9468002 -0.1721446 -0.1388689 0.9896848 -0.03520698 -0.05288487 -0.9891435 0.1371071 -0.1603062 -0.9755217 -0.1505302 -0.3072123 0.8042303 -0.5087577 0.2230344 -0.9743079 -0.03130287 -0.05288487 -0.9891435 0.1371071 0.1233098 -0.9923509 0.005871797 0.3113262 -0.9476854 -0.07048696 -0.04896053 -0.9987989 -0.001958011 -0.2719111 -0.9468002 -0.1721446 -0.2719111 -0.9468002 -0.1721446 -0.1799939 -0.9821412 -0.05478084 -0.066556 -0.9963819 -0.05285335 -0.1761227 -0.9823744 -0.06262132 0.1076745 -0.9925638 -0.05677401 -0.08613192 -0.9944339 -0.06068427 -0.1642467 -0.985481 -0.04301586 0.09988976 -0.9930224 -0.06267652 -0.1096929 -0.993114 -0.04113388 -0.1780162 -0.983979 0.009781124 0.09398174 -0.9946417 -0.04307396 -0.1153659 -0.9933212 0.001955031 0.09582265 -0.9953811 0.005866587 -0.123191 -0.9796616 0.1583889 -0.2094782 -0.9632093 0.1683652 0.2054921 -0.9785335 0.01565518 -0.1096194 -0.9102313 0.3993278 -0.2231107 -0.900272 0.3738074 0.1115063 -0.9800835 0.1643253 -0.1232338 -0.8567705 0.5007573 -0.2112116 -0.8174672 0.5358517 -0.7825826 -0.4421592 0.4382462 -0.05872866 -0.9964277 0.06068658 0.1135731 -0.9105439 0.3975061 0.1154436 -0.847239 0.5185161 0.3975726 -0.8343173 0.3819041 0.2170398 -0.8994458 0.3793298 0.2093124 -0.7922571 0.573164 0.2934718 -0.6788986 0.6730313 0.2270046 -0.9588966 0.1702531 0.3150004 -0.7923908 0.5223904 0.2934718 -0.6788986 0.6730313 0.4519837 -0.8785312 0.1545758 0.2271138 -0.5893209 0.7753195 -0.252337 0.4459921 -0.85873 0.8291102 0.4829959 -0.281587 0.3877939 -0.8617625 0.32708 0.4639806 -0.8848909 0.04111224 0.7608665 -0.6395971 0.1095339 0.1839625 -0.9824345 -0.03131184 0.1801877 -0.9812407 -0.06854975 0.4619597 -0.886726 0.01761767 0.2016759 -0.9770519 -0.06853066 0.426413 -0.9036822 -0.03912076 0.7833413 -0.6168818 0.07637596 0.2425282 -0.9701128 -0.007823107 0.3052618 -0.9490463 -0.07827196 0.410846 -0.911686 0.005868823 0.4558079 -0.8881413 -0.05868674 0.5600734 -0.8283598 -0.01174975 0.7076741 -0.703764 0.06255806 0.6763412 -0.7330289 -0.07232723 0.5758226 -0.8167275 -0.03721304 0.7444947 -0.6484933 0.1586947 0.7794145 -0.6227481 0.06854146 0.7894472 -0.6111839 0.05680882 0.7951251 -0.6031987 0.06266987 0.7892404 -0.6090674 0.07833693 0.938023 -0.3231181 0.1253306 0.9399828 -0.3231189 0.1096651 0.9367143 -0.3344012 0.1036451 0.9330404 -0.3462232 0.09780225 0.9867928 0.1135596 0.1155169 0.9823875 0.1291586 0.1350299 0.9968556 0.05091991 0.06071333 0.9729866 0.1468289 0.1781524 0.6888255 -0.6575145 -0.3052771 0.5709857 -0.2835382 -0.7704423 0.9390758 -0.3208507 0.1232537 0.9700517 0.1564599 0.1857961 0.9498894 -0.2873123 0.1231335 0.9740991 0.1369215 0.1799538 0.9704545 -0.2387002 -0.0352174 0.9897755 0.1291022 0.0606388 0.7541864 0.6131432 0.235071 0.8715193 0.4837421 0.08029784 0.4033975 0.9105802 0.09007916 0.260307 0.9374983 0.2309488 0.1487643 0.984584 0.09199829 0.6947858 0.6849995 0.2191998 0.9740991 0.1369215 0.1799538 0.9700517 0.1564599 0.1857961 -0.003914774 0.9747781 0.2231421 7.09061e-15 0.9979132 0.06457132 -0.1487643 0.984584 0.09199829 0.2639585 0.9424316 0.2053014 0.7007625 0.6831464 0.2055309 0.9729866 0.1468289 0.1781524 0.7033584 0.6974799 0.1371458 0.9823875 0.1291586 0.1350299 0.2682185 0.9436588 0.1938223 0.7104452 0.6987026 0.08415573 0.9867929 0.1135596 0.1155169 0.9968556 0.05091991 0.06071333 0.7196456 0.395023 -0.5710228 0.5709857 -0.2835382 -0.7704423 0.6806226 0.7275628 -0.08605422 0.4344184 0.8140475 -0.3854964 0.2699657 0.9566175 0.1095511 0.2288297 0.9720332 -0.05280673 0.1134396 0.9837932 -0.138861 0.2857959 0.9121972 -0.2936273 0.2525456 0.9651555 -0.06852446 0.2698794 0.962177 0.03715754 0.2289255 0.9665745 -0.1154421 0.1290481 0.9639541 -0.2326785 0.1643611 0.9802954 -0.1095743 -0.01173764 0.9996555 0.02347529 0 0.9720667 -0.234705 0 0.9900278 -0.1408727 -0.1643611 0.9802954 -0.1095743 -0.001955355 0.9933209 -0.1153677 -0.1290485 0.963954 -0.2326785 -0.2525458 0.9651557 -0.06852155 -0.2287662 0.9659036 -0.1212283 -0.2857961 0.9121971 -0.2936275 -0.2288285 0.9720339 -0.05280085 -0.4344179 0.8140465 -0.3854989 -0.1134396 0.9837932 -0.138861 -0.6782487 0.7290676 -0.09186565 -0.7196457 0.3950227 -0.5710229 -0.9968556 0.05091991 0.06071333 -0.5709871 -0.2835373 -0.7704416 -0.2681762 0.9630836 0.02349019 -0.7059172 0.7039624 0.07821619 -0.9867929 0.1135596 0.1155169 -0.9823725 0.1271996 0.1369841 -0.01759763 0.9952443 0.09580846 -0.2640724 0.9584838 0.1075857 -0.6929652 0.7066675 0.1428999 -0.9740376 0.1447364 0.1740749 -0.01565068 0.9820811 0.1878078 -0.2565911 0.9460575 0.1978291 -0.6877571 0.6955944 0.2076987 -0.9714348 0.1566831 0.1782269 -0.009793871 0.9793874 0.2017537 -0.2602098 0.9430177 0.2073853 -0.6924955 0.6885831 0.2151822 -0.9730407 0.1390061 0.1840359 -0.2603059 0.9355356 0.2387767 -0.3957269 0.9129174 0.09991072 -0.7588888 0.6043728 0.2425312 -0.8696774 0.4838076 0.09793632 -0.9889611 0.1292511 0.07245834 -0.9730407 0.1390061 0.1840359 -0.9743079 -0.2230346 -0.03130287 -0.952113 -0.2815285 0.1192585 -0.9714348 0.1566831 0.1782269 -0.6909701 -0.720332 -0.06068053 -0.9442332 -0.3069249 0.119251 -0.9740376 0.1447364 0.1740749 -0.7132364 -0.6975604 0.06858108 -0.4515217 -0.8913155 -0.04104824 -0.9425415 -0.3089654 0.127106 -0.9823725 0.1271996 0.1369841 -0.7947152 -0.6048453 0.05089318 -0.9409797 -0.3188775 0.1134658 -0.9867928 0.1135596 0.1155169 -0.7973021 -0.5994462 0.07052339 -0.9367143 -0.3344012 0.1036451 -0.9968556 0.05091991 0.06071333 -0.7879238 -0.6100066 0.08407172 -0.6888258 -0.6575155 -0.3052743 -0.5709871 -0.2835373 -0.7704416 -0.9330404 -0.3462232 0.09780225 -0.7833413 -0.6168818 0.07637596 -0.6706997 -0.7195829 0.1798957 -0.2799838 -0.9182691 0.2799838 -0.7608662 -0.6395976 0.1095339 -0.4225426 -0.8098723 0.4068964 -0.1076205 -0.7298595 0.6750725 -0.3877939 -0.8617625 0.32708 -0.1821301 -0.6403903 0.7461427 -0.04697885 -0.4560906 0.8886925 -0.09396841 -0.3895766 0.9161878 -0.2289697 -0.5890576 0.7749735 -0.3031241 -0.3793946 0.8741713 -0.3150004 -0.7923908 0.5223904 -0.4519837 -0.8785312 0.1545758 -0.1798909 -0.9092287 0.3754229 -0.4639806 -0.8848909 0.04111224 -0.1840688 -0.9673398 0.1742765 -0.2094782 -0.9632093 0.1683652 -0.4619428 -0.8866937 0.01957569 -0.1700772 -0.9852736 0.01759383 -0.1780162 -0.983979 0.009781124 -0.2231107 -0.900272 0.3738074 -0.1642467 -0.985481 -0.04301586 -0.1605189 -0.794763 0.585308 -0.2112116 -0.8174672 0.5358517 -0.2680573 -0.7219942 0.6378633 -0.7825826 -0.4421592 0.4382462 -0.2680574 -0.7219943 0.6378633 -0.2289697 -0.5890576 0.7749735 0.232804 0.3110578 -0.9214366 -0.8025377 0.5226279 -0.2877384 -0.1525711 -0.9877968 -0.03129696 -0.1761227 -0.9823744 -0.06262132 -0.1525824 -0.9859163 -0.0684664 -0.1799939 -0.9821412 -0.05478084 -0.4248721 -0.9045671 -0.03524272 -0.1779733 -0.9817861 -0.06649566 -0.2719112 -0.9468003 -0.1721446 -0.2092615 -0.9778519 -0.003910817 0.03910827 -0.9992177 0.005868075 -0.2113842 -0.9747165 -0.07241818 0.04697649 -0.9571452 -0.2857731 -0.3052611 -0.9490464 -0.07827199 -0.4107744 -0.9115272 0.01956001 -0.5555347 -0.8313462 -0.01564892 -0.5735491 -0.8182353 -0.03915022 -0.7317897 -0.6672214 0.138923 -0.7623996 -0.6451073 0.05082668 -0.05872866 -0.9964277 0.06068658 -0.6302081 0.6987093 0.3385901 -0.7825826 -0.4421592 0.4382462 0.2737862 -0.8995849 -0.3402765 0.3975727 -0.8343174 0.3819041 0.4756677 -0.8769529 0.06851245 0.3875884 -0.9063302 -0.1683473 -0.252337 0.4459921 -0.85873 0.2934718 -0.6788986 0.6730313 0.09396814 -0.3895755 0.9161882 0.04697909 -0.456093 0.8886912 0.05676001 0.01957249 0.998196 0.1331806 0.01175124 0.9910221 0.3031242 -0.3793957 0.8741709 0.332893 0.04503843 0.9418885 0.3031242 -0.3793956 0.8741709 0.8291102 0.4829959 -0.281587 0.2271138 -0.5893209 0.7753195 -0.1957686 0.1624878 -0.9670948 0.332893 0.04503843 0.9418885 0.6824664 0.7235318 0.1036405 -0.1957686 0.1624878 -0.9670948 -0.06463379 0.5562485 -0.8284987 0.8291102 0.4829959 -0.281587 -0.3524881 0.3309461 -0.8753439 0.6824664 0.7235318 0.1036405 -0.3249348 0.02348915 -0.9454447 0.757378 0.2152762 -0.6164696 -0.3582398 -0.1585652 -0.9200659 0.4248191 0.4072007 -0.8085274 -0.2544548 -0.399298 -0.880803 -0.07834397 0 -0.9969264 -0.1487115 -0.5381026 -0.8296568 0 -0.144705 -0.9894749 0 -0.6167835 -0.7871329 0.5533368 0.4633942 0.6921591 0.6824664 0.7235318 0.1036405 0.332893 0.04503843 0.9418885 0.757378 0.2152762 -0.6164696 0.5087845 0.708384 0.4892141 0.4248191 0.4072007 -0.8085274 0.2680395 0.8667253 0.4206449 -0.07834397 0 -0.9969264 0 0.9194477 0.3932124 0 -0.144705 -0.9894749 0.07834397 0 -0.9969264 -0.2680389 0.8667256 0.4206446 -0.4248191 0.4072 -0.8085276 -0.5087842 0.708384 0.4892146 -0.7573792 0.215276 -0.6164683 -0.5533367 0.4633947 0.6921588 -0.6824668 0.7235314 0.1036405 -0.3328921 0.04503831 0.9418887 -0.8025377 0.5226279 -0.2877384 -0.3031241 -0.3793946 0.8741714 -0.2289697 -0.5890577 0.7749735 0.1957692 0.1624882 -0.9670947 -0.3328921 0.04503831 0.9418887 -0.6824668 0.7235314 0.1036405 0.06463379 0.5562485 -0.8284987 0.1957692 0.1624882 -0.9670947 -0.8025377 0.5226279 -0.2877384 0.352488 0.3309462 -0.8753438 -0.6824669 0.7235314 0.1036405 0.3249357 0.02348922 -0.9454443 -0.7573792 0.215276 -0.6164683 0.3582389 -0.1585648 -0.9200664 -0.4248191 0.4072 -0.8085276 0.2544549 -0.3992963 -0.8808037 0.07834397 0 -0.9969264 0.1487119 -0.5381007 -0.829658 0 -0.144705 -0.9894749 0 -0.6167835 -0.7871329 0.262244 -0.4031501 0.8767543 0.6512544 -0.4615495 0.6023618 0 -0.7129579 0.7012069 0 -0.4267392 0.9043748 -0.2622436 -0.4031501 0.8767544 -0.6512547 -0.4615494 0.6023617 -0.6929203 -0.1526773 -0.7046639 0.9897755 0.1291022 0.06063879 -0.7884617 0.1839093 -0.586946 0.9704545 -0.2387002 -0.0352174 0.6763412 -0.7330289 -0.07232724 -0.7587376 0.4517229 -0.4693227 -0.3207682 0.5280945 -0.7862722 -0.252337 0.4459921 -0.85873 -0.09589869 0.5969213 -0.7965478 -0.5379741 0.5203665 -0.6631762 -0.471316 0.3715779 -0.7998695 0.4756677 -0.8769529 0.06851245 0.1154301 -0.1486877 -0.9821241 0.02349615 -0.1174907 -0.992796 0.04692678 -0.6237691 -0.7801987 0.2327087 -0.5475675 -0.8037515 0.03131628 -0.1722483 -0.9845557 0.3343473 -0.9404987 -0.06061513 0.03327138 -0.6262575 -0.778906 0.3264786 -0.9403383 -0.09579068 0.2055411 -0.8358853 0.5089681 0.3012599 -0.7805296 0.5477372 0.01565814 -0.9884536 -0.1507133 0.3350091 -0.4447185 0.8306591 0.3363063 -0.4203807 0.8427208 0.01371501 -0.8639103 0.503459 0.4148111 0.01173974 0.9098319 0.09590396 -0.990373 -0.09981998 0.3759797 0.02741456 0.9262223 0.3931879 0.4049229 0.8254943 0.06459957 -0.5481095 0.8339083 0.3308115 0.426725 0.8417064 0.2894575 0.9211695 0.2601172 0.08802383 -0.03129661 0.9956266 0.2465421 0.9372474 0.2465451 0.305188 0.8784021 -0.3677909 0.06265054 0.497272 0.8653297 0.1446546 -0.5434412 0.8268898 0.2936177 0.857339 -0.4227985 0.2386159 0.4752653 -0.8468681 0.1115975 -0.8692495 0.4816134 0.02349615 -0.1174907 -0.992796 0.1154301 -0.1486877 -0.9821241 0.2287443 0.391011 -0.891508 0.03131628 -0.1722483 -0.9845557 0.005865103 0.4503363 -0.8928398 -0.03134609 0.9755688 0.2174467 -0.04113316 0.9087889 -0.4152238 0.06068335 0.4306594 -0.9004722 0.1467943 -0.1565842 -0.9766949 0.1370341 -0.138991 -0.9807667 -0.01370312 0.9005201 -0.4345986 0.0137031 0.9768721 0.2133846 0.1506091 0.8919109 -0.4263939 0.1310469 0.4205232 -0.8977677 0.08612882 -0.1389775 -0.9865431 0.1369539 0.4304343 -0.8921716 -0.03325341 -0.1388781 -0.989751 -0.06062687 0.3226776 -0.9445654 -0.02542729 -0.1545055 -0.9876648 0.02346635 0.9386176 -0.3441603 0.1743405 0.9676867 0.1821755 -0.02541542 0.3499385 -0.9364278 0.08406641 -0.1348967 -0.987287 -0.06063584 0.936917 -0.3442528 -0.02348126 0.9822902 0.1858891 0.0586599 0.385202 -0.9209661 -0.08413187 -0.1682561 -0.9821464 0.01370311 0.9141288 -0.4051923 -0.00391007 0.36565 -0.9307442 0.02544523 -0.1741756 -0.9843858 -0.06260565 0.9840863 0.1662967 0.05477074 0.3755504 -0.9251822 -0.009775184 -0.1564576 -0.9876363 0.1506117 0.8919081 -0.426399 0.02154706 0.3760271 -0.9263582 -0.005869569 -0.1662995 -0.9860579 0.07044986 0.92563 -0.3718145 0.04301963 0.3871729 -0.921003 0.03328323 -0.1703373 -0.9848236 0.0469387 0.8898937 -0.4537467 0.03326089 0.3775854 -0.9253772 0.1154468 0.9138075 -0.3893943 0.01174211 0.4012017 -0.9159145 0.01174956 -0.1723209 -0.9849709 0.5709858 -0.2835383 -0.7704424 0.7196456 0.395023 -0.5710229 0.4344184 0.8140475 -0.3854963 0.03132072 0.7184066 -0.6949179 0.1134396 0.9837932 -0.138861 0.08411548 0.8939786 -0.4401441 0.07039157 0.9854865 -0.1544714 0.06069839 0.9496399 0.307408 0.05084278 0.8936617 0.4458519 0.1077399 0.9696681 0.2193989 0.03129097 0.4810821 0.8761171 0.06072084 0.4720577 0.879474 0.05676001 0.01957249 0.998196 0.1153678 0.9796486 0.1642525 0.03910368 -0.01955091 0.9990439 0.0469791 -0.456093 0.8886913 0.02542881 0.4949244 0.8685638 -0.003913052 -0.01174083 0.9999235 0.007826096 0.4851301 0.8744069 0.03327271 -0.4971271 0.8670396 0.1076205 -0.7298597 0.6750724 -0.01173911 -0.5086935 0.8608677 0.0567868 -0.808699 0.5854752 0.2799838 -0.9182691 0.2799838 -0.04700441 -0.009792524 0.9988467 0.04697442 -0.9942816 0.09590388 0.6888255 -0.6575145 -0.3052771 0.003914535 -0.8513831 0.5245298 0.00391156 -0.6669039 -0.7451335 0.5709858 -0.2835383 -0.7704424 0.01174956 -0.1723209 -0.9849709 0.0235051 -0.9988772 0.04113318 0.03129103 -0.6727349 -0.7392218 0.03328323 -0.1703373 -0.9848236 0.01369715 -0.6750418 -0.7376524 -0.005869569 -0.1662995 -0.9860579 0.03718734 -0.9982036 0.04697443 -0.02152027 -0.6319191 -0.7747356 -0.009775184 -0.1564576 -0.9876363 0.02544523 -0.1741756 -0.9843858 -0.06261472 -0.9959467 -0.06457274 -0.02934033 -0.6768481 -0.7355377 -0.08413187 -0.1682561 -0.9821464 0.003911547 -0.878634 0.4774799 -0.1056668 -0.8785995 0.4657226 -0.04698178 -0.5285323 0.8476121 -0.1407773 -0.8759363 0.4614297 -0.03324455 -0.007823263 0.9994166 -0.09393093 -0.5675072 0.817993 -0.0841678 -0.5715592 0.8162328 -0.04700718 -0.003917187 0.9988868 0.0176102 0.5341313 0.8452181 0.009784109 0.5245093 0.8513486 0.03914833 0.9883925 0.1467913 0.0704169 0.9916996 0.1075804 0.1857754 0.975795 0.1153765 -0.02152319 0.5400379 0.8413655 0.05091729 0.9889765 0.1390428 -0.03323855 -0.02737186 0.9990726 0.1369355 0.5731676 0.8079156 0.04889655 0.5417888 0.8390912 0.03909472 -0.6020408 0.7975077 0.1194541 -0.001958275 0.9928378 0.04886385 -0.8775921 0.4769114 0.05669586 -0.5708326 0.8191068 0.08806285 -0.005870916 0.9960977 0.02546015 0.5386019 0.8421757 0.07242263 -0.4893456 0.8690776 0.1821583 0.5836772 0.7912896 0.05481839 -0.005873385 0.9984791 0.09000897 0.5420193 0.8355319 0.1819911 0.04305161 0.9823573 0.1487883 0.01957773 0.9886753 0.2054833 -0.50294 0.8395404 0.04697743 -0.4638611 0.8846616 0.220978 -0.8369831 0.5006278 0.06263253 -0.8847038 0.4619268 0.2427817 -0.9672234 -0.07440449 -0.007832042 -0.8827586 0.4697616 0.09385356 -0.8759565 0.4731719 0.009784112 -0.9960669 -0.08806297 0.02347828 -0.991853 -0.1252056 0.05286635 -0.6872722 -0.7244737 0.1623632 -0.5985913 -0.7844276 0.1467943 -0.1565842 -0.9766949 0.1370341 -0.138991 -0.9807667 0.1937929 -0.6087865 -0.7693006 0.08612882 -0.1389775 -0.9865431 -0.001960993 -0.6189442 -0.7854326 -0.03325342 -0.1388781 -0.9897511 -0.02542729 -0.1545055 -0.9876648 0.03131626 -0.6498265 -0.7594372 0.09391607 -0.9802336 -0.174132 0.07445508 -0.6289157 -0.7739002 0.08406641 -0.1348967 -0.987287 0.02349913 -0.9888778 -0.1468629 -0.0881196 -0.6814762 -0.7265158 0.009781121 -0.866632 0.498852 -0.01956822 -0.9903768 -0.1370074 -0.1312435 -0.9872466 -0.09010731 0.1606404 0.4701598 -0.867839 0.1095056 -0.1290619 -0.9855717 -0.1643357 -0.1271625 -0.9781735 -0.08030523 0.4799102 -0.8736345 0.02349615 -0.1174907 -0.992796 0.1995387 0.8568551 -0.4753774 0.2386159 0.4752652 -0.846868 -0.03721713 0.8754846 -0.481811 0.2250074 0.9489411 0.2210943 0.305188 0.8784021 -0.3677909 0 0.9690964 0.2466826 0.2894575 0.9211695 0.2601172 0.02154703 0.3898043 0.9206456 0.3931879 0.4049229 0.8254943 0.1937687 0.3757983 0.906217 0.4148111 0.01173974 0.9098319 0.009781114 -0.003913647 0.9999446 0.1976074 -0.01173914 0.980211 0.3363063 -0.4203807 0.8427207 -0.05087855 -0.4521067 0.8905117 0.1878502 -0.4618054 0.8668611 0.3012599 -0.7805296 0.5477372 -0.1428069 -0.8431317 0.5183969 0.1860739 -0.8402621 0.5092505 0.3343473 -0.9404986 -0.06061513 -0.1644733 -0.9770849 -0.1351061 0.1505615 -0.9776633 -0.1466484 0.04692677 -0.6237691 -0.7801986 -0.1740692 -0.6414994 -0.7471135 0.1115859 -0.6499471 -0.751743 0.1095056 -0.1290619 -0.9855717 -0.1643357 -0.1271625 -0.9781735 0.02349615 -0.1174907 -0.992796 -0.02349615 -0.1174907 -0.992796 -0.1154301 -0.1486877 -0.9821241 -0.04692678 -0.6237691 -0.7801987 -0.2327087 -0.5475675 -0.8037515 -0.03131628 -0.1722483 -0.9845557 -0.3343473 -0.9404987 -0.06061513 -0.03327137 -0.6262578 -0.7789059 -0.3264786 -0.9403383 -0.09579068 -0.2055468 -0.8358843 0.5089675 -0.3012599 -0.7805296 0.5477372 -0.01565814 -0.9884536 -0.1507133 -0.3350091 -0.4447185 0.8306591 -0.3363063 -0.4203807 0.8427208 -0.4148111 0.01173974 0.9098319 -0.01371501 -0.8639103 0.503459 -0.09590396 -0.990373 -0.09981998 -0.1623632 -0.5985916 -0.7844274 -0.1467943 -0.1565842 -0.9766949 -0.1370341 -0.138991 -0.9807667 -0.1115976 -0.8692493 0.4816135 -0.1937362 -0.6164335 -0.7632012 -0.2348724 -0.968868 -0.07829378 0.01955922 -0.6394839 -0.7685556 0.05481851 -0.1762042 -0.9828261 -0.06459957 -0.5481095 0.8339083 -0.02154705 -0.620959 -0.7835469 -0.02545115 -0.1722767 -0.9847198 -0.123155 -0.5336733 0.8366753 -0.08215906 -0.6435836 -0.7609534 -0.08809882 -0.16249 -0.9827694 -0.2562461 -0.837199 0.4831518 0.01763107 -0.6759746 -0.7367141 0.04501937 -0.1800818 -0.982621 -0.03324448 -0.9816583 -0.1877277 0.02934033 -0.6768481 -0.7355377 -0.02544523 -0.1741756 -0.9843858 -0.0156641 -0.9887432 -0.1488 0 -0.9542015 -0.2991647 -0.005874034 -0.8631238 0.5049583 -0.06650689 -0.9487126 -0.3090651 0.01762212 -0.8498411 0.5267444 -0.01370012 -0.8513096 0.5244848 -0.1623214 -0.846811 0.5065205 0 -0.5832727 0.8122765 -0.3073815 -0.4581368 0.8340428 -0.1545512 -0.5849348 0.7962193 0.01173317 -0.4712662 0.8819131 -0.1076251 0.0156546 0.9940683 -0.2740732 0.06851865 0.9592649 -0.2034956 0.07239776 0.9763955 -0.08802383 -0.03129661 0.9956266 -0.06457561 0.5302987 0.8453481 -0.3759745 0.02741472 0.9262244 -0.3931879 0.4049229 0.8254943 -0.3308115 0.4267253 0.8417062 -0.2780019 0.9240639 0.2623378 -0.06265054 0.497272 0.8653297 -0.2465423 0.9372472 0.2465453 -0.2739548 0.8844866 -0.3776669 0 0.9773706 0.211534 -0.2936175 0.8573391 -0.4227982 0.03134609 0.9755688 0.2174467 -0.2211753 0.47561 -0.851397 -0.1154301 -0.1486877 -0.9821241 -0.02349615 -0.1174907 -0.992796 -0.2287443 0.391011 -0.891508 -0.03131628 -0.1722483 -0.9845557 -0.005871064 0.4503363 -0.8928398 0.04113316 0.9087889 -0.4152238 0.01957416 0.9023255 -0.4306107 -0.06068336 0.4306591 -0.9004723 -0.1467943 -0.1565842 -0.9766949 -0.1370341 -0.138991 -0.9807667 -0.1487466 0.9003072 -0.4090495 -0.1310469 0.4205234 -0.8977677 0.05481851 -0.1762042 -0.9828261 -0.007826091 0.3972107 -0.9176941 -0.02545115 -0.1722767 -0.9847198 -0.158432 0.9681956 0.1936405 0.001958013 0.3818322 -0.9242297 -0.08809882 -0.16249 -0.9827694 -0.01173913 0.8900204 -0.4557695 -0.05865989 0.3852023 -0.920966 0.04501937 -0.1800818 -0.982621 0.05874034 0.8967648 -0.4385916 0.00391007 0.36565 -0.9307442 -0.02544523 -0.1741756 -0.9843858 -0.0137031 0.914129 -0.4051921 -0.05477074 0.3755504 -0.9251822 0.009775184 -0.1564576 -0.9876363 -0.1506088 0.8919085 -0.4263991 -0.02154706 0.3760271 -0.9263582 0.005871059 -0.1662995 -0.9860579 -0.03721422 0.9343065 -0.354523 -0.04301963 0.3871729 -0.921003 -0.03328323 -0.1703373 -0.9848236 -0.07043779 0.8902401 -0.4500121 -0.03326089 0.3775858 -0.9253771 -0.1857754 0.975795 0.1153765 -0.01174211 0.401202 -0.9159144 -0.01174956 -0.172321 -0.9849709 -0.5709872 -0.2835374 -0.7704417 -0.7196457 0.3950227 -0.571023 -0.4344179 0.8140465 -0.3854989 -0.03132072 0.7184066 -0.6949179 -0.1134396 0.9837932 -0.138861 -0.06069091 0.8888276 -0.454205 -0.07039153 0.9854865 -0.1544712 -0.06069988 0.9496399 0.307408 -0.05084278 0.8936617 0.4458519 -0.06458303 0.9726525 0.2231058 -0.1350449 0.9042263 -0.4051391 -0.03129097 0.4810821 0.8761171 -0.06072084 0.4720577 0.879474 -0.05676001 0.01957249 0.998196 -0.1467973 0.9766944 0.1565844 -0.03910071 -0.01955082 0.9990441 -0.04697884 -0.4560906 0.8886925 -0.007829069 0.4874557 0.8731126 0.003914542 -0.01174083 0.9999234 -0.0391633 0.460136 0.8869843 -0.08228124 0.9854243 0.1488924 -0.01956819 0.994 0.1076161 0.04699836 0.5404573 0.8400578 -0.003910052 0.5245284 0.851384 0.007826105 -0.01369699 0.9998757 0.07235388 -0.005866851 0.9973618 0.01173911 -0.5086932 0.8608679 0.01763405 -0.529036 0.8484162 -0.0332742 -0.497127 0.8670395 -0.1076205 -0.7298595 0.6750725 -0.05678532 -0.8086991 0.5854753 -0.2799838 -0.9182691 0.2799838 -0.04697439 -0.9942815 0.09590381 -0.6888258 -0.6575155 -0.3052743 -0.003914538 -0.8513827 0.5245304 -0.0156492 -0.8764384 0.4812597 -0.003911559 -0.6669041 -0.7451333 -0.5709872 -0.2835374 -0.7704417 -0.01174956 -0.172321 -0.9849709 -0.0235051 -0.9988772 0.04113318 -0.03129105 -0.6727344 -0.7392221 -0.03328323 -0.1703373 -0.9848236 -0.04304945 -0.9979686 0.0469625 -0.01369715 -0.6750416 -0.7376525 0.005871059 -0.1662995 -0.9860579 0.1055955 -0.8838827 0.4556323 0.06066264 -0.9960669 -0.06458165 0.02152027 -0.6319191 -0.7747356 0.009775184 -0.1564576 -0.9876363 0.135067 -0.9865562 -0.09199971 0.1134337 -0.5730385 0.8116401 0.1565515 -0.8688592 0.4696544 -0.04886385 -0.8775921 0.4769114 0.1233434 -0.5834494 0.8027287 -0.07240796 -0.6105685 0.7886465 -0.05669586 -0.5708326 0.8191068 0.1018316 0 0.9948017 -0.04893548 -0.03131961 0.9983108 -0.04699815 0.5522767 0.8323352 -0.1175226 -0.001958691 0.9930683 -0.1311121 0.5713968 0.810133 -0.04498962 0.9898268 0.1349778 -0.04304652 0.5068073 0.860984 0.05869261 0.9938495 0.09390699 -0.02934039 0.005868218 0.9995523 0.072372 0.4303245 0.8997684 0.03910968 0.005866276 0.9992177 -0.1994759 0.522157 0.8291932 0.001960993 0.9926036 0.1213849 -0.2111197 0.594266 0.7760647 0.8685591 0.4890532 -0.08020104 0.07245506 0.9771665 -0.1997397 0.07240698 0.9921701 -0.101763 0.8707598 0.4911475 0.02347976 0.3776721 -0.92559 -0.02543777 0.08615296 0.992718 -0.08419457 0.3677261 -0.9232269 0.111489 0.8614212 0.5011906 0.08222903 0.8767909 0.4677527 0.1115575 0.1154782 0.990373 -0.07632972 0.2505491 0.9669634 -0.04697741 0.3720847 -0.9165042 0.1468777 -0.4949902 -0.8686782 0.01956821 -0.4893503 -0.8651708 -0.109616 -0.4836131 -0.875203 0.01174658 -0.9876837 0.09387882 -0.1251713 -0.9627222 0.091967 -0.2543778 0.07240698 0.9921701 -0.101763 0.07245506 0.9771665 -0.1997397 0.08615296 0.992718 -0.08419457 -0.9829089 0.09006709 -0.1605556 0.1154782 0.990373 -0.07632972 -0.9827863 0.08418261 -0.1644522 0.3950372 -0.9035005 0.1662299 -0.4797676 -0.8772886 0.0137061 -0.9664356 0.07238461 -0.2465009 0.2505491 0.9669634 -0.04697741 -0.352408 -0.9358382 -0.003916028 -0.7669305 0.003913043 -0.6417182 0.06649271 0.9954364 0.06844849 -0.2174323 0.9755073 0.03330111 -0.6289264 -0.1802531 -0.7562807 -0.2307349 -0.9698681 -0.07821476 -0.2659458 -0.958187 -0.1055957 0.4580478 -0.8534572 0.2486018 0.2271539 -0.8674923 0.4425587 -0.07633478 -0.8631697 0.4991102 0.8519433 0.448494 0.27027 0.06649271 0.9954364 0.06844848 0.362246 0.6970795 0.6187553 -0.01175255 0.6698921 0.7423654 -0.2174323 0.9755073 0.03330111 0.2271138 -0.5893209 0.7753195 0.09396814 -0.3895755 0.9161882 0.3031242 -0.3793957 0.8741709 0.1821295 -0.6403899 0.7461432 0.0469791 -0.456093 0.8886913 0.1076205 -0.7298597 0.6750724 0.4225438 -0.8098718 0.4068962 0.2799838 -0.9182691 0.2799838 0.6706997 -0.7195829 0.1798957 0 0.922555 -0.3858657 0 -0.6167835 -0.7871329 0.1487119 -0.5381007 -0.829658 -0.336857 0.8401852 -0.4249898 0.2544549 -0.3992963 -0.8808037 0 0.9999062 0.01369714 -0.6048802 0.6831806 -0.409126 0.3582389 -0.1585648 -0.9200664 -0.3993511 0.89854 0.1820564 -0.3348098 0.836044 0.434664 0 0.9336501 0.3581863 0 -0.4267392 0.9043748 0.262244 -0.4031501 0.8767543 -0.5990562 0.728264 0.3328113 -0.6256387 0.4633639 0.6275907 0.6229527 -0.2213635 0.7502854 -0.7732849 0.2975674 0.5598965 -0.7084705 0.06654157 0.7025965 0.72483 -0.209613 0.6562652 0.843322 0.03717662 0.5361212 -0.8917896 0.371579 -0.2581477 0.3249357 0.02348922 -0.9454443 -0.978399 0.1350187 -0.1565425 0.352488 0.3309462 -0.8753438 -0.7963735 0.05087399 0.6026617 -0.665642 -0.2956237 0.6852207 0.8205424 0.06462506 0.5679206 -0.5639988 -0.5639981 0.6031679 -0.9753725 -0.03721304 -0.217402 -0.7649364 -0.3012788 0.5693009 -0.6534432 -0.5693188 0.4988871 -0.9402747 -0.2639024 -0.2150326 0.06463379 0.5562485 -0.8284987 0 -0.6167835 -0.7871329 0 0.922555 -0.3858657 -0.1487115 -0.5381026 -0.8296568 0.3368575 0.8401848 -0.42499 -0.2544548 -0.399298 -0.880803 0 0.9999062 0.01369714 0.6048802 0.6831806 -0.409126 -0.3582398 -0.1585652 -0.9200659 0.3993513 0.8985406 0.1820535 0.3348091 0.8360443 0.4346641 0 0.9336501 0.3581863 0 -0.4267392 0.9043748 -0.2622436 -0.4031501 0.8767544 0.5990567 0.7282647 0.3328086 0.6256375 0.4633631 0.6275925 -0.6229526 -0.2213628 0.7502857 0.7732837 0.2975674 0.5598981 0.7084683 0.06654132 0.7025987 -0.7248296 -0.2096133 0.6562655 -0.843322 0.03717653 0.5361212 0.8917896 0.371579 -0.2581477 -0.3249348 0.02348915 -0.9454447 0.9783989 0.1350188 -0.1565424 -0.3524881 0.3309461 -0.8753439 0.796373 0.05087423 0.6026624 0.9753732 -0.03721309 -0.2173993 -0.06463379 0.5562485 -0.8284987 0.9402747 -0.2639024 -0.2150326 0.7649357 -0.3012792 0.5693015 0.6534433 -0.5693159 0.4988902 0.5639983 -0.5639983 0.6031681 0.6656438 -0.2956241 0.6852188 -0.8205435 0.06462521 0.567919 0.4263999 0.8958311 -0.1251787 0.03719627 0.6108015 -0.7909096 0.684769 -0.7278116 -0.03717244 0.6068634 -0.7321527 -0.3093045 0.03910827 -0.9992177 0.005868074 -0.2719111 -0.9468002 -0.1721446 0.03914431 -0.9688209 -0.2446505 0.4263999 0.8958311 -0.1251787 0.0469765 -0.9571453 -0.2857731 -0.08409511 0.9504699 -0.299224 -0.5027689 0.7003553 -0.5066812 0.5693368 0.8021582 -0.1799942 0.289845 -0.1175042 -0.9498329 0.4170135 0.8594781 0.2956301 -0.6551696 0.754912 -0.0293374 -0.2898466 0.1175049 0.9498323 -0.7834256 -0.4132569 -0.4641801 0.289845 -0.1175042 -0.9498329 -0.9335836 -0.3581673 0.0117451 -0.2898466 0.1175049 0.9498323 -0.02350062 -0.9302316 0.3662198 -0.2898466 0.1175049 0.9498323 0.1271394 -0.9858184 -0.109534 0.289845 -0.1175042 -0.9498329 0.8163199 -0.1879304 0.5461721 -0.2898466 0.1175049 0.9498323 0.4170135 0.8594781 0.2956301 -0.2898466 0.1175049 0.9498323 0.9677535 -0.242427 0.06842911 0.289845 -0.1175042 -0.9498329 0.5693368 0.8021582 -0.1799942 0.289845 -0.1175042 -0.9498329 0.4249009 0.8752571 -0.23105 -0.2309427 0.6967421 0.6791289 0.7990415 0.0489608 0.5992792 0.02346507 0.8525642 -0.5220956 -0.6300128 0.6730573 0.3873989 -0.7990413 -0.04896081 -0.5992793 -0.2897834 -0.4327174 0.8536869 0.7990415 0.0489608 0.5992792 -0.6912256 -0.4542894 0.5619861 -0.7990413 -0.04896081 -0.5992793 -0.07235136 -0.9679447 -0.2405169 -0.7990413 -0.04896081 -0.5992793 0.3269872 -0.9437602 0.04894881 0.7990415 0.0489608 0.5992792 0.3701628 -0.1625586 -0.9146335 -0.7990413 -0.04896081 -0.5992793 0.02346507 0.8525642 -0.5220955 -0.7990413 -0.04896081 -0.5992793 0.4249009 0.8752571 -0.23105 0.7708312 -0.136949 -0.6221451 0.7990415 0.0489608 0.5992792 0.7990415 0.0489608 0.5992792 0.1331806 0.01175124 0.9910222 0.05676001 0.01957249 0.998196 0.06072084 0.4720577 0.879474 0.1469283 0.4486175 0.8815636 0.05084278 0.8936617 0.4458518 0.2585021 0.4327955 0.8636346 0.332893 0.04503843 0.9418885 0.5533368 0.4633942 0.6921591 0.2017272 0.9067986 0.3701653 0.1134396 0.9837932 -0.138861 0.2288297 0.9720332 -0.05280673 0.2525456 0.9651555 -0.06852446 0.3247751 0.9058486 0.271955 0.5087845 0.708384 0.4892141 0.1643611 0.9802954 -0.1095743 0.2055727 0.9710848 0.1213849 0.2680395 0.8667253 0.4206449 0 0.9900278 -0.1408727 0 0.9984965 0.05481547 0 0.9194477 0.3932124 -0.2680389 0.8667256 0.4206446 -0.2055724 0.9710849 0.1213849 -0.1643611 0.9802954 -0.1095743 -0.5087842 0.708384 0.4892146 -0.3247751 0.9058486 0.271955 -0.2525458 0.9651557 -0.06852155 -0.5533367 0.4633947 0.6921588 -0.201729 0.9067993 0.3701628 -0.2288285 0.9720339 -0.05280085 -0.2585027 0.4327967 0.8636339 -0.3328921 0.04503831 0.9418887 -0.1331791 0.01175124 0.9910223 -0.05084278 0.8936617 0.4458518 -0.1134396 0.9837932 -0.138861 -0.1469268 0.4486177 0.8815638 -0.06072084 0.4720577 0.879474 -0.05676001 0.01957249 0.998196 -0.00783531 0.9970471 0.07639378 0.2075302 0.9691268 0.1331329 0.4854608 -0.07438516 -0.8710882 0.6283976 -0.03328018 -0.7771801 -0.121378 0.9925581 0.009790069 0.1017207 -0.9878648 -0.1173719 0.09973305 -0.9816865 -0.1623108 0.8771164 -0.1957847 -0.4385602 0.01761579 0.9982324 0.05676154 0.1801937 -0.9793141 -0.09205484 -0.2524187 -0.9079251 0.3345997 -0.06652354 -0.9313291 0.3580513 -0.4128171 -0.8882418 0.2015158 -0.2913015 0.7526923 0.5904216 0.001957827 0.728314 0.6852407 0.2075302 0.9691269 0.1331329 -0.00783531 0.9970471 0.07639378 -0.6855243 0.6443923 0.3388437 -0.121378 0.9925581 0.009790069 -0.6871783 0.7047983 0.1761974 0.01761579 0.9982324 0.05676154 0.04698072 0.9983413 0.03328023 -0.4499264 -0.8920283 0.04303455 -0.6638309 0.7362843 0.1312018 0.2486882 -0.9634215 -0.09986614 -0.4271341 -0.9032516 0.04114508 0.9725789 -0.144811 -0.1819894 -0.674483 0.7292237 0.1153498 0.07040446 0.9973959 0.01564473 0.04504677 0.9988621 -0.01566559 -0.6811635 0.7281407 0.07633715 -0.4481093 -0.888391 -0.09979758 -0.4091742 -0.9123218 0.01566261 0.2600384 -0.9404403 -0.2189799 0.2800182 -0.9575451 -0.06853636 0.2932207 -0.9519893 -0.08796605 0.946188 -0.1312524 -0.2958059 0.9810164 -0.1331523 -0.1409873 0.04698072 0.9983413 0.03328023 0.07040446 0.9973959 0.01564473 0.04504677 0.9988621 -0.01566559 0.9744905 -0.1506746 -0.1663297 -0.9968023 -0.07637566 0.0234961 -0.8829138 -0.4267762 0.1957689 -0.85107 -0.2426041 0.4656429 -0.8429189 0.0664951 0.5339158 -0.9267845 0.2835088 0.2463603 -0.9341616 0.3544725 0.04112729 -0.8961909 0.3776518 -0.2328543 -0.901693 0.2366721 -0.3618508 -0.8242136 0.02349319 -0.5657915 -0.8765985 -0.1897988 -0.4422123 -0.9075776 -0.4087991 -0.09584443 -0.8829138 -0.4267762 0.1957689 0.07245506 0.9771665 -0.1997397 0.868559 0.4890532 -0.08020104 0.1896884 -0.01759976 -0.9816866 -0.9627222 0.091967 -0.2543778 0.3776721 -0.92559 -0.02543777 -0.4893503 -0.8651709 -0.109616 -0.9615886 0.2722218 -0.03525018 -0.01175255 0.6698921 0.7423654 -0.2174323 0.9755073 0.03330111 -0.6289263 -0.1802531 -0.7562807 -0.07633479 -0.8631697 0.4991103 -0.2659459 -0.958187 -0.1055957 -0.6811635 0.7281407 0.07633715 0.04504677 0.9988621 -0.01566559 -0.2230495 0.3600094 -0.905893 -0.4481093 -0.888391 -0.09979756 0.946188 -0.1312524 -0.2958059 0.2600384 -0.9404402 -0.2189799 0.9957334 -0.09194463 -0.0078246 0.2075302 0.9691269 0.1331329 0.001957827 0.728314 0.6852407 0.4854608 -0.07438516 -0.8710882 -0.06652353 -0.9313291 0.3580513 0.09973307 -0.9816867 -0.1623108 0.9968023 -0.0763761 0.02349624 0.901693 0.2366721 -0.3618508 0.8961909 0.3776518 -0.2328543 0.9341616 0.3544725 0.04112729 0.8242136 0.02349319 -0.5657915 0.9267845 0.2835088 0.2463603 0.8765985 -0.1897988 -0.4422123 0.8429189 0.0664951 0.5339158 0.904339 -0.4149762 -0.09982878 0.8458996 -0.2447642 0.4738612 0.8741902 -0.4400276 0.2053466</float_array>
          <technique_common>
            <accessor source="#geom-Clt_JKT023__M_JKT023-normals-array" count="1338" stride="3">
              <param name="X" type="float"/>
              <param name="Y" type="float"/>
              <param name="Z" type="float"/>
            </accessor>
          </technique_common>
        </source>
        <source id="geom-Clt_JKT023__M_JKT023-map-2">
          <float_array id="geom-Clt_JKT023__M_JKT023-map-2-array" count="8349">1 1 1 1 1 1 1 1 1 1 1 1 1 1 1 1 1 1 1 1 1 1 1 1 1 1 1 1 1 1 1 1 1 1 1 1 1 1 1 1 1 1 1 1 1 1 1 1 1 1 1 1 1 1 1 1 1 1 1 1 1 1 1 1 1 1 1 1 1 1 1 1 1 1 1 1 1 1 1 1 1 1 1 1 1 1 1 1 1 1 1 1 1 1 1 1 1 1 1 1 1 1 1 1 1 1 1 1 1 1 1 1 1 1 1 1 1 1 1 1 1 1 1 1 1 1 1 1 1 1 1 1 1 1 1 1 1 1 1 1 1 1 1 1 1 1 1 1 1 1 1 1 1 1 1 1 1 1 1 1 1 1 1 1 1 1 1 1 1 1 1 1 1 1 1 1 1 1 1 1 1 1 1 1 1 1 1 1 1 1 1 1 1 1 1 1 1 1 1 1 1 1 1 1 1 1 1 1 1 1 1 1 1 1 1 1 1 1 1 1 1 1 1 1 1 1 1 1 1 1 1 1 1 1 1 1 1 1 1 1 1 1 1 1 1 1 1 1 1 1 1 1 1 1 1 1 1 1 1 1 1 1 1 1 1 1 1 1 1 1 1 1 1 1 1 1 1 1 1 1 1 1 1 1 1 1 1 1 1 1 1 1 1 1 1 1 1 1 1 1 1 1 1 1 1 1 1 1 1 1 1 1 1 1 1 1 1 1 1 1 1 1 1 1 1 1 1 1 1 1 1 1 1 1 1 1 1 1 1 1 1 1 1 1 1 1 1 1 1 1 1 1 1 1 1 1 1 1 1 1 1 1 1 1 1 1 1 1 1 1 1 1 1 1 1 1 1 1 1 1 1 1 1 1 1 1 1 1 1 1 1 1 1 1 1 1 1 1 1 1 1 1 1 1 1 1 1 1 1 1 1 1 1 1 1 1 1 1 1 1 1 1 1 1 1 1 1 1 1 1 1 1 1 1 1 1 1 1 1 1 1 1 1 1 1 1 1 1 1 1 1 1 1 1 1 1 1 1 1 1 1 1 1 1 1 1 1 1 1 1 1 1 1 1 1 1 1 1 1 1 1 1 1 1 1 1 1 1 1 1 1 1 1 1 1 1 1 1 1 1 1 1 1 1 1 1 1 1 1 1 1 1 1 1 1 1 1 1 1 1 1 1 1 1 1 1 1 1 1 1 1 1 1 1 1 1 1 1 1 1 1 1 1 1 1 1 1 1 1 1 1 1 1 1 1 1 1 1 1 1 1 1 1 1 1 1 1 1 1 1 1 1 1 1 1 1 1 1 1 1 1 1 1 1 1 1 1 1 1 1 1 1 1 1 1 1 1 1 1 1 1 1 1 1 1 1 1 1 1 1 1 1 1 1 1 1 1 1 1 1 1 1 1 1 1 1 1 1 1 1 1 1 1 1 1 1 1 1 1 1 1 1 1 1 1 1 1 1 1 1 1 1 1 1 1 1 1 1 1 1 1 1 1 1 1 1 1 1 1 1 1 1 1 1 1 1 1 1 1 1 1 1 1 1 1 1 1 1 1 1 1 1 1 1 1 1 1 1 1 1 1 1 1 1 1 1 1 1 1 1 1 1 1 1 1 1 1 1 1 1 1 1 1 1 1 1 1 1 1 1 1 1 1 1 1 1 1 1 1 1 1 1 1 1 1 1 1 1 1 1 1 1 1 1 1 1 1 1 1 1 1 1 1 1 1 1 1 1 1 1 1 1 1 1 1 1 1 1 1 1 1 1 1 1 1 1 1 1 1 1 1 1 1 1 1 1 1 1 1 1 1 1 1 1 1 1 1 1 1 1 1 1 1 1 1 1 1 1 1 1 1 1 1 1 1 1 1 1 1 1 1 1 1 1 1 1 1 1 1 1 1 1 1 1 1 1 1 1 1 1 1 1 1 1 1 1 1 1 1 1 1 1 1 1 1 1 1 1 1 1 1 1 1 1 1 1 1 1 1 1 1 1 1 1 1 1 1 1 1 1 1 1 1 1 1 1 1 1 1 1 1 1 1 1 1 1 1 1 1 1 1 1 1 1 1 1 1 1 1 1 1 1 1 1 1 1 1 1 1 1 1 1 1 1 1 1 1 1 1 1 1 1 1 1 1 1 1 1 1 1 1 1 1 1 1 1 1 1 1 1 1 1 1 1 1 1 1 1 1 1 1 1 1 1 1 1 1 1 1 1 1 1 1 1 1 1 1 1 1 1 1 1 1 1 1 1 1 1 1 1 1 1 1 1 1 1 1 1 1 1 1 1 1 1 1 1 1 1 1 1 1 1 1 1 1 1 1 1 1 1 1 1 1 1 1 1 1 1 1 1 1 1 1 1 1 1 1 1 1 1 1 1 1 1 1 1 1 1 1 1 1 1 1 1 1 1 1 1 1 1 1 1 1 1 1 1 1 1 1 1 1 1 1 1 1 1 1 1 1 1 1 1 1 1 1 1 1 1 1 1 1 1 1 1 1 1 1 1 1 1 1 1 1 1 1 1 1 1 1 1 1 1 1 1 1 1 1 1 1 1 1 1 1 1 1 1 1 1 1 1 1 1 1 1 1 1 1 1 1 1 1 1 1 1 1 1 1 1 1 1 1 1 1 1 1 1 1 1 1 1 1 1 1 1 1 1 1 1 1 1 1 1 1 1 1 1 1 1 1 1 1 1 1 1 1 1 1 1 1 1 1 1 1 1 1 1 1 1 1 1 1 1 1 1 1 1 1 1 1 1 1 1 1 1 1 1 1 1 1 1 1 1 1 1 1 1 1 1 1 1 1 1 1 1 1 1 1 1 1 1 1 1 1 1 1 1 1 1 1 1 1 1 1 1 1 1 1 1 1 1 1 1 1 1 1 1 1 1 1 1 1 1 1 1 1 1 1 1 1 1 1 1 1 1 1 1 1 1 1 1 1 1 1 1 1 1 1 1 1 1 1 1 1 1 1 1 1 1 1 1 1 1 1 1 1 1 1 1 1 1 1 1 1 1 1 1 1 1 1 1 1 1 1 1 1 1 1 1 1 1 1 1 1 1 1 1 1 1 1 1 1 1 1 1 1 1 1 1 1 1 1 1 1 1 1 1 1 1 1 1 1 1 1 1 1 1 1 1 1 1 1 1 1 1 1 1 1 1 1 1 1 1 1 1 1 1 1 1 1 1 1 1 1 1 1 1 1 1 1 1 1 1 1 1 1 1 1 1 1 1 1 1 1 1 1 1 1 1 1 1 1 1 1 1 1 1 1 1 1 1 1 1 1 1 1 1 1 1 1 1 1 1 1 1 1 1 1 1 1 1 1 1 1 1 1 1 1 1 1 1 1 1 1 1 1 1 1 1 1 1 1 1 1 1 1 1 1 1 1 1 1 1 1 1 1 1 1 1 1 1 1 1 1 1 1 1 1 1 1 1 1 1 1 1 1 1 1 1 1 1 1 1 1 1 1 1 1 1 1 1 1 1 1 1 1 1 1 1 1 1 1 1 1 1 1 1 1 1 1 1 1 1 1 1 1 1 1 1 1 1 1 1 1 1 1 1 1 1 1 1 1 1 1 1 1 1 1 1 1 1 1 1 1 1 1 1 1 1 1 1 1 1 1 1 1 1 1 1 1 1 1 1 1 1 1 1 1 1 1 1 1 1 1 1 1 1 1 1 1 1 1 1 1 1 1 1 1 1 1 1 1 1 1 1 1 1 1 1 1 1 1 1 1 1 1 1 1 1 1 1 1 1 1 1 1 1 1 1 1 1 1 1 1 1 1 1 1 1 1 1 1 1 1 1 1 1 1 1 1 1 1 1 1 1 1 1 1 1 1 1 1 1 1 1 1 1 1 1 1 1 1 1 1 1 1 1 1 1 1 1 1 1 1 1 1 1 1 1 1 1 1 1 1 1 1 1 1 1 1 1 1 1 1 1 1 1 1 1 1 1 1 1 1 1 1 1 1 1 1 1 1 1 1 1 1 1 1 1 1 1 1 1 1 1 1 1 1 1 1 1 1 1 1 1 1 1 1 1 1 1 1 1 1 1 1 1 1 1 1 1 1 1 1 1 1 1 1 1 1 1 1 1 1 1 1 1 1 1 1 1 1 1 1 1 1 1 1 1 1 1 1 1 1 1 1 1 1 1 1 1 1 1 1 1 1 1 1 1 1 1 1 1 1 1 1 1 1 1 1 1 1 1 1 1 1 1 1 1 1 1 1 1 1 1 1 1 1 1 1 1 1 1 1 1 1 1 1 1 1 1 1 1 1 1 1 1 1 1 1 1 1 1 1 1 1 1 1 1 1 1 1 1 1 1 1 1 1 1 1 1 1 1 1 1 1 1 1 1 1 1 1 1 1 1 1 1 1 1 1 1 1 1 1 1 1 1 1 1 1 1 1 1 1 1 1 1 1 1 1 1 1 1 1 1 1 1 1 1 1 1 1 1 1 1 1 1 1 1 1 1 1 1 1 1 1 1 1 1 1 1 1 1 1 1 1 1 1 1 1 1 1 1 1 1 1 1 1 1 1 1 1 1 1 1 1 1 1 1 1 1 1 1 1 1 1 1 1 1 1 1 1 1 1 1 1 1 1 1 1 1 1 1 1 1 1 1 1 1 1 1 1 1 1 1 1 1 1 1 1 1 1 1 1 1 1 1 1 1 1 1 1 1 1 1 1 1 1 1 1 1 1 1 1 1 1 1 1 1 1 1 1 1 1 1 1 1 1 1 1 1 1 1 1 1 1 1 1 1 1 1 1 1 1 1 1 1 1 1 1 1 1 1 1 1 1 1 1 1 1 1 1 1 1 1 1 1 1 1 1 1 1 1 1 1 1 1 1 1 1 1 1 1 1 1 1 1 1 1 1 1 1 1 1 1 1 1 1 1 1 1 1 1 1 1 1 1 1 1 1 1 1 1 1 1 1 1 1 1 1 1 1 1 1 1 1 1 1 1 1 1 1 1 1 1 1 1 1 1 1 1 1 1 1 1 1 1 1 1 1 1 1 1 1 1 1 1 1 1 1 1 1 1 1 1 1 1 1 1 1 1 1 1 1 1 1 1 1 1 1 1 1 1 1 1 1 1 1 1 1 1 1 1 1 1 1 1 1 1 1 1 1 1 1 1 1 1 1 1 1 1 1 1 1 1 1 1 1 1 1 1 1 1 1 1 1 1 1 1 1 1 1 1 1 1 1 1 1 1 1 1 1 1 1 1 1 1 1 1 1 1 1 1 1 1 1 1 1 1 1 1 1 1 1 1 1 1 1 1 1 1 1 1 1 1 1 1 1 1 1 1 1 1 1 1 1 1 1 1 1 1 1 1 1 1 1 1 1 1 1 1 1 1 1 1 1 1 1 1 1 1 1 1 1 1 1 1 1 1 1 1 1 1 1 1 1 1 1 1 1 1 1 1 1 1 1 1 1 1 1 1 1 1 1 1 1 1 1 1 1 1 1 1 1 1 1 1 1 1 1 1 1 1 1 1 1 1 1 1 1 1 1 1 1 1 1 1 1 1 1 1 1 1 1 1 1 1 1 1 1 1 1 1 1 1 1 1 1 1 1 1 1 1 1 1 1 1 1 1 1 1 1 1 1 1 1 1 1 1 1 1 1 1 1 1 1 1 1 1 1 1 1 1 1 1 1 1 1 1 1 1 1 1 1 1 1 1 1 1 1 1 1 1 1 1 1 1 1 1 1 1 1 1 1 1 1 1 1 1 1 1 1 1 1 1 1 1 1 1 1 1 1 1 1 1 1 1 1 1 1 1 1 1 1 1 1 1 1 1 1 1 1 1 1 1 1 1 1 1 1 1 1 1 1 1 1 1 1 1 1 1 1 1 1 1 1 1 1 1 1 1 1 1 1 1 1 1 1 1 1 1 1 1 1 1 1 1 1 1 1 1 1 1 1 1 1 1 1 1 1 1 1 1 1 1 1 1 1 1 1 1 1 1 1 1 1 1 1 1 1 1 1 1 1 1 1 1 1 1 1 1 1 1 1 1 1 1 1 1 1 1 1 1 1 1 1 1 1 1 1 1 1 1 1 1 1 1 1 1 1 1 1 1 1 1 1 1 1 1 1 1 1 1 1 1 1 1 1 1 1 1 1 1 1 1 1 1 1 1 1 1 1 1 1 1 1 1 1 1 1 1 1 1 1 1 1 1 1 1 1 1 1 1 1 1 1 1 1 1 1 1 1 1 1 1 1 1 1 1 1 1 1 1 1 1 1 1 1 1 1 1 1 1 1 1 1 1 1 1 1 1 1 1 1 1 1 1 1 1 1 1 1 1 1 1 1 1 1 1 1 1 1 1 1 1 1 1 1 1 1 1 1 1 1 1 1 1 1 1 1 1 1 1 1 1 1 1 1 1 1 1 1 1 1 1 1 1 1 1 1 1 1 1 1 1 1 1 1 1 1 1 1 1 1 1 1 1 1 1 1 1 1 1 1 1 1 1 1 1 1 1 1 1 1 1 1 1 1 1 1 1 1 1 1 1 1 1 1 1 1 1 1 1 1 1 1 1 1 1 1 1 1 1 1 1 1 1 1 1 1 1 1 1 1 1 1 1 1 1 1 1 1 1 1 1 1 1 1 1 1 1 1 1 1 1 1 1 1 1 1 1 1 1 1 1 1 1 1 1 1 1 1 1 1 1 1 1 1 1 1 1 1 1 1 1 1 1 1 1 1 1 1 1 1 1 1 1 1 1 1 1 1 1 1 1 1 1 1 1 1 1 1 1 1 1 1 1 1 1 1 1 1 1 1 1 1 1 1 1 1 1 1 1 1 1 1 1 1 1 1 1 1 1 1 1 1 1 1 1 1 1 1 1 1 1 1 1 1 1 1 1 1 1 1 1 1 1 1 1 1 1 1 1 1 1 1 1 1 1 1 1 1 1 1 1 1 1 1 1 1 1 1 1 1 1 1 1 1 1 1 1 1 1 1 1 1 1 1 1 1 1 1 1 1 1 1 1 1 1 1 1 1 1 1 1 1 1 1 1 1 1 1 1 1 1 1 1 1 1 1 1 1 1 1 1 1 1 1 1 1 1 1 1 1 1 1 1 1 1 1 1 1 1 1 1 1 1 1 1 1 1 1 1 1 1 1 1 1 1 1 1 1 1 1 1 1 1 1 1 1 1 1 1 1 1 1 1 1 1 1 1 1 1 1 1 1 1 1 1 1 1 1 1 1 1 1 1 1 1 1 1 1 1 1 1 1 1 1 1 1 1 1 1 1 1 1 1 1 1 1 1 1 1 1 1 1 1 1 1 1 1 1 1 1 1 1 1 1 1 1 1 1 1 1 1 1 1 1 1 1 1 1 1 1 1 1 1 1 1 1 1 1 1 1 1 1 1 1 1 1 1 1 1 1 1 1 1 1 1 1 1 1 1 1 1 1 1 1 1 1 1 1 1 1 1 1 1 1 1 1 1 1 1 1 1 1 1 1 1 1 1 1 1 1 1 1 1 1 1 1 1 1 1 1 1 1 1 1 1 1 1 1 1 1 1 1 1 1 1 1 1 1 1 1 1 1 1 1 1 1 1 1 1 1 1 1 1 1 1 1 1 1 1 1 1 1 1 1 1 1 1 1 1 1 1 1 1 1 1 1 1 1 1 1 1 1 1 1 1 1 1 1 1 1 1 1 1 1 1 1 1 1 1 1 1 1 1 1 1 1 1 1 1 1 1 1 1 1 1 1 1 1 1 1 1 1 1 1 1 1 1 1 1 1 1 1 1 1 1 1 1 1 1 1 1 1 1 1 1 1 1 1 1 1 1 1 1 1 1 1 1 1 1 1 1 1 1 1 1 1 1 1 1 1 1 1 1 1 1 1 1 1 1 1 1 1 1 1 1 1 1 1 1 1 1 1 1 1 1 1 1 1 1 1 1 1 1 1 1 1 1 1 1 1 1 1 1 1 1 1 1 1 1 1 1 1 1 1 1 1 1 1 1 1 1 1 1 1 1 1 1 1 1 1 1 1 1 1 1 1 1 1 1 1 1 1 1 1 1 1 1 1 1 1 1 1 1 1 1 1 1 1 1 1 1 1 1 1 1 1 1 1 1 1 1 1 1 1 1 1 1 1 1 1 1 1 1 1 1 1 1 1 1 1 1 1 1 1 1 1 1 1 1 1 1 1 1 1 1 1 1 1 1 1 1 1 1 1 1 1 1 1 1 1 1 1 1 1 1 1 1 1 1 1 1 1 1 1 1 1 1 1 1 1 1 1 1 1 1 1 1 1 1 1 1 1 1 1 1 1 1 1 1 1 1 1 1 1 1 1 1 1 1 1 1 1 1 1 1 1 1 1 1 1 1 1 1 1 1 1 1 1 1 1 1 1 1 1 1 1 1 1 1 1 1 1 1 1 1 1 1 1 1 1 1 1 1 1 1 1 1 1 1 1 1 1 1 1 1 1 1 1 1 1 1 1 1 1 1 1 1 1 1 1 1 1 1 1 1 1 1 1 1 1 1 1 1 1 1 1 1 1 1 1 1 1 1 1 1 1 1 1 1 1 1 1 1 1 1 1 1 1 1 1 1 1 1 1 1 1 1 1 1 1 1 1 1 1 1 1 1 1 1 1 1 1 1 1 1 1 1 1 1 1 1 1 1 1 1 1 1 1 1 1 1 1 1 1 1 1 1 1 1 1 1 1 1 1 1 1 1 1 1 1 1 1 1 1 1 1 1 1 1 1 1 1 1 1 1 1 1 1 1 1 1 1 1 1 1 1 1 1 1 1 1 1 1 1 1 1 1 1 1 1 1 1 1 1 1 1 1 1 1 1 1 1 1 1 1 1 1 1 1 1 1 1 1 1 1 1 1 1 1 1 1 1 1 1 1 1 1 1 1 1 1 1 1 1 1 1 1 1 1 1 1 1 1 1 1 1 1 1 1 1 1 1 1 1 1 1 1 1 1 1 1 1 1 1 1 1 1 1 1 1 1 1 1 1 1 1 1 1 1 1 1 1 1 1 1 1 1 1 1 1 1 1 1 1 1 1 1 1 1 1 1 1 1 1 1 1 1 1 1 1 1 1 1 1 1 1 1 1 1 1 1 1 1 1 1 1 1 1 1 1 1 1 1 1 1 1 1 1 1 1 1 1 1 1 1 1 1 1 1 1 1 1 1 1 1 1 1 1 1 1 1 1 1 1 1 1 1 1 1 1 1 1 1 1 1 1 1 1 1 1 1 1 1 1 1 1 1 1 1 1 1 1 1 1 1 1 1 1 1 1 1 1 1 1 1 1 1 1 1 1 1 1 1 1 1 1 1 1 1 1 1 1 1 1 1 1 1 1 1 1 1 1 1 1 1 1 1 1 1 1 1 1 1 1 1 1 1 1 1 1 1 1 1 1 1 1 1 1 1 1 1 1 1 1 1 1 1 1 1 1 1 1 1 1 1 1 1 1 1 1 1 1 1 1 1 1 1 1 1 1 1 1 1 1 1 1 1 1 1 1 1 1 1 1 1 1 1 1 1 1 1 1 1 1 1 1 1 1 1 1 1 1 1 1 1 1 1 1 1 1 1 1 1 1 1 1 1 1 1 1 1 1 1 1 1 1 1 1 1 1 1 1 1 1 1 1 1 1 1 1 1 1 1 1 1 1 1 1 1 1 1 1 1 1 1 1 1 1 1 1 1 1 1 1 1 1 1 1 1 1 1 1 1 1 1 1 1 1 1 1 1 1 1 1 1 1 1 1 1 1 1 1 1 1 1 1 1 1 1 1 1 1 1 1 1 1 1 1 1 1 1 1 1 1 1 1 1 1 1 1 1 1 1 1 1 1 1 1 1 1 1 1 1 1 1 1 1 1 1 1 1 1 1 1 1 1 1 1 1 1 1 1 1 1 1 1 1 1 1 1 1 1 1 1 1 1 1 1 1 1 1 1 1 1 1 1 1 1 1 1 1 1 1 1 1 1 1 1 1 1 1 1 1 1 1 1 1 1 1 1 1 1 1 1 1 1 1 1 1 1 1 1 1 1 1 1 1 1 1 1 1 1 1 1 1 1 1 1 1 1 1 1 1 1 1 1 1 1 1 1 1 1 1 1 1 1 1 1 1 1 1 1 1 1 1 1 1 1 1 1 1 1 1 1 1 1 1 1 1 1 1 1 1 1 1 1 1 1 1 1 1 1 1 1 1 1 1 1 1 1 1 1 1 1 1 1 1 1 1 1 1 1 1 1 1 1 1 1 1 1 1 1 1 1 1 1 1 1 1 1 1 1 1 1 1 1 1 1 1 1 1 1 1 1 1 1 1 1 1 1 1 1 1 1 1 1 1 1 1 1 1 1 1 1 1 1 1 1 1 1 1 1 1 1 1 1 1 1 1 1 1 1 1 1 1 1 1 1 1 1 1 1 1 1 1 1 1 1 1 1 1 1 1 1 1 1 1 1 1 1 1 1 1 1 1 1 1 1 1 1 1 1 1 1 1 1 1 1 1 1 1 1 1 1 1 1 1 1 1 1 1 1 1 1 1 1 1 1 1 1 1 1 1 1 1 1 1 1 1 1 1 1 1 1 1 1 1 1 1 1 1 1 1 1 1 1 1 1 1 1 1 1 1 1 1 1 1 1 1 1 1 1 1 1 1 1 1 1 1 1 1 1 1 1 1 1 1 1 1 1 1 1 1 1 1 1 1 1 1 1 1 1 1 1 1 1 1 1 1 1 1 1 1 1 1 1 1 1 1 1 1 1 1 1 1 1 1 1 1 1 1 1 1 1 1 1 1 1 1 1 1 1 1 1 1 1 1 1 1 1 1 1 1 1 1 1 1 1 1 1 1 1 1 1 1 1 1 1 1 1 1 1 1 1 1 1 1 1 1 1 1 1 1 1 1 1 1 1 1 1 1 1 1 1 1 1 1 1 1 1 1 1 1 1 1 1 1 1 1 1 1 1 1 1 1 1 1 1 1 1 1 1 1 1 1 1 1 1 1 1 1 1 1 1 1 1 1 1 1 1 1 1 1 1 1 1 1 1 1 1 1 1 1 1 1 1 1 1 1 1 1 1 1 1 1 1 1 1 1 1 1 1 1 1 1 1 1 1 1 1 1 1 1 1 1 1 1 1 1 1 1 1 1 1 1 1 1 1 1 1 1 1 1 1 1 1 1 1 1 1 1 1 1 1 1 1 1 1 1 1 1 1 1 1 1 1 1 1 1 1 1 1 1 1 1 1 1 1 1 1 1 1 1 1 1 1 1 1 1 1 1 1 1 1 1 1 1 1 1 1 1 1 1 1 1 1 1 1 1 1 1 1 1 1 1 1 1 1 1 1 1 1 1 1 1 1 1 1 1 1 1 1 1 1 1 1 1 1 1 1 1 1 1 1 1 1 1 1 1 1 1 1 1 1 1 1 1 1 1 1 1 1 1 1 1 1 1 1 1 1 1 1 1 1 1 1 1 1 1 1 1 1 1 1 1 1 1 1 1 1 1 1 1 1 1 1 1 1 1 1 1 1 1 1 1 1 1 1 1 1 1 1 1 1 1 1 1 1 1 1 1 1 1 1 1 1 1 1 1 1 1 1 1 1 1 1 1 1 1 1 1 1 1 1 1 1 1 1 1 1 1 1 1 1 1 1 1 1 1 1 1 1 1 1 1 1 1 1 1 1 1 1 1 1 1 1 1 1 1 1 1 1 1 1 1 1 1 1 1 1 1 1 1 1 1 1 1 1 1 1 1 1 1 1 1 1 1 1 1 1 1 1 1 1 1 1 1 1 1 1 1 1 1 1 1 1 1 1 1 1 1 1 1 1 1 1 1 1 1 1 1 1 1 1 1 1 1 1 1 1 1 1 1 1 1 1 1 1 1 1 1 1 1 1 1 1 1 1 1 1 1 1 1 1 1 1 1 1 1 1 1 1 1 1 1 1 1 1 1 1 1 1 1 1 1 1 1 1 1 1 1 1 1 1 1 1 1 1 1 1 1 1 1 1 1 1 1 1 1 1 1 1 1 1 1 1 1 1 1 1 1 1 1 1 1 1 1 1 1 1 1 1 1 1 1 1 1 1 1 1 1 1 1 1 1 1 1 1 1 1 1 1 1 1 1 1 1 1 1 1 1 1 1 1 1 1 1 1 1 1 1 1 1 1 1 1 1 1 1 1 1 1 1 1 1 1 1 1 1 1 1 1 1 1 1 1 1 1 1 1 1 1 1 1 1 1 1 1 1 1 1 1 1 1 1 1 1 1 1 1 1 1 1 1 1 1 1 1 1 1 1 1 1 1 1 1 1 1 1 1 1 1 1 1 1 1 1 1 1 1 1 1 1 1 1 1 1 1 1 1 1 1 1 1 1 1 1 1 1 1 1 1 1 1 1 1 1 1 1 1 1 1 1 1 1 1 1 1 1 1 1 1 1 1 1 1 1 1 1 1 1 1 1 1 1 1 1 1 1 1 1 1 1 1 1 1 1 1 1 1 1 1 1 1 1 1 1 1 1 1 1 1 1 1 1 1 1 1 1 1 1 1 1 1 1 1 1 1 1 1 1 1 1 1 1 1 1 1 1 1 1 1 1 1 1 1 1 1 1 1 1 1 1 1 1 1 1 1 1 1 1 1 1 1 1 1 1 1 1 1 1 1 1 1 1 1 1 1 1 1 1 1 1 1 1 1 1 1 1 1 1 1 1 1 1 1 1 1 1 1 1 1 1 1 1 1 1 1 1 1 1 1 1 1 1 1 1 1 1 1 1 1 1 1 1 1 1 1 1 1 1 1 1 1 1 1 1 1 1 1 1 1 1 1 1 1 1 1 1 1 1 1 1 1 1 1 1 1 1 1 1 1 1 1 1 1 1 1 1 1 1 1 1 1 1 1 1 1 1 1 1 1 1 1 1 1 1 1 1 1 1 1 1 1 1 1 1 1 1 1 1 1 1 1 1 1 1 1 1 1 1 1 1 1 1 1 1 1 1 1 1 1 1 1 1 1 1 1 1 1 1 1 1 1 1 1 1 1 1 1 1 1 1 1 1 1 1 1 1 1 1 1 1 1 1 1 1 1 1 1 1 1 1 1 1 1 1 1 1 1 1 1 1 1 1 1 1 1 1 1 1 1 1 1 1 1 1 1 1 1 1 1 1 1 1 1 1 1 1 1 1 1 1 1 1 1 1 1 1 1 1 1 1 1 1 1 1 1 1 1 1 1 1 1 1 1 1 1 1 1 1 1 1 1 1 1 1 1 1 1 1 1 1 1 1 1 1 1 1 1 1 1 1 1 1 1 1 1 1 1 1 1 1 1 1 1 1 1 1 1 1 1 1 1 1 1 1 1 1 1 1 1 1 1 1 1 1 1 1 1 1 1 1 1 1 1 1 1 1 1 1 1 1 1 1 1 1 1 1 1 1 1 1 1 1 1 1 1 1 1 1 1 1 1 1 1 1 1 1 1 1 1 1 1 1 1 1 1 1 1 1 1 1 1 1 1 1 1 1 1 1 1 1 1 1 1 1 1 1 1 1 1 1 1 1 1 1 1 1 1 1 1 1 1 1 1 1 1 1 1 1 1 1 1 1 1 1 1 1 1 1 1 1 1 1 1 1 1 1 1 1 1 1 1 1 1 1 1 1 1 1 1 1 1 1 1 1 1 1 1 1 1 1 1 1 1 1 1 1 1 1 1 1 1 1 1 1 1 1 1 1 1 1 1 1 1 1 1 1 1 1 1 1 1 1 1 1 1 1 1 1 1 1 1 1 1 1 1 1 1 1 1 1 1 1 1 1 1 1 1 1 1 1 1 1 1 1 1 1 1 1 1 1 1 1 1 1 1 1 1 1 1 1 1 1 1 1 1 1 1 1 1 1 1 1 1 1 1 1 1 1 1 1 1 1 1 1 1 1 1 1 1 1 1 1 1 1 1 1 1 1 1 1 1 1 1 1 1 1 1 1 1 1 1 1 1 1 1 1 1 1 1 1 1 1 1 1 1 1 1 1 1 1 1 1 1 1 1 1 1 1 1 1 1 1 1 1 1 1 1 1 1 1 1 1 1 1 1 1 1 1 1 1 1 1 1 1 1 1 1 1 1 1 1 1 1 1 1 1 1 1 1 1 1 1 1 1 1 1 1 1 1 1 1 1 1 1 1 1 1 1 1 1 1 1 1 1 1 1 1 1 1 1 1 1 1 1 1 1 1 1 1 1 1 1 1 1 1 1 1 1 1 1 1 1 1 1 1 1 1 1 1 1 1 1 1 1 1 1 1 1 1 1 1 1 1 1 1 1 1 1 1 1 1 1 1 1 1 1 1 1 1 1 1 1 1 1 1 1 1 1 1 1 1 1 1 1 1 1 1 1 1 1 1 1 1 1 1 1 1 1 1 1 1 1 1 1 1 1 1 1 1 1 1 1 1 1 1 1 1 1 1 1 1 1 1 1 1 1 1 1 1 1 1 1 1 1 1 1 1 1 1 1 1 1 1 1 1 1 1 1 1 1 1 1 1 1 1 1 1 1 1 1 1 1 1 1 1 1 1 1 1 1 1 1 1 1 1 1 1 1 1 1 1 1 1 1 1 1 1 1 1 1 1 1 1 1 1 1 1 1 1 1 1 1 1 1 1 1 1 1 1 1 1 1 1 1 1 1 1 1 1 1 1 1 1 1 1 1 1 1 1 1 1 1 1 1 1 1 1 1 1 1 1 1 1 1 1 1 1 1 1 1 1 1 1 1 1 1 1 1 1 1 1 1 1 1 1 1 1 1 1 1 1 1 1 1 1 1 1 1 1 1 1 1 1 1 1 1 1 1 1 1 1 1 1 1 1 1 1 1 1 1 1 1 1 1 1 1 1 1 1 1 1 1 1 1 1 1 1 1 1 1 1 1 1 1 1 1 1 1 1 1 1 1 1 1 1 1 1 1 1 1 1 1 1 1 1 1 1 1 1 1 1 1 1 1 1 1 1 1 1 1 1 1 1 1 1 1 1 1 1 1 1 1 1 1 1 1 1 1 1 1 1 1 1 1 1 1 1 1 1 1 1 1 1 1 1 1 1 1 1 1 1 1 1 1 1 1 1 1 1 1 1 1 1 1 1 1 1 1 1 1 1 1 1 1 1 1 1 1 1 1 1 1 1 1 1 1 1 1 1 1 1 1 1 1 1 1 1 1 1 1 1 1 1 1 1 1 1 1 1 1 1 1 1 1 1 1 1 1 1 1 1 1 1 1 1 1 1 1 1 1 1 1 1 1 1 1 1 1 1 1 1 1 1 1 1 1 1 1 1 1 1 1 1 1 1 1 1 1 1 1 1 1 1 1 1 1 1 1 1 1 1 1 1 1 1 1 1 1 1 1 1 1 1 1 1 1 1 1 1 1 1 1 1 1 1 1 1 1 1 1 1 1 1 1 1 1 1 1 1 1 1 1 1 1 1 1 1 1 1 1 1 1 1 1 1 1 1 1 1 1 1 1 1 1 1 1 1 1 1 1 1 1 1 1 1 1 1 1 1 1 1 1 1 1 1 1 1 1 1 1 1 1 1 1 1 1 1 1 1 1 1 1 1 1 1 1 1 1 1 1 1 1 1 1 1 1 1 1 1 1 1 1 1 1 1 1 1 1 1 1 1 1 1 1 1 1 1 1 1 1 1 1 1 1 1 1 1 1 1 1 1 1 1 1 1 1 1 1 1 1 1 1 1 1 1 1 1 1 1 1 1 1 1 1 1 1 1 1 1 1 1 1 1 1 1 1 1 1 1 1 1 1 1 1 1 1 1 1 1 1 1 1 1 1 1 1 1 1 1 1 1 1 1 1 1 1 1 1 1 1 1 1 1 1 1 1 1 1 1 1 1 1 1 1 1 1 1 1 1 1 1 1 1 1 1 1 1 1 1 1 1 1 1 1 1 1 1 1 1 1 1 1 1 1 1 1 1 1 1 1 1 1 1 1 1 1 1 1 1 1 1 1 1 1 1 1 1 1 1 1 1 1 1 1 1 1 1 1 1 1 1 1 1 1 1 1 1 1 1 1 1 1 1 1 1 1 1 1 1 1 1 1 1 1 1 1 1 1 1 1 1 1 1 1 1 1 1 1 1 1 1 1 1 1 1 1 1 1 1 1 1 1 1 1 1 1 1 1 1 1 1 1 1 1 1 1 1 1 1 1 1 1 1 1 1 1 1 1 1 1 1 1 1 1 1 1 1 1 1 1 1 1 1 1 1 1 1 1 1 1 1 1 1 1 1 1 1 1 1 1 1 1 1 1 1 1 1 1 1 1 1 1 1 1 1 1 1 1 1 1 1 1 1 1 1 1 1 1 1 1 1 1 1 1 1 1 1 1 1 1 1 1 1 1 1 1 1 1 1 1 1 1 1 1 1 1 1 1 1 1 1 1 1 1 1 1 1 1 1 1 1 1 1 1 1 1 1 1 1 1 1 1 1 1 1 1 1 1 1 1 1 1 1 1 1 1 1 1 1 1 1 1 1 1 1 1 1 1 1 1 1 1 1 1 1 1 1 1 1 1 1 1 1 1 1 1 1 1 1 1 1 1 1 1 1 1 1 1 1 1 1 1 1 1 1 1 1 1 1 1 1 1 1 1 1 1 1 1 1 1 1 1 1 1 1 1 1 1 1 1 1 1 1 1 1 1 1 1 1 1 1 1 1 1 1 1 1 1 1 1 1 1 1 1 1 1 1 1 1 1 1 1 1 1 1 1 1 1 1 1 1 1 1 1 1 1 1 1 1 1 1 1 1 1 1 1 1 1 1 1 1 1 1 1 1 1 1 1 1 1 1 1 1 1 1 1 1 1 1 1 1 1 1 1 1 1 1 1 1 1 1 1 1 1 1 1 1 1 1 1 1 1 1 1 1 1 1 1 1 1 1 1 1 1 1 1 1 1 1 1 1 1 1 1 1 1 1 1 1 1 1 1 1 1 1 1 1 1 1 1 1 1 1 1 1 1 1 1 1 1 1 1 1 1 1 1 1 1 1 1 1 1 1 1 1 1 1 1 1 1 1 1 1 1 1 1 1 1 1 1 1 1 1 1 1 1 1 1 1 1 1 1 1 1 1 1 1 1 1 1 1 1 1 1 1 1 1 1 1 1 1 1 1 1 1 1 1 1 1 1 1 1 1 1 1 1 1 1 1 1 1 1 1 1 1 1 1 1 1 1 1 1 1 1 1 1 1 1 1 1 1 1 1 1 1 1 1 1 1 1 1 1 1 1 1 1 1 1 1 1 1 1 1 1 1 1 1 1 1 1 1 1 1 1 1 1 1 1 1 1 1 1 1 1 1 1 1 1 1 1 1 1 1 1 1 1 1 1 1 1 1 1 1 1 1 1 1 1 1 1 1 1 1 1 1 1 1 1 1 1 1 1 1 1 1 1 1 1 1 1 1 1 1 1 1 1 1 1 1 1 1 1 1 1 1 1 1 1 1 1 1 1 1 1 1 1 1 1 1 1 1 1 1 1 1 1 1 1 1 1 1 1 1 1 1 1 1 1 1 1 1 1 1 1 1 1 1 1 1 1 1 1 1 1 1 1 1 1 1 1 1 1 1 1 1 1 1 1 1 1 1 1 1 1 1 1 1 1 1 1 1 1 1 1 1 1 1 1 1 1 1 1 1 1 1 1 1 1 1 1 1 1 1 1 1 1 1 1 1 1 1 1 1 1 1 1 1 1 1 1 1 1 1 1 1 1 1 1 1 1 1 1 1 1 1 1 1 1 1 1 1 1 1 1 1 1 1 1 1 1 1 1 1 1 1 1 1 1 1 1 1 1 1 1 1 1 1 1 1 1 1 1 1 1 1 1 1 1 1 1 1 1 1 1 1 1 1 1 1 1 1 1 1 1 1 1 1 1 1 1 1 1 1 1 1 1 1 1 1 1 1 1 1 1 1 1 1 1 1 1 1 1 1 1 1 1 1 1 1 1 1 1 1 1 1 1 1 1 1 1 1 1 1 1 1 1 1 1 1 1 1 1 1 1 1 1 1 1 1 1 1 1 1 1 1 1 1 1 1 1 1 1 1 1 1 1 1 1 1 1 1 1 1 1 1 1 1 1 1 1 1 1 1 1 1 1 1 1 1 1 1 1 1 1 1 1 1 1 1 1 1 1 1 1 1 1 1 1 1 1 1 1 1 1 1 1 1 1 1 1 1 1 1 1 1 1 1 1 1 1 1 1 1 1 1 1 1 1 1 1 1 1 1 1 1 1 1 1 1 1 1 1 1 1 1 1 1 1 1 1 1 1 1 1 1 1 1 1 1 1 1 1 1 1 1 1 1 1 1 1 1 1 1 1 1 1 1 1 1 1 1 1 1 1 1 1 1 1 1 1 1 1 1 1 1 1 1 1 1 1 1 1 1 1 1 1 1 1 1 1 1 1 1 1 1 1 1 1 1 1 1 1 1 1 1 1 1 1 1 1 1 1 1 1 1 1 1 1 1 1 1 1 1 1 1 1 1 1 1 1 1 1 1 1 1 1 1 1 1 1 1 1 1 1 1 1 1 1 1 1 1 1 1 1 1 1 1 1 1 1 1 1 1 1 1 1 1 1 1 1 1 1 1 1 1 1 1 1 1 1 1 1 1 1 1 1 1 1 1 1 1 1 1 1 1 1 1 1 1 1 1 1 1 1 1 1 1 1 1 1 1 1 1 1 1 1 1 1 1 1 1 1 1 1 1 1 1 1 1 1 1 1 1 1 1 1 1 1 1 1 1 1 1 1 1 1 1 1 1 1 1 1 1 1 1 1 1 1 1 1 1 1 1 1 1 1 1 1 1 1 1 1 1 1 1 1 1 1 1 1 1 1 1 1 1 1 1 1 1 1 1 1 1</float_array>
          <technique_common>
            <accessor source="#geom-Clt_JKT023__M_JKT023-map-2-array" count="2783" stride="3">
              <param name="R" type="float"/>
              <param name="G" type="float"/>
              <param name="B" type="float"/>
            </accessor>
          </technique_common>
        </source>
        <source id="geom-Clt_JKT023__M_JKT023-map0">
          <float_array id="geom-Clt_JKT023__M_JKT023-map0-array" count="8349">1 1 1 1 1 1 1 1 1 1 1 1 1 1 1 1 1 1 1 1 1 1 1 1 1 1 1 1 1 1 1 1 1 1 1 1 1 1 1 1 1 1 1 1 1 1 1 1 1 1 1 1 1 1 1 1 1 1 1 1 1 1 1 1 1 1 1 1 1 1 1 1 1 1 1 1 1 1 1 1 1 1 1 1 1 1 1 1 1 1 1 1 1 1 1 1 1 1 1 1 1 1 1 1 1 1 1 1 1 1 1 1 1 1 1 1 1 1 1 1 1 1 1 1 1 1 1 1 1 1 1 1 1 1 1 1 1 1 1 1 1 1 1 1 1 1 1 1 1 1 1 1 1 1 1 1 1 1 1 1 1 1 1 1 1 1 1 1 1 1 1 1 1 1 1 1 1 1 1 1 1 1 1 1 1 1 1 1 1 1 1 1 1 1 1 1 1 1 1 1 1 1 1 1 1 1 1 1 1 1 1 1 1 1 1 1 1 1 1 1 1 1 1 1 1 1 1 1 1 1 1 1 1 1 1 1 1 1 1 1 1 1 1 1 1 1 1 1 1 1 1 1 1 1 1 1 1 1 1 1 1 1 1 1 1 1 1 1 1 1 1 1 1 1 1 1 1 1 1 1 1 1 1 1 1 1 1 1 1 1 1 1 1 1 1 1 1 1 1 1 1 1 1 1 1 1 1 1 1 1 1 1 1 1 1 1 1 1 1 1 1 1 1 1 1 1 1 1 1 1 1 1 1 1 1 1 1 1 1 1 1 1 1 1 1 1 1 1 1 1 1 1 1 1 1 1 1 1 1 1 1 1 1 1 1 1 1 1 1 1 1 1 1 1 1 1 1 1 1 1 1 1 1 1 1 1 1 1 1 1 1 1 1 1 1 1 1 1 1 1 1 1 1 1 1 1 1 1 1 1 1 1 1 1 1 1 1 1 1 1 1 1 1 1 1 1 1 1 1 1 1 1 1 1 1 1 1 1 1 1 1 1 1 1 1 1 1 1 1 1 1 1 1 1 1 1 1 1 1 1 1 1 1 1 1 1 1 1 1 1 1 1 1 1 1 1 1 1 1 1 1 1 1 1 1 1 1 1 1 1 1 1 1 1 1 1 1 1 1 1 1 1 1 1 1 1 1 1 1 1 1 1 1 1 1 1 1 1 1 1 1 1 1 1 1 1 1 1 1 1 1 1 1 1 1 1 1 1 1 1 1 1 1 1 1 1 1 1 1 1 1 1 1 1 1 1 1 1 1 1 1 1 1 1 1 1 1 1 1 1 1 1 1 1 1 1 1 1 1 1 1 1 1 1 1 1 1 1 1 1 1 1 1 1 1 1 1 1 1 1 1 1 1 1 1 1 1 1 1 1 1 1 1 1 1 1 1 1 1 1 1 1 1 1 1 1 1 1 1 1 1 1 1 1 1 1 1 1 1 1 1 1 1 1 1 1 1 1 1 1 1 1 1 1 1 1 1 1 1 1 1 1 1 1 1 1 1 1 1 1 1 1 1 1 1 1 1 1 1 1 1 1 1 1 1 1 1 1 1 1 1 1 1 1 1 1 1 1 1 1 1 1 1 1 1 1 1 1 1 1 1 1 1 1 1 1 1 1 1 1 1 1 1 1 1 1 1 1 1 1 1 1 1 1 1 1 1 1 1 1 1 1 1 1 1 1 1 1 1 1 1 1 1 1 1 1 1 1 1 1 1 1 1 1 1 1 1 1 1 1 1 1 1 1 1 1 1 1 1 1 1 1 1 1 1 1 1 1 1 1 1 1 1 1 1 1 1 1 1 1 1 1 1 1 1 1 1 1 1 1 1 1 1 1 1 1 1 1 1 1 1 1 1 1 1 1 1 1 1 1 1 1 1 1 1 1 1 1 1 1 1 1 1 1 1 1 1 1 1 1 1 1 1 1 1 1 1 1 1 1 1 1 1 1 1 1 1 1 1 1 1 1 1 1 1 1 1 1 1 1 1 1 1 1 1 1 1 1 1 1 1 1 1 1 1 1 1 1 1 1 1 1 1 1 1 1 1 1 1 1 1 1 1 1 1 1 1 1 1 1 1 1 1 1 1 1 1 1 1 1 1 1 1 1 1 1 1 1 1 1 1 1 1 1 1 1 1 1 1 1 1 1 1 1 1 1 1 1 1 1 1 1 1 1 1 1 1 1 1 1 1 1 1 1 1 1 1 1 1 1 1 1 1 1 1 1 1 1 1 1 1 1 1 1 1 1 1 1 1 1 1 1 1 1 1 1 1 1 1 1 1 1 1 1 1 1 1 1 1 1 1 1 1 1 1 1 1 1 1 1 1 1 1 1 1 1 1 1 1 1 1 1 1 1 1 1 1 1 1 1 1 1 1 1 1 1 1 1 1 1 1 1 1 1 1 1 1 1 1 1 1 1 1 1 1 1 1 1 1 1 1 1 1 1 1 1 1 1 1 1 1 1 1 1 1 1 1 1 1 1 1 1 1 1 1 1 1 1 1 1 1 1 1 1 1 1 1 1 1 1 1 1 1 1 1 1 1 1 1 1 1 1 1 1 1 1 1 1 1 1 1 1 1 1 1 1 1 1 1 1 1 1 1 1 1 1 1 1 1 1 1 1 1 1 1 1 1 1 1 1 1 1 1 1 1 1 1 1 1 1 1 1 1 1 1 1 1 1 1 1 1 1 1 1 1 1 1 1 1 1 1 1 1 1 1 1 1 1 1 1 1 1 1 1 1 1 1 1 1 1 1 1 1 1 1 1 1 1 1 1 1 1 1 1 1 1 1 1 1 1 1 1 1 1 1 1 1 1 1 1 1 1 1 1 1 1 1 1 1 1 1 1 1 1 1 1 1 1 1 1 1 1 1 1 1 1 1 1 1 1 1 1 1 1 1 1 1 1 1 1 1 1 1 1 1 1 1 1 1 1 1 1 1 1 1 1 1 1 1 1 1 1 1 1 1 1 1 1 1 1 1 1 1 1 1 1 1 1 1 1 1 1 1 1 1 1 1 1 1 1 1 1 1 1 1 1 1 1 1 1 1 1 1 1 1 1 1 1 1 1 1 1 1 1 1 1 1 1 1 1 1 1 1 1 1 1 1 1 1 1 1 1 1 1 1 1 1 1 1 1 1 1 1 1 1 1 1 1 1 1 1 1 1 1 1 1 1 1 1 1 1 1 1 1 1 1 1 1 1 1 1 1 1 1 1 1 1 1 1 1 1 1 1 1 1 1 1 1 1 1 1 1 1 1 1 1 1 1 1 1 1 1 1 1 1 1 1 1 1 1 1 1 1 1 1 1 1 1 1 1 1 1 1 1 1 1 1 1 1 1 1 1 1 1 1 1 1 1 1 1 1 1 1 1 1 1 1 1 1 1 1 1 1 1 1 1 1 1 1 1 1 1 1 1 1 1 1 1 1 1 1 1 1 1 1 1 1 1 1 1 1 1 1 1 1 1 1 1 1 1 1 1 1 1 1 1 1 1 1 1 1 1 1 1 1 1 1 1 1 1 1 1 1 1 1 1 1 1 1 1 1 1 1 1 1 1 1 1 1 1 1 1 1 1 1 1 1 1 1 1 1 1 1 1 1 1 1 1 1 1 1 1 1 1 1 1 1 1 1 1 1 1 1 1 1 1 1 1 1 1 1 1 1 1 1 1 1 1 1 1 1 1 1 1 1 1 1 1 1 1 1 1 1 1 1 1 1 1 1 1 1 1 1 1 1 1 1 1 1 1 1 1 1 1 1 1 1 1 1 1 1 1 1 1 1 1 1 1 1 1 1 1 1 1 1 1 1 1 1 1 1 1 1 1 1 1 1 1 1 1 1 1 1 1 1 1 1 1 1 1 1 1 1 1 1 1 1 1 1 1 1 1 1 1 1 1 1 1 1 1 1 1 1 1 1 1 1 1 1 1 1 1 1 1 1 1 1 1 1 1 1 1 1 1 1 1 1 1 1 1 1 1 1 1 1 1 1 1 1 1 1 1 1 1 1 1 1 1 1 1 1 1 1 1 1 1 1 1 1 1 1 1 1 1 1 1 1 1 1 1 1 1 1 1 1 1 1 1 1 1 1 1 1 1 1 1 1 1 1 1 1 1 1 1 1 1 1 1 1 1 1 1 1 1 1 1 1 1 1 1 1 1 1 1 1 1 1 1 1 1 1 1 1 1 1 1 1 1 1 1 1 1 1 1 1 1 1 1 1 1 1 1 1 1 1 1 1 1 1 1 1 1 1 1 1 1 1 1 1 1 1 1 1 1 1 1 1 1 1 1 1 1 1 1 1 1 1 1 1 1 1 1 1 1 1 1 1 1 1 1 1 1 1 1 1 1 1 1 1 1 1 1 1 1 1 1 1 1 1 1 1 1 1 1 1 1 1 1 1 1 1 1 1 1 1 1 1 1 1 1 1 1 1 1 1 1 1 1 1 1 1 1 1 1 1 1 1 1 1 1 1 1 1 1 1 1 1 1 1 1 1 1 1 1 1 1 1 1 1 1 1 1 1 1 1 1 1 1 1 1 1 1 1 1 1 1 1 1 1 1 1 1 1 1 1 1 1 1 1 1 1 1 1 1 1 1 1 1 1 1 1 1 1 1 1 1 1 1 1 1 1 1 1 1 1 1 1 1 1 1 1 1 1 1 1 1 1 1 1 1 1 1 1 1 1 1 1 1 1 1 1 1 1 1 1 1 1 1 1 1 1 1 1 1 1 1 1 1 1 1 1 1 1 1 1 1 1 1 1 1 1 1 1 1 1 1 1 1 1 1 1 1 1 1 1 1 1 1 1 1 1 1 1 1 1 1 1 1 1 1 1 1 1 1 1 1 1 1 1 1 1 1 1 1 1 1 1 1 1 1 1 1 1 1 1 1 1 1 1 1 1 1 1 1 1 1 1 1 1 1 1 1 1 1 1 1 1 1 1 1 1 1 1 1 1 1 1 1 1 1 1 1 1 1 1 1 1 1 1 1 1 1 1 1 1 1 1 1 1 1 1 1 1 1 1 1 1 1 1 1 1 1 1 1 1 1 1 1 1 1 1 1 1 1 1 1 1 1 1 1 1 1 1 1 1 1 1 1 1 1 1 1 1 1 1 1 1 1 1 1 1 1 1 1 1 1 1 1 1 1 1 1 1 1 1 1 1 1 1 1 1 1 1 1 1 1 1 1 1 1 1 1 1 1 1 1 1 1 1 1 1 1 1 1 1 1 1 1 1 1 1 1 1 1 1 1 1 1 1 1 1 1 1 1 1 1 1 1 1 1 1 1 1 1 1 1 1 1 1 1 1 1 1 1 1 1 1 1 1 1 1 1 1 1 1 1 1 1 1 1 1 1 1 1 1 1 1 1 1 1 1 1 1 1 1 1 1 1 1 1 1 1 1 1 1 1 1 1 1 1 1 1 1 1 1 1 1 1 1 1 1 1 1 1 1 1 1 1 1 1 1 1 1 1 1 1 1 1 1 1 1 1 1 1 1 1 1 1 1 1 1 1 1 1 1 1 1 1 1 1 1 1 1 1 1 1 1 1 1 1 1 1 1 1 1 1 1 1 1 1 1 1 1 1 1 1 1 1 1 1 1 1 1 1 1 1 1 1 1 1 1 1 1 1 1 1 1 1 1 1 1 1 1 1 1 1 1 1 1 1 1 1 1 1 1 1 1 1 1 1 1 1 1 1 1 1 1 1 1 1 1 1 1 1 1 1 1 1 1 1 1 1 1 1 1 1 1 1 1 1 1 1 1 1 1 1 1 1 1 1 1 1 1 1 1 1 1 1 1 1 1 1 1 1 1 1 1 1 1 1 1 1 1 1 1 1 1 1 1 1 1 1 1 1 1 1 1 1 1 1 1 1 1 1 1 1 1 1 1 1 1 1 1 1 1 1 1 1 1 1 1 1 1 1 1 1 1 1 1 1 1 1 1 1 1 1 1 1 1 1 1 1 1 1 1 1 1 1 1 1 1 1 1 1 1 1 1 1 1 1 1 1 1 1 1 1 1 1 1 1 1 1 1 1 1 1 1 1 1 1 1 1 1 1 1 1 1 1 1 1 1 1 1 1 1 1 1 1 1 1 1 1 1 1 1 1 1 1 1 1 1 1 1 1 1 1 1 1 1 1 1 1 1 1 1 1 1 1 1 1 1 1 1 1 1 1 1 1 1 1 1 1 1 1 1 1 1 1 1 1 1 1 1 1 1 1 1 1 1 1 1 1 1 1 1 1 1 1 1 1 1 1 1 1 1 1 1 1 1 1 1 1 1 1 1 1 1 1 1 1 1 1 1 1 1 1 1 1 1 1 1 1 1 1 1 1 1 1 1 1 1 1 1 1 1 1 1 1 1 1 1 1 1 1 1 1 1 1 1 1 1 1 1 1 1 1 1 1 1 1 1 1 1 1 1 1 1 1 1 1 1 1 1 1 1 1 1 1 1 1 1 1 1 1 1 1 1 1 1 1 1 1 1 1 1 1 1 1 1 1 1 1 1 1 1 1 1 1 1 1 1 1 1 1 1 1 1 1 1 1 1 1 1 1 1 1 1 1 1 1 1 1 1 1 1 1 1 1 1 1 1 1 1 1 1 1 1 1 1 1 1 1 1 1 1 1 1 1 1 1 1 1 1 1 1 1 1 1 1 1 1 1 1 1 1 1 1 1 1 1 1 1 1 1 1 1 1 1 1 1 1 1 1 1 1 1 1 1 1 1 1 1 1 1 1 1 1 1 1 1 1 1 1 1 1 1 1 1 1 1 1 1 1 1 1 1 1 1 1 1 1 1 1 1 1 1 1 1 1 1 1 1 1 1 1 1 1 1 1 1 1 1 1 1 1 1 1 1 1 1 1 1 1 1 1 1 1 1 1 1 1 1 1 1 1 1 1 1 1 1 1 1 1 1 1 1 1 1 1 1 1 1 1 1 1 1 1 1 1 1 1 1 1 1 1 1 1 1 1 1 1 1 1 1 1 1 1 1 1 1 1 1 1 1 1 1 1 1 1 1 1 1 1 1 1 1 1 1 1 1 1 1 1 1 1 1 1 1 1 1 1 1 1 1 1 1 1 1 1 1 1 1 1 1 1 1 1 1 1 1 1 1 1 1 1 1 1 1 1 1 1 1 1 1 1 1 1 1 1 1 1 1 1 1 1 1 1 1 1 1 1 1 1 1 1 1 1 1 1 1 1 1 1 1 1 1 1 1 1 1 1 1 1 1 1 1 1 1 1 1 1 1 1 1 1 1 1 1 1 1 1 1 1 1 1 1 1 1 1 1 1 1 1 1 1 1 1 1 1 1 1 1 1 1 1 1 1 1 1 1 1 1 1 1 1 1 1 1 1 1 1 1 1 1 1 1 1 1 1 1 1 1 1 1 1 1 1 1 1 1 1 1 1 1 1 1 1 1 1 1 1 1 1 1 1 1 1 1 1 1 1 1 1 1 1 1 1 1 1 1 1 1 1 1 1 1 1 1 1 1 1 1 1 1 1 1 1 1 1 1 1 1 1 1 1 1 1 1 1 1 1 1 1 1 1 1 1 1 1 1 1 1 1 1 1 1 1 1 1 1 1 1 1 1 1 1 1 1 1 1 1 1 1 1 1 1 1 1 1 1 1 1 1 1 1 1 1 1 1 1 1 1 1 1 1 1 1 1 1 1 1 1 1 1 1 1 1 1 1 1 1 1 1 1 1 1 1 1 1 1 1 1 1 1 1 1 1 1 1 1 1 1 1 1 1 1 1 1 1 1 1 1 1 1 1 1 1 1 1 1 1 1 1 1 1 1 1 1 1 1 1 1 1 1 1 1 1 1 1 1 1 1 1 1 1 1 1 1 1 1 1 1 1 1 1 1 1 1 1 1 1 1 1 1 1 1 1 1 1 1 1 1 1 1 1 1 1 1 1 1 1 1 1 1 1 1 1 1 1 1 1 1 1 1 1 1 1 1 1 1 1 1 1 1 1 1 1 1 1 1 1 1 1 1 1 1 1 1 1 1 1 1 1 1 1 1 1 1 1 1 1 1 1 1 1 1 1 1 1 1 1 1 1 1 1 1 1 1 1 1 1 1 1 1 1 1 1 1 1 1 1 1 1 1 1 1 1 1 1 1 1 1 1 1 1 1 1 1 1 1 1 1 1 1 1 1 1 1 1 1 1 1 1 1 1 1 1 1 1 1 1 1 1 1 1 1 1 1 1 1 1 1 1 1 1 1 1 1 1 1 1 1 1 1 1 1 1 1 1 1 1 1 1 1 1 1 1 1 1 1 1 1 1 1 1 1 1 1 1 1 1 1 1 1 1 1 1 1 1 1 1 1 1 1 1 1 1 1 1 1 1 1 1 1 1 1 1 1 1 1 1 1 1 1 1 1 1 1 1 1 1 1 1 1 1 1 1 1 1 1 1 1 1 1 1 1 1 1 1 1 1 1 1 1 1 1 1 1 1 1 1 1 1 1 1 1 1 1 1 1 1 1 1 1 1 1 1 1 1 1 1 1 1 1 1 1 1 1 1 1 1 1 1 1 1 1 1 1 1 1 1 1 1 1 1 1 1 1 1 1 1 1 1 1 1 1 1 1 1 1 1 1 1 1 1 1 1 1 1 1 1 1 1 1 1 1 1 1 1 1 1 1 1 1 1 1 1 1 1 1 1 1 1 1 1 1 1 1 1 1 1 1 1 1 1 1 1 1 1 1 1 1 1 1 1 1 1 1 1 1 1 1 1 1 1 1 1 1 1 1 1 1 1 1 1 1 1 1 1 1 1 1 1 1 1 1 1 1 1 1 1 1 1 1 1 1 1 1 1 1 1 1 1 1 1 1 1 1 1 1 1 1 1 1 1 1 1 1 1 1 1 1 1 1 1 1 1 1 1 1 1 1 1 1 1 1 1 1 1 1 1 1 1 1 1 1 1 1 1 1 1 1 1 1 1 1 1 1 1 1 1 1 1 1 1 1 1 1 1 1 1 1 1 1 1 1 1 1 1 1 1 1 1 1 1 1 1 1 1 1 1 1 1 1 1 1 1 1 1 1 1 1 1 1 1 1 1 1 1 1 1 1 1 1 1 1 1 1 1 1 1 1 1 1 1 1 1 1 1 1 1 1 1 1 1 1 1 1 1 1 1 1 1 1 1 1 1 1 1 1 1 1 1 1 1 1 1 1 1 1 1 1 1 1 1 1 1 1 1 1 1 1 1 1 1 1 1 1 1 1 1 1 1 1 1 1 1 1 1 1 1 1 1 1 1 1 1 1 1 1 1 1 1 1 1 1 1 1 1 1 1 1 1 1 1 1 1 1 1 1 1 1 1 1 1 1 1 1 1 1 1 1 1 1 1 1 1 1 1 1 1 1 1 1 1 1 1 1 1 1 1 1 1 1 1 1 1 1 1 1 1 1 1 1 1 1 1 1 1 1 1 1 1 1 1 1 1 1 1 1 1 1 1 1 1 1 1 1 1 1 1 1 1 1 1 1 1 1 1 1 1 1 1 1 1 1 1 1 1 1 1 1 1 1 1 1 1 1 1 1 1 1 1 1 1 1 1 1 1 1 1 1 1 1 1 1 1 1 1 1 1 1 1 1 1 1 1 1 1 1 1 1 1 1 1 1 1 1 1 1 1 1 1 1 1 1 1 1 1 1 1 1 1 1 1 1 1 1 1 1 1 1 1 1 1 1 1 1 1 1 1 1 1 1 1 1 1 1 1 1 1 1 1 1 1 1 1 1 1 1 1 1 1 1 1 1 1 1 1 1 1 1 1 1 1 1 1 1 1 1 1 1 1 1 1 1 1 1 1 1 1 1 1 1 1 1 1 1 1 1 1 1 1 1 1 1 1 1 1 1 1 1 1 1 1 1 1 1 1 1 1 1 1 1 1 1 1 1 1 1 1 1 1 1 1 1 1 1 1 1 1 1 1 1 1 1 1 1 1 1 1 1 1 1 1 1 1 1 1 1 1 1 1 1 1 1 1 1 1 1 1 1 1 1 1 1 1 1 1 1 1 1 1 1 1 1 1 1 1 1 1 1 1 1 1 1 1 1 1 1 1 1 1 1 1 1 1 1 1 1 1 1 1 1 1 1 1 1 1 1 1 1 1 1 1 1 1 1 1 1 1 1 1 1 1 1 1 1 1 1 1 1 1 1 1 1 1 1 1 1 1 1 1 1 1 1 1 1 1 1 1 1 1 1 1 1 1 1 1 1 1 1 1 1 1 1 1 1 1 1 1 1 1 1 1 1 1 1 1 1 1 1 1 1 1 1 1 1 1 1 1 1 1 1 1 1 1 1 1 1 1 1 1 1 1 1 1 1 1 1 1 1 1 1 1 1 1 1 1 1 1 1 1 1 1 1 1 1 1 1 1 1 1 1 1 1 1 1 1 1 1 1 1 1 1 1 1 1 1 1 1 1 1 1 1 1 1 1 1 1 1 1 1 1 1 1 1 1 1 1 1 1 1 1 1 1 1 1 1 1 1 1 1 1 1 1 1 1 1 1 1 1 1 1 1 1 1 1 1 1 1 1 1 1 1 1 1 1 1 1 1 1 1 1 1 1 1 1 1 1 1 1 1 1 1 1 1 1 1 1 1 1 1 1 1 1 1 1 1 1 1 1 1 1 1 1 1 1 1 1 1 1 1 1 1 1 1 1 1 1 1 1 1 1 1 1 1 1 1 1 1 1 1 1 1 1 1 1 1 1 1 1 1 1 1 1 1 1 1 1 1 1 1 1 1 1 1 1 1 1 1 1 1 1 1 1 1 1 1 1 1 1 1 1 1 1 1 1 1 1 1 1 1 1 1 1 1 1 1 1 1 1 1 1 1 1 1 1 1 1 1 1 1 1 1 1 1 1 1 1 1 1 1 1 1 1 1 1 1 1 1 1 1 1 1 1 1 1 1 1 1 1 1 1 1 1 1 1 1 1 1 1 1 1 1 1 1 1 1 1 1 1 1 1 1 1 1 1 1 1 1 1 1 1 1 1 1 1 1 1 1 1 1 1 1 1 1 1 1 1 1 1 1 1 1 1 1 1 1 1 1 1 1 1 1 1 1 1 1 1 1 1 1 1 1 1 1 1 1 1 1 1 1 1 1 1 1 1 1 1 1 1 1 1 1 1 1 1 1 1 1 1 1 1 1 1 1 1 1 1 1 1 1 1 1 1 1 1 1 1 1 1 1 1 1 1 1 1 1 1 1 1 1 1 1 1 1 1 1 1 1 1 1 1 1 1 1 1 1 1 1 1 1 1 1 1 1 1 1 1 1 1 1 1 1 1 1 1 1 1 1 1 1 1 1 1 1 1 1 1 1 1 1 1 1 1 1 1 1 1 1 1 1 1 1 1 1 1 1 1 1 1 1 1 1 1 1 1 1 1 1 1 1 1 1 1 1 1 1 1 1 1 1 1 1 1 1 1 1 1 1 1 1 1 1 1 1 1 1 1 1 1 1 1 1 1 1 1 1 1 1 1 1 1 1 1 1 1 1 1 1 1 1 1 1 1 1 1 1 1 1 1 1 1 1 1 1 1 1 1 1 1 1 1 1 1 1 1 1 1 1 1 1 1 1 1 1 1 1 1 1 1 1 1 1 1 1 1 1 1 1 1 1 1 1 1 1 1 1 1 1 1 1 1 1 1 1 1 1 1 1 1 1 1 1 1 1 1 1 1 1 1 1 1 1 1 1 1 1 1 1 1 1 1 1 1 1 1 1 1 1 1 1 1 1 1 1 1 1 1 1 1 1 1 1 1 1 1 1 1 1 1 1 1 1 1 1 1 1 1 1 1 1 1 1 1 1 1 1 1 1 1 1 1 1 1 1 1 1 1 1 1 1 1 1 1 1 1 1 1 1 1 1 1 1 1 1 1 1 1 1 1 1 1 1 1 1 1 1 1 1 1 1 1 1 1 1 1 1 1 1 1 1 1 1 1 1 1 1 1 1 1 1 1 1 1 1 1 1 1 1 1 1 1 1 1 1 1 1 1 1 1 1 1 1 1 1 1 1 1 1 1 1 1 1 1 1 1 1 1 1 1 1 1 1 1 1 1 1 1 1 1 1 1 1 1 1 1 1 1 1 1 1 1 1 1 1 1 1 1 1 1 1 1 1 1 1 1 1 1 1 1 1 1 1 1 1 1 1 1 1 1 1 1 1 1 1 1 1 1 1 1 1 1 1 1 1 1 1 1 1 1 1 1 1 1 1 1 1 1 1 1 1 1 1 1 1 1 1 1 1 1 1 1 1 1 1 1 1 1 1 1 1 1 1 1 1 1 1 1 1 1 1 1 1 1 1 1 1 1 1 1 1 1 1 1 1 1 1 1 1 1 1 1 1 1 1 1 1 1 1 1 1 1 1 1 1 1 1 1 1 1 1 1 1 1 1 1 1 1 1 1 1 1 1 1 1 1 1 1 1 1 1 1 1 1 1 1 1 1 1 1 1 1 1 1 1 1 1 1 1 1 1 1 1 1 1 1 1 1 1 1 1 1 1 1 1 1 1 1 1 1 1 1 1 1 1 1 1 1 1 1 1 1 1 1 1 1 1 1 1 1 1 1 1 1 1 1 1 1 1 1 1 1 1 1 1 1 1 1 1 1 1 1 1 1 1 1 1 1 1 1 1 1 1 1 1 1 1 1 1 1 1 1 1 1 1 1 1 1 1 1 1 1 1 1 1 1 1 1 1 1 1 1 1 1 1 1 1 1 1 1 1 1 1 1 1 1 1 1 1 1 1 1 1 1 1 1 1 1 1 1 1 1 1 1 1 1 1 1 1 1 1 1 1 1 1 1 1 1 1 1 1 1 1 1 1 1 1 1 1 1 1 1 1 1 1 1 1 1 1 1 1 1 1 1 1 1 1 1 1 1 1 1 1 1 1 1 1 1 1 1 1 1 1 1 1 1 1 1 1 1 1 1 1 1 1 1 1 1 1 1 1 1 1 1 1 1 1 1 1 1 1 1 1 1 1 1 1 1 1 1 1 1 1 1 1 1 1 1 1 1 1 1 1 1 1 1 1 1 1 1 1 1 1 1 1 1 1 1 1 1 1 1 1 1 1 1 1 1 1 1 1 1 1 1 1 1 1 1 1 1 1 1 1 1 1 1 1 1 1 1 1 1 1 1 1 1 1 1 1 1 1 1 1 1 1 1 1 1 1 1 1 1 1 1 1 1 1 1 1 1 1 1 1 1 1 1 1 1 1 1 1 1 1 1 1 1 1 1 1 1 1 1 1 1 1 1 1 1 1 1 1 1 1 1 1 1 1 1 1 1 1 1 1 1 1 1 1 1 1 1 1 1 1 1 1 1 1 1 1 1 1 1 1 1 1 1 1 1 1 1 1 1 1 1 1 1 1 1 1 1 1 1 1 1 1 1 1 1 1 1 1 1 1 1 1 1 1 1 1 1 1 1 1 1 1 1 1 1 1 1 1 1 1 1 1 1 1 1 1 1 1 1 1 1 1 1 1 1 1 1 1 1 1 1 1 1 1 1 1 1 1 1 1 1 1 1 1 1 1 1 1 1 1 1 1 1 1 1 1 1 1 1 1 1 1 1 1 1 1 1 1 1 1 1 1 1 1 1 1 1 1 1 1 1 1 1 1 1 1 1 1 1 1 1 1 1 1 1 1 1 1 1 1 1 1 1 1 1 1 1 1 1 1 1 1 1 1 1 1 1 1 1 1 1 1 1 1 1 1 1 1 1 1 1 1 1 1 1 1 1 1 1 1 1 1 1 1 1 1 1 1 1 1 1 1 1 1 1 1 1 1 1 1 1 1 1 1 1 1 1 1 1 1 1 1 1 1 1 1 1 1 1 1 1 1 1 1 1 1 1 1 1 1 1 1 1 1 1 1 1 1 1 1 1 1 1 1 1 1 1 1 1 1 1 1 1 1 1 1 1 1 1 1 1 1 1 1 1 1 1 1 1 1 1 1 1 1 1 1 1 1 1 1 1 1 1 1 1 1 1 1 1 1 1 1 1 1 1 1 1 1 1 1 1 1 1 1 1 1 1 1 1 1 1 1 1 1 1 1 1 1 1 1 1 1 1 1 1 1 1 1 1 1 1 1 1 1 1 1 1 1 1 1 1 1 1 1 1 1 1 1 1 1 1 1 1 1 1 1 1 1 1 1 1 1 1 1 1 1 1 1 1 1 1 1 1 1 1 1 1 1 1 1 1 1 1 1 1 1 1 1 1 1 1 1 1 1 1 1 1 1 1 1 1 1 1 1 1 1 1 1 1 1 1 1 1 1 1 1 1 1 1 1 1 1 1 1 1 1 1 1 1 1 1 1 1 1 1 1 1 1 1 1 1 1 1 1 1 1 1 1 1 1 1 1 1 1 1 1 1 1 1 1 1 1 1 1 1 1 1 1 1 1 1 1 1 1 1 1 1 1 1 1 1 1 1 1 1 1 1 1 1 1 1 1 1 1 1 1 1 1 1 1 1 1 1 1 1 1 1 1 1 1 1 1 1 1 1 1 1 1 1 1 1 1 1 1 1 1 1 1 1 1 1 1 1 1 1 1 1 1 1 1 1 1 1 1 1 1 1 1 1 1 1 1 1 1 1 1 1 1 1 1 1 1 1 1 1 1 1 1 1 1 1 1 1 1 1 1 1 1 1 1 1 1 1 1 1 1 1 1 1 1 1 1 1 1 1 1 1 1 1 1 1 1 1 1 1 1 1 1 1 1 1 1 1 1 1 1 1 1 1 1 1 1 1 1 1 1 1 1 1 1 1 1 1 1 1 1 1 1 1 1 1 1 1 1 1 1 1 1 1 1 1 1 1 1 1 1 1 1 1 1 1 1 1 1 1 1 1 1 1 1 1 1 1 1 1 1 1 1 1 1 1 1 1 1 1 1 1 1 1 1 1 1 1 1 1 1 1 1 1 1 1 1 1 1 1 1 1 1 1 1 1 1 1 1 1 1 1 1 1 1 1 1 1 1 1 1 1 1 1 1 1 1 1 1 1 1 1 1 1 1 1 1 1 1 1 1 1 1 1 1 1 1 1 1 1 1 1 1 1 1 1 1 1 1 1 1 1 1 1 1 1 1 1 1 1 1 1 1 1 1 1 1 1 1 1 1 1 1 1 1 1 1 1 1 1 1 1 1 1 1 1 1 1 1 1 1 1 1 1 1 1 1 1 1 1 1 1 1 1 1 1 1 1 1 1 1 1 1 1 1 1 1 1 1 1 1 1 1 1 1 1 1 1 1 1 1 1 1 1 1 1 1 1 1 1 1 1 1 1 1 1 1 1 1 1 1 1 1 1 1 1 1 1 1 1 1 1 1 1 1 1 1 1 1 1 1 1 1 1 1 1 1 1 1 1 1 1 1 1 1 1 1 1 1 1 1 1 1 1 1 1 1 1 1 1 1 1 1 1 1 1 1 1 1 1 1 1 1 1 1 1 1 1 1 1 1 1 1 1 1 1 1 1 1 1 1 1 1 1 1 1 1 1 1 1 1 1 1 1 1 1 1 1 1 1 1 1 1 1 1 1 1 1 1 1 1 1 1 1 1 1 1 1 1 1 1 1 1 1 1 1 1 1 1 1 1 1 1 1 1 1 1 1 1 1 1 1 1 1 1 1 1 1 1 1 1 1 1 1 1 1 1 1 1 1 1 1 1 1 1 1 1 1 1 1 1 1 1 1 1 1 1 1 1 1 1 1 1 1 1 1 1 1 1 1 1 1 1 1 1 1 1 1 1 1 1 1 1 1 1 1 1 1 1 1 1 1 1 1 1 1 1 1 1 1 1 1 1 1 1 1 1 1 1 1 1 1 1 1 1 1 1 1 1 1 1 1 1 1 1 1 1 1 1 1 1 1 1 1 1 1 1 1 1 1 1 1 1 1 1 1 1 1 1 1 1 1 1 1 1 1 1 1 1 1 1 1 1 1 1 1 1 1 1 1 1 1 1 1 1 1 1 1 1 1 1 1 1 1 1 1 1 1 1 1 1 1 1 1 1 1 1 1 1 1 1 1 1 1 1 1 1 1 1 1 1 1 1 1 1 1 1 1 1 1 1 1 1 1 1 1 1 1 1 1 1 1 1 1 1 1 1 1 1 1 1 1 1 1 1 1 1 1 1 1 1 1 1 1 1 1 1 1 1 1 1 1 1 1 1 1 1 1 1 1 1 1 1 1 1 1 1 1 1 1 1 1 1 1 1 1 1 1 1 1 1 1 1 1 1 1 1 1 1 1 1 1 1 1 1 1 1 1 1 1 1 1 1 1 1 1 1 1 1 1 1 1 1 1 1 1 1 1 1 1 1 1 1 1 1 1 1 1 1 1 1 1 1 1 1 1 1 1 1 1 1 1 1 1 1 1 1 1 1 1 1 1 1 1 1 1 1 1 1 1 1 1 1 1 1 1 1 1 1 1 1 1 1 1 1 1 1 1 1 1 1 1 1 1 1 1 1 1 1 1 1 1 1 1 1 1 1 1 1 1 1 1 1 1 1 1 1 1 1 1 1 1 1 1 1 1 1 1 1 1 1 1 1 1 1 1 1 1 1 1 1 1 1 1 1 1 1 1 1 1 1 1 1 1 1 1 1 1 1 1 1 1 1 1 1 1 1 1 1 1 1 1 1 1 1 1 1 1 1 1 1 1 1 1 1 1 1 1 1 1 1 1 1 1 1 1 1 1 1 1 1 1 1 1 1 1 1 1 1 1 1 1 1 1 1 1 1 1 1 1 1 1 1 1 1 1 1 1 1 1 1 1 1 1 1 1 1 1 1 1 1 1 1 1 1 1 1 1 1 1 1 1 1 1 1 1 1 1 1 1 1 1 1 1 1 1 1 1 1 1 1 1 1 1 1 1 1 1 1 1 1 1 1 1 1 1 1 1 1 1 1 1 1 1 1 1 1 1 1 1 1 1 1 1 1 1 1 1 1 1 1 1 1 1 1 1 1 1 1 1 1 1 1 1 1 1 1 1 1 1 1 1 1 1 1 1 1 1 1 1 1 1 1 1 1 1 1 1 1 1 1 1 1 1 1 1 1 1 1 1 1 1 1 1 1 1 1 1 1 1 1 1 1 1 1 1 1 1 1 1 1 1 1 1 1 1 1 1 1 1 1 1 1 1 1 1 1 1 1 1 1 1 1 1 1 1 1 1 1 1 1 1 1 1 1 1 1 1 1 1 1 1 1 1 1 1 1 1 1 1 1 1 1 1 1 1 1 1 1 1 1 1 1 1 1 1 1 1 1 1 1 1 1 1 1 1 1 1 1 1 1 1 1 1 1 1 1 1 1 1 1 1 1 1 1 1 1 1 1 1 1 1 1 1 1 1 1 1 1 1 1 1 1 1 1 1 1 1 1 1 1 1 1 1 1 1 1 1 1 1 1 1 1 1 1 1 1 1 1 1 1 1 1 1 1 1 1 1 1 1 1 1 1 1 1 1 1 1 1 1 1 1 1 1 1 1 1 1 1 1 1 1 1 1 1 1 1 1 1 1 1 1 1 1 1 1 1 1 1 1 1 1 1 1 1 1 1 1 1 1 1 1 1 1 1 1 1 1 1 1 1 1 1 1 1 1 1 1 1 1 1 1 1 1 1 1 1 1 1 1 1 1 1 1 1 1 1 1 1 1 1 1 1 1 1 1 1 1 1 1 1 1 1 1 1 1 1 1 1 1 1 1 1 1 1 1 1 1 1 1 1 1 1 1 1 1 1 1 1 1 1 1 1 1 1 1 1 1 1 1 1 1 1 1 1 1 1 1 1 1 1 1 1 1 1 1 1 1 1 1 1 1 1 1 1 1 1 1 1 1 1 1 1 1 1 1 1 1 1 1 1 1 1 1 1 1 1 1 1 1 1 1 1 1 1 1 1 1 1 1 1 1 1 1 1 1 1 1 1 1 1 1 1 1 1 1 1 1 1 1 1 1 1 1 1 1 1 1 1 1 1 1 1 1 1 1 1 1 1 1 1 1 1 1 1 1 1 1 1 1 1 1 1 1 1 1 1 1 1 1 1 1 1 1 1 1 1 1 1 1 1 1 1 1 1 1 1 1 1 1 1 1 1 1 1 1 1 1 1 1 1 1 1 1 1 1 1 1 1 1 1 1 1 1 1 1 1 1 1 1 1 1 1 1 1 1 1 1 1 1 1 1 1 1 1 1 1 1 1 1 1 1 1 1 1 1 1 1 1 1 1 1 1 1 1 1 1 1 1 1 1 1 1 1 1 1 1 1 1 1 1 1 1 1 1 1 1 1 1 1 1 1 1 1 1 1 1 1 1 1 1 1 1 1 1 1 1 1 1 1 1 1 1 1 1 1 1 1 1 1 1 1 1 1 1 1 1 1 1 1 1 1 1 1 1 1 1 1 1 1 1 1 1 1 1 1 1 1 1 1 1 1 1 1 1 1 1 1 1 1 1 1 1 1 1 1 1 1 1 1 1 1 1 1 1 1 1 1 1 1 1 1 1 1 1 1 1 1 1 1 1 1 1 1 1 1 1 1 1 1 1 1 1 1 1 1 1 1 1 1 1 1 1 1 1 1 1 1 1 1 1 1 1 1 1 1 1 1 1 1 1 1 1 1 1 1 1 1 1 1 1 1 1 1 1 1 1 1 1 1 1 1 1 1 1 1 1 1 1 1 1 1 1 1 1 1 1 1 1 1 1 1 1 1 1 1 1 1 1 1 1 1 1 1 1 1 1 1 1 1 1 1 1 1 1 1 1 1 1 1 1 1 1 1 1 1 1 1 1 1 1 1 1 1 1 1 1 1 1 1 1 1 1 1 1 1 1 1 1 1 1 1 1 1 1 1 1 1 1</float_array>
          <technique_common>
            <accessor source="#geom-Clt_JKT023__M_JKT023-map0-array" count="2783" stride="3">
              <param name="R" type="float"/>
              <param name="G" type="float"/>
              <param name="B" type="float"/>
            </accessor>
          </technique_common>
        </source>
        <source id="geom-Clt_JKT023__M_JKT023-map1">
          <float_array id="geom-Clt_JKT023__M_JKT023-map1-array" count="8349">0.9648438 0.3417969 0 0.9648438 0.3149414 0 0.9873047 0.3144531 0 0.9873047 0.4335937 0 0.9648438 0.4331055 0 0.9648438 0.40625 0 0.9648438 0.4985352 0 0.9648438 0.4697266 0 0.9873047 0.4853516 0 0.9873047 0.2626953 0 0.9648438 0.2783203 0 0.9648438 0.2495117 0 0.7436523 0.425293 0 0.7148438 0.4111328 0 0.7177734 0.4033203 0 0.7026367 0.4082031 0 0.7050781 0.402832 0 0.7148438 0.4111328 0 0.9389648 0.4760742 0 0.9477539 0.4804687 0 0.9443359 0.4887695 0 0.6679688 -0.2646484 0 0.6279297 -0.2558594 0 0.6723633 -0.2548828 0 0.7099609 0.4882812 0 0.7724609 0.4956055 0 0.7514648 0.5385742 0 0.668457 0.5385742 0 0.6474609 0.4956055 0 0.9648438 0.6274414 0 0.9873047 0.6242676 0 0.9873047 0.6711426 0 0.9648438 0.6740723 0 0.9873047 0.6711426 0 0.9648438 0.3149414 0 0.9648438 0.2783203 0 0.9873047 0.3144531 0 0.9873047 0.2626953 0 0.9873047 0.4853516 0 0.9648438 0.4697266 0 0.9873047 0.4335937 0 0.9648438 0.4331055 0 0.9648438 0.5327148 0 0.9648438 0.4985352 0 0.9873047 0.5319824 0 0.9873047 0.4853516 0 0.7099609 0.5561523 0 0.7099609 0.4882812 0 0.7514648 0.5385742 0 0.668457 0.5385742 0 0.9873047 0.2626953 0 0.9648438 0.2495117 0 0.9873047 0.2163086 0 0.9648438 0.215332 0 0.9648438 0.1855469 0 0.9873047 0.2163086 0 0.9648438 0.215332 0 0.9873047 0.1801758 0 0.9648438 0.1108398 0 0.9873047 0.1801758 0 0.9648438 0.1855469 0 0.9873047 0.109375 0 0.4365234 -0.2001953 0 0.4333496 -0.1894531 0 0.4389648 -0.1972656 0 0.4333496 -0.1943359 0 0.9389648 0.009277344 0 0.9389648 0.015625 0 0.8964844 0.009277344 0 0.8945313 0.015625 0 0.7148438 0.4111328 0 0.7050781 0.402832 0 0.7177734 0.4033203 0 0.7080078 0.3959961 0 0.9443359 0.4887695 0 0.9057617 0.4780273 0 0.9389648 0.4760742 0 0.8916016 0.496582 0 0.03915405 0.4897461 0 0.01925659 0.4931641 0 0.01925659 0.4887695 0 0.03915405 0.4941406 0 0.01393127 0.4897461 0 0.01925659 0.4819336 0 0.01925659 0.4887695 0 0.01393127 0.4819336 0 0.6103516 0.7451172 0 0.6352539 0.7265625 0 0.6279297 0.7438965 0 0.6103516 0.7348633 0 0.6352539 -0.2734375 0 0.6679688 -0.2646484 0 0.6611328 -0.2910156 0 0.6279297 -0.2558594 0 0.6352539 -0.2734375 0 0.6103516 -0.2548828 0 0.6279297 -0.2558594 0 0.6103516 -0.2646484 0 0.6572266 0.4511719 0 0.7099609 0.4882812 0 0.6474609 0.4956055 0 0.6572266 0.4511719 0 0.6743164 0.4257812 0 0.7626953 0.4511719 0 0.7724609 0.4956055 0 0.7436523 0.425293 0 0.7148438 0.4111328 0 0.7060547 0.4145508 0 0.7026367 0.4082031 0 0.6743164 0.4257812 0 0.6972656 0.4018555 0 0.4389648 0.802002 0 0.4333496 0.8050537 0 0.4365234 0.7990723 0 0.4333496 0.8050537 0 0.4333496 0.8103027 0 0.4814453 0.8149414 0 0.4799805 0.8054199 0 0.4431152 0.7827148 0 0.4919434 0.7662354 0 0.4399414 0.7810059 0 0.4365234 0.7990723 0 0.4489746 0.7441406 0 0.4379883 0.7806396 0 0.4924316 0.7633057 0 0.4472656 0.7416992 0 0.4460449 0.739502 0 0.4477539 0.7416992 0 0.4467773 0.739502 0 0.4931641 0.7618408 0 0.5307617 0.7749023 0 0.4924316 0.7633057 0 0.5302734 0.7770996 0 0.4919434 0.7662354 0 0.5292969 0.7794189 0 0.4799805 0.8054199 0 0.519043 0.814209 0 0.4814453 0.8149414 0 0.5185547 0.8218994 0 0.8007813 0.6779785 0 0.8007813 0.6855469 0 0.7578125 0.6855469 0 0.7558594 0.6779785 0 0.7172852 0.6855469 0 0.7158203 0.6779785 0 0.6982422 0.6779785 0 0.6972656 0.6855469 0 0.6728516 0.6779785 0 0.6713867 0.6855469 0 0.6313477 0.6779785 0 0.6313477 0.6855469 0 0.5810547 0.6855469 0 0.5776367 0.6779785 0 0.5532227 0.6855469 0 0.550293 0.6779785 0 0.5117188 0.6855469 0 0.5131836 0.6779785 0 0.4638672 0.6779785 0 0.4626465 0.6855469 0 0.4316406 0.6779785 0 0.4316406 0.6855469 0 0.4316406 0.6318359 0 0.4316406 0.6235352 0 0.4787598 0.6318359 0 0.4807129 0.6235352 0 0.5195313 0.6318359 0 0.5205078 0.6235352 0 0.5380859 0.6235352 0 0.5395508 0.6318359 0 0.5634766 0.6235352 0 0.5649414 0.6318359 0 0.6049805 0.6235352 0 0.6049805 0.6318359 0 0.6552734 0.6318359 0 0.6586914 0.6235352 0 0.6831055 0.6318359 0 0.6860352 0.6235352 0 0.6860352 0.6235352 0 0.7236328 0.6318359 0 0.722168 0.6235352 0 0.7714844 0.6235352 0 0.7236328 0.6318359 0 0.7724609 0.6318359 0 0.8007813 0.6235352 0 0.8007813 0.6318359 0 0.7216797 0.597168 0 0.722168 0.6235352 0 0.7700195 0.597168 0 0.7714844 0.6235352 0 0.8007813 0.597168 0 0.8007813 0.6235352 0 0.8007813 0.5925293 0 0.7670898 0.5925293 0 0.7202148 0.5925293 0 0.6855469 0.597168 0 0.684082 0.5925293 0 0.659668 0.597168 0 0.6582031 0.5925293 0 0.6586914 0.6235352 0 0.609375 0.5925293 0 0.6069336 0.597168 0 0.6049805 0.6235352 0 0.5683594 0.5925293 0 0.5649414 0.597168 0 0.5634766 0.6235352 0 0.5415039 0.5925293 0 0.5390625 0.597168 0 0.5380859 0.6235352 0 0.5209961 0.5925293 0 0.5209961 0.597168 0 0.5205078 0.6235352 0 0.4824219 0.5925293 0 0.4812012 0.597168 0 0.4807129 0.6235352 0 0.4316406 0.6235352 0 0.4316406 0.597168 0 0.4316406 0.5925293 0 0.9873047 0.6242676 0 0.9648438 0.6274414 0 0.9873047 0.5695801 0 0.9648438 0.5615234 0 0.9873047 0.5319824 0 0.9648438 0.5327148 0 0.8007813 0.5488281 0 0.8007813 0.5151367 0 0.8149414 0.5178223 0 0.8144531 0.5488281 0 0.8413086 0.5246582 0 0.8417969 0.5488281 0 0.3408203 0.015625 0 0.284668 0.015625 0 0.2858887 0.009277344 0 0.342041 0.009277344 0 0.390625 0.015625 0 0.3916016 0.009277344 0 0.4387207 0.015625 0 0.4396973 0.009277344 0 0.5185547 -0.1777344 0 0.519043 -0.1855469 0 0.4814453 -0.1845703 0 0.4799805 -0.1943359 0 0.5292969 -0.2197266 0 0.4919434 -0.2333984 0 0.5302734 -0.2226562 0 0.4924316 -0.2363281 0 0.5307617 -0.2246094 0 0.4931641 -0.2373047 0 0.4489746 -0.2558594 0 0.4924316 -0.2363281 0 0.4931641 -0.2373047 0 0.4467773 -0.2597656 0 0.4472656 -0.2578125 0 0.4431152 -0.2167969 0 0.4919434 -0.2333984 0 0.4799805 -0.1943359 0 0.4399414 -0.21875 0 0.4472656 -0.2578125 0 0.4460449 -0.2597656 0 0.4379883 -0.21875 0 0.4389648 -0.1972656 0 0.4814453 -0.1845703 0 0.4333496 -0.1894531 0 0.4365234 -0.2001953 0 0.4365234 -0.2001953 0 0.1888428 0.015625 0 0.1417236 0.015625 0 0.1878662 0.009277344 0 0.1413574 0.009277344 0 0.09674072 0.015625 0 0.09735107 0.009277344 0 0.04437256 0.015625 0 0.04437256 0.009277344 0 0.01925659 0.01660156 0 0.01925659 0.009277344 0 0.8457031 0.009277344 0 0.8964844 0.009277344 0 0.8945313 0.015625 0 0.8447266 0.015625 0 0.7963867 0.009277344 0 0.7958984 0.015625 0 0.746582 0.009277344 0 0.7441406 0.015625 0 0.6982422 0.009277344 0 0.6992188 0.015625 0 0.6435547 0.015625 0 0.6425781 0.009277344 0 0.59375 0.015625 0 0.5927734 0.009277344 0 0.5458984 0.015625 0 0.5449219 0.009277344 0 0.4924316 0.015625 0 0.4921875 0.009277344 0 0.4396973 0.009277344 0 0.4387207 0.015625 0 0.5239258 0.8603516 0 0.5253906 0.8477783 0 0.5454102 0.8527832 0 0.5356445 0.8778687 0 0.5224609 0.8762817 0 0.5180664 0.9185791 0 0.5356445 0.8778687 0 0.512207 0.8779907 0 0.5239258 0.8603516 0 0.5224609 0.8762817 0 0.5117188 0.8470459 0 0.5253906 0.8477783 0 0.5478516 0.8839722 0 0.5454102 0.8527832 0 0.565918 0.862793 0 0.5605469 0.8943481 0 0.5820313 0.8787842 0 0.5927734 0.9005127 0 0.5644531 0.9168701 0 0.5952148 0.9256592 0 0.559082 0.9365845 0 0.5878906 0.9520569 0 0.5688477 0.9706116 0 0.5380859 0.9473877 0 0.5449219 0.9802551 0 0.5180664 0.9502869 0 0.5180664 0.9835815 0 0.4912109 0.9801331 0 0.4980469 0.9472656 0 0.4980469 0.9472656 0 0.4912109 0.9801331 0 0.4675293 0.9703979 0 0.4772949 0.9364014 0 0.4482422 0.9518127 0 0.4772949 0.9364014 0 0.4411621 0.925415 0 0.4716797 0.916687 0 0.4716797 0.916687 0 0.4411621 0.925415 0 0.4433594 0.9002075 0 0.4760742 0.894104 0 0.4541016 0.878418 0 0.4863281 0.8842163 0 0.4694824 0.8632813 0 0.4541016 0.878418 0 0.4863281 0.8842163 0 0.4868164 0.8538818 0 0.4995117 0.878418 0 0.503418 0.8486328 0 0.512207 0.8763428 0 0.5214844 0.859375 0 0.5185547 0.8460693 0 0.512207 0.8754272 0 0.5234375 0.8762207 0 0.5234375 0.8762207 0 0.01393127 0.06835937 0 0.01393127 0.03662109 0 0.01925659 0.03662109 0 0.01925659 0.01660156 0 0.01393127 0.01660156 0 0.04437256 0.015625 0 0.01925659 0.03662109 0 0.04437256 0.06835937 0 0.09674072 0.015625 0 0.01925659 0.06835937 0 0.01393127 0.06835937 0 0.01393127 0.06835937 0 0.01393127 0.1206055 0 0.01925659 0.1206055 0 0.01393127 0.1796875 0 0.04437256 0.1206055 0 0.01925659 0.1796875 0 0.01393127 0.2197266 0 0.04437256 0.1796875 0 0.01925659 0.2197266 0 0.01393127 0.2875977 0 0.04437256 0.2197266 0 0.01925659 0.2875977 0 0.0435791 0.2880859 0 0.01925659 0.3461914 0 0.01393127 0.347168 0 0.08081055 0.2885742 0 0.01925659 0.40625 0 0.01393127 0.4077148 0 0.04406738 0.3452148 0 0.01925659 0.4516602 0 0.01393127 0.453125 0 0.01393127 0.4780273 0 0.01925659 0.4765625 0 0.04400635 0.4047852 0 0.04592896 0.4516602 0 0.04714966 0.4750977 0 0.0802002 0.4008789 0 0.08044434 0.4536133 0 0.07763672 0.4770508 0 0.0802002 0.3442383 0 0.1291504 0.4389648 0 0.07763672 0.4770508 0 0.1219482 0.3442383 0 0.1101685 0.4882812 0 0.08996582 0.4960937 0 0.09832764 0.5112305 0 0.1243896 0.3950195 0 0.1225586 0.2890625 0 0.157959 0.3457031 0 0.08148193 0.2197266 0 0.08361816 0.1796875 0 0.1309814 0.2197266 0 0.08599854 0.1206055 0 0.1381836 0.1806641 0 0.1654053 0.2895508 0 0.0881958 0.06835937 0 0.1324463 0.1206055 0 0.1367187 0.06835937 0 0.1417236 0.015625 0 0.1546631 0.1206055 0 0.1831055 0.06835937 0 0.1888428 0.015625 0 0.1695557 0.0859375 0 0.1699219 0.0859375 0 0.1558838 0.1206055 0 0.1794434 0.1206055 0 0.1739502 0.1796875 0 0.1726074 0.2207031 0 0.2275391 0.1796875 0 0.2246094 0.2207031 0 0.2196045 0.2910156 0 0.2131348 0.3457031 0 0.2817383 0.2924805 0 0.2827148 0.2216797 0 0.2822266 0.3427734 0 0.2844238 0.1796875 0 0.1994629 0.3828125 0 0.2858887 0.3696289 0 0.2313232 0.1206055 0 0.2844238 0.1206055 0 0.2348633 0.06835937 0 0.2844238 0.06835937 0 0.237793 0.015625 0 0.284668 0.015625 0 0.3435059 0.06738281 0 0.3408203 0.015625 0 0.390625 0.015625 0 0.4133301 0.07128906 0 0.4387207 0.015625 0 0.3430176 0.1191406 0 0.2844238 0.06835937 0 0.2844238 0.1206055 0 0.4924316 0.07226562 0 0.4924316 0.015625 0 0.5458984 0.015625 0 0.4140625 0.1220703 0 0.342041 0.1787109 0 0.2844238 0.1796875 0 0.3435059 0.2207031 0 0.2827148 0.2216797 0 0.4145508 0.1806641 0 0.3481445 0.2944336 0 0.2817383 0.2924805 0 0.2822266 0.3427734 0 0.338623 0.3681641 0 0.2858887 0.3696289 0 0.3554687 0.3447266 0 0.3664551 0.390625 0 0.4182129 0.2226562 0 0.375 0.4194336 0 0.3625488 0.4179687 0 0.395752 0.3862305 0 0.4050293 0.4233398 0 0.4238281 0.296875 0 0.4311523 0.3457031 0 0.4367676 0.3876953 0 0.4433594 0.4277344 0 0.4924316 0.2978516 0 0.4921875 0.3886719 0 0.4921875 0.4291992 0 0.5410156 0.4277344 0 0.4924316 0.3461914 0 0.5478516 0.3876953 0 0.5795898 0.4233398 0 0.5532227 0.3457031 0 0.5888672 0.3862305 0 0.609375 0.4194336 0 0.6181641 0.390625 0 0.6220703 0.4179687 0 0.6289063 0.3447266 0 0.6459961 0.3681641 0 0.7016602 0.3422852 0 0.6982422 0.3696289 0 0.5610352 0.296875 0 0.6362305 0.2944336 0 0.7026367 0.2919922 0 0.7016602 0.2211914 0 0.4924316 0.2241211 0 0.5673828 0.2231445 0 0.6401367 0.2202148 0 0.699707 0.1796875 0 0.4924316 0.1821289 0 0.5703125 0.1806641 0 0.640625 0.1782227 0 0.6992188 0.1206055 0 0.4924316 0.1235352 0 0.5708008 0.1220703 0 0.640625 0.1191406 0 0.6992188 0.06835937 0 0.5712891 0.07128906 0 0.59375 0.015625 0 0.6416016 0.06738281 0 0.6435547 0.015625 0 0.6992188 0.015625 0 0.6992188 0.06835937 0 0.7441406 0.015625 0 0.7495117 0.06835937 0 0.6992188 0.1206055 0 0.7958984 0.015625 0 0.7529297 0.1206055 0 0.699707 0.1796875 0 0.8012695 0.06835937 0 0.8447266 0.015625 0 0.7568359 0.1796875 0 0.7016602 0.2211914 0 0.8037109 0.1206055 0 0.7597656 0.2202148 0 0.7026367 0.2919922 0 0.8081055 0.1796875 0 0.7646484 0.2905273 0 0.7016602 0.3422852 0 0.8115234 0.2197266 0 0.7836914 0.3823242 0 0.6982422 0.3696289 0 0.7705078 0.3457031 0 0.8183594 0.2890625 0 0.8227539 0.3920898 0 0.8007813 0.4296875 0 0.8256836 0.3461914 0 0.8154297 0.4306641 0 0.8007813 0.4697266 0 0.859375 0.3959961 0 0.8173828 0.472168 0 0.8007813 0.5151367 0 0.8149414 0.5178223 0 0.8676758 0.4882812 0 0.8413086 0.5246582 0 0.8535156 0.4389648 0 0.8618164 0.3442383 0 0.9042969 0.4023437 0 0.8613281 0.2885742 0 0.9038086 0.3452148 0 0.9389648 0.347168 0 0.8530273 0.2197266 0 0.9033203 0.2880859 0 0.9389648 0.2875977 0 0.9389648 0.4077148 0 0.9389648 0.2197266 0 0.9042969 0.4545898 0 0.9389648 0.453125 0 0.9057617 0.4780273 0 0.9389648 0.4760742 0 0.9057617 0.4780273 0 0.8676758 0.4882812 0 0.8916016 0.496582 0 0.8706055 0.5107422 0 0.9033203 0.2197266 0 0.9389648 0.1796875 0 0.9008789 0.1796875 0 0.9389648 0.1206055 0 0.8461914 0.1806641 0 0.8984375 0.1206055 0 0.9389648 0.06835937 0 0.8959961 0.06835937 0 0.9389648 0.03662109 0 0.8945313 0.015625 0 0.9389648 0.015625 0 0.8520508 0.1206055 0 0.8476563 0.06835937 0 0.8295898 0.1206055 0 0.8144531 0.0859375 0 0.8139648 0.0859375 0 0.828125 0.1206055 0 0.01925659 0.4765625 0 0.01393127 0.4819336 0 0.01393127 0.4780273 0 0.01925659 0.4819336 0 0.04714966 0.4750977 0 0.03915405 0.4897461 0 0.01925659 0.4887695 0 0.08996582 0.4960937 0 0.07763672 0.4770508 0 0.1643066 0.5178223 0 0.1816406 0.5151367 0 0.1816406 0.5488281 0 0.168335 0.5488281 0 0.1297607 0.5251465 0 0.130249 0.5488281 0 0.1297607 0.5251465 0 0.09832764 0.5112305 0 0.1101685 0.4882812 0 0.1074219 0.5297852 0 0.130249 0.5488281 0 0.1104126 0.5488281 0 0.5859375 0.7490234 0 0.6103516 0.7348633 0 0.6103516 0.7451172 0 0.5834961 0.7404785 0 0.559082 0.7492676 0 0.5605469 0.7421875 0 0.5317383 0.7458496 0 0.5371094 0.7373047 0 0.5205078 0.7436523 0 0.5214844 0.7348633 0 0.5014648 0.7404785 0 0.5029297 0.7299805 0 0.4794922 0.7370605 0 0.480957 0.7260742 0 0.4013672 0.5114746 0 0.4006348 0.527832 0 0.3916016 0.526123 0 0.4038086 0.5292969 0 0.4208984 0.5102539 0 0.4243164 0.5292969 0 0.4538574 0.5085449 0 0.4536133 0.5292969 0 0.4924316 0.5070801 0 0.4924316 0.5292969 0 0.5307617 0.5292969 0 0.5307617 0.5085449 0 0.5600586 0.5292969 0 0.5634766 0.5102539 0 0.5810547 0.5292969 0 0.5830078 0.5114746 0 0.5839844 0.527832 0 0.5927734 0.526123 0 0.8706055 0.5107422 0 0.8413086 0.5246582 0 0.8676758 0.4882812 0 0.8549805 0.5290527 0 0.8417969 0.5488281 0 0.8520508 0.5488281 0 0.6103516 -0.2646484 0 0.5859375 -0.2509766 0 0.6103516 -0.2548828 0 0.5834961 -0.2587891 0 0.559082 -0.25 0 0.5605469 -0.2578125 0 0.5317383 -0.2539062 0 0.5371094 -0.2626953 0 0.5205078 -0.2558594 0 0.5214844 -0.2646484 0 0.5014648 -0.2587891 0 0.5029297 -0.2695312 0 0.4794922 -0.2626953 0 0.480957 -0.2734375 0 0.9648438 0.3417969 0 0.9873047 0.3144531 0 0.9873047 0.3740234 0 0.9648438 0.3740234 0 0.9648438 0.40625 0 0.9873047 0.4335937 0 0.2858887 0.009277344 0 0.284668 0.015625 0 0.237793 0.009277344 0 0.237793 0.015625 0 0.1888428 0.015625 0 0.1878662 0.009277344 0 0.6611328 0.7089844 0 0.6279297 0.7438965 0 0.6352539 0.7265625 0 0.6679688 0.7351074 0 0.6708984 0.7419434 0 0.6723633 0.7451172 0 0.3996582 0.5783691 0 0.4077148 0.5783691 0 0.4077148 0.6447754 0 0.3996582 0.642334 0 0.3806152 0.5822754 0 0.4077148 0.6791992 0 0.3803711 0.6408691 0 0.3996582 0.6755371 0 0.3996582 0.6945801 0 0.4077148 0.6992188 0 0.3803711 0.6696777 0 0.3996582 0.7258301 0 0.4077148 0.7241211 0 0.3798828 0.6950684 0 0.4077148 0.7634277 0 0.3481445 0.6674805 0 0.3996582 0.7662354 0 0.4077148 0.8115234 0 0.378418 0.7241211 0 0.3996582 0.8112793 0 0.4077148 0.8404541 0 0.3764648 0.7651367 0 0.3996582 0.8435059 0 0.4077148 0.8815918 0 0.3757324 0.8144531 0 0.3444824 0.7253418 0 0.3996582 0.8865356 0 0.4077148 0.9296265 0 0.3461914 0.6928711 0 0.4077148 0.9862137 0 0.3996582 0.9862137 0 0.3996582 0.9321289 0 0.3818359 0.9825897 0 0.3781738 0.9295044 0 0.376709 0.8466797 0 0.3762207 0.888855 0 0.3452148 0.9404297 0 0.3483887 0.9862137 0 0.3122559 0.9862137 0 0.3427734 0.8929443 0 0.3405762 0.8479004 0 0.3046875 0.8948975 0 0.3085937 0.9476318 0 0.3005371 0.9849777 0 0.2963867 0.9442749 0 0.2758789 0.9852066 0 0.2697754 0.9450378 0 0.2485352 0.9862137 0 0.2924805 0.8955078 0 0.3029785 0.8530273 0 0.2435303 0.9445801 0 0.2174072 0.9862137 0 0.239502 0.8980103 0 0.2893066 0.8514404 0 0.2121582 0.9450989 0 0.2021484 0.9862137 0 0.208252 0.8981323 0 0.1973877 0.9446411 0 0.1867676 0.9862137 0 0.237793 0.8508301 0 0.1820068 0.9454956 0 0.1535645 0.9862137 0 0.1932373 0.8973999 0 0.149292 0.946167 0 0.1157837 0.9862137 0 0.1778564 0.8956909 0 0.1116943 0.9457397 0 0.07800293 0.9862137 0 0.145752 0.9017944 0 0.07330322 0.946106 0 0.1069946 0.897644 0 0.02612305 0.9402161 0 0.03271484 0.9862137 0 0.009849548 0.9862137 0 0.009849548 0.9385681 0 0.009849548 0.904541 0 0.02854919 0.9067993 0 0.009849548 0.880188 0 0.0713501 0.8961182 0 0.02902222 0.8804932 0 0.03216553 0.8475342 0 0.009849548 0.8450928 0 0.06964111 0.8486328 0 0.03436279 0.8155518 0 0.009849548 0.8128662 0 0.009849548 0.7697754 0 0.1069336 0.8494873 0 0.03601074 0.7679443 0 0.009849548 0.7385254 0 0.07000732 0.8182373 0 0.07012939 0.7681885 0 0.1069946 0.8165283 0 0.03359985 0.7338867 0 0.009849548 0.7038574 0 0.07141113 0.7314453 0 0.03173828 0.699707 0 0.009849548 0.6743164 0 0.1082153 0.7683105 0 0.0292511 0.6679688 0 0.009849548 0.6335449 0 0.07159424 0.6958008 0 0.02960205 0.630127 0 0.009849548 0.5783691 0 0.03271484 0.5783691 0 0.07171631 0.6638184 0 0.07244873 0.6303711 0 0.07824707 0.5783691 0 0.1114502 0.628418 0 0.1160278 0.5783691 0 0.1102295 0.6650391 0 0.1503906 0.621582 0 0.1539307 0.5783691 0 0.1871338 0.5783691 0 0.1497803 0.6594238 0 0.1846924 0.6218262 0 0.2025146 0.5783691 0 0.1098022 0.6955566 0 0.1489258 0.6928711 0 0.109436 0.732666 0 0.1832275 0.692627 0 0.1463623 0.769043 0 0.1477051 0.7299805 0 0.1809082 0.7319336 0 0.1790771 0.7694092 0 0.144043 0.8206787 0 0.1765137 0.8210449 0 0.1437988 0.8463135 0 0.1762695 0.8514404 0 0.1917725 0.8500977 0 0.1911621 0.8215332 0 0.2060547 0.8493652 0 0.1937256 0.7701416 0 0.2050781 0.8205566 0 0.2370605 0.8186035 0 0.1962891 0.7312012 0 0.2084961 0.7700195 0 0.1988525 0.6904297 0 0.2116699 0.7314453 0 0.239624 0.7702637 0 0.2849121 0.8178711 0 0.243042 0.7302246 0 0.3005371 0.8181152 0 0.2871094 0.7714844 0 0.3395996 0.8167725 0 0.3039551 0.7709961 0 0.3413086 0.7706299 0 0.3068848 0.7275391 0 0.2902832 0.7299805 0 0.3098145 0.6953125 0 0.2700195 0.6975098 0 0.3115234 0.6672363 0 0.2978516 0.6938477 0 0.2460937 0.6896973 0 0.2995605 0.666748 0 0.2736816 0.6640625 0 0.300293 0.6242676 0 0.3430176 0.6274414 0 0.3483887 0.5783691 0 0.3122559 0.5783691 0 0.3125 0.628418 0 0.3005371 0.5778809 0 0.2749023 0.6171875 0 0.2749023 0.572998 0 0.2485352 0.5783691 0 0.248291 0.6206055 0 0.2478027 0.6630859 0 0.2167969 0.6196289 0 0.2176514 0.5783691 0 0.2159424 0.6621094 0 0.2008057 0.6210938 0 0.2144775 0.6906738 0 0.2001953 0.6628418 0 0.1843262 0.6630859 0 0.4638672 0.6779785 0 0.4316406 0.6779785 0 0.4316406 0.6508789 0 0.4655762 0.6508789 0 0.4316406 0.6459961 0 0.5131836 0.6779785 0 0.4685059 0.6459961 0 0.5141602 0.6508789 0 0.550293 0.6779785 0 0.515625 0.6459961 0 0.5507813 0.6508789 0 0.5522461 0.6459961 0 0.5766602 0.6508789 0 0.578125 0.6459961 0 0.5776367 0.6779785 0 0.6269531 0.6459961 0 0.6293945 0.6508789 0 0.6313477 0.6779785 0 0.6679688 0.6459961 0 0.6713867 0.6508789 0 0.6728516 0.6779785 0 0.6948242 0.6459961 0 0.6972656 0.6508789 0 0.6982422 0.6779785 0 0.715332 0.6459961 0 0.715332 0.6508789 0 0.7158203 0.6779785 0 0.7543945 0.6459961 0 0.7553711 0.6508789 0 0.7558594 0.6779785 0 0.8007813 0.6779785 0 0.8007813 0.6508789 0 0.8007813 0.6459961 0 0.4077148 -0.4208984 0 0.3996582 -0.4208984 0 0.4077148 -0.3544922 0 0.3996582 -0.3574219 0 0.3806152 -0.4169922 0 0.4077148 -0.3203125 0 0.3803711 -0.359375 0 0.3996582 -0.3242187 0 0.3996582 -0.3046875 0 0.4077148 -0.3007812 0 0.3803711 -0.3300781 0 0.3996582 -0.2734375 0 0.4077148 -0.2753906 0 0.4077148 -0.2363281 0 0.3798828 -0.3046875 0 0.3481445 -0.3320312 0 0.3430176 -0.3720703 0 0.3483887 -0.4208984 0 0.3122559 -0.4208984 0 0.3461914 -0.3066406 0 0.3125 -0.3710937 0 0.3115234 -0.3320312 0 0.300293 -0.375 0 0.3005371 -0.421875 0 0.3781738 -0.2753906 0 0.248291 -0.3789062 0 0.2485352 -0.4208984 0 0.3444824 -0.2744141 0 0.2163086 -0.3789062 0 0.2176514 -0.4208984 0 0.3098145 -0.3046875 0 0.2008057 -0.3789062 0 0.2025146 -0.4208984 0 0.2159424 -0.3378906 0 0.1846924 -0.3779297 0 0.1871338 -0.4208984 0 0.2001953 -0.3369141 0 0.2478027 -0.3369141 0 0.2144775 -0.3085937 0 0.2973633 -0.3330078 0 0.2460937 -0.3095703 0 0.270752 -0.3085937 0 0.2978516 -0.3056641 0 0.243042 -0.2695312 0 0.3068848 -0.2724609 0 0.2912598 -0.2734375 0 0.2663574 -0.2626953 0 0.3413086 -0.2285156 0 0.3039551 -0.2285156 0 0.2871094 -0.2285156 0 0.3762207 -0.234375 0 0.3395996 -0.1826172 0 0.3996582 -0.2333984 0 0.4077148 -0.1884766 0 0.3996582 -0.1884766 0 0.4077148 -0.1591797 0 0.375 -0.1855469 0 0.3996582 -0.15625 0 0.4077148 -0.1181641 0 0.3405762 -0.1513672 0 0.3996582 -0.1132812 0 0.3757324 -0.1523437 0 0.4077148 -0.0703125 0 0.3996582 -0.01367187 0 0.4077148 -0.01367187 0 0.3996582 -0.06738281 0 0.3820801 -0.01757812 0 0.3776855 -0.06933594 0 0.3754883 -0.1103516 0 0.3427734 -0.1064453 0 0.3452148 -0.05957031 0 0.3483887 -0.01367187 0 0.3122559 -0.01367187 0 0.3046875 -0.1044922 0 0.3085937 -0.05175781 0 0.3005371 -0.01464844 0 0.2963867 -0.05566406 0 0.2485352 -0.01367187 0 0.3029785 -0.1464844 0 0.2435303 -0.0546875 0 0.2174072 -0.01367187 0 0.2924805 -0.1044922 0 0.2121582 -0.0546875 0 0.2021484 -0.01367187 0 0.239502 -0.1015625 0 0.1973877 -0.0546875 0 0.1867676 -0.01367187 0 0.208252 -0.1015625 0 0.1820068 -0.05371094 0 0.1535645 -0.01367187 0 0.1932373 -0.1025391 0 0.149292 -0.05371094 0 0.1157837 -0.01367187 0 0.1778564 -0.1035156 0 0.1116943 -0.05371094 0 0.07800293 -0.01367187 0 0.145752 -0.09765625 0 0.07330322 -0.05371094 0 0.1917725 -0.1494141 0 0.02612305 -0.05957031 0 0.03271484 -0.01367187 0 0.009849548 -0.01367187 0 0.009849548 -0.06054687 0 0.009849548 -0.09472656 0 0.02854919 -0.09277344 0 0.009849548 -0.1191406 0 0.0713501 -0.1035156 0 0.02902222 -0.1191406 0 0.03216553 -0.1523437 0 0.009849548 -0.1542969 0 0.06964111 -0.1513672 0 0.1069946 -0.1015625 0 0.03436279 -0.1835937 0 0.009849548 -0.1865234 0 0.009849548 -0.2294922 0 0.1069336 -0.1503906 0 0.03601074 -0.2314453 0 0.009849548 -0.2607422 0 0.07000732 -0.1816406 0 0.07012939 -0.2314453 0 0.1069946 -0.1826172 0 0.1437988 -0.1533203 0 0.1762695 -0.1484375 0 0.1765137 -0.1787109 0 0.144043 -0.1787109 0 0.1082153 -0.2314453 0 0.1463623 -0.2304687 0 0.07141113 -0.2685547 0 0.109436 -0.2666016 0 0.03359985 -0.265625 0 0.009849548 -0.2958984 0 0.03173828 -0.2998047 0 0.009849548 -0.3251953 0 0.0292511 -0.3320312 0 0.009849548 -0.3662109 0 0.07159424 -0.3037109 0 0.1098022 -0.3037109 0 0.02960205 -0.3691406 0 0.009849548 -0.4208984 0 0.03271484 -0.4208984 0 0.07171631 -0.3359375 0 0.07244873 -0.3691406 0 0.07824707 -0.4208984 0 0.1102295 -0.3349609 0 0.1114502 -0.3710937 0 0.1160278 -0.4208984 0 0.1489258 -0.3066406 0 0.1497803 -0.3398437 0 0.1503906 -0.3779297 0 0.1539307 -0.4208984 0 0.1843262 -0.3369141 0 0.1477051 -0.2695312 0 0.1832275 -0.3066406 0 0.1988525 -0.3095703 0 0.1809082 -0.2675781 0 0.1962891 -0.2685547 0 0.2116699 -0.2685547 0 0.1790771 -0.2304687 0 0.1937256 -0.2294922 0 0.1911621 -0.1777344 0 0.2084961 -0.2294922 0 0.2050781 -0.1787109 0 0.2060547 -0.1503906 0 0.2370605 -0.1806641 0 0.237793 -0.1484375 0 0.239624 -0.2294922 0 0.260498 -0.1806641 0 0.2641602 -0.2285156 0 0.2822266 -0.1826172 0 0.2800293 -0.1474609 0 0.3005371 -0.1816406 0 0.7436523 -0.1259766 0 0.7241211 -0.1259766 0 0.7241211 -0.1064453 0 0.7436523 -0.1064453 0 0.753418 -0.1259766 0 0.7241211 -0.08789062 0 0.753418 -0.1064453 0 0.7436523 -0.08789062 0 0.7436523 -0.06835937 0 0.7241211 -0.06835937 0 0.7241211 -0.04980469 0 0.753418 -0.08789062 0 0.7631836 -0.1064453 0 0.7631836 -0.1259766 0 0.7631836 -0.08789062 0 0.7729492 -0.1064453 0 0.7729492 -0.1259766 0 0.7827148 -0.1064453 0 0.7827148 -0.1259766 0 0.7827148 -0.08789062 0 0.7729492 -0.08789062 0 0.7827148 -0.06835937 0 0.7729492 -0.06835937 0 0.753418 -0.06835937 0 0.7631836 -0.06835937 0 0.7729492 -0.04980469 0 0.7827148 -0.04980469 0 0.7631836 -0.04980469 0 0.7729492 -0.03027344 0 0.7827148 -0.03027344 0 0.7827148 -0.01171875 0 0.7729492 -0.01171875 0 0.7631836 -0.03027344 0 0.7631836 -0.01171875 0 0.753418 -0.04980469 0 0.753418 -0.03027344 0 0.753418 -0.01171875 0 0.7436523 -0.04980469 0 0.7241211 -0.03027344 0 0.7436523 -0.03027344 0 0.7436523 -0.01171875 0 0.7241211 -0.01171875 0 0.1101685 0.4882812 0 0.1643066 0.5178223 0 0.1297607 0.5251465 0 0.1640625 0.4726562 0 0.1816406 0.5151367 0 0.1816406 0.4702148 0 0.1668701 0.4306641 0 0.1816406 0.4296875 0 0.1602783 0.3916016 0 0.7338867 -0.2451172 0 0.7338867 -0.2470703 0 0.6865234 -0.2402344 0 0.6865234 -0.2373047 0 0.6542969 -0.2314453 0 0.7338867 -0.2421875 0 0.6547852 -0.2285156 0 0.6318359 -0.2265625 0 0.6870117 -0.234375 0 0.6967773 -0.2119141 0 0.7338867 -0.2167969 0 0.7338867 -0.2080078 0 0.6953125 -0.2021484 0 0.65625 -0.2255859 0 0.6586914 -0.1953125 0 0.6582031 -0.1904297 0 0.6333008 -0.2216797 0 0.6054688 -0.1845703 0 0.609375 -0.1777344 0 0.5654297 -0.1728516 0 0.6323242 -0.2246094 0 0.5991211 -0.2167969 0 0.5991211 -0.2138672 0 0.5688477 -0.21875 0 0.5986328 -0.2119141 0 0.565918 -0.1806641 0 0.5185547 -0.1777344 0 0.519043 -0.1855469 0 0.5673828 -0.2158203 0 0.5664063 -0.2128906 0 0.5292969 -0.2197266 0 0.5302734 -0.2226562 0 0.5307617 -0.2246094 0 0.7338867 0.7529297 0 0.7338867 0.7547607 0 0.6865234 0.7595215 0 0.6865234 0.7619629 0 0.6542969 0.7679443 0 0.7338867 0.7570801 0 0.6547852 0.770752 0 0.6318359 0.7728271 0 0.6870117 0.7648926 0 0.6967773 0.7873535 0 0.7338867 0.7827148 0 0.7338867 0.7913818 0 0.6953125 0.7973633 0 0.65625 0.7738037 0 0.6586914 0.803833 0 0.6582031 0.8087158 0 0.6333008 0.7780762 0 0.6054688 0.8150635 0 0.609375 0.8218994 0 0.5654297 0.8265381 0 0.6323242 0.7753906 0 0.5991211 0.7830811 0 0.5991211 0.7854004 0 0.5688477 0.7811279 0 0.5986328 0.7880859 0 0.5673828 0.7840576 0 0.5307617 0.7749023 0 0.5302734 0.7770996 0 0.5664063 0.7871094 0 0.5292969 0.7794189 0 0.519043 0.814209 0 0.565918 0.8190918 0 0.5185547 0.8218994 0 0.9770508 0.015625 0 0.9770508 0.06835937 0 0.9702148 0.015625 0 0.9702148 0.06835937 0 0.9389648 0.03662109 0 0.9389648 0.06835937 0 0.9511719 0.015625 0 0.9702148 0.009277344 0 0.9389648 0.015625 0 0.9389648 0.009277344 0 0.6552734 -0.06152344 0 0.6430664 -0.06152344 0 0.6494141 -0.08203125 0 0.6430664 -0.04101562 0 0.6552734 -0.04101562 0 0.6494141 -0.01953125 0 0.6679688 -0.06152344 0 0.6616211 -0.08203125 0 0.6679688 -0.04101562 0 0.6616211 -0.01953125 0 0.6806641 -0.04101562 0 0.6743164 -0.01953125 0 0.6806641 -0.06152344 0 0.6743164 -0.08203125 0 0.6928711 -0.04101562 0 0.6870117 -0.01953125 0 0.7055664 -0.04101562 0 0.6992188 -0.01953125 0 0.6928711 -0.06152344 0 0.6870117 -0.08203125 0 0.7055664 -0.06152344 0 0.6992188 -0.08203125 0 0.6430664 0.9587402 0 0.6552734 0.9587402 0 0.6494141 0.979599 0 0.6430664 0.9378662 0 0.6552734 0.9378662 0 0.6494141 0.9170532 0 0.6679688 0.9587402 0 0.6616211 0.979599 0 0.6679688 0.9378662 0 0.6616211 0.9170532 0 0.6806641 0.9378662 0 0.6743164 0.9170532 0 0.6806641 0.9587402 0 0.6743164 0.979599 0 0.6928711 0.9378662 0 0.6870117 0.9170532 0 0.7055664 0.9378662 0 0.6992188 0.9170532 0 0.7055664 0.9587402 0 0.6928711 0.9587402 0 0.6870117 0.979599 0 0.6992188 0.979599 0 0.3747559 0.526123 0 0.3625488 0.526123 0 0.3625488 0.4833984 0 0.3725586 0.4882812 0 0.3625488 0.4541016 0 0.3879395 0.4985352 0 0.3916016 0.526123 0 0.4013672 0.5114746 0 0.3706055 0.456543 0 0.3625488 0.4179687 0 0.375 0.4194336 0 0.4050293 0.4233398 0 0.4099121 0.4697266 0 0.4208984 0.5102539 0 0.4433594 0.4277344 0 0.4482422 0.4765625 0 0.4538574 0.5085449 0 0.4921875 0.4291992 0 0.4921875 0.4794922 0 0.4924316 0.5070801 0 0.5307617 0.5085449 0 0.5361328 0.4765625 0 0.5410156 0.4277344 0 0.5634766 0.5102539 0 0.574707 0.4697266 0 0.5795898 0.4233398 0 0.5830078 0.5114746 0 0.6079102 0.456543 0 0.609375 0.4194336 0 0.5966797 0.4985352 0 0.5927734 0.526123 0 0.6098633 0.526123 0 0.621582 0.4541016 0 0.6220703 0.4179687 0 0.6118164 0.4882812 0 0.621582 0.4833984 0 0.621582 0.526123 0 0.7827148 0.9689789 0 0.7827148 0.9880676 0 0.7729492 0.9880676 0 0.7729492 0.9689789 0 0.7827148 0.9499207 0 0.7631836 0.9689789 0 0.7631836 0.9880676 0 0.7729492 0.9499207 0 0.7827148 0.9308472 0 0.7631836 0.9499207 0 0.753418 0.9689789 0 0.753418 0.9880676 0 0.753418 0.9499207 0 0.7436523 0.9689789 0 0.7436523 0.9880676 0 0.7241211 0.9880676 0 0.7241211 0.9689789 0 0.7436523 0.9499207 0 0.7241211 0.9499207 0 0.7436523 0.9308472 0 0.7241211 0.9308472 0 0.7241211 0.9117432 0 0.753418 0.9308472 0 0.7436523 0.9117432 0 0.7631836 0.9308472 0 0.753418 0.9117432 0 0.7729492 0.9308472 0 0.7436523 0.8926392 0 0.7241211 0.8926392 0 0.7241211 0.8736572 0 0.7436523 0.8736572 0 0.753418 0.8736572 0 0.753418 0.8926392 0 0.7631836 0.8736572 0 0.7631836 0.9117432 0 0.7631836 0.8926392 0 0.7729492 0.8736572 0 0.7729492 0.9117432 0 0.7827148 0.9117432 0 0.7827148 0.8926392 0 0.7827148 0.8736572 0 0.7729492 0.8926392 0 0.2670898 -0.5371094 0 0.2541504 -0.5800781 0 0.2265625 -0.5498047 0 0.2226562 -0.5224609 0 0.2342529 -0.484375 0 0.2685547 -0.4707031 0 0.2839355 -0.4765625 0 0.3017578 -0.4902344 0 0.3085937 -0.5244141 0 0.3024902 -0.5683594 0 0.2875977 -0.5830078 0 0.2541504 -0.5800781 0 0.8344727 -0.1054687 0 0.8037109 -0.08789062 0 0.8242188 -0.08886719 0 0.8447266 -0.08789062 0 0.8139648 -0.0703125 0 0.8344727 -0.0703125 0 0.8242188 -0.04199219 0 0.8037109 -0.04101562 0 0.8344727 -0.02246094 0 0.8447266 -0.04101562 0 0.8139648 -0.05859375 0 0.8344727 -0.05859375 0 0.8037109 0.911499 0 0.8344727 0.8937378 0 0.8242188 0.9107056 0 0.8139648 0.9293213 0 0.8447266 0.911499 0 0.8344727 0.9293213 0 0.8242188 0.9580078 0 0.8344727 0.9766235 0 0.8037109 0.9588318 0 0.8447266 0.9588318 0 0.8139648 0.94104 0 0.8344727 0.94104 0 0.2670898 0.4628906 0 0.3017578 0.5092773 0 0.2839355 0.5227051 0 0.2685547 0.5292969 0 0.3085937 0.4755859 0 0.2342529 0.5153809 0 0.3024902 0.4316406 0 0.2226562 0.4770508 0 0.2875977 0.4165039 0 0.2265625 0.4501953 0 0.2541504 0.4199219 0 0.9648438 0.3417969 0 0.9648438 0.3149414 0 0.9873047 0.3144531 0 0.9873047 0.4335937 0 0.9648438 0.4331055 0 0.9648438 0.40625 0 0.9648438 0.4985352 0 0.9648438 0.4697266 0 0.9873047 0.4853516 0 0.9873047 0.2626953 0 0.9648438 0.2783203 0 0.9648438 0.2495117 0 0.7436523 0.425293 0 0.7148438 0.4111328 0 0.7177734 0.4033203 0 0.7026367 0.4082031 0 0.7050781 0.402832 0 0.7148438 0.4111328 0 0.9389648 0.4760742 0 0.9477539 0.4804687 0 0.9443359 0.4887695 0 0.6679688 -0.2646484 0 0.6279297 -0.2558594 0 0.6723633 -0.2548828 0 0.01925659 0.4931641 0 0.03915405 0.4897461 0 0.03915405 0.4941406 0 0.4365234 -0.2001953 0 0.4333496 -0.1894531 0 0.4379883 -0.21875 0 0.7099609 0.4882812 0 0.7724609 0.4956055 0 0.7514648 0.5385742 0 0.668457 0.5385742 0 0.6474609 0.4956055 0 0.9648438 0.6274414 0 0.9873047 0.6242676 0 0.9873047 0.6711426 0 0.9648438 0.6740723 0 0.9873047 0.6711426 0 0.4467773 0.739502 0 0.4931641 0.7618408 0 0.4924316 0.7633057 0 0.5307617 0.7749023 0 0.4924316 0.7633057 0 0.6860352 0.6235352 0 0.6831055 0.6318359 0 0.6552734 0.6318359 0 0.6860352 0.6235352 0 0.7236328 0.6318359 0 0.722168 0.6235352 0 0.7724609 0.6318359 0 0.7236328 0.6318359 0 0.6552734 0.6318359 0 0.659668 0.597168 0 0.6069336 0.597168 0 0.6049805 0.6235352 0 0.6855469 0.597168 0 0.5649414 0.597168 0 0.5649414 0.6318359 0 0.5209961 0.597168 0 0.5195313 0.6318359 0 0.7216797 0.597168 0 0.7202148 0.5925293 0 0.722168 0.6235352 0 0.7670898 0.5925293 0 0.7724609 0.6318359 0 0.8007813 0.597168 0 0.8007813 0.6235352 0 0.5195313 0.6318359 0 0.4812012 0.597168 0 0.4787598 0.6318359 0 0.4316406 0.6235352 0 0.4316406 0.597168 0 0.9648438 0.3149414 0 0.9648438 0.2783203 0 0.9873047 0.3144531 0 0.9873047 0.2626953 0 0.9873047 0.4853516 0 0.9648438 0.4697266 0 0.9873047 0.4335937 0 0.9648438 0.4331055 0 0.9648438 0.5327148 0 0.9648438 0.4985352 0 0.9873047 0.5319824 0 0.9873047 0.4853516 0 0.7099609 0.5561523 0 0.7099609 0.4882812 0 0.7514648 0.5385742 0 0.668457 0.5385742 0 0.9873047 0.2626953 0 0.9648438 0.2495117 0 0.9873047 0.2163086 0 0.9648438 0.215332 0 0.9648438 0.1855469 0 0.9873047 0.2163086 0 0.9648438 0.215332 0 0.9873047 0.1801758 0 0.9648438 0.1108398 0 0.9873047 0.1801758 0 0.9648438 0.1855469 0 0.9873047 0.109375 0 0.9389648 0.009277344 0 0.9389648 0.015625 0 0.8964844 0.009277344 0 0.8945313 0.015625 0 0.7148438 0.4111328 0 0.7050781 0.402832 0 0.7177734 0.4033203 0 0.7080078 0.3959961 0 0.9443359 0.4887695 0 0.9057617 0.4780273 0 0.9389648 0.4760742 0 0.8916016 0.496582 0 0.6103516 0.7451172 0 0.6352539 0.7265625 0 0.6279297 0.7438965 0 0.6103516 0.7348633 0 0.6352539 -0.2734375 0 0.6679688 -0.2646484 0 0.6611328 -0.2910156 0 0.6279297 -0.2558594 0 0.6352539 -0.2734375 0 0.6103516 -0.2548828 0 0.6279297 -0.2558594 0 0.6103516 -0.2646484 0 0.8007813 0.5488281 0 0.8007813 0.5151367 0 0.8413086 0.5246582 0 0.8417969 0.5488281 0 0.1297607 0.5251465 0 0.1816406 0.5151367 0 0.1816406 0.5488281 0 0.130249 0.5488281 0 0.6572266 0.4511719 0 0.7099609 0.4882812 0 0.6474609 0.4956055 0 0.6572266 0.4511719 0 0.6743164 0.4257812 0 0.7626953 0.4511719 0 0.7724609 0.4956055 0 0.7436523 0.425293 0 0.7148438 0.4111328 0 0.7060547 0.4145508 0 0.7026367 0.4082031 0 0.6743164 0.4257812 0 0.6972656 0.4018555 0 0.9873047 0.6242676 0 0.9648438 0.6274414 0 0.9873047 0.5695801 0 0.9648438 0.5615234 0 0.9873047 0.5319824 0 0.9648438 0.5327148 0 0.4387207 0.015625 0 0.4396973 0.009277344 0 0.4924316 0.015625 0 0.5449219 0.009277344 0 0.5458984 0.015625 0 0.5927734 0.009277344 0 0.59375 0.015625 0 0.6425781 0.009277344 0 0.6435547 0.015625 0 0.6982422 0.009277344 0 0.6992188 0.015625 0 0.7441406 0.015625 0 0.746582 0.009277344 0 0.7958984 0.015625 0 0.7963867 0.009277344 0 0.8447266 0.015625 0 0.8457031 0.009277344 0 0.8945313 0.015625 0 0.8964844 0.009277344 0 0.519043 0.814209 0 0.5307617 0.7749023 0 0.5688477 0.7811279 0 0.5654297 0.8265381 0 0.5991211 0.7830811 0 0.6054688 0.8150635 0 0.6323242 0.7753906 0 0.6586914 0.803833 0 0.65625 0.7738037 0 0.6967773 0.7873535 0 0.6953125 0.7973633 0 0.6865234 0.7595215 0 0.7338867 0.7913818 0 0.7338867 0.7547607 0 0.7338867 0.7827148 0 0.4924316 0.7633057 0 0.5307617 0.7749023 0 0.4919434 0.7662354 0 0.4799805 0.8054199 0 0.519043 0.814209 0 0.4814453 0.8149414 0 0.3408203 0.015625 0 0.284668 0.015625 0 0.2858887 0.009277344 0 0.342041 0.009277344 0 0.390625 0.015625 0 0.3916016 0.009277344 0 0.4387207 0.015625 0 0.4396973 0.009277344 0 0.519043 -0.1855469 0 0.4799805 -0.1943359 0 0.4814453 -0.1845703 0 0.5307617 -0.2246094 0 0.4919434 -0.2333984 0 0.4924316 -0.2363281 0 0.4489746 -0.2558594 0 0.4924316 -0.2363281 0 0.4467773 -0.2597656 0 0.4431152 -0.2167969 0 0.4919434 -0.2333984 0 0.4799805 -0.1943359 0 0.4399414 -0.21875 0 0.4460449 -0.2597656 0 0.4379883 -0.21875 0 0.4389648 -0.1972656 0 0.4333496 -0.1894531 0 0.4814453 -0.1845703 0 0.4333496 -0.1894531 0 0.1888428 0.015625 0 0.1417236 0.015625 0 0.1878662 0.009277344 0 0.1413574 0.009277344 0 0.09674072 0.015625 0 0.09735107 0.009277344 0 0.04437256 0.015625 0 0.04437256 0.009277344 0 0.01925659 0.01660156 0 0.01925659 0.009277344 0 0.5239258 0.8603516 0 0.5253906 0.8477783 0 0.5454102 0.8527832 0 0.5356445 0.8778687 0 0.5224609 0.8762817 0 0.5180664 0.9185791 0 0.5356445 0.8778687 0 0.512207 0.8779907 0 0.5239258 0.8603516 0 0.5224609 0.8762817 0 0.5117188 0.8470459 0 0.5253906 0.8477783 0 0.5478516 0.8839722 0 0.5454102 0.8527832 0 0.565918 0.862793 0 0.5605469 0.8943481 0 0.5820313 0.8787842 0 0.5927734 0.9005127 0 0.5644531 0.9168701 0 0.5952148 0.9256592 0 0.559082 0.9365845 0 0.5878906 0.9520569 0 0.5688477 0.9706116 0 0.5380859 0.9473877 0 0.5449219 0.9802551 0 0.5180664 0.9502869 0 0.4912109 0.9801331 0 0.4980469 0.9472656 0 0.4980469 0.9472656 0 0.4912109 0.9801331 0 0.4675293 0.9703979 0 0.4772949 0.9364014 0 0.4482422 0.9518127 0 0.4772949 0.9364014 0 0.4411621 0.925415 0 0.4716797 0.916687 0 0.4716797 0.916687 0 0.4411621 0.925415 0 0.4433594 0.9002075 0 0.4760742 0.894104 0 0.4541016 0.878418 0 0.4541016 0.878418 0 0.4694824 0.8632813 0 0.4863281 0.8842163 0 0.4863281 0.8842163 0 0.4868164 0.8538818 0 0.4995117 0.878418 0 0.503418 0.8486328 0 0.512207 0.8763428 0 0.5214844 0.859375 0 0.5185547 0.8460693 0 0.512207 0.8754272 0 0.5234375 0.8762207 0 0.5234375 0.8762207 0 0.01393127 0.06835937 0 0.01393127 0.03662109 0 0.01925659 0.03662109 0 0.01925659 0.01660156 0 0.01393127 0.01660156 0 0.04437256 0.015625 0 0.01925659 0.03662109 0 0.04437256 0.06835937 0 0.09674072 0.015625 0 0.01925659 0.06835937 0 0.01393127 0.06835937 0 0.01393127 0.06835937 0 0.01393127 0.1206055 0 0.1367187 0.06835937 0 0.1417236 0.015625 0 0.01925659 0.1206055 0 0.01393127 0.1796875 0 0.04437256 0.1206055 0 0.01925659 0.1796875 0 0.01393127 0.2197266 0 0.04437256 0.1796875 0 0.08599854 0.1206055 0 0.08361816 0.1796875 0 0.04437256 0.2197266 0 0.01925659 0.2197266 0 0.01393127 0.2875977 0 0.01925659 0.2875977 0 0.01925659 0.3461914 0 0.01393127 0.347168 0 0.0435791 0.2880859 0 0.01925659 0.40625 0 0.01393127 0.4077148 0 0.04406738 0.3452148 0 0.01925659 0.4516602 0 0.01393127 0.453125 0 0.01393127 0.4780273 0 0.01925659 0.4819336 0 0.04400635 0.4047852 0 0.04592896 0.4516602 0 0.04714966 0.4750977 0 0.0802002 0.4008789 0 0.08044434 0.4536133 0 0.07763672 0.4770508 0 0.1219482 0.3442383 0 0.1291504 0.4389648 0 0.07763672 0.4770508 0 0.1243896 0.3950195 0 0.1101685 0.4882812 0 0.08996582 0.4960937 0 0.09832764 0.5112305 0 0.1816406 0.4296875 0 0.1816406 0.4702148 0 0.1101685 0.4882812 0 0.1297607 0.5251465 0 0.1816406 0.5151367 0 0.1602783 0.3916016 0 0.1994629 0.3828125 0 0.157959 0.3457031 0 0.2822266 0.3427734 0 0.2858887 0.3696289 0 0.1225586 0.2890625 0 0.2196045 0.2910156 0 0.2817383 0.2924805 0 0.1309814 0.2197266 0 0.2246094 0.2207031 0 0.2827148 0.2216797 0 0.1381836 0.1806641 0 0.2275391 0.1796875 0 0.2844238 0.1796875 0 0.1739502 0.1796875 0 0.1546631 0.1206055 0 0.1558838 0.1206055 0 0.1794434 0.1206055 0 0.2313232 0.1206055 0 0.2844238 0.1206055 0 0.1695557 0.0859375 0 0.1831055 0.06835937 0 0.1888428 0.015625 0 0.2348633 0.06835937 0 0.237793 0.015625 0 0.2844238 0.06835937 0 0.284668 0.015625 0 0.3435059 0.06738281 0 0.3408203 0.015625 0 0.390625 0.015625 0 0.4133301 0.07128906 0 0.4387207 0.015625 0 0.3430176 0.1191406 0 0.2844238 0.06835937 0 0.2844238 0.1206055 0 0.342041 0.1787109 0 0.2844238 0.1796875 0 0.3435059 0.2207031 0 0.2827148 0.2216797 0 0.4145508 0.1806641 0 0.3481445 0.2944336 0 0.2817383 0.2924805 0 0.2822266 0.3427734 0 0.338623 0.3681641 0 0.2858887 0.3696289 0 0.3554687 0.3447266 0 0.3664551 0.390625 0 0.4182129 0.2226562 0 0.4238281 0.296875 0 0.395752 0.3862305 0 0.3625488 0.4179687 0 0.4050293 0.4233398 0 0.4311523 0.3457031 0 0.4367676 0.3876953 0 0.4433594 0.4277344 0 0.4924316 0.2978516 0 0.4921875 0.3886719 0 0.4921875 0.4291992 0 0.5410156 0.4277344 0 0.4924316 0.3461914 0 0.5478516 0.3876953 0 0.5795898 0.4233398 0 0.5532227 0.3457031 0 0.5888672 0.3862305 0 0.6220703 0.4179687 0 0.6181641 0.390625 0 0.6289063 0.3447266 0 0.6459961 0.3681641 0 0.7016602 0.3422852 0 0.6982422 0.3696289 0 0.5610352 0.296875 0 0.6362305 0.2944336 0 0.7026367 0.2919922 0 0.7016602 0.2211914 0 0.4924316 0.2241211 0 0.5673828 0.2231445 0 0.6401367 0.2202148 0 0.699707 0.1796875 0 0.4924316 0.1821289 0 0.5703125 0.1806641 0 0.640625 0.1782227 0 0.6992188 0.1206055 0 0.4924316 0.1235352 0 0.5708008 0.1220703 0 0.640625 0.1191406 0 0.6992188 0.06835937 0 0.4924316 0.07226562 0 0.4924316 0.015625 0 0.5458984 0.015625 0 0.5712891 0.07128906 0 0.59375 0.015625 0 0.6416016 0.06738281 0 0.6435547 0.015625 0 0.6992188 0.015625 0 0.6992188 0.06835937 0 0.7441406 0.015625 0 0.7495117 0.06835937 0 0.6992188 0.1206055 0 0.7958984 0.015625 0 0.7529297 0.1206055 0 0.699707 0.1796875 0 0.8012695 0.06835937 0 0.8447266 0.015625 0 0.7568359 0.1796875 0 0.7016602 0.2211914 0 0.8476563 0.06835937 0 0.8945313 0.015625 0 0.7597656 0.2202148 0 0.7026367 0.2919922 0 0.9389648 0.03662109 0 0.9389648 0.015625 0 0.8959961 0.06835937 0 0.9389648 0.06835937 0 0.8984375 0.1206055 0 0.9389648 0.1206055 0 0.8144531 0.0859375 0 0.9008789 0.1796875 0 0.9389648 0.1796875 0 0.8295898 0.1206055 0 0.828125 0.1206055 0 0.8461914 0.1806641 0 0.8081055 0.1796875 0 0.8115234 0.2197266 0 0.8530273 0.2197266 0 0.9033203 0.2197266 0 0.9389648 0.2197266 0 0.8183594 0.2890625 0 0.9033203 0.2880859 0 0.9389648 0.2875977 0 0.9389648 0.347168 0 0.8613281 0.2885742 0 0.9038086 0.3452148 0 0.9042969 0.4023437 0 0.9389648 0.4077148 0 0.8618164 0.3442383 0 0.8256836 0.3461914 0 0.7646484 0.2905273 0 0.7016602 0.3422852 0 0.7836914 0.3823242 0 0.6982422 0.3696289 0 0.8227539 0.3920898 0 0.8007813 0.4296875 0 0.859375 0.3959961 0 0.8535156 0.4389648 0 0.8007813 0.4697266 0 0.8413086 0.5246582 0 0.8007813 0.5151367 0 0.8676758 0.4882812 0 0.9042969 0.4545898 0 0.9389648 0.453125 0 0.9057617 0.4780273 0 0.9389648 0.4760742 0 0.9057617 0.4780273 0 0.8676758 0.4882812 0 0.8916016 0.496582 0 0.8706055 0.5107422 0 0.01925659 0.4819336 0 0.03915405 0.4897461 0 0.01925659 0.4931641 0 0.04714966 0.4750977 0 0.08996582 0.4960937 0 0.07763672 0.4770508 0 0.1297607 0.5251465 0 0.09832764 0.5112305 0 0.1101685 0.4882812 0 0.1074219 0.5297852 0 0.130249 0.5488281 0 0.1104126 0.5488281 0 0.5859375 0.7490234 0 0.6103516 0.7348633 0 0.6103516 0.7451172 0 0.5834961 0.7404785 0 0.559082 0.7492676 0 0.5605469 0.7421875 0 0.5317383 0.7458496 0 0.5371094 0.7373047 0 0.5205078 0.7436523 0 0.5214844 0.7348633 0 0.5014648 0.7404785 0 0.5029297 0.7299805 0 0.4794922 0.7370605 0 0.480957 0.7260742 0 0.8706055 0.5107422 0 0.8413086 0.5246582 0 0.8676758 0.4882812 0 0.8549805 0.5290527 0 0.8417969 0.5488281 0 0.8520508 0.5488281 0 0.6103516 -0.2646484 0 0.5859375 -0.2509766 0 0.6103516 -0.2548828 0 0.5834961 -0.2587891 0 0.559082 -0.25 0 0.5605469 -0.2578125 0 0.5317383 -0.2539062 0 0.5371094 -0.2626953 0 0.5205078 -0.2558594 0 0.5214844 -0.2646484 0 0.5014648 -0.2587891 0 0.5029297 -0.2695312 0 0.4794922 -0.2626953 0 0.480957 -0.2734375 0 0.4626465 0.6855469 0 0.4316406 0.6855469 0 0.4316406 0.6508789 0 0.4685059 0.6459961 0 0.5117188 0.6855469 0 0.5141602 0.6508789 0 0.515625 0.6459961 0 0.5532227 0.6855469 0 0.5507813 0.6508789 0 0.5766602 0.6508789 0 0.5810547 0.6855469 0 0.6293945 0.6508789 0 0.6313477 0.6779785 0 0.6713867 0.6508789 0 0.6713867 0.6855469 0 0.715332 0.6508789 0 0.7172852 0.6855469 0 0.7553711 0.6508789 0 0.7172852 0.6855469 0 0.7578125 0.6855469 0 0.8007813 0.6855469 0 0.8007813 0.6508789 0 0.5688477 -0.21875 0 0.5307617 -0.2246094 0 0.519043 -0.1855469 0 0.5654297 -0.1728516 0 0.5991211 -0.2167969 0 0.6054688 -0.1845703 0 0.6323242 -0.2246094 0 0.6586914 -0.1953125 0 0.65625 -0.2255859 0 0.6967773 -0.2119141 0 0.6953125 -0.2021484 0 0.6865234 -0.2402344 0 0.7338867 -0.2080078 0 0.7338867 -0.2451172 0 0.7338867 -0.2167969 0 0.9702148 0.009277344 0 0.9389648 0.015625 0 0.9389648 0.009277344 0 0.9702148 0.015625 0 0.9389648 0.03662109 0 0.9770508 0.015625 0 0.9770508 0.06835937 0 0.9702148 0.06835937 0 0.9389648 0.06835937 0 0.4013672 0.5114746 0 0.4006348 0.527832 0 0.3916016 0.526123 0 0.4038086 0.5292969 0 0.4243164 0.5292969 0 0.4538574 0.5085449 0 0.4536133 0.5292969 0 0.4924316 0.5070801 0 0.4924316 0.5292969 0 0.5307617 0.5292969 0 0.5307617 0.5085449 0 0.5600586 0.5292969 0 0.5830078 0.5114746 0 0.5810547 0.5292969 0 0.5839844 0.527832 0 0.5927734 0.526123 0 0.9648438 0.3417969 0 0.9873047 0.3144531 0 0.9873047 0.3740234 0 0.9648438 0.3740234 0 0.9648438 0.40625 0 0.9873047 0.4335937 0 0.2858887 0.009277344 0 0.284668 0.015625 0 0.237793 0.009277344 0 0.237793 0.015625 0 0.1888428 0.015625 0 0.1878662 0.009277344 0 0.6611328 0.7089844 0 0.6279297 0.7438965 0 0.6352539 0.7265625 0 0.6679688 0.7351074 0 0.6708984 0.7419434 0 0.6723633 0.7451172 0 0.6679688 -0.06152344 0 0.6552734 -0.06152344 0 0.6616211 -0.08203125 0 0.6679688 -0.04101562 0 0.6806641 -0.04101562 0 0.6743164 -0.01953125 0 0.6806641 -0.06152344 0 0.6743164 -0.08203125 0 0.6928711 -0.06152344 0 0.6870117 -0.08203125 0 0.6928711 -0.04101562 0 0.6870117 -0.01953125 0 0.7055664 -0.06152344 0 0.6992188 -0.01953125 0 0.6552734 0.9587402 0 0.6679688 0.9587402 0 0.6616211 0.979599 0 0.6679688 0.9378662 0 0.6806641 0.9587402 0 0.6743164 0.979599 0 0.6806641 0.9378662 0 0.6743164 0.9170532 0 0.6928711 0.9378662 0 0.6870117 0.9170532 0 0.4389648 0.802002 0 0.4333496 0.8050537 0 0.4365234 0.7990723 0 0.4333496 0.8103027 0 0.4814453 0.8149414 0 0.4799805 0.8054199 0 0.4431152 0.7827148 0 0.4919434 0.7662354 0 0.4399414 0.7810059 0 0.4365234 0.7990723 0 0.4379883 0.7806396 0 0.4467773 0.739502 0 0.4489746 0.7441406 0 0.4924316 0.7633057 0 0.3996582 0.5783691 0 0.4077148 0.5783691 0 0.4077148 0.6447754 0 0.3996582 0.642334 0 0.4077148 0.6791992 0 0.3430176 0.6274414 0 0.3122559 0.5783691 0 0.3996582 0.6755371 0 0.4077148 0.7241211 0 0.3125 0.628418 0 0.3996582 0.7258301 0 0.4077148 0.7634277 0 0.3115234 0.6672363 0 0.2749023 0.6171875 0 0.2749023 0.572998 0 0.2485352 0.5783691 0 0.1846924 0.6218262 0 0.1539307 0.5783691 0 0.1843262 0.6630859 0 0.1114502 0.628418 0 0.07824707 0.5783691 0 0.03271484 0.5783691 0 0.1497803 0.6594238 0 0.02960205 0.630127 0 0.009849548 0.5783691 0 0.009849548 0.6335449 0 0.07171631 0.6638184 0 0.0292511 0.6679688 0 0.009849548 0.6743164 0 0.03173828 0.699707 0 0.009849548 0.7038574 0 0.009849548 0.7385254 0 0.03601074 0.7679443 0 0.009849548 0.7697754 0 0.009849548 0.8128662 0 0.07141113 0.7314453 0 0.109436 0.732666 0 0.1082153 0.7683105 0 0.07000732 0.8182373 0 0.1489258 0.6928711 0 0.1463623 0.769043 0 0.1832275 0.692627 0 0.1809082 0.7319336 0 0.2460937 0.6896973 0 0.243042 0.7302246 0 0.2902832 0.7299805 0 0.2871094 0.7714844 0 0.239624 0.7702637 0 0.3996582 0.7662354 0 0.4077148 0.8115234 0 0.2849121 0.8178711 0 0.3757324 0.8144531 0 0.3005371 0.8181152 0 0.3996582 0.8435059 0 0.4077148 0.8404541 0 0.4077148 0.8815918 0 0.3405762 0.8479004 0 0.3996582 0.8865356 0 0.4077148 0.9296265 0 0.4077148 0.9862137 0 0.3996582 0.9862137 0 0.3996582 0.9321289 0 0.3452148 0.9404297 0 0.3122559 0.9862137 0 0.3427734 0.8929443 0 0.3085937 0.9476318 0 0.2758789 0.9852066 0 0.3046875 0.8948975 0 0.3029785 0.8530273 0 0.2924805 0.8955078 0 0.2893066 0.8514404 0 0.2435303 0.9445801 0 0.2485352 0.9862137 0 0.239502 0.8980103 0 0.237793 0.8508301 0 0.208252 0.8981323 0 0.1820068 0.9454956 0 0.1535645 0.9862137 0 0.2370605 0.8186035 0 0.2060547 0.8493652 0 0.1765137 0.8210449 0 0.144043 0.8206787 0 0.1437988 0.8463135 0 0.1778564 0.8956909 0 0.1069336 0.8494873 0 0.145752 0.9017944 0 0.0713501 0.8961182 0 0.06964111 0.8486328 0 0.009849548 0.8450928 0 0.009849548 0.880188 0 0.1116943 0.9457397 0 0.07800293 0.9862137 0 0.02854919 0.9067993 0 0.009849548 0.904541 0 0.02612305 0.9402161 0 0.03271484 0.9862137 0 0.009849548 0.9385681 0 0.009849548 0.9862137 0 0.4050293 0.4233398 0 0.3625488 0.4541016 0 0.3625488 0.4179687 0 0.4099121 0.4697266 0 0.4433594 0.4277344 0 0.3879395 0.4985352 0 0.3625488 0.4833984 0 0.3625488 0.526123 0 0.3916016 0.526123 0 0.4013672 0.5114746 0 0.4482422 0.4765625 0 0.4921875 0.4291992 0 0.4538574 0.5085449 0 0.4921875 0.4794922 0 0.4924316 0.5070801 0 0.5307617 0.5085449 0 0.5361328 0.4765625 0 0.5410156 0.4277344 0 0.5830078 0.5114746 0 0.574707 0.4697266 0 0.5795898 0.4233398 0 0.621582 0.4541016 0 0.6220703 0.4179687 0 0.5966797 0.4985352 0 0.5927734 0.526123 0 0.621582 0.4833984 0 0.621582 0.526123 0 0.2670898 -0.5371094 0 0.2541504 -0.5800781 0 0.2265625 -0.5498047 0 0.2226562 -0.5224609 0 0.2342529 -0.484375 0 0.2685547 -0.4707031 0 0.3017578 -0.4902344 0 0.3085937 -0.5244141 0 0.3024902 -0.5683594 0 0.2875977 -0.5830078 0 0.2541504 -0.5800781 0 0.4077148 -0.4208984 0 0.3996582 -0.4208984 0 0.4077148 -0.3544922 0 0.3996582 -0.3574219 0 0.4077148 -0.3203125 0 0.3803711 -0.359375 0 0.3996582 -0.3242187 0 0.4077148 -0.2753906 0 0.3430176 -0.3720703 0 0.3122559 -0.4208984 0 0.3481445 -0.3320312 0 0.3996582 -0.2734375 0 0.4077148 -0.2363281 0 0.3115234 -0.3320312 0 0.3762207 -0.234375 0 0.3125 -0.3710937 0 0.3444824 -0.2744141 0 0.248291 -0.3789062 0 0.2485352 -0.4208984 0 0.1871338 -0.4208984 0 0.2478027 -0.3369141 0 0.1846924 -0.3779297 0 0.07824707 -0.4208984 0 0.3068848 -0.2724609 0 0.1114502 -0.3710937 0 0.03271484 -0.4208984 0 0.3413086 -0.2285156 0 0.02960205 -0.3691406 0 0.009849548 -0.4208984 0 0.009849548 -0.3662109 0 0.0292511 -0.3320312 0 0.009849548 -0.3251953 0 0.07171631 -0.3359375 0 0.03173828 -0.2998047 0 0.009849548 -0.2958984 0 0.009849548 -0.2607422 0 0.1497803 -0.3398437 0 0.03601074 -0.2314453 0 0.009849548 -0.2294922 0 0.07141113 -0.2685547 0 0.109436 -0.2666016 0 0.07012939 -0.2314453 0 0.03436279 -0.1835937 0 0.009849548 -0.1865234 0 0.009849548 -0.1542969 0 0.06964111 -0.1513672 0 0.009849548 -0.1191406 0 0.1069946 -0.1826172 0 0.144043 -0.1787109 0 0.1437988 -0.1533203 0 0.1069946 -0.1015625 0 0.1463623 -0.2304687 0 0.1765137 -0.1787109 0 0.1477051 -0.2695312 0 0.1937256 -0.2294922 0 0.1832275 -0.3066406 0 0.243042 -0.2695312 0 0.239624 -0.2294922 0 0.3039551 -0.2285156 0 0.2370605 -0.1806641 0 0.260498 -0.1806641 0 0.3005371 -0.1816406 0 0.2060547 -0.1503906 0 0.237793 -0.1484375 0 0.2800293 -0.1474609 0 0.208252 -0.1015625 0 0.239502 -0.1015625 0 0.1778564 -0.1035156 0 0.145752 -0.09765625 0 0.1820068 -0.05371094 0 0.2435303 -0.0546875 0 0.1116943 -0.05371094 0 0.02854919 -0.09277344 0 0.009849548 -0.09472656 0 0.07800293 -0.01367187 0 0.02612305 -0.05957031 0 0.009849548 -0.06054687 0 0.009849548 -0.01367187 0 0.03271484 -0.01367187 0 0.1867676 -0.01367187 0 0.2485352 -0.01367187 0 0.3085937 -0.05175781 0 0.3122559 -0.01367187 0 0.2924805 -0.1044922 0 0.3452148 -0.05957031 0 0.3029785 -0.1464844 0 0.3996582 -0.01367187 0 0.3046875 -0.1044922 0 0.3405762 -0.1513672 0 0.3427734 -0.1064453 0 0.3996582 -0.1132812 0 0.3996582 -0.06738281 0 0.4077148 -0.0703125 0 0.4077148 -0.01367187 0 0.4077148 -0.1181641 0 0.3996582 -0.15625 0 0.4077148 -0.1591797 0 0.375 -0.1855469 0 0.3996582 -0.1884766 0 0.4077148 -0.1884766 0 0.2670898 0.4628906 0 0.3017578 0.5092773 0 0.2685547 0.5292969 0 0.3085937 0.4755859 0 0.2342529 0.5153809 0 0.3024902 0.4316406 0 0.2226562 0.4770508 0 0.2875977 0.4165039 0 0.2265625 0.4501953 0 0.2541504 0.4199219 0 0.9648438 0.3417969 0 0.9648438 0.3149414 0 0.9873047 0.3144531 0 0.9873047 0.4335937 0 0.9648438 0.4331055 0 0.9648438 0.40625 0 0.7060547 0.4145508 0 0.7080078 0.3959961 0 0.7148438 0.4111328 0 0.9389648 0.4760742 0 0.9477539 0.4804687 0 0.9443359 0.4887695 0 0.9648438 0.5327148 0 0.9873047 0.4853516 0 0.9873047 0.5319824 0 0.9873047 0.2626953 0 0.9648438 0.215332 0 0.9873047 0.2163086 0 0.6352539 -0.2734375 0 0.6679688 -0.2646484 0 0.6611328 -0.2910156 0 0.6679688 -0.2646484 0 0.6352539 -0.2734375 0 0.6279297 -0.2558594 0 0.6552734 0.6318359 0 0.6860352 0.6235352 0 0.7236328 0.6318359 0 0.4431152 -0.2167969 0 0.4919434 -0.2333984 0 0.4489746 -0.2558594 0 0.4924316 0.015625 0 0.4396973 0.009277344 0 0.5449219 0.009277344 0 0.5214844 0.859375 0 0.503418 0.8486328 0 0.5185547 0.8460693 0 0.04437256 0.015625 0 0.01393127 0.03662109 0 0.01925659 0.01660156 0 0.7099609 0.4882812 0 0.7724609 0.4956055 0 0.7514648 0.5385742 0 0.668457 0.5385742 0 0.6474609 0.4956055 0 0.4467773 0.739502 0 0.4931641 0.7618408 0 0.4924316 0.7633057 0 0.5307617 0.7749023 0 0.4924316 0.7633057 0 0.8007813 0.6779785 0 0.7172852 0.6855469 0 0.715332 0.6508789 0 0.6713867 0.6508789 0 0.7172852 0.6855469 0 0.6313477 0.6779785 0 0.5766602 0.6508789 0 0.5532227 0.6855469 0 0.5141602 0.6508789 0 0.4626465 0.6855469 0 0.4685059 0.6459961 0 0.4316406 0.6779785 0 0.4013672 0.5114746 0 0.4006348 0.527832 0 0.3916016 0.526123 0 0.4243164 0.5292969 0 0.4536133 0.5292969 0 0.4924316 0.5070801 0 0.4924316 0.5292969 0 0.5307617 0.5292969 0 0.4389648 0.802002 0 0.4333496 0.8050537 0 0.4365234 0.7990723 0 0.4431152 0.7827148 0 0.4799805 0.8054199 0 0.4919434 0.7662354 0 0.4399414 0.7810059 0 0.4365234 0.7990723 0 0.4379883 0.7806396 0 0.4467773 0.739502 0 0.4489746 0.7441406 0 0.4924316 0.7633057 0 0.9648438 0.3149414 0 0.9648438 0.2783203 0 0.9873047 0.3144531 0 0.9873047 0.2626953 0 0.9873047 0.4853516 0 0.9648438 0.4697266 0 0.9873047 0.4335937 0 0.9648438 0.4331055 0 0.7099609 0.5561523 0 0.7099609 0.4882812 0 0.7514648 0.5385742 0 0.668457 0.5385742 0 0.9648438 0.1855469 0 0.9873047 0.2163086 0 0.9648438 0.215332 0 0.9873047 0.1801758 0 0.9648438 0.1108398 0 0.9873047 0.1801758 0 0.9648438 0.1855469 0 0.9873047 0.109375 0 0.9443359 0.4887695 0 0.9057617 0.4780273 0 0.9389648 0.4760742 0 0.8916016 0.496582 0 0.6103516 0.7451172 0 0.6352539 0.7265625 0 0.6279297 0.7438965 0 0.6103516 0.7348633 0 0.6352539 -0.2734375 0 0.6103516 -0.2548828 0 0.6279297 -0.2558594 0 0.6103516 -0.2646484 0 0.8007813 0.5488281 0 0.8007813 0.5151367 0 0.8413086 0.5246582 0 0.8417969 0.5488281 0 0.4814453 -0.1845703 0 0.519043 -0.1855469 0 0.5307617 -0.2246094 0 0.4919434 -0.2333984 0 0.4919434 -0.2333984 0 0.4431152 -0.2167969 0 0.4814453 -0.1845703 0 0.4389648 -0.1972656 0 0.04714966 0.4750977 0 0.08996582 0.4960937 0 0.03915405 0.4897461 0 0.07763672 0.4770508 0 0.1297607 0.5251465 0 0.1816406 0.5151367 0 0.1816406 0.5488281 0 0.130249 0.5488281 0 0.5214844 0.7348633 0 0.5014648 0.7404785 0 0.480957 0.7260742 0 0.4794922 0.7370605 0 0.2541504 -0.5800781 0 0.2670898 -0.5371094 0 0.3024902 -0.5683594 0 0.2541504 -0.5800781 0 0.2265625 -0.5498047 0 0.2226562 -0.5224609 0 0.2342529 -0.484375 0 0.3017578 -0.4902344 0 0.3024902 -0.5683594 0 0.6572266 0.4511719 0 0.7099609 0.4882812 0 0.6474609 0.4956055 0 0.6572266 0.4511719 0 0.6743164 0.4257812 0 0.7626953 0.4511719 0 0.7724609 0.4956055 0 0.7436523 0.425293 0 0.7148438 0.4111328 0 0.7060547 0.4145508 0 0.6743164 0.4257812 0 0.6972656 0.4018555 0 0.5810547 0.5292969 0 0.5307617 0.5292969 0 0.5830078 0.5114746 0 0.5839844 0.527832 0 0.5927734 0.526123 0 0.480957 -0.2734375 0 0.4794922 -0.2626953 0 0.5014648 -0.2587891 0 0.5214844 -0.2646484 0 0.5317383 -0.2539062 0 0.5605469 -0.2578125 0 0.559082 -0.25 0 0.5859375 -0.2509766 0 0.6103516 -0.2646484 0 0.6103516 -0.2548828 0 0.519043 0.814209 0 0.5307617 0.7749023 0 0.5664063 0.7871094 0 0.5654297 0.8265381 0 0.5991211 0.7830811 0 0.6054688 0.8150635 0 0.6586914 0.803833 0 0.65625 0.7738037 0 0.6967773 0.7873535 0 0.7338867 0.7547607 0 0.4924316 0.7633057 0 0.5307617 0.7749023 0 0.4919434 0.7662354 0 0.4799805 0.8054199 0 0.519043 0.814209 0 0.4812012 0.597168 0 0.4787598 0.6318359 0 0.4316406 0.6235352 0 0.5209961 0.597168 0 0.5634766 0.6235352 0 0.5649414 0.597168 0 0.6855469 0.597168 0 0.6552734 0.6318359 0 0.6860352 0.6235352 0 0.7216797 0.597168 0 0.7202148 0.5925293 0 0.7236328 0.6318359 0 0.7670898 0.5925293 0 0.7724609 0.6318359 0 0.8007813 0.6235352 0 0.9648438 0.6274414 0 0.9648438 0.5615234 0 0.9873047 0.5695801 0 0.9873047 0.5319824 0 0.9648438 0.5327148 0 0.5239258 0.8603516 0 0.5253906 0.8477783 0 0.5454102 0.8527832 0 0.5356445 0.8778687 0 0.5224609 0.8762817 0 0.5180664 0.9185791 0 0.5356445 0.8778687 0 0.512207 0.8779907 0 0.5239258 0.8603516 0 0.5224609 0.8762817 0 0.5117188 0.8470459 0 0.5253906 0.8477783 0 0.5478516 0.8839722 0 0.5454102 0.8527832 0 0.565918 0.862793 0 0.5605469 0.8943481 0 0.5820313 0.8787842 0 0.5927734 0.9005127 0 0.5644531 0.9168701 0 0.5952148 0.9256592 0 0.559082 0.9365845 0 0.5878906 0.9520569 0 0.5688477 0.9706116 0 0.5380859 0.9473877 0 0.5449219 0.9802551 0 0.5180664 0.9502869 0 0.4912109 0.9801331 0 0.4980469 0.9472656 0 0.4980469 0.9472656 0 0.4912109 0.9801331 0 0.4675293 0.9703979 0 0.4772949 0.9364014 0 0.4482422 0.9518127 0 0.4772949 0.9364014 0 0.4411621 0.925415 0 0.4716797 0.916687 0 0.4716797 0.916687 0 0.4411621 0.925415 0 0.4433594 0.9002075 0 0.4760742 0.894104 0 0.4541016 0.878418 0 0.4541016 0.878418 0 0.4694824 0.8632813 0 0.4863281 0.8842163 0 0.4863281 0.8842163 0 0.4868164 0.8538818 0 0.4995117 0.878418 0 0.503418 0.8486328 0 0.512207 0.8763428 0 0.512207 0.8754272 0 0.5234375 0.8762207 0 0.5214844 0.859375 0 0.5234375 0.8762207 0 0.08996582 0.4960937 0 0.1101685 0.4882812 0 0.09832764 0.5112305 0 0.07763672 0.4770508 0 0.1291504 0.4389648 0 0.08044434 0.4536133 0 0.04714966 0.4750977 0 0.07763672 0.4770508 0 0.04592896 0.4516602 0 0.03915405 0.4897461 0 0.01925659 0.4516602 0 0.04400635 0.4047852 0 0.01925659 0.40625 0 0.04406738 0.3452148 0 0.01925659 0.3461914 0 0.1219482 0.3442383 0 0.0435791 0.2880859 0 0.01925659 0.2875977 0 0.01393127 0.2197266 0 0.01925659 0.2197266 0 0.01925659 0.1796875 0 0.04437256 0.2197266 0 0.04437256 0.1796875 0 0.01393127 0.1206055 0 0.1381836 0.1806641 0 0.1546631 0.1206055 0 0.01393127 0.06835937 0 0.01925659 0.06835937 0 0.01393127 0.03662109 0 0.01393127 0.06835937 0 0.1367187 0.06835937 0 0.04437256 0.015625 0 0.09674072 0.015625 0 0.1417236 0.015625 0 0.1831055 0.06835937 0 0.1878662 0.009277344 0 0.2275391 0.1796875 0 0.2348633 0.06835937 0 0.237793 0.009277344 0 0.2844238 0.1796875 0 0.2844238 0.06835937 0 0.2858887 0.009277344 0 0.2822266 0.3427734 0 0.3435059 0.06738281 0 0.3408203 0.015625 0 0.3916016 0.009277344 0 0.1994629 0.3828125 0 0.2858887 0.3696289 0 0.1816406 0.4296875 0 0.1101685 0.4882812 0 0.1297607 0.5251465 0 0.1816406 0.5151367 0 0.2844238 0.1796875 0 0.2844238 0.06835937 0 0.4133301 0.07128906 0 0.4396973 0.009277344 0 0.342041 0.1787109 0 0.4924316 0.07226562 0 0.4924316 0.015625 0 0.5449219 0.009277344 0 0.4924316 0.1821289 0 0.5712891 0.07128906 0 0.5927734 0.009277344 0 0.6416016 0.06738281 0 0.6435547 0.015625 0 0.6982422 0.009277344 0 0.6992188 0.06835937 0 0.699707 0.1796875 0 0.6992188 0.06835937 0 0.746582 0.009277344 0 0.640625 0.1782227 0 0.7495117 0.06835937 0 0.7963867 0.009277344 0 0.699707 0.1796875 0 0.8012695 0.06835937 0 0.8447266 0.015625 0 0.7529297 0.1206055 0 0.8959961 0.06835937 0 0.8964844 0.009277344 0 0.8295898 0.1206055 0 0.9389648 0.03662109 0 0.9389648 0.015625 0 0.9389648 0.06835937 0 0.9389648 0.1206055 0 0.8081055 0.1796875 0 0.8461914 0.1806641 0 0.9389648 0.1796875 0 0.9389648 0.2197266 0 0.7597656 0.2202148 0 0.7016602 0.3422852 0 0.8613281 0.2885742 0 0.9389648 0.347168 0 0.8256836 0.3461914 0 0.7836914 0.3823242 0 0.9389648 0.4077148 0 0.8007813 0.4296875 0 0.8413086 0.5246582 0 0.8007813 0.5151367 0 0.8676758 0.4882812 0 0.8535156 0.4389648 0 0.9042969 0.4545898 0 0.9389648 0.453125 0 0.9057617 0.4780273 0 0.9389648 0.4760742 0 0.9057617 0.4780273 0 0.8676758 0.4882812 0 0.8916016 0.496582 0 0.8706055 0.5107422 0 0.1297607 0.5251465 0 0.09832764 0.5112305 0 0.1101685 0.4882812 0 0.1074219 0.5297852 0 0.130249 0.5488281 0 0.1104126 0.5488281 0 0.5859375 0.7490234 0 0.6103516 0.7348633 0 0.6103516 0.7451172 0 0.5834961 0.7404785 0 0.559082 0.7492676 0 0.5605469 0.7421875 0 0.5317383 0.7458496 0 0.5214844 0.7348633 0 0.8706055 0.5107422 0 0.8413086 0.5246582 0 0.8676758 0.4882812 0 0.8549805 0.5290527 0 0.8417969 0.5488281 0 0.8520508 0.5488281 0 0.7338867 -0.2451172 0 0.65625 -0.2255859 0 0.6967773 -0.2119141 0 0.6586914 -0.1953125 0 0.5991211 -0.2167969 0 0.6054688 -0.1845703 0 0.5654297 -0.1728516 0 0.519043 -0.1855469 0 0.5307617 -0.2246094 0 0.9648438 0.3417969 0 0.9873047 0.3144531 0 0.9873047 0.3740234 0 0.9648438 0.3740234 0 0.9648438 0.40625 0 0.9873047 0.4335937 0 0.6611328 0.7089844 0 0.6279297 0.7438965 0 0.6352539 0.7265625 0 0.6679688 0.7351074 0 0.6708984 0.7419434 0 0.6723633 0.7451172 0 0.3916016 0.526123 0 0.3625488 0.526123 0 0.3625488 0.4833984 0 0.4013672 0.5114746 0 0.4099121 0.4697266 0 0.3625488 0.4179687 0 0.4050293 0.4233398 0 0.4433594 0.4277344 0 0.4924316 0.5070801 0 0.4921875 0.4291992 0 0.574707 0.4697266 0 0.5307617 0.5292969 0 0.5410156 0.4277344 0 0.5830078 0.5114746 0 0.5795898 0.4233398 0 0.621582 0.4833984 0 0.6220703 0.4179687 0 0.5927734 0.526123 0 0.621582 0.526123 0 0.2822266 0.3427734 0 0.338623 0.3681641 0 0.2858887 0.3696289 0 0.3554687 0.3447266 0 0.3625488 0.4179687 0 0.4050293 0.4233398 0 0.4311523 0.3457031 0 0.4433594 0.4277344 0 0.4921875 0.4291992 0 0.4924316 0.2978516 0 0.5532227 0.3457031 0 0.5410156 0.4277344 0 0.5795898 0.4233398 0 0.6289063 0.3447266 0 0.7016602 0.3422852 0 0.6459961 0.3681641 0 0.6181641 0.390625 0 0.6220703 0.4179687 0 0.4077148 0.9862137 0 0.3122559 0.9862137 0 0.4077148 0.9296265 0 0.3046875 0.8948975 0 0.4077148 0.8815918 0 0.2485352 0.9862137 0 0.3996582 0.8435059 0 0.4077148 0.8115234 0 0.4077148 0.8815918 0 0.145752 0.9017944 0 0.3005371 0.8181152 0 0.2060547 0.8493652 0 0.4077148 0.7241211 0 0.1765137 0.8210449 0 0.1116943 0.9457397 0 0.009849548 0.9862137 0 0.009849548 0.9385681 0 0.009849548 0.880188 0 0.0713501 0.8961182 0 0.009849548 0.8128662 0 0.1463623 0.769043 0 0.009849548 0.7697754 0 0.243042 0.7302246 0 0.07141113 0.7314453 0 0.009849548 0.7385254 0 0.009849548 0.6743164 0 0.3115234 0.6672363 0 0.4077148 0.6791992 0 0.2159424 0.6621094 0 0.3122559 0.5783691 0 0.4077148 0.5783691 0 0.2485352 0.5783691 0 0.07171631 0.6638184 0 0.009849548 0.6335449 0 0.1114502 0.628418 0 0.009849548 0.5783691 0 0.9389648 0.03662109 0 0.9702148 0.06835937 0 0.9389648 0.06835937 0 0.9702148 0.015625 0 0.9770508 0.06835937 0 0.9770508 0.015625 0 0.9389648 0.015625 0 0.9702148 0.009277344 0 0.009849548 -0.01367187 0 0.07800293 -0.01367187 0 0.02612305 -0.05957031 0 0.009849548 -0.09472656 0 0.02902222 -0.1191406 0 0.1820068 -0.05371094 0 0.2485352 -0.01367187 0 0.1069946 -0.1015625 0 0.06964111 -0.1513672 0 0.009849548 -0.1865234 0 0.3085937 -0.05175781 0 0.4077148 -0.01367187 0 0.4077148 -0.0703125 0 0.3996582 -0.1132812 0 0.4077148 -0.1181641 0 0.4077148 -0.1591797 0 0.208252 -0.1015625 0 0.3029785 -0.1464844 0 0.1437988 -0.1533203 0 0.3039551 -0.2285156 0 0.3996582 -0.2734375 0 0.2370605 -0.1806641 0 0.1069946 -0.1826172 0 0.1463623 -0.2304687 0 0.07012939 -0.2314453 0 0.009849548 -0.2294922 0 0.009849548 -0.2607422 0 0.243042 -0.2695312 0 0.109436 -0.2666016 0 0.03173828 -0.2998047 0 0.009849548 -0.3251953 0 0.009849548 -0.3662109 0 0.1497803 -0.3398437 0 0.1114502 -0.3710937 0 0.009849548 -0.4208984 0 0.07824707 -0.4208984 0 0.2485352 -0.4208984 0 0.2478027 -0.3369141 0 0.3125 -0.3710937 0 0.4077148 -0.4208984 0 0.4077148 -0.3544922 0 0.3115234 -0.3320312 0 0.4077148 -0.3203125 0 0.2670898 0.4628906 0 0.3085937 0.4755859 0 0.2685547 0.5292969 0 0.2226562 0.4770508 0 0.2875977 0.4165039 0 0.2265625 0.4501953 0</float_array>
          <technique_common>
            <accessor source="#geom-Clt_JKT023__M_JKT023-map1-array" count="2783" stride="3">
              <param name="S" type="float"/>
              <param name="T" type="float"/>
              <param name="P" type="float"/>
            </accessor>
          </technique_common>
        </source>
        <source id="geom-Clt_JKT023__M_JKT023-map2">
          <float_array id="geom-Clt_JKT023__M_JKT023-map2-array" count="8349">0.6040039 0 0 0.9995117 0 0 0.8017578 0 0 0.029953 0.6630859 0 0 0.8585205 0 0.05990601 0.4677734 0 0.3161621 0.9706726 0 0.0562439 1 0 0.1861572 0.9853363 0 0.1307373 0 0 0 0 0 0.2614746 0 0 0.3522949 0.04052734 0 0 0 0 0.2121582 0 0 0.1646729 0.5 0 0.5297852 0 0 0.3293457 1 0 0.5297852 0 0 0.1646729 0.5 0 0 0 0 0 0 0 1 0 0 0.126709 0.3364258 0 0.2927246 0.4453125 0 0.2548828 1 0 0 0.7802734 0 0.2895508 0 0 0.6264648 0 0 1 0 0 0.7519531 0.121582 0 0.871582 0.199707 0 4.30822e-4 0 0 0 0.46875 0 0.2895508 0 0 0.6264648 0 0 0.2895508 0 0 0.6264648 0 0 0.2548828 1 0 0.2548828 1 0 0 0.7802734 0 0 0.7802734 0 0.2666016 0 0 0.5639648 0 0 0.2666016 0 0 0.5639648 0 0 0.4780273 0 0 0.4997559 0.1049805 0 0 0.2094727 0 0.9995117 0 0 0.2410889 1 0 0.2410889 1 0 0 0.8261719 0 0 0.8261719 0 0.409668 0 0 0.124939 0.1376953 0 0 0.1572266 0 0.454834 0.03955078 0 0.4870605 0 0 0.2498779 0.5393066 0 0 1 0 1 0 0 0.7568359 0.06347656 0 0 0 0 0.9155273 0 0 0.6254883 0.1157227 0 0.5571289 0 0 0.5571289 0 0 0.6538086 0 0 0.6538086 0 0 0.5039063 0.2431641 0 1 0 0 0.7519531 0.121582 0 0.871582 0.199707 0 0.02627563 0 0 0.4675293 0 0 0.40625 1 0 1 0 0 0.3740234 0.1157227 0 0.5 0.4140625 0 0.7480469 0.1455078 0 1 0 0 0 1 0 0.4194336 0 0 0.2617187 0.9549561 0 0.1846924 0 0 0.7705078 0.5495605 0 0.06750488 0.2045898 0 0.06750488 0.2045898 0 0.7705078 0.5495605 0 0.6557617 0.8835449 0 0.2548828 0 0 1 0 0 0 0 0 0.06750488 0.2045898 0 0.7705078 0.5495605 0 0.06750488 0.2045898 0 0.7705078 0.5495605 0 0 0.8261719 0 0.4023437 0.5 0 0.2410889 1 0 0.124939 0.1376953 0 0.454834 0.03955078 0 0.2666016 0 0 0.5639648 0 0 0.5522461 0 0 0.4770508 0 0 0.09771729 0.1264648 0 0.2385254 0 0 0.2498779 0.5393066 0 1 0 0 0.4104004 0.4726562 0 0.3740234 0.1157227 0 0 0.08544922 0 0.3740234 0.1157227 0 0.6455078 0.7429199 0 0.8603516 0.9902496 0 0.8603516 0.9902496 0 0.4006348 0.4614258 0 0.8862305 0.8087158 0 0.3435059 0.3955078 0 0.2854004 0.3286133 0 0.3908691 0.4501953 0 0.2963867 0.3413086 0 0.4379883 0.4780273 0 0.3452148 0.3974609 0 0.307373 0.3540039 0 0.3452148 0.3974609 0 0.307373 0.3540039 0 0.06750488 0.2045898 0 0.7705078 0.5495605 0 0.06750488 0.2045898 0 0.7705078 0.5495605 0 0.06750488 0.2045898 0 0.7705078 0.5495605 0 0 0.2509766 0 0.7314453 0.6586914 0 0 0.2509766 0 0.7314453 0.6586914 0 0.2678223 0.7818604 0 0.2678223 0.7818604 0 0.2648926 0.7735596 0 0.2648926 0.7735596 0 0.2543945 0.7685547 0 0.2543945 0.7685547 0 0.248291 0.7709961 0 0.248291 0.7709961 0 0.2412109 0.7773438 0 0.2412109 0.7773438 0 0.2385254 0.7896729 0 0.2385254 0.7896729 0 0.2409668 0.8070068 0 0.2409668 0.8070068 0 0.2478027 0.8104248 0 0.2478027 0.8104248 0 0.2585449 0.8094482 0 0.2585449 0.8094482 0 0.2680664 0.7989502 0 0.2680664 0.7989502 0 0.2678223 0.7818604 0 0.2678223 0.7818604 0 0.2678223 0.7818604 0 0.2678223 0.7818604 0 0.2648926 0.7735596 0 0.2648926 0.7735596 0 0.2543945 0.7685547 0 0.2543945 0.7685547 0 0.248291 0.7709961 0 0.248291 0.7709961 0 0.2412109 0.7773438 0 0.2412109 0.7773438 0 0.2385254 0.7896729 0 0.2385254 0.7896729 0 0.2409668 0.8070068 0 0.2409668 0.8070068 0 0.2478027 0.8104248 0 0.2478027 0.8104248 0 0.6640625 0.3999023 0 0.2585449 0.8094482 0 0.546875 0.5039063 0 0.2680664 0.7989502 0 0.6289063 0.8140869 0 0.2680664 0.7989502 0 0.2678223 0.7818604 0 0.2678223 0.7818604 0 0.6835938 0.4350586 0 0.6860352 0.3999023 0 0.7226563 0.4111328 0 0.7226563 0.4003906 0 0.7475586 0.4111328 0 0.7475586 0.4003906 0 0.7475586 0.421875 0 0.7226563 0.4213867 0 0.671875 0.4780273 0 0.6640625 0.4106445 0 0.6640625 0.4213867 0 0.644043 0.4106445 0 0.644043 0.4213867 0 0.644043 0.3999023 0 0.6064453 0.4213867 0 0.6064453 0.4106445 0 0.6064453 0.3999023 0 0.5791016 0.4213867 0 0.5791016 0.4106445 0 0.5791016 0.3999023 0 0.5576172 0.4213867 0 0.5576172 0.4106445 0 0.5576172 0.3999023 0 0.5390625 0.421875 0 0.5390625 0.4111328 0 0.5395508 0.3999023 0 0.5102539 0.4213867 0 0.5102539 0.4106445 0 0.5102539 0.3999023 0 0.4816895 0.3999023 0 0.4816895 0.4106445 0 0.4816895 0.4213867 0 0.2121582 0 0 0.4243164 0 0 0.3522949 0.04052734 0 0.659668 0 0 0.5 0.1079102 0 1 0.215332 0 0.8325195 0.9771423 0 0.8544922 0.9844971 0 0.8530273 0.9816742 0 0.8325195 0.9752045 0 0.8549805 0.9672546 0 0.8334961 0.9599609 0 0.4570312 0 0 0 0.1884766 0 0 0.1884766 0 0.4570312 0 0 0.2471924 0 0 0.2471924 0 0 0 0.07958984 0 0 0.07958984 0 0.7314453 0.6586914 0 0.7314453 0.6586914 0 0 0.2509766 0 0 0.2509766 0 0.7705078 0.5495605 0 0.06750488 0.2045898 0 0.7705078 0.5495605 0 0.06750488 0.2045898 0 0.7705078 0.5495605 0 0.06750488 0.2045898 0 0.3908691 0.4501953 0 0.515625 0.5354004 0 0.8862305 0.8087158 0 0.307373 0.3540039 0 0.3452148 0.3974609 0 0.4006348 0.4614258 0 0.8862305 0.8087158 0 0.8603516 0.9902496 0 0.3435059 0.3955078 0 0.3452148 0.3974609 0 0.307373 0.3540039 0 0.2963867 0.3413086 0 0.4104004 0.4726562 0 0.8603516 0.9902496 0 0.6455078 0.7429199 0 0.342041 0.394043 0 0.2854004 0.3286133 0 1 0 0 0.4838867 0.1123047 0 1 0 0 0.4838867 0.1123047 0 0.6416016 0 0 0.6416016 0 0 0.5512695 0 0 0.5512695 0 0 0.4606934 0 0 0.4606934 0 0 0.3112793 0 0 0 0.1455078 0 0 0.1455078 0 0.3112793 0 0 0.6772461 0 0 0.6772461 0 0 0.7290039 0 0 0.7290039 0 0 0 0 0 0 0 0 0 0 0 0 0 0 0.5488281 0 0 0.5488281 0 0 0.7963867 0 0 0.7963867 0 0 0.4831543 0 0 0.4831543 0 0 0.612793 0 0 0.612793 0 0 0.5195313 0 0 1 0 0 0.9731445 0.7613525 0 0.2541504 0.9833221 0 0 0 0 0.5288086 0.03417969 0 0 0.1455078 0 0.1489258 0.1269531 0 0.5 4.88281e-4 0 0.1489258 0.1269531 0 0.7426758 0 0 0.7426758 0 0 0.4941406 0 0 0 0.1455078 0 0.3112793 0 0 0.3544922 0.008300781 0 0.6772461 0 0 0.7290039 0 0 0.2148437 0.01660156 0 0 0 0 0.3327637 0 0 0 0 0 0.5488281 0 0 0.5170898 -0.008789062 0 0.7963867 0 0 0.4831543 0 0 0.4831543 0 0 0.612793 0 0 0.621582 0.005371094 0 0.1203003 0.05615234 0 0 0.07958984 0 0.2471924 0 0 0.3952637 0 0 0.4570312 0 0 0.2285156 0.0703125 0 0 0.1884766 0 0.2215576 0 0 0.8432617 0.05175781 0 0.9995117 0 0 0.6967773 0.1391602 0 0.6499023 0.1166992 0 0.456543 0.1821289 0 0.456543 0.1821289 0 0.4838867 0.1123047 0 1 0 0 0.7416992 0.05615234 0 0.6416016 0 0 0.6689453 0.02832031 0 0.5512695 0 0 0 0.9996223 0 0.3398437 0.1445312 0 0 0 0 0.5961914 0 0 0 0.9996223 0 0.4680176 0.07226562 0 1 0 0 0.5703125 0.1445312 0 0.6772461 0.008300781 0 0.3547363 0.01660156 0 0.4606934 0 0 0.3747559 0.02197266 0 0.3525391 0.04931641 0 0.3710937 0.08886719 0 0.3950195 0.02734375 0 0.3608398 0.08496094 0 0.3505859 0.08154297 0 0.3520508 0.07470703 0 0.3662109 0.09814453 0 0.3652344 0.1030273 0 0.3803711 0.1210937 0 0.3703613 0.1044922 0 0.3696289 0.1206055 0 0.3774414 0.2236328 0 0.3696289 0.1206055 0 0.3681641 0.2241211 0 0.3769531 0.28125 0 0.3681641 0.2241211 0 0.3679199 0.2822266 0 0.3679199 0.2822266 0 0.369873 0.3193359 0 0.3781738 0.3183594 0 0.3857422 0.2802734 0 0.3696289 0.340332 0 0.3779297 0.3393555 0 0.369873 0.3193359 0 0.3693848 0.3686523 0 0.3779297 0.3676758 0 0.1173096 0.5 0 0.1173096 0.5 0 0.3696289 0.340332 0 0.3693848 0.3686523 0 0.1173096 0.5002441 0 0.3859863 0.3388672 0 0.3867187 0.3671875 0 0 1 0 0.3867187 0.3173828 0 0.4172363 0.3637695 0 0.3806152 0.3901367 0 0.4099121 0.3095703 0 0.9453125 0.06347656 0 0.06750488 0.2045898 0 0.7705078 0.5495605 0 0.4121094 0.3334961 0 0.4086914 0.2724609 0 0.4338379 0.3037109 0 0.3867187 0.2231445 0 0.3908691 0.121582 0 0.4138184 0.2060547 0 0.3913574 0.1088867 0 0.4182129 0.1474609 0 0.4350586 0.2597656 0 0.3918457 0.09570312 0 0.4172363 0.112793 0 0.4182129 0.1005859 0 0.4274902 0.04199219 0 0.425293 0.1137695 0 0.4519043 0.09716797 0 0.4597168 0.05761719 0 0.4377441 0.1035156 0 0.4418945 0.1030273 0 0.4335937 0.1152344 0 0.4499512 0.1176758 0 0.4482422 0.1289062 0 0.4399414 0.2060547 0 0.486084 0.1352539 0 0.4765625 0.1958008 0 0.4714355 0.2480469 0 0.4667969 0.2973633 0 0.5112305 0.2431641 0 0.5170898 0.1918945 0 0.5039063 0.293457 0 0.5268555 0.1445312 0 0.4643555 0.3183594 0 0.5 0.3125 0 0.4882812 0.1240234 0 0.5292969 0.1337891 0 0.4904785 0.112793 0 0.5322266 0.1230469 0 0.4799805 0.06689453 0 0.5209961 0.08447266 0 0.1723633 0.7070313 0 0.1170044 0.6940918 0 0.1035156 0.6508789 0 0.1696777 0.6491699 0 0.09960937 0.6293945 0 0.1807861 0.7060547 0 0.1716309 0.7487793 0 0.182373 0.7468262 0 0.164917 0.5952148 0 0.0947876 0.5952148 0 0.09960937 0.6293945 0 0.178833 0.6489258 0 0.1890869 0.7050781 0 0.1929932 0.7451172 0 0.2355957 0.6994629 0 0.2399902 0.7382813 0 0.1877441 0.6486816 0 0.2883301 0.6958008 0 0.2893066 0.7373047 0 0.3378906 0.7441406 0 0.3596191 0.7116699 0 0.3569336 0.7487793 0 0.3395996 0.6928711 0 0.3742676 0.6916504 0 0.2347412 0.6472168 0 0.3999023 0.6860352 0 0.3989258 0.689209 0 0.3718262 0.668457 0 0.402832 0.6606445 0 0.2897949 0.6445313 0 0.3435059 0.6391602 0 0.3686523 0.6347656 0 0.4013672 0.6386719 0 0.2910156 0.5952148 0 0.3681641 0.5952148 0 0.4013672 0.5932617 0 0.4013672 0.6386719 0 0.3457031 0.5952148 0 0.3686523 0.6347656 0 0.402832 0.6606445 0 0.3435059 0.6391602 0 0.3718262 0.668457 0 0.3999023 0.6860352 0 0.3742676 0.6916504 0 0.3989258 0.689209 0 0.3395996 0.6928711 0 0.3596191 0.7116699 0 0.3378906 0.7441406 0 0.3569336 0.7487793 0 0.2897949 0.6445313 0 0.2883301 0.6958008 0 0.2893066 0.7373047 0 0.2399902 0.7382813 0 0.2344971 0.5952148 0 0.2347412 0.6472168 0 0.2355957 0.6994629 0 0.1929932 0.7451172 0 0.1849365 0.5952148 0 0.1877441 0.6486816 0 0.1890869 0.7050781 0 0.182373 0.7468262 0 0.1750488 0.5952148 0 0.178833 0.6489258 0 0.1807861 0.7060547 0 0.1716309 0.7487793 0 0.1696777 0.6491699 0 0.1035156 0.6508789 0 0.1723633 0.7070313 0 0.1170044 0.6940918 0 0.5209961 0.08447266 0 0.5322266 0.1230469 0 0.4799805 0.06689453 0 0.4904785 0.112793 0 0.5292969 0.1337891 0 0.4597168 0.05761719 0 0.4882812 0.1240234 0 0.5268555 0.1445312 0 0.4519043 0.09716797 0 0.4274902 0.04199219 0 0.486084 0.1352539 0 0.5170898 0.1918945 0 0.4499512 0.1176758 0 0.4765625 0.1958008 0 0.5112305 0.2431641 0 0.4482422 0.1289062 0 0.4714355 0.2480469 0 0.5039063 0.293457 0 0.4399414 0.2060547 0 0.4643555 0.3183594 0 0.5 0.3125 0 0.4667969 0.2973633 0 0.4350586 0.2597656 0 0.4365234 0.3295898 0 0.440918 0.3569336 0 0.4338379 0.3037109 0 0.4377441 0.3574219 0 0.4440918 0.3852539 0 0.4121094 0.3334961 0 0.4399414 0.3857422 0 0.4487305 0.4116211 0 0.4484863 0.4140625 0 0.4121094 0.3945312 0 0.434082 0.4213867 0 0.4172363 0.3637695 0 0.4099121 0.3095703 0 0.3859863 0.3388672 0 0.4086914 0.2724609 0 0.3867187 0.3173828 0 0.3781738 0.3183594 0 0.4138184 0.2060547 0 0.3857422 0.2802734 0 0.3769531 0.28125 0 0.3779297 0.3393555 0 0.3774414 0.2236328 0 0.3867187 0.3671875 0 0.3779297 0.3676758 0 0 1 0 0.1173096 0.5 0 0.3806152 0.3901367 0 0.9335938 0.4472656 0 0.006015778 0 0 1 0 0 0.3867187 0.2231445 0 0.3803711 0.1210937 0 0.3908691 0.121582 0 0.3662109 0.09814453 0 0.418457 0.1469727 0 0.3913574 0.1088867 0 0.3520508 0.07470703 0 0.3918457 0.09570312 0 0.3632812 0.04833984 0 0.3950195 0.02734375 0 0.3747559 0.02197266 0 0.4172363 0.112793 0 0.4182129 0.1005859 0 0.425293 0.1137695 0 0.4377441 0.1035156 0 0.4418945 0.1030273 0 0.4335937 0.1152344 0 0.4997559 0 0 0.5043945 0.1137695 0 0.4997559 0 0 0.4375 0.09960937 0 0.4997559 0 0 0.6689453 0.6381836 0 0.7524414 0.7077637 0 0.8862305 0.8087158 0 1 0 0 0.8530273 0.9816742 0 0.8544922 0.9844971 0 0.8325195 0.9771423 0 0.8325195 0.9752045 0 0.8549805 0.9672546 0 0.8334961 0.9599609 0 0.02931213 0.3583984 0 0.05770874 0.378418 0 0.01837158 0.3798828 0 0.05963135 0.3540039 0 0.02931213 0.3374023 0 0.05957031 0.3295898 0 0.05963135 0.3540039 0 0.05770874 0.378418 0 0.05770874 0.378418 0 0.05963135 0.3540039 0 0.05957031 0.3295898 0 0.05957031 0.3295898 0 0.05957031 0.3066406 0 0.05957031 0.3066406 0 0.05953979 0.2861328 0 0.05953979 0.2861328 0 0.05957031 0.2587891 0 0.05957031 0.2587891 0 0.05953979 0.2412109 0 0.05953979 0.2412109 0 0.02931213 0.3071289 0 0.05957031 0.3295898 0 0.02931213 0.3374023 0 0.05957031 0.3066406 0 0.02931213 0.2890625 0 0.05953979 0.2861328 0 0.02931213 0.2612305 0 0.05957031 0.2587891 0 0.02931213 0.2412109 0 0.05953979 0.2412109 0 0.05957031 0.2587891 0 0.02931213 0.2612305 0 0.05953979 0.2861328 0 0.02931213 0.2890625 0 0.05957031 0.3066406 0 0.02931213 0.3071289 0 0.05957031 0.3295898 0 0.02931213 0.3374023 0 0.05770874 0.378418 0 0.02931213 0.3583984 0 0.01837158 0.3798828 0 0.05963135 0.3540039 0 0.02931213 0.3374023 0 0.05957031 0.3295898 0 0.05770874 0.378418 0 0.05963135 0.3540039 0 0.05770874 0.378418 0 0.05963135 0.3540039 0 0.05957031 0.3295898 0 0.05957031 0.3295898 0 0.05957031 0.3066406 0 0.05957031 0.3066406 0 0.05953979 0.2861328 0 0.05953979 0.2861328 0 0.05957031 0.2587891 0 0.05957031 0.2587891 0 0.05953979 0.2412109 0 0.05953979 0.2412109 0 0.9995117 0 0 0.9995117 0 0 0.4780273 0 0 0.4780273 0 0 0 0.2094727 0 0 0.2094727 0 0.9995117 0 0 0.9995117 0 0 0.6967773 0.1391602 0 0.6967773 0.1391602 0 0.456543 0.1821289 0 0.456543 0.1821289 0 0.307373 0.3540039 0 0.8862305 0.8087158 0 0.8862305 0.8087158 0 0.2963867 0.3413086 0 0.2854004 0.3286133 0 0.6689453 0.6381836 0 0.4814453 0.4462891 0 0.4816895 0.4213867 0 0.5102539 0.4213867 0 0.5107422 0.4458008 0 0.4824219 0.4619141 0 0.5390625 0.421875 0 0.5136719 0.4633789 0 0.5390625 0.4462891 0 0.5571289 0.4458008 0 0.5576172 0.4213867 0 0.5371094 0.4658203 0 0.5791016 0.4458008 0 0.5791016 0.4213867 0 0.5566406 0.4633789 0 0.6064453 0.4213867 0 0.5385742 0.4868164 0 0.6064453 0.4462891 0 0.644043 0.4213867 0 0.5786133 0.465332 0 0.6435547 0.4458008 0 0.6640625 0.4213867 0 0.6049805 0.4667969 0 0.6635742 0.4462891 0 0.6723633 0.4614258 0 0.6435547 0.4658203 0 0.5795898 0.4873047 0 0.6865234 0.4541016 0 0.7226563 0.4213867 0 0.5566406 0.4868164 0 0.7475586 0.421875 0 0.7485352 0.4477539 0 0.7226563 0.4458008 0 0.7485352 0.4643555 0 0.7192383 0.4648437 0 0.6640625 0.4658203 0 0.6894531 0.4697266 0 0.7216797 0.4873047 0 0.75 0.4916992 0 0.7475586 0.5302734 0 0.6914063 0.4887695 0 0.6635742 0.4887695 0 0.690918 0.5290527 0 0.722168 0.5292969 0 0.746582 0.5371094 0 0.7211914 0.536377 0 0.746582 0.5515137 0 0.722168 0.552002 0 0.7475586 0.567627 0 0.6918945 0.5361328 0 0.6625977 0.5290527 0 0.7226563 0.5673828 0 0.7475586 0.5917969 0 0.6928711 0.5671387 0 0.6606445 0.5371094 0 0.7226563 0.5917969 0 0.7475586 0.6032715 0 0.690918 0.5915527 0 0.7226563 0.6030273 0 0.7475586 0.6149902 0 0.6586914 0.5671387 0 0.7226563 0.6147461 0 0.7475586 0.640625 0 0.690918 0.6027832 0 0.7226563 0.6403809 0 0.7475586 0.6696777 0 0.690918 0.614502 0 0.7226563 0.6694336 0 0.7475586 0.6984863 0 0.6928711 0.6401367 0 0.7226563 0.6984863 0 0.6928711 0.6691895 0 0.7226563 0.7365723 0 0.7475586 0.7370605 0 0.7475586 0.7463379 0 0.7226563 0.7446289 0 0.6992188 0.7543945 0 0.6992188 0.7370605 0 0.6826172 0.7542725 0 0.6928711 0.6982422 0 0.6826172 0.7338867 0 0.6640625 0.729248 0 0.6640625 0.7543945 0 0.6586914 0.6982422 0 0.644043 0.7229004 0 0.644043 0.7513428 0 0.6064453 0.7490234 0 0.6586914 0.6691895 0 0.6064453 0.71875 0 0.5791016 0.7530518 0 0.644043 0.6982422 0 0.6064453 0.6982422 0 0.644043 0.6691895 0 0.5791016 0.7236328 0 0.5576172 0.7576904 0 0.5791016 0.6982422 0 0.5576172 0.729248 0 0.5395508 0.7608643 0 0.6064453 0.6691895 0 0.5395508 0.7336426 0 0.5102539 0.7523193 0 0.5576172 0.6982422 0 0.5102539 0.7365723 0 0.4790039 0.7460938 0 0.4790039 0.7368164 0 0.5395508 0.6982422 0 0.5102539 0.6982422 0 0.4790039 0.6982422 0 0.5102539 0.6691895 0 0.4790039 0.6691895 0 0.5395508 0.6691895 0 0.5102539 0.6401367 0 0.4790039 0.6401367 0 0.4790039 0.614502 0 0.5395508 0.6401367 0 0.5102539 0.614502 0 0.4790039 0.6027832 0 0.5576172 0.6691895 0 0.5576172 0.6401367 0 0.5791016 0.6691895 0 0.5576172 0.614502 0 0.6064453 0.6401367 0 0.5791016 0.6401367 0 0.5791016 0.614502 0 0.6064453 0.614502 0 0.644043 0.6401367 0 0.644043 0.614502 0 0.6586914 0.6401367 0 0.6640625 0.614502 0 0.6640625 0.6027832 0 0.644043 0.6027832 0 0.6640625 0.5915527 0 0.6064453 0.6027832 0 0.644043 0.5915527 0 0.644043 0.5671387 0 0.5791016 0.6027832 0 0.6064453 0.5915527 0 0.5576172 0.6027832 0 0.5791016 0.5915527 0 0.6064453 0.5671387 0 0.6459961 0.5388184 0 0.5791016 0.5671387 0 0.6425781 0.5270996 0 0.6069336 0.5388184 0 0.6430664 0.4882812 0 0.6069336 0.5290527 0 0.6069336 0.4887695 0 0.5795898 0.5290527 0 0.5800781 0.5388184 0 0.5576172 0.5290527 0 0.5595703 0.5524902 0 0.5390625 0.5290527 0 0.5576172 0.5361328 0 0.5576172 0.5671387 0 0.5390625 0.5361328 0 0.5385742 0.5515137 0 0.5087891 0.5361328 0 0.5117188 0.4863281 0 0.4816895 0.4882812 0 0.479248 0.5297852 0 0.5102539 0.5290527 0 0.479248 0.5368652 0 0.5058594 0.5515137 0 0.4689941 0.5512695 0 0.4790039 0.5671387 0 0.5102539 0.5671387 0 0.5395508 0.5671387 0 0.5097656 0.5908203 0 0.4790039 0.5915527 0 0.5395508 0.5915527 0 0.5102539 0.6027832 0 0.5576172 0.5915527 0 0.5395508 0.6027832 0 0.5395508 0.614502 0 0.7226563 0.4003906 0 0.7475586 0.4003906 0 0.7475586 0.4111328 0 0.7226563 0.4111328 0 0.7475586 0.421875 0 0.690918 0.3999023 0 0.7226563 0.4213867 0 0.6860352 0.4350586 0 0.6640625 0.3999023 0 0.6723633 0.4614258 0 0.6640625 0.4106445 0 0.6640625 0.4213867 0 0.644043 0.4106445 0 0.644043 0.4213867 0 0.644043 0.3999023 0 0.6064453 0.4213867 0 0.6064453 0.4106445 0 0.6064453 0.3999023 0 0.5791016 0.4213867 0 0.5791016 0.4106445 0 0.5791016 0.3999023 0 0.5576172 0.4213867 0 0.5576172 0.4106445 0 0.5576172 0.3999023 0 0.5390625 0.421875 0 0.5390625 0.4111328 0 0.5395508 0.3999023 0 0.5102539 0.4213867 0 0.5102539 0.4106445 0 0.5102539 0.3999023 0 0.4816895 0.3999023 0 0.4816895 0.4106445 0 0.4816895 0.4213867 0 0.4816895 0.4213867 0 0.4814453 0.4462891 0 0.5102539 0.4213867 0 0.5107422 0.4458008 0 0.4829102 0.4614258 0 0.5390625 0.421875 0 0.5131836 0.4658203 0 0.5390625 0.4462891 0 0.5571289 0.4458008 0 0.5576172 0.4213867 0 0.5375977 0.4672852 0 0.5791016 0.4458008 0 0.5791016 0.4213867 0 0.6064453 0.4213867 0 0.5571289 0.465332 0 0.5385742 0.4868164 0 0.5117188 0.4863281 0 0.4816895 0.4882812 0 0.479248 0.5297852 0 0.5566406 0.4868164 0 0.5102539 0.5290527 0 0.5390625 0.5290527 0 0.5087891 0.5361328 0 0.479248 0.5368652 0 0.5791016 0.4672852 0 0.5102539 0.5671387 0 0.4790039 0.5671387 0 0.5795898 0.4873047 0 0.5102539 0.5915527 0 0.4790039 0.5915527 0 0.5576172 0.5290527 0 0.5102539 0.6027832 0 0.4790039 0.6027832 0 0.5395508 0.5915527 0 0.5102539 0.614502 0 0.4790039 0.614502 0 0.5395508 0.6027832 0 0.5395508 0.5671387 0 0.5576172 0.5915527 0 0.5390625 0.5375977 0 0.5576172 0.5671387 0 0.5571289 0.5524902 0 0.5581055 0.5361328 0 0.5791016 0.5671387 0 0.5795898 0.5290527 0 0.5776367 0.5383301 0 0.5839844 0.5529785 0 0.6069336 0.4887695 0 0.6069336 0.5290527 0 0.6064453 0.5393066 0 0.6054688 0.4682617 0 0.6430664 0.4882812 0 0.6064453 0.4462891 0 0.644043 0.4213867 0 0.6435547 0.4458008 0 0.6640625 0.4213867 0 0.6430664 0.4672852 0 0.6635742 0.4462891 0 0.671875 0.4780273 0 0.6635742 0.4887695 0 0.6865234 0.4541016 0 0.6640625 0.4677734 0 0.7226563 0.4213867 0 0.7485352 0.4477539 0 0.7475586 0.421875 0 0.7226563 0.4458008 0 0.7480469 0.4643555 0 0.7202148 0.4667969 0 0.6904297 0.4702148 0 0.6914063 0.4887695 0 0.7216797 0.4873047 0 0.75 0.4916992 0 0.7475586 0.5302734 0 0.690918 0.5290527 0 0.722168 0.5292969 0 0.746582 0.5371094 0 0.7211914 0.536377 0 0.7475586 0.567627 0 0.6625977 0.5290527 0 0.7226563 0.5673828 0 0.7475586 0.5917969 0 0.6918945 0.5361328 0 0.7226563 0.5917969 0 0.7475586 0.6032715 0 0.6928711 0.5671387 0 0.7226563 0.6030273 0 0.7475586 0.6149902 0 0.690918 0.5915527 0 0.7226563 0.6147461 0 0.7475586 0.640625 0 0.690918 0.6027832 0 0.7226563 0.6403809 0 0.7475586 0.6696777 0 0.690918 0.614502 0 0.7226563 0.6694336 0 0.7475586 0.6984863 0 0.6928711 0.6401367 0 0.7226563 0.6984863 0 0.6640625 0.6027832 0 0.7226563 0.7365723 0 0.7475586 0.7370605 0 0.7475586 0.7463379 0 0.7226563 0.7446289 0 0.6992188 0.7543945 0 0.6992188 0.7370605 0 0.6826172 0.7542725 0 0.6928711 0.6982422 0 0.6826172 0.7338867 0 0.6640625 0.729248 0 0.6640625 0.7543945 0 0.6586914 0.6982422 0 0.6928711 0.6691895 0 0.644043 0.7229004 0 0.644043 0.7513428 0 0.6064453 0.7490234 0 0.6586914 0.6691895 0 0.6064453 0.71875 0 0.5791016 0.7530518 0 0.644043 0.6982422 0 0.6064453 0.6982422 0 0.644043 0.6691895 0 0.6586914 0.6401367 0 0.6640625 0.614502 0 0.644043 0.614502 0 0.644043 0.6401367 0 0.6064453 0.6691895 0 0.6064453 0.6401367 0 0.5791016 0.6982422 0 0.5791016 0.6691895 0 0.5791016 0.7236328 0 0.5576172 0.7576904 0 0.5576172 0.729248 0 0.5395508 0.7608643 0 0.5395508 0.7336426 0 0.5102539 0.7523193 0 0.5576172 0.6982422 0 0.5576172 0.6691895 0 0.5102539 0.7365723 0 0.4790039 0.7460938 0 0.4790039 0.7368164 0 0.5395508 0.6982422 0 0.5102539 0.6982422 0 0.4790039 0.6982422 0 0.5395508 0.6691895 0 0.5102539 0.6691895 0 0.4790039 0.6691895 0 0.5576172 0.6401367 0 0.5395508 0.6401367 0 0.5102539 0.6401367 0 0.4790039 0.6401367 0 0.5395508 0.614502 0 0.5791016 0.6401367 0 0.5576172 0.614502 0 0.5576172 0.6027832 0 0.5791016 0.614502 0 0.5791016 0.6027832 0 0.5791016 0.5915527 0 0.6064453 0.614502 0 0.6064453 0.6027832 0 0.644043 0.6027832 0 0.6064453 0.5915527 0 0.644043 0.5915527 0 0.6640625 0.5915527 0 0.644043 0.5671387 0 0.6586914 0.5671387 0 0.6064453 0.5671387 0 0.6464844 0.5529785 0 0.6083984 0.5527344 0 0.644043 0.5400391 0 0.6606445 0.5427246 0 0.6425781 0.5270996 0 0 0 0 0 0 0 0 0 0 0 0 0 0 0 0 0 0 0 0 0 0 0 0 0 0 0 0 0 0 0 0 0 0 0 0 0 0 0 0 0 0 0 0 0 0 0 0 0 0 0 0 0 0 0 0 0 0 0 0 0 0 0 0 0 0 0 0 0 0 0 0 0 0 0 0 0 0 0 0 0 0 0 0 0 0 0 0 0 0 0 0 0 0 0 0 0 0 0 0 0 0 0 0 0 0 0 0 0 0 0 0 0 0 0 0 0 0 0 0 0 0 0 0 0 0 0 0.4121094 0.3945312 0 0.4484863 0.4140625 0 0.434082 0.4213867 0 0.4399414 0.3857422 0 0.4487305 0.4116211 0 0.4440918 0.3852539 0 0.4377441 0.3574219 0 0.440918 0.3569336 0 0.4365234 0.3295898 0 0.05953979 0.2412109 0 0.05953979 0.2412109 0 0.05957031 0.2587891 0 0.05957031 0.2587891 0 0.05953979 0.2861328 0 0.05953979 0.2412109 0 0.05953979 0.2861328 0 0.05957031 0.3066406 0 0.05957031 0.2587891 0 0.06634521 0.2583008 0 0.06634521 0.2412109 0 0.06634521 0.2412109 0 0.06634521 0.2583008 0 0.05953979 0.2861328 0 0.06634521 0.2958984 0 0.06634521 0.2958984 0 0.05957031 0.3066406 0 0.06634521 0.3276367 0 0.06634521 0.3276367 0 0.06646729 0.3530273 0 0.05957031 0.3066406 0 0.05957031 0.3295898 0 0.05957031 0.3295898 0 0.05963135 0.3540039 0 0.05957031 0.3295898 0 0.06646729 0.3530273 0 0.06652832 0.378418 0 0.06652832 0.378418 0 0.05963135 0.3540039 0 0.05963135 0.3540039 0 0.05770874 0.378418 0 0.05770874 0.378418 0 0.05770874 0.378418 0 0.05953979 0.2412109 0 0.05953979 0.2412109 0 0.05957031 0.2587891 0 0.05957031 0.2587891 0 0.05953979 0.2861328 0 0.05953979 0.2412109 0 0.05953979 0.2861328 0 0.05957031 0.3066406 0 0.05957031 0.2587891 0 0.06634521 0.2583008 0 0.06634521 0.2412109 0 0.06634521 0.2412109 0 0.06634521 0.2583008 0 0.05953979 0.2861328 0 0.06634521 0.2958984 0 0.06634521 0.2958984 0 0.05957031 0.3066406 0 0.06634521 0.3276367 0 0.06634521 0.3276367 0 0.06646729 0.3530273 0 0.05957031 0.3066406 0 0.05957031 0.3295898 0 0.05957031 0.3295898 0 0.05963135 0.3540039 0 0.05957031 0.3295898 0 0.05963135 0.3540039 0 0.05770874 0.378418 0 0.05770874 0.378418 0 0.05963135 0.3540039 0 0.05770874 0.378418 0 0.06652832 0.378418 0 0.06646729 0.3530273 0 0.06652832 0.378418 0 0.7426758 0 0 0.1489258 0.1269531 0 0.6088867 0 0 0 0.9996223 0 0.3044434 0.5 0 0 0.9996223 0 0.6088867 0 0 0.7426758 0 0 0.6088867 0 0 0.7426758 0 0 0 0 0 0 0 0 0 0 0 0 0 0 0 0 0 0 0 0 0 0 0 0 0 0 0 0 0 0 0 0 0 0 0 0 0 0 0 0 0 0 0 0 0 0 0 0 0 0 0 0 0 0 0 0 0 0 0 0 0 0 0 0 0 0 0 0 0 0 0 0 0 0 0 0 0 0 0 0 0 0 0 0 0 0 0 0 0 0 0 0 0 0 0 0 0 0 0 0 0 0 0 0 0 0 0 0 0 0 0 0 0 0 0 0 0 0 0 0 0 0 0 0 0 0 0 0 0 0 0 0 0 0 0.8325195 0.9752045 0 0.8325195 0.9771423 0 0.7998047 0.9640503 0 0.8017578 0.9624634 0 0.7758789 0.9578857 0 0.8095703 0.9491882 0 0.8334961 0.9599609 0 0.8144531 0.9362793 0 0.7763672 0.9543762 0 0.7509766 0.9584351 0 0.7504883 0.9538574 0 0.7509766 0.9256592 0 0.784668 0.9297485 0 0.8105469 0.9182739 0 0.7519531 0.9238892 0 0.7861328 0.8999023 0 0.8110352 0.8881836 0 0.7529297 0.8486328 0 0.7856445 0.8679199 0 0.8110352 0.8669434 0 0.8110352 0.8881836 0 0.7861328 0.8999023 0 0.7519531 0.9238892 0 0.8105469 0.9182739 0 0.784668 0.9297485 0 0.7509766 0.9256592 0 0.8144531 0.9362793 0 0.7763672 0.9543762 0 0.7504883 0.9538574 0 0.8095703 0.9491882 0 0.8334961 0.9599609 0 0.8325195 0.9752045 0 0.7758789 0.9578857 0 0.7509766 0.9584351 0 0.8017578 0.9624634 0 0.7998047 0.9640503 0 0.8325195 0.9771423 0 0 0 0 0 0 0 0 0 0 0 0 0 0 0 0 0 0 0 0 0 0 0 0 0 0 0 0 0 0 0 0 0 0 0 0 0 0 0 0 0 0 0 0 0 0 0 0 0 0 0 0 0 0 0 0 0 0 0 0 0 0 0 0 0 0 0 0 0 0 0 0 0 0 0 0 0 0 0 0 0 0 0 0 0 0 0 0 0 0 0 0 0 0 0 0 0 0 0 0 0 0 0 0 0 0 0 0 0 0 0 0 0 0 0 0 0 0 0 0 0 0 0 0 0 0 0 0.2548828 0.793335 0 0.6289063 0.8140869 0 0.2680664 0.7989502 0 0.2678223 0.7818604 0 0.2648926 0.7735596 0 0.2543945 0.7685547 0 0.248291 0.7709961 0 0.2412109 0.7773438 0 0.2385254 0.7896729 0 0.2409668 0.8070068 0 0.2478027 0.8104248 0 0.2585449 0.8094482 0 0 0 0 0 0 0 0 0 0 0 0 0 0 0 0 0 0 0 0 0 0 0 0 0 0 0 0 0 0 0 0 0 0 0 0 0 0 0 0 0 0 0 0 0 0 0 0 0 0 0 0 0 0 0 0 0 0 0 0 0 0 0 0 0 0 0 0 0 0 0 0 0 0.2548828 0.793335 0 0.2412109 0.7773438 0 0.248291 0.7709961 0 0.2543945 0.7685547 0 0.2385254 0.7896729 0 0.2648926 0.7735596 0 0.2409668 0.8070068 0 0.2678223 0.7818604 0 0.2478027 0.8104248 0 0.2680664 0.7989502 0 0.2585449 0.8094482 0 0.6040039 0 0 0.9995117 0 0 0.8017578 0 0 0.029953 0.6630859 0 0 0.8585205 0 0.05990601 0.4677734 0 0.3161621 0.9706726 0 0.0562439 1 0 0.1861572 0.9853363 0 0.1307373 0 0 0 0 0 0.2614746 0 0 0.3522949 0.04052734 0 0 0 0 0.2121582 0 0 0.1646729 0.5 0 0.5297852 0 0 0.3293457 1 0 0.5297852 0 0 0.1646729 0.5 0 0 0 0 0 0 0 1 0 0 0.126709 0.3364258 0 0.5 0.4140625 0 0.3740234 0.1157227 0 1 0 0 0.2854004 0.3286133 0 0.342041 0.394043 0 0.2963867 0.3413086 0 0.2927246 0.4453125 0 0.2548828 1 0 0 0.7802734 0 0.2895508 0 0 0.6264648 0 0 1 0 0 0.7519531 0.121582 0 0.871582 0.199707 0 4.30822e-4 0 0 0 0.46875 0 0.307373 0.3540039 0 0.06750488 0.2045898 0 0.4379883 0.4780273 0 0.7705078 0.5495605 0 0.06750488 0.2045898 0 0.2478027 0.8104248 0 0.2478027 0.8104248 0 0.2409668 0.8070068 0 0.6640625 0.3999023 0 0.2585449 0.8094482 0 0.546875 0.5039063 0 0.2680664 0.7989502 0 0.6289063 0.8140869 0 0.644043 0.3999023 0 0.644043 0.4106445 0 0.6064453 0.4106445 0 0.6064453 0.3999023 0 0.6640625 0.4106445 0 0.5791016 0.4106445 0 0.5791016 0.3999023 0 0.5390625 0.4111328 0 0.5395508 0.3999023 0 0.6835938 0.4350586 0 0.671875 0.4780273 0 0.6860352 0.3999023 0 0.7226563 0.4213867 0 0.7226563 0.4003906 0 0.7475586 0.4111328 0 0.7475586 0.4003906 0 0.5395508 0.3999023 0 0.5102539 0.4106445 0 0.5102539 0.3999023 0 0.4816895 0.3999023 0 0.4816895 0.4106445 0 0.2895508 0 0 0.6264648 0 0 0.2895508 0 0 0.6264648 0 0 0.2548828 1 0 0.2548828 1 0 0 0.7802734 0 0 0.7802734 0 0.2666016 0 0 0.5639648 0 0 0.2666016 0 0 0.5639648 0 0 0.4780273 0 0 0.4997559 0.1049805 0 0 0.2094727 0 1 0 0 0.2410889 1 0 0.2410889 1 0 0 0.8261719 0 0 0.8261719 0 0.409668 0 0 0.124939 0.1376953 0 0 0.1572266 0 0.454834 0.03955078 0 0.4870605 0 0 0.2498779 0.5393066 0 0 1 0 1 0 0 0.5571289 0 0 0.5571289 0 0 0.6538086 0 0 0.6538086 0 0 0.5039063 0.2431641 0 1 0 0 0.7519531 0.121582 0 0.871582 0.199707 0 0.02627563 0 0 0.4675293 0 0 0.40625 1 0 1 0 0 0.7705078 0.5495605 0 0.06750488 0.2045898 0 0.06750488 0.2045898 0 0.7705078 0.5495605 0 0.6557617 0.8835449 0 0.2548828 0 0 1 0 0 0 0 0 0.06750488 0.2045898 0 0.7705078 0.5495605 0 0.06750488 0.2045898 0 0.7705078 0.5495605 0 0.8325195 0.9771423 0 0.8544922 0.9844971 0 0.8549805 0.9672546 0 0.8334961 0.9599609 0 0.8549805 0.9672546 0 0.8544922 0.9844971 0 0.8325195 0.9771423 0 0.8334961 0.9599609 0 0 0.8261719 0 0.4023437 0.5 0 0.2410889 1 0 0.124939 0.1376953 0 0.454834 0.03955078 0 0.2666016 0 0 0.5639648 0 0 0.5522461 0 0 0.4770508 0 0 0.09771729 0.1264648 0 0.2385254 0 0 0.2498779 0.5393066 0 1 0 0 0.2121582 0 0 0.4243164 0 0 0.3522949 0.04052734 0 0.659668 0 0 0.5 0.1079102 0 1 0.215332 0 0.612793 0 0 0.612793 0 0 0.4831543 0 0 0.7963867 0 0 0.7963867 0 0 0.5488281 0 0 0.5488281 0 0 0 0 0 0 0 0 0 0 0 0 0 0 0.7290039 0 0 0.7290039 0 0 0.6772461 0 0 0.6772461 0 0 0.3112793 0 0 0.3112793 0 0 0 0.1455078 0 0 0.1455078 0 0.06652832 0.378418 0 0.05770874 0.378418 0 0.05963135 0.3540039 0 0.06646729 0.3530273 0 0.05957031 0.3295898 0 0.06634521 0.3276367 0 0.05957031 0.3066406 0 0.06634521 0.2958984 0 0.05953979 0.2861328 0 0.06634521 0.2583008 0 0.06634521 0.2583008 0 0.05957031 0.2587891 0 0.06634521 0.2412109 0 0.05953979 0.2412109 0 0.06634521 0.2412109 0 0.06750488 0.2045898 0 0.7705078 0.5495605 0 0.06750488 0.2045898 0 0 0.2509766 0 0.7314453 0.6586914 0 0 0.2509766 0 0.4570312 0 0 0 0.1884766 0 0 0.1884766 0 0.4570312 0 0 0.2471924 0 0 0.2471924 0 0 0 0.07958984 0 0 0.07958984 0 0.7314453 0.6586914 0 0 0.2509766 0 0 0.2509766 0 0.7705078 0.5495605 0 0.06750488 0.2045898 0 0.06750488 0.2045898 0 0.3908691 0.4501953 0 0.515625 0.5354004 0 0.307373 0.3540039 0 0.4006348 0.4614258 0 0.8862305 0.8087158 0 0.8603516 0.9902496 0 0.3435059 0.3955078 0 0.307373 0.3540039 0 0.2963867 0.3413086 0 0.4104004 0.4726562 0 0.342041 0.394043 0 0.8603516 0.9902496 0 0.6455078 0.7429199 0 1 0 0 0.4838867 0.1123047 0 1 0 0 0.4838867 0.1123047 0 0.6416016 0 0 0.6416016 0 0 0.5512695 0 0 0.5512695 0 0 0.4606934 0 0 0.4606934 0 0 0.5195313 0 0 1 0 0 0.9731445 0.7613525 0 0.2541504 0.9833221 0 0 0 0 0.5288086 0.03417969 0 0 0.1455078 0 0.1489258 0.1269531 0 0.5 4.88281e-4 0 0.1489258 0.1269531 0 0.7426758 0 0 0.7426758 0 0 0.4941406 0 0 0 0.1455078 0 0.3112793 0 0 0.3544922 0.008300781 0 0.6772461 0 0 0.7290039 0 0 0.2148437 0.01660156 0 0 0 0 0.3327637 0 0 0 0 0 0.5488281 0 0 0.5170898 -0.008789062 0 0.7963867 0 0 0.4831543 0 0 0.612793 0 0 0.621582 0.005371094 0 0.1203003 0.05615234 0 0 0.07958984 0 0.2471924 0 0 0.3952637 0 0 0.4570312 0 0 0.2285156 0.0703125 0 0 0.1884766 0 0.2215576 0 0 0.8432617 0.05175781 0 1 0 0 0.6967773 0.1391602 0 0.6499023 0.1166992 0 0.456543 0.1821289 0 1 0 0 0.4838867 0.1123047 0 0.456543 0.1821289 0 0.7416992 0.05615234 0 0.6416016 0 0 0.6689453 0.02832031 0 0.5512695 0 0 0 0.9996223 0 0.3398437 0.1445312 0 0 0 0 0.5961914 0 0 0 0.9996223 0 0.4680176 0.07226562 0 1 0 0 0.5703125 0.1445312 0 0.6772461 0.008300781 0 0.3547363 0.01660156 0 0.4606934 0 0 0.3747559 0.02197266 0 0.3525391 0.04931641 0 0.3710937 0.08886719 0 0.3950195 0.02734375 0 0.3608398 0.08496094 0 0.3505859 0.08154297 0 0.3520508 0.07470703 0 0.3662109 0.09814453 0 0.4182129 0.1005859 0 0.4274902 0.04199219 0 0.3652344 0.1030273 0 0.3803711 0.1210937 0 0.3703613 0.1044922 0 0.3696289 0.1206055 0 0.3774414 0.2236328 0 0.3696289 0.1206055 0 0.3913574 0.1088867 0 0.3908691 0.121582 0 0.3681641 0.2241211 0 0.3681641 0.2241211 0 0.3769531 0.28125 0 0.3679199 0.2822266 0 0.369873 0.3193359 0 0.3781738 0.3183594 0 0.3679199 0.2822266 0 0.3696289 0.340332 0 0.3779297 0.3393555 0 0.369873 0.3193359 0 0.3693848 0.3686523 0 0.3779297 0.3676758 0 0.1173096 0.5 0 0.1173096 0.5 0 0.3696289 0.340332 0 0.3693848 0.3686523 0 0.1173096 0.5002441 0 0.3859863 0.3388672 0 0.3867187 0.3671875 0 0 1 0 0.4099121 0.3095703 0 0.4172363 0.3637695 0 0.3806152 0.3901367 0 0.4121094 0.3334961 0 0.9453125 0.06347656 0 0.06750488 0.2045898 0 0.7705078 0.5495605 0 0.440918 0.3569336 0 0.4440918 0.3852539 0 0.4121094 0.3945312 0 0.434082 0.4213867 0 0.4487305 0.4116211 0 0.4365234 0.3295898 0 0.4643555 0.3183594 0 0.4338379 0.3037109 0 0.5039063 0.293457 0 0.5 0.3125 0 0.4086914 0.2724609 0 0.4714355 0.2480469 0 0.5112305 0.2431641 0 0.4138184 0.2060547 0 0.4765625 0.1958008 0 0.5170898 0.1918945 0 0.4182129 0.1474609 0 0.486084 0.1352539 0 0.5268555 0.1445312 0 0.4482422 0.1289062 0 0.425293 0.1137695 0 0.4335937 0.1152344 0 0.4499512 0.1176758 0 0.4882812 0.1240234 0 0.5292969 0.1337891 0 0.4377441 0.1035156 0 0.4519043 0.09716797 0 0.4597168 0.05761719 0 0.4904785 0.112793 0 0.4799805 0.06689453 0 0.5322266 0.1230469 0 0.5209961 0.08447266 0 0.1723633 0.7070313 0 0.1170044 0.6940918 0 0.1035156 0.6508789 0 0.1696777 0.6491699 0 0.09960937 0.6293945 0 0.1807861 0.7060547 0 0.1716309 0.7487793 0 0.182373 0.7468262 0 0.1890869 0.7050781 0 0.1929932 0.7451172 0 0.2355957 0.6994629 0 0.2399902 0.7382813 0 0.1877441 0.6486816 0 0.2883301 0.6958008 0 0.2893066 0.7373047 0 0.3378906 0.7441406 0 0.3596191 0.7116699 0 0.3569336 0.7487793 0 0.3395996 0.6928711 0 0.3742676 0.6916504 0 0.2347412 0.6472168 0 0.2897949 0.6445313 0 0.3718262 0.668457 0 0.3989258 0.689209 0 0.402832 0.6606445 0 0.3435059 0.6391602 0 0.3686523 0.6347656 0 0.4013672 0.6386719 0 0.2910156 0.5952148 0 0.3681641 0.5952148 0 0.4013672 0.5932617 0 0.4013672 0.6386719 0 0.3457031 0.5952148 0 0.3686523 0.6347656 0 0.402832 0.6606445 0 0.3435059 0.6391602 0 0.3718262 0.668457 0 0.3989258 0.689209 0 0.3742676 0.6916504 0 0.3395996 0.6928711 0 0.3596191 0.7116699 0 0.3378906 0.7441406 0 0.3569336 0.7487793 0 0.2897949 0.6445313 0 0.2883301 0.6958008 0 0.2893066 0.7373047 0 0.2399902 0.7382813 0 0.2344971 0.5952148 0 0.2347412 0.6472168 0 0.2355957 0.6994629 0 0.1929932 0.7451172 0 0.1849365 0.5952148 0 0.1877441 0.6486816 0 0.1890869 0.7050781 0 0.182373 0.7468262 0 0.1750488 0.5952148 0 0.178833 0.6489258 0 0.1807861 0.7060547 0 0.1716309 0.7487793 0 0.164917 0.5952148 0 0.0947876 0.5952148 0 0.09960937 0.6293945 0 0.1696777 0.6491699 0 0.1035156 0.6508789 0 0.1723633 0.7070313 0 0.1170044 0.6940918 0 0.5209961 0.08447266 0 0.5322266 0.1230469 0 0.4799805 0.06689453 0 0.4904785 0.112793 0 0.5292969 0.1337891 0 0.4597168 0.05761719 0 0.4882812 0.1240234 0 0.5268555 0.1445312 0 0.4519043 0.09716797 0 0.4274902 0.04199219 0 0.486084 0.1352539 0 0.5170898 0.1918945 0 0.4182129 0.1005859 0 0.3950195 0.02734375 0 0.4765625 0.1958008 0 0.5112305 0.2431641 0 0.3632812 0.04833984 0 0.3747559 0.02197266 0 0.3918457 0.09570312 0 0.3520508 0.07470703 0 0.3913574 0.1088867 0 0.3662109 0.09814453 0 0.4377441 0.1035156 0 0.3908691 0.121582 0 0.3803711 0.1210937 0 0.425293 0.1137695 0 0.4335937 0.1152344 0 0.418457 0.1469727 0 0.4482422 0.1289062 0 0.4399414 0.2060547 0 0.4138184 0.2060547 0 0.3867187 0.2231445 0 0.3774414 0.2236328 0 0.4350586 0.2597656 0 0.3857422 0.2802734 0 0.3769531 0.28125 0 0.3781738 0.3183594 0 0.4086914 0.2724609 0 0.3867187 0.3173828 0 0.3859863 0.3388672 0 0.3779297 0.3393555 0 0.4099121 0.3095703 0 0.4338379 0.3037109 0 0.4714355 0.2480469 0 0.5039063 0.293457 0 0.4643555 0.3183594 0 0.5 0.3125 0 0.4365234 0.3295898 0 0.440918 0.3569336 0 0.4121094 0.3334961 0 0.4172363 0.3637695 0 0.4440918 0.3852539 0 0.434082 0.4213867 0 0.4487305 0.4116211 0 0.4121094 0.3945312 0 0.3867187 0.3671875 0 0.3779297 0.3676758 0 0 1 0 0.1173096 0.5 0 0.3806152 0.3901367 0 0.9335938 0.4472656 0 0.006015778 0 0 1 0 0 0.4375 0.09960937 0 0.6689453 0.6381836 0 0.7524414 0.7077637 0 0.4997559 0 0 0.8862305 0.8087158 0 1 0 0 0.02931213 0.3583984 0 0.05770874 0.378418 0 0.01837158 0.3798828 0 0.05963135 0.3540039 0 0.02931213 0.3374023 0 0.05957031 0.3295898 0 0.05963135 0.3540039 0 0.05770874 0.378418 0 0.05770874 0.378418 0 0.05963135 0.3540039 0 0.05957031 0.3295898 0 0.05957031 0.3295898 0 0.05957031 0.3066406 0 0.05957031 0.3066406 0 0.05953979 0.2861328 0 0.05953979 0.2861328 0 0.05957031 0.2587891 0 0.05957031 0.2587891 0 0.05953979 0.2412109 0 0.05953979 0.2412109 0 0.05770874 0.378418 0 0.02931213 0.3583984 0 0.01837158 0.3798828 0 0.05963135 0.3540039 0 0.02931213 0.3374023 0 0.05957031 0.3295898 0 0.05770874 0.378418 0 0.05963135 0.3540039 0 0.05770874 0.378418 0 0.05963135 0.3540039 0 0.05957031 0.3295898 0 0.05957031 0.3295898 0 0.05957031 0.3066406 0 0.05957031 0.3066406 0 0.05953979 0.2861328 0 0.05953979 0.2861328 0 0.05957031 0.2587891 0 0.05957031 0.2587891 0 0.05953979 0.2412109 0 0.05953979 0.2412109 0 0.7226563 0.4003906 0 0.7475586 0.4003906 0 0.7475586 0.4111328 0 0.7226563 0.4213867 0 0.690918 0.3999023 0 0.6860352 0.4350586 0 0.6723633 0.4614258 0 0.6640625 0.3999023 0 0.6640625 0.4106445 0 0.644043 0.4106445 0 0.644043 0.3999023 0 0.6064453 0.4106445 0 0.6064453 0.3999023 0 0.5791016 0.4106445 0 0.5791016 0.3999023 0 0.5390625 0.4111328 0 0.5395508 0.3999023 0 0.5102539 0.4106445 0 0.5395508 0.3999023 0 0.5102539 0.3999023 0 0.4816895 0.3999023 0 0.4816895 0.4106445 0 0.05963135 0.3540039 0 0.05770874 0.378418 0 0.06652832 0.378418 0 0.06646729 0.3530273 0 0.05957031 0.3295898 0 0.06634521 0.3276367 0 0.05957031 0.3066406 0 0.06634521 0.2958984 0 0.05953979 0.2861328 0 0.06634521 0.2583008 0 0.06634521 0.2583008 0 0.05957031 0.2587891 0 0.06634521 0.2412109 0 0.05953979 0.2412109 0 0.06634521 0.2412109 0 0.7426758 0 0 0.6088867 0 0 0.7426758 0 0 0.6088867 0 0 0.3044434 0.5 0 0.7426758 0 0 0.1489258 0.1269531 0 0 0.9996223 0 0 0.9996223 0 0.02931213 0.3071289 0 0.05957031 0.3295898 0 0.02931213 0.3374023 0 0.05957031 0.3066406 0 0.05953979 0.2861328 0 0.02931213 0.2612305 0 0.05957031 0.2587891 0 0.02931213 0.2412109 0 0.05953979 0.2412109 0 0.05957031 0.2587891 0 0.02931213 0.2612305 0 0.05953979 0.2861328 0 0.02931213 0.3071289 0 0.05957031 0.3066406 0 0.05957031 0.3295898 0 0.02931213 0.3374023 0 0.9995117 0 0 1 0 0 0.4780273 0 0 0.4780273 0 0 0 0.2094727 0 0 0.2094727 0 1 0 0 1 0 0 0.6967773 0.1391602 0 0.6967773 0.1391602 0 0.456543 0.1821289 0 0.456543 0.1821289 0 0.307373 0.3540039 0 0.8862305 0.8087158 0 0.8862305 0.8087158 0 0.2963867 0.3413086 0 0.2854004 0.3286133 0 0.6689453 0.6381836 0 0 0 0 0 0 0 0 0 0 0 0 0 0 0 0 0 0 0 0 0 0 0 0 0 0 0 0 0 0 0 0 0 0 0 0 0 0 0 0 0 0 0 0 0 0 0 0 0 0 0 0 0 0 0 0 0 0 0 0 0 0 0 0 0 0 0 0 0 0 0 0 0 0.4104004 0.4726562 0 0.3740234 0.1157227 0 0 0.08544922 0 0.6455078 0.7429199 0 0.8603516 0.9902496 0 0.8603516 0.9902496 0 0.4006348 0.4614258 0 0.8862305 0.8087158 0 0.3435059 0.3955078 0 0.2854004 0.3286133 0 0.2963867 0.3413086 0 0.307373 0.3540039 0 0.3908691 0.4501953 0 0.4379883 0.4780273 0 0.4814453 0.4462891 0 0.4816895 0.4106445 0 0.5102539 0.4106445 0 0.5107422 0.4458008 0 0.5390625 0.4111328 0 0.5117188 0.4863281 0 0.479248 0.5297852 0 0.5390625 0.4462891 0 0.5791016 0.4106445 0 0.5102539 0.5290527 0 0.5791016 0.4458008 0 0.6064453 0.4106445 0 0.5390625 0.5290527 0 0.5058594 0.5515137 0 0.4689941 0.5512695 0 0.4790039 0.5671387 0 0.5102539 0.614502 0 0.4790039 0.6401367 0 0.5395508 0.614502 0 0.5102539 0.6691895 0 0.4790039 0.6982422 0 0.4790039 0.7368164 0 0.5395508 0.6401367 0 0.5102539 0.7365723 0 0.4790039 0.7460938 0 0.5102539 0.7523193 0 0.5395508 0.6982422 0 0.5395508 0.7336426 0 0.5395508 0.7608643 0 0.5576172 0.729248 0 0.5576172 0.7576904 0 0.5791016 0.7530518 0 0.6064453 0.71875 0 0.6064453 0.7490234 0 0.644043 0.7513428 0 0.5791016 0.6982422 0 0.5791016 0.6691895 0 0.6064453 0.6691895 0 0.644043 0.6982422 0 0.5576172 0.6401367 0 0.6064453 0.6401367 0 0.5576172 0.614502 0 0.5791016 0.614502 0 0.5576172 0.5671387 0 0.5791016 0.5671387 0 0.5800781 0.5388184 0 0.6069336 0.5388184 0 0.6064453 0.5671387 0 0.6064453 0.4462891 0 0.644043 0.4106445 0 0.6459961 0.5388184 0 0.6435547 0.4658203 0 0.6425781 0.5270996 0 0.6635742 0.4462891 0 0.6640625 0.4106445 0 0.6723633 0.4614258 0 0.6635742 0.4887695 0 0.6865234 0.4541016 0 0.7226563 0.4213867 0 0.7475586 0.4111328 0 0.7485352 0.4477539 0 0.7226563 0.4458008 0 0.7216797 0.4873047 0 0.7475586 0.5302734 0 0.6914063 0.4887695 0 0.722168 0.5292969 0 0.746582 0.5515137 0 0.690918 0.5290527 0 0.6625977 0.5290527 0 0.6918945 0.5361328 0 0.6606445 0.5371094 0 0.7226563 0.5673828 0 0.7475586 0.567627 0 0.6928711 0.5671387 0 0.6586914 0.5671387 0 0.690918 0.5915527 0 0.7226563 0.6147461 0 0.7475586 0.640625 0 0.644043 0.5671387 0 0.6640625 0.5915527 0 0.644043 0.614502 0 0.644043 0.6401367 0 0.6586914 0.6401367 0 0.690918 0.614502 0 0.6586914 0.6691895 0 0.6928711 0.6401367 0 0.6928711 0.6982422 0 0.6586914 0.6982422 0 0.6640625 0.7543945 0 0.6826172 0.7542725 0 0.7226563 0.6694336 0 0.7475586 0.6984863 0 0.6992188 0.7370605 0 0.6992188 0.7543945 0 0.7226563 0.7365723 0 0.7475586 0.7370605 0 0.7226563 0.7446289 0 0.7475586 0.7463379 0 0.7509766 0.9256592 0 0.7758789 0.9578857 0 0.7509766 0.9584351 0 0.784668 0.9297485 0 0.7519531 0.9238892 0 0.8095703 0.9491882 0 0.7998047 0.9640503 0 0.8325195 0.9771423 0 0.8334961 0.9599609 0 0.8144531 0.9362793 0 0.7861328 0.8999023 0 0.7529297 0.8486328 0 0.8110352 0.8881836 0 0.7856445 0.8679199 0 0.8110352 0.8669434 0 0.8110352 0.8881836 0 0.7861328 0.8999023 0 0.7519531 0.9238892 0 0.8144531 0.9362793 0 0.784668 0.9297485 0 0.7509766 0.9256592 0 0.7758789 0.9578857 0 0.7509766 0.9584351 0 0.8095703 0.9491882 0 0.8334961 0.9599609 0 0.7998047 0.9640503 0 0.8325195 0.9771423 0 0.2548828 0.793335 0 0.6289063 0.8140869 0 0.2680664 0.7989502 0 0.2678223 0.7818604 0 0.2648926 0.7735596 0 0.2543945 0.7685547 0 0.2412109 0.7773438 0 0.2385254 0.7896729 0 0.2409668 0.8070068 0 0.2478027 0.8104248 0 0.2585449 0.8094482 0 0.4816895 0.4106445 0 0.4814453 0.4462891 0 0.5102539 0.4106445 0 0.5107422 0.4458008 0 0.5390625 0.4111328 0 0.5131836 0.4658203 0 0.5390625 0.4462891 0 0.5791016 0.4106445 0 0.5117188 0.4863281 0 0.479248 0.5297852 0 0.5385742 0.4868164 0 0.5791016 0.4458008 0 0.6064453 0.4106445 0 0.5390625 0.5290527 0 0.6054688 0.4682617 0 0.5102539 0.5290527 0 0.5795898 0.4873047 0 0.5102539 0.5671387 0 0.4790039 0.5671387 0 0.4790039 0.614502 0 0.5395508 0.5671387 0 0.5102539 0.614502 0 0.4790039 0.6982422 0 0.5795898 0.5290527 0 0.5102539 0.6691895 0 0.4790039 0.7368164 0 0.6069336 0.4887695 0 0.5102539 0.7365723 0 0.4790039 0.7460938 0 0.5102539 0.7523193 0 0.5395508 0.7336426 0 0.5395508 0.7608643 0 0.5395508 0.6982422 0 0.5576172 0.729248 0 0.5576172 0.7576904 0 0.5791016 0.7530518 0 0.5395508 0.6401367 0 0.6064453 0.71875 0 0.6064453 0.7490234 0 0.5791016 0.6982422 0 0.5791016 0.6691895 0 0.6064453 0.6982422 0 0.644043 0.7229004 0 0.644043 0.7513428 0 0.6640625 0.7543945 0 0.6586914 0.6982422 0 0.6826172 0.7542725 0 0.644043 0.6691895 0 0.644043 0.6401367 0 0.6586914 0.6401367 0 0.6928711 0.6691895 0 0.6064453 0.6401367 0 0.644043 0.614502 0 0.5791016 0.6401367 0 0.6064453 0.6027832 0 0.5576172 0.614502 0 0.5791016 0.5671387 0 0.6064453 0.5671387 0 0.6069336 0.5290527 0 0.644043 0.5671387 0 0.6464844 0.5529785 0 0.6425781 0.5270996 0 0.6640625 0.5915527 0 0.6586914 0.5671387 0 0.6606445 0.5427246 0 0.690918 0.5915527 0 0.6928711 0.5671387 0 0.690918 0.614502 0 0.6928711 0.6401367 0 0.7226563 0.6147461 0 0.7226563 0.5673828 0 0.7226563 0.6694336 0 0.6992188 0.7370605 0 0.6992188 0.7543945 0 0.7475586 0.6984863 0 0.7226563 0.7365723 0 0.7226563 0.7446289 0 0.7475586 0.7463379 0 0.7475586 0.7370605 0 0.7475586 0.6149902 0 0.7475586 0.567627 0 0.722168 0.5292969 0 0.7475586 0.5302734 0 0.6918945 0.5361328 0 0.7216797 0.4873047 0 0.6625977 0.5290527 0 0.7485352 0.4477539 0 0.690918 0.5290527 0 0.6635742 0.4887695 0 0.6914063 0.4887695 0 0.6865234 0.4541016 0 0.7226563 0.4458008 0 0.7226563 0.4213867 0 0.7475586 0.4111328 0 0.671875 0.4780273 0 0.6635742 0.4462891 0 0.6640625 0.4106445 0 0.6430664 0.4672852 0 0.6435547 0.4458008 0 0.644043 0.4106445 0 0.2548828 0.793335 0 0.2412109 0.7773438 0 0.2543945 0.7685547 0 0.2385254 0.7896729 0 0.2648926 0.7735596 0 0.2409668 0.8070068 0 0.2678223 0.7818604 0 0.2478027 0.8104248 0 0.2680664 0.7989502 0 0.2585449 0.8094482 0 0.6040039 0 0 0.9995117 0 0 0.8017578 0 0 0.029953 0.6630859 0 0 0.8585205 0 0.05990601 0.4677734 0 0.1646729 0.5 0 0.5297852 0 0 0.3293457 1 0 0.5297852 0 0 0.1646729 0.5 0 0 0 0 0.2666016 0 0 0.5639648 0 0 0.2666016 0 0 0.2410889 1 0 0 0.8261719 0 0 0.8261719 0 0.6557617 0.8835449 0 0.2548828 0 0 1 0 0 0.2548828 0 0 0.6557617 0.8835449 0 0 0 0 0.2409668 0.8070068 0 0.6640625 0.3999023 0 0.2585449 0.8094482 0 0.4006348 0.4614258 0 0.8862305 0.8087158 0 0.3908691 0.4501953 0 0.4831543 0 0 0.612793 0 0 0.7963867 0 0 0.3398437 0.1445312 0 0.5512695 0 0 0 0 0 0.3747559 0.02197266 0 0.3525391 0.04931641 0 0.3547363 0.01660156 0 0.2927246 0.4453125 0 0.2548828 1 0 0 0.7802734 0 0.2895508 0 0 0.6264648 0 0 0.307373 0.3540039 0 0.06750488 0.2045898 0 0.4379883 0.4780273 0 0.7705078 0.5495605 0 0.06750488 0.2045898 0 0.4816895 0.3999023 0 0.5395508 0.3999023 0 0.5390625 0.4111328 0 0.5791016 0.4106445 0 0.5395508 0.3999023 0 0.6064453 0.3999023 0 0.644043 0.4106445 0 0.6640625 0.3999023 0 0.6860352 0.4350586 0 0.7226563 0.4003906 0 0.7226563 0.4213867 0 0.7475586 0.4003906 0 0.02931213 0.3071289 0 0.05957031 0.3295898 0 0.02931213 0.3374023 0 0.05953979 0.2861328 0 0.05957031 0.2587891 0 0.02931213 0.2412109 0 0.05953979 0.2412109 0 0.05957031 0.2587891 0 0.4104004 0.4726562 0 0.3740234 0.1157227 0 0 0.08544922 0 0.4006348 0.4614258 0 0.8603516 0.9902496 0 0.8862305 0.8087158 0 0.3435059 0.3955078 0 0.2854004 0.3286133 0 0.2963867 0.3413086 0 0.307373 0.3540039 0 0.3908691 0.4501953 0 0.4379883 0.4780273 0 0.2895508 0 0 0.6264648 0 0 0.2895508 0 0 0.6264648 0 0 0.2548828 1 0 0.2548828 1 0 0 0.7802734 0 0 0.7802734 0 0.4780273 0 0 0.4997559 0.1049805 0 0 0.2094727 0 0.9995117 0 0 0.409668 0 0 0.124939 0.1376953 0 0 0.1572266 0 0.454834 0.03955078 0 0.4870605 0 0 0.2498779 0.5393066 0 0 1 0 0.9995117 0 0 0.02627563 0 0 0.4675293 0 0 0.40625 1 0 1 0 0 0.7705078 0.5495605 0 0.06750488 0.2045898 0 0.06750488 0.2045898 0 0.7705078 0.5495605 0 0.06750488 0.2045898 0 0.7705078 0.5495605 0 0.06750488 0.2045898 0 0.7705078 0.5495605 0 0.8325195 0.9771423 0 0.8544922 0.9844971 0 0.8549805 0.9672546 0 0.8334961 0.9599609 0 0 0.2509766 0 0.7314453 0.6586914 0 0.7705078 0.5495605 0 0.06750488 0.2045898 0 0.8862305 0.8087158 0 0.4006348 0.4614258 0 0.8603516 0.9902496 0 0.4104004 0.4726562 0 0.4997559 0 0 0.8862305 0.8087158 0 0.6689453 0.6381836 0 1 0 0 0.8549805 0.9672546 0 0.8544922 0.9844971 0 0.8325195 0.9771423 0 0.8334961 0.9599609 0 0.05953979 0.2861328 0 0.05957031 0.2587891 0 0.05953979 0.2412109 0 0.05953979 0.2412109 0 0.2585449 0.8094482 0 0.2548828 0.793335 0 0.2409668 0.8070068 0 0.6289063 0.8140869 0 0.2680664 0.7989502 0 0.2678223 0.7818604 0 0.2648926 0.7735596 0 0.2412109 0.7773438 0 0.2409668 0.8070068 0 0 0.8261719 0 0.4023437 0.5 0 0.2410889 1 0 0.124939 0.1376953 0 0.454834 0.03955078 0 0.2666016 0 0 0.5639648 0 0 0.5522461 0 0 0.4770508 0 0 0.09771729 0.1264648 0 0.2498779 0.5393066 0 0.9995117 0 0 0.05957031 0.3066406 0 0.05957031 0.2587891 0 0.02931213 0.3071289 0 0.05957031 0.3295898 0 0.02931213 0.3374023 0 0.05953979 0.2412109 0 0.05953979 0.2412109 0 0.05957031 0.2587891 0 0.05953979 0.2861328 0 0.05957031 0.3066406 0 0.05957031 0.3295898 0 0.05957031 0.3295898 0 0.05963135 0.3540039 0 0.05770874 0.378418 0 0.05770874 0.378418 0 0.06652832 0.378418 0 0.05770874 0.378418 0 0.05963135 0.3540039 0 0.06646729 0.3530273 0 0.05957031 0.3295898 0 0.06634521 0.3276367 0 0.06634521 0.2958984 0 0.05953979 0.2861328 0 0.06634521 0.2583008 0 0.05953979 0.2412109 0 0.06750488 0.2045898 0 0.7705078 0.5495605 0 0.06750488 0.2045898 0 0 0.2509766 0 0.7314453 0.6586914 0 0.5102539 0.4106445 0 0.5102539 0.3999023 0 0.4816895 0.3999023 0 0.5390625 0.4111328 0 0.5791016 0.3999023 0 0.5791016 0.4458008 0 0.6640625 0.4106445 0 0.644043 0.3999023 0 0.6640625 0.3999023 0 0.6835938 0.4350586 0 0.671875 0.4780273 0 0.6860352 0.3999023 0 0.7226563 0.4213867 0 0.7226563 0.4003906 0 0.7475586 0.4003906 0 0.4243164 0 0 0.659668 0 0 0.3522949 0.04052734 0 0.5 0.1079102 0 1 0.215332 0 0.5195313 0 0 1 0 0 0.9731445 0.7613525 0 0.2541504 0.9833221 0 0 0 0 0.5288086 0.03417969 0 0 0.1455078 0 0.1489258 0.1269531 0 0.5 4.88281e-4 0 0.1489258 0.1269531 0 0.7426758 0 0 0.6088867 0 0 0.4941406 0 0 0 0.1455078 0 0.3112793 0 0 0.3544922 0.008300781 0 0.6772461 0 0 0.7290039 0 0 0.2148437 0.01660156 0 0 0 0 0.3327637 0 0 0 0 0 0.5488281 0 0 0.5170898 -0.008789062 0 0.7963867 0 0 0.4831543 0 0 0.612793 0 0 0.621582 0.005371094 0 0.1203003 0.05615234 0 0 0.07958984 0 0.2471924 0 0 0.3952637 0 0 0.4570312 0 0 0.2285156 0.0703125 0 0 0.1884766 0 0.2215576 0 0 0.8432617 0.05175781 0 0.9995117 0 0 0.6967773 0.1391602 0 0.6499023 0.1166992 0 0.456543 0.1821289 0 1 0 0 0.4838867 0.1123047 0 0.456543 0.1821289 0 0.7416992 0.05615234 0 0.6416016 0 0 0.6689453 0.02832031 0 0.5512695 0 0 0 0.9996223 0 0.5961914 0 0 0 0.9996223 0 0.3398437 0.1445312 0 0.4680176 0.07226562 0 0.06750488 0.2045898 0 0.9453125 0.06347656 0 0.7705078 0.5495605 0 0.3806152 0.3901367 0 0.4172363 0.3637695 0 0.3867187 0.3671875 0 0.1173096 0.5002441 0 0 1 0 0.3693848 0.3686523 0 0.1173096 0.5 0 0.3693848 0.3686523 0 0.3696289 0.340332 0 0.3696289 0.340332 0 0.369873 0.3193359 0 0.369873 0.3193359 0 0.4099121 0.3095703 0 0.3679199 0.2822266 0 0.3679199 0.2822266 0 0.3774414 0.2236328 0 0.3681641 0.2241211 0 0.3696289 0.1206055 0 0.3681641 0.2241211 0 0.3696289 0.1206055 0 0.3662109 0.09814453 0 0.4182129 0.1474609 0 0.425293 0.1137695 0 0.3520508 0.07470703 0 0.3608398 0.08496094 0 0.3525391 0.04931641 0 0.3505859 0.08154297 0 0.4182129 0.1005859 0 0.3747559 0.02197266 0 0.3950195 0.02734375 0 0.4274902 0.04199219 0 0.4519043 0.09716797 0 0.4597168 0.05761719 0 0.486084 0.1352539 0 0.4904785 0.112793 0 0.4799805 0.06689453 0 0.5268555 0.1445312 0 0.5322266 0.1230469 0 0.5209961 0.08447266 0 0.5039063 0.293457 0 0.1723633 0.7070313 0 0.1170044 0.6940918 0 0.1035156 0.6508789 0 0.4643555 0.3183594 0 0.5 0.3125 0 0.440918 0.3569336 0 0.4121094 0.3945312 0 0.434082 0.4213867 0 0.4487305 0.4116211 0 0.1929932 0.7451172 0 0.1716309 0.7487793 0 0.1696777 0.6491699 0 0.09960937 0.6293945 0 0.1890869 0.7050781 0 0.164917 0.5952148 0 0.0947876 0.5952148 0 0.09960937 0.6293945 0 0.1849365 0.5952148 0 0.1696777 0.6491699 0 0.1035156 0.6508789 0 0.1723633 0.7070313 0 0.1170044 0.6940918 0 0.5209961 0.08447266 0 0.1716309 0.7487793 0 0.1929932 0.7451172 0 0.5322266 0.1230469 0 0.4799805 0.06689453 0 0.1890869 0.7050781 0 0.4904785 0.112793 0 0.4597168 0.05761719 0 0.5268555 0.1445312 0 0.4519043 0.09716797 0 0.4274902 0.04199219 0 0.4882812 0.1240234 0 0.3918457 0.09570312 0 0.3950195 0.02734375 0 0.425293 0.1137695 0 0.3632812 0.04833984 0 0.3747559 0.02197266 0 0.3520508 0.07470703 0 0.3662109 0.09814453 0 0.4482422 0.1289062 0 0.418457 0.1469727 0 0.3696289 0.1206055 0 0.3774414 0.2236328 0 0.4765625 0.1958008 0 0.5039063 0.293457 0 0.4086914 0.2724609 0 0.369873 0.3193359 0 0.4338379 0.3037109 0 0.4643555 0.3183594 0 0.3696289 0.340332 0 0.440918 0.3569336 0 0.434082 0.4213867 0 0.4487305 0.4116211 0 0.4121094 0.3945312 0 0.4172363 0.3637695 0 0.3867187 0.3671875 0 0.3693848 0.3686523 0 0 1 0 0.1173096 0.5 0 0.3806152 0.3901367 0 0.9335938 0.4472656 0 0.006015778 0 0 1 0 0 0.02931213 0.3583984 0 0.05770874 0.378418 0 0.01837158 0.3798828 0 0.05963135 0.3540039 0 0.02931213 0.3374023 0 0.05957031 0.3295898 0 0.05963135 0.3540039 0 0.05770874 0.378418 0 0.05770874 0.378418 0 0.05963135 0.3540039 0 0.05957031 0.3295898 0 0.05957031 0.3295898 0 0.02931213 0.3071289 0 0.05953979 0.2861328 0 0.05770874 0.378418 0 0.02931213 0.3583984 0 0.01837158 0.3798828 0 0.05963135 0.3540039 0 0.02931213 0.3374023 0 0.05957031 0.3295898 0 0.05953979 0.2412109 0 0.05953979 0.2861328 0 0.06634521 0.2583008 0 0.06634521 0.2958984 0 0.05957031 0.3295898 0 0.06634521 0.3276367 0 0.06646729 0.3530273 0 0.06652832 0.378418 0 0.05770874 0.378418 0 0.9995117 0 0 0.9995117 0 0 0.4780273 0 0 0.4780273 0 0 0 0.2094727 0 0 0.2094727 0 0.307373 0.3540039 0 0.8862305 0.8087158 0 0.8862305 0.8087158 0 0.2963867 0.3413086 0 0.2854004 0.3286133 0 0.6689453 0.6381836 0 0.8334961 0.9599609 0 0.8325195 0.9771423 0 0.7998047 0.9640503 0 0.8144531 0.9362793 0 0.784668 0.9297485 0 0.7509766 0.9584351 0 0.7509766 0.9256592 0 0.7519531 0.9238892 0 0.8110352 0.8669434 0 0.7529297 0.8486328 0 0.784668 0.9297485 0 0.8110352 0.8881836 0 0.7519531 0.9238892 0 0.8144531 0.9362793 0 0.7509766 0.9256592 0 0.7998047 0.9640503 0 0.7509766 0.9584351 0 0.8334961 0.9599609 0 0.8325195 0.9771423 0 0.3378906 0.7441406 0 0.3596191 0.7116699 0 0.3569336 0.7487793 0 0.3395996 0.6928711 0 0.3989258 0.689209 0 0.402832 0.6606445 0 0.3435059 0.6391602 0 0.4013672 0.6386719 0 0.4013672 0.5932617 0 0.2910156 0.5952148 0 0.3435059 0.6391602 0 0.4013672 0.6386719 0 0.402832 0.6606445 0 0.3395996 0.6928711 0 0.3378906 0.7441406 0 0.3596191 0.7116699 0 0.3742676 0.6916504 0 0.3989258 0.689209 0 0.7475586 0.4003906 0 0.7475586 0.5302734 0 0.7226563 0.4213867 0 0.690918 0.5290527 0 0.6860352 0.4350586 0 0.7475586 0.567627 0 0.6635742 0.4462891 0 0.644043 0.4106445 0 0.6860352 0.4350586 0 0.6928711 0.6401367 0 0.6425781 0.5270996 0 0.6640625 0.5915527 0 0.5791016 0.4106445 0 0.644043 0.614502 0 0.7226563 0.6694336 0 0.7475586 0.7463379 0 0.7226563 0.7446289 0 0.6826172 0.7542725 0 0.6928711 0.6982422 0 0.644043 0.7513428 0 0.6064453 0.6401367 0 0.6064453 0.7490234 0 0.5791016 0.5671387 0 0.5791016 0.6982422 0 0.5791016 0.7530518 0 0.5395508 0.7608643 0 0.5390625 0.5290527 0 0.5390625 0.4111328 0 0.5395508 0.5915527 0 0.479248 0.5297852 0 0.4816895 0.3999023 0 0.4790039 0.5671387 0 0.5395508 0.6982422 0 0.5102539 0.7523193 0 0.5102539 0.6691895 0 0.4790039 0.7460938 0 0.3044434 0.5 0 0 0.9996223 0 0 0.9996223 0 0.6088867 0 0 0.1489258 0.1269531 0 0.7426758 0 0 0.6088867 0 0 0.7426758 0 0 0.7475586 0.7463379 0 0.7475586 0.6984863 0 0.7226563 0.7365723 0 0.6992188 0.7543945 0 0.6826172 0.7338867 0 0.7226563 0.6147461 0 0.7475586 0.567627 0 0.6928711 0.6691895 0 0.6586914 0.6982422 0 0.644043 0.7513428 0 0.722168 0.5292969 0 0.7475586 0.4003906 0 0.7226563 0.4213867 0 0.6865234 0.4541016 0 0.671875 0.4780273 0 0.6640625 0.4106445 0 0.690918 0.5915527 0 0.6625977 0.5290527 0 0.6586914 0.6401367 0 0.6069336 0.5290527 0 0.5791016 0.4458008 0 0.644043 0.5671387 0 0.644043 0.6691895 0 0.6064453 0.6401367 0 0.6064453 0.6982422 0 0.6064453 0.7490234 0 0.5791016 0.7530518 0 0.5791016 0.5671387 0 0.5791016 0.6691895 0 0.5576172 0.729248 0 0.5395508 0.7608643 0 0.5102539 0.7523193 0 0.5395508 0.6401367 0 0.5102539 0.6691895 0 0.4790039 0.7460938 0 0.4790039 0.6982422 0 0.4790039 0.5671387 0 0.5395508 0.5671387 0 0.5102539 0.5290527 0 0.4816895 0.3999023 0 0.5102539 0.4106445 0 0.5390625 0.5290527 0 0.5390625 0.4111328 0 0.2548828 0.793335 0 0.2385254 0.7896729 0 0.2543945 0.7685547 0 0.2678223 0.7818604 0 0.2478027 0.8104248 0 0.2680664 0.7989502 0</float_array>
          <technique_common>
            <accessor source="#geom-Clt_JKT023__M_JKT023-map2-array" count="2783" stride="3">
              <param name="S" type="float"/>
              <param name="T" type="float"/>
              <param name="P" type="float"/>
            </accessor>
          </technique_common>
        </source>
        <source id="geom-Clt_JKT023__M_JKT023-map3">
          <float_array id="geom-Clt_JKT023__M_JKT023-map3-array" count="8349">0.6040039 0 0 0.9995117 0 0 0.8017578 0 0 0.029953 0.6630859 0 0 0.8585205 0 0.05990601 0.4677734 0 0.3161621 0.9706726 0 0.0562439 1 0 0.1861572 0.9853363 0 0.1307373 0 0 0 0 0 0.2614746 0 0 0.3522949 0.04052734 0 0 0 0 0.2121582 0 0 0.1646729 0.5 0 0.5297852 0 0 0.3293457 1 0 0.5297852 0 0 0.1646729 0.5 0 0 0 0 0 0 0 1 0 0 0.126709 0.3364258 0 0.2927246 0.4453125 0 0.2548828 1 0 0 0.7802734 0 0.2895508 0 0 0.6264648 0 0 1 0 0 0.7519531 0.121582 0 0.871582 0.199707 0 4.30822e-4 0 0 0 0.46875 0 0.2895508 0 0 0.6264648 0 0 0.2895508 0 0 0.6264648 0 0 0.2548828 1 0 0.2548828 1 0 0 0.7802734 0 0 0.7802734 0 0.2666016 0 0 0.5639648 0 0 0.2666016 0 0 0.5639648 0 0 0.4780273 0 0 0.4997559 0.1049805 0 0 0.2094727 0 0.9995117 0 0 0.2410889 1 0 0.2410889 1 0 0 0.8261719 0 0 0.8261719 0 0.409668 0 0 0.124939 0.1376953 0 0 0.1572266 0 0.454834 0.03955078 0 0.4870605 0 0 0.2498779 0.5393066 0 0 1 0 1 0 0 0.7568359 0.06347656 0 0 0 0 0.9155273 0 0 0.6254883 0.1157227 0 0.5571289 0 0 0.5571289 0 0 0.6538086 0 0 0.6538086 0 0 0.5039063 0.2431641 0 1 0 0 0.7519531 0.121582 0 0.871582 0.199707 0 0.02627563 0 0 0.4675293 0 0 0.40625 1 0 1 0 0 0.3740234 0.1157227 0 0.5 0.4140625 0 0.7480469 0.1455078 0 1 0 0 0 1 0 0.4194336 0 0 0.2617187 0.9549561 0 0.1846924 0 0 0.7705078 0.5495605 0 0.06750488 0.2045898 0 0.06750488 0.2045898 0 0.7705078 0.5495605 0 0.6557617 0.8835449 0 0.2548828 0 0 1 0 0 0 0 0 0.06750488 0.2045898 0 0.7705078 0.5495605 0 0.06750488 0.2045898 0 0.7705078 0.5495605 0 0 0.8261719 0 0.4023437 0.5 0 0.2410889 1 0 0.124939 0.1376953 0 0.454834 0.03955078 0 0.2666016 0 0 0.5639648 0 0 0.5522461 0 0 0.4770508 0 0 0.09771729 0.1264648 0 0.2385254 0 0 0.2498779 0.5393066 0 1 0 0 0.4104004 0.4726562 0 0.3740234 0.1157227 0 0 0.08544922 0 0.3740234 0.1157227 0 0.6455078 0.7429199 0 0.8603516 0.9902496 0 0.8603516 0.9902496 0 0.4006348 0.4614258 0 0.8862305 0.8087158 0 0.3435059 0.3955078 0 0.2854004 0.3286133 0 0.3908691 0.4501953 0 0.2963867 0.3413086 0 0.4379883 0.4780273 0 0.3452148 0.3974609 0 0.307373 0.3540039 0 0.3452148 0.3974609 0 0.307373 0.3540039 0 0.06750488 0.2045898 0 0.7705078 0.5495605 0 0.06750488 0.2045898 0 0.7705078 0.5495605 0 0.06750488 0.2045898 0 0.7705078 0.5495605 0 0 0.2509766 0 0.7314453 0.6586914 0 0 0.2509766 0 0.7314453 0.6586914 0 0.9311523 0.2460937 0 0.9311523 0.2460937 0 0.9404297 0.2426758 0 0.9404297 0.2426758 0 0.9462891 0.230957 0 0.9462891 0.230957 0 0.9433594 0.2241211 0 0.9433594 0.2241211 0 0.9365234 0.2163086 0 0.9365234 0.2163086 0 0.9223633 0.2133789 0 0.9223633 0.2133789 0 0.9033203 0.2158203 0 0.9033203 0.2158203 0 0.8994141 0.2236328 0 0.8994141 0.2236328 0 0.9003906 0.2358398 0 0.9003906 0.2358398 0 0.9121094 0.2460937 0 0.9121094 0.2460937 0 0.9311523 0.2460937 0 0.9311523 0.2460937 0 0.9311523 0.2460937 0 0.9311523 0.2460937 0 0.9404297 0.2426758 0 0.9404297 0.2426758 0 0.9462891 0.230957 0 0.9462891 0.230957 0 0.9433594 0.2241211 0 0.9433594 0.2241211 0 0.9365234 0.2163086 0 0.9365234 0.2163086 0 0.9223633 0.2133789 0 0.9223633 0.2133789 0 0.9033203 0.2158203 0 0.9033203 0.2158203 0 0.8994141 0.2236328 0 0.8994141 0.2236328 0 0.4287109 0.2290039 0 0.9003906 0.2358398 0 0.8081055 0.1767578 0 0.9121094 0.2460937 0 0.9501953 0.5273438 0 0.9121094 0.2460937 0 0.9311523 0.2460937 0 0.9311523 0.2460937 0 0.3894043 0.2504883 0 0.4287109 0.253418 0 0.4165039 0.2944336 0 0.4284668 0.2944336 0 0.4162598 0.3222656 0 0.4282227 0.3222656 0 0.404541 0.3222656 0 0.4047852 0.2944336 0 0.3415527 0.237793 0 0.416748 0.2290039 0 0.4047852 0.2290039 0 0.416748 0.2060547 0 0.4047852 0.2060547 0 0.4287109 0.2060547 0 0.4047852 0.1640625 0 0.416748 0.1640625 0 0.4287109 0.1640625 0 0.4047852 0.1337891 0 0.416748 0.1337891 0 0.4287109 0.1337891 0 0.4047852 0.1098633 0 0.416748 0.1098633 0 0.4287109 0.1098633 0 0.4040527 0.08886719 0 0.4162598 0.08935547 0 0.4287109 0.08935547 0 0.4047852 0.05664062 0 0.416748 0.05664062 0 0.4287109 0.05664062 0 0.4287109 0.02441406 0 0.416748 0.02441406 0 0.4047852 0.02441406 0 0.2121582 0 0 0.4243164 0 0 0.3522949 0.04052734 0 0.659668 0 0 0.5 0.1079102 0 1 0.215332 0 0.1588135 0.8162842 0 0.1358643 0.8265381 0 0.1395264 0.8275146 0 0.1602783 0.817627 0 0.1508789 0.8399658 0 0.1751709 0.8306885 0 0.4570312 0 0 0 0.1884766 0 0 0.1884766 0 0.4570312 0 0 0.2471924 0 0 0.2471924 0 0 0 0.07958984 0 0 0.07958984 0 0.7314453 0.6586914 0 0.7314453 0.6586914 0 0 0.2509766 0 0 0.2509766 0 0.7705078 0.5495605 0 0.06750488 0.2045898 0 0.7705078 0.5495605 0 0.06750488 0.2045898 0 0.7705078 0.5495605 0 0.06750488 0.2045898 0 0.3908691 0.4501953 0 0.515625 0.5354004 0 0.8862305 0.8087158 0 0.307373 0.3540039 0 0.3452148 0.3974609 0 0.4006348 0.4614258 0 0.8862305 0.8087158 0 0.8603516 0.9902496 0 0.3435059 0.3955078 0 0.3452148 0.3974609 0 0.307373 0.3540039 0 0.2963867 0.3413086 0 0.4104004 0.4726562 0 0.8603516 0.9902496 0 0.6455078 0.7429199 0 0.342041 0.394043 0 0.2854004 0.3286133 0 1 0 0 0.4838867 0.1123047 0 1 0 0 0.4838867 0.1123047 0 0.6416016 0 0 0.6416016 0 0 0.5512695 0 0 0.5512695 0 0 0.4606934 0 0 0.4606934 0 0 0.3112793 0 0 0 0.1455078 0 0 0.1455078 0 0.3112793 0 0 0.6772461 0 0 0.6772461 0 0 0.7290039 0 0 0.7290039 0 0 0 0 0 0 0 0 0 0 0 0 0 0 0.5488281 0 0 0.5488281 0 0 0.7963867 0 0 0.7963867 0 0 0.4831543 0 0 0.4831543 0 0 0.612793 0 0 0.612793 0 0 0.5195313 0 0 1 0 0 0.9731445 0.7613525 0 0.2541504 0.9833221 0 0 0 0 0.5288086 0.03417969 0 0 0.1455078 0 0.1489258 0.1269531 0 0.5 4.88281e-4 0 0.1489258 0.1269531 0 0.7426758 0 0 0.7426758 0 0 0.4941406 0 0 0 0.1455078 0 0.3112793 0 0 0.3544922 0.008300781 0 0.6772461 0 0 0.7290039 0 0 0.2148437 0.01660156 0 0 0 0 0.3327637 0 0 0 0 0 0.5488281 0 0 0.5170898 -0.008789062 0 0.7963867 0 0 0.4831543 0 0 0.4831543 0 0 0.612793 0 0 0.621582 0.005371094 0 0.1203003 0.05615234 0 0 0.07958984 0 0.2471924 0 0 0.3952637 0 0 0.4570312 0 0 0.2285156 0.0703125 0 0 0.1884766 0 0.2215576 0 0 0.8432617 0.05175781 0 0.9995117 0 0 0.6967773 0.1391602 0 0.6499023 0.1166992 0 0.456543 0.1821289 0 0.456543 0.1821289 0 0.4838867 0.1123047 0 1 0 0 0.7416992 0.05615234 0 0.6416016 0 0 0.6689453 0.02832031 0 0.5512695 0 0 0 0.9996223 0 0.3398437 0.1445312 0 0 0 0 0.5961914 0 0 0 0.9996223 0 0.4680176 0.07226562 0 1 0 0 0.5703125 0.1445312 0 0.8525391 0.1743164 0 0.7050781 0.3481445 0 0.4606934 0 0 0.7304688 0.3564453 0 0.7006836 0.3886719 0 0.7211914 0.4394531 0 0.7553711 0.3642578 0 0.7084961 0.434082 0 0.6958008 0.4291992 0 0.6977539 0.4204102 0 0.7143555 0.4506836 0 0.7128906 0.456543 0 0.7299805 0.4799805 0 0.7192383 0.4589844 0 0.7167969 0.4785156 0 0.7182617 0.6066895 0 0.7167969 0.4785156 0 0.7070313 0.6064453 0 0.7128906 0.6774902 0 0.7070313 0.6064453 0 0.7021484 0.6782227 0 0.7021484 0.6782227 0 0.7001953 0.7241211 0 0.7104492 0.7236328 0 0.7231445 0.677002 0 0.6982422 0.7503662 0 0.7084961 0.75 0 0.7001953 0.7241211 0 0.6992188 0.7871094 0 0.7089844 0.786377 0 0.1173096 0.5 0 0.1173096 0.5 0 0.6982422 0.7503662 0 0.6992188 0.7871094 0 0.1173096 0.5 0 0.71875 0.7492676 0 0.71875 0.7856445 0 0 1 0 0.7211914 0.7229004 0 0.7646484 0.7824707 0 0.7216797 0.8206787 0 0.7578125 0.7150879 0 0.9453125 0.06347656 0 0.06750488 0.2045898 0 0.7705078 0.5495605 0 0.7587891 0.744873 0 0.7597656 0.6696777 0 0.7875977 0.7092285 0 0.7294922 0.6071777 0 0.7431641 0.4814453 0 0.7729492 0.588623 0 0.7451172 0.4658203 0 0.784668 0.5163574 0 0.7939453 0.6564941 0 0.746582 0.449707 0 0.7841797 0.4736328 0 0.7871094 0.4584961 0 0.8037109 0.3862305 0 0.7944336 0.4755859 0 0.8291016 0.4575195 0 0.8427734 0.4091797 0 0.8110352 0.4638672 0 0.815918 0.4638672 0 0.8041992 0.4780273 0 0.8242188 0.4824219 0 0.8208008 0.496582 0 0.8041992 0.590332 0 0.8701172 0.5078125 0 0.8544922 0.5803223 0 0.8413086 0.6445313 0 0.8305664 0.7043457 0 0.8916016 0.6428223 0 0.9052734 0.5795898 0 0.8774414 0.7041016 0 0.9199219 0.5222168 0 0.8242188 0.7299805 0 0.871582 0.7275391 0 0.8735352 0.4946289 0 0.9238281 0.5097656 0 0.8764648 0.480957 0 0.9272461 0.4970703 0 0.8666992 0.4228516 0 0.9160156 0.4492187 0 0.1634521 0.4799805 0 0.1795654 0.4155273 0 0.2305908 0.3994141 0 0.2332764 0.4755859 0 0.2561035 0.3945312 0 0.1644287 0.4902344 0 0.112915 0.4790039 0 0.1143799 0.4921875 0 0.296875 0.4692383 0 0.2958984 0.3891602 0 0.2561035 0.3945312 0 0.2336426 0.4863281 0 0.1652832 0.5 0 0.1158447 0.5043945 0 0.1734619 0.5549316 0 0.1235352 0.5600586 0 0.2340088 0.4970703 0 0.1794434 0.6171875 0 0.1290283 0.6193848 0 0.1229248 0.6782227 0 0.1635742 0.7019043 0 0.1201782 0.7011719 0 0.1851807 0.677002 0 0.1895752 0.7158203 0 0.2366943 0.5529785 0 0.1976318 0.7414551 0 0.1942139 0.7421875 0 0.2165527 0.7119141 0 0.2232666 0.7451172 0 0.2415771 0.6174316 0 0.2498779 0.6791992 0 0.2561035 0.7080078 0 0.2539062 0.7456055 0 0.3010254 0.6176758 0 0.3027344 0.7072754 0 0.3061523 0.746582 0 0.2539062 0.7456055 0 0.3022461 0.6811523 0 0.2561035 0.7080078 0 0.2232666 0.7451172 0 0.2498779 0.6791992 0 0.2165527 0.7119141 0 0.1976318 0.7414551 0 0.1895752 0.7158203 0 0.1942139 0.7421875 0 0.1851807 0.677002 0 0.1635742 0.7019043 0 0.1229248 0.6782227 0 0.1201782 0.7011719 0 0.2415771 0.6174316 0 0.1794434 0.6171875 0 0.1290283 0.6193848 0 0.1235352 0.5600586 0 0.2990723 0.5512695 0 0.2366943 0.5529785 0 0.1734619 0.5549316 0 0.1158447 0.5043945 0 0.2973633 0.4926758 0 0.2340088 0.4970703 0 0.1652832 0.5 0 0.1143799 0.4921875 0 0.2971191 0.480957 0 0.2336426 0.4863281 0 0.1644287 0.4902344 0 0.112915 0.4790039 0 0.2332764 0.4755859 0 0.2305908 0.3994141 0 0.1634521 0.4799805 0 0.1795654 0.4155273 0 0.9160156 0.4492187 0 0.9272461 0.4970703 0 0.8666992 0.4228516 0 0.8764648 0.480957 0 0.9238281 0.5097656 0 0.8427734 0.4091797 0 0.8735352 0.4946289 0 0.9199219 0.5222168 0 0.8286133 0.4575195 0 0.8037109 0.3862305 0 0.8701172 0.5078125 0 0.9052734 0.5795898 0 0.8242188 0.4824219 0 0.8544922 0.5803223 0 0.8916016 0.6428223 0 0.8208008 0.496582 0 0.8413086 0.6445313 0 0.8774414 0.7041016 0 0.8041992 0.590332 0 0.8242188 0.7299805 0 0.871582 0.7275391 0 0.8305664 0.7043457 0 0.7939453 0.6564941 0 0.7890625 0.7412109 0 0.7939453 0.7746582 0 0.7875977 0.7092285 0 0.7905273 0.774292 0 0.7988281 0.8081055 0 0.7587891 0.744873 0 0.7944336 0.8084717 0 0.8100586 0.8383789 0 0.8105469 0.8425293 0 0.7607422 0.8216553 0 0.793457 0.854126 0 0.7646484 0.7824707 0 0.7578125 0.7150879 0 0.71875 0.7492676 0 0.7597656 0.6696777 0 0.7211914 0.7229004 0 0.7104492 0.7236328 0 0.7734375 0.5881348 0 0.7231445 0.677002 0 0.7128906 0.6774902 0 0.7084961 0.75 0 0.7182617 0.6066895 0 0.71875 0.7856445 0 0.7089844 0.786377 0 0 1 0 0.1173096 0.5 0 0.7216797 0.8206787 0 0.9335938 0.4472656 0 0.006015778 0 0 1 0 0 0.7294922 0.6071777 0 0.7299805 0.4799805 0 0.7431641 0.4814453 0 0.7143555 0.4506836 0 0.7851563 0.5158691 0 0.7451172 0.4658203 0 0.6977539 0.4204102 0 0.746582 0.449707 0 0.7143555 0.3881836 0 0.7553711 0.3642578 0 0.7304688 0.3564453 0 0.7841797 0.4736328 0 0.7871094 0.4584961 0 0.7944336 0.4755859 0 0.8110352 0.4638672 0 0.815918 0.4638672 0 0.8041992 0.4780273 0 0.4997559 0 0 0.5043945 0.1137695 0 0.4997559 0 0 0.4375 0.09960937 0 0.4997559 0 0 0.6689453 0.6381836 0 0.7524414 0.7077637 0 0.8862305 0.8087158 0 1 0 0 0.1395264 0.8275146 0 0.1358643 0.8265381 0 0.1588135 0.8162842 0 0.1602783 0.817627 0 0.1508789 0.8399658 0 0.1751709 0.8306885 0 0.1508789 0.8399658 0 0.1340332 0.8719482 0 0.1164551 0.8377686 0 0.1633301 0.8670654 0 0.1751709 0.8306885 0 0.1907959 0.8602295 0 0.1633301 0.8670654 0 0.1340332 0.8719482 0 0.1340332 0.8719482 0 0.1633301 0.8670654 0 0.1907959 0.8602295 0 0.1907959 0.8602295 0 0.2203369 0.8554688 0 0.2203369 0.8554688 0 0.2468262 0.8521729 0 0.2468262 0.8521729 0 0.2763672 0.8503418 0 0.2763672 0.8503418 0 0.3054199 0.8491211 0 0.3054199 0.8491211 0 0.215332 0.8206787 0 0.1907959 0.8602295 0 0.1751709 0.8306885 0 0.2203369 0.8554688 0 0.2390137 0.8179932 0 0.2468262 0.8521729 0 0.2712402 0.8179932 0 0.2763672 0.8503418 0 0.3046875 0.8167725 0 0.3054199 0.8491211 0 0.2763672 0.8503418 0 0.2712402 0.8179932 0 0.2468262 0.8521729 0 0.2390137 0.8179932 0 0.2203369 0.8554688 0 0.215332 0.8206787 0 0.1907959 0.8602295 0 0.1751709 0.8306885 0 0.1340332 0.8719482 0 0.1508789 0.8399658 0 0.1164551 0.8377686 0 0.1633301 0.8670654 0 0.1751709 0.8306885 0 0.1907959 0.8602295 0 0.1340332 0.8719482 0 0.1633301 0.8670654 0 0.1340332 0.8719482 0 0.1633301 0.8670654 0 0.1907959 0.8602295 0 0.1907959 0.8602295 0 0.2203369 0.8554688 0 0.2203369 0.8554688 0 0.2468262 0.8521729 0 0.2468262 0.8521729 0 0.2763672 0.8503418 0 0.2763672 0.8503418 0 0.3054199 0.8491211 0 0.3054199 0.8491211 0 0.9995117 0 0 0.9995117 0 0 0.4780273 0 0 0.4780273 0 0 0 0.2094727 0 0 0.2094727 0 0.9995117 0 0 0.9995117 0 0 0.6967773 0.1391602 0 0.6967773 0.1391602 0 0.456543 0.1821289 0 0.456543 0.1821289 0 0.307373 0.3540039 0 0.8862305 0.8087158 0 0.8862305 0.8087158 0 0.2963867 0.3413086 0 0.2854004 0.3286133 0 0.6689453 0.6381836 0 0.3769531 0.02441406 0 0.4047852 0.02441406 0 0.4047852 0.05664062 0 0.3776855 0.05761719 0 0.359375 0.02539062 0 0.4040527 0.08886719 0 0.3579102 0.06054687 0 0.3771973 0.08886719 0 0.3776855 0.109375 0 0.4047852 0.1098633 0 0.3552246 0.08691406 0 0.3774414 0.1337891 0 0.4047852 0.1337891 0 0.357666 0.1088867 0 0.4047852 0.1640625 0 0.331543 0.08886719 0 0.3771973 0.1645508 0 0.4047852 0.2060547 0 0.3557129 0.1333008 0 0.3774414 0.2055664 0 0.4047852 0.2290039 0 0.3540039 0.1625977 0 0.3771973 0.2285156 0 0.3598633 0.2382812 0 0.3554687 0.2055664 0 0.3312988 0.1342773 0 0.3681641 0.2539062 0 0.4047852 0.2944336 0 0.3317871 0.1083984 0 0.404541 0.3222656 0 0.3754883 0.3232422 0 0.3771973 0.2939453 0 0.3566895 0.3232422 0 0.3562012 0.2905273 0 0.3549805 0.2290039 0 0.3505859 0.2573242 0 0.3310547 0.2929687 0 0.326416 0.3251953 0 0.2827148 0.3222656 0 0.3295898 0.2592773 0 0.3295898 0.2280273 0 0.2841797 0.2592773 0 0.2839355 0.2939453 0 0.2753906 0.3212891 0 0.2758789 0.2924805 0 0.2590332 0.3212891 0 0.2587891 0.2939453 0 0.2412109 0.3222656 0 0.276123 0.2597656 0 0.2841797 0.2270508 0 0.2414551 0.2944336 0 0.2139893 0.3222656 0 0.2416992 0.2607422 0 0.2753906 0.2246094 0 0.2142334 0.2944336 0 0.2012939 0.3222656 0 0.2143555 0.2587891 0 0.2015381 0.2944336 0 0.1882324 0.3222656 0 0.2416992 0.2226562 0 0.1884766 0.2944336 0 0.1594238 0.3222656 0 0.2016602 0.2587891 0 0.159668 0.2944336 0 0.1270752 0.3222656 0 0.1887207 0.2587891 0 0.1273193 0.2944336 0 0.09466553 0.3222656 0 0.1599121 0.2607422 0 0.09490967 0.2944336 0 0.1274414 0.2607422 0 0.05203247 0.2944336 0 0.05157471 0.3222656 0 0.04116821 0.3222656 0 0.04302979 0.2944336 0 0.03207397 0.2680664 0 0.05157471 0.2680664 0 0.03222656 0.2495117 0 0.09509277 0.2607422 0 0.05508423 0.2495117 0 0.0602417 0.2290039 0 0.03213501 0.2290039 0 0.09509277 0.2226562 0 0.06732178 0.2060547 0 0.03561401 0.2060547 0 0.03817749 0.1640625 0 0.1274414 0.2226562 0 0.07202148 0.1640625 0 0.03366089 0.1337891 0 0.09509277 0.2060547 0 0.09509277 0.1640625 0 0.1274414 0.2060547 0 0.06652832 0.1337891 0 0.02851868 0.1098633 0 0.09509277 0.1337891 0 0.06033325 0.1098633 0 0.02494812 0.08935547 0 0.1274414 0.1640625 0 0.05554199 0.08935547 0 0.03442383 0.05664062 0 0.09509277 0.1098633 0 0.05203247 0.05664062 0 0.04162598 0.02148437 0 0.05200195 0.02148437 0 0.09509277 0.08935547 0 0.09509277 0.05664062 0 0.09509277 0.02148437 0 0.1274414 0.05664062 0 0.1274414 0.02148437 0 0.1274414 0.08935547 0 0.1599121 0.05664062 0 0.1599121 0.02148437 0 0.1887207 0.02148437 0 0.1599121 0.08935547 0 0.1887207 0.05664062 0 0.2016602 0.02148437 0 0.1274414 0.1098633 0 0.1599121 0.1098633 0 0.1274414 0.1337891 0 0.1887207 0.1098633 0 0.1599121 0.1640625 0 0.1599121 0.1337891 0 0.1887207 0.1337891 0 0.1887207 0.1640625 0 0.1599121 0.2060547 0 0.1887207 0.2060547 0 0.1599121 0.2226562 0 0.1887207 0.2290039 0 0.2016602 0.2290039 0 0.2016602 0.2060547 0 0.2143555 0.2290039 0 0.2016602 0.1640625 0 0.2143555 0.2060547 0 0.2416992 0.2060547 0 0.2016602 0.1337891 0 0.2143555 0.1640625 0 0.2016602 0.1098633 0 0.2143555 0.1337891 0 0.2416992 0.1640625 0 0.2731934 0.2084961 0 0.2416992 0.1337891 0 0.286377 0.2045898 0 0.2731934 0.1650391 0 0.3300781 0.2055664 0 0.2841797 0.1645508 0 0.3295898 0.1650391 0 0.2841797 0.1342773 0 0.2731934 0.1347656 0 0.2841797 0.1098633 0 0.2580566 0.1118164 0 0.2844238 0.08886719 0 0.2763672 0.1098633 0 0.2416992 0.1098633 0 0.2763672 0.08886719 0 0.2592773 0.08789062 0 0.276123 0.05517578 0 0.3320312 0.05810547 0 0.329834 0.02441406 0 0.2832031 0.02197266 0 0.2841797 0.05664062 0 0.2756348 0.02197266 0 0.2592773 0.05175781 0 0.2595215 0.01074219 0 0.2416992 0.02148437 0 0.2416992 0.05664062 0 0.2416992 0.08935547 0 0.21521 0.05615234 0 0.2143555 0.02148437 0 0.2143555 0.08935547 0 0.2016602 0.05664062 0 0.2143555 0.1098633 0 0.2016602 0.08935547 0 0.1887207 0.08935547 0 0.4284668 0.2944336 0 0.4282227 0.3222656 0 0.4162598 0.3222656 0 0.4165039 0.2944336 0 0.404541 0.3222656 0 0.4287109 0.2587891 0 0.4047852 0.2944336 0 0.3894043 0.253418 0 0.4287109 0.2290039 0 0.3598633 0.2382812 0 0.416748 0.2290039 0 0.4047852 0.2290039 0 0.416748 0.2060547 0 0.4047852 0.2060547 0 0.4287109 0.2060547 0 0.4047852 0.1640625 0 0.416748 0.1640625 0 0.4287109 0.1640625 0 0.4047852 0.1337891 0 0.416748 0.1337891 0 0.4287109 0.1337891 0 0.4047852 0.1098633 0 0.416748 0.1098633 0 0.4287109 0.1098633 0 0.4040527 0.08886719 0 0.4162598 0.08935547 0 0.4287109 0.08935547 0 0.4047852 0.05664062 0 0.416748 0.05664062 0 0.4287109 0.05664062 0 0.4287109 0.02441406 0 0.416748 0.02441406 0 0.4047852 0.02441406 0 0.4047852 0.02441406 0 0.3769531 0.02441406 0 0.4047852 0.05664062 0 0.3776855 0.05761719 0 0.3603516 0.02587891 0 0.4040527 0.08886719 0 0.3552246 0.06005859 0 0.3771973 0.08886719 0 0.3776855 0.109375 0 0.4047852 0.1098633 0 0.3535156 0.08740234 0 0.3774414 0.1337891 0 0.4047852 0.1337891 0 0.4047852 0.1640625 0 0.355957 0.1088867 0 0.331543 0.08886719 0 0.3320312 0.05810547 0 0.329834 0.02441406 0 0.2832031 0.02197266 0 0.3317871 0.1083984 0 0.2841797 0.05664062 0 0.2844238 0.08886719 0 0.276123 0.05517578 0 0.2756348 0.02197266 0 0.3535156 0.1333008 0 0.2416992 0.05664062 0 0.2416992 0.02148437 0 0.3312988 0.1342773 0 0.2143555 0.05664062 0 0.2143555 0.02148437 0 0.2841797 0.1098633 0 0.2016602 0.05664062 0 0.2016602 0.02148437 0 0.2143555 0.08935547 0 0.1887207 0.05664062 0 0.1887207 0.02148437 0 0.2016602 0.08935547 0 0.2416992 0.08935547 0 0.2143555 0.1098633 0 0.2746582 0.08886719 0 0.2416992 0.1098633 0 0.2580566 0.109375 0 0.2763672 0.1098633 0 0.2416992 0.1337891 0 0.2841797 0.1342773 0 0.2736816 0.1318359 0 0.2575684 0.1391602 0 0.3295898 0.1650391 0 0.2841797 0.1645508 0 0.2727051 0.1640625 0 0.3522949 0.1635742 0 0.3300781 0.2055664 0 0.3771973 0.1645508 0 0.4047852 0.2060547 0 0.3774414 0.2055664 0 0.4047852 0.2290039 0 0.3532715 0.2055664 0 0.3771973 0.2285156 0 0.3415527 0.237793 0 0.3295898 0.2280273 0 0.3681641 0.2539062 0 0.3530273 0.2285156 0 0.4047852 0.2944336 0 0.3754883 0.3232422 0 0.404541 0.3222656 0 0.3771973 0.2939453 0 0.3564453 0.3227539 0 0.3540039 0.2919922 0 0.3500977 0.2583008 0 0.3295898 0.2592773 0 0.3310547 0.2929687 0 0.326416 0.3251953 0 0.2827148 0.3222656 0 0.2841797 0.2592773 0 0.2839355 0.2939453 0 0.2753906 0.3212891 0 0.2758789 0.2924805 0 0.2412109 0.3222656 0 0.2841797 0.2270508 0 0.2414551 0.2944336 0 0.2139893 0.3222656 0 0.276123 0.2597656 0 0.2142334 0.2944336 0 0.2012939 0.3222656 0 0.2416992 0.2607422 0 0.2015381 0.2944336 0 0.1882324 0.3222656 0 0.2143555 0.2587891 0 0.1884766 0.2944336 0 0.1594238 0.3222656 0 0.2016602 0.2587891 0 0.159668 0.2944336 0 0.1270752 0.3222656 0 0.1887207 0.2587891 0 0.1273193 0.2944336 0 0.09466553 0.3222656 0 0.1599121 0.2607422 0 0.09490967 0.2944336 0 0.2016602 0.2290039 0 0.05203247 0.2944336 0 0.05157471 0.3222656 0 0.04116821 0.3222656 0 0.04302979 0.2944336 0 0.03207397 0.2680664 0 0.05157471 0.2680664 0 0.03222656 0.2495117 0 0.09509277 0.2607422 0 0.05508423 0.2495117 0 0.0602417 0.2290039 0 0.03213501 0.2290039 0 0.09509277 0.2226562 0 0.1274414 0.2607422 0 0.06732178 0.2060547 0 0.03561401 0.2060547 0 0.03817749 0.1640625 0 0.1274414 0.2226562 0 0.07202148 0.1640625 0 0.03366089 0.1337891 0 0.09509277 0.2060547 0 0.09509277 0.1640625 0 0.1274414 0.2060547 0 0.1599121 0.2226562 0 0.1887207 0.2290039 0 0.1887207 0.2060547 0 0.1599121 0.2060547 0 0.1274414 0.1640625 0 0.1599121 0.1640625 0 0.09509277 0.1337891 0 0.1274414 0.1337891 0 0.06652832 0.1337891 0 0.02851868 0.1098633 0 0.06033325 0.1098633 0 0.02494812 0.08935547 0 0.05554199 0.08935547 0 0.03442383 0.05664062 0 0.09509277 0.1098633 0 0.1274414 0.1098633 0 0.05203247 0.05664062 0 0.04162598 0.02148437 0 0.05200195 0.02148437 0 0.09509277 0.08935547 0 0.09509277 0.05664062 0 0.09509277 0.02148437 0 0.1274414 0.08935547 0 0.1274414 0.05664062 0 0.1274414 0.02148437 0 0.1599121 0.1098633 0 0.1599121 0.08935547 0 0.1599121 0.05664062 0 0.1599121 0.02148437 0 0.1887207 0.08935547 0 0.1599121 0.1337891 0 0.1887207 0.1098633 0 0.2016602 0.1098633 0 0.1887207 0.1337891 0 0.2016602 0.1337891 0 0.2143555 0.1337891 0 0.1887207 0.1640625 0 0.2016602 0.1640625 0 0.2016602 0.2060547 0 0.2143555 0.1640625 0 0.2143555 0.2060547 0 0.2143555 0.2290039 0 0.2416992 0.2060547 0 0.2416992 0.2226562 0 0.2416992 0.1640625 0 0.2573242 0.2089844 0 0.2578125 0.1665039 0 0.2719727 0.2060547 0 0.269043 0.2250977 0 0.286377 0.2045898 0 0 0 0 0 0 0 0 0 0 0 0 0 0 0 0 0 0 0 0 0 0 0 0 0 0 0 0 0 0 0 0 0 0 0 0 0 0 0 0 0 0 0 0 0 0 0 0 0 0 0 0 0 0 0 0 0 0 0 0 0 0 0 0 0 0 0 0 0 0 0 0 0 0 0 0 0 0 0 0 0 0 0 0 0 0 0 0 0 0 0 0 0 0 0 0 0 0 0 0 0 0 0 0 0 0 0 0 0 0 0 0 0 0 0 0 0 0 0 0 0 0 0 0 0 0 0 0.7607422 0.8216553 0 0.8105469 0.8425293 0 0.793457 0.854126 0 0.7944336 0.8084717 0 0.8100586 0.8383789 0 0.7988281 0.8081055 0 0.7905273 0.774292 0 0.7939453 0.7746582 0 0.7890625 0.7412109 0 0.3054199 0.8491211 0 0.3054199 0.8491211 0 0.2763672 0.8503418 0 0.2763672 0.8503418 0 0.2468262 0.8521729 0 0.3054199 0.8491211 0 0.2468262 0.8521729 0 0.2203369 0.8554688 0 0.2763672 0.8503418 0 0.2773437 0.8575439 0 0.3054199 0.8563232 0 0.3054199 0.8563232 0 0.2773437 0.8575439 0 0.2468262 0.8521729 0 0.2349854 0.8615723 0 0.2349854 0.8615723 0 0.2203369 0.8554688 0 0.1943359 0.8668213 0 0.1943359 0.8668213 0 0.1661377 0.8731689 0 0.2203369 0.8554688 0 0.1907959 0.8602295 0 0.1907959 0.8602295 0 0.1633301 0.8670654 0 0.1907959 0.8602295 0 0.1661377 0.8731689 0 0.1379395 0.8795166 0 0.1379395 0.8795166 0 0.1633301 0.8670654 0 0.1633301 0.8670654 0 0.1340332 0.8719482 0 0.1340332 0.8719482 0 0.1340332 0.8719482 0 0.3054199 0.8491211 0 0.3054199 0.8491211 0 0.2763672 0.8503418 0 0.2763672 0.8503418 0 0.2468262 0.8521729 0 0.3054199 0.8491211 0 0.2468262 0.8521729 0 0.2203369 0.8554688 0 0.2763672 0.8503418 0 0.2773437 0.8575439 0 0.3054199 0.8563232 0 0.3054199 0.8563232 0 0.2773437 0.8575439 0 0.2468262 0.8521729 0 0.2349854 0.8615723 0 0.2349854 0.8615723 0 0.2203369 0.8554688 0 0.1943359 0.8668213 0 0.1943359 0.8668213 0 0.1661377 0.8731689 0 0.2203369 0.8554688 0 0.1907959 0.8602295 0 0.1907959 0.8602295 0 0.1633301 0.8670654 0 0.1907959 0.8602295 0 0.1633301 0.8670654 0 0.1340332 0.8719482 0 0.1340332 0.8719482 0 0.1633301 0.8670654 0 0.1340332 0.8719482 0 0.1379395 0.8795166 0 0.1661377 0.8731689 0 0.1379395 0.8795166 0 0.7426758 0 0 0.1489258 0.1269531 0 0.6088867 0 0 0 0.9996223 0 0.3044434 0.5 0 0 0.9996223 0 0.6088867 0 0 0.7426758 0 0 0.6088867 0 0 0.7426758 0 0 0 0 0 0 0 0 0 0 0 0 0 0 0 0 0 0 0 0 0 0 0 0 0 0 0 0 0 0 0 0 0 0 0 0 0 0 0 0 0 0 0 0 0 0 0 0 0 0 0 0 0 0 0 0 0 0 0 0 0 0 0 0 0 0 0 0 0 0 0 0 0 0 0 0 0 0 0 0 0 0 0 0 0 0 0 0 0 0 0 0 0 0 0 0 0 0 0 0 0 0 0 0 0 0 0 0 0 0 0 0 0 0 0 0 0 0 0 0 0 0 0 0 0 0 0 0 0 0 0 0 0 0 0.1602783 0.817627 0 0.1588135 0.8162842 0 0.1866455 0.7943115 0 0.1881104 0.7976074 0 0.1950684 0.7701416 0 0.2005615 0.8098145 0 0.1751709 0.8306885 0 0.215332 0.8206787 0 0.199585 0.7702637 0 0.1942139 0.7421875 0 0.1976318 0.7414551 0 0.2232666 0.7451172 0 0.2266846 0.7834473 0 0.2390137 0.8179932 0 0.2539062 0.7456055 0 0.2617187 0.7877197 0 0.2712402 0.8179932 0 0.3061523 0.746582 0 0.3007812 0.7877197 0 0.3046875 0.8167725 0 0.2712402 0.8179932 0 0.2617187 0.7877197 0 0.2539062 0.7456055 0 0.2390137 0.8179932 0 0.2266846 0.7834473 0 0.2232666 0.7451172 0 0.215332 0.8206787 0 0.199585 0.7702637 0 0.1976318 0.7414551 0 0.2005615 0.8098145 0 0.1751709 0.8306885 0 0.1602783 0.817627 0 0.1950684 0.7701416 0 0.1942139 0.7421875 0 0.1881104 0.7976074 0 0.1866455 0.7943115 0 0.1588135 0.8162842 0 0 0 0 0 0 0 0 0 0 0 0 0 0 0 0 0 0 0 0 0 0 0 0 0 0 0 0 0 0 0 0 0 0 0 0 0 0 0 0 0 0 0 0 0 0 0 0 0 0 0 0 0 0 0 0 0 0 0 0 0 0 0 0 0 0 0 0 0 0 0 0 0 0 0 0 0 0 0 0 0 0 0 0 0 0 0 0 0 0 0 0 0 0 0 0 0 0 0 0 0 0 0 0 0 0 0 0 0 0 0 0 0 0 0 0 0 0 0 0 0 0 0 0 0 0 0 0.918457 0.2314453 0 0.9501953 0.5273438 0 0.9121094 0.2460937 0 0.9311523 0.2460937 0 0.9404297 0.2426758 0 0.9462891 0.230957 0 0.9433594 0.2241211 0 0.9365234 0.2163086 0 0.9223633 0.2133789 0 0.9033203 0.2158203 0 0.8994141 0.2236328 0 0.9003906 0.2358398 0 0 0 0 0 0 0 0 0 0 0 0 0 0 0 0 0 0 0 0 0 0 0 0 0 0 0 0 0 0 0 0 0 0 0 0 0 0 0 0 0 0 0 0 0 0 0 0 0 0 0 0 0 0 0 0 0 0 0 0 0 0 0 0 0 0 0 0 0 0 0 0 0 0.918457 0.2314453 0 0.9365234 0.2163086 0 0.9433594 0.2241211 0 0.9462891 0.230957 0 0.9223633 0.2133789 0 0.9404297 0.2426758 0 0.9033203 0.2158203 0 0.9311523 0.2460937 0 0.8994141 0.2236328 0 0.9121094 0.2460937 0 0.9003906 0.2358398 0 0.6040039 0 0 0.9995117 0 0 0.8017578 0 0 0.029953 0.6630859 0 0 0.8585205 0 0.05990601 0.4677734 0 0.3161621 0.9706726 0 0.0562439 1 0 0.1861572 0.9853363 0 0.1307373 0 0 0 0 0 0.2614746 0 0 0.3522949 0.04052734 0 0 0 0 0.2121582 0 0 0.1646729 0.5 0 0.5297852 0 0 0.3293457 1 0 0.5297852 0 0 0.1646729 0.5 0 0 0 0 0 0 0 1 0 0 0.126709 0.3364258 0 0.5 0.4140625 0 0.3740234 0.1157227 0 1 0 0 0.2854004 0.3286133 0 0.342041 0.394043 0 0.2963867 0.3413086 0 0.2927246 0.4453125 0 0.2548828 1 0 0 0.7802734 0 0.2895508 0 0 0.6264648 0 0 1 0 0 0.7519531 0.121582 0 0.871582 0.199707 0 4.30822e-4 0 0 0 0.46875 0 0.307373 0.3540039 0 0.06750488 0.2045898 0 0.4379883 0.4780273 0 0.7705078 0.5495605 0 0.06750488 0.2045898 0 0.8994141 0.2236328 0 0.8994141 0.2236328 0 0.9033203 0.2158203 0 0.4287109 0.2290039 0 0.9003906 0.2358398 0 0.8081055 0.1767578 0 0.9121094 0.2460937 0 0.9501953 0.5273438 0 0.4287109 0.2060547 0 0.416748 0.2060547 0 0.416748 0.1640625 0 0.4287109 0.1640625 0 0.416748 0.2290039 0 0.416748 0.1337891 0 0.4287109 0.1337891 0 0.4162598 0.08935547 0 0.4287109 0.08935547 0 0.3894043 0.2504883 0 0.3415527 0.237793 0 0.4287109 0.253418 0 0.4047852 0.2944336 0 0.4284668 0.2944336 0 0.4162598 0.3222656 0 0.4282227 0.3222656 0 0.4287109 0.08935547 0 0.416748 0.05664062 0 0.4287109 0.05664062 0 0.4287109 0.02441406 0 0.416748 0.02441406 0 0.2895508 0 0 0.6264648 0 0 0.2895508 0 0 0.6264648 0 0 0.2548828 1 0 0.2548828 1 0 0 0.7802734 0 0 0.7802734 0 0.2666016 0 0 0.5639648 0 0 0.2666016 0 0 0.5639648 0 0 0.4780273 0 0 0.4997559 0.1049805 0 0 0.2094727 0 1 0 0 0.2410889 1 0 0.2410889 1 0 0 0.8261719 0 0 0.8261719 0 0.409668 0 0 0.124939 0.1376953 0 0 0.1572266 0 0.454834 0.03955078 0 0.4870605 0 0 0.2498779 0.5393066 0 0 1 0 1 0 0 0.5571289 0 0 0.5571289 0 0 0.6538086 0 0 0.6538086 0 0 0.5039063 0.2431641 0 1 0 0 0.7519531 0.121582 0 0.871582 0.199707 0 0.02627563 0 0 0.4675293 0 0 0.40625 1 0 1 0 0 0.7705078 0.5495605 0 0.06750488 0.2045898 0 0.06750488 0.2045898 0 0.7705078 0.5495605 0 0.6557617 0.8835449 0 0.2548828 0 0 1 0 0 0 0 0 0.06750488 0.2045898 0 0.7705078 0.5495605 0 0.06750488 0.2045898 0 0.7705078 0.5495605 0 0.1588135 0.8162842 0 0.1358643 0.8265381 0 0.1508789 0.8399658 0 0.1751709 0.8306885 0 0.1508789 0.8399658 0 0.1358643 0.8265381 0 0.1588135 0.8162842 0 0.1751709 0.8306885 0 0 0.8261719 0 0.4023437 0.5 0 0.2410889 1 0 0.124939 0.1376953 0 0.454834 0.03955078 0 0.2666016 0 0 0.5639648 0 0 0.5522461 0 0 0.4770508 0 0 0.09771729 0.1264648 0 0.2385254 0 0 0.2498779 0.5393066 0 1 0 0 0.2121582 0 0 0.4243164 0 0 0.3522949 0.04052734 0 0.659668 0 0 0.5 0.1079102 0 1 0.215332 0 0.612793 0 0 0.612793 0 0 0.4831543 0 0 0.7963867 0 0 0.7963867 0 0 0.5488281 0 0 0.5488281 0 0 0 0 0 0 0 0 0 0 0 0 0 0 0.7290039 0 0 0.7290039 0 0 0.6772461 0 0 0.6772461 0 0 0.3112793 0 0 0.3112793 0 0 0 0.1455078 0 0 0.1455078 0 0.1379395 0.8795166 0 0.1340332 0.8719482 0 0.1633301 0.8670654 0 0.1661377 0.8731689 0 0.1907959 0.8602295 0 0.1943359 0.8668213 0 0.2203369 0.8554688 0 0.2349854 0.8615723 0 0.2468262 0.8521729 0 0.2773437 0.8575439 0 0.2773437 0.8575439 0 0.2763672 0.8503418 0 0.3054199 0.8563232 0 0.3054199 0.8491211 0 0.3054199 0.8563232 0 0.06750488 0.2045898 0 0.7705078 0.5495605 0 0.06750488 0.2045898 0 0 0.2509766 0 0.7314453 0.6586914 0 0 0.2509766 0 0.4570312 0 0 0 0.1884766 0 0 0.1884766 0 0.4570312 0 0 0.2471924 0 0 0.2471924 0 0 0 0.07958984 0 0 0.07958984 0 0.7314453 0.6586914 0 0 0.2509766 0 0 0.2509766 0 0.7705078 0.5495605 0 0.06750488 0.2045898 0 0.06750488 0.2045898 0 0.3908691 0.4501953 0 0.515625 0.5354004 0 0.307373 0.3540039 0 0.4006348 0.4614258 0 0.8862305 0.8087158 0 0.8603516 0.9902496 0 0.3435059 0.3955078 0 0.307373 0.3540039 0 0.2963867 0.3413086 0 0.4104004 0.4726562 0 0.342041 0.394043 0 0.8603516 0.9902496 0 0.6455078 0.7429199 0 1 0 0 0.4838867 0.1123047 0 1 0 0 0.4838867 0.1123047 0 0.6416016 0 0 0.6416016 0 0 0.5512695 0 0 0.5512695 0 0 0.4606934 0 0 0.4606934 0 0 0.5195313 0 0 1 0 0 0.9731445 0.7613525 0 0.2541504 0.9833221 0 0 0 0 0.5288086 0.03417969 0 0 0.1455078 0 0.1489258 0.1269531 0 0.5 4.88281e-4 0 0.1489258 0.1269531 0 0.7426758 0 0 0.7426758 0 0 0.4941406 0 0 0 0.1455078 0 0.3112793 0 0 0.3544922 0.008300781 0 0.6772461 0 0 0.7290039 0 0 0.2148437 0.01660156 0 0 0 0 0.3327637 0 0 0 0 0 0.5488281 0 0 0.5170898 -0.008789062 0 0.7963867 0 0 0.4831543 0 0 0.612793 0 0 0.621582 0.005371094 0 0.1203003 0.05615234 0 0 0.07958984 0 0.2471924 0 0 0.3952637 0 0 0.4570312 0 0 0.2285156 0.0703125 0 0 0.1884766 0 0.2215576 0 0 0.8432617 0.05175781 0 1 0 0 0.6967773 0.1391602 0 0.6499023 0.1166992 0 0.456543 0.1821289 0 1 0 0 0.4838867 0.1123047 0 0.456543 0.1821289 0 0.7416992 0.05615234 0 0.6416016 0 0 0.6689453 0.02832031 0 0.5512695 0 0 0 0.9996223 0 0.3398437 0.1445312 0 0 0 0 0.5961914 0 0 0 0.9996223 0 0.4680176 0.07226562 0 1 0 0 0.5703125 0.1445312 0 0.8525391 0.1743164 0 0.7050781 0.3481445 0 0.4606934 0 0 0.7304688 0.3564453 0 0.7006836 0.3886719 0 0.7211914 0.4394531 0 0.7553711 0.3642578 0 0.7084961 0.434082 0 0.6958008 0.4291992 0 0.6977539 0.4204102 0 0.7143555 0.4506836 0 0.7871094 0.4584961 0 0.8037109 0.3862305 0 0.7128906 0.456543 0 0.7299805 0.4799805 0 0.7192383 0.4589844 0 0.7167969 0.4785156 0 0.7182617 0.6066895 0 0.7167969 0.4785156 0 0.7451172 0.4658203 0 0.7431641 0.4814453 0 0.7070313 0.6064453 0 0.7070313 0.6064453 0 0.7128906 0.6774902 0 0.7021484 0.6782227 0 0.7001953 0.7241211 0 0.7104492 0.7236328 0 0.7021484 0.6782227 0 0.6982422 0.7503662 0 0.7084961 0.75 0 0.7001953 0.7241211 0 0.6992188 0.7871094 0 0.7089844 0.786377 0 0.1173096 0.5 0 0.1173096 0.5 0 0.6982422 0.7503662 0 0.6992188 0.7871094 0 0.1173096 0.5 0 0.71875 0.7492676 0 0.71875 0.7856445 0 0 1 0 0.7578125 0.7150879 0 0.7646484 0.7824707 0 0.7216797 0.8206787 0 0.7587891 0.744873 0 0.9453125 0.06347656 0 0.06750488 0.2045898 0 0.7705078 0.5495605 0 0.7939453 0.7746582 0 0.7988281 0.8081055 0 0.7607422 0.8216553 0 0.793457 0.854126 0 0.8100586 0.8383789 0 0.7890625 0.7412109 0 0.8242188 0.7299805 0 0.7875977 0.7092285 0 0.8774414 0.7041016 0 0.871582 0.7275391 0 0.7597656 0.6696777 0 0.8413086 0.6445313 0 0.8916016 0.6428223 0 0.7729492 0.588623 0 0.8544922 0.5803223 0 0.9052734 0.5795898 0 0.784668 0.5163574 0 0.8701172 0.5078125 0 0.9199219 0.5222168 0 0.8208008 0.496582 0 0.7944336 0.4755859 0 0.8041992 0.4780273 0 0.8242188 0.4824219 0 0.8735352 0.4946289 0 0.9238281 0.5097656 0 0.8110352 0.4638672 0 0.8291016 0.4575195 0 0.8427734 0.4091797 0 0.8764648 0.480957 0 0.8666992 0.4228516 0 0.9272461 0.4970703 0 0.9160156 0.4492187 0 0.1634521 0.4799805 0 0.1795654 0.4155273 0 0.2305908 0.3994141 0 0.2332764 0.4755859 0 0.2561035 0.3945312 0 0.1644287 0.4902344 0 0.112915 0.4790039 0 0.1143799 0.4921875 0 0.1652832 0.5 0 0.1158447 0.5043945 0 0.1734619 0.5549316 0 0.1235352 0.5600586 0 0.2340088 0.4970703 0 0.1794434 0.6171875 0 0.1290283 0.6193848 0 0.1229248 0.6782227 0 0.1635742 0.7019043 0 0.1201782 0.7011719 0 0.1851807 0.677002 0 0.1895752 0.7158203 0 0.2366943 0.5529785 0 0.2415771 0.6174316 0 0.2165527 0.7119141 0 0.1942139 0.7421875 0 0.2232666 0.7451172 0 0.2498779 0.6791992 0 0.2561035 0.7080078 0 0.2539062 0.7456055 0 0.3010254 0.6176758 0 0.3027344 0.7072754 0 0.3061523 0.746582 0 0.2539062 0.7456055 0 0.3022461 0.6811523 0 0.2561035 0.7080078 0 0.2232666 0.7451172 0 0.2498779 0.6791992 0 0.2165527 0.7119141 0 0.1942139 0.7421875 0 0.1895752 0.7158203 0 0.1851807 0.677002 0 0.1635742 0.7019043 0 0.1229248 0.6782227 0 0.1201782 0.7011719 0 0.2415771 0.6174316 0 0.1794434 0.6171875 0 0.1290283 0.6193848 0 0.1235352 0.5600586 0 0.2990723 0.5512695 0 0.2366943 0.5529785 0 0.1734619 0.5549316 0 0.1158447 0.5043945 0 0.2973633 0.4926758 0 0.2340088 0.4970703 0 0.1652832 0.5 0 0.1143799 0.4921875 0 0.2971191 0.480957 0 0.2336426 0.4863281 0 0.1644287 0.4902344 0 0.112915 0.4790039 0 0.296875 0.4692383 0 0.2958984 0.3891602 0 0.2561035 0.3945312 0 0.2332764 0.4755859 0 0.2305908 0.3994141 0 0.1634521 0.4799805 0 0.1795654 0.4155273 0 0.9160156 0.4492187 0 0.9272461 0.4970703 0 0.8666992 0.4228516 0 0.8764648 0.480957 0 0.9238281 0.5097656 0 0.8427734 0.4091797 0 0.8735352 0.4946289 0 0.9199219 0.5222168 0 0.8286133 0.4575195 0 0.8037109 0.3862305 0 0.8701172 0.5078125 0 0.9052734 0.5795898 0 0.7871094 0.4584961 0 0.7553711 0.3642578 0 0.8544922 0.5803223 0 0.8916016 0.6428223 0 0.7143555 0.3881836 0 0.7304688 0.3564453 0 0.746582 0.449707 0 0.6977539 0.4204102 0 0.7451172 0.4658203 0 0.7143555 0.4506836 0 0.8110352 0.4638672 0 0.7431641 0.4814453 0 0.7299805 0.4799805 0 0.7944336 0.4755859 0 0.8041992 0.4780273 0 0.7851563 0.5158691 0 0.8208008 0.496582 0 0.8041992 0.590332 0 0.7734375 0.5881348 0 0.7294922 0.6071777 0 0.7182617 0.6066895 0 0.7939453 0.6564941 0 0.7231445 0.677002 0 0.7128906 0.6774902 0 0.7104492 0.7236328 0 0.7597656 0.6696777 0 0.7211914 0.7229004 0 0.71875 0.7492676 0 0.7084961 0.75 0 0.7578125 0.7150879 0 0.7875977 0.7092285 0 0.8413086 0.6445313 0 0.8774414 0.7041016 0 0.8242188 0.7299805 0 0.871582 0.7275391 0 0.7890625 0.7412109 0 0.7939453 0.7746582 0 0.7587891 0.744873 0 0.7646484 0.7824707 0 0.7988281 0.8081055 0 0.793457 0.854126 0 0.8100586 0.8383789 0 0.7607422 0.8216553 0 0.71875 0.7856445 0 0.7089844 0.786377 0 0 1 0 0.1173096 0.5 0 0.7216797 0.8206787 0 0.9335938 0.4472656 0 0.006015778 0 0 1 0 0 0.4375 0.09960937 0 0.6689453 0.6381836 0 0.7524414 0.7077637 0 0.4997559 0 0 0.8862305 0.8087158 0 1 0 0 0.1508789 0.8399658 0 0.1340332 0.8719482 0 0.1164551 0.8377686 0 0.1633301 0.8670654 0 0.1751709 0.8306885 0 0.1907959 0.8602295 0 0.1633301 0.8670654 0 0.1340332 0.8719482 0 0.1340332 0.8719482 0 0.1633301 0.8670654 0 0.1907959 0.8602295 0 0.1907959 0.8602295 0 0.2203369 0.8554688 0 0.2203369 0.8554688 0 0.2468262 0.8521729 0 0.2468262 0.8521729 0 0.2763672 0.8503418 0 0.2763672 0.8503418 0 0.3054199 0.8491211 0 0.3054199 0.8491211 0 0.1340332 0.8719482 0 0.1508789 0.8399658 0 0.1164551 0.8377686 0 0.1633301 0.8670654 0 0.1751709 0.8306885 0 0.1907959 0.8602295 0 0.1340332 0.8719482 0 0.1633301 0.8670654 0 0.1340332 0.8719482 0 0.1633301 0.8670654 0 0.1907959 0.8602295 0 0.1907959 0.8602295 0 0.2203369 0.8554688 0 0.2203369 0.8554688 0 0.2468262 0.8521729 0 0.2468262 0.8521729 0 0.2763672 0.8503418 0 0.2763672 0.8503418 0 0.3054199 0.8491211 0 0.3054199 0.8491211 0 0.4284668 0.2944336 0 0.4282227 0.3222656 0 0.4162598 0.3222656 0 0.4047852 0.2944336 0 0.4287109 0.2587891 0 0.3894043 0.253418 0 0.3598633 0.2382812 0 0.4287109 0.2290039 0 0.416748 0.2290039 0 0.416748 0.2060547 0 0.4287109 0.2060547 0 0.416748 0.1640625 0 0.4287109 0.1640625 0 0.416748 0.1337891 0 0.4287109 0.1337891 0 0.4162598 0.08935547 0 0.4287109 0.08935547 0 0.416748 0.05664062 0 0.4287109 0.08935547 0 0.4287109 0.05664062 0 0.4287109 0.02441406 0 0.416748 0.02441406 0 0.1633301 0.8670654 0 0.1340332 0.8719482 0 0.1379395 0.8795166 0 0.1661377 0.8731689 0 0.1907959 0.8602295 0 0.1943359 0.8668213 0 0.2203369 0.8554688 0 0.2349854 0.8615723 0 0.2468262 0.8521729 0 0.2773437 0.8575439 0 0.2773437 0.8575439 0 0.2763672 0.8503418 0 0.3054199 0.8563232 0 0.3054199 0.8491211 0 0.3054199 0.8563232 0 0.7426758 0 0 0.6088867 0 0 0.7426758 0 0 0.6088867 0 0 0.3044434 0.5 0 0.7426758 0 0 0.1489258 0.1269531 0 0 0.9996223 0 0 0.9996223 0 0.215332 0.8206787 0 0.1907959 0.8602295 0 0.1751709 0.8306885 0 0.2203369 0.8554688 0 0.2468262 0.8521729 0 0.2712402 0.8179932 0 0.2763672 0.8503418 0 0.3046875 0.8167725 0 0.3054199 0.8491211 0 0.2763672 0.8503418 0 0.2712402 0.8179932 0 0.2468262 0.8521729 0 0.215332 0.8206787 0 0.2203369 0.8554688 0 0.1907959 0.8602295 0 0.1751709 0.8306885 0 0.9995117 0 0 1 0 0 0.4780273 0 0 0.4780273 0 0 0 0.2094727 0 0 0.2094727 0 1 0 0 1 0 0 0.6967773 0.1391602 0 0.6967773 0.1391602 0 0.456543 0.1821289 0 0.456543 0.1821289 0 0.307373 0.3540039 0 0.8862305 0.8087158 0 0.8862305 0.8087158 0 0.2963867 0.3413086 0 0.2854004 0.3286133 0 0.6689453 0.6381836 0 0 0 0 0 0 0 0 0 0 0 0 0 0 0 0 0 0 0 0 0 0 0 0 0 0 0 0 0 0 0 0 0 0 0 0 0 0 0 0 0 0 0 0 0 0 0 0 0 0 0 0 0 0 0 0 0 0 0 0 0 0 0 0 0 0 0 0 0 0 0 0 0 0.4104004 0.4726562 0 0.3740234 0.1157227 0 0 0.08544922 0 0.6455078 0.7429199 0 0.8603516 0.9902496 0 0.8603516 0.9902496 0 0.4006348 0.4614258 0 0.8862305 0.8087158 0 0.3435059 0.3955078 0 0.2854004 0.3286133 0 0.2963867 0.3413086 0 0.307373 0.3540039 0 0.3908691 0.4501953 0 0.4379883 0.4780273 0 0.3769531 0.02441406 0 0.416748 0.02441406 0 0.416748 0.05664062 0 0.3776855 0.05761719 0 0.4162598 0.08935547 0 0.3320312 0.05810547 0 0.2832031 0.02197266 0 0.3771973 0.08886719 0 0.416748 0.1337891 0 0.2841797 0.05664062 0 0.3774414 0.1337891 0 0.416748 0.1640625 0 0.2844238 0.08886719 0 0.2592773 0.05175781 0 0.2595215 0.01074219 0 0.2416992 0.02148437 0 0.1887207 0.05664062 0 0.1599121 0.02148437 0 0.1887207 0.08935547 0 0.1274414 0.05664062 0 0.09509277 0.02148437 0 0.05200195 0.02148437 0 0.1599121 0.08935547 0 0.05203247 0.05664062 0 0.04162598 0.02148437 0 0.03442383 0.05664062 0 0.09509277 0.08935547 0 0.05554199 0.08935547 0 0.02494812 0.08935547 0 0.06033325 0.1098633 0 0.02851868 0.1098633 0 0.03366089 0.1337891 0 0.07202148 0.1640625 0 0.03817749 0.1640625 0 0.03561401 0.2060547 0 0.09509277 0.1337891 0 0.1274414 0.1337891 0 0.1274414 0.1640625 0 0.09509277 0.2060547 0 0.1599121 0.1098633 0 0.1599121 0.1640625 0 0.1887207 0.1098633 0 0.1887207 0.1337891 0 0.2416992 0.1098633 0 0.2416992 0.1337891 0 0.2731934 0.1347656 0 0.2731934 0.1650391 0 0.2416992 0.1640625 0 0.3771973 0.1645508 0 0.416748 0.2060547 0 0.2731934 0.2084961 0 0.3554687 0.2055664 0 0.286377 0.2045898 0 0.3771973 0.2285156 0 0.416748 0.2290039 0 0.3598633 0.2382812 0 0.3295898 0.2280273 0 0.3681641 0.2539062 0 0.4047852 0.2944336 0 0.4162598 0.3222656 0 0.3754883 0.3232422 0 0.3771973 0.2939453 0 0.3310547 0.2929687 0 0.2827148 0.3222656 0 0.3295898 0.2592773 0 0.2839355 0.2939453 0 0.2590332 0.3212891 0 0.2841797 0.2592773 0 0.2841797 0.2270508 0 0.276123 0.2597656 0 0.2753906 0.2246094 0 0.2414551 0.2944336 0 0.2412109 0.3222656 0 0.2416992 0.2607422 0 0.2416992 0.2226562 0 0.2143555 0.2587891 0 0.1884766 0.2944336 0 0.1594238 0.3222656 0 0.2416992 0.2060547 0 0.2143555 0.2290039 0 0.1887207 0.2060547 0 0.1599121 0.2060547 0 0.1599121 0.2226562 0 0.1887207 0.2587891 0 0.1274414 0.2226562 0 0.1599121 0.2607422 0 0.09509277 0.2607422 0 0.09509277 0.2226562 0 0.03213501 0.2290039 0 0.03222656 0.2495117 0 0.1273193 0.2944336 0 0.09466553 0.3222656 0 0.05157471 0.2680664 0 0.03207397 0.2680664 0 0.05203247 0.2944336 0 0.05157471 0.3222656 0 0.04302979 0.2944336 0 0.04116821 0.3222656 0 0.2232666 0.7451172 0 0.1950684 0.7701416 0 0.1942139 0.7421875 0 0.2266846 0.7834473 0 0.2539062 0.7456055 0 0.2005615 0.8098145 0 0.1866455 0.7943115 0 0.1588135 0.8162842 0 0.1751709 0.8306885 0 0.215332 0.8206787 0 0.2617187 0.7877197 0 0.3061523 0.746582 0 0.2712402 0.8179932 0 0.3007812 0.7877197 0 0.3046875 0.8167725 0 0.2712402 0.8179932 0 0.2617187 0.7877197 0 0.2539062 0.7456055 0 0.215332 0.8206787 0 0.2266846 0.7834473 0 0.2232666 0.7451172 0 0.1950684 0.7701416 0 0.1942139 0.7421875 0 0.2005615 0.8098145 0 0.1751709 0.8306885 0 0.1866455 0.7943115 0 0.1588135 0.8162842 0 0.918457 0.2314453 0 0.9501953 0.5273438 0 0.9121094 0.2460937 0 0.9311523 0.2460937 0 0.9404297 0.2426758 0 0.9462891 0.230957 0 0.9365234 0.2163086 0 0.9223633 0.2133789 0 0.9033203 0.2158203 0 0.8994141 0.2236328 0 0.9003906 0.2358398 0 0.416748 0.02441406 0 0.3769531 0.02441406 0 0.416748 0.05664062 0 0.3776855 0.05761719 0 0.4162598 0.08935547 0 0.3552246 0.06005859 0 0.3771973 0.08886719 0 0.416748 0.1337891 0 0.3320312 0.05810547 0 0.2832031 0.02197266 0 0.331543 0.08886719 0 0.3774414 0.1337891 0 0.416748 0.1640625 0 0.2844238 0.08886719 0 0.3522949 0.1635742 0 0.2841797 0.05664062 0 0.3312988 0.1342773 0 0.2416992 0.05664062 0 0.2416992 0.02148437 0 0.1887207 0.02148437 0 0.2416992 0.08935547 0 0.1887207 0.05664062 0 0.09509277 0.02148437 0 0.2841797 0.1342773 0 0.1274414 0.05664062 0 0.05200195 0.02148437 0 0.3295898 0.1650391 0 0.05203247 0.05664062 0 0.04162598 0.02148437 0 0.03442383 0.05664062 0 0.05554199 0.08935547 0 0.02494812 0.08935547 0 0.09509277 0.08935547 0 0.06033325 0.1098633 0 0.02851868 0.1098633 0 0.03366089 0.1337891 0 0.1599121 0.08935547 0 0.07202148 0.1640625 0 0.03817749 0.1640625 0 0.09509277 0.1337891 0 0.1274414 0.1337891 0 0.09509277 0.1640625 0 0.06732178 0.2060547 0 0.03561401 0.2060547 0 0.03213501 0.2290039 0 0.09509277 0.2226562 0 0.03222656 0.2495117 0 0.1274414 0.2060547 0 0.1599121 0.2060547 0 0.1599121 0.2226562 0 0.1274414 0.2607422 0 0.1599121 0.1640625 0 0.1887207 0.2060547 0 0.1599121 0.1337891 0 0.2016602 0.1640625 0 0.1887207 0.1098633 0 0.2416992 0.1337891 0 0.2416992 0.1640625 0 0.2841797 0.1645508 0 0.2416992 0.2060547 0 0.2573242 0.2089844 0 0.286377 0.2045898 0 0.2143555 0.2290039 0 0.2416992 0.2226562 0 0.269043 0.2250977 0 0.2143555 0.2587891 0 0.2416992 0.2607422 0 0.1887207 0.2587891 0 0.1599121 0.2607422 0 0.1884766 0.2944336 0 0.2414551 0.2944336 0 0.1273193 0.2944336 0 0.05157471 0.2680664 0 0.03207397 0.2680664 0 0.09466553 0.3222656 0 0.05203247 0.2944336 0 0.04302979 0.2944336 0 0.04116821 0.3222656 0 0.05157471 0.3222656 0 0.1882324 0.3222656 0 0.2412109 0.3222656 0 0.2839355 0.2939453 0 0.2827148 0.3222656 0 0.276123 0.2597656 0 0.3310547 0.2929687 0 0.2841797 0.2270508 0 0.3754883 0.3232422 0 0.2841797 0.2592773 0 0.3295898 0.2280273 0 0.3295898 0.2592773 0 0.3681641 0.2539062 0 0.3771973 0.2939453 0 0.4047852 0.2944336 0 0.4162598 0.3222656 0 0.3415527 0.237793 0 0.3771973 0.2285156 0 0.416748 0.2290039 0 0.3532715 0.2055664 0 0.3774414 0.2055664 0 0.416748 0.2060547 0 0.918457 0.2314453 0 0.9365234 0.2163086 0 0.9462891 0.230957 0 0.9223633 0.2133789 0 0.9404297 0.2426758 0 0.9033203 0.2158203 0 0.9311523 0.2460937 0 0.8994141 0.2236328 0 0.9121094 0.2460937 0 0.9003906 0.2358398 0 0.6040039 0 0 0.9995117 0 0 0.8017578 0 0 0.029953 0.6630859 0 0 0.8585205 0 0.05990601 0.4677734 0 0.1646729 0.5 0 0.5297852 0 0 0.3293457 1 0 0.5297852 0 0 0.1646729 0.5 0 0 0 0 0.2666016 0 0 0.5639648 0 0 0.2666016 0 0 0.2410889 1 0 0 0.8261719 0 0 0.8261719 0 0.6557617 0.8835449 0 0.2548828 0 0 1 0 0 0.2548828 0 0 0.6557617 0.8835449 0 0 0 0 0.9033203 0.2158203 0 0.4287109 0.2290039 0 0.9003906 0.2358398 0 0.4006348 0.4614258 0 0.8862305 0.8087158 0 0.3908691 0.4501953 0 0.4831543 0 0 0.612793 0 0 0.7963867 0 0 0.3398437 0.1445312 0 0.5512695 0 0 0 0 0 0.7304688 0.3564453 0 0.7006836 0.3886719 0 0.7050781 0.3481445 0 0.2927246 0.4453125 0 0.2548828 1 0 0 0.7802734 0 0.2895508 0 0 0.6264648 0 0 0.307373 0.3540039 0 0.06750488 0.2045898 0 0.4379883 0.4780273 0 0.7705078 0.5495605 0 0.06750488 0.2045898 0 0.4287109 0.02441406 0 0.4287109 0.08935547 0 0.4162598 0.08935547 0 0.416748 0.1337891 0 0.4287109 0.08935547 0 0.4287109 0.1640625 0 0.416748 0.2060547 0 0.4287109 0.2290039 0 0.3894043 0.253418 0 0.4284668 0.2944336 0 0.4047852 0.2944336 0 0.4282227 0.3222656 0 0.215332 0.8206787 0 0.1907959 0.8602295 0 0.1751709 0.8306885 0 0.2468262 0.8521729 0 0.2763672 0.8503418 0 0.3046875 0.8167725 0 0.3054199 0.8491211 0 0.2763672 0.8503418 0 0.4104004 0.4726562 0 0.3740234 0.1157227 0 0 0.08544922 0 0.4006348 0.4614258 0 0.8603516 0.9902496 0 0.8862305 0.8087158 0 0.3435059 0.3955078 0 0.2854004 0.3286133 0 0.2963867 0.3413086 0 0.307373 0.3540039 0 0.3908691 0.4501953 0 0.4379883 0.4780273 0 0.2895508 0 0 0.6264648 0 0 0.2895508 0 0 0.6264648 0 0 0.2548828 1 0 0.2548828 1 0 0 0.7802734 0 0 0.7802734 0 0.4780273 0 0 0.4997559 0.1049805 0 0 0.2094727 0 0.9995117 0 0 0.409668 0 0 0.124939 0.1376953 0 0 0.1572266 0 0.454834 0.03955078 0 0.4870605 0 0 0.2498779 0.5393066 0 0 1 0 0.9995117 0 0 0.02627563 0 0 0.4675293 0 0 0.40625 1 0 1 0 0 0.7705078 0.5495605 0 0.06750488 0.2045898 0 0.06750488 0.2045898 0 0.7705078 0.5495605 0 0.06750488 0.2045898 0 0.7705078 0.5495605 0 0.06750488 0.2045898 0 0.7705078 0.5495605 0 0.1588135 0.8162842 0 0.1358643 0.8265381 0 0.1508789 0.8399658 0 0.1751709 0.8306885 0 0 0.2509766 0 0.7314453 0.6586914 0 0.7705078 0.5495605 0 0.06750488 0.2045898 0 0.8862305 0.8087158 0 0.4006348 0.4614258 0 0.8603516 0.9902496 0 0.4104004 0.4726562 0 0.4997559 0 0 0.8862305 0.8087158 0 0.6689453 0.6381836 0 1 0 0 0.1508789 0.8399658 0 0.1358643 0.8265381 0 0.1588135 0.8162842 0 0.1751709 0.8306885 0 0.2468262 0.8521729 0 0.2763672 0.8503418 0 0.3054199 0.8491211 0 0.3054199 0.8491211 0 0.9003906 0.2358398 0 0.918457 0.2314453 0 0.9033203 0.2158203 0 0.9501953 0.5273438 0 0.9121094 0.2460937 0 0.9311523 0.2460937 0 0.9404297 0.2426758 0 0.9365234 0.2163086 0 0.9033203 0.2158203 0 0 0.8261719 0 0.4023437 0.5 0 0.2410889 1 0 0.124939 0.1376953 0 0.454834 0.03955078 0 0.2666016 0 0 0.5639648 0 0 0.5522461 0 0 0.4770508 0 0 0.09771729 0.1264648 0 0.2498779 0.5393066 0 0.9995117 0 0 0.2203369 0.8554688 0 0.2763672 0.8503418 0 0.215332 0.8206787 0 0.1907959 0.8602295 0 0.1751709 0.8306885 0 0.3054199 0.8491211 0 0.3054199 0.8491211 0 0.2763672 0.8503418 0 0.2468262 0.8521729 0 0.2203369 0.8554688 0 0.1907959 0.8602295 0 0.1907959 0.8602295 0 0.1633301 0.8670654 0 0.1340332 0.8719482 0 0.1340332 0.8719482 0 0.1379395 0.8795166 0 0.1340332 0.8719482 0 0.1633301 0.8670654 0 0.1661377 0.8731689 0 0.1907959 0.8602295 0 0.1943359 0.8668213 0 0.2349854 0.8615723 0 0.2468262 0.8521729 0 0.2773437 0.8575439 0 0.3054199 0.8491211 0 0.06750488 0.2045898 0 0.7705078 0.5495605 0 0.06750488 0.2045898 0 0 0.2509766 0 0.7314453 0.6586914 0 0.416748 0.05664062 0 0.4287109 0.05664062 0 0.4287109 0.02441406 0 0.4162598 0.08935547 0 0.4287109 0.1337891 0 0.3774414 0.1337891 0 0.416748 0.2290039 0 0.4287109 0.2060547 0 0.4287109 0.2290039 0 0.3894043 0.2504883 0 0.3415527 0.237793 0 0.4287109 0.253418 0 0.4047852 0.2944336 0 0.4284668 0.2944336 0 0.4282227 0.3222656 0 0.4243164 0 0 0.659668 0 0 0.3522949 0.04052734 0 0.5 0.1079102 0 1 0.215332 0 0.5195313 0 0 1 0 0 0.9731445 0.7613525 0 0.2541504 0.9833221 0 0 0 0 0.5288086 0.03417969 0 0 0.1455078 0 0.1489258 0.1269531 0 0.5 4.88281e-4 0 0.1489258 0.1269531 0 0.7426758 0 0 0.6088867 0 0 0.4941406 0 0 0 0.1455078 0 0.3112793 0 0 0.3544922 0.008300781 0 0.6772461 0 0 0.7290039 0 0 0.2148437 0.01660156 0 0 0 0 0.3327637 0 0 0 0 0 0.5488281 0 0 0.5170898 -0.008789062 0 0.7963867 0 0 0.4831543 0 0 0.612793 0 0 0.621582 0.005371094 0 0.1203003 0.05615234 0 0 0.07958984 0 0.2471924 0 0 0.3952637 0 0 0.4570312 0 0 0.2285156 0.0703125 0 0 0.1884766 0 0.2215576 0 0 0.8432617 0.05175781 0 0.9995117 0 0 0.6967773 0.1391602 0 0.6499023 0.1166992 0 0.456543 0.1821289 0 1 0 0 0.4838867 0.1123047 0 0.456543 0.1821289 0 0.7416992 0.05615234 0 0.6416016 0 0 0.6689453 0.02832031 0 0.5512695 0 0 0 0.9996223 0 0.5961914 0 0 0 0.9996223 0 0.3398437 0.1445312 0 0.4680176 0.07226562 0 0.06750488 0.2045898 0 0.9453125 0.06347656 0 0.7705078 0.5495605 0 0.7216797 0.8206787 0 0.7646484 0.7824707 0 0.71875 0.7856445 0 0.1173096 0.5 0 0 1 0 0.6992188 0.7871094 0 0.1173096 0.5 0 0.6992188 0.7871094 0 0.6982422 0.7503662 0 0.6982422 0.7503662 0 0.7001953 0.7241211 0 0.7001953 0.7241211 0 0.7578125 0.7150879 0 0.7021484 0.6782227 0 0.7021484 0.6782227 0 0.7182617 0.6066895 0 0.7070313 0.6064453 0 0.7167969 0.4785156 0 0.7070313 0.6064453 0 0.7167969 0.4785156 0 0.7143555 0.4506836 0 0.784668 0.5163574 0 0.7944336 0.4755859 0 0.6977539 0.4204102 0 0.7084961 0.434082 0 0.7006836 0.3886719 0 0.6958008 0.4291992 0 0.7871094 0.4584961 0 0.7304688 0.3564453 0 0.7553711 0.3642578 0 0.8037109 0.3862305 0 0.8291016 0.4575195 0 0.8427734 0.4091797 0 0.8701172 0.5078125 0 0.8764648 0.480957 0 0.8666992 0.4228516 0 0.9199219 0.5222168 0 0.9272461 0.4970703 0 0.9160156 0.4492187 0 0.8774414 0.7041016 0 0.1634521 0.4799805 0 0.1795654 0.4155273 0 0.2305908 0.3994141 0 0.8242188 0.7299805 0 0.871582 0.7275391 0 0.7939453 0.7746582 0 0.7607422 0.8216553 0 0.793457 0.854126 0 0.8100586 0.8383789 0 0.1158447 0.5043945 0 0.112915 0.4790039 0 0.2332764 0.4755859 0 0.2561035 0.3945312 0 0.1652832 0.5 0 0.296875 0.4692383 0 0.2958984 0.3891602 0 0.2561035 0.3945312 0 0.2973633 0.4926758 0 0.2332764 0.4755859 0 0.2305908 0.3994141 0 0.1634521 0.4799805 0 0.1795654 0.4155273 0 0.9160156 0.4492187 0 0.112915 0.4790039 0 0.1158447 0.5043945 0 0.9272461 0.4970703 0 0.8666992 0.4228516 0 0.1652832 0.5 0 0.8764648 0.480957 0 0.8427734 0.4091797 0 0.9199219 0.5222168 0 0.8286133 0.4575195 0 0.8037109 0.3862305 0 0.8735352 0.4946289 0 0.746582 0.449707 0 0.7553711 0.3642578 0 0.7944336 0.4755859 0 0.7143555 0.3881836 0 0.7304688 0.3564453 0 0.6977539 0.4204102 0 0.7143555 0.4506836 0 0.8208008 0.496582 0 0.7851563 0.5158691 0 0.7167969 0.4785156 0 0.7182617 0.6066895 0 0.8544922 0.5803223 0 0.8774414 0.7041016 0 0.7597656 0.6696777 0 0.7001953 0.7241211 0 0.7875977 0.7092285 0 0.8242188 0.7299805 0 0.6982422 0.7503662 0 0.7939453 0.7746582 0 0.793457 0.854126 0 0.8100586 0.8383789 0 0.7607422 0.8216553 0 0.7646484 0.7824707 0 0.71875 0.7856445 0 0.6992188 0.7871094 0 0 1 0 0.1173096 0.5 0 0.7216797 0.8206787 0 0.9335938 0.4472656 0 0.006015778 0 0 1 0 0 0.1508789 0.8399658 0 0.1340332 0.8719482 0 0.1164551 0.8377686 0 0.1633301 0.8670654 0 0.1751709 0.8306885 0 0.1907959 0.8602295 0 0.1633301 0.8670654 0 0.1340332 0.8719482 0 0.1340332 0.8719482 0 0.1633301 0.8670654 0 0.1907959 0.8602295 0 0.1907959 0.8602295 0 0.215332 0.8206787 0 0.2468262 0.8521729 0 0.1340332 0.8719482 0 0.1508789 0.8399658 0 0.1164551 0.8377686 0 0.1633301 0.8670654 0 0.1751709 0.8306885 0 0.1907959 0.8602295 0 0.3054199 0.8491211 0 0.2468262 0.8521729 0 0.2773437 0.8575439 0 0.2349854 0.8615723 0 0.1907959 0.8602295 0 0.1943359 0.8668213 0 0.1661377 0.8731689 0 0.1379395 0.8795166 0 0.1340332 0.8719482 0 0.9995117 0 0 0.9995117 0 0 0.4780273 0 0 0.4780273 0 0 0 0.2094727 0 0 0.2094727 0 0.307373 0.3540039 0 0.8862305 0.8087158 0 0.8862305 0.8087158 0 0.2963867 0.3413086 0 0.2854004 0.3286133 0 0.6689453 0.6381836 0 0.1751709 0.8306885 0 0.1588135 0.8162842 0 0.1866455 0.7943115 0 0.215332 0.8206787 0 0.2266846 0.7834473 0 0.1942139 0.7421875 0 0.2232666 0.7451172 0 0.2539062 0.7456055 0 0.3046875 0.8167725 0 0.3061523 0.746582 0 0.2266846 0.7834473 0 0.2763672 0.8503418 0 0.2539062 0.7456055 0 0.215332 0.8206787 0 0.2232666 0.7451172 0 0.1866455 0.7943115 0 0.1942139 0.7421875 0 0.1751709 0.8306885 0 0.1588135 0.8162842 0 0.1229248 0.6782227 0 0.1635742 0.7019043 0 0.1201782 0.7011719 0 0.1851807 0.677002 0 0.1942139 0.7421875 0 0.2232666 0.7451172 0 0.2498779 0.6791992 0 0.2539062 0.7456055 0 0.3061523 0.746582 0 0.3010254 0.6176758 0 0.2498779 0.6791992 0 0.2539062 0.7456055 0 0.2232666 0.7451172 0 0.1851807 0.677002 0 0.1229248 0.6782227 0 0.1635742 0.7019043 0 0.1895752 0.7158203 0 0.1942139 0.7421875 0 0.4282227 0.3222656 0 0.2827148 0.3222656 0 0.4047852 0.2944336 0 0.2841797 0.2592773 0 0.3894043 0.253418 0 0.2412109 0.3222656 0 0.3771973 0.2285156 0 0.416748 0.2060547 0 0.3894043 0.253418 0 0.1599121 0.2607422 0 0.286377 0.2045898 0 0.2143555 0.2290039 0 0.416748 0.1337891 0 0.1887207 0.2060547 0 0.1273193 0.2944336 0 0.04116821 0.3222656 0 0.04302979 0.2944336 0 0.03222656 0.2495117 0 0.09509277 0.2607422 0 0.03561401 0.2060547 0 0.1599121 0.1640625 0 0.03817749 0.1640625 0 0.2416992 0.1337891 0 0.09509277 0.1337891 0 0.03366089 0.1337891 0 0.02494812 0.08935547 0 0.2844238 0.08886719 0 0.4162598 0.08935547 0 0.2143555 0.08935547 0 0.2832031 0.02197266 0 0.4287109 0.02441406 0 0.2416992 0.02148437 0 0.09509277 0.08935547 0 0.03442383 0.05664062 0 0.1274414 0.05664062 0 0.04162598 0.02148437 0 0.3044434 0.5 0 0 0.9996223 0 0 0.9996223 0 0.6088867 0 0 0.1489258 0.1269531 0 0.7426758 0 0 0.6088867 0 0 0.7426758 0 0 0.04116821 0.3222656 0 0.09466553 0.3222656 0 0.05203247 0.2944336 0 0.03207397 0.2680664 0 0.05508423 0.2495117 0 0.1884766 0.2944336 0 0.2412109 0.3222656 0 0.1274414 0.2607422 0 0.09509277 0.2226562 0 0.03561401 0.2060547 0 0.2839355 0.2939453 0 0.4282227 0.3222656 0 0.4047852 0.2944336 0 0.3681641 0.2539062 0 0.3415527 0.237793 0 0.416748 0.2290039 0 0.2143555 0.2587891 0 0.2841797 0.2270508 0 0.1599121 0.2226562 0 0.2841797 0.1645508 0 0.3774414 0.1337891 0 0.2416992 0.2060547 0 0.1274414 0.2060547 0 0.1599121 0.1640625 0 0.09509277 0.1640625 0 0.03817749 0.1640625 0 0.03366089 0.1337891 0 0.2416992 0.1337891 0 0.1274414 0.1337891 0 0.06033325 0.1098633 0 0.02494812 0.08935547 0 0.03442383 0.05664062 0 0.1599121 0.08935547 0 0.1274414 0.05664062 0 0.04162598 0.02148437 0 0.09509277 0.02148437 0 0.2416992 0.02148437 0 0.2416992 0.08935547 0 0.2841797 0.05664062 0 0.4287109 0.02441406 0 0.416748 0.05664062 0 0.2844238 0.08886719 0 0.4162598 0.08935547 0 0.918457 0.2314453 0 0.9223633 0.2133789 0 0.9462891 0.230957 0 0.9311523 0.2460937 0 0.8994141 0.2236328 0 0.9121094 0.2460937 0</float_array>
          <technique_common>
            <accessor source="#geom-Clt_JKT023__M_JKT023-map3-array" count="2783" stride="3">
              <param name="S" type="float"/>
              <param name="T" type="float"/>
              <param name="P" type="float"/>
            </accessor>
          </technique_common>
        </source>
        <vertices id="geom-Clt_JKT023__M_JKT023-vertices">
          <input semantic="POSITION" source="#geom-Clt_JKT023__M_JKT023-positions"/>
        </vertices>
        <triangles material="M_JKT023" count="1666">
          <input semantic="VERTEX" source="#geom-Clt_JKT023__M_JKT023-vertices" offset="0"/>
          <input semantic="NORMAL" source="#geom-Clt_JKT023__M_JKT023-normals" offset="1"/>
          <input semantic="COLOR" source="#geom-Clt_JKT023__M_JKT023-map0" offset="2" set="0"/>
          <input semantic="TEXCOORD" source="#geom-Clt_JKT023__M_JKT023-map1" offset="3" set="0"/>
          <input semantic="TEXCOORD" source="#geom-Clt_JKT023__M_JKT023-map2" offset="4" set="1"/>
          <input semantic="TEXCOORD" source="#geom-Clt_JKT023__M_JKT023-map3" offset="5" set="2"/>
          <p>0 0 0 0 0 0 1 1 1 1 1 1 2 2 2 2 2 2 3 3 3 3 3 3 4 4 4 4 4 4 5 5 5 5 5 5 6 6 6 6 6 6 7 7 7 7 7 7 8 8 8 8 8 8 9 9 9 9 9 9 10 10 10 10 10 10 11 11 11 11 11 11 12 12 12 12 12 12 13 13 13 13 13 13 14 14 14 14 14 14 15 15 15 15 15 15 16 16 16 16 16 16 17 17 17 17 17 17 18 18 18 18 18 18 19 19 19 19 19 19 20 20 20 20 20 20 21 21 21 21 21 21 22 22 22 22 22 22 23 23 23 23 23 23 24 24 24 24 24 24 25 25 25 25 25 25 26 26 26 26 26 26 24 24 24 24 24 24 27 27 27 27 27 27 28 28 28 28 28 28 29 29 29 29 29 29 30 30 30 30 30 30 31 31 31 31 31 31 32 32 32 32 32 32 29 29 29 29 29 29 33 33 33 33 33 33 34 34 34 34 34 34 35 35 35 35 35 35 36 36 36 36 36 36 35 35 35 35 35 35 37 37 37 37 37 37 36 36 36 36 36 36 38 38 38 38 38 38 39 39 39 39 39 39 40 40 40 40 40 40 39 39 39 39 39 39 41 41 41 41 41 41 40 40 40 40 40 40 42 42 42 42 42 42 43 43 43 43 43 43 44 44 44 44 44 44 43 43 43 43 43 43 45 45 45 45 45 45 44 44 44 44 44 44 46 46 46 46 46 46 47 47 47 47 47 47 48 48 48 48 48 48 47 47 47 47 47 47 46 46 46 46 46 46 49 49 49 49 49 49 50 50 50 50 50 50 51 51 51 51 51 51 52 52 52 52 52 52 51 51 51 51 51 51 53 53 53 53 53 53 52 52 52 52 52 52 54 54 54 54 54 54 55 55 55 55 55 55 56 56 56 56 56 56 57 57 57 57 57 57 55 55 55 55 55 55 54 54 54 54 54 54 58 58 58 58 58 58 59 59 59 59 59 59 60 60 60 60 60 60 61 61 61 61 61 61 59 59 59 59 59 59 58 58 58 58 58 58 62 62 62 62 62 62 63 63 63 63 63 63 64 64 64 64 64 64 63 63 63 63 63 63 62 62 62 62 62 62 65 65 65 65 65 65 66 66 66 66 66 66 67 67 67 67 67 67 68 68 68 68 68 68 67 67 67 67 67 67 69 69 69 69 69 69 68 68 68 68 68 68 70 70 70 70 70 70 71 71 71 71 71 71 72 72 72 72 72 72 71 71 71 71 71 71 73 73 73 73 73 73 72 72 72 72 72 72 74 74 74 74 74 74 75 75 75 75 75 75 76 76 76 76 76 76 75 75 75 75 75 75 74 74 74 74 74 74 77 77 77 77 77 77 78 78 78 78 78 78 79 79 79 79 79 79 80 80 80 80 80 80 79 79 79 79 79 79 78 78 78 78 78 78 81 81 81 81 81 81 82 82 82 82 82 82 83 83 83 83 83 83 84 84 84 84 84 84 83 83 83 83 83 83 82 82 82 82 82 82 85 85 85 85 85 85 86 86 86 86 86 86 87 87 87 87 87 87 88 88 88 88 88 88 87 87 87 87 87 87 86 86 86 86 86 86 89 89 89 89 89 89 90 90 90 90 90 90 91 91 91 91 91 91 92 92 92 92 92 92 91 91 91 91 91 91 90 90 90 90 90 90 93 93 93 93 93 93 94 94 94 94 94 94 95 95 95 95 95 95 96 96 96 96 96 96 95 95 95 95 95 95 94 94 94 94 94 94 97 97 97 97 97 97 98 98 98 98 98 98 99 99 99 99 99 99 100 100 100 100 100 100 101 101 101 101 101 101 102 102 102 102 102 102 99 99 99 99 99 99 99 99 99 99 99 99 103 103 103 103 103 103 104 104 104 104 104 104 99 99 99 99 99 99 105 105 105 105 105 105 103 103 103 103 103 103 105 105 105 105 105 105 99 99 99 99 99 99 106 106 106 106 106 106 99 99 99 99 99 99 107 107 107 107 107 107 106 106 106 106 106 106 107 107 107 107 107 107 108 108 108 108 108 108 106 106 106 106 106 106 107 107 107 107 107 107 99 99 99 99 99 99 109 109 109 109 109 109 109 109 109 109 109 109 108 108 108 108 108 108 107 107 107 107 107 107 108 108 108 108 108 108 109 109 109 109 109 109 110 110 110 110 110 110 111 111 111 111 111 111 112 112 112 112 112 112 113 113 113 113 113 113 114 114 114 114 114 114 111 111 111 111 111 111 115 115 115 115 115 115 111 111 111 111 111 111 116 116 116 116 116 116 115 115 115 115 115 115 116 116 116 116 116 116 111 111 111 111 111 111 117 117 117 117 117 117 118 118 118 118 118 118 117 117 117 117 117 117 111 111 111 111 111 111 118 118 118 118 118 118 119 119 119 119 119 119 117 117 117 117 117 117 111 111 111 111 111 111 120 120 120 120 120 120 118 118 118 118 118 118 111 111 111 111 111 111 121 121 121 121 121 121 120 120 120 120 120 120 119 119 119 119 119 119 118 118 118 118 118 118 122 122 122 122 122 122 118 118 118 118 118 118 120 120 120 120 120 120 122 122 122 122 122 122 121 121 121 121 121 121 123 123 123 123 123 123 120 120 120 120 120 120 124 124 124 124 124 124 119 119 119 119 119 119 122 122 122 122 122 122 120 120 120 120 120 120 123 123 123 123 123 123 125 125 125 125 125 125 120 120 120 120 120 120 125 125 125 125 125 125 122 122 122 122 122 122 123 123 123 123 123 123 126 126 126 126 126 126 125 125 125 125 125 125 127 127 127 127 127 127 124 124 124 124 124 124 122 122 122 122 122 122 127 127 127 127 127 127 128 128 128 128 128 128 124 124 124 124 124 124 128 128 128 128 128 128 129 129 129 129 129 129 124 124 124 124 124 124 129 129 129 129 129 129 130 130 130 130 130 130 131 131 131 131 131 131 130 130 130 130 130 130 132 132 132 132 132 132 131 131 131 131 131 131 131 131 131 131 131 131 132 132 132 132 132 132 133 133 133 133 133 133 132 132 132 132 132 132 134 134 134 134 134 134 133 133 133 133 133 133 133 133 133 133 133 133 134 134 134 134 134 134 135 135 135 135 135 135 134 134 134 134 134 134 136 136 136 136 136 136 135 135 135 135 135 135 135 135 135 135 135 135 136 136 136 136 136 136 137 137 137 137 137 137 136 136 136 136 136 136 138 138 138 138 138 138 137 137 137 137 137 137 139 139 139 139 139 139 140 140 140 140 140 140 141 141 141 141 141 141 142 142 142 142 142 142 139 139 139 139 139 139 141 141 141 141 141 141 142 142 142 142 142 142 141 141 141 141 141 141 143 143 143 143 143 143 144 144 144 144 144 144 142 142 142 142 142 142 143 143 143 143 143 143 144 144 144 144 144 144 143 143 143 143 143 143 145 145 145 145 145 145 143 143 143 143 143 143 146 146 146 146 146 146 145 145 145 145 145 145 145 145 145 145 145 145 146 146 146 146 146 146 147 147 147 147 147 147 146 146 146 146 146 146 148 148 148 148 148 148 147 147 147 147 147 147 147 147 147 147 147 147 148 148 148 148 148 148 149 149 149 149 149 149 148 148 148 148 148 148 150 150 150 150 150 150 149 149 149 149 149 149 149 149 149 149 149 149 150 150 150 150 150 150 151 151 151 151 151 151 152 152 152 152 152 152 149 149 149 149 149 149 151 151 151 151 151 151 152 152 152 152 152 152 151 151 151 151 151 151 153 153 153 153 153 153 154 154 154 154 154 154 152 152 152 152 152 152 153 153 153 153 153 153 153 153 153 153 153 153 155 155 155 155 155 155 154 154 154 154 154 154 155 155 155 155 155 155 156 156 156 156 156 156 154 154 154 154 154 154 157 157 157 157 157 157 156 156 156 156 156 156 155 155 155 155 155 155 158 158 158 158 158 158 157 157 157 157 157 157 155 155 155 155 155 155 157 157 157 157 157 157 158 158 158 158 158 158 159 159 159 159 159 159 158 158 158 158 158 158 160 160 160 160 160 160 159 159 159 159 159 159 161 161 161 161 161 161 162 162 162 162 162 162 163 163 163 163 163 163 162 162 162 162 162 162 164 164 164 164 164 164 163 163 163 163 163 163 163 163 163 163 163 163 164 164 164 164 164 164 165 165 165 165 165 165 164 164 164 164 164 164 166 166 166 166 166 166 165 165 165 165 165 165 166 166 166 166 166 166 167 167 167 167 167 167 165 165 165 165 165 165 167 167 167 167 167 167 168 168 168 168 168 168 165 165 165 165 165 165 167 167 167 167 167 167 169 169 169 169 169 169 168 168 168 168 168 168 169 169 169 169 169 169 170 170 170 170 170 170 168 168 168 168 168 168 169 169 169 169 169 169 171 171 171 171 171 171 170 170 170 170 170 170 171 171 171 171 171 171 172 172 172 172 172 172 170 170 170 170 170 170 172 172 172 172 172 172 171 171 171 171 171 171 173 173 173 173 173 173 171 171 171 171 171 171 174 174 174 174 174 174 173 173 173 173 173 173 175 175 175 175 175 175 173 173 173 173 173 173 174 174 174 174 174 174 176 176 176 176 176 176 175 175 175 175 175 175 174 174 174 174 174 174 175 175 175 175 175 175 177 177 177 177 177 177 178 178 178 178 178 178 177 177 177 177 177 177 179 179 179 179 179 179 178 178 178 178 178 178 179 179 179 179 179 179 180 180 180 180 180 180 181 181 181 181 181 181 180 180 180 180 180 180 182 182 182 182 182 182 181 181 181 181 181 181 182 182 182 182 182 182 180 180 180 180 180 180 183 183 183 183 183 183 184 184 184 184 184 184 182 182 182 182 182 182 183 183 183 183 183 183 185 185 185 185 185 185 186 186 186 186 186 186 177 177 177 177 177 177 185 185 185 185 185 185 187 187 187 187 187 187 186 186 186 186 186 186 187 187 187 187 187 187 188 188 188 188 188 188 186 186 186 186 186 186 189 189 189 189 189 189 190 190 190 190 190 190 188 188 188 188 188 188 187 187 187 187 187 187 189 189 189 189 189 189 188 188 188 188 188 188 189 189 189 189 189 189 187 187 187 187 187 187 191 191 191 191 191 191 187 187 187 187 187 187 192 192 192 192 192 192 191 191 191 191 191 191 187 187 187 187 187 187 185 185 185 185 185 185 192 192 192 192 192 192 185 185 185 185 185 185 193 193 193 193 193 193 192 192 192 192 192 192 185 185 185 185 185 185 194 194 194 194 194 194 193 193 193 193 193 193 194 194 194 194 194 194 185 185 185 185 185 185 177 177 177 177 177 177 194 194 194 194 194 194 195 195 195 195 195 195 193 193 193 193 193 193 194 194 194 194 194 194 177 177 177 177 177 177 196 196 196 196 196 196 194 194 194 194 194 194 196 196 196 196 196 196 195 195 195 195 195 195 196 196 196 196 196 196 197 197 197 197 197 197 195 195 195 195 195 195 177 177 177 177 177 177 198 198 198 198 198 198 196 196 196 196 196 196 199 199 199 199 199 199 197 197 197 197 197 197 196 196 196 196 196 196 196 196 196 196 196 196 198 198 198 198 198 198 200 200 200 200 200 200 200 200 200 200 200 200 199 199 199 199 199 199 196 196 196 196 196 196 198 198 198 198 198 198 201 201 201 201 201 201 200 200 200 200 200 200 202 202 202 202 202 202 199 199 199 199 199 199 200 200 200 200 200 200 200 200 200 200 200 200 201 201 201 201 201 201 203 203 203 203 203 203 203 203 203 203 203 203 202 202 202 202 202 202 200 200 200 200 200 200 201 201 201 201 201 201 204 204 204 204 204 204 203 203 203 203 203 203 205 205 205 205 205 205 202 202 202 202 202 202 203 203 203 203 203 203 203 203 203 203 203 203 204 204 204 204 204 204 206 206 206 206 206 206 206 206 206 206 206 206 205 205 205 205 205 205 203 203 203 203 203 203 204 204 204 204 204 204 207 207 207 207 207 207 206 206 206 206 206 206 208 208 208 208 208 208 205 205 205 205 205 205 206 206 206 206 206 206 206 206 206 206 206 206 207 207 207 207 207 207 209 209 209 209 209 209 209 209 209 209 209 209 208 208 208 208 208 208 206 206 206 206 206 206 207 207 207 207 207 207 210 210 210 210 210 210 209 209 209 209 209 209 211 211 211 211 211 211 208 208 208 208 208 208 209 209 209 209 209 209 209 209 209 209 209 209 210 210 210 210 210 210 212 212 212 212 212 212 212 212 212 212 212 212 211 211 211 211 211 211 209 209 209 209 209 209 210 210 210 210 210 210 213 213 213 213 213 213 212 212 212 212 212 212 212 212 212 212 212 212 213 213 213 213 213 213 214 214 214 214 214 214 215 215 215 215 215 215 212 212 212 212 212 212 214 214 214 214 214 214 212 212 212 212 212 212 215 215 215 215 215 215 211 211 211 211 211 211 215 215 215 215 215 215 216 216 216 216 216 216 211 211 211 211 211 211 217 217 217 217 217 217 218 218 218 218 218 218 219 219 219 219 219 219 218 218 218 218 218 218 220 220 220 220 220 220 219 219 219 219 219 219 221 221 221 221 221 221 219 219 219 219 219 219 220 220 220 220 220 220 221 221 221 221 221 221 220 220 220 220 220 220 222 222 222 222 222 222 223 223 223 223 223 223 224 224 224 224 224 224 225 225 225 225 225 225 226 226 226 226 226 226 223 223 223 223 223 223 225 225 225 225 225 225 225 225 225 225 225 225 227 227 227 227 227 227 226 226 226 226 226 226 227 227 227 227 227 227 228 228 228 228 228 228 226 226 226 226 226 226 229 229 229 229 229 229 230 230 230 230 230 230 231 231 231 231 231 231 232 232 232 232 232 232 229 229 229 229 229 229 231 231 231 231 231 231 233 233 233 233 233 233 229 229 229 229 229 229 232 232 232 232 232 232 234 234 234 234 234 234 233 233 233 233 233 233 232 232 232 232 232 232 233 233 233 233 233 233 234 234 234 234 234 234 235 235 235 235 235 235 234 234 234 234 234 234 236 236 236 236 236 236 235 235 235 235 235 235 237 237 237 237 237 237 238 238 238 238 238 238 239 239 239 239 239 239 238 238 238 238 238 238 240 240 240 240 240 240 239 239 239 239 239 239 240 240 240 240 240 240 238 238 238 238 238 238 241 241 241 241 241 241 242 242 242 242 242 242 240 240 240 240 240 240 241 241 241 241 241 241 242 242 242 242 242 242 241 241 241 241 241 241 243 243 243 243 243 243 244 244 244 244 244 244 242 242 242 242 242 242 243 243 243 243 243 243 244 244 244 244 244 244 243 243 243 243 243 243 245 245 245 245 245 245 246 246 246 246 246 246 244 244 244 244 244 244 245 245 245 245 245 245 247 247 247 247 247 247 242 242 242 242 242 242 248 248 248 248 248 248 249 249 249 249 249 249 250 250 250 250 250 250 248 248 248 248 248 248 250 250 250 250 250 250 251 251 251 251 251 251 248 248 248 248 248 248 251 251 251 251 251 251 247 247 247 247 247 247 248 248 248 248 248 248 252 252 252 252 252 252 253 253 253 253 253 253 247 247 247 247 247 247 253 253 253 253 253 253 252 252 252 252 252 252 254 254 254 254 254 254 252 252 252 252 252 252 247 247 247 247 247 247 255 255 255 255 255 255 247 247 247 247 247 247 256 256 256 256 256 256 255 255 255 255 255 255 255 255 255 255 255 255 256 256 256 256 256 256 257 257 257 257 257 257 258 258 258 258 258 258 255 255 255 255 255 255 257 257 257 257 257 257 254 254 254 254 254 254 252 252 252 252 252 252 259 259 259 259 259 259 255 255 255 255 255 255 259 259 259 259 259 259 252 252 252 252 252 252 258 258 258 258 258 258 259 259 259 259 259 259 255 255 255 255 255 255 259 259 259 259 259 259 260 260 260 260 260 260 254 254 254 254 254 254 261 261 261 261 261 261 260 260 260 260 260 260 259 259 259 259 259 259 262 262 262 262 262 262 259 259 259 259 259 259 258 258 258 258 258 258 263 263 263 263 263 263 262 262 262 262 262 262 258 258 258 258 258 258 264 264 264 264 264 264 265 265 265 265 265 265 266 266 266 266 266 266 265 265 265 265 265 265 267 267 267 267 267 267 266 266 266 266 266 266 267 267 267 267 267 267 265 265 265 265 265 265 268 268 268 268 268 268 269 269 269 269 269 269 267 267 267 267 267 267 268 268 268 268 268 268 269 269 269 269 269 269 268 268 268 268 268 268 270 270 270 270 270 270 271 271 271 271 271 271 269 269 269 269 269 269 270 270 270 270 270 270 272 272 272 272 272 272 271 271 271 271 271 271 270 270 270 270 270 270 271 271 271 271 271 271 272 272 272 272 272 272 273 273 273 273 273 273 274 274 274 274 274 274 275 275 275 275 275 275 276 276 276 276 276 276 277 277 277 277 277 277 274 274 274 274 274 274 276 276 276 276 276 276 274 274 274 274 274 274 277 277 277 277 277 277 278 278 278 278 278 278 277 277 277 277 277 277 279 279 279 279 279 279 278 278 278 278 278 278 280 280 280 280 280 280 278 278 278 278 278 278 279 279 279 279 279 279 281 281 281 281 281 281 280 280 280 280 280 280 279 279 279 279 279 279 282 282 282 282 282 282 280 280 280 280 280 280 281 281 281 281 281 281 283 283 283 283 283 283 282 282 282 282 282 282 281 281 281 281 281 281 283 283 283 283 283 283 284 284 284 284 284 284 282 282 282 282 282 282 284 284 284 284 284 284 285 285 285 285 285 285 282 282 282 282 282 282 285 285 285 285 285 285 284 284 284 284 284 284 286 286 286 286 286 286 287 287 287 287 287 287 285 285 285 285 285 285 286 286 286 286 286 286 286 286 286 286 286 286 288 288 288 288 288 288 287 287 287 287 287 287 288 288 288 288 288 288 289 289 289 289 289 289 287 287 287 287 287 287 288 288 288 288 288 288 290 290 290 290 290 290 289 289 289 289 289 289 290 290 290 290 290 290 291 291 291 291 291 291 289 289 289 289 289 289 292 292 292 292 292 292 291 291 291 291 291 291 290 290 290 290 290 290 293 293 293 293 293 293 292 292 292 292 292 292 290 290 290 290 290 290 294 294 294 294 294 294 295 295 295 295 295 295 296 296 296 296 296 296 297 297 297 297 297 297 294 294 294 294 294 294 296 296 296 296 296 296 294 294 294 294 294 294 297 297 297 297 297 297 298 298 298 298 298 298 299 299 299 299 299 299 298 298 298 298 298 298 300 300 300 300 300 300 298 298 298 298 298 298 299 299 299 299 299 299 301 301 301 301 301 301 301 301 301 301 301 301 302 302 302 302 302 302 303 303 303 303 303 303 302 302 302 302 302 302 304 304 304 304 304 304 305 305 305 305 305 305 304 304 304 304 304 304 302 302 302 302 302 302 301 301 301 301 301 301 306 306 306 306 306 306 300 300 300 300 300 300 307 307 307 307 307 307 306 306 306 306 306 306 299 299 299 299 299 299 300 300 300 300 300 300 308 308 308 308 308 308 306 306 306 306 306 306 307 307 307 307 307 307 306 306 306 306 306 306 308 308 308 308 308 308 309 309 309 309 309 309 299 299 299 299 299 299 306 306 306 306 306 306 309 309 309 309 309 309 308 308 308 308 308 308 310 310 310 310 310 310 309 309 309 309 309 309 310 310 310 310 310 310 311 311 311 311 311 311 309 309 309 309 309 309 311 311 311 311 311 311 312 312 312 312 312 312 309 309 309 309 309 309 299 299 299 299 299 299 309 309 309 309 309 309 312 312 312 312 312 312 312 312 312 312 312 312 311 311 311 311 311 311 313 313 313 313 313 313 312 312 312 312 312 312 313 313 313 313 313 313 314 314 314 314 314 314 314 314 314 314 314 314 299 299 299 299 299 299 312 312 312 312 312 312 313 313 313 313 313 313 315 315 315 315 315 315 314 314 314 314 314 314 315 315 315 315 315 315 316 316 316 316 316 316 314 314 314 314 314 314 316 316 316 316 316 316 317 317 317 317 317 317 314 314 314 314 314 314 299 299 299 299 299 299 314 314 314 314 314 314 317 317 317 317 317 317 316 316 316 316 316 316 318 318 318 318 318 318 317 317 317 317 317 317 319 319 319 319 319 319 317 317 317 317 317 317 318 318 318 318 318 318 319 319 319 319 319 319 299 299 299 299 299 299 317 317 317 317 317 317 320 320 320 320 320 320 319 319 319 319 319 319 318 318 318 318 318 318 320 320 320 320 320 320 321 321 321 321 321 321 319 319 319 319 319 319 321 321 321 321 321 321 322 322 322 322 322 322 319 319 319 319 319 319 299 299 299 299 299 299 319 319 319 319 319 319 323 323 323 323 323 323 324 324 324 324 324 324 325 325 325 325 325 325 323 323 323 323 323 323 323 323 323 323 323 323 325 325 325 325 325 325 326 326 326 326 326 326 325 325 325 325 325 325 327 327 327 327 327 327 326 326 326 326 326 326 328 328 328 328 328 328 299 299 299 299 299 299 323 323 323 323 323 323 328 328 328 328 328 328 327 327 327 327 327 327 329 329 329 329 329 329 330 330 330 330 330 330 328 328 328 328 328 328 329 329 329 329 329 329 299 299 299 299 299 299 328 328 328 328 328 328 331 331 331 331 331 331 331 331 331 331 331 331 332 332 332 332 332 332 333 333 333 333 333 333 334 334 334 334 334 334 331 331 331 331 331 331 333 333 333 333 333 333 335 335 335 335 335 335 334 334 334 334 334 334 333 333 333 333 333 333 334 334 334 334 334 334 299 299 299 299 299 299 331 331 331 331 331 331 336 336 336 336 336 336 334 334 334 334 334 334 337 337 337 337 337 337 334 334 334 334 334 334 338 338 338 338 338 338 337 337 337 337 337 337 339 339 339 339 339 339 299 299 299 299 299 299 334 334 334 334 334 334 339 339 339 339 339 339 337 337 337 337 337 337 340 340 340 340 340 340 299 299 299 299 299 299 339 339 339 339 339 339 341 341 341 341 341 341 341 341 341 341 341 341 339 339 339 339 339 339 340 340 340 340 340 340 341 341 341 341 341 341 301 301 301 301 301 301 299 299 299 299 299 299 341 341 341 341 341 341 340 340 340 340 340 340 342 342 342 342 342 342 301 301 301 301 301 301 341 341 341 341 341 341 343 343 343 343 343 343 344 344 344 344 344 344 342 342 342 342 342 342 345 345 345 345 345 345 343 343 343 343 343 343 341 341 341 341 341 341 346 346 346 346 346 346 346 346 346 346 346 346 341 341 341 341 341 341 342 342 342 342 342 342 342 342 342 342 342 342 344 344 344 344 344 344 346 346 346 346 346 346 343 343 343 343 343 343 346 346 346 346 346 346 347 347 347 347 347 347 344 344 344 344 344 344 348 348 348 348 348 348 346 346 346 346 346 346 349 349 349 349 349 349 350 350 350 350 350 350 351 351 351 351 351 351 350 350 350 350 350 350 352 352 352 352 352 352 351 351 351 351 351 351 352 352 352 352 352 352 350 350 350 350 350 350 353 353 353 353 353 353 354 354 354 354 354 354 355 355 355 355 355 355 352 352 352 352 352 352 355 355 355 355 355 355 354 354 354 354 354 354 356 356 356 356 356 356 357 357 357 357 357 357 356 356 356 356 356 356 354 354 354 354 354 354 355 355 355 355 355 355 358 358 358 358 358 358 359 359 359 359 359 359 358 358 358 358 358 358 355 355 355 355 355 355 356 356 356 356 356 356 360 360 360 360 360 360 358 358 358 358 358 358 361 361 361 361 361 361 358 358 358 358 358 358 362 362 362 362 362 362 361 361 361 361 361 361 361 361 361 361 361 361 362 362 362 362 362 362 363 363 363 363 363 363 358 358 358 358 358 358 356 356 356 356 356 356 364 364 364 364 364 364 362 362 362 362 362 362 358 358 358 358 358 358 364 364 364 364 364 364 362 362 362 362 362 362 365 365 365 365 365 365 363 363 363 363 363 363 366 366 366 366 366 366 363 363 363 363 363 363 365 365 365 365 365 365 362 362 362 362 362 362 364 364 364 364 364 364 367 367 367 367 367 367 365 365 365 365 365 365 362 362 362 362 362 362 367 367 367 367 367 367 368 368 368 368 368 368 366 366 366 366 366 366 365 365 365 365 365 365 366 366 366 366 366 366 368 368 368 368 368 368 369 369 369 369 369 369 365 365 365 365 365 365 367 367 367 367 367 367 370 370 370 370 370 370 368 368 368 368 368 368 365 365 365 365 365 365 370 370 370 370 370 370 368 368 368 368 368 368 371 371 371 371 371 371 369 369 369 369 369 369 368 368 368 368 368 368 370 370 370 370 370 370 372 372 372 372 372 372 371 371 371 371 371 371 368 368 368 368 368 368 372 372 372 372 372 372 369 369 369 369 369 369 371 371 371 371 371 371 373 373 373 373 373 373 373 373 373 373 373 373 371 371 371 371 371 371 372 372 372 372 372 372 374 374 374 374 374 374 369 369 369 369 369 369 373 373 373 373 373 373 372 372 372 372 372 372 370 370 370 370 370 370 375 375 375 375 375 375 374 374 374 374 374 374 373 373 373 373 373 373 376 376 376 376 376 376 377 377 377 377 377 377 374 374 374 374 374 374 376 376 376 376 376 376 378 378 378 378 378 378 373 373 373 373 373 373 372 372 372 372 372 372 373 373 373 373 373 373 378 378 378 378 378 378 376 376 376 376 376 376 372 372 372 372 372 372 375 375 375 375 375 375 378 378 378 378 378 378 377 377 377 377 377 377 376 376 376 376 376 376 379 379 379 379 379 379 380 380 380 380 380 380 377 377 377 377 377 377 379 379 379 379 379 379 381 381 381 381 381 381 380 380 380 380 380 380 379 379 379 379 379 379 379 379 379 379 379 379 382 382 382 382 382 382 381 381 381 381 381 381 379 379 379 379 379 379 376 376 376 376 376 376 383 383 383 383 383 383 378 378 378 378 378 378 383 383 383 383 383 383 376 376 376 376 376 376 384 384 384 384 384 384 382 382 382 382 382 382 379 379 379 379 379 379 384 384 384 384 384 384 379 379 379 379 379 379 383 383 383 383 383 383 382 382 382 382 382 382 384 384 384 384 384 384 385 385 385 385 385 385 383 383 383 383 383 383 378 378 378 378 378 378 386 386 386 386 386 386 383 383 383 383 383 383 386 386 386 386 386 386 384 384 384 384 384 384 387 387 387 387 387 387 385 385 385 385 385 385 384 384 384 384 384 384 385 385 385 385 385 385 387 387 387 387 387 387 388 388 388 388 388 388 386 386 386 386 386 386 387 387 387 387 387 387 384 384 384 384 384 384 378 378 378 378 378 378 389 389 389 389 389 389 386 386 386 386 386 386 375 375 375 375 375 375 389 389 389 389 389 389 378 378 378 378 378 378 387 387 387 387 387 387 386 386 386 386 386 386 390 390 390 390 390 390 390 390 390 390 390 390 391 391 391 391 391 391 387 387 387 387 387 387 386 386 386 386 386 386 389 389 389 389 389 389 392 392 392 392 392 392 391 391 391 391 391 391 390 390 390 390 390 390 393 393 393 393 393 393 391 391 391 391 391 391 393 393 393 393 393 393 394 394 394 394 394 394 394 394 394 394 394 394 393 393 393 393 393 393 395 395 395 395 395 395 386 386 386 386 386 386 396 396 396 396 396 396 390 390 390 390 390 390 396 396 396 396 396 396 386 386 386 386 386 386 392 392 392 392 392 392 397 397 397 397 397 397 392 392 392 392 392 392 389 389 389 389 389 389 375 375 375 375 375 375 397 397 397 397 397 397 389 389 389 389 389 389 392 392 392 392 392 392 398 398 398 398 398 398 396 396 396 396 396 396 398 398 398 398 398 398 392 392 392 392 392 392 397 397 397 397 397 397 375 375 375 375 375 375 399 399 399 399 399 399 397 397 397 397 397 397 370 370 370 370 370 370 399 399 399 399 399 399 375 375 375 375 375 375 370 370 370 370 370 370 367 367 367 367 367 367 399 399 399 399 399 399 367 367 367 367 367 367 400 400 400 400 400 400 399 399 399 399 399 399 400 400 400 400 400 400 367 367 367 367 367 367 364 364 364 364 364 364 399 399 399 399 399 399 401 401 401 401 401 401 397 397 397 397 397 397 401 401 401 401 401 401 399 399 399 399 399 399 400 400 400 400 400 400 402 402 402 402 402 402 400 400 400 400 400 400 364 364 364 364 364 364 402 402 402 402 402 402 364 364 364 364 364 364 356 356 356 356 356 356 403 403 403 403 403 403 401 401 401 401 401 401 400 400 400 400 400 400 400 400 400 400 400 400 402 402 402 402 402 402 403 403 403 403 403 403 397 397 397 397 397 397 401 401 401 401 401 401 404 404 404 404 404 404 404 404 404 404 404 404 398 398 398 398 398 398 397 397 397 397 397 397 405 405 405 405 405 405 402 402 402 402 402 402 356 356 356 356 356 356 356 356 356 356 356 356 357 357 357 357 357 357 405 405 405 405 405 405 402 402 402 402 402 402 405 405 405 405 405 405 406 406 406 406 406 406 402 402 402 402 402 402 406 406 406 406 406 406 403 403 403 403 403 403 407 407 407 407 407 407 405 405 405 405 405 405 357 357 357 357 357 357 405 405 405 405 405 405 407 407 407 407 407 407 406 406 406 406 406 406 408 408 408 408 408 408 407 407 407 407 407 407 357 357 357 357 357 357 409 409 409 409 409 409 406 406 406 406 406 406 407 407 407 407 407 407 409 409 409 409 409 409 403 403 403 403 403 403 406 406 406 406 406 406 407 407 407 407 407 407 408 408 408 408 408 408 410 410 410 410 410 410 408 408 408 408 408 408 411 411 411 411 411 411 410 410 410 410 410 410 412 412 412 412 412 412 409 409 409 409 409 409 407 407 407 407 407 407 412 412 412 412 412 412 407 407 407 407 407 407 410 410 410 410 410 410 412 412 412 412 412 412 413 413 413 413 413 413 409 409 409 409 409 409 413 413 413 413 413 413 412 412 412 412 412 412 410 410 410 410 410 410 413 413 413 413 413 413 414 414 414 414 414 414 409 409 409 409 409 409 403 403 403 403 403 403 409 409 409 409 409 409 414 414 414 414 414 414 413 413 413 413 413 413 415 415 415 415 415 415 414 414 414 414 414 414 415 415 415 415 415 415 413 413 413 413 413 413 410 410 410 410 410 410 414 414 414 414 414 414 416 416 416 416 416 416 403 403 403 403 403 403 416 416 416 416 416 416 414 414 414 414 414 414 415 415 415 415 415 415 403 403 403 403 403 403 416 416 416 416 416 416 417 417 417 417 417 417 401 401 401 401 401 401 403 403 403 403 403 403 417 417 417 417 417 417 401 401 401 401 401 401 417 417 417 417 417 417 404 404 404 404 404 404 416 416 416 416 416 416 415 415 415 415 415 415 418 418 418 418 418 418 417 417 417 417 417 417 416 416 416 416 416 416 419 419 419 419 419 419 416 416 416 416 416 416 418 418 418 418 418 418 419 419 419 419 419 419 404 404 404 404 404 404 417 417 417 417 417 417 420 420 420 420 420 420 417 417 417 417 417 417 419 419 419 419 419 419 420 420 420 420 420 420 420 420 420 420 420 420 421 421 421 421 421 421 404 404 404 404 404 404 421 421 421 421 421 421 398 398 398 398 398 398 404 404 404 404 404 404 420 420 420 420 420 420 419 419 419 419 419 419 422 422 422 422 422 422 419 419 419 419 419 419 423 423 423 423 423 423 422 422 422 422 422 422 419 419 419 419 419 419 418 418 418 418 418 418 423 423 423 423 423 423 422 422 422 422 422 422 424 424 424 424 424 424 420 420 420 420 420 420 424 424 424 424 424 424 421 421 421 421 421 421 420 420 420 420 420 420 418 418 418 418 418 418 425 425 425 425 425 425 423 423 423 423 423 423 424 424 424 424 424 424 426 426 426 426 426 426 421 421 421 421 421 421 426 426 426 426 426 426 424 424 424 424 424 424 427 427 427 427 427 427 418 418 418 418 418 418 428 428 428 428 428 428 425 425 425 425 425 425 415 415 415 415 415 415 428 428 428 428 428 428 418 418 418 418 418 418 415 415 415 415 415 415 410 410 410 410 410 410 428 428 428 428 428 428 428 428 428 428 428 428 429 429 429 429 429 429 425 425 425 425 425 425 410 410 410 410 410 410 430 430 430 430 430 430 428 428 428 428 428 428 428 428 428 428 428 428 430 430 430 430 430 430 429 429 429 429 429 429 411 411 411 411 411 411 430 430 430 430 430 430 410 410 410 410 410 410 430 430 430 430 430 430 431 431 431 431 431 431 429 429 429 429 429 429 430 430 430 430 430 430 411 411 411 411 411 411 432 432 432 432 432 432 431 431 431 431 431 431 430 430 430 430 430 430 432 432 432 432 432 432 433 433 433 433 433 433 431 431 431 431 431 431 432 432 432 432 432 432 434 434 434 434 434 434 431 431 431 431 431 431 433 433 433 433 433 433 435 435 435 435 435 435 434 434 434 434 434 434 433 433 433 433 433 433 436 436 436 436 436 436 434 434 434 434 434 434 435 435 435 435 435 435 434 434 434 434 434 434 436 436 436 436 436 436 437 437 437 437 437 437 437 437 437 437 437 437 436 436 436 436 436 436 438 438 438 438 438 438 434 434 434 434 434 434 437 437 437 437 437 437 439 439 439 439 439 439 440 440 440 440 440 440 434 434 434 434 434 434 439 439 439 439 439 439 441 441 441 441 441 441 440 440 440 440 440 440 439 439 439 439 439 439 438 438 438 438 438 438 442 442 442 442 442 442 437 437 437 437 437 437 442 442 442 442 442 442 438 438 438 438 438 438 443 443 443 443 443 443 444 444 444 444 444 444 442 442 442 442 442 442 443 443 443 443 443 443 437 437 437 437 437 437 445 445 445 445 445 445 439 439 439 439 439 439 437 437 437 437 437 437 442 442 442 442 442 442 445 445 445 445 445 445 441 441 441 441 441 441 439 439 439 439 439 439 446 446 446 446 446 446 439 439 439 439 439 439 445 445 445 445 445 445 446 446 446 446 446 446 447 447 447 447 447 447 441 441 441 441 441 441 446 446 446 446 446 446 447 447 447 447 447 447 446 446 446 446 446 446 448 448 448 448 448 448 449 449 449 449 449 449 447 447 447 447 447 447 448 448 448 448 448 448 445 445 445 445 445 445 450 450 450 450 450 450 446 446 446 446 446 446 448 448 448 448 448 448 446 446 446 446 446 446 450 450 450 450 450 450 449 449 449 449 449 449 448 448 448 448 448 448 451 451 451 451 451 451 452 452 452 452 452 452 449 449 449 449 449 449 451 451 451 451 451 451 452 452 452 452 452 452 451 451 451 451 451 451 453 453 453 453 453 453 453 453 453 453 453 453 454 454 454 454 454 454 455 455 455 455 455 455 454 454 454 454 454 454 453 453 453 453 453 453 456 456 456 456 456 456 451 451 451 451 451 451 456 456 456 456 456 456 453 453 453 453 453 453 456 456 456 456 456 456 457 457 457 457 457 457 454 454 454 454 454 454 451 451 451 451 451 451 448 448 448 448 448 448 458 458 458 458 458 458 458 458 458 458 458 458 448 448 448 448 448 448 450 450 450 450 450 450 459 459 459 459 459 459 460 460 460 460 460 460 457 457 457 457 457 457 461 461 461 461 461 461 459 459 459 459 459 459 457 457 457 457 457 457 456 456 456 456 456 456 461 461 461 461 461 461 457 457 457 457 457 457 459 459 459 459 459 459 461 461 461 461 461 461 462 462 462 462 462 462 451 451 451 451 451 451 463 463 463 463 463 463 456 456 456 456 456 456 463 463 463 463 463 463 451 451 451 451 451 451 458 458 458 458 458 458 464 464 464 464 464 464 461 461 461 461 461 461 456 456 456 456 456 456 463 463 463 463 463 463 464 464 464 464 464 464 456 456 456 456 456 456 461 461 461 461 461 461 465 465 465 465 465 465 462 462 462 462 462 462 461 461 461 461 461 461 464 464 464 464 464 464 465 465 465 465 465 465 465 465 465 465 465 465 466 466 466 466 466 466 462 462 462 462 462 462 464 464 464 464 464 464 463 463 463 463 463 463 467 467 467 467 467 467 466 466 466 466 466 466 465 465 465 465 465 465 468 468 468 468 468 468 469 469 469 469 469 469 466 466 466 466 466 466 468 468 468 468 468 468 470 470 470 470 470 470 469 469 469 469 469 469 468 468 468 468 468 468 465 465 465 465 465 465 464 464 464 464 464 464 471 471 471 471 471 471 468 468 468 468 468 468 465 465 465 465 465 465 471 471 471 471 471 471 471 471 471 471 471 471 464 464 464 464 464 464 467 467 467 467 467 467 472 472 472 472 472 472 470 470 470 470 470 470 468 468 468 468 468 468 472 472 472 472 472 472 468 468 468 468 468 468 471 471 471 471 471 471 470 470 470 470 470 470 472 472 472 472 472 472 473 473 473 473 473 473 474 474 474 474 474 474 472 472 472 472 472 472 471 471 471 471 471 471 471 471 471 471 471 471 467 467 467 467 467 467 474 474 474 474 474 474 472 472 472 472 472 472 475 475 475 475 475 475 473 473 473 473 473 473 474 474 474 474 474 474 475 475 475 475 475 475 472 472 472 472 472 472 475 475 475 475 475 475 476 476 476 476 476 476 473 473 473 473 473 473 476 476 476 476 476 476 477 477 477 477 477 477 478 478 478 478 478 478 476 476 476 476 476 476 475 475 475 475 475 475 477 477 477 477 477 477 479 479 479 479 479 479 477 477 477 477 477 477 475 475 475 475 475 475 475 475 475 475 475 475 474 474 474 474 474 474 479 479 479 479 479 479 479 479 479 479 479 479 480 480 480 480 480 480 477 477 477 477 477 477 480 480 480 480 480 480 481 481 481 481 481 481 482 482 482 482 482 482 481 481 481 481 481 481 480 480 480 480 480 480 479 479 479 479 479 479 479 479 479 479 479 479 474 474 474 474 474 474 483 483 483 483 483 483 467 467 467 467 467 467 483 483 483 483 483 483 474 474 474 474 474 474 481 481 481 481 481 481 479 479 479 479 479 479 484 484 484 484 484 484 484 484 484 484 484 484 479 479 479 479 479 479 483 483 483 483 483 483 485 485 485 485 485 485 481 481 481 481 481 481 484 484 484 484 484 484 486 486 486 486 486 486 485 485 485 485 485 485 484 484 484 484 484 484 467 467 467 467 467 467 487 487 487 487 487 487 483 483 483 483 483 483 467 467 467 467 467 467 463 463 463 463 463 463 487 487 487 487 487 487 463 463 463 463 463 463 458 458 458 458 458 458 487 487 487 487 487 487 483 483 483 483 483 483 488 488 488 488 488 488 484 484 484 484 484 484 487 487 487 487 487 487 488 488 488 488 488 488 483 483 483 483 483 483 489 489 489 489 489 489 486 486 486 486 486 486 484 484 484 484 484 484 488 488 488 488 488 488 489 489 489 489 489 489 484 484 484 484 484 484 486 486 486 486 486 486 489 489 489 489 489 489 490 490 490 490 490 490 487 487 487 487 487 487 458 458 458 458 458 458 491 491 491 491 491 491 487 487 487 487 487 487 491 491 491 491 491 491 488 488 488 488 488 488 458 458 458 458 458 458 450 450 450 450 450 450 491 491 491 491 491 491 488 488 488 488 488 488 492 492 492 492 492 492 489 489 489 489 489 489 491 491 491 491 491 491 492 492 492 492 492 492 488 488 488 488 488 488 489 489 489 489 489 489 493 493 493 493 493 493 490 490 490 490 490 490 492 492 492 492 492 492 493 493 493 493 493 493 489 489 489 489 489 489 490 490 490 490 490 490 493 493 493 493 493 493 494 494 494 494 494 494 495 495 495 495 495 495 491 491 491 491 491 491 450 450 450 450 450 450 491 491 491 491 491 491 495 495 495 495 495 495 492 492 492 492 492 492 445 445 445 445 445 445 495 495 495 495 495 495 450 450 450 450 450 450 442 442 442 442 442 442 495 495 495 495 495 495 445 445 445 445 445 445 495 495 495 495 495 495 496 496 496 496 496 496 492 492 492 492 492 492 495 495 495 495 495 495 442 442 442 442 442 442 496 496 496 496 496 496 493 493 493 493 493 493 492 492 492 492 492 492 496 496 496 496 496 496 493 493 493 493 493 493 497 497 497 497 497 497 494 494 494 494 494 494 497 497 497 497 497 497 493 493 493 493 493 493 496 496 496 496 496 496 494 494 494 494 494 494 497 497 497 497 497 497 498 498 498 498 498 498 442 442 442 442 442 442 499 499 499 499 499 499 496 496 496 496 496 496 497 497 497 497 497 497 496 496 496 496 496 496 499 499 499 499 499 499 442 442 442 442 442 442 444 444 444 444 444 444 499 499 499 499 499 499 500 500 500 500 500 500 499 499 499 499 499 499 444 444 444 444 444 444 497 497 497 497 497 497 501 501 501 501 501 501 498 498 498 498 498 498 501 501 501 501 501 501 497 497 497 497 497 497 499 499 499 499 499 499 500 500 500 500 500 500 501 501 501 501 501 501 499 499 499 499 499 499 501 501 501 501 501 501 500 500 500 500 500 500 502 502 502 502 502 502 498 498 498 498 498 498 501 501 501 501 501 501 503 503 503 503 503 503 501 501 501 501 501 501 502 502 502 502 502 502 503 503 503 503 503 503 504 504 504 504 504 504 503 503 503 503 503 503 505 505 505 505 505 505 506 506 506 506 506 506 504 504 504 504 504 504 505 505 505 505 505 505 507 507 507 507 507 507 504 504 504 504 504 504 506 506 506 506 506 506 508 508 508 508 508 508 506 506 506 506 506 506 505 505 505 505 505 505 509 509 509 509 509 509 507 507 507 507 507 507 506 506 506 506 506 506 510 510 510 510 510 510 507 507 507 507 507 507 509 509 509 509 509 509 506 506 506 506 506 506 508 508 508 508 508 508 511 511 511 511 511 511 509 509 509 509 509 509 506 506 506 506 506 506 511 511 511 511 511 511 511 511 511 511 511 511 508 508 508 508 508 508 512 512 512 512 512 512 513 513 513 513 513 513 510 510 510 510 510 510 509 509 509 509 509 509 514 514 514 514 514 514 510 510 510 510 510 510 513 513 513 513 513 513 515 515 515 515 515 515 509 509 509 509 509 509 511 511 511 511 511 511 513 513 513 513 513 513 509 509 509 509 509 509 515 515 515 515 515 515 516 516 516 516 516 516 514 514 514 514 514 514 513 513 513 513 513 513 517 517 517 517 517 517 514 514 514 514 514 514 516 516 516 516 516 516 518 518 518 518 518 518 513 513 513 513 513 513 515 515 515 515 515 515 516 516 516 516 516 516 513 513 513 513 513 513 518 518 518 518 518 518 519 519 519 519 519 519 517 517 517 517 517 517 516 516 516 516 516 516 520 520 520 520 520 520 517 517 517 517 517 517 519 519 519 519 519 519 521 521 521 521 521 521 516 516 516 516 516 516 518 518 518 518 518 518 516 516 516 516 516 516 521 521 521 521 521 521 519 519 519 519 519 519 520 520 520 520 520 520 522 522 522 522 522 522 523 523 523 523 523 523 524 524 524 524 524 524 520 520 520 520 520 520 519 519 519 519 519 519 522 522 522 522 522 522 520 520 520 520 520 520 524 524 524 524 524 524 521 521 521 521 521 521 525 525 525 525 525 525 519 519 519 519 519 519 524 524 524 524 524 524 519 519 519 519 519 519 525 525 525 525 525 525 524 524 524 524 524 524 526 526 526 526 526 526 522 522 522 522 522 522 526 526 526 526 526 526 527 527 527 527 527 527 522 522 522 522 522 522 528 528 528 528 528 528 524 524 524 524 524 524 525 525 525 525 525 525 526 526 526 526 526 526 524 524 524 524 524 524 528 528 528 528 528 528 527 527 527 527 527 527 526 526 526 526 526 526 529 529 529 529 529 529 530 530 530 530 530 530 527 527 527 527 527 527 529 529 529 529 529 529 531 531 531 531 531 531 526 526 526 526 526 526 528 528 528 528 528 528 526 526 526 526 526 526 531 531 531 531 531 531 529 529 529 529 529 529 532 532 532 532 532 532 530 530 530 530 530 530 529 529 529 529 529 529 533 533 533 533 533 533 530 530 530 530 530 530 532 532 532 532 532 532 534 534 534 534 534 534 533 533 533 533 533 533 532 532 532 532 532 532 534 534 534 534 534 534 535 535 535 535 535 535 536 536 536 536 536 536 535 535 535 535 535 535 534 534 534 534 534 534 532 532 532 532 532 532 532 532 532 532 532 532 537 537 537 537 537 537 535 535 535 535 535 535 537 537 537 537 537 537 532 532 532 532 532 532 529 529 529 529 529 529 531 531 531 531 531 531 537 537 537 537 537 537 529 529 529 529 529 529 538 538 538 538 538 538 531 531 531 531 531 531 528 528 528 528 528 528 531 531 531 531 531 531 539 539 539 539 539 539 537 537 537 537 537 537 531 531 531 531 531 531 538 538 538 538 538 538 539 539 539 539 539 539 538 538 538 538 538 538 528 528 528 528 528 528 540 540 540 540 540 540 528 528 528 528 528 528 525 525 525 525 525 525 540 540 540 540 540 540 538 538 538 538 538 538 541 541 541 541 541 541 539 539 539 539 539 539 541 541 541 541 541 541 538 538 538 538 538 538 540 540 540 540 540 540 539 539 539 539 539 539 541 541 541 541 541 541 542 542 542 542 542 542 543 543 543 543 543 543 540 540 540 540 540 540 525 525 525 525 525 525 521 521 521 521 521 521 543 543 543 543 543 543 525 525 525 525 525 525 544 544 544 544 544 544 541 541 541 541 541 541 540 540 540 540 540 540 542 542 542 542 542 542 541 541 541 541 541 541 544 544 544 544 544 544 545 545 545 545 545 545 542 542 542 542 542 542 544 544 544 544 544 544 546 546 546 546 546 546 539 539 539 539 539 539 542 542 542 542 542 542 545 545 545 545 545 545 544 544 544 544 544 544 547 547 547 547 547 547 539 539 539 539 539 539 546 546 546 546 546 546 548 548 548 548 548 548 539 539 539 539 539 539 548 548 548 548 548 548 537 537 537 537 537 537 546 546 546 546 546 546 549 549 549 549 549 549 548 548 548 548 548 548 549 549 549 549 549 549 550 550 550 550 550 550 548 548 548 548 548 548 550 550 550 550 550 550 549 549 549 549 549 549 551 551 551 551 551 551 552 552 552 552 552 552 537 537 537 537 537 537 548 548 548 548 548 548 537 537 537 537 537 537 552 552 552 552 552 552 553 553 553 553 553 553 553 553 553 553 553 553 552 552 552 552 552 552 554 554 554 554 554 554 553 553 553 553 553 553 554 554 554 554 554 554 555 555 555 555 555 555 544 544 544 544 544 544 556 556 556 556 556 556 547 547 547 547 547 547 556 556 556 556 556 556 544 544 544 544 544 544 540 540 540 540 540 540 547 547 547 547 547 547 556 556 556 556 556 556 557 557 557 557 557 557 543 543 543 543 543 543 556 556 556 556 556 556 540 540 540 540 540 540 556 556 556 556 556 556 558 558 558 558 558 558 557 557 557 557 557 557 556 556 556 556 556 556 543 543 543 543 543 543 558 558 558 558 558 558 557 557 557 557 557 557 558 558 558 558 558 558 559 559 559 559 559 559 543 543 543 543 543 543 560 560 560 560 560 560 558 558 558 558 558 558 543 543 543 543 543 543 521 521 521 521 521 521 560 560 560 560 560 560 558 558 558 558 558 558 561 561 561 561 561 561 559 559 559 559 559 559 558 558 558 558 558 558 560 560 560 560 560 560 561 561 561 561 561 561 559 559 559 559 559 559 561 561 561 561 561 561 562 562 562 562 562 562 521 521 521 521 521 521 518 518 518 518 518 518 560 560 560 560 560 560 561 561 561 561 561 561 563 563 563 563 563 563 562 562 562 562 562 562 563 563 563 563 563 563 564 564 564 564 564 564 562 562 562 562 562 562 564 564 564 564 564 564 565 565 565 565 565 565 566 566 566 566 566 566 565 565 565 565 565 565 564 564 564 564 564 564 563 563 563 563 563 563 563 563 563 563 563 563 561 561 561 561 561 561 567 567 567 567 567 567 560 560 560 560 560 560 567 567 567 567 567 567 561 561 561 561 561 561 565 565 565 565 565 565 563 563 563 563 563 563 568 568 568 568 568 568 568 568 568 568 568 568 563 563 563 563 563 563 567 567 567 567 567 567 512 512 512 512 512 512 565 565 565 565 565 565 568 568 568 568 568 568 568 568 568 568 568 568 511 511 511 511 511 511 512 512 512 512 512 512 560 560 560 560 560 560 569 569 569 569 569 569 567 567 567 567 567 567 567 567 567 567 567 567 569 569 569 569 569 569 568 568 568 568 568 568 568 568 568 568 568 568 570 570 570 570 570 570 511 511 511 511 511 511 569 569 569 569 569 569 570 570 570 570 570 570 568 568 568 568 568 568 570 570 570 570 570 570 571 571 571 571 571 571 511 511 511 511 511 511 570 570 570 570 570 570 569 569 569 569 569 569 571 571 571 571 571 571 571 571 571 571 571 571 515 515 515 515 515 515 511 511 511 511 511 511 569 569 569 569 569 569 560 560 560 560 560 560 572 572 572 572 572 572 569 569 569 569 569 569 572 572 572 572 572 572 571 571 571 571 571 571 515 515 515 515 515 515 571 571 571 571 571 571 572 572 572 572 572 572 518 518 518 518 518 518 572 572 572 572 572 572 560 560 560 560 560 560 572 572 572 572 572 572 518 518 518 518 518 518 515 515 515 515 515 515 573 573 573 573 573 573 574 574 574 574 574 574 575 575 575 575 575 575 574 574 574 574 574 574 573 573 573 573 573 573 576 576 576 576 576 576 577 577 577 577 577 577 576 576 576 576 576 576 573 573 573 573 573 573 576 576 576 576 576 576 578 578 578 578 578 578 579 579 579 579 579 579 578 578 578 578 578 578 576 576 576 576 576 576 577 577 577 577 577 577 577 577 577 577 577 577 580 580 580 580 580 580 578 578 578 578 578 578 580 580 580 580 580 580 577 577 577 577 577 577 581 581 581 581 581 581 582 582 582 582 582 582 583 583 583 583 583 583 584 584 584 584 584 584 585 585 585 585 585 585 582 582 582 582 582 582 584 584 584 584 584 584 582 582 582 582 582 582 585 585 585 585 585 585 586 586 586 586 586 586 585 585 585 585 585 585 587 587 587 587 587 587 586 586 586 586 586 586 588 588 588 588 588 588 589 589 589 589 589 589 590 590 590 590 590 590 589 589 589 589 589 589 588 588 588 588 588 588 591 591 591 591 591 591 592 592 592 592 592 592 591 591 591 591 591 591 588 588 588 588 588 588 591 591 591 591 591 591 592 592 592 592 592 592 593 593 593 593 593 593 594 594 594 594 594 594 595 595 595 595 595 595 596 596 596 596 596 596 595 595 595 595 595 595 594 594 594 594 594 594 597 597 597 597 597 597 598 598 598 598 598 598 597 597 597 597 597 597 594 594 594 594 594 594 597 597 597 597 597 597 598 598 598 598 598 598 599 599 599 599 599 599 600 600 600 600 600 600 599 599 599 599 599 599 598 598 598 598 598 598 599 599 599 599 599 599 600 600 600 600 600 600 601 601 601 601 601 601 602 602 602 602 602 602 601 601 601 601 601 601 600 600 600 600 600 600 601 601 601 601 601 601 602 602 602 602 602 602 603 603 603 603 603 603 604 604 604 604 604 604 603 603 603 603 603 603 602 602 602 602 602 602 603 603 603 603 603 603 604 604 604 604 604 604 605 605 605 605 605 605 606 606 606 606 606 606 605 605 605 605 605 605 604 604 604 604 604 604 605 605 605 605 605 605 606 606 606 606 606 606 607 607 607 607 607 607 608 608 608 608 608 608 609 609 609 609 609 609 610 610 610 610 610 610 609 609 609 609 609 609 608 608 608 608 608 608 611 611 611 611 611 611 612 612 612 612 612 612 611 611 611 611 611 611 608 608 608 608 608 608 611 611 611 611 611 611 612 612 612 612 612 612 613 613 613 613 613 613 614 614 614 614 614 614 613 613 613 613 613 613 612 612 612 612 612 612 613 613 613 613 613 613 614 614 614 614 614 614 615 615 615 615 615 615 616 616 616 616 616 616 615 615 615 615 615 615 614 614 614 614 614 614 615 615 615 615 615 615 616 616 616 616 616 616 617 617 617 617 617 617 616 616 616 616 616 616 618 618 618 618 618 618 617 617 617 617 617 617 618 618 618 618 618 618 616 616 616 616 616 616 619 619 619 619 619 619 619 619 619 619 619 619 620 620 620 620 620 620 618 618 618 618 618 618 620 620 620 620 620 620 619 619 619 619 619 619 621 621 621 621 621 621 621 621 621 621 621 621 622 622 622 622 622 622 620 620 620 620 620 620 622 622 622 622 622 622 621 621 621 621 621 621 623 623 623 623 623 623 623 623 623 623 623 623 624 624 624 624 624 624 622 622 622 622 622 622 624 624 624 624 624 624 623 623 623 623 623 623 625 625 625 625 625 625 626 626 626 626 626 626 627 627 627 627 627 627 628 628 628 628 628 628 627 627 627 627 627 627 626 626 626 626 626 626 629 629 629 629 629 629 629 629 629 629 629 629 630 630 630 630 630 630 627 627 627 627 627 627 630 630 630 630 630 630 629 629 629 629 629 629 631 631 631 631 631 631 632 632 632 632 632 632 633 633 633 633 633 633 634 634 634 634 634 634 633 633 633 633 633 633 632 632 632 632 632 632 635 635 635 635 635 635 635 635 635 635 635 635 636 636 636 636 636 636 633 633 633 633 633 633 636 636 636 636 636 636 635 635 635 635 635 635 637 637 637 637 637 637 637 637 637 637 637 637 638 638 638 638 638 638 636 636 636 636 636 636 638 638 638 638 638 638 637 637 637 637 637 637 639 639 639 639 639 639 639 639 639 639 639 639 640 640 640 640 640 640 638 638 638 638 638 638 640 640 640 640 640 640 639 639 639 639 639 639 641 641 641 641 641 641 641 641 641 641 641 641 642 642 642 642 642 642 640 640 640 640 640 640 642 642 642 642 642 642 641 641 641 641 641 641 643 643 643 643 643 643 643 643 643 643 643 643 644 644 644 644 644 644 642 642 642 642 642 642 644 644 644 644 644 644 643 643 643 643 643 643 645 645 645 645 645 645 646 646 646 646 646 646 647 647 647 647 647 647 648 648 648 648 648 648 649 649 649 649 649 649 646 646 646 646 646 646 648 648 648 648 648 648 650 650 650 650 650 650 649 649 649 649 649 649 648 648 648 648 648 648 651 651 651 651 651 651 650 650 650 650 650 650 648 648 648 648 648 648 652 652 652 652 652 652 653 653 653 653 653 653 654 654 654 654 654 654 653 653 653 653 653 653 655 655 655 655 655 655 654 654 654 654 654 654 654 654 654 654 654 654 655 655 655 655 655 655 656 656 656 656 656 656 657 657 657 657 657 657 654 654 654 654 654 654 656 656 656 656 656 656 658 658 658 658 658 658 659 659 659 659 659 659 660 660 660 660 660 660 661 661 661 661 661 661 659 659 659 659 659 659 658 658 658 658 658 658 659 659 659 659 659 659 661 661 661 661 661 661 662 662 662 662 662 662 663 663 663 663 663 663 659 659 659 659 659 659 662 662 662 662 662 662 664 664 664 664 664 664 665 665 665 665 665 665 666 666 666 666 666 666 667 667 667 667 667 667 664 664 664 664 664 664 666 666 666 666 666 666 664 664 664 664 664 664 667 667 667 667 667 667 668 668 668 668 668 668 667 667 667 667 667 667 666 666 666 666 666 666 669 669 669 669 669 669 667 667 667 667 667 667 670 670 670 670 670 670 668 668 668 668 668 668 671 671 671 671 671 671 667 667 667 667 667 667 669 669 669 669 669 669 667 667 667 667 667 667 671 671 671 671 671 671 670 670 670 670 670 670 672 672 672 672 672 672 671 671 671 671 671 671 669 669 669 669 669 669 673 673 673 673 673 673 672 672 672 672 672 672 669 669 669 669 669 669 671 671 671 671 671 671 674 674 674 674 674 674 670 670 670 670 670 670 675 675 675 675 675 675 672 672 672 672 672 672 673 673 673 673 673 673 676 676 676 676 676 676 675 675 675 675 675 675 673 673 673 673 673 673 672 672 672 672 672 672 677 677 677 677 677 677 671 671 671 671 671 671 677 677 677 677 677 677 674 674 674 674 674 674 671 671 671 671 671 671 672 672 672 672 672 672 675 675 675 675 675 675 677 677 677 677 677 677 675 675 675 675 675 675 676 676 676 676 676 676 678 678 678 678 678 678 674 674 674 674 674 674 677 677 677 677 677 677 679 679 679 679 679 679 674 674 674 674 674 674 679 679 679 679 679 679 670 670 670 670 670 670 680 680 680 680 680 680 675 675 675 675 675 675 678 678 678 678 678 678 680 680 680 680 680 680 678 678 678 678 678 678 681 681 681 681 681 681 675 675 675 675 675 675 682 682 682 682 682 682 677 677 677 677 677 677 683 683 683 683 683 683 680 680 680 680 680 680 681 681 681 681 681 681 683 683 683 683 683 683 681 681 681 681 681 681 684 684 684 684 684 684 680 680 680 680 680 680 685 685 685 685 685 685 675 675 675 675 675 675 680 680 680 680 680 680 683 683 683 683 683 683 685 685 685 685 685 685 685 685 685 685 685 685 682 682 682 682 682 682 675 675 675 675 675 675 686 686 686 686 686 686 683 683 683 683 683 683 684 684 684 684 684 684 686 686 686 686 686 686 684 684 684 684 684 684 687 687 687 687 687 687 683 683 683 683 683 683 688 688 688 688 688 688 685 685 685 685 685 685 683 683 683 683 683 683 686 686 686 686 686 686 688 688 688 688 688 688 682 682 682 682 682 682 685 685 685 685 685 685 689 689 689 689 689 689 690 690 690 690 690 690 686 686 686 686 686 686 687 687 687 687 687 687 690 690 690 690 690 690 687 687 687 687 687 687 691 691 691 691 691 691 677 677 677 677 677 677 682 682 682 682 682 682 692 692 692 692 692 692 682 682 682 682 682 682 689 689 689 689 689 689 692 692 692 692 692 692 677 677 677 677 677 677 692 692 692 692 692 692 679 679 679 679 679 679 691 691 691 691 691 691 693 693 693 693 693 693 694 694 694 694 694 694 695 695 695 695 695 695 691 691 691 691 691 691 694 694 694 694 694 694 695 695 695 695 695 695 690 690 690 690 690 690 691 691 691 691 691 691 694 694 694 694 694 694 696 696 696 696 696 696 695 695 695 695 695 695 695 695 695 695 695 695 697 697 697 697 697 697 690 690 690 690 690 690 696 696 696 696 696 696 697 697 697 697 697 697 695 695 695 695 695 695 686 686 686 686 686 686 690 690 690 690 690 690 698 698 698 698 698 698 686 686 686 686 686 686 698 698 698 698 698 698 688 688 688 688 688 688 697 697 697 697 697 697 699 699 699 699 699 699 690 690 690 690 690 690 690 690 690 690 690 690 699 699 699 699 699 699 698 698 698 698 698 698 697 697 697 697 697 697 696 696 696 696 696 696 700 700 700 700 700 700 696 696 696 696 696 696 701 701 701 701 701 701 700 700 700 700 700 700 701 701 701 701 701 701 702 702 702 702 702 702 700 700 700 700 700 700 699 699 699 699 699 699 697 697 697 697 697 697 703 703 703 703 703 703 698 698 698 698 698 698 699 699 699 699 699 699 703 703 703 703 703 703 697 697 697 697 697 697 700 700 700 700 700 700 703 703 703 703 703 703 704 704 704 704 704 704 698 698 698 698 698 698 703 703 703 703 703 703 688 688 688 688 688 688 698 698 698 698 698 698 704 704 704 704 704 704 703 703 703 703 703 703 700 700 700 700 700 700 705 705 705 705 705 705 703 703 703 703 703 703 705 705 705 705 705 705 704 704 704 704 704 704 702 702 702 702 702 702 706 706 706 706 706 706 700 700 700 700 700 700 700 700 700 700 700 700 706 706 706 706 706 706 705 705 705 705 705 705 706 706 706 706 706 706 702 702 702 702 702 702 707 707 707 707 707 707 708 708 708 708 708 708 706 706 706 706 706 706 707 707 707 707 707 707 705 705 705 705 705 705 706 706 706 706 706 706 708 708 708 708 708 708 708 708 708 708 708 708 707 707 707 707 707 707 709 709 709 709 709 709 710 710 710 710 710 710 708 708 708 708 708 708 709 709 709 709 709 709 709 709 709 709 709 709 711 711 711 711 711 711 710 710 710 710 710 710 712 712 712 712 712 712 705 705 705 705 705 705 708 708 708 708 708 708 710 710 710 710 710 710 712 712 712 712 712 712 708 708 708 708 708 708 713 713 713 713 713 713 705 705 705 705 705 705 712 712 712 712 712 712 705 705 705 705 705 705 713 713 713 713 713 713 704 704 704 704 704 704 711 711 711 711 711 711 714 714 714 714 714 714 710 710 710 710 710 710 714 714 714 714 714 714 711 711 711 711 711 711 715 715 715 715 715 715 712 712 712 712 712 712 710 710 710 710 710 710 716 716 716 716 716 716 716 716 716 716 716 716 710 710 710 710 710 710 714 714 714 714 714 714 717 717 717 717 717 717 713 713 713 713 713 713 712 712 712 712 712 712 712 712 712 712 712 712 716 716 716 716 716 716 717 717 717 717 717 717 718 718 718 718 718 718 714 714 714 714 714 714 715 715 715 715 715 715 718 718 718 718 718 718 715 715 715 715 715 715 719 719 719 719 719 719 720 720 720 720 720 720 716 716 716 716 716 716 714 714 714 714 714 714 718 718 718 718 718 718 720 720 720 720 720 720 714 714 714 714 714 714 721 721 721 721 721 721 718 718 718 718 718 718 719 719 719 719 719 719 720 720 720 720 720 720 718 718 718 718 718 718 721 721 721 721 721 721 721 721 721 721 721 721 719 719 719 719 719 719 722 722 722 722 722 722 716 716 716 716 716 716 720 720 720 720 720 720 723 723 723 723 723 723 716 716 716 716 716 716 723 723 723 723 723 723 717 717 717 717 717 717 724 724 724 724 724 724 721 721 721 721 721 721 722 722 722 722 722 722 724 724 724 724 724 724 722 722 722 722 722 722 725 725 725 725 725 725 726 726 726 726 726 726 720 720 720 720 720 720 721 721 721 721 721 721 726 726 726 726 726 726 721 721 721 721 721 721 724 724 724 724 724 724 727 727 727 727 727 727 724 724 724 724 724 724 725 725 725 725 725 725 727 727 727 727 727 727 725 725 725 725 725 725 728 728 728 728 728 728 729 729 729 729 729 729 726 726 726 726 726 726 724 724 724 724 724 724 730 730 730 730 730 730 727 727 727 727 727 727 728 728 728 728 728 728 728 728 728 728 728 728 731 731 731 731 731 731 730 730 730 730 730 730 727 727 727 727 727 727 732 732 732 732 732 732 724 724 724 724 724 724 727 727 727 727 727 727 730 730 730 730 730 730 732 732 732 732 732 732 732 732 732 732 732 732 729 729 729 729 729 729 724 724 724 724 724 724 731 731 731 731 731 731 733 733 733 733 733 733 730 730 730 730 730 730 730 730 730 730 730 730 734 734 734 734 734 734 732 732 732 732 732 732 735 735 735 735 735 735 733 733 733 733 733 733 731 731 731 731 731 731 736 736 736 736 736 736 735 735 735 735 735 735 731 731 731 731 731 731 735 735 735 735 735 735 736 736 736 736 736 736 737 737 737 737 737 737 738 738 738 738 738 738 735 735 735 735 735 735 737 737 737 737 737 737 739 739 739 739 739 739 735 735 735 735 735 735 738 738 738 738 738 738 739 739 739 739 739 739 740 740 740 740 740 740 735 735 735 735 735 735 733 733 733 733 733 733 735 735 735 735 735 735 740 740 740 740 740 740 741 741 741 741 741 741 740 740 740 740 740 740 739 739 739 739 739 739 730 730 730 730 730 730 733 733 733 733 733 733 742 742 742 742 742 742 742 742 742 742 742 742 733 733 733 733 733 733 740 740 740 740 740 740 734 734 734 734 734 734 730 730 730 730 730 730 742 742 742 742 742 742 743 743 743 743 743 743 740 740 740 740 740 740 741 741 741 741 741 741 743 743 743 743 743 743 742 742 742 742 742 742 740 740 740 740 740 740 741 741 741 741 741 741 744 744 744 744 744 744 743 743 743 743 743 743 744 744 744 744 744 744 741 741 741 741 741 741 745 745 745 745 745 745 742 742 742 742 742 742 743 743 743 743 743 743 746 746 746 746 746 746 743 743 743 743 743 743 744 744 744 744 744 744 746 746 746 746 746 746 742 742 742 742 742 742 746 746 746 746 746 746 734 734 734 734 734 734 744 744 744 744 744 744 745 745 745 745 745 745 747 747 747 747 747 747 744 744 744 744 744 744 747 747 747 747 747 747 746 746 746 746 746 746 745 745 745 745 745 745 748 748 748 748 748 748 747 747 747 747 747 747 747 747 747 747 747 747 748 748 748 748 748 748 749 749 749 749 749 749 746 746 746 746 746 746 750 750 750 750 750 750 734 734 734 734 734 734 751 751 751 751 751 751 747 747 747 747 747 747 749 749 749 749 749 749 749 749 749 749 749 749 752 752 752 752 752 752 751 751 751 751 751 751 747 747 747 747 747 747 753 753 753 753 753 753 746 746 746 746 746 746 746 746 746 746 746 746 753 753 753 753 753 753 750 750 750 750 750 750 753 753 753 753 753 753 747 747 747 747 747 747 754 754 754 754 754 754 747 747 747 747 747 747 751 751 751 751 751 751 754 754 754 754 754 754 753 753 753 753 753 753 755 755 755 755 755 755 750 750 750 750 750 750 755 755 755 755 755 755 753 753 753 753 753 753 754 754 754 754 754 754 752 752 752 752 752 752 756 756 756 756 756 756 751 751 751 751 751 751 756 756 756 756 756 756 752 752 752 752 752 752 757 757 757 757 757 757 758 758 758 758 758 758 754 754 754 754 754 754 751 751 751 751 751 751 756 756 756 756 756 756 758 758 758 758 758 758 751 751 751 751 751 751 759 759 759 759 759 759 756 756 756 756 756 756 757 757 757 757 757 757 756 756 756 756 756 756 759 759 759 759 759 759 758 758 758 758 758 758 757 757 757 757 757 757 760 760 760 760 760 760 759 759 759 759 759 759 761 761 761 761 761 761 755 755 755 755 755 755 754 754 754 754 754 754 761 761 761 761 761 761 754 754 754 754 754 754 758 758 758 758 758 758 760 760 760 760 760 760 762 762 762 762 762 762 759 759 759 759 759 759 760 760 760 760 760 760 763 763 763 763 763 763 762 762 762 762 762 762 759 759 759 759 759 759 764 764 764 764 764 764 758 758 758 758 758 758 759 759 759 759 759 759 762 762 762 762 762 762 764 764 764 764 764 764 762 762 762 762 762 762 763 763 763 763 763 763 765 765 765 765 765 765 763 763 763 763 763 763 766 766 766 766 766 766 765 765 765 765 765 765 766 766 766 766 766 766 767 767 767 767 767 767 765 765 765 765 765 765 762 762 762 762 762 762 765 765 765 765 765 765 768 768 768 768 768 768 762 762 762 762 762 762 768 768 768 768 768 768 764 764 764 764 764 764 765 765 765 765 765 765 767 767 767 767 767 767 769 769 769 769 769 769 765 765 765 765 765 765 769 769 769 769 769 769 768 768 768 768 768 768 767 767 767 767 767 767 770 770 770 770 770 770 769 769 769 769 769 769 771 771 771 771 771 771 769 769 769 769 769 769 770 770 770 770 770 770 769 769 769 769 769 769 771 771 771 771 771 771 768 768 768 768 768 768 772 772 772 772 772 772 771 771 771 771 771 771 770 770 770 770 770 770 764 764 764 764 764 764 768 768 768 768 768 768 773 773 773 773 773 773 771 771 771 771 771 771 773 773 773 773 773 773 768 768 768 768 768 768 771 771 771 771 771 771 772 772 772 772 772 772 774 774 774 774 774 774 772 772 772 772 772 772 775 775 775 775 775 775 774 774 774 774 774 774 774 774 774 774 774 774 775 775 775 775 775 775 776 776 776 776 776 776 771 771 771 771 771 771 774 774 774 774 774 774 777 777 777 777 777 777 773 773 773 773 773 773 771 771 771 771 771 771 777 777 777 777 777 777 778 778 778 778 778 778 774 774 774 774 774 774 776 776 776 776 776 776 777 777 777 777 777 777 774 774 774 774 774 774 778 778 778 778 778 778 776 776 776 776 776 776 779 779 779 779 779 779 778 778 778 778 778 778 780 780 780 780 780 780 764 764 764 764 764 764 773 773 773 773 773 773 758 758 758 758 758 758 764 764 764 764 764 764 780 780 780 780 780 780 780 780 780 780 780 780 773 773 773 773 773 773 781 781 781 781 781 781 773 773 773 773 773 773 777 777 777 777 777 777 781 781 781 781 781 781 782 782 782 782 782 782 758 758 758 758 758 758 780 780 780 780 780 780 782 782 782 782 782 782 780 780 780 780 780 780 781 781 781 781 781 781 782 782 782 782 782 782 761 761 761 761 761 761 758 758 758 758 758 758 783 783 783 783 783 783 781 781 781 781 781 781 777 777 777 777 777 777 761 761 761 761 761 761 782 782 782 782 782 782 784 784 784 784 784 784 785 785 785 785 785 785 782 782 782 782 782 782 781 781 781 781 781 781 782 782 782 782 782 782 785 785 785 785 785 785 784 784 784 784 784 784 786 786 786 786 786 786 785 785 785 785 785 785 781 781 781 781 781 781 783 783 783 783 783 783 786 786 786 786 786 786 781 781 781 781 781 781 784 784 784 784 784 784 785 785 785 785 785 785 787 787 787 787 787 787 785 785 785 785 785 785 786 786 786 786 786 786 787 787 787 787 787 787 761 761 761 761 761 761 784 784 784 784 784 784 788 788 788 788 788 788 755 755 755 755 755 755 761 761 761 761 761 761 788 788 788 788 788 788 750 750 750 750 750 750 755 755 755 755 755 755 788 788 788 788 788 788 788 788 788 788 788 788 784 784 784 784 784 784 789 789 789 789 789 789 784 784 784 784 784 784 787 787 787 787 787 787 789 789 789 789 789 789 790 790 790 790 790 790 750 750 750 750 750 750 788 788 788 788 788 788 790 790 790 790 790 790 788 788 788 788 788 788 789 789 789 789 789 789 750 750 750 750 750 750 790 790 790 790 790 790 734 734 734 734 734 734 790 790 790 790 790 790 732 732 732 732 732 732 734 734 734 734 734 734 732 732 732 732 732 732 790 790 790 790 790 790 729 729 729 729 729 729 790 790 790 790 790 790 791 791 791 791 791 791 729 729 729 729 729 729 791 791 791 791 791 791 790 790 790 790 790 790 789 789 789 789 789 789 791 791 791 791 791 791 792 792 792 792 792 792 729 729 729 729 729 729 791 791 791 791 791 791 789 789 789 789 789 789 792 792 792 792 792 792 792 792 792 792 792 792 726 726 726 726 726 726 729 729 729 729 729 729 726 726 726 726 726 726 792 792 792 792 792 792 720 720 720 720 720 720 789 789 789 789 789 789 793 793 793 793 793 793 792 792 792 792 792 792 789 789 789 789 789 789 787 787 787 787 787 787 793 793 793 793 793 793 792 792 792 792 792 792 794 794 794 794 794 794 720 720 720 720 720 720 792 792 792 792 792 792 793 793 793 793 793 793 794 794 794 794 794 794 720 720 720 720 720 720 794 794 794 794 794 794 723 723 723 723 723 723 787 787 787 787 787 787 795 795 795 795 795 795 793 793 793 793 793 793 787 787 787 787 787 787 786 786 786 786 786 786 795 795 795 795 795 795 793 793 793 793 793 793 796 796 796 796 796 796 794 794 794 794 794 794 793 793 793 793 793 793 795 795 795 795 795 795 796 796 796 796 796 796 797 797 797 797 797 797 723 723 723 723 723 723 794 794 794 794 794 794 796 796 796 796 796 796 797 797 797 797 797 797 794 794 794 794 794 794 786 786 786 786 786 786 798 798 798 798 798 798 795 795 795 795 795 795 786 786 786 786 786 786 783 783 783 783 783 783 798 798 798 798 798 798 795 795 795 795 795 795 799 799 799 799 799 799 796 796 796 796 796 796 795 795 795 795 795 795 798 798 798 798 798 798 799 799 799 799 799 799 796 796 796 796 796 796 799 799 799 799 799 799 797 797 797 797 797 797 783 783 783 783 783 783 800 800 800 800 800 800 798 798 798 798 798 798 798 798 798 798 798 798 801 801 801 801 801 801 799 799 799 799 799 799 798 798 798 798 798 798 800 800 800 800 800 800 801 801 801 801 801 801 799 799 799 799 799 799 802 802 802 802 802 802 797 797 797 797 797 797 799 799 799 799 799 799 801 801 801 801 801 801 802 802 802 802 802 802 723 723 723 723 723 723 797 797 797 797 797 797 803 803 803 803 803 803 803 803 803 803 803 803 797 797 797 797 797 797 802 802 802 802 802 802 717 717 717 717 717 717 723 723 723 723 723 723 803 803 803 803 803 803 801 801 801 801 801 801 804 804 804 804 804 804 802 802 802 802 802 802 803 803 803 803 803 803 805 805 805 805 805 805 717 717 717 717 717 717 805 805 805 805 805 805 713 713 713 713 713 713 717 717 717 717 717 717 704 704 704 704 704 704 713 713 713 713 713 713 805 805 805 805 805 805 806 806 806 806 806 806 803 803 803 803 803 803 802 802 802 802 802 802 803 803 803 803 803 803 806 806 806 806 806 806 805 805 805 805 805 805 806 806 806 806 806 806 802 802 802 802 802 802 804 804 804 804 804 804 807 807 807 807 807 807 704 704 704 704 704 704 805 805 805 805 805 805 807 807 807 807 807 807 688 688 688 688 688 688 704 704 704 704 704 704 806 806 806 806 806 806 808 808 808 808 808 808 805 805 805 805 805 805 807 807 807 807 807 807 805 805 805 805 805 805 808 808 808 808 808 808 688 688 688 688 688 688 807 807 807 807 807 807 809 809 809 809 809 809 809 809 809 809 809 809 807 807 807 807 807 807 808 808 808 808 808 808 685 685 685 685 685 685 688 688 688 688 688 688 809 809 809 809 809 809 685 685 685 685 685 685 809 809 809 809 809 809 689 689 689 689 689 689 809 809 809 809 809 809 808 808 808 808 808 808 810 810 810 810 810 810 689 689 689 689 689 689 809 809 809 809 809 809 810 810 810 810 810 810 806 806 806 806 806 806 811 811 811 811 811 811 808 808 808 808 808 808 811 811 811 811 811 811 810 810 810 810 810 810 808 808 808 808 808 808 811 811 811 811 811 811 806 806 806 806 806 806 804 804 804 804 804 804 689 689 689 689 689 689 810 810 810 810 810 810 812 812 812 812 812 812 812 812 812 812 812 812 810 810 810 810 810 810 811 811 811 811 811 811 692 692 692 692 692 692 689 689 689 689 689 689 812 812 812 812 812 812 813 813 813 813 813 813 811 811 811 811 811 811 804 804 804 804 804 804 692 692 692 692 692 692 812 812 812 812 812 812 814 814 814 814 814 814 679 679 679 679 679 679 692 692 692 692 692 692 814 814 814 814 814 814 815 815 815 815 815 815 812 812 812 812 812 812 811 811 811 811 811 811 811 811 811 811 811 811 813 813 813 813 813 813 815 815 815 815 815 815 814 814 814 814 814 814 812 812 812 812 812 812 815 815 815 815 815 815 813 813 813 813 813 813 804 804 804 804 804 804 816 816 816 816 816 816 817 817 817 817 817 817 814 814 814 814 814 814 815 815 815 815 815 815 813 813 813 813 813 813 818 818 818 818 818 818 815 815 815 815 815 815 818 818 818 818 818 818 817 817 817 817 817 817 815 815 815 815 815 815 813 813 813 813 813 813 816 816 816 816 816 816 818 818 818 818 818 818 817 817 817 817 817 817 819 819 819 819 819 819 814 814 814 814 814 814 819 819 819 819 819 819 817 817 817 817 817 817 818 818 818 818 818 818 679 679 679 679 679 679 814 814 814 814 814 814 820 820 820 820 820 820 679 679 679 679 679 679 820 820 820 820 820 820 670 670 670 670 670 670 670 670 670 670 670 670 820 820 820 820 820 820 668 668 668 668 668 668 820 820 820 820 820 820 821 821 821 821 821 821 668 668 668 668 668 668 821 821 821 821 821 821 820 820 820 820 820 820 822 822 822 822 822 822 814 814 814 814 814 814 823 823 823 823 823 823 820 820 820 820 820 820 820 820 820 820 820 820 823 823 823 823 823 823 822 822 822 822 822 822 819 819 819 819 819 819 823 823 823 823 823 823 814 814 814 814 814 814 822 822 822 822 822 822 823 823 823 823 823 823 819 819 819 819 819 819 824 824 824 824 824 824 822 822 822 822 822 822 819 819 819 819 819 819 824 824 824 824 824 824 819 819 819 819 819 819 825 825 825 825 825 825 825 825 825 825 825 825 819 819 819 819 819 819 818 818 818 818 818 818 826 826 826 826 826 826 824 824 824 824 824 824 825 825 825 825 825 825 826 826 826 826 826 826 825 825 825 825 825 825 827 827 827 827 827 827 825 825 825 825 825 825 818 818 818 818 818 818 828 828 828 828 828 828 825 825 825 825 825 825 828 828 828 828 828 828 827 827 827 827 827 827 818 818 818 818 818 818 829 829 829 829 829 829 828 828 828 828 828 828 816 816 816 816 816 816 829 829 829 829 829 829 818 818 818 818 818 818 827 827 827 827 827 827 828 828 828 828 828 828 830 830 830 830 830 830 831 831 831 831 831 831 827 827 827 827 827 827 830 830 830 830 830 830 828 828 828 828 828 828 829 829 829 829 829 829 832 832 832 832 832 832 830 830 830 830 830 830 828 828 828 828 828 828 832 832 832 832 832 832 832 832 832 832 832 832 829 829 829 829 829 829 816 816 816 816 816 816 831 831 831 831 831 831 830 830 830 830 830 830 833 833 833 833 833 833 833 833 833 833 833 833 830 830 830 830 830 830 832 832 832 832 832 832 779 779 779 779 779 779 831 831 831 831 831 831 833 833 833 833 833 833 779 779 779 779 779 779 833 833 833 833 833 833 778 778 778 778 778 778 834 834 834 834 834 834 832 832 832 832 832 832 816 816 816 816 816 816 834 834 834 834 834 834 816 816 816 816 816 816 804 804 804 804 804 804 801 801 801 801 801 801 834 834 834 834 834 834 804 804 804 804 804 804 800 800 800 800 800 800 834 834 834 834 834 834 801 801 801 801 801 801 835 835 835 835 835 835 833 833 833 833 833 833 832 832 832 832 832 832 835 835 835 835 835 835 832 832 832 832 832 832 834 834 834 834 834 834 778 778 778 778 778 778 833 833 833 833 833 833 835 835 835 835 835 835 800 800 800 800 800 800 835 835 835 835 835 835 834 834 834 834 834 834 836 836 836 836 836 836 778 778 778 778 778 778 835 835 835 835 835 835 836 836 836 836 836 836 835 835 835 835 835 835 800 800 800 800 800 800 836 836 836 836 836 836 777 777 777 777 777 777 778 778 778 778 778 778 783 783 783 783 783 783 836 836 836 836 836 836 800 800 800 800 800 800 836 836 836 836 836 836 783 783 783 783 783 783 777 777 777 777 777 777 837 837 837 837 837 837 838 838 838 838 838 838 839 839 839 839 839 839 840 840 840 840 840 840 837 837 837 837 837 837 839 839 839 839 839 839 839 839 839 839 839 839 841 841 841 841 841 841 840 840 840 840 840 840 842 842 842 842 842 842 837 837 837 837 837 837 840 840 840 840 840 840 841 841 841 841 841 841 843 843 843 843 843 843 840 840 840 840 840 840 844 844 844 844 844 844 842 842 842 842 842 842 840 840 840 840 840 840 840 840 840 840 840 840 843 843 843 843 843 843 844 844 844 844 844 844 845 845 845 845 845 845 842 842 842 842 842 842 844 844 844 844 844 844 843 843 843 843 843 843 846 846 846 846 846 846 844 844 844 844 844 844 844 844 844 844 844 844 846 846 846 846 846 846 847 847 847 847 847 847 847 847 847 847 847 847 845 845 845 845 845 845 844 844 844 844 844 844 846 846 846 846 846 846 848 848 848 848 848 848 847 847 847 847 847 847 847 847 847 847 847 847 849 849 849 849 849 849 845 845 845 845 845 845 847 847 847 847 847 847 848 848 848 848 848 848 849 849 849 849 849 849 848 848 848 848 848 848 850 850 850 850 850 850 849 849 849 849 849 849 849 849 849 849 849 849 851 851 851 851 851 851 845 845 845 845 845 845 849 849 849 849 849 849 850 850 850 850 850 850 852 852 852 852 852 852 849 849 849 849 849 849 853 853 853 853 853 853 851 851 851 851 851 851 853 853 853 853 853 853 849 849 849 849 849 849 852 852 852 852 852 852 853 853 853 853 853 853 854 854 854 854 854 854 851 851 851 851 851 851 853 853 853 853 853 853 852 852 852 852 852 852 855 855 855 855 855 855 853 853 853 853 853 853 856 856 856 856 856 856 854 854 854 854 854 854 856 856 856 856 856 856 853 853 853 853 853 853 855 855 855 855 855 855 856 856 856 856 856 856 857 857 857 857 857 857 854 854 854 854 854 854 856 856 856 856 856 856 855 855 855 855 855 855 858 858 858 858 858 858 856 856 856 856 856 856 859 859 859 859 859 859 857 857 857 857 857 857 859 859 859 859 859 859 856 856 856 856 856 856 858 858 858 858 858 858 859 859 859 859 859 859 860 860 860 860 860 860 857 857 857 857 857 857 859 859 859 859 859 859 858 858 858 858 858 858 861 861 861 861 861 861 859 859 859 859 859 859 862 862 862 862 862 862 860 860 860 860 860 860 862 862 862 862 862 862 859 859 859 859 859 859 861 861 861 861 861 861 862 862 862 862 862 862 863 863 863 863 863 863 860 860 860 860 860 860 862 862 862 862 862 862 861 861 861 861 861 861 864 864 864 864 864 864 862 862 862 862 862 862 865 865 865 865 865 865 863 863 863 863 863 863 865 865 865 865 865 865 862 862 862 862 862 862 864 864 864 864 864 864 865 865 865 865 865 865 866 866 866 866 866 866 863 863 863 863 863 863 867 867 867 867 867 867 866 866 866 866 866 866 865 865 865 865 865 865 868 868 868 868 868 868 867 867 867 867 867 867 865 865 865 865 865 865 865 865 865 865 865 865 864 864 864 864 864 864 868 868 868 868 868 868 864 864 864 864 864 864 869 869 869 869 869 869 868 868 868 868 868 868 870 870 870 870 870 870 871 871 871 871 871 871 872 872 872 872 872 872 871 871 871 871 871 871 873 873 873 873 873 873 872 872 872 872 872 872 871 871 871 871 871 871 874 874 874 874 874 874 873 873 873 873 873 873 872 872 872 872 872 872 873 873 873 873 873 873 875 875 875 875 875 875 874 874 874 874 874 874 876 876 876 876 876 876 873 873 873 873 873 873 873 873 873 873 873 873 877 877 877 877 877 877 875 875 875 875 875 875 873 873 873 873 873 873 876 876 876 876 876 876 877 877 877 877 877 877 877 877 877 877 877 877 878 878 878 878 878 878 875 875 875 875 875 875 878 878 878 878 878 878 879 879 879 879 879 879 875 875 875 875 875 875 876 876 876 876 876 876 880 880 880 880 880 880 877 877 877 877 877 877 878 878 878 878 878 878 881 881 881 881 881 881 879 879 879 879 879 879 881 881 881 881 881 881 882 882 882 882 882 882 879 879 879 879 879 879 883 883 883 883 883 883 882 882 882 882 882 882 881 881 881 881 881 881 878 878 878 878 878 878 877 877 877 877 877 877 884 884 884 884 884 884 877 877 877 877 877 877 880 880 880 880 880 880 884 884 884 884 884 884 878 878 878 878 878 878 884 884 884 884 884 884 881 881 881 881 881 881 885 885 885 885 885 885 880 880 880 880 880 880 876 876 876 876 876 876 880 880 880 880 880 880 885 885 885 885 885 885 884 884 884 884 884 884 886 886 886 886 886 886 876 876 876 876 876 876 874 874 874 874 874 874 886 886 886 886 886 886 885 885 885 885 885 885 876 876 876 876 876 876 887 887 887 887 887 887 886 886 886 886 886 886 874 874 874 874 874 874 887 887 887 887 887 887 888 888 888 888 888 888 886 886 886 886 886 886 885 885 885 885 885 885 889 889 889 889 889 889 884 884 884 884 884 884 888 888 888 888 888 888 890 890 890 890 890 890 886 886 886 886 886 886 891 891 891 891 891 891 885 885 885 885 885 885 886 886 886 886 886 886 890 890 890 890 890 890 891 891 891 891 891 891 886 886 886 886 886 886 889 889 889 889 889 889 885 885 885 885 885 885 891 891 891 891 891 891 892 892 892 892 892 892 890 890 890 890 890 890 888 888 888 888 888 888 891 891 891 891 891 891 890 890 890 890 890 890 892 892 892 892 892 892 893 893 893 893 893 893 892 892 892 892 892 892 888 888 888 888 888 888 884 884 884 884 884 884 889 889 889 889 889 889 894 894 894 894 894 894 884 884 884 884 884 884 894 894 894 894 894 894 881 881 881 881 881 881 892 892 892 892 892 892 893 893 893 893 893 893 895 895 895 895 895 895 893 893 893 893 893 893 896 896 896 896 896 896 895 895 895 895 895 895 889 889 889 889 889 889 897 897 897 897 897 897 894 894 894 894 894 894 895 895 895 895 895 895 896 896 896 896 896 896 898 898 898 898 898 898 896 896 896 896 896 896 899 899 899 899 899 899 898 898 898 898 898 898 897 897 897 897 897 897 889 889 889 889 889 889 900 900 900 900 900 900 900 900 900 900 900 900 889 889 889 889 889 889 891 891 891 891 891 891 898 898 898 898 898 898 899 899 899 899 899 899 901 901 901 901 901 901 899 899 899 899 899 899 902 902 902 902 902 902 901 901 901 901 901 901 895 895 895 895 895 895 898 898 898 898 898 898 903 903 903 903 903 903 903 903 903 903 903 903 898 898 898 898 898 898 901 901 901 901 901 901 901 901 901 901 901 901 902 902 902 902 902 902 904 904 904 904 904 904 902 902 902 902 902 902 905 905 905 905 905 905 904 904 904 904 904 904 906 906 906 906 906 906 903 903 903 903 903 903 901 901 901 901 901 901 906 906 906 906 906 906 901 901 901 901 901 901 904 904 904 904 904 904 907 907 907 907 907 907 895 895 895 895 895 895 903 903 903 903 903 903 892 892 892 892 892 892 895 895 895 895 895 895 907 907 907 907 907 907 908 908 908 908 908 908 903 903 903 903 903 903 906 906 906 906 906 906 909 909 909 909 909 909 892 892 892 892 892 892 907 907 907 907 907 907 909 909 909 909 909 909 891 891 891 891 891 891 892 892 892 892 892 892 910 910 910 910 910 910 907 907 907 907 907 907 903 903 903 903 903 903 908 908 908 908 908 908 910 910 910 910 910 910 903 903 903 903 903 903 907 907 907 907 907 907 911 911 911 911 911 911 909 909 909 909 909 909 911 911 911 911 911 911 907 907 907 907 907 907 910 910 910 910 910 910 909 909 909 909 909 909 912 912 912 912 912 912 891 891 891 891 891 891 909 909 909 909 909 909 911 911 911 911 911 911 912 912 912 912 912 912 912 912 912 912 912 912 900 900 900 900 900 900 891 891 891 891 891 891 911 911 911 911 911 911 910 910 910 910 910 910 913 913 913 913 913 913 913 913 913 913 913 913 910 910 910 910 910 910 908 908 908 908 908 908 914 914 914 914 914 914 900 900 900 900 900 900 912 912 912 912 912 912 914 914 914 914 914 914 897 897 897 897 897 897 900 900 900 900 900 900 915 915 915 915 915 915 912 912 912 912 912 912 911 911 911 911 911 911 915 915 915 915 915 915 914 914 914 914 914 914 912 912 912 912 912 912 916 916 916 916 916 916 911 911 911 911 911 911 913 913 913 913 913 913 916 916 916 916 916 916 915 915 915 915 915 915 911 911 911 911 911 911 917 917 917 917 917 917 897 897 897 897 897 897 914 914 914 914 914 914 918 918 918 918 918 918 914 914 914 914 914 914 915 915 915 915 915 915 918 918 918 918 918 918 917 917 917 917 917 917 914 914 914 914 914 914 919 919 919 919 919 919 915 915 915 915 915 915 916 916 916 916 916 916 919 919 919 919 919 919 918 918 918 918 918 918 915 915 915 915 915 915 897 897 897 897 897 897 917 917 917 917 917 917 920 920 920 920 920 920 894 894 894 894 894 894 897 897 897 897 897 897 920 920 920 920 920 920 881 881 881 881 881 881 894 894 894 894 894 894 920 920 920 920 920 920 921 921 921 921 921 921 917 917 917 917 917 917 918 918 918 918 918 918 922 922 922 922 922 922 881 881 881 881 881 881 920 920 920 920 920 920 922 922 922 922 922 922 883 883 883 883 883 883 881 881 881 881 881 881 923 923 923 923 923 923 883 883 883 883 883 883 922 922 922 922 922 922 924 924 924 924 924 924 923 923 923 923 923 923 922 922 922 922 922 922 922 922 922 922 922 922 920 920 920 920 920 920 924 924 924 924 924 924 923 923 923 923 923 923 924 924 924 924 924 924 925 925 925 925 925 925 920 920 920 920 920 920 917 917 917 917 917 917 926 926 926 926 926 926 920 920 920 920 920 920 926 926 926 926 926 926 924 924 924 924 924 924 917 917 917 917 917 917 921 921 921 921 921 921 926 926 926 926 926 926 924 924 924 924 924 924 927 927 927 927 927 927 925 925 925 925 925 925 924 924 924 924 924 924 926 926 926 926 926 926 927 927 927 927 927 927 925 925 925 925 925 925 927 927 927 927 927 927 928 928 928 928 928 928 926 926 926 926 926 926 921 921 921 921 921 921 929 929 929 929 929 929 927 927 927 927 927 927 930 930 930 930 930 930 928 928 928 928 928 928 926 926 926 926 926 926 931 931 931 931 931 931 927 927 927 927 927 927 927 927 927 927 927 927 931 931 931 931 931 931 930 930 930 930 930 930 931 931 931 931 931 931 926 926 926 926 926 926 929 929 929 929 929 929 928 928 928 928 928 928 930 930 930 930 930 930 932 932 932 932 932 932 933 933 933 933 933 933 934 934 934 934 934 934 932 932 932 932 932 932 935 935 935 935 935 935 933 933 933 933 933 933 932 932 932 932 932 932 930 930 930 930 930 930 935 935 935 935 935 935 932 932 932 932 932 932 933 933 933 933 933 933 935 935 935 935 935 935 936 936 936 936 936 936 935 935 935 935 935 935 930 930 930 930 930 930 937 937 937 937 937 937 935 935 935 935 935 935 937 937 937 937 937 937 936 936 936 936 936 936 931 931 931 931 931 931 938 938 938 938 938 938 930 930 930 930 930 930 930 930 930 930 930 930 938 938 938 938 938 938 937 937 937 937 937 937 938 938 938 938 938 938 931 931 931 931 931 931 939 939 939 939 939 939 938 938 938 938 938 938 939 939 939 939 939 939 937 937 937 937 937 937 931 931 931 931 931 931 929 929 929 929 929 929 939 939 939 939 939 939 937 937 937 937 937 937 940 940 940 940 940 940 936 936 936 936 936 936 939 939 939 939 939 939 940 940 940 940 940 940 937 937 937 937 937 937 940 940 940 940 940 940 941 941 941 941 941 941 936 936 936 936 936 936 942 942 942 942 942 942 941 941 941 941 941 941 940 940 940 940 940 940 939 939 939 939 939 939 943 943 943 943 943 943 940 940 940 940 940 940 939 939 939 939 939 939 929 929 929 929 929 929 943 943 943 943 943 943 944 944 944 944 944 944 942 942 942 942 942 942 940 940 940 940 940 940 943 943 943 943 943 943 944 944 944 944 944 944 940 940 940 940 940 940 945 945 945 945 945 945 942 942 942 942 942 942 944 944 944 944 944 944 946 946 946 946 946 946 945 945 945 945 945 945 944 944 944 944 944 944 946 946 946 946 946 946 944 944 944 944 944 944 943 943 943 943 943 943 945 945 945 945 945 945 946 946 946 946 946 946 947 947 947 947 947 947 929 929 929 929 929 929 948 948 948 948 948 948 943 943 943 943 943 943 946 946 946 946 946 946 949 949 949 949 949 949 947 947 947 947 947 947 947 947 947 947 947 947 949 949 949 949 949 949 950 950 950 950 950 950 951 951 951 951 951 951 946 946 946 946 946 946 943 943 943 943 943 943 946 946 946 946 946 946 951 951 951 951 951 951 949 949 949 949 949 949 951 951 951 951 951 951 943 943 943 943 943 943 948 948 948 948 948 948 949 949 949 949 949 949 952 952 952 952 952 952 950 950 950 950 950 950 950 950 950 950 950 950 952 952 952 952 952 952 953 953 953 953 953 953 951 951 951 951 951 951 954 954 954 954 954 954 949 949 949 949 949 949 952 952 952 952 952 952 955 955 955 955 955 955 953 953 953 953 953 953 953 953 953 953 953 953 955 955 955 955 955 955 956 956 956 956 956 956 952 952 952 952 952 952 949 949 949 949 949 949 957 957 957 957 957 957 952 952 952 952 952 952 957 957 957 957 957 957 955 955 955 955 955 955 949 949 949 949 949 949 954 954 954 954 954 954 957 957 957 957 957 957 955 955 955 955 955 955 958 958 958 958 958 958 956 956 956 956 956 956 956 956 956 956 956 956 958 958 958 958 958 958 959 959 959 959 959 959 957 957 957 957 957 957 960 960 960 960 960 960 955 955 955 955 955 955 955 955 955 955 955 955 960 960 960 960 960 960 958 958 958 958 958 958 958 958 958 958 958 958 961 961 961 961 961 961 959 959 959 959 959 959 962 962 962 962 962 962 959 959 959 959 959 959 961 961 961 961 961 961 960 960 960 960 960 960 963 963 963 963 963 963 958 958 958 958 958 958 964 964 964 964 964 964 962 962 962 962 962 962 961 961 961 961 961 961 962 962 962 962 962 962 964 964 964 964 964 964 965 965 965 965 965 965 961 961 961 961 961 961 958 958 958 958 958 958 966 966 966 966 966 966 964 964 964 964 964 964 961 961 961 961 961 961 966 966 966 966 966 966 958 958 958 958 958 958 963 963 963 963 963 963 966 966 966 966 966 966 964 964 964 964 964 964 967 967 967 967 967 967 965 965 965 965 965 965 960 960 960 960 960 960 968 968 968 968 968 968 963 963 963 963 963 963 960 960 960 960 960 960 957 957 957 957 957 957 968 968 968 968 968 968 965 965 965 965 965 965 967 967 967 967 967 967 969 969 969 969 969 969 970 970 970 970 970 970 965 965 965 965 965 965 969 969 969 969 969 969 971 971 971 971 971 971 970 970 970 970 970 970 969 969 969 969 969 969 972 972 972 972 972 972 971 971 971 971 971 971 969 969 969 969 969 969 973 973 973 973 973 973 972 972 972 972 972 972 969 969 969 969 969 969 973 973 973 973 973 973 969 969 969 969 969 969 974 974 974 974 974 974 974 974 974 974 974 974 969 969 969 969 969 969 967 967 967 967 967 967 975 975 975 975 975 975 973 973 973 973 973 973 974 974 974 974 974 974 976 976 976 976 976 976 974 974 974 974 974 974 967 967 967 967 967 967 967 967 967 967 967 967 964 964 964 964 964 964 976 976 976 976 976 976 977 977 977 977 977 977 975 975 975 975 975 975 974 974 974 974 974 974 976 976 976 976 976 976 977 977 977 977 977 977 974 974 974 974 974 974 978 978 978 978 978 978 975 975 975 975 975 975 977 977 977 977 977 977 975 975 975 975 975 975 978 978 978 978 978 978 979 979 979 979 979 979 977 977 977 977 977 977 976 976 976 976 976 976 980 980 980 980 980 980 978 978 978 978 978 978 977 977 977 977 977 977 980 980 980 980 980 980 964 964 964 964 964 964 981 981 981 981 981 981 976 976 976 976 976 976 980 980 980 980 980 980 976 976 976 976 976 976 981 981 981 981 981 981 981 981 981 981 981 981 964 964 964 964 964 964 966 966 966 966 966 966 979 979 979 979 979 979 978 978 978 978 978 978 982 982 982 982 982 982 982 982 982 982 982 982 978 978 978 978 978 978 980 980 980 980 980 980 983 983 983 983 983 983 979 979 979 979 979 979 982 982 982 982 982 982 983 983 983 983 983 983 982 982 982 982 982 982 984 984 984 984 984 984 985 985 985 985 985 985 980 980 980 980 980 980 981 981 981 981 981 981 982 982 982 982 982 982 986 986 986 986 986 986 984 984 984 984 984 984 984 984 984 984 984 984 986 986 986 986 986 986 987 987 987 987 987 987 988 988 988 988 988 988 982 982 982 982 982 982 980 980 980 980 980 980 980 980 980 980 980 980 985 985 985 985 985 985 988 988 988 988 988 988 982 982 982 982 982 982 988 988 988 988 988 988 989 989 989 989 989 989 986 986 986 986 986 986 982 982 982 982 982 982 989 989 989 989 989 989 985 985 985 985 985 985 990 990 990 990 990 990 988 988 988 988 988 988 989 989 989 989 989 989 988 988 988 988 988 988 990 990 990 990 990 990 991 991 991 991 991 991 985 985 985 985 985 985 981 981 981 981 981 981 985 985 985 985 985 985 991 991 991 991 991 991 990 990 990 990 990 990 966 966 966 966 966 966 991 991 991 991 991 991 981 981 981 981 981 981 991 991 991 991 991 991 966 966 966 966 966 966 963 963 963 963 963 963 992 992 992 992 992 992 991 991 991 991 991 991 963 963 963 963 963 963 968 968 968 968 968 968 992 992 992 992 992 992 963 963 963 963 963 963 992 992 992 992 992 992 993 993 993 993 993 993 991 991 991 991 991 991 992 992 992 992 992 992 968 968 968 968 968 968 993 993 993 993 993 993 991 991 991 991 991 991 994 994 994 994 994 994 990 990 990 990 990 990 993 993 993 993 993 993 994 994 994 994 994 994 991 991 991 991 991 991 995 995 995 995 995 995 990 990 990 990 990 990 994 994 994 994 994 994 995 995 995 995 995 995 989 989 989 989 989 989 990 990 990 990 990 990 994 994 994 994 994 994 993 993 993 993 993 993 996 996 996 996 996 996 996 996 996 996 996 996 995 995 995 995 995 995 994 994 994 994 994 994 997 997 997 997 997 997 989 989 989 989 989 989 995 995 995 995 995 995 989 989 989 989 989 989 997 997 997 997 997 997 986 986 986 986 986 986 995 995 995 995 995 995 996 996 996 996 996 996 998 998 998 998 998 998 998 998 998 998 998 998 997 997 997 997 997 997 995 995 995 995 995 995 986 986 986 986 986 986 999 999 999 999 999 999 987 987 987 987 987 987 997 997 997 997 997 997 999 999 999 999 999 999 986 986 986 986 986 986 1000 1000 1000 1000 1000 1000 987 987 987 987 987 987 999 999 999 999 999 999 1001 1001 1001 1001 1001 1001 1000 1000 1000 1000 1000 1000 999 999 999 999 999 999 1001 1001 1001 1001 1001 1001 999 999 999 999 999 999 997 997 997 997 997 997 1000 1000 1000 1000 1000 1000 1001 1001 1001 1001 1001 1001 1002 1002 1002 1002 1002 1002 1001 1001 1001 1001 1001 1001 1003 1003 1003 1003 1003 1003 1002 1002 1002 1002 1002 1002 1002 1002 1002 1002 1002 1002 1003 1003 1003 1003 1003 1003 1004 1004 1004 1004 1004 1004 1005 1005 1005 1005 1005 1005 1001 1001 1001 1001 1001 1001 997 997 997 997 997 997 1001 1001 1001 1001 1001 1001 1005 1005 1005 1005 1005 1005 1003 1003 1003 1003 1003 1003 1005 1005 1005 1005 1005 1005 997 997 997 997 997 997 1006 1006 1006 1006 1006 1006 997 997 997 997 997 997 998 998 998 998 998 998 1006 1006 1006 1006 1006 1006 1003 1003 1003 1003 1003 1003 1007 1007 1007 1007 1007 1007 1004 1004 1004 1004 1004 1004 1008 1008 1008 1008 1008 1008 1004 1004 1004 1004 1004 1004 1007 1007 1007 1007 1007 1007 1009 1009 1009 1009 1009 1009 1008 1008 1008 1008 1008 1008 1007 1007 1007 1007 1007 1007 1005 1005 1005 1005 1005 1005 1010 1010 1010 1010 1010 1010 1003 1003 1003 1003 1003 1003 1003 1003 1003 1003 1003 1003 1010 1010 1010 1010 1010 1010 1007 1007 1007 1007 1007 1007 1007 1007 1007 1007 1007 1007 1011 1011 1011 1011 1011 1011 1009 1009 1009 1009 1009 1009 1010 1010 1010 1010 1010 1010 1011 1011 1011 1011 1011 1011 1007 1007 1007 1007 1007 1007 1011 1011 1011 1011 1011 1011 1012 1012 1012 1012 1012 1012 1009 1009 1009 1009 1009 1009 1013 1013 1013 1013 1013 1013 1010 1010 1010 1010 1010 1010 1005 1005 1005 1005 1005 1005 1006 1006 1006 1006 1006 1006 1013 1013 1013 1013 1013 1013 1005 1005 1005 1005 1005 1005 1014 1014 1014 1014 1014 1014 1011 1011 1011 1011 1011 1011 1010 1010 1010 1010 1010 1010 1012 1012 1012 1012 1012 1012 1011 1011 1011 1011 1011 1011 1014 1014 1014 1014 1014 1014 1013 1013 1013 1013 1013 1013 1014 1014 1014 1014 1014 1014 1010 1010 1010 1010 1010 1010 1015 1015 1015 1015 1015 1015 1012 1012 1012 1012 1012 1012 1014 1014 1014 1014 1014 1014 1006 1006 1006 1006 1006 1006 1016 1016 1016 1016 1016 1016 1013 1013 1013 1013 1013 1013 1006 1006 1006 1006 1006 1006 998 998 998 998 998 998 1016 1016 1016 1016 1016 1016 1013 1013 1013 1013 1013 1013 1017 1017 1017 1017 1017 1017 1014 1014 1014 1014 1014 1014 1016 1016 1016 1016 1016 1016 1017 1017 1017 1017 1017 1017 1013 1013 1013 1013 1013 1013 1014 1014 1014 1014 1014 1014 1018 1018 1018 1018 1018 1018 1015 1015 1015 1015 1015 1015 1017 1017 1017 1017 1017 1017 1018 1018 1018 1018 1018 1018 1014 1014 1014 1014 1014 1014 1018 1018 1018 1018 1018 1018 1019 1019 1019 1019 1019 1019 1015 1015 1015 1015 1015 1015 1019 1019 1019 1019 1019 1019 1018 1018 1018 1018 1018 1018 905 905 905 905 905 905 1018 1018 1018 1018 1018 1018 904 904 904 904 904 904 905 905 905 905 905 905 1018 1018 1018 1018 1018 1018 1017 1017 1017 1017 1017 1017 904 904 904 904 904 904 1017 1017 1017 1017 1017 1017 1020 1020 1020 1020 1020 1020 904 904 904 904 904 904 1017 1017 1017 1017 1017 1017 1016 1016 1016 1016 1016 1016 1020 1020 1020 1020 1020 1020 1020 1020 1020 1020 1020 1020 906 906 906 906 906 906 904 904 904 904 904 904 998 998 998 998 998 998 1021 1021 1021 1021 1021 1021 1016 1016 1016 1016 1016 1016 996 996 996 996 996 996 1021 1021 1021 1021 1021 1021 998 998 998 998 998 998 1016 1016 1016 1016 1016 1016 1022 1022 1022 1022 1022 1022 1020 1020 1020 1020 1020 1020 1016 1016 1016 1016 1016 1016 1021 1021 1021 1021 1021 1021 1022 1022 1022 1022 1022 1022 1023 1023 1023 1023 1023 1023 906 906 906 906 906 906 1020 1020 1020 1020 1020 1020 1022 1022 1022 1022 1022 1022 1023 1023 1023 1023 1023 1023 1020 1020 1020 1020 1020 1020 1023 1023 1023 1023 1023 1023 908 908 908 908 908 908 906 906 906 906 906 906 1021 1021 1021 1021 1021 1021 1024 1024 1024 1024 1024 1024 1022 1022 1022 1022 1022 1022 1021 1021 1021 1021 1021 1021 996 996 996 996 996 996 1024 1024 1024 1024 1024 1024 1025 1025 1025 1025 1025 1025 1023 1023 1023 1023 1023 1023 1022 1022 1022 1022 1022 1022 1024 1024 1024 1024 1024 1024 1025 1025 1025 1025 1025 1025 1022 1022 1022 1022 1022 1022 1026 1026 1026 1026 1026 1026 908 908 908 908 908 908 1023 1023 1023 1023 1023 1023 1025 1025 1025 1025 1025 1025 1026 1026 1026 1026 1026 1026 1023 1023 1023 1023 1023 1023 1026 1026 1026 1026 1026 1026 913 913 913 913 913 913 908 908 908 908 908 908 996 996 996 996 996 996 1027 1027 1027 1027 1027 1027 1024 1024 1024 1024 1024 1024 993 993 993 993 993 993 1027 1027 1027 1027 1027 1027 996 996 996 996 996 996 1028 1028 1028 1028 1028 1028 1025 1025 1025 1025 1025 1025 1024 1024 1024 1024 1024 1024 1027 1027 1027 1027 1027 1027 1028 1028 1028 1028 1028 1028 1024 1024 1024 1024 1024 1024 993 993 993 993 993 993 1029 1029 1029 1029 1029 1029 1027 1027 1027 1027 1027 1027 1029 1029 1029 1029 1029 1029 1028 1028 1028 1028 1028 1028 1027 1027 1027 1027 1027 1027 968 968 968 968 968 968 1029 1029 1029 1029 1029 1029 993 993 993 993 993 993 1028 1028 1028 1028 1028 1028 1030 1030 1030 1030 1030 1030 1025 1025 1025 1025 1025 1025 1030 1030 1030 1030 1030 1030 1026 1026 1026 1026 1026 1026 1025 1025 1025 1025 1025 1025 1029 1029 1029 1029 1029 1029 1031 1031 1031 1031 1031 1031 1028 1028 1028 1028 1028 1028 1031 1031 1031 1031 1031 1031 1030 1030 1030 1030 1030 1030 1028 1028 1028 1028 1028 1028 968 968 968 968 968 968 1032 1032 1032 1032 1032 1032 1029 1029 1029 1029 1029 1029 1032 1032 1032 1032 1032 1032 1031 1031 1031 1031 1031 1031 1029 1029 1029 1029 1029 1029 957 957 957 957 957 957 1032 1032 1032 1032 1032 1032 968 968 968 968 968 968 1031 1031 1031 1031 1031 1031 1033 1033 1033 1033 1033 1033 1030 1030 1030 1030 1030 1030 1033 1033 1033 1033 1033 1033 1031 1031 1031 1031 1031 1031 1032 1032 1032 1032 1032 1032 1032 1032 1032 1032 1032 1032 957 957 957 957 957 957 1034 1034 1034 1034 1034 1034 1034 1034 1034 1034 1034 1034 1033 1033 1033 1033 1033 1033 1032 1032 1032 1032 1032 1032 957 957 957 957 957 957 954 954 954 954 954 954 1034 1034 1034 1034 1034 1034 1033 1033 1033 1033 1033 1033 1035 1035 1035 1035 1035 1035 1030 1030 1030 1030 1030 1030 1030 1030 1030 1030 1030 1030 1035 1035 1035 1035 1035 1035 1026 1026 1026 1026 1026 1026 1035 1035 1035 1035 1035 1035 913 913 913 913 913 913 1026 1026 1026 1026 1026 1026 916 916 916 916 916 916 913 913 913 913 913 913 1035 1035 1035 1035 1035 1035 1034 1034 1034 1034 1034 1034 1036 1036 1036 1036 1036 1036 1033 1033 1033 1033 1033 1033 1035 1035 1035 1035 1035 1035 1033 1033 1033 1033 1033 1033 1036 1036 1036 1036 1036 1036 1037 1037 1037 1037 1037 1037 916 916 916 916 916 916 1035 1035 1035 1035 1035 1035 1037 1037 1037 1037 1037 1037 1035 1035 1035 1035 1035 1035 1036 1036 1036 1036 1036 1036 1037 1037 1037 1037 1037 1037 919 919 919 919 919 919 916 916 916 916 916 916 1036 1036 1036 1036 1036 1036 1038 1038 1038 1038 1038 1038 1037 1037 1037 1037 1037 1037 1038 1038 1038 1038 1038 1038 919 919 919 919 919 919 1037 1037 1037 1037 1037 1037 1036 1036 1036 1036 1036 1036 1034 1034 1034 1034 1034 1034 1039 1039 1039 1039 1039 1039 1036 1036 1036 1036 1036 1036 1039 1039 1039 1039 1039 1039 1038 1038 1038 1038 1038 1038 1039 1039 1039 1039 1039 1039 1034 1034 1034 1034 1034 1034 954 954 954 954 954 954 951 951 951 951 951 951 1039 1039 1039 1039 1039 1039 954 954 954 954 954 954 1039 1039 1039 1039 1039 1039 951 951 951 951 951 951 948 948 948 948 948 948 1038 1038 1038 1038 1038 1038 1040 1040 1040 1040 1040 1040 919 919 919 919 919 919 1038 1038 1038 1038 1038 1038 1039 1039 1039 1039 1039 1039 1040 1040 1040 1040 1040 1040 1039 1039 1039 1039 1039 1039 948 948 948 948 948 948 1040 1040 1040 1040 1040 1040 1040 1040 1040 1040 1040 1040 918 918 918 918 918 918 919 919 919 919 919 919 1040 1040 1040 1040 1040 1040 948 948 948 948 948 948 929 929 929 929 929 929 1040 1040 1040 1040 1040 1040 921 921 921 921 921 921 918 918 918 918 918 918 921 921 921 921 921 921 1040 1040 1040 1040 1040 1040 929 929 929 929 929 929 1041 1041 1041 1041 1041 1041 1042 1042 1042 1042 1042 1042 1043 1043 1043 1043 1043 1043 1044 1044 1044 1044 1044 1044 1041 1041 1041 1041 1041 1041 1043 1043 1043 1043 1043 1043 1041 1041 1041 1041 1041 1041 1044 1044 1044 1044 1044 1044 1045 1045 1045 1045 1045 1045 1044 1044 1044 1044 1044 1044 1043 1043 1043 1043 1043 1043 1046 1046 1046 1046 1046 1046 1044 1044 1044 1044 1044 1044 1047 1047 1047 1047 1047 1047 1045 1045 1045 1045 1045 1045 1048 1048 1048 1048 1048 1048 1044 1044 1044 1044 1044 1044 1046 1046 1046 1046 1046 1046 1044 1044 1044 1044 1044 1044 1048 1048 1048 1048 1048 1048 1047 1047 1047 1047 1047 1047 1048 1048 1048 1048 1048 1048 1046 1046 1046 1046 1046 1046 1049 1049 1049 1049 1049 1049 1046 1046 1046 1046 1046 1046 1050 1050 1050 1050 1050 1050 1049 1049 1049 1049 1049 1049 1049 1049 1049 1049 1049 1049 1050 1050 1050 1050 1050 1050 1051 1051 1051 1051 1051 1051 1048 1048 1048 1048 1048 1048 1052 1052 1052 1052 1052 1052 1047 1047 1047 1047 1047 1047 1048 1048 1048 1048 1048 1048 1049 1049 1049 1049 1049 1049 1052 1052 1052 1052 1052 1052 1047 1047 1047 1047 1047 1047 1053 1053 1053 1053 1053 1053 1045 1045 1045 1045 1045 1045 1053 1053 1053 1053 1053 1053 1054 1054 1054 1054 1054 1054 1045 1045 1045 1045 1045 1045 1052 1052 1052 1052 1052 1052 1055 1055 1055 1055 1055 1055 1047 1047 1047 1047 1047 1047 1055 1055 1055 1055 1055 1055 1053 1053 1053 1053 1053 1053 1047 1047 1047 1047 1047 1047 1053 1053 1053 1053 1053 1053 1056 1056 1056 1056 1056 1056 1054 1054 1054 1054 1054 1054 1056 1056 1056 1056 1056 1056 1057 1057 1057 1057 1057 1057 1054 1054 1054 1054 1054 1054 1058 1058 1058 1058 1058 1058 1059 1059 1059 1059 1059 1059 1057 1057 1057 1057 1057 1057 1056 1056 1056 1056 1056 1056 1058 1058 1058 1058 1058 1058 1057 1057 1057 1057 1057 1057 1060 1060 1060 1060 1060 1060 1058 1058 1058 1058 1058 1058 1056 1056 1056 1056 1056 1056 1061 1061 1061 1061 1061 1061 1056 1056 1056 1056 1056 1056 1053 1053 1053 1053 1053 1053 1061 1061 1061 1061 1061 1061 1060 1060 1060 1060 1060 1060 1056 1056 1056 1056 1056 1056 1055 1055 1055 1055 1055 1055 1061 1061 1061 1061 1061 1061 1053 1053 1053 1053 1053 1053 1062 1062 1062 1062 1062 1062 1060 1060 1060 1060 1060 1060 1061 1061 1061 1061 1061 1061 1063 1063 1063 1063 1063 1063 1061 1061 1061 1061 1061 1061 1055 1055 1055 1055 1055 1055 1063 1063 1063 1063 1063 1063 1062 1062 1062 1062 1062 1062 1061 1061 1061 1061 1061 1061 1052 1052 1052 1052 1052 1052 1064 1064 1064 1064 1064 1064 1055 1055 1055 1055 1055 1055 1049 1049 1049 1049 1049 1049 1064 1064 1064 1064 1064 1064 1052 1052 1052 1052 1052 1052 1065 1065 1065 1065 1065 1065 1063 1063 1063 1063 1063 1063 1055 1055 1055 1055 1055 1055 1064 1064 1064 1064 1064 1064 1065 1065 1065 1065 1065 1065 1055 1055 1055 1055 1055 1055 1063 1063 1063 1063 1063 1063 1066 1066 1066 1066 1066 1066 1062 1062 1062 1062 1062 1062 1066 1066 1066 1066 1066 1066 1063 1063 1063 1063 1063 1063 1065 1065 1065 1065 1065 1065 1066 1066 1066 1066 1066 1066 1067 1067 1067 1067 1067 1067 1062 1062 1062 1062 1062 1062 1068 1068 1068 1068 1068 1068 1065 1065 1065 1065 1065 1065 1064 1064 1064 1064 1064 1064 1068 1068 1068 1068 1068 1068 1066 1066 1066 1066 1066 1066 1065 1065 1065 1065 1065 1065 1066 1066 1066 1066 1066 1066 1069 1069 1069 1069 1069 1069 1067 1067 1067 1067 1067 1067 1069 1069 1069 1069 1069 1069 1066 1066 1066 1066 1066 1066 1068 1068 1068 1068 1068 1068 1069 1069 1069 1069 1069 1069 1070 1070 1070 1070 1070 1070 1067 1067 1067 1067 1067 1067 1071 1071 1071 1071 1071 1071 1070 1070 1070 1070 1070 1070 1069 1069 1069 1069 1069 1069 1072 1072 1072 1072 1072 1072 1071 1071 1071 1071 1071 1071 1069 1069 1069 1069 1069 1069 1072 1072 1072 1072 1072 1072 1069 1069 1069 1069 1069 1069 1073 1073 1073 1073 1073 1073 1073 1073 1073 1073 1073 1073 1069 1069 1069 1069 1069 1069 1068 1068 1068 1068 1068 1068 1074 1074 1074 1074 1074 1074 1072 1072 1072 1072 1072 1072 1073 1073 1073 1073 1073 1073 1075 1075 1075 1075 1075 1075 1068 1068 1068 1068 1068 1068 1064 1064 1064 1064 1064 1064 1073 1073 1073 1073 1073 1073 1068 1068 1068 1068 1068 1068 1075 1075 1075 1075 1075 1075 1075 1075 1075 1075 1075 1075 1064 1064 1064 1064 1064 1064 1049 1049 1049 1049 1049 1049 1074 1074 1074 1074 1074 1074 1073 1073 1073 1073 1073 1073 1076 1076 1076 1076 1076 1076 1076 1076 1076 1076 1076 1076 1073 1073 1073 1073 1073 1073 1075 1075 1075 1075 1075 1075 1077 1077 1077 1077 1077 1077 1074 1074 1074 1074 1074 1074 1076 1076 1076 1076 1076 1076 1078 1078 1078 1078 1078 1078 1075 1075 1075 1075 1075 1075 1049 1049 1049 1049 1049 1049 1076 1076 1076 1076 1076 1076 1075 1075 1075 1075 1075 1075 1078 1078 1078 1078 1078 1078 1078 1078 1078 1078 1078 1078 1049 1049 1049 1049 1049 1049 1051 1051 1051 1051 1051 1051 1078 1078 1078 1078 1078 1078 1051 1051 1051 1051 1051 1051 1079 1079 1079 1079 1079 1079 1077 1077 1077 1077 1077 1077 1076 1076 1076 1076 1076 1076 1080 1080 1080 1080 1080 1080 1080 1080 1080 1080 1080 1080 1076 1076 1076 1076 1076 1076 1078 1078 1078 1078 1078 1078 1080 1080 1080 1080 1080 1080 1078 1078 1078 1078 1078 1078 1079 1079 1079 1079 1079 1079 1081 1081 1081 1081 1081 1081 1077 1077 1077 1077 1077 1077 1080 1080 1080 1080 1080 1080 1080 1080 1080 1080 1080 1080 1079 1079 1079 1079 1079 1079 1082 1082 1082 1082 1082 1082 1081 1081 1081 1081 1081 1081 1080 1080 1080 1080 1080 1080 1082 1082 1082 1082 1082 1082 1083 1083 1083 1083 1083 1083 1084 1084 1084 1084 1084 1084 1085 1085 1085 1085 1085 1085 1084 1084 1084 1084 1084 1084 1083 1083 1083 1083 1083 1083 1086 1086 1086 1086 1086 1086 1084 1084 1084 1084 1084 1084 1086 1086 1086 1086 1086 1086 1087 1087 1087 1087 1087 1087 390 390 390 390 390 390 1086 1086 1086 1086 1086 1086 1083 1083 1083 1083 1083 1083 1086 1086 1086 1086 1086 1086 1088 1088 1088 1088 1088 1088 1087 1087 1087 1087 1087 1087 1086 1086 1086 1086 1086 1086 390 390 390 390 390 390 1089 1089 1089 1089 1089 1089 1086 1086 1086 1086 1086 1086 1089 1089 1089 1089 1089 1089 1088 1088 1088 1088 1088 1088 1089 1089 1089 1089 1089 1089 390 390 390 390 390 390 396 396 396 396 396 396 1089 1089 1089 1089 1089 1089 1090 1090 1090 1090 1090 1090 1088 1088 1088 1088 1088 1088 1091 1091 1091 1091 1091 1091 1089 1089 1089 1089 1089 1089 396 396 396 396 396 396 1091 1091 1091 1091 1091 1091 1090 1090 1090 1090 1090 1090 1089 1089 1089 1089 1089 1089 398 398 398 398 398 398 1091 1091 1091 1091 1091 1091 396 396 396 396 396 396 1090 1090 1090 1090 1090 1090 1091 1091 1091 1091 1091 1091 426 426 426 426 426 426 421 421 421 421 421 421 1091 1091 1091 1091 1091 1091 398 398 398 398 398 398 1091 1091 1091 1091 1091 1091 421 421 421 421 421 421 426 426 426 426 426 426 1092 1092 1092 1092 1092 1092 1093 1093 1093 1093 1093 1093 1094 1094 1094 1094 1094 1094 1095 1095 1095 1095 1095 1095 1092 1092 1092 1092 1092 1092 1094 1094 1094 1094 1094 1094 1095 1095 1095 1095 1095 1095 1094 1094 1094 1094 1094 1094 1096 1096 1096 1096 1096 1096 1097 1097 1097 1097 1097 1097 1092 1092 1092 1092 1092 1092 1095 1095 1095 1095 1095 1095 1098 1098 1098 1098 1098 1098 1095 1095 1095 1095 1095 1095 1096 1096 1096 1096 1096 1096 1098 1098 1098 1098 1098 1098 1096 1096 1096 1096 1096 1096 1099 1099 1099 1099 1099 1099 1100 1100 1100 1100 1100 1100 1097 1097 1097 1097 1097 1097 1095 1095 1095 1095 1095 1095 1100 1100 1100 1100 1100 1100 1095 1095 1095 1095 1095 1095 1098 1098 1098 1098 1098 1098 1097 1097 1097 1097 1097 1097 1100 1100 1100 1100 1100 1100 1101 1101 1101 1101 1101 1101 1102 1102 1102 1102 1102 1102 1097 1097 1097 1097 1097 1097 1101 1101 1101 1101 1101 1101 1102 1102 1102 1102 1102 1102 1101 1101 1101 1101 1101 1101 1103 1103 1103 1103 1103 1103 1101 1101 1101 1101 1101 1101 1104 1104 1104 1104 1104 1104 1103 1103 1103 1103 1103 1103 1100 1100 1100 1100 1100 1100 1105 1105 1105 1105 1105 1105 1101 1101 1101 1101 1101 1101 1105 1105 1105 1105 1105 1105 1100 1100 1100 1100 1100 1100 1098 1098 1098 1098 1098 1098 1101 1101 1101 1101 1101 1101 1106 1106 1106 1106 1106 1106 1104 1104 1104 1104 1104 1104 1105 1105 1105 1105 1105 1105 1106 1106 1106 1106 1106 1106 1101 1101 1101 1101 1101 1101 1106 1106 1106 1106 1106 1106 1107 1107 1107 1107 1107 1107 1104 1104 1104 1104 1104 1104 1108 1108 1108 1108 1108 1108 1105 1105 1105 1105 1105 1105 1098 1098 1098 1098 1098 1098 1106 1106 1106 1106 1106 1106 1105 1105 1105 1105 1105 1105 1108 1108 1108 1108 1108 1108 1106 1106 1106 1106 1106 1106 1109 1109 1109 1109 1109 1109 1107 1107 1107 1107 1107 1107 1106 1106 1106 1106 1106 1106 1108 1108 1108 1108 1108 1108 1109 1109 1109 1109 1109 1109 1109 1109 1109 1109 1109 1109 1110 1110 1110 1110 1110 1110 1107 1107 1107 1107 1107 1107 1110 1110 1110 1110 1110 1110 1109 1109 1109 1109 1109 1109 1111 1111 1111 1111 1111 1111 1112 1112 1112 1112 1112 1112 1108 1108 1108 1108 1108 1108 1098 1098 1098 1098 1098 1098 1112 1112 1112 1112 1112 1112 1098 1098 1098 1098 1098 1098 1099 1099 1099 1099 1099 1099 1112 1112 1112 1112 1112 1112 1099 1099 1099 1099 1099 1099 1113 1113 1113 1113 1113 1113 1114 1114 1114 1114 1114 1114 1112 1112 1112 1112 1112 1112 1113 1113 1113 1113 1113 1113 1112 1112 1112 1112 1112 1112 1114 1114 1114 1114 1114 1114 1108 1108 1108 1108 1108 1108 1114 1114 1114 1114 1114 1114 1113 1113 1113 1113 1113 1113 1115 1115 1115 1115 1115 1115 1108 1108 1108 1108 1108 1108 1116 1116 1116 1116 1116 1116 1109 1109 1109 1109 1109 1109 1114 1114 1114 1114 1114 1114 1116 1116 1116 1116 1116 1116 1108 1108 1108 1108 1108 1108 1109 1109 1109 1109 1109 1109 1117 1117 1117 1117 1117 1117 1111 1111 1111 1111 1111 1111 1109 1109 1109 1109 1109 1109 1116 1116 1116 1116 1116 1116 1117 1117 1117 1117 1117 1117 1111 1111 1111 1111 1111 1111 1117 1117 1117 1117 1117 1117 1118 1118 1118 1118 1118 1118 1117 1117 1117 1117 1117 1117 1119 1119 1119 1119 1119 1119 1118 1118 1118 1118 1118 1118 1116 1116 1116 1116 1116 1116 1114 1114 1114 1114 1114 1114 1120 1120 1120 1120 1120 1120 1120 1120 1120 1120 1120 1120 1114 1114 1114 1114 1114 1114 1115 1115 1115 1115 1115 1115 1116 1116 1116 1116 1116 1116 1121 1121 1121 1121 1121 1121 1117 1117 1117 1117 1117 1117 1117 1117 1117 1117 1117 1117 1121 1121 1121 1121 1121 1121 1119 1119 1119 1119 1119 1119 1121 1121 1121 1121 1121 1121 1116 1116 1116 1116 1116 1116 1120 1120 1120 1120 1120 1120 1121 1121 1121 1121 1121 1121 1122 1122 1122 1122 1122 1122 1119 1119 1119 1119 1119 1119 1123 1123 1123 1123 1123 1123 1122 1122 1122 1122 1122 1122 1121 1121 1121 1121 1121 1121 1120 1120 1120 1120 1120 1120 1123 1123 1123 1123 1123 1123 1121 1121 1121 1121 1121 1121 1123 1123 1123 1123 1123 1123 1120 1120 1120 1120 1120 1120 1115 1115 1115 1115 1115 1115 1124 1124 1124 1124 1124 1124 1123 1123 1123 1123 1123 1123 1115 1115 1115 1115 1115 1115 1125 1125 1125 1125 1125 1125 1126 1126 1126 1126 1126 1126 1127 1127 1127 1127 1127 1127 1126 1126 1126 1126 1126 1126 1128 1128 1128 1128 1128 1128 1127 1127 1127 1127 1127 1127 1127 1127 1127 1127 1127 1127 1128 1128 1128 1128 1128 1128 1129 1129 1129 1129 1129 1129 1126 1126 1126 1126 1126 1126 1130 1130 1130 1130 1130 1130 1128 1128 1128 1128 1128 1128 1128 1128 1128 1128 1128 1128 1131 1131 1131 1131 1131 1131 1129 1129 1129 1129 1129 1129 1129 1129 1129 1129 1129 1129 1131 1131 1131 1131 1131 1131 1132 1132 1132 1132 1132 1132 1130 1130 1130 1130 1130 1130 1133 1133 1133 1133 1133 1133 1128 1128 1128 1128 1128 1128 1128 1128 1128 1128 1128 1128 1133 1133 1133 1133 1133 1133 1131 1131 1131 1131 1131 1131 1134 1134 1134 1134 1134 1134 1133 1133 1133 1133 1133 1133 1130 1130 1130 1130 1130 1130 1135 1135 1135 1135 1135 1135 1134 1134 1134 1134 1134 1134 1130 1130 1130 1130 1130 1130 1134 1134 1134 1134 1134 1134 1135 1135 1135 1135 1135 1135 1136 1136 1136 1136 1136 1136 1137 1137 1137 1137 1137 1137 1134 1134 1134 1134 1134 1134 1136 1136 1136 1136 1136 1136 1138 1138 1138 1138 1138 1138 1133 1133 1133 1133 1133 1133 1134 1134 1134 1134 1134 1134 1133 1133 1133 1133 1133 1133 1138 1138 1138 1138 1138 1138 1131 1131 1131 1131 1131 1131 1139 1139 1139 1139 1139 1139 1134 1134 1134 1134 1134 1134 1137 1137 1137 1137 1137 1137 1139 1139 1139 1139 1139 1139 1138 1138 1138 1138 1138 1138 1134 1134 1134 1134 1134 1134 1140 1140 1140 1140 1140 1140 1139 1139 1139 1139 1139 1139 1137 1137 1137 1137 1137 1137 1131 1131 1131 1131 1131 1131 1138 1138 1138 1138 1138 1138 1141 1141 1141 1141 1141 1141 1139 1139 1139 1139 1139 1139 1141 1141 1141 1141 1141 1141 1138 1138 1138 1138 1138 1138 1142 1142 1142 1142 1142 1142 1139 1139 1139 1139 1139 1139 1140 1140 1140 1140 1140 1140 1139 1139 1139 1139 1139 1139 1142 1142 1142 1142 1142 1142 1141 1141 1141 1141 1141 1141 1143 1143 1143 1143 1143 1143 1142 1142 1142 1142 1142 1142 1140 1140 1140 1140 1140 1140 1143 1143 1143 1143 1143 1143 1144 1144 1144 1144 1144 1144 1142 1142 1142 1142 1142 1142 1145 1145 1145 1145 1145 1145 1131 1131 1131 1131 1131 1131 1141 1141 1141 1141 1141 1141 1131 1131 1131 1131 1131 1131 1145 1145 1145 1145 1145 1145 1132 1132 1132 1132 1132 1132 1132 1132 1132 1132 1132 1132 1145 1145 1145 1145 1145 1145 1146 1146 1146 1146 1146 1146 1145 1145 1145 1145 1145 1145 1147 1147 1147 1147 1147 1147 1146 1146 1146 1146 1146 1146 1147 1147 1147 1147 1147 1147 1145 1145 1145 1145 1145 1145 1141 1141 1141 1141 1141 1141 1146 1146 1146 1146 1146 1146 1147 1147 1147 1147 1147 1147 1148 1148 1148 1148 1148 1148 1149 1149 1149 1149 1149 1149 1147 1147 1147 1147 1147 1147 1141 1141 1141 1141 1141 1141 1142 1142 1142 1142 1142 1142 1149 1149 1149 1149 1149 1149 1141 1141 1141 1141 1141 1141 1147 1147 1147 1147 1147 1147 1150 1150 1150 1150 1150 1150 1148 1148 1148 1148 1148 1148 1147 1147 1147 1147 1147 1147 1149 1149 1149 1149 1149 1149 1150 1150 1150 1150 1150 1150 1151 1151 1151 1151 1151 1151 1148 1148 1148 1148 1148 1148 1152 1152 1152 1152 1152 1152 1148 1148 1148 1148 1148 1148 1150 1150 1150 1150 1150 1150 1152 1152 1152 1152 1152 1152 1152 1152 1152 1152 1152 1152 1150 1150 1150 1150 1150 1150 1153 1153 1153 1153 1153 1153 1149 1149 1149 1149 1149 1149 1153 1153 1153 1153 1153 1153 1150 1150 1150 1150 1150 1150 1154 1154 1154 1154 1154 1154 1152 1152 1152 1152 1152 1152 1153 1153 1153 1153 1153 1153 1155 1155 1155 1155 1155 1155 1154 1154 1154 1154 1154 1154 1153 1153 1153 1153 1153 1153 1156 1156 1156 1156 1156 1156 1153 1153 1153 1153 1153 1153 1149 1149 1149 1149 1149 1149 1156 1156 1156 1156 1156 1156 1155 1155 1155 1155 1155 1155 1153 1153 1153 1153 1153 1153 1142 1142 1142 1142 1142 1142 1156 1156 1156 1156 1156 1156 1149 1149 1149 1149 1149 1149 1144 1144 1144 1144 1144 1144 1156 1156 1156 1156 1156 1156 1142 1142 1142 1142 1142 1142 1157 1157 1157 1157 1157 1157 1155 1155 1155 1155 1155 1155 1156 1156 1156 1156 1156 1156 1144 1144 1144 1144 1144 1144 1157 1157 1157 1157 1157 1157 1156 1156 1156 1156 1156 1156 1158 1158 1158 1158 1158 1158 1159 1159 1159 1159 1159 1159 1160 1160 1160 1160 1160 1160 1159 1159 1159 1159 1159 1159 1161 1161 1161 1161 1161 1161 1160 1160 1160 1160 1160 1160 1162 1162 1162 1162 1162 1162 1161 1161 1161 1161 1161 1161 1163 1163 1163 1163 1163 1163 1161 1161 1161 1161 1161 1161 1162 1162 1162 1162 1162 1162 1160 1160 1160 1160 1160 1160 1160 1160 1160 1160 1160 1160 1162 1162 1162 1162 1162 1162 1164 1164 1164 1164 1164 1164 1164 1164 1164 1164 1164 1164 1165 1165 1165 1165 1165 1165 1160 1160 1160 1160 1160 1160 1162 1162 1162 1162 1162 1162 1166 1166 1166 1166 1166 1166 1164 1164 1164 1164 1164 1164 1165 1165 1165 1165 1165 1165 1164 1164 1164 1164 1164 1164 1167 1167 1167 1167 1167 1167 1164 1164 1164 1164 1164 1164 1166 1166 1166 1166 1166 1166 1167 1167 1167 1167 1167 1167 1168 1168 1168 1168 1168 1168 1169 1169 1169 1169 1169 1169 1170 1170 1170 1170 1170 1170 1169 1169 1169 1169 1169 1169 1168 1168 1168 1168 1168 1168 1171 1171 1171 1171 1171 1171 1171 1171 1171 1171 1171 1171 1172 1172 1172 1172 1172 1172 1173 1173 1173 1173 1173 1173 1168 1168 1168 1168 1168 1168 1172 1172 1172 1172 1172 1172 1171 1171 1171 1171 1171 1171 1174 1174 1174 1174 1174 1174 1168 1168 1168 1168 1168 1168 1175 1175 1175 1175 1175 1175 1168 1168 1168 1168 1168 1168 1174 1174 1174 1174 1174 1174 1172 1172 1172 1172 1172 1172 1172 1172 1172 1172 1172 1172 1176 1176 1176 1176 1176 1176 1177 1177 1177 1177 1177 1177 1174 1174 1174 1174 1174 1174 1176 1176 1176 1176 1176 1176 1172 1172 1172 1172 1172 1172 1176 1176 1176 1176 1176 1176 1178 1178 1178 1178 1178 1178 1179 1179 1179 1179 1179 1179 1178 1178 1178 1178 1178 1178 1176 1176 1176 1176 1176 1176 1174 1174 1174 1174 1174 1174 1180 1180 1180 1180 1180 1180 1174 1174 1174 1174 1174 1174 1181 1181 1181 1181 1181 1181 1180 1180 1180 1180 1180 1180 1178 1178 1178 1178 1178 1178 1174 1174 1174 1174 1174 1174 1178 1178 1178 1178 1178 1178 1182 1182 1182 1182 1182 1182 1183 1183 1183 1183 1183 1183 1182 1182 1182 1182 1182 1182 1178 1178 1178 1178 1178 1178 1180 1180 1180 1180 1180 1180 1182 1182 1182 1182 1182 1182 1184 1184 1184 1184 1184 1184 1185 1185 1185 1185 1185 1185 1186 1186 1186 1186 1186 1186 1182 1182 1182 1182 1182 1182 1180 1180 1180 1180 1180 1180 1184 1184 1184 1184 1184 1184 1182 1182 1182 1182 1182 1182 1186 1186 1186 1186 1186 1186 1186 1186 1186 1186 1186 1186 1180 1180 1180 1180 1180 1180 1187 1187 1187 1187 1187 1187 1188 1188 1188 1188 1188 1188 1184 1184 1184 1184 1184 1184 1186 1186 1186 1186 1186 1186 1188 1188 1188 1188 1188 1188 1186 1186 1186 1186 1186 1186 1189 1189 1189 1189 1189 1189 1190 1190 1190 1190 1190 1190 1191 1191 1191 1191 1191 1191 1192 1192 1192 1192 1192 1192 1191 1191 1191 1191 1191 1191 1190 1190 1190 1190 1190 1190 1193 1193 1193 1193 1193 1193 1194 1194 1194 1194 1194 1194 1193 1193 1193 1193 1193 1193 1195 1195 1195 1195 1195 1195 1194 1194 1194 1194 1194 1194 1191 1191 1191 1191 1191 1191 1193 1193 1193 1193 1193 1193 1191 1191 1191 1191 1191 1191 1196 1196 1196 1196 1196 1196 1197 1197 1197 1197 1197 1197 1196 1196 1196 1196 1196 1196 1191 1191 1191 1191 1191 1191 1194 1194 1194 1194 1194 1194 1198 1198 1198 1198 1198 1198 1194 1194 1194 1194 1194 1194 1199 1199 1199 1199 1199 1199 1198 1198 1198 1198 1198 1198 1196 1196 1196 1196 1196 1196 1194 1194 1194 1194 1194 1194 1200 1200 1200 1200 1200 1200 1198 1198 1198 1198 1198 1198 1201 1201 1201 1201 1201 1201 1198 1198 1198 1198 1198 1198 1200 1200 1200 1200 1200 1200 1196 1196 1196 1196 1196 1196 1196 1196 1196 1196 1196 1196 1202 1202 1202 1202 1202 1202 1203 1203 1203 1203 1203 1203 1200 1200 1200 1200 1200 1200 1202 1202 1202 1202 1202 1202 1196 1196 1196 1196 1196 1196 1204 1204 1204 1204 1204 1204 1200 1200 1200 1200 1200 1200 1205 1205 1205 1205 1205 1205 1200 1200 1200 1200 1200 1200 1204 1204 1204 1204 1204 1204 1202 1202 1202 1202 1202 1202 1206 1206 1206 1206 1206 1206 1204 1204 1204 1204 1204 1204 1207 1207 1207 1207 1207 1207 1206 1206 1206 1206 1206 1206 1208 1208 1208 1208 1208 1208 1204 1204 1204 1204 1204 1204 1204 1204 1204 1204 1204 1204 1209 1209 1209 1209 1209 1209 1202 1202 1202 1202 1202 1202 1208 1208 1208 1208 1208 1208 1209 1209 1209 1209 1209 1209 1204 1204 1204 1204 1204 1204 1202 1202 1202 1202 1202 1202 1209 1209 1209 1209 1209 1209 1210 1210 1210 1210 1210 1210 1209 1209 1209 1209 1209 1209 1208 1208 1208 1208 1208 1208 1211 1211 1211 1211 1211 1211 1212 1212 1212 1212 1212 1212 1213 1213 1213 1213 1213 1213 1214 1214 1214 1214 1214 1214 1215 1215 1215 1215 1215 1215 1212 1212 1212 1212 1212 1212 1214 1214 1214 1214 1214 1214 1215 1215 1215 1215 1215 1215 1214 1214 1214 1214 1214 1214 1216 1216 1216 1216 1216 1216 1212 1212 1212 1212 1212 1212 1215 1215 1215 1215 1215 1215 1217 1217 1217 1217 1217 1217 1218 1218 1218 1218 1218 1218 1212 1212 1212 1212 1212 1212 1217 1217 1217 1217 1217 1217 1218 1218 1218 1218 1218 1218 1217 1217 1217 1217 1217 1217 1219 1219 1219 1219 1219 1219 1220 1220 1220 1220 1220 1220 1215 1215 1215 1215 1215 1215 1216 1216 1216 1216 1216 1216 1220 1220 1220 1220 1220 1220 1217 1217 1217 1217 1217 1217 1215 1215 1215 1215 1215 1215 1216 1216 1216 1216 1216 1216 1221 1221 1221 1221 1221 1221 1222 1222 1222 1222 1222 1222 1220 1220 1220 1220 1220 1220 1216 1216 1216 1216 1216 1216 1222 1222 1222 1222 1222 1222 1223 1223 1223 1223 1223 1223 1220 1220 1220 1220 1220 1220 1222 1222 1222 1222 1222 1222 1224 1224 1224 1224 1224 1224 1219 1219 1219 1219 1219 1219 1217 1217 1217 1217 1217 1217 1217 1217 1217 1217 1217 1217 1220 1220 1220 1220 1220 1220 1224 1224 1224 1224 1224 1224 1220 1220 1220 1220 1220 1220 1223 1223 1223 1223 1223 1223 1224 1224 1224 1224 1224 1224 1219 1219 1219 1219 1219 1219 1224 1224 1224 1224 1224 1224 1225 1225 1225 1225 1225 1225 1223 1223 1223 1223 1223 1223 1226 1226 1226 1226 1226 1226 1224 1224 1224 1224 1224 1224 1227 1227 1227 1227 1227 1227 1225 1225 1225 1225 1225 1225 1224 1224 1224 1224 1224 1224 1226 1226 1226 1226 1226 1226 1227 1227 1227 1227 1227 1227 1224 1224 1224 1224 1224 1224 1225 1225 1225 1225 1225 1225 1227 1227 1227 1227 1227 1227 1228 1228 1228 1228 1228 1228 1227 1227 1227 1227 1227 1227 1226 1226 1226 1226 1226 1226 1229 1229 1229 1229 1229 1229 1230 1230 1230 1230 1230 1230 1228 1228 1228 1228 1228 1228 1227 1227 1227 1227 1227 1227 1230 1230 1230 1230 1230 1230 1227 1227 1227 1227 1227 1227 1229 1229 1229 1229 1229 1229 1228 1228 1228 1228 1228 1228 1230 1230 1230 1230 1230 1230 1231 1231 1231 1231 1231 1231 1230 1230 1230 1230 1230 1230 1232 1232 1232 1232 1232 1232 1231 1231 1231 1231 1231 1231 1233 1233 1233 1233 1233 1233 1230 1230 1230 1230 1230 1230 1229 1229 1229 1229 1229 1229 1232 1232 1232 1232 1232 1232 1230 1230 1230 1230 1230 1230 1233 1233 1233 1233 1233 1233 1234 1234 1234 1234 1234 1234 1233 1233 1233 1233 1233 1233 1229 1229 1229 1229 1229 1229 1233 1233 1233 1233 1233 1233 1235 1235 1235 1235 1235 1235 1232 1232 1232 1232 1232 1232 1233 1233 1233 1233 1233 1233 1234 1234 1234 1234 1234 1234 1236 1236 1236 1236 1236 1236 1235 1235 1235 1235 1235 1235 1233 1233 1233 1233 1233 1233 1236 1236 1236 1236 1236 1236 1234 1234 1234 1234 1234 1234 1237 1237 1237 1237 1237 1237 1236 1236 1236 1236 1236 1236 1236 1236 1236 1236 1236 1236 1238 1238 1238 1238 1238 1238 1235 1235 1235 1235 1235 1235 1237 1237 1237 1237 1237 1237 1239 1239 1239 1239 1239 1239 1236 1236 1236 1236 1236 1236 1239 1239 1239 1239 1239 1239 1237 1237 1237 1237 1237 1237 1240 1240 1240 1240 1240 1240 1238 1238 1238 1238 1238 1238 1236 1236 1236 1236 1236 1236 1241 1241 1241 1241 1241 1241 1239 1239 1239 1239 1239 1239 1241 1241 1241 1241 1241 1241 1236 1236 1236 1236 1236 1236 1242 1242 1242 1242 1242 1242 1238 1238 1238 1238 1238 1238 1241 1241 1241 1241 1241 1241 1243 1243 1243 1243 1243 1243 1242 1242 1242 1242 1242 1242 1241 1241 1241 1241 1241 1241 1239 1239 1239 1239 1239 1239 1240 1240 1240 1240 1240 1240 1244 1244 1244 1244 1244 1244 1240 1240 1240 1240 1240 1240 1245 1245 1245 1245 1245 1245 1244 1244 1244 1244 1244 1244 1241 1241 1241 1241 1241 1241 1239 1239 1239 1239 1239 1239 1246 1246 1246 1246 1246 1246 1239 1239 1239 1239 1239 1239 1244 1244 1244 1244 1244 1244 1246 1246 1246 1246 1246 1246 1246 1246 1246 1246 1246 1246 1243 1243 1243 1243 1243 1243 1241 1241 1241 1241 1241 1241 1244 1244 1244 1244 1244 1244 1247 1247 1247 1247 1247 1247 1246 1246 1246 1246 1246 1246 1246 1246 1246 1246 1246 1246 1247 1247 1247 1247 1247 1247 1243 1243 1243 1243 1243 1243 1247 1247 1247 1247 1247 1247 1248 1248 1248 1248 1248 1248 1243 1243 1243 1243 1243 1243 1249 1249 1249 1249 1249 1249 1250 1250 1250 1250 1250 1250 1251 1251 1251 1251 1251 1251 1252 1252 1252 1252 1252 1252 1249 1249 1249 1249 1249 1249 1251 1251 1251 1251 1251 1251 1253 1253 1253 1253 1253 1253 1249 1249 1249 1249 1249 1249 1252 1252 1252 1252 1252 1252 1252 1252 1252 1252 1252 1252 1251 1251 1251 1251 1251 1251 1254 1254 1254 1254 1254 1254 1251 1251 1251 1251 1251 1251 1255 1255 1255 1255 1255 1255 1254 1254 1254 1254 1254 1254 1256 1256 1256 1256 1256 1256 1253 1253 1253 1253 1253 1253 1252 1252 1252 1252 1252 1252 1257 1257 1257 1257 1257 1257 1253 1253 1253 1253 1253 1253 1256 1256 1256 1256 1256 1256 1252 1252 1252 1252 1252 1252 1254 1254 1254 1254 1254 1254 1258 1258 1258 1258 1258 1258 1256 1256 1256 1256 1256 1256 1252 1252 1252 1252 1252 1252 1258 1258 1258 1258 1258 1258 1254 1254 1254 1254 1254 1254 1255 1255 1255 1255 1255 1255 1259 1259 1259 1259 1259 1259 1255 1255 1255 1255 1255 1255 1260 1260 1260 1260 1260 1260 1259 1259 1259 1259 1259 1259 1258 1258 1258 1258 1258 1258 1254 1254 1254 1254 1254 1254 1261 1261 1261 1261 1261 1261 1254 1254 1254 1254 1254 1254 1259 1259 1259 1259 1259 1259 1261 1261 1261 1261 1261 1261 1259 1259 1259 1259 1259 1259 1260 1260 1260 1260 1260 1260 1262 1262 1262 1262 1262 1262 1260 1260 1260 1260 1260 1260 1263 1263 1263 1263 1263 1263 1262 1262 1262 1262 1262 1262 1262 1262 1262 1262 1262 1262 1263 1263 1263 1263 1263 1263 1264 1264 1264 1264 1264 1264 1265 1265 1265 1265 1265 1265 1262 1262 1262 1262 1262 1262 1264 1264 1264 1264 1264 1264 1259 1259 1259 1259 1259 1259 1262 1262 1262 1262 1262 1262 1266 1266 1266 1266 1266 1266 1266 1266 1266 1266 1266 1266 1262 1262 1262 1262 1262 1262 1265 1265 1265 1265 1265 1265 1261 1261 1261 1261 1261 1261 1259 1259 1259 1259 1259 1259 1266 1266 1266 1266 1266 1266 1267 1267 1267 1267 1267 1267 1266 1266 1266 1266 1266 1266 1265 1265 1265 1265 1265 1265 1268 1268 1268 1268 1268 1268 1266 1266 1266 1266 1266 1266 1267 1267 1267 1267 1267 1267 1261 1261 1261 1261 1261 1261 1266 1266 1266 1266 1266 1266 1268 1268 1268 1268 1268 1268 1269 1269 1269 1269 1269 1269 1268 1268 1268 1268 1268 1268 1267 1267 1267 1267 1267 1267 1269 1269 1269 1269 1269 1269 1270 1270 1270 1270 1270 1270 1268 1268 1268 1268 1268 1268 1271 1271 1271 1271 1271 1271 1261 1261 1261 1261 1261 1261 1268 1268 1268 1268 1268 1268 1258 1258 1258 1258 1258 1258 1261 1261 1261 1261 1261 1261 1271 1271 1271 1271 1271 1271 1270 1270 1270 1270 1270 1270 1272 1272 1272 1272 1272 1272 1268 1268 1268 1268 1268 1268 1273 1273 1273 1273 1273 1273 1258 1258 1258 1258 1258 1258 1271 1271 1271 1271 1271 1271 1256 1256 1256 1256 1256 1256 1258 1258 1258 1258 1258 1258 1273 1273 1273 1273 1273 1273 1274 1274 1274 1274 1274 1274 1271 1271 1271 1271 1271 1271 1268 1268 1268 1268 1268 1268 1272 1272 1272 1272 1272 1272 1274 1274 1274 1274 1274 1274 1268 1268 1268 1268 1268 1268 1275 1275 1275 1275 1275 1275 1256 1256 1256 1256 1256 1256 1273 1273 1273 1273 1273 1273 1275 1275 1275 1275 1275 1275 1257 1257 1257 1257 1257 1257 1256 1256 1256 1256 1256 1256 1276 1276 1276 1276 1276 1276 1272 1272 1272 1272 1272 1272 1270 1270 1270 1270 1270 1270 1274 1274 1274 1274 1274 1274 1272 1272 1272 1272 1272 1272 1276 1276 1276 1276 1276 1276 1277 1277 1277 1277 1277 1277 1276 1276 1276 1276 1276 1276 1270 1270 1270 1270 1270 1270 1277 1277 1277 1277 1277 1277 1278 1278 1278 1278 1278 1278 1276 1276 1276 1276 1276 1276 1278 1278 1278 1278 1278 1278 1279 1279 1279 1279 1279 1279 1276 1276 1276 1276 1276 1276 1279 1279 1279 1279 1279 1279 1280 1280 1280 1280 1280 1280 1276 1276 1276 1276 1276 1276 1280 1280 1280 1280 1280 1280 1281 1281 1281 1281 1281 1281 1276 1276 1276 1276 1276 1276 1281 1281 1281 1281 1281 1281 1274 1274 1274 1274 1274 1274 1276 1276 1276 1276 1276 1276 1280 1280 1280 1280 1280 1280 1282 1282 1282 1282 1282 1282 1281 1281 1281 1281 1281 1281 1283 1283 1283 1283 1283 1283 1274 1274 1274 1274 1274 1274 1281 1281 1281 1281 1281 1281 1274 1274 1274 1274 1274 1274 1283 1283 1283 1283 1283 1283 1271 1271 1271 1271 1271 1271 1283 1283 1283 1283 1283 1283 1273 1273 1273 1273 1273 1273 1271 1271 1271 1271 1271 1271 1282 1282 1282 1282 1282 1282 1284 1284 1284 1284 1284 1284 1281 1281 1281 1281 1281 1281 1284 1284 1284 1284 1284 1284 1283 1283 1283 1283 1283 1283 1281 1281 1281 1281 1281 1281 1282 1282 1282 1282 1282 1282 1285 1285 1285 1285 1285 1285 1284 1284 1284 1284 1284 1284 1283 1283 1283 1283 1283 1283 1286 1286 1286 1286 1286 1286 1273 1273 1273 1273 1273 1273 1286 1286 1286 1286 1286 1286 1275 1275 1275 1275 1275 1275 1273 1273 1273 1273 1273 1273 1257 1257 1257 1257 1257 1257 1275 1275 1275 1275 1275 1275 1286 1286 1286 1286 1286 1286 1287 1287 1287 1287 1287 1287 1257 1257 1257 1257 1257 1257 1286 1286 1286 1286 1286 1286 1288 1288 1288 1288 1288 1288 1287 1287 1287 1287 1287 1287 1286 1286 1286 1286 1286 1286 1289 1289 1289 1289 1289 1289 1288 1288 1288 1288 1288 1288 1285 1285 1285 1285 1285 1285 1290 1290 1290 1290 1290 1290 1286 1286 1286 1286 1286 1286 1283 1283 1283 1283 1283 1283 1290 1290 1290 1290 1290 1290 1288 1288 1288 1288 1288 1288 1286 1286 1286 1286 1286 1286 1288 1288 1288 1288 1288 1288 1290 1290 1290 1290 1290 1290 1285 1285 1285 1285 1285 1285 1284 1284 1284 1284 1284 1284 1290 1290 1290 1290 1290 1290 1283 1283 1283 1283 1283 1283 1285 1285 1285 1285 1285 1285 1290 1290 1290 1290 1290 1290 1284 1284 1284 1284 1284 1284 1291 1291 1291 1291 1291 1291 1292 1292 1292 1292 1292 1292 1293 1293 1293 1293 1293 1293 1291 1291 1291 1291 1291 1291 1293 1293 1293 1293 1293 1293 1294 1294 1294 1294 1294 1294 1294 1294 1294 1294 1294 1294 1295 1295 1295 1295 1295 1295 1291 1291 1291 1291 1291 1291 1291 1291 1291 1291 1291 1291 1295 1295 1295 1295 1295 1295 1296 1296 1296 1296 1296 1296 1296 1296 1296 1296 1296 1296 1297 1297 1297 1297 1297 1297 1291 1291 1291 1291 1291 1291 1291 1291 1291 1291 1291 1291 1297 1297 1297 1297 1297 1297 1298 1298 1298 1298 1298 1298 1291 1291 1291 1291 1291 1291 1298 1298 1298 1298 1298 1298 1299 1299 1299 1299 1299 1299 1291 1291 1291 1291 1291 1291 1299 1299 1299 1299 1299 1299 1300 1300 1300 1300 1300 1300 1291 1291 1291 1291 1291 1291 1300 1300 1300 1300 1300 1300 1301 1301 1301 1301 1301 1301 1302 1302 1302 1302 1302 1302 1291 1291 1291 1291 1291 1291 1301 1301 1301 1301 1301 1301 1303 1303 1303 1303 1303 1303 1304 1304 1304 1304 1304 1304 1305 1305 1305 1305 1305 1305 1303 1303 1303 1303 1303 1303 1305 1305 1305 1305 1305 1305 1306 1306 1306 1306 1306 1306 1307 1307 1307 1307 1307 1307 1305 1305 1305 1305 1305 1305 1304 1304 1304 1304 1304 1304 1306 1306 1306 1306 1306 1306 1305 1305 1305 1305 1305 1305 1308 1308 1308 1308 1308 1308 1308 1308 1308 1308 1308 1308 1305 1305 1305 1305 1305 1305 1307 1307 1307 1307 1307 1307 1309 1309 1309 1309 1309 1309 1310 1310 1310 1310 1310 1310 1311 1311 1311 1311 1311 1311 1312 1312 1312 1312 1312 1312 1309 1309 1309 1309 1309 1309 1311 1311 1311 1311 1311 1311 1310 1310 1310 1310 1310 1310 1309 1309 1309 1309 1309 1309 1313 1313 1313 1313 1313 1313 1314 1314 1314 1314 1314 1314 1309 1309 1309 1309 1309 1309 1312 1312 1312 1312 1312 1312 1313 1313 1313 1313 1313 1313 1309 1309 1309 1309 1309 1309 1314 1314 1314 1314 1314 1314 1315 1315 1315 1315 1315 1315 1316 1316 1316 1316 1316 1316 1317 1317 1317 1317 1317 1317 1318 1318 1318 1318 1318 1318 1315 1315 1315 1315 1315 1315 1317 1317 1317 1317 1317 1317 1316 1316 1316 1316 1316 1316 1319 1319 1319 1319 1319 1319 1317 1317 1317 1317 1317 1317 1320 1320 1320 1320 1320 1320 1318 1318 1318 1318 1318 1318 1317 1317 1317 1317 1317 1317 1319 1319 1319 1319 1319 1319 1320 1320 1320 1320 1320 1320 1317 1317 1317 1317 1317 1317 1321 1321 1321 1321 1321 1321 1322 1322 1322 1322 1322 1322 1323 1323 1323 1323 1323 1323 1324 1324 1324 1324 1324 1324 1322 1322 1322 1322 1322 1322 1321 1321 1321 1321 1321 1321 1323 1323 1323 1323 1323 1323 1325 1325 1325 1325 1325 1325 1321 1321 1321 1321 1321 1321 1326 1326 1326 1326 1326 1326 1324 1324 1324 1324 1324 1324 1321 1321 1321 1321 1321 1321 1325 1325 1325 1325 1325 1325 1326 1326 1326 1326 1326 1326 1321 1321 1321 1321 1321 1321 1327 1327 1327 1327 1327 1327 1328 1328 1328 1328 1328 1328 1329 1329 1329 1329 1329 1329 1330 1330 1330 1330 1330 1330 1327 1327 1327 1327 1327 1327 1329 1329 1329 1329 1329 1329 1327 1327 1327 1327 1327 1327 1331 1331 1331 1331 1331 1331 1328 1328 1328 1328 1328 1328 1327 1327 1327 1327 1327 1327 1330 1330 1330 1330 1330 1330 1332 1332 1332 1332 1332 1332 1327 1327 1327 1327 1327 1327 1333 1333 1333 1333 1333 1333 1331 1331 1331 1331 1331 1331 1334 1334 1334 1334 1334 1334 1327 1327 1327 1327 1327 1327 1332 1332 1332 1332 1332 1332 1327 1327 1327 1327 1327 1327 1335 1335 1335 1335 1335 1335 1333 1333 1333 1333 1333 1333 1327 1327 1327 1327 1327 1327 1334 1334 1334 1334 1334 1334 1336 1336 1336 1336 1336 1336 1335 1335 1335 1335 1335 1335 1327 1327 1327 1327 1327 1327 1337 1337 1337 1337 1337 1337 1327 1327 1327 1327 1327 1327 1336 1336 1336 1336 1336 1336 1337 1337 1337 1337 1337 1337</p>
        </triangles>
      </mesh>
    </geometry>
    <geometry id="geom-tag__M_JKT023" name="tag__M_JKT023">
      <mesh>
        <source id="geom-tag__M_JKT023-positions">
          <float_array id="geom-tag__M_JKT023-positions-array" count="261">0.2507324 1.41263e-4 0.3757324 0.251709 7.21931e-4 0.375 0.2427979 0.00868988 0.3771973 0.2524414 0.008293152 0.3378906 0.2441406 0.01719666 0.3393555 0.2432861 0.009628296 0.376709 0.2314453 0.01217651 0.3776855 0.2324219 0.02082825 0.3398437 0.2314453 0.01325989 0.3771973 0.2198486 0.009658813 0.3769531 0.2203369 0.01820374 0.3391113 0.2194824 0.01063538 0.3764648 0.2111816 0.001819611 0.3752442 0.2113037 0.01004028 0.3371582 0.2104492 0.002470016 0.3745117 0.2077637 -0.009246826 0.3728027 0.2076416 -0.001484871 0.3347168 0.2067871 -0.009056091 0.3720703 0.2103271 -0.02056885 0.3706055 0.2104492 -0.01328278 0.3325195 0.2094727 -0.02084351 0.3696289 0.2183838 -0.02911377 0.3691406 0.21875 -0.02218628 0.3308105 0.2178955 -0.02975464 0.3681641 0.2297363 -0.03259277 0.3686523 0.2305908 -0.02581787 0.3303223 0.2296143 -0.03338623 0.3676758 0.241211 -0.03009033 0.3693848 0.2425537 -0.02319336 0.3312988 0.2416992 -0.03076172 0.3684082 0.2498779 -0.02224731 0.3710937 0.2514648 -0.01502991 0.3330078 0.2507324 -0.02259827 0.3703613 0.253418 -0.01118469 0.3735352 0.255127 -0.003503799 0.3354492 0.2543945 -0.01107025 0.3728027 0.2507324 1.41263e-4 0.3757324 0.2524414 0.008293152 0.3378906 0.251709 7.21931e-4 0.375 0.2507324 1.41263e-4 0.3757324 0.2427979 0.00868988 0.3771973 0.2305908 -0.01021576 0.3730469 0.253418 -0.01118469 0.3735352 0.2314453 0.01217651 0.3776855 0.2498779 -0.02224731 0.3710937 0.2198486 0.009658813 0.3769531 0.241211 -0.03009033 0.3693848 0.2111816 0.001819611 0.3752442 0.2297363 -0.03259277 0.3686523 0.2077637 -0.009246826 0.3728027 0.2183838 -0.02911377 0.3691406 0.2103271 -0.02056885 0.3706055 0.2531738 0.008705139 0.3374023 0.2432861 0.009628296 0.376709 0.2524414 4.78268e-4 0.3754883 0.2315674 0.01332855 0.3771973 0.2203369 0.01876831 0.3388672 0.21875 0.01070404 0.376709 0.2072754 -0.001422882 0.3347168 0.2087402 -0.02142334 0.3703613 0.2186279 -0.02246094 0.3305664 0.2420654 -0.03179932 0.3688965 0.2432861 -0.02346802 0.3308105 0.2524414 4.78268e-4 0.3754883 0.2420654 -0.03179932 0.3688965 0.2531738 0.008705139 0.3374023 0.2524414 4.78268e-4 0.3754883 0.2432861 0.009628296 0.376709 0.2420654 -0.03179932 0.3688965 0.2315674 0.01332855 0.3771973 0.21875 0.01070404 0.376709 0.2087402 -0.02142334 0.3703613 0.2543945 0.007797242 0.3359375 0.2524414 5.94139e-4 0.3754883 0.2427979 -0.03253174 0.3684082 0.2524414 5.94139e-4 0.3754883 0.2303467 0.01433563 0.378418 0.2427979 -0.03253174 0.3684082 0.2076416 -0.0209198 0.3713379 0.2543945 0.007797242 0.3359375 0.2303467 0.01433563 0.378418 0.2524414 5.94139e-4 0.3754883 0.2185059 0.01927185 0.3393555 0.2076416 -0.0209198 0.3713379 0.2181396 -0.02348328 0.3295898 0.2427979 -0.03253174 0.3684082 0.2543945 0.007797242 0.3359375</float_array>
          <technique_common>
            <accessor source="#geom-tag__M_JKT023-positions-array" count="87" stride="3">
              <param name="X" type="float"/>
              <param name="Y" type="float"/>
              <param name="Z" type="float"/>
            </accessor>
          </technique_common>
        </source>
        <source id="geom-tag__M_JKT023-normals">
          <float_array id="geom-tag__M_JKT023-normals-array" count="156">0.04888474 -0.1622995 0.9855298 0.8841206 0.4479277 0.1330106 0.01958907 -0.1312402 0.9911571 0.8846968 0.4521329 0.1135226 0.5328921 0.8267643 0.1802414 0.5324211 0.8221187 0.2016155 -0.01957714 -0.1194311 0.9926495 0.03916323 0.9790682 0.1997292 0.03718137 0.9745353 0.2211302 -0.06065366 -0.1271769 0.9900238 -0.4658566 0.8690778 0.1663775 -0.4658324 0.8651159 0.1859425 -0.09188985 -0.1564076 0.9834089 -0.8457243 0.5266215 0.08614078 -0.8456978 0.5226883 0.1076669 -0.1037791 -0.1958103 0.975135 -0.9989483 0.04309186 -0.01567006 -0.9992177 0.03910826 0.005865094 -0.09594259 -0.2349615 0.9672581 -0.8846955 -0.4521353 -0.1135232 -0.8850813 -0.4562474 -0.09202957 -0.06646208 -0.2658416 0.961723 -0.5328909 -0.8267649 -0.1802415 -0.5329394 -0.8307608 -0.1606616 -0.02542583 -0.2777306 0.9603225 -0.03916324 -0.9790682 -0.1997292 -0.03915729 -0.9828646 -0.1801223 0.0137046 -0.2682247 0.9632589 0.4658581 -0.8690776 -0.1663745 0.4658308 -0.8729399 -0.1448362 0.04504459 -0.2409062 0.9695026 0.8457253 -0.526621 -0.08613477 0.845239 -0.5302315 -0.06652477 0.05866563 -0.2014152 0.9777476 0.9989483 -0.04309193 0.01567008 0.9982744 -0.04697749 0.03523223 0.04888475 -0.1622996 0.98553 0.8846968 0.4521329 0.1135226 0.8841206 0.4479277 0.1330106 0.04888475 -0.1622996 0.98553 0.01958907 -0.1312402 0.9911571 -0.0234649 -0.1994457 0.979628 0.05866563 -0.2014152 0.9777476 -0.01957714 -0.1194311 0.9926496 0.04504459 -0.2409062 0.9695026 -0.06065366 -0.1271769 0.9900239 0.0137046 -0.2682247 0.963259 -0.09188985 -0.1564076 0.9834089 -0.02542583 -0.2777306 0.9603224 -0.1037791 -0.1958103 0.975135 -0.06646209 -0.2658417 0.961723 -0.0959426 -0.2349615 0.9672581</float_array>
          <technique_common>
            <accessor source="#geom-tag__M_JKT023-normals-array" count="52" stride="3">
              <param name="X" type="float"/>
              <param name="Y" type="float"/>
              <param name="Z" type="float"/>
            </accessor>
          </technique_common>
        </source>
        <source id="geom-tag__M_JKT023-map-2">
          <float_array id="geom-tag__M_JKT023-map-2-array" count="261">1 1 1 1 1 1 1 1 1 1 1 1 1 1 1 1 1 1 1 1 1 1 1 1 1 1 1 1 1 1 1 1 1 1 1 1 1 1 1 1 1 1 1 1 1 1 1 1 1 1 1 1 1 1 1 1 1 1 1 1 1 1 1 1 1 1 1 1 1 1 1 1 1 1 1 1 1 1 1 1 1 1 1 1 1 1 1 1 1 1 1 1 1 1 1 1 1 1 1 1 1 1 1 1 1 1 1 1 1 1 1 1 1 1 1 1 1 1 1 1 1 1 1 1 1 1 1 1 1 1 1 1 1 1 1 1 1 1 1 1 1 1 1 1 1 1 1 1 1 1 1 1 1 1 1 1 1 1 1 1 1 1 1 1 1 1 1 1 1 1 1 1 1 1 1 1 1 1 1 1 1 1 1 1 1 1 1 1 1 1 1 1 1 1 1 1 1 1 1 1 1 1 1 1 1 1 1 1 1 1 1 1 1 1 1 1 1 1 1 1 1 1 1 1 1 1 1 1 1 1 1 1 1 1 1 1 1 1 1 1 1 1 1 1 1 1 1 1 1 1 1 1 1 1 1 1 1 1 1 1 1</float_array>
          <technique_common>
            <accessor source="#geom-tag__M_JKT023-map-2-array" count="87" stride="3">
              <param name="R" type="float"/>
              <param name="G" type="float"/>
              <param name="B" type="float"/>
            </accessor>
          </technique_common>
        </source>
        <source id="geom-tag__M_JKT023-map0">
          <float_array id="geom-tag__M_JKT023-map0-array" count="261">1 1 1 1 1 1 1 1 1 1 1 1 1 1 1 1 1 1 1 1 1 1 1 1 1 1 1 1 1 1 1 1 1 1 1 1 1 1 1 1 1 1 1 1 1 1 1 1 1 1 1 1 1 1 1 1 1 1 1 1 1 1 1 1 1 1 1 1 1 1 1 1 1 1 1 1 1 1 1 1 1 1 1 1 1 1 1 1 1 1 1 1 1 1 1 1 1 1 1 1 1 1 1 1 1 1 1 1 1 1 1 1 1 1 1 1 1 1 1 1 1 1 1 1 1 1 1 1 1 1 1 1 1 1 1 1 1 1 1 1 1 1 1 1 1 1 1 1 1 1 1 1 1 1 1 1 1 1 1 1 1 1 1 1 1 1 1 1 1 1 1 1 1 1 1 1 1 1 1 1 1 1 1 1 1 1 1 1 1 1 1 1 1 1 1 1 1 1 1 1 1 1 1 1 1 1 1 1 1 1 1 1 1 1 1 1 1 1 1 1 1 1 1 1 1 1 1 1 1 1 1 1 1 1 1 1 1 1 1 1 1 1 1 1 1 1 1 1 1 1 1 1 1 1 1 1 1 1 1 1 1</float_array>
          <technique_common>
            <accessor source="#geom-tag__M_JKT023-map0-array" count="87" stride="3">
              <param name="R" type="float"/>
              <param name="G" type="float"/>
              <param name="B" type="float"/>
            </accessor>
          </technique_common>
        </source>
        <source id="geom-tag__M_JKT023-map1">
          <float_array id="geom-tag__M_JKT023-map1-array" count="261">0.9687495 0.8818036 0 0.9688716 0.9092394 0 0.9627985 0.8818036 0 0.9688716 0.9781643 0 0.9627985 0.9781643 0 0.9627985 0.9092394 0 0.9567254 0.8818036 0 0.9567254 0.9781643 0 0.9567254 0.9092394 0 0.9506676 0.8818036 0 0.9506676 0.9781643 0 0.9506676 0.9092394 0 0.9445945 0.8818036 0 0.9445945 0.9781643 0 0.9445945 0.9092394 0 0.9385214 0.8818036 0 0.9385214 0.9781643 0 0.9385214 0.9092394 0 0.9324483 0.8818036 0 0.9324483 0.9781643 0 0.9324483 0.9092394 0 0.9263905 0.8818036 0 0.9263905 0.9781643 0 0.9263905 0.9092394 0 0.9203174 0.8818036 0 0.9203174 0.9781643 0 0.9203174 0.9092394 0 0.9142443 0.8818036 0 0.9142443 0.9781643 0 0.9142443 0.9092394 0 0.9081712 0.8818036 0 0.9081712 0.9781643 0 0.9081712 0.9092394 0 0.9021134 0.8818036 0 0.9021134 0.9781643 0 0.9021134 0.9092394 0 0.8961623 0.8818036 0 0.8960403 0.9781643 0 0.8960403 0.9092394 0 0.9448844 0.7239643 0 0.9700923 0.7491722 0 0.9104448 0.7836118 0 0.9104448 0.7147326 0 0.979324 0.7836118 0 0.8760052 0.7239643 0 0.9700923 0.8180515 0 0.8507973 0.7491722 0 0.9448844 0.8432593 0 0.8415808 0.7836118 0 0.9104448 0.8524758 0 0.8507973 0.8180515 0 0.8760052 0.8432593 0 0.9688716 0.9781643 0 0.9627985 0.9092394 0 0.9688716 0.9092394 0 0.9567254 0.9092394 0 0.9506676 0.9781643 0 0.9506676 0.9092394 0 0.9385214 0.9781643 0 0.9324483 0.9092394 0 0.9263905 0.9781643 0 0.9142443 0.9092394 0 0.9142443 0.9781643 0 0.8960403 0.9092394 0 0.9142443 0.9092394 0 0.8960403 0.9781643 0 0.9448844 0.7239643 0 0.9700923 0.7491722 0 0.8507973 0.7491722 0 0.979324 0.7836118 0 0.9700923 0.8180515 0 0.8760052 0.8432593 0 0.8960403 0.9781643 0 0.8960403 0.9092394 0 0.9142443 0.9092394 0 0.9448844 0.7239643 0 0.979324 0.7836118 0 0.8507973 0.7491722 0 0.8760052 0.8432593 0 0.9688716 0.9781643 0 0.9567254 0.9092394 0 0.9688716 0.9092394 0 0.9506676 0.9781643 0 0.9324483 0.9092394 0 0.9263905 0.9781643 0 0.9142443 0.9092394 0 0.8960403 0.9781643 0</float_array>
          <technique_common>
            <accessor source="#geom-tag__M_JKT023-map1-array" count="87" stride="3">
              <param name="S" type="float"/>
              <param name="T" type="float"/>
              <param name="P" type="float"/>
            </accessor>
          </technique_common>
        </source>
        <vertices id="geom-tag__M_JKT023-vertices">
          <input semantic="POSITION" source="#geom-tag__M_JKT023-positions"/>
        </vertices>
        <triangles material="M_JKT023" count="60">
          <input semantic="VERTEX" source="#geom-tag__M_JKT023-vertices" offset="0"/>
          <input semantic="NORMAL" source="#geom-tag__M_JKT023-normals" offset="1"/>
          <input semantic="COLOR" source="#geom-tag__M_JKT023-map0" offset="2" set="0"/>
          <input semantic="TEXCOORD" source="#geom-tag__M_JKT023-map1" offset="3" set="0"/>
          <p>0 0 0 0 1 1 1 1 2 2 2 2 3 3 3 3 4 4 4 4 1 1 1 1 1 1 1 1 5 5 5 5 2 2 2 2 4 4 4 4 5 5 5 5 1 1 1 1 2 2 2 2 5 5 5 5 6 6 6 6 4 4 4 4 7 7 7 7 5 5 5 5 5 5 5 5 8 8 8 8 6 6 6 6 7 7 7 7 8 8 8 8 5 5 5 5 6 6 6 6 8 8 8 8 9 9 9 9 7 7 7 7 10 10 10 10 8 8 8 8 8 8 8 8 11 11 11 11 9 9 9 9 10 10 10 10 11 11 11 11 8 8 8 8 9 9 9 9 11 11 11 11 12 12 12 12 10 10 10 10 13 13 13 13 11 11 11 11 11 11 11 11 14 14 14 14 12 12 12 12 13 13 13 13 14 14 14 14 11 11 11 11 12 12 12 12 14 14 14 14 15 15 15 15 13 13 13 13 16 16 16 16 14 14 14 14 14 14 14 14 17 17 17 17 15 15 15 15 16 16 16 16 17 17 17 17 14 14 14 14 15 15 15 15 17 17 17 17 18 18 18 18 16 16 16 16 19 19 19 19 17 17 17 17 17 17 17 17 20 20 20 20 18 18 18 18 19 19 19 19 20 20 20 20 17 17 17 17 18 18 18 18 20 20 20 20 21 21 21 21 19 19 19 19 22 22 22 22 20 20 20 20 20 20 20 20 23 23 23 23 21 21 21 21 22 22 22 22 23 23 23 23 20 20 20 20 21 21 21 21 23 23 23 23 24 24 24 24 22 22 22 22 25 25 25 25 23 23 23 23 23 23 23 23 26 26 26 26 24 24 24 24 25 25 25 25 26 26 26 26 23 23 23 23 24 24 24 24 26 26 26 26 27 27 27 27 25 25 25 25 28 28 28 28 26 26 26 26 26 26 26 26 29 29 29 29 27 27 27 27 28 28 28 28 29 29 29 29 26 26 26 26 27 27 27 27 29 29 29 29 30 30 30 30 28 28 28 28 31 31 31 31 29 29 29 29 29 29 29 29 32 32 32 32 30 30 30 30 31 31 31 31 32 32 32 32 29 29 29 29 30 30 30 30 32 32 32 32 33 33 33 33 31 31 31 31 34 34 34 34 32 32 32 32 32 32 32 32 35 35 35 35 33 33 33 33 34 34 34 34 35 35 35 35 32 32 32 32 36 36 36 36 33 33 33 33 35 35 35 35 34 34 34 34 37 37 37 37 35 35 35 35 38 38 38 38 36 36 36 36 35 35 35 35 37 37 37 37 38 38 38 38 35 35 35 35 39 39 39 39 40 40 40 40 41 41 41 41 42 42 42 42 39 39 39 39 41 41 41 41 40 40 40 40 43 43 43 43 41 41 41 41 44 44 44 44 42 42 42 42 41 41 41 41 43 43 43 43 45 45 45 45 41 41 41 41 46 46 46 46 44 44 44 44 41 41 41 41 45 45 45 45 47 47 47 47 41 41 41 41 48 48 48 48 46 46 46 46 41 41 41 41 47 47 47 47 49 49 49 49 41 41 41 41 50 50 50 50 48 48 48 48 41 41 41 41 49 49 49 49 51 51 51 51 41 41 41 41 51 51 51 51 50 50 50 50 41 41 41 41</p>
        </triangles>
      </mesh>
    </geometry>
  </library_geometries>
  <library_controllers>
    <controller id="geom-Clt_JKT023__M_JKT023-skin1">
      <skin source="#geom-Clt_JKT023__M_JKT023">
        <bind_shape_matrix>1 0 0 0 0 1 0 0 0 0 1 0 0 0 0 1</bind_shape_matrix>
        <source id="geom-Clt_JKT023__M_JKT023-skin1-joints">
          <Name_array id="geom-Clt_JKT023__M_JKT023-skin1-joints-array" count="19">joint0 joint1 joint2 joint3 joint4 joint5 joint6 joint7 joint8 joint9 joint10 joint11 joint12 joint13 joint14 joint15 joint16 joint17 joint18</Name_array>
          <technique_common>
            <accessor source="#geom-Clt_JKT023__M_JKT023-skin1-joints-array" count="19" stride="1">
              <param name="JOINT" type="name"/>
            </accessor>
          </technique_common>
        </source>
        <source id="geom-Clt_JKT023__M_JKT023-skin1-bind_poses">
          <float_array id="geom-Clt_JKT023__M_JKT023-skin1-bind_poses-array" count="304">1 0 0 0 0 0 1 0 0 -1 0 0 0 0 0 1 0 0 1 0 0 -1 0 0 1 0 0 0 0 0 0 1 0 0 1 -0.1150019 0 -1 0 0 1 0 0 0 0 0 0 1 0 0 1 -0.2350019 0 -1 0 0 1 0 0 0 0 0 0 1 0.9702957 -2.76401e-8 -0.2419225 0.0526666 2.82595e-8 -1 2.29073e-7 -7.63859e-8 -0.2419225 -2.26348e-7 -0.9702955 0.3269732 0 0 0 1 1 1.74185e-8 -6.70552e-7 -0.1056234 -4.04105e-8 -0.9999999 2.68919e-7 -1.11313e-7 -5.69969e-7 -2.624e-7 -0.9999998 0.3106481 0 0 0 1 1 2.09478e-8 -6.66827e-7 -0.3376234 -3.05093e-8 -1 2.36425e-7 -1.04562e-7 -5.83008e-7 -2.30153e-7 -0.9999999 0.3106481 0 0 0 1 1 1.78934e-8 -6.66711e-7 -0.3376235 -2.54623e-8 -1 1.69371e-7 0.0499999 -5.82892e-7 -1.63096e-7 -1 0.3106481 0 0 0 1 1 1.78934e-8 -6.66711e-7 -0.5446236 -2.54623e-8 -1 1.69371e-7 -8.64802e-8 -5.82892e-7 -1.63096e-7 -1 0.3106481 0 0 0 1 1 1.78934e-8 -6.66711e-7 -0.5751235 -2.54623e-8 -1 1.69371e-7 -8.66341e-8 -5.82892e-7 -1.63096e-7 -1 0.3106481 0 0 0 1 1 2.09478e-8 -6.66827e-7 -0.1256234 -3.05093e-8 -1 2.36425e-7 -1.02463e-7 -5.83008e-7 -2.30153e-7 -0.9999999 0.3106481 0 0 0 1 0.9702955 -3.24419e-8 0.2419226 -0.05266749 -3.24346e-8 1 1.45487e-7 -4.89195e-8 -0.2419225 -1.33967e-7 0.9702955 -0.3269766 0 0 0 1 0.9999999 2.23516e-8 7.30157e-7 0.1056234 -6.8918e-8 1 1.93715e-7 -6.77553e-8 -5.81145e-7 -2.5332e-7 0.9999999 -0.3106517 0 0 0 1 1 1.07563e-7 7.15256e-7 0.3376235 -1.1861e-8 1 1.83149e-7 -7.50115e-8 -5.96046e-7 -1.6006e-7 1 -0.3106517 0 0 0 1 1 1.65775e-7 7.15256e-7 0.3376236 3.72528e-8 1 1.75089e-7 -0.05000008 -5.36442e-7 -1.82539e-7 1 -0.3106517 0 0 0 1 1 1.65775e-7 7.15256e-7 0.5446236 3.72528e-8 1 1.75089e-7 -4.5759e-8 -5.36442e-7 -1.82539e-7 1 -0.3106517 0 0 0 1 1 1.65775e-7 7.15256e-7 0.5751235 3.72528e-8 1 1.75089e-7 -4.4261e-8 -5.36442e-7 -1.82539e-7 1 -0.3106517 0 0 0 1 1 1.07563e-7 7.15256e-7 0.1256235 -1.1861e-8 1 1.83149e-7 -5.73053e-8 -5.96046e-7 -1.6006e-7 1 -0.3106517 0 0 0 1 -1.78814e-7 1.49012e-7 -1 0 -1.78814e-7 -1 -5.96046e-8 0 -1 8.94069e-8 2.68221e-7 0 0 0 0 1</float_array>
          <technique_common>
            <accessor source="#geom-Clt_JKT023__M_JKT023-skin1-bind_poses-array" count="19" stride="16">
              <param name="TRANSFORM" type="float4x4"/>
            </accessor>
          </technique_common>
        </source>
        <source id="geom-Clt_JKT023__M_JKT023-skin1-weights">
          <float_array id="geom-Clt_JKT023__M_JKT023-skin1-weights-array" count="4695">1 0.8000001 0.2 0.6588235 0.3411765 0.6980392 0.3019608 0.6980392 0.3019608 0.6588235 0.3411765 0.8000001 0.2 0.5490196 0.4509804 0.5607843 0.4392157 0.6 0.4 0.6 0.4 0.5607843 0.4392157 0.5490196 0.4509804 0.7490196 0.2509804 0.6 0.4 0.6980392 0.3019608 0.6980392 0.3019608 0.6 0.4 0.6588235 0.3411765 0.5607843 0.4392157 0.6980392 0.3019608 0.6 0.4 0.6 0.4 0.5607843 0.4392157 0.6980392 0.3019608 0.6588235 0.3411765 0.5803922 0.4196079 0.5490196 0.4509804 0.6 0.4 0.6 0.4 0.6980392 0.3019608 0.6980392 0.3019608 0.6 0.4 0.5490196 0.4509804 0.6 0.4 0.5803922 0.4196079 0.7490196 0.2509804 0.6 0.4 0.5803922 0.4196079 0.7490196 0.2509804 0.8784314 0.1215686 0.7490196 0.2509804 0.6 0.4 0.4 0.6 0.7490196 0.2509804 0.4 0.6 0.7490196 0.2509804 0.4 0.6 0.6 0.4 0.7490196 0.2509804 0.6 0.4 0.6 0.4 0.6 0.4 0.6 0.4 0.6 0.4 0.7490196 0.2509804 0.7490196 0.2509804 0.4 0.6 0.4 0.6 0.4 0.6 0.4 0.6 0.4 0.6 0.7490196 0.2509804 0.5803922 0.4196079 0.7490196 0.2509804 0.5803922 0.4196079 0.01176471 0.09019608 0.8980393 0.01176471 0.09019608 0.8980393 0.01176471 0.09019608 0.8980393 0.01176471 0.09019608 0.8980393 0.01176471 0.09019608 0.8980393 0.01960784 0.07843138 0.9019608 0.01176471 0.09019608 0.8980393 0.01960784 0.07843138 0.9019608 0.01176471 0.09019608 0.8980393 0.01960784 0.07843138 0.9019608 0.01176471 0.09019608 0.8980393 0.01176471 0.09019608 0.8980393 0.01176471 0.09019608 0.8980393 0.01176471 0.09019608 0.8980393 0.01176471 0.09019608 0.8980393 0.01176471 0.09019608 0.8980393 0.01176471 0.09019608 0.8980393 0.01176471 0.09019608 0.8980393 0.01176471 0.09019608 0.8980393 0.01176471 0.09019608 0.8980393 0.01176471 0.09019608 0.8980393 0.01176471 0.09019608 0.8980393 0.7490196 0.2509804 0.6 0.4 0.5803922 0.4196079 0.7686275 0.2313726 0.8000001 0.2 0.01176471 0.8588236 0.1294118 0.01960784 0.8509805 0.1294118 0.1215686 0.8274511 0.0509804 0.1098039 0.8196079 0.07058824 0.5803922 0.4196079 0.5803922 0.4196079 0.7490196 0.2509804 0.7490196 0.2509804 0.4 0.6 0.4 0.6 0.4 0.6 0.4 0.6 0.4 0.6 0.4 0.6 0.7490196 0.2509804 0.7490196 0.2509804 0.01960784 0.01176471 0.9686275 0.01960784 0.01176471 0.9686275 0.01960784 0.01176471 0.9686275 0.01960784 0.01176471 0.9686275 0.01960784 0.01176471 0.9686275 0.01960784 0.9803922 0.01176471 0.9882354 0.01176471 0.9882354 0.01176471 0.9882354 0.01176471 0.9882354 0.01960784 0.01176471 0.9686275 0.01960784 0.01176471 0.9686275 0.01960784 0.01176471 0.9686275 0.01960784 0.01176471 0.9686275 0.01960784 0.01176471 0.9686275 0.01960784 0.01176471 0.9686275 0.01960784 0.01176471 0.9686275 0.01960784 0.01176471 0.9686275 0.01960784 0.01176471 0.9686275 0.01960784 0.01176471 0.9686275 0.1686275 0.07843138 0.01960784 0.7333333 0.1686275 0.07843138 0.01960784 0.7333333 0.3098039 0.2392157 0.07058824 0.3803922 0.1686275 0.07843138 0.01960784 0.7333333 0.3098039 0.2392157 0.07058824 0.3803922 0.3921569 0.3490196 0.1098039 0.1490196 0.3098039 0.2392157 0.07058824 0.3803922 0.3921569 0.3490196 0.1098039 0.1490196 0.2588235 0.482353 0.2588235 0.3921569 0.3490196 0.1098039 0.1490196 0.2588235 0.482353 0.2588235 0.2588235 0.482353 0.2588235 0.1490196 0.3019608 0.5490196 0.1490196 0.3019608 0.5490196 0.2705882 0.4705883 0.2588235 0.07058824 0.9294118 0.07058824 0.9294118 0.1490196 0.3019608 0.5490196 0.9803922 0.01960784 0.9803922 0.01960784 0.07058824 0.9294118 0.9803922 0.01960784 0.07843138 0.9215687 0.9411765 0.05882353 0.8784314 0.1215686 0.1490196 0.3019608 0.5490196 0.6196079 0.3607843 0.01960784 0.8784314 0.1215686 0.1490196 0.3019608 0.509804 0.03921569 0.3294118 0.6509804 0.01960784 0.7490196 0.2509804 0.6 0.4 0.1098039 0.8000001 0.09019608 0.2705882 0.4784314 0.2509804 0.1607843 0.2705882 0.3882353 0.1803922 0.3921569 0.3490196 0.1098039 0.1490196 0.3098039 0.2392157 0.07058824 0.3803922 0.3921569 0.3490196 0.1098039 0.1490196 0.1686275 0.07843138 0.01960784 0.7333333 0.3098039 0.2313726 0.07058824 0.3882353 0.2784314 0.4705883 0.2509804 0.01960784 0.01176471 0.9686275 0.1686275 0.07843138 0.01176471 0.7411765 0.01176471 0.9882354 0.1607843 0.07058824 0.01960784 0.7490196 0.05882353 0.01960784 0.9215687 0.05882353 0.01960784 0.9215687 0.1607843 0.07058824 0.01960784 0.7490196 0.1607843 0.07058824 0.01960784 0.7490196 0.3098039 0.2313726 0.05882353 0.4 0.3921569 0.3490196 0.1098039 0.1490196 0.3019608 0.2196079 0.0509804 0.427451 0.3882353 0.3411765 0.1098039 0.1607843 0.2784314 0.4705883 0.2509804 0.1294118 0.2392157 0.2705882 0.3607843 0.2705882 0.4705883 0.2588235 0.3803922 0.3294118 0.1098039 0.1803922 0.1215686 0.2196079 0.4 0.2588235 0.2901961 0.2 0.05882353 0.4509804 0.01960784 0.07058824 0.5686275 0.3411765 0.0509804 0.1490196 0.3098039 0.4901961 0.1411765 0.0509804 0.01176471 0.7960785 0.1215686 0.03921569 0.01176471 0.8274511 0.1098039 0.03921569 0.8509805 0.1215686 0.03921569 0.01176471 0.8274511 0.1019608 0.03137255 0.01176471 0.854902 0.2784314 0.1882353 0.0509804 0.482353 0.2901961 0.2 0.05882353 0.4509804 0.3803922 0.3294118 0.1019608 0.1882353 0.3803922 0.3294118 0.1098039 0.1803922 0.2784314 0.1882353 0.03921569 0.4941177 0.2705882 0.4705883 0.2588235 0.2705882 0.4705883 0.2588235 0.1215686 0.2196079 0.4 0.2588235 0.01960784 0.1019608 0.2901961 0.5882353 0.0509804 0.1490196 0.3098039 0.4901961 0.1294118 0.2313726 0.2509804 0.3882353 0.01176471 0.8352942 0.01176471 0.1411765 0.3882353 0.3215686 0.1019608 0.1882353 0.1882353 0.6705883 0.03137255 0.1098039 0.03137255 0.4509804 0.03137255 0.4862745 0.01176471 0.3686275 0.5490196 0.07058824 0.482353 0.4784314 0.03921569 0.2705882 0.4705883 0.2588235 0.2117647 0.2784314 0.4509804 0.05882353 0.03921569 0.05882353 0.8000001 0.1019608 0.8901961 0.1098039 0.2784314 0.4705883 0.2509804 0.03921569 0.05882353 0.9019608 0.8901961 0.1098039 0.2117647 0.2784314 0.509804 0.03921569 0.05882353 0.8000001 0.1019608 0.482353 0.4784314 0.03921569 0.2117647 0.2784314 0.4509804 0.05882353 0.01176471 0.3686275 0.5490196 0.07058824 0.1882353 0.6705883 0.03137255 0.1098039 0.01176471 0.8352942 0.01176471 0.1411765 0.03137255 0.4509804 0.03137255 0.4862745 0.1294118 0.2313726 0.2509804 0.3882353 0.01960784 0.1019608 0.2901961 0.5882353 0.1215686 0.2196079 0.4 0.2588235 0.0509804 0.1490196 0.3098039 0.4901961 0.2705882 0.4705883 0.2588235 0.2705882 0.4705883 0.2588235 0.2705882 0.4705883 0.2588235 0.3803922 0.3294118 0.1098039 0.1803922 0.3764706 0.3215686 0.1019608 0.2 0.3803922 0.3294118 0.1019608 0.1882353 0.3882353 0.3215686 0.1019608 0.1882353 0.2901961 0.2 0.05882353 0.4509804 0.2705882 0.1803922 0.0509804 0.4980392 0.2784314 0.1882353 0.03921569 0.4941177 0.2784314 0.1882353 0.0509804 0.482353 0.1294118 0.03921569 0.01176471 0.8196079 0.09019608 0.03137255 0.01176471 0.8666667 0.1019608 0.03137255 0.01176471 0.854902 0.1098039 0.03921569 0.8509805 0.1294118 0.03921569 0.01176471 0.8196079 0.1411765 0.0509804 0.01176471 0.7960785 0.2901961 0.2 0.05882353 0.4509804 0.3019608 0.2196079 0.0509804 0.427451 0.3803922 0.3294118 0.1098039 0.1803922 0.1607843 0.07058824 0.01960784 0.7490196 0.3882353 0.3411765 0.1098039 0.1607843 0.2705882 0.4705883 0.2588235 0.3098039 0.2313726 0.05882353 0.4 0.2784314 0.4705883 0.2509804 0.1215686 0.2196079 0.4 0.2588235 0.3921569 0.3490196 0.1098039 0.1490196 0.01960784 0.07058824 0.5686275 0.3411765 0.0509804 0.1490196 0.3098039 0.4901961 0.1294118 0.2392157 0.2705882 0.3607843 0.2784314 0.4705883 0.2509804 0.03921569 0.3019608 0.5882353 0.07058824 0.7882354 0.2117647 0.1607843 0.2705882 0.3882353 0.1803922 0.1098039 0.8196079 0.0509804 0.01960784 0.8117648 0.1882353 0.1098039 0.8000001 0.09019608 0.8862746 0.01176471 0.1019608 0.8000001 0.2 0.01176471 0.8588236 0.1294118 0.3294118 0.6509804 0.01960784 0.1215686 0.8274511 0.0509804 0.6196079 0.3607843 0.01960784 0.1490196 0.3019608 0.509804 0.03921569 0.07843138 0.9215687 0.2705882 0.4784314 0.2509804 0.1490196 0.3019608 0.5490196 0.1490196 0.3019608 0.5490196 0.3921569 0.3490196 0.1098039 0.1490196 0.2705882 0.4705883 0.2588235 0.2588235 0.482353 0.2588235 0.07058824 0.9294118 0.3921569 0.3490196 0.1098039 0.1490196 0.9411765 0.05882353 0.9803922 0.01960784 0.8784314 0.1215686 0.8784314 0.1215686 0.3294118 0.6509804 0.01960784 0.7490196 0.2509804 0.6 0.4 0.3921569 0.3490196 0.1098039 0.1490196 0.3098039 0.2392157 0.07058824 0.3803922 0.3098039 0.2392157 0.07058824 0.3803922 0.1686275 0.07843138 0.01960784 0.7333333 0.3098039 0.2313726 0.07058824 0.3882353 0.1686275 0.07843138 0.01960784 0.7333333 0.01960784 0.01176471 0.9686275 0.01960784 0.01176471 0.9686275 0.1686275 0.07843138 0.01176471 0.7411765 0.01176471 0.9882354 0.1607843 0.07058824 0.01960784 0.7490196 0.05882353 0.01960784 0.9215687 0.05882353 0.01960784 0.9215687 0.1607843 0.07058824 0.01960784 0.7490196 0.7490196 0.2509804 0.8784314 0.1215686 0.01176471 0.8588236 0.1294118 0.8000001 0.2 0.7686275 0.2313726 0.01960784 0.8509805 0.1294118 0.1215686 0.8274511 0.0509804 0.1098039 0.8196079 0.07058824 0.1215686 0.8274511 0.0509804 0.6 0.4 0.3294118 0.6509804 0.01960784 0.6 0.4 0.1098039 0.8196079 0.07058824 0.6 0.4 0.6 0.4 0.6 0.4 0.1019608 0.8980393 0.6 0.4 0.1294118 0.8705883 0.6 0.4 0.3019608 0.6980392 0.6980392 0.3019608 0.6 0.4 0.8000001 0.2 0.3411765 0.6196079 0.03921569 0.6 0.4 0.1098039 0.8196079 0.07058824 0.6 0.4 0.5882353 0.4 0.01176471 0.6980392 0.3019608 0.8901961 0.1098039 0.8901961 0.1098039 0.6980392 0.3019608 0.5882353 0.4 0.01176471 0.6 0.4 0.3411765 0.6196079 0.03921569 0.6 0.4 0.1098039 0.8196079 0.07058824 0.6 0.4 0.1215686 0.8274511 0.0509804 0.3294118 0.6509804 0.01960784 0.6 0.4 0.1098039 0.8196079 0.07058824 0.6 0.4 0.6 0.4 0.6 0.4 0.1019608 0.8980393 0.6 0.4 0.1294118 0.8705883 0.6 0.4 0.3019608 0.6980392 0.6980392 0.3019608 0.6 0.4 0.8000001 0.2 0.8000001 0.2 0.6980392 0.3019608 0.8000001 0.2 0.6980392 0.3019608 0.7490196 0.2509804 0.4 0.6 0.1411765 0.5803922 0.2784314 0.01176471 0.09019608 0.8980393 0.01176471 0.09019608 0.8980393 0.1294118 0.5686275 0.3019608 0.2705882 0.7294118 0.01176471 0.09019608 0.8980393 0.2509804 0.7490196 0.1215686 0.5686275 0.3098039 0.1294118 0.5803922 0.2901961 0.01176471 0.09019608 0.8980393 0.2509804 0.7490196 0.1294118 0.5803922 0.2901961 0.01176471 0.09019608 0.8980393 0.2509804 0.7490196 0.01176471 0.09019608 0.8980393 0.4 0.6 0.1411765 0.5803922 0.2784314 0.01960784 0.07843138 0.9019608 0.2588235 0.7411765 0.1490196 0.5921569 0.2588235 0.01960784 0.07843138 0.9019608 0.2705882 0.7294118 0.1607843 0.6 0.2392157 0.01960784 0.07843138 0.9019608 0.2901961 0.7098039 0.4117647 0.5882353 0.1607843 0.5882353 0.2509804 0.01176471 0.09019608 0.8980393 0.4 0.6 0.01176471 0.09019608 0.8980393 0.1411765 0.5803922 0.2784314 0.1490196 0.5803922 0.2705882 0.2705882 0.7294118 0.2784314 0.7215686 0.3019608 0.6980392 0.3019608 0.6980392 0.4392157 0.5607843 0.4196079 0.5803922 0.5882353 0.4117647 0.4509804 0.5490196 0.4588236 0.5411765 0.6196079 0.3803922 0.6 0.4 0.6509804 0.3490196 0.6901961 0.3098039 0.7882354 0.2117647 0.8313726 0.1686275 0.01176471 0.9294118 0.05882353 0.7411765 0.2588235 0.6196079 0.3803922 0.9686275 0.03137255 0.2313726 0.7686275 0.7803922 0.2196079 0.2 0.5686275 0.2313726 0.4117647 0.5882353 0.1215686 0.8784314 0.2705882 0.3411765 0.3882353 0.6 0.4 0.4078432 0.3019608 0.2901961 0.8705883 0.09019608 0.03921569 0.01960784 0.9803922 0.8901961 0.05882353 0.03921569 0.01176471 0.6901961 0.03137255 0.2784314 0.09019608 0.909804 0.6980392 0.01176471 0.01960784 0.2705882 0.01960784 0.4705883 0.509804 0.8980393 0.1019608 0.01960784 0.4705883 0.509804 0.6980392 0.03137255 0.2705882 0.07843138 0.1215686 0.8000001 0.07058824 0.1411765 0.7882354 0.0509804 0.1490196 0.3098039 0.4901961 0.01960784 0.1019608 0.2901961 0.5882353 0.01176471 0.8352942 0.01176471 0.1411765 0.09019608 0.07058824 0.8392158 0.03137255 0.4509804 0.03137255 0.4862745 0.01960784 0.4588236 0.5215687 0.09019608 0.0509804 0.8588236 0.2 0.8000001 0.7803922 0.2196079 0.03921569 0.3686275 0.5921569 0.3098039 0.6901961 0.8196079 0.1803922 0.7686275 0.2313726 0.6901961 0.01960784 0.2901961 0.2509804 0.7490196 0.8000001 0.2 0.03921569 0.3294118 0.6313726 0.0509804 0.3098039 0.6392157 0.6784314 0.01176471 0.01960784 0.2901961 0.3098039 0.6901961 0.8117648 0.1882353 0.0509804 0.3019608 0.6470588 0.3019608 0.6980392 0.7882354 0.2117647 0.6784314 0.01960784 0.3019608 0.2196079 0.7803922 0.01960784 0.07058824 0.5686275 0.3411765 0.03921569 0.3294118 0.6313726 0.01176471 0.1607843 0.8274511 0.0509804 0.1490196 0.3098039 0.4901961 0.07058824 0.1411765 0.7882354 0.03921569 0.3607843 0.6 0.03137255 0.3882353 0.5803922 0.01960784 0.4705883 0.509804 0.6588235 0.01960784 0.3215686 0.6901961 0.03137255 0.2784314 0.6470588 0.01176471 0.3411765 0.8627452 0.07843138 0.05882353 0.8705883 0.09019608 0.03921569 0.6 0.4 0.8431373 0.07843138 0.07843138 0.6196079 0.3803922 0.4117647 0.5882353 0.6470588 0.01176471 0.3411765 0.8431373 0.07843138 0.07843138 0.6705883 0.01960784 0.3098039 0.6313726 0.3686275 0.8705883 0.09019608 0.03921569 0.8627452 0.07843138 0.05882353 0.6196079 0.3803922 0.6 0.4 0.9019608 0.01960784 0.07843138 0.1803922 0.1019608 0.7176471 0.8980393 0.1019608 0.09019608 0.909804 0.01960784 0.9803922 0.09019608 0.1215686 0.7882354 0.1215686 0.8784314 0.4117647 0.5882353 0.09019608 0.2392157 0.6705883 0.9882354 0.01176471 0.4 0.6 0.2392157 0.7607844 0.4 0.6 0.2392157 0.7607844 0.9490197 0.0509804 0.7607844 0.2392157 0.03921569 0.882353 0.07843138 0.6313726 0.3686275 0.6784314 0.3215686 0.4509804 0.5490196 0.5882353 0.4117647 0.4313726 0.5686275 0.5686275 0.4313726 0.01176471 0.627451 0.3607843 0.5607843 0.4392157 0.03921569 0.7215686 0.2392157 0.5607843 0.4392157 0.6196079 0.3803922 0.07058824 0.8274511 0.1019608 0.6 0.4 0.03921569 0.7098039 0.2509804 0.6196079 0.3803922 0.4313726 0.5686275 0.4196079 0.5803922 0.5882353 0.4117647 0.5686275 0.4313726 0.6509804 0.3490196 0.03137255 0.7372549 0.2313726 0.7882354 0.2117647 0.01176471 0.9294118 0.05882353 0.0509804 0.8588236 0.09019608 0.07058824 0.8274511 0.1019608 0.2196079 0.7803922 0.2313726 0.7686275 0.2117647 0.7882354 0.4 0.6 0.2196079 0.7803922 0.3882353 0.6117647 0.6392157 0.3607843 0.01176471 0.09019608 0.8980393 0.01176471 0.09019608 0.8980393 0.01176471 0.09019608 0.8980393 0.01176471 0.09019608 0.8980393 0.01176471 0.09019608 0.8980393 0.01960784 0.07843138 0.9019608 0.01176471 0.09019608 0.8980393 0.01960784 0.07843138 0.9019608 0.01176471 0.09019608 0.8980393 0.01960784 0.07843138 0.9019608 0.01176471 0.09019608 0.8980393 0.01176471 0.09019608 0.8980393 0.01176471 0.09019608 0.8980393 0.01176471 0.09019608 0.8980393 0.01176471 0.09019608 0.8980393 0.01176471 0.09019608 0.8980393 0.01176471 0.09019608 0.8980393 0.01176471 0.09019608 0.8980393 0.01176471 0.09019608 0.8980393 0.01176471 0.09019608 0.8980393 0.01176471 0.09019608 0.8980393 0.01176471 0.09019608 0.8980393 0.01176471 0.09019608 0.8980393 0.1411765 0.5803922 0.2784314 0.01176471 0.09019608 0.8980393 0.1294118 0.5686275 0.3019608 0.2705882 0.7294118 0.01176471 0.09019608 0.8980393 0.2509804 0.7490196 0.1215686 0.5686275 0.3098039 0.1294118 0.5803922 0.2901961 0.01176471 0.09019608 0.8980393 0.2509804 0.7490196 0.1294118 0.5803922 0.2901961 0.01176471 0.09019608 0.8980393 0.01176471 0.09019608 0.8980393 0.2509804 0.7490196 0.4 0.6 0.4313726 0.5686275 0.4196079 0.5803922 0.5882353 0.4117647 0.4 0.6 0.5686275 0.4313726 0.5607843 0.4392157 0.6196079 0.3803922 0.6509804 0.3490196 0.2588235 0.7411765 0.0509804 0.8588236 0.09019608 0.01176471 0.9294118 0.05882353 0.4117647 0.5882353 0.2313726 0.7686275 0.2313726 0.7686275 0.5607843 0.4392157 0.4 0.6 0.4117647 0.5882353 0.2117647 0.7882354 0.6196079 0.3803922 0.6 0.4 0.3882353 0.6117647 0.07058824 0.8274511 0.1019608 0.2196079 0.7803922 0.6196079 0.3803922 0.07058824 0.8274511 0.1019608 0.03921569 0.7411765 0.2196079 0.6196079 0.3803922 0.03921569 0.882353 0.07843138 0.5686275 0.4313726 0.01176471 0.627451 0.3607843 0.01960784 0.7686275 0.2117647 0.4313726 0.5686275 0.5882353 0.4117647 0.6705883 0.3294118 0.2705882 0.7294118 0.4509804 0.5490196 0.1411765 0.5803922 0.2784314 0.01960784 0.07843138 0.9019608 0.1490196 0.5921569 0.2588235 0.01960784 0.07843138 0.9019608 0.2901961 0.7098039 0.1607843 0.6 0.2392157 0.01960784 0.07843138 0.9019608 0.4588236 0.5411765 0.1607843 0.5882353 0.2509804 0.3019608 0.6980392 0.01176471 0.09019608 0.8980393 0.1411765 0.5803922 0.2784314 0.01176471 0.09019608 0.8980393 0.1490196 0.5803922 0.2705882 0.2705882 0.7294118 0.2784314 0.7215686 0.3019608 0.6980392 0.4509804 0.5490196 0.4392157 0.5607843 0.4196079 0.5803922 0.5882353 0.4117647 0.6196079 0.3803922 0.6 0.4 0.6509804 0.3490196 0.6901961 0.3098039 0.01176471 0.9294118 0.05882353 0.6196079 0.3803922 0.9686275 0.03137255 0.2313726 0.7686275 0.7411765 0.2588235 0.2 0.5686275 0.2313726 0.4117647 0.5882353 0.2705882 0.3411765 0.3882353 0.6 0.4 0.1215686 0.8784314 0.4078432 0.3019608 0.2901961 0.8705883 0.09019608 0.03921569 0.01960784 0.9803922 0.8901961 0.05882353 0.03921569 0.01176471 0.6901961 0.03137255 0.2784314 0.09019608 0.909804 0.6980392 0.01176471 0.01960784 0.2705882 0.01960784 0.4705883 0.509804 0.8980393 0.1019608 0.01960784 0.4705883 0.509804 0.01960784 0.9803922 0.07843138 0.1215686 0.8000001 0.07058824 0.1411765 0.7882354 0.0509804 0.1490196 0.3098039 0.4901961 0.01960784 0.1019608 0.2901961 0.5882353 0.01176471 0.8352942 0.01176471 0.1411765 0.09019608 0.07058824 0.8392158 0.03137255 0.4509804 0.03137255 0.4862745 0.01960784 0.4588236 0.5215687 0.09019608 0.0509804 0.8588236 0.2 0.8000001 0.7803922 0.2196079 0.03921569 0.3686275 0.5921569 0.6980392 0.03137255 0.2705882 0.3098039 0.6901961 0.8196079 0.1803922 0.7686275 0.2313726 0.6901961 0.03137255 0.2784314 0.2509804 0.7490196 0.8000001 0.2 0.03921569 0.3294118 0.6313726 0.0509804 0.3098039 0.6392157 0.6784314 0.01176471 0.01960784 0.2901961 0.8980393 0.1019608 0.09019608 0.909804 0.1803922 0.1019608 0.7176471 0.9019608 0.01960784 0.07843138 0.6784314 0.01960784 0.3019608 0.8705883 0.09019608 0.03921569 0.0509804 0.3019608 0.6470588 0.6705883 0.01960784 0.3098039 0.3098039 0.6901961 0.8117648 0.1882353 0.3019608 0.6980392 0.7882354 0.2117647 0.2196079 0.7803922 0.01960784 0.07058824 0.5686275 0.3411765 0.03921569 0.3294118 0.6313726 0.6470588 0.01176471 0.3411765 0.01176471 0.1607843 0.8274511 0.0509804 0.1490196 0.3098039 0.4901961 0.07058824 0.1411765 0.7882354 0.03921569 0.3607843 0.6 0.03137255 0.3882353 0.5803922 0.01960784 0.4705883 0.509804 0.6470588 0.01176471 0.3411765 0.6588235 0.01960784 0.3215686 0.6901961 0.03137255 0.2784314 0.8431373 0.07843138 0.07843138 0.8431373 0.07843138 0.07843138 0.8627452 0.07843138 0.05882353 0.8705883 0.09019608 0.03921569 0.6392157 0.3607843 0.8627452 0.07843138 0.05882353 0.6313726 0.3686275 0.4 0.6 0.6196079 0.3803922 0.4 0.6 0.2392157 0.7607844 0.5803922 0.4196079 0.4117647 0.5882353 0.09019608 0.1215686 0.7882354 0.2392157 0.7607844 0.09019608 0.2392157 0.6705883 0.1215686 0.8784314 0.9882354 0.01176471 0.9490197 0.0509804 0.8705883 0.1294118 0.8196079 0.1803922 0.7607844 0.2392157 0.8000001 0.2 0.6313726 0.3686275 0.3294118 0.6509804 0.01960784 0.01176471 0.8588236 0.1294118 0.1215686 0.8274511 0.0509804 0.8862746 0.01176471 0.1019608 0.8000001 0.2 0.8117648 0.1882353 0.1098039 0.8196079 0.0509804 0.01960784 0.7882354 0.2117647 0.03921569 0.3019608 0.5882353 0.07058824 0.8000001 0.2 0.8000001 0.2 0.6 0.4 0.6 0.4 0.3019608 0.6980392 0.8000001 0.2 0.8000001 0.2 0.8000001 0.2 0.6 0.4 0.6588235 0.3411765 0.6588235 0.3411765 0.2784314 0.7215686 0.5607843 0.4392157 0.5607843 0.4392157 0.5490196 0.4509804 0.2588235 0.7411765 0.1294118 0.8705883 0.1215686 0.8784314 0.1019608 0.8980393 0.1215686 0.8784314 0.5490196 0.4509804 0.5803922 0.4196079 0.5803922 0.4196079 0.07843138 0.9215687 0.07843138 0.9215687 0.8000001 0.2 0.8000001 0.2 0.6 0.4 0.6 0.4 0.3019608 0.6980392 0.8000001 0.2 0.8000001 0.2 0.8000001 0.2 0.6 0.4 0.6588235 0.3411765 0.6588235 0.3411765 0.2784314 0.7215686 0.5607843 0.4392157 0.5607843 0.4392157 0.5490196 0.4509804 0.2588235 0.7411765 0.1294118 0.8705883 0.1215686 0.8784314 0.1019608 0.8980393 0.1215686 0.8784314 0.07843138 0.9215687 0.07843138 0.9215687 0.5803922 0.4196079 0.5490196 0.4509804 0.5803922 0.4196079 0.01960784 0.01176471 0.9686275 0.01960784 0.01176471 0.9686275 0.01960784 0.01176471 0.9686275 0.01960784 0.8509805 0.1294118 0.7686275 0.2313726 0.8196079 0.1803922 0.03137255 0.8392158 0.1294118 0.7803922 0.2196079 0.1411765 0.8000001 0.05882353 0.1098039 0.8196079 0.07058824 0.3411765 0.6196079 0.03921569 0.09019608 0.8196079 0.01176471 0.07843138 0.03137255 0.4509804 0.03137255 0.4862745 0.1882353 0.6705883 0.03137255 0.1098039 0.482353 0.4784314 0.03921569 0.4588236 0.509804 0.01176471 0.01960784 0.5882353 0.4 0.01176471 0.8901961 0.1098039 0.8705883 0.1294118 0.8901961 0.1098039 0.8901961 0.1098039 0.8705883 0.1294118 0.8901961 0.1098039 0.5882353 0.4 0.01176471 0.4588236 0.509804 0.01176471 0.01960784 0.482353 0.4784314 0.03921569 0.3411765 0.6196079 0.03921569 0.09019608 0.8196079 0.01176471 0.07843138 0.1882353 0.6705883 0.03137255 0.1098039 0.1411765 0.8000001 0.05882353 0.1098039 0.8196079 0.07058824 0.01960784 0.8509805 0.1294118 0.7803922 0.2196079 0.03137255 0.4509804 0.03137255 0.4862745 0.03137255 0.8392158 0.1294118 0.8196079 0.1803922 0.7686275 0.2313726 0.1882353 0.6901961 0.1215686 0.1882353 0.6901961 0.1215686 0.8000001 0.2 0.6588235 0.3411765 0.6980392 0.3019608 0.6980392 0.3019608 0.6588235 0.3411765 0.8000001 0.2 0.5490196 0.4509804 0.5607843 0.4392157 0.6 0.4 0.6 0.4 0.5607843 0.4392157 0.5490196 0.4509804 0.7490196 0.2509804 0.6 0.4 0.6980392 0.3019608 0.6980392 0.3019608 0.6 0.4 0.4 0.6 0.4 0.6 0.4 0.6 0.01176471 0.09019608 0.8980393 0.01176471 0.09019608 0.8980393 0.01176471 0.09019608 0.8980393 0.01176471 0.09019608 0.8980393 0.01176471 0.09019608 0.8980393 0.01176471 0.09019608 0.8980393 0.01960784 0.07843138 0.9019608 0.01176471 0.09019608 0.8980393 0.01176471 0.09019608 0.8980393 0.01176471 0.09019608 0.8980393 0.01176471 0.09019608 0.8980393 0.6588235 0.3411765 0.5607843 0.4392157 0.6980392 0.3019608 0.6 0.4 0.6 0.4 0.5607843 0.4392157 0.6980392 0.3019608 0.6588235 0.3411765 0.5803922 0.4196079 0.5490196 0.4509804 0.6 0.4 0.6 0.4 0.6980392 0.3019608 0.6980392 0.3019608 0.6 0.4 0.5490196 0.4509804 0.6 0.4 0.5803922 0.4196079 0.7490196 0.2509804 0.6 0.4 0.5803922 0.4196079 0.7490196 0.2509804 0.8784314 0.1215686 0.7490196 0.2509804 0.6 0.4 0.4 0.6 0.7490196 0.2509804 0.4 0.6 0.7490196 0.2509804 0.4 0.6 0.6 0.4 0.7490196 0.2509804 0.7686275 0.2313726 0.8000001 0.2 0.1215686 0.8274511 0.0509804 0.1098039 0.8196079 0.07058824 0.1215686 0.8274511 0.0509804 0.8000001 0.2 0.7686275 0.2313726 0.1098039 0.8196079 0.07058824 0.6 0.4 0.6 0.4 0.6 0.4 0.6 0.4 0.6 0.4 0.7490196 0.2509804 0.6 0.4 0.5803922 0.4196079 0.5803922 0.4196079 0.1019608 0.8980393 0.5490196 0.4509804 0.1294118 0.8705883 0.5607843 0.4392157 0.2588235 0.7411765 0.6588235 0.3411765 0.6 0.4 0.8000001 0.2 0.8000001 0.2 0.8000001 0.2 0.4 0.6 0.4 0.6 0.7490196 0.2509804 0.5803922 0.4196079 0.7490196 0.2509804 0.5803922 0.4196079 0.7490196 0.2509804 0.7490196 0.2509804 0.4 0.6 0.4 0.6 0.4 0.6 0.4 0.6 0.7490196 0.2509804 0.7490196 0.2509804 0.01960784 0.01176471 0.9686275 0.01960784 0.01176471 0.9686275 0.01960784 0.01176471 0.9686275 0.01960784 0.01176471 0.9686275 0.01960784 0.01176471 0.9686275 0.01960784 0.9803922 0.01176471 0.9882354 0.01176471 0.9882354 0.01176471 0.9882354 0.01176471 0.9882354 0.01960784 0.01176471 0.9686275 0.01960784 0.01176471 0.9686275 0.01960784 0.01176471 0.9686275 0.01960784 0.01176471 0.9686275 0.01960784 0.01176471 0.9686275 0.01960784 0.01176471 0.9686275 0.01960784 0.01176471 0.9686275 0.01960784 0.01176471 0.9686275 0.01960784 0.01176471 0.9686275 0.01960784 0.01176471 0.9686275 0.1686275 0.07843138 0.01960784 0.7333333 0.01176471 0.9882354 0.1686275 0.07843138 0.01960784 0.7333333 0.3098039 0.2392157 0.07058824 0.3803922 0.1686275 0.07843138 0.01960784 0.7333333 0.3098039 0.2392157 0.07058824 0.3803922 0.3921569 0.3490196 0.1098039 0.1490196 0.3098039 0.2392157 0.07058824 0.3803922 0.1686275 0.07843138 0.01960784 0.7333333 0.3098039 0.2392157 0.07058824 0.3803922 0.3921569 0.3490196 0.1098039 0.1490196 0.3921569 0.3490196 0.1098039 0.1490196 0.2588235 0.482353 0.2588235 0.2588235 0.482353 0.2588235 0.1490196 0.3019608 0.5490196 0.1490196 0.3019608 0.5490196 0.2588235 0.482353 0.2588235 0.07058824 0.9294118 0.07058824 0.9294118 0.1490196 0.3019608 0.5490196 0.9803922 0.01960784 0.9803922 0.01960784 0.07058824 0.9294118 0.9803922 0.01960784 0.07843138 0.9215687 0.9411765 0.05882353 0.8784314 0.1215686 0.1490196 0.3019608 0.509804 0.03921569 0.6196079 0.3607843 0.01960784 0.8784314 0.1215686 0.1098039 0.8000001 0.09019608 0.3294118 0.6509804 0.01960784 0.7490196 0.2509804 0.6 0.4 0.7882354 0.2117647 0.8117648 0.1882353 0.3294118 0.6509804 0.01960784 0.1215686 0.8274511 0.0509804 0.8000001 0.2 0.03921569 0.3019608 0.5882353 0.07058824 0.01960784 0.07058824 0.5686275 0.3411765 0.1607843 0.2705882 0.3882353 0.1803922 0.1215686 0.2196079 0.4 0.2588235 0.0509804 0.1490196 0.3098039 0.4901961 0.2705882 0.4784314 0.2509804 0.2784314 0.4705883 0.2509804 0.2705882 0.4705883 0.2588235 0.3921569 0.3490196 0.1098039 0.1490196 0.3882353 0.3411765 0.1098039 0.1607843 0.3803922 0.3294118 0.1098039 0.1803922 0.3098039 0.2313726 0.07058824 0.3882353 0.3019608 0.2196079 0.0509804 0.427451 0.2901961 0.2 0.05882353 0.4509804 0.3098039 0.2313726 0.05882353 0.4 0.1607843 0.07058824 0.01960784 0.7490196 0.1607843 0.07058824 0.01960784 0.7490196 0.1607843 0.07058824 0.01960784 0.7490196 0.1411765 0.0509804 0.01176471 0.7960785 0.1215686 0.03921569 0.01176471 0.8274511 0.05882353 0.01960784 0.9215687 0.1098039 0.03921569 0.8509805 0.1215686 0.03921569 0.01176471 0.8274511 0.2784314 0.1882353 0.0509804 0.482353 0.2901961 0.2 0.05882353 0.4509804 0.3803922 0.3294118 0.1019608 0.1882353 0.3803922 0.3294118 0.1098039 0.1803922 0.2784314 0.1882353 0.03921569 0.4941177 0.2705882 0.4705883 0.2588235 0.2705882 0.4705883 0.2588235 0.1215686 0.2196079 0.4 0.2588235 0.01960784 0.1019608 0.2901961 0.5882353 0.0509804 0.1490196 0.3098039 0.4901961 0.1294118 0.2313726 0.2509804 0.3882353 0.01176471 0.8352942 0.01176471 0.1411765 0.3882353 0.3215686 0.1019608 0.1882353 0.2705882 0.4705883 0.2588235 0.01176471 0.3686275 0.5490196 0.07058824 0.03137255 0.4509804 0.03137255 0.4862745 0.482353 0.4784314 0.03921569 0.2117647 0.2784314 0.4509804 0.05882353 0.03921569 0.05882353 0.8000001 0.1019608 0.8901961 0.1098039 0.2784314 0.4705883 0.2509804 0.03921569 0.05882353 0.9019608 0.8901961 0.1098039 0.2117647 0.2784314 0.509804 0.03921569 0.05882353 0.8000001 0.1019608 0.482353 0.4784314 0.03921569 0.2117647 0.2784314 0.4509804 0.05882353 0.01176471 0.3686275 0.5490196 0.07058824 0.03137255 0.4509804 0.03137255 0.4862745 0.01176471 0.8352942 0.01176471 0.1411765 0.1294118 0.2313726 0.2509804 0.3882353 0.01960784 0.1019608 0.2901961 0.5882353 0.1215686 0.2196079 0.4 0.2588235 0.0509804 0.1490196 0.3098039 0.4901961 0.2705882 0.4705883 0.2588235 0.2705882 0.4705883 0.2588235 0.2705882 0.4705883 0.2588235 0.3803922 0.3294118 0.1098039 0.1803922 0.3764706 0.3215686 0.1019608 0.2 0.3803922 0.3294118 0.1019608 0.1882353 0.3882353 0.3215686 0.1019608 0.1882353 0.2901961 0.2 0.05882353 0.4509804 0.2705882 0.1803922 0.0509804 0.4980392 0.2784314 0.1882353 0.03921569 0.4941177 0.2784314 0.1882353 0.0509804 0.482353 0.1294118 0.03921569 0.01176471 0.8196079 0.09019608 0.03137255 0.01176471 0.8666667 0.1019608 0.03137255 0.01176471 0.854902 0.1098039 0.03921569 0.8509805 0.1294118 0.03921569 0.01176471 0.8196079 0.1411765 0.0509804 0.01176471 0.7960785 0.2901961 0.2 0.05882353 0.4509804 0.3019608 0.2196079 0.0509804 0.427451 0.3803922 0.3294118 0.1098039 0.1803922 0.01176471 0.9882354 0.3882353 0.3411765 0.1098039 0.1607843 0.2705882 0.4705883 0.2588235 0.01960784 0.01176471 0.9686275 0.01960784 0.01176471 0.9686275 0.1686275 0.07843138 0.01960784 0.7333333 0.1686275 0.07843138 0.01960784 0.7333333 0.05882353 0.01960784 0.9215687 0.3098039 0.2392157 0.07058824 0.3803922 0.3098039 0.2392157 0.07058824 0.3803922 0.1607843 0.07058824 0.01960784 0.7490196 0.1607843 0.07058824 0.01960784 0.7490196 0.3098039 0.2313726 0.07058824 0.3882353 0.3098039 0.2313726 0.05882353 0.4 0.3921569 0.3490196 0.1098039 0.1490196 0.3921569 0.3490196 0.1098039 0.1490196 0.3921569 0.3490196 0.1098039 0.1490196 0.3921569 0.3490196 0.1098039 0.1490196 0.2784314 0.4705883 0.2509804 0.2705882 0.4705883 0.2588235 0.2588235 0.482353 0.2588235 0.1490196 0.3019608 0.5490196 0.2705882 0.4784314 0.2509804 0.1490196 0.3019608 0.5490196 0.07843138 0.9215687 0.07058824 0.9294118 0.1490196 0.3019608 0.509804 0.03921569 0.1607843 0.2705882 0.3882353 0.1803922 0.2784314 0.4705883 0.2509804 0.1215686 0.2196079 0.4 0.2588235 0.01960784 0.07058824 0.5686275 0.3411765 0.0509804 0.1490196 0.3098039 0.4901961 0.03921569 0.3019608 0.5882353 0.07058824 0.7882354 0.2117647 0.1098039 0.8000001 0.09019608 0.6196079 0.3607843 0.01960784 0.8117648 0.1882353 0.1215686 0.8274511 0.0509804 0.8000001 0.2 0.3294118 0.6509804 0.01960784 0.9411765 0.05882353 0.9803922 0.01960784 0.8784314 0.1215686 0.8784314 0.1215686 0.3294118 0.6509804 0.01960784 0.7490196 0.2509804 0.6 0.4 0.7490196 0.2509804 0.8784314 0.1215686 0.1215686 0.8274511 0.0509804 0.6 0.4 0.3294118 0.6509804 0.01960784 0.6 0.4 0.1098039 0.8196079 0.07058824 0.6 0.4 0.6 0.4 0.6 0.4 0.1019608 0.8980393 0.6 0.4 0.1294118 0.8705883 0.6 0.4 0.2588235 0.7411765 0.6980392 0.3019608 0.6 0.4 0.8000001 0.2 0.6 0.4 0.1215686 0.8274511 0.0509804 0.3294118 0.6509804 0.01960784 0.6 0.4 0.1098039 0.8196079 0.07058824 0.6 0.4 0.6 0.4 0.6 0.4 0.1019608 0.8980393 0.6 0.4 0.1294118 0.8705883 0.6 0.4 0.2588235 0.7411765 0.6980392 0.3019608 0.6 0.4 0.8000001 0.2 0.01176471 0.09019608 0.8980393 0.01176471 0.09019608 0.8980393 0.01176471 0.09019608 0.8980393 0.01960784 0.07843138 0.9019608 0.01176471 0.09019608 0.8980393 0.01176471 0.09019608 0.8980393 0.01176471 0.09019608 0.8980393 0.01176471 0.09019608 0.8980393 0.01176471 0.09019608 0.8980393 0.01176471 0.09019608 0.8980393 0.01176471 0.09019608 0.8980393 0.1019608 0.8980393 0.5803922 0.4196079 0.5490196 0.4509804 0.1294118 0.8705883 0.5607843 0.4392157 0.2588235 0.7411765 0.6588235 0.3411765 0.6 0.4 0.8000001 0.2 0.8000001 0.2 0.8000001 0.2 0.01960784 0.01176471 0.9686275 0.01960784 0.01176471 0.9686275 0.01960784 0.01176471 0.9686275 0.3411765 0.6196079 0.03921569 0.6 0.4 0.1098039 0.8196079 0.07058824 0.6 0.4 0.6980392 0.3019608 0.8901961 0.1098039 0.8901961 0.1098039 0.6980392 0.3019608 0.3411765 0.6196079 0.03921569 0.6 0.4 0.6 0.4 0.1098039 0.8196079 0.07058824 0.8000001 0.2 0.6980392 0.3019608 0.8000001 0.2 0.6980392 0.3019608 0.7490196 0.2509804 0.4 0.6 0.7490196 0.2509804 0.7490196 0.2509804 0.4 0.6 0.4 0.6 0.1411765 0.5803922 0.2784314 0.01176471 0.09019608 0.8980393 0.01176471 0.09019608 0.8980393 0.1294118 0.5686275 0.3019608 0.01176471 0.09019608 0.8980393 0.4313726 0.5686275 0.5882353 0.4117647 0.1215686 0.5686275 0.3098039 0.01176471 0.09019608 0.8980393 0.5686275 0.4313726 0.1294118 0.5803922 0.2901961 0.01176471 0.09019608 0.8980393 0.5607843 0.4392157 0.03137255 0.7372549 0.2313726 0.7882354 0.2117647 0.01176471 0.9294118 0.05882353 0.6196079 0.3803922 0.8705883 0.09019608 0.03921569 0.6392157 0.3607843 0.6588235 0.01960784 0.3215686 0.01960784 0.4705883 0.509804 0.07058824 0.1411765 0.7882354 0.8431373 0.07843138 0.07843138 0.01176471 0.1607843 0.8274511 0.0509804 0.1490196 0.3098039 0.4901961 0.01960784 0.07058824 0.5686275 0.3411765 0.03921569 0.3607843 0.6 0.2196079 0.7803922 0.7882354 0.2117647 0.3019608 0.6980392 0.8117648 0.1882353 0.8000001 0.2 0.2509804 0.7490196 0.7686275 0.2313726 0.8196079 0.1803922 0.0509804 0.3019608 0.6470588 0.6705883 0.01960784 0.3098039 0.6784314 0.01960784 0.3019608 0.03921569 0.3294118 0.6313726 0.8431373 0.07843138 0.07843138 0.8705883 0.09019608 0.03921569 0.6313726 0.3686275 0.6196079 0.3803922 0.07058824 0.8274511 0.1019608 0.03921569 0.882353 0.07843138 0.01176471 0.627451 0.3607843 0.6784314 0.3215686 0.9490197 0.0509804 0.1411765 0.5803922 0.2784314 0.01176471 0.09019608 0.8980393 0.7607844 0.2392157 0.2901961 0.7098039 0.6313726 0.3686275 0.1607843 0.6 0.2392157 0.01176471 0.09019608 0.8980393 0.01960784 0.07843138 0.9019608 0.4588236 0.5411765 0.1607843 0.5882353 0.2509804 0.01176471 0.09019608 0.8980393 0.01176471 0.09019608 0.8980393 0.1411765 0.5803922 0.2784314 0.1490196 0.5803922 0.2705882 0.4392157 0.5607843 0.5882353 0.4117647 0.4509804 0.5490196 0.6 0.4 0.7882354 0.2117647 0.6196079 0.3803922 0.6196079 0.3803922 0.7411765 0.2588235 0.7803922 0.2196079 0.9686275 0.03137255 0.01176471 0.9294118 0.05882353 0.1215686 0.8784314 0.4078432 0.3019608 0.2901961 0.8705883 0.09019608 0.03921569 0.9882354 0.01176471 0.1215686 0.8784314 0.1803922 0.1019608 0.7176471 0.9019608 0.01960784 0.07843138 0.8980393 0.1019608 0.09019608 0.909804 0.6901961 0.01960784 0.2901961 0.8980393 0.1019608 0.01960784 0.4588236 0.5215687 0.03921569 0.3686275 0.5921569 0.7803922 0.2196079 0.03137255 0.4509804 0.03137255 0.4862745 0.6980392 0.01176471 0.01960784 0.2705882 0.01960784 0.4705883 0.509804 0.09019608 0.07058824 0.8392158 0.01176471 0.8352942 0.01176471 0.1411765 0.07843138 0.1215686 0.8000001 0.07058824 0.1411765 0.7882354 0.01960784 0.1019608 0.2901961 0.5882353 0.0509804 0.1490196 0.3098039 0.4901961 0.482353 0.4784314 0.03921569 0.7803922 0.2196079 0.03137255 0.4509804 0.03137255 0.4862745 0.4588236 0.509804 0.01176471 0.01960784 0.8901961 0.1098039 0.1411765 0.8000001 0.05882353 0.8196079 0.1803922 0.7686275 0.2313726 0.1098039 0.8196079 0.07058824 0.3411765 0.6196079 0.03921569 0.8705883 0.1294118 0.8901961 0.1098039 0.8901961 0.1098039 0.8705883 0.1294118 0.8901961 0.1098039 0.3411765 0.6196079 0.03921569 0.4588236 0.509804 0.01176471 0.01960784 0.482353 0.4784314 0.03921569 0.7803922 0.2196079 0.03137255 0.4509804 0.03137255 0.4862745 0.1411765 0.8000001 0.05882353 0.1098039 0.8196079 0.07058824 0.8196079 0.1803922 0.7686275 0.2313726 0.1882353 0.6901961 0.1215686 0.01176471 0.09019608 0.8980393 0.1411765 0.5803922 0.2784314 0.01176471 0.09019608 0.8980393 0.1294118 0.5686275 0.3019608 0.01176471 0.09019608 0.8980393 0.2509804 0.7490196 0.1215686 0.5686275 0.3098039 0.01176471 0.09019608 0.8980393 0.4313726 0.5686275 0.5882353 0.4117647 0.4 0.6 0.1294118 0.5803922 0.2901961 0.01176471 0.09019608 0.8980393 0.5607843 0.4392157 0.2705882 0.7294118 0.5686275 0.4313726 0.4117647 0.5882353 0.0509804 0.8588236 0.09019608 0.01176471 0.9294118 0.05882353 0.6 0.4 0.07058824 0.8274511 0.1019608 0.6196079 0.3803922 0.01960784 0.4705883 0.509804 0.5686275 0.4313726 0.6588235 0.01960784 0.3215686 0.07058824 0.1411765 0.7882354 0.4313726 0.5686275 0.01176471 0.1607843 0.8274511 0.0509804 0.1490196 0.3098039 0.4901961 0.01960784 0.07058824 0.5686275 0.3411765 0.2196079 0.7803922 0.7882354 0.2117647 0.03921569 0.3607843 0.6 0.3019608 0.6980392 0.8117648 0.1882353 0.8000001 0.2 0.8431373 0.07843138 0.07843138 0.2509804 0.7490196 0.7686275 0.2313726 0.0509804 0.3019608 0.6470588 0.6705883 0.01960784 0.3098039 0.0509804 0.3098039 0.6392157 0.3098039 0.6901961 0.8196079 0.1803922 0.7803922 0.2196079 0.03921569 0.3686275 0.5921569 0.03137255 0.4509804 0.03137255 0.4862745 0.6784314 0.01176471 0.01960784 0.2901961 0.9019608 0.01960784 0.07843138 0.8980393 0.1019608 0.6980392 0.03137255 0.2705882 0.8705883 0.09019608 0.03921569 0.1803922 0.1019608 0.7176471 0.8627452 0.07843138 0.05882353 0.4117647 0.5882353 0.6313726 0.3686275 0.03921569 0.882353 0.07843138 0.9490197 0.0509804 0.5882353 0.4117647 0.9882354 0.01176471 0.8705883 0.1294118 0.6313726 0.3686275 0.1215686 0.8784314 0.8000001 0.2 0.1215686 0.8784314 0.09019608 0.909804 0.8980393 0.1019608 0.4078432 0.3019608 0.2901961 0.9686275 0.03137255 0.6980392 0.01176471 0.01960784 0.2705882 0.09019608 0.07058824 0.8392158 0.01176471 0.8352942 0.01176471 0.1411765 0.01960784 0.4705883 0.509804 0.07843138 0.1215686 0.8000001 0.01960784 0.1019608 0.2901961 0.5882353 0.0509804 0.1490196 0.3098039 0.4901961 0.07058824 0.1411765 0.7882354 0.6 0.4 0.01176471 0.9294118 0.05882353 0.6 0.4 0.5882353 0.4117647 0.7411765 0.2588235 0.4392157 0.5607843 0.6196079 0.3803922 0.1411765 0.5803922 0.2784314 0.6196079 0.3803922 0.4588236 0.5411765 0.4509804 0.5490196 0.1607843 0.5882353 0.2509804 0.1490196 0.5803922 0.2705882 0.01176471 0.09019608 0.8980393 0.01176471 0.09019608 0.8980393 0.01960784 0.07843138 0.9019608 0.1607843 0.6 0.2392157 0.01176471 0.09019608 0.8980393 0.2901961 0.7098039 0.1490196 0.5921569 0.2588235 0.01176471 0.09019608 0.8980393 0.1882353 0.6901961 0.1215686 0.8000001 0.2 0.6588235 0.3411765 0.6980392 0.3019608 0.6980392 0.3019608 0.6588235 0.3411765 0.8000001 0.2 0.5803922 0.4196079 0.6 0.4 0.6 0.4 0.6 0.4 0.5803922 0.4196079 0.6 0.4 0.4 0.6 0.4 0.6 0.7490196 0.2509804 0.4 0.6 0.6 0.4 0.6980392 0.3019608 0.6980392 0.3019608 0.6 0.4 0.4 0.6 0.4 0.6 0.4 0.6 0.01176471 0.09019608 0.8980393 0.01176471 0.09019608 0.8980393 0.01176471 0.09019608 0.8980393 0.01176471 0.09019608 0.8980393 0.01176471 0.09019608 0.8980393 0.3411765 0.6196079 0.03921569 0.6 0.4 0.1098039 0.8196079 0.07058824 0.6 0.4 0.7490196 0.2509804 0.4 0.6 0.4 0.6 0.6588235 0.3411765 0.5607843 0.4392157 0.6980392 0.3019608 0.6 0.4 0.6 0.4 0.5607843 0.4392157 0.6980392 0.3019608 0.6588235 0.3411765 0.6980392 0.3019608 0.6980392 0.3019608 0.7490196 0.2509804 0.6 0.4 0.5803922 0.4196079 0.7490196 0.2509804 0.8784314 0.1215686 0.7490196 0.2509804 0.6 0.4 0.4 0.6 0.7490196 0.2509804 0.4 0.6 0.6 0.4 0.7490196 0.2509804 0.7686275 0.2313726 0.8000001 0.2 0.1215686 0.8274511 0.0509804 0.1098039 0.8196079 0.07058824 0.7490196 0.2509804 0.5803922 0.4196079 0.4 0.6 0.4 0.6 0.7490196 0.2509804 0.7490196 0.2509804 0.8784314 0.1215686 0.1215686 0.8274511 0.0509804 0.8000001 0.2 0.7686275 0.2313726 0.1098039 0.8196079 0.07058824 0.6 0.4 0.1882353 0.6901961 0.1215686 0.6 0.4 0.6 0.4 0.6 0.4 0.6 0.4 0.6 0.4 0.6 0.4 0.3411765 0.6196079 0.03921569 0.6 0.4 0.1098039 0.8196079 0.07058824 0.6 0.4 0.6 0.4 0.1294118 0.8705883 0.6 0.4 0.6 0.4 0.6 0.4 0.5803922 0.4196079 0.07843138 0.9215687 0.6 0.4 0.1294118 0.8705883 0.5607843 0.4392157 0.6588235 0.3411765 0.6 0.4 0.8000001 0.2 0.4 0.6 0.4 0.6 0.7490196 0.2509804 0.5803922 0.4196079 0.01176471 0.09019608 0.8980393 0.01176471 0.09019608 0.8980393 0.1294118 0.5803922 0.2901961 0.01176471 0.09019608 0.8980393 0.01176471 0.09019608 0.8980393 0.01960784 0.07843138 0.9019608 0.01176471 0.09019608 0.8980393 0.7490196 0.2509804 0.6 0.4 0.5803922 0.4196079 0.01960784 0.01176471 0.9686275 0.01960784 0.01176471 0.9686275 0.01960784 0.01176471 0.9686275 0.01960784 0.01176471 0.9686275 0.01960784 0.01176471 0.9686275 0.01960784 0.9803922 0.01176471 0.9882354 0.01176471 0.9882354 0.01176471 0.9882354 0.01176471 0.9882354 0.01960784 0.01176471 0.9686275 0.01960784 0.01176471 0.9686275 0.01960784 0.01176471 0.9686275 0.01960784 0.01176471 0.9686275 0.01960784 0.01176471 0.9686275 0.7490196 0.2509804 0.3294118 0.6509804 0.01960784 0.6 0.4 0.8784314 0.1215686 0.6196079 0.3607843 0.01960784 0.9411765 0.05882353 0.8784314 0.1215686 0.9803922 0.01960784 0.9803922 0.01960784 0.07058824 0.9294118 0.07058824 0.9294118 0.1490196 0.3019608 0.5490196 0.1490196 0.3019608 0.5490196 0.1490196 0.3019608 0.509804 0.03921569 0.2588235 0.482353 0.2588235 0.2588235 0.482353 0.2588235 0.3921569 0.3490196 0.1098039 0.1490196 0.3921569 0.3490196 0.1098039 0.1490196 0.3098039 0.2392157 0.07058824 0.3803922 0.3921569 0.3490196 0.1098039 0.1490196 0.3098039 0.2392157 0.07058824 0.3803922 0.1686275 0.07843138 0.01960784 0.7333333 0.3098039 0.2313726 0.07058824 0.3882353 0.1607843 0.07058824 0.01960784 0.7490196 0.01960784 0.01176471 0.9686275 0.01960784 0.01176471 0.9686275 0.01960784 0.01176471 0.9686275 0.01176471 0.9882354 0.3019608 0.2196079 0.0509804 0.427451 0.2901961 0.2 0.05882353 0.4509804 0.1215686 0.2196079 0.4 0.2588235 0.01960784 0.07058824 0.5686275 0.3411765 0.0509804 0.1490196 0.3098039 0.4901961 0.7882354 0.2117647 0.3294118 0.6509804 0.01960784 0.1215686 0.8274511 0.0509804 0.8000001 0.2 0.2901961 0.2 0.05882353 0.4509804 0.2784314 0.1882353 0.0509804 0.482353 0.2705882 0.1803922 0.0509804 0.4980392 0.2901961 0.2 0.05882353 0.4509804 0.2784314 0.1882353 0.0509804 0.482353 0.2901961 0.2 0.05882353 0.4509804 0.1411765 0.0509804 0.01176471 0.7960785 0.01960784 0.01176471 0.9686275 0.1607843 0.07058824 0.01960784 0.7490196 0.01960784 0.01176471 0.9686275 0.1686275 0.07843138 0.01960784 0.7333333 0.3098039 0.2313726 0.05882353 0.4 0.3098039 0.2313726 0.07058824 0.3882353 0.3098039 0.2392157 0.07058824 0.3803922 0.3921569 0.3490196 0.1098039 0.1490196 0.3882353 0.3411765 0.1098039 0.1607843 0.1215686 0.2196079 0.4 0.2588235 0.2705882 0.4784314 0.2509804 0.1490196 0.3019608 0.5490196 0.1607843 0.2705882 0.3882353 0.1803922 0.01960784 0.07058824 0.5686275 0.3411765 0.07058824 0.9294118 0.7882354 0.2117647 0.1215686 0.8274511 0.0509804 0.8000001 0.2 0.3294118 0.6509804 0.01960784 0.6196079 0.3607843 0.01960784 0.9411765 0.05882353 0.9803922 0.01960784 0.8784314 0.1215686 0.8784314 0.1215686 0.3294118 0.6509804 0.01960784 0.7490196 0.2509804 0.6 0.4 0.1215686 0.8274511 0.0509804 0.6 0.4 0.3294118 0.6509804 0.01960784 0.6 0.4 0.1098039 0.8196079 0.07058824 0.6 0.4 0.6 0.4 0.6 0.4 0.07843138 0.9215687 0.6 0.4 0.1294118 0.8705883 0.3411765 0.6196079 0.03921569 0.6 0.4 0.6 0.4 0.1215686 0.8274511 0.0509804 0.3294118 0.6509804 0.01960784 0.6 0.4 0.1098039 0.8196079 0.07058824 0.6 0.4 0.6 0.4 0.8000001 0.2 0.6588235 0.3411765 0.1294118 0.8705883 0.5607843 0.4392157 0.6 0.4 0.5803922 0.4196079 0.8000001 0.2 0.6980392 0.3019608 0.8000001 0.2 0.6980392 0.3019608 0.7490196 0.2509804 0.4 0.6 0.1098039 0.8196079 0.07058824 0.7686275 0.2313726 0.8196079 0.1803922 0.3411765 0.6196079 0.03921569 0.4588236 0.509804 0.01176471 0.01960784 0.03137255 0.4509804 0.03137255 0.4862745 0.482353 0.4784314 0.03921569 0.8901961 0.1098039 0.4588236 0.509804 0.01176471 0.01960784 0.8901961 0.1098039 0.3411765 0.6196079 0.03921569 0.482353 0.4784314 0.03921569 0.8196079 0.1803922 0.09019608 0.0509804 0.8588236 0.1098039 0.8196079 0.07058824 0.7686275 0.2313726 0.1215686 0.2196079 0.4 0.2588235 0.01960784 0.1019608 0.2901961 0.5882353 0.0509804 0.1490196 0.3098039 0.4901961 0.1294118 0.2313726 0.2509804 0.3882353 0.03137255 0.4509804 0.03137255 0.4862745 0.482353 0.4784314 0.03921569 0.2117647 0.2784314 0.4509804 0.05882353 0.8901961 0.1098039 0.2784314 0.4705883 0.2509804 0.2117647 0.2784314 0.4509804 0.05882353 0.8901961 0.1098039 0.482353 0.4784314 0.03921569 0.1294118 0.2313726 0.2509804 0.3882353 0.1215686 0.2196079 0.4 0.2588235 0.07843138 0.1215686 0.8000001 0.01176471 0.8352942 0.01176471 0.1411765 0.09019608 0.0509804 0.8588236 0.5882353 0.4117647 0.01176471 0.09019608 0.8980393 0.6196079 0.3803922 0.01176471 0.09019608 0.8980393 0.01176471 0.9294118 0.05882353 0.1607843 0.6 0.2392157 0.01176471 0.09019608 0.8980393 0.01176471 0.09019608 0.8980393 0.8980393 0.1019608 0.6313726 0.3686275 0.1215686 0.8784314 0.01176471 0.09019608 0.8980393 0.1803922 0.1019608 0.7176471 0.6980392 0.01176471 0.01960784 0.2705882 0.0509804 0.1490196 0.3098039 0.4901961 0.01960784 0.1019608 0.2901961 0.5882353 0.03137255 0.4509804 0.03137255 0.4862745 0.01960784 0.4588236 0.5215687 0.8196079 0.1803922 0.8705883 0.09019608 0.03921569 0.7686275 0.2313726 0.03921569 0.882353 0.07843138 0.0509804 0.3019608 0.6470588 0.8000001 0.2 0.7882354 0.2117647 0.5607843 0.4392157 0.01176471 0.09019608 0.8980393 0.2117647 0.7882354 0.5882353 0.4117647 0.01176471 0.9294118 0.05882353 0.03921569 0.3607843 0.6 0.01960784 0.07058824 0.5686275 0.3411765 0.6588235 0.01960784 0.3215686 0.0509804 0.1490196 0.3098039 0.4901961 0.01960784 0.01176471 0.9686275 0.01960784 0.01176471 0.9686275 0.01960784 0.01176471 0.9686275 0.1215686 0.2196079 0.4 0.2588235 0.01960784 0.4705883 0.509804 0.07843138 0.1215686 0.8000001 0.01176471 0.8352942 0.01176471 0.1411765 0.09019608 0.0509804 0.8588236 0.4078432 0.3019608 0.2901961 0.01176471 0.9294118 0.05882353 0.6980392 0.03137255 0.2705882 0.03921569 0.3686275 0.5921569 0.8196079 0.1803922 0.6 0.4 0.01176471 0.09019608 0.8980393 0.1607843 0.5882353 0.2509804 0.01960784 0.07843138 0.9019608 0.01176471 0.09019608 0.8980393 0.1215686 0.8784314 0.6196079 0.3803922 0.8980393 0.1019608 0.5882353 0.4117647 0.1294118 0.5803922 0.2901961 0.9882354 0.01176471 0.6784314 0.01176471 0.01960784 0.2901961 0.8705883 0.09019608 0.03921569 0.0509804 0.3098039 0.6392157 0.7686275 0.2313726 0.8000001 0.2 0.03921569 0.882353 0.07843138 0.6705883 0.01960784 0.3098039 0.3019608 0.6980392 0.7882354 0.2117647 0.01960784 0.07058824 0.5686275 0.3411765 0.8431373 0.07843138 0.07843138 0.6588235 0.01960784 0.3215686 0.1215686 0.2196079 0.4 0.2588235 0.01960784 0.4705883 0.509804 0.01176471 0.9294118 0.05882353 0.07058824 0.8274511 0.1019608 0.5686275 0.4313726 0.01176471 0.09019608 0.8980393 0.5607843 0.4392157 0.01176471 0.09019608 0.8980393 0.1882353 0.6901961 0.1215686</float_array>
          <technique_common>
            <accessor source="#geom-Clt_JKT023__M_JKT023-skin1-weights-array" count="4695" stride="1">
              <param name="WEIGHT" type="float"/>
            </accessor>
          </technique_common>
        </source>
        <joints>
          <input semantic="JOINT" source="#geom-Clt_JKT023__M_JKT023-skin1-joints"/>
          <input semantic="INV_BIND_MATRIX" source="#geom-Clt_JKT023__M_JKT023-skin1-bind_poses"/>
        </joints>
        <vertex_weights count="2783">
          <input semantic="JOINT" source="#geom-Clt_JKT023__M_JKT023-skin1-joints" offset="0"/>
          <input semantic="WEIGHT" source="#geom-Clt_JKT023__M_JKT023-skin1-weights" offset="1"/>
          <vcount>2 2 2 2 2 2 2 2 2 2 2 2 1 1 1 1 1 1 1 1 1 1 2 1 1 2 2 2 2 1 1 1 1 1 2 2 2 2 2 2 2 2 2 2 2 2 1 1 2 2 2 2 2 2 2 2 2 1 1 1 2 1 1 1 1 1 1 1 1 1 1 1 1 1 1 2 1 2 1 1 1 1 1 1 1 1 2 2 2 1 2 1 1 2 2 2 2 1 2 1 2 2 1 2 2 1 1 1 1 1 1 1 1 1 1 1 2 2 1 2 1 1 1 1 2 1 1 1 1 2 1 2 1 2 1 2 2 2 2 1 1 1 1 1 1 1 1 1 1 1 1 1 1 1 1 1 1 1 1 1 1 1 1 1 1 1 1 1 1 1 1 1 1 1 1 1 1 1 1 1 1 1 1 1 1 3 1 3 1 3 1 3 3 3 3 3 3 3 1 3 3 1 3 3 1 3 3 1 3 3 1 3 3 1 1 3 3 1 1 1 2 2 2 2 2 3 3 3 3 1 1 1 1 1 1 1 1 2 2 2 2 1 2 1 2 1 2 1 2 2 1 1 1 2 2 1 1 1 1 1 2 1 1 1 1 1 1 1 1 1 1 1 1 1 1 1 1 1 1 1 1 1 1 1 1 1 1 1 1 1 1 1 1 1 1 1 1 3 3 1 3 3 1 3 1 1 2 1 1 2 1 1 1 1 1 1 1 1 1 1 1 1 1 1 1 1 1 1 1 1 1 1 1 1 2 1 2 1 1 2 1 3 1 3 1 1 3 3 3 3 1 1 1 1 1 1 3 1 3 3 3 4 4 4 4 4 4 4 4 3 4 3 3 3 3 3 2 2 3 2 2 1 1 2 2 1 2 2 2 3 3 2 4 3 2 2 3 3 4 4 4 4 4 4 3 3 4 2 1 4 1 1 3 3 4 4 4 4 4 4 3 4 3 4 4 4 4 4 4 4 1 1 1 1 1 1 1 1 1 3 1 4 1 1 1 4 4 4 4 4 4 3 3 4 4 4 4 4 4 4 4 4 3 3 4 4 2 3 3 1 2 3 4 3 4 4 4 4 4 4 4 4 4 3 3 3 4 4 4 4 4 4 4 4 4 4 4 3 1 1 1 1 1 1 1 1 1 4 1 4 4 1 1 4 4 4 4 3 4 3 4 4 4 4 4 3 4 2 4 4 2 3 3 2 3 3 3 3 4 2 3 3 3 4 3 3 2 4 2 2 2 1 2 3 2 2 4 4 4 4 4 4 3 3 1 1 1 4 2 4 3 3 4 1 1 1 1 1 1 1 2 2 3 2 2 3 3 3 3 2 3 2 3 2 2 1 2 2 2 2 2 2 2 2 1 2 1 1 3 2 3 2 3 2 2 1 1 1 1 2 2 3 2 3 2 3 2 3 3 2 3 2 1 2 2 2 2 2 2 2 2 2 1 2 1 1 2 2 1 1 2 2 1 1 1 1 1 1 1 2 2 1 1 1 3 3 3 3 2 3 2 3 3 3 2 3 3 2 3 2 3 3 2 3 3 2 3 3 2 2 3 3 2 3 3 3 2 2 2 2 2 2 2 2 2 2 2 2 2 2 2 3 2 2 2 2 1 2 3 2 2 3 2 1 3 3 2 4 3 2 4 3 2 3 3 3 3 4 4 4 3 4 3 3 2 2 3 2 2 2 3 2 2 3 3 4 2 2 3 2 2 3 2 4 3 3 4 3 3 3 3 3 3 3 3 3 2 3 2 2 3 3 3 2 3 3 2 2 3 3 2 2 2 3 2 2 3 2 2 2 2 2 2 2 3 2 2 2 2 2 2 3 2 3 2 2 3 2 3 2 2 2 2 2 2 3 2 3 3 3 2 2 2 2 2 2 2 1 1 3 3 3 1 3 3 1 3 3 3 3 3 1 3 3 1 3 3 1 3 3 1 3 3 1 3 3 1 1 3 3 3 3 3 3 2 3 2 3 3 3 2 3 3 3 2 2 2 2 2 2 2 2 2 2 2 3 3 2 2 2 2 2 2 2 2 2 2 3 2 2 3 3 2 3 2 3 3 2 2 2 2 2 3 3 3 3 2 3 3 2 3 2 3 3 3 3 2 2 2 2 2 2 2 2 2 2 2 3 2 2 2 2 3 2 1 3 2 2 3 3 2 4 3 2 4 3 2 3 2 3 3 4 4 4 3 4 3 3 2 2 3 3 2 2 2 3 2 2 3 3 4 2 2 3 3 3 3 3 3 2 2 2 2 2 4 3 3 3 4 3 3 3 3 3 3 3 3 3 3 3 2 3 2 2 2 2 2 2 2 3 2 3 2 2 1 2 2 2 2 2 2 1 1 1 1 1 1 1 1 1 1 1 1 1 1 1 1 1 1 1 1 1 1 1 1 1 1 1 1 1 1 1 1 1 1 1 1 1 1 1 1 1 1 3 3 3 3 2 2 4 2 4 1 1 2 2 2 1 2 2 2 2 1 1 2 2 2 2 2 2 2 2 2 2 2 2 2 2 2 2 2 2 1 1 1 1 1 2 2 2 1 2 2 2 2 1 1 2 2 2 2 2 2 2 2 2 2 2 2 2 2 1 1 2 1 2 2 2 1 3 1 3 1 3 1 1 1 1 1 1 1 1 1 1 1 1 1 1 1 1 1 1 1 1 1 1 1 1 1 1 1 1 1 1 1 1 1 1 1 1 1 1 1 1 1 1 1 1 1 1 1 1 3 2 2 3 2 3 3 3 4 4 4 3 4 3 2 2 2 1 1 1 2 2 2 3 4 3 3 4 4 3 3 3 2 4 3 2 2 1 1 1 1 1 1 1 1 1 1 1 1 1 1 1 1 1 1 1 1 1 1 1 1 1 1 1 1 1 1 1 1 1 1 1 1 1 1 1 1 1 1 3 1 1 1 1 1 1 1 1 1 1 1 1 1 1 1 1 1 1 1 1 1 1 1 1 1 1 1 1 1 1 1 1 1 1 1 3 1 1 1 1 1 1 1 1 1 1 2 2 2 2 2 2 2 2 2 2 2 2 1 1 1 1 1 1 1 1 1 1 2 1 1 1 1 1 1 1 1 2 2 2 2 1 1 1 1 1 1 2 2 1 2 1 1 1 1 1 1 1 1 1 3 3 1 3 3 1 3 1 3 3 1 3 1 3 1 1 3 1 1 3 2 2 2 2 2 2 2 2 2 2 2 2 1 1 2 2 2 2 2 2 2 2 2 1 1 1 2 1 1 1 1 1 1 1 1 1 1 2 1 2 2 2 2 1 2 1 1 2 2 2 2 1 2 2 3 3 3 2 2 3 2 1 2 2 1 2 2 1 1 1 1 1 1 1 1 1 2 2 2 1 1 1 1 1 1 1 1 1 1 1 1 1 1 1 1 1 1 1 2 1 2 2 2 2 2 2 2 2 2 2 1 1 1 2 1 2 2 2 2 1 1 1 1 1 1 1 1 2 2 2 1 2 2 1 2 1 1 2 2 1 1 1 1 1 2 1 1 1 1 1 1 1 1 1 1 1 1 1 1 3 3 1 3 3 1 3 1 1 2 1 1 2 1 1 1 1 1 1 1 1 1 1 1 1 1 1 1 1 1 1 1 1 1 1 1 2 1 1 1 2 2 1 3 1 3 1 1 3 3 3 3 1 1 1 1 1 1 3 1 3 3 3 4 2 1 4 4 4 4 4 4 4 4 4 4 3 3 3 3 3 2 2 3 2 2 1 1 2 2 1 2 2 2 4 3 2 3 3 2 2 2 2 3 3 2 4 4 4 4 4 3 3 3 4 4 4 4 4 4 4 4 4 4 4 4 3 1 1 1 1 1 1 1 1 1 1 1 3 1 4 4 4 4 4 4 3 3 4 4 4 4 4 4 3 4 4 3 4 4 2 3 3 1 2 3 4 3 4 4 4 4 4 4 4 4 3 3 3 4 4 4 4 4 4 4 4 4 4 4 3 1 1 1 1 1 1 1 1 1 1 1 1 4 1 4 4 1 1 4 4 2 1 4 3 1 1 3 3 4 4 3 4 4 4 4 4 4 4 4 4 4 3 3 3 3 3 3 2 2 4 4 3 4 4 4 4 2 3 3 2 3 2 3 2 2 2 1 2 3 2 2 1 1 1 1 2 2 3 2 3 2 3 2 2 1 2 2 2 2 2 2 2 2 1 2 1 1 2 3 3 2 3 2 1 2 2 2 2 2 2 2 2 2 1 2 1 1 1 1 3 3 1 3 3 1 3 3 1 3 1 3 1 3 1 3 1 1 1 3 2 1 2 2 2 2 2 2 2 2 2 2 1 1 1 1 1 1 1 1 1 3 3 3 3 2 3 2 2 2 1 1 1 1 2 2 3 2 2 3 2 2 1 1 2 2 1 1 1 1 1 1 1 2 2 1 1 1 1 1 1 1 1 1 1 1 1 1 1 1 1 1 1 1 1 1 1 1 1 1 1 1 1 1 1 1 2 2 1 2 1 1 1 1 1 2 3 3 3 3 3 2 2 3 3 2 3 3 2 3 2 3 2 3 2 3 3 3 3 3 4 4 3 2 2 2 2 2 2 2 2 3 3 3 3 3 3 2 2 3 3 3 2 2 3 3 2 2 2 3 3 3 2 3 3 3 3 3 2 2 2 2 2 2 2 2 2 2 3 1 1 2 3 3 2 2 3 3 2 2 3 2 3 3 2 4 4 3 3 4 3 3 4 4 3 2 4 4 2 3 2 2 3 3 2 1 2 1 1 2 2 2 3 4 3 2 4 3 3 2 2 3 1 1 1 1 1 1 1 1 1 1 3 3 3 3 3 2 3 3 2 2 2 3 3 2 2 2 2 3 3 2 3 2 3 2 3 3 2 3 4 4 2 2 3 2 2 2 3 2 2 3 3 3 2 2 2 3 4 4 3 2 3 3 3 3 2 2 3 2 2 2 2 2 2 1 2 2 1 2 2 3 2 4 3 4 3 3 4 4 3 2 3 2 2 2 2 2 3 2 2 2 3 3 3 3 3 3 3 2 3 3 3 1 1 1 1 1 1 1 1 1 2 2 2 2 2 2 1 1 1 1 1 1 2 2 2 2 2 2 2 1 1 1 2 2 1 1 1 1 2 1 1 1 1 1 1 1 1 1 1 1 2 2 2 2 1 2 2 1 2 1 1 3 3 1 1 3 1 3 1 3 1 3 2 3 2 1 1 1 1 1 1 1 1 2 2 1 1 1 1 1 2 2 2 2 2 2 2 2 2 1 1 2 2 2 2 2 1 1 1 2 1 1 2 1 2 2 2 2 1 2 2 2 1 2 2 3 3 2 2 1 2 2 1 2 1 1 2 1 2 3 2 2 3 2 1 1 1 1 3 1 1 1 1 1 1 1 2 1 2 2 1 2 2 1 1 1 1 1 2 1 3 2 3 1 1 1 2 2 2 2 2 1 2 2 1 2 2 2 2 2 2 2 1 2 1 2 2 2 3 1 1 3 1 3 3 1 1 3 3 1 3 1 1 1 2 1 2 2 1 1 1 3 3 1 3 3 1 3 1 1 2 1 1 2 1 1 1 1 1 1 1 1 1 1 1 1 1 1 1 1 1 1 1 1 1 1 1 2 1 1 1 2 2 1 3 1 3 3 3 1 3 2 3 2 2 3 2 1 2 2 1 2 2 2 3 3 4 3 3 4 4 4 4 4 4 4 4 3 3 1 3 2 1 1 1 1 1 4 1 1 4 1 1 4 1 1 1 4 4 2 3 3 2 4 1 1 1 4 1 1 1 4 1 1 1 1 1 1 4 1 1 4 1 1 4 1 1 4 3 1 4 1 1 3 4 4 4 4 4 4 4 3 3 4 4 2 2 3 2 3 3 2 2 2 1 2 3 2 2 3 2 3 2 3 2 2 1 2 2 2 2 3 2 2 3 3 2 3 2 1 2 2 2 2 2 2 2 1 2 2 1 1 2 2 1 2 2 1 1 1 3 2 2 3 4 4 3 2 1 1 4 1 2 3 3 2 3 3 2 4 4 4 4 4 3 4 2 1 3 4 2 3 4 4 3 4 3 1 2 3 2 3 3 3 3 3 2 2 2 3 3 4 4 4 4 3 2 3 2 3 3 2 2 2 3 2 2 1 3 3 4 3 4 1 3 3 1 3 1 1 1 4 3 3 4 3 3 3 3 3 2 2 1 3 3 3 3 2 2 2 2 3 2 4 3 3 2 2 3 3 2 2 4 3 3 4 3 3 3 2 1 3 2 3 3 1 1 1 1 1</vcount>
          <v>3 1 11 2 3 3 11 4 3 5 11 6 3 7 4 8 3 9 4 10 3 11 4 12 3 13 4 14 3 15 4 16 3 17 4 18 3 19 11 20 3 21 11 22 3 23 11 24 3 0 3 0 3 0 3 0 3 0 3 0 3 0 3 0 3 0 3 0 3 25 11 26 3 0 3 0 3 27 4 28 3 29 4 30 3 31 11 32 3 33 11 34 3 0 3 0 3 0 3 0 3 0 3 35 11 36 3 37 11 38 3 39 11 40 3 41 11 42 3 43 4 44 3 45 4 46 3 47 4 48 3 49 4 50 3 51 4 52 3 53 4 54 3 55 4 56 3 57 4 58 3 0 3 0 3 59 4 60 3 61 11 62 3 63 11 64 3 65 11 66 3 67 11 68 3 69 11 70 3 71 11 72 3 73 11 74 3 75 11 76 3 0 3 0 3 0 3 77 11 78 3 0 3 0 3 0 3 0 3 0 18 0 18 0 18 0 18 0 3 0 3 0 3 0 3 0 3 0 3 79 11 80 3 0 3 81 11 82 3 0 3 0 3 0 3 0 3 0 3 0 3 0 3 0 3 83 4 84 3 85 4 86 3 87 4 88 4 0 3 89 11 90 3 0 3 0 3 91 11 92 3 93 11 94 3 95 11 96 3 97 11 98 11 0 3 99 11 100 3 0 3 101 11 102 3 103 11 104 3 0 3 105 4 106 3 107 4 108 3 0 3 0 3 0 3 0 3 0 3 0 3 0 3 0 3 0 3 0 3 0 3 109 4 110 3 111 4 112 3 0 3 113 4 114 3 0 3 0 3 0 3 0 3 115 4 116 3 0 3 0 3 0 3 0 3 117 4 118 4 0 3 119 4 120 4 0 3 121 4 122 4 0 3 123 4 124 3 125 4 126 3 127 4 128 3 129 4 130 9 0 9 0 9 0 9 0 9 0 9 0 9 0 9 0 9 0 9 0 9 0 9 0 9 0 9 0 9 0 9 0 9 0 9 0 9 0 9 0 9 0 9 0 16 0 16 0 16 0 16 0 16 0 16 0 16 0 16 0 16 0 16 0 16 0 16 0 16 0 16 0 16 0 16 0 16 0 16 0 16 0 16 0 16 0 16 0 16 0 16 0 13 131 15 132 16 133 16 0 13 134 15 135 16 136 16 0 13 137 15 138 16 139 16 0 13 140 15 141 16 142 13 143 15 144 16 145 13 146 15 147 16 148 13 149 15 150 16 151 13 152 15 153 16 154 13 155 15 156 16 157 13 158 15 159 16 160 16 0 13 161 15 162 16 163 13 164 15 165 16 166 16 0 13 167 15 168 16 169 13 170 15 171 16 172 16 0 13 173 15 174 16 175 13 176 15 177 16 178 16 0 13 179 15 180 16 181 13 182 15 183 16 184 16 0 13 185 15 186 16 187 13 188 15 189 16 190 16 0 16 0 13 191 15 192 16 193 13 194 15 195 16 196 3 0 3 0 3 0 3 197 4 198 3 199 4 200 3 201 4 202 11 203 17 204 11 205 17 206 3 207 11 208 17 209 3 210 11 211 17 212 3 213 11 214 17 215 3 216 11 217 17 218 18 0 18 0 18 0 18 0 18 0 18 0 18 0 18 0 3 219 11 220 3 221 11 222 3 223 11 224 3 225 11 226 11 0 3 227 11 228 11 0 3 229 11 230 11 0 3 231 11 232 3 0 3 233 11 234 3 235 11 236 3 0 3 0 3 0 3 237 11 238 3 239 11 240 3 0 3 0 3 0 3 0 3 0 3 241 11 242 3 0 3 0 3 0 18 0 18 0 18 0 18 0 18 0 18 0 18 0 18 0 18 0 18 0 18 0 18 0 18 0 18 0 18 0 18 0 18 0 18 0 18 0 18 0 18 0 18 0 18 0 18 0 18 0 18 0 18 0 18 0 18 0 18 0 18 0 18 0 18 0 1 243 2 244 18 245 1 246 2 247 18 248 18 0 1 249 2 250 18 251 1 252 2 253 18 254 18 0 1 255 2 256 18 257 18 0 18 0 1 258 18 259 18 0 18 0 1 260 18 261 18 0 18 0 18 0 18 0 18 0 18 0 18 0 18 0 18 0 18 0 18 0 18 0 18 0 18 0 18 0 18 0 18 0 18 0 18 0 18 0 18 0 18 0 18 0 18 0 1 262 18 263 18 0 1 264 18 265 18 0 18 0 1 266 18 267 18 0 1 268 2 269 18 270 18 0 1 271 2 272 18 273 18 0 18 0 1 274 2 275 18 276 1 277 2 278 18 279 1 280 2 281 18 282 1 283 2 284 18 285 18 0 18 0 18 0 18 0 18 0 18 0 1 286 2 287 18 288 18 0 1 289 2 290 18 291 1 292 2 293 18 294 1 295 2 296 18 297 1 298 2 299 3 300 18 301 1 302 2 303 3 304 18 305 1 306 2 307 3 308 18 309 1 310 2 311 3 312 18 313 1 314 2 315 3 316 18 317 1 318 2 319 3 320 18 321 1 322 2 323 3 324 18 325 1 326 2 327 3 328 18 329 1 330 2 331 3 332 1 333 2 334 3 335 18 336 1 337 2 338 3 339 1 340 2 341 3 342 1 343 2 344 3 345 1 346 2 347 3 348 1 349 2 350 3 351 2 352 3 353 2 354 3 355 1 356 2 357 3 358 3 359 11 360 3 361 11 362 3 0 3 0 2 363 3 364 3 365 4 366 3 0 2 367 3 368 3 369 4 370 3 371 4 372 1 373 2 374 3 375 3 376 4 377 10 378 3 379 4 380 1 381 2 382 3 383 4 384 3 385 4 386 10 387 3 388 4 389 3 390 4 391 2 392 3 393 4 394 1 395 2 396 3 397 1 398 2 399 3 400 4 401 1 402 2 403 3 404 18 405 1 406 2 407 3 408 18 409 1 410 2 411 3 412 18 413 1 414 2 415 3 416 18 417 1 418 2 419 3 420 18 421 1 422 2 423 3 424 1 425 2 426 18 427 1 428 2 429 3 430 18 431 1 432 18 433 18 0 1 434 2 435 3 436 18 437 18 0 18 0 1 438 2 439 18 440 1 441 2 442 18 443 1 444 2 445 3 446 18 447 1 448 2 449 3 450 18 451 1 452 2 453 3 454 18 455 1 456 2 457 3 458 18 459 1 460 2 461 3 462 18 463 1 464 2 465 3 466 18 467 1 468 2 469 3 470 1 471 2 472 3 473 4 474 1 475 2 476 3 477 1 478 2 479 3 480 18 481 1 482 2 483 3 484 4 485 1 486 2 487 3 488 18 489 2 490 3 491 4 492 10 493 2 494 3 495 4 496 10 497 1 498 2 499 3 500 18 501 1 502 2 503 3 504 18 505 18 0 18 0 18 0 18 0 18 0 18 0 18 0 18 0 18 0 1 506 2 507 18 508 18 0 1 509 2 510 3 511 18 512 18 0 18 0 18 0 1 513 2 514 3 515 18 516 1 517 2 518 3 519 18 520 1 521 2 522 3 523 18 524 1 525 2 526 3 527 18 528 1 529 2 530 3 531 18 532 1 533 2 534 3 535 18 536 1 537 2 538 3 539 1 540 2 541 3 542 1 543 2 544 3 545 4 546 2 547 3 548 4 549 10 550 2 551 3 552 4 553 10 554 1 555 2 556 3 557 4 558 3 559 4 560 5 561 10 562 1 563 2 564 3 565 18 566 3 567 4 568 5 569 10 570 3 571 4 572 5 573 10 574 2 575 3 576 4 577 5 578 3 579 4 580 5 581 1 582 2 583 3 584 1 585 2 586 3 587 4 588 1 589 2 590 3 591 4 592 3 593 4 594 1 595 2 596 3 597 1 598 2 599 3 600 3 0 3 601 11 602 1 603 2 604 3 605 1 606 2 607 3 608 11 609 3 610 11 611 12 612 1 613 2 614 3 615 11 616 2 617 3 618 11 619 12 620 3 621 11 622 12 623 17 624 3 625 11 626 12 627 17 628 3 629 11 630 12 631 17 632 1 633 2 634 3 635 11 636 2 637 3 638 11 639 17 640 1 641 2 642 3 643 11 644 2 645 3 646 11 647 17 648 1 649 2 650 3 651 1 652 2 653 3 654 1 655 2 656 3 657 1 658 2 659 3 660 18 661 1 662 2 663 3 664 18 665 1 666 2 667 3 668 18 669 1 670 2 671 3 672 18 673 1 674 2 675 3 676 18 677 1 678 2 679 3 680 18 681 1 682 2 683 3 684 18 685 1 686 2 687 3 688 18 689 1 690 2 691 3 692 18 693 1 694 2 695 3 696 18 697 1 698 2 699 3 700 18 701 1 702 2 703 18 704 18 0 18 0 18 0 18 0 18 0 18 0 18 0 18 0 18 0 1 705 2 706 3 707 18 708 18 0 1 709 2 710 3 711 18 712 1 713 2 714 3 715 18 716 18 0 18 0 1 717 2 718 3 719 18 720 1 721 2 722 3 723 18 724 1 725 2 726 3 727 18 728 1 729 2 730 3 731 18 732 1 733 2 734 3 735 1 736 2 737 3 738 18 739 1 740 2 741 3 742 1 743 2 744 3 745 11 746 1 747 2 748 3 749 18 750 2 751 3 752 11 753 17 754 2 755 3 756 11 757 17 758 1 759 2 760 3 761 11 762 1 763 2 764 3 765 2 766 3 767 11 768 12 769 11 770 17 771 1 772 2 773 3 774 11 775 3 776 11 777 12 778 17 779 11 780 17 781 2 782 3 783 11 784 11 785 12 786 17 787 11 788 17 789 3 790 11 791 17 792 3 793 11 794 17 795 3 796 11 797 17 798 3 799 11 800 17 801 1 802 2 803 3 804 11 805 2 806 3 807 1 808 2 809 3 810 1 811 2 812 3 813 1 814 2 815 3 816 1 817 2 818 3 819 18 820 1 821 2 822 3 823 1 824 2 825 3 826 2 827 3 828 1 829 2 830 3 831 18 832 3 833 11 834 3 835 11 836 3 837 11 838 3 0 3 839 11 840 3 841 11 842 17 843 3 844 11 845 3 846 11 847 1 848 2 849 3 850 18 851 1 852 2 853 3 854 18 855 1 856 2 857 3 858 18 859 1 860 2 861 3 862 18 863 1 864 2 865 3 866 18 867 1 868 2 869 3 870 18 871 1 872 2 873 18 874 1 875 2 876 18 877 18 0 18 0 18 0 1 878 2 879 3 880 18 881 1 882 18 883 1 884 2 885 3 886 18 887 1 888 2 889 18 890 1 891 2 892 18 893 1 894 2 895 3 896 18 897 3 0 3 0 3 0 3 0 3 0 3 0 3 0 3 898 4 899 3 900 4 901 3 902 4 903 10 904 4 905 10 906 4 907 10 908 3 909 4 910 10 911 3 912 4 913 10 914 3 915 4 916 10 917 3 918 4 919 10 920 3 921 4 922 3 923 4 924 10 925 3 926 4 927 3 928 4 929 10 930 3 931 4 932 3 933 4 934 4 0 3 935 4 936 3 937 4 938 3 939 4 940 3 941 4 942 3 943 4 944 3 945 4 946 3 947 4 948 3 949 4 950 3 0 3 951 4 952 3 0 3 0 3 953 4 954 10 955 3 956 4 957 3 958 4 959 10 960 3 961 4 962 3 963 4 964 10 965 3 966 4 967 3 968 4 969 3 0 3 0 3 0 3 0 3 970 11 971 3 972 11 973 3 974 11 975 17 976 3 977 11 978 3 979 11 980 17 981 3 982 11 983 3 984 11 985 17 986 3 987 11 988 3 989 11 990 17 991 3 992 11 993 17 994 3 995 11 996 3 997 11 998 17 999 3 1000 11 1001 11 0 3 1002 11 1003 3 1004 11 1005 3 1006 11 1007 3 1008 11 1009 3 1010 11 1011 3 1012 11 1013 3 1014 11 1015 3 1016 11 1017 3 1018 11 1019 3 0 3 1020 11 1021 3 0 3 0 3 1022 11 1023 3 1024 11 1025 3 0 3 0 3 1026 4 1027 3 1028 4 1029 18 0 18 0 18 0 18 0 18 0 18 0 3 0 3 1030 4 1031 3 1032 4 1033 3 0 3 0 3 0 6 1034 8 1035 9 1036 6 1037 8 1038 9 1039 6 1040 8 1041 9 1042 6 1043 8 1044 9 1045 6 1046 8 1047 6 1048 8 1049 9 1050 6 1051 8 1052 6 1053 8 1054 9 1055 6 1056 8 1057 9 1058 6 1059 8 1060 9 1061 6 1062 8 1063 6 1064 8 1065 9 1066 6 1067 8 1068 9 1069 6 1070 8 1071 6 1072 8 1073 9 1074 6 1075 8 1076 6 1077 8 1078 9 1079 6 1080 8 1081 9 1082 6 1083 8 1084 6 1085 8 1086 9 1087 6 1088 8 1089 9 1090 6 1091 8 1092 6 1093 8 1094 9 1095 6 1096 8 1097 9 1098 6 1099 8 1100 6 1101 8 1102 6 1103 8 1104 9 1105 6 1106 8 1107 9 1108 6 1109 8 1110 6 1111 8 1112 9 1113 6 1114 8 1115 9 1116 6 1117 8 1118 9 1119 6 1120 8 1121 6 1122 8 1123 6 1124 8 1125 6 1126 8 1127 6 1128 8 1129 6 1130 8 1131 6 1132 8 1133 6 1134 8 1135 6 1136 8 1137 6 1138 8 1139 6 1140 8 1141 6 1142 8 1143 6 1144 8 1145 6 1146 8 1147 6 1148 8 1149 5 1150 6 1151 8 1152 6 1153 8 1154 6 1155 8 1156 6 1157 8 1158 5 1159 6 1160 6 0 6 1161 8 1162 5 1163 6 1164 7 1165 5 1166 6 1167 6 1168 7 1169 5 1170 6 1171 7 1172 5 1173 6 1174 6 0 5 1175 6 1176 7 1177 5 1178 6 1179 10 1180 6 1181 7 1182 5 1183 6 1184 7 1185 10 1186 5 1187 6 1188 10 1189 5 1190 7 1191 5 1192 6 1193 7 1194 10 1195 4 1196 5 1197 10 1198 5 1199 7 1200 4 1201 5 1202 10 1203 5 1204 7 1205 10 1206 4 1207 5 1208 10 1209 4 1210 5 1211 10 1212 2 1213 3 1214 4 1215 10 1216 2 1217 3 1218 4 1219 10 1220 3 1221 4 1222 5 1223 10 1224 4 1225 5 1226 10 1227 3 1228 4 1229 5 1230 10 1231 4 1232 5 1233 10 1234 4 1235 5 1236 10 1237 4 1238 10 1239 4 1240 10 1241 4 1242 5 1243 10 1244 4 1245 10 1246 4 1247 10 1248 4 1249 10 1250 5 1251 7 1252 10 1253 4 1254 10 1255 4 1256 10 1257 4 1258 5 1259 10 1260 4 1261 5 1262 10 1263 5 1264 6 1265 7 1266 10 1267 4 1268 10 1269 4 1270 10 1271 4 1272 5 1273 10 1274 4 1275 10 1276 4 1277 10 1278 5 1279 6 1280 10 1281 4 1282 10 1283 2 1284 3 1285 4 1286 10 1287 4 1288 5 1289 10 1290 3 1291 4 1292 10 1293 2 1294 3 1295 4 1296 10 1297 4 1298 5 1299 10 1300 4 1301 5 1302 10 1303 4 1304 5 1305 10 1306 4 1307 5 1308 10 1309 5 1310 6 1311 10 1312 5 1313 6 1314 10 1315 5 1316 6 1317 10 1318 5 1319 6 1320 10 1321 5 1322 6 1323 10 1324 5 1325 6 1326 5 1327 6 1328 10 1329 5 1330 6 1331 5 1332 6 1333 5 1334 6 1335 10 1336 5 1337 6 1338 10 1339 5 1340 6 1341 10 1342 5 1343 6 1344 5 1345 6 1346 10 1347 5 1348 6 1349 10 1350 5 1351 6 1352 5 1353 6 1354 5 1355 6 1356 7 1357 5 1358 6 1359 7 1360 5 1361 7 1362 5 1363 7 1364 6 1365 7 1366 5 1367 6 1368 7 1369 6 1370 7 1371 5 1372 6 1373 5 1374 6 1375 7 1376 6 1377 8 1378 5 1379 6 1380 5 1381 6 1382 5 1383 6 1384 5 1385 6 1386 6 1387 8 1388 6 1389 8 1390 5 1391 6 1392 8 1393 6 1394 8 1395 6 1396 8 1397 6 1398 8 1399 6 1400 8 1401 6 1402 8 1403 6 1404 8 1405 5 1406 6 1407 8 1408 6 1409 8 1410 5 1411 6 1412 8 1413 6 1414 8 1415 6 1416 8 1417 5 1418 6 1419 8 1420 6 1421 8 1422 5 1423 6 1424 8 1425 6 1426 8 1427 6 1428 8 1429 6 1430 8 1431 6 1432 8 1433 6 1434 8 1435 6 1436 8 1437 5 1438 6 1439 8 1440 6 1441 8 1442 5 1443 6 1444 8 1445 5 1446 6 1447 8 1448 5 1449 6 1450 8 1451 5 1452 6 1453 5 1454 6 1455 5 1456 6 1457 5 1458 6 1459 5 1460 6 1461 5 1462 6 1463 5 1464 6 1465 9 0 9 0 6 1466 8 1467 9 1468 6 1469 8 1470 9 1471 6 1472 8 1473 9 1474 9 0 6 1475 8 1476 9 1477 6 1478 8 1479 9 1480 9 0 6 1481 8 1482 9 1483 6 1484 8 1485 9 1486 6 1487 8 1488 9 1489 6 1490 8 1491 9 1492 6 1493 8 1494 9 1495 9 0 6 1496 8 1497 9 1498 6 1499 8 1500 9 1501 9 0 6 1502 8 1503 9 1504 6 1505 8 1506 9 1507 9 0 6 1508 8 1509 9 1510 6 1511 8 1512 9 1513 9 0 6 1514 8 1515 9 1516 6 1517 8 1518 9 1519 9 0 6 1520 8 1521 9 1522 6 1523 8 1524 9 1525 9 0 9 0 6 1526 8 1527 9 1528 6 1529 8 1530 9 1531 13 1532 15 1533 16 1534 13 1535 15 1536 16 1537 13 1538 15 1539 16 1540 13 1541 15 1542 16 1543 13 1544 15 1545 13 1546 15 1547 16 1548 13 1549 15 1550 13 1551 15 1552 16 1553 13 1554 15 1555 16 1556 13 1557 15 1558 16 1559 13 1560 15 1561 13 1562 15 1563 16 1564 13 1565 15 1566 16 1567 13 1568 15 1569 16 1570 13 1571 15 1572 13 1573 15 1574 13 1575 15 1576 13 1577 15 1578 13 1579 15 1580 13 1581 15 1582 13 1583 15 1584 13 1585 15 1586 13 1587 15 1588 13 1589 15 1590 13 1591 15 1592 12 1593 13 1594 15 1595 12 1596 13 1597 15 1598 13 1599 15 1600 12 1601 13 1602 12 1603 13 1604 13 1605 15 1606 12 1607 13 1608 12 1609 13 1610 12 1611 13 1612 12 1613 13 1614 12 1615 13 1616 12 1617 13 1618 12 1619 13 1620 15 1621 12 1622 13 1623 13 1624 15 1625 12 1626 13 1627 15 1628 12 1629 13 1630 15 1631 13 1632 15 1633 12 1634 13 1635 15 1636 13 1637 15 1638 12 1639 13 1640 15 1641 12 1642 13 1643 15 1644 13 1645 15 1646 13 1647 15 1648 13 1649 15 1650 13 1651 15 1652 13 1653 15 1654 13 1655 15 1656 16 1657 13 1658 15 1659 16 1660 13 1661 15 1662 16 1663 13 1664 15 1665 16 1666 13 1667 15 1668 13 1669 15 1670 16 1671 13 1672 15 1673 16 1674 13 1675 15 1676 13 1677 15 1678 16 1679 13 1680 15 1681 13 1682 15 1683 16 1684 13 1685 15 1686 16 1687 13 1688 15 1689 16 1690 13 1691 15 1692 16 1693 13 1694 15 1695 13 1696 15 1697 13 1698 15 1699 13 1700 15 1701 13 1702 15 1703 13 1704 15 1705 13 1706 15 1707 13 1708 15 1709 13 1710 15 1711 13 1712 15 1713 13 1714 15 1715 12 1716 13 1717 15 1718 13 1719 15 1720 13 1721 15 1722 12 1723 13 1724 13 1725 15 1726 12 1727 13 1728 14 1729 12 1730 13 1731 13 0 12 1732 13 1733 14 1734 12 1735 13 1736 13 1737 14 1738 12 1739 13 1740 14 1741 12 1742 13 1743 17 1744 13 1745 14 1746 12 1747 13 1748 14 1749 17 1750 12 1751 13 1752 17 1753 12 1754 14 1755 12 1756 13 1757 14 1758 17 1759 11 1760 12 1761 17 1762 12 1763 14 1764 11 1765 12 1766 17 1767 13 1768 14 1769 11 1770 12 1771 17 1772 11 1773 12 1774 17 1775 2 1776 3 1777 11 1778 17 1779 2 1780 3 1781 11 1782 17 1783 3 1784 11 1785 12 1786 17 1787 11 1788 12 1789 17 1790 3 1791 11 1792 12 1793 17 1794 11 1795 12 1796 17 1797 11 1798 12 1799 17 1800 11 1801 17 1802 11 1803 17 1804 11 1805 12 1806 17 1807 12 1808 14 1809 17 1810 11 1811 17 1812 11 1813 17 1814 11 1815 17 1816 12 1817 14 1818 17 1819 11 1820 17 1821 11 1822 17 1823 11 1824 12 1825 17 1826 11 1827 12 1828 17 1829 12 1830 13 1831 14 1832 17 1833 12 1834 14 1835 12 1836 14 1837 12 1838 13 1839 14 1840 12 1841 13 1842 14 1843 12 1844 13 1845 17 1846 12 1847 13 1848 17 1849 11 1850 12 1851 17 1852 12 1853 13 1854 17 1855 11 1856 17 1857 11 1858 17 1859 11 1860 17 1861 11 1862 17 1863 11 1864 17 1865 2 1866 3 1867 11 1868 17 1869 11 1870 12 1871 17 1872 12 1873 13 1874 17 1875 3 1876 11 1877 17 1878 2 1879 3 1880 11 1881 17 1882 11 1883 12 1884 17 1885 11 1886 12 1887 17 1888 11 1889 12 1890 17 1891 11 1892 12 1893 17 1894 12 1895 13 1896 17 1897 12 1898 13 1899 17 1900 12 1901 13 1902 17 1903 12 1904 13 1905 17 1906 12 1907 13 1908 17 1909 12 1910 13 1911 17 1912 12 1913 13 1914 17 1915 12 1916 13 1917 12 1918 13 1919 17 1920 12 1921 13 1922 12 1923 13 1924 12 1925 13 1926 12 1927 13 1928 12 1929 13 1930 12 1931 13 1932 12 1933 13 1934 12 1935 13 1936 14 1937 12 1938 13 1939 12 1940 13 1941 14 1942 13 1943 14 1944 13 1945 15 1946 13 0 13 1947 15 1948 13 1949 15 1950 13 1951 15 1952 13 1953 15 1954 13 1955 15 1956 13 1957 15 1958 18 0 18 0 18 0 18 0 18 0 18 0 18 0 18 0 18 0 18 0 18 0 18 0 18 0 18 0 18 0 18 0 18 0 18 0 18 0 18 0 18 0 18 0 18 0 18 0 18 0 18 0 18 0 18 0 18 0 18 0 18 0 18 0 18 0 18 0 18 0 18 0 18 0 18 0 18 0 18 0 18 0 18 0 3 1959 4 1960 10 1961 3 1962 4 1963 10 1964 3 1965 4 1966 10 1967 4 1968 5 1969 10 1970 4 1971 10 1972 4 1973 10 1974 3 1975 4 1976 5 1977 10 1978 4 1979 10 1980 2 1981 3 1982 4 1983 5 1984 3 0 3 0 3 1985 11 1986 3 1987 11 1988 3 1989 11 1990 3 0 3 1991 11 1992 3 1993 11 1994 3 1995 11 1996 3 1997 11 1998 3 0 3 0 3 1999 11 2000 3 2001 11 2002 3 2003 11 2004 3 2005 11 2006 3 2007 11 2008 3 2009 11 2010 3 2011 11 2012 3 2013 11 2014 3 2015 11 2016 3 2017 11 2018 3 2019 11 2020 3 2021 11 2022 3 2023 11 2024 3 2025 11 2026 3 2027 11 2028 3 2029 11 2030 3 2031 11 2032 3 2033 11 2034 11 0 11 0 11 0 3 0 3 0 3 2035 4 2036 3 2037 4 2038 3 2039 4 2040 3 0 3 2041 4 2042 3 2043 4 2044 3 2045 4 2046 3 2047 4 2048 3 0 3 0 3 2049 4 2050 3 2051 4 2052 3 2053 4 2054 3 2055 4 2056 3 2057 4 2058 3 2059 4 2060 3 2061 4 2062 3 2063 4 2064 3 2065 4 2066 3 2067 4 2068 3 2069 4 2070 3 2071 4 2072 3 2073 4 2074 3 2075 4 2076 4 0 4 0 3 2077 4 2078 4 0 3 2079 4 2080 3 2081 4 2082 3 2083 4 2084 18 0 1 2085 2 2086 18 2087 18 0 1 2088 2 2089 18 2090 18 0 1 2091 2 2092 18 2093 18 0 18 0 18 0 18 0 18 0 18 0 18 0 18 0 18 0 18 0 18 0 18 0 18 0 18 0 18 0 18 0 18 0 18 0 18 0 18 0 18 0 18 0 18 0 18 0 18 0 18 0 18 0 18 0 18 0 18 0 18 0 18 0 18 0 18 0 18 0 18 0 18 0 18 0 18 0 18 0 18 0 18 0 18 0 18 0 18 0 18 0 18 0 18 0 3 2094 4 2095 10 2096 4 2097 10 2098 4 2099 10 2100 3 2101 4 2102 10 2103 4 2104 10 2105 3 2106 4 2107 10 2108 3 2109 4 2110 10 2111 3 2112 4 2113 10 2114 3 2115 4 2116 5 2117 10 2118 3 2119 4 2120 5 2121 10 2122 3 2123 4 2124 5 2125 10 2126 3 2127 4 2128 5 2129 3 2130 4 2131 5 2132 10 2133 3 2134 4 2135 10 2136 3 2137 4 2138 3 2139 4 2140 3 2141 4 2142 3 0 3 0 3 0 3 2143 11 2144 3 2145 11 2146 3 2147 11 2148 3 2149 11 2150 17 2151 3 2152 11 2153 12 2154 17 2155 3 2156 11 2157 12 2158 3 2159 11 2160 17 2161 3 2162 11 2163 12 2164 17 2165 3 2166 11 2167 12 2168 17 2169 3 2170 11 2171 17 2172 3 2173 11 2174 17 2175 3 2176 11 2177 17 2178 11 2179 17 2180 3 2181 11 2182 12 2183 17 2184 3 2185 11 2186 17 2187 11 2188 17 2189 11 2190 17 2191 18 0 18 0 18 0 18 0 18 0 18 0 18 0 18 0 18 0 18 0 18 0 18 0 18 0 18 0 18 0 18 0 18 0 18 0 18 0 18 0 18 0 18 0 18 0 18 0 18 0 18 0 18 0 18 0 18 0 18 0 18 0 18 0 18 0 18 0 18 0 18 0 18 0 18 0 18 0 18 0 18 0 18 0 13 2192 15 2193 16 2194 16 0 16 0 16 0 16 0 16 0 16 0 16 0 16 0 16 0 16 0 16 0 18 0 18 0 18 0 18 0 18 0 18 0 18 0 18 0 18 0 18 0 18 0 18 0 18 0 18 0 18 0 18 0 18 0 18 0 18 0 18 0 18 0 18 0 18 0 18 0 6 2195 8 2196 9 2197 9 0 9 0 9 0 9 0 9 0 9 0 9 0 9 0 9 0 9 0 3 2198 11 2199 3 2200 11 2201 3 2202 11 2203 3 2204 4 2205 3 2206 4 2207 3 2208 4 2209 3 2210 4 2211 3 2212 4 2213 3 2214 4 2215 3 2216 11 2217 3 2218 11 2219 3 2220 11 2221 3 0 3 0 3 0 3 0 3 0 3 0 3 0 3 0 3 0 3 0 3 2222 11 2223 3 0 3 0 3 0 3 0 3 0 3 0 3 0 3 0 3 2224 4 2225 3 2226 4 2227 3 2228 11 2229 3 2230 11 2231 3 0 3 0 3 0 3 0 3 0 3 0 3 2232 4 2233 3 2234 4 2235 4 0 3 2236 4 2237 16 0 16 0 16 0 16 0 16 0 16 0 16 0 16 0 16 0 13 2238 15 2239 16 2240 13 2241 15 2242 16 2243 16 0 13 2244 15 2245 16 2246 13 2247 15 2248 16 2249 16 0 13 2250 15 2251 16 2252 16 0 13 2253 15 2254 16 2255 13 2256 15 2257 16 2258 16 0 13 2259 15 2260 16 2261 16 0 13 2262 15 2263 16 2264 16 0 16 0 13 2265 15 2266 16 2267 16 0 16 0 13 2268 15 2269 16 2270 3 2271 11 2272 3 2273 11 2274 3 2275 11 2276 3 2277 11 2278 3 2279 4 2280 3 2281 4 2282 3 2283 4 2284 3 2285 4 2286 3 2287 4 2288 3 2289 4 2290 3 2291 4 2292 3 2293 4 2294 3 0 3 0 3 2295 4 2296 3 2297 11 2298 3 2299 11 2300 3 2301 11 2302 3 2303 11 2304 3 2305 11 2306 3 2307 11 2308 3 2309 11 2310 3 2311 11 2312 3 0 3 0 3 0 3 2313 11 2314 3 0 18 0 18 0 18 0 18 0 3 0 3 0 3 0 3 0 3 0 3 2315 11 2316 3 0 3 2317 11 2318 3 2319 4 2320 3 2321 4 2322 3 2323 4 2324 4 0 3 2325 11 2326 3 0 3 0 3 2327 11 2328 3 2329 11 2330 3 2331 11 2332 3 2333 11 2334 11 0 11 2335 17 2336 11 2337 17 2338 3 2339 11 2340 17 2341 3 2342 11 2343 17 2344 3 2345 4 2346 10 2347 4 2348 10 2349 4 2350 10 2351 3 2352 4 2353 10 2354 3 2355 11 2356 3 0 3 2357 11 2358 3 2359 11 2360 3 0 3 2361 4 2362 3 2363 4 2364 3 0 3 0 3 0 3 0 3 0 3 0 3 0 3 0 3 0 3 2365 4 2366 3 2367 4 2368 3 2369 4 2370 18 0 18 0 18 0 18 0 18 0 18 0 18 0 18 0 18 0 18 0 18 0 18 0 18 0 18 0 18 0 18 0 18 0 18 0 18 0 3 2371 4 2372 4 0 3 2373 4 2374 3 2375 4 2376 3 2377 4 2378 3 2379 4 2380 3 2381 4 2382 3 2383 4 2384 3 2385 4 2386 3 2387 4 2388 3 2389 4 2390 3 2391 4 2392 3 0 3 0 3 0 3 2393 4 2394 4 0 3 2395 4 2396 3 2397 4 2398 3 2399 4 2400 3 2401 4 2402 18 0 18 0 18 0 18 0 18 0 18 0 18 0 18 0 3 2403 11 2404 3 2405 11 2406 3 2407 11 2408 11 0 3 2409 11 2410 3 2411 11 2412 3 0 3 2413 11 2414 3 0 3 0 3 2415 11 2416 3 2417 11 2418 3 0 3 0 3 0 3 0 3 0 3 2419 11 2420 3 0 18 0 18 0 18 0 18 0 18 0 18 0 18 0 18 0 18 0 18 0 18 0 18 0 18 0 1 2421 2 2422 18 2423 1 2424 2 2425 18 2426 18 0 1 2427 2 2428 18 2429 1 2430 2 2431 18 2432 18 0 1 2433 2 2434 18 2435 18 0 18 0 1 2436 18 2437 18 0 18 0 1 2438 18 2439 18 0 18 0 18 0 18 0 18 0 18 0 18 0 18 0 18 0 18 0 18 0 18 0 18 0 18 0 18 0 18 0 18 0 18 0 18 0 18 0 18 0 18 0 18 0 1 2440 18 2441 18 0 18 0 18 0 1 2442 18 2443 1 2444 18 2445 18 0 1 2446 2 2447 18 2448 18 0 1 2449 2 2450 18 2451 18 0 18 0 1 2452 2 2453 18 2454 1 2455 2 2456 18 2457 1 2458 2 2459 18 2460 1 2461 2 2462 18 2463 18 0 18 0 18 0 18 0 18 0 18 0 1 2464 2 2465 18 2466 18 0 1 2467 2 2468 18 2469 1 2470 2 2471 18 2472 1 2473 2 2474 18 2475 1 2476 2 2477 3 2478 18 2479 1 2480 18 2481 18 0 1 2482 2 2483 3 2484 18 2485 1 2486 2 2487 3 2488 18 2489 1 2490 2 2491 3 2492 18 2493 1 2494 2 2495 3 2496 18 2497 1 2498 2 2499 3 2500 18 2501 1 2502 2 2503 3 2504 18 2505 1 2506 2 2507 3 2508 18 2509 1 2510 2 2511 3 2512 18 2513 1 2514 2 2515 3 2516 18 2517 1 2518 2 2519 3 2520 18 2521 1 2522 2 2523 3 2524 1 2525 2 2526 3 2527 1 2528 2 2529 3 2530 1 2531 2 2532 3 2533 1 2534 2 2535 3 2536 2 2537 3 2538 2 2539 3 2540 1 2541 2 2542 3 2543 3 2544 11 2545 3 2546 11 2547 3 0 3 0 2 2548 3 2549 3 2550 4 2551 3 0 2 2552 3 2553 3 2554 4 2555 3 2556 4 2557 1 2558 2 2559 3 2560 4 2561 3 2562 4 2563 10 2564 3 2565 4 2566 2 2567 3 2568 4 2569 3 2570 4 2571 10 2572 3 2573 4 2574 3 2575 4 2576 4 2577 10 2578 4 2579 10 2580 3 2581 4 2582 10 2583 3 2584 4 2585 10 2586 4 2587 10 2588 2 2589 3 2590 4 2591 5 2592 2 2593 3 2594 4 2595 10 2596 1 2597 2 2598 3 2599 4 2600 1 2601 2 2602 3 2603 4 2604 2 2605 3 2606 4 2607 10 2608 1 2609 2 2610 3 2611 1 2612 2 2613 3 2614 1 2615 2 2616 3 2617 1 2618 2 2619 3 2620 18 2621 1 2622 2 2623 3 2624 18 2625 1 2626 2 2627 3 2628 18 2629 1 2630 2 2631 3 2632 18 2633 1 2634 2 2635 3 2636 18 2637 1 2638 2 2639 3 2640 18 2641 1 2642 2 2643 3 2644 18 2645 1 2646 2 2647 3 2648 18 2649 1 2650 2 2651 3 2652 18 2653 1 2654 2 2655 3 2656 18 2657 1 2658 2 2659 3 2660 18 2661 1 2662 2 2663 3 2664 18 2665 1 2666 2 2667 18 2668 18 0 18 0 18 0 18 0 18 0 18 0 18 0 18 0 18 0 18 0 18 0 1 2669 2 2670 18 2671 18 0 1 2672 2 2673 3 2674 18 2675 1 2676 2 2677 3 2678 18 2679 1 2680 2 2681 3 2682 18 2683 1 2684 2 2685 3 2686 18 2687 1 2688 2 2689 3 2690 18 2691 1 2692 2 2693 3 2694 18 2695 1 2696 2 2697 3 2698 1 2699 2 2700 3 2701 1 2702 2 2703 3 2704 4 2705 2 2706 3 2707 4 2708 10 2709 2 2710 3 2711 4 2712 10 2713 1 2714 2 2715 3 2716 4 2717 3 2718 4 2719 5 2720 10 2721 1 2722 2 2723 3 2724 18 2725 1 2726 2 2727 3 2728 2 2729 3 2730 4 2731 5 2732 3 2733 4 2734 5 2735 10 2736 3 2737 4 2738 5 2739 1 2740 2 2741 3 2742 4 2743 1 2744 2 2745 3 2746 4 2747 3 2748 4 2749 1 2750 2 2751 3 2752 1 2753 2 2754 3 2755 3 0 3 2756 11 2757 1 2758 2 2759 3 2760 1 2761 2 2762 3 2763 11 2764 3 2765 11 2766 12 2767 1 2768 2 2769 3 2770 11 2771 2 2772 3 2773 11 2774 12 2775 3 2776 11 2777 12 2778 17 2779 3 2780 11 2781 12 2782 17 2783 1 2784 2 2785 3 2786 11 2787 2 2788 3 2789 11 2790 17 2791 1 2792 2 2793 3 2794 11 2795 2 2796 3 2797 11 2798 17 2799 1 2800 2 2801 3 2802 1 2803 2 2804 3 2805 1 2806 2 2807 3 2808 1 2809 2 2810 3 2811 18 2812 1 2813 2 2814 3 2815 18 2816 1 2817 2 2818 3 2819 18 2820 1 2821 2 2822 3 2823 18 2824 1 2825 2 2826 3 2827 18 2828 1 2829 2 2830 3 2831 18 2832 1 2833 2 2834 3 2835 18 2836 1 2837 2 2838 3 2839 18 2840 1 2841 2 2842 3 2843 18 2844 1 2845 2 2846 3 2847 18 2848 1 2849 2 2850 3 2851 18 2852 1 2853 2 2854 18 2855 18 0 18 0 18 0 18 0 18 0 18 0 18 0 18 0 18 0 18 0 18 0 18 0 1 2856 2 2857 3 2858 18 2859 18 0 1 2860 2 2861 3 2862 18 2863 1 2864 2 2865 3 2866 18 2867 18 0 18 0 1 2868 2 2869 3 2870 18 2871 1 2872 2 2873 3 2874 18 2875 1 2876 18 2877 18 0 1 2878 2 2879 3 2880 18 2881 1 2882 2 2883 3 2884 18 0 18 0 1 2885 2 2886 18 2887 1 2888 2 2889 18 2890 1 2891 2 2892 3 2893 18 2894 1 2895 2 2896 3 2897 18 2898 1 2899 2 2900 18 2901 1 2902 2 2903 3 2904 18 2905 1 2906 2 2907 3 2908 18 2909 1 2910 2 2911 3 2912 18 2913 1 2914 2 2915 3 2916 18 2917 1 2918 2 2919 3 2920 18 2921 1 2922 2 2923 3 2924 18 2925 1 2926 2 2927 3 2928 18 2929 1 2930 2 2931 3 2932 18 2933 1 2934 2 2935 3 2936 18 2937 1 2938 2 2939 3 2940 18 2941 1 2942 2 2943 3 2944 1 2945 2 2946 3 2947 1 2948 2 2949 3 2950 1 2951 2 2952 3 2953 1 2954 2 2955 3 2956 1 2957 2 2958 3 2959 2 2960 3 2961 2 2962 3 2963 1 2964 2 2965 3 2966 11 2967 1 2968 2 2969 3 2970 11 2971 1 2972 2 2973 3 2974 1 2975 2 2976 3 2977 11 2978 2 2979 3 2980 11 2981 17 2982 2 2983 3 2984 11 2985 17 2986 2 2987 3 2988 11 2989 12 2990 11 2991 17 2992 2 2993 3 2994 11 2995 3 2996 11 2997 17 2998 11 2999 17 3000 3 3001 11 3002 17 3003 11 3004 17 3005 3 3006 11 3007 17 3008 3 3009 11 3010 3 3011 11 3012 3 3013 11 3014 3 0 3 3015 11 3016 3 3017 11 3018 17 3019 3 3020 11 3021 3 3022 11 3023 3 0 3 0 3 0 3 0 3 3024 4 3025 3 3026 4 3027 3 3028 4 3029 10 3030 3 3031 4 3032 3 3033 4 3034 10 3035 3 3036 4 3037 3 3038 4 3039 10 3040 3 3041 4 3042 3 3043 4 3044 4 0 3 3045 4 3046 3 3047 4 3048 3 3049 4 3050 3 3051 4 3052 3 3053 4 3054 3 3055 4 3056 3 3057 4 3058 3 3059 4 3060 3 0 3 3061 4 3062 3 0 3 0 3 3063 11 3064 3 3065 11 3066 17 3067 3 3068 11 3069 17 3070 3 3071 11 3072 3 3073 11 3074 17 3075 3 3076 11 3077 11 0 3 3078 11 3079 3 3080 11 3081 3 3082 11 3083 3 3084 11 3085 3 3086 11 3087 3 3088 11 3089 3 3090 11 3091 3 3092 11 3093 3 3094 11 3095 3 0 3 3096 11 3097 3 0 3 0 9 0 9 0 6 3098 8 3099 9 3100 6 3101 8 3102 9 3103 9 0 6 3104 8 3105 9 3106 6 3107 8 3108 9 3109 9 0 6 3110 8 3111 9 3112 6 3113 8 3114 9 3115 9 0 6 3116 8 3117 9 3118 9 0 6 3119 8 3120 9 3121 9 0 6 3122 8 3123 9 3124 9 0 6 3125 8 3126 9 3127 9 0 9 0 9 0 6 3128 8 3129 9 3130 3 3131 11 3132 11 0 3 3133 11 3134 3 3135 11 3136 3 3137 11 3138 3 3139 11 3140 3 3141 11 3142 3 3143 11 3144 3 3145 11 3146 3 3147 11 3148 3 3149 11 3150 3 3151 11 3152 3 0 3 0 3 0 18 0 18 0 18 0 18 0 18 0 18 0 1 3153 2 3154 18 3155 1 3156 2 3157 18 3158 1 3159 2 3160 18 3161 3 3162 4 3163 10 3164 3 3165 4 3166 3 3167 4 3168 10 3169 3 3170 4 3171 3 3172 4 3173 3 3174 4 3175 3 0 3 0 3 0 3 0 3 3176 11 3177 3 3178 11 3179 3 3180 11 3181 17 3182 3 3183 11 3184 3 3185 11 3186 3 3187 11 3188 17 3189 3 3190 11 3191 3 3192 11 3193 3 0 3 0 3 3194 4 3195 3 3196 4 3197 18 0 18 0 18 0 18 0 18 0 18 0 3 0 3 3198 4 3199 3 3200 4 3201 3 0 3 0 3 0 18 0 18 0 18 0 18 0 18 0 18 0 18 0 18 0 18 0 18 0 18 0 18 0 18 0 18 0 18 0 18 0 18 0 18 0 18 0 18 0 18 0 18 0 18 0 18 0 3 0 3 0 3 0 3 0 3 3202 4 3203 3 3204 4 3205 3 0 3 3206 4 3207 3 0 3 0 3 0 3 0 3 0 3 3208 4 3209 6 3210 8 3211 9 3212 6 3213 8 3214 9 3215 6 3216 8 3217 9 3218 6 3219 8 3220 9 3221 6 3222 8 3223 9 3224 6 3225 8 3226 6 3227 8 3228 6 3229 8 3230 9 3231 6 3232 8 3233 9 3234 6 3235 8 3236 6 3237 8 3238 9 3239 6 3240 8 3241 9 3242 6 3243 8 3244 5 3245 6 3246 8 3247 6 3248 8 3249 5 3250 6 3251 8 3252 5 3253 6 3254 5 3255 6 3256 10 3257 5 3258 6 3259 5 3260 6 3261 10 3262 4 3263 5 3264 10 3265 4 3266 5 3267 10 3268 5 3269 6 3270 10 3271 3 3272 4 3273 10 3274 2 3275 3 3276 4 3277 10 3278 2 3279 3 3280 4 3281 10 3282 4 3283 5 3284 10 3285 4 3286 10 3287 4 3288 10 3289 4 3290 10 3291 4 3292 10 3293 4 3294 10 3295 4 3296 10 3297 4 3298 10 3299 4 3300 10 3301 4 3302 5 3303 10 3304 5 3305 6 3306 10 3307 5 3308 6 3309 10 3310 4 3311 5 3312 10 3313 5 3314 6 3315 10 3316 5 3317 6 3318 10 3319 5 3320 6 3321 5 3322 6 3323 5 3324 6 3325 8 3326 5 3327 6 3328 8 3329 5 3330 6 3331 8 3332 6 3333 8 3334 6 3335 8 3336 6 3337 8 3338 9 3339 6 3340 8 3341 9 3342 6 3343 8 3344 6 3345 8 3346 6 3347 8 3348 6 3349 8 3350 9 3351 6 3352 8 3353 9 3354 6 3355 8 3356 9 3357 6 3358 8 3359 6 3360 8 3361 9 3362 6 3363 8 3364 9 3365 6 3366 8 3367 9 3368 6 3369 8 3370 9 3371 6 3372 8 3373 9 3374 6 3375 8 3376 6 3377 8 3378 6 3379 8 3380 6 3381 8 3382 6 3383 8 3384 6 3385 8 3386 6 3387 8 3388 6 3389 8 3390 6 3391 8 3392 6 3393 8 3394 5 3395 6 3396 8 3397 6 0 6 0 6 3398 7 3399 5 3400 6 3401 7 3402 5 3403 6 3404 10 3405 6 3406 8 3407 6 3408 7 3409 5 3410 6 3411 7 3412 5 3413 6 3414 7 3415 5 3416 7 3417 5 3418 7 3419 5 3420 7 3421 10 3422 5 3423 7 3424 4 3425 5 3426 10 3427 4 3428 5 3429 10 3430 4 3431 10 3432 3 3433 4 3434 5 3435 10 3436 5 3437 6 3438 7 3439 10 3440 4 3441 5 3442 10 3443 4 3444 5 3445 10 3446 3 3447 4 3448 5 3449 10 3450 4 3451 5 3452 10 3453 4 3454 5 3455 10 3456 2 3457 3 3458 4 3459 10 3460 2 3461 3 3462 4 3463 10 3464 3 3465 4 3466 5 3467 4 3468 10 3469 3 3470 4 3471 5 3472 10 3473 3 3474 4 3475 5 3476 10 3477 3 3478 4 3479 3 3480 4 3481 10 3482 4 3483 10 3484 4 3485 10 3486 3 3487 4 3488 10 3489 3 3490 4 3491 10 3492 3 3493 4 3494 3 0 3 3495 4 3496 3 0 3 0 3 3497 11 3498 3 3499 11 3500 3 3501 11 3502 3 3503 11 3504 17 3505 3 3506 11 3507 12 3508 17 3509 3 3510 11 3511 12 3512 11 3513 17 3514 3 3515 11 3516 12 3517 17 3518 3 3519 11 3520 17 3521 3 3522 11 3523 17 3524 11 3525 17 3526 11 3527 17 3528 13 3529 15 3530 16 3531 16 0 16 0 16 0 16 0 16 0 16 0 16 0 16 0 16 0 16 0 13 3532 15 3533 16 3534 13 3535 15 3536 16 3537 13 3538 15 3539 16 3540 13 3541 15 3542 16 3543 13 3544 15 3545 16 3546 13 3547 15 3548 13 3549 15 3550 16 3551 13 3552 15 3553 16 3554 13 3555 15 3556 13 3557 15 3558 13 3559 15 3560 13 3561 15 3562 16 3563 13 3564 15 3565 16 3566 13 3567 15 3568 13 3569 15 3570 13 3571 15 3572 13 3573 15 3574 12 3575 13 3576 15 3577 12 3578 13 3579 15 3580 12 3581 13 3582 12 3583 13 3584 15 3585 12 3586 13 3587 11 3588 12 3589 17 3590 13 3591 15 3592 12 3593 13 3594 17 3595 11 3596 12 3597 17 3598 13 3599 15 3600 3 3601 11 3602 17 3603 2 3604 3 3605 11 3606 17 3607 2 3608 3 3609 11 3610 17 3611 11 3612 17 3613 11 3614 17 3615 11 3616 12 3617 17 3618 11 3619 17 3620 11 3621 17 3622 11 3623 17 3624 12 3625 13 3626 17 3627 11 3628 17 3629 11 3630 17 3631 11 3632 12 3633 17 3634 12 3635 13 3636 17 3637 11 3638 12 3639 17 3640 11 3641 17 3642 11 3643 17 3644 11 3645 17 3646 11 3647 12 3648 17 3649 3 3650 11 3651 12 3652 17 3653 12 3654 13 3655 14 3656 17 3657 12 3658 13 3659 14 3660 12 3661 14 3662 12 3663 14 3664 17 3665 12 3666 13 3667 17 3668 12 3669 13 3670 14 3671 12 3672 13 3673 17 3674 12 3675 13 3676 12 3677 13 3678 12 3679 13 3680 15 3681 13 3682 15 3683 13 3684 15 3685 13 3686 15 3687 13 3688 15 3689 13 3690 15 3691 13 3692 14 3693 13 0 13 3694 15 3695 13 3696 14 3697 13 0 12 3698 14 3699 12 3700 14 3701 12 3702 13 3703 14 3704 13 3705 15 3706 12 3707 13 3708 14 3709 17 3710 11 3711 12 3712 17 3713 3 3714 11 3715 12 3716 17 3717 11 3718 12 3719 17 3720 11 3721 12 3722 17 3723 2 3724 3 3725 11 3726 17 3727 2 3728 3 3729 11 3730 17 3731 11 3732 12 3733 17 3734 12 3735 13 3736 12 3737 13 3738 15 3739 13 3740 15 3741 13 3742 15 3743 13 3744 15 3745 13 3746 15 3747 13 3748 15 3749 13 3750 15 3751 16 3752 13 3753 15 3754 13 3755 15 3756 13 3757 15 3758 13 3759 15 3760 16 3761 13 3762 15 3763 16 3764 13 3765 15 3766 16 3767 13 3768 15 3769 16 3770 13 3771 15 3772 16 3773 13 3774 15 3775 16 3776 13 3777 15 3778 16 3779 13 3780 15 3781 13 3782 15 3783 16 3784 13 3785 15 3786 16 3787 6 3788 8 3789 9 3790 9 0 9 0 9 0 9 0 9 0 9 0 9 0 9 0 9 0 3 3791 11 3792 3 3793 11 3794 3 3795 11 3796 3 3797 4 3798 3 3799 4 3800 3 3801 4 3802 3 0 3 0 3 0 3 0 3 0 3 0 3 3803 4 3804 3 3805 4 3806 3 3807 4 3808 3 3809 11 3810 3 3811 11 3812 3 3813 11 3814 3 3815 11 3816 3 0 3 0 3 0 3 3817 11 3818 3 3819 11 3820 16 0 16 0 16 0 3 0 3 3821 11 3822 3 0 18 0 18 0 18 0 18 0 18 0 18 0 18 0 18 0 18 0 3 0 3 3823 4 3824 3 3825 4 3826 3 3827 11 3828 3 3829 11 3830 3 0 3 3831 4 3832 3 3833 4 3834 4 0 3 3835 4 3836 9 0 9 0 6 3837 8 3838 9 3839 6 3840 8 3841 9 3842 9 0 9 0 6 3843 8 3844 9 3845 9 0 6 3846 8 3847 9 3848 9 0 6 3849 8 3850 9 3851 9 0 3 3852 4 3853 10 3854 3 3855 4 3856 3 3857 4 3858 10 3859 3 3860 4 3861 3 0 3 0 3 0 3 0 3 0 3 0 3 0 3 0 3 3862 4 3863 3 3864 4 3865 3 0 3 0 3 0 3 0 3 0 3 3866 4 3867 3 3868 11 3869 3 3870 11 3871 3 3872 11 3873 3 3874 11 3875 3 3876 4 3877 3 3878 4 3879 3 3880 4 3881 3 3882 4 3883 3 0 3 0 3 3884 4 3885 3 3886 11 3887 3 3888 11 3889 3 3890 11 3891 3 3892 11 3893 3 0 3 0 3 0 3 3894 11 3895 3 0 3 0 3 3896 11 3897 3 0 3 3898 11 3899 3 3900 4 3901 3 3902 4 3903 3 3904 4 3905 4 0 3 3906 11 3907 3 3908 11 3909 3 3910 11 3911 11 0 11 3912 17 3913 11 3914 17 3915 3 3916 11 3917 17 3918 3 3919 11 3920 17 3921 3 3922 11 3923 3 3924 11 3925 11 0 3 3926 11 3927 3 3928 11 3929 3 0 3 3930 11 3931 3 0 3 0 3 3932 4 3933 3 0 3 3934 4 3935 3 3936 4 3937 10 3938 4 3939 10 3940 4 3941 10 3942 3 3943 4 3944 10 3945 3 3946 4 3947 3 0 3 0 3 0 16 0 13 3948 15 3949 16 3950 16 0 16 0 16 0 16 0 16 0 16 0 16 0 3 3951 11 3952 3 0 3 3953 11 3954 3 3955 11 3956 3 0 3 3957 4 3958 3 3959 4 3960 3 0 3 0 3 0 3 0 3 0 3 3961 11 3962 3 0 3 3963 11 3964 17 3965 3 3966 11 3967 3 3968 11 3969 17 3970 3 0 3 0 3 0 3 3971 11 3972 3 3973 11 3974 3 3975 11 3976 3 3977 11 3978 3 3979 11 3980 11 0 3 3981 11 3982 3 3983 4 3984 4 0 3 3985 4 3986 3 3987 4 3988 3 3989 4 3990 3 3991 4 3992 3 3993 4 3994 3 3995 4 3996 3 3997 4 3998 3 0 3 3999 4 4000 4 0 3 4001 4 4002 3 4003 4 4004 3 4005 4 4006 13 4007 15 4008 16 4009 16 0 16 0 13 4010 15 4011 16 4012 16 0 13 4013 15 4014 16 4015 13 4016 15 4017 16 4018 16 0 16 0 13 4019 15 4020 16 4021 13 4022 15 4023 16 4024 16 0 13 4025 15 4026 16 4027 16 0 16 0 3 0 3 4028 4 4029 3 0 3 4030 4 4031 3 4032 4 4033 18 0 18 0 18 0 1 4034 2 4035 18 4036 1 4037 2 4038 18 4039 18 0 1 4040 2 4041 18 4042 1 4043 2 4044 18 4045 18 0 1 4046 2 4047 18 4048 18 0 18 0 1 4049 18 4050 18 0 18 0 1 4051 18 4052 18 0 18 0 18 0 18 0 18 0 18 0 18 0 18 0 18 0 18 0 18 0 18 0 18 0 18 0 18 0 18 0 18 0 18 0 18 0 18 0 18 0 18 0 18 0 1 4053 18 4054 18 0 18 0 18 0 1 4055 18 4056 1 4057 18 4058 18 0 1 4059 2 4060 18 4061 18 0 1 4062 2 4063 18 4064 1 4065 2 4066 18 4067 1 4068 2 4069 18 4070 18 0 1 4071 2 4072 18 4073 3 4074 4 4075 3 4076 4 4077 10 4078 3 4079 4 4080 3 4081 4 4082 3 4083 4 4084 10 4085 3 4086 4 4087 3 0 3 4088 4 4089 3 4090 4 4091 3 0 3 4092 11 4093 2 4094 3 4095 2 4096 3 4097 1 4098 2 4099 3 4100 1 4101 2 4102 3 4103 1 4104 2 4105 3 4106 4 4107 1 4108 2 4109 3 4110 1 4111 2 4112 3 4113 1 4114 2 4115 3 4116 18 4117 1 4118 2 4119 3 4120 18 4121 1 4122 2 4123 3 4124 18 4125 1 4126 2 4127 3 4128 18 4129 1 4130 2 4131 3 4132 18 4133 1 4134 2 4135 3 4136 18 4137 1 4138 2 4139 3 4140 18 4141 1 4142 2 4143 3 4144 18 4145 1 4146 2 4147 18 4148 1 4149 2 4150 18 4151 18 0 1 4152 2 4153 18 4154 1 4155 18 4156 18 0 18 0 18 0 18 0 18 0 1 4157 2 4158 3 4159 18 4160 18 0 18 0 1 4161 2 4162 3 4163 18 4164 18 0 18 0 1 4165 2 4166 3 4167 4 4168 18 0 18 0 18 0 2 4169 3 4170 4 4171 10 4172 2 4173 3 4174 4 4175 10 4176 4 4177 10 4178 3 4179 4 4180 10 4181 3 4182 4 4183 10 4184 4 4185 10 4186 1 4187 2 4188 3 4189 18 4190 18 0 18 0 18 0 1 4191 2 4192 3 4193 18 4194 18 0 18 0 18 0 1 4195 2 4196 3 4197 18 4198 18 0 18 0 18 0 18 0 18 0 18 0 1 4199 2 4200 3 4201 18 4202 18 0 18 0 1 4203 2 4204 3 4205 18 4206 18 0 18 0 1 4207 2 4208 3 4209 18 4210 18 0 18 0 1 4211 2 4212 3 4213 18 4214 1 4215 2 4216 18 4217 18 0 1 4218 2 4219 3 4220 18 4221 18 0 18 0 1 4222 2 4223 18 4224 1 4225 2 4226 3 4227 18 4228 1 4229 2 4230 3 4231 18 4232 1 4233 2 4234 3 4235 18 4236 1 4237 2 4238 3 4239 18 4240 1 4241 2 4242 3 4243 18 4244 1 4245 2 4246 3 4247 18 4248 1 4249 2 4250 3 4251 11 4252 1 4253 2 4254 3 4255 1 4256 2 4257 3 4258 1 4259 2 4260 3 4261 11 4262 2 4263 3 4264 11 4265 17 4266 2 4267 3 4268 11 4269 17 4270 3 4271 11 4272 17 4273 11 4274 17 4275 3 4276 11 4277 17 4278 3 4279 11 4280 17 4281 3 4282 11 4283 3 4284 11 4285 3 4286 11 4287 3 0 3 4288 11 4289 3 4290 11 4291 17 4292 3 4293 11 4294 3 4295 11 4296 3 4297 4 4298 10 4299 3 4300 4 4301 3 4302 4 4303 10 4304 3 4305 4 4306 3 4307 4 4308 10 4309 3 4310 4 4311 3 4312 4 4313 4 0 3 4314 4 4315 3 4316 4 4317 3 4318 4 4319 3 4320 4 4321 3 4322 4 4323 10 4324 3 4325 4 4326 3 4327 11 4328 3 4329 11 4330 17 4331 3 4332 11 4333 17 4334 3 4335 11 4336 3 4337 11 4338 17 4339 3 4340 11 4341 3 0 3 4342 11 4343 3 4344 11 4345 3 4346 11 4347 3 4348 11 4349 3 4350 11 4351 3 4352 11 4353 3 4354 11 4355 11 0 3 4356 11 4357 3 4358 11 4359 3 0 3 0 3 4360 4 4361 3 4362 4 4363 3 0 3 4364 4 4365 3 4366 4 4367 3 0 3 0 3 0 3 4368 4 4369 10 4370 4 4371 10 4372 4 4373 10 4374 3 4375 4 4376 10 4377 3 4378 4 4379 5 4380 10 4381 3 4382 4 4383 5 4384 10 4385 3 4386 4 4387 5 4388 3 4389 4 4390 3 0 3 0 3 4391 11 4392 12 4393 17 4394 3 0 3 4395 11 4396 3 4397 11 4398 17 4399 3 4400 11 4401 12 4402 11 4403 17 4404 11 4405 12 4406 17 4407 3 4408 11 4409 17 4410 11 4411 17 4412 1 4413 2 4414 3 4415 4 4416 2 4417 3 4418 4 4419 10 4420 2 4421 3 4422 4 4423 10 4424 1 4425 2 4426 3 4427 4 4428 3 4429 4 4430 5 4431 10 4432 3 4433 4 4434 5 4435 1 4436 2 4437 3 4438 4 4439 3 4440 4 4441 3 0 1 4442 2 4443 3 4444 1 4445 2 4446 3 4447 11 4448 3 4449 11 4450 3 4451 11 4452 12 4453 1 4454 2 4455 3 4456 11 4457 1 4458 2 4459 3 4460 11 4461 11 4462 12 4463 17 4464 3 4465 11 4466 12 4467 17 4468 11 4469 12 4470 17 4471 9 0 6 4472 8 4473 6 4474 8 4475 9 4476 6 4477 8 4478 6 4479 8 4480 9 4481 5 4482 6 4483 8 4484 6 4485 8 4486 9 4487 6 4488 8 4489 9 4490 6 4491 8 4492 9 4493 5 4494 7 4495 6 4496 8 4497 6 4498 7 4499 6 4500 8 4501 9 4502 5 4503 6 4504 7 4505 5 4506 6 4507 7 4508 10 4509 2 4510 3 4511 4 4512 10 4513 2 4514 3 4515 4 4516 10 4517 3 4518 4 4519 5 4520 10 4521 4 4522 5 4523 10 4524 4 4525 10 4526 5 4527 6 4528 10 4529 4 4530 10 4531 5 4532 6 4533 8 4534 4 4535 5 4536 10 4537 4 4538 10 4539 4 4540 10 4541 6 4542 8 4543 6 4544 8 4545 9 4546 5 4547 6 4548 6 4549 8 4550 9 0 5 4551 6 4552 8 4553 4 4554 5 4555 10 4556 2 4557 3 4558 4 4559 10 4560 5 4561 6 4562 10 4563 2 4564 3 4565 4 4566 10 4567 18 0 1 4568 2 4569 18 4570 1 4571 2 4572 18 4573 18 0 1 4574 2 4575 18 4576 18 0 18 0 18 0 1 4577 2 4578 3 4579 11 4580 11 4581 12 4582 17 4583 11 4584 12 4585 17 4586 3 4587 11 4588 12 4589 17 4590 11 4591 12 4592 17 4593 12 4594 13 4595 14 4596 12 4597 13 4598 15 4599 12 4600 14 4601 17 4602 11 4603 12 4604 17 4605 11 4606 17 4607 13 4608 15 4609 16 0 13 4610 15 4611 16 4612 13 4613 15 4614 16 4615 13 4616 15 4617 16 4618 13 4619 15 4620 16 4621 13 4622 14 4623 13 4624 15 4625 12 4626 14 4627 13 4628 15 4629 13 4630 15 4631 16 4632 13 4633 15 4634 12 4635 13 4636 14 4637 17 4638 12 4639 13 4640 17 4641 11 4642 12 4643 17 4644 11 4645 17 4646 11 4647 17 4648 12 4649 13 4650 15 4651 12 4652 13 4653 17 4654 11 4655 17 4656 11 4657 17 4658 2 4659 3 4660 11 4661 17 4662 12 4663 13 4664 17 4665 12 4666 13 4667 17 4668 1 4669 2 4670 3 4671 11 4672 11 4673 12 4674 17 4675 12 4676 13 4677 15 4678 12 4679 13 4680 15 4681 13 4682 15 4683 16 0 13 4684 15 4685 16 4686 13 4687 15 4688 13 4689 15 4690 16 4691 6 4692 8 4693 9 4694 9 0 9 0 9 0 9 0 9 0</v>
        </vertex_weights>
      </skin>
    </controller>
    <controller id="geom-tag__M_JKT023-skin1">
      <skin source="#geom-tag__M_JKT023">
        <bind_shape_matrix>1 0 0 0 0 1 0 0 0 0 1 0 0 0 0 1</bind_shape_matrix>
        <source id="geom-tag__M_JKT023-skin1-joints">
          <Name_array id="geom-tag__M_JKT023-skin1-joints-array" count="19">joint0 joint1 joint2 joint3 joint4 joint5 joint6 joint7 joint8 joint9 joint10 joint11 joint12 joint13 joint14 joint15 joint16 joint17 joint18</Name_array>
          <technique_common>
            <accessor source="#geom-tag__M_JKT023-skin1-joints-array" count="19" stride="1">
              <param name="JOINT" type="name"/>
            </accessor>
          </technique_common>
        </source>
        <source id="geom-tag__M_JKT023-skin1-bind_poses">
          <float_array id="geom-tag__M_JKT023-skin1-bind_poses-array" count="304">1 0 0 0 0 0 1 0 0 -1 0 0 0 0 0 1 0 0 1 0 0 -1 0 0 1 0 0 0 0 0 0 1 0 0 1 -0.1150019 0 -1 0 0 1 0 0 0 0 0 0 1 0 0 1 -0.2350019 0 -1 0 0 1 0 0 0 0 0 0 1 0.9702957 -2.76401e-8 -0.2419225 0.0526666 2.82595e-8 -1 2.29073e-7 -7.63859e-8 -0.2419225 -2.26348e-7 -0.9702955 0.3269732 0 0 0 1 1 1.74185e-8 -6.70552e-7 -0.1056234 -4.04105e-8 -0.9999999 2.68919e-7 -1.11313e-7 -5.69969e-7 -2.624e-7 -0.9999998 0.3106481 0 0 0 1 1 2.09478e-8 -6.66827e-7 -0.3376234 -3.05093e-8 -1 2.36425e-7 -1.04562e-7 -5.83008e-7 -2.30153e-7 -0.9999999 0.3106481 0 0 0 1 1 1.78934e-8 -6.66711e-7 -0.3376235 -2.54623e-8 -1 1.69371e-7 0.0499999 -5.82892e-7 -1.63096e-7 -1 0.3106481 0 0 0 1 1 1.78934e-8 -6.66711e-7 -0.5446236 -2.54623e-8 -1 1.69371e-7 -8.64802e-8 -5.82892e-7 -1.63096e-7 -1 0.3106481 0 0 0 1 1 1.78934e-8 -6.66711e-7 -0.5751235 -2.54623e-8 -1 1.69371e-7 -8.66341e-8 -5.82892e-7 -1.63096e-7 -1 0.3106481 0 0 0 1 1 2.09478e-8 -6.66827e-7 -0.1256234 -3.05093e-8 -1 2.36425e-7 -1.02463e-7 -5.83008e-7 -2.30153e-7 -0.9999999 0.3106481 0 0 0 1 0.9702955 -3.24419e-8 0.2419226 -0.05266749 -3.24346e-8 1 1.45487e-7 -4.89195e-8 -0.2419225 -1.33967e-7 0.9702955 -0.3269766 0 0 0 1 0.9999999 2.23516e-8 7.30157e-7 0.1056234 -6.8918e-8 1 1.93715e-7 -6.77553e-8 -5.81145e-7 -2.5332e-7 0.9999999 -0.3106517 0 0 0 1 1 1.07563e-7 7.15256e-7 0.3376235 -1.1861e-8 1 1.83149e-7 -7.50115e-8 -5.96046e-7 -1.6006e-7 1 -0.3106517 0 0 0 1 1 1.65775e-7 7.15256e-7 0.3376236 3.72528e-8 1 1.75089e-7 -0.05000008 -5.36442e-7 -1.82539e-7 1 -0.3106517 0 0 0 1 1 1.65775e-7 7.15256e-7 0.5446236 3.72528e-8 1 1.75089e-7 -4.5759e-8 -5.36442e-7 -1.82539e-7 1 -0.3106517 0 0 0 1 1 1.65775e-7 7.15256e-7 0.5751235 3.72528e-8 1 1.75089e-7 -4.4261e-8 -5.36442e-7 -1.82539e-7 1 -0.3106517 0 0 0 1 1 1.07563e-7 7.15256e-7 0.1256235 -1.1861e-8 1 1.83149e-7 -5.73053e-8 -5.96046e-7 -1.6006e-7 1 -0.3106517 0 0 0 1 -1.78814e-7 1.49012e-7 -1 0 -1.78814e-7 -1 -5.96046e-8 0 -1 8.94069e-8 2.68221e-7 0 0 0 0 1</float_array>
          <technique_common>
            <accessor source="#geom-tag__M_JKT023-skin1-bind_poses-array" count="19" stride="16">
              <param name="TRANSFORM" type="float4x4"/>
            </accessor>
          </technique_common>
        </source>
        <source id="geom-tag__M_JKT023-skin1-weights">
          <float_array id="geom-tag__M_JKT023-skin1-weights-array" count="175">1 0.6980392 0.3019608 0.6980392 0.3019608 0.6980392 0.3019608 0.6980392 0.3019608 0.6980392 0.3019608 0.6980392 0.3019608 0.6980392 0.3019608 0.6980392 0.3019608 0.6980392 0.3019608 0.6980392 0.3019608 0.6980392 0.3019608 0.6980392 0.3019608 0.6980392 0.3019608 0.6980392 0.3019608 0.6980392 0.3019608 0.6980392 0.3019608 0.6980392 0.3019608 0.6980392 0.3019608 0.6980392 0.3019608 0.6980392 0.3019608 0.6980392 0.3019608 0.6980392 0.3019608 0.6980392 0.3019608 0.6980392 0.3019608 0.6980392 0.3019608 0.6980392 0.3019608 0.6980392 0.3019608 0.6980392 0.3019608 0.6980392 0.3019608 0.6980392 0.3019608 0.6980392 0.3019608 0.6980392 0.3019608 0.6980392 0.3019608 0.6980392 0.3019608 0.6980392 0.3019608 0.6980392 0.3019608 0.6980392 0.3019608 0.6980392 0.3019608 0.6980392 0.3019608 0.6980392 0.3019608 0.6980392 0.3019608 0.6980392 0.3019608 0.6980392 0.3019608 0.6980392 0.3019608 0.6980392 0.3019608 0.6980392 0.3019608 0.6980392 0.3019608 0.6980392 0.3019608 0.6980392 0.3019608 0.6980392 0.3019608 0.6980392 0.3019608 0.6980392 0.3019608 0.6980392 0.3019608 0.6980392 0.3019608 0.6980392 0.3019608 0.6980392 0.3019608 0.6980392 0.3019608 0.6980392 0.3019608 0.6980392 0.3019608 0.6980392 0.3019608 0.6980392 0.3019608 0.6980392 0.3019608 0.6980392 0.3019608 0.6980392 0.3019608 0.6980392 0.3019608 0.6980392 0.3019608 0.6980392 0.3019608 0.6980392 0.3019608 0.6980392 0.3019608 0.6980392 0.3019608 0.6980392 0.3019608 0.6980392 0.3019608 0.6980392 0.3019608 0.6980392 0.3019608 0.6980392 0.3019608 0.6980392 0.3019608 0.6980392 0.3019608 0.6980392 0.3019608 0.6980392 0.3019608 0.6980392 0.3019608 0.6980392 0.3019608 0.6980392 0.3019608 0.6980392 0.3019608 0.6980392 0.3019608 0.6980392 0.3019608 0.6980392 0.3019608 0.6980392 0.3019608</float_array>
          <technique_common>
            <accessor source="#geom-tag__M_JKT023-skin1-weights-array" count="175" stride="1">
              <param name="WEIGHT" type="float"/>
            </accessor>
          </technique_common>
        </source>
        <joints>
          <input semantic="JOINT" source="#geom-tag__M_JKT023-skin1-joints"/>
          <input semantic="INV_BIND_MATRIX" source="#geom-tag__M_JKT023-skin1-bind_poses"/>
        </joints>
        <vertex_weights count="87">
          <input semantic="JOINT" source="#geom-tag__M_JKT023-skin1-joints" offset="0"/>
          <input semantic="WEIGHT" source="#geom-tag__M_JKT023-skin1-weights" offset="1"/>
          <vcount>2 2 2 2 2 2 2 2 2 2 2 2 2 2 2 2 2 2 2 2 2 2 2 2 2 2 2 2 2 2 2 2 2 2 2 2 2 2 2 2 2 2 2 2 2 2 2 2 2 2 2 2 2 2 2 2 2 2 2 2 2 2 2 2 2 2 2 2 2 2 2 2 2 2 2 2 2 2 2 2 2 2 2 2 2 2 2</vcount>
          <v>5 1 10 2 5 3 10 4 5 5 10 6 5 7 10 8 5 9 10 10 5 11 10 12 5 13 10 14 5 15 10 16 5 17 10 18 5 19 10 20 5 21 10 22 5 23 10 24 5 25 10 26 5 27 10 28 5 29 10 30 5 31 10 32 5 33 10 34 5 35 10 36 5 37 10 38 5 39 10 40 5 41 10 42 5 43 10 44 5 45 10 46 5 47 10 48 5 49 10 50 5 51 10 52 5 53 10 54 5 55 10 56 5 57 10 58 5 59 10 60 5 61 10 62 5 63 10 64 5 65 10 66 5 67 10 68 5 69 10 70 5 71 10 72 5 73 10 74 5 75 10 76 5 77 10 78 5 79 10 80 5 81 10 82 5 83 10 84 5 85 10 86 5 87 10 88 5 89 10 90 5 91 10 92 5 93 10 94 5 95 10 96 5 97 10 98 5 99 10 100 5 101 10 102 5 103 10 104 5 105 10 106 5 107 10 108 5 109 10 110 5 111 10 112 5 113 10 114 5 115 10 116 5 117 10 118 5 119 10 120 5 121 10 122 5 123 10 124 5 125 10 126 5 127 10 128 5 129 10 130 5 131 10 132 5 133 10 134 5 135 10 136 5 137 10 138 5 139 10 140 5 141 10 142 5 143 10 144 5 145 10 146 5 147 10 148 5 149 10 150 5 151 10 152 5 153 10 154 5 155 10 156 5 157 10 158 5 159 10 160 5 161 10 162 5 163 10 164 5 165 10 166 5 167 10 168 5 169 10 170 5 171 10 172 5 173 10 174</v>
        </vertex_weights>
      </skin>
    </controller>
  </library_controllers>
  <library_lights>
    <light id="EnvironmentAmbientLight" name="EnvironmentAmbientLight">
      <technique_common>
        <ambient>
          <color>0 0 0</color>
        </ambient>
      </technique_common>
    </light>
  </library_lights>
  <library_images>
    <image id="M_JKT023_Alb_png">
      <init_from>./M_JKT023_Alb.png</init_from>
    </image>
    <image id="M_JKT023_Nrm_png">
      <init_from>./M_JKT023_Nrm.png</init_from>
    </image>
    <image id="M_JKT023_Rgh_png">
      <init_from>./M_JKT023_Rgh.png</init_from>
    </image>
  </library_images>
  <library_visual_scenes>
    <visual_scene id="MaxScene">
      <node name="EnvironmentAmbientLight">
        <instance_light url="#EnvironmentAmbientLight"/>
      </node>
      <node id="node-Skl_Root" name="Skl_Root" sid="joint0" type="JOINT">
        <rotate>-1 0 0 -90</rotate>
        <node id="node-Spine_1" name="Spine_1" sid="joint1" type="JOINT">
          <rotate>0.5773503 0.5773503 0.5773503 -240</rotate>
          <node id="node-Spine_2" name="Spine_2" sid="joint2" type="JOINT">
            <translate>0.1150019 0 0</translate>
            <node id="node-Spine_3" name="Spine_3" sid="joint3" type="JOINT">
              <translate>0.12 0 0</translate>
              <node id="node-Clavicle_L" name="Clavicle_L" sid="joint4" type="JOINT">
                <translate>0.095 0 0.028</translate>
                <rotate>1.02869e-7 1 1.02996e-7 -104</rotate>
                <node id="node-Arm_1_L" name="Arm_1_L" sid="joint5" type="JOINT">
                  <translate>0.07999998 2.98023e-8 5.96046e-8</translate>
                  <rotate>1.34812e-7 -1 -1.80224e-7 -14</rotate>
                  <node id="node-Arm_2_L" name="Arm_2_L" sid="joint6" type="JOINT">
                    <translate>0.2320001 0 0</translate>
                    <node id="node-Elbow_L" name="Elbow_L" sid="joint7" type="JOINT">
                      <translate>0 -0.04999998 0</translate>
                      <extra>
                        <technique profile="OpenCOLLADA">
                          <cast_shadows sid="cast_shadows" type="bool">1</cast_shadows>
                          <receive_shadows sid="receive_shadows" type="bool">1</receive_shadows>
                          <primary_visibility sid="primary_visibility" type="bool">1</primary_visibility>
                          <secondary_visibility sid="secondary_visibility" type="bool">1</secondary_visibility>
                        </technique>
                      </extra>
                    </node>
                    <node id="node-Wrist_Assist_L" name="Wrist_Assist_L" sid="joint8" type="JOINT">
                      <translate>0.2070001 7.10543e-15 0</translate>
                      <extra>
                        <technique profile="OpenCOLLADA">
                          <cast_shadows sid="cast_shadows" type="bool">1</cast_shadows>
                          <receive_shadows sid="receive_shadows" type="bool">1</receive_shadows>
                          <primary_visibility sid="primary_visibility" type="bool">1</primary_visibility>
                          <secondary_visibility sid="secondary_visibility" type="bool">1</secondary_visibility>
                        </technique>
                      </extra>
                    </node>
                    <node id="node-Wrist_L" name="Wrist_L" sid="joint9" type="JOINT">
                      <translate>0.2375 0 5.96046e-8</translate>
                      <extra>
                        <technique profile="OpenCOLLADA">
                          <cast_shadows sid="cast_shadows" type="bool">1</cast_shadows>
                          <receive_shadows sid="receive_shadows" type="bool">1</receive_shadows>
                          <primary_visibility sid="primary_visibility" type="bool">1</primary_visibility>
                          <secondary_visibility sid="secondary_visibility" type="bool">1</secondary_visibility>
                        </technique>
                      </extra>
                    </node>
                    <extra>
                      <technique profile="OpenCOLLADA">
                        <cast_shadows sid="cast_shadows" type="bool">1</cast_shadows>
                        <receive_shadows sid="receive_shadows" type="bool">1</receive_shadows>
                        <primary_visibility sid="primary_visibility" type="bool">1</primary_visibility>
                        <secondary_visibility sid="secondary_visibility" type="bool">1</secondary_visibility>
                      </technique>
                    </extra>
                  </node>
                  <node id="node-Arm_Assist_L" name="Arm_Assist_L" sid="joint10" type="JOINT">
                    <translate>0.02 0 0</translate>
                    <extra>
                      <technique profile="OpenCOLLADA">
                        <cast_shadows sid="cast_shadows" type="bool">1</cast_shadows>
                        <receive_shadows sid="receive_shadows" type="bool">1</receive_shadows>
                        <primary_visibility sid="primary_visibility" type="bool">1</primary_visibility>
                        <secondary_visibility sid="secondary_visibility" type="bool">1</secondary_visibility>
                      </technique>
                    </extra>
                  </node>
                  <extra>
                    <technique profile="OpenCOLLADA">
                      <cast_shadows sid="cast_shadows" type="bool">1</cast_shadows>
                      <receive_shadows sid="receive_shadows" type="bool">1</receive_shadows>
                      <primary_visibility sid="primary_visibility" type="bool">1</primary_visibility>
                      <secondary_visibility sid="secondary_visibility" type="bool">1</secondary_visibility>
                    </technique>
                  </extra>
                </node>
                <extra>
                  <technique profile="OpenCOLLADA">
                    <cast_shadows sid="cast_shadows" type="bool">1</cast_shadows>
                    <receive_shadows sid="receive_shadows" type="bool">1</receive_shadows>
                    <primary_visibility sid="primary_visibility" type="bool">1</primary_visibility>
                    <secondary_visibility sid="secondary_visibility" type="bool">1</secondary_visibility>
                  </technique>
                </extra>
              </node>
              <node id="node-Clavicle_R" name="Clavicle_R" sid="joint11" type="JOINT">
                <translate>0.09500352 0 -0.028</translate>
                <rotate>0.7880109 5.06797e-8 0.6156613 -180</rotate>
                <node id="node-Arm_1_R" name="Arm_1_R" sid="joint12" type="JOINT">
                  <translate>-0.08000002 0 5.96046e-8</translate>
                  <rotate>-3.47809e-7 -1 -7.69687e-8 -14</rotate>
                  <node id="node-Arm_2_R" name="Arm_2_R" sid="joint13" type="JOINT">
                    <translate>-0.232 2.98023e-8 0</translate>
                    <node id="node-Elbow_R" name="Elbow_R" sid="joint14" type="JOINT">
                      <translate>-2.98023e-8 0.05 -2.98023e-8</translate>
                      <extra>
                        <technique profile="OpenCOLLADA">
                          <cast_shadows sid="cast_shadows" type="bool">1</cast_shadows>
                          <receive_shadows sid="receive_shadows" type="bool">1</receive_shadows>
                          <primary_visibility sid="primary_visibility" type="bool">1</primary_visibility>
                          <secondary_visibility sid="secondary_visibility" type="bool">1</secondary_visibility>
                        </technique>
                      </extra>
                    </node>
                    <node id="node-Wrist_Assist_R" name="Wrist_Assist_R" sid="joint15" type="JOINT">
                      <translate>-0.2069999 1.42109e-14 0</translate>
                      <extra>
                        <technique profile="OpenCOLLADA">
                          <cast_shadows sid="cast_shadows" type="bool">1</cast_shadows>
                          <receive_shadows sid="receive_shadows" type="bool">1</receive_shadows>
                          <primary_visibility sid="primary_visibility" type="bool">1</primary_visibility>
                          <secondary_visibility sid="secondary_visibility" type="bool">1</secondary_visibility>
                        </technique>
                      </extra>
                    </node>
                    <node id="node-Wrist_R" name="Wrist_R" sid="joint16" type="JOINT">
                      <translate>-0.2374999 0 0</translate>
                      <extra>
                        <technique profile="OpenCOLLADA">
                          <cast_shadows sid="cast_shadows" type="bool">1</cast_shadows>
                          <receive_shadows sid="receive_shadows" type="bool">1</receive_shadows>
                          <primary_visibility sid="primary_visibility" type="bool">1</primary_visibility>
                          <secondary_visibility sid="secondary_visibility" type="bool">1</secondary_visibility>
                        </technique>
                      </extra>
                    </node>
                    <extra>
                      <technique profile="OpenCOLLADA">
                        <cast_shadows sid="cast_shadows" type="bool">1</cast_shadows>
                        <receive_shadows sid="receive_shadows" type="bool">1</receive_shadows>
                        <primary_visibility sid="primary_visibility" type="bool">1</primary_visibility>
                        <secondary_visibility sid="secondary_visibility" type="bool">1</secondary_visibility>
                      </technique>
                    </extra>
                  </node>
                  <node id="node-Arm_Assist_R" name="Arm_Assist_R" sid="joint17" type="JOINT">
                    <translate>-0.02000001 7.10543e-15 0</translate>
                    <extra>
                      <technique profile="OpenCOLLADA">
                        <cast_shadows sid="cast_shadows" type="bool">1</cast_shadows>
                        <receive_shadows sid="receive_shadows" type="bool">1</receive_shadows>
                        <primary_visibility sid="primary_visibility" type="bool">1</primary_visibility>
                        <secondary_visibility sid="secondary_visibility" type="bool">1</secondary_visibility>
                      </technique>
                    </extra>
                  </node>
                  <extra>
                    <technique profile="OpenCOLLADA">
                      <cast_shadows sid="cast_shadows" type="bool">1</cast_shadows>
                      <receive_shadows sid="receive_shadows" type="bool">1</receive_shadows>
                      <primary_visibility sid="primary_visibility" type="bool">1</primary_visibility>
                      <secondary_visibility sid="secondary_visibility" type="bool">1</secondary_visibility>
                    </technique>
                  </extra>
                </node>
                <extra>
                  <technique profile="OpenCOLLADA">
                    <cast_shadows sid="cast_shadows" type="bool">1</cast_shadows>
                    <receive_shadows sid="receive_shadows" type="bool">1</receive_shadows>
                    <primary_visibility sid="primary_visibility" type="bool">1</primary_visibility>
                    <secondary_visibility sid="secondary_visibility" type="bool">1</secondary_visibility>
                  </technique>
                </extra>
              </node>
              <extra>
                <technique profile="OpenCOLLADA">
                  <cast_shadows sid="cast_shadows" type="bool">1</cast_shadows>
                  <receive_shadows sid="receive_shadows" type="bool">1</receive_shadows>
                  <primary_visibility sid="primary_visibility" type="bool">1</primary_visibility>
                  <secondary_visibility sid="secondary_visibility" type="bool">1</secondary_visibility>
                </technique>
              </extra>
            </node>
            <extra>
              <technique profile="OpenCOLLADA">
                <cast_shadows sid="cast_shadows" type="bool">1</cast_shadows>
                <receive_shadows sid="receive_shadows" type="bool">1</receive_shadows>
                <primary_visibility sid="primary_visibility" type="bool">1</primary_visibility>
                <secondary_visibility sid="secondary_visibility" type="bool">1</secondary_visibility>
              </technique>
            </extra>
          </node>
          <extra>
            <technique profile="OpenCOLLADA">
              <cast_shadows sid="cast_shadows" type="bool">1</cast_shadows>
              <receive_shadows sid="receive_shadows" type="bool">1</receive_shadows>
              <primary_visibility sid="primary_visibility" type="bool">1</primary_visibility>
              <secondary_visibility sid="secondary_visibility" type="bool">1</secondary_visibility>
            </technique>
          </extra>
        </node>
        <node id="node-Waist" name="Waist" sid="joint18" type="JOINT">
          <rotate>-0.5773502 0.5773503 0.5773503 -120</rotate>
          <extra>
            <technique profile="OpenCOLLADA">
              <cast_shadows sid="cast_shadows" type="bool">1</cast_shadows>
              <receive_shadows sid="receive_shadows" type="bool">1</receive_shadows>
              <primary_visibility sid="primary_visibility" type="bool">1</primary_visibility>
              <secondary_visibility sid="secondary_visibility" type="bool">1</secondary_visibility>
            </technique>
          </extra>
        </node>
        <extra>
          <technique profile="OpenCOLLADA">
            <cast_shadows sid="cast_shadows" type="bool">1</cast_shadows>
            <receive_shadows sid="receive_shadows" type="bool">1</receive_shadows>
            <primary_visibility sid="primary_visibility" type="bool">1</primary_visibility>
            <secondary_visibility sid="secondary_visibility" type="bool">1</secondary_visibility>
          </technique>
        </extra>
      </node>
      <node id="node-Clt_JKT023__M_JKT023" name="Clt_JKT023__M_JKT023">
        <instance_controller url="#geom-Clt_JKT023__M_JKT023-skin1">
          <skeleton>#node-Skl_Root</skeleton>
          <bind_material>
            <technique_common>
              <instance_material symbol="M_JKT023" target="#M_JKT023-material">
                <bind_vertex_input semantic="CHANNEL1" input_semantic="TEXCOORD" input_set="0"/>
                <bind_vertex_input semantic="CHANNEL1" input_semantic="TEXCOORD" input_set="0"/>
                <bind_vertex_input semantic="CHANNEL1" input_semantic="TEXCOORD" input_set="0"/>
                <bind_vertex_input semantic="CHANNEL1" input_semantic="TEXCOORD" input_set="0"/>
              </instance_material>
            </technique_common>
          </bind_material>
        </instance_controller>
        <extra>
          <technique profile="OpenCOLLADA">
            <cast_shadows sid="cast_shadows" type="bool">1</cast_shadows>
            <receive_shadows sid="receive_shadows" type="bool">1</receive_shadows>
            <primary_visibility sid="primary_visibility" type="bool">1</primary_visibility>
            <secondary_visibility sid="secondary_visibility" type="bool">1</secondary_visibility>
          </technique>
        </extra>
      </node>
      <node id="node-tag__M_JKT023" name="tag__M_JKT023">
        <instance_controller url="#geom-tag__M_JKT023-skin1">
          <skeleton>#node-Skl_Root</skeleton>
          <bind_material>
            <technique_common>
              <instance_material symbol="M_JKT023" target="#M_JKT023_1-material">
                <bind_vertex_input semantic="CHANNEL1" input_semantic="TEXCOORD" input_set="0"/>
                <bind_vertex_input semantic="CHANNEL1" input_semantic="TEXCOORD" input_set="0"/>
                <bind_vertex_input semantic="CHANNEL1" input_semantic="TEXCOORD" input_set="0"/>
                <bind_vertex_input semantic="CHANNEL1" input_semantic="TEXCOORD" input_set="0"/>
              </instance_material>
            </technique_common>
          </bind_material>
        </instance_controller>
        <extra>
          <technique profile="OpenCOLLADA">
            <cast_shadows sid="cast_shadows" type="bool">1</cast_shadows>
            <receive_shadows sid="receive_shadows" type="bool">1</receive_shadows>
            <primary_visibility sid="primary_visibility" type="bool">1</primary_visibility>
            <secondary_visibility sid="secondary_visibility" type="bool">1</secondary_visibility>
          </technique>
        </extra>
      </node>
    </visual_scene>
  </library_visual_scenes>
  <scene>
    <instance_visual_scene url="#MaxScene"/>
  </scene>
</COLLADA>