<?xml version="1.0" encoding="utf-8"?>
<COLLADA xmlns="http://www.collada.org/2005/11/COLLADASchema" version="1.4.1" xmlns:xsi="http://www.w3.org/2001/XMLSchema-instance">
  <asset>
    <contributor>
      <author>Centrixe</author>
      <authoring_tool>OpenCOLLADA for 3ds Max;  Version: 1.6;  Revision: 68</authoring_tool>
    </contributor>
    <created>2023-06-02T21:11:44</created>
    <modified>2023-06-02T21:11:44</modified>
    <unit name="inch" meter="0.0254"/>
    <up_axis>Z_UP</up_axis>
  </asset>
  <library_effects>
    <effect id="M_EYE028">
      <profile_COMMON>
        <newparam sid="M_EYE028_Alb_png-surface">
          <surface type="2D">
            <init_from>M_EYE028_Alb_png</init_from>
          </surface>
        </newparam>
        <newparam sid="M_EYE028_Alb_png-sampler">
          <sampler2D>
            <source>M_EYE028_Alb_png-surface</source>
          </sampler2D>
        </newparam>
        <newparam sid="M_EYE028_Rgh_png-surface">
          <surface type="2D">
            <init_from>M_EYE028_Rgh_png</init_from>
          </surface>
        </newparam>
        <newparam sid="M_EYE028_Rgh_png-sampler">
          <sampler2D>
            <source>M_EYE028_Rgh_png-surface</source>
          </sampler2D>
        </newparam>
        <newparam sid="M_EYE028_Nrm_png-surface">
          <surface type="2D">
            <init_from>M_EYE028_Nrm_png</init_from>
          </surface>
        </newparam>
        <newparam sid="M_EYE028_Nrm_png-sampler">
          <sampler2D>
            <source>M_EYE028_Nrm_png-surface</source>
          </sampler2D>
        </newparam>
        <technique sid="common">
          <blinn>
            <emission>
              <color>0 0 0 1</color>
            </emission>
            <ambient>
              <color>0.588 0.588 0.588 1</color>
            </ambient>
            <diffuse>
              <texture texture="M_EYE028_Alb_png-sampler" texcoord="CHANNEL1"/>
            </diffuse>
            <specular>
              <color>0 0 0 1</color>
            </specular>
            <shininess>
              <float>10</float>
            </shininess>
            <reflective>
              <color>0 0 0 1</color>
            </reflective>
            <transparent opaque="A_ONE">
              <texture texture="M_EYE028_Alb_png-sampler" texcoord="CHANNEL1"/>
            </transparent>
            <transparency>
              <float>1</float>
            </transparency>
          </blinn>
          <extra>
            <technique profile="OpenCOLLADA3dsMax">
              <gloss>
                <texture texture="M_EYE028_Rgh_png-sampler" texcoord="CHANNEL1"/>
              </gloss>
              <bump bumptype="HEIGHTFIELD">
                <texture texture="M_EYE028_Nrm_png-sampler" texcoord="CHANNEL1"/>
              </bump>
            </technique>
          </extra>
        </technique>
      </profile_COMMON>
      <extra>
        <technique profile="OpenCOLLADA3dsMax">
          <extended_shader>
            <opacity_type sid="opacity_type" type="int">0</opacity_type>
            <falloff_type sid="falloff_type" type="int">0</falloff_type>
            <falloff sid="falloff" type="float">0</falloff>
            <index_of_refraction sid="index_of_refraction" type="float">1.5</index_of_refraction>
            <wire_size sid="wire_size" type="float">1</wire_size>
            <wire_units sid="wire_units" type="int">0</wire_units>
            <apply_reflection_dimming sid="apply_reflection_dimming" type="bool">0</apply_reflection_dimming>
            <dim_level sid="dim_level" type="float">0</dim_level>
            <reflection_level sid="reflection_level" type="float">3</reflection_level>
          </extended_shader>
          <shader>
            <ambient_diffuse_texture_lock sid="ambient_diffuse_texture_lock" type="bool">1</ambient_diffuse_texture_lock>
            <ambient_diffuse_lock sid="ambient_diffuse_lock" type="bool">1</ambient_diffuse_lock>
            <diffuse_specular_lock sid="diffuse_specular_lock" type="bool">0</diffuse_specular_lock>
            <use_self_illum_color sid="use_self_illum_color" type="bool">0</use_self_illum_color>
            <self_illumination sid="self_illumination" type="float">0</self_illumination>
            <specular_level sid="specular_level" type="float">0</specular_level>
            <soften sid="soften" type="float">0.1</soften>
          </shader>
        </technique>
      </extra>
    </effect>
    <effect id="M_EYE028_lens">
      <profile_COMMON>
        <newparam sid="M_EYE028_Alb_png-surface">
          <surface type="2D">
            <init_from>M_EYE028_Alb_png</init_from>
          </surface>
        </newparam>
        <newparam sid="M_EYE028_Alb_png-sampler">
          <sampler2D>
            <source>M_EYE028_Alb_png-surface</source>
          </sampler2D>
        </newparam>
        <newparam sid="M_EYE028_Nrm_png-surface">
          <surface type="2D">
            <init_from>M_EYE028_Nrm_png</init_from>
          </surface>
        </newparam>
        <newparam sid="M_EYE028_Nrm_png-sampler">
          <sampler2D>
            <source>M_EYE028_Nrm_png-surface</source>
          </sampler2D>
        </newparam>
        <technique sid="common">
          <blinn>
            <emission>
              <color>0 0 0 1</color>
            </emission>
            <ambient>
              <color>0.588 0.588 0.588 1</color>
            </ambient>
            <diffuse>
              <texture texture="M_EYE028_Alb_png-sampler" texcoord="CHANNEL1"/>
            </diffuse>
            <specular>
              <color>0 0 0 1</color>
            </specular>
            <shininess>
              <float>10</float>
            </shininess>
            <reflective>
              <color>0 0 0 1</color>
            </reflective>
            <transparent opaque="A_ONE">
              <color>1 1 1 1</color>
            </transparent>
            <transparency>
              <float>1</float>
            </transparency>
          </blinn>
          <extra>
            <technique profile="OpenCOLLADA3dsMax">
              <bump bumptype="HEIGHTFIELD">
                <texture texture="M_EYE028_Nrm_png-sampler" texcoord="CHANNEL1"/>
              </bump>
            </technique>
          </extra>
        </technique>
      </profile_COMMON>
      <extra>
        <technique profile="OpenCOLLADA3dsMax">
          <extended_shader>
            <opacity_type sid="opacity_type" type="int">0</opacity_type>
            <falloff_type sid="falloff_type" type="int">0</falloff_type>
            <falloff sid="falloff" type="float">0</falloff>
            <index_of_refraction sid="index_of_refraction" type="float">1.5</index_of_refraction>
            <wire_size sid="wire_size" type="float">1</wire_size>
            <wire_units sid="wire_units" type="int">0</wire_units>
            <apply_reflection_dimming sid="apply_reflection_dimming" type="bool">0</apply_reflection_dimming>
            <dim_level sid="dim_level" type="float">0</dim_level>
            <reflection_level sid="reflection_level" type="float">3</reflection_level>
          </extended_shader>
          <shader>
            <ambient_diffuse_texture_lock sid="ambient_diffuse_texture_lock" type="bool">1</ambient_diffuse_texture_lock>
            <ambient_diffuse_lock sid="ambient_diffuse_lock" type="bool">1</ambient_diffuse_lock>
            <diffuse_specular_lock sid="diffuse_specular_lock" type="bool">0</diffuse_specular_lock>
            <use_self_illum_color sid="use_self_illum_color" type="bool">0</use_self_illum_color>
            <self_illumination sid="self_illumination" type="float">0</self_illumination>
            <specular_level sid="specular_level" type="float">0</specular_level>
            <soften sid="soften" type="float">0.1</soften>
          </shader>
        </technique>
      </extra>
    </effect>
    <effect id="M_EYE028_sunglasses">
      <profile_COMMON>
        <newparam sid="M_EYE028_Alb_png-surface">
          <surface type="2D">
            <init_from>M_EYE028_Alb_png</init_from>
          </surface>
        </newparam>
        <newparam sid="M_EYE028_Alb_png-sampler">
          <sampler2D>
            <source>M_EYE028_Alb_png-surface</source>
          </sampler2D>
        </newparam>
        <newparam sid="M_EYE028_Nrm_png-surface">
          <surface type="2D">
            <init_from>M_EYE028_Nrm_png</init_from>
          </surface>
        </newparam>
        <newparam sid="M_EYE028_Nrm_png-sampler">
          <sampler2D>
            <source>M_EYE028_Nrm_png-surface</source>
          </sampler2D>
        </newparam>
        <technique sid="common">
          <blinn>
            <emission>
              <color>0 0 0 1</color>
            </emission>
            <ambient>
              <color>0.588 0.588 0.588 1</color>
            </ambient>
            <diffuse>
              <texture texture="M_EYE028_Alb_png-sampler" texcoord="CHANNEL1"/>
            </diffuse>
            <specular>
              <color>0 0 0 1</color>
            </specular>
            <shininess>
              <float>10</float>
            </shininess>
            <reflective>
              <color>0 0 0 1</color>
            </reflective>
            <transparent opaque="A_ONE">
              <texture texture="M_EYE028_Alb_png-sampler" texcoord="CHANNEL1"/>
            </transparent>
            <transparency>
              <float>1</float>
            </transparency>
          </blinn>
          <extra>
            <technique profile="OpenCOLLADA3dsMax">
              <bump bumptype="HEIGHTFIELD">
                <texture texture="M_EYE028_Nrm_png-sampler" texcoord="CHANNEL1"/>
              </bump>
            </technique>
          </extra>
        </technique>
      </profile_COMMON>
      <extra>
        <technique profile="OpenCOLLADA3dsMax">
          <extended_shader>
            <opacity_type sid="opacity_type" type="int">0</opacity_type>
            <falloff_type sid="falloff_type" type="int">0</falloff_type>
            <falloff sid="falloff" type="float">0</falloff>
            <index_of_refraction sid="index_of_refraction" type="float">1.5</index_of_refraction>
            <wire_size sid="wire_size" type="float">1</wire_size>
            <wire_units sid="wire_units" type="int">0</wire_units>
            <apply_reflection_dimming sid="apply_reflection_dimming" type="bool">0</apply_reflection_dimming>
            <dim_level sid="dim_level" type="float">0</dim_level>
            <reflection_level sid="reflection_level" type="float">3</reflection_level>
          </extended_shader>
          <shader>
            <ambient_diffuse_texture_lock sid="ambient_diffuse_texture_lock" type="bool">1</ambient_diffuse_texture_lock>
            <ambient_diffuse_lock sid="ambient_diffuse_lock" type="bool">1</ambient_diffuse_lock>
            <diffuse_specular_lock sid="diffuse_specular_lock" type="bool">0</diffuse_specular_lock>
            <use_self_illum_color sid="use_self_illum_color" type="bool">0</use_self_illum_color>
            <self_illumination sid="self_illumination" type="float">0</self_illumination>
            <specular_level sid="specular_level" type="float">0</specular_level>
            <soften sid="soften" type="float">0.1</soften>
          </shader>
        </technique>
      </extra>
    </effect>
  </library_effects>
  <library_materials>
    <material id="M_EYE028-material" name="M_EYE028">
      <instance_effect url="#M_EYE028"/>
    </material>
    <material id="M_EYE028_lens-material" name="M_EYE028_lens">
      <instance_effect url="#M_EYE028_lens"/>
    </material>
    <material id="M_EYE028_sunglasses-material" name="M_EYE028_sunglasses">
      <instance_effect url="#M_EYE028_sunglasses"/>
    </material>
  </library_materials>
  <library_geometries>
    <geometry id="geom-Hed_EYE028_1__M_EYE028" name="Hed_EYE028_1__M_EYE028">
      <mesh>
        <source id="geom-Hed_EYE028_1__M_EYE028-positions">
          <float_array id="geom-Hed_EYE028_1__M_EYE028-positions-array" count="13449">-0.133667 -0.2543945 0.3273926 -0.1418457 -0.2585449 0.3112793 -0.12323 -0.2580566 0.3127441 -0.1383057 -0.3803711 0.342041 -0.1297607 -0.3803711 0.3537598 -0.1204224 -0.3811035 0.3427734 -0.2561035 -0.1968994 0.2563477 -0.2587891 -0.1855469 0.2724609 -0.2619629 -0.1741943 0.2563477 0.133667 -0.2543945 0.3273926 0.12323 -0.2580566 0.3127441 0.1418457 -0.2585449 0.3112793 0.1383057 -0.3803711 0.342041 0.1204224 -0.3811035 0.3427734 0.1297607 -0.3803711 0.3537598 0.2561035 -0.1968994 0.2563477 0.2619629 -0.1741943 0.2563477 0.2587891 -0.1855469 0.2724609 -0.1605225 -0.3759766 0.3479004 -0.1595459 -0.3764648 0.3395996 -0.1710205 -0.3703613 0.3444824 -0.170166 -0.3706055 0.3361816 -0.1831055 -0.3605957 0.3398437 -0.1815186 -0.3613281 0.3317871 -0.1921387 -0.3464355 0.3347168 -0.1904297 -0.3474121 0.3269043 -0.2004395 -0.3305664 0.329834 -0.1986084 -0.3320312 0.3220215 -0.2064209 -0.3127441 0.3244629 -0.2043457 -0.3146973 0.3168945 -0.2045898 -0.3000488 0.3137207 -0.206665 -0.2978516 0.3212891 -0.1999512 -0.2866211 0.3117676 -0.2019043 -0.2839355 0.3190918 -0.1882324 -0.2756348 0.3112793 -0.1899414 -0.2729492 0.3188477 -0.1707764 -0.2697754 0.3129883 -0.1716309 -0.2666016 0.3205566 -0.1512451 -0.2666016 0.3149414 -0.1519775 -0.2634277 0.3225098 -0.1320801 -0.2648926 0.3166504 -0.1325684 -0.2617187 0.3244629 -0.1048584 -0.2648926 0.3181152 -0.1049194 -0.2617187 0.3259277 -0.07873535 -0.2670898 0.3200684 -0.07818604 -0.263916 0.3276367 -0.05480957 -0.2739258 0.3220215 -0.05361938 -0.270752 0.3295898 -0.0435791 -0.286377 0.3254395 -0.04205322 -0.2832031 0.3330078 -0.03643799 -0.3015137 0.3376465 -0.03805542 -0.3037109 0.3300781 -0.03668213 -0.3151855 0.3410645 -0.03817749 -0.3168945 0.3330078 -0.04168701 -0.3305664 0.3366699 -0.04025269 -0.3291016 0.3444824 -0.04644775 -0.3427734 0.3395996 -0.04541016 -0.3417969 0.3476562 -0.0586853 -0.3598633 0.3515625 -0.0597229 -0.3613281 0.3435059 -0.07537842 -0.3720703 0.3532715 -0.07592773 -0.373291 0.3452148 -0.09063721 -0.3781738 0.345459 -0.09161377 -0.3776855 0.3535156 -0.0947876 -0.2409668 0.3044434 -0.09429932 -0.2435303 0.2946777 -0.09411621 -0.2460937 0.2932129 -0.09484863 -0.2424316 0.3071289 -0.09393311 -0.2556152 0.2958984 -0.09460449 -0.2519531 0.3095703 -0.09448242 -0.2543945 0.3081055 -0.09399414 -0.2570801 0.2983398 -0.2341309 -0.2366943 0.2609863 -0.2353516 -0.2403564 0.2609863 -0.2385254 -0.2391357 0.2619629 -0.2373047 -0.2354736 0.2619629 -0.2404785 -0.2384033 0.2648926 -0.2392578 -0.2347412 0.2648926 -0.2404785 -0.2384033 0.2683105 -0.2391357 -0.2347412 0.2683105 -0.2371826 -0.2354736 0.2709961 -0.2384033 -0.2391357 0.2709961 -0.2340088 -0.2366943 0.2722168 -0.2352295 -0.2403564 0.2722168 -0.230835 -0.237915 0.2709961 -0.2321777 -0.2415771 0.2709961 -0.2290039 -0.2386475 0.2683105 -0.2302246 -0.2424316 0.2683105 -0.2290039 -0.2386475 0.2648926 -0.2302246 -0.2424316 0.2648926 -0.2321777 -0.2415771 0.2619629 -0.230957 -0.237915 0.2619629 -0.2353516 -0.2403564 0.2609863 -0.2341309 -0.2366943 0.2609863 -0.2341309 -0.2366943 0.2410889 -0.2353516 -0.2403564 0.2410889 -0.2385254 -0.2391357 0.2420654 -0.2373047 -0.2354736 0.2420654 -0.2404785 -0.2384033 0.2449951 -0.2392578 -0.2347412 0.2449951 -0.2404785 -0.2384033 0.2484131 -0.2392578 -0.2347412 0.2484131 -0.2373047 -0.2354736 0.2512207 -0.2385254 -0.2391357 0.2512207 -0.2341309 -0.2366943 0.2521973 -0.2353516 -0.2403564 0.2521973 -0.230957 -0.237915 0.2512207 -0.2321777 -0.2415771 0.2512207 -0.2290039 -0.2386475 0.2484131 -0.2302246 -0.2424316 0.2484131 -0.2302246 -0.2424316 0.2449951 -0.2290039 -0.2386475 0.2449951 -0.2321777 -0.2415771 0.2420654 -0.230957 -0.237915 0.2420654 -0.2353516 -0.2403564 0.2410889 -0.2341309 -0.2366943 0.2410889 -0.2475586 -0.1883545 0.2451172 -0.2580566 -0.1894531 0.2451172 -0.2489014 -0.1832275 0.2407227 -0.2592773 -0.1844482 0.2407227 -0.2489014 -0.1832275 0.2451172 -0.2592773 -0.1844482 0.2451172 -0.2502441 -0.1782227 0.2407227 -0.2607422 -0.1793213 0.2407227 -0.2502441 -0.1782227 0.2451172 -0.2607422 -0.1793213 0.2451172 -0.2514648 -0.1732178 0.2407227 -0.2619629 -0.1743164 0.2407227 -0.2514648 -0.1732178 0.25 -0.2619629 -0.1743164 0.25 -0.2561035 -0.1968994 0.25 -0.2457275 -0.1956787 0.25 -0.2457275 -0.1956787 0.2470703 -0.2561035 -0.1968994 0.2470703 -0.2475586 -0.1883545 0.2407227 -0.2580566 -0.1894531 0.2407227 -0.2475586 -0.1883545 0.2451172 -0.2580566 -0.1894531 0.2451172 -0.2478027 -0.1851807 0.2504883 -0.2590332 -0.1864014 0.2504883 -0.2481689 -0.1835937 0.2509766 -0.2595215 -0.1848145 0.2509766 -0.2485352 -0.1826172 0.2524414 -0.2597656 -0.1838379 0.2521973 -0.2485352 -0.1826172 0.2541504 -0.2597656 -0.1837158 0.2539062 -0.2595215 -0.1846924 0.2553711 -0.248291 -0.1835937 0.2556152 -0.2592773 -0.1864014 0.2558594 -0.2479248 -0.1851807 0.2561035 -0.2587891 -0.1879883 0.2553711 -0.2475586 -0.1867676 0.2556152 -0.2585449 -0.1889648 0.2539062 -0.2473145 -0.1877441 0.2541504 -0.2585449 -0.1889648 0.2524414 -0.2473145 -0.1877441 0.2524414 -0.2474365 -0.1867676 0.2509766 -0.2585449 -0.1879883 0.2509766 -0.2478027 -0.1851807 0.2504883 -0.2590332 -0.1864014 0.2504883 -0.2456055 -0.1929932 0.2504883 -0.2568359 -0.1942139 0.2504883 -0.2459717 -0.1914062 0.2509766 -0.2570801 -0.192627 0.2509766 -0.2463379 -0.1904297 0.2524414 -0.2575684 -0.1915283 0.2521973 -0.2463379 -0.1903076 0.2541504 -0.2575684 -0.1915283 0.2539062 -0.2573242 -0.1925049 0.2553711 -0.2460937 -0.1914062 0.2556152 -0.2568359 -0.1940918 0.2558594 -0.2457275 -0.1929932 0.2561035 -0.2565918 -0.1958008 0.2553711 -0.2453613 -0.1945801 0.2556152 -0.2563477 -0.1967773 0.2539062 -0.2451172 -0.1955566 0.2541504 -0.2563477 -0.1967773 0.2524414 -0.2449951 -0.1955566 0.2524414 -0.2452393 -0.1945801 0.2509766 -0.2563477 -0.1958008 0.2509766 -0.2456055 -0.1929932 0.2504883 -0.2568359 -0.1942139 0.2504883 0.1605225 -0.3759766 0.3479004 0.1616211 -0.3815918 0.3479004 0.1728516 -0.3754883 0.3442383 0.1710205 -0.3703613 0.3444824 0.185791 -0.3649902 0.3395996 0.1831055 -0.3605957 0.3398437 0.1955566 -0.3500977 0.3342285 0.1921387 -0.3464355 0.3347168 0.2044678 -0.333252 0.3288574 0.2004395 -0.3305664 0.329834 0.2113037 -0.3137207 0.3232422 0.2064209 -0.3127441 0.3244629 0.206665 -0.2978516 0.3212891 0.2115479 -0.2973633 0.3193359 0.2019043 -0.2839355 0.3190918 0.2055664 -0.2817383 0.3168945 0.1899414 -0.2729492 0.3188477 0.1920166 -0.2685547 0.3164062 0.1729736 -0.2617187 0.3181152 0.1716309 -0.2666016 0.3205566 0.1525879 -0.2583008 0.3203125 0.1519775 -0.2634277 0.3225098 0.1325684 -0.2617187 0.3244629 0.1324463 -0.2563477 0.3222656 0.1049194 -0.2617187 0.3259277 0.104187 -0.2563477 0.3237305 0.07818604 -0.263916 0.3276367 0.07647705 -0.2590332 0.3254395 0.05361938 -0.270752 0.3295898 0.05032349 -0.2670898 0.3271484 0.03759766 -0.2807617 0.3310547 0.04205322 -0.2832031 0.3330078 0.03123474 -0.3007812 0.3364258 0.03643799 -0.3015137 0.3376465 0.03668213 -0.3151855 0.3410645 0.03155518 -0.3168945 0.340332 0.04025269 -0.3291016 0.3444824 0.03536987 -0.331543 0.3439941 0.04541016 -0.3417969 0.3476562 0.04077148 -0.3447266 0.3474121 0.0586853 -0.3598633 0.3515625 0.05496216 -0.3637695 0.3513184 0.07244873 -0.376709 0.3537598 0.07537842 -0.3720703 0.3532715 0.0904541 -0.3830566 0.354248 0.09161377 -0.3776855 0.3535156 0.1595459 -0.3764648 0.3395996 0.1605225 -0.3759766 0.3479004 0.1710205 -0.3703613 0.3444824 0.170166 -0.3706055 0.3361816 0.1831055 -0.3605957 0.3398437 0.1815186 -0.3613281 0.3317871 0.1921387 -0.3464355 0.3347168 0.1904297 -0.3474121 0.3269043 0.2004395 -0.3305664 0.329834 0.1986084 -0.3320312 0.3220215 0.2064209 -0.3127441 0.3244629 0.2043457 -0.3146973 0.3168945 0.2045898 -0.3000488 0.3137207 0.206665 -0.2978516 0.3212891 0.1999512 -0.2866211 0.3117676 0.2019043 -0.2839355 0.3190918 0.1882324 -0.2756348 0.3112793 0.1899414 -0.2729492 0.3188477 0.1707764 -0.2697754 0.3129883 0.1716309 -0.2666016 0.3205566 0.1512451 -0.2666016 0.3149414 0.1519775 -0.2634277 0.3225098 0.1320801 -0.2648926 0.3166504 0.1325684 -0.2617187 0.3244629 0.1048584 -0.2648926 0.3181152 0.1049194 -0.2617187 0.3259277 0.07873535 -0.2670898 0.3200684 0.07818604 -0.263916 0.3276367 0.05480957 -0.2739258 0.3220215 0.05361938 -0.270752 0.3295898 0.0435791 -0.286377 0.3254395 0.04205322 -0.2832031 0.3330078 0.03643799 -0.3015137 0.3376465 0.03805542 -0.3037109 0.3300781 0.03668213 -0.3151855 0.3410645 0.03817749 -0.3168945 0.3330078 0.04168701 -0.3305664 0.3366699 0.04025269 -0.3291016 0.3444824 0.04644775 -0.3427734 0.3395996 0.04541016 -0.3417969 0.3476562 0.0586853 -0.3598633 0.3515625 0.0597229 -0.3613281 0.3435059 0.07537842 -0.3720703 0.3532715 0.07592773 -0.373291 0.3452148 0.09063721 -0.3781738 0.345459 0.09161377 -0.3776855 0.3535156 0.1616211 -0.3815918 0.3479004 0.1606445 -0.3818359 0.3395996 0.1728516 -0.3754883 0.3442383 0.1719971 -0.3759766 0.3361816 0.185791 -0.3649902 0.3395996 0.1842041 -0.3657227 0.331543 0.1955566 -0.3500977 0.3342285 0.1938477 -0.3513184 0.3261719 0.2044678 -0.333252 0.3288574 0.2026367 -0.3344727 0.3210449 0.2091064 -0.3156738 0.3154297 0.2113037 -0.3137207 0.3232422 0.2093506 -0.2998047 0.3117676 0.2115479 -0.2973633 0.3193359 0.2036133 -0.2844238 0.3093262 0.2055664 -0.2817383 0.3168945 0.1904297 -0.2712402 0.3088379 0.1920166 -0.2685547 0.3164062 0.1721191 -0.2648926 0.3105469 0.1729736 -0.2617187 0.3181152 0.1518555 -0.260498 0.3122559 0.1525879 -0.2583008 0.3203125 0.131958 -0.2585449 0.314209 0.1324463 -0.2563477 0.3222656 0.104187 -0.2595215 0.3161621 0.104187 -0.2563477 0.3237305 0.07702637 -0.2624512 0.3178711 0.07647705 -0.2590332 0.3254395 0.05163574 -0.2702637 0.3195801 0.05032349 -0.2670898 0.3271484 0.03912354 -0.2836914 0.3234863 0.03759766 -0.2807617 0.3310547 0.03123474 -0.3007812 0.3364258 0.03283691 -0.3032227 0.3288574 0.03155518 -0.3168945 0.340332 0.03302002 -0.3186035 0.3322754 0.03683472 -0.3330078 0.3356934 0.03536987 -0.331543 0.3439941 0.04174805 -0.3459473 0.3388672 0.04077148 -0.3447266 0.3474121 0.05496216 -0.3637695 0.3513184 0.05603027 -0.3649902 0.3432617 0.07244873 -0.376709 0.3537598 0.07305908 -0.3779297 0.345459 0.0894165 -0.3837891 0.3461914 0.0904541 -0.3830566 0.354248 0.08544922 -0.2457275 0.2939453 0.08526611 -0.255127 0.2966309 0.08557129 -0.2431641 0.2954102 0.08532715 -0.2565918 0.2990723 0.08605957 -0.2406006 0.3051758 0.08581543 -0.2541504 0.3088379 0.0859375 -0.2514648 0.3103027 0.08612061 -0.2420654 0.3078613 0.2366943 -0.197998 0.2731934 0.2368164 -0.1981201 0.2712402 0.2342529 -0.1975098 0.2712402 0.2316895 -0.1967773 0.2731934 0.2357178 -0.197998 0.2427979 0.2381592 -0.1986084 0.2427979 0.2382812 -0.1986084 0.2407227 0.2332764 -0.1973877 0.2407227 0.2288818 -0.2000732 0.2407227 0.2272949 -0.1994629 0.2731934 0.2260742 -0.2043457 0.2731934 0.2276611 -0.2050781 0.2407227 0.2288818 -0.2071533 0.2427979 0.2305908 -0.2099609 0.2407227 0.2304687 -0.2099609 0.2427979 0.2275391 -0.206665 0.2712402 0.2287598 -0.2087402 0.2731934 0.2288818 -0.2087402 0.2712402 0.239624 -0.192749 0.2427979 0.2381592 -0.1986084 0.2427979 0.2357178 -0.197998 0.2427979 0.2371826 -0.1921387 0.2427979 0.2342529 -0.1975098 0.2712402 0.239624 -0.192749 0.2427979 0.2381592 -0.1922607 0.2712402 0.2357178 -0.1916504 0.2712402 0.2368164 -0.1981201 0.2712402 0.2381592 -0.1922607 0.2712402 0.2341309 -0.2366943 0.2609863 0.2353516 -0.2403564 0.2609863 0.230957 -0.237915 0.2619629 0.2321777 -0.2415771 0.2619629 0.2290039 -0.2386475 0.2648926 0.2302246 -0.2424316 0.2648926 0.2302246 -0.2424316 0.2683105 0.2290039 -0.2386475 0.2683105 0.2321777 -0.2415771 0.2709961 0.230835 -0.237915 0.2709961 0.2352295 -0.2403564 0.2722168 0.2340088 -0.2366943 0.2722168 0.2384033 -0.2391357 0.2709961 0.2371826 -0.2354736 0.2709961 0.2404785 -0.2384033 0.2683105 0.2391357 -0.2347412 0.2683105 0.2392578 -0.2347412 0.2648926 0.2404785 -0.2384033 0.2648926 0.2373047 -0.2354736 0.2619629 0.2385254 -0.2391357 0.2619629 0.2341309 -0.2366943 0.2609863 0.2353516 -0.2403564 0.2609863 0.2341309 -0.2366943 0.2410889 0.2353516 -0.2403564 0.2410889 0.230957 -0.237915 0.2420654 0.2321777 -0.2415771 0.2420654 0.2290039 -0.2386475 0.2449951 0.2302246 -0.2424316 0.2449951 0.2290039 -0.2386475 0.2484131 0.2302246 -0.2424316 0.2484131 0.2321777 -0.2415771 0.2512207 0.230957 -0.237915 0.2512207 0.2353516 -0.2403564 0.2521973 0.2341309 -0.2366943 0.2521973 0.2385254 -0.2391357 0.2512207 0.2373047 -0.2354736 0.2512207 0.2404785 -0.2384033 0.2484131 0.2392578 -0.2347412 0.2484131 0.2392578 -0.2347412 0.2449951 0.2404785 -0.2384033 0.2449951 0.2373047 -0.2354736 0.2420654 0.2385254 -0.2391357 0.2420654 0.2341309 -0.2366943 0.2410889 0.2353516 -0.2403564 0.2410889 0.2475586 -0.1883545 0.2451172 0.2580566 -0.1894531 0.2451172 0.2580566 -0.1894531 0.2407227 0.2475586 -0.1883545 0.2407227 0.2561035 -0.1968994 0.2470703 0.2457275 -0.1956787 0.2470703 0.2561035 -0.1968994 0.25 0.2457275 -0.1956787 0.25 0.2514648 -0.1732178 0.25 0.2619629 -0.1743164 0.25 0.2619629 -0.1743164 0.2407227 0.2514648 -0.1732178 0.2407227 0.2607422 -0.1793213 0.2451172 0.2502441 -0.1782227 0.2451172 0.2607422 -0.1793213 0.2407227 0.2502441 -0.1782227 0.2407227 0.2592773 -0.1844482 0.2451172 0.2489014 -0.1832275 0.2451172 0.2592773 -0.1844482 0.2407227 0.2489014 -0.1832275 0.2407227 0.2580566 -0.1894531 0.2451172 0.2475586 -0.1883545 0.2451172 0.2478027 -0.1851807 0.2504883 0.2590332 -0.1864014 0.2504883 0.2585449 -0.1879883 0.2509766 0.2474365 -0.1867676 0.2509766 0.2585449 -0.1889648 0.2524414 0.2473145 -0.1877441 0.2524414 0.2473145 -0.1877441 0.2541504 0.2585449 -0.1889648 0.2539062 0.2475586 -0.1867676 0.2556152 0.2587891 -0.1879883 0.2553711 0.2479248 -0.1851807 0.2561035 0.2592773 -0.1864014 0.2558594 0.248291 -0.1835937 0.2556152 0.2595215 -0.1846924 0.2553711 0.2485352 -0.1826172 0.2541504 0.2597656 -0.1837158 0.2539062 0.2597656 -0.1838379 0.2521973 0.2485352 -0.1826172 0.2524414 0.2595215 -0.1848145 0.2509766 0.2481689 -0.1835937 0.2509766 0.2590332 -0.1864014 0.2504883 0.2478027 -0.1851807 0.2504883 0.2456055 -0.1929932 0.2504883 0.2568359 -0.1942139 0.2504883 0.2563477 -0.1958008 0.2509766 0.2452393 -0.1945801 0.2509766 0.2563477 -0.1967773 0.2524414 0.2449951 -0.1955566 0.2524414 0.2451172 -0.1955566 0.2541504 0.2563477 -0.1967773 0.2539062 0.2453613 -0.1945801 0.2556152 0.2565918 -0.1958008 0.2553711 0.2457275 -0.1929932 0.2561035 0.2568359 -0.1940918 0.2558594 0.2460937 -0.1914062 0.2556152 0.2573242 -0.1925049 0.2553711 0.2463379 -0.1903076 0.2541504 0.2575684 -0.1915283 0.2539062 0.2575684 -0.1915283 0.2521973 0.2463379 -0.1904297 0.2524414 0.2570801 -0.192627 0.2509766 0.2459717 -0.1914062 0.2509766 0.2568359 -0.1942139 0.2504883 0.2456055 -0.1929932 0.2504883 -0.1728516 -0.3754883 0.3442383 -0.1616211 -0.3815918 0.3479004 -0.1605225 -0.3759766 0.3479004 -0.1710205 -0.3703613 0.3444824 -0.185791 -0.3649902 0.3395996 -0.1831055 -0.3605957 0.3398437 -0.1955566 -0.3500977 0.3342285 -0.1921387 -0.3464355 0.3347168 -0.2044678 -0.333252 0.3288574 -0.2004395 -0.3305664 0.329834 -0.2113037 -0.3137207 0.3232422 -0.2064209 -0.3127441 0.3244629 -0.206665 -0.2978516 0.3212891 -0.2115479 -0.2973633 0.3193359 -0.2019043 -0.2839355 0.3190918 -0.2055664 -0.2817383 0.3168945 -0.1899414 -0.2729492 0.3188477 -0.1920166 -0.2685547 0.3164062 -0.1729736 -0.2617187 0.3181152 -0.1716309 -0.2666016 0.3205566 -0.1525879 -0.2583008 0.3203125 -0.1519775 -0.2634277 0.3225098 -0.1325684 -0.2617187 0.3244629 -0.1324463 -0.2563477 0.3222656 -0.1049194 -0.2617187 0.3259277 -0.104187 -0.2563477 0.3237305 -0.07818604 -0.263916 0.3276367 -0.07647705 -0.2590332 0.3254395 -0.05361938 -0.270752 0.3295898 -0.05032349 -0.2670898 0.3271484 -0.03759766 -0.2807617 0.3310547 -0.04205322 -0.2832031 0.3330078 -0.03123474 -0.3007812 0.3364258 -0.03643799 -0.3015137 0.3376465 -0.03668213 -0.3151855 0.3410645 -0.03155518 -0.3168945 0.340332 -0.04025269 -0.3291016 0.3444824 -0.03536987 -0.331543 0.3439941 -0.04541016 -0.3417969 0.3476562 -0.04077148 -0.3447266 0.3474121 -0.0586853 -0.3598633 0.3515625 -0.05496216 -0.3637695 0.3513184 -0.07244873 -0.376709 0.3537598 -0.07537842 -0.3720703 0.3532715 -0.0904541 -0.3830566 0.354248 -0.09161377 -0.3776855 0.3535156 -0.1616211 -0.3815918 0.3479004 -0.1728516 -0.3754883 0.3442383 -0.1606445 -0.3818359 0.3395996 -0.1719971 -0.3759766 0.3361816 -0.185791 -0.3649902 0.3395996 -0.1842041 -0.3657227 0.331543 -0.1955566 -0.3500977 0.3342285 -0.1938477 -0.3513184 0.3261719 -0.2044678 -0.333252 0.3288574 -0.2026367 -0.3344727 0.3210449 -0.2091064 -0.3156738 0.3154297 -0.2113037 -0.3137207 0.3232422 -0.2093506 -0.2998047 0.3117676 -0.2115479 -0.2973633 0.3193359 -0.2036133 -0.2844238 0.3093262 -0.2055664 -0.2817383 0.3168945 -0.1904297 -0.2712402 0.3088379 -0.1920166 -0.2685547 0.3164062 -0.1721191 -0.2648926 0.3105469 -0.1729736 -0.2617187 0.3181152 -0.1518555 -0.260498 0.3122559 -0.1525879 -0.2583008 0.3203125 -0.131958 -0.2585449 0.314209 -0.1324463 -0.2563477 0.3222656 -0.104187 -0.2595215 0.3161621 -0.104187 -0.2563477 0.3237305 -0.07702637 -0.2624512 0.3178711 -0.07647705 -0.2590332 0.3254395 -0.05163574 -0.2702637 0.3195801 -0.05032349 -0.2670898 0.3271484 -0.03912354 -0.2836914 0.3234863 -0.03759766 -0.2807617 0.3310547 -0.03123474 -0.3007812 0.3364258 -0.03283691 -0.3032227 0.3288574 -0.03155518 -0.3168945 0.340332 -0.03302002 -0.3186035 0.3322754 -0.03683472 -0.3330078 0.3356934 -0.03536987 -0.331543 0.3439941 -0.04174805 -0.3459473 0.3388672 -0.04077148 -0.3447266 0.3474121 -0.05496216 -0.3637695 0.3513184 -0.05603027 -0.3649902 0.3432617 -0.07244873 -0.376709 0.3537598 -0.07305908 -0.3779297 0.345459 -0.0894165 -0.3837891 0.3461914 -0.0904541 -0.3830566 0.354248 -0.08544922 -0.2457275 0.2939453 -0.08557129 -0.2431641 0.2954102 -0.08526611 -0.255127 0.2966309 -0.08532715 -0.2565918 0.2990723 -0.08605957 -0.2406006 0.3051758 -0.08581543 -0.2541504 0.3088379 -0.0859375 -0.2514648 0.3103027 -0.08612061 -0.2420654 0.3078613 -0.09411621 -0.2460937 0.2932129 -0.09429932 -0.2435303 0.2946777 -0.08544922 -0.2457275 0.2939453 -0.08557129 -0.2431641 0.2954102 -0.0947876 -0.2409668 0.3044434 -0.08605957 -0.2406006 0.3051758 -0.09484863 -0.2424316 0.3071289 -0.08612061 -0.2420654 0.3078613 -0.09460449 -0.2519531 0.3095703 -0.0859375 -0.2514648 0.3103027 -0.08581543 -0.2541504 0.3088379 -0.09448242 -0.2543945 0.3081055 -0.08532715 -0.2565918 0.2990723 -0.09399414 -0.2570801 0.2983398 -0.08526611 -0.255127 0.2966309 -0.09393311 -0.2556152 0.2958984 -0.09411621 -0.2460937 0.2932129 -0.08544922 -0.2457275 0.2939453 -0.2288818 -0.2087402 0.2712402 -0.2275391 -0.206665 0.2712402 -0.2287598 -0.2087402 0.2731934 -0.2260742 -0.2043457 0.2731934 -0.2288818 -0.2071533 0.2427979 -0.2304687 -0.2099609 0.2427979 -0.2305908 -0.2099609 0.2407227 -0.2276611 -0.2050781 0.2407227 -0.2288818 -0.2000732 0.2407227 -0.2272949 -0.1994629 0.2731934 -0.2316895 -0.1967773 0.2731934 -0.2332764 -0.1973877 0.2407227 -0.2357178 -0.197998 0.2427979 -0.2382812 -0.1986084 0.2407227 -0.2381592 -0.1986084 0.2427979 -0.2342529 -0.1975098 0.2712402 -0.2366943 -0.197998 0.2731934 -0.2368164 -0.1981201 0.2712402 -0.2304687 -0.2099609 0.2427979 -0.2288818 -0.2071533 0.2427979 -0.2250977 -0.2124023 0.2427979 -0.2237549 -0.2102051 0.2427979 -0.2275391 -0.206665 0.2712402 -0.2237549 -0.2119141 0.2712402 -0.2250977 -0.2124023 0.2427979 -0.2224121 -0.2097168 0.2712402 -0.2237549 -0.2119141 0.2712402 -0.2288818 -0.2087402 0.2712402 -0.2357178 -0.197998 0.2427979 -0.2381592 -0.1986084 0.2427979 -0.239624 -0.192749 0.2427979 -0.2371826 -0.1921387 0.2427979 -0.2342529 -0.1975098 0.2712402 -0.239624 -0.192749 0.2427979 -0.2381592 -0.1922607 0.2712402 -0.2357178 -0.1916504 0.2712402 -0.2368164 -0.1981201 0.2712402 -0.2381592 -0.1922607 0.2712402 -0.3054199 0.1144409 0.185791 -0.302002 0.09857178 0.1723633 -0.3051758 0.1087646 0.173584 -0.2990723 0.08758545 0.1774902 -0.3041992 0.111084 0.196167 -0.2937012 0.05334473 0.2269287 -0.2961426 0.06658936 0.2402344 -0.2915039 0.04309082 0.2386475 -0.293457 0.05395508 0.251709 -0.2893066 0.03311157 0.2456055 -0.2902832 0.03857422 0.2634277 -0.2880859 0.02584839 0.2485352 -0.2868652 0.02377319 0.2736816 -0.2866211 0.01855469 0.25 -0.2861328 0.02006531 0.2749023 -0.2819824 -0.001548767 0.2753906 -0.2834473 -0.00343895 0.25 -0.2783203 -0.02914429 0.2496338 -0.2749023 -0.03540039 0.2751465 -0.277832 -0.0319519 0.2484131 -0.2768555 -0.03707886 0.2431641 -0.265625 -0.07653809 0.2746582 -0.276123 -0.04150391 0.2412109 -0.2687988 -0.07666016 0.2387695 -0.2429199 -0.1712646 0.2756348 -0.244873 -0.1726074 0.237793 -0.2347412 -0.2041016 0.2756348 -0.2366943 -0.2053223 0.237793 -0.2357178 -0.2064209 0.2744141 -0.2375488 -0.2075195 0.2390137 -0.2619629 -0.1741943 0.2563477 -0.2587891 -0.1855469 0.2724609 -0.2514648 -0.1729736 0.2563477 -0.2484131 -0.1844482 0.2724609 -0.2561035 -0.1968994 0.2563477 -0.2457275 -0.1956787 0.2563477 -0.2514648 -0.1729736 0.2563477 -0.2619629 -0.1741943 0.2563477 0.09411621 -0.2460937 0.2932129 0.09429932 -0.2435303 0.2946777 0.0947876 -0.2409668 0.3044434 0.09484863 -0.2424316 0.3071289 0.09393311 -0.2556152 0.2958984 0.09460449 -0.2519531 0.3095703 0.09448242 -0.2543945 0.3081055 0.09399414 -0.2570801 0.2983398 0.09429932 -0.2435303 0.2946777 0.09411621 -0.2460937 0.2932129 0.08544922 -0.2457275 0.2939453 0.08557129 -0.2431641 0.2954102 0.0947876 -0.2409668 0.3044434 0.08605957 -0.2406006 0.3051758 0.09484863 -0.2424316 0.3071289 0.08612061 -0.2420654 0.3078613 0.09460449 -0.2519531 0.3095703 0.0859375 -0.2514648 0.3103027 0.08581543 -0.2541504 0.3088379 0.09448242 -0.2543945 0.3081055 0.08532715 -0.2565918 0.2990723 0.09399414 -0.2570801 0.2983398 0.08526611 -0.255127 0.2966309 0.09393311 -0.2556152 0.2958984 0.09411621 -0.2460937 0.2932129 0.08544922 -0.2457275 0.2939453 0.2288818 -0.2071533 0.2427979 0.2304687 -0.2099609 0.2427979 0.2250977 -0.2124023 0.2427979 0.2237549 -0.2102051 0.2427979 0.2275391 -0.206665 0.2712402 0.2250977 -0.2124023 0.2427979 0.2237549 -0.2119141 0.2712402 0.2224121 -0.2097168 0.2712402 0.2237549 -0.2119141 0.2712402 0.2288818 -0.2087402 0.2712402 0.3054199 0.1144409 0.185791 0.3051758 0.1087646 0.173584 0.302002 0.09857178 0.1723633 0.2990723 0.08758545 0.1774902 0.3041992 0.111084 0.196167 0.2937012 0.05334473 0.2269287 0.2961426 0.06658936 0.2402344 0.2915039 0.04309082 0.2386475 0.293457 0.05395508 0.251709 0.2893066 0.03311157 0.2456055 0.2902832 0.03857422 0.2634277 0.2880859 0.02584839 0.2485352 0.2868652 0.02377319 0.2736816 0.2866211 0.01855469 0.25 0.2861328 0.02006531 0.2749023 0.2819824 -0.001548767 0.2753906 0.2834473 -0.00343895 0.25 0.2783203 -0.02914429 0.2496338 0.2749023 -0.03540039 0.2751465 0.277832 -0.0319519 0.2484131 0.2768555 -0.03707886 0.2431641 0.265625 -0.07653809 0.2746582 0.276123 -0.04150391 0.2412109 0.2687988 -0.07666016 0.2387695 0.2429199 -0.1712646 0.2756348 0.244873 -0.1726074 0.237793 0.2347412 -0.2041016 0.2756348 0.2366943 -0.2053223 0.237793 0.2357178 -0.2064209 0.2744141 0.2375488 -0.2075195 0.2390137 0.2587891 -0.1855469 0.2724609 0.2619629 -0.1741943 0.2563477 0.2514648 -0.1729736 0.2563477 0.2484131 -0.1844482 0.2724609 0.2561035 -0.1968994 0.2563477 0.2457275 -0.1956787 0.2563477 0.2514648 -0.1729736 0.2563477 0.2619629 -0.1741943 0.2563477 -0.12323 -0.2580566 0.3127441 -0.1418457 -0.2585449 0.3112793 -0.1418457 -0.253418 0.3098145 -0.1231689 -0.2531738 0.3112793 -0.133667 -0.2492676 0.3259277 -0.1418457 -0.2585449 0.3112793 -0.133667 -0.2543945 0.3273926 -0.12323 -0.2580566 0.3127441 -0.133667 -0.2543945 0.3273926 -0.1595459 -0.3764648 0.3395996 -0.1605225 -0.3759766 0.3479004 -0.1616211 -0.3815918 0.3479004 -0.1606445 -0.3818359 0.3395996 -0.1719971 -0.3759766 0.3361816 -0.170166 -0.3706055 0.3361816 -0.1842041 -0.3657227 0.331543 -0.1815186 -0.3613281 0.3317871 -0.1938477 -0.3513184 0.3261719 -0.1904297 -0.3474121 0.3269043 -0.2026367 -0.3344727 0.3210449 -0.1986084 -0.3320312 0.3220215 -0.2091064 -0.3156738 0.3154297 -0.2043457 -0.3146973 0.3168945 -0.2045898 -0.3000488 0.3137207 -0.2093506 -0.2998047 0.3117676 -0.1999512 -0.2866211 0.3117676 -0.2036133 -0.2844238 0.3093262 -0.1882324 -0.2756348 0.3112793 -0.1904297 -0.2712402 0.3088379 -0.1721191 -0.2648926 0.3105469 -0.1707764 -0.2697754 0.3129883 -0.1518555 -0.260498 0.3122559 -0.1512451 -0.2666016 0.3149414 -0.1320801 -0.2648926 0.3166504 -0.131958 -0.2585449 0.314209 -0.1048584 -0.2648926 0.3181152 -0.104187 -0.2595215 0.3161621 -0.07873535 -0.2670898 0.3200684 -0.07702637 -0.2624512 0.3178711 -0.05480957 -0.2739258 0.3220215 -0.05163574 -0.2702637 0.3195801 -0.03912354 -0.2836914 0.3234863 -0.0435791 -0.286377 0.3254395 -0.03283691 -0.3032227 0.3288574 -0.03805542 -0.3037109 0.3300781 -0.03817749 -0.3168945 0.3330078 -0.03302002 -0.3186035 0.3322754 -0.04168701 -0.3305664 0.3366699 -0.03683472 -0.3330078 0.3356934 -0.04644775 -0.3427734 0.3395996 -0.04174805 -0.3459473 0.3388672 -0.0597229 -0.3613281 0.3435059 -0.05603027 -0.3649902 0.3432617 -0.07305908 -0.3779297 0.345459 -0.07592773 -0.373291 0.3452148 -0.0894165 -0.3837891 0.3461914 -0.09063721 -0.3781738 0.345459 -0.09161377 -0.3776855 0.3535156 -0.0904541 -0.3830566 0.354248 -0.1205444 -0.3862305 0.34375 -0.1204224 -0.3811035 0.3427734 -0.1297607 -0.3803711 0.3537598 -0.1300049 -0.3857422 0.3540039 -0.1385498 -0.3859863 0.3422852 -0.1297607 -0.3803711 0.3537598 -0.1383057 -0.3803711 0.342041 -0.1204224 -0.3811035 0.3427734 -0.1383057 -0.3803711 0.342041 -0.2585449 -0.1889648 0.2539062 -0.2585449 -0.1879883 0.2509766 -0.2585449 -0.1889648 0.2524414 -0.2587891 -0.1879883 0.2553711 -0.2592773 -0.1864014 0.2558594 -0.2590332 -0.1864014 0.2504883 -0.2595215 -0.1846924 0.2553711 -0.2597656 -0.1837158 0.2539062 -0.2597656 -0.1838379 0.2521973 -0.2595215 -0.1848145 0.2509766 -0.2563477 -0.1967773 0.2539062 -0.2563477 -0.1958008 0.2509766 -0.2563477 -0.1967773 0.2524414 -0.2565918 -0.1958008 0.2553711 -0.2568359 -0.1940918 0.2558594 -0.2568359 -0.1942139 0.2504883 -0.2573242 -0.1925049 0.2553711 -0.2575684 -0.1915283 0.2539062 -0.2575684 -0.1915283 0.2521973 -0.2570801 -0.192627 0.2509766 0.1418457 -0.253418 0.3098145 0.1418457 -0.2585449 0.3112793 0.12323 -0.2580566 0.3127441 0.1231689 -0.2531738 0.3112793 0.133667 -0.2492676 0.3259277 0.1418457 -0.2585449 0.3112793 0.133667 -0.2543945 0.3273926 0.12323 -0.2580566 0.3127441 0.133667 -0.2543945 0.3273926 0.1605225 -0.3759766 0.3479004 0.1595459 -0.3764648 0.3395996 0.1616211 -0.3815918 0.3479004 0.1606445 -0.3818359 0.3395996 0.1719971 -0.3759766 0.3361816 0.170166 -0.3706055 0.3361816 0.1842041 -0.3657227 0.331543 0.1815186 -0.3613281 0.3317871 0.1938477 -0.3513184 0.3261719 0.1904297 -0.3474121 0.3269043 0.2026367 -0.3344727 0.3210449 0.1986084 -0.3320312 0.3220215 0.2091064 -0.3156738 0.3154297 0.2043457 -0.3146973 0.3168945 0.2045898 -0.3000488 0.3137207 0.2093506 -0.2998047 0.3117676 0.1999512 -0.2866211 0.3117676 0.2036133 -0.2844238 0.3093262 0.1882324 -0.2756348 0.3112793 0.1904297 -0.2712402 0.3088379 0.1721191 -0.2648926 0.3105469 0.1707764 -0.2697754 0.3129883 0.1518555 -0.260498 0.3122559 0.1512451 -0.2666016 0.3149414 0.1320801 -0.2648926 0.3166504 0.131958 -0.2585449 0.314209 0.1048584 -0.2648926 0.3181152 0.104187 -0.2595215 0.3161621 0.07873535 -0.2670898 0.3200684 0.07702637 -0.2624512 0.3178711 0.05480957 -0.2739258 0.3220215 0.05163574 -0.2702637 0.3195801 0.03912354 -0.2836914 0.3234863 0.0435791 -0.286377 0.3254395 0.03283691 -0.3032227 0.3288574 0.03805542 -0.3037109 0.3300781 0.03817749 -0.3168945 0.3330078 0.03302002 -0.3186035 0.3322754 0.04168701 -0.3305664 0.3366699 0.03683472 -0.3330078 0.3356934 0.04644775 -0.3427734 0.3395996 0.04174805 -0.3459473 0.3388672 0.0597229 -0.3613281 0.3435059 0.05603027 -0.3649902 0.3432617 0.07305908 -0.3779297 0.345459 0.07592773 -0.373291 0.3452148 0.0894165 -0.3837891 0.3461914 0.09063721 -0.3781738 0.345459 0.09161377 -0.3776855 0.3535156 0.0904541 -0.3830566 0.354248 0.1297607 -0.3803711 0.3537598 0.1204224 -0.3811035 0.3427734 0.1205444 -0.3862305 0.34375 0.1300049 -0.3857422 0.3540039 0.1385498 -0.3859863 0.3422852 0.1297607 -0.3803711 0.3537598 0.1383057 -0.3803711 0.342041 0.1204224 -0.3811035 0.3427734 0.1383057 -0.3803711 0.342041 0.2580566 -0.1894531 0.2407227 0.2580566 -0.1894531 0.2451172 0.2561035 -0.1968994 0.2470703 0.2561035 -0.1968994 0.25 0.2592773 -0.1844482 0.2451172 0.2592773 -0.1844482 0.2407227 0.2619629 -0.1743164 0.25 0.2607422 -0.1793213 0.2451172 0.2607422 -0.1793213 0.2407227 0.2619629 -0.1743164 0.2407227 0.2585449 -0.1889648 0.2539062 0.2585449 -0.1889648 0.2524414 0.2585449 -0.1879883 0.2509766 0.2587891 -0.1879883 0.2553711 0.2592773 -0.1864014 0.2558594 0.2590332 -0.1864014 0.2504883 0.2595215 -0.1846924 0.2553711 0.2597656 -0.1837158 0.2539062 0.2597656 -0.1838379 0.2521973 0.2595215 -0.1848145 0.2509766 0.2563477 -0.1967773 0.2539062 0.2563477 -0.1967773 0.2524414 0.2563477 -0.1958008 0.2509766 0.2565918 -0.1958008 0.2553711 0.2568359 -0.1940918 0.2558594 0.2568359 -0.1942139 0.2504883 0.2573242 -0.1925049 0.2553711 0.2575684 -0.1915283 0.2539062 0.2575684 -0.1915283 0.2521973 0.2570801 -0.192627 0.2509766 0.1314697 -0.2412109 0.2983398 0.1313477 -0.239624 0.3000488 0.1314697 -0.2490234 0.2983398 0.1313477 -0.239624 0.3032227 0.1314697 -0.2412109 0.3049316 0.1314697 -0.2504883 0.3000488 0.1314697 -0.2504883 0.3032227 0.1314697 -0.2490234 0.3049316 -0.1314697 -0.2412109 0.2983398 -0.1314697 -0.2490234 0.2983398 -0.1313477 -0.239624 0.3000488 -0.1313477 -0.239624 0.3032227 -0.1314697 -0.2412109 0.3049316 -0.1314697 -0.2504883 0.3000488 -0.1314697 -0.2504883 0.3032227 -0.1314697 -0.2490234 0.3049316 0.2463379 -0.232666 0.2749023 0.2479248 -0.204834 0.2749023 0.2349854 -0.204834 0.2807617 0.2336426 -0.237793 0.2807617 0.2215576 -0.2265625 0.2851562 0.2214355 -0.2124023 0.2839355 0.2216797 -0.2412109 0.2844238 0.1984863 -0.2171631 0.2890625 0.1994629 -0.2310791 0.2907715 0.2001953 -0.2449951 0.2895508 0.1778564 -0.220459 0.2929687 0.1768799 -0.2344971 0.2958984 0.1772461 -0.2484131 0.2944336 0.1542969 -0.2231445 0.2956543 0.1556396 -0.2370605 0.298584 0.1566162 -0.2509766 0.2973633 0.116272 -0.2261963 0.2973633 0.1190186 -0.2539062 0.2980957 0.1170654 -0.2401123 0.2993164 0.09051514 -0.2276611 0.2954102 0.09332275 -0.2553711 0.2963867 0.09069824 -0.2415771 0.2971191 0.06860352 -0.2563477 0.2912598 0.065979 -0.2424316 0.2919922 0.06555176 -0.2285156 0.2900391 0.0473938 -0.2565918 0.282959 0.04693604 -0.2424316 0.284668 0.04745483 -0.2285156 0.2817383 0.03335571 -0.2424316 0.2727051 0.03460693 -0.2285156 0.2705078 0.03543091 -0.2565918 0.2712402 0.01928711 -0.2346191 0.2731934 0.01965332 -0.2451172 0.2744141 0.01945496 -0.2597656 0.2734375 0 -0.2359619 0.2746582 0 -0.2462158 0.2751465 0 -0.2607422 0.2741699 -0.01945496 -0.2597656 0.2734375 -0.01965332 -0.2451172 0.2744141 -0.01928711 -0.2346191 0.2731934 -0.03543091 -0.2565918 0.2712402 -0.03335571 -0.2424316 0.2727051 -0.03460693 -0.2285156 0.2705078 -0.0473938 -0.2565918 0.282959 -0.04745483 -0.2285156 0.2817383 -0.04693604 -0.2424316 0.284668 -0.06555176 -0.2285156 0.2900391 -0.065979 -0.2424316 0.2919922 -0.06860352 -0.2563477 0.2912598 -0.09051514 -0.2276611 0.2954102 -0.09069824 -0.2415771 0.2971191 -0.09332275 -0.2553711 0.2963867 -0.1170654 -0.2401123 0.2993164 -0.116272 -0.2261963 0.2973633 -0.1190186 -0.2539062 0.2980957 -0.1556396 -0.2370605 0.298584 -0.1566162 -0.2509766 0.2973633 -0.1542969 -0.2231445 0.2956543 -0.1772461 -0.2484131 0.2944336 -0.1768799 -0.2344971 0.2958984 -0.1778564 -0.220459 0.2929687 -0.2001953 -0.2449951 0.2895508 -0.1994629 -0.2310791 0.2907715 -0.1984863 -0.2171631 0.2890625 -0.2216797 -0.2412109 0.2844238 -0.2215576 -0.2265625 0.2851562 -0.2214355 -0.2124023 0.2839355 -0.2336426 -0.237793 0.2807617 -0.2349854 -0.204834 0.2807617 -0.2463379 -0.232666 0.2749023 -0.2479248 -0.204834 0.2749023 0.2484131 -0.2061768 0.237793 0.2468262 -0.2312012 0.2374268 0.2364502 -0.2078857 0.2380371 0.2402344 -0.2352295 0.2359619 0.2259521 -0.2236328 0.2305908 0.2288818 -0.237793 0.2297363 0.2194824 -0.2133789 0.2333984 0.2214355 -0.2244873 0.2192383 0.2200928 -0.239624 0.2193604 0.2093506 -0.2148437 0.2181396 0.2095947 -0.2268066 0.2016602 0.2089844 -0.2404785 0.2017822 0.2037354 -0.2160645 0.2016602 0.1916504 -0.2298584 0.177002 0.1873779 -0.2188721 0.1787109 0.1912842 -0.2426758 0.1787109 0.168335 -0.2224121 0.1623535 0.1705322 -0.2335205 0.1595459 0.1702881 -0.2457275 0.1621094 0.147583 -0.2254639 0.1542969 0.1489258 -0.2363281 0.1519775 0.1499023 -0.2479248 0.1542969 0.1245117 -0.2287598 0.1523437 0.1242065 -0.2388916 0.1495361 0.1243896 -0.2504883 0.1518555 0.09985352 -0.2310791 0.1536865 0.09906006 -0.2404785 0.151123 0.09973145 -0.2519531 0.1534424 0.0703125 -0.2318115 0.1604004 0.0703125 -0.2526855 0.1604004 0.06890869 -0.2412109 0.1584473 0.04873657 -0.2312012 0.175293 0.04867554 -0.253418 0.175293 0.04647827 -0.241333 0.1734619 0.03451538 -0.2420654 0.1936035 0.03887939 -0.2242432 0.1965332 0.03668213 -0.2546387 0.1948242 0.02687073 -0.2424316 0.2119141 0.03204346 -0.2200928 0.2124023 0.0294342 -0.2553711 0.2124023 0.02325439 -0.2423096 0.2286377 0.02813721 -0.2182617 0.2290039 0.0262146 -0.2556152 0.229248 0.02772522 -0.2199707 0.2365723 0.02261353 -0.2425537 0.2438965 0.02552795 -0.2561035 0.2434082 0.02519226 -0.2281494 0.2484131 0.02804565 -0.2563477 0.2539062 0.02478027 -0.2426758 0.255127 0.02708435 -0.229248 0.2548828 0.01293182 -0.2347412 0.2583008 0.01285553 -0.244873 0.2570801 0.01353455 -0.2600098 0.2595215 0 -0.2363281 0.2592773 0 -0.24646 0.2580566 0 -0.2607422 0.2607422 -0.01353455 -0.2600098 0.2595215 -0.01285553 -0.244873 0.2570801 -0.01293182 -0.2347412 0.2583008 -0.02804565 -0.2563477 0.2539062 -0.02478027 -0.2426758 0.255127 -0.02708435 -0.229248 0.2548828 -0.02519226 -0.2281494 0.2484131 -0.02261353 -0.2425537 0.2438965 -0.02552795 -0.2561035 0.2434082 -0.02772522 -0.2199707 0.2365723 -0.0262146 -0.2556152 0.229248 -0.02325439 -0.2423096 0.2286377 -0.02813721 -0.2182617 0.2290039 -0.0294342 -0.2553711 0.2124023 -0.03204346 -0.2200928 0.2124023 -0.02687073 -0.2424316 0.2119141 -0.03668213 -0.2546387 0.1948242 -0.03887939 -0.2242432 0.1965332 -0.03451538 -0.2420654 0.1936035 -0.04867554 -0.253418 0.175293 -0.04873657 -0.2312012 0.175293 -0.04647827 -0.241333 0.1734619 -0.06890869 -0.2412109 0.1584473 -0.0703125 -0.2526855 0.1604004 -0.0703125 -0.2318115 0.1604004 -0.09906006 -0.2404785 0.151123 -0.09973145 -0.2519531 0.1534424 -0.09985352 -0.2310791 0.1536865 -0.1243896 -0.2504883 0.1518555 -0.1242065 -0.2388916 0.1495361 -0.1245117 -0.2287598 0.1523437 -0.1499023 -0.2479248 0.1542969 -0.1489258 -0.2363281 0.1519775 -0.147583 -0.2254639 0.1542969 -0.1702881 -0.2457275 0.1621094 -0.1705322 -0.2335205 0.1595459 -0.168335 -0.2224121 0.1623535 -0.1912842 -0.2426758 0.1787109 -0.1916504 -0.2298584 0.177002 -0.1873779 -0.2188721 0.1787109 -0.2089844 -0.2404785 0.2017822 -0.2037354 -0.2160645 0.2016602 -0.2095947 -0.2268066 0.2016602 -0.2200928 -0.239624 0.2193604 -0.2093506 -0.2148437 0.2181396 -0.2214355 -0.2244873 0.2192383 -0.2288818 -0.237793 0.2297363 -0.2194824 -0.2133789 0.2333984 -0.2259521 -0.2236328 0.2305908 -0.2402344 -0.2352295 0.2359619 -0.2364502 -0.2078857 0.2380371 -0.2468262 -0.2312012 0.2374268 -0.2484131 -0.2061768 0.237793 -0.09277344 -0.2449951 0.3054199 -0.09307861 -0.244751 0.3066406 -0.08679199 -0.2446289 0.3071289 -0.0892334 -0.2436523 0.310791 -0.08679199 -0.2504883 0.3088379 -0.09387207 -0.2445068 0.3076172 -0.0892334 -0.2496338 0.3125 -0.09326172 -0.2429199 0.3134766 -0.09326172 -0.2489014 0.3149414 -0.1286621 -0.2438965 0.3120117 -0.1286621 -0.2454834 0.3063965 -0.1286621 -0.2498779 0.3137207 -0.1337891 -0.244751 0.309082 -0.1293945 -0.2438965 0.3122559 -0.135376 -0.2440186 0.3117676 -0.1295166 -0.2498779 0.3139648 -0.1297607 -0.2436523 0.3156738 -0.1358643 -0.2436523 0.3154297 -0.1300049 -0.2509766 0.3195801 -0.1296387 -0.2521973 0.3149414 -0.1300049 -0.2456055 0.3181152 -0.1361084 -0.2457275 0.3178711 -0.1361084 -0.2509766 0.3193359 0.09277344 -0.2449951 0.3054199 0.08679199 -0.2446289 0.3071289 0.09307861 -0.244751 0.3066406 0.0892334 -0.2436523 0.310791 0.08679199 -0.2504883 0.3088379 0.09387207 -0.2445068 0.3076172 0.0892334 -0.2496338 0.3125 0.09326172 -0.2429199 0.3134766 0.09326172 -0.2489014 0.3149414 0.1286621 -0.2438965 0.3120117 0.1286621 -0.2454834 0.3063965 0.1286621 -0.2498779 0.3137207 0.1337891 -0.244751 0.309082 0.1293945 -0.2438965 0.3122559 0.135376 -0.2440186 0.3117676 0.1295166 -0.2498779 0.3139648 0.1297607 -0.2436523 0.3156738 0.1358643 -0.2436523 0.3154297 0.1296387 -0.2521973 0.3149414 0.1300049 -0.2509766 0.3195801 0.1300049 -0.2456055 0.3181152 0.1361084 -0.2457275 0.3178711 0.1361084 -0.2509766 0.3193359 0.1314697 -0.2412109 0.2983398 0.1314697 -0.2490234 0.2983398 0.09558105 -0.2443848 0.296875 0.09564209 -0.2519531 0.296875 0.06665039 -0.2442627 0.2971191 0.1314697 -0.2504883 0.3000488 0.06677246 -0.2531738 0.2971191 0.09564209 -0.2536621 0.298584 0.1314697 -0.2504883 0.3032227 0.05889893 -0.2548828 0.2988281 0.05822754 -0.2543945 0.2973633 0.09564209 -0.2536621 0.3056641 0.1314697 -0.2490234 0.3049316 0.0489502 -0.2536621 0.2973633 0.09558105 -0.2519531 0.307373 0.05664062 -0.2548828 0.3059082 0 -0.2561035 0.2988281 0 -0.2458496 0.2973633 0.05078125 -0.244751 0.2973633 0 -0.2546387 0.2973633 -0.0489502 -0.2536621 0.2973633 -0.05078125 -0.244751 0.2973633 -0.05889893 -0.2548828 0.2988281 -0.05822754 -0.2543945 0.2973633 -0.06677246 -0.2531738 0.2971191 0 -0.2558594 0.3059082 -0.05664062 -0.2548828 0.3059082 0 -0.2543945 0.3076172 0.05664062 -0.2531738 0.3076172 -0.05664062 -0.2531738 0.3076172 0 -0.246582 0.3076172 0.05654907 -0.2456055 0.3076172 0.09564209 -0.2443848 0.307373 0.1314697 -0.2412109 0.3049316 0.09552002 -0.2427979 0.3056641 0.1313477 -0.239624 0.3032227 0.05651855 -0.2438965 0.3059082 0.09552002 -0.2427979 0.298584 0.1313477 -0.239624 0.3000488 0.1314697 -0.2412109 0.2983398 0.09558105 -0.2443848 0.296875 0.06665039 -0.2442627 0.2971191 0.05877686 -0.2438965 0.2988281 0.05078125 -0.244751 0.2973633 0 -0.2452393 0.2988281 0 -0.2458496 0.2973633 -0.05078125 -0.244751 0.2973633 0 -0.2449951 0.3059082 -0.05877686 -0.2438965 0.2988281 -0.06665039 -0.2442627 0.2971191 -0.05651855 -0.2438965 0.3059082 -0.05654907 -0.2456055 0.3076172 -0.09552002 -0.2427979 0.3056641 -0.09552002 -0.2427979 0.298584 -0.09558105 -0.2443848 0.296875 -0.1314697 -0.2412109 0.2983398 -0.1313477 -0.239624 0.3000488 -0.1313477 -0.239624 0.3032227 -0.1314697 -0.2412109 0.3049316 -0.09564209 -0.2443848 0.307373 -0.1314697 -0.2490234 0.3049316 -0.09558105 -0.2519531 0.307373 -0.09564209 -0.2536621 0.3056641 -0.1314697 -0.2504883 0.3032227 -0.09564209 -0.2536621 0.298584 -0.1314697 -0.2504883 0.3000488 -0.09564209 -0.2519531 0.296875 -0.06665039 -0.2442627 0.2971191 -0.1314697 -0.2490234 0.2983398 -0.09558105 -0.2443848 0.296875 -0.1314697 -0.2412109 0.2983398 0.04275513 -0.2502441 0.1751709 0.05557251 -0.2493896 0.1630859 0.05505371 -0.2536621 0.1622314 0.04162598 -0.2548828 0.1739502 0.03369141 -0.2519531 0.1883545 0.05297852 -0.2565918 0.166626 0.03225708 -0.2568359 0.1873779 0.02687073 -0.2539062 0.2026367 0.04495239 -0.2575684 0.1766357 0.05657959 -0.2570801 0.1674805 0.02554321 -0.2590332 0.2017822 0.02204895 -0.2558594 0.2185059 0.03588867 -0.2595215 0.1894531 0.04769897 -0.2553711 0.1791992 0.05975342 -0.2529297 0.168335 0.05847168 -0.2486572 0.1682129 0.05557251 -0.2493896 0.1630859 0.04275513 -0.2502441 0.1751709 0.04641724 -0.2497559 0.1783447 0.03369141 -0.2519531 0.1883545 0.03778076 -0.2514648 0.1912842 0.02687073 -0.2539062 0.2026367 0.03887939 -0.2570801 0.1916504 0.03137207 -0.2529297 0.2047119 0.02204895 -0.2558594 0.2185059 0.0296936 -0.2612305 0.203125 0.03283691 -0.2585449 0.2047119 0.0267334 -0.2543945 0.2196045 0.02056885 -0.2575684 0.2352295 0.02859497 -0.2597656 0.2194824 0.02542114 -0.2626953 0.2186279 0.02095032 -0.2607422 0.2178955 0.02056885 -0.2575684 0.2352295 0.01971436 -0.2626953 0.2349854 0.02015686 -0.2590332 0.2502441 0.02442932 -0.2644043 0.2349854 0.01982117 -0.263916 0.2504883 0.02386475 -0.2590332 0.2651367 0.02456665 -0.2651367 0.2496338 0.02758789 -0.2609863 0.2351074 0.02262878 -0.2634277 0.2661133 0.02537537 -0.2558594 0.2353516 0.02731323 -0.2614746 0.2486572 0.02458191 -0.2570801 0.2490234 0.02015686 -0.2590332 0.2502441 0.02851868 -0.2583008 0.2629395 0.02386475 -0.2590332 0.2651367 0.03131104 -0.2570801 0.2773437 0.03019714 -0.2629395 0.2631836 0.03713989 -0.2575684 0.2756348 0.03781128 -0.2541504 0.2880859 0.02693176 -0.265625 0.2648926 0.03781128 -0.2626953 0.2773437 0.0453186 -0.2541504 0.286377 0.05078125 -0.244751 0.2973633 0.06665039 -0.2442627 0.2971191 0.06677246 -0.2531738 0.2971191 0.04632568 -0.2583008 0.2878418 0.05822754 -0.2543945 0.2973633 0.04208374 -0.2600098 0.2902832 0.0489502 -0.2536621 0.2973633 0.0335083 -0.2641602 0.2797852 0.037323 -0.2578125 0.2905273 0.05078125 -0.244751 0.2973633 0.03781128 -0.2541504 0.2880859 0.02911377 -0.2609863 0.279541 0.03131104 -0.2570801 0.2773437 -0.05505371 -0.2536621 0.1622314 -0.05557251 -0.2493896 0.1630859 -0.04275513 -0.2502441 0.1751709 -0.04162598 -0.2548828 0.1739502 -0.03369141 -0.2519531 0.1883545 -0.05297852 -0.2565918 0.166626 -0.03225708 -0.2568359 0.1873779 -0.02687073 -0.2539062 0.2026367 -0.04495239 -0.2575684 0.1766357 -0.05657959 -0.2570801 0.1674805 -0.02554321 -0.2590332 0.2017822 -0.02204895 -0.2558594 0.2185059 -0.03588867 -0.2595215 0.1894531 -0.04769897 -0.2553711 0.1791992 -0.05975342 -0.2529297 0.168335 -0.05847168 -0.2486572 0.1682129 -0.05557251 -0.2493896 0.1630859 -0.04275513 -0.2502441 0.1751709 -0.04641724 -0.2497559 0.1783447 -0.03369141 -0.2519531 0.1883545 -0.03778076 -0.2514648 0.1912842 -0.02687073 -0.2539062 0.2026367 -0.03887939 -0.2570801 0.1916504 -0.03137207 -0.2529297 0.2047119 -0.02204895 -0.2558594 0.2185059 -0.0296936 -0.2612305 0.203125 -0.03283691 -0.2585449 0.2047119 -0.0267334 -0.2543945 0.2196045 -0.02056885 -0.2575684 0.2352295 -0.02859497 -0.2597656 0.2194824 -0.02542114 -0.2626953 0.2186279 -0.02095032 -0.2607422 0.2178955 -0.02056885 -0.2575684 0.2352295 -0.01971436 -0.2626953 0.2349854 -0.02015686 -0.2590332 0.2502441 -0.02442932 -0.2644043 0.2349854 -0.01982117 -0.263916 0.2504883 -0.02386475 -0.2590332 0.2651367 -0.02456665 -0.2651367 0.2496338 -0.02758789 -0.2609863 0.2351074 -0.02262878 -0.2634277 0.2661133 -0.02537537 -0.2558594 0.2353516 -0.02731323 -0.2614746 0.2486572 -0.02458191 -0.2570801 0.2490234 -0.02015686 -0.2590332 0.2502441 -0.02851868 -0.2583008 0.2629395 -0.02386475 -0.2590332 0.2651367 -0.03131104 -0.2570801 0.2773437 -0.03019714 -0.2629395 0.2631836 -0.03713989 -0.2575684 0.2756348 -0.03781128 -0.2541504 0.2880859 -0.02693176 -0.265625 0.2648926 -0.03781128 -0.2626953 0.2773437 -0.0453186 -0.2541504 0.286377 -0.05078125 -0.244751 0.2973633 -0.06665039 -0.2442627 0.2971191 -0.06677246 -0.2531738 0.2971191 -0.04632568 -0.2583008 0.2878418 -0.05822754 -0.2543945 0.2973633 -0.04208374 -0.2600098 0.2902832 -0.0489502 -0.2536621 0.2973633 -0.0335083 -0.2641602 0.2797852 -0.037323 -0.2578125 0.2905273 -0.03781128 -0.2541504 0.2880859 -0.05078125 -0.244751 0.2973633 -0.02911377 -0.2609863 0.279541 -0.03131104 -0.2570801 0.2773437 0.2015381 -0.2452393 0.265625 0.1977539 -0.2331543 0.2617187 0.206543 -0.2438965 0.2521973 0.2012939 -0.2318115 0.2498779 0.2017822 -0.2177734 0.2609863 0.2027588 -0.2172852 0.251709 0.206543 -0.243042 0.2373047 0.2023926 -0.2171631 0.2373047 0.2008057 -0.2310791 0.2370605 0.2036133 -0.2432861 0.2220459 0.199585 -0.2172852 0.2220459 0.1981201 -0.2307129 0.2225342 0.1964111 -0.2434082 0.2052002 0.1928711 -0.2182617 0.2050781 0.1914062 -0.2313232 0.2058105 0.1815186 -0.2441406 0.1842041 0.1774902 -0.220459 0.184082 0.1768799 -0.2319336 0.1855469 0.1623535 -0.2460937 0.1700439 0.1601562 -0.2329102 0.1719971 0.1601562 -0.2233887 0.1699219 0.144165 -0.2346191 0.166748 0.1428223 -0.2250977 0.1645508 0.1451416 -0.2468262 0.1646729 0.1236572 -0.2285156 0.1628418 0.1240234 -0.2374268 0.1654053 0.1234741 -0.2489014 0.1627197 0.1020508 -0.2310791 0.1641846 0.1026001 -0.2397461 0.1660156 0.1016846 -0.2504883 0.1640625 0.07910156 -0.2407227 0.1716309 0.07672119 -0.2319336 0.170166 0.07659912 -0.2509766 0.170166 0.06079102 -0.2410889 0.1821289 0.059021 -0.2313232 0.1809082 0.05905151 -0.2524414 0.1809082 0.04919434 -0.2420654 0.1982422 0.04714966 -0.220459 0.1986084 0.0461731 -0.2541504 0.1976318 0.04266357 -0.2424316 0.2144775 0.04022217 -0.2139893 0.213501 0.03894043 -0.2553711 0.2138672 0.03933716 -0.2425537 0.2304687 0.03622437 -0.2124023 0.2303467 0.03512573 -0.2561035 0.2298584 0.03527832 -0.2139893 0.2441406 0.03564453 -0.2563477 0.2437744 0.03994751 -0.2424316 0.2441406 0.03952026 -0.2285156 0.2595215 0.04107666 -0.2563477 0.2617187 0.04385376 -0.2424316 0.2597656 0.04983521 -0.2285156 0.2700195 0.05368042 -0.2424316 0.2692871 0.05230713 -0.2563477 0.2729492 0.07116699 -0.2285156 0.279541 0.07189941 -0.2424316 0.2758789 0.07092285 -0.2563477 0.2790527 0.09533691 -0.2556152 0.2832031 0.09539795 -0.2416992 0.2807617 0.09423828 -0.2277832 0.2827148 0.119812 -0.2541504 0.2841797 0.1192017 -0.2402344 0.2819824 0.1185913 -0.2263184 0.2844238 0.1392822 -0.2524414 0.2839355 0.1396484 -0.2381592 0.2814941 0.1488037 -0.2242432 0.2834473 0.1580811 -0.2507324 0.2824707 0.1585693 -0.2365723 0.2797852 0.1721191 -0.2214355 0.279541 0.1739502 -0.2491455 0.2800293 0.1724854 -0.2354736 0.2768555 0.1890869 -0.2470703 0.2749023 0.1878662 -0.2341309 0.2714844 0.2015381 -0.2452393 0.265625 0.1899414 -0.2197266 0.2729492 0.1977539 -0.2331543 0.2617187 0.2017822 -0.2177734 0.2609863 -0.1977539 -0.2331543 0.2617187 -0.2015381 -0.2452393 0.265625 -0.206543 -0.2438965 0.2521973 -0.2012939 -0.2318115 0.2498779 -0.2017822 -0.2177734 0.2609863 -0.2027588 -0.2172852 0.251709 -0.206543 -0.243042 0.2373047 -0.2023926 -0.2171631 0.2373047 -0.2008057 -0.2310791 0.2370605 -0.2036133 -0.2432861 0.2220459 -0.199585 -0.2172852 0.2220459 -0.1981201 -0.2307129 0.2225342 -0.1964111 -0.2434082 0.2052002 -0.1928711 -0.2182617 0.2050781 -0.1914062 -0.2313232 0.2058105 -0.1815186 -0.2441406 0.1842041 -0.1774902 -0.220459 0.184082 -0.1768799 -0.2319336 0.1855469 -0.1623535 -0.2460937 0.1700439 -0.1601562 -0.2329102 0.1719971 -0.1601562 -0.2233887 0.1699219 -0.144165 -0.2346191 0.166748 -0.1428223 -0.2250977 0.1645508 -0.1451416 -0.2468262 0.1646729 -0.1236572 -0.2285156 0.1628418 -0.1240234 -0.2374268 0.1654053 -0.1234741 -0.2489014 0.1627197 -0.1020508 -0.2310791 0.1641846 -0.1026001 -0.2397461 0.1660156 -0.1016846 -0.2504883 0.1640625 -0.07910156 -0.2407227 0.1716309 -0.07672119 -0.2319336 0.170166 -0.07659912 -0.2509766 0.170166 -0.06079102 -0.2410889 0.1821289 -0.059021 -0.2313232 0.1809082 -0.05905151 -0.2524414 0.1809082 -0.04919434 -0.2420654 0.1982422 -0.04714966 -0.220459 0.1986084 -0.0461731 -0.2541504 0.1976318 -0.04266357 -0.2424316 0.2144775 -0.04022217 -0.2139893 0.213501 -0.03894043 -0.2553711 0.2138672 -0.03933716 -0.2425537 0.2304687 -0.03622437 -0.2124023 0.2303467 -0.03512573 -0.2561035 0.2298584 -0.03527832 -0.2139893 0.2441406 -0.03564453 -0.2563477 0.2437744 -0.03994751 -0.2424316 0.2441406 -0.03952026 -0.2285156 0.2595215 -0.04107666 -0.2563477 0.2617187 -0.04385376 -0.2424316 0.2597656 -0.04983521 -0.2285156 0.2700195 -0.05368042 -0.2424316 0.2692871 -0.05230713 -0.2563477 0.2729492 -0.07116699 -0.2285156 0.279541 -0.07189941 -0.2424316 0.2758789 -0.07092285 -0.2563477 0.2790527 -0.09533691 -0.2556152 0.2832031 -0.09539795 -0.2416992 0.2807617 -0.09423828 -0.2277832 0.2827148 -0.119812 -0.2541504 0.2841797 -0.1192017 -0.2402344 0.2819824 -0.1185913 -0.2263184 0.2844238 -0.1392822 -0.2524414 0.2839355 -0.1396484 -0.2381592 0.2814941 -0.1488037 -0.2242432 0.2834473 -0.1580811 -0.2507324 0.2824707 -0.1585693 -0.2365723 0.2797852 -0.1721191 -0.2214355 0.279541 -0.1739502 -0.2491455 0.2800293 -0.1724854 -0.2354736 0.2768555 -0.1890869 -0.2470703 0.2749023 -0.1878662 -0.2341309 0.2714844 -0.2015381 -0.2452393 0.265625 -0.1899414 -0.2197266 0.2729492 -0.1977539 -0.2331543 0.2617187 -0.2017822 -0.2177734 0.2609863 -0.1363525 -0.2556152 0.3220215 -0.1362305 -0.2631836 0.3249512 -0.130249 -0.2553711 0.3227539 -0.130127 -0.2629395 0.3256836 -0.1296387 -0.265625 0.315918 -0.130249 -0.2553711 0.3227539 -0.1297607 -0.2580566 0.3129883 -0.1358643 -0.265625 0.3154297 -0.1363525 -0.2556152 0.3220215 -0.1359863 -0.2583008 0.3125 -0.1297607 -0.2580566 0.3129883 -0.1359863 -0.2583008 0.3125 -0.2408447 -0.2030029 0.2407227 -0.2382812 -0.1986084 0.2407227 -0.2353516 -0.2105713 0.2407227 -0.2332764 -0.1973877 0.2407227 -0.2288818 -0.2000732 0.2407227 -0.2276611 -0.2050781 0.2407227 -0.2305908 -0.2099609 0.2407227 -0.2392578 -0.2023926 0.2731934 -0.2337646 -0.2099609 0.2731934 -0.2366943 -0.197998 0.2731934 -0.2316895 -0.1967773 0.2731934 -0.2272949 -0.1994629 0.2731934 -0.2260742 -0.2043457 0.2731934 -0.2287598 -0.2087402 0.2731934 -0.2580566 -0.1894531 0.2407227 -0.2561035 -0.1968994 0.2470703 -0.2580566 -0.1894531 0.2451172 -0.2561035 -0.1968994 0.25 -0.2619629 -0.1743164 0.25 -0.2592773 -0.1844482 0.2407227 -0.2592773 -0.1844482 0.2451172 -0.2607422 -0.1793213 0.2451172 -0.2619629 -0.1743164 0.2407227 -0.2607422 -0.1793213 0.2407227 0.1363525 -0.2556152 0.3220215 0.130249 -0.2553711 0.3227539 0.1362305 -0.2631836 0.3249512 0.130127 -0.2629395 0.3256836 0.1296387 -0.265625 0.315918 0.130249 -0.2553711 0.3227539 0.1297607 -0.2580566 0.3129883 0.1358643 -0.265625 0.3154297 0.1297607 -0.2580566 0.3129883 0.1359863 -0.2583008 0.3125 0.1363525 -0.2556152 0.3220215 0.1359863 -0.2583008 0.3125 0.2408447 -0.2030029 0.2407227 0.2353516 -0.2105713 0.2407227 0.2382812 -0.1986084 0.2407227 0.2332764 -0.1973877 0.2407227 0.2288818 -0.2000732 0.2407227 0.2276611 -0.2050781 0.2407227 0.2305908 -0.2099609 0.2407227 0.2392578 -0.2023926 0.2731934 0.2366943 -0.197998 0.2731934 0.2337646 -0.2099609 0.2731934 0.2316895 -0.1967773 0.2731934 0.2272949 -0.1994629 0.2731934 0.2260742 -0.2043457 0.2731934 0.2287598 -0.2087402 0.2731934 -0.1047363 -0.230957 0.2832031 -0.112793 -0.2303467 0.2834473 -0.112793 -0.2299805 0.2802734 -0.1047363 -0.2304687 0.2797852 -0.1047363 -0.230957 0.2832031 -0.1047363 -0.2276611 0.2834473 -0.1047363 -0.2241211 0.2814941 -0.1047363 -0.2275391 0.2963867 -0.112793 -0.2303467 0.2834473 -0.112793 -0.2266846 0.2841797 -0.1047363 -0.2454834 0.300293 -0.1047363 -0.2432861 0.3041992 -0.112793 -0.2233887 0.2822266 -0.112793 -0.2266846 0.2971191 -0.1047363 -0.2241211 0.2990723 -0.112793 -0.2425537 0.3032227 -0.112793 -0.2421875 0.2993164 -0.112793 -0.2235107 0.2998047 -0.2375488 -0.2075195 0.2390137 -0.2357178 -0.2064209 0.2744141 -0.2468262 -0.2050781 0.2744141 -0.2473145 -0.2062988 0.2390137 -0.2375488 -0.2075195 0.2390137 -0.2366943 -0.2053223 0.237793 -0.2357178 -0.2064209 0.2744141 -0.2347412 -0.2041016 0.2756348 -0.2489014 -0.2039795 0.237793 -0.244873 -0.1726074 0.237793 -0.2497559 -0.2033691 0.255127 -0.2484131 -0.2026367 0.2756348 -0.2429199 -0.1712646 0.2756348 -0.2568359 -0.1724854 0.237793 -0.2687988 -0.07666016 0.2387695 -0.2583008 -0.1723633 0.255127 -0.2558594 -0.1712646 0.2756348 -0.265625 -0.07653809 0.2746582 -0.2792969 -0.07818604 0.239502 -0.276123 -0.04150391 0.2412109 -0.2763672 -0.078125 0.2753906 -0.2749023 -0.03540039 0.2751465 -0.2797852 -0.07818604 0.2556152 -0.286377 -0.04302979 0.2420654 -0.2768555 -0.03707886 0.2431641 -0.2878418 -0.03842163 0.2600098 -0.2873535 -0.03860474 0.2440186 -0.277832 -0.0319519 0.2484131 -0.2880859 -0.03347778 0.2492676 -0.2783203 -0.02914429 0.2496338 -0.2885742 -0.03065491 0.2502441 -0.2834473 -0.00343895 0.25 -0.2851562 -0.03689575 0.276123 -0.2819824 -0.001548767 0.2753906 -0.2941895 -0.003652573 0.2614746 -0.2929687 -0.004703522 0.2507324 -0.2958984 0.01608276 0.25 -0.2866211 0.01855469 0.25 -0.291748 -0.002826691 0.276123 -0.2973633 0.02337646 0.2486572 -0.2954102 0.01760864 0.2749023 -0.2861328 0.02006531 0.2749023 -0.2880859 0.02584839 0.2485352 -0.2961426 0.02133179 0.2736816 -0.2868652 0.02377319 0.2736816 -0.2976074 0.01681519 0.2592773 -0.2995605 0.03613281 0.2636719 -0.2902832 0.03857422 0.2634277 -0.293457 0.05395508 0.251709 -0.3000488 0.03050232 0.2531738 -0.298584 0.03065491 0.2457275 -0.2893066 0.03311157 0.2456055 -0.3041992 0.05767822 0.2460937 -0.2961426 0.06658936 0.2402344 -0.3007812 0.04064941 0.2386475 -0.2915039 0.04309082 0.2386475 -0.3044434 0.05230713 0.2388916 -0.314209 0.1077271 0.1959229 -0.3041992 0.111084 0.196167 -0.3027344 0.05065918 0.2271729 -0.2937012 0.05334473 0.2269287 -0.3134766 0.09454346 0.1875 -0.3095703 0.08416748 0.1772461 -0.2990723 0.08758545 0.1774902 -0.3115234 0.09490967 0.1715088 -0.302002 0.09857178 0.1723633 -0.3137207 0.105896 0.1733398 -0.3051758 0.1087646 0.173584 -0.314209 0.1117554 0.1853027 -0.3054199 0.1144409 0.185791 0.112793 -0.2299805 0.2802734 0.112793 -0.2303467 0.2834473 0.1047363 -0.230957 0.2832031 0.1047363 -0.2304687 0.2797852 0.1047363 -0.230957 0.2832031 0.1047363 -0.2276611 0.2834473 0.112793 -0.2266846 0.2841797 0.112793 -0.2303467 0.2834473 0.1047363 -0.2241211 0.2814941 0.1047363 -0.2275391 0.2963867 0.112793 -0.2233887 0.2822266 0.112793 -0.2266846 0.2971191 0.1047363 -0.2241211 0.2990723 0.1047363 -0.2454834 0.300293 0.1047363 -0.2432861 0.3041992 0.112793 -0.2425537 0.3032227 0.112793 -0.2421875 0.2993164 0.112793 -0.2235107 0.2998047 0.2468262 -0.2050781 0.2744141 0.2357178 -0.2064209 0.2744141 0.2375488 -0.2075195 0.2390137 0.2473145 -0.2062988 0.2390137 0.2375488 -0.2075195 0.2390137 0.2366943 -0.2053223 0.237793 0.2357178 -0.2064209 0.2744141 0.2347412 -0.2041016 0.2756348 0.2489014 -0.2039795 0.237793 0.244873 -0.1726074 0.237793 0.2497559 -0.2033691 0.255127 0.2484131 -0.2026367 0.2756348 0.2429199 -0.1712646 0.2756348 0.2568359 -0.1724854 0.237793 0.2687988 -0.07666016 0.2387695 0.2558594 -0.1712646 0.2756348 0.265625 -0.07653809 0.2746582 0.2583008 -0.1723633 0.255127 0.2763672 -0.078125 0.2753906 0.2749023 -0.03540039 0.2751465 0.2792969 -0.07818604 0.239502 0.276123 -0.04150391 0.2412109 0.2797852 -0.07818604 0.2556152 0.286377 -0.04302979 0.2420654 0.2768555 -0.03707886 0.2431641 0.2878418 -0.03842163 0.2600098 0.2873535 -0.03860474 0.2440186 0.277832 -0.0319519 0.2484131 0.2880859 -0.03347778 0.2492676 0.2783203 -0.02914429 0.2496338 0.2885742 -0.03065491 0.2502441 0.2834473 -0.00343895 0.25 0.2851562 -0.03689575 0.276123 0.2819824 -0.001548767 0.2753906 0.2941895 -0.003652573 0.2614746 0.2929687 -0.004703522 0.2507324 0.2958984 0.01608276 0.25 0.2866211 0.01855469 0.25 0.291748 -0.002826691 0.276123 0.2973633 0.02337646 0.2486572 0.2954102 0.01760864 0.2749023 0.2861328 0.02006531 0.2749023 0.2880859 0.02584839 0.2485352 0.2961426 0.02133179 0.2736816 0.2868652 0.02377319 0.2736816 0.2976074 0.01681519 0.2592773 0.2995605 0.03613281 0.2636719 0.2902832 0.03857422 0.2634277 0.293457 0.05395508 0.251709 0.3000488 0.03050232 0.2531738 0.3041992 0.05767822 0.2460937 0.2961426 0.06658936 0.2402344 0.298584 0.03065491 0.2457275 0.2893066 0.03311157 0.2456055 0.3007812 0.04064941 0.2386475 0.2915039 0.04309082 0.2386475 0.3044434 0.05230713 0.2388916 0.314209 0.1077271 0.1959229 0.3041992 0.111084 0.196167 0.3027344 0.05065918 0.2271729 0.2937012 0.05334473 0.2269287 0.3134766 0.09454346 0.1875 0.314209 0.1117554 0.1853027 0.3054199 0.1144409 0.185791 0.3051758 0.1087646 0.173584 0.3095703 0.08416748 0.1772461 0.2990723 0.08758545 0.1774902 0.3137207 0.105896 0.1733398 0.302002 0.09857178 0.1723633 0.3115234 0.09490967 0.1715088 0.06225586 -0.2322998 0.1711426 0.06878662 -0.2322998 0.1669922 0.06182861 -0.2282715 0.1705322 0.06842041 -0.2282715 0.1662598 0.06878662 -0.2322998 0.1669922 0.065979 -0.2321777 0.1625977 0.06445312 -0.2282715 0.1606445 0.06225586 -0.2322998 0.1711426 0.059021 -0.2321777 0.1671143 0.0625 -0.2410889 0.1582031 0.06488037 -0.2414551 0.1621094 0.05755615 -0.2282715 0.1650391 0.05551147 -0.2408447 0.1627197 0.05810547 -0.2410889 0.1669922 0.05557251 -0.2493896 0.1630859 0.05847168 -0.2486572 0.1682129 0.06268311 -0.2531738 0.1588135 0.05505371 -0.2536621 0.1622314 0.06524658 -0.2529297 0.1641846 0.06311035 -0.2558594 0.15979 0.05297852 -0.2565918 0.166626 0.06610107 -0.2556152 0.157959 0.05636597 -0.2587891 0.1672363 0.05657959 -0.2570801 0.1674805 0.06567383 -0.2587891 0.1617432 0.05975342 -0.2529297 0.168335 0.06451416 -0.2565918 0.1694336 0.06451416 -0.2519531 0.1694336 -0.06225586 -0.2322998 0.1711426 -0.06182861 -0.2282715 0.1705322 -0.06878662 -0.2322998 0.1669922 -0.06842041 -0.2282715 0.1662598 -0.06878662 -0.2322998 0.1669922 -0.065979 -0.2321777 0.1625977 -0.06445312 -0.2282715 0.1606445 -0.06225586 -0.2322998 0.1711426 -0.059021 -0.2321777 0.1671143 -0.0625 -0.2410889 0.1582031 -0.05755615 -0.2282715 0.1650391 -0.06488037 -0.2414551 0.1621094 -0.05551147 -0.2408447 0.1627197 -0.05810547 -0.2410889 0.1669922 -0.06268311 -0.2531738 0.1588135 -0.05557251 -0.2493896 0.1630859 -0.05847168 -0.2486572 0.1682129 -0.05505371 -0.2536621 0.1622314 -0.06524658 -0.2529297 0.1641846 -0.06311035 -0.2558594 0.15979 -0.05297852 -0.2565918 0.166626 -0.06610107 -0.2556152 0.157959 -0.05636597 -0.2587891 0.1672363 -0.05657959 -0.2570801 0.1674805 -0.06567383 -0.2587891 0.1617432 -0.05975342 -0.2529297 0.168335 -0.06451416 -0.2565918 0.1694336 -0.06451416 -0.2519531 0.1694336 0.2491455 -0.2055664 0.255127 0.2479248 -0.204834 0.2749023 0.2463379 -0.232666 0.2749023 0.2475586 -0.2322998 0.2548828 0.2484131 -0.2061768 0.237793 0.2468262 -0.2312012 0.2374268 0.2402344 -0.2352295 0.2359619 0.2381592 -0.2373047 0.2575684 0.2336426 -0.237793 0.2807617 0.2249756 -0.2419434 0.2597656 0.2288818 -0.237793 0.2297363 0.2216797 -0.2412109 0.2844238 0.206543 -0.243042 0.2373047 0.2200928 -0.239624 0.2193604 0.206543 -0.2438965 0.2521973 0.2036133 -0.2432861 0.2220459 0.2015381 -0.2452393 0.265625 0.2089844 -0.2404785 0.2017822 0.2001953 -0.2449951 0.2895508 0.1964111 -0.2434082 0.2052002 0.1890869 -0.2470703 0.2749023 0.1912842 -0.2426758 0.1787109 0.1772461 -0.2484131 0.2944336 0.1815186 -0.2441406 0.1842041 0.1739502 -0.2491455 0.2800293 0.1702881 -0.2457275 0.1621094 0.1566162 -0.2509766 0.2973633 0.1623535 -0.2460937 0.1700439 0.1580811 -0.2507324 0.2824707 0.1451416 -0.2468262 0.1646729 0.1392822 -0.2524414 0.2839355 0.1499023 -0.2479248 0.1542969 0.1190186 -0.2539062 0.2980957 0.1234741 -0.2489014 0.1627197 0.119812 -0.2541504 0.2841797 0.1243896 -0.2504883 0.1518555 0.09533691 -0.2556152 0.2832031 0.09973145 -0.2519531 0.1534424 0.09332275 -0.2553711 0.2963867 0.1016846 -0.2504883 0.1640625 0.06860352 -0.2563477 0.2912598 0.07659912 -0.2509766 0.170166 0.07092285 -0.2563477 0.2790527 0.0703125 -0.2526855 0.1604004 0.05230713 -0.2563477 0.2729492 0.05905151 -0.2524414 0.1809082 0.0473938 -0.2565918 0.282959 0.04867554 -0.253418 0.175293 0.04107666 -0.2563477 0.2617187 0.0461731 -0.2541504 0.1976318 0.03668213 -0.2546387 0.1948242 0.03894043 -0.2553711 0.2138672 0.0294342 -0.2553711 0.2124023 0.03512573 -0.2561035 0.2298584 0.0262146 -0.2556152 0.229248 0.03564453 -0.2563477 0.2437744 0.02552795 -0.2561035 0.2434082 0.03543091 -0.2565918 0.2712402 0.02804565 -0.2563477 0.2539062 0.03121948 -0.2565918 0.2636719 0.01945496 -0.2597656 0.2734375 0.01535797 -0.2600098 0.2646484 0.01353455 -0.2600098 0.2595215 0 -0.2607422 0.2741699 0 -0.2619629 0.2663574 0 -0.2607422 0.2607422 -0.01353455 -0.2600098 0.2595215 -0.01535797 -0.2600098 0.2646484 -0.01945496 -0.2597656 0.2734375 -0.02804565 -0.2563477 0.2539062 -0.03121948 -0.2565918 0.2636719 -0.03543091 -0.2565918 0.2712402 -0.04107666 -0.2563477 0.2617187 -0.02552795 -0.2561035 0.2434082 -0.0473938 -0.2565918 0.282959 -0.03564453 -0.2563477 0.2437744 -0.05230713 -0.2563477 0.2729492 -0.0262146 -0.2556152 0.229248 -0.06860352 -0.2563477 0.2912598 -0.03512573 -0.2561035 0.2298584 -0.07092285 -0.2563477 0.2790527 -0.0294342 -0.2553711 0.2124023 -0.09533691 -0.2556152 0.2832031 -0.03894043 -0.2553711 0.2138672 -0.09332275 -0.2553711 0.2963867 -0.03668213 -0.2546387 0.1948242 -0.1190186 -0.2539062 0.2980957 -0.0461731 -0.2541504 0.1976318 -0.119812 -0.2541504 0.2841797 -0.04867554 -0.253418 0.175293 -0.1392822 -0.2524414 0.2839355 -0.05905151 -0.2524414 0.1809082 -0.1566162 -0.2509766 0.2973633 -0.0703125 -0.2526855 0.1604004 -0.1580811 -0.2507324 0.2824707 -0.07659912 -0.2509766 0.170166 -0.1739502 -0.2491455 0.2800293 -0.09973145 -0.2519531 0.1534424 -0.1772461 -0.2484131 0.2944336 -0.1016846 -0.2504883 0.1640625 -0.1890869 -0.2470703 0.2749023 -0.1234741 -0.2489014 0.1627197 -0.2001953 -0.2449951 0.2895508 -0.1243896 -0.2504883 0.1518555 -0.2015381 -0.2452393 0.265625 -0.1499023 -0.2479248 0.1542969 -0.2216797 -0.2412109 0.2844238 -0.1451416 -0.2468262 0.1646729 -0.1702881 -0.2457275 0.1621094 -0.1623535 -0.2460937 0.1700439 -0.1815186 -0.2441406 0.1842041 -0.1912842 -0.2426758 0.1787109 -0.1964111 -0.2434082 0.2052002 -0.2089844 -0.2404785 0.2017822 -0.2036133 -0.2432861 0.2220459 -0.2200928 -0.239624 0.2193604 -0.206543 -0.243042 0.2373047 -0.2288818 -0.237793 0.2297363 -0.2249756 -0.2419434 0.2597656 -0.206543 -0.2438965 0.2521973 -0.2336426 -0.237793 0.2807617 -0.2402344 -0.2352295 0.2359619 -0.2381592 -0.2373047 0.2575684 -0.2463379 -0.232666 0.2749023 -0.2475586 -0.2322998 0.2548828 -0.2468262 -0.2312012 0.2374268 -0.2484131 -0.2061768 0.237793 -0.2491455 -0.2055664 0.255127 -0.2479248 -0.204834 0.2749023 0.2491455 -0.2055664 0.255127 0.2484131 -0.2061768 0.237793 0.2364502 -0.2078857 0.2380371 0.2354736 -0.2069092 0.2575684 0.2479248 -0.204834 0.2749023 0.2349854 -0.204834 0.2807617 0.2203369 -0.211792 0.2595215 0.2194824 -0.2133789 0.2333984 0.2214355 -0.2124023 0.2839355 0.2027588 -0.2172852 0.251709 0.2017822 -0.2177734 0.2609863 0.1984863 -0.2171631 0.2890625 0.2023926 -0.2171631 0.2373047 0.1899414 -0.2197266 0.2729492 0.2093506 -0.2148437 0.2181396 0.1778564 -0.220459 0.2929687 0.199585 -0.2172852 0.2220459 0.1721191 -0.2214355 0.279541 0.2037354 -0.2160645 0.2016602 0.1542969 -0.2231445 0.2956543 0.1928711 -0.2182617 0.2050781 0.1488037 -0.2242432 0.2834473 0.1873779 -0.2188721 0.1787109 0.116272 -0.2261963 0.2973633 0.1774902 -0.220459 0.184082 0.1185913 -0.2263184 0.2844238 0.168335 -0.2224121 0.1623535 0.09423828 -0.2277832 0.2827148 0.1601562 -0.2233887 0.1699219 0.09051514 -0.2276611 0.2954102 0.147583 -0.2254639 0.1542969 0.07116699 -0.2285156 0.279541 0.1428223 -0.2250977 0.1645508 0.06555176 -0.2285156 0.2900391 0.1245117 -0.2287598 0.1523437 0.04983521 -0.2285156 0.2700195 0.1236572 -0.2285156 0.1628418 0.04745483 -0.2285156 0.2817383 0.1020508 -0.2310791 0.1641846 0.03460693 -0.2285156 0.2705078 0.09985352 -0.2310791 0.1536865 0.07672119 -0.2319336 0.170166 0.0703125 -0.2318115 0.1604004 0.059021 -0.2313232 0.1809082 0.04873657 -0.2312012 0.175293 0.04714966 -0.220459 0.1986084 0.03887939 -0.2242432 0.1965332 0.04022217 -0.2139893 0.213501 0.03204346 -0.2200928 0.2124023 0.02813721 -0.2182617 0.2290039 0.03622437 -0.2124023 0.2303467 0.02772522 -0.2199707 0.2365723 0.03527832 -0.2139893 0.2441406 0.03952026 -0.2285156 0.2595215 0.02519226 -0.2281494 0.2484131 0.02708435 -0.229248 0.2548828 0.01928711 -0.2346191 0.2731934 0.01293182 -0.2347412 0.2583008 0 -0.2359619 0.2746582 0 -0.2363281 0.2592773 -0.01293182 -0.2347412 0.2583008 -0.01928711 -0.2346191 0.2731934 -0.02708435 -0.229248 0.2548828 -0.03460693 -0.2285156 0.2705078 -0.03952026 -0.2285156 0.2595215 -0.02519226 -0.2281494 0.2484131 -0.02772522 -0.2199707 0.2365723 -0.04983521 -0.2285156 0.2700195 -0.03527832 -0.2139893 0.2441406 -0.04745483 -0.2285156 0.2817383 -0.03622437 -0.2124023 0.2303467 -0.06555176 -0.2285156 0.2900391 -0.02813721 -0.2182617 0.2290039 -0.07116699 -0.2285156 0.279541 -0.04022217 -0.2139893 0.213501 -0.09051514 -0.2276611 0.2954102 -0.03204346 -0.2200928 0.2124023 -0.09423828 -0.2277832 0.2827148 -0.03887939 -0.2242432 0.1965332 -0.116272 -0.2261963 0.2973633 -0.04714966 -0.220459 0.1986084 -0.1185913 -0.2263184 0.2844238 -0.04873657 -0.2312012 0.175293 -0.1488037 -0.2242432 0.2834473 -0.059021 -0.2313232 0.1809082 -0.1542969 -0.2231445 0.2956543 -0.0703125 -0.2318115 0.1604004 -0.1721191 -0.2214355 0.279541 -0.07672119 -0.2319336 0.170166 -0.1778564 -0.220459 0.2929687 -0.09985352 -0.2310791 0.1536865 -0.1899414 -0.2197266 0.2729492 -0.1020508 -0.2310791 0.1641846 -0.1984863 -0.2171631 0.2890625 -0.1245117 -0.2287598 0.1523437 -0.2017822 -0.2177734 0.2609863 -0.1236572 -0.2285156 0.1628418 -0.2214355 -0.2124023 0.2839355 -0.1428223 -0.2250977 0.1645508 -0.147583 -0.2254639 0.1542969 -0.1601562 -0.2233887 0.1699219 -0.168335 -0.2224121 0.1623535 -0.1774902 -0.220459 0.184082 -0.1873779 -0.2188721 0.1787109 -0.1928711 -0.2182617 0.2050781 -0.2037354 -0.2160645 0.2016602 -0.199585 -0.2172852 0.2220459 -0.2093506 -0.2148437 0.2181396 -0.2023926 -0.2171631 0.2373047 -0.2194824 -0.2133789 0.2333984 -0.2027588 -0.2172852 0.251709 -0.2203369 -0.211792 0.2595215 -0.2364502 -0.2078857 0.2380371 -0.2349854 -0.204834 0.2807617 -0.2484131 -0.2061768 0.237793 -0.2491455 -0.2055664 0.255127 -0.2354736 -0.2069092 0.2575684 -0.2479248 -0.204834 0.2749023 -0.2302246 -0.2424316 0.2683105 -0.2321777 -0.2415771 0.2709961 -0.2302246 -0.2424316 0.2648926 -0.2321777 -0.2415771 0.2619629 -0.2353516 -0.2403564 0.2609863 -0.2385254 -0.2391357 0.2619629 -0.2404785 -0.2384033 0.2648926 -0.2404785 -0.2384033 0.2683105 -0.2384033 -0.2391357 0.2709961 -0.2352295 -0.2403564 0.2722168 -0.2302246 -0.2424316 0.2484131 -0.2321777 -0.2415771 0.2512207 -0.2302246 -0.2424316 0.2449951 -0.2321777 -0.2415771 0.2420654 -0.2353516 -0.2403564 0.2410889 -0.2385254 -0.2391357 0.2420654 -0.2404785 -0.2384033 0.2449951 -0.2404785 -0.2384033 0.2484131 -0.2385254 -0.2391357 0.2512207 -0.2353516 -0.2403564 0.2521973 0.2302246 -0.2424316 0.2683105 0.2302246 -0.2424316 0.2648926 0.2321777 -0.2415771 0.2709961 0.2321777 -0.2415771 0.2619629 0.2353516 -0.2403564 0.2609863 0.2385254 -0.2391357 0.2619629 0.2404785 -0.2384033 0.2648926 0.2404785 -0.2384033 0.2683105 0.2384033 -0.2391357 0.2709961 0.2352295 -0.2403564 0.2722168 0.2302246 -0.2424316 0.2484131 0.2302246 -0.2424316 0.2449951 0.2321777 -0.2415771 0.2512207 0.2321777 -0.2415771 0.2420654 0.2353516 -0.2403564 0.2410889 0.2385254 -0.2391357 0.2420654 0.2404785 -0.2384033 0.2449951 0.2404785 -0.2384033 0.2484131 0.2385254 -0.2391357 0.2512207 0.2353516 -0.2403564 0.2521973 -0.09277344 -0.2509766 0.3071289 -0.09307861 -0.2507324 0.3083496 -0.09277344 -0.2449951 0.3054199 -0.08679199 -0.2504883 0.3088379 -0.09307861 -0.244751 0.3066406 -0.0892334 -0.2496338 0.3125 -0.09387207 -0.2504883 0.3093262 -0.09387207 -0.2445068 0.3076172 -0.09326172 -0.2489014 0.3149414 -0.1286621 -0.2454834 0.3063965 -0.1286621 -0.2498779 0.3137207 -0.1286621 -0.2514648 0.3078613 -0.1337891 -0.244751 0.309082 -0.1337891 -0.2507324 0.3105469 -0.1295166 -0.2498779 0.3139648 -0.135376 -0.2440186 0.3117676 -0.1357422 -0.2498779 0.3137207 -0.1296387 -0.2521973 0.3149414 -0.1358643 -0.2436523 0.3154297 -0.1357422 -0.2521973 0.3146973 -0.1361084 -0.2457275 0.3178711 -0.1361084 -0.2509766 0.3193359 0.09277344 -0.2509766 0.3071289 0.09277344 -0.2449951 0.3054199 0.09307861 -0.2507324 0.3083496 0.08679199 -0.2504883 0.3088379 0.09307861 -0.244751 0.3066406 0.0892334 -0.2496338 0.3125 0.09387207 -0.2504883 0.3093262 0.09387207 -0.2445068 0.3076172 0.09326172 -0.2489014 0.3149414 0.1286621 -0.2454834 0.3063965 0.1286621 -0.2498779 0.3137207 0.1286621 -0.2514648 0.3078613 0.1337891 -0.244751 0.309082 0.1337891 -0.2507324 0.3105469 0.1295166 -0.2498779 0.3139648 0.135376 -0.2440186 0.3117676 0.1357422 -0.2498779 0.3137207 0.1296387 -0.2521973 0.3149414 0.1358643 -0.2436523 0.3154297 0.1357422 -0.2521973 0.3146973 0.1361084 -0.2457275 0.3178711 0.1361084 -0.2509766 0.3193359 -0.133667 -0.2543945 0.3273926 -0.1418457 -0.2585449 0.3112793 -0.12323 -0.2580566 0.3127441 -0.1383057 -0.3803711 0.342041 -0.1297607 -0.3803711 0.3537598 -0.1204224 -0.3811035 0.3427734 -0.2561035 -0.1968994 0.2563477 -0.2587891 -0.1855469 0.2724609 -0.2619629 -0.1741943 0.2563477 0.133667 -0.2543945 0.3273926 0.12323 -0.2580566 0.3127441 0.1418457 -0.2585449 0.3112793 0.1383057 -0.3803711 0.342041 0.1204224 -0.3811035 0.3427734 0.1297607 -0.3803711 0.3537598 0.2561035 -0.1968994 0.2563477 0.2619629 -0.1741943 0.2563477 0.2587891 -0.1855469 0.2724609 -0.2597656 -0.1837158 0.2521973 -0.2590332 -0.1864014 0.2502441 -0.2587891 -0.1879883 0.2553711 -0.2575684 -0.1915283 0.2521973 -0.2568359 -0.1942139 0.2502441 -0.2565918 -0.1958008 0.2553711 0.2597656 -0.1837158 0.2521973 0.2587891 -0.1879883 0.2553711 0.2590332 -0.1864014 0.2502441 0.2575684 -0.1915283 0.2521973 0.2565918 -0.1958008 0.2553711 0.2568359 -0.1942139 0.2502441 -0.2590332 -0.1864014 0.2502441 -0.2597656 -0.1837158 0.2521973 -0.2478027 -0.1851807 0.2504883 -0.2485352 -0.1824951 0.2541504 -0.2568359 -0.1942139 0.2502441 -0.2575684 -0.1915283 0.2521973 -0.2456055 -0.1929932 0.2504883 -0.2463379 -0.1903076 0.2541504 0.08514404 -0.2553711 0.2963867 0.08569336 -0.2541504 0.3088379 0.08551025 -0.243042 0.2954102 0.08605957 -0.2418213 0.3078613 0.2478027 -0.1851807 0.2504883 0.2485352 -0.1824951 0.2541504 0.2597656 -0.1837158 0.2521973 0.2590332 -0.1864014 0.2502441 0.2456055 -0.1929932 0.2504883 0.2463379 -0.1903076 0.2541504 0.2575684 -0.1915283 0.2521973 0.2568359 -0.1942139 0.2502441 -0.08551025 -0.243042 0.2954102 -0.08569336 -0.2541504 0.3088379 -0.08514404 -0.2553711 0.2963867 -0.08605957 -0.2418213 0.3078613 -0.2237549 -0.2103271 0.2427979 -0.2287598 -0.2073975 0.2427979 -0.2275391 -0.206665 0.2712402 -0.2225342 -0.2098389 0.2712402 0.2287598 -0.2073975 0.2427979 0.2237549 -0.2103271 0.2427979 0.2275391 -0.206665 0.2712402 0.2225342 -0.2098389 0.2712402 0.1314697 -0.2412109 0.2983398 0.1315918 -0.239502 0.3037109 0.1315918 -0.2490234 0.2983398 0.1317139 -0.2507324 0.3037109 -0.1314697 -0.2412109 0.2983398 -0.1315918 -0.2490234 0.2983398 -0.1315918 -0.239502 0.3037109 -0.1317139 -0.2507324 0.3037109 -0.2366943 -0.2077637 0.2382812 -0.2348633 -0.206665 0.2751465 -0.2480469 -0.2056885 0.2756348 -0.2485352 -0.2067871 0.2376709 0.2480469 -0.2056885 0.2756348 0.2348633 -0.206665 0.2751465 0.2366943 -0.2077637 0.2382812 0.2485352 -0.2067871 0.2376709 -0.2353516 -0.2404785 0.2607422 -0.2301025 -0.2424316 0.2683105 -0.2404785 -0.2384033 0.2646484 -0.2385254 -0.2392578 0.2712402 -0.2302246 -0.2424316 0.244873 -0.2321777 -0.2416992 0.2512207 -0.2353516 -0.2404785 0.2409668 -0.2406006 -0.2384033 0.2484131 0.2353516 -0.2404785 0.2607422 0.2404785 -0.2384033 0.2646484 0.2301025 -0.2424316 0.2683105 0.2385254 -0.2392578 0.2712402 0.2302246 -0.2424316 0.244873 0.2353516 -0.2404785 0.2409668 0.2321777 -0.2416992 0.2512207 0.2406006 -0.2384033 0.2484131 -0.09484863 -0.2407227 0.3046875 -0.09417725 -0.2460937 0.2932129 -0.09399414 -0.2556152 0.2958984 -0.09466553 -0.2519531 0.3095703 -0.09448242 -0.2546387 0.3081055 -0.2341309 -0.2366943 0.2607422 -0.2353516 -0.2404785 0.2607422 -0.2404785 -0.2384033 0.2646484 -0.2392578 -0.2347412 0.2648926 -0.2385254 -0.2392578 0.2712402 -0.2340088 -0.2366943 0.2722168 -0.2301025 -0.2424316 0.2683105 -0.2288818 -0.2386475 0.2646484 -0.2353516 -0.2404785 0.2607422 -0.2341309 -0.2366943 0.2607422 -0.2475586 -0.1883545 0.2451172 -0.2580566 -0.1894531 0.2451172 -0.2489014 -0.1832275 0.2407227 -0.2592773 -0.1844482 0.2407227 -0.2489014 -0.1832275 0.2451172 -0.2592773 -0.1844482 0.2451172 -0.2502441 -0.1782227 0.2407227 -0.2607422 -0.1793213 0.2407227 -0.2502441 -0.1782227 0.2451172 -0.2607422 -0.1793213 0.2451172 -0.2514648 -0.1732178 0.2407227 -0.2619629 -0.1743164 0.2407227 -0.2514648 -0.1732178 0.25 -0.2619629 -0.1743164 0.25 -0.2561035 -0.1968994 0.25 -0.2457275 -0.1958008 0.25 -0.2561035 -0.1968994 0.2470703 -0.2475586 -0.1883545 0.2407227 -0.2580566 -0.1894531 0.2407227 -0.2475586 -0.1883545 0.2451172 -0.2580566 -0.1894531 0.2451172 -0.2590332 -0.1864014 0.2502441 -0.2478027 -0.1851807 0.2504883 -0.2473145 -0.1877441 0.2541504 -0.2587891 -0.1879883 0.2553711 -0.2485352 -0.1824951 0.2541504 -0.2597656 -0.1837158 0.2521973 0.1605225 -0.3759766 0.3479004 0.1616211 -0.3815918 0.3479004 0.1860352 -0.3652344 0.3395996 0.1832275 -0.3605957 0.3398437 0.2045898 -0.333252 0.3288574 0.2004395 -0.3305664 0.329834 0.2113037 -0.3137207 0.3232422 0.2064209 -0.3127441 0.3244629 0.206665 -0.2978516 0.3212891 0.2115479 -0.2973633 0.3193359 0.2019043 -0.2839355 0.3190918 0.2055664 -0.2817383 0.3168945 0.1899414 -0.2729492 0.3188477 0.1920166 -0.2685547 0.3164062 0.1729736 -0.2617187 0.3181152 0.1716309 -0.2666016 0.3205566 0.1525879 -0.2580566 0.3203125 0.1325684 -0.2614746 0.3244629 0.104187 -0.2561035 0.3237305 0.07818604 -0.2636719 0.3276367 0.07647705 -0.2590332 0.3254395 0.05361938 -0.270752 0.3295898 0.05032349 -0.2670898 0.3271484 0.03759766 -0.2807617 0.3310547 0.04205322 -0.2832031 0.3330078 0.03123474 -0.3007812 0.3364258 0.03643799 -0.3015137 0.3376465 0.03665161 -0.3151855 0.3410645 0.03143311 -0.3168945 0.340332 0.04537964 -0.3417969 0.3476562 0.04064941 -0.3447266 0.3474121 0.0586853 -0.3598633 0.3515625 0.05496216 -0.3637695 0.3513184 0.07244873 -0.376709 0.3537598 0.07537842 -0.3720703 0.3532715 0.0904541 -0.3830566 0.354248 0.09161377 -0.3776855 0.3535156 0.159668 -0.3764648 0.3395996 0.1605225 -0.3759766 0.3479004 0.1832275 -0.3605957 0.3398437 0.1815186 -0.3613281 0.3317871 0.2004395 -0.3305664 0.329834 0.1986084 -0.3320312 0.3220215 0.2064209 -0.3127441 0.3244629 0.2043457 -0.3146973 0.3168945 0.2045898 -0.3000488 0.3137207 0.206665 -0.2978516 0.3212891 0.1999512 -0.2866211 0.3117676 0.2019043 -0.2839355 0.3190918 0.1882324 -0.2756348 0.3112793 0.1899414 -0.2729492 0.3188477 0.1707764 -0.2697754 0.3129883 0.1716309 -0.2666016 0.3205566 0.1320801 -0.2646484 0.3168945 0.1325684 -0.2614746 0.3244629 0.1048584 -0.2648926 0.3181152 0.07818604 -0.2636719 0.3276367 0.07873535 -0.2670898 0.3200684 0.05480957 -0.2739258 0.3220215 0.05361938 -0.270752 0.3295898 0.0435791 -0.286377 0.3254395 0.04205322 -0.2832031 0.3330078 0.03643799 -0.3015137 0.3376465 0.03805542 -0.3037109 0.3300781 0.03665161 -0.3151855 0.3410645 0.03811646 -0.3168945 0.3330078 0.04537964 -0.3417969 0.3476562 0.04638672 -0.3427734 0.3395996 0.0586853 -0.3598633 0.3515625 0.0597229 -0.3613281 0.3435059 0.07537842 -0.3720703 0.3532715 0.07592773 -0.373291 0.3452148 0.09063721 -0.3781738 0.345459 0.09161377 -0.3776855 0.3535156 0.1616211 -0.3815918 0.3479004 0.1607666 -0.3820801 0.3395996 0.1860352 -0.3652344 0.3395996 0.1843262 -0.3659668 0.3312988 0.2045898 -0.333252 0.3288574 0.2026367 -0.3344727 0.3210449 0.2091064 -0.3156738 0.3154297 0.2113037 -0.3137207 0.3232422 0.2093506 -0.2998047 0.3117676 0.2115479 -0.2973633 0.3193359 0.2036133 -0.2844238 0.3093262 0.2055664 -0.2817383 0.3168945 0.1904297 -0.2709961 0.3088379 0.1920166 -0.2685547 0.3164062 0.1729736 -0.2617187 0.3181152 0.1518555 -0.260498 0.3120117 0.1525879 -0.2580566 0.3203125 0.131958 -0.2585449 0.3139648 0.104187 -0.2561035 0.3237305 0.07696533 -0.262207 0.3178711 0.07647705 -0.2590332 0.3254395 0.05163574 -0.2702637 0.3195801 0.05032349 -0.2670898 0.3271484 0.03912354 -0.2836914 0.3234863 0.03759766 -0.2807617 0.3310547 0.03123474 -0.3007812 0.3364258 0.03283691 -0.3032227 0.3288574 0.03143311 -0.3168945 0.340332 0.03295898 -0.3186035 0.3322754 0.04064941 -0.3447266 0.3474121 0.04168701 -0.3459473 0.3388672 0.05496216 -0.3637695 0.3513184 0.05603027 -0.3649902 0.3432617 0.07244873 -0.376709 0.3537598 0.07305908 -0.3779297 0.345459 0.0894165 -0.3837891 0.3461914 0.0904541 -0.3830566 0.354248 0.239624 -0.192749 0.2427979 0.2382812 -0.1986084 0.2407227 0.2357178 -0.197876 0.2427979 0.2371826 -0.1921387 0.2427979 0.234375 -0.1972656 0.2714844 0.2358398 -0.1916504 0.2712402 0.239624 -0.192749 0.2427979 0.2341309 -0.2366943 0.2607422 0.2353516 -0.2404785 0.2607422 0.2288818 -0.2386475 0.2646484 0.2301025 -0.2424316 0.2683105 0.2340088 -0.2366943 0.2722168 0.2385254 -0.2392578 0.2712402 0.2392578 -0.2347412 0.2648926 0.2404785 -0.2384033 0.2646484 0.2341309 -0.2366943 0.2607422 0.2353516 -0.2404785 0.2607422 0.2478027 -0.1851807 0.2504883 0.2590332 -0.1864014 0.2502441 0.2473145 -0.1877441 0.2541504 0.2587891 -0.1879883 0.2553711 0.2485352 -0.1824951 0.2541504 0.2597656 -0.1837158 0.2521973 -0.2348633 -0.206665 0.2751465 -0.2366943 -0.2077637 0.2382812 -0.244873 -0.1726074 0.237793 -0.2429199 -0.1712646 0.2756348 -0.2687988 -0.07666016 0.2387695 -0.2751465 -0.03546143 0.2749023 -0.2758789 -0.04135132 0.2410889 -0.2785645 -0.02912903 0.2495117 -0.2819824 -0.001547813 0.2753906 -0.2868652 0.01853943 0.25 -0.2866211 0.02415466 0.2744141 -0.2893066 0.03323364 0.2457275 -0.2961426 0.06677246 0.2403564 -0.2937012 0.05337524 0.2269287 -0.3041992 0.111084 0.196167 -0.2990723 0.08758545 0.1774902 -0.3054199 0.1144409 0.185791 -0.302002 0.09857178 0.1723633 -0.3051758 0.1087646 0.173584 0.09466553 -0.2519531 0.3095703 0.09448242 -0.2546387 0.3081055 0.09399414 -0.2556152 0.2958984 0.09484863 -0.2407227 0.3046875 0.09417725 -0.2460937 0.2932129 0.09417725 -0.2460937 0.2932129 0.08551025 -0.243042 0.2954102 0.09484863 -0.2407227 0.3046875 0.08605957 -0.2418213 0.3078613 0.09466553 -0.2519531 0.3095703 0.08569336 -0.2541504 0.3088379 0.09448242 -0.2546387 0.3081055 0.09399414 -0.2556152 0.2958984 0.08514404 -0.2553711 0.2963867 0.09417725 -0.2460937 0.2932129 0.08551025 -0.243042 0.2954102 0.246582 -0.2330322 0.2749023 0.2481689 -0.2047119 0.2749023 0.2349854 -0.2049561 0.2807617 0.2340088 -0.2388916 0.28125 0.2214355 -0.2122803 0.2844238 0.1774902 -0.2487793 0.2961426 0.1779785 -0.2203369 0.2937012 0.116333 -0.2260742 0.2983398 0.1189575 -0.2543945 0.2990723 0.0904541 -0.2277832 0.2961426 0.06842041 -0.2565918 0.2922363 0.06542969 -0.2285156 0.2902832 0.04708862 -0.2565918 0.2834473 0.04718018 -0.2285156 0.2822266 0.03338623 -0.2424316 0.2729492 0.03460693 -0.2285156 0.2705078 0.03543091 -0.2565918 0.2712402 0.01928711 -0.2346191 0.2731934 0.01947021 -0.2600098 0.2739258 0 -0.236084 0.2749023 -0.01947021 -0.2600098 0.2739258 -0.03338623 -0.2424316 0.2729492 -0.03543091 -0.2565918 0.2712402 -0.01928711 -0.2346191 0.2731934 -0.03460693 -0.2285156 0.2705078 -0.04718018 -0.2285156 0.2822266 -0.04708862 -0.2565918 0.2834473 -0.06542969 -0.2285156 0.2902832 -0.06854248 -0.2563477 0.2915039 -0.0904541 -0.2276611 0.2958984 -0.09326172 -0.2556152 0.2973633 -0.116272 -0.2261963 0.2980957 -0.1567383 -0.2512207 0.2988281 -0.1781006 -0.2202148 0.2941895 -0.2219238 -0.2414551 0.2851562 -0.2214355 -0.2121582 0.2841797 -0.2349854 -0.2049561 0.2807617 -0.246582 -0.2331543 0.2749023 -0.2481689 -0.2047119 0.2749023 0.2486572 -0.2060547 0.237793 0.2471924 -0.2315674 0.2374268 0.2365723 -0.2080078 0.2380371 0.2294922 -0.2384033 0.2293701 0.2198486 -0.2127686 0.2329102 0.2099609 -0.2265625 0.201416 0.2094727 -0.2148437 0.2181396 0.2037354 -0.2160645 0.2016602 0.1916504 -0.2298584 0.177002 0.2294922 -0.2384033 0.2293701 0.1873779 -0.2188721 0.1787109 0.1912842 -0.2426758 0.1787109 0.168335 -0.2224121 0.1623535 0.1705322 -0.2335205 0.1595459 0.1702881 -0.2457275 0.1621094 0.1477051 -0.2253418 0.1534424 0.1500244 -0.2479248 0.1538086 0.1242065 -0.2388916 0.1495361 0.1243896 -0.2504883 0.1518555 0.09979248 -0.230957 0.1534424 0.09906006 -0.2404785 0.151123 0.09973145 -0.2519531 0.1534424 0.0703125 -0.2318115 0.1604004 0.0703125 -0.2526855 0.1604004 0.06890869 -0.2412109 0.1584473 0.04867554 -0.2310791 0.1751709 0.04852295 -0.2536621 0.1751709 0.04611206 -0.241333 0.1733398 0.03182983 -0.2199707 0.2122803 0.02902222 -0.2556152 0.2121582 0.02624512 -0.2424316 0.2116699 0.02732849 -0.2196045 0.2364502 0.02534485 -0.2563477 0.2434082 0.02226257 -0.2425537 0.2438965 0.02519226 -0.2281494 0.2484131 0.02804565 -0.2563477 0.2539062 0.02478027 -0.2426758 0.255127 0.02708435 -0.229248 0.2548828 0.01287842 -0.2348633 0.2580566 0.01350403 -0.2600098 0.2592773 -0.01288605 -0.2348633 0.2580566 -0.01351166 -0.2602539 0.2595215 -0.02804565 -0.2563477 0.2539062 -0.02478027 -0.2426758 0.255127 -0.02708435 -0.229248 0.2548828 -0.02519226 -0.2281494 0.2484131 -0.02224731 -0.2425537 0.2438965 -0.02536011 -0.2563477 0.2434082 -0.02772522 -0.2199707 0.2365723 -0.02900696 -0.2556152 0.2121582 -0.02775574 -0.2178955 0.2287598 -0.02624512 -0.2424316 0.2116699 -0.03857422 -0.2241211 0.1964111 -0.04611206 -0.241333 0.1733398 -0.04852295 -0.2536621 0.1751709 -0.04873657 -0.2310791 0.175293 -0.06890869 -0.2412109 0.1584473 -0.0703125 -0.2526855 0.1604004 -0.0703125 -0.2318115 0.1604004 -0.09906006 -0.2404785 0.151123 -0.09973145 -0.2519531 0.1534424 -0.09979248 -0.230957 0.1534424 -0.1243896 -0.2504883 0.1518555 -0.1242065 -0.2388916 0.1495361 -0.1477051 -0.2253418 0.1534424 -0.1500244 -0.2479248 0.1538086 -0.1705322 -0.2335205 0.1595459 -0.1702881 -0.2457275 0.1621094 -0.168335 -0.2224121 0.1623535 -0.1912842 -0.2427979 0.1787109 -0.1916504 -0.2298584 0.177002 -0.1873779 -0.2188721 0.1787109 -0.2294922 -0.2381592 0.2293701 -0.2037354 -0.2160645 0.2016602 -0.2099609 -0.2265625 0.201416 -0.2094727 -0.2148437 0.2181396 -0.2198486 -0.2127686 0.2329102 -0.2294922 -0.2381592 0.2293701 -0.2365723 -0.2080078 0.2380371 -0.2471924 -0.2315674 0.2374268 -0.2486572 -0.2060547 0.237793 0.2481689 -0.2047119 0.2749023 0.2486572 -0.2060547 0.237793 0.2365723 -0.2080078 0.2380371 0.2349854 -0.2049561 0.2807617 0.2198486 -0.2127686 0.2329102 0.2214355 -0.2122803 0.2844238 0.2017822 -0.2177734 0.2609863 0.1896973 -0.2197266 0.2727051 0.2025146 -0.2171631 0.2371826 0.1779785 -0.2203369 0.2937012 0.2094727 -0.2148437 0.2181396 0.1488037 -0.2241211 0.2834473 0.1928711 -0.2182617 0.2050781 0.116333 -0.2260742 0.2983398 0.2037354 -0.2160645 0.2016602 0.1185913 -0.2263184 0.2844238 0.1873779 -0.2188721 0.1787109 0.0904541 -0.2277832 0.2961426 0.1774902 -0.220459 0.184082 0.07116699 -0.2286377 0.2797852 0.168335 -0.2224121 0.1623535 0.06542969 -0.2285156 0.2902832 0.1599121 -0.2233887 0.1704102 0.04983521 -0.2285156 0.2700195 0.1477051 -0.2253418 0.1534424 0.04718018 -0.2285156 0.2822266 0.1427002 -0.2250977 0.1650391 0.03460693 -0.2285156 0.2705078 0.1021118 -0.2312012 0.1644287 0.09979248 -0.230957 0.1534424 0.0769043 -0.2319336 0.1706543 0.0703125 -0.2318115 0.1604004 0.05932617 -0.2312012 0.1811523 0.04867554 -0.2310791 0.1751709 0.0401001 -0.2133789 0.2133789 0.03182983 -0.2199707 0.2122803 0.02732849 -0.2196045 0.2364502 0.03515625 -0.213501 0.2441406 0.03952026 -0.2285156 0.2595215 0.02519226 -0.2281494 0.2484131 0.02708435 -0.229248 0.2548828 0.01928711 -0.2346191 0.2731934 0.01287842 -0.2348633 0.2580566 0 -0.236084 0.2749023 -0.01288605 -0.2348633 0.2580566 -0.01928711 -0.2346191 0.2731934 -0.02708435 -0.229248 0.2548828 -0.03460693 -0.2285156 0.2705078 -0.03952026 -0.2285156 0.2595215 -0.02519226 -0.2281494 0.2484131 -0.02772522 -0.2199707 0.2365723 -0.04983521 -0.2285156 0.2700195 -0.03518677 -0.213501 0.2441406 -0.04718018 -0.2285156 0.2822266 -0.02775574 -0.2178955 0.2287598 -0.06542969 -0.2285156 0.2902832 -0.04013062 -0.2133789 0.2133789 -0.07116699 -0.2286377 0.2797852 -0.03857422 -0.2241211 0.1964111 -0.0904541 -0.2276611 0.2958984 -0.04873657 -0.2310791 0.175293 -0.1185913 -0.2263184 0.2844238 -0.05929565 -0.2312012 0.1811523 -0.116272 -0.2261963 0.2980957 -0.0703125 -0.2318115 0.1604004 -0.1488037 -0.2241211 0.2834473 -0.0769043 -0.2319336 0.1705322 -0.1781006 -0.2202148 0.2941895 -0.09979248 -0.230957 0.1534424 -0.1896973 -0.2197266 0.2727051 -0.1021729 -0.2312012 0.1644287 -0.2214355 -0.2121582 0.2841797 -0.1477051 -0.2253418 0.1534424 -0.2017822 -0.2177734 0.2609863 -0.1427002 -0.2250977 0.1650391 -0.1599121 -0.2233887 0.1704102 -0.168335 -0.2224121 0.1623535 -0.1774902 -0.220459 0.184082 -0.1873779 -0.2188721 0.1787109 -0.1928711 -0.2182617 0.2050781 -0.2037354 -0.2160645 0.2016602 -0.2094727 -0.2148437 0.2181396 -0.2025146 -0.2171631 0.2371826 -0.2198486 -0.2127686 0.2329102 -0.2349854 -0.2049561 0.2807617 -0.2365723 -0.2080078 0.2380371 -0.2481689 -0.2047119 0.2749023 -0.2486572 -0.2060547 0.237793 -0.159668 -0.3764648 0.3395996 -0.1815186 -0.3613281 0.3317871 -0.1605225 -0.3759766 0.3479004 -0.1832275 -0.3605957 0.3398437 -0.1986084 -0.3320312 0.3220215 -0.2004395 -0.3305664 0.329834 -0.2064209 -0.3127441 0.3244629 -0.2043457 -0.3146973 0.3168945 -0.2045898 -0.3000488 0.3137207 -0.206665 -0.2978516 0.3212891 -0.1999512 -0.2866211 0.3117676 -0.2019043 -0.2839355 0.3190918 -0.1882324 -0.2756348 0.3112793 -0.1899414 -0.2729492 0.3188477 -0.1707764 -0.2697754 0.3129883 -0.1716309 -0.2666016 0.3205566 -0.1320801 -0.2646484 0.3166504 -0.1325684 -0.2614746 0.3244629 -0.07873535 -0.2670898 0.3200684 -0.07818604 -0.2636719 0.3276367 -0.05480957 -0.2739258 0.3220215 -0.05361938 -0.270752 0.3295898 -0.0435791 -0.286377 0.3254395 -0.04205322 -0.2832031 0.3330078 -0.03643799 -0.3015137 0.3376465 -0.03805542 -0.3037109 0.3300781 -0.03665161 -0.3151855 0.3410645 -0.03811646 -0.3168945 0.3330078 -0.04638672 -0.3427734 0.3395996 -0.04537964 -0.3417969 0.3476562 -0.0586853 -0.3598633 0.3515625 -0.0597229 -0.3613281 0.3435059 -0.07537842 -0.3720703 0.3532715 -0.07592773 -0.373291 0.3452148 -0.09063721 -0.3781738 0.345459 -0.09161377 -0.3776855 0.3535156 -0.2392578 -0.2347412 0.244873 -0.2341309 -0.2366943 0.2409668 -0.2353516 -0.2404785 0.2409668 -0.2406006 -0.2384033 0.2484131 -0.2341309 -0.2366943 0.2524414 -0.2321777 -0.2416992 0.2512207 -0.2290039 -0.2386475 0.2484131 -0.2302246 -0.2424316 0.244873 -0.2341309 -0.2366943 0.2409668 -0.2353516 -0.2404785 0.2409668 -0.2575684 -0.1915283 0.2521973 -0.2565918 -0.1958008 0.2553711 -0.2463379 -0.1903076 0.2541504 -0.2451172 -0.1955566 0.2541504 -0.2568359 -0.1942139 0.2502441 -0.2456055 -0.1929932 0.2504883 0.2353516 -0.2404785 0.2409668 0.2302246 -0.2424316 0.244873 0.2341309 -0.2366943 0.2409668 0.2290039 -0.2386475 0.2484131 0.2321777 -0.2416992 0.2512207 0.2341309 -0.2366943 0.2524414 0.2406006 -0.2384033 0.2484131 0.2392578 -0.2347412 0.244873 0.2353516 -0.2404785 0.2409668 0.2341309 -0.2366943 0.2409668 0.2475586 -0.1883545 0.2451172 0.2489014 -0.1832275 0.2407227 0.2580566 -0.1894531 0.2451172 0.2592773 -0.1844482 0.2407227 0.2489014 -0.1832275 0.2451172 0.2592773 -0.1844482 0.2451172 0.2502441 -0.1782227 0.2407227 0.2607422 -0.1793213 0.2407227 0.2502441 -0.1782227 0.2451172 0.2607422 -0.1793213 0.2451172 0.2514648 -0.1732178 0.2407227 0.2619629 -0.1743164 0.2407227 0.2514648 -0.1732178 0.25 0.2619629 -0.1743164 0.25 0.2561035 -0.1970215 0.25 0.2457275 -0.1958008 0.25 0.2451172 -0.1955566 0.2541504 0.2456055 -0.1929932 0.2504883 0.2568359 -0.1942139 0.2502441 0.2565918 -0.1958008 0.2553711 0.2463379 -0.1903076 0.2541504 0.2575684 -0.1915283 0.2521973 -0.1860352 -0.3652344 0.3395996 -0.1616211 -0.3815918 0.3479004 -0.1605225 -0.3759766 0.3479004 -0.1832275 -0.3605957 0.3398437 -0.2044678 -0.333252 0.3288574 -0.2004395 -0.3305664 0.329834 -0.2113037 -0.3137207 0.3232422 -0.2064209 -0.3127441 0.3244629 -0.206665 -0.2978516 0.3212891 -0.2115479 -0.2973633 0.3193359 -0.2019043 -0.2839355 0.3190918 -0.2055664 -0.2817383 0.3168945 -0.1899414 -0.2729492 0.3188477 -0.1920166 -0.2685547 0.3164062 -0.1730957 -0.2614746 0.3181152 -0.1716309 -0.2666016 0.3205566 -0.1324463 -0.2563477 0.3222656 -0.1325684 -0.2614746 0.3244629 -0.104187 -0.2563477 0.3237305 -0.07818604 -0.2636719 0.3276367 -0.07647705 -0.2590332 0.3254395 -0.05361938 -0.270752 0.3295898 -0.05032349 -0.2670898 0.3271484 -0.03759766 -0.2807617 0.3310547 -0.04205322 -0.2832031 0.3330078 -0.03123474 -0.3007812 0.3364258 -0.03643799 -0.3015137 0.3376465 -0.03665161 -0.3151855 0.3410645 -0.03143311 -0.3168945 0.340332 -0.04537964 -0.3417969 0.3476562 -0.04064941 -0.3447266 0.3474121 -0.0586853 -0.3598633 0.3515625 -0.05496216 -0.3637695 0.3513184 -0.07244873 -0.376709 0.3537598 -0.07537842 -0.3720703 0.3532715 -0.0904541 -0.3830566 0.354248 -0.09161377 -0.3776855 0.3535156 -0.1616211 -0.3815918 0.3479004 -0.1843262 -0.3659668 0.3312988 -0.1606445 -0.3820801 0.3395996 -0.1860352 -0.3652344 0.3395996 -0.2026367 -0.3344727 0.3210449 -0.2044678 -0.333252 0.3288574 -0.2091064 -0.3156738 0.3154297 -0.2113037 -0.3137207 0.3232422 -0.2093506 -0.2998047 0.3117676 -0.2115479 -0.2973633 0.3193359 -0.2036133 -0.2844238 0.3093262 -0.2055664 -0.2817383 0.3168945 -0.1904297 -0.2709961 0.3088379 -0.1920166 -0.2685547 0.3164062 -0.1730957 -0.2614746 0.3181152 -0.1518555 -0.2602539 0.3120117 -0.1324463 -0.2563477 0.3222656 -0.104187 -0.2595215 0.315918 -0.104187 -0.2563477 0.3237305 -0.07702637 -0.2624512 0.3178711 -0.07647705 -0.2590332 0.3254395 -0.05163574 -0.2702637 0.3195801 -0.05032349 -0.2670898 0.3271484 -0.03912354 -0.2836914 0.3234863 -0.03759766 -0.2807617 0.3310547 -0.03123474 -0.3007812 0.3364258 -0.03283691 -0.3032227 0.3288574 -0.03143311 -0.3168945 0.340332 -0.03295898 -0.3186035 0.3322754 -0.04168701 -0.3459473 0.3388672 -0.04064941 -0.3447266 0.3474121 -0.05496216 -0.3637695 0.3513184 -0.05603027 -0.3649902 0.3432617 -0.07244873 -0.376709 0.3537598 -0.07305908 -0.3779297 0.345459 -0.0894165 -0.3837891 0.3461914 -0.0904541 -0.3830566 0.354248 -0.09417725 -0.2460937 0.2932129 -0.09484863 -0.2407227 0.3046875 -0.08551025 -0.243042 0.2954102 -0.08605957 -0.2418213 0.3078613 -0.09466553 -0.2519531 0.3095703 -0.08569336 -0.2541504 0.3088379 -0.09448242 -0.2546387 0.3081055 -0.08514404 -0.2553711 0.2963867 -0.09399414 -0.2556152 0.2958984 -0.09417725 -0.2460937 0.2932129 -0.08551025 -0.243042 0.2954102 -0.2357178 -0.197876 0.2427979 -0.2382812 -0.1986084 0.2407227 -0.239624 -0.192749 0.2427979 -0.2371826 -0.1921387 0.2427979 -0.234375 -0.1972656 0.2714844 -0.2358398 -0.1916504 0.2712402 -0.239624 -0.192749 0.2427979 -0.2619629 -0.1741943 0.2563477 -0.2587891 -0.1855469 0.2724609 -0.2514648 -0.1729736 0.2563477 -0.2484131 -0.1844482 0.2724609 -0.2561035 -0.1968994 0.2563477 -0.2457275 -0.1956787 0.2563477 -0.2514648 -0.1729736 0.2563477 -0.2619629 -0.1741943 0.2563477 0.3054199 0.1144409 0.185791 0.3051758 0.1087646 0.173584 0.302002 0.09857178 0.1723633 0.2990723 0.08758545 0.1774902 0.3041992 0.111084 0.196167 0.2937012 0.05337524 0.2269287 0.2961426 0.06677246 0.2403564 0.2893066 0.03323364 0.2457275 0.2866211 0.02415466 0.2744141 0.2868652 0.01853943 0.25 0.2819824 -0.001547813 0.2753906 0.2785645 -0.02912903 0.2495117 0.2751465 -0.03546143 0.2749023 0.2758789 -0.04135132 0.2410889 0.2687988 -0.07666016 0.2387695 0.2429199 -0.1712646 0.2756348 0.244873 -0.1726074 0.237793 0.2348633 -0.206665 0.2751465 0.2366943 -0.2077637 0.2382812 0.2587891 -0.1855469 0.2724609 0.2619629 -0.1741943 0.2563477 0.2514648 -0.1729736 0.2563477 0.2484131 -0.1844482 0.2724609 0.2561035 -0.1968994 0.2563477 0.2457275 -0.1956787 0.2563477 0.2514648 -0.1729736 0.2563477 0.2619629 -0.1741943 0.2563477 0.2481689 -0.2047119 0.2749023 0.2471924 -0.2315674 0.2374268 0.2486572 -0.2060547 0.237793 0.246582 -0.2330322 0.2749023 0.2294922 -0.2384033 0.2293701 0.2340088 -0.2388916 0.28125 0.2067871 -0.2442627 0.2521973 0.2037354 -0.2431641 0.2220459 0.2015381 -0.2452393 0.265625 0.1964111 -0.2434082 0.2050781 0.1887207 -0.2471924 0.2741699 0.1912842 -0.2426758 0.1787109 0.1774902 -0.2487793 0.2961426 0.1815186 -0.2441406 0.1842041 0.1739502 -0.2491455 0.2802734 0.1702881 -0.2457275 0.1621094 0.1189575 -0.2543945 0.2990723 0.1622314 -0.2460937 0.1704102 0.119873 -0.2541504 0.2844238 0.1451416 -0.2468262 0.1647949 0.07086182 -0.2563477 0.2792969 0.1500244 -0.2479248 0.1538086 0.06842041 -0.2565918 0.2922363 0.1243896 -0.2504883 0.1518555 0.05230713 -0.2563477 0.2729492 0.09973145 -0.2519531 0.1534424 0.04708862 -0.2565918 0.2834473 0.1017456 -0.2504883 0.1644287 0.04101562 -0.2563477 0.2617187 0.07672119 -0.2509766 0.1705322 0.03543091 -0.2565918 0.2712402 0.0703125 -0.2526855 0.1604004 0.05929565 -0.2524414 0.1811523 0.04852295 -0.2536621 0.1751709 0.04611206 -0.2541504 0.1975098 0.02902222 -0.2556152 0.2121582 0.03494263 -0.2561035 0.2298584 0.02534485 -0.2563477 0.2434082 0.02804565 -0.2563477 0.2539062 0.01947021 -0.2600098 0.2739258 0.01350403 -0.2600098 0.2592773 -0.01351166 -0.2602539 0.2595215 -0.01947021 -0.2600098 0.2739258 -0.02804565 -0.2563477 0.2539062 -0.03543091 -0.2565918 0.2712402 -0.04101562 -0.2563477 0.2617187 -0.02536011 -0.2563477 0.2434082 -0.04708862 -0.2565918 0.2834473 -0.03494263 -0.2561035 0.2298584 -0.05230713 -0.2563477 0.2729492 -0.02900696 -0.2556152 0.2121582 -0.06854248 -0.2563477 0.2915039 -0.04611206 -0.2541504 0.1975098 -0.07086182 -0.2563477 0.2792969 -0.04852295 -0.2536621 0.1751709 -0.09326172 -0.2556152 0.2973633 -0.05929565 -0.2524414 0.1811523 -0.119812 -0.2541504 0.2844238 -0.0703125 -0.2526855 0.1604004 -0.1567383 -0.2512207 0.2988281 -0.07678223 -0.2509766 0.1705322 -0.1739502 -0.2491455 0.2802734 -0.09973145 -0.2519531 0.1534424 -0.1887207 -0.2471924 0.2741699 -0.1017456 -0.2504883 0.1644287 -0.2219238 -0.2414551 0.2851562 -0.1451416 -0.2468262 0.1647949 -0.2015381 -0.2452393 0.265625 -0.1243896 -0.2504883 0.1518555 -0.1500244 -0.2479248 0.1538086 -0.1702881 -0.2457275 0.1621094 -0.1622314 -0.2460937 0.1704102 -0.1815186 -0.2441406 0.1842041 -0.1912842 -0.2427979 0.1787109 -0.1964111 -0.2434082 0.2050781 -0.2294922 -0.2381592 0.2293701 -0.2037354 -0.2431641 0.2220459 -0.2250977 -0.2420654 0.2597656 -0.206665 -0.2437744 0.2521973 -0.246582 -0.2331543 0.2749023 -0.2471924 -0.2315674 0.2374268 -0.2481689 -0.2047119 0.2749023 -0.2486572 -0.2060547 0.237793 0.2287598 -0.2073975 0.2427979 0.2275391 -0.206665 0.2712402 0.2260742 -0.2043457 0.2731934 0.2276611 -0.2050781 0.2407227 0.2288818 -0.1999512 0.2407227 0.227417 -0.1993408 0.2734375 0.2357178 -0.197876 0.2427979 0.2382812 -0.1986084 0.2407227 0.234375 -0.1972656 0.2714844 0.2475586 -0.1883545 0.2451172 0.2580566 -0.1894531 0.2451172 0.2580566 -0.1895752 0.2407227 0.2475586 -0.1883545 0.2407227 0.2457275 -0.1958008 0.25 0.2561035 -0.1970215 0.25 -0.2287598 -0.2073975 0.2427979 -0.2260742 -0.2043457 0.2731934 -0.2275391 -0.206665 0.2712402 -0.2276611 -0.2050781 0.2407227 -0.2288818 -0.1999512 0.2407227 -0.227417 -0.1993408 0.2734375 -0.234375 -0.1972656 0.2714844 -0.2357178 -0.197876 0.2427979 -0.2382812 -0.1986084 0.2407227 -0.12323 -0.2580566 0.3127441 -0.1418457 -0.2585449 0.3112793 -0.1418457 -0.253418 0.3098145 -0.1231689 -0.2531738 0.3112793 -0.133667 -0.2492676 0.3259277 -0.1418457 -0.2585449 0.3112793 -0.133667 -0.2543945 0.3273926 -0.12323 -0.2580566 0.3127441 -0.133667 -0.2543945 0.3273926 -0.159668 -0.3764648 0.3395996 -0.1605225 -0.3759766 0.3479004 -0.1616211 -0.3815918 0.3479004 -0.1606445 -0.3820801 0.3395996 -0.1843262 -0.3659668 0.3312988 -0.1815186 -0.3613281 0.3317871 -0.2026367 -0.3344727 0.3210449 -0.1986084 -0.3320312 0.3220215 -0.2091064 -0.3156738 0.3154297 -0.2043457 -0.3146973 0.3168945 -0.2045898 -0.3000488 0.3137207 -0.2093506 -0.2998047 0.3117676 -0.1999512 -0.2866211 0.3117676 -0.2036133 -0.2844238 0.3093262 -0.1882324 -0.2756348 0.3112793 -0.1904297 -0.2709961 0.3088379 -0.1707764 -0.2697754 0.3129883 -0.1518555 -0.2602539 0.3120117 -0.1320801 -0.2646484 0.3166504 -0.104187 -0.2595215 0.315918 -0.07873535 -0.2670898 0.3200684 -0.07702637 -0.2624512 0.3178711 -0.05480957 -0.2739258 0.3220215 -0.05163574 -0.2702637 0.3195801 -0.03912354 -0.2836914 0.3234863 -0.0435791 -0.286377 0.3254395 -0.03283691 -0.3032227 0.3288574 -0.03805542 -0.3037109 0.3300781 -0.03811646 -0.3168945 0.3330078 -0.03295898 -0.3186035 0.3322754 -0.04638672 -0.3427734 0.3395996 -0.04168701 -0.3459473 0.3388672 -0.0597229 -0.3613281 0.3435059 -0.05603027 -0.3649902 0.3432617 -0.07305908 -0.3779297 0.345459 -0.07592773 -0.373291 0.3452148 -0.0894165 -0.3837891 0.3461914 -0.09063721 -0.3781738 0.345459 -0.09161377 -0.3776855 0.3535156 -0.0904541 -0.3830566 0.354248 -0.1205444 -0.3862305 0.34375 -0.1204224 -0.3811035 0.3427734 -0.1297607 -0.3803711 0.3537598 -0.1300049 -0.3857422 0.3540039 -0.1385498 -0.3859863 0.3422852 -0.1297607 -0.3803711 0.3537598 -0.1383057 -0.3803711 0.342041 -0.1204224 -0.3811035 0.3427734 -0.1383057 -0.3803711 0.342041 0.1418457 -0.253418 0.3098145 0.1418457 -0.2585449 0.3112793 0.12323 -0.2580566 0.3127441 0.1231689 -0.2531738 0.3112793 0.133667 -0.2492676 0.3259277 0.1418457 -0.2585449 0.3112793 0.133667 -0.2543945 0.3273926 0.12323 -0.2580566 0.3127441 0.133667 -0.2543945 0.3273926 0.1605225 -0.3759766 0.3479004 0.159668 -0.3764648 0.3395996 0.1616211 -0.3815918 0.3479004 0.1607666 -0.3820801 0.3395996 0.1843262 -0.3659668 0.3312988 0.1815186 -0.3613281 0.3317871 0.2026367 -0.3344727 0.3210449 0.1986084 -0.3320312 0.3220215 0.2091064 -0.3156738 0.3154297 0.2043457 -0.3146973 0.3168945 0.2045898 -0.3000488 0.3137207 0.2093506 -0.2998047 0.3117676 0.1999512 -0.2866211 0.3117676 0.2036133 -0.2844238 0.3093262 0.1882324 -0.2756348 0.3112793 0.1904297 -0.2709961 0.3088379 0.1707764 -0.2697754 0.3129883 0.1518555 -0.260498 0.3120117 0.1320801 -0.2646484 0.3168945 0.131958 -0.2585449 0.3139648 0.1048584 -0.2648926 0.3181152 0.07696533 -0.262207 0.3178711 0.07873535 -0.2670898 0.3200684 0.05480957 -0.2739258 0.3220215 0.05163574 -0.2702637 0.3195801 0.03912354 -0.2836914 0.3234863 0.0435791 -0.286377 0.3254395 0.03283691 -0.3032227 0.3288574 0.03805542 -0.3037109 0.3300781 0.03811646 -0.3168945 0.3330078 0.03295898 -0.3186035 0.3322754 0.04638672 -0.3427734 0.3395996 0.04168701 -0.3459473 0.3388672 0.0597229 -0.3613281 0.3435059 0.05603027 -0.3649902 0.3432617 0.07305908 -0.3779297 0.345459 0.07592773 -0.373291 0.3452148 0.0894165 -0.3837891 0.3461914 0.09063721 -0.3781738 0.345459 0.09161377 -0.3776855 0.3535156 0.0904541 -0.3830566 0.354248 0.1297607 -0.3803711 0.3537598 0.1204224 -0.3811035 0.3427734 0.1205444 -0.3862305 0.34375 0.1300049 -0.3857422 0.3540039 0.1385498 -0.3859863 0.3422852 0.1297607 -0.3803711 0.3537598 0.1383057 -0.3803711 0.342041 0.1204224 -0.3811035 0.3427734 0.1383057 -0.3803711 0.342041 -0.05078125 -0.244873 0.2973633 0.05078125 -0.244873 0.2973633 -0.0489502 -0.2536621 0.2973633 0.0489502 -0.2536621 0.2973633 0 -0.2563477 0.2988281 -0.05889893 -0.2548828 0.2988281 0.05889893 -0.2548828 0.2988281 0 -0.2548828 0.3078613 -0.09564209 -0.2526855 0.3076172 -0.09564209 -0.2539062 0.2980957 -0.06677246 -0.2531738 0.2971191 -0.09552002 -0.2425537 0.2980957 -0.06665039 -0.2442627 0.2971191 -0.1314697 -0.2412109 0.2983398 -0.1315918 -0.2490234 0.2983398 -0.1317139 -0.2507324 0.3037109 -0.09564209 -0.2440186 0.3076172 -0.1315918 -0.239502 0.3037109 0 -0.244751 0.3063965 0.09564209 -0.2440186 0.3076172 0.09564209 -0.2526855 0.3076172 0.1315918 -0.239502 0.3037109 0.1317139 -0.2507324 0.3037109 0.09564209 -0.2539062 0.2980957 0.06677246 -0.2531738 0.2971191 0.1315918 -0.2490234 0.2983398 0.09552002 -0.2425537 0.2980957 0.06665039 -0.2442627 0.2971191 0.1314697 -0.2412109 0.2983398 -0.2408447 -0.2030029 0.2407227 -0.2382812 -0.1986084 0.2407227 -0.2353516 -0.2106934 0.2407227 -0.2288818 -0.1999512 0.2407227 -0.2276611 -0.2050781 0.2407227 -0.2287598 -0.2073975 0.2427979 -0.2393799 -0.2023926 0.2731934 -0.2337646 -0.2099609 0.2731934 -0.234375 -0.1972656 0.2714844 -0.227417 -0.1993408 0.2734375 -0.2260742 -0.2043457 0.2731934 -0.2275391 -0.206665 0.2712402 0.2408447 -0.2030029 0.2407227 0.2353516 -0.2106934 0.2407227 0.2382812 -0.1986084 0.2407227 0.2288818 -0.1999512 0.2407227 0.2276611 -0.2050781 0.2407227 0.2287598 -0.2073975 0.2427979 0.2393799 -0.2023926 0.2731934 0.234375 -0.1972656 0.2714844 0.2337646 -0.2099609 0.2731934 0.227417 -0.1993408 0.2734375 0.2260742 -0.2043457 0.2731934 0.2275391 -0.206665 0.2712402 -0.1357422 -0.25 0.3137207 -0.1361084 -0.2509766 0.3193359 -0.1358643 -0.2435303 0.3154297 -0.1337891 -0.244751 0.309082 -0.1286621 -0.2514648 0.3078613 -0.1295166 -0.2498779 0.3139648 -0.1286621 -0.2454834 0.3063965 -0.09387207 -0.2504883 0.309082 -0.09326172 -0.2489014 0.3151855 -0.08679199 -0.2504883 0.3088379 -0.09387207 -0.2445068 0.3076172 -0.09307861 -0.244751 0.3066406 0.1357422 -0.25 0.3137207 0.1358643 -0.2435303 0.3154297 0.1361084 -0.2509766 0.3193359 0.1337891 -0.244751 0.309082 0.1286621 -0.2514648 0.3078613 0.1295166 -0.2498779 0.3139648 0.1286621 -0.2454834 0.3063965 0.09387207 -0.2504883 0.309082 0.09326172 -0.2489014 0.3151855 0.08679199 -0.2504883 0.3088379 0.09387207 -0.2445068 0.3076172 0.09307861 -0.244751 0.3066406 0.2561035 -0.1970215 0.25 0.2580566 -0.1895752 0.2407227 0.2580566 -0.1894531 0.2451172 0.2592773 -0.1844482 0.2451172 0.2592773 -0.1844482 0.2407227 0.2619629 -0.1743164 0.25 0.2607422 -0.1793213 0.2451172 0.2607422 -0.1793213 0.2407227 0.2619629 -0.1743164 0.2407227 -0.1292725 -0.2437744 0.3122559 -0.1298828 -0.2509766 0.3195801 -0.1295166 -0.2498779 0.3139648 -0.1358643 -0.2435303 0.3154297 -0.1361084 -0.2509766 0.3193359 -0.1337891 -0.244751 0.309082 -0.1292725 -0.2437744 0.3122559 -0.1286621 -0.2454834 0.3063965 -0.09387207 -0.2445068 0.3076172 -0.1295166 -0.2498779 0.3139648 -0.09326172 -0.2489014 0.3151855 -0.09326172 -0.2429199 0.3134766 -0.0892334 -0.2436523 0.3110352 -0.09307861 -0.244751 0.3066406 -0.08679199 -0.2504883 0.3088379 -0.08679199 -0.2446289 0.3071289 0.1292725 -0.2437744 0.3122559 0.1295166 -0.2498779 0.3139648 0.1298828 -0.2509766 0.3195801 0.1358643 -0.2435303 0.3154297 0.1361084 -0.2509766 0.3193359 0.1337891 -0.244751 0.309082 0.1286621 -0.2454834 0.3063965 0.1292725 -0.2437744 0.3122559 0.09387207 -0.2445068 0.3076172 0.09326172 -0.2489014 0.3151855 0.1295166 -0.2498779 0.3139648 0.09326172 -0.2429199 0.3134766 0.0892334 -0.2436523 0.3110352 0.09307861 -0.244751 0.3066406 0.08679199 -0.2504883 0.3088379 0.08679199 -0.2446289 0.3071289 0.04266357 -0.2502441 0.1751709 0.05548096 -0.2493896 0.1629639 0.05505371 -0.2536621 0.1622314 0.04150391 -0.255127 0.1738281 0.05636597 -0.2587891 0.1672363 0.02676392 -0.2539062 0.2025146 0.04754639 -0.2556152 0.1790771 0.05975342 -0.2529297 0.168335 0.05844116 -0.2486572 0.1682129 0.02531433 -0.2590332 0.2016602 0.02198792 -0.2558594 0.2185059 0.03579712 -0.2595215 0.1893311 0.05548096 -0.2493896 0.1629639 0.04266357 -0.2502441 0.1751709 0.02540588 -0.2629395 0.2185059 0.03771973 -0.2514648 0.1912842 0.02676392 -0.2539062 0.2025146 0.01947021 -0.2626953 0.2349854 0.02839661 -0.2597656 0.2193604 0.02012634 -0.2590332 0.2502441 0.02670288 -0.2543945 0.2196045 0.02198792 -0.2558594 0.2185059 0.02458191 -0.2570801 0.2490234 0.02012634 -0.2590332 0.2502441 0.02731323 -0.2614746 0.2486572 0.02540588 -0.2629395 0.2185059 0.02848816 -0.2583008 0.2629395 0.02388 -0.2590332 0.2651367 0.02456665 -0.2651367 0.2496338 0.03024292 -0.2631836 0.2631836 0.04528809 -0.2541504 0.2866211 0.03781128 -0.2541504 0.2880859 0.05078125 -0.244873 0.2973633 0.06665039 -0.2442627 0.2971191 0.06677246 -0.2531738 0.2971191 0.04638672 -0.2585449 0.2880859 0.05889893 -0.2548828 0.2988281 0.03353882 -0.2641602 0.2797852 0.03720093 -0.2580566 0.2907715 0.0489502 -0.2536621 0.2973633 0.02244568 -0.2636719 0.2661133 0.02388 -0.2590332 0.2651367 0.03781128 -0.2541504 0.2880859 0.05078125 -0.244873 0.2973633 -0.05505371 -0.2536621 0.1622314 -0.05548096 -0.2493896 0.1629639 -0.04266357 -0.2502441 0.1751709 -0.04150391 -0.2548828 0.1738281 -0.02676392 -0.2539062 0.2025146 -0.05636597 -0.2587891 0.1672363 -0.02531433 -0.2590332 0.2016602 -0.02198792 -0.2558594 0.2185059 -0.04495239 -0.2575684 0.1766357 -0.04769897 -0.2553711 0.1791992 -0.05975342 -0.2529297 0.168335 -0.05844116 -0.2486572 0.1682129 -0.05548096 -0.2493896 0.1629639 -0.04266357 -0.2502441 0.1751709 -0.03771973 -0.2514648 0.1912842 -0.02676392 -0.2539062 0.2025146 -0.03881836 -0.2570801 0.1916504 -0.02670288 -0.2543945 0.2196045 -0.02198792 -0.2558594 0.2185059 -0.02966309 -0.2612305 0.2030029 -0.02853394 -0.2597656 0.2194824 -0.02458191 -0.2570801 0.2490234 -0.02012634 -0.2590332 0.2502441 -0.02542114 -0.2629395 0.2186279 -0.02731323 -0.2614746 0.2486572 -0.02848816 -0.2583008 0.2629395 -0.02388 -0.2590332 0.2651367 -0.02456665 -0.2651367 0.2496338 -0.04528809 -0.2541504 0.2866211 -0.03781128 -0.2541504 0.2880859 -0.05078125 -0.244873 0.2973633 -0.06665039 -0.2442627 0.2971191 -0.06677246 -0.2531738 0.2971191 -0.03024292 -0.2631836 0.2631836 -0.04638672 -0.2585449 0.2880859 -0.05889893 -0.2548828 0.2988281 -0.03353882 -0.2641602 0.2797852 -0.03720093 -0.2580566 0.2907715 -0.0489502 -0.2536621 0.2973633 -0.02244568 -0.2636719 0.2661133 -0.03781128 -0.2541504 0.2880859 -0.05078125 -0.244873 0.2973633 -0.02388 -0.2590332 0.2651367 -0.02012634 -0.2590332 0.2502441 -0.01947021 -0.2626953 0.2349854 0.2015381 -0.2452393 0.265625 0.1977539 -0.2331543 0.2617187 0.2067871 -0.2442627 0.2521973 0.201416 -0.2318115 0.2498779 0.2017822 -0.2177734 0.2609863 0.2037354 -0.2431641 0.2220459 0.2025146 -0.2171631 0.2371826 0.1987305 -0.2305908 0.222168 0.1964111 -0.2434082 0.2050781 0.1928711 -0.2182617 0.2050781 0.1772461 -0.2319336 0.1853027 0.1815186 -0.2441406 0.1842041 0.1774902 -0.220459 0.184082 0.1622314 -0.2460937 0.1704102 0.1599121 -0.2233887 0.1704102 0.1427002 -0.2250977 0.1650391 0.1451416 -0.2468262 0.1647949 0.1017456 -0.2504883 0.1644287 0.1021118 -0.2312012 0.1644287 0.0769043 -0.2319336 0.1706543 0.07672119 -0.2509766 0.1705322 0.05929565 -0.2524414 0.1811523 0.05932617 -0.2312012 0.1811523 0.04888916 -0.2419434 0.1981201 0.04611206 -0.2541504 0.1975098 0.0401001 -0.2133789 0.2133789 0.03494263 -0.2561035 0.2298584 0.03866577 -0.2424316 0.2304687 0.03515625 -0.213501 0.2441406 0.04101562 -0.2563477 0.2617187 0.03952026 -0.2285156 0.2595215 0.04354858 -0.2424316 0.2597656 0.04983521 -0.2285156 0.2700195 0.05368042 -0.2424316 0.2692871 0.05230713 -0.2563477 0.2729492 0.07116699 -0.2286377 0.2797852 0.07189941 -0.2424316 0.2758789 0.07086182 -0.2563477 0.2792969 0.09539795 -0.2416992 0.2814941 0.1185913 -0.2263184 0.2844238 0.119873 -0.2541504 0.2844238 0.1585693 -0.2365723 0.2805176 0.1488037 -0.2241211 0.2834473 0.1739502 -0.2491455 0.2802734 0.1896973 -0.2197266 0.2727051 0.1887207 -0.2471924 0.2741699 0.1977539 -0.2331543 0.2617187 0.2017822 -0.2177734 0.2609863 0.2015381 -0.2452393 0.265625 -0.1977539 -0.2331543 0.2617187 -0.2015381 -0.2452393 0.265625 -0.206665 -0.2437744 0.2521973 -0.201416 -0.2318115 0.2498779 -0.2017822 -0.2177734 0.2609863 -0.2037354 -0.2431641 0.2220459 -0.2025146 -0.2171631 0.2371826 -0.1987305 -0.2305908 0.222168 -0.1964111 -0.2434082 0.2050781 -0.1928711 -0.2182617 0.2050781 -0.1772461 -0.2319336 0.1853027 -0.1815186 -0.2441406 0.1842041 -0.1774902 -0.220459 0.184082 -0.1622314 -0.2460937 0.1704102 -0.1599121 -0.2233887 0.1704102 -0.1427002 -0.2250977 0.1650391 -0.1451416 -0.2468262 0.1647949 -0.1017456 -0.2504883 0.1644287 -0.1021729 -0.2312012 0.1644287 -0.07678223 -0.2509766 0.1705322 -0.0769043 -0.2319336 0.1705322 -0.05929565 -0.2524414 0.1811523 -0.05929565 -0.2312012 0.1811523 -0.04888916 -0.2419434 0.1981201 -0.04611206 -0.2541504 0.1975098 -0.04013062 -0.2133789 0.2133789 -0.03494263 -0.2561035 0.2298584 -0.03866577 -0.2424316 0.2304687 -0.03518677 -0.213501 0.2441406 -0.04101562 -0.2563477 0.2617187 -0.03952026 -0.2285156 0.2595215 -0.04354858 -0.2424316 0.2597656 -0.04983521 -0.2285156 0.2700195 -0.05368042 -0.2424316 0.2692871 -0.05230713 -0.2563477 0.2729492 -0.07116699 -0.2286377 0.2797852 -0.07189941 -0.2424316 0.2758789 -0.07086182 -0.2563477 0.2792969 -0.09539795 -0.2416992 0.2814941 -0.1185913 -0.2263184 0.2844238 -0.119812 -0.2541504 0.2844238 -0.1585693 -0.2365723 0.2805176 -0.1488037 -0.2241211 0.2834473 -0.1739502 -0.2491455 0.2802734 -0.1896973 -0.2197266 0.2727051 -0.1887207 -0.2471924 0.2741699 -0.1977539 -0.2331543 0.2617187 -0.2017822 -0.2177734 0.2609863 -0.2015381 -0.2452393 0.265625 0.1315918 -0.239502 0.3037109 0.1314697 -0.2412109 0.2983398 0.09552002 -0.2425537 0.2980957 0.09564209 -0.2440186 0.3076172 0 -0.244751 0.3063965 0.06665039 -0.2442627 0.2971191 0.05078125 -0.244873 0.2973633 -0.05078125 -0.244873 0.2973633 -0.09552002 -0.2425537 0.2980957 -0.06665039 -0.2442627 0.2971191 -0.09564209 -0.2440186 0.3076172 -0.1315918 -0.239502 0.3037109 -0.1314697 -0.2412109 0.2983398 -0.1363525 -0.2556152 0.3220215 -0.1362305 -0.2631836 0.3249512 -0.130249 -0.2553711 0.3227539 -0.130127 -0.2629395 0.3256836 -0.1296387 -0.265625 0.315918 -0.130249 -0.2553711 0.3227539 -0.1297607 -0.2580566 0.3129883 -0.1358643 -0.265625 0.3154297 -0.1363525 -0.2556152 0.3220215 -0.1359863 -0.2583008 0.3125 -0.1297607 -0.2580566 0.3129883 -0.1359863 -0.2583008 0.3125 -0.2580566 -0.1894531 0.2407227 -0.2561035 -0.1968994 0.2470703 -0.2580566 -0.1894531 0.2451172 -0.2561035 -0.1968994 0.25 -0.2619629 -0.1743164 0.25 -0.2592773 -0.1844482 0.2407227 -0.2592773 -0.1844482 0.2451172 -0.2607422 -0.1793213 0.2451172 -0.2607422 -0.1793213 0.2407227 -0.2619629 -0.1743164 0.2407227 0.1363525 -0.2556152 0.3220215 0.130249 -0.2553711 0.3227539 0.1362305 -0.2631836 0.3249512 0.130127 -0.2629395 0.3256836 0.1296387 -0.265625 0.315918 0.130249 -0.2553711 0.3227539 0.1297607 -0.2580566 0.3129883 0.1358643 -0.265625 0.3154297 0.1297607 -0.2580566 0.3129883 0.1359863 -0.2583008 0.3125 0.1363525 -0.2556152 0.3220215 0.1359863 -0.2583008 0.3125 -0.1047363 -0.230957 0.2832031 -0.112793 -0.2303467 0.2834473 -0.112793 -0.2299805 0.2802734 -0.1047363 -0.2304687 0.2797852 -0.1047363 -0.230957 0.2832031 -0.1047363 -0.2276611 0.2834473 -0.1047363 -0.2241211 0.2814941 -0.1047363 -0.2275391 0.2963867 -0.112793 -0.2303467 0.2834473 -0.112793 -0.2266846 0.2841797 -0.1047363 -0.2454834 0.300293 -0.1047363 -0.2432861 0.3041992 -0.112793 -0.2233887 0.2822266 -0.112793 -0.2266846 0.296875 -0.1047363 -0.2241211 0.2990723 -0.112793 -0.2425537 0.3032227 -0.112793 -0.2235107 0.2998047 0.112793 -0.2299805 0.2802734 0.112793 -0.2303467 0.2834473 0.1047363 -0.230957 0.2832031 0.1047363 -0.2304687 0.2797852 0.1047363 -0.230957 0.2832031 0.1047363 -0.2276611 0.2834473 0.112793 -0.2266846 0.2841797 0.112793 -0.2303467 0.2834473 0.1047363 -0.2241211 0.2814941 0.1047363 -0.2275391 0.2963867 0.112793 -0.2233887 0.2822266 0.112793 -0.2266846 0.296875 0.1047363 -0.2241211 0.2990723 0.1047363 -0.2454834 0.300293 0.1047363 -0.2432861 0.3041992 0.112793 -0.2425537 0.3032227 0.112793 -0.2235107 0.2998047 0.06225586 -0.2322998 0.1711426 0.06878662 -0.2322998 0.1669922 0.06182861 -0.2282715 0.1705322 0.06842041 -0.2282715 0.1662598 0.06878662 -0.2322998 0.1669922 0.065979 -0.2321777 0.1625977 0.06445312 -0.2282715 0.1606445 0.06225586 -0.2322998 0.1711426 0.059021 -0.2321777 0.1671143 0.0625 -0.2410889 0.1582031 0.06488037 -0.2414551 0.1621094 0.0574646 -0.2282715 0.1650391 0.05548096 -0.2493896 0.1629639 0.05844116 -0.2486572 0.1682129 0.06311035 -0.2561035 0.15979 0.05505371 -0.2536621 0.1622314 0.06524658 -0.2529297 0.1641846 0.05636597 -0.2587891 0.1672363 0.06610107 -0.2556152 0.157959 0.06567383 -0.2587891 0.1617432 0.06451416 -0.2565918 0.1694336 0.06451416 -0.2519531 0.1694336 0.05975342 -0.2529297 0.168335 -0.06225586 -0.2322998 0.1711426 -0.06182861 -0.2282715 0.1705322 -0.06878662 -0.2322998 0.1669922 -0.06842041 -0.2282715 0.1662598 -0.06878662 -0.2322998 0.1669922 -0.065979 -0.2321777 0.1625977 -0.06445312 -0.2282715 0.1606445 -0.06225586 -0.2322998 0.1711426 -0.059021 -0.2321777 0.1671143 -0.0625 -0.2410889 0.1582031 -0.06488037 -0.2414551 0.1621094 -0.0574646 -0.2282715 0.1650391 -0.05548096 -0.2493896 0.1629639 -0.05844116 -0.2486572 0.1682129 -0.06311035 -0.2561035 0.15979 -0.05505371 -0.2536621 0.1622314 -0.06524658 -0.2529297 0.1641846 -0.05636597 -0.2587891 0.1672363 -0.06610107 -0.2556152 0.157959 -0.06567383 -0.2587891 0.1617432 -0.06451416 -0.2565918 0.1694336 -0.06451416 -0.2519531 0.1694336 -0.05975342 -0.2529297 0.168335 -0.2366943 -0.2077637 0.2382812 -0.2485352 -0.2067871 0.2376709 -0.244873 -0.1726074 0.237793 -0.2792969 -0.07818604 0.2393799 -0.2687988 -0.07666016 0.2387695 -0.2758789 -0.04135132 0.2410889 -0.2583008 -0.1723633 0.255127 -0.2480469 -0.2056885 0.2756348 -0.286377 -0.04302979 0.2420654 -0.2348633 -0.206665 0.2751465 -0.2429199 -0.1712646 0.2756348 -0.2797852 -0.07818604 0.2556152 -0.2763672 -0.07818604 0.2756348 -0.2751465 -0.03546143 0.2749023 -0.2878418 -0.03842163 0.2600098 -0.2888184 -0.03068542 0.2502441 -0.2785645 -0.02912903 0.2495117 -0.2868652 0.01853943 0.25 -0.2922363 -0.002904892 0.2763672 -0.2819824 -0.001547813 0.2753906 -0.296875 0.01597595 0.2502441 -0.2893066 0.03323364 0.2457275 -0.2958984 0.01776123 0.2753906 -0.2866211 0.02415466 0.2744141 -0.3010254 0.04095459 0.2390137 -0.2937012 0.05337524 0.2269287 -0.3046875 0.05773926 0.2463379 -0.2961426 0.06677246 0.2403564 -0.3095703 0.08422852 0.1772461 -0.2990723 0.08758545 0.1774902 -0.314209 0.1077271 0.1959229 -0.3041992 0.111084 0.196167 -0.3134766 0.09454346 0.1875 -0.314209 0.1117554 0.1853027 -0.3054199 0.1144409 0.185791 -0.3051758 0.1087646 0.173584 -0.3115234 0.09490967 0.1715088 -0.302002 0.09857178 0.1723633 -0.3137207 0.105896 0.1733398 0.2485352 -0.2067871 0.2376709 0.2366943 -0.2077637 0.2382812 0.244873 -0.1726074 0.237793 0.2792969 -0.07818604 0.2393799 0.2687988 -0.07666016 0.2387695 0.2758789 -0.04135132 0.2410889 0.2583008 -0.1723633 0.255127 0.2480469 -0.2056885 0.2756348 0.286377 -0.04302979 0.2420654 0.2429199 -0.1712646 0.2756348 0.2348633 -0.206665 0.2751465 0.2797852 -0.07818604 0.2556152 0.2763672 -0.07818604 0.2756348 0.2751465 -0.03546143 0.2749023 0.2878418 -0.03842163 0.2600098 0.2922363 -0.002904892 0.2763672 0.2819824 -0.001547813 0.2753906 0.2888184 -0.03068542 0.2502441 0.2785645 -0.02912903 0.2495117 0.2868652 0.01853943 0.25 0.2958984 0.01776123 0.2753906 0.2866211 0.02415466 0.2744141 0.296875 0.01597595 0.2502441 0.2893066 0.03323364 0.2457275 0.3046875 0.05773926 0.2463379 0.2961426 0.06677246 0.2403564 0.3010254 0.04095459 0.2390137 0.2937012 0.05337524 0.2269287 0.314209 0.1077271 0.1959229 0.3041992 0.111084 0.196167 0.3095703 0.08422852 0.1772461 0.2990723 0.08758545 0.1774902 0.3134766 0.09454346 0.1875 0.3115234 0.09490967 0.1715088 0.302002 0.09857178 0.1723633 0.3137207 0.105896 0.1733398 0.3051758 0.1087646 0.173584 0.314209 0.1117554 0.1853027 0.3054199 0.1144409 0.185791 -0.133667 -0.2498779 0.326416 -0.1420898 -0.2541504 0.3098145 -0.1228027 -0.2536621 0.3112793 -0.1387939 -0.3852539 0.3422852 -0.1300049 -0.3852539 0.354248 -0.1203613 -0.3857422 0.34375 -0.2561035 -0.1968994 0.2563477 -0.2587891 -0.1855469 0.2724609 -0.2619629 -0.1741943 0.2563477 0.133667 -0.2498779 0.326416 0.1228027 -0.2536621 0.3112793 0.1420898 -0.2541504 0.3098145 0.1387939 -0.3852539 0.3422852 0.1203613 -0.3857422 0.34375 0.1300049 -0.3852539 0.354248 0.2561035 -0.1968994 0.2563477 0.2619629 -0.1741943 0.2563477 0.2587891 -0.1855469 0.2724609 -0.2580566 -0.1896973 0.2408447 -0.2619629 -0.1741943 0.2412109 -0.2474365 -0.1881104 0.2412109 -0.2473145 -0.1877441 0.2541504 -0.2597656 -0.1838379 0.2521973 -0.2485352 -0.1824951 0.2541504 -0.2451172 -0.1955566 0.2541504 -0.2575684 -0.1916504 0.2521973 -0.2463379 -0.1903076 0.2541504 0.2070312 -0.2978516 0.3212891 0.2010498 -0.3308105 0.3303223 0.2115479 -0.3137207 0.3232422 0.2070312 -0.2978516 0.3212891 0.2055664 -0.2817383 0.3168945 0.1901855 -0.2724609 0.3188477 0.2473145 -0.1877441 0.2541504 0.2485352 -0.1824951 0.2541504 0.2597656 -0.1838379 0.2521973 0.2451172 -0.1955566 0.2541504 0.2463379 -0.1903076 0.2541504 0.2575684 -0.1916504 0.2521973 -0.09179687 -0.3776855 0.3535156 -0.07244873 -0.3769531 0.3537598 -0.05831909 -0.3603516 0.3520508 -0.1420898 -0.2541504 0.3098145 -0.133667 -0.2498779 0.326416 -0.1228027 -0.2536621 0.3112793 -0.1604004 -0.3818359 0.3395996 -0.1602783 -0.3759766 0.3476562 -0.1616211 -0.3815918 0.3479004 -0.1300049 -0.3852539 0.354248 -0.1387939 -0.3852539 0.3422852 -0.1203613 -0.3857422 0.34375 0.1420898 -0.2541504 0.3098145 0.1228027 -0.2536621 0.3112793 0.133667 -0.2498779 0.326416 0.09082031 -0.3789062 0.345459 0.07299805 -0.3779297 0.345459 0.05947876 -0.3615723 0.3432617 0.1300049 -0.3852539 0.354248 0.1203613 -0.3857422 0.34375 0.1387939 -0.3852539 0.3422852 -0.1315918 -0.2490234 0.2980957 -0.1317139 -0.2514648 0.3041992 -0.1317139 -0.2392578 0.3032227 -0.1359863 -0.2435303 0.3154297 -0.1361084 -0.2509766 0.3193359 -0.1295166 -0.25 0.3139648 0.1359863 -0.2435303 0.3154297 0.1295166 -0.25 0.3139648 0.1361084 -0.2509766 0.3193359 -0.04888916 -0.2543945 0.2976074 -0.06677246 -0.253418 0.296875 -0.04650879 -0.2580566 0.2875977 -0.03771973 -0.2539062 0.2880859 -0.05081177 -0.244873 0.2973633 -0.04888916 -0.2543945 0.2976074 -0.2374268 -0.1921387 0.2434082 -0.2293701 -0.2000732 0.2410889 -0.2354736 -0.2105713 0.2408447 -0.2359619 -0.1915283 0.2712402 -0.2337646 -0.2099609 0.2731934 -0.2263184 -0.2042236 0.2734375 0.2374268 -0.1921387 0.2434082 0.2354736 -0.2105713 0.2408447 0.2293701 -0.2000732 0.2410889 0.2359619 -0.1915283 0.2712402 0.2263184 -0.2042236 0.2734375 0.2337646 -0.2099609 0.2731934 0.06842041 -0.2282715 0.1661377 0.05786133 -0.2280273 0.1647949 0.06182861 -0.2282715 0.1705322 -0.05786133 -0.2280273 0.1647949 -0.06842041 -0.2282715 0.1661377 -0.06182861 -0.2282715 0.1705322 -0.2355957 -0.2403564 0.2607422 -0.2301025 -0.2424316 0.2683105 -0.234375 -0.2366943 0.2722168 0.2355957 -0.2403564 0.2607422 0.234375 -0.2366943 0.2722168 0.2301025 -0.2424316 0.2683105 0.2352295 -0.2403564 0.2409668 0.2404785 -0.2382812 0.2484131 0.2320557 -0.2415771 0.2512207 -0.09484863 -0.2408447 0.3044434 -0.09417725 -0.2460937 0.2932129 -0.09399414 -0.2556152 0.2958984 -0.09466553 -0.2519531 0.3095703 0.08520508 -0.2553711 0.2966309 0.08575439 -0.2541504 0.3088379 0.08557129 -0.243042 0.2954102 0.08605957 -0.2419434 0.3078613 0.2293701 -0.2000732 0.2410889 0.2359619 -0.1915283 0.2712402 0.2374268 -0.1921387 0.2434082 0.2263184 -0.2042236 0.2734375 0.2457275 -0.1958008 0.25 0.2475586 -0.1883545 0.2407227 0.2580566 -0.1896973 0.2410889 0.2561035 -0.1968994 0.25 0.2487793 -0.1829834 0.2451172 0.2619629 -0.1743164 0.2408447 0.2580566 -0.1896973 0.2410889 0.2475586 -0.1883545 0.2407227 -0.08557129 -0.243042 0.2954102 -0.08575439 -0.2541504 0.3088379 -0.08520508 -0.2553711 0.2966309 -0.08605957 -0.2419434 0.3078613 -0.2359619 -0.1915283 0.2712402 -0.2263184 -0.2042236 0.2734375 -0.2293701 -0.2000732 0.2410889 -0.2374268 -0.1921387 0.2434082 -0.223999 -0.2104492 0.2427979 -0.2293701 -0.2000732 0.2410889 -0.2263184 -0.2042236 0.2734375 -0.2225342 -0.2098389 0.2712402 0.09399414 -0.2556152 0.2958984 0.09417725 -0.2460937 0.2932129 0.09484863 -0.2408447 0.3044434 0.09466553 -0.2519531 0.3095703 0.2293701 -0.2000732 0.2410889 0.223999 -0.2104492 0.2427979 0.2263184 -0.2042236 0.2734375 0.2225342 -0.2098389 0.2712402 0.03808594 -0.3168945 0.3330078 0.0324707 -0.3186035 0.3322754 0.04318237 -0.2861328 0.3249512 0.04611206 -0.3430176 0.3391113 0.2619629 -0.1743164 0.2408447 0.2561035 -0.1968994 0.25 0.2580566 -0.1896973 0.2410889 0.2619629 -0.1743164 0.25 0.05078125 -0.244873 0.2973633 0.0489502 -0.2543945 0.2973633 -0.04888916 -0.2543945 0.2976074 -0.05081177 -0.244873 0.2973633 -0.2619629 -0.1743164 0.25 -0.2580566 -0.1896973 0.2408447 -0.2561035 -0.1970215 0.25 -0.2619629 -0.1741943 0.2412109 -0.2362061 -0.2075195 0.2376709 -0.2347412 -0.2062988 0.2756348 -0.2485352 -0.2058105 0.2758789 -0.2496338 -0.2067871 0.2369385 0.2485352 -0.2058105 0.2758789 0.2347412 -0.2062988 0.2756348 0.2362061 -0.2075195 0.2376709 0.2496338 -0.2067871 0.2369385 -0.2619629 -0.1741943 0.2412109 -0.2619629 -0.1743164 0.25 -0.2514648 -0.1732178 0.25 -0.2561035 -0.1970215 0.25 -0.2457275 -0.1958008 0.25 -0.2580566 -0.1896973 0.2408447 -0.2474365 -0.1881104 0.2412109 0.1594238 -0.3762207 0.3398437 0.161499 -0.3815918 0.3481445 0.1856689 -0.3647461 0.3400879 0.1813965 -0.361084 0.3320312 0.2010498 -0.3308105 0.3303223 0.1986084 -0.3320312 0.3220215 0.2070312 -0.2978516 0.3212891 0.2047119 -0.3000488 0.3137207 0.1883545 -0.2753906 0.3112793 0.1901855 -0.2724609 0.3188477 0.1325684 -0.2614746 0.3244629 0.1320801 -0.2641602 0.3168945 0.05358887 -0.2705078 0.3295898 0.05462646 -0.2734375 0.3215332 0.04318237 -0.2861328 0.3249512 0.04202271 -0.2832031 0.3330078 0.03808594 -0.3168945 0.3330078 0.03619385 -0.3151855 0.3413086 0.04611206 -0.3430176 0.3391113 0.05859375 -0.3601074 0.3515625 0.05947876 -0.3615723 0.3432617 0.09173584 -0.3779297 0.3537598 0.09082031 -0.3789062 0.345459 0.161499 -0.3815918 0.3481445 0.1606445 -0.3820801 0.3395996 0.1856689 -0.3647461 0.3400879 0.1846924 -0.3662109 0.331543 0.2010498 -0.3308105 0.3303223 0.2095947 -0.315918 0.3154297 0.2115479 -0.3137207 0.3232422 0.2041016 -0.2844238 0.3093262 0.2070312 -0.2978516 0.3212891 0.2055664 -0.2817383 0.3168945 0.1905518 -0.270752 0.3088379 0.1901855 -0.2724609 0.3188477 0.1730957 -0.2612305 0.3183594 0.1320801 -0.2583008 0.3139648 0.104187 -0.2556152 0.3239746 0.07696533 -0.262207 0.3178711 0.0501709 -0.2666016 0.3269043 0.05462646 -0.2734375 0.3215332 0.04318237 -0.2861328 0.3249512 0.03747559 -0.2805176 0.3308105 0.03108215 -0.3007812 0.3364258 0.0324707 -0.3186035 0.3322754 0.03619385 -0.3151855 0.3413086 0.04034424 -0.3449707 0.347168 0.04611206 -0.3430176 0.3391113 0.05484009 -0.3640137 0.3513184 0.05947876 -0.3615723 0.3432617 0.0725708 -0.3769531 0.3537598 0.07299805 -0.3779297 0.345459 0.09082031 -0.3789062 0.345459 0.09173584 -0.3779297 0.3537598 0.2457275 -0.1958008 0.25 0.2561035 -0.1968994 0.25 0.2514648 -0.1732178 0.25 0.2619629 -0.1743164 0.25 0.2619629 -0.1743164 0.2408447 -0.03102112 -0.3166504 0.340332 -0.0413208 -0.2824707 0.333252 -0.03674316 -0.3151855 0.3408203 -0.04064941 -0.3447266 0.3474121 -0.05831909 -0.3603516 0.3520508 -0.09417725 -0.2460937 0.2932129 -0.08557129 -0.243042 0.2954102 -0.08520508 -0.2553711 0.2966309 -0.09399414 -0.2556152 0.2958984 -0.08575439 -0.2541504 0.3088379 -0.09466553 -0.2519531 0.3095703 -0.08605957 -0.2419434 0.3078613 -0.09484863 -0.2408447 0.3044434 -0.08557129 -0.243042 0.2954102 -0.09417725 -0.2460937 0.2932129 -0.2347412 -0.2062988 0.2756348 -0.2362061 -0.2075195 0.2376709 -0.276123 -0.04125977 0.2390137 -0.2749023 -0.03540039 0.2751465 -0.2785645 -0.02911377 0.25 -0.2866211 0.02401733 0.2744141 -0.2893066 0.03323364 0.2463379 -0.2961426 0.06689453 0.2406006 -0.2937012 0.05337524 0.2269287 -0.3041992 0.111084 0.196167 -0.2990723 0.08758545 0.1772461 -0.3056641 0.114563 0.185791 -0.3049316 0.1087646 0.1734619 0.09417725 -0.2460937 0.2932129 0.08557129 -0.243042 0.2954102 0.09484863 -0.2408447 0.3044434 0.08605957 -0.2419434 0.3078613 0.09466553 -0.2519531 0.3095703 0.08575439 -0.2541504 0.3088379 0.09399414 -0.2556152 0.2958984 0.08520508 -0.2553711 0.2966309 0.09417725 -0.2460937 0.2932129 0.08557129 -0.243042 0.2954102 0.3056641 0.114563 0.185791 0.3049316 0.1087646 0.1734619 0.2990723 0.08758545 0.1772461 0.3041992 0.111084 0.196167 0.2937012 0.05337524 0.2269287 0.2961426 0.06689453 0.2406006 0.2893066 0.03323364 0.2463379 0.2866211 0.02401733 0.2744141 0.2785645 -0.02911377 0.25 0.2749023 -0.03540039 0.2751465 0.276123 -0.04125977 0.2390137 0.2347412 -0.2062988 0.2756348 0.2362061 -0.2075195 0.2376709 -0.2023926 -0.3344727 0.3205566 -0.2097168 -0.2998047 0.3117676 -0.2047119 -0.3000488 0.3137207 -0.2037354 -0.2844238 0.3093262 -0.1884766 -0.2751465 0.310791 -0.1320801 -0.2646484 0.3168945 -0.1518555 -0.2600098 0.3122559 -0.104187 -0.2590332 0.3161621 -0.07879639 -0.267334 0.3205566 -0.05136108 -0.2697754 0.3195801 -0.05480957 -0.2739258 0.3220215 -0.03860474 -0.2834473 0.3237305 -0.04360962 -0.286377 0.3254395 -0.03323364 -0.3186035 0.3317871 -0.04171753 -0.3459473 0.3388672 -0.04650879 -0.3427734 0.3393555 -0.05978394 -0.3613281 0.3435059 -0.05578613 -0.3652344 0.3435059 -0.08966064 -0.3840332 0.3459473 0.2485352 -0.2059326 0.237793 0.2470703 -0.2313232 0.2373047 0.2196045 -0.2128906 0.2331543 0.2294922 -0.237915 0.2293701 0.2047119 -0.2154541 0.2006836 -0.1317139 -0.2392578 0.3032227 -0.06665039 -0.2440186 0.296875 -0.1315918 -0.2490234 0.2980957 -0.06677246 -0.253418 0.296875 -0.1317139 -0.2514648 0.3041992 -0.04888916 -0.2543945 0.2976074 -0.09564209 -0.2441406 0.3076172 -0.1317139 -0.2392578 0.3032227 0 -0.255127 0.3083496 0 -0.244751 0.3063965 0.0489502 -0.2543945 0.2973633 0.1322021 -0.2393799 0.3032227 0.09564209 -0.2524414 0.3076172 0.06707764 -0.2536621 0.2963867 0.1323242 -0.2509766 0.3024902 0.1322021 -0.2393799 0.3032227 0.06677246 -0.2441406 0.296875 -0.02241516 -0.2634277 0.2661133 -0.02008057 -0.2590332 0.2502441 -0.02841187 -0.2580566 0.2629395 -0.02612305 -0.2539062 0.2193604 -0.03015137 -0.2631836 0.2631836 -0.04098511 -0.2546387 0.173584 -0.02523804 -0.2590332 0.2016602 -0.05545044 -0.2493896 0.1629639 -0.05828857 -0.2484131 0.1680908 -0.05661011 -0.2587891 0.1673584 -0.03884888 -0.2573242 0.1916504 -0.02558899 -0.2629395 0.2186279 -0.02523804 -0.2590332 0.2016602 -0.04650879 -0.2580566 0.2875977 -0.02841187 -0.2580566 0.2629395 -0.01945496 -0.2626953 0.2349854 -0.02523804 -0.2590332 0.2016602 -0.02612305 -0.2539062 0.2193604 -0.02008057 -0.2590332 0.2502441 -0.02241516 -0.2634277 0.2661133 -0.03338623 -0.2641602 0.2800293 -0.04888916 -0.2543945 0.2976074 -0.03771973 -0.2539062 0.2880859 -0.02241516 -0.2634277 0.2661133 -0.02841187 -0.2580566 0.2629395 -0.03771973 -0.2539062 0.2880859 -0.04650879 -0.2580566 0.2875977 -0.05081177 -0.244873 0.2973633 -0.06665039 -0.2440186 0.296875 -0.06677246 -0.253418 0.296875 -0.112793 -0.2425537 0.3032227 -0.1047363 -0.2432861 0.3039551 -0.1127319 -0.2235107 0.2998047 -0.1044922 -0.227417 0.2966309 -0.1047363 -0.2241211 0.2814941 0.05841064 -0.2485352 0.1680908 0.05786133 -0.2280273 0.1647949 0.05545044 -0.2493896 0.1629639 0.06347656 -0.2558594 0.1594238 0.05636597 -0.2587891 0.1672363 0.06463623 -0.2519531 0.1694336 0.05841064 -0.2485352 0.1680908 -0.05661011 -0.2587891 0.1673584 -0.0637207 -0.2556152 0.159668 -0.05545044 -0.2493896 0.1629639 -0.05786133 -0.2280273 0.1647949 -0.05828857 -0.2484131 0.1680908 -0.1604004 -0.3818359 0.3395996 -0.1838379 -0.3657227 0.3310547 -0.1602783 -0.3759766 0.3476562 -0.1829834 -0.3603516 0.3395996 -0.2023926 -0.3344727 0.3205566 -0.2064209 -0.3127441 0.3244629 -0.2047119 -0.3000488 0.3137207 -0.2070312 -0.2976074 0.3215332 -0.1884766 -0.2751465 0.310791 -0.1900635 -0.2729492 0.3188477 -0.1326904 -0.2607422 0.3249512 -0.1320801 -0.2646484 0.3168945 -0.07879639 -0.267334 0.3205566 -0.07635498 -0.2585449 0.3261719 -0.05480957 -0.2739258 0.3220215 -0.0413208 -0.2824707 0.333252 -0.04360962 -0.286377 0.3254395 -0.03323364 -0.3186035 0.3317871 -0.03674316 -0.3151855 0.3408203 -0.04650879 -0.3427734 0.3393555 -0.05831909 -0.3603516 0.3520508 -0.05978394 -0.3613281 0.3435059 -0.09179687 -0.3776855 0.3535156 -0.08966064 -0.3840332 0.3459473 -0.2597656 -0.1838379 0.2521973 -0.2587891 -0.1879883 0.2553711 -0.2485352 -0.1824951 0.2541504 -0.2473145 -0.1877441 0.2541504 -0.2597656 -0.1838379 0.2521973 -0.2575684 -0.1916504 0.2521973 -0.2565918 -0.1958008 0.2553711 -0.2463379 -0.1903076 0.2541504 -0.2451172 -0.1955566 0.2541504 -0.2575684 -0.1916504 0.2521973 0.1325684 -0.2614746 0.3244629 0.1901855 -0.2724609 0.3188477 0.1730957 -0.2612305 0.3183594 0.104187 -0.2556152 0.3239746 0.05358887 -0.2705078 0.3295898 0.0501709 -0.2666016 0.3269043 0.03747559 -0.2805176 0.3308105 0.04202271 -0.2832031 0.3330078 0.03108215 -0.3007812 0.3364258 0.03619385 -0.3151855 0.3413086 0.2597656 -0.1838379 0.2521973 0.2587891 -0.1879883 0.2553711 0.2473145 -0.1877441 0.2541504 0.2485352 -0.1824951 0.2541504 0.2597656 -0.1838379 0.2521973 0.2575684 -0.1916504 0.2521973 0.2565918 -0.1958008 0.2553711 0.2451172 -0.1955566 0.2541504 0.2463379 -0.1903076 0.2541504 0.2575684 -0.1916504 0.2521973 -0.1861572 -0.3652344 0.3395996 -0.1616211 -0.3815918 0.3479004 -0.1602783 -0.3759766 0.3476562 -0.1829834 -0.3603516 0.3395996 -0.2116699 -0.3139648 0.3232422 -0.2064209 -0.3127441 0.3244629 -0.2070312 -0.2976074 0.3215332 -0.1616211 -0.3815918 0.3479004 -0.1838379 -0.3657227 0.3310547 -0.1604004 -0.3818359 0.3395996 -0.1861572 -0.3652344 0.3395996 -0.2023926 -0.3344727 0.3205566 -0.2116699 -0.3139648 0.3232422 -0.2097168 -0.2998047 0.3117676 -0.2070312 -0.2976074 0.3215332 -0.2037354 -0.2844238 0.3093262 -0.2055664 -0.2817383 0.3168945 -0.1884766 -0.2751465 0.310791 -0.1921387 -0.2683105 0.3161621 -0.1730957 -0.2614746 0.3181152 -0.1518555 -0.2600098 0.3122559 -0.1326904 -0.2607422 0.3249512 -0.104187 -0.2590332 0.3161621 -0.07635498 -0.2585449 0.3261719 -0.05136108 -0.2697754 0.3195801 -0.0413208 -0.2824707 0.333252 -0.03860474 -0.2834473 0.3237305 -0.03102112 -0.3166504 0.340332 -0.03323364 -0.3186035 0.3317871 -0.04171753 -0.3459473 0.3388672 -0.04064941 -0.3447266 0.3474121 -0.05831909 -0.3603516 0.3520508 -0.05578613 -0.3652344 0.3435059 -0.07244873 -0.3769531 0.3537598 -0.08966064 -0.3840332 0.3459473 -0.09179687 -0.3776855 0.3535156 -0.2619629 -0.1741943 0.2563477 -0.2587891 -0.1855469 0.2724609 -0.2514648 -0.1729736 0.2563477 -0.2484131 -0.1844482 0.2724609 -0.2561035 -0.1968994 0.2563477 -0.2457275 -0.1956787 0.2563477 -0.2514648 -0.1729736 0.2563477 -0.2619629 -0.1741943 0.2563477 0.2587891 -0.1855469 0.2724609 0.2619629 -0.1741943 0.2563477 0.2514648 -0.1729736 0.2563477 0.2484131 -0.1844482 0.2724609 0.2561035 -0.1968994 0.2563477 0.2457275 -0.1956787 0.2563477 0.2514648 -0.1729736 0.2563477 0.2619629 -0.1741943 0.2563477 0.1594238 -0.3762207 0.3398437 0.1606445 -0.3820801 0.3395996 0.161499 -0.3815918 0.3481445 0.1846924 -0.3662109 0.331543 0.1813965 -0.361084 0.3320312 0.1986084 -0.3320312 0.3220215 0.2095947 -0.315918 0.3154297 0.2047119 -0.3000488 0.3137207 0.2041016 -0.2844238 0.3093262 0.1883545 -0.2753906 0.3112793 0.1905518 -0.270752 0.3088379 0.1320801 -0.2583008 0.3139648 0.1320801 -0.2641602 0.3168945 0.07696533 -0.262207 0.3178711 0.05462646 -0.2734375 0.3215332 0.2484131 -0.2037354 0.276123 0.1778564 -0.2492676 0.2961426 0.2473145 -0.234375 0.2756348 0.1781006 -0.2199707 0.2946777 0.1189575 -0.2541504 0.2995605 0.09033203 -0.2272949 0.2971191 0.06817627 -0.2565918 0.2924805 0.046875 -0.2283936 0.2827148 0.03494263 -0.2578125 0.2731934 0.03451538 -0.2286377 0.270752 0 -0.2363281 0.2751465 -0.03536987 -0.2578125 0.2727051 -0.03448486 -0.2286377 0.270752 -0.04721069 -0.2565918 0.2832031 -0.04708862 -0.2282715 0.2824707 -0.06835937 -0.2570801 0.2929687 -0.09033203 -0.227417 0.2976074 -0.1566162 -0.2514648 0.2995605 -0.1782227 -0.2199707 0.2946777 -0.222168 -0.2418213 0.2849121 -0.2481689 -0.2037354 0.2758789 -0.2468262 -0.2335205 0.2749023 0.1922607 -0.2427979 0.1776123 0.2047119 -0.2154541 0.2006836 0.2294922 -0.237915 0.2293701 0.1693115 -0.222168 0.1610107 0.1505127 -0.2484131 0.1524658 0.147583 -0.2253418 0.1536865 0.09979248 -0.230835 0.1524658 0.09967041 -0.2521973 0.152832 0.07012939 -0.2318115 0.1599121 0.07019043 -0.2526855 0.1601562 0.04833984 -0.253418 0.1749268 0.0479126 -0.2310791 0.1746826 0.02694702 -0.2556152 0.2116699 0.03158569 -0.2199707 0.2121582 0.02627563 -0.2197266 0.2364502 0.02655029 -0.2565918 0.2539062 0.02694702 -0.2298584 0.2553711 0.01347351 -0.2607422 0.2597656 -0.01281738 -0.2352295 0.2585449 -0.02644348 -0.2568359 0.2541504 -0.02674866 -0.229248 0.255127 -0.02597046 -0.2177734 0.2286377 -0.02700806 -0.2556152 0.2115479 -0.04754639 -0.230835 0.1744385 -0.04840088 -0.253418 0.1749268 -0.07012939 -0.2316895 0.1600342 -0.07012939 -0.2526855 0.1601562 -0.09973145 -0.230957 0.1523437 -0.09973145 -0.2521973 0.152832 -0.1502686 -0.248291 0.15271 -0.1484375 -0.2250977 0.1523437 -0.1923828 -0.2427979 0.1772461 -0.1879883 -0.2183838 0.1779785 -0.2098389 -0.2265625 0.201416 -0.229248 -0.2380371 0.2296143 -0.2198486 -0.2126465 0.2330322 -0.229248 -0.2380371 0.2296143 -0.2470703 -0.2314453 0.2374268 -0.2485352 -0.2059326 0.237793 -0.09564209 -0.2441406 0.3076172 -0.06665039 -0.2440186 0.296875 -0.1317139 -0.2392578 0.3032227 0 -0.244751 0.3063965 -0.05081177 -0.244873 0.2973633 0.05078125 -0.244873 0.2973633 0.06677246 -0.2441406 0.296875 0.1322021 -0.2393799 0.3032227 -0.05545044 -0.2493896 0.1629639 -0.04098511 -0.2546387 0.173584 -0.05661011 -0.2587891 0.1673584 -0.03884888 -0.2573242 0.1916504 -0.02523804 -0.2590332 0.2016602 0.1127319 -0.2235107 0.2998047 0.1047363 -0.2241211 0.2814941 0.1044922 -0.227417 0.2966309 0.1047363 -0.2432861 0.3039551 0.112793 -0.2425537 0.3032227 0.2484131 -0.2037354 0.276123 0.2470703 -0.2313232 0.2373047 0.2485352 -0.2059326 0.237793 0.2473145 -0.234375 0.2756348 0.2294922 -0.237915 0.2293701 0.2044678 -0.2432861 0.2219238 0.1922607 -0.2427979 0.1776123 0.2020264 -0.2454834 0.2658691 0.1817627 -0.2440186 0.18396 0.1778564 -0.2492676 0.2961426 0.1505127 -0.2484131 0.1524658 0.1739502 -0.2491455 0.2797852 0.1452637 -0.2469482 0.1644287 0.1189575 -0.2541504 0.2995605 0.09967041 -0.2521973 0.152832 0.119873 -0.2541504 0.2844238 0.07647705 -0.2509766 0.1697998 0.07080078 -0.2563477 0.2792969 0.07019043 -0.2526855 0.1601562 0.06817627 -0.2565918 0.2924805 0.04833984 -0.253418 0.1749268 0.03494263 -0.2578125 0.2731934 0.04644775 -0.2541504 0.1976318 0.0413208 -0.2563477 0.2617187 0.02694702 -0.2556152 0.2116699 0.03500366 -0.2561035 0.2298584 0.02655029 -0.2565918 0.2539062 0.01347351 -0.2607422 0.2597656 -0.03536987 -0.2578125 0.2727051 -0.02644348 -0.2568359 0.2541504 -0.04119873 -0.2563477 0.2617187 -0.04721069 -0.2565918 0.2832031 -0.06835937 -0.2570801 0.2929687 -0.03485107 -0.2561035 0.2297363 -0.07086182 -0.2563477 0.2792969 -0.02700806 -0.2556152 0.2115479 -0.119873 -0.2541504 0.2844238 -0.05905151 -0.2524414 0.1810303 -0.1566162 -0.2514648 0.2995605 -0.04840088 -0.253418 0.1749268 -0.1739502 -0.2491455 0.2797852 -0.07012939 -0.2526855 0.1601562 -0.222168 -0.2418213 0.2849121 -0.07659912 -0.2512207 0.1700439 -0.2017822 -0.2451172 0.2658691 -0.09973145 -0.2521973 0.152832 -0.2045898 -0.2434082 0.2218018 -0.1452637 -0.2469482 0.1644287 -0.1502686 -0.248291 0.15271 -0.1817627 -0.2440186 0.18396 -0.1923828 -0.2427979 0.1772461 -0.229248 -0.2380371 0.2296143 -0.2468262 -0.2335205 0.2749023 -0.2470703 -0.2314453 0.2374268 -0.2481689 -0.2037354 0.2758789 -0.2485352 -0.2059326 0.237793 0.03619385 -0.3151855 0.3413086 0.04034424 -0.3449707 0.347168 0.05859375 -0.3601074 0.3515625 0.05484009 -0.3640137 0.3513184 0.0725708 -0.3769531 0.3537598 0.09173584 -0.3779297 0.3537598 -0.2055664 -0.2817383 0.3168945 -0.2070312 -0.2976074 0.3215332 -0.1900635 -0.2729492 0.3188477 -0.1921387 -0.2683105 0.3161621 -0.1730957 -0.2614746 0.3181152 -0.1326904 -0.2607422 0.3249512 -0.130249 -0.2553711 0.3227539 -0.1358643 -0.2583008 0.3125 -0.1358643 -0.265625 0.3154297 -0.1362305 -0.2631836 0.3249512 -0.130127 -0.2629395 0.3256836 -0.130249 -0.2553711 0.3227539 -0.1296387 -0.265625 0.315918 -0.1358643 -0.2583008 0.3125 -0.130249 -0.2553711 0.3227539 -0.1358643 -0.2583008 0.3125 0.1358643 -0.2583008 0.3125 0.130249 -0.2553711 0.3227539 0.1358643 -0.265625 0.3154297 0.1362305 -0.2631836 0.3249512 0.130249 -0.2553711 0.3227539 0.130127 -0.2629395 0.3256836 0.1296387 -0.265625 0.315918 0.1358643 -0.2583008 0.3125 0.130249 -0.2553711 0.3227539 0.1358643 -0.2583008 0.3125 -0.09307861 -0.2486572 0.3151855 -0.09387207 -0.2504883 0.309082 -0.08673096 -0.2504883 0.3088379 -0.1295166 -0.25 0.3139648 -0.1287842 -0.2457275 0.3061523 -0.09368896 -0.2441406 0.3076172 -0.1361084 -0.2509766 0.3193359 -0.1359863 -0.2435303 0.3154297 0.09381104 -0.2504883 0.3093262 0.09320068 -0.2486572 0.3151855 0.08673096 -0.2446289 0.307373 0.1295166 -0.25 0.3139648 0.1287842 -0.2457275 0.3061523 0.09375 -0.2442627 0.3076172 0.1361084 -0.2509766 0.3193359 0.1359863 -0.2435303 0.3154297 -0.09368896 -0.2441406 0.3076172 -0.09307861 -0.2486572 0.3151855 -0.08673096 -0.2504883 0.3088379 -0.1359863 -0.2435303 0.3154297 -0.1287842 -0.2457275 0.3061523 -0.1295166 -0.25 0.3139648 0.08673096 -0.2446289 0.307373 0.09320068 -0.2486572 0.3151855 0.09375 -0.2442627 0.3076172 0.1359863 -0.2435303 0.3154297 0.1287842 -0.2457275 0.3061523 0.1295166 -0.25 0.3139648 0.1986084 -0.2329102 0.2617187 0.2020264 -0.2176514 0.2607422 0.1932373 -0.2180176 0.2049561 0.2044678 -0.2432861 0.2219238 0.2020264 -0.2454834 0.2658691 0.1604004 -0.2231445 0.1695557 0.1817627 -0.2440186 0.18396 0.1452637 -0.2469482 0.1644287 0.1020508 -0.2310791 0.1638184 0.07647705 -0.2509766 0.1697998 0.05905151 -0.2313232 0.1806641 0.04644775 -0.2541504 0.1976318 0.0402832 -0.213501 0.213501 0.03939819 -0.2425537 0.2304687 0.03500366 -0.2561035 0.2298584 0.03518677 -0.213623 0.2441406 0.0413208 -0.2563477 0.2617187 0.0397644 -0.2285156 0.2595215 0.0536499 -0.2424316 0.2695312 0.07080078 -0.2563477 0.2792969 0.07110596 -0.2287598 0.2800293 0.09533691 -0.2416992 0.28125 0.119873 -0.2541504 0.2844238 0.1486816 -0.2242432 0.2834473 0.1739502 -0.2491455 0.2797852 0.1899414 -0.2196045 0.2729492 0.1986084 -0.2329102 0.2617187 0.2020264 -0.2176514 0.2607422 0.2020264 -0.2454834 0.2658691 -0.2020264 -0.2176514 0.2609863 -0.1986084 -0.2329102 0.2617187 -0.1932373 -0.2181396 0.2050781 -0.2045898 -0.2434082 0.2218018 -0.2017822 -0.2451172 0.2658691 -0.1604004 -0.2231445 0.1695557 -0.1817627 -0.2440186 0.18396 -0.1452637 -0.2469482 0.1644287 -0.1019897 -0.2310791 0.1638184 -0.07659912 -0.2512207 0.1700439 -0.05908203 -0.2314453 0.1807861 -0.05905151 -0.2524414 0.1810303 -0.04833984 -0.2419434 0.1981201 -0.04016113 -0.213501 0.2133789 -0.03485107 -0.2561035 0.2297363 -0.03890991 -0.2423096 0.2440186 -0.03521729 -0.213623 0.2441406 -0.04119873 -0.2563477 0.2617187 -0.03973389 -0.2285156 0.2595215 -0.0536499 -0.2424316 0.2695312 -0.07110596 -0.2287598 0.2800293 -0.07086182 -0.2563477 0.2792969 -0.09533691 -0.2416992 0.28125 -0.119873 -0.2541504 0.2844238 -0.1486816 -0.2242432 0.2834473 -0.1739502 -0.2491455 0.2797852 -0.1899414 -0.2196045 0.2729492 -0.1986084 -0.2329102 0.2617187 -0.2020264 -0.2176514 0.2609863 -0.2017822 -0.2451172 0.2658691 -0.2362061 -0.2075195 0.2376709 -0.2496338 -0.2067871 0.2369385 -0.276123 -0.04125977 0.2390137 -0.291748 -0.03053284 0.2471924 -0.2785645 -0.02911377 0.25 -0.2485352 -0.2058105 0.2758789 -0.2961426 0.01603699 0.2502441 -0.2893066 0.03323364 0.2463379 -0.2347412 -0.2062988 0.2756348 -0.2749023 -0.03540039 0.2751465 -0.3010254 0.04098511 0.2390137 -0.2937012 0.05337524 0.2269287 -0.296875 0.01782227 0.2768555 -0.2866211 0.02401733 0.2744141 -0.2961426 0.06689453 0.2406006 -0.3151855 0.1080322 0.1962891 -0.3041992 0.111084 0.196167 -0.3056641 0.114563 0.185791 -0.3100586 0.08404541 0.177002 -0.2990723 0.08758545 0.1772461 -0.3139648 0.105957 0.1729736 -0.3049316 0.1087646 0.1734619 0.2496338 -0.2067871 0.2369385 0.2362061 -0.2075195 0.2376709 0.276123 -0.04125977 0.2390137 0.291748 -0.03053284 0.2471924 0.2785645 -0.02911377 0.25 0.2485352 -0.2058105 0.2758789 0.2961426 0.01603699 0.2502441 0.2893066 0.03323364 0.2463379 0.2749023 -0.03540039 0.2751465 0.2347412 -0.2062988 0.2756348 0.3010254 0.04098511 0.2390137 0.2937012 0.05337524 0.2269287 0.296875 0.01782227 0.2768555 0.2866211 0.02401733 0.2744141 0.2961426 0.06689453 0.2406006 0.3100586 0.08404541 0.177002 0.2990723 0.08758545 0.1772461 0.3151855 0.1080322 0.1962891 0.3041992 0.111084 0.196167 0.3056641 0.114563 0.185791 0.3139648 0.105957 0.1729736 0.3049316 0.1087646 0.1734619 0.06677246 -0.2441406 0.296875 0.06707764 -0.2536621 0.2963867 0.04547119 -0.2546387 0.286377 0.05078125 -0.244873 0.2973633 0.03778076 -0.2539062 0.2880859 0.02238464 -0.2634277 0.2661133 0.02838135 -0.2580566 0.2629395 0.02006531 -0.2590332 0.2502441 0.03016663 -0.2634277 0.2631836 0.02644348 -0.2541504 0.2196045 0.02842712 -0.2600098 0.2193604 0.0375061 -0.2512207 0.1911621 0.025177 -0.2587891 0.2016602 0.04138184 -0.2548828 0.1738281 0.05841064 -0.2485352 0.1680908 0.05545044 -0.2493896 0.1629639 0.04760742 -0.2553711 0.1790771 0.03585815 -0.2595215 0.1893311 0.05636597 -0.2587891 0.1672363 0.04138184 -0.2548828 0.1738281 0.05545044 -0.2493896 0.1629639 0.025177 -0.2587891 0.2016602 0.02842712 -0.2600098 0.2193604 0.01947021 -0.2629395 0.2349854 0.02644348 -0.2541504 0.2196045 0.02006531 -0.2590332 0.2502441 0.02238464 -0.2634277 0.2661133 0.02842712 -0.2600098 0.2193604 0.03016663 -0.2634277 0.2631836 0.03738403 -0.2585449 0.2907715 0.04547119 -0.2546387 0.286377 0.03778076 -0.2539062 0.2880859 0.0489502 -0.2543945 0.2973633 0.06707764 -0.2536621 0.2963867 0.05078125 -0.244873 0.2973633 0.2484131 -0.2037354 0.276123 0.2485352 -0.2059326 0.237793 0.2196045 -0.2128906 0.2331543 0.2020264 -0.2176514 0.2607422 0.1899414 -0.2196045 0.2729492 0.1932373 -0.2180176 0.2049561 0.1781006 -0.2199707 0.2946777 0.2047119 -0.2154541 0.2006836 0.1486816 -0.2242432 0.2834473 0.1693115 -0.222168 0.1610107 0.09033203 -0.2272949 0.2971191 0.1604004 -0.2231445 0.1695557 0.07110596 -0.2287598 0.2800293 0.147583 -0.2253418 0.1536865 0.046875 -0.2283936 0.2827148 0.1020508 -0.2310791 0.1638184 0.0397644 -0.2285156 0.2595215 0.09979248 -0.230835 0.1524658 0.07012939 -0.2318115 0.1599121 0.05905151 -0.2313232 0.1806641 0.0479126 -0.2310791 0.1746826 0.0402832 -0.213501 0.213501 0.03158569 -0.2199707 0.2121582 0.02627563 -0.2197266 0.2364502 0.03518677 -0.213623 0.2441406 0.02694702 -0.2298584 0.2553711 0.03451538 -0.2286377 0.270752 0 -0.2363281 0.2751465 -0.01281738 -0.2352295 0.2585449 -0.03448486 -0.2286377 0.270752 -0.02674866 -0.229248 0.255127 -0.03973389 -0.2285156 0.2595215 -0.02597046 -0.2177734 0.2286377 -0.07110596 -0.2287598 0.2800293 -0.03521729 -0.213623 0.2441406 -0.04708862 -0.2282715 0.2824707 -0.04016113 -0.213501 0.2133789 -0.09033203 -0.227417 0.2976074 -0.04754639 -0.230835 0.1744385 -0.1486816 -0.2242432 0.2834473 -0.05908203 -0.2314453 0.1807861 -0.1782227 -0.2199707 0.2946777 -0.07012939 -0.2316895 0.1600342 -0.1899414 -0.2196045 0.2729492 -0.09973145 -0.230957 0.1523437 -0.2481689 -0.2037354 0.2758789 -0.1019897 -0.2310791 0.1638184 -0.2020264 -0.2176514 0.2609863 -0.1484375 -0.2250977 0.1523437 -0.1604004 -0.2231445 0.1695557 -0.1879883 -0.2183838 0.1779785 -0.1932373 -0.2181396 0.2050781 -0.2198486 -0.2126465 0.2330322 -0.2485352 -0.2059326 0.237793</float_array>
          <technique_common>
            <accessor source="#geom-Hed_EYE028_1__M_EYE028-positions-array" count="4483" stride="3">
              <param name="X" type="float"/>
              <param name="Y" type="float"/>
              <param name="Z" type="float"/>
            </accessor>
          </technique_common>
        </source>
        <source id="geom-Hed_EYE028_1__M_EYE028-normals">
          <float_array id="geom-Hed_EYE028_1__M_EYE028-normals-array" count="6438">0 -0.9675547 0.2526615 0 -0.9675547 0.2526615 0 -0.9675547 0.2526615 0.03720526 0.9986858 -0.03524724 0.03720526 0.9986858 -0.03524724 0.03720601 0.9986858 -0.03524724 -0.9680887 -0.2503333 0.01173316 -0.9680887 -0.2503333 0.01173316 -0.9680887 -0.2503333 0.01173316 0 -0.9675547 0.2526615 0 -0.9675547 0.2526615 0 -0.9675547 0.2526615 -0.03720526 0.9986858 -0.03524724 -0.03720601 0.9986858 -0.03524724 -0.03720526 0.9986858 -0.03524724 0.9680887 -0.2503333 0.01173316 0.9680887 -0.2503333 0.01173316 0.9680887 -0.2503333 0.01173316 0.4736201 0.8806944 0.007829097 0.4736201 0.8806944 0.007829097 0.5518352 0.8336225 0.02348127 0.5693312 0.8217149 0.02543328 0.7283514 0.6813636 0.07244339 0.7393752 0.6689582 0.07628506 0.841603 0.528449 0.1115621 0.8430425 0.5261641 0.1114937 0.8959402 0.4225405 0.1369328 0.8977973 0.4185852 0.1369177 0.9531459 0.2289919 0.1976756 0.9515947 0.2369167 0.1958014 0.9530759 -0.08806293 0.28964 0.9505682 -0.1017093 0.2933858 0.7932927 -0.4818526 0.3721623 0.7814407 -0.4994204 0.374072 0.4460362 -0.8020843 0.3971305 0.4421991 -0.804173 0.3971974 0.1877891 -0.9017774 0.3892723 0.1821171 -0.9027579 0.3896943 0.08027692 -0.9182918 0.38768 0.07833082 -0.9184347 0.3877396 0.007826084 -0.9235107 0.383493 0.007832072 -0.9242024 0.3818225 -0.06062604 -0.9191649 0.3891791 -0.06268608 -0.9187502 0.3898315 -0.1877926 -0.8939685 0.4068836 -0.1937816 -0.8925738 0.4071372 -0.4732473 -0.7783172 0.412625 -0.4870788 -0.770718 0.4107893 -0.8608823 -0.393271 0.3228303 -0.8591645 -0.3953363 0.3248777 -0.9655573 -0.1116365 0.2350241 -0.9663051 -0.1056255 0.2347292 -0.97385 0.1701266 0.1505763 -0.97385 0.1701266 0.1505763 -0.938775 0.328568 0.1036556 -0.9379341 0.3309219 0.1037806 -0.8559295 0.5151265 0.04504913 -0.8542752 0.5180388 0.04300772 -0.7205948 0.6931795 -0.01566413 -0.7118702 0.7020905 -0.01760129 -0.4851629 0.870555 -0.08216494 -0.473585 0.8767189 -0.08414985 -0.3206328 0.9403915 -0.1133949 -0.3206328 0.9403915 -0.1133949 -0.9986627 -0.03133415 -0.04112123 -0.9986627 -0.03133417 -0.04112126 -0.9986627 -0.03133417 -0.04112126 -0.9986627 -0.03133417 -0.04112126 -0.9986627 -0.03133415 -0.04112123 -0.9986627 -0.03133415 -0.04112123 -0.9986627 -0.03133415 -0.04112123 -0.9986627 -0.03133417 -0.04112126 -0.009784093 0.003913041 -0.9999445 -0.2601849 -0.686655 -0.6788289 -0.6222659 -0.5811744 -0.5244249 -0.5580534 0.1860173 -0.8086867 -0.8583844 -0.4692741 -0.2072636 -0.9034504 0.2991947 -0.3070178 -0.8981811 -0.3678853 0.2406892 -0.900526 0.2995197 0.3151838 -0.5560215 0.1840327 0.8105382 -0.6420615 -0.2779664 0.7144871 -0.009784092 0.003916021 0.9999444 -0.07042279 -0.2054003 0.976141 0.5458907 -0.1819611 0.8178592 0.2388507 -0.7106779 0.6617306 0.9010786 -0.2997099 0.313419 0.8089609 -0.5033945 0.3036055 0.8984707 -0.2994922 -0.3210214 0.6298973 -0.723794 -0.2816945 0.1898897 -0.7576036 -0.6244828 0.5438358 -0.1799763 -0.8196653 -0.2601849 -0.686655 -0.678829 -0.009784093 0.003913041 -0.9999445 -0.009784108 0.003911557 -0.9999445 -0.2583607 -0.6870028 -0.6791737 -0.6204259 -0.5812821 -0.5264816 -0.5573716 0.183834 -0.8096555 -0.8571644 -0.4696788 -0.2113552 -0.9019973 0.2993614 -0.3111005 -0.8983727 -0.3699182 0.236827 -0.9019974 0.2993614 0.3111006 -0.557372 0.1838357 0.8096548 -0.6441064 -0.2780047 0.7126293 -0.009784092 0.003913041 0.9999444 -0.06847677 -0.2054303 0.9762732 0.5447094 -0.1802625 0.8190221 0.2388507 -0.7106779 0.6617306 0.9004944 -0.2975551 0.3171293 0.8079934 -0.5027951 0.3071547 0.6314204 -0.7232996 -0.2795458 0.900494 -0.297554 -0.3171312 0.1898901 -0.7576023 -0.6244841 0.5447085 -0.1802637 -0.8190224 -0.2583607 -0.6870028 -0.6791737 -0.009784108 0.003911557 -0.9999445 -0.007827579 0.06262212 -0.9980066 0.005874037 -0.05481839 -0.9984791 0.005874037 -0.05481839 -0.9984791 -0.00782609 0.06262213 -0.9980067 -0.00782758 0.06262213 -0.9980067 0.005874037 -0.05481839 -0.9984791 0.005874037 -0.05481839 -0.9984791 -0.00782609 0.06262213 -0.9980067 -0.007826086 0.06456967 -0.9978825 0.005874037 -0.05481839 -0.9984791 -0.07047051 0.6420518 -0.7634157 -0.08225447 0.7344117 -0.6737015 -0.03913643 0.3463479 0.9372895 -0.0450611 0.405544 0.9129642 0.01370906 -0.1175105 0.992977 0.01565072 -0.1408549 0.9899066 0.08612733 -0.7810125 -0.618548 0.08414673 -0.7670987 -0.6359866 0.03132969 -0.2800152 -0.9594843 0.02348126 -0.2054603 -0.9783837 -0.00782758 0.06262213 -0.9980067 0.005874037 -0.05481839 -0.9984791 0.01564621 -0.03129243 -0.9993877 0.009781124 0.01956523 -0.9997608 -0.05093521 0.5602917 -0.8267277 -0.05486309 0.5956425 -0.8013739 -0.09790956 0.9399325 -0.3270179 -0.09779315 0.9466481 -0.3070736 -0.1057298 0.9456885 0.3073994 -0.1056492 0.9488941 0.2973855 -0.0743598 0.6027135 0.7944855 -0.07240932 0.5734004 0.8160691 -0.01564622 0.03129243 0.9993879 -0.009782613 -0.01956523 0.9997607 0.05093523 -0.5602934 0.8267266 0.05486172 -0.5956423 0.8013741 0.09790956 -0.9399325 0.3270179 0.0977949 -0.9466475 0.3070744 0.1057297 -0.9456891 -0.3073977 0.1056507 -0.948894 -0.2973855 0.07436128 -0.6027133 -0.7944854 0.07240782 -0.5734004 -0.8160692 0.01564622 -0.03129243 -0.9993879 0.009781124 0.01956523 -0.9997608 0.01564621 -0.03129243 -0.9993877 0.009781124 0.01956523 -0.9997608 -0.05093521 0.5602917 -0.8267277 -0.05486309 0.5956425 -0.8013739 -0.09790956 0.9399325 -0.3270179 -0.09779315 0.9466481 -0.3070736 -0.1057298 0.9456885 0.3073994 -0.1056492 0.9488941 0.2973855 -0.0743598 0.6027135 0.7944855 -0.07240932 0.5734004 0.8160691 -0.01564622 0.03129243 0.9993879 -0.009782613 -0.01956523 0.9997607 0.05093523 -0.5602934 0.8267266 0.05486172 -0.5956423 0.8013741 0.09790956 -0.9399325 0.3270179 0.0977949 -0.9466475 0.3070744 0.1057297 -0.9456891 -0.3073977 0.1056507 -0.948894 -0.2973855 0.07436128 -0.6027133 -0.7944854 0.07240782 -0.5734004 -0.8160692 0.01564622 -0.03129243 -0.9993879 0.009781124 0.01956523 -0.9997608 0.2699407 0.06846194 0.96044 0.2699407 0.06846194 0.96044 0.2780126 0.07831758 0.9573795 0.2797294 0.08215617 0.9565573 0.2991678 0.1055897 0.9483404 0.3054281 0.1115979 0.945653 0.3153366 0.1292675 0.9401344 0.3129144 0.1310291 0.9406998 0.3108633 0.1505433 0.9384565 0.3113415 0.1527367 0.9379436 0.3190378 0.1839873 0.9297116 0.3190378 0.1839873 0.9297116 0.3386055 0.2387855 0.9101253 0.3387629 0.2369344 0.9105502 0.3268191 0.3111655 0.8923931 0.3268191 0.3111655 0.8923931 0.254159 0.3558193 0.8993308 0.2486597 0.3563488 0.9006575 0.1839386 0.3717932 0.9099101 0.181915 0.3736082 0.9095735 0.1409573 0.3798031 0.9142651 0.1409573 0.3798031 0.9142651 0.08022916 0.3796241 0.9216555 0.08022916 0.3796241 0.9216555 0.03522711 0.395328 0.9178644 0.03520029 0.3969731 0.9171551 -0.01763103 0.4290337 0.9031165 -0.02542067 0.4321431 0.9014468 -0.1056898 0.4345028 0.8944479 -0.1115846 0.4326398 0.894635 -0.187852 0.3600504 0.9138246 -0.1897967 0.3541585 0.9157232 -0.2075019 0.2721042 0.9396288 -0.2075021 0.2721042 0.9396288 -0.2015424 0.20937 0.9568411 -0.2016246 0.2075012 0.9572309 -0.1897605 0.1838921 0.9644557 -0.1879412 0.1820713 0.965157 -0.1527627 0.1331777 0.9792483 -0.1505991 0.131041 0.9798715 -0.0998388 0.09396663 0.9905567 -0.0998388 0.09396663 0.9905567 -0.02934706 0.08608689 0.9958553 -0.02543252 0.0880389 0.9957923 0.01371207 0.09793951 0.995098 0.01371207 0.0979395 0.9950979 -0.4736201 0.8806944 0.007829097 -0.4736201 0.8806944 0.007829097 -0.5518352 0.8336225 0.02348127 -0.5693312 0.8217149 0.02543328 -0.7283514 0.6813636 0.07244339 -0.7393752 0.6689582 0.07628506 -0.841603 0.528449 0.1115621 -0.8430425 0.5261641 0.1114937 -0.8959402 0.4225405 0.1369328 -0.8977973 0.4185852 0.1369177 -0.9531459 0.2289919 0.1976756 -0.9515947 0.2369167 0.1958014 -0.9530759 -0.08806293 0.28964 -0.9505682 -0.1017093 0.2933858 -0.7932927 -0.4818526 0.3721623 -0.7814407 -0.4994204 0.374072 -0.4460362 -0.8020843 0.3971305 -0.4421991 -0.804173 0.3971974 -0.1877891 -0.9017774 0.3892723 -0.1821171 -0.9027579 0.3896943 -0.08027692 -0.9182918 0.38768 -0.07833082 -0.9184347 0.3877396 -0.007826084 -0.9235107 0.383493 -0.007832072 -0.9242024 0.3818225 0.06062604 -0.9191649 0.3891791 0.06268608 -0.9187502 0.3898315 0.1877926 -0.8939685 0.4068836 0.1937816 -0.8925738 0.4071372 0.4732473 -0.7783172 0.412625 0.4870788 -0.770718 0.4107893 0.8608823 -0.393271 0.3228303 0.8591645 -0.3953363 0.3248777 0.9655573 -0.1116365 0.2350241 0.9663051 -0.1056255 0.2347292 0.97385 0.1701266 0.1505763 0.97385 0.1701266 0.1505763 0.938775 0.328568 0.1036556 0.9379341 0.3309219 0.1037806 0.8559295 0.5151265 0.04504913 0.8542752 0.5180388 0.04300772 0.7205948 0.6931795 -0.01566413 0.7118702 0.7020905 -0.01760129 0.4851629 0.870555 -0.08216494 0.473585 0.8767189 -0.08414985 0.3206328 0.9403915 -0.1133949 0.3206328 0.9403915 -0.1133949 0.4697604 -0.8827593 -0.007829066 0.4697604 -0.8827593 -0.007829066 0.549572 -0.8351166 -0.0234693 0.5657643 -0.8241743 -0.0254482 0.7245588 -0.685394 -0.07245543 0.735655 -0.6730447 -0.07630598 0.8392848 -0.5321329 -0.1115144 0.841603 -0.528449 -0.1115621 0.8926821 -0.428719 -0.1389923 0.8938247 -0.4263733 -0.1388641 0.9479333 -0.2448143 -0.203687 0.9495367 -0.2368984 -0.2055703 0.9475964 0.09984973 -0.3034652 0.9452912 0.1095951 -0.3072679 0.7928789 0.4796416 -0.3758818 0.7825732 0.4949778 -0.3775924 0.473349 0.7863078 -0.3970655 0.4673302 0.7899642 -0.3969371 0.2113976 0.906274 -0.366031 0.2055602 0.9083785 -0.364134 0.1056015 0.9445459 -0.3109365 0.1037297 0.9453127 -0.3092312 0.007830551 0.9534348 -0.3014978 0.005869578 0.9528832 -0.3032809 -0.0744442 0.9305536 -0.3585082 -0.0763387 0.9297615 -0.3601613 -0.2014908 0.8900806 -0.4088498 -0.2074706 0.888605 -0.4090688 -0.4829635 0.7723529 -0.4125739 -0.4970493 0.7631866 -0.4129021 -0.857438 0.3973936 -0.326923 -0.857438 0.3973936 -0.326923 -0.966103 0.1075625 -0.2346814 -0.9669445 0.1037419 -0.232929 -0.9741718 -0.1682311 -0.1506239 -0.9741718 -0.1682311 -0.1506239 -0.9387249 -0.3305051 -0.0977845 -0.9387249 -0.3305051 -0.0977845 -0.8539467 -0.5190282 -0.03721415 -0.8516737 -0.5227507 -0.03719926 -0.7195913 -0.6941748 0.01759822 -0.712792 -0.7010446 0.02154108 -0.4912958 -0.8671044 0.08220997 -0.4812613 -0.8725314 0.084123 -0.3387468 -0.9339984 0.113568 -0.3387467 -0.9339983 0.113568 -0.9986627 0.03133417 0.04112126 -0.9986627 0.03133415 0.04112123 -0.9986627 0.03133417 0.04112126 -0.9986627 0.03133417 0.04112126 -0.9986627 0.03133415 0.04112123 -0.9986627 0.03133415 0.04112123 -0.9986627 0.03133415 0.04112123 -0.9986627 0.03133417 0.04112126 0.2406863 0.9705714 -0.007826083 0.2406896 0.9705844 -0.005871059 0.2406864 0.9705715 -0.007826084 -0.4382411 0.8980054 -0.03912742 0.2406867 0.9705713 -0.007827585 0.2406867 0.9705713 -0.007827585 0.2406867 0.9705713 -0.007827585 -0.4208776 0.9063547 -0.03719332 -0.8022405 0.5948296 -0.0508741 -0.806417 0.5891535 -0.05089048 -0.987247 0.1508296 -0.05092921 -0.9895484 0.1349389 -0.05084572 -0.8591887 -0.5108161 -0.02935677 -0.8700555 -0.4927057 -0.01564176 -0.8700554 -0.4927056 -0.01564176 -0.8569002 -0.5145311 -0.03130138 -0.8555651 -0.5168617 -0.02936721 -0.8555651 -0.5168617 -0.02936721 0.2347975 0.9470192 -0.2191454 0 -1.49012e-6 -1 -0.9608094 0.2387361 -0.140892 -0.7860108 0.6041734 -0.1310021 -0.9699315 0.2405256 0.03715455 0.2347975 0.9470192 -0.2191454 0.2347213 0.9525792 0.1936463 -0.8044635 0.5930696 0.03327431 0 0 1 0.2347213 0.9525792 0.1936463 0.009784093 0.003913041 -0.9999445 0.2601849 -0.686655 -0.678829 -0.5438358 -0.1799763 -0.8196653 -0.1898897 -0.7576036 -0.6244828 -0.8984707 -0.2994922 -0.3210214 -0.6298973 -0.723794 -0.2816945 -0.8089609 -0.5033945 0.3036055 -0.9010786 -0.2997099 0.313419 -0.2388507 -0.7106779 0.6617306 -0.5458907 -0.1819611 0.8178592 0.07042279 -0.2054003 0.976141 0.009784092 0.003916021 0.9999444 0.6420615 -0.2779664 0.7144871 0.5560215 0.1840327 0.8105382 0.8981811 -0.3678853 0.2406892 0.900526 0.2995197 0.3151838 0.9034504 0.2991947 -0.3070178 0.8583844 -0.4692741 -0.2072636 0.5580534 0.1860173 -0.8086867 0.6222659 -0.5811744 -0.5244249 0.009784093 0.003913041 -0.9999445 0.2601849 -0.686655 -0.6788289 0.009784108 0.003911557 -0.9999445 0.2583607 -0.6870028 -0.6791737 -0.5447085 -0.1802637 -0.8190224 -0.1898901 -0.7576023 -0.6244841 -0.900494 -0.297554 -0.3171312 -0.6314204 -0.7232996 -0.2795458 -0.9004944 -0.2975551 0.3171293 -0.8079934 -0.5027951 0.3071547 -0.2388507 -0.7106779 0.6617306 -0.5447094 -0.1802625 0.8190221 0.06847677 -0.2054303 0.9762732 0.009784092 0.003913041 0.9999444 0.6441064 -0.2780047 0.7126293 0.557372 0.1838357 0.8096548 0.8983727 -0.3699182 0.236827 0.9019974 0.2993614 0.3111006 0.9019973 0.2993614 -0.3111005 0.8571644 -0.4696788 -0.2113552 0.5573716 0.183834 -0.8096555 0.6204259 -0.5812821 -0.5264816 0.009784108 0.003911557 -0.9999445 0.2583607 -0.6870028 -0.6791737 0.00782758 0.06262213 -0.9980067 -0.005874037 -0.05481839 -0.9984791 -0.02348126 -0.2054603 -0.9783837 -0.03132969 -0.2800152 -0.9594843 -0.08414673 -0.7670987 -0.6359866 -0.08612733 -0.7810125 -0.618548 -0.01370906 -0.1175105 0.992977 -0.01565072 -0.1408549 0.9899066 0.03913643 0.3463479 0.9372895 0.0450611 0.405544 0.9129642 0.08225447 0.7344117 -0.6737015 0.07047051 0.6420518 -0.7634157 -0.005874037 -0.05481839 -0.9984791 0.007826086 0.06456967 -0.9978825 0.00782609 0.06262213 -0.9980067 -0.005874037 -0.05481839 -0.9984791 -0.005874037 -0.05481839 -0.9984791 0.00782758 0.06262213 -0.9980067 0.00782609 0.06262213 -0.9980067 -0.005874037 -0.05481839 -0.9984791 -0.005874037 -0.05481839 -0.9984791 0.007827579 0.06262212 -0.9980066 -0.01564622 -0.03129243 -0.9993879 -0.009781124 0.01956523 -0.9997608 -0.07240782 -0.5734004 -0.8160692 -0.07436128 -0.6027133 -0.7944854 -0.1057297 -0.9456891 -0.3073977 -0.1056507 -0.948894 -0.2973855 -0.0977949 -0.9466475 0.3070744 -0.09790956 -0.9399325 0.3270179 -0.05486172 -0.5956423 0.8013741 -0.05093523 -0.5602934 0.8267266 0.009782613 -0.01956523 0.9997607 0.01564622 0.03129243 0.9993879 0.07240932 0.5734004 0.8160691 0.0743598 0.6027135 0.7944855 0.1057298 0.9456885 0.3073994 0.1056492 0.9488941 0.2973855 0.09779315 0.9466481 -0.3070736 0.09790956 0.9399325 -0.3270179 0.05486309 0.5956425 -0.8013739 0.05093521 0.5602917 -0.8267277 -0.009781124 0.01956523 -0.9997608 -0.01564621 -0.03129243 -0.9993877 -0.01564622 -0.03129243 -0.9993879 -0.009781124 0.01956523 -0.9997608 -0.07240782 -0.5734004 -0.8160692 -0.07436128 -0.6027133 -0.7944854 -0.1057297 -0.9456891 -0.3073977 -0.1056507 -0.948894 -0.2973855 -0.0977949 -0.9466475 0.3070744 -0.09790956 -0.9399325 0.3270179 -0.05486172 -0.5956423 0.8013741 -0.05093523 -0.5602934 0.8267266 0.009782613 -0.01956523 0.9997607 0.01564622 0.03129243 0.9993879 0.07240932 0.5734004 0.8160691 0.0743598 0.6027135 0.7944855 0.1057298 0.9456885 0.3073994 0.1056492 0.9488941 0.2973855 0.09779315 0.9466481 -0.3070736 0.09790956 0.9399325 -0.3270179 0.05486309 0.5956425 -0.8013739 0.05093521 0.5602917 -0.8267277 -0.009781124 0.01956523 -0.9997608 -0.01564621 -0.03129243 -0.9993877 -0.2780126 0.07831758 0.9573795 -0.2699407 0.06846194 0.96044 -0.2699407 0.06846194 0.96044 -0.2797294 0.08215617 0.9565573 -0.2991678 0.1055897 0.9483404 -0.3054281 0.1115979 0.945653 -0.3153366 0.1292675 0.9401344 -0.3129144 0.1310291 0.9406998 -0.3108633 0.1505433 0.9384565 -0.3113415 0.1527367 0.9379436 -0.3190378 0.1839873 0.9297116 -0.3190378 0.1839873 0.9297116 -0.3386055 0.2387855 0.9101253 -0.3387629 0.2369344 0.9105502 -0.3268191 0.3111655 0.8923931 -0.3268191 0.3111655 0.8923931 -0.254159 0.3558193 0.8993308 -0.2486597 0.3563488 0.9006575 -0.1839386 0.3717932 0.9099101 -0.181915 0.3736082 0.9095735 -0.1409573 0.3798031 0.9142651 -0.1409573 0.3798031 0.9142651 -0.08022916 0.3796241 0.9216555 -0.08022916 0.3796241 0.9216555 -0.03522711 0.395328 0.9178644 -0.03520029 0.3969731 0.9171551 0.01763103 0.4290337 0.9031165 0.02542067 0.4321431 0.9014468 0.1056898 0.4345028 0.8944479 0.1115846 0.4326398 0.894635 0.187852 0.3600504 0.9138246 0.1897967 0.3541585 0.9157232 0.2075019 0.2721042 0.9396288 0.2075021 0.2721042 0.9396288 0.2015424 0.20937 0.9568411 0.2016246 0.2075012 0.9572309 0.1897605 0.1838921 0.9644557 0.1879412 0.1820713 0.965157 0.1527627 0.1331777 0.9792483 0.1505991 0.131041 0.9798715 0.0998388 0.09396663 0.9905567 0.0998388 0.09396663 0.9905567 0.02934706 0.08608689 0.9958553 0.02543252 0.0880389 0.9957923 -0.01371207 0.09793951 0.995098 -0.01371207 0.0979395 0.9950979 -0.4697604 -0.8827593 -0.007829066 -0.549572 -0.8351166 -0.0234693 -0.4697604 -0.8827593 -0.007829066 -0.5657643 -0.8241743 -0.0254482 -0.7245588 -0.685394 -0.07245543 -0.735655 -0.6730447 -0.07630598 -0.8392848 -0.5321329 -0.1115144 -0.841603 -0.528449 -0.1115621 -0.8926821 -0.428719 -0.1389923 -0.8938247 -0.4263733 -0.1388641 -0.9479333 -0.2448143 -0.203687 -0.9495367 -0.2368984 -0.2055703 -0.9475964 0.09984973 -0.3034652 -0.9452912 0.1095951 -0.3072679 -0.7928789 0.4796416 -0.3758818 -0.7825732 0.4949778 -0.3775924 -0.473349 0.7863078 -0.3970655 -0.4673302 0.7899642 -0.3969371 -0.2113976 0.906274 -0.366031 -0.2055602 0.9083785 -0.364134 -0.1056015 0.9445459 -0.3109365 -0.1037297 0.9453127 -0.3092312 -0.007830551 0.9534348 -0.3014978 -0.005869578 0.9528832 -0.3032809 0.0744442 0.9305536 -0.3585082 0.0763387 0.9297615 -0.3601613 0.2014908 0.8900806 -0.4088498 0.2074706 0.888605 -0.4090688 0.4829635 0.7723529 -0.4125739 0.4970493 0.7631866 -0.4129021 0.857438 0.3973936 -0.326923 0.857438 0.3973936 -0.326923 0.966103 0.1075625 -0.2346814 0.9669445 0.1037419 -0.232929 0.9741718 -0.1682311 -0.1506239 0.9741718 -0.1682311 -0.1506239 0.9387249 -0.3305051 -0.0977845 0.9387249 -0.3305051 -0.0977845 0.8539467 -0.5190282 -0.03721415 0.8516737 -0.5227507 -0.03719926 0.7195913 -0.6941748 0.01759822 0.712792 -0.7010446 0.02154108 0.4912958 -0.8671044 0.08220997 0.4812613 -0.8725314 0.084123 0.3387468 -0.9339984 0.113568 0.3387467 -0.9339983 0.113568 0.9986627 0.03133417 0.04112126 0.9986627 0.03133417 0.04112126 0.9986627 0.03133415 0.04112123 0.9986627 0.03133417 0.04112126 0.9986627 0.03133415 0.04112123 0.9986627 0.03133415 0.04112123 0.9986627 0.03133415 0.04112123 0.9986627 0.03133417 0.04112126 0.08615327 -0.08419451 -0.992718 -0.003911543 0.9036127 -0.4283326 0.08602662 -0.07820426 -0.9932188 -0.003910058 0.9091511 -0.4164481 -0.03525389 0.9949468 -0.09401136 -0.0371821 0.9960824 -0.08023377 -0.09395624 0.4247603 0.900417 -0.09402348 0.4191881 0.9030176 -0.08619428 0.07835627 0.9931923 -0.08615327 0.08419451 0.992718 0.003911543 -0.9036127 0.4283326 0.003910079 -0.9091501 0.4164503 0.03525389 -0.9949468 0.09401136 0.0371821 -0.9960824 0.08023377 0.09395624 -0.4247603 -0.9004171 0.09402349 -0.4191882 -0.9030177 0.08615327 -0.08419451 -0.992718 0.08602662 -0.07820426 -0.9932188 0.8555651 -0.5168617 -0.02936721 0.8569002 -0.5145311 -0.03130138 0.8555651 -0.5168617 -0.02936721 0.987247 0.1508296 -0.05092921 0.8591887 -0.5108161 -0.02935677 0.8700554 -0.4927056 -0.01564176 0.8700555 -0.4927057 -0.01564176 0.9895484 0.1349389 -0.05084572 0.8022405 0.5948296 -0.0508741 0.806417 0.5891535 -0.05089048 0.4382411 0.8980054 -0.03912742 0.4208776 0.9063547 -0.03719332 -0.2406867 0.9705713 -0.007827585 -0.2406867 0.9705713 -0.007827585 -0.2406867 0.9705713 -0.007827585 -0.2406864 0.9705715 -0.007826084 -0.2406863 0.9705714 -0.007826083 -0.2406896 0.9705844 -0.005871059 0 -1.49012e-6 -1 0.5112232 0.8481221 -0.1390681 0.8230594 -0.4965751 -0.2756565 0.8045116 0.5774478 -0.1389786 0.5165157 0.8549894 0.04695651 0.8437535 -0.5089912 0.1703174 0.8230594 -0.4965751 -0.2756565 0.8086265 0.58738 0.03328622 0.8437535 -0.5089912 0.1703174 0 0 1 0.9608094 0.2387361 -0.140892 0 -1.49012e-6 -1 -0.2347975 0.9470192 -0.2191454 0.7860108 0.6041734 -0.1310021 0.9699315 0.2405256 0.03715455 -0.2347975 0.9470192 -0.2191454 -0.2347213 0.9525792 0.1936463 0.8044635 0.5930696 0.03327431 0 0 1 -0.2347213 0.9525792 0.1936463 0.9681996 0.2464509 -0.04303156 0.9662046 0.2523098 -0.05280681 0.9482896 0.2971964 -0.1114503 0.9813808 0.1915841 0.01368522 0.9813085 0.1919526 0.01371058 0.9821091 0.1878143 0.01369417 0.9821091 0.1878143 0.01369417 0.9798303 0.1994866 -0.01173468 0.9798303 0.1994866 -0.01173319 0.9798059 0.199482 -0.01368822 0.9801585 0.1975966 -0.01565216 0.9816509 0.1896816 -0.01955482 0.9819307 0.1877801 -0.02347233 0.9843708 0.1702592 -0.04501194 0.9843711 0.1702577 -0.04501047 0.9809192 0.1840442 -0.0626534 0.9804419 0.1859112 -0.06458009 0.9770255 0.199713 -0.07440306 0.9743115 0.2132533 -0.07238977 0.9713026 0.2271593 -0.07049741 0.9722712 0.2210603 -0.07629545 0.9698569 0.2326876 -0.07234811 0.9738213 0.2111913 -0.08408433 0.9697179 0.2326535 -0.07429428 0.9691155 0.2368958 -0.06852452 0.9692439 0.2369268 -0.06657387 0.9748883 0.2153368 -0.05677048 0.9752977 0.2134681 -0.0567943 0.927016 -0.3735452 -0.03324747 0.927016 -0.3735452 -0.03324747 -0.09185656 0.826724 -0.5550584 -0.007823122 0.07235716 0.9973481 -0.08809859 0.7928784 -0.6029781 0.00782161 -0.07430007 0.9972053 0.08612584 -0.7810126 -0.618548 0.09190879 -0.8291296 -0.5514498 -0.08809859 0.7928784 -0.6029781 -0.09185656 0.826724 -0.5550584 0.9986627 -0.03133417 -0.04112126 0.9986627 -0.03133417 -0.04112126 0.9986627 -0.03133415 -0.04112123 0.9986627 -0.03133417 -0.04112126 0.9986627 -0.03133415 -0.04112123 0.9986627 -0.03133415 -0.04112123 0.9986627 -0.03133415 -0.04112123 0.9986627 -0.03133417 -0.04112126 0.003911543 0.9036127 -0.4283326 -0.08615327 -0.08419451 -0.992718 -0.08602662 -0.07820426 -0.9932188 0.003910058 0.9091511 -0.4164481 0.03525389 0.9949468 -0.09401136 0.0371821 0.9960824 -0.08023377 0.09395624 0.4247603 0.900417 0.09402348 0.4191881 0.9030176 0.08619428 0.07835627 0.9931923 0.08615327 0.08419451 0.992718 -0.003911543 -0.9036127 0.4283326 -0.003910079 -0.9091501 0.4164503 -0.03525389 -0.9949468 0.09401136 -0.0371821 -0.9960824 0.08023377 -0.09395624 -0.4247603 -0.9004171 -0.09402349 -0.4191882 -0.9030177 -0.08615327 -0.08419451 -0.992718 -0.08602662 -0.07820426 -0.9932188 -0.5112232 0.8481221 -0.1390681 0 -1.49012e-6 -1 -0.8230594 -0.4965751 -0.2756565 -0.8045116 0.5774478 -0.1389786 -0.5165157 0.8549894 0.04695651 -0.8230594 -0.4965751 -0.2756565 -0.8437535 -0.5089912 0.1703174 -0.8086265 0.58738 0.03328622 -0.8437535 -0.5089912 0.1703174 0 0 1 -0.9681996 0.2464509 -0.04303156 -0.9482896 0.2971964 -0.1114503 -0.9662046 0.2523098 -0.05280681 -0.9813808 0.1915841 0.01368522 -0.9813085 0.1919526 0.01371058 -0.9821091 0.1878143 0.01369417 -0.9821091 0.1878143 0.01369417 -0.9798303 0.1994866 -0.01173468 -0.9798303 0.1994866 -0.01173319 -0.9798059 0.199482 -0.01368822 -0.9801585 0.1975966 -0.01565216 -0.9816509 0.1896816 -0.01955482 -0.9819307 0.1877801 -0.02347233 -0.9843708 0.1702592 -0.04501194 -0.9843711 0.1702577 -0.04501047 -0.9809192 0.1840442 -0.0626534 -0.9804419 0.1859112 -0.06458009 -0.9770255 0.199713 -0.07440306 -0.9743115 0.2132533 -0.07238977 -0.9713026 0.2271593 -0.07049741 -0.9722712 0.2210603 -0.07629545 -0.9698569 0.2326876 -0.07234811 -0.9738213 0.2111913 -0.08408433 -0.9697179 0.2326535 -0.07429428 -0.969244 0.2369257 -0.06657548 -0.9692439 0.2369268 -0.06657387 -0.9748883 0.2153368 -0.05677048 -0.9752977 0.2134681 -0.0567943 -0.927016 -0.3735452 -0.03324747 -0.927016 -0.3735452 -0.03324747 0.007823122 0.07235716 0.9973481 0.09185656 0.826724 -0.5550584 0.08809859 0.7928784 -0.6029781 -0.00782161 -0.07430007 0.9972053 -0.08612584 -0.7810126 -0.618548 -0.09190879 -0.8291296 -0.5514498 0.08809859 0.7928784 -0.6029781 0.09185656 0.826724 -0.5550584 0.9039855 -0.1369656 -0.4050317 -0.8351787 -0.14669 -0.5300551 -0.5714505 0.5851506 -0.5753635 0.6281556 0.6066294 -0.4872591 -0.04888462 0.872097 0.4868852 -0.8351789 -0.14669 -0.5300552 -0.08610802 0.2837634 0.9550203 0.9039855 -0.1369656 -0.4050317 -0.08610802 0.2837634 0.9550203 0.6709235 -0.1427949 -0.7276478 0.9752533 -0.1860382 0.1194597 0.9752535 -0.1860382 0.1194597 0.7615418 -0.1585722 -0.6284178 0.2780126 -0.07831758 -0.9573795 0.2797294 -0.08215617 -0.9565573 0.301504 -0.1057237 -0.9475853 0.3071343 -0.1134636 -0.9448781 0.3153366 -0.1292675 -0.9401344 0.3129144 -0.1310291 -0.9406998 0.3132938 -0.1488178 -0.9379234 0.3149663 -0.150636 -0.9370726 0.3250029 -0.1820801 -0.9280195 0.3250029 -0.1820801 -0.9280195 0.3447196 -0.2350335 -0.9088056 0.3447196 -0.2350335 -0.9088056 0.3305095 -0.3089966 -0.8917873 0.3285659 -0.3109632 -0.891822 0.254159 -0.3558193 -0.8993308 0.2484853 -0.3580562 -0.9000282 0.1800771 -0.3777734 -0.9082178 0.1800771 -0.3777734 -0.9082178 0.1408222 -0.391174 -0.909479 0.1408222 -0.391174 -0.909479 0.08418851 -0.3915754 -0.9162866 0.08224388 -0.3916408 -0.9164352 0.03716125 -0.4009514 -0.9153453 0.03716125 -0.4009514 -0.9153453 -0.01761694 -0.4306236 -0.9023597 -0.02350737 -0.4329271 -0.9011225 -0.1055994 -0.4360902 -0.8936858 -0.11149 -0.4342255 -0.8938783 -0.187852 -0.3600504 -0.9138246 -0.1897967 -0.3541585 -0.9157232 -0.2075021 -0.2721042 -0.9396288 -0.2075021 -0.2721042 -0.9396288 -0.2092879 -0.2034161 -0.9564625 -0.2093703 -0.2015416 -0.9568412 -0.2192919 -0.1664251 -0.9613604 -0.2212263 -0.1644494 -0.9612573 -0.1918358 -0.113538 -0.9748375 -0.1899904 -0.1116454 -0.9754174 -0.119474 -0.08617631 -0.9890903 -0.119474 -0.08617631 -0.9890903 -0.0313021 -0.08608098 -0.9957963 -0.02738761 -0.08803314 -0.995741 -0.4542268 -0.1860022 -0.8712528 -0.3917661 -0.1762929 -0.9030173 -0.9705718 -0.2191604 -0.09979609 -0.9705718 -0.2191604 -0.09979609 0.6576445 -0.6400267 -0.3973282 0.7593412 -0.09393986 -0.6438759 -0.07047213 0.07829972 0.994436 -0.07245992 -0.6247226 0.7774775 -0.6141926 -0.6239737 -0.48314 -0.07047213 0.07829972 0.994436 -0.763306 -0.08807778 -0.6400049 0.7593412 -0.09393986 -0.6438759 -0.763306 -0.08807778 -0.6400049 -0.9721969 -0.2327801 -0.02543033 -0.9721969 -0.2327801 -0.02543033 -0.9721968 -0.2327801 -0.02543033 -0.9721969 -0.2327801 -0.02543033 -0.9721969 -0.2327801 -0.02543033 -0.9721969 -0.2327801 -0.02543033 -0.9721969 -0.2327801 -0.02543033 -0.9721969 -0.2327801 -0.02543033 -0.9721969 -0.2327801 -0.02543033 -0.9721968 -0.2327801 -0.02543033 -0.9722439 -0.2327889 -0.02347528 -0.9722439 -0.2327889 -0.02347528 -0.972244 -0.2327889 -0.02347529 -0.9722439 -0.2327889 -0.02347528 -0.972244 -0.2327889 -0.02347528 -0.9722438 -0.2327888 -0.02347528 -0.9722439 -0.2327889 -0.02347528 -0.9722439 -0.2327889 -0.02347528 -0.9722439 -0.2327889 -0.02347528 -0.972244 -0.2327889 -0.02347529 0.5714505 0.5851506 -0.5753635 0.8351787 -0.14669 -0.5300551 -0.9039855 -0.1369656 -0.4050317 -0.6281556 0.6066294 -0.4872591 0.04888462 0.872097 0.4868852 0.8351789 -0.14669 -0.5300552 0.08610802 0.2837634 0.9550203 -0.9039855 -0.1369656 -0.4050317 0.08610802 0.2837634 0.9550203 -0.9752533 -0.1860382 0.1194597 -0.6709235 -0.1427949 -0.7276478 -0.9752535 -0.1860382 0.1194597 -0.7615418 -0.1585722 -0.6284178 -0.2780126 -0.07831758 -0.9573795 -0.2797294 -0.08215617 -0.9565573 -0.301504 -0.1057237 -0.9475853 -0.3071343 -0.1134636 -0.9448781 -0.3153366 -0.1292675 -0.9401344 -0.3129144 -0.1310291 -0.9406998 -0.3132938 -0.1488178 -0.9379234 -0.3149663 -0.150636 -0.9370726 -0.3250029 -0.1820801 -0.9280195 -0.3250029 -0.1820801 -0.9280195 -0.3447196 -0.2350335 -0.9088056 -0.3447196 -0.2350335 -0.9088056 -0.3305095 -0.3089966 -0.8917873 -0.3285659 -0.3109632 -0.891822 -0.254159 -0.3558193 -0.8993308 -0.2484853 -0.3580562 -0.9000282 -0.1800771 -0.3777734 -0.9082178 -0.1800771 -0.3777734 -0.9082178 -0.1408222 -0.391174 -0.909479 -0.1408222 -0.391174 -0.909479 -0.08418851 -0.3915754 -0.9162866 -0.08224388 -0.3916408 -0.9164352 -0.03716125 -0.4009514 -0.9153453 -0.03716125 -0.4009514 -0.9153453 0.01761694 -0.4306236 -0.9023597 0.02350737 -0.4329271 -0.9011225 0.1055994 -0.4360902 -0.8936858 0.11149 -0.4342255 -0.8938783 0.187852 -0.3600504 -0.9138246 0.1897967 -0.3541585 -0.9157232 0.2075021 -0.2721042 -0.9396288 0.2075021 -0.2721042 -0.9396288 0.2092879 -0.2034161 -0.9564625 0.2093703 -0.2015416 -0.9568412 0.2192919 -0.1664251 -0.9613604 0.2212263 -0.1644494 -0.9612573 0.1918358 -0.113538 -0.9748375 0.1899904 -0.1116454 -0.9754174 0.119474 -0.08617631 -0.9890903 0.119474 -0.08617631 -0.9890903 0.0313021 -0.08608098 -0.9957963 0.02738761 -0.08803314 -0.995741 0.4542268 -0.1860022 -0.8712528 0.3917661 -0.1762929 -0.9030173 0.9705718 -0.2191604 -0.09979609 0.9705718 -0.2191604 -0.09979609 0.07047213 0.07829972 0.994436 -0.7593412 -0.09393986 -0.6438759 -0.6576445 -0.6400267 -0.3973282 0.07245992 -0.6247226 0.7774775 0.6141926 -0.6239737 -0.48314 0.07047213 0.07829972 0.994436 0.763306 -0.08807778 -0.6400049 -0.7593412 -0.09393986 -0.6438759 0.763306 -0.08807778 -0.6400049 0.9681551 -0.2503514 0 0.968155 -0.2503514 0 0.968155 -0.2503514 0 0.9681551 -0.2503514 0 0.968155 -0.2503514 0 0.9681551 -0.2503514 0 0.9681551 -0.2503514 0 0.9681551 -0.2503514 0 0.9681551 -0.2503514 0 0.9681551 -0.2503514 0 0.9721969 -0.2327801 -0.02543033 0.9721968 -0.2327801 -0.02543033 0.9721969 -0.2327801 -0.02543033 0.9721969 -0.2327801 -0.02543033 0.9721969 -0.2327801 -0.02543033 0.9721969 -0.2327801 -0.02543033 0.9721969 -0.2327801 -0.02543033 0.9721969 -0.2327801 -0.02543033 0.9721969 -0.2327801 -0.02543033 0.9721968 -0.2327801 -0.02543033 0.9721969 -0.2327801 -0.02543033 0.9721968 -0.2327801 -0.02543033 0.9721969 -0.2327801 -0.02543033 0.9721969 -0.2327801 -0.02543033 0.9721969 -0.2327801 -0.02543033 0.9721969 -0.2327801 -0.02543033 0.9721969 -0.2327801 -0.02543033 0.9721969 -0.2327801 -0.02543033 0.9721969 -0.2327801 -0.02543033 0.9721968 -0.2327801 -0.02543033 0.9999521 0.00978709 0 0.9999521 0.00978709 0 0.9999521 0.00978709 0 0.9999521 0.00978709 0 0.9999521 0.00978709 0 0.9999521 0.00978709 0 0.9999521 0.00978709 0 0.9999521 0.00978709 0 -0.9999521 0.00978709 0 -0.9999521 0.00978709 0 -0.9999521 0.00978709 0 -0.9999521 0.00978709 0 -0.9999521 0.00978709 0 -0.9999521 0.00978709 0 -0.9999521 0.00978709 0 -0.9999521 0.00978709 0 0.4322317 -0.01564621 0.9016268 0.4090698 -0.02740325 0.9120915 0.3760968 -0.009796036 0.9265286 0.375375 -0.01759827 0.926706 0.2544537 0.01761317 0.9669245 0.2073063 0.09191924 0.9739482 0.2581626 -0.06062685 0.9641973 0.1956521 0.1271753 0.9723923 0.2193363 0.02741816 0.975264 0.2409056 -0.07638333 0.9675381 0.1390563 0.1821431 0.9733897 0.1603797 0.05085171 0.9857447 0.1859664 -0.08613463 0.9787734 0.04502528 0.1898912 0.9807722 0.05679725 0.05483924 0.9968785 0.06654256 -0.08415572 0.9942283 -0.02349391 0.1605451 0.9867489 -0.009789312 -0.08223052 0.9965653 -0.01955104 0.03910059 0.9990441 -0.148762 0.1272291 0.9806542 -0.1310549 -0.08411106 0.9878005 -0.1468756 0.0195861 0.988961 -0.2660531 -0.1017301 0.9585754 -0.2855181 0.01564621 0.9582456 -0.2917536 0.1429379 0.945753 -0.510649 -0.1349957 0.8491254 -0.508651 0.01760722 0.8607928 -0.5165933 0.1780687 0.83751 -0.3324532 0.03129247 0.9426005 -0.4262493 0.1837969 0.8857371 -0.3225259 -0.1251012 0.9382573 0.07629811 0.1193375 0.9899178 0.08028865 0.005874043 0.9967545 0.07635593 -0.07048245 0.9945863 0 0.09000906 0.995941 0 -0.003916022 0.9999923 0 -0.06456974 0.9979133 -0.07635593 -0.07048245 0.9945863 -0.08028865 0.005874043 0.9967545 -0.07629811 0.1193375 0.9899178 0.3225259 -0.1251012 0.9382573 0.3324532 0.03129247 0.9426005 0.4262493 0.1837969 0.8857371 0.510649 -0.1349957 0.8491254 0.5165933 0.1780687 0.83751 0.508651 0.01760722 0.8607928 0.2917536 0.1429379 0.945753 0.2855181 0.01564621 0.9582456 0.2660531 -0.1017301 0.9585754 0.148762 0.1272291 0.9806542 0.1468756 0.0195861 0.988961 0.1310549 -0.08411106 0.9878005 0.01955104 0.03910059 0.9990441 0.02349391 0.1605451 0.9867489 0.009789312 -0.08223052 0.9965653 -0.05679725 0.05483924 0.9968785 -0.06654256 -0.08415572 0.9942283 -0.04502528 0.1898912 0.9807722 -0.1859664 -0.08613463 0.9787734 -0.1603797 0.05085171 0.9857447 -0.1390563 0.1821431 0.9733897 -0.2409056 -0.07638333 0.9675381 -0.2193363 0.02741816 0.975264 -0.1956521 0.1271753 0.9723923 -0.2581626 -0.06062685 0.9641973 -0.2544537 0.01761317 0.9669245 -0.2073063 0.09191924 0.9739482 -0.375375 -0.01759827 0.926706 -0.3760968 -0.009796036 0.9265286 -0.4322317 -0.01564621 0.9016268 -0.4090698 -0.02740325 0.9120915 -0.03129243 0.01564621 -0.9993877 0.1036823 0.07433742 -0.9918287 0.1740352 0.1173258 -0.9777252 0.3522159 0.1252324 -0.9275024 0.624522 0.315198 -0.7145786 0.7457209 0.09395029 -0.6596012 0.5209842 0.5836586 -0.6228308 0.8062003 0.3052607 -0.5068107 0.8428556 -0.01955777 -0.5377842 0.6767675 0.6083071 -0.4146665 0.8043519 0.193748 -0.5616758 0.8178595 -0.06847981 -0.5713286 0.716721 0.468022 -0.5169783 0.7196015 0.1173273 -0.6844034 0.6572273 0.3618671 -0.6611388 0.7298602 -0.1076206 -0.6750717 0.4643396 0.3017247 -0.832677 0.5026386 0.05867482 -0.8625032 0.5188833 -0.1586033 -0.840003 0.1877159 0.2483309 -0.9503129 0.2114862 0.02153814 -0.9771436 0.2331151 -0.1782669 -0.9559698 -0.001958756 0.2448408 -0.9695614 0.01369639 0.009784096 -0.9998583 0.02738163 -0.1877606 -0.9818332 -0.1546271 0.2524912 -0.9551642 -0.1583688 0.005865096 -0.9873627 -0.1469038 -0.1958728 -0.9695634 -0.3776527 0.2543777 -0.8903204 -0.3796033 -0.2054542 -0.9020476 -0.3972232 -1.49012e-6 -0.9177221 -0.7304311 0.2761141 -0.624685 -0.6986162 -0.2133041 -0.6829618 -0.7336183 0.03130139 -0.6788405 -0.8867215 0.06263852 -0.4580409 -0.86486 0.2582819 -0.4304739 -0.8689093 -0.201571 -0.4520685 -0.9482591 0.06452054 -0.3108725 -0.9240898 0.2271071 -0.3073767 -0.9337893 -0.2016366 -0.2956018 -0.9886199 0.04698486 -0.1429096 -0.9657725 0.2096087 -0.1527995 -0.9693128 -0.2114863 -0.1253247 -0.9781736 0.2054184 -0.03130137 -0.9984466 -0.01761764 0.05285889 -0.9738367 -0.2190143 0.0606209 -0.9821373 0.1662984 0.08804052 -0.7696271 -0.1977921 -0.6070852 -0.7462587 -0.04700869 -0.6639941 -0.9094065 0.1466781 -0.3891855 -0.1625175 0.08615553 -0.9829372 -0.1604758 -0.03718286 -0.9863391 -0.1508095 -0.1351416 -0.9792821 0 0.1271666 -0.9918814 0 -0.07041245 -0.9975179 0 -0.182158 -0.9832693 0.1508095 -0.1351416 -0.9792821 0.1604758 -0.03718286 -0.9863391 0.1625175 0.08615553 -0.9829372 0.7696271 -0.1977921 -0.6070852 0.7462587 -0.04700869 -0.6639941 0.9094065 0.1466781 -0.3891855 0.9821373 0.1662984 0.08804052 0.9984466 -0.01761764 0.05285889 0.9738367 -0.2190143 0.0606209 0.9781736 0.2054184 -0.03130137 0.9693128 -0.2114863 -0.1253247 0.9886199 0.04698486 -0.1429096 0.9657725 0.2096087 -0.1527995 0.9337893 -0.2016366 -0.2956018 0.9240898 0.2271071 -0.3073767 0.9482591 0.06452054 -0.3108725 0.8689093 -0.201571 -0.4520685 0.86486 0.2582819 -0.4304739 0.8867215 0.06263852 -0.4580409 0.6986162 -0.2133041 -0.6829618 0.7304311 0.2761141 -0.624685 0.7336183 0.03130139 -0.6788405 0.3972232 -1.49012e-6 -0.9177221 0.3796033 -0.2054542 -0.9020476 0.3776527 0.2543777 -0.8903204 0.1583688 0.005865096 -0.9873627 0.1469038 -0.1958728 -0.9695634 0.1546271 0.2524912 -0.9551642 -0.02738163 -0.1877606 -0.9818332 -0.01369639 0.009784096 -0.9998583 0.001958756 0.2448408 -0.9695614 -0.2331151 -0.1782669 -0.9559698 -0.2114862 0.02153814 -0.9771436 -0.1877159 0.2483309 -0.9503129 -0.5188833 -0.1586033 -0.840003 -0.5026386 0.05867482 -0.8625032 -0.4643396 0.3017247 -0.832677 -0.7298602 -0.1076206 -0.6750717 -0.7196015 0.1173273 -0.6844034 -0.6572273 0.3618671 -0.6611388 -0.8178595 -0.06847981 -0.5713286 -0.716721 0.468022 -0.5169783 -0.8043519 0.193748 -0.5616758 -0.8428556 -0.01955777 -0.5377842 -0.6767675 0.6083071 -0.4146665 -0.8062003 0.3052607 -0.5068107 -0.7457209 0.09395029 -0.6596012 -0.5209842 0.5836586 -0.6228308 -0.624522 0.315198 -0.7145786 -0.3522159 0.1252324 -0.9275024 -0.1740352 0.1173258 -0.9777252 -0.1036823 0.07433742 -0.9918287 0.03129243 0.01564621 -0.9993877 -0.4031528 0.8532741 -0.3307435 -0.3347073 0.8553606 -0.395385 0.7606442 0.5416396 0.3578366 0.6316715 0.5984293 0.492822 0.7607961 -0.2894578 0.5808647 -0.001957268 0.5636993 -0.8259777 0.6318877 -0.2719311 0.7257903 0.00978336 0.8179041 0.5752714 0.02936272 -0.413033 0.9102427 -0.03716354 0.8703985 0.4909431 -0.03326531 0.4343981 -0.9001065 -0.01370458 -0.5207681 0.8535882 -0.6027579 0.1546055 -0.7828027 0.2526031 0.9673303 -0.02154113 -0.6804876 0.6257333 -0.3813063 0.798711 -0.5990307 -0.05677054 0.3407345 0.8968744 0.2819867 -0.3993188 0.886727 0.2329373 0.4698472 0.2251328 0.8535566 0.8361138 -0.2271414 -0.49932 0.3560419 0.4303837 0.8294601 -0.4340079 0.4261908 0.7937247 -0.5443866 0.215405 0.8107058 0.4031528 0.8532741 -0.3307435 -0.7606442 0.5416396 0.3578366 0.3347073 0.8553606 -0.395385 -0.6316715 0.5984293 0.492822 -0.7607961 -0.2894578 0.5808647 0.001957268 0.5636993 -0.8259777 -0.6318877 -0.2719311 0.7257903 -0.00978336 0.8179041 0.5752714 -0.02936272 -0.413033 0.9102427 0.03716354 0.8703985 0.4909431 0.03326531 0.4343981 -0.9001065 0.01370458 -0.5207681 0.8535882 0.6027579 0.1546055 -0.7828027 -0.2526031 0.9673303 -0.02154113 0.6804876 0.6257333 -0.3813063 -0.798711 -0.5990307 -0.05677054 -0.3407345 0.8968744 0.2819867 0.3993188 0.886727 0.2329373 -0.8361138 -0.2271414 -0.49932 -0.4698472 0.2251328 0.8535566 -0.3560419 0.4303837 0.8294601 0.4340079 0.4261908 0.7937247 0.5443866 0.215405 0.8107058 0.02544525 0.1839908 -0.9825986 0.05475279 -0.1603453 -0.9855413 0.01173021 0.1700911 -0.9853586 0.02934192 -0.1760545 -0.983943 -0.00977741 0.3167991 -0.9484423 0.09399334 -0.9693125 -0.2271528 0.005871053 -0.2837507 -0.9588801 0.05873084 -0.9807968 -0.1859789 0.09990036 -0.9696156 0.2233058 0.02542617 -0.9994453 -0.02151424 -0.001954662 -0.9284745 -0.371391 0.06063147 -0.9759746 0.2092783 0.08016522 -0.1622855 0.9834821 0.003917137 -0.2115336 -0.9773628 0.04304347 -0.1721739 0.9841257 0.02346379 -0.9815685 0.1896654 0 -0.9900277 -0.1408731 0 0.1545551 -0.9879842 -0.00783207 0.3132768 -0.9496295 0 -0.1466215 -0.9891927 -0.003917137 -0.2115336 -0.9773628 0.00783207 0.3132768 -0.9496295 -0.02542617 -0.9994453 -0.02151424 0.001954662 -0.9284745 -0.371391 -0.005871053 -0.2837507 -0.9588801 0 -0.980656 0.195739 -0.02346379 -0.9815685 0.1896654 0 -0.1723292 0.9850395 0.005865478 -0.1701 0.9854094 -0.005865478 -0.1701 0.9854094 0 0.1663028 0.9860748 -0.001955029 0.1701054 0.9854239 0.02543477 0.1643478 0.9860746 0.04896823 0.1860799 0.9813136 -0.04502233 0.9767822 0.2094505 -0.07044233 0.9744476 0.2132835 -0.02347899 0.9861221 0.1643537 -0.04894808 0.9848385 -0.1664251 -0.07636126 0.9731058 -0.2173342 0.02544525 0.1839908 -0.9825986 0.01173021 0.170091 -0.9853586 -0.009777409 0.3167991 -0.9484422 -0.02541617 0.9990574 -0.03519058 -0.007832071 0.3132768 -0.9496295 0 0.9964507 -0.08417948 0 0.1545551 -0.9879842 0.007832071 0.3132768 -0.9496295 0 0.986394 0.1643985 0.02541617 0.9990574 -0.03519058 0.009777409 0.3167991 -0.9484422 0.02347899 0.9861221 0.1643537 0.001955029 0.1701054 0.9854239 0.04502233 0.9767822 0.2094505 0.04894808 0.9848385 -0.1664251 -0.01173021 0.170091 -0.9853586 -0.02544525 0.1839908 -0.9825986 0.07636126 0.9731058 -0.2173342 0.07044233 0.9744476 0.2132835 -0.04896823 0.1860799 0.9813136 -0.02543477 0.1643478 0.9860746 -0.08016522 -0.1622855 0.9834821 -0.04304347 -0.1721739 0.9841257 -0.06063147 -0.9759746 0.2092783 -0.09990036 -0.9696156 0.2233058 -0.05873084 -0.9807968 -0.1859789 -0.09399334 -0.9693125 -0.2271528 -0.02934192 -0.1760545 -0.983943 0.00977741 0.3167991 -0.9484423 -0.05475279 -0.1603453 -0.9855413 -0.01173021 0.1700911 -0.9853586 -0.02544525 0.1839908 -0.9825986 -0.5288094 0.7579576 -0.3819173 -0.6829174 0.4070104 -0.6066025 -0.6203364 -0.07436273 -0.7808028 -0.7220411 -0.2269834 -0.6535559 -0.6153066 0.7446412 -0.2586644 -0.3715846 -0.7940171 -0.4811047 -0.8057175 -0.3070352 -0.5065065 -0.6854289 0.7069716 -0.1742943 0.02348941 -0.996338 -0.08221257 0.4149728 -0.7731835 0.4795673 -0.863609 -0.3485769 -0.364244 -0.7533826 0.6535842 -0.07240324 0.005867708 -0.9916161 -0.1290858 0.7335354 -0.2738536 0.6220371 0.4361781 -0.1193137 0.8919154 0.04498207 0.8155453 0.5769423 -0.6829174 0.4070104 -0.6066025 -0.5288094 0.7579576 -0.3819173 0.3577822 0.8367788 0.4144793 -0.6153066 0.7446412 -0.2586644 0.4637867 0.802329 0.3757259 -0.6854289 0.7069716 -0.1742943 0.8451809 -0.2973795 0.4441113 0.4700785 0.8383054 0.2761708 -0.7533826 0.6535842 -0.07240324 0.04890791 -0.9938076 -0.09977235 0.9143694 -0.2564909 0.3132748 0.4367514 0.8832977 0.1703915 -0.7896516 0.6133021 0.01763553 0.9695171 -0.1899868 0.1547306 0.09584156 -0.9916693 -0.0860614 -0.8886061 -0.4110277 -0.2035573 -0.7896515 0.6133021 0.01763553 -0.8623262 -0.5005777 -0.07625969 -0.7829682 0.6126751 0.1076577 0.176055 -0.9819965 -0.06846622 -0.8488514 -0.5241802 0.06845582 -0.6305483 0.7558762 0.176239 0.1663168 -0.9842051 -0.06065655 0.9916862 -0.1212716 0.04303156 -0.8567644 -0.4068643 0.3168851 0.4068518 0.9075925 0.1036689 0.9918647 -0.09194614 -0.08803608 0.3231322 0.9458978 0.02937611 -0.7829682 0.6126751 0.1076577 0.444109 0.8725635 -0.2034699 -0.6305483 0.7558762 0.176239 -0.4421853 0.8921973 0.09195797 0.8717958 -0.3663484 -0.3252092 0.5208782 0.6951569 -0.4954218 -0.4776833 0.8770565 0.05089944 0.001958757 -0.9989827 0.04505216 0.7219678 -0.6045756 -0.3365277 0.2487447 0.5386202 -0.8049934 -0.2053771 0.848891 -0.4870364 0.3013039 0.2660843 -0.9156502 0.467699 -0.1819879 -0.8649498 0.580604 -0.5747382 -0.5766932 0.1938102 -0.9592625 0.2055556 0.03329664 -0.8911726 0.4524408 -0.4459896 -0.2386422 0.8626373 -0.04888257 -0.9659182 0.2541902 -0.6296594 -0.1838175 0.7548115 -0.2053771 0.848891 -0.4870364 -0.4776833 0.8770564 0.05089944 -0.8124007 -0.254488 0.5246342 -0.4421852 0.8921973 0.09195796 0.6203364 -0.07436273 -0.7808028 0.6829174 0.4070104 -0.6066025 0.5288094 0.7579576 -0.3819173 0.7220411 -0.2269834 -0.6535559 0.6153066 0.7446412 -0.2586644 0.3715846 -0.7940171 -0.4811047 0.8057175 -0.3070352 -0.5065065 0.6854289 0.7069716 -0.1742943 -0.02348941 -0.996338 -0.08221257 -0.4149728 -0.7731835 0.4795673 0.863609 -0.3485769 -0.364244 0.7533826 0.6535842 -0.07240324 -0.005867708 -0.9916161 -0.1290858 -0.7335354 -0.2738536 0.6220371 -0.4361781 -0.1193137 0.8919154 -0.04498207 0.8155453 0.5769423 0.6829174 0.4070104 -0.6066025 0.5288094 0.7579576 -0.3819173 -0.3577822 0.8367788 0.4144793 0.6153066 0.7446412 -0.2586644 -0.4637867 0.802329 0.3757259 0.6854289 0.7069716 -0.1742943 -0.8451809 -0.2973795 0.4441113 -0.4700785 0.8383054 0.2761708 0.7533826 0.6535842 -0.07240324 -0.04890791 -0.9938076 -0.09977235 -0.9143694 -0.2564909 0.3132748 -0.4367514 0.8832977 0.1703915 0.7896516 0.6133021 0.01763553 -0.9695171 -0.1899868 0.1547306 -0.09584156 -0.9916693 -0.0860614 0.8886061 -0.4110277 -0.2035573 0.7896515 0.6133021 0.01763553 0.8623262 -0.5005777 -0.07625969 0.7829682 0.6126751 0.1076577 -0.176055 -0.9819965 -0.06846622 0.8488514 -0.5241802 0.06845582 0.6305483 0.7558762 0.176239 -0.1663168 -0.9842051 -0.06065655 -0.9916862 -0.1212716 0.04303156 0.8567644 -0.4068643 0.3168851 -0.4068518 0.9075925 0.1036689 -0.9918647 -0.09194614 -0.08803608 -0.3231322 0.9458978 0.02937611 0.7829682 0.6126751 0.1076577 -0.444109 0.8725635 -0.2034699 0.6305483 0.7558762 0.176239 0.4421853 0.8921973 0.09195797 -0.8717958 -0.3663484 -0.3252092 -0.5208782 0.6951569 -0.4954218 0.4776833 0.8770565 0.05089944 -0.001958757 -0.9989827 0.04505216 -0.7219678 -0.6045756 -0.3365277 -0.2487447 0.5386202 -0.8049934 0.2053771 0.848891 -0.4870364 -0.3013039 0.2660843 -0.9156502 -0.467699 -0.1819879 -0.8649498 -0.580604 -0.5747382 -0.5766932 -0.1938102 -0.9592625 0.2055556 -0.03329664 -0.8911726 0.4524408 0.4459896 -0.2386422 0.8626373 0.04888257 -0.9659182 0.2541902 0.6296594 -0.1838175 0.7548115 0.4776833 0.8770564 0.05089944 0.2053771 0.848891 -0.4870364 0.8124007 -0.254488 0.5246342 0.4421852 0.8921973 0.09195796 -0.7158304 -0.3755209 -0.5887027 -0.8362675 -0.1586377 -0.5248722 -0.8899037 -0.4165919 -0.1858027 -0.9836796 -0.1427621 -0.1095146 -0.9064767 0.1762033 -0.3837348 -0.9869289 0.1429498 -0.07441041 -0.9061422 -0.4149092 0.08219924 -0.9879255 0.1095518 0.1095518 -0.9828092 -0.1527071 0.1037628 -0.8774506 -0.3975944 0.2683267 -0.9533763 0.1174599 0.2779871 -0.9464958 -0.1427575 0.2894236 -0.8058981 -0.3657833 0.4655437 -0.8671634 0.1194059 0.4834976 -0.8560107 -0.1332 0.4995034 -0.6870139 -0.3131689 0.6556961 -0.7428852 0.1290261 0.6568668 -0.7214841 -0.1055821 0.684334 -0.4574733 -0.232646 0.8582506 -0.4898413 -0.05682259 0.8699579 -0.5070342 0.1664027 0.8457107 -0.1938329 -0.01566262 0.9809096 -0.2095551 0.2154291 0.9537699 -0.1644552 -0.1938225 0.9671543 -0.05283652 0.2426579 0.9686721 -0.02152026 -0.009782613 0.9997205 0.007832051 -0.2036363 0.9790153 0.1213461 0.2329065 0.9648989 0.1427807 -0.01173318 0.9896848 0.1603939 -0.2014696 0.9662732 0.3524082 -0.003916028 0.9358382 0.3677649 0.2269192 0.9018074 0.3835487 -0.1976488 0.9021227 0.7041187 -0.01173467 0.7099854 0.7458224 0.1546457 0.6479456 0.6769068 -0.2073765 0.7062523 0.8811054 -0.03132821 0.4718811 0.8983733 0.0959039 0.428635 0.852805 -0.2366722 0.4655212 0.9553947 -0.03132224 0.2936662 0.9560907 0.09384753 0.2776385 0.9190688 -0.2757192 0.2815873 0.9931064 -0.01958757 0.1155689 0.9858482 0.1114964 0.1251876 0.9518056 -0.2937674 0.08812992 0.9877968 0.1525715 -0.03129691 0.9483432 -0.2737465 -0.1603381 0.9943976 -1.49012e-6 -0.1057044 0.9276089 0.2152682 -0.3052891 0.8415042 -0.2563655 -0.4755496 0.8948116 -0.003916025 -0.4464268 0.5264589 0.2172382 -0.8219785 0.5049191 -0.01369716 -0.863058 0.4795949 -0.2544792 -0.8397793 0.2602102 0.2073855 -0.9430175 0.2622811 -0.007829065 -0.9649598 0.2505618 -0.225115 -0.9415636 0.1253338 -0.1821251 -0.9752548 0.1153641 -0.0058651 -0.9933059 0.1056598 0.1780572 -0.978331 0.02739799 -0.1624314 -0.9863394 0.01565365 0.00195801 -0.9998755 0.001956522 0.1545548 -0.9879823 -0.03525169 -0.1684279 -0.9850835 -0.04505212 0 -0.9989847 -0.1095385 0.1662643 -0.9799783 -0.1018003 -0.1879395 -0.9768907 -0.1449524 -0.02154706 -0.989204 -0.2698724 0.1544925 -0.9504215 -0.2229678 -0.2327474 -0.946633 -0.2544108 -0.02544227 -0.9667615 -0.4204823 -0.293359 -0.8585657 -0.4557719 -0.08411416 -0.8861133 -0.7158304 -0.3755209 -0.5887027 -0.4869772 0.1603692 -0.8585657 -0.8362675 -0.1586377 -0.5248722 -0.9064767 0.1762033 -0.3837348 0.8362675 -0.1586377 -0.5248722 0.7158304 -0.3755209 -0.5887027 0.8899037 -0.4165919 -0.1858027 0.9836796 -0.1427621 -0.1095146 0.9064767 0.1762033 -0.3837348 0.9869289 0.1429498 -0.07441041 0.9061422 -0.4149092 0.08219924 0.9879255 0.1095518 0.1095518 0.9828092 -0.1527071 0.1037628 0.8774506 -0.3975944 0.2683267 0.9533763 0.1174599 0.2779871 0.9464958 -0.1427575 0.2894236 0.8058981 -0.3657833 0.4655437 0.8671634 0.1194059 0.4834976 0.8560107 -0.1332 0.4995034 0.6870139 -0.3131689 0.6556961 0.7428852 0.1290261 0.6568668 0.7214841 -0.1055821 0.684334 0.4574733 -0.232646 0.8582506 0.4898413 -0.05682259 0.8699579 0.5070342 0.1664027 0.8457107 0.1938329 -0.01566262 0.9809096 0.2095551 0.2154291 0.9537699 0.1644552 -0.1938225 0.9671543 0.05283652 0.2426579 0.9686721 0.02152026 -0.009782613 0.9997205 -0.007832051 -0.2036363 0.9790153 -0.1213461 0.2329065 0.9648989 -0.1427807 -0.01173318 0.9896848 -0.1603939 -0.2014696 0.9662732 -0.3524082 -0.003916028 0.9358382 -0.3677649 0.2269192 0.9018074 -0.3835487 -0.1976488 0.9021227 -0.7041187 -0.01173467 0.7099854 -0.7458224 0.1546457 0.6479456 -0.6769068 -0.2073765 0.7062523 -0.8811054 -0.03132821 0.4718811 -0.8983733 0.0959039 0.428635 -0.852805 -0.2366722 0.4655212 -0.9553947 -0.03132224 0.2936662 -0.9560907 0.09384753 0.2776385 -0.9190688 -0.2757192 0.2815873 -0.9931064 -0.01958757 0.1155689 -0.9858482 0.1114964 0.1251876 -0.9518056 -0.2937674 0.08812992 -0.9877968 0.1525715 -0.03129691 -0.9483432 -0.2737465 -0.1603381 -0.9943976 -1.49012e-6 -0.1057044 -0.9276089 0.2152682 -0.3052891 -0.8415042 -0.2563655 -0.4755496 -0.8948116 -0.003916025 -0.4464268 -0.5264589 0.2172382 -0.8219785 -0.5049191 -0.01369716 -0.863058 -0.4795949 -0.2544792 -0.8397793 -0.2602102 0.2073855 -0.9430175 -0.2622811 -0.007829065 -0.9649598 -0.2505618 -0.225115 -0.9415636 -0.1253338 -0.1821251 -0.9752548 -0.1153641 -0.0058651 -0.9933059 -0.1056598 0.1780572 -0.978331 -0.02739799 -0.1624314 -0.9863394 -0.01565365 0.00195801 -0.9998755 -0.001956522 0.1545548 -0.9879823 0.03525169 -0.1684279 -0.9850835 0.04505212 0 -0.9989847 0.1095385 0.1662643 -0.9799783 0.1018003 -0.1879395 -0.9768907 0.1449524 -0.02154706 -0.989204 0.2698724 0.1544925 -0.9504215 0.2229678 -0.2327474 -0.946633 0.2544108 -0.02544227 -0.9667615 0.4204823 -0.293359 -0.8585657 0.4557719 -0.08411416 -0.8861133 0.7158304 -0.3755209 -0.5887027 0.4869772 0.1603692 -0.8585657 0.8362675 -0.1586377 -0.5248722 0.9064767 0.1762033 -0.3837348 -0.8945267 0.1507222 0.4208384 -0.7220128 -0.414813 0.5537397 0.8275779 0.2152086 0.5184593 0.6852393 -0.368076 0.6284644 0.7452401 -0.6317915 -0.2132058 0.8275779 0.2152086 0.5184593 0.859848 -0.1743226 -0.4798678 -0.6848242 -0.6652544 -0.2974097 -0.8945267 0.1507222 0.4208384 -0.7989116 -0.2291021 -0.5561048 0.859848 -0.1743226 -0.4798678 -0.7989116 -0.2291021 -0.5561048 0 -1.49012e-6 -1 0 -1.49012e-6 -1 0 -1.49012e-6 -1 0 -1.49012e-6 -1 0 -1.49012e-6 -1 0 -1.49012e-6 -1 0 -1.49012e-6 -1 0 0 1 0 0 1 0 0 1 0 0 1 0 0 1 0 0 1 0 0 1 -0.9681551 -0.2503514 0 -0.968155 -0.2503514 0 -0.968155 -0.2503514 0 -0.968155 -0.2503514 0 -0.968155 -0.2503514 0 -0.9681551 -0.2503514 0 -0.968155 -0.2503514 0 -0.9681551 -0.2503514 0 -0.9681551 -0.2503514 0 -0.9681551 -0.2503514 0 0.8945267 0.1507222 0.4208384 -0.8275779 0.2152086 0.5184593 0.7220128 -0.414813 0.5537397 -0.6852393 -0.368076 0.6284644 -0.7452401 -0.6317915 -0.2132058 -0.8275779 0.2152086 0.5184593 -0.859848 -0.1743226 -0.4798678 0.6848242 -0.6652544 -0.2974097 -0.859848 -0.1743226 -0.4798678 0.7989116 -0.2291021 -0.5561048 0.8945267 0.1507222 0.4208384 0.7989116 -0.2291021 -0.5561048 0 -1.49012e-6 -1 0 -1.49012e-6 -1 0 -1.49012e-6 -1 0 -1.49012e-6 -1 0 -1.49012e-6 -1 0 -1.49012e-6 -1 0 -1.49012e-6 -1 0 0 1 0 0 1 0 0 1 0 0 1 0 0 1 0 0 1 0 0 1 0.439733 -0.8911933 -0.111398 -0.5518208 -0.8277318 -0.101754 -0.3035307 -0.187996 -0.9340913 0.1586603 -0.205672 -0.9656739 0.439733 -0.8911933 -0.111398 1 0 0 0.3069574 0.8895909 -0.3382387 1 0 0 -0.5518208 -0.8277318 -0.101754 -1 0 0 1 0 0 0.5088757 0.1898469 0.8396451 -0.1857703 0.9425419 -0.2776768 -1 0 0 0.3386176 0.7124645 0.6145995 -0.276001 0.2114029 0.9376205 -1 0 0 -0.21516 0.7276323 0.6513504 -0.1251699 -0.9915781 -0.03324751 -0.125286 -0.9846689 0.12137 -0.1917884 -0.9726378 0.1311213 -0.1860587 -0.9812183 -0.05092169 -0.1251699 -0.9915781 -0.03324751 -0.003911555 -0.03910959 -0.9992273 -0.125286 -0.9846689 0.12137 -0.003911552 -0.03520248 0.9993726 -0.7062527 -0.2073765 -0.6769063 -0.02347676 0.003911552 -0.9997168 -0.9536674 -0.2996114 0.02741513 -0.7279065 -0.2074151 0.6535528 0.02347527 0.009781117 0.9996766 -0.768778 -0.1780123 -0.614241 -0.04699825 0.01762658 -0.9987395 -0.9724051 -0.2289176 0.04500151 -0.7673168 -0.1761703 0.6165946 0.04700426 0.01175107 0.9988256 -0.7763237 -0.1583949 -0.6101087 -0.08999106 0.08999106 -0.9918686 -0.7813662 -0.1742899 0.5992411 0.08223344 0.007832039 0.9965824 -0.9734737 -0.2189335 0.06646207 -0.8417851 -0.1096264 -0.528564 -0.1485884 0.5708948 -0.8074657 -0.9741496 -0.1975688 0.1095415 -0.9750584 -0.04503284 -0.2173321 -0.1524358 0.6097388 -0.7778059 -0.6379961 0.4070639 -0.6536512 -0.08410816 0.04107656 -0.9956096 -0.8219418 -0.1154616 -0.5577458 -0.06262063 -0.007827579 -0.9980067 -0.7499229 -0.1585993 0.6422321 0.06844397 0.02542136 0.9973311 -0.9822538 -0.1721887 0.07435374 -0.7323358 -0.1233608 -0.6696764 -0.6773056 -0.1585603 -0.718412 -0.01955927 -0.06650688 -0.9975942 -0.7496717 -0.1252711 0.6498458 -0.6065338 -0.3287017 -0.7239282 -0.7393751 -0.07628504 0.6689581 0.02152623 0.08610193 0.9960538 0.06456386 -0.2836963 -0.9567382 -0.598546 0.3129657 0.7374247 -0.123149 0.4984552 0.858124 -0.9860278 -0.1623809 0.03717244 -0.7204927 0.3093424 0.6206428 -0.1623661 0.5692603 0.8059653 -0.1801224 0.5951871 0.7831401 -0.9851503 -0.1684351 0.03329511 -0.5441751 -0.5030687 -0.671413 0.1194059 -0.4834976 -0.8671634 -0.8993369 0.1876878 0.394926 -0.2252545 0.664014 0.7129837 -0.4871818 -0.6339241 -0.6006616 0.1682818 -0.6516039 -0.7396578 -0.9851049 -0.1664685 0.04308824 -0.8141153 0.362045 0.454026 -0.2407371 0.7065539 0.6654528 -0.6672361 -0.6476694 -0.3678595 0.2369108 -0.7753423 -0.5854208 -0.9829164 -0.1840525 0 -0.5394818 -0.6938981 -0.4769327 0.2425166 -0.7295049 -0.6395376 -0.6706359 -0.2815501 -0.6862777 0.1134634 -0.1506344 -0.9820567 -0.8294621 0.2308408 -0.5086308 -0.1584887 0.6241678 -0.7650464 -0.8705284 0.4890604 -0.05477516 -0.3012271 0.952581 -0.04303159 0.3035307 -0.187996 -0.9340913 0.5518208 -0.8277318 -0.101754 -0.439733 -0.8911933 -0.111398 -0.1586603 -0.205672 -0.9656739 -0.439733 -0.8911933 -0.111398 -1 0 0 1 0 0 0.5518208 -0.8277318 -0.101754 -0.3069574 0.8895909 -0.3382387 -1 0 0 0.1857703 0.9425419 -0.2776768 1 0 0 -0.3386176 0.7124645 0.6145995 -1 0 0 -0.5088757 0.1898469 0.8396451 0.276001 0.2114029 0.9376205 1 0 0 0.21516 0.7276323 0.6513504 0.1917884 -0.9726378 0.1311213 0.125286 -0.9846689 0.12137 0.1251699 -0.9915781 -0.03324751 0.1860587 -0.9812183 -0.05092169 0.1251699 -0.9915781 -0.03324751 0.003911555 -0.03910959 -0.9992273 0.125286 -0.9846689 0.12137 0.003911552 -0.03520248 0.9993726 0.7062527 -0.2073765 -0.6769063 0.02347676 0.003911552 -0.9997168 0.9536674 -0.2996114 0.02741513 0.7279065 -0.2074151 0.6535528 -0.02347527 0.009781117 0.9996766 0.768778 -0.1780123 -0.614241 0.04699825 0.01762658 -0.9987395 0.7673168 -0.1761703 0.6165946 -0.04700426 0.01175107 0.9988256 0.9724051 -0.2289176 0.04500151 0.7813662 -0.1742899 0.5992411 -0.08223344 0.007832039 0.9965824 0.7763237 -0.1583949 -0.6101087 0.08999106 0.08999106 -0.9918686 0.9734737 -0.2189335 0.06646207 0.8417851 -0.1096264 -0.528564 0.1485884 0.5708948 -0.8074657 0.9741496 -0.1975688 0.1095415 0.9750584 -0.04503284 -0.2173321 0.1524358 0.6097388 -0.7778059 0.6379961 0.4070639 -0.6536512 0.08410816 0.04107656 -0.9956096 0.8219418 -0.1154616 -0.5577458 0.06262063 -0.007827579 -0.9980067 0.7499229 -0.1585993 0.6422321 -0.06844397 0.02542136 0.9973311 0.9822538 -0.1721887 0.07435374 0.7323358 -0.1233608 -0.6696764 0.6773056 -0.1585603 -0.718412 0.01955927 -0.06650688 -0.9975942 0.7496717 -0.1252711 0.6498458 0.6065338 -0.3287017 -0.7239282 0.7393751 -0.07628504 0.6689581 -0.02152623 0.08610193 0.9960538 -0.06456386 -0.2836963 -0.9567382 0.598546 0.3129657 0.7374247 0.123149 0.4984552 0.858124 0.9860278 -0.1623809 0.03717244 0.7204927 0.3093424 0.6206428 0.1623661 0.5692603 0.8059653 0.1801224 0.5951871 0.7831401 0.9851503 -0.1684351 0.03329511 0.8993369 0.1876878 0.394926 0.2252545 0.664014 0.7129837 0.5441751 -0.5030687 -0.671413 -0.1194059 -0.4834976 -0.8671634 0.4871818 -0.6339241 -0.6006616 -0.1682818 -0.6516039 -0.7396578 0.9851049 -0.1664685 0.04308824 0.8141153 0.362045 0.454026 0.2407371 0.7065539 0.6654528 0.6672361 -0.6476694 -0.3678595 -0.2369108 -0.7753423 -0.5854208 0.9829164 -0.1840525 0 0.8705284 0.4890604 -0.05477516 0.3012271 0.952581 -0.04303159 0.1584887 0.6241678 -0.7650464 0.5394818 -0.6938981 -0.4769327 -0.2425166 -0.7295049 -0.6395376 0.8294621 0.2308408 -0.5086308 -0.1134634 -0.1506344 -0.9820567 0.6706359 -0.2815501 -0.6862777 0.02545865 0.1586274 0.9870102 0.9009553 0.1645237 0.4015117 -0.05283321 0.8335878 0.5498546 0.5343401 0.8298923 0.1604972 0.9009553 0.1645237 0.4015117 0.8242511 -0.02153516 -0.565815 -0.1801245 0.5873637 -0.7890241 0.02545865 0.1586274 0.9870102 -0.8116549 0.03911556 0.5828263 -0.09971565 0.08602893 -0.99129 0.860393 -0.03519803 -0.5084142 -0.6471426 0.5767584 -0.4985542 -0.8164064 0.1155093 -0.5658075 -0.8457073 0.03523678 0.5324826 -0.6829173 0.4070103 -0.6066025 0.04498207 0.8155453 0.5769423 0.1898647 -0.07829669 -0.9786834 -0.6203364 -0.07436273 -0.7808028 0.9764344 0.01565814 -0.2152458 -0.3171469 -0.5599021 -0.765459 -0.3715846 -0.7940171 -0.4811047 0.8130648 0.2540827 -0.5238012 -0.3366123 -0.9198147 -0.2015767 0.4149728 -0.7731835 0.4795673 0.4011036 -0.8843841 -0.2387062 0.4361781 -0.1193136 0.8919153 0.5127153 -0.4324822 0.7416753 0.5933815 -0.007832051 0.8048834 -0.02545865 0.1586274 0.9870102 0.05283321 0.8335878 0.5498546 -0.9009553 0.1645237 0.4015117 -0.5343401 0.8298923 0.1604972 -0.9009553 0.1645237 0.4015117 -0.8242511 -0.02153516 -0.565815 0.1801245 0.5873637 -0.7890241 -0.02545865 0.1586274 0.9870102 0.8116549 0.03911556 0.5828263 0.09971565 0.08602893 -0.99129 0.6471426 0.5767584 -0.4985542 -0.860393 -0.03519803 -0.5084142 0.8164064 0.1155093 -0.5658075 0.8457073 0.03523678 0.5324826 -0.1898647 -0.07829669 -0.9786834 0.6829173 0.4070103 -0.6066025 -0.04498207 0.8155453 0.5769423 0.6203364 -0.07436273 -0.7808028 -0.9764344 0.01565814 -0.2152458 0.3171469 -0.5599021 -0.765459 0.3715846 -0.7940171 -0.4811047 -0.8130648 0.2540827 -0.5238012 0.3366123 -0.9198147 -0.2015767 -0.4149728 -0.7731835 0.4795673 -0.4011036 -0.8843841 -0.2387062 -0.4361781 -0.1193136 0.8919153 -0.5127153 -0.4324822 0.7416753 -0.5933815 -0.007832051 0.8048834 0.9981195 -0.05871361 0.01761319 0.9961835 -0.05871351 0.06458456 0.8992292 -0.4329625 0.06269221 0.9570059 -0.2896457 0.01565515 0.9971482 -0.06060906 -0.04496878 0.9823444 -0.1800299 -0.05087854 0.3443551 -0.9352363 -0.08217536 0.3794227 -0.9250912 0.01564617 0.3502043 -0.9351826 0.05282465 0.2189996 -0.975723 -0.001955034 0.2250259 -0.9705415 -0.08609611 0.2114174 -0.9768292 0.03327722 0.1898645 -0.9786836 -0.0782951 0.2131896 -0.9759747 -0.04498515 0.13319 -0.9910887 -0.00195802 0.2074305 -0.9764867 -0.05870621 0.1487957 -0.988711 0.01761915 0.1839742 -0.9805412 -0.06850065 0.1624635 -0.9865204 0.01957424 0.1779964 -0.9819118 -0.06454755 0.152616 -0.9880919 0.0195652 0.1645193 -0.9851578 -0.04896375 0.1408467 -0.9898381 0.01956216 0.1547486 -0.9872527 -0.03721714 0.1389334 -0.9901451 0.01761012 0.07828318 -0.9961625 0.03914233 0.09582332 -0.9953907 0.003910061 0.06066114 -0.9979666 0.01956821 0.0977607 -0.9952023 -0.00391007 0.07042581 -0.9898743 0.1232444 0.08223382 -0.9965958 0.005874056 0.07045592 -0.988332 0.1350393 0.07040958 -0.9974703 0.009778156 0.08026469 -0.9847026 0.1546553 0.07040958 -0.9974703 0.009778156 0.08021443 -0.9840994 0.1584738 0.04504772 -0.9988908 0.01370907 0.06457472 -0.9881942 0.1389335 0.04504689 -0.998862 0.01566706 0.06848947 -0.9882035 0.1369789 0.02347672 -0.9997225 0.001955028 0.08218506 -0.9901339 0.1134931 0.01760938 -0.9998374 0.00391303 0.07825856 -0.9919273 0.09977953 0.0215173 -0.9995772 -0.01956227 0.08997741 -0.9956192 0.02542886 0.02347048 -0.999449 -0.02346936 0.08028717 -0.996741 0.007833512 0.009782961 -0.9998296 -0.01565214 0.04893055 -0.9981807 -0.03522931 0.03720044 -0.9985403 -0.03915882 0.0176281 -0.9989156 -0.04309124 0.01173 -0.9990058 -0.04301067 -0.03128427 -0.9991357 -0.02737346 -0.02932899 -0.9991395 -0.02932843 -0.01173988 -0.9998621 -0.01174063 -0.005869361 -0.9997512 -0.02152167 0.09589639 -0.9941882 -0.04892665 0.1134868 -0.9920279 -0.05478567 0.1585895 -0.9848254 -0.07048538 0.1564346 -0.9874947 -0.01955326 0.1468019 -0.9884666 -0.03719025 0.1547168 -0.9811787 -0.1155466 0 -0.9970888 0.07624935 0 -0.9999982 0.001958017 0 -0.9885743 -0.1507344 -0.1547168 -0.9811787 -0.1155466 -0.1468019 -0.9884666 -0.03719025 -0.1564346 -0.9874947 -0.01955326 -0.1134868 -0.9920279 -0.05478567 -0.1585895 -0.9848254 -0.07048538 -0.09589639 -0.9941882 -0.04892665 -0.009782961 -0.9998296 -0.01565214 0.005869361 -0.9997512 -0.02152167 -0.02347048 -0.999449 -0.02346936 0.01173988 -0.9998621 -0.01174063 -0.0215173 -0.9995772 -0.01956227 0.02932899 -0.9991395 -0.02932843 -0.02347672 -0.9997225 0.001955028 0.03128427 -0.9991357 -0.02737346 -0.01760938 -0.9998374 0.00391303 -0.01173 -0.9990058 -0.04301067 -0.04504772 -0.9988908 0.01370907 -0.0176281 -0.9989156 -0.04309124 -0.04504689 -0.998862 0.01566706 -0.03720044 -0.9985403 -0.03915882 -0.07040958 -0.9974703 0.009778156 -0.04893055 -0.9981807 -0.03522931 -0.07040958 -0.9974703 0.009778156 -0.08028717 -0.996741 0.007833512 -0.08223382 -0.9965958 0.005874056 -0.08997741 -0.9956192 0.02542886 -0.09582332 -0.9953907 0.003910061 -0.07825856 -0.9919273 0.09977953 -0.0977607 -0.9952023 -0.00391007 -0.08218506 -0.9901339 0.1134931 -0.1389334 -0.9901451 0.01761012 -0.06457472 -0.9881942 0.1389335 -0.1408467 -0.9898381 0.01956216 -0.06848947 -0.9882035 0.1369789 -0.152616 -0.9880919 0.0195652 -0.08026469 -0.9847026 0.1546553 -0.1624635 -0.9865204 0.01957424 -0.08021443 -0.9840994 0.1584738 -0.1487957 -0.988711 0.01761915 -0.07045592 -0.988332 0.1350393 -0.2114174 -0.9768292 0.03327722 -0.07042581 -0.9898743 0.1232444 -0.07828318 -0.9961625 0.03914233 -0.06066114 -0.9979666 0.01956821 -0.1547486 -0.9872527 -0.03721714 -0.1645193 -0.9851578 -0.04896375 -0.1779964 -0.9819118 -0.06454755 -0.1839742 -0.9805412 -0.06850065 -0.2074305 -0.9764867 -0.05870621 -0.2131896 -0.9759747 -0.04498515 -0.1898645 -0.9786836 -0.0782951 -0.2250259 -0.9705415 -0.08609611 -0.2189996 -0.975723 -0.001955034 -0.13319 -0.9910887 -0.00195802 -0.3502043 -0.9351826 0.05282465 -0.3443551 -0.9352363 -0.08217536 -0.3794227 -0.9250912 0.01564617 -0.8992292 -0.4329625 0.06269221 -0.9570059 -0.2896457 0.01565515 -0.9823444 -0.1800299 -0.05087854 -0.9971482 -0.06060906 -0.04496878 -0.9981195 -0.05871361 0.01761319 -0.9961835 -0.05871351 0.06458456 -0.1016782 0.9933097 -0.05474992 -0.129208 0.9905947 -0.04502683 -0.2385635 0.9698957 -0.04888631 -0.2074058 0.9763727 -0.06065654 -0.07442974 0.9950003 -0.06659323 -0.2561645 0.9659922 -0.03519954 -0.3050222 0.9522167 -0.01564324 -0.2640504 0.9642689 -0.02151582 -0.3050563 0.9523263 -0.003910061 -0.2742022 0.9616641 -0.003916025 -0.2581451 0.9660884 -0.005868086 -0.1880022 0.9811351 -0.04504328 -0.2425355 0.9701406 -0.00195652 -0.1838488 0.9818331 -0.04694157 -0.2133248 0.9765971 0.02740022 -0.1311752 0.9906611 -0.03719934 -0.2133248 0.9765971 0.02740022 -0.1292674 0.9910507 -0.03329509 -0.1915841 0.9813808 0.01368522 -0.09985434 0.9946245 -0.02741223 -0.1859252 0.9824685 0.01370016 -0.08996741 0.9955126 -0.02933746 -0.1663028 0.9860747 0 -0.06649432 0.9974111 -0.02737945 -0.1643957 0.986377 -0.005871061 -0.06844093 0.9972795 -0.02737637 -0.1388864 0.9898136 -0.03129843 -0.04699966 0.9987394 -0.01762506 -0.1292499 0.9909138 -0.03720826 -0.04309036 0.9989156 -0.01762805 -0.1252667 0.990384 -0.05871807 -0.02347534 0.9996555 -0.01173618 -0.1310247 0.9895238 -0.06062251 -0.01956448 0.9997607 -0.009781123 -0.1270853 0.9912673 -0.03519357 -0.007827591 0.9999617 -0.003913051 -0.1251772 0.9916407 -0.03129392 0 1 0 -0.0606664 0.9980642 0.01369865 -0.1720552 0.9834543 0.05669883 -0.05871652 0.9981807 0.01370012 -0.003913791 0.9999234 0.01174063 0.001956522 0.9999675 0.007827578 0.011741 0.9842993 -0.1761168 0.00587329 0.9690804 -0.2466752 -0.1683455 0.8808777 -0.4423961 -0.1800324 0.8786352 -0.4422539 -0.4833277 0.8081563 -0.3365678 -0.4851434 0.8079209 -0.3345144 -0.5945027 0.7978844 -0.09973499 -0.5945027 0.7978844 -0.09973499 -0.6555263 0.696618 0.2915623 -0.7726637 0.4968499 0.3951344 -0.1525786 0.9819815 0.1114992 -0.3348627 0.824428 0.4562738 -0.2584327 0.9593322 0.113553 -0.2425968 0.9664727 0.08412611 -0.2013681 0.9775158 0.06256101 0 0.9999694 0.007826091 0 0.9999694 0.007826091 0.2013681 0.9775158 0.06256101 0.2425968 0.9664727 0.08412611 0.2584327 0.9593322 0.113553 0.1720552 0.9834543 0.05669883 0.1525786 0.9819815 0.1114992 0.3348627 0.824428 0.4562738 0.6555263 0.696618 0.2915623 0.007827591 0.9999617 -0.003913051 0.7726637 0.4968499 0.3951344 0 1 0 0.5945027 0.7978844 -0.09973499 0.01956448 0.9997607 -0.009781123 0.5943851 0.7977278 -0.1016706 0.02347534 0.9996555 -0.01173618 0.4833277 0.8081563 -0.3365678 0.04309036 0.9989156 -0.01762805 0.4851434 0.8079209 -0.3345144 0.04699966 0.9987394 -0.01762506 0.1800324 0.8786352 -0.4422539 0.06649432 0.9974111 -0.02737945 0.1683455 0.8808777 -0.4423961 0.06844093 0.9972795 -0.02737637 -0.00587329 0.9690804 -0.2466752 0.08996741 0.9955126 -0.02933746 -0.011741 0.9842993 -0.1761168 0.09985434 0.9946245 -0.02741223 -0.001956522 0.9999675 0.007827578 0.1292674 0.9910507 -0.03329509 0.003913791 0.9999234 0.01174063 0.1311752 0.9906611 -0.03719934 0.05871652 0.9981807 0.01370012 0.1838488 0.9818331 -0.04694157 0.0606664 0.9980642 0.01369865 0.1880022 0.9811351 -0.04504328 0.1270853 0.9912673 -0.03519357 0.2581451 0.9660884 -0.005868086 0.1251772 0.9916407 -0.03129392 0.3050563 0.9523263 -0.003910061 0.1310247 0.9895238 -0.06062251 0.1252667 0.990384 -0.05871807 0.1292499 0.9909138 -0.03720826 0.1388864 0.9898136 -0.03129843 0.1643957 0.986377 -0.005871061 0.1663028 0.9860747 0 0.1859252 0.9824685 0.01370016 0.1915841 0.9813808 0.01368522 0.2133248 0.9765971 0.02740022 0.2133248 0.9765971 0.02740022 0.2425355 0.9701406 -0.00195652 0.2640504 0.9642689 -0.02151582 0.2742022 0.9616641 -0.003916025 0.3050222 0.9522167 -0.01564324 0.2385635 0.9698957 -0.04888631 0.2561645 0.9659922 -0.03519954 0.129208 0.9905947 -0.04502683 0.1016782 0.9933097 -0.05474992 0.2074058 0.9763727 -0.06065654 0.07442974 0.9950003 -0.06659323 0.8089609 -0.5033944 0.3036055 0.2388506 -0.7106778 0.6617306 0.6298973 -0.723794 -0.2816945 0.1898897 -0.7576037 -0.6244828 -0.2601849 -0.686655 -0.678829 -0.6222659 -0.5811745 -0.524425 -0.8583844 -0.4692741 -0.2072636 -0.8981811 -0.3678853 0.2406892 -0.6420615 -0.2779664 0.7144871 -0.0704228 -0.2054003 0.976141 0.8079932 -0.502795 0.3071547 0.2388506 -0.7106778 0.6617306 0.6314205 -0.7232996 -0.2795459 0.1898901 -0.7576023 -0.6244842 -0.2583607 -0.6870028 -0.6791737 -0.6204259 -0.5812821 -0.5264816 -0.8571644 -0.4696788 -0.2113552 -0.8983727 -0.3699182 0.236827 -0.6441064 -0.2780047 0.7126293 -0.06847678 -0.2054303 0.9762732 -0.8089609 -0.5033944 0.3036055 -0.6298973 -0.723794 -0.2816945 -0.2388506 -0.7106778 0.6617306 -0.1898897 -0.7576037 -0.6244828 0.2601849 -0.686655 -0.678829 0.6222659 -0.5811745 -0.524425 0.8583844 -0.4692741 -0.2072636 0.8981811 -0.3678853 0.2406892 0.6420615 -0.2779664 0.7144871 0.0704228 -0.2054003 0.976141 -0.8079932 -0.502795 0.3071547 -0.6314205 -0.7232996 -0.2795459 -0.2388506 -0.7106778 0.6617306 -0.1898901 -0.7576023 -0.6244842 0.2583607 -0.6870028 -0.6791737 0.6204259 -0.5812821 -0.5264816 0.8571644 -0.4696788 -0.2113552 0.8983727 -0.3699182 0.236827 0.6441064 -0.2780047 0.7126293 0.06847678 -0.2054303 0.9762732 -0.4031759 -0.9042081 0.1409147 -0.3344014 -0.9386717 0.08409023 -0.4031527 0.853274 -0.3307435 0.7607961 -0.2894578 0.5808647 -0.3347073 0.8553606 -0.395385 0.6318877 -0.2719311 0.7257903 0.02153288 -0.8965566 -0.4424058 -0.001957268 0.5636993 -0.8259777 0.02936272 -0.413033 0.9102427 -0.03326531 0.4343981 -0.9001065 -0.01370458 -0.5207681 0.8535882 -0.01369272 -0.8313684 -0.555553 -0.6027579 0.1546055 -0.7828027 -0.5968635 -0.5361978 -0.5968635 0.7987111 -0.5990307 -0.05677055 -0.6804876 0.6257333 -0.3813063 -0.8499289 -0.2976713 -0.434756 0.8361139 -0.2271414 -0.4993201 -0.3993188 0.886727 0.2329373 -0.780838 -0.2387521 -0.5773122 -0.4340079 0.4261908 0.7937247 -0.5443866 0.215405 0.8107058 0.4031759 -0.9042081 0.1409147 0.4031527 0.853274 -0.3307435 0.3344014 -0.9386717 0.08409023 -0.7607961 -0.2894578 0.5808647 0.3347073 0.8553606 -0.395385 -0.6318877 -0.2719311 0.7257903 -0.02153288 -0.8965566 -0.4424058 0.001957268 0.5636993 -0.8259777 -0.02936272 -0.413033 0.9102427 0.03326531 0.4343981 -0.9001065 0.01370458 -0.5207681 0.8535882 0.01369272 -0.8313684 -0.555553 0.6027579 0.1546055 -0.7828027 0.5968635 -0.5361978 -0.5968635 -0.7987111 -0.5990307 -0.05677055 0.6804876 0.6257333 -0.3813063 0.8499289 -0.2976713 -0.434756 -0.8361139 -0.2271414 -0.4993201 0.3993188 0.886727 0.2329373 0.780838 -0.2387521 -0.5773122 0.4340079 0.4261908 0.7937247 0.5443866 0.215405 0.8107058</float_array>
          <technique_common>
            <accessor source="#geom-Hed_EYE028_1__M_EYE028-normals-array" count="2146" stride="3">
              <param name="X" type="float"/>
              <param name="Y" type="float"/>
              <param name="Z" type="float"/>
            </accessor>
          </technique_common>
        </source>
        <source id="geom-Hed_EYE028_1__M_EYE028-map-2">
          <float_array id="geom-Hed_EYE028_1__M_EYE028-map-2-array" count="13449">1 1 1 1 1 1 1 1 1 1 1 1 1 1 1 1 1 1 1 1 1 1 1 1 1 1 1 1 1 1 1 1 1 1 1 1 1 1 1 1 1 1 1 1 1 1 1 1 1 1 1 1 1 1 1 1 1 1 1 1 1 1 1 1 1 1 1 1 1 1 1 1 1 1 1 1 1 1 1 1 1 1 1 1 1 1 1 1 1 1 1 1 1 1 1 1 1 1 1 1 1 1 1 1 1 1 1 1 1 1 1 1 1 1 1 1 1 1 1 1 1 1 1 1 1 1 1 1 1 1 1 1 1 1 1 1 1 1 1 1 1 1 1 1 1 1 1 1 1 1 1 1 1 1 1 1 1 1 1 1 1 1 1 1 1 1 1 1 1 1 1 1 1 1 1 1 1 1 1 1 1 1 1 1 1 1 1 1 1 1 1 1 1 1 1 1 1 1 1 1 1 1 1 1 1 1 1 1 1 1 1 1 1 1 1 1 1 1 1 1 1 1 1 1 1 1 1 1 1 1 1 1 1 1 1 1 1 1 1 1 1 1 1 1 1 1 1 1 1 1 1 1 1 1 1 1 1 1 1 1 1 1 1 1 1 1 1 1 1 1 1 1 1 1 1 1 1 1 1 1 1 1 1 1 1 1 1 1 1 1 1 1 1 1 1 1 1 1 1 1 1 1 1 1 1 1 1 1 1 1 1 1 1 1 1 1 1 1 1 1 1 1 1 1 1 1 1 1 1 1 1 1 1 1 1 1 1 1 1 1 1 1 1 1 1 1 1 1 1 1 1 1 1 1 1 1 1 1 1 1 1 1 1 1 1 1 1 1 1 1 1 1 1 1 1 1 1 1 1 1 1 1 1 1 1 1 1 1 1 1 1 1 1 1 1 1 1 1 1 1 1 1 1 1 1 1 1 1 1 1 1 1 1 1 1 1 1 1 1 1 1 1 1 1 1 1 1 1 1 1 1 1 1 1 1 1 1 1 1 1 1 1 1 1 1 1 1 1 1 1 1 1 1 1 1 1 1 1 1 1 1 1 1 1 1 1 1 1 1 1 1 1 1 1 1 1 1 1 1 1 1 1 1 1 1 1 1 1 1 1 1 1 1 1 1 1 1 1 1 1 1 1 1 1 1 1 1 1 1 1 1 1 1 1 1 1 1 1 1 1 1 1 1 1 1 1 1 1 1 1 1 1 1 1 1 1 1 1 1 1 1 1 1 1 1 1 1 1 1 1 1 1 1 1 1 1 1 1 1 1 1 1 1 1 1 1 1 1 1 1 1 1 1 1 1 1 1 1 1 1 1 1 1 1 1 1 1 1 1 1 1 1 1 1 1 1 1 1 1 1 1 1 1 1 1 1 1 1 1 1 1 1 1 1 1 1 1 1 1 1 1 1 1 1 1 1 1 1 1 1 1 1 1 1 1 1 1 1 1 1 1 1 1 1 1 1 1 1 1 1 1 1 1 1 1 1 1 1 1 1 1 1 1 1 1 1 1 1 1 1 1 1 1 1 1 1 1 1 1 1 1 1 1 1 1 1 1 1 1 1 1 1 1 1 1 1 1 1 1 1 1 1 1 1 1 1 1 1 1 1 1 1 1 1 1 1 1 1 1 1 1 1 1 1 1 1 1 1 1 1 1 1 1 1 1 1 1 1 1 1 1 1 1 1 1 1 1 1 1 1 1 1 1 1 1 1 1 1 1 1 1 1 1 1 1 1 1 1 1 1 1 1 1 1 1 1 1 1 1 1 1 1 1 1 1 1 1 1 1 1 1 1 1 1 1 1 1 1 1 1 1 1 1 1 1 1 1 1 1 1 1 1 1 1 1 1 1 1 1 1 1 1 1 1 1 1 1 1 1 1 1 1 1 1 1 1 1 1 1 1 1 1 1 1 1 1 1 1 1 1 1 1 1 1 1 1 1 1 1 1 1 1 1 1 1 1 1 1 1 1 1 1 1 1 1 1 1 1 1 1 1 1 1 1 1 1 1 1 1 1 1 1 1 1 1 1 1 1 1 1 1 1 1 1 1 1 1 1 1 1 1 1 1 1 1 1 1 1 1 1 1 1 1 1 1 1 1 1 1 1 1 1 1 1 1 1 1 1 1 1 1 1 1 1 1 1 1 1 1 1 1 1 1 1 1 1 1 1 1 1 1 1 1 1 1 1 1 1 1 1 1 1 1 1 1 1 1 1 1 1 1 1 1 1 1 1 1 1 1 1 1 1 1 1 1 1 1 1 1 1 1 1 1 1 1 1 1 1 1 1 1 1 1 1 1 1 1 1 1 1 1 1 1 1 1 1 1 1 1 1 1 1 1 1 1 1 1 1 1 1 1 1 1 1 1 1 1 1 1 1 1 1 1 1 1 1 1 1 1 1 1 1 1 1 1 1 1 1 1 1 1 1 1 1 1 1 1 1 1 1 1 1 1 1 1 1 1 1 1 1 1 1 1 1 1 1 1 1 1 1 1 1 1 1 1 1 1 1 1 1 1 1 1 1 1 1 1 1 1 1 1 1 1 1 1 1 1 1 1 1 1 1 1 1 1 1 1 1 1 1 1 1 1 1 1 1 1 1 1 1 1 1 1 1 1 1 1 1 1 1 1 1 1 1 1 1 1 1 1 1 1 1 1 1 1 1 1 1 1 1 1 1 1 1 1 1 1 1 1 1 1 1 1 1 1 1 1 1 1 1 1 1 1 1 1 1 1 1 1 1 1 1 1 1 1 1 1 1 1 1 1 1 1 1 1 1 1 1 1 1 1 1 1 1 1 1 1 1 1 1 1 1 1 1 1 1 1 1 1 1 1 1 1 1 1 1 1 1 1 1 1 1 1 1 1 1 1 1 1 1 1 1 1 1 1 1 1 1 1 1 1 1 1 1 1 1 1 1 1 1 1 1 1 1 1 1 1 1 1 1 1 1 1 1 1 1 1 1 1 1 1 1 1 1 1 1 1 1 1 1 1 1 1 1 1 1 1 1 1 1 1 1 1 1 1 1 1 1 1 1 1 1 1 1 1 1 1 1 1 1 1 1 1 1 1 1 1 1 1 1 1 1 1 1 1 1 1 1 1 1 1 1 1 1 1 1 1 1 1 1 1 1 1 1 1 1 1 1 1 1 1 1 1 1 1 1 1 1 1 1 1 1 1 1 1 1 1 1 1 1 1 1 1 1 1 1 1 1 1 1 1 1 1 1 1 1 1 1 1 1 1 1 1 1 1 1 1 1 1 1 1 1 1 1 1 1 1 1 1 1 1 1 1 1 1 1 1 1 1 1 1 1 1 1 1 1 1 1 1 1 1 1 1 1 1 1 1 1 1 1 1 1 1 1 1 1 1 1 1 1 1 1 1 1 1 1 1 1 1 1 1 1 1 1 1 1 1 1 1 1 1 1 1 1 1 1 1 1 1 1 1 1 1 1 1 1 1 1 1 1 1 1 1 1 1 1 1 1 1 1 1 1 1 1 1 1 1 1 1 1 1 1 1 1 1 1 1 1 1 1 1 1 1 1 1 1 1 1 1 1 1 1 1 1 1 1 1 1 1 1 1 1 1 1 1 1 1 1 1 1 1 1 1 1 1 1 1 1 1 1 1 1 1 1 1 1 1 1 1 1 1 1 1 1 1 1 1 1 1 1 1 1 1 1 1 1 1 1 1 1 1 1 1 1 1 1 1 1 1 1 1 1 1 1 1 1 1 1 1 1 1 1 1 1 1 1 1 1 1 1 1 1 1 1 1 1 1 1 1 1 1 1 1 1 1 1 1 1 1 1 1 1 1 1 1 1 1 1 1 1 1 1 1 1 1 1 1 1 1 1 1 1 1 1 1 1 1 1 1 1 1 1 1 1 1 1 1 1 1 1 1 1 1 1 1 1 1 1 1 1 1 1 1 1 1 1 1 1 1 1 1 1 1 1 1 1 1 1 1 1 1 1 1 1 1 1 1 1 1 1 1 1 1 1 1 1 1 1 1 1 1 1 1 1 1 1 1 1 1 1 1 1 1 1 1 1 1 1 1 1 1 1 1 1 1 1 1 1 1 1 1 1 1 1 1 1 1 1 1 1 1 1 1 1 1 1 1 1 1 1 1 1 1 1 1 1 1 1 1 1 1 1 1 1 1 1 1 1 1 1 1 1 1 1 1 1 1 1 1 1 1 1 1 1 1 1 1 1 1 1 1 1 1 1 1 1 1 1 1 1 1 1 1 1 1 1 1 1 1 1 1 1 1 1 1 1 1 1 1 1 1 1 1 1 1 1 1 1 1 1 1 1 1 1 1 1 1 1 1 1 1 1 1 1 1 1 1 1 1 1 1 1 1 1 1 1 1 1 1 1 1 1 1 1 1 1 1 1 1 1 1 1 1 1 1 1 1 1 1 1 1 1 1 1 1 1 1 1 1 1 1 1 1 1 1 1 1 1 1 1 1 1 1 1 1 1 1 1 1 1 1 1 1 1 1 1 1 1 1 1 1 1 1 1 1 1 1 1 1 1 1 1 1 1 1 1 1 1 1 1 1 1 1 1 1 1 1 1 1 1 1 1 1 1 1 1 1 1 1 1 1 1 1 1 1 1 1 1 1 1 1 1 1 1 1 1 1 1 1 1 1 1 1 1 1 1 1 1 1 1 1 1 1 1 1 1 1 1 1 1 1 1 1 1 1 1 1 1 1 1 1 1 1 1 1 1 1 1 1 1 1 1 1 1 1 1 1 1 1 1 1 1 1 1 1 1 1 1 1 1 1 1 1 1 1 1 1 1 1 1 1 1 1 1 1 1 1 1 1 1 1 1 1 1 1 1 1 1 1 1 1 1 1 1 1 1 1 1 1 1 1 1 1 1 1 1 1 1 1 1 1 1 1 1 1 1 1 1 1 1 1 1 1 1 1 1 1 1 1 1 1 1 1 1 1 1 1 1 1 1 1 1 1 1 1 1 1 1 1 1 1 1 1 1 1 1 1 1 1 1 1 1 1 1 1 1 1 1 1 1 1 1 1 1 1 1 1 1 1 1 1 1 1 1 1 1 1 1 1 1 1 1 1 1 1 1 1 1 1 1 1 1 1 1 1 1 1 1 1 1 1 1 1 1 1 1 1 1 1 1 1 1 1 1 1 1 1 1 1 1 1 1 1 1 1 1 1 1 1 1 1 1 1 1 1 1 1 1 1 1 1 1 1 1 1 1 1 1 1 1 1 1 1 1 1 1 1 1 1 1 1 1 1 1 1 1 1 1 1 1 1 1 1 1 1 1 1 1 1 1 1 1 1 1 1 1 1 1 1 1 1 1 1 1 1 1 1 1 1 1 1 1 1 1 1 1 1 1 1 1 1 1 1 1 1 1 1 1 1 1 1 1 1 1 1 1 1 1 1 1 1 1 1 1 1 1 1 1 1 1 1 1 1 1 1 1 1 1 1 1 1 1 1 1 1 1 1 1 1 1 1 1 1 1 1 1 1 1 1 1 1 1 1 1 1 1 1 1 1 1 1 1 1 1 1 1 1 1 1 1 1 1 1 1 1 1 1 1 1 1 1 1 1 1 1 1 1 1 1 1 1 1 1 1 1 1 1 1 1 1 1 1 1 1 1 1 1 1 1 1 1 1 1 1 1 1 1 1 1 1 1 1 1 1 1 1 1 1 1 1 1 1 1 1 1 1 1 1 1 1 1 1 1 1 1 1 1 1 1 1 1 1 1 1 1 1 1 1 1 1 1 1 1 1 1 1 1 1 1 1 1 1 1 1 1 1 1 1 1 1 1 1 1 1 1 1 1 1 1 1 1 1 1 1 1 1 1 1 1 1 1 1 1 1 1 1 1 1 1 1 1 1 1 1 1 1 1 1 1 1 1 1 1 1 1 1 1 1 1 1 1 1 1 1 1 1 1 1 1 1 1 1 1 1 1 1 1 1 1 1 1 1 1 1 1 1 1 1 1 1 1 1 1 1 1 1 1 1 1 1 1 1 1 1 1 1 1 1 1 1 1 1 1 1 1 1 1 1 1 1 1 1 1 1 1 1 1 1 1 1 1 1 1 1 1 1 1 1 1 1 1 1 1 1 1 1 1 1 1 1 1 1 1 1 1 1 1 1 1 1 1 1 1 1 1 1 1 1 1 1 1 1 1 1 1 1 1 1 1 1 1 1 1 1 1 1 1 1 1 1 1 1 1 1 1 1 1 1 1 1 1 1 1 1 1 1 1 1 1 1 1 1 1 1 1 1 1 1 1 1 1 1 1 1 1 1 1 1 1 1 1 1 1 1 1 1 1 1 1 1 1 1 1 1 1 1 1 1 1 1 1 1 1 1 1 1 1 1 1 1 1 1 1 1 1 1 1 1 1 1 1 1 1 1 1 1 1 1 1 1 1 1 1 1 1 1 1 1 1 1 1 1 1 1 1 1 1 1 1 1 1 1 1 1 1 1 1 1 1 1 1 1 1 1 1 1 1 1 1 1 1 1 1 1 1 1 1 1 1 1 1 1 1 1 1 1 1 1 1 1 1 1 1 1 1 1 1 1 1 1 1 1 1 1 1 1 1 1 1 1 1 1 1 1 1 1 1 1 1 1 1 1 1 1 1 1 1 1 1 1 1 1 1 1 1 1 1 1 1 1 1 1 1 1 1 1 1 1 1 1 1 1 1 1 1 1 1 1 1 1 1 1 1 1 1 1 1 1 1 1 1 1 1 1 1 1 1 1 1 1 1 1 1 1 1 1 1 1 1 1 1 1 1 1 1 1 1 1 1 1 1 1 1 1 1 1 1 1 1 1 1 1 1 1 1 1 1 1 1 1 1 1 1 1 1 1 1 1 1 1 1 1 1 1 1 1 1 1 1 1 1 1 1 1 1 1 1 1 1 1 1 1 1 1 1 1 1 1 1 1 1 1 1 1 1 1 1 1 1 1 1 1 1 1 1 1 1 1 1 1 1 1 1 1 1 1 1 1 1 1 1 1 1 1 1 1 1 1 1 1 1 1 1 1 1 1 1 1 1 1 1 1 1 1 1 1 1 1 1 1 1 1 1 1 1 1 1 1 1 1 1 1 1 1 1 1 1 1 1 1 1 1 1 1 1 1 1 1 1 1 1 1 1 1 1 1 1 1 1 1 1 1 1 1 1 1 1 1 1 1 1 1 1 1 1 1 1 1 1 1 1 1 1 1 1 1 1 1 1 1 1 1 1 1 1 1 1 1 1 1 1 1 1 1 1 1 1 1 1 1 1 1 1 1 1 1 1 1 1 1 1 1 1 1 1 1 1 1 1 1 1 1 1 1 1 1 1 1 1 1 1 1 1 1 1 1 1 1 1 1 1 1 1 1 1 1 1 1 1 1 1 1 1 1 1 1 1 1 1 1 1 1 1 1 1 1 1 1 1 1 1 1 1 1 1 1 1 1 1 1 1 1 1 1 1 1 1 1 1 1 1 1 1 1 1 1 1 1 1 1 1 1 1 1 1 1 1 1 1 1 1 1 1 1 1 1 1 1 1 1 1 1 1 1 1 1 1 1 1 1 1 1 1 1 1 1 1 1 1 1 1 1 1 1 1 1 1 1 1 1 1 1 1 1 1 1 1 1 1 1 1 1 1 1 1 1 1 1 1 1 1 1 1 1 1 1 1 1 1 1 1 1 1 1 1 1 1 1 1 1 1 1 1 1 1 1 1 1 1 1 1 1 1 1 1 1 1 1 1 1 1 1 1 1 1 1 1 1 1 1 1 1 1 1 1 1 1 1 1 1 1 1 1 1 1 1 1 1 1 1 1 1 1 1 1 1 1 1 1 1 1 1 1 1 1 1 1 1 1 1 1 1 1 1 1 1 1 1 1 1 1 1 1 1 1 1 1 1 1 1 1 1 1 1 1 1 1 1 1 1 1 1 1 1 1 1 1 1 1 1 1 1 1 1 1 1 1 1 1 1 1 1 1 1 1 1 1 1 1 1 1 1 1 1 1 1 1 1 1 1 1 1 1 1 1 1 1 1 1 1 1 1 1 1 1 1 1 1 1 1 1 1 1 1 1 1 1 1 1 1 1 1 1 1 1 1 1 1 1 1 1 1 1 1 1 1 1 1 1 1 1 1 1 1 1 1 1 1 1 1 1 1 1 1 1 1 1 1 1 1 1 1 1 1 1 1 1 1 1 1 1 1 1 1 1 1 1 1 1 1 1 1 1 1 1 1 1 1 1 1 1 1 1 1 1 1 1 1 1 1 1 1 1 1 1 1 1 1 1 1 1 1 1 1 1 1 1 1 1 1 1 1 1 1 1 1 1 1 1 1 1 1 1 1 1 1 1 1 1 1 1 1 1 1 1 1 1 1 1 1 1 1 1 1 1 1 1 1 1 1 1 1 1 1 1 1 1 1 1 1 1 1 1 1 1 1 1 1 1 1 1 1 1 1 1 1 1 1 1 1 1 1 1 1 1 1 1 1 1 1 1 1 1 1 1 1 1 1 1 1 1 1 1 1 1 1 1 1 1 1 1 1 1 1 1 1 1 1 1 1 1 1 1 1 1 1 1 1 1 1 1 1 1 1 1 1 1 1 1 1 1 1 1 1 1 1 1 1 1 1 1 1 1 1 1 1 1 1 1 1 1 1 1 1 1 1 1 1 1 1 1 1 1 1 1 1 1 1 1 1 1 1 1 1 1 1 1 1 1 1 1 1 1 1 1 1 1 1 1 1 1 1 1 1 1 1 1 1 1 1 1 1 1 1 1 1 1 1 1 1 1 1 1 1 1 1 1 1 1 1 1 1 1 1 1 1 1 1 1 1 1 1 1 1 1 1 1 1 1 1 1 1 1 1 1 1 1 1 1 1 1 1 1 1 1 1 1 1 1 1 1 1 1 1 1 1 1 1 1 1 1 1 1 1 1 1 1 1 1 1 1 1 1 1 1 1 1 1 1 1 1 1 1 1 1 1 1 1 1 1 1 1 1 1 1 1 1 1 1 1 1 1 1 1 1 1 1 1 1 1 1 1 1 1 1 1 1 1 1 1 1 1 1 1 1 1 1 1 1 1 1 1 1 1 1 1 1 1 1 1 1 1 1 1 1 1 1 1 1 1 1 1 1 1 1 1 1 1 1 1 1 1 1 1 1 1 1 1 1 1 1 1 1 1 1 1 1 1 1 1 1 1 1 1 1 1 1 1 1 1 1 1 1 1 1 1 1 1 1 1 1 1 1 1 1 1 1 1 1 1 1 1 1 1 1 1 1 1 1 1 1 1 1 1 1 1 1 1 1 1 1 1 1 1 1 1 1 1 1 1 1 1 1 1 1 1 1 1 1 1 1 1 1 1 1 1 1 1 1 1 1 1 1 1 1 1 1 1 1 1 1 1 1 1 1 1 1 1 1 1 1 1 1 1 1 1 1 1 1 1 1 1 1 1 1 1 1 1 1 1 1 1 1 1 1 1 1 1 1 1 1 1 1 1 1 1 1 1 1 1 1 1 1 1 1 1 1 1 1 1 1 1 1 1 1 1 1 1 1 1 1 1 1 1 1 1 1 1 1 1 1 1 1 1 1 1 1 1 1 1 1 1 1 1 1 1 1 1 1 1 1 1 1 1 1 1 1 1 1 1 1 1 1 1 1 1 1 1 1 1 1 1 1 1 1 1 1 1 1 1 1 1 1 1 1 1 1 1 1 1 1 1 1 1 1 1 1 1 1 1 1 1 1 1 1 1 1 1 1 1 1 1 1 1 1 1 1 1 1 1 1 1 1 1 1 1 1 1 1 1 1 1 1 1 1 1 1 1 1 1 1 1 1 1 1 1 1 1 1 1 1 1 1 1 1 1 1 1 1 1 1 1 1 1 1 1 1 1 1 1 1 1 1 1 1 1 1 1 1 1 1 1 1 1 1 1 1 1 1 1 1 1 1 1 1 1 1 1 1 1 1 1 1 1 1 1 1 1 1 1 1 1 1 1 1 1 1 1 1 1 1 1 1 1 1 1 1 1 1 1 1 1 1 1 1 1 1 1 1 1 1 1 1 1 1 1 1 1 1 1 1 1 1 1 1 1 1 1 1 1 1 1 1 1 1 1 1 1 1 1 1 1 1 1 1 1 1 1 1 1 1 1 1 1 1 1 1 1 1 1 1 1 1 1 1 1 1 1 1 1 1 1 1 1 1 1 1 1 1 1 1 1 1 1 1 1 1 1 1 1 1 1 1 1 1 1 1 1 1 1 1 1 1 1 1 1 1 1 1 1 1 1 1 1 1 1 1 1 1 1 1 1 1 1 1 1 1 1 1 1 1 1 1 1 1 1 1 1 1 1 1 1 1 1 1 1 1 1 1 1 1 1 1 1 1 1 1 1 1 1 1 1 1 1 1 1 1 1 1 1 1 1 1 1 1 1 1 1 1 1 1 1 1 1 1 1 1 1 1 1 1 1 1 1 1 1 1 1 1 1 1 1 1 1 1 1 1 1 1 1 1 1 1 1 1 1 1 1 1 1 1 1 1 1 1 1 1 1 1 1 1 1 1 1 1 1 1 1 1 1 1 1 1 1 1 1 1 1 1 1 1 1 1 1 1 1 1 1 1 1 1 1 1 1 1 1 1 1 1 1 1 1 1 1 1 1 1 1 1 1 1 1 1 1 1 1 1 1 1 1 1 1 1 1 1 1 1 1 1 1 1 1 1 1 1 1 1 1 1 1 1 1 1 1 1 1 1 1 1 1 1 1 1 1 1 1 1 1 1 1 1 1 1 1 1 1 1 1 1 1 1 1 1 1 1 1 1 1 1 1 1 1 1 1 1 1 1 1 1 1 1 1 1 1 1 1 1 1 1 1 1 1 1 1 1 1 1 1 1 1 1 1 1 1 1 1 1 1 1 1 1 1 1 1 1 1 1 1 1 1 1 1 1 1 1 1 1 1 1 1 1 1 1 1 1 1 1 1 1 1 1 1 1 1 1 1 1 1 1 1 1 1 1 1 1 1 1 1 1 1 1 1 1 1 1 1 1 1 1 1 1 1 1 1 1 1 1 1 1 1 1 1 1 1 1 1 1 1 1 1 1 1 1 1 1 1 1 1 1 1 1 1 1 1 1 1 1 1 1 1 1 1 1 1 1 1 1 1 1 1 1 1 1 1 1 1 1 1 1 1 1 1 1 1 1 1 1 1 1 1 1 1 1 1 1 1 1 1 1 1 1 1 1 1 1 1 1 1 1 1 1 1 1 1 1 1 1 1 1 1 1 1 1 1 1 1 1 1 1 1 1 1 1 1 1 1 1 1 1 1 1 1 1 1 1 1 1 1 1 1 1 1 1 1 1 1 1 1 1 1 1 1 1 1 1 1 1 1 1 1 1 1 1 1 1 1 1 1 1 1 1 1 1 1 1 1 1 1 1 1 1 1 1 1 1 1 1 1 1 1 1 1 1 1 1 1 1 1 1 1 1 1 1 1 1 1 1 1 1 1 1 1 1 1 1 1 1 1 1 1 1 1 1 1 1 1 1 1 1 1 1 1 1 1 1 1 1 1 1 1 1 1 1 1 1 1 1 1 1 1 1 1 1 1 1 1 1 1 1 1 1 1 1 1 1 1 1 1 1 1 1 1 1 1 1 1 1 1 1 1 1 1 1 1 1 1 1 1 1 1 1 1 1 1 1 1 1 1 1 1 1 1 1 1 1 1 1 1 1 1 1 1 1 1 1 1 1 1 1 1 1 1 1 1 1 1 1 1 1 1 1 1 1 1 1 1 1 1 1 1 1 1 1 1 1 1 1 1 1 1 1 1 1 1 1 1 1 1 1 1 1 1 1 1 1 1 1 1 1 1 1 1 1 1 1 1 1 1 1 1 1 1 1 1 1 1 1 1 1 1 1 1 1 1 1 1 1 1 1 1 1 1 1 1 1 1 1 1 1 1 1 1 1 1 1 1 1 1 1 1 1 1 1 1 1 1 1 1 1 1 1 1 1 1 1 1 1 1 1 1 1 1 1 1 1 1 1 1 1 1 1 1 1 1 1 1 1 1 1 1 1 1 1 1 1 1 1 1 1 1 1 1 1 1 1 1 1 1 1 1 1 1 1 1 1 1 1 1 1 1 1 1 1 1 1 1 1 1 1 1 1 1 1 1 1 1 1 1 1 1 1 1 1 1 1 1 1 1 1 1 1 1 1 1 1 1 1 1 1 1 1 1 1 1 1 1 1 1 1 1 1 1 1 1 1 1 1 1 1 1 1 1 1 1 1 1 1 1 1 1 1 1 1 1 1 1 1 1 1 1 1 1 1 1 1 1 1 1 1 1 1 1 1 1 1 1 1 1 1 1 1 1 1 1 1 1 1 1 1 1 1 1 1 1 1 1 1 1 1 1 1 1 1 1 1 1 1 1 1 1 1 1 1 1 1 1 1 1 1 1 1 1 1 1 1 1 1 1 1 1 1 1 1 1 1 1 1 1 1 1 1 1 1 1 1 1 1 1 1 1 1 1 1 1 1 1 1 1 1 1 1 1 1 1 1 1 1 1 1 1 1 1 1 1 1 1 1 1 1 1 1 1 1 1 1 1 1 1 1 1 1 1 1 1 1 1 1 1 1 1 1 1 1 1 1 1 1 1 1 1 1 1 1 1 1 1 1 1 1 1 1 1 1 1 1 1 1 1 1 1 1 1 1 1 1 1 1 1 1 1 1 1 1 1 1 1 1 1 1 1 1 1 1 1 1 1 1 1 1 1 1 1 1 1 1 1 1 1 1 1 1 1 1 1 1 1 1 1 1 1 1 1 1 1 1 1 1 1 1 1 1 1 1 1 1 1 1 1 1 1 1 1 1 1 1 1 1 1 1 1 1 1 1 1 1 1 1 1 1 1 1 1 1 1 1 1 1 1 1 1 1 1 1 1 1 1 1 1 1 1 1 1 1 1 1 1 1 1 1 1 1 1 1 1 1 1 1 1 1 1 1 1 1 1 1 1 1 1 1 1 1 1 1 1 1 1 1 1 1 1 1 1 1 1 1 1 1 1 1 1 1 1 1 1 1 1 1 1 1 1 1 1 1 1 1 1 1 1 1 1 1 1 1 1 1 1 1 1 1 1 1 1 1 1 1 1 1 1 1 1 1 1 1 1 1 1 1 1 1 1 1 1 1 1 1 1 1 1 1 1 1 1 1 1 1 1 1 1 1 1 1 1 1 1 1 1 1 1 1 1 1 1 1 1 1 1 1 1 1 1 1 1 1 1 1 1 1 1 1 1 1 1 1 1 1 1 1 1 1 1 1 1 1 1 1 1 1 1 1 1 1 1 1 1 1 1 1 1 1 1 1 1 1 1 1 1 1 1 1 1 1 1 1 1 1 1 1 1 1 1 1 1 1 1 1 1 1 1 1 1 1 1 1 1 1 1 1 1 1 1 1 1 1 1 1 1 1 1 1 1 1 1 1 1 1 1 1 1 1 1 1 1 1 1 1 1 1 1 1 1 1 1 1 1 1 1 1 1 1 1 1 1 1 1 1 1 1 1 1 1 1 1 1 1 1 1 1 1 1 1 1 1 1 1 1 1 1 1 1 1 1 1 1 1 1 1 1 1 1 1 1 1 1 1 1 1 1 1 1 1 1 1 1 1 1 1 1 1 1 1 1 1 1 1 1 1 1 1 1 1 1 1 1 1 1 1 1 1 1 1 1 1 1 1 1 1 1 1 1 1 1 1 1 1 1 1 1 1 1 1 1 1 1 1 1 1 1 1 1 1 1 1 1 1 1 1 1 1 1 1 1 1 1 1 1 1 1 1 1 1 1 1 1 1 1 1 1 1 1 1 1 1 1 1 1 1 1 1 1 1 1 1 1 1 1 1 1 1 1 1 1 1 1 1 1 1 1 1 1 1 1 1 1 1 1 1 1 1 1 1 1 1 1 1 1 1 1 1 1 1 1 1 1 1 1 1 1 1 1 1 1 1 1 1 1 1 1 1 1 1 1 1 1 1 1 1 1 1 1 1 1 1 1 1 1 1 1 1 1 1 1 1 1 1 1 1 1 1 1 1 1 1 1 1 1 1 1 1 1 1 1 1 1 1 1 1 1 1 1 1 1 1 1 1 1 1 1 1 1 1 1 1 1 1 1 1 1 1 1 1 1 1 1 1 1 1 1 1 1 1 1 1 1 1 1 1 1 1 1 1 1 1 1 1 1 1 1 1 1 1 1 1 1 1 1 1 1 1 1 1 1 1 1 1 1 1 1 1 1 1 1 1 1 1 1 1 1 1 1 1 1 1 1 1 1 1 1 1 1 1 1 1 1 1 1 1 1 1 1 1 1 1 1 1 1 1 1 1 1 1 1 1 1 1 1 1 1 1 1 1 1 1 1 1 1 1 1 1 1 1 1 1 1 1 1 1 1 1 1 1 1 1 1 1 1 1 1 1 1 1 1 1 1 1 1 1 1 1 1 1 1 1 1 1 1 1 1 1 1 1 1 1 1 1 1 1 1 1 1 1 1 1 1 1 1 1 1 1 1 1 1 1 1 1 1 1 1 1 1 1 1 1 1 1 1 1 1 1 1 1 1 1 1 1 1 1 1 1 1 1 1 1 1 1 1 1 1 1 1 1 1 1 1 1 1 1 1 1 1 1 1 1 1 1 1 1 1 1 1 1 1 1 1 1 1 1 1 1 1 1 1 1 1 1 1 1 1 1 1 1 1 1 1 1 1 1 1 1 1 1 1 1 1 1 1 1 1 1 1 1 1 1 1 1 1 1 1 1 1 1 1 1 1 1 1 1 1 1 1 1 1 1 1 1 1 1 1 1 1 1 1 1 1 1 1 1 1 1 1 1 1 1 1 1 1 1 1 1 1 1 1 1 1 1 1 1 1 1 1 1 1 1 1 1 1 1 1 1 1 1 1 1 1 1 1 1 1 1 1 1 1 1 1 1 1 1 1 1 1 1 1 1 1 1 1 1 1 1 1 1 1 1 1 1 1 1 1 1 1 1 1 1 1 1 1 1 1 1 1 1 1 1 1 1 1 1 1 1 1 1 1 1 1 1 1 1 1 1 1 1 1 1 1 1 1 1 1 1 1 1 1 1 1 1 1 1 1 1 1 1 1 1 1 1 1 1 1 1 1 1 1 1 1 1 1 1 1 1 1 1 1 1 1 1 1 1 1 1 1 1 1 1 1 1 1 1 1 1 1 1 1 1 1 1 1 1 1 1 1 1 1 1 1 1 1 1 1 1 1 1 1 1 1 1 1 1 1 1 1 1 1 1 1 1 1 1 1 1 1 1 1 1 1 1 1 1 1 1 1 1 1 1 1 1 1 1 1 1 1 1 1 1 1 1 1 1 1 1 1 1 1 1 1 1 1 1 1 1 1 1 1 1 1 1 1 1 1 1 1 1 1 1 1 1 1 1 1 1 1 1 1 1 1 1 1 1 1 1 1 1 1 1 1 1 1 1 1 1 1 1 1 1 1 1 1 1 1 1 1 1 1 1 1 1 1 1 1 1 1 1 1 1 1 1 1 1 1 1 1 1 1 1 1 1 1 1 1 1 1 1 1 1 1 1 1 1 1 1 1 1 1 1 1 1 1 1 1 1 1 1 1 1 1 1 1 1 1 1 1 1 1 1 1 1 1 1 1 1 1 1 1 1 1 1 1 1 1 1 1 1 1 1 1 1 1 1 1 1 1 1 1 1 1 1 1 1 1 1 1 1 1 1 1 1 1 1 1 1 1 1 1 1 1 1 1 1 1 1 1 1 1 1 1 1 1 1 1 1 1 1 1 1 1 1 1 1 1 1 1 1 1 1 1 1 1 1 1 1 1 1 1 1 1 1 1 1 1 1 1 1 1 1 1 1 1 1 1 1 1 1 1 1 1 1 1 1 1 1 1 1 1 1 1 1 1 1 1 1 1 1 1 1 1 1 1 1 1 1 1 1 1 1 1 1 1 1 1 1 1 1 1 1 1 1 1 1 1 1 1 1 1 1 1 1 1 1 1 1 1 1 1 1 1 1 1 1 1 1 1 1 1 1 1 1 1 1 1 1 1 1 1 1 1 1 1 1 1 1 1 1 1 1 1 1 1 1 1 1 1 1 1 1 1 1 1 1 1 1 1 1 1 1 1 1 1 1 1 1 1 1 1 1 1 1 1 1 1 1 1 1 1 1 1 1 1 1 1 1 1 1 1 1 1 1 1 1 1 1 1 1 1 1 1 1 1 1 1 1 1 1 1 1 1 1 1 1 1 1 1 1 1 1 1 1 1 1 1 1 1 1 1 1 1 1 1 1 1 1 1 1 1 1 1 1 1 1 1 1 1 1 1 1 1 1 1 1 1 1 1 1 1 1 1 1 1 1 1 1 1 1 1 1 1 1 1 1 1 1 1 1 1 1 1 1 1 1 1 1 1 1 1 1 1 1 1 1 1 1 1 1 1 1 1 1 1 1 1 1 1 1 1 1 1 1 1 1 1 1 1 1 1 1 1 1 1 1 1 1 1 1 1 1 1 1 1 1 1 1 1 1 1 1 1 1 1 1 1 1 1 1 1 1 1 1 1 1 1 1 1 1 1 1 1 1 1 1 1 1 1 1 1 1 1 1 1 1 1 1 1 1 1 1 1 1 1 1 1 1 1 1 1 1 1 1 1 1 1 1 1 1 1 1 1 1 1 1 1 1 1 1 1 1 1 1 1 1 1 1 1 1 1 1 1 1 1 1 1 1 1 1 1 1 1 1 1 1 1 1 1 1 1 1 1 1 1 1 1 1 1 1 1 1 1 1 1 1 1 1 1 1 1 1 1 1 1 1 1 1 1 1 1 1 1 1 1 1 1 1 1 1 1 1 1 1 1 1 1 1 1 1 1 1 1 1 1 1 1 1 1 1 1 1 1 1 1 1 1 1 1 1 1 1 1 1 1 1 1 1 1 1 1 1 1 1 1 1 1 1 1 1 1 1 1 1 1 1 1 1 1 1 1 1 1 1 1 1 1 1 1 1 1 1 1 1 1 1 1 1 1 1 1 1 1 1 1 1 1 1 1 1 1 1 1 1 1 1 1 1 1 1 1 1 1 1 1 1 1 1 1 1 1 1 1 1 1 1 1 1 1 1 1 1 1 1 1 1 1 1 1 1 1 1 1 1 1 1 1 1 1 1 1 1 1 1 1 1 1 1 1 1 1 1 1 1 1 1 1 1 1 1 1 1 1 1 1 1 1 1 1 1 1 1 1 1 1 1 1 1 1 1 1 1 1 1 1 1 1 1 1 1 1 1 1 1 1 1 1 1 1 1 1 1 1 1 1 1 1 1 1 1 1 1 1 1 1 1 1 1 1 1 1 1 1 1 1 1 1 1 1 1 1 1 1 1 1 1 1 1 1 1 1 1 1 1 1 1 1 1 1 1 1 1 1 1 1 1 1 1 1 1 1 1 1 1 1 1 1 1 1 1 1 1 1 1 1 1 1 1 1 1 1 1 1 1 1 1 1 1 1 1 1 1 1 1 1 1 1 1 1 1 1 1 1 1 1 1 1 1 1 1 1 1 1 1 1 1 1 1 1 1 1 1 1 1 1 1 1 1 1 1 1 1 1 1 1 1 1 1 1 1 1 1 1 1 1 1 1 1 1 1 1 1 1 1 1 1 1 1 1 1 1 1 1 1 1 1 1 1 1 1 1 1 1 1 1 1 1 1 1 1 1 1 1 1 1 1 1 1 1 1 1 1 1 1 1 1 1 1 1 1 1 1 1 1 1 1 1 1 1 1 1 1 1 1 1 1 1 1 1 1 1 1 1 1 1 1 1 1 1 1 1 1 1 1 1 1 1 1 1 1 1 1 1 1 1 1 1 1 1 1 1 1 1 1 1 1 1 1 1 1 1 1 1 1 1 1 1 1 1 1 1 1 1 1 1 1 1 1 1 1 1 1 1 1 1 1 1 1 1 1 1 1 1 1 1 1 1 1 1 1 1 1 1 1 1 1 1 1 1 1 1 1 1 1 1 1 1 1 1 1 1 1 1 1 1 1 1 1 1 1 1 1 1 1 1 1 1 1 1 1 1 1 1 1 1 1 1 1 1 1 1 1 1 1 1 1 1 1 1 1 1 1 1 1 1 1 1 1 1 1 1 1 1 1 1 1 1 1 1 1 1 1 1 1 1 1 1 1 1 1 1 1 1 1 1 1 1 1 1 1 1 1 1 1 1 1 1 1 1 1 1 1 1 1 1 1 1 1 1 1 1 1 1 1 1 1 1 1 1 1 1 1 1 1 1 1 1 1 1 1 1 1 1 1 1 1 1 1 1 1 1 1 1 1 1 1 1 1 1 1 1 1 1 1 1 1 1 1 1 1 1 1 1 1 1 1 1 1 1 1 1 1 1 1 1 1 1 1 1 1 1 1 1 1 1 1 1 1 1 1 1 1 1 1 1 1 1 1 1 1 1 1 1 1 1 1 1 1 1 1 1 1 1 1 1 1 1 1 1 1 1 1 1 1 1 1 1 1 1 1 1 1 1 1 1 1 1 1 1 1 1 1 1 1 1 1 1 1 1 1 1 1 1 1 1 1 1 1 1 1 1 1 1 1 1 1 1 1 1 1 1 1 1 1 1 1 1 1 1 1 1 1 1 1 1 1 1 1 1 1 1 1 1 1 1 1 1 1 1 1 1 1 1 1 1 1 1 1 1 1 1 1 1 1 1 1 1 1 1 1 1 1 1 1 1 1 1 1 1 1 1 1 1 1 1 1 1 1 1 1 1 1 1 1 1 1 1 1 1 1 1 1 1 1 1 1 1 1 1 1 1 1 1 1 1 1 1 1 1 1 1 1 1 1 1 1 1 1 1 1 1 1 1 1 1 1 1 1 1 1 1 1 1 1 1 1 1 1 1 1 1 1 1 1 1 1 1 1 1 1 1 1 1 1 1 1 1 1 1 1 1 1 1 1 1 1 1 1 1 1 1 1 1 1 1 1 1 1 1 1 1 1 1 1 1 1 1 1 1 1 1 1 1 1 1 1 1 1 1 1 1 1 1 1 1 1 1 1 1 1 1 1 1 1 1 1 1 1 1 1 1 1 1 1 1 1 1 1 1 1 1 1 1 1 1 1 1 1 1 1 1 1 1 1 1 1 1 1 1 1 1 1 1 1 1 1 1 1 1 1 1 1 1 1 1 1 1 1 1 1 1 1 1 1 1 1 1 1 1 1 1 1 1 1 1 1 1 1 1 1 1 1 1 1 1 1 1 1 1 1 1 1 1 1 1 1 1 1 1 1 1 1 1 1 1 1 1 1 1 1 1 1 1 1 1 1 1 1 1 1 1 1 1 1 1 1 1 1 1 1 1 1 1 1 1 1 1 1 1 1 1 1 1 1 1 1 1 1 1 1 1 1 1 1 1 1 1 1 1 1 1 1 1 1 1 1 1 1 1 1 1 1 1 1 1 1 1 1 1 1 1 1 1 1 1 1 1 1 1 1 1 1 1 1 1 1 1 1 1 1 1 1 1 1 1 1 1 1 1 1 1 1 1 1 1 1 1 1 1 1 1 1 1 1 1 1 1 1 1 1 1 1 1 1 1 1 1 1 1 1 1 1 1 1 1 1 1 1 1 1 1 1 1 1 1 1 1 1 1 1 1 1 1 1 1 1 1 1 1 1 1 1 1 1 1 1 1 1 1 1 1 1 1 1 1 1 1 1 1 1 1 1 1 1 1 1 1 1 1 1 1 1 1 1 1 1 1 1 1 1 1 1 1 1 1 1 1 1 1 1 1 1 1 1 1 1 1 1 1 1 1 1 1 1 1 1 1 1 1 1 1 1 1 1 1 1 1 1 1 1 1 1 1 1 1 1 1 1 1 1 1 1 1 1 1 1 1 1 1 1 1 1 1 1 1 1 1 1 1 1 1 1 1 1 1 1 1 1 1 1 1 1 1 1 1 1 1 1 1 1 1 1 1 1 1 1 1 1 1 1 1 1 1 1 1 1 1 1 1 1 1 1 1 1 1 1 1 1 1 1 1 1 1 1 1 1 1 1 1 1 1 1 1 1 1 1 1 1 1 1 1 1 1 1 1 1 1 1 1 1 1 1 1 1 1 1 1 1 1 1 1 1 1 1 1 1 1 1 1 1 1 1 1 1 1 1 1 1 1 1 1 1 1 1 1 1 1 1 1 1 1 1 1 1 1 1 1 1 1 1 1 1 1 1 1 1 1 1 1 1 1 1 1 1 1 1 1 1 1 1 1 1 1 1 1 1 1 1 1 1 1 1 1 1 1 1 1 1 1 1 1 1 1 1 1 1 1 1 1 1 1 1 1 1 1 1 1 1 1 1 1 1 1 1 1 1 1 1 1 1 1 1 1 1 1 1 1 1 1 1 1 1 1 1 1 1 1 1 1 1 1 1 1 1 1 1 1 1 1 1 1 1 1 1 1 1 1 1 1 1 1 1 1 1 1 1 1 1 1 1 1 1 1 1 1 1 1 1 1 1 1 1 1 1 1 1 1 1 1 1 1 1 1 1 1 1 1 1 1 1 1 1 1 1 1 1 1 1 1 1 1 1 1 1 1 1 1 1 1 1 1 1 1 1 1 1 1 1 1 1 1 1 1 1 1 1 1 1 1 1 1 1 1 1 1 1 1 1 1 1 1 1 1 1 1 1 1 1 1 1 1 1 1 1 1 1 1 1 1 1 1 1 1 1 1 1 1 1 1 1 1 1 1 1 1 1 1 1 1 1 1 1 1 1 1 1 1 1 1 1 1 1 1 1 1 1 1 1 1 1 1 1 1 1 1 1 1 1 1 1 1 1 1 1 1 1 1 1 1 1 1 1 1 1 1 1 1 1 1 1 1 1 1 1 1 1 1 1 1 1 1 1 1 1 1 1 1 1 1 1 1 1 1 1 1 1 1 1 1 1 1 1 1 1 1 1 1 1 1 1 1 1 1 1 1 1 1 1 1 1 1 1 1 1 1 1 1 1 1 1 1 1 1 1 1 1 1 1 1 1 1 1 1 1 1 1 1 1 1 1 1 1 1 1 1 1 1 1 1 1 1 1 1 1 1 1 1 1 1 1 1 1 1 1 1 1 1 1 1 1 1 1 1 1 1 1 1 1 1 1 1 1 1 1 1 1 1 1 1 1 1 1 1 1 1 1 1 1 1 1 1 1 1 1 1 1 1 1 1 1 1 1 1 1 1 1 1 1 1 1 1 1 1 1 1 1 1 1 1 1 1 1 1 1 1 1 1 1 1 1 1 1 1 1 1 1 1 1 1 1 1 1 1 1 1 1 1 1 1 1 1 1 1 1 1 1 1 1 1 1 1 1 1 1 1 1 1 1 1 1 1 1 1 1 1 1 1 1 1 1 1 1 1 1 1 1 1 1 1 1 1 1 1 1 1 1 1 1 1 1 1 1 1 1 1 1 1 1 1 1 1 1 1 1 1 1 1 1 1 1 1 1 1 1 1 1 1 1 1 1 1 1 1 1 1 1 1 1 1 1 1 1 1 1 1 1 1 1 1 1 1 1 1 1 1 1 1 1 1 1 1 1 1 1 1 1 1 1 1 1 1 1 1 1 1 1 1 1 1 1 1 1 1 1 1 1 1 1 1 1 1 1 1 1 1 1 1 1 1 1 1 1 1 1 1 1 1 1 1 1 1 1 1 1 1 1 1 1 1 1 1 1 1 1 1 1 1 1 1 1 1 1 1 1 1 1 1 1 1 1 1 1 1 1 1 1 1 1 1 1 1 1 1 1 1 1 1 1 1 1 1 1 1 1 1 1 1 1 1 1 1 1 1 1 1 1 1 1 1 1 1 1 1 1 1 1 1 1 1 1 1 1 1 1 1 1 1 1 1 1 1 1 1 1 1 1 1 1 1 1 1 1 1 1 1 1 1 1 1 1 1 1 1 1 1 1 1 1 1 1 1 1 1 1 1 1 1 1 1 1 1 1 1 1 1 1 1 1 1 1 1 1 1 1 1 1 1 1 1 1 1 1 1 1 1 1 1 1 1 1 1 1 1 1 1 1 1 1 1 1 1 1 1 1 1 1 1 1 1 1 1 1 1 1 1 1 1 1 1 1 1 1 1 1 1 1 1 1 1 1 1 1 1 1 1 1 1 1 1 1 1 1 1 1 1 1 1 1 1 1 1 1 1 1 1 1 1 1 1 1 1 1 1 1 1 1 1 1 1 1 1 1 1 1 1 1 1 1 1 1 1 1 1 1 1 1 1 1 1 1 1 1 1 1 1 1 1 1 1 1 1 1 1 1 1 1 1 1 1 1 1 1 1 1 1 1 1 1 1 1 1 1 1 1 1 1 1 1 1 1 1 1 1 1 1 1 1 1 1 1 1 1 1 1 1 1 1 1 1 1 1 1 1 1 1 1 1 1 1 1 1 1 1 1 1 1 1 1 1 1 1 1 1 1 1 1 1 1 1 1 1 1 1 1 1 1 1 1 1 1 1 1 1 1 1 1 1 1 1 1 1 1 1 1 1 1 1 1 1 1 1 1 1 1 1 1 1 1 1 1 1 1 1 1 1 1 1 1 1 1 1 1 1 1 1 1 1 1 1 1 1 1 1 1 1 1 1 1 1 1 1 1 1 1 1 1 1 1 1 1 1 1 1 1 1 1 1 1 1 1 1 1 1 1 1 1 1 1 1 1 1 1 1 1 1 1 1 1 1 1 1 1 1 1 1 1 1 1 1 1 1 1 1 1 1 1 1 1 1 1 1 1 1 1 1 1 1 1 1 1 1 1 1 1 1 1 1 1 1 1 1 1 1 1 1 1 1 1 1 1 1 1 1 1 1 1 1 1 1 1 1 1 1 1 1 1 1 1 1 1 1 1 1 1 1 1 1 1 1 1 1 1 1 1 1 1 1 1 1 1 1 1 1 1 1 1 1 1 1 1 1 1 1 1 1 1 1 1 1 1 1 1 1 1 1 1 1 1 1 1 1 1 1 1 1 1 1 1 1 1 1 1 1 1 1 1 1 1 1 1 1 1 1 1 1 1 1 1 1 1 1 1 1 1 1 1 1 1 1 1 1 1 1 1 1 1 1 1 1 1 1 1 1 1 1 1 1 1 1 1 1 1 1 1 1 1 1 1 1 1 1 1 1 1 1 1 1 1 1 1 1 1 1 1 1 1 1 1 1 1 1 1 1 1 1 1 1 1 1 1 1 1 1 1 1 1 1 1 1 1 1 1 1 1 1 1 1 1 1 1 1 1 1 1 1 1 1 1 1 1 1 1 1 1 1 1 1 1 1 1 1 1 1 1 1 1 1 1 1 1 1 1 1 1 1 1 1 1 1 1 1 1 1 1 1 1 1 1 1 1 1 1 1 1 1 1 1 1 1 1 1 1 1 1 1 1 1 1 1 1 1 1 1 1 1 1 1 1 1 1 1 1 1 1 1 1 1 1 1 1 1 1 1 1 1 1 1 1 1 1 1 1 1 1 1 1 1 1 1 1 1 1 1 1 1 1 1 1 1 1 1 1 1 1 1 1 1 1 1 1 1 1 1 1 1 1 1 1 1 1 1 1 1 1 1 1 1 1 1 1 1 1 1 1 1 1 1 1 1 1 1 1 1 1 1 1 1 1 1 1 1 1 1 1 1 1 1 1 1 1 1 1 1 1 1 1 1 1 1 1 1 1 1 1 1 1 1 1 1 1 1 1 1 1 1 1 1 1 1 1 1 1 1 1 1 1 1 1 1 1 1 1 1 1 1 1 1 1 1 1 1 1 1 1 1 1 1 1 1 1 1 1 1 1 1 1 1 1 1 1 1 1 1 1 1 1 1 1 1 1 1 1 1 1 1 1 1 1 1 1 1 1 1 1 1 1 1 1 1 1 1 1 1 1 1 1 1 1 1 1 1 1 1 1 1 1 1 1 1 1 1 1 1 1 1 1 1 1 1 1 1 1 1 1 1 1 1 1 1 1 1 1 1 1 1 1 1 1 1 1 1 1 1 1 1 1 1 1 1 1 1 1 1 1 1 1 1 1 1 1 1 1 1 1 1 1 1 1 1 1 1 1 1 1 1 1 1 1 1 1 1 1 1 1 1 1 1 1 1 1 1 1 1 1 1 1 1 1 1 1 1 1 1 1 1 1 1 1 1 1 1 1 1 1 1 1 1 1 1 1 1 1 1 1 1 1 1 1 1 1 1 1 1 1 1 1 1 1 1 1 1 1 1 1 1 1 1 1 1 1 1 1 1 1 1 1 1 1 1 1 1 1 1 1 1 1 1 1 1 1 1 1 1 1 1 1 1 1 1 1 1 1 1 1 1 1 1 1 1 1 1 1 1 1 1 1 1 1 1 1 1 1 1 1 1 1 1 1 1 1 1 1 1 1 1 1 1 1 1 1 1 1 1 1 1 1 1 1 1 1 1 1 1 1 1 1 1 1 1 1 1 1 1 1 1 1 1 1 1 1 1 1 1 1 1 1 1 1 1 1 1 1 1 1 1 1 1 1 1 1 1 1 1 1 1 1 1 1 1 1 1 1 1 1 1 1 1 1 1 1 1 1 1 1 1 1 1 1 1 1 1 1 1 1 1 1 1 1 1 1 1 1 1 1 1 1 1 1 1 1 1 1 1 1 1 1 1 1 1 1 1 1 1 1 1 1 1 1 1 1 1 1 1 1 1 1 1 1 1 1 1 1 1 1 1 1 1 1 1 1 1 1 1 1 1 1 1 1 1 1 1 1 1 1 1 1 1 1 1 1 1 1 1 1 1 1 1 1 1 1 1 1 1 1 1 1 1 1 1 1 1 1 1 1 1 1 1 1 1 1 1 1 1 1 1 1 1 1 1 1 1 1 1 1 1 1 1 1 1 1 1 1 1 1 1 1 1 1 1 1 1 1 1 1 1 1 1 1 1 1 1 1 1 1 1 1 1 1 1 1 1 1 1 1 1 1 1 1 1 1 1 1 1 1 1 1 1 1 1 1 1 1 1 1 1 1 1 1 1 1 1 1 1 1 1 1 1 1 1 1 1 1 1 1 1 1 1 1 1 1 1 1 1 1 1 1 1 1 1 1 1 1 1 1 1 1 1 1 1 1 1 1 1 1 1 1 1 1 1 1 1 1 1 1 1 1 1 1 1 1 1 1 1 1 1 1 1 1 1 1 1 1 1 1 1 1 1 1 1 1 1 1 1 1 1 1 1 1 1 1 1 1 1 1 1 1 1 1 1 1 1 1 1 1 1 1 1 1 1 1 1 1 1 1 1 1 1 1 1 1 1 1 1 1 1 1 1 1 1 1 1 1 1 1 1 1 1 1 1 1 1 1 1 1 1 1 1 1 1 1 1 1 1 1 1 1 1 1 1 1 1 1 1 1 1 1 1 1 1 1 1 1 1 1 1 1 1 1 1 1 1 1 1 1 1 1 1 1 1 1 1 1 1 1 1 1 1 1 1 1 1 1 1 1 1 1 1 1 1 1 1 1 1 1 1 1 1 1 1 1 1 1 1 1 1 1 1 1 1 1 1 1 1 1 1 1 1 1 1 1 1 1 1 1 1 1 1 1 1 1 1 1 1 1 1 1 1 1 1 1 1 1 1 1 1 1 1 1 1 1 1 1 1 1 1 1 1 1 1 1 1 1 1 1 1 1 1 1 1 1 1 1 1 1 1 1 1 1 1 1 1 1 1 1 1 1 1 1 1 1 1 1 1 1 1 1 1 1 1 1 1 1 1 1 1 1 1 1 1 1 1 1 1 1 1 1 1 1 1 1 1 1 1 1 1 1 1 1 1 1 1 1 1 1 1 1 1 1 1 1 1 1 1 1 1 1 1 1 1 1 1 1 1 1 1 1 1 1 1 1 1 1 1 1 1 1 1 1 1 1 1 1 1 1 1 1 1 1 1 1 1 1 1 1 1 1 1 1 1 1 1 1 1 1 1 1 1 1 1 1 1 1 1 1 1 1 1 1 1 1 1 1 1 1 1 1 1 1 1 1 1 1 1 1 1 1 1 1 1 1 1 1 1 1 1 1 1 1 1 1 1 1 1 1 1 1 1 1 1 1 1 1 1 1 1 1 1 1 1 1 1 1 1 1 1 1 1 1 1 1 1 1 1 1 1 1 1 1 1 1 1 1 1 1 1 1 1 1 1 1 1 1 1 1 1 1 1 1 1 1 1 1 1 1 1 1 1 1 1 1 1 1 1 1 1 1 1 1 1 1 1 1 1 1 1 1 1 1 1 1 1 1 1 1 1 1 1 1 1 1 1 1 1 1 1 1 1 1 1 1 1 1 1 1 1 1 1 1 1 1 1 1 1 1 1 1 1 1 1 1 1 1 1 1 1 1 1 1 1 1 1 1 1 1 1 1 1 1 1 1 1 1 1 1 1 1 1 1 1 1 1 1 1 1 1 1 1 1 1 1 1 1 1 1 1 1 1 1 1 1 1 1 1 1 1 1 1 1 1 1 1 1 1 1 1 1 1 1 1 1 1 1 1 1 1 1 1 1 1 1 1 1 1 1 1 1 1 1 1 1 1 1 1 1 1 1 1 1 1 1 1 1 1 1 1 1 1 1 1 1 1 1 1 1 1 1 1 1 1 1 1 1 1 1 1 1 1 1 1 1 1 1 1 1 1 1 1 1 1 1 1 1 1 1 1 1 1 1 1 1 1 1 1 1 1 1 1 1 1 1 1 1 1 1 1 1 1 1 1 1 1 1 1 1 1 1 1 1 1 1 1 1 1 1 1 1 1 1 1 1 1 1 1 1 1 1 1 1 1 1 1 1 1 1 1 1 1 1 1 1 1 1 1 1 1 1 1 1 1 1 1 1 1 1 1 1 1 1 1 1 1 1 1 1 1 1 1 1 1 1 1 1 1 1 1 1 1 1 1 1 1 1 1 1 1 1 1 1 1 1 1 1 1 1 1 1 1 1 1 1 1 1 1 1 1 1 1 1 1 1 1 1 1 1 1 1 1 1 1 1 1 1 1 1 1 1 1 1 1 1 1 1 1 1 1 1 1 1 1 1 1 1 1 1 1 1 1 1 1 1 1 1 1 1 1 1 1 1 1 1 1 1 1 1 1 1 1 1 1 1 1 1 1 1 1 1 1 1 1 1 1 1 1 1 1 1 1 1 1 1 1 1 1 1 1 1 1 1 1 1 1 1 1 1 1 1 1 1 1 1 1 1 1 1 1 1 1 1 1 1 1 1 1 1 1 1 1 1 1 1 1 1 1 1 1 1 1 1 1 1 1 1 1 1 1 1 1 1 1 1 1 1 1 1 1 1 1 1 1 1 1 1 1 1 1 1 1 1 1 1 1 1 1 1 1 1 1 1 1 1 1 1 1 1 1 1 1 1 1 1 1 1 1 1 1 1 1 1 1 1 1 1 1 1 1 1 1 1 1 1 1 1 1 1 1 1 1 1 1 1 1 1 1 1 1 1 1 1 1 1 1 1 1 1 1 1 1 1 1 1 1 1 1 1 1 1 1 1 1 1 1 1 1 1 1 1 1 1 1 1 1 1 1 1 1 1 1 1 1 1 1 1 1 1 1 1 1 1 1 1 1 1 1 1 1 1 1 1 1 1 1 1 1 1 1 1 1 1 1 1 1 1 1 1 1 1 1 1 1 1 1 1 1 1 1 1 1 1 1 1 1 1 1 1 1 1 1 1 1 1 1 1 1 1 1 1 1 1 1 1 1 1 1 1 1 1 1 1 1 1 1 1 1 1 1 1 1 1 1 1 1 1 1 1 1 1 1 1 1 1 1 1 1 1 1 1 1 1 1 1 1 1 1 1 1 1 1 1 1 1 1 1 1 1 1 1 1 1 1 1 1 1 1 1 1 1 1 1 1 1 1 1 1 1 1 1 1 1 1 1 1 1 1 1 1 1 1 1 1 1 1 1 1 1 1 1 1 1 1 1 1 1 1 1 1 1 1 1 1 1 1 1 1 1 1 1 1 1 1 1 1 1 1 1 1 1 1 1 1 1 1 1 1 1 1 1 1 1 1 1 1 1 1 1 1 1 1 1 1 1 1 1 1 1 1 1 1 1 1 1 1 1 1 1 1 1 1 1 1 1 1 1 1 1 1 1 1 1 1 1 1 1 1 1 1 1 1 1 1 1 1 1 1 1 1 1 1 1 1 1 1 1 1 1 1 1 1 1 1 1 1 1 1 1 1 1 1 1 1 1 1 1 1 1 1 1 1 1 1 1 1 1 1 1 1 1 1 1 1 1 1 1 1 1 1 1 1 1 1 1 1 1 1 1 1 1 1 1 1 1 1 1 1 1 1 1 1 1 1 1 1 1 1 1 1 1 1 1 1 1 1 1 1 1 1 1 1 1 1 1 1 1 1 1 1 1 1 1 1 1 1 1 1 1 1 1 1 1 1 1 1 1 1 1 1 1 1 1 1 1 1 1 1 1 1 1 1 1 1 1 1 1 1 1 1 1 1 1 1 1 1 1 1 1 1 1 1 1 1 1 1 1 1 1 1 1 1 1 1 1 1 1 1 1 1 1 1 1 1 1 1 1 1 1 1 1 1 1 1 1 1 1 1 1 1 1 1 1 1 1 1 1 1 1 1 1 1 1 1 1 1 1 1 1 1 1 1 1 1 1 1 1 1 1 1 1 1 1 1 1 1 1 1 1 1 1 1 1 1 1 1 1 1 1 1 1 1 1 1 1 1 1 1 1 1 1 1 1 1 1 1 1 1 1 1 1 1 1 1 1 1 1 1 1 1 1 1 1 1 1 1 1 1 1 1 1 1 1 1 1 1 1 1 1 1 1 1 1 1 1 1 1 1 1 1 1 1 1 1 1 1 1 1 1 1 1 1 1 1 1 1 1 1 1 1 1 1 1 1 1 1 1 1 1 1 1 1 1 1 1 1 1 1 1 1 1 1 1 1 1 1 1 1 1 1 1 1 1 1 1 1 1 1 1 1 1 1 1 1 1 1 1 1 1 1 1 1 1 1 1 1 1 1 1 1 1 1 1 1 1 1 1 1 1 1 1 1 1 1 1 1 1 1 1 1 1 1 1 1 1 1 1 1 1 1 1 1 1 1 1 1 1 1 1 1 1 1 1 1 1 1 1 1 1 1 1 1 1 1 1 1 1 1 1 1 1 1 1 1 1 1 1 1 1 1 1 1 1 1 1 1 1 1 1 1 1 1 1 1 1 1 1 1 1 1 1 1 1 1 1 1 1 1 1 1 1 1 1 1 1 1 1 1 1 1 1 1 1 1 1 1 1 1 1 1 1 1 1 1 1 1 1 1 1 1 1 1 1 1 1 1 1 1 1 1 1 1 1 1 1 1 1 1 1 1 1 1 1 1 1 1 1 1 1 1 1 1 1 1 1 1 1 1 1 1 1 1 1 1 1 1 1 1 1 1 1 1 1 1 1 1 1 1 1 1 1 1 1 1 1 1 1 1 1 1 1 1 1 1 1 1 1 1 1 1 1 1 1 1 1 1 1 1 1 1 1 1 1 1 1 1 1 1 1 1 1 1 1 1 1 1 1 1 1 1 1 1 1 1 1 1 1 1 1 1 1 1 1 1 1 1 1 1 1 1 1 1 1 1 1 1 1 1 1 1 1 1 1 1 1 1 1 1 1 1 1 1 1 1 1 1 1 1 1 1 1 1 1 1 1 1 1 1 1 1 1 1 1 1 1 1 1 1 1 1 1 1 1 1 1 1 1 1 1 1 1 1 1 1 1 1 1 1 1 1 1 1 1 1 1 1 1 1 1 1 1 1 1 1 1 1 1 1 1 1 1 1 1 1 1 1 1 1 1 1 1 1 1 1 1 1 1 1 1 1 1 1 1 1 1 1 1 1 1 1 1 1 1 1 1 1 1 1 1 1 1 1 1 1 1 1 1 1 1 1 1 1 1 1 1 1 1 1 1 1 1 1 1 1 1 1 1 1 1 1 1 1 1 1 1 1 1 1 1 1 1 1 1 1 1 1 1 1 1 1 1 1 1 1 1 1 1 1 1 1 1 1 1 1 1 1 1 1 1 1 1 1 1 1 1 1 1 1 1 1 1 1 1 1 1 1 1 1 1 1 1 1 1 1 1 1 1 1 1 1 1 1 1 1 1 1 1 1 1 1 1 1 1 1 1 1 1 1 1 1 1 1 1 1 1 1 1 1 1 1 1 1 1 1 1 1 1 1 1 1 1 1 1 1 1 1 1 1 1 1 1 1 1 1 1 1 1 1 1 1 1 1 1 1 1 1 1 1 1 1 1 1 1 1 1 1 1 1 1 1 1 1 1 1 1 1 1 1 1 1 1 1 1 1 1 1 1 1 1 1 1 1 1 1</float_array>
          <technique_common>
            <accessor source="#geom-Hed_EYE028_1__M_EYE028-map-2-array" count="4483" stride="3">
              <param name="R" type="float"/>
              <param name="G" type="float"/>
              <param name="B" type="float"/>
            </accessor>
          </technique_common>
        </source>
        <source id="geom-Hed_EYE028_1__M_EYE028-map0">
          <float_array id="geom-Hed_EYE028_1__M_EYE028-map0-array" count="13449">1 1 1 1 1 1 1 1 1 1 1 1 1 1 1 1 1 1 1 1 1 1 1 1 1 1 1 1 1 1 1 1 1 1 1 1 1 1 1 1 1 1 1 1 1 1 1 1 1 1 1 1 1 1 1 1 1 1 1 1 1 1 1 1 1 1 1 1 1 1 1 1 1 1 1 1 1 1 1 1 1 1 1 1 1 1 1 1 1 1 1 1 1 1 1 1 1 1 1 1 1 1 1 1 1 1 1 1 1 1 1 1 1 1 1 1 1 1 1 1 1 1 1 1 1 1 1 1 1 1 1 1 1 1 1 1 1 1 1 1 1 1 1 1 1 1 1 1 1 1 1 1 1 1 1 1 1 1 1 1 1 1 1 1 1 1 1 1 1 1 1 1 1 1 1 1 1 1 1 1 1 1 1 1 1 1 1 1 1 1 1 1 1 1 1 1 1 1 1 1 1 1 1 1 1 1 1 1 1 1 1 1 1 1 1 1 1 1 1 1 1 1 1 1 1 1 1 1 1 1 1 1 1 1 1 1 1 1 1 1 1 1 1 1 1 1 1 1 1 1 1 1 1 1 1 1 1 1 1 1 1 1 1 1 1 1 1 1 1 1 1 1 1 1 1 1 1 1 1 1 1 1 1 1 1 1 1 1 1 1 1 1 1 1 1 1 1 1 1 1 1 1 1 1 1 1 1 1 1 1 1 1 1 1 1 1 1 1 1 1 1 1 1 1 1 1 1 1 1 1 1 1 1 1 1 1 1 1 1 1 1 1 1 1 1 1 1 1 1 1 1 1 1 1 1 1 1 1 1 1 1 1 1 1 1 1 1 1 1 1 1 1 1 1 1 1 1 1 1 1 1 1 1 1 1 1 1 1 1 1 1 1 1 1 1 1 1 1 1 1 1 1 1 1 1 1 1 1 1 1 1 1 1 1 1 1 1 1 1 1 1 1 1 1 1 1 1 1 1 1 1 1 1 1 1 1 1 1 1 1 1 1 1 1 1 1 1 1 1 1 1 1 1 1 1 1 1 1 1 1 1 1 1 1 1 1 1 1 1 1 1 1 1 1 1 1 1 1 1 1 1 1 1 1 1 1 1 1 1 1 1 1 1 1 1 1 1 1 1 1 1 1 1 1 1 1 1 1 1 1 1 1 1 1 1 1 1 1 1 1 1 1 1 1 1 1 1 1 1 1 1 1 1 1 1 1 1 1 1 1 1 1 1 1 1 1 1 1 1 1 1 1 1 1 1 1 1 1 1 1 1 1 1 1 1 1 1 1 1 1 1 1 1 1 1 1 1 1 1 1 1 1 1 1 1 1 1 1 1 1 1 1 1 1 1 1 1 1 1 1 1 1 1 1 1 1 1 1 1 1 1 1 1 1 1 1 1 1 1 1 1 1 1 1 1 1 1 1 1 1 1 1 1 1 1 1 1 1 1 1 1 1 1 1 1 1 1 1 1 1 1 1 1 1 1 1 1 1 1 1 1 1 1 1 1 1 1 1 1 1 1 1 1 1 1 1 1 1 1 1 1 1 1 1 1 1 1 1 1 1 1 1 1 1 1 1 1 1 1 1 1 1 1 1 1 1 1 1 1 1 1 1 1 1 1 1 1 1 1 1 1 1 1 1 1 1 1 1 1 1 1 1 1 1 1 1 1 1 1 1 1 1 1 1 1 1 1 1 1 1 1 1 1 1 1 1 1 1 1 1 1 1 1 1 1 1 1 1 1 1 1 1 1 1 1 1 1 1 1 1 1 1 1 1 1 1 1 1 1 1 1 1 1 1 1 1 1 1 1 1 1 1 1 1 1 1 1 1 1 1 1 1 1 1 1 1 1 1 1 1 1 1 1 1 1 1 1 1 1 1 1 1 1 1 1 1 1 1 1 1 1 1 1 1 1 1 1 1 1 1 1 1 1 1 1 1 1 1 1 1 1 1 1 1 1 1 1 1 1 1 1 1 1 1 1 1 1 1 1 1 1 1 1 1 1 1 1 1 1 1 1 1 1 1 1 1 1 1 1 1 1 1 1 1 1 1 1 1 1 1 1 1 1 1 1 1 1 1 1 1 1 1 1 1 1 1 1 1 1 1 1 1 1 1 1 1 1 1 1 1 1 1 1 1 1 1 1 1 1 1 1 1 1 1 1 1 1 1 1 1 1 1 1 1 1 1 1 1 1 1 1 1 1 1 1 1 1 1 1 1 1 1 1 1 1 1 1 1 1 1 1 1 1 1 1 1 1 1 1 1 1 1 1 1 1 1 1 1 1 1 1 1 1 1 1 1 1 1 1 1 1 1 1 1 1 1 1 1 1 1 1 1 1 1 1 1 1 1 1 1 1 1 1 1 1 1 1 1 1 1 1 1 1 1 1 1 1 1 1 1 1 1 1 1 1 1 1 1 1 1 1 1 1 1 1 1 1 1 1 1 1 1 1 1 1 1 1 1 1 1 1 1 1 1 1 1 1 1 1 1 1 1 1 1 1 1 1 1 1 1 1 1 1 1 1 1 1 1 1 1 1 1 1 1 1 1 1 1 1 1 1 1 1 1 1 1 1 1 1 1 1 1 1 1 1 1 1 1 1 1 1 1 1 1 1 1 1 1 1 1 1 1 1 1 1 1 1 1 1 1 1 1 1 1 1 1 1 1 1 1 1 1 1 1 1 1 1 1 1 1 1 1 1 1 1 1 1 1 1 1 1 1 1 1 1 1 1 1 1 1 1 1 1 1 1 1 1 1 1 1 1 1 1 1 1 1 1 1 1 1 1 1 1 1 1 1 1 1 1 1 1 1 1 1 1 1 1 1 1 1 1 1 1 1 1 1 1 1 1 1 1 1 1 1 1 1 1 1 1 1 1 1 1 1 1 1 1 1 1 1 1 1 1 1 1 1 1 1 1 1 1 1 1 1 1 1 1 1 1 1 1 1 1 1 1 1 1 1 1 1 1 1 1 1 1 1 1 1 1 1 1 1 1 1 1 1 1 1 1 1 1 1 1 1 1 1 1 1 1 1 1 1 1 1 1 1 1 1 1 1 1 1 1 1 1 1 1 1 1 1 1 1 1 1 1 1 1 1 1 1 1 1 1 1 1 1 1 1 1 1 1 1 1 1 1 1 1 1 1 1 1 1 1 1 1 1 1 1 1 1 1 1 1 1 1 1 1 1 1 1 1 1 1 1 1 1 1 1 1 1 1 1 1 1 1 1 1 1 1 1 1 1 1 1 1 1 1 1 1 1 1 1 1 1 1 1 1 1 1 1 1 1 1 1 1 1 1 1 1 1 1 1 1 1 1 1 1 1 1 1 1 1 1 1 1 1 1 1 1 1 1 1 1 1 1 1 1 1 1 1 1 1 1 1 1 1 1 1 1 1 1 1 1 1 1 1 1 1 1 1 1 1 1 1 1 1 1 1 1 1 1 1 1 1 1 1 1 1 1 1 1 1 1 1 1 1 1 1 1 1 1 1 1 1 1 1 1 1 1 1 1 1 1 1 1 1 1 1 1 1 1 1 1 1 1 1 1 1 1 1 1 1 1 1 1 1 1 1 1 1 1 1 1 1 1 1 1 1 1 1 1 1 1 1 1 1 1 1 1 1 1 1 1 1 1 1 1 1 1 1 1 1 1 1 1 1 1 1 1 1 1 1 1 1 1 1 1 1 1 1 1 1 1 1 1 1 1 1 1 1 1 1 1 1 1 1 1 1 1 1 1 1 1 1 1 1 1 1 1 1 1 1 1 1 1 1 1 1 1 1 1 1 1 1 1 1 1 1 1 1 1 1 1 1 1 1 1 1 1 1 1 1 1 1 1 1 1 1 1 1 1 1 1 1 1 1 1 1 1 1 1 1 1 1 1 1 1 1 1 1 1 1 1 1 1 1 1 1 1 1 1 1 1 1 1 1 1 1 1 1 1 1 1 1 1 1 1 1 1 1 1 1 1 1 1 1 1 1 1 1 1 1 1 1 1 1 1 1 1 1 1 1 1 1 1 1 1 1 1 1 1 1 1 1 1 1 1 1 1 1 1 1 1 1 1 1 1 1 1 1 1 1 1 1 1 1 1 1 1 1 1 1 1 1 1 1 1 1 1 1 1 1 1 1 1 1 1 1 1 1 1 1 1 1 1 1 1 1 1 1 1 1 1 1 1 1 1 1 1 1 1 1 1 1 1 1 1 1 1 1 1 1 1 1 1 1 1 1 1 1 1 1 1 1 1 1 1 1 1 1 1 1 1 1 1 1 1 1 1 1 1 1 1 1 1 1 1 1 1 1 1 1 1 1 1 1 1 1 1 1 1 1 1 1 1 1 1 1 1 1 1 1 1 1 1 1 1 1 1 1 1 1 1 1 1 1 1 1 1 1 1 1 1 1 1 1 1 1 1 1 1 1 1 1 1 1 1 1 1 1 1 1 1 1 1 1 1 1 1 1 1 1 1 1 1 1 1 1 1 1 1 1 1 1 1 1 1 1 1 1 1 1 1 1 1 1 1 1 1 1 1 1 1 1 1 1 1 1 1 1 1 1 1 1 1 1 1 1 1 1 1 1 1 1 1 1 1 1 1 1 1 1 1 1 1 1 1 1 1 1 1 1 1 1 1 1 1 1 1 1 1 1 1 1 1 1 1 1 1 1 1 1 1 1 1 1 1 1 1 1 1 1 1 1 1 1 1 1 1 1 1 1 1 1 1 1 1 1 1 1 1 1 1 1 1 1 1 1 1 1 1 1 1 1 1 1 1 1 1 1 1 1 1 1 1 1 1 1 1 1 1 1 1 1 1 1 1 1 1 1 1 1 1 1 1 1 1 1 1 1 1 1 1 1 1 1 1 1 1 1 1 1 1 1 1 1 1 1 1 1 1 1 1 1 1 1 1 1 1 1 1 1 1 1 1 1 1 1 1 1 1 1 1 1 1 1 1 1 1 1 1 1 1 1 1 1 1 1 1 1 1 1 1 1 1 1 1 1 1 1 1 1 1 1 1 1 1 1 1 1 1 1 1 1 1 1 1 1 1 1 1 1 1 1 1 1 1 1 1 1 1 1 1 1 1 1 1 1 1 1 1 1 1 1 1 1 1 1 1 1 1 1 1 1 1 1 1 1 1 1 1 1 1 1 1 1 1 1 1 1 1 1 1 1 1 1 1 1 1 1 1 1 1 1 1 1 1 1 1 1 1 1 1 1 1 1 1 1 1 1 1 1 1 1 1 1 1 1 1 1 1 1 1 1 1 1 1 1 1 1 1 1 1 1 1 1 1 1 1 1 1 1 1 1 1 1 1 1 1 1 1 1 1 1 1 1 1 1 1 1 1 1 1 1 1 1 1 1 1 1 1 1 1 1 1 1 1 1 1 1 1 1 1 1 1 1 1 1 1 1 1 1 1 1 1 1 1 1 1 1 1 1 1 1 1 1 1 1 1 1 1 1 1 1 1 1 1 1 1 1 1 1 1 1 1 1 1 1 1 1 1 1 1 1 1 1 1 1 1 1 1 1 1 1 1 1 1 1 1 1 1 1 1 1 1 1 1 1 1 1 1 1 1 1 1 1 1 1 1 1 1 1 1 1 1 1 1 1 1 1 1 1 1 1 1 1 1 1 1 1 1 1 1 1 1 1 1 1 1 1 1 1 1 1 1 1 1 1 1 1 1 1 1 1 1 1 1 1 1 1 1 1 1 1 1 1 1 1 1 1 1 1 1 1 1 1 1 1 1 1 1 1 1 1 1 1 1 1 1 1 1 1 1 1 1 1 1 1 1 1 1 1 1 1 1 1 1 1 1 1 1 1 1 1 1 1 1 1 1 1 1 1 1 1 1 1 1 1 1 1 1 1 1 1 1 1 1 1 1 1 1 1 1 1 1 1 1 1 1 1 1 1 1 1 1 1 1 1 1 1 1 1 1 1 1 1 1 1 1 1 1 1 1 1 1 1 1 1 1 1 1 1 1 1 1 1 1 1 1 1 1 1 1 1 1 1 1 1 1 1 1 1 1 1 1 1 1 1 1 1 1 1 1 1 1 1 1 1 1 1 1 1 1 1 1 1 1 1 1 1 1 1 1 1 1 1 1 1 1 1 1 1 1 1 1 1 1 1 1 1 1 1 1 1 1 1 1 1 1 1 1 1 1 1 1 1 1 1 1 1 1 1 1 1 1 1 1 1 1 1 1 1 1 1 1 1 1 1 1 1 1 1 1 1 1 1 1 1 1 1 1 1 1 1 1 1 1 1 1 1 1 1 1 1 1 1 1 1 1 1 1 1 1 1 1 1 1 1 1 1 1 1 1 1 1 1 1 1 1 1 1 1 1 1 1 1 1 1 1 1 1 1 1 1 1 1 1 1 1 1 1 1 1 1 1 1 1 1 1 1 1 1 1 1 1 1 1 1 1 1 1 1 1 1 1 1 1 1 1 1 1 1 1 1 1 1 1 1 1 1 1 1 1 1 1 1 1 1 1 1 1 1 1 1 1 1 1 1 1 1 1 1 1 1 1 1 1 1 1 1 1 1 1 1 1 1 1 1 1 1 1 1 1 1 1 1 1 1 1 1 1 1 1 1 1 1 1 1 1 1 1 1 1 1 1 1 1 1 1 1 1 1 1 1 1 1 1 1 1 1 1 1 1 1 1 1 1 1 1 1 1 1 1 1 1 1 1 1 1 1 1 1 1 1 1 1 1 1 1 1 1 1 1 1 1 1 1 1 1 1 1 1 1 1 1 1 1 1 1 1 1 1 1 1 1 1 1 1 1 1 1 1 1 1 1 1 1 1 1 1 1 1 1 1 1 1 1 1 1 1 1 1 1 1 1 1 1 1 1 1 1 1 1 1 1 1 1 1 1 1 1 1 1 1 1 1 1 1 1 1 1 1 1 1 1 1 1 1 1 1 1 1 1 1 1 1 1 1 1 1 1 1 1 1 1 1 1 1 1 1 1 1 1 1 1 1 1 1 1 1 1 1 1 1 1 1 1 1 1 1 1 1 1 1 1 1 1 1 1 1 1 1 1 1 1 1 1 1 1 1 1 1 1 1 1 1 1 1 1 1 1 1 1 1 1 1 1 1 1 1 1 1 1 1 1 1 1 1 1 1 1 1 1 1 1 1 1 1 1 1 1 1 1 1 1 1 1 1 1 1 1 1 1 1 1 1 1 1 1 1 1 1 1 1 1 1 1 1 1 1 1 1 1 1 1 1 1 1 1 1 1 1 1 1 1 1 1 1 1 1 1 1 1 1 1 1 1 1 1 1 1 1 1 1 1 1 1 1 1 1 1 1 1 1 1 1 1 1 1 1 1 1 1 1 1 1 1 1 1 1 1 1 1 1 1 1 1 1 1 1 1 1 1 1 1 1 1 1 1 1 1 1 1 1 1 1 1 1 1 1 1 1 1 1 1 1 1 1 1 1 1 1 1 1 1 1 1 1 1 1 1 1 1 1 1 1 1 1 1 1 1 1 1 1 1 1 1 1 1 1 1 1 1 1 1 1 1 1 1 1 1 1 1 1 1 1 1 1 1 1 1 1 1 1 1 1 1 1 1 1 1 1 1 1 1 1 1 1 1 1 1 1 1 1 1 1 1 1 1 1 1 1 1 1 1 1 1 1 1 1 1 1 1 1 1 1 1 1 1 1 1 1 1 1 1 1 1 1 1 1 1 1 1 1 1 1 1 1 1 1 1 1 1 1 1 1 1 1 1 1 1 1 1 1 1 1 1 1 1 1 1 1 1 1 1 1 1 1 1 1 1 1 1 1 1 1 1 1 1 1 1 1 1 1 1 1 1 1 1 1 1 1 1 1 1 1 1 1 1 1 1 1 1 1 1 1 1 1 1 1 1 1 1 1 1 1 1 1 1 1 1 1 1 1 1 1 1 1 1 1 1 1 1 1 1 1 1 1 1 1 1 1 1 1 1 1 1 1 1 1 1 1 1 1 1 1 1 1 1 1 1 1 1 1 1 1 1 1 1 1 1 1 1 1 1 1 1 1 1 1 1 1 1 1 1 1 1 1 1 1 1 1 1 1 1 1 1 1 1 1 1 1 1 1 1 1 1 1 1 1 1 1 1 1 1 1 1 1 1 1 1 1 1 1 1 1 1 1 1 1 1 1 1 1 1 1 1 1 1 1 1 1 1 1 1 1 1 1 1 1 1 1 1 1 1 1 1 1 1 1 1 1 1 1 1 1 1 1 1 1 1 1 1 1 1 1 1 1 1 1 1 1 1 1 1 1 1 1 1 1 1 1 1 1 1 1 1 1 1 1 1 1 1 1 1 1 1 1 1 1 1 1 1 1 1 1 1 1 1 1 1 1 1 1 1 1 1 1 1 1 1 1 1 1 1 1 1 1 1 1 1 1 1 1 1 1 1 1 1 1 1 1 1 1 1 1 1 1 1 1 1 1 1 1 1 1 1 1 1 1 1 1 1 1 1 1 1 1 1 1 1 1 1 1 1 1 1 1 1 1 1 1 1 1 1 1 1 1 1 1 1 1 1 1 1 1 1 1 1 1 1 1 1 1 1 1 1 1 1 1 1 1 1 1 1 1 1 1 1 1 1 1 1 1 1 1 1 1 1 1 1 1 1 1 1 1 1 1 1 1 1 1 1 1 1 1 1 1 1 1 1 1 1 1 1 1 1 1 1 1 1 1 1 1 1 1 1 1 1 1 1 1 1 1 1 1 1 1 1 1 1 1 1 1 1 1 1 1 1 1 1 1 1 1 1 1 1 1 1 1 1 1 1 1 1 1 1 1 1 1 1 1 1 1 1 1 1 1 1 1 1 1 1 1 1 1 1 1 1 1 1 1 1 1 1 1 1 1 1 1 1 1 1 1 1 1 1 1 1 1 1 1 1 1 1 1 1 1 1 1 1 1 1 1 1 1 1 1 1 1 1 1 1 1 1 1 1 1 1 1 1 1 1 1 1 1 1 1 1 1 1 1 1 1 1 1 1 1 1 1 1 1 1 1 1 1 1 1 1 1 1 1 1 1 1 1 1 1 1 1 1 1 1 1 1 1 1 1 1 1 1 1 1 1 1 1 1 1 1 1 1 1 1 1 1 1 1 1 1 1 1 1 1 1 1 1 1 1 1 1 1 1 1 1 1 1 1 1 1 1 1 1 1 1 1 1 1 1 1 1 1 1 1 1 1 1 1 1 1 1 1 1 1 1 1 1 1 1 1 1 1 1 1 1 1 1 1 1 1 1 1 1 1 1 1 1 1 1 1 1 1 1 1 1 1 1 1 1 1 1 1 1 1 1 1 1 1 1 1 1 1 1 1 1 1 1 1 1 1 1 1 1 1 1 1 1 1 1 1 1 1 1 1 1 1 1 1 1 1 1 1 1 1 1 1 1 1 1 1 1 1 1 1 1 1 1 1 1 1 1 1 1 1 1 1 1 1 1 1 1 1 1 1 1 1 1 1 1 1 1 1 1 1 1 1 1 1 1 1 1 1 1 1 1 1 1 1 1 1 1 1 1 1 1 1 1 1 1 1 1 1 1 1 1 1 1 1 1 1 1 1 1 1 1 1 1 1 1 1 1 1 1 1 1 1 1 1 1 1 1 1 1 1 1 1 1 1 1 1 1 1 1 1 1 1 1 1 1 1 1 1 1 1 1 1 1 1 1 1 1 1 1 1 1 1 1 1 1 1 1 1 1 1 1 1 1 1 1 1 1 1 1 1 1 1 1 1 1 1 1 1 1 1 1 1 1 1 1 1 1 1 1 1 1 1 1 1 1 1 1 1 1 1 1 1 1 1 1 1 1 1 1 1 1 1 1 1 1 1 1 1 1 1 1 1 1 1 1 1 1 1 1 1 1 1 1 1 1 1 1 1 1 1 1 1 1 1 1 1 1 1 1 1 1 1 1 1 1 1 1 1 1 1 1 1 1 1 1 1 1 1 1 1 1 1 1 1 1 1 1 1 1 1 1 1 1 1 1 1 1 1 1 1 1 1 1 1 1 1 1 1 1 1 1 1 1 1 1 1 1 1 1 1 1 1 1 1 1 1 1 1 1 1 1 1 1 1 1 1 1 1 1 1 1 1 1 1 1 1 1 1 1 1 1 1 1 1 1 1 1 1 1 1 1 1 1 1 1 1 1 1 1 1 1 1 1 1 1 1 1 1 1 1 1 1 1 1 1 1 1 1 1 1 1 1 1 1 1 1 1 1 1 1 1 1 1 1 1 1 1 1 1 1 1 1 1 1 1 1 1 1 1 1 1 1 1 1 1 1 1 1 1 1 1 1 1 1 1 1 1 1 1 1 1 1 1 1 1 1 1 1 1 1 1 1 1 1 1 1 1 1 1 1 1 1 1 1 1 1 1 1 1 1 1 1 1 1 1 1 1 1 1 1 1 1 1 1 1 1 1 1 1 1 1 1 1 1 1 1 1 1 1 1 1 1 1 1 1 1 1 1 1 1 1 1 1 1 1 1 1 1 1 1 1 1 1 1 1 1 1 1 1 1 1 1 1 1 1 1 1 1 1 1 1 1 1 1 1 1 1 1 1 1 1 1 1 1 1 1 1 1 1 1 1 1 1 1 1 1 1 1 1 1 1 1 1 1 1 1 1 1 1 1 1 1 1 1 1 1 1 1 1 1 1 1 1 1 1 1 1 1 1 1 1 1 1 1 1 1 1 1 1 1 1 1 1 1 1 1 1 1 1 1 1 1 1 1 1 1 1 1 1 1 1 1 1 1 1 1 1 1 1 1 1 1 1 1 1 1 1 1 1 1 1 1 1 1 1 1 1 1 1 1 1 1 1 1 1 1 1 1 1 1 1 1 1 1 1 1 1 1 1 1 1 1 1 1 1 1 1 1 1 1 1 1 1 1 1 1 1 1 1 1 1 1 1 1 1 1 1 1 1 1 1 1 1 1 1 1 1 1 1 1 1 1 1 1 1 1 1 1 1 1 1 1 1 1 1 1 1 1 1 1 1 1 1 1 1 1 1 1 1 1 1 1 1 1 1 1 1 1 1 1 1 1 1 1 1 1 1 1 1 1 1 1 1 1 1 1 1 1 1 1 1 1 1 1 1 1 1 1 1 1 1 1 1 1 1 1 1 1 1 1 1 1 1 1 1 1 1 1 1 1 1 1 1 1 1 1 1 1 1 1 1 1 1 1 1 1 1 1 1 1 1 1 1 1 1 1 1 1 1 1 1 1 1 1 1 1 1 1 1 1 1 1 1 1 1 1 1 1 1 1 1 1 1 1 1 1 1 1 1 1 1 1 1 1 1 1 1 1 1 1 1 1 1 1 1 1 1 1 1 1 1 1 1 1 1 1 1 1 1 1 1 1 1 1 1 1 1 1 1 1 1 1 1 1 1 1 1 1 1 1 1 1 1 1 1 1 1 1 1 1 1 1 1 1 1 1 1 1 1 1 1 1 1 1 1 1 1 1 1 1 1 1 1 1 1 1 1 1 1 1 1 1 1 1 1 1 1 1 1 1 1 1 1 1 1 1 1 1 1 1 1 1 1 1 1 1 1 1 1 1 1 1 1 1 1 1 1 1 1 1 1 1 1 1 1 1 1 1 1 1 1 1 1 1 1 1 1 1 1 1 1 1 1 1 1 1 1 1 1 1 1 1 1 1 1 1 1 1 1 1 1 1 1 1 1 1 1 1 1 1 1 1 1 1 1 1 1 1 1 1 1 1 1 1 1 1 1 1 1 1 1 1 1 1 1 1 1 1 1 1 1 1 1 1 1 1 1 1 1 1 1 1 1 1 1 1 1 1 1 1 1 1 1 1 1 1 1 1 1 1 1 1 1 1 1 1 1 1 1 1 1 1 1 1 1 1 1 1 1 1 1 1 1 1 1 1 1 1 1 1 1 1 1 1 1 1 1 1 1 1 1 1 1 1 1 1 1 1 1 1 1 1 1 1 1 1 1 1 1 1 1 1 1 1 1 1 1 1 1 1 1 1 1 1 1 1 1 1 1 1 1 1 1 1 1 1 1 1 1 1 1 1 1 1 1 1 1 1 1 1 1 1 1 1 1 1 1 1 1 1 1 1 1 1 1 1 1 1 1 1 1 1 1 1 1 1 1 1 1 1 1 1 1 1 1 1 1 1 1 1 1 1 1 1 1 1 1 1 1 1 1 1 1 1 1 1 1 1 1 1 1 1 1 1 1 1 1 1 1 1 1 1 1 1 1 1 1 1 1 1 1 1 1 1 1 1 1 1 1 1 1 1 1 1 1 1 1 1 1 1 1 1 1 1 1 1 1 1 1 1 1 1 1 1 1 1 1 1 1 1 1 1 1 1 1 1 1 1 1 1 1 1 1 1 1 1 1 1 1 1 1 1 1 1 1 1 1 1 1 1 1 1 1 1 1 1 1 1 1 1 1 1 1 1 1 1 1 1 1 1 1 1 1 1 1 1 1 1 1 1 1 1 1 1 1 1 1 1 1 1 1 1 1 1 1 1 1 1 1 1 1 1 1 1 1 1 1 1 1 1 1 1 1 1 1 1 1 1 1 1 1 1 1 1 1 1 1 1 1 1 1 1 1 1 1 1 1 1 1 1 1 1 1 1 1 1 1 1 1 1 1 1 1 1 1 1 1 1 1 1 1 1 1 1 1 1 1 1 1 1 1 1 1 1 1 1 1 1 1 1 1 1 1 1 1 1 1 1 1 1 1 1 1 1 1 1 1 1 1 1 1 1 1 1 1 1 1 1 1 1 1 1 1 1 1 1 1 1 1 1 1 1 1 1 1 1 1 1 1 1 1 1 1 1 1 1 1 1 1 1 1 1 1 1 1 1 1 1 1 1 1 1 1 1 1 1 1 1 1 1 1 1 1 1 1 1 1 1 1 1 1 1 1 1 1 1 1 1 1 1 1 1 1 1 1 1 1 1 1 1 1 1 1 1 1 1 1 1 1 1 1 1 1 1 1 1 1 1 1 1 1 1 1 1 1 1 1 1 1 1 1 1 1 1 1 1 1 1 1 1 1 1 1 1 1 1 1 1 1 1 1 1 1 1 1 1 1 1 1 1 1 1 1 1 1 1 1 1 1 1 1 1 1 1 1 1 1 1 1 1 1 1 1 1 1 1 1 1 1 1 1 1 1 1 1 1 1 1 1 1 1 1 1 1 1 1 1 1 1 1 1 1 1 1 1 1 1 1 1 1 1 1 1 1 1 1 1 1 1 1 1 1 1 1 1 1 1 1 1 1 1 1 1 1 1 1 1 1 1 1 1 1 1 1 1 1 1 1 1 1 1 1 1 1 1 1 1 1 1 1 1 1 1 1 1 1 1 1 1 1 1 1 1 1 1 1 1 1 1 1 1 1 1 1 1 1 1 1 1 1 1 1 1 1 1 1 1 1 1 1 1 1 1 1 1 1 1 1 1 1 1 1 1 1 1 1 1 1 1 1 1 1 1 1 1 1 1 1 1 1 1 1 1 1 1 1 1 1 1 1 1 1 1 1 1 1 1 1 1 1 1 1 1 1 1 1 1 1 1 1 1 1 1 1 1 1 1 1 1 1 1 1 1 1 1 1 1 1 1 1 1 1 1 1 1 1 1 1 1 1 1 1 1 1 1 1 1 1 1 1 1 1 1 1 1 1 1 1 1 1 1 1 1 1 1 1 1 1 1 1 1 1 1 1 1 1 1 1 1 1 1 1 1 1 1 1 1 1 1 1 1 1 1 1 1 1 1 1 1 1 1 1 1 1 1 1 1 1 1 1 1 1 1 1 1 1 1 1 1 1 1 1 1 1 1 1 1 1 1 1 1 1 1 1 1 1 1 1 1 1 1 1 1 1 1 1 1 1 1 1 1 1 1 1 1 1 1 1 1 1 1 1 1 1 1 1 1 1 1 1 1 1 1 1 1 1 1 1 1 1 1 1 1 1 1 1 1 1 1 1 1 1 1 1 1 1 1 1 1 1 1 1 1 1 1 1 1 1 1 1 1 1 1 1 1 1 1 1 1 1 1 1 1 1 1 1 1 1 1 1 1 1 1 1 1 1 1 1 1 1 1 1 1 1 1 1 1 1 1 1 1 1 1 1 1 1 1 1 1 1 1 1 1 1 1 1 1 1 1 1 1 1 1 1 1 1 1 1 1 1 1 1 1 1 1 1 1 1 1 1 1 1 1 1 1 1 1 1 1 1 1 1 1 1 1 1 1 1 1 1 1 1 1 1 1 1 1 1 1 1 1 1 1 1 1 1 1 1 1 1 1 1 1 1 1 1 1 1 1 1 1 1 1 1 1 1 1 1 1 1 1 1 1 1 1 1 1 1 1 1 1 1 1 1 1 1 1 1 1 1 1 1 1 1 1 1 1 1 1 1 1 1 1 1 1 1 1 1 1 1 1 1 1 1 1 1 1 1 1 1 1 1 1 1 1 1 1 1 1 1 1 1 1 1 1 1 1 1 1 1 1 1 1 1 1 1 1 1 1 1 1 1 1 1 1 1 1 1 1 1 1 1 1 1 1 1 1 1 1 1 1 1 1 1 1 1 1 1 1 1 1 1 1 1 1 1 1 1 1 1 1 1 1 1 1 1 1 1 1 1 1 1 1 1 1 1 1 1 1 1 1 1 1 1 1 1 1 1 1 1 1 1 1 1 1 1 1 1 1 1 1 1 1 1 1 1 1 1 1 1 1 1 1 1 1 1 1 1 1 1 1 1 1 1 1 1 1 1 1 1 1 1 1 1 1 1 1 1 1 1 1 1 1 1 1 1 1 1 1 1 1 1 1 1 1 1 1 1 1 1 1 1 1 1 1 1 1 1 1 1 1 1 1 1 1 1 1 1 1 1 1 1 1 1 1 1 1 1 1 1 1 1 1 1 1 1 1 1 1 1 1 1 1 1 1 1 1 1 1 1 1 1 1 1 1 1 1 1 1 1 1 1 1 1 1 1 1 1 1 1 1 1 1 1 1 1 1 1 1 1 1 1 1 1 1 1 1 1 1 1 1 1 1 1 1 1 1 1 1 1 1 1 1 1 1 1 1 1 1 1 1 1 1 1 1 1 1 1 1 1 1 1 1 1 1 1 1 1 1 1 1 1 1 1 1 1 1 1 1 1 1 1 1 1 1 1 1 1 1 1 1 1 1 1 1 1 1 1 1 1 1 1 1 1 1 1 1 1 1 1 1 1 1 1 1 1 1 1 1 1 1 1 1 1 1 1 1 1 1 1 1 1 1 1 1 1 1 1 1 1 1 1 1 1 1 1 1 1 1 1 1 1 1 1 1 1 1 1 1 1 1 1 1 1 1 1 1 1 1 1 1 1 1 1 1 1 1 1 1 1 1 1 1 1 1 1 1 1 1 1 1 1 1 1 1 1 1 1 1 1 1 1 1 1 1 1 1 1 1 1 1 1 1 1 1 1 1 1 1 1 1 1 1 1 1 1 1 1 1 1 1 1 1 1 1 1 1 1 1 1 1 1 1 1 1 1 1 1 1 1 1 1 1 1 1 1 1 1 1 1 1 1 1 1 1 1 1 1 1 1 1 1 1 1 1 1 1 1 1 1 1 1 1 1 1 1 1 1 1 1 1 1 1 1 1 1 1 1 1 1 1 1 1 1 1 1 1 1 1 1 1 1 1 1 1 1 1 1 1 1 1 1 1 1 1 1 1 1 1 1 1 1 1 1 1 1 1 1 1 1 1 1 1 1 1 1 1 1 1 1 1 1 1 1 1 1 1 1 1 1 1 1 1 1 1 1 1 1 1 1 1 1 1 1 1 1 1 1 1 1 1 1 1 1 1 1 1 1 1 1 1 1 1 1 1 1 1 1 1 1 1 1 1 1 1 1 1 1 1 1 1 1 1 1 1 1 1 1 1 1 1 1 1 1 1 1 1 1 1 1 1 1 1 1 1 1 1 1 1 1 1 1 1 1 1 1 1 1 1 1 1 1 1 1 1 1 1 1 1 1 1 1 1 1 1 1 1 1 1 1 1 1 1 1 1 1 1 1 1 1 1 1 1 1 1 1 1 1 1 1 1 1 1 1 1 1 1 1 1 1 1 1 1 1 1 1 1 1 1 1 1 1 1 1 1 1 1 1 1 1 1 1 1 1 1 1 1 1 1 1 1 1 1 1 1 1 1 1 1 1 1 1 1 1 1 1 1 1 1 1 1 1 1 1 1 1 1 1 1 1 1 1 1 1 1 1 1 1 1 1 1 1 1 1 1 1 1 1 1 1 1 1 1 1 1 1 1 1 1 1 1 1 1 1 1 1 1 1 1 1 1 1 1 1 1 1 1 1 1 1 1 1 1 1 1 1 1 1 1 1 1 1 1 1 1 1 1 1 1 1 1 1 1 1 1 1 1 1 1 1 1 1 1 1 1 1 1 1 1 1 1 1 1 1 1 1 1 1 1 1 1 1 1 1 1 1 1 1 1 1 1 1 1 1 1 1 1 1 1 1 1 1 1 1 1 1 1 1 1 1 1 1 1 1 1 1 1 1 1 1 1 1 1 1 1 1 1 1 1 1 1 1 1 1 1 1 1 1 1 1 1 1 1 1 1 1 1 1 1 1 1 1 1 1 1 1 1 1 1 1 1 1 1 1 1 1 1 1 1 1 1 1 1 1 1 1 1 1 1 1 1 1 1 1 1 1 1 1 1 1 1 1 1 1 1 1 1 1 1 1 1 1 1 1 1 1 1 1 1 1 1 1 1 1 1 1 1 1 1 1 1 1 1 1 1 1 1 1 1 1 1 1 1 1 1 1 1 1 1 1 1 1 1 1 1 1 1 1 1 1 1 1 1 1 1 1 1 1 1 1 1 1 1 1 1 1 1 1 1 1 1 1 1 1 1 1 1 1 1 1 1 1 1 1 1 1 1 1 1 1 1 1 1 1 1 1 1 1 1 1 1 1 1 1 1 1 1 1 1 1 1 1 1 1 1 1 1 1 1 1 1 1 1 1 1 1 1 1 1 1 1 1 1 1 1 1 1 1 1 1 1 1 1 1 1 1 1 1 1 1 1 1 1 1 1 1 1 1 1 1 1 1 1 1 1 1 1 1 1 1 1 1 1 1 1 1 1 1 1 1 1 1 1 1 1 1 1 1 1 1 1 1 1 1 1 1 1 1 1 1 1 1 1 1 1 1 1 1 1 1 1 1 1 1 1 1 1 1 1 1 1 1 1 1 1 1 1 1 1 1 1 1 1 1 1 1 1 1 1 1 1 1 1 1 1 1 1 1 1 1 1 1 1 1 1 1 1 1 1 1 1 1 1 1 1 1 1 1 1 1 1 1 1 1 1 1 1 1 1 1 1 1 1 1 1 1 1 1 1 1 1 1 1 1 1 1 1 1 1 1 1 1 1 1 1 1 1 1 1 1 1 1 1 1 1 1 1 1 1 1 1 1 1 1 1 1 1 1 1 1 1 1 1 1 1 1 1 1 1 1 1 1 1 1 1 1 1 1 1 1 1 1 1 1 1 1 1 1 1 1 1 1 1 1 1 1 1 1 1 1 1 1 1 1 1 1 1 1 1 1 1 1 1 1 1 1 1 1 1 1 1 1 1 1 1 1 1 1 1 1 1 1 1 1 1 1 1 1 1 1 1 1 1 1 1 1 1 1 1 1 1 1 1 1 1 1 1 1 1 1 1 1 1 1 1 1 1 1 1 1 1 1 1 1 1 1 1 1 1 1 1 1 1 1 1 1 1 1 1 1 1 1 1 1 1 1 1 1 1 1 1 1 1 1 1 1 1 1 1 1 1 1 1 1 1 1 1 1 1 1 1 1 1 1 1 1 1 1 1 1 1 1 1 1 1 1 1 1 1 1 1 1 1 1 1 1 1 1 1 1 1 1 1 1 1 1 1 1 1 1 1 1 1 1 1 1 1 1 1 1 1 1 1 1 1 1 1 1 1 1 1 1 1 1 1 1 1 1 1 1 1 1 1 1 1 1 1 1 1 1 1 1 1 1 1 1 1 1 1 1 1 1 1 1 1 1 1 1 1 1 1 1 1 1 1 1 1 1 1 1 1 1 1 1 1 1 1 1 1 1 1 1 1 1 1 1 1 1 1 1 1 1 1 1 1 1 1 1 1 1 1 1 1 1 1 1 1 1 1 1 1 1 1 1 1 1 1 1 1 1 1 1 1 1 1 1 1 1 1 1 1 1 1 1 1 1 1 1 1 1 1 1 1 1 1 1 1 1 1 1 1 1 1 1 1 1 1 1 1 1 1 1 1 1 1 1 1 1 1 1 1 1 1 1 1 1 1 1 1 1 1 1 1 1 1 1 1 1 1 1 1 1 1 1 1 1 1 1 1 1 1 1 1 1 1 1 1 1 1 1 1 1 1 1 1 1 1 1 1 1 1 1 1 1 1 1 1 1 1 1 1 1 1 1 1 1 1 1 1 1 1 1 1 1 1 1 1 1 1 1 1 1 1 1 1 1 1 1 1 1 1 1 1 1 1 1 1 1 1 1 1 1 1 1 1 1 1 1 1 1 1 1 1 1 1 1 1 1 1 1 1 1 1 1 1 1 1 1 1 1 1 1 1 1 1 1 1 1 1 1 1 1 1 1 1 1 1 1 1 1 1 1 1 1 1 1 1 1 1 1 1 1 1 1 1 1 1 1 1 1 1 1 1 1 1 1 1 1 1 1 1 1 1 1 1 1 1 1 1 1 1 1 1 1 1 1 1 1 1 1 1 1 1 1 1 1 1 1 1 1 1 1 1 1 1 1 1 1 1 1 1 1 1 1 1 1 1 1 1 1 1 1 1 1 1 1 1 1 1 1 1 1 1 1 1 1 1 1 1 1 1 1 1 1 1 1 1 1 1 1 1 1 1 1 1 1 1 1 1 1 1 1 1 1 1 1 1 1 1 1 1 1 1 1 1 1 1 1 1 1 1 1 1 1 1 1 1 1 1 1 1 1 1 1 1 1 1 1 1 1 1 1 1 1 1 1 1 1 1 1 1 1 1 1 1 1 1 1 1 1 1 1 1 1 1 1 1 1 1 1 1 1 1 1 1 1 1 1 1 1 1 1 1 1 1 1 1 1 1 1 1 1 1 1 1 1 1 1 1 1 1 1 1 1 1 1 1 1 1 1 1 1 1 1 1 1 1 1 1 1 1 1 1 1 1 1 1 1 1 1 1 1 1 1 1 1 1 1 1 1 1 1 1 1 1 1 1 1 1 1 1 1 1 1 1 1 1 1 1 1 1 1 1 1 1 1 1 1 1 1 1 1 1 1 1 1 1 1 1 1 1 1 1 1 1 1 1 1 1 1 1 1 1 1 1 1 1 1 1 1 1 1 1 1 1 1 1 1 1 1 1 1 1 1 1 1 1 1 1 1 1 1 1 1 1 1 1 1 1 1 1 1 1 1 1 1 1 1 1 1 1 1 1 1 1 1 1 1 1 1 1 1 1 1 1 1 1 1 1 1 1 1 1 1 1 1 1 1 1 1 1 1 1 1 1 1 1 1 1 1 1 1 1 1 1 1 1 1 1 1 1 1 1 1 1 1 1 1 1 1 1 1 1 1 1 1 1 1 1 1 1 1 1 1 1 1 1 1 1 1 1 1 1 1 1 1 1 1 1 1 1 1 1 1 1 1 1 1 1 1 1 1 1 1 1 1 1 1 1 1 1 1 1 1 1 1 1 1 1 1 1 1 1 1 1 1 1 1 1 1 1 1 1 1 1 1 1 1 1 1 1 1 1 1 1 1 1 1 1 1 1 1 1 1 1 1 1 1 1 1 1 1 1 1 1 1 1 1 1 1 1 1 1 1 1 1 1 1 1 1 1 1 1 1 1 1 1 1 1 1 1 1 1 1 1 1 1 1 1 1 1 1 1 1 1 1 1 1 1 1 1 1 1 1 1 1 1 1 1 1 1 1 1 1 1 1 1 1 1 1 1 1 1 1 1 1 1 1 1 1 1 1 1 1 1 1 1 1 1 1 1 1 1 1 1 1 1 1 1 1 1 1 1 1 1 1 1 1 1 1 1 1 1 1 1 1 1 1 1 1 1 1 1 1 1 1 1 1 1 1 1 1 1 1 1 1 1 1 1 1 1 1 1 1 1 1 1 1 1 1 1 1 1 1 1 1 1 1 1 1 1 1 1 1 1 1 1 1 1 1 1 1 1 1 1 1 1 1 1 1 1 1 1 1 1 1 1 1 1 1 1 1 1 1 1 1 1 1 1 1 1 1 1 1 1 1 1 1 1 1 1 1 1 1 1 1 1 1 1 1 1 1 1 1 1 1 1 1 1 1 1 1 1 1 1 1 1 1 1 1 1 1 1 1 1 1 1 1 1 1 1 1 1 1 1 1 1 1 1 1 1 1 1 1 1 1 1 1 1 1 1 1 1 1 1 1 1 1 1 1 1 1 1 1 1 1 1 1 1 1 1 1 1 1 1 1 1 1 1 1 1 1 1 1 1 1 1 1 1 1 1 1 1 1 1 1 1 1 1 1 1 1 1 1 1 1 1 1 1 1 1 1 1 1 1 1 1 1 1 1 1 1 1 1 1 1 1 1 1 1 1 1 1 1 1 1 1 1 1 1 1 1 1 1 1 1 1 1 1 1 1 1 1 1 1 1 1 1 1 1 1 1 1 1 1 1 1 1 1 1 1 1 1 1 1 1 1 1 1 1 1 1 1 1 1 1 1 1 1 1 1 1 1 1 1 1 1 1 1 1 1 1 1 1 1 1 1 1 1 1 1 1 1 1 1 1 1 1 1 1 1 1 1 1 1 1 1 1 1 1 1 1 1 1 1 1 1 1 1 1 1 1 1 1 1 1 1 1 1 1 1 1 1 1 1 1 1 1 1 1 1 1 1 1 1 1 1 1 1 1 1 1 1 1 1 1 1 1 1 1 1 1 1 1 1 1 1 1 1 1 1 1 1 1 1 1 1 1 1 1 1 1 1 1 1 1 1 1 1 1 1 1 1 1 1 1 1 1 1 1 1 1 1 1 1 1 1 1 1 1 1 1 1 1 1 1 1 1 1 1 1 1 1 1 1 1 1 1 1 1 1 1 1 1 1 1 1 1 1 1 1 1 1 1 1 1 1 1 1 1 1 1 1 1 1 1 1 1 1 1 1 1 1 1 1 1 1 1 1 1 1 1 1 1 1 1 1 1 1 1 1 1 1 1 1 1 1 1 1 1 1 1 1 1 1 1 1 1 1 1 1 1 1 1 1 1 1 1 1 1 1 1 1 1 1 1 1 1 1 1 1 1 1 1 1 1 1 1 1 1 1 1 1 1 1 1 1 1 1 1 1 1 1 1 1 1 1 1 1 1 1 1 1 1 1 1 1 1 1 1 1 1 1 1 1 1 1 1 1 1 1 1 1 1 1 1 1 1 1 1 1 1 1 1 1 1 1 1 1 1 1 1 1 1 1 1 1 1 1 1 1 1 1 1 1 1 1 1 1 1 1 1 1 1 1 1 1 1 1 1 1 1 1 1 1 1 1 1 1 1 1 1 1 1 1 1 1 1 1 1 1 1 1 1 1 1 1 1 1 1 1 1 1 1 1 1 1 1 1 1 1 1 1 1 1 1 1 1 1 1 1 1 1 1 1 1 1 1 1 1 1 1 1 1 1 1 1 1 1 1 1 1 1 1 1 1 1 1 1 1 1 1 1 1 1 1 1 1 1 1 1 1 1 1 1 1 1 1 1 1 1 1 1 1 1 1 1 1 1 1 1 1 1 1 1 1 1 1 1 1 1 1 1 1 1 1 1 1 1 1 1 1 1 1 1 1 1 1 1 1 1 1 1 1 1 1 1 1 1 1 1 1 1 1 1 1 1 1 1 1 1 1 1 1 1 1 1 1 1 1 1 1 1 1 1 1 1 1 1 1 1 1 1 1 1 1 1 1 1 1 1 1 1 1 1 1 1 1 1 1 1 1 1 1 1 1 1 1 1 1 1 1 1 1 1 1 1 1 1 1 1 1 1 1 1 1 1 1 1 1 1 1 1 1 1 1 1 1 1 1 1 1 1 1 1 1 1 1 1 1 1 1 1 1 1 1 1 1 1 1 1 1 1 1 1 1 1 1 1 1 1 1 1 1 1 1 1 1 1 1 1 1 1 1 1 1 1 1 1 1 1 1 1 1 1 1 1 1 1 1 1 1 1 1 1 1 1 1 1 1 1 1 1 1 1 1 1 1 1 1 1 1 1 1 1 1 1 1 1 1 1 1 1 1 1 1 1 1 1 1 1 1 1 1 1 1 1 1 1 1 1 1 1 1 1 1 1 1 1 1 1 1 1 1 1 1 1 1 1 1 1 1 1 1 1 1 1 1 1 1 1 1 1 1 1 1 1 1 1 1 1 1 1 1 1 1 1 1 1 1 1 1 1 1 1 1 1 1 1 1 1 1 1 1 1 1 1 1 1 1 1 1 1 1 1 1 1 1 1 1 1 1 1 1 1 1 1 1 1 1 1 1 1 1 1 1 1 1 1 1 1 1 1 1 1 1 1 1 1 1 1 1 1 1 1 1 1 1 1 1 1 1 1 1 1 1 1 1 1 1 1 1 1 1 1 1 1 1 1 1 1 1 1 1 1 1 1 1 1 1 1 1 1 1 1 1 1 1 1 1 1 1 1 1 1 1 1 1 1 1 1 1 1 1 1 1 1 1 1 1 1 1 1 1 1 1 1 1 1 1 1 1 1 1 1 1 1 1 1 1 1 1 1 1 1 1 1 1 1 1 1 1 1 1 1 1 1 1 1 1 1 1 1 1 1 1 1 1 1 1 1 1 1 1 1 1 1 1 1 1 1 1 1 1 1 1 1 1 1 1 1 1 1 1 1 1 1 1 1 1 1 1 1 1 1 1 1 1 1 1 1 1 1 1 1 1 1 1 1 1 1 1 1 1 1 1 1 1 1 1 1 1 1 1 1 1 1 1 1 1 1 1 1 1 1 1 1 1 1 1 1 1 1 1 1 1 1 1 1 1 1 1 1 1 1 1 1 1 1 1 1 1 1 1 1 1 1 1 1 1 1 1 1 1 1 1 1 1 1 1 1 1 1 1 1 1 1 1 1 1 1 1 1 1 1 1 1 1 1 1 1 1 1 1 1 1 1 1 1 1 1 1 1 1 1 1 1 1 1 1 1 1 1 1 1 1 1 1 1 1 1 1 1 1 1 1 1 1 1 1 1 1 1 1 1 1 1 1 1 1 1 1 1 1 1 1 1 1 1 1 1 1 1 1 1 1 1 1 1 1 1 1 1 1 1 1 1 1 1 1 1 1 1 1 1 1 1 1 1 1 1 1 1 1 1 1 1 1 1 1 1 1 1 1 1 1 1 1 1 1 1 1 1 1 1 1 1 1 1 1 1 1 1 1 1 1 1 1 1 1 1 1 1 1 1 1 1 1 1 1 1 1 1 1 1 1 1 1 1 1 1 1 1 1 1 1 1 1 1 1 1 1 1 1 1 1 1 1 1 1 1 1 1 1 1 1 1 1 1 1 1 1 1 1 1 1 1 1 1 1 1 1 1 1 1 1 1 1 1 1 1 1 1 1 1 1 1 1 1 1 1 1 1 1 1 1 1 1 1 1 1 1 1 1 1 1 1 1 1 1 1 1 1 1 1 1 1 1 1 1 1 1 1 1 1 1 1 1 1 1 1 1 1 1 1 1 1 1 1 1 1 1 1 1 1 1 1 1 1 1 1 1 1 1 1 1 1 1 1 1 1 1 1 1 1 1 1 1 1 1 1 1 1 1 1 1 1 1 1 1 1 1 1 1 1 1 1 1 1 1 1 1 1 1 1 1 1 1 1 1 1 1 1 1 1 1 1 1 1 1 1 1 1 1 1 1 1 1 1 1 1 1 1 1 1 1 1 1 1 1 1 1 1 1 1 1 1 1 1 1 1 1 1 1 1 1 1 1 1 1 1 1 1 1 1 1 1 1 1 1 1 1 1 1 1 1 1 1 1 1 1 1 1 1 1 1 1 1 1 1 1 1 1 1 1 1 1 1 1 1 1 1 1 1 1 1 1 1 1 1 1 1 1 1 1 1 1 1 1 1 1 1 1 1 1 1 1 1 1 1 1 1 1 1 1 1 1 1 1 1 1 1 1 1 1 1 1 1 1 1 1 1 1 1 1 1 1 1 1 1 1 1 1 1 1 1 1 1 1 1 1 1 1 1 1 1 1 1 1 1 1 1 1 1 1 1 1 1 1 1 1 1 1 1 1 1 1 1 1 1 1 1 1 1 1 1 1 1 1 1 1 1 1 1 1 1 1 1 1 1 1 1 1 1 1 1 1 1 1 1 1 1 1 1 1 1 1 1 1 1 1 1 1 1 1 1 1 1 1 1 1 1 1 1 1 1 1 1 1 1 1 1 1 1 1 1 1 1 1 1 1 1 1 1 1 1 1 1 1 1 1 1 1 1 1 1 1 1 1 1 1 1 1 1 1 1 1 1 1 1 1 1 1 1 1 1 1 1 1 1 1 1 1 1 1 1 1 1 1 1 1 1 1 1 1 1 1 1 1 1 1 1 1 1 1 1 1 1 1 1 1 1 1 1 1 1 1 1 1 1 1 1 1 1 1 1 1 1 1 1 1 1 1 1 1 1 1 1 1 1 1 1 1 1 1 1 1 1 1 1 1 1 1 1 1 1 1 1 1 1 1 1 1 1 1 1 1 1 1 1 1 1 1 1 1 1 1 1 1 1 1 1 1 1 1 1 1 1 1 1 1 1 1 1 1 1 1 1 1 1 1 1 1 1 1 1 1 1 1 1 1 1 1 1 1 1 1 1 1 1 1 1 1 1 1 1 1 1 1 1 1 1 1 1 1 1 1 1 1 1 1 1 1 1 1 1 1 1 1 1 1 1 1 1 1 1 1 1 1 1 1 1 1 1 1 1 1 1 1 1 1 1 1 1 1 1 1 1 1 1 1 1 1 1 1 1 1 1 1 1 1 1 1 1 1 1 1 1 1 1 1 1 1 1 1 1 1 1 1 1 1 1 1 1 1 1 1 1 1 1 1 1 1 1 1 1 1 1 1 1 1 1 1 1 1 1 1 1 1 1 1 1 1 1 1 1 1 1 1 1 1 1 1 1 1 1 1 1 1 1 1 1 1 1 1 1 1 1 1 1 1 1 1 1 1 1 1 1 1 1 1 1 1 1 1 1 1 1 1 1 1 1 1 1 1 1 1 1 1 1 1 1 1 1 1 1 1 1 1 1 1 1 1 1 1 1 1 1 1 1 1 1 1 1 1 1 1 1 1 1 1 1 1 1 1 1 1 1 1 1 1 1 1 1 1 1 1 1 1 1 1 1 1 1 1 1 1 1 1 1 1 1 1 1 1 1 1 1 1 1 1 1 1 1 1 1 1 1 1 1 1 1 1 1 1 1 1 1 1 1 1 1 1 1 1 1 1 1 1 1 1 1 1 1 1 1 1 1 1 1 1 1 1 1 1 1 1 1 1 1 1 1 1 1 1 1 1 1 1 1 1 1 1 1 1 1 1 1 1 1 1 1 1 1 1 1 1 1 1 1 1 1 1 1 1 1 1 1 1 1 1 1 1 1 1 1 1 1 1 1 1 1 1 1 1 1 1 1 1 1 1 1 1 1 1 1 1 1 1 1 1 1 1 1 1 1 1 1 1 1 1 1 1 1 1 1 1 1 1 1 1 1 1 1 1 1 1 1 1 1 1 1 1 1 1 1 1 1 1 1 1 1 1 1 1 1 1 1 1 1 1 1 1 1 1 1 1 1 1 1 1 1 1 1 1 1 1 1 1 1 1 1 1 1 1 1 1 1 1 1 1 1 1 1 1 1 1 1 1 1 1 1 1 1 1 1 1 1 1 1 1 1 1 1 1 1 1 1 1 1 1 1 1 1 1 1 1 1 1 1 1 1 1 1 1 1 1 1 1 1 1 1 1 1 1 1 1 1 1 1 1 1 1 1 1 1 1 1 1 1 1 1 1 1 1 1 1 1 1 1 1 1 1 1 1 1 1 1 1 1 1 1 1 1 1 1 1 1 1 1 1 1 1 1 1 1 1 1 1 1 1 1 1 1 1 1 1 1 1 1 1 1 1 1 1 1 1 1 1 1 1 1 1 1 1 1 1 1 1 1 1 1 1 1 1 1 1 1 1 1 1 1 1 1 1 1 1 1 1 1 1 1 1 1 1 1 1 1 1 1 1 1 1 1 1 1 1 1 1 1 1 1 1 1 1 1 1 1 1 1 1 1 1 1 1 1 1 1 1 1 1 1 1 1 1 1 1 1 1 1 1 1 1 1 1 1 1 1 1 1 1 1 1 1 1 1 1 1 1 1 1 1 1 1 1 1 1 1 1 1 1 1 1 1 1 1 1 1 1 1 1 1 1 1 1 1 1 1 1 1 1 1 1 1 1 1 1 1 1 1 1 1 1 1 1 1 1 1 1 1 1 1 1 1 1 1 1 1 1 1 1 1 1 1 1 1 1 1 1 1 1 1 1 1 1 1 1 1 1 1 1 1 1 1 1 1 1 1 1 1 1 1 1 1 1 1 1 1 1 1 1 1 1 1 1 1 1 1 1 1 1 1 1 1 1 1 1 1 1 1 1 1 1 1 1 1 1 1 1 1 1 1 1 1 1 1 1 1 1 1 1 1 1 1 1 1 1 1 1 1 1 1 1 1 1 1 1 1 1 1 1 1 1 1 1 1 1 1 1 1 1 1 1 1 1 1 1 1 1 1 1 1 1 1 1 1 1 1 1 1 1 1 1 1 1 1 1 1 1 1 1 1 1 1 1 1 1 1 1 1 1 1 1 1 1 1 1 1 1 1 1 1 1 1 1 1 1 1 1 1 1 1 1 1 1 1 1 1 1 1 1 1 1 1 1 1 1 1 1 1 1 1 1 1 1 1 1 1 1 1 1 1 1 1 1 1 1 1 1 1 1 1 1 1 1 1 1 1 1 1 1 1 1 1 1 1 1 1 1 1 1 1 1 1 1 1 1 1 1 1 1 1 1 1 1 1 1 1 1 1 1 1 1 1 1 1 1 1 1 1 1 1 1 1 1 1 1 1 1 1 1 1 1 1 1 1 1 1 1 1 1 1 1 1 1 1 1 1 1 1 1 1 1 1 1 1 1 1 1 1 1 1 1 1 1 1 1 1 1 1 1 1 1 1 1 1 1 1 1 1 1 1 1 1 1 1 1 1 1 1 1 1 1 1 1 1 1 1 1 1 1 1 1 1 1 1 1 1 1 1 1 1 1 1 1 1 1 1 1 1 1 1 1 1 1 1 1 1 1 1 1 1 1 1 1 1 1 1 1 1 1 1 1 1 1 1 1 1 1 1 1 1 1 1 1 1 1 1 1 1 1 1 1 1 1 1 1 1 1 1 1 1 1 1 1 1 1 1 1 1 1 1 1 1 1 1 1 1 1 1 1 1 1 1 1 1 1 1 1 1 1 1 1 1 1 1 1 1 1 1 1 1 1 1 1 1 1 1 1 1 1 1 1 1 1 1 1 1 1 1 1 1 1 1 1 1 1 1 1 1 1 1 1 1 1 1 1 1 1 1 1 1 1 1 1 1 1 1 1 1 1 1 1 1 1 1 1 1 1 1 1 1 1 1 1 1 1 1 1 1 1 1 1 1 1 1 1 1 1 1 1 1 1 1 1 1 1 1 1 1 1 1 1 1 1 1 1 1 1 1 1 1 1 1 1 1 1 1 1 1 1 1 1 1 1 1 1 1 1 1 1 1 1 1 1 1 1 1 1 1 1 1 1 1 1 1 1 1 1 1 1 1 1 1 1 1 1 1 1 1 1 1 1 1 1 1 1 1 1 1 1 1 1 1 1 1 1 1 1 1 1 1 1 1 1 1 1 1 1 1 1 1 1 1 1 1 1 1 1 1 1 1 1 1 1 1 1 1 1 1 1 1 1 1 1 1 1 1 1 1 1 1 1 1 1 1 1 1 1 1 1 1 1 1 1 1 1 1 1 1 1 1 1 1 1 1 1 1 1 1 1 1 1 1 1 1 1 1 1 1 1 1 1 1 1 1 1 1 1 1 1 1 1 1 1 1 1 1 1 1 1 1 1 1 1 1 1 1 1 1 1 1 1 1 1 1 1 1 1 1 1 1 1 1 1 1 1 1 1 1 1 1 1 1 1 1 1 1 1 1 1 1 1 1 1 1 1 1 1 1 1 1 1 1 1 1 1 1 1 1 1 1 1 1 1 1 1 1 1 1 1 1 1 1 1 1 1 1 1 1 1 1 1 1 1 1 1 1 1 1 1 1 1 1 1 1 1 1 1 1 1 1 1 1 1 1 1 1 1 1 1 1 1 1 1 1 1 1 1 1 1 1 1 1 1 1 1 1 1 1 1 1 1 1 1 1 1 1 1 1 1 1 1 1 1 1 1 1 1 1 1 1 1 1 1 1 1 1 1 1 1 1 1 1 1 1 1 1 1 1 1 1 1 1 1 1 1 1 1 1 1 1 1 1 1 1 1 1 1 1 1 1 1 1 1 1 1 1 1 1 1 1 1 1 1 1 1 1 1 1 1 1 1 1 1 1 1 1 1 1 1 1 1 1 1 1 1 1 1 1 1 1 1 1 1 1 1 1 1 1 1 1 1 1 1 1 1 1 1 1 1 1 1 1 1 1 1 1 1 1 1 1 1 1 1 1 1 1 1 1 1 1 1 1 1 1 1 1 1 1 1 1 1 1 1 1 1 1 1 1 1 1 1 1 1 1 1 1 1 1 1 1 1 1 1 1 1 1 1 1 1 1 1 1 1 1 1 1 1 1 1 1 1 1 1 1 1 1 1 1 1 1 1 1 1 1 1 1 1 1 1 1 1 1 1 1 1 1 1 1 1 1 1 1 1 1 1 1 1 1 1 1 1 1 1 1 1 1 1 1 1 1 1 1 1 1 1 1 1 1 1 1 1 1 1 1 1 1 1 1 1 1 1 1 1 1 1 1 1 1 1 1 1 1 1 1 1 1 1 1 1 1 1 1 1 1 1 1 1 1 1 1 1 1 1 1 1 1 1 1 1 1 1 1 1 1 1 1 1 1 1 1 1 1 1 1 1 1 1 1 1 1 1 1 1 1 1 1 1 1 1 1 1 1 1 1 1 1 1 1 1 1 1 1 1 1 1 1 1 1 1 1 1 1 1 1 1 1 1 1 1 1 1 1 1 1 1 1 1 1 1 1 1 1 1 1 1 1 1 1 1 1 1 1 1 1 1 1 1 1 1 1 1 1 1 1 1 1 1 1 1 1 1 1 1 1 1 1 1 1 1 1 1 1 1 1 1 1 1 1 1 1 1 1 1 1 1 1 1 1 1 1 1 1 1 1 1 1 1 1 1 1 1 1 1 1 1 1 1 1 1 1 1 1 1 1 1 1 1 1 1 1 1 1 1 1 1 1 1 1 1 1 1 1 1 1 1 1 1 1 1 1 1 1 1 1 1 1 1 1 1 1 1 1 1 1 1 1 1 1 1 1 1 1 1 1 1 1 1 1 1 1 1 1 1 1 1 1 1 1 1 1 1 1 1 1 1 1 1 1 1 1 1 1 1 1 1 1 1 1 1 1 1 1 1 1 1 1 1 1 1 1 1 1 1 1 1 1 1 1 1 1 1 1 1 1 1 1 1 1 1 1 1 1 1 1 1 1 1 1 1 1 1 1 1 1 1 1 1 1 1 1 1 1 1 1 1 1 1 1 1 1 1 1 1 1 1 1 1 1 1 1 1 1 1 1 1 1 1 1 1 1 1 1 1 1 1 1 1 1 1 1 1 1 1 1 1 1 1 1 1 1 1 1 1 1 1 1 1 1 1 1 1 1 1 1 1 1 1 1 1 1 1 1 1 1 1 1 1 1 1 1 1 1 1 1 1 1 1 1 1 1 1 1 1 1 1 1 1 1 1 1 1 1 1 1 1 1 1 1 1 1 1 1 1 1 1 1 1 1 1 1 1 1 1 1 1 1 1 1 1 1 1 1 1 1 1 1 1 1 1 1 1 1 1 1 1 1 1 1 1 1 1 1 1 1 1 1 1 1 1 1 1 1 1 1 1 1 1 1 1 1 1 1 1 1 1 1 1 1 1 1 1 1 1 1 1 1 1 1 1 1 1 1 1 1 1 1 1 1 1 1 1 1 1 1 1 1 1 1 1 1 1 1 1 1 1 1 1 1 1 1 1 1 1 1 1 1 1 1 1 1 1 1 1 1 1 1 1 1 1 1 1 1 1 1 1 1 1 1 1 1 1 1 1 1 1 1 1 1 1 1 1 1 1 1</float_array>
          <technique_common>
            <accessor source="#geom-Hed_EYE028_1__M_EYE028-map0-array" count="4483" stride="3">
              <param name="R" type="float"/>
              <param name="G" type="float"/>
              <param name="B" type="float"/>
            </accessor>
          </technique_common>
        </source>
        <source id="geom-Hed_EYE028_1__M_EYE028-map1">
          <float_array id="geom-Hed_EYE028_1__M_EYE028-map1-array" count="13449">0.5272602 0.2513924 0 0.4868696 0.2276341 0 0.4868696 0.2747844 0 0.4850538 0.330663 0 0.5137866 0.3078813 0 0.4850538 0.2853437 0 0.5698482 0.9214923 0 0.6104066 0.8922865 0 0.5698482 0.8624094 0 0.5272602 0.2513924 0 0.4868696 0.2747844 0 0.4868696 0.2276341 0 0.4850538 0.330663 0 0.4850538 0.2853437 0 0.5137866 0.3078813 0 0.5698482 0.9214923 0 0.5698482 0.8624094 0 0.6104066 0.8922865 0 0.5661555 0.9684291 0 0.5661555 0.9568627 0 0.5502556 0.9684291 0 0.5485466 0.9568627 0 0.5292897 0.9684291 0 0.5283131 0.9568627 0 0.5067369 0.9684291 0 0.5060807 0.9568627 0 0.4829023 0.9684291 0 0.482536 0.9568627 0 0.4575723 0.9684291 0 0.4579538 0.9568627 0 0.4383307 0.9568627 0 0.4377508 0.9684291 0 0.4188754 0.9568627 0 0.4181735 0.9684291 0 0.3971618 0.9568627 0 0.3968719 0.9684291 0 0.3732052 0.9568627 0 0.372427 0.9684291 0 0.3484855 0.9568627 0 0.3479515 0.9684291 0 0.3245136 0.9568627 0 0.324239 0.9684291 0 0.2911574 0.9568627 0 0.2907912 0.9684291 0 0.258442 0.9568627 0 0.2578775 0.9684291 0 0.2263981 0.9568627 0 0.2259251 0.9684291 0 0.2035401 0.9568627 0 0.2035859 0.9684291 0 0.1789883 0.9684291 0 0.1787289 0.9568627 0 0.1611048 0.9684291 0 0.1612421 0.9568627 0 0.1426719 0.9568627 0 0.1424582 0.9684291 0 0.1253376 0.9568627 0 0.1251087 0.9684291 0 0.0967422 0.9684291 0 0.09604029 0.9568627 0 0.07054245 0.9684291 0 0.06973373 0.9568627 0 0.04928664 0.9568627 0 0.04928664 0.9684291 0 0.4114138 0.1510796 0 0.4114138 0.1257038 0 0.4054627 0.1206989 0 0.4065309 0.1567101 0 0.3806973 0.1206989 0 0.3817655 0.1567101 0 0.375845 0.1515526 0 0.375845 0.1264973 0 0.1000534 0.5237354 0 0.1113909 0.5237354 0 0.1113909 0.5139239 0 0.1000534 0.5136187 0 0.1113909 0.503975 0 0.1000534 0.5038376 0 0.1113909 0.4939955 0 0.1000534 0.4941176 0 0.1000534 0.4842298 0 0.1113909 0.4838789 0 0.1000534 0.4741283 0 0.1113909 0.47364 0 0.1000534 0.4639506 0 0.1113909 0.4635691 0 0.1000534 0.4538796 0 0.1113909 0.453727 0 0.1000534 0.4437934 0 0.1113909 0.4439307 0 0.1113909 0.433875 0 0.1000534 0.4336156 0 0.1113909 0.4234684 0 0.1000534 0.4234684 0 0.073991 0.5236896 0 0.08532845 0.5236896 0 0.08532845 0.5139086 0 0.073991 0.5136034 0 0.08532845 0.5039445 0 0.073991 0.5038224 0 0.08532845 0.4939803 0 0.073991 0.4941176 0 0.073991 0.4842756 0 0.08532845 0.4838789 0 0.073991 0.4741741 0 0.08532845 0.4737011 0 0.073991 0.4639811 0 0.08532845 0.4635844 0 0.073991 0.4538338 0 0.08532845 0.4536965 0 0.08532845 0.4438545 0 0.073991 0.4437171 0 0.08532845 0.4338445 0 0.073991 0.4335546 0 0.08532845 0.4234684 0 0.073991 0.4234684 0 0.4080568 0.5395437 0 0.3815518 0.5395437 0 0.4080568 0.5561455 0 0.3815518 0.5573968 0 0.4080568 0.5672236 0 0.3815518 0.5687343 0 0.4080568 0.5845121 0 0.3815518 0.5861295 0 0.4080568 0.5957885 0 0.3815518 0.5972076 0 0.4080568 0.6132753 0 0.3815518 0.6138552 0 0.4080568 0.6381171 0 0.3815518 0.635935 0 0.3815518 0.694316 0 0.4080568 0.6963149 0 0.4080568 0.7028306 0 0.3815518 0.702739 0 0.4080568 0.7271534 0 0.3815518 0.728191 0 0.4080568 0.7387045 0 0.3815518 0.7390097 0 0.3326467 0.8774243 0 0.3041581 0.8774243 0 0.3326467 0.8816816 0 0.3041581 0.8817579 0 0.3326467 0.8860914 0 0.3041581 0.8859541 0 0.3326467 0.890547 0 0.3041581 0.8900893 0 0.3041581 0.8942245 0 0.3326467 0.8950179 0 0.3041581 0.8984665 0 0.3326467 0.8994125 0 0.3041581 0.9028305 0 0.3326467 0.9037003 0 0.3041581 0.9072709 0 0.3326467 0.907866 0 0.3041581 0.9117265 0 0.3326467 0.911986 0 0.3326467 0.9161516 0 0.3041581 0.9161516 0 0.3326467 0.9204547 0 0.3041581 0.9204547 0 0.3287098 0.4491341 0 0.3002213 0.4491341 0 0.3287098 0.4534066 0 0.3002213 0.4534829 0 0.3287098 0.4578012 0 0.3002213 0.4576791 0 0.3287098 0.462272 0 0.3002213 0.461799 0 0.3002213 0.4659495 0 0.3287098 0.4667277 0 0.3002213 0.4701915 0 0.3287098 0.4711376 0 0.3002213 0.4745556 0 0.3287098 0.4754254 0 0.3002213 0.478996 0 0.3287098 0.4795911 0 0.3002213 0.4834516 0 0.3287098 0.483711 0 0.3287098 0.4878767 0 0.3002213 0.4878615 0 0.3287098 0.4921798 0 0.3002213 0.4921798 0 0.5661555 0.9740596 0 0.5661555 0.9817502 0 0.551751 0.9817502 0 0.5502556 0.9740596 0 0.531075 0.9817502 0 0.5292897 0.9740596 0 0.508339 0.9817502 0 0.5067369 0.9740596 0 0.4835889 0.9817502 0 0.4829023 0.9740596 0 0.4574655 0.9817502 0 0.4575723 0.9740596 0 0.4377508 0.9740596 0 0.4379034 0.9817502 0 0.4181735 0.9740596 0 0.4181735 0.9817502 0 0.3968719 0.9740596 0 0.3962921 0.9817502 0 0.3726864 0.9817502 0 0.372427 0.9740596 0 0.3480278 0.9817502 0 0.3479515 0.9740596 0 0.324239 0.9740596 0 0.3241169 0.9817502 0 0.2907912 0.9740596 0 0.2903792 0.9817502 0 0.2578775 0.9740596 0 0.257084 0.9817502 0 0.2259251 0.9740596 0 0.2251011 0.9817502 0 0.2041352 0.9817502 0 0.2035859 0.9740596 0 0.1789731 0.9817502 0 0.1789883 0.9740596 0 0.1611048 0.9740596 0 0.1600671 0.9817502 0 0.1424582 0.9740596 0 0.1417716 0.9817502 0 0.1251087 0.9740596 0 0.1249714 0.9817502 0 0.0967422 0.9740596 0 0.09669642 0.9817502 0 0.07100023 0.9817502 0 0.07054245 0.9740596 0 0.04928664 0.9817502 0 0.04928664 0.9740596 0 0.5661555 0.9568627 0 0.5661555 0.9684291 0 0.5502556 0.9684291 0 0.5485466 0.9568627 0 0.5292897 0.9684291 0 0.5283131 0.9568627 0 0.5067369 0.9684291 0 0.5060807 0.9568627 0 0.4829023 0.9684291 0 0.482536 0.9568627 0 0.4575723 0.9684291 0 0.4579538 0.9568627 0 0.4383307 0.9568627 0 0.4377508 0.9684291 0 0.4188754 0.9568627 0 0.4181735 0.9684291 0 0.3971618 0.9568627 0 0.3968719 0.9684291 0 0.3732052 0.9568627 0 0.372427 0.9684291 0 0.3484855 0.9568627 0 0.3479515 0.9684291 0 0.3245136 0.9568627 0 0.324239 0.9684291 0 0.2911574 0.9568627 0 0.2907912 0.9684291 0 0.258442 0.9568627 0 0.2578775 0.9684291 0 0.2263981 0.9568627 0 0.2259251 0.9684291 0 0.2035401 0.9568627 0 0.2035859 0.9684291 0 0.1789883 0.9684291 0 0.1787289 0.9568627 0 0.1611048 0.9684291 0 0.1612421 0.9568627 0 0.1426719 0.9568627 0 0.1424582 0.9684291 0 0.1253376 0.9568627 0 0.1251087 0.9684291 0 0.0967422 0.9684291 0 0.09604029 0.9568627 0 0.07054245 0.9684291 0 0.06973373 0.9568627 0 0.04928664 0.9568627 0 0.04928664 0.9684291 0 0.5661555 0.9857786 0 0.5661555 0.997528 0 0.551751 0.9857786 0 0.5500572 0.997528 0 0.531075 0.9857786 0 0.5301442 0.997528 0 0.508339 0.9857786 0 0.5076982 0.997528 0 0.4835889 0.9857786 0 0.4832837 0.997528 0 0.4579538 0.997528 0 0.4574655 0.9857786 0 0.4383459 0.997528 0 0.4379034 0.9857786 0 0.4187838 0.997528 0 0.4181735 0.9857786 0 0.3965057 0.997528 0 0.3962921 0.9857786 0 0.373312 0.997528 0 0.3726864 0.9857786 0 0.3484245 0.997528 0 0.3480278 0.9857786 0 0.3244068 0.997528 0 0.3241169 0.9857786 0 0.2907301 0.997528 0 0.2903792 0.9857786 0 0.2575418 0.997528 0 0.257084 0.9857786 0 0.2257267 0.997528 0 0.2251011 0.9857786 0 0.2040436 0.997528 0 0.2041352 0.9857786 0 0.1789731 0.9857786 0 0.1787594 0.997528 0 0.1600671 0.9857786 0 0.1600671 0.997528 0 0.1419089 0.997528 0 0.1417716 0.9857786 0 0.1252003 0.997528 0 0.1249714 0.9857786 0 0.09669642 0.9857786 0 0.09620813 0.997528 0 0.07100023 0.9857786 0 0.07043564 0.997528 0 0.04928664 0.997528 0 0.04928664 0.9857786 0 0.4584878 0.1569848 0 0.4338903 0.1569848 0 0.4637217 0.1512322 0 0.4281529 0.1519799 0 0.4637217 0.1260242 0 0.4281529 0.1267719 0 0.4332189 0.1209583 0 0.4581521 0.1209583 0 0.6376593 0.2260166 0 0.6376593 0.2314031 0 0.6311284 0.2314031 0 0.6246433 0.2260166 0 0.6311284 0.3029832 0 0.6376593 0.3029832 0 0.6376593 0.3079728 0 0.6247807 0.3079728 0 0.6118868 0.3079728 0 0.6118105 0.2260166 0 0.5990081 0.2260166 0 0.5989471 0.3079728 0 0.5925536 0.3029832 0 0.5852445 0.3079728 0 0.5852445 0.3029832 0 0.5925536 0.2314031 0 0.5852445 0.2260166 0 0.5852445 0.2314031 0 0.121416 0.9194781 0 0.1063249 0.9194781 0 0.1063249 0.9130541 0 0.121416 0.9130541 0 0.1063249 0.841352 0 0.1278401 0.9130541 0 0.1278401 0.841352 0 0.121416 0.841352 0 0.1063249 0.8348364 0 0.121416 0.8347753 0 0.1000534 0.4234684 0 0.1113909 0.4234684 0 0.1000534 0.4336156 0 0.1113909 0.433875 0 0.1000534 0.4437934 0 0.1113909 0.4439307 0 0.1113909 0.453727 0 0.1000534 0.4538796 0 0.1113909 0.4635691 0 0.1000534 0.4639506 0 0.1113909 0.47364 0 0.1000534 0.4741283 0 0.1113909 0.4838789 0 0.1000534 0.4842298 0 0.1113909 0.4939955 0 0.1000534 0.4941176 0 0.1000534 0.5038376 0 0.1113909 0.503975 0 0.1000534 0.5136187 0 0.1113909 0.5139239 0 0.1000534 0.5237354 0 0.1113909 0.5237354 0 0.073991 0.4234684 0 0.08532845 0.4234684 0 0.073991 0.4335546 0 0.08532845 0.4338445 0 0.073991 0.4437171 0 0.08532845 0.4438545 0 0.073991 0.4538338 0 0.08532845 0.4536965 0 0.08532845 0.4635844 0 0.073991 0.4639811 0 0.08532845 0.4737011 0 0.073991 0.4741741 0 0.08532845 0.4838789 0 0.073991 0.4842756 0 0.08532845 0.4939803 0 0.073991 0.4941176 0 0.073991 0.5038224 0 0.08532845 0.5039445 0 0.073991 0.5136034 0 0.08532845 0.5139086 0 0.073991 0.5236896 0 0.08532845 0.5236896 0 0.4080568 0.7387045 0 0.3815518 0.7390097 0 0.3815518 0.728191 0 0.4080568 0.7271534 0 0.3815518 0.702739 0 0.4080568 0.7028306 0 0.3815518 0.694316 0 0.4080568 0.6963149 0 0.4080568 0.6381171 0 0.3815518 0.635935 0 0.3815518 0.6138552 0 0.4080568 0.6132753 0 0.3815518 0.5972076 0 0.4080568 0.5957885 0 0.3815518 0.5861295 0 0.4080568 0.5845121 0 0.3815518 0.5687343 0 0.4080568 0.5672236 0 0.3815518 0.5573968 0 0.4080568 0.5561455 0 0.3815518 0.5395437 0 0.4080568 0.5395437 0 0.3326467 0.9204547 0 0.3041581 0.9204547 0 0.3041581 0.9161516 0 0.3326467 0.9161516 0 0.3041581 0.9117265 0 0.3326467 0.911986 0 0.3326467 0.907866 0 0.3041581 0.9072709 0 0.3326467 0.9037003 0 0.3041581 0.9028305 0 0.3326467 0.8994125 0 0.3041581 0.8984665 0 0.3326467 0.8950179 0 0.3041581 0.8942245 0 0.3326467 0.890547 0 0.3041581 0.8900893 0 0.3041581 0.8859541 0 0.3326467 0.8860914 0 0.3041581 0.8817579 0 0.3326467 0.8816816 0 0.3041581 0.8774243 0 0.3326467 0.8774243 0 0.3287098 0.4921798 0 0.3002213 0.4921798 0 0.3002213 0.4878615 0 0.3287098 0.4878767 0 0.3002213 0.4834516 0 0.3287098 0.483711 0 0.3287098 0.4795911 0 0.3002213 0.478996 0 0.3287098 0.4754254 0 0.3002213 0.4745556 0 0.3287098 0.4711376 0 0.3002213 0.4701915 0 0.3287098 0.4667277 0 0.3002213 0.4659495 0 0.3287098 0.462272 0 0.3002213 0.461799 0 0.3002213 0.4576791 0 0.3287098 0.4578012 0 0.3002213 0.4534829 0 0.3287098 0.4534066 0 0.3002213 0.4491341 0 0.3287098 0.4491341 0 0.551751 0.9817502 0 0.5661555 0.9817502 0 0.5661555 0.9740596 0 0.5502556 0.9740596 0 0.531075 0.9817502 0 0.5292897 0.9740596 0 0.508339 0.9817502 0 0.5067369 0.9740596 0 0.4835889 0.9817502 0 0.4829023 0.9740596 0 0.4574655 0.9817502 0 0.4575723 0.9740596 0 0.4377508 0.9740596 0 0.4379034 0.9817502 0 0.4181735 0.9740596 0 0.4181735 0.9817502 0 0.3968719 0.9740596 0 0.3962921 0.9817502 0 0.3726864 0.9817502 0 0.372427 0.9740596 0 0.3480278 0.9817502 0 0.3479515 0.9740596 0 0.324239 0.9740596 0 0.3241169 0.9817502 0 0.2907912 0.9740596 0 0.2903792 0.9817502 0 0.2578775 0.9740596 0 0.257084 0.9817502 0 0.2259251 0.9740596 0 0.2251011 0.9817502 0 0.2041352 0.9817502 0 0.2035859 0.9740596 0 0.1789731 0.9817502 0 0.1789883 0.9740596 0 0.1611048 0.9740596 0 0.1600671 0.9817502 0 0.1424582 0.9740596 0 0.1417716 0.9817502 0 0.1251087 0.9740596 0 0.1249714 0.9817502 0 0.0967422 0.9740596 0 0.09669642 0.9817502 0 0.07100023 0.9817502 0 0.07054245 0.9740596 0 0.04928664 0.9817502 0 0.04928664 0.9740596 0 0.5661555 0.9857786 0 0.551751 0.9857786 0 0.5661555 0.997528 0 0.5500572 0.997528 0 0.531075 0.9857786 0 0.5301442 0.997528 0 0.508339 0.9857786 0 0.5076982 0.997528 0 0.4835889 0.9857786 0 0.4832837 0.997528 0 0.4579538 0.997528 0 0.4574655 0.9857786 0 0.4383459 0.997528 0 0.4379034 0.9857786 0 0.4187838 0.997528 0 0.4181735 0.9857786 0 0.3965057 0.997528 0 0.3962921 0.9857786 0 0.373312 0.997528 0 0.3726864 0.9857786 0 0.3484245 0.997528 0 0.3480278 0.9857786 0 0.3244068 0.997528 0 0.3241169 0.9857786 0 0.2907301 0.997528 0 0.2903792 0.9857786 0 0.2575418 0.997528 0 0.257084 0.9857786 0 0.2257267 0.997528 0 0.2251011 0.9857786 0 0.2040436 0.997528 0 0.2041352 0.9857786 0 0.1789731 0.9857786 0 0.1787594 0.997528 0 0.1600671 0.9857786 0 0.1600671 0.997528 0 0.1419089 0.997528 0 0.1417716 0.9857786 0 0.1252003 0.997528 0 0.1249714 0.9857786 0 0.09669642 0.9857786 0 0.09620813 0.997528 0 0.07100023 0.9857786 0 0.07043564 0.997528 0 0.04928664 0.997528 0 0.04928664 0.9857786 0 0.4584878 0.1569848 0 0.4637217 0.1512322 0 0.4338903 0.1569848 0 0.4281529 0.1519799 0 0.4637217 0.1260242 0 0.4281529 0.1267719 0 0.4332189 0.1209583 0 0.4581521 0.1209583 0 0.3917296 0.3228351 0 0.3917296 0.3152209 0 0.3700313 0.3228351 0 0.3700313 0.3147174 0 0.3917296 0.28925 0 0.3700313 0.288716 0 0.3917296 0.2813611 0 0.3700313 0.2810559 0 0.3917296 0.2560006 0 0.3700313 0.2563211 0 0.3700313 0.2487373 0 0.3917296 0.2482643 0 0.3700313 0.2235752 0 0.3917296 0.2229343 0 0.3700313 0.215732 0 0.3917296 0.2153963 0 0.3917296 0.1904936 0 0.3700313 0.1907225 0 0.5852445 0.2314031 0 0.5925536 0.2314031 0 0.5852445 0.2260166 0 0.5990081 0.2260166 0 0.5925536 0.3029832 0 0.5852445 0.3029832 0 0.5852445 0.3079728 0 0.5989471 0.3079728 0 0.6118868 0.3079728 0 0.6118105 0.2260166 0 0.6246433 0.2260166 0 0.6247807 0.3079728 0 0.6311284 0.3029832 0 0.6376593 0.3079728 0 0.6376593 0.3029832 0 0.6311284 0.2314031 0 0.6376593 0.2260166 0 0.6376593 0.2314031 0 0.06517128 0.8352331 0 0.06517128 0.8433356 0 0.08023193 0.8369268 0 0.08023193 0.8433356 0 0.06517128 0.9149615 0 0.08671702 0.9149615 0 0.08668651 0.8433356 0 0.08023193 0.9149615 0 0.08023193 0.9215229 0 0.06517128 0.9214771 0 0.1063249 0.9130541 0 0.1063249 0.9194781 0 0.121416 0.9194781 0 0.121416 0.9130541 0 0.1063249 0.841352 0 0.1278401 0.9130541 0 0.1278401 0.841352 0 0.121416 0.841352 0 0.1063249 0.8348364 0 0.121416 0.8347753 0 0.4852827 0.9173571 0 0.4623636 0.8895705 0 0.4643626 0.9077897 0 0.471107 0.8701457 0 0.50309 0.9111925 0 0.555581 0.8108339 0 0.5782864 0.8338751 0 0.5755855 0.7929351 0 0.5980468 0.811841 0 0.5875639 0.7754024 0 0.6183413 0.7848936 0 0.5927215 0.762768 0 0.6357824 0.7589685 0 0.5951476 0.7501335 0 0.6376745 0.7524682 0 0.6384985 0.7148547 0 0.5950866 0.7121385 0 0.5946136 0.6674601 0 0.6384985 0.655787 0 0.592752 0.6625468 0 0.5838712 0.6536965 0 0.6384985 0.5837492 0 0.5806211 0.646006 0 0.5768368 0.5846952 0 0.6384985 0.4173648 0 0.5738308 0.4161898 0 0.6384985 0.3590448 0 0.5734035 0.3590448 0 0.6362249 0.3548943 0 0.5753719 0.3548791 0 0.4248417 0.5406882 0 0.4248417 0.5901579 0 0.4513313 0.5406882 0 0.4513313 0.5921721 0 0.4248417 0.6415961 0 0.4513313 0.6406043 0 0.4513313 0.6992142 0 0.4248417 0.6992142 0 0.4054627 0.1206989 0 0.4114138 0.1257038 0 0.4114138 0.1510796 0 0.4065309 0.1567101 0 0.3806973 0.1206989 0 0.3817655 0.1567101 0 0.375845 0.1515526 0 0.375845 0.1264973 0 0.3917296 0.3152209 0 0.3917296 0.3228351 0 0.3700313 0.3228351 0 0.3700313 0.3147174 0 0.3917296 0.28925 0 0.3700313 0.288716 0 0.3917296 0.2813611 0 0.3700313 0.2810559 0 0.3917296 0.2560006 0 0.3700313 0.2563211 0 0.3700313 0.2487373 0 0.3917296 0.2482643 0 0.3700313 0.2235752 0 0.3917296 0.2229343 0 0.3700313 0.215732 0 0.3917296 0.2153963 0 0.3917296 0.1904936 0 0.3700313 0.1907225 0 0.06517128 0.8433356 0 0.06517128 0.8352331 0 0.08023193 0.8369268 0 0.08023193 0.8433356 0 0.06517128 0.9149615 0 0.08668651 0.8433356 0 0.08671702 0.9149615 0 0.08023193 0.9149615 0 0.08023193 0.9215229 0 0.06517128 0.9214771 0 0.4852827 0.9173571 0 0.4643626 0.9077897 0 0.4623636 0.8895705 0 0.471107 0.8701457 0 0.50309 0.9111925 0 0.555581 0.8108339 0 0.5782864 0.8338751 0 0.5755855 0.7929351 0 0.5980468 0.811841 0 0.5875639 0.7754024 0 0.6183413 0.7848936 0 0.5927215 0.762768 0 0.6357824 0.7589685 0 0.5951476 0.7501335 0 0.6376745 0.7524682 0 0.6384985 0.7148547 0 0.5950866 0.7121385 0 0.5946136 0.6674601 0 0.6384985 0.655787 0 0.592752 0.6625468 0 0.5838712 0.6536965 0 0.6384985 0.5837492 0 0.5806211 0.646006 0 0.5768368 0.5846952 0 0.6384985 0.4173648 0 0.5738308 0.4161898 0 0.6384985 0.3590448 0 0.5734035 0.3590448 0 0.6362249 0.3548943 0 0.5753719 0.3548791 0 0.4248417 0.5901579 0 0.4248417 0.5406882 0 0.4513313 0.5406882 0 0.4513313 0.5921721 0 0.4248417 0.6415961 0 0.4513313 0.6406043 0 0.4513313 0.6992142 0 0.4248417 0.6992142 0 0.472282 0.207248 0 0.4316777 0.1832761 0 0.4250095 0.1947814 0 0.4656901 0.2187991 0 0.4250095 0.2416877 0 0.4117189 0.1951476 0 0.4117189 0.2420233 0 0.4717632 0.2306249 0 0.4310826 0.2535287 0 0.05990692 0.9431296 0 0.04969864 0.9431296 0 0.04969864 0.9524987 0 0.05883879 0.9524987 0 0.07417411 0.9524987 0 0.07586785 0.9431296 0 0.09410239 0.9524987 0 0.09604029 0.9431296 0 0.1174792 0.9524987 0 0.1191882 0.9431296 0 0.1436637 0.9524987 0 0.1443809 0.9431296 0 0.1703822 0.9524987 0 0.1702602 0.9431296 0 0.1904326 0.9431296 0 0.1903716 0.9524987 0 0.2103304 0.9431296 0 0.2103761 0.9524987 0 0.2318303 0.9431296 0 0.2323949 0.9524987 0 0.2544442 0.9524987 0 0.2547036 0.9431296 0 0.2765698 0.9524987 0 0.2764935 0.9431296 0 0.2960708 0.9431296 0 0.2961013 0.9524987 0 0.3253071 0.9431296 0 0.3255818 0.9524987 0 0.3566949 0.9431296 0 0.3574578 0.9524987 0 0.3876097 0.9431296 0 0.3883726 0.9524987 0 0.4086366 0.9524987 0 0.4092622 0.9431296 0 0.4331121 0.9524987 0 0.433051 0.9431296 0 0.4501869 0.9431296 0 0.451194 0.9524987 0 0.468452 0.9431296 0 0.4691997 0.9524987 0 0.4852064 0.9431296 0 0.485359 0.9524987 0 0.5136797 0.9431296 0 0.5138323 0.9524987 0 0.5390555 0.9524987 0 0.5394064 0.9431296 0 0.55906 0.9524987 0 0.5584344 0.9431296 0 0.5683528 0.9431296 0 0.5683528 0.9524987 0 0.423621 0.3210651 0 0.4299992 0.3323873 0 0.4590219 0.3116808 0 0.4512856 0.3004654 0 0.423621 0.2755627 0 0.4608072 0.2902266 0 0.4331121 0.265095 0 0.4102541 0.3211566 0 0.4098268 0.2758679 0 0.3057603 0.8556497 0 0.3101701 0.8416572 0 0.3057298 0.8479286 0 0.3102617 0.8618601 0 0.3174945 0.8641794 0 0.3173876 0.8392004 0 0.324712 0.8617227 0 0.3291524 0.855436 0 0.3291066 0.847715 0 0.3246204 0.8415198 0 0.304387 0.4240482 0 0.3087968 0.4100557 0 0.3043565 0.4163424 0 0.3088884 0.4302586 0 0.3161212 0.432578 0 0.3160143 0.407599 0 0.3233387 0.4301213 0 0.3277791 0.4238346 0 0.3277333 0.4161288 0 0.3232471 0.4099184 0 0.4250095 0.1947814 0 0.4316777 0.1832761 0 0.472282 0.207248 0 0.4656901 0.2187991 0 0.4250095 0.2416877 0 0.4117189 0.1951476 0 0.4117189 0.2420233 0 0.4717632 0.2306249 0 0.4310826 0.2535287 0 0.04969864 0.9431296 0 0.05990692 0.9431296 0 0.04969864 0.9524987 0 0.05883879 0.9524987 0 0.07417411 0.9524987 0 0.07586785 0.9431296 0 0.09410239 0.9524987 0 0.09604029 0.9431296 0 0.1174792 0.9524987 0 0.1191882 0.9431296 0 0.1436637 0.9524987 0 0.1443809 0.9431296 0 0.1703822 0.9524987 0 0.1702602 0.9431296 0 0.1904326 0.9431296 0 0.1903716 0.9524987 0 0.2103304 0.9431296 0 0.2103761 0.9524987 0 0.2318303 0.9431296 0 0.2323949 0.9524987 0 0.2544442 0.9524987 0 0.2547036 0.9431296 0 0.2765698 0.9524987 0 0.2764935 0.9431296 0 0.2960708 0.9431296 0 0.2961013 0.9524987 0 0.3253071 0.9431296 0 0.3255818 0.9524987 0 0.3566949 0.9431296 0 0.3574578 0.9524987 0 0.3876097 0.9431296 0 0.3883726 0.9524987 0 0.4086366 0.9524987 0 0.4092622 0.9431296 0 0.4331121 0.9524987 0 0.433051 0.9431296 0 0.4501869 0.9431296 0 0.451194 0.9524987 0 0.468452 0.9431296 0 0.4691997 0.9524987 0 0.4852064 0.9431296 0 0.485359 0.9524987 0 0.5136797 0.9431296 0 0.5138323 0.9524987 0 0.5390555 0.9524987 0 0.5394064 0.9431296 0 0.55906 0.9524987 0 0.5584344 0.9431296 0 0.5683528 0.9431296 0 0.5683528 0.9524987 0 0.4590219 0.3116808 0 0.4299992 0.3323873 0 0.423621 0.3210651 0 0.4512856 0.3004654 0 0.423621 0.2755627 0 0.4608072 0.2902266 0 0.4331121 0.265095 0 0.4102541 0.3211566 0 0.4098268 0.2758679 0 0.4105745 0.9159075 0 0.4105898 0.8996567 0 0.4385138 0.8925917 0 0.438529 0.8816816 0 0.3915312 0.8996719 0 0.391577 0.9159685 0 0.3533684 0.8816816 0 0.3722439 0.8996872 0 0.3722591 0.9160753 0 0.3533074 0.915938 0 0.3057603 0.8556497 0 0.3057298 0.8479286 0 0.3101701 0.8416572 0 0.3102617 0.8618601 0 0.3174945 0.8641794 0 0.3173876 0.8392004 0 0.324712 0.8617227 0 0.3291524 0.855436 0 0.3291066 0.847715 0 0.3246204 0.8415198 0 0.304387 0.4240482 0 0.3043565 0.4163424 0 0.3087968 0.4100557 0 0.3088884 0.4302586 0 0.3161212 0.432578 0 0.3160143 0.407599 0 0.3233387 0.4301213 0 0.3277791 0.4238346 0 0.3277333 0.4161288 0 0.3232471 0.4099184 0 0.1944762 0.9144732 0 0.1908446 0.9187915 0 0.1944762 0.895079 0 0.182681 0.9187915 0 0.1781643 0.914992 0 0.1899901 0.8911879 0 0.1818112 0.8911879 0 0.1781643 0.8953841 0 0.1468223 0.9142901 0 0.1468223 0.8948043 0 0.1510338 0.9183185 0 0.1591974 0.9182422 0 0.1631342 0.9141222 0 0.1507439 0.8906691 0 0.1589227 0.8906691 0 0.1631342 0.8946365 0 0.9874724 0.9037766 0 0.9338521 0.9037766 0 0.9316854 0.8819867 0 0.9874724 0.873167 0 0.9637598 0.853376 0 0.9400168 0.857496 0 0.9874724 0.8491799 0 0.9400168 0.816144 0 0.9639582 0.813199 0 0.9874724 0.8110018 0 0.9400168 0.7785916 0 0.9641108 0.7729 0 0.9874724 0.7708247 0 0.9400168 0.736614 0 0.9641566 0.7363393 0 0.9874724 0.73579 0 0.9400168 0.6707561 0 0.9874724 0.6720989 0 0.9638972 0.6704662 0 0.9400168 0.6256199 0 0.9874724 0.6283513 0 0.9638972 0.6252232 0 0.9874724 0.5853208 0 0.9639124 0.5819333 0 0.9400168 0.5807889 0 0.9874724 0.5463798 0 0.9634852 0.547631 0 0.9400168 0.5463035 0 0.9622644 0.5167468 0 0.9400168 0.5191119 0 0.9874724 0.517174 0 0.9458457 0.4935378 0 0.9638972 0.4923171 0 0.9874724 0.489662 0 0.9460288 0.4584573 0 0.9638209 0.4584573 0 0.9874724 0.4584573 0 0.9874724 0.4272678 0 0.9638972 0.4246128 0 0.9458457 0.4233768 0 0.9874724 0.3997558 0 0.9622644 0.4001831 0 0.9400168 0.397818 0 0.9874724 0.3705501 0 0.9400168 0.3706264 0 0.9634852 0.3692989 0 0.9400168 0.3361257 0 0.9639124 0.3349966 0 0.9874724 0.3315938 0 0.9400168 0.2912948 0 0.9638972 0.2916762 0 0.9874724 0.2885481 0 0.9638972 0.2464332 0 0.9400168 0.2460822 0 0.9874724 0.2447395 0 0.9641566 0.1802701 0 0.9874724 0.1808499 0 0.9400168 0.1800259 0 0.9874724 0.1455711 0 0.9641108 0.1434806 0 0.9400168 0.1377432 0 0.9874724 0.1050889 0 0.9639582 0.1029068 0 0.9400168 0.09994662 0 0.9874724 0.06692606 0 0.9637598 0.06274509 0 0.9400168 0.0586099 0 0.9874724 0.04310673 0 0.9316854 0.03433281 0 0.9874724 0.01281756 0 0.9338521 0.01281756 0 0.04104677 0.9899138 0 0.007385367 0.9899138 0 0.04104677 0.9788663 0 0.007385367 0.9789121 0 0.02592508 0.9616846 0 0.007385367 0.961471 0 0.04104677 0.9597772 0 0.02493324 0.9470512 0 0.007385367 0.9448386 0 0.04104677 0.9397727 0 0.02519264 0.9216754 0 0.007385367 0.9197986 0 0.04104677 0.9188067 0 0.02493324 0.8821088 0 0.04104677 0.8815595 0 0.007385367 0.8816358 0 0.04104677 0.846891 0 0.02481117 0.8455482 0 0.007385367 0.8451056 0 0.04104677 0.8146944 0 0.02476539 0.8139009 0 0.007385367 0.8141909 0 0.04104677 0.780087 0 0.0252079 0.7779965 0 0.007385367 0.7767605 0 0.04104677 0.7419699 0 0.02565042 0.7406729 0 0.007385367 0.740322 0 0.04104677 0.6949111 0 0.007385367 0.6943771 0 0.02571145 0.6939956 0 0.04104677 0.6554818 0 0.007385367 0.6551003 0 0.02569619 0.6550851 0 0.0252842 0.6232853 0 0.05104143 0.622736 0 0.007385367 0.6225071 0 0.02545205 0.5966735 0 0.05705348 0.5991608 0 0.007385367 0.5965362 0 0.0264744 0.5738155 0 0.06037995 0.5758145 0 0.007385367 0.5728389 0 0.0586099 0.5652094 0 0.02725261 0.5530938 0 0.007385367 0.5530175 0 0.047776 0.5484092 0 0.007385367 0.537789 0 0.02803082 0.5366446 0 0.04745556 0.5392386 0 0.04037537 0.5200427 0 0.0264744 0.5196612 0 0.007385367 0.5179369 0 0.03903258 0.5028763 0 0.02519264 0.5028763 0 0.007385367 0.5028763 0 0.007385367 0.4878157 0 0.0264744 0.4860914 0 0.04037537 0.4857099 0 0.007385367 0.4679484 0 0.02803082 0.4690928 0 0.04745556 0.4664988 0 0.047776 0.4573281 0 0.02725261 0.4526284 0 0.007385367 0.4527199 0 0.0586099 0.4405127 0 0.007385367 0.4328832 0 0.0264744 0.4319066 0 0.06037995 0.4299077 0 0.007385367 0.4091707 0 0.05705348 0.4065461 0 0.02545205 0.4090334 0 0.007385367 0.3831693 0 0.05104143 0.3829404 0 0.0252842 0.3823758 0 0.007385367 0.3505303 0 0.04104677 0.3501335 0 0.02569619 0.3505303 0 0.02571145 0.311574 0 0.007385367 0.311162 0 0.04104677 0.3106279 0 0.02565042 0.2648051 0 0.007385367 0.2651408 0 0.04104677 0.2634775 0 0.007385367 0.228626 0 0.0252079 0.2273747 0 0.04104677 0.2252842 0 0.007385367 0.1910582 0 0.02476539 0.1913481 0 0.04104677 0.1905394 0 0.007385367 0.1598383 0 0.02481117 0.1593958 0 0.04104677 0.1580377 0 0.007385367 0.1226825 0 0.02493324 0.1221942 0 0.04104677 0.1227435 0 0.007385367 0.08363467 0 0.04104677 0.08464181 0 0.02519264 0.08172733 0 0.007385367 0.05810636 0 0.04104677 0.06326389 0 0.02493324 0.05586326 0 0.007385367 0.04118413 0 0.04104677 0.04292363 0 0.02592508 0.04097044 0 0.007385367 0.02339208 0 0.04104677 0.02345312 0 0.007385367 0.01217669 0 0.04104677 0.01217669 0 0.5137408 0.6985275 0 0.5137408 0.6922255 0 0.4952926 0.6985275 0 0.4959487 0.6904402 0 0.4809491 0.6985275 0 0.5137408 0.684535 0 0.4809491 0.690486 0 0.4967574 0.6831159 0 0.4809491 0.6820325 0 0.4976425 0.588632 0 0.5137408 0.5886778 0 0.4809491 0.5887998 0 0.507866 0.577493 0 0.4973068 0.5865415 0 0.503151 0.5730983 0 0.4809491 0.5868009 0 0.492546 0.5805752 0 0.4968948 0.5695735 0 0.4771649 0.5755703 0 0.4755932 0.5853666 0 0.48748 0.5776761 0 0.4910811 0.566949 0 0.4805066 0.5638514 0 0.5137408 0.6985275 0 0.4952926 0.6985275 0 0.5137408 0.6922255 0 0.4959487 0.6904402 0 0.4809491 0.6985275 0 0.5137408 0.684535 0 0.4809491 0.690486 0 0.4967574 0.6831159 0 0.4809491 0.6820325 0 0.4976425 0.588632 0 0.5137408 0.5886778 0 0.4809491 0.5887998 0 0.507866 0.577493 0 0.4973068 0.5865415 0 0.503151 0.5730983 0 0.4809491 0.5868009 0 0.492546 0.5805752 0 0.4968948 0.5695735 0 0.4755932 0.5853666 0 0.4771649 0.5755703 0 0.48748 0.5776761 0 0.4910811 0.566949 0 0.4805066 0.5638514 0 0.9936522 0.9360647 0 0.9936522 0.9484856 0 0.9369497 0.9326925 0 0.9358816 0.9446861 0 0.8912337 0.9305257 0 0.9936522 0.9522851 0 0.8907912 0.9447013 0 0.9356222 0.9481804 0 0.9936522 0.9577783 0 0.8784314 0.9481499 0 0.8774396 0.945861 0 0.9353628 0.9591058 0 0.9936522 0.9616235 0 0.8627451 0.9451286 0 0.9354391 0.9626001 0 0.8748302 0.9594568 0 0.7853513 0.9486229 0 0.7853513 0.9312123 0 0.8659648 0.9309987 0 0.7853513 0.9453422 0 0.7079576 0.9451286 0 0.7047379 0.9309987 0 0.692256 0.9481346 0 0.6932479 0.945861 0 0.679881 0.9446861 0 0.7853513 0.9596246 0 0.6958572 0.9594415 0 0.7853513 0.9632105 0 0.8748608 0.9630579 0 0.6958266 0.9630579 0 0.7853513 0.9754635 0 0.8750286 0.9753109 0 0.9362936 0.9744564 0 0.9936522 0.9744106 0 0.9363546 0.9779965 0 0.9936522 0.978088 0 0.8750591 0.9789426 0 0.9368429 0.989105 0 0.9936522 0.9832456 0 0.9936522 0.986862 0 0.9369345 0.9926757 0 0.8911269 0.9926757 0 0.8786603 0.99028 0 0.8659648 0.9926757 0 0.7853513 0.9901732 0 0.7853513 0.9926757 0 0.7047379 0.9926757 0 0.7853513 0.9790952 0 0.6920272 0.99028 0 0.6795605 0.9926757 0 0.6956283 0.9789273 0 0.6956588 0.9753109 0 0.6343175 0.9779965 0 0.6338292 0.989105 0 0.6337224 0.9926757 0 0.5770962 0.9868315 0 0.5770962 0.9832151 0 0.5770962 0.9780575 0 0.5770962 0.9743801 0 0.6343786 0.9744564 0 0.5770962 0.9616235 0 0.6352331 0.9626001 0 0.6353094 0.9591211 0 0.5770962 0.9577783 0 0.63505 0.9481804 0 0.5770962 0.9523003 0 0.6347906 0.9447013 0 0.6794232 0.9305104 0 0.5770962 0.9485008 0 0.6337072 0.9327077 0 0.5770962 0.9360952 0 0.7377432 0.6668192 0 0.7377432 0.6371099 0 0.7458915 0.6372778 0 0.7461204 0.6671245 0 0.7377432 0.692958 0 0.7519188 0.6453651 0 0.7460899 0.6937972 0 0.7377432 0.7190661 0 0.7546044 0.6672618 0 0.7573358 0.6422522 0 0.7461967 0.7195086 0 0.7377432 0.7466545 0 0.7542229 0.6941482 0 0.7623102 0.6671702 0 0.7653773 0.6396887 0 0.7723354 0.6409094 0 0.7807126 0.6390479 0 0.7807126 0.6668955 0 0.7726558 0.6667582 0 0.7807126 0.6931411 0 0.772076 0.6939346 0 0.7807126 0.7194934 0 0.7618524 0.6945602 0 0.7720913 0.7198443 0 0.7807126 0.7471275 0 0.7543145 0.719646 0 0.7619745 0.7199359 0 0.7721981 0.7471886 0 0.7807126 0.7751583 0 0.7620355 0.7471886 0 0.7543145 0.7470664 0 0.7461509 0.7469444 0 0.7377432 0.774609 0 0.7461967 0.7751278 0 0.7377432 0.8004425 0 0.7545434 0.7750515 0 0.7459678 0.8011749 0 0.7377432 0.8272374 0 0.7546654 0.8004425 0 0.7621881 0.7746242 0 0.7456626 0.8274357 0 0.7720302 0.7744869 0 0.7629969 0.7988555 0 0.7723507 0.7983978 0 0.7807126 0.7999695 0 0.7715267 0.8251621 0 0.7807126 0.8255131 0 0.7807126 0.8502938 0 0.7620813 0.826566 0 0.7700465 0.852842 0 0.7807126 0.8721141 0 0.7540093 0.8274662 0 0.7608301 0.8544289 0 0.7690089 0.8782178 0 0.7807126 0.8963913 0 0.7726406 0.9152514 0 0.7612116 0.9123369 0 0.7611658 0.8788281 0 0.7561303 0.9014115 0 0.7533227 0.8751812 0 0.7481346 0.8915541 0 0.7529412 0.8535744 0 0.7455558 0.8716258 0 0.7377432 0.900206 0 0.7377432 0.8716869 0 0.745388 0.8507363 0 0.7377432 0.8506142 0 0.7144427 0.6386206 0 0.722118 0.6385443 0 0.722118 0.667628 0 0.7138323 0.6679179 0 0.722118 0.693782 0 0.7085984 0.6463569 0 0.713756 0.6946212 0 0.722118 0.7199817 0 0.7053941 0.6680095 0 0.7034104 0.6429846 0 0.713634 0.7204242 0 0.722118 0.7476768 0 0.705623 0.6949722 0 0.6976578 0.6678569 0 0.6953079 0.6399786 0 0.6879835 0.64094 0 0.6790265 0.63888 0 0.6790265 0.6674601 0 0.6872053 0.6673533 0 0.6790265 0.693904 0 0.6876936 0.694728 0 0.6790265 0.7203937 0 0.6979629 0.6953841 0 0.6876631 0.7207599 0 0.6790265 0.7481346 0 0.7055009 0.7205462 0 0.6978256 0.7208514 0 0.6875563 0.7481956 0 0.6790265 0.7762417 0 0.6977493 0.7481956 0 0.7055009 0.7480888 0 0.7136797 0.7479515 0 0.722118 0.7756771 0 0.713634 0.7761959 0 0.722118 0.8015717 0 0.705272 0.7761196 0 0.7138628 0.8023041 0 0.722118 0.8284886 0 0.7051499 0.8015869 0 0.6975967 0.7757076 0 0.714168 0.828687 0 0.6877241 0.775555 0 0.696788 0.7999848 0 0.6874189 0.799527 0 0.6790265 0.8011139 0 0.6882277 0.8263981 0 0.6790265 0.8267338 0 0.6790265 0.8515908 0 0.6976883 0.8278019 0 0.6896315 0.8541695 0 0.6790265 0.8732281 0 0.7057756 0.8287175 0 0.6988174 0.855848 0 0.6902724 0.8791638 0 0.6790265 0.8948348 0 0.68336 0.9128557 0 0.6935073 0.9118486 0 0.6977798 0.8802167 0 0.6996109 0.9025711 0 0.7059739 0.876997 0 0.7096819 0.8943618 0 0.7067674 0.8550393 0 0.7140612 0.8734264 0 0.722118 0.8735332 0 0.722118 0.9044175 0 0.7143969 0.8522011 0 0.722118 0.8520943 0 0.8572671 0.01730371 0 0.8738689 0.01730371 0 0.8572671 0.0360418 0 0.876936 0.03875792 0 0.9007248 0.01730371 0 0.9007248 0.03489739 0 0.8572671 0.06037992 0 0.9007248 0.06082249 0 0.8782635 0.06166172 0 0.8572671 0.08680856 0 0.9007248 0.08775461 0 0.8790265 0.08854812 0 0.8572671 0.1187457 0 0.9007248 0.1199359 0 0.8789349 0.1215686 0 0.8572671 0.1663081 0 0.9007248 0.168307 0 0.880293 0.1691157 0 0.8572671 0.2128175 0 0.8823682 0.2126039 0 0.9007248 0.2126802 0 0.8817273 0.2487984 0 0.9007248 0.2499275 0 0.8572671 0.2498207 0 0.9007248 0.2922561 0 0.8814374 0.2940261 0 0.8572671 0.2977951 0 0.9007248 0.3437552 0 0.8808423 0.3446097 0 0.8572671 0.3473869 0 0.8806286 0.4032044 0 0.9007248 0.406836 0 0.8572671 0.4081635 0 0.8805524 0.4525673 0 0.9007248 0.4543831 0 0.8572671 0.4546425 0 0.8791028 0.4932479 0 0.9156328 0.4962844 0 0.8572671 0.4962234 0 0.8792096 0.5262378 0 0.9265888 0.525246 0 0.8572671 0.5281147 0 0.8796826 0.5559014 0 0.9295491 0.5561761 0 0.8572671 0.5558404 0 0.926955 0.5807583 0 0.8572671 0.5787289 0 0.8796368 0.5803921 0 0.9007248 0.6066072 0 0.8572671 0.6094453 0 0.8791791 0.6092165 0 0.9007248 0.6290837 0 0.8790417 0.6333104 0 0.8572671 0.6344243 0 0.9007248 0.6675517 0 0.8787823 0.6664683 0 0.8572671 0.6658884 0 0.8572671 0.7066301 0 0.8787823 0.7073167 0 0.9007248 0.7068437 0 0.8572671 0.7476311 0 0.8788434 0.7480583 0 0.9007248 0.7486839 0 0.8572671 0.7805753 0 0.8796216 0.7833676 0 0.9007248 0.8009308 0 0.8572671 0.8125887 0 0.879469 0.8163577 0 0.9007248 0.8413825 0 0.8572671 0.8393988 0 0.8788434 0.8408179 0 0.8572671 0.8664683 0 0.8785535 0.8693522 0 0.8572671 0.8943923 0 0.9007248 0.8722209 0 0.8800183 0.8943923 0 0.9007248 0.8943923 0 0.8274357 0.01902801 0 0.8438849 0.01902801 0 0.8438849 0.0370031 0 0.8243229 0.03961241 0 0.8006561 0.01902801 0 0.8006561 0.03593498 0 0.8438697 0.06031889 0 0.8006561 0.060853 0 0.8229801 0.0616312 0 0.8438849 0.08580148 0 0.8006561 0.08674753 0 0.8222324 0.08752573 0 0.8438849 0.1168078 0 0.8006561 0.1179522 0 0.8223087 0.1195239 0 0.8438849 0.1630274 0 0.8006561 0.1649653 0 0.8209811 0.165774 0 0.8438849 0.2082856 0 0.8189517 0.2080873 0 0.8006561 0.2081483 0 0.8195926 0.2433661 0 0.8006561 0.2444496 0 0.8438849 0.244358 0 0.8006561 0.2858167 0 0.8198215 0.2875258 0 0.8438849 0.291249 0 0.8006561 0.336202 0 0.8204471 0.3370565 0 0.8438849 0.3397574 0 0.8206302 0.3944305 0 0.8006561 0.3979095 0 0.8438849 0.3992828 0 0.8205692 0.4427558 0 0.8006561 0.4438392 0 0.8438849 0.4450904 0 0.8210269 0.4842908 0 0.781323 0.4866102 0 0.8438849 0.4874495 0 0.8207217 0.518532 0 0.7705958 0.5178607 0 0.8438849 0.5204852 0 0.8203555 0.5493705 0 0.7685817 0.5499809 0 0.8438849 0.5492485 0 0.771542 0.5750057 0 0.8438849 0.572961 0 0.8202792 0.5747463 0 0.7970397 0.6024109 0 0.8438849 0.6046082 0 0.8209659 0.6045625 0 0.8006561 0.6257725 0 0.8219424 0.6290532 0 0.8438849 0.6299535 0 0.8006561 0.662913 0 0.822446 0.6617533 0 0.8438849 0.6611429 0 0.8438849 0.7011826 0 0.8224613 0.701854 0 0.8006561 0.7014267 0 0.8438849 0.7413901 0 0.8224155 0.7418021 0 0.8006561 0.7424277 0 0.8438849 0.7736934 0 0.8216525 0.7764248 0 0.8006561 0.793637 0 0.8438849 0.8051118 0 0.8218051 0.8087892 0 0.8006561 0.8333409 0 0.8438849 0.8314031 0 0.8224308 0.8327916 0 0.8438849 0.8579843 0 0.8226749 0.8608072 0 0.8438849 0.88542 0 0.8006561 0.8636301 0 0.8211795 0.88542 0 0.8006561 0.88542 0 0.5041581 0.2110628 0 0.5041581 0.1906615 0 0.4888533 0.2110628 0 0.4888533 0.1906615 0 0.4888533 0.1653315 0 0.4691234 0.1906615 0 0.467216 0.1653315 0 0.5041581 0.1653315 0 0.5236133 0.1906615 0 0.5252155 0.1653315 0 0.4888533 0.1463187 0 0.5041581 0.1463187 0 0.4336004 0.468452 0 0.4386053 0.456611 0 0.4098421 0.4683146 0 0.433753 0.4446937 0 0.421912 0.439704 0 0.4099947 0.4445564 0 0.4041352 0.4576638 0 0.4109254 0.4229038 0 0.4346838 0.4229801 0 0.4060426 0.411017 0 0.4110017 0.3991455 0 0.4228885 0.3942626 0 0.4347601 0.3992218 0 0.4396429 0.4111086 0 0.4105745 0.9159075 0 0.4385138 0.8925917 0 0.4105898 0.8996567 0 0.438529 0.8816816 0 0.3533684 0.8816816 0 0.391577 0.9159685 0 0.3915312 0.8996719 0 0.3722439 0.8996872 0 0.3533074 0.915938 0 0.3722591 0.9160753 0 0.5041581 0.2110628 0 0.4888533 0.2110628 0 0.5041581 0.1906615 0 0.4888533 0.1906615 0 0.4888533 0.1653315 0 0.4691234 0.1906615 0 0.467216 0.1653315 0 0.5041581 0.1653315 0 0.4888533 0.1463187 0 0.5041581 0.1463187 0 0.5236133 0.1906615 0 0.5252155 0.1653315 0 0.4336004 0.468452 0 0.4098421 0.4683146 0 0.4386053 0.456611 0 0.433753 0.4446937 0 0.421912 0.439704 0 0.4099947 0.4445564 0 0.4041352 0.4576638 0 0.4109254 0.4229038 0 0.4060426 0.411017 0 0.4346838 0.4229801 0 0.4110017 0.3991455 0 0.4228885 0.3942626 0 0.4347601 0.3992218 0 0.4396429 0.4111086 0 0.07368582 0.1187915 0 0.0970016 0.1187915 0 0.0970016 0.109453 0 0.07368582 0.109453 0 0.06410315 0.1070268 0 0.06410315 0.09533834 0 0.07368582 0.09674221 0 0.06410315 0.05929655 0 0.1057145 0.107393 0 0.1057145 0.09469748 0 0.06410315 0.01155108 0 0.07368582 0.01472497 0 0.0970016 0.09520102 0 0.1057145 0.05967802 0 0.07368582 0.06007475 0 0.0970016 0.01673913 0 0.1057145 0.01937896 0 0.0970016 0.06001371 0 0.672282 0.6226597 0 0.7334402 0.6252842 0 0.7334402 0.605951 0 0.6697337 0.605951 0 0.6517128 0.605951 0 0.6502479 0.6012055 0 0.7537194 0.605951 0 0.7553979 0.6012055 0 0.6697337 0.6012055 0 0.6493629 0.5467002 0 0.6987717 0.6012055 0 0.7334402 0.6012055 0 0.7552453 0.5460746 0 0.6697337 0.5443656 0 0.6526589 0.3809873 0 0.6992294 0.5450675 0 0.7334402 0.543328 0 0.7522545 0.3783627 0 0.6711833 0.3824826 0 0.6597086 0.3185016 0 0.7334402 0.377142 0 0.7510643 0.3037614 0 0.6996261 0.3808805 0 0.6776074 0.322179 0 0.6622568 0.3103685 0 0.705211 0.3066606 0 0.6796368 0.3137712 0 0.6668956 0.2983444 0 0.6849164 0.3022659 0 0.668925 0.2934615 0 0.6866865 0.2972152 0 0.672755 0.2510262 0 0.7334402 0.3038071 0 0.7504082 0.2413977 0 0.706981 0.2463416 0 0.6891279 0.2493172 0 0.6837873 0.2118105 0 0.6675059 0.214786 0 0.7334402 0.2436103 0 0.6806744 0.1987182 0 0.7267262 0.209247 0 0.741619 0.2020752 0 0.6645609 0.2024872 0 0.7241626 0.2028992 0 0.7390555 0.1956359 0 0.6993515 0.2102388 0 0.7076066 0.1767758 0 0.7216297 0.1681544 0 0.7042344 0.1384756 0 0.688899 0.1859617 0 0.6759441 0.1850919 0 0.6600443 0.1901579 0 0.6827344 0.135668 0 0.6885786 0.1129625 0 0.6658274 0.1651789 0 0.6508889 0.1723049 0 0.6694896 0.1444266 0 0.6188906 0.03118944 0 0.6213931 0.011841 0 0.6487068 0.1435264 0 0.6343938 0.152224 0 0.6049287 0.05616844 0 0.5798733 0.06839097 0 0.5592431 0.06504923 0 0.5775998 0.05000383 0 0.5631952 0.04077208 0 0.5836576 0.03387505 0 0.5748836 0.02227819 0 0.6019989 0.02517736 0 0.6000458 0.01109332 0 0.0970016 0.109453 0 0.0970016 0.1187915 0 0.07368582 0.1187915 0 0.07368582 0.109453 0 0.06410315 0.1070268 0 0.06410315 0.09533834 0 0.1057145 0.09469748 0 0.1057145 0.107393 0 0.07368582 0.09674221 0 0.06410315 0.05929655 0 0.0970016 0.09520102 0 0.1057145 0.05967802 0 0.07368582 0.06007475 0 0.06410315 0.01155108 0 0.07368582 0.01472497 0 0.0970016 0.01673913 0 0.1057145 0.01937896 0 0.0970016 0.06001371 0 0.7334402 0.605951 0 0.7334402 0.6252842 0 0.672282 0.6226597 0 0.6697337 0.605951 0 0.6517128 0.605951 0 0.6502479 0.6012055 0 0.7537194 0.605951 0 0.7553979 0.6012055 0 0.6697337 0.6012055 0 0.6493629 0.5467002 0 0.6987717 0.6012055 0 0.7334402 0.6012055 0 0.7552453 0.5460746 0 0.6697337 0.5443656 0 0.6526589 0.3809873 0 0.7334402 0.543328 0 0.7522545 0.3783627 0 0.6992294 0.5450675 0 0.7334402 0.377142 0 0.7510643 0.3037614 0 0.6711833 0.3824826 0 0.6597086 0.3185016 0 0.6996261 0.3808805 0 0.6776074 0.322179 0 0.6622568 0.3103685 0 0.705211 0.3066606 0 0.6796368 0.3137712 0 0.6668956 0.2983444 0 0.6849164 0.3022659 0 0.668925 0.2934615 0 0.6866865 0.2972152 0 0.672755 0.2510262 0 0.7334402 0.3038071 0 0.7504082 0.2413977 0 0.706981 0.2463416 0 0.6891279 0.2493172 0 0.6837873 0.2118105 0 0.6675059 0.214786 0 0.7334402 0.2436103 0 0.6806744 0.1987182 0 0.7267262 0.209247 0 0.741619 0.2020752 0 0.6645609 0.2024872 0 0.7241626 0.2028992 0 0.7390555 0.1956359 0 0.6993515 0.2102388 0 0.7076066 0.1767758 0 0.7216297 0.1681544 0 0.7042344 0.1384756 0 0.688899 0.1859617 0 0.6827344 0.135668 0 0.6885786 0.1129625 0 0.6759441 0.1850919 0 0.6600443 0.1901579 0 0.6658274 0.1651789 0 0.6508889 0.1723049 0 0.6694896 0.1444266 0 0.6188906 0.03118944 0 0.6213931 0.011841 0 0.6487068 0.1435264 0 0.6343938 0.152224 0 0.6049287 0.05616844 0 0.6019989 0.02517736 0 0.6000458 0.01109332 0 0.5748836 0.02227819 0 0.5798733 0.06839097 0 0.5592431 0.06504923 0 0.5836576 0.03387505 0 0.5631952 0.04077208 0 0.5775998 0.05000383 0 0.5497063 0.4852521 0 0.5294271 0.4853132 0 0.5497063 0.4744487 0 0.5294271 0.4744487 0 0.5176929 0.4744487 0 0.5176929 0.4572671 0 0.5294271 0.4606088 0 0.5617762 0.4744487 0 0.5617762 0.4566415 0 0.5294271 0.4306248 0 0.5176929 0.4293889 0 0.5497063 0.4599375 0 0.5497063 0.4307164 0 0.5617762 0.4306706 0 0.5483177 0.4069886 0 0.5617762 0.4126803 0 0.5264515 0.4051576 0 0.5514305 0.3953307 0 0.5143359 0.3919432 0 0.5305104 0.3993438 0 0.5575952 0.3789883 0 0.5253986 0.3926299 0 0.548455 0.3779507 0 0.5464256 0.3742428 0 0.5332112 0.3874418 0 0.5327229 0.3670558 0 0.5255055 0.3785916 0 0.5173571 0.3739071 0 0.4683452 0.485069 0 0.4683452 0.4743724 0 0.4884413 0.485069 0 0.4884413 0.4743724 0 0.4999924 0.4743724 0 0.4999924 0.4575265 0 0.4884413 0.4607919 0 0.4567941 0.4743724 0 0.4567941 0.4568856 0 0.4884413 0.4314336 0 0.4683452 0.4601206 0 0.4999924 0.4302891 0 0.4683452 0.4314641 0 0.4567941 0.4314183 0 0.493904 0.4097353 0 0.4714885 0.4127566 0 0.4567941 0.4139315 0 0.4688487 0.4018311 0 0.505272 0.3960479 0 0.4899214 0.4045014 0 0.4618601 0.3867399 0 0.4945144 0.3977722 0 0.4707866 0.3854429 0 0.4725719 0.381796 0 0.4863508 0.3933776 0 0.4855421 0.374136 0 0.493782 0.3845578 0 0.501091 0.3788663 0 0.238941 0.007614255 0 0.2699626 0.007614255 0 0.2697642 0.04980546 0 0.23888 0.04861522 0 0.2118105 0.007614255 0 0.2118257 0.04785228 0 0.2092622 0.06012052 0 0.2431678 0.06478983 0 0.2796826 0.07115281 0 0.2465553 0.08647287 0 0.1991608 0.078233 0 0.28542 0.09095901 0 0.210483 0.1152667 0 0.1820554 0.09202719 0 0.2345312 0.1157397 0 0.1857328 0.1196155 0 0.2561227 0.1239796 0 0.1524529 0.1089036 0 0.2940719 0.1253223 0 0.1571679 0.1307088 0 0.2708629 0.1439689 0 0.1116503 0.1367971 0 0.3034256 0.1624933 0 0.1201038 0.1541619 0 0.2798657 0.1686122 0 0.08072022 0.1718471 0 0.3094682 0.1966888 0 0.09393454 0.1864653 0 0.2844434 0.1949035 0 0.08331426 0.2163576 0 0.2877699 0.2269627 0 0.06495766 0.2073548 0 0.3133745 0.2609903 0 0.07832456 0.2549782 0 0.2892653 0.2604257 0 0.05870146 0.2531319 0 0.2886702 0.3031968 0 0.06128023 0.2972915 0 0.3118792 0.3061265 0 0.08004883 0.2936751 0 0.3037003 0.3501488 0 0.09143206 0.3375143 0 0.2822156 0.3463951 0 0.07440299 0.3490043 0 0.2711681 0.3793545 0 0.1104906 0.367834 0 0.2890364 0.3881437 0 0.1009689 0.3860075 0 0.2512703 0.3989624 0 0.1395743 0.3898222 0 0.1350271 0.4062257 0 0.167834 0.4023346 0 0.1651026 0.4187991 0 0.1954528 0.4090944 0 0.1942931 0.4245976 0 0.2198825 0.4082552 0 0.2190585 0.4259251 0 0.2679637 0.4090791 0 0.237705 0.421622 0 0.2543679 0.4162051 0 0.2716106 0.4371862 0 0.2565499 0.4442359 0 0.2476539 0.447303 0 0.2727093 0.4704204 0 0.2590677 0.4704204 0 0.2494697 0.4704204 0 0.2476844 0.4934767 0 0.2565804 0.4965286 0 0.2715953 0.503563 0 0.2377813 0.5190967 0 0.2543984 0.5244983 0 0.2679789 0.5316091 0 0.2512856 0.5416647 0 0.2191653 0.5148699 0 0.2889143 0.5526055 0 0.2200809 0.5325093 0 0.2710308 0.5613337 0 0.1943694 0.5163348 0 0.3036087 0.5906462 0 0.1955901 0.531899 0 0.2820477 0.5944304 0 0.1650416 0.5222248 0 0.2885329 0.6377661 0 0.1677272 0.538735 0 0.3118792 0.6348668 0 0.1349355 0.5346304 0 0.3132067 0.6803387 0 0.1393607 0.5510033 0 0.2889296 0.6807965 0 0.1009537 0.5545892 0 0.2872206 0.7145495 0 0.1104448 0.5726711 0 0.3090104 0.7451438 0 0.07449455 0.5915923 0 0.2837873 0.7469444 0 0.09158465 0.6030518 0 0.2793011 0.773434 0 0.06146334 0.6435339 0 0.3029068 0.7795224 0 0.08029297 0.6471351 0 0.2704509 0.7981231 0 0.07850767 0.6858931 0 0.2936599 0.8166476 0 0.05882353 0.6877241 0 0.2558785 0.8181278 0 0.06506447 0.7338064 0 0.285069 0.8509041 0 0.0835584 0.7247273 0 0.08094911 0.7697108 0 0.09433127 0.7549554 0 0.1206378 0.7877165 0 0.1120775 0.8051728 0 0.1576257 0.8114748 0 0.1528344 0.8331884 0 0.1859617 0.8225528 0 0.1823453 0.8500191 0 0.2106355 0.8268712 0 0.1994049 0.8637064 0 0.246479 0.8554055 0 0.2345159 0.8263981 0 0.2793774 0.870573 0 0.2095216 0.8816816 0 0.243183 0.8769512 0 0.2695811 0.8917525 0 0.2389715 0.8930038 0 0.2121004 0.893843 0 0.2122988 0.9336843 0 0.2392004 0.9336843 0 0.2699168 0.9336843 0 0.3940032 0.009277463 0 0.42327 0.009277463 0 0.4224918 0.03036547 0 0.3894102 0.03144884 0 0.3604944 0.009277463 0 0.3501335 0.03121996 0 0.386099 0.05841154 0 0.4304723 0.06047148 0 0.3446097 0.05732816 0 0.3995117 0.08960098 0 0.3840543 0.0916304 0 0.3361562 0.09703213 0 0.4240482 0.09010452 0 0.3636683 0.1119707 0 0.4563058 0.07760739 0 0.3298695 0.1324788 0 0.4497139 0.09460592 0 0.352697 0.1423819 0 0.4842908 0.08743417 0 0.3251697 0.1727931 0 0.4784466 0.106157 0 0.3459831 0.1822385 0 0.5230488 0.115465 0 0.3224079 0.2375677 0 0.5139849 0.132311 0 0.3444724 0.2336614 0 0.5508507 0.1481498 0 0.3472038 0.2753185 0 0.5378958 0.1619745 0 0.3255055 0.2815595 0 0.564477 0.1837186 0 0.3520409 0.3144885 0 0.5468681 0.1916075 0 0.334844 0.3237659 0 0.5678492 0.2233005 0 0.3671626 0.3495079 0 0.5499352 0.2247349 0 0.3484245 0.3534142 0 0.5479972 0.2618296 0 0.3668422 0.3736324 0 0.5656977 0.2654917 0 0.538323 0.3040055 0 0.5542077 0.3147326 0 0.5206531 0.3317617 0 0.5284047 0.3486686 0 0.4879683 0.3491264 0 0.4920882 0.3630732 0 0.4625162 0.3555962 0 0.4653086 0.3711452 0 0.4383764 0.37467 0 0.4368811 0.3592126 0 0.4254063 0.3756924 0 0.4166171 0.3585718 0 0.3837949 0.3653315 0 0.4041962 0.3856108 0 0.3929503 0.3843595 0 0.3630579 0.4002289 0 0.3880522 0.4100252 0 0.3607996 0.4322118 0 0.3866484 0.4322118 0 0.3880522 0.4543984 0 0.3630579 0.46421 0 0.3929503 0.4800794 0 0.3668422 0.4908065 0 0.3837949 0.4991074 0 0.4041962 0.4788281 0 0.4254063 0.4887465 0 0.3671626 0.514931 0 0.4166171 0.5058671 0 0.3484245 0.5110247 0 0.4368811 0.5052263 0 0.334844 0.5406729 0 0.4383764 0.4897535 0 0.3520409 0.5499504 0 0.4625162 0.5088426 0 0.3255055 0.5828794 0 0.4653086 0.4932936 0 0.3472038 0.5891051 0 0.4920882 0.5013657 0 0.3224079 0.6268711 0 0.4879683 0.5153124 0 0.3444724 0.6307775 0 0.5284047 0.5157702 0 0.3459831 0.6822003 0 0.5206531 0.5326772 0 0.3251697 0.6916457 0 0.5542077 0.5497062 0 0.352697 0.7220569 0 0.538323 0.5604334 0 0.3298695 0.7319448 0 0.5656977 0.5989472 0 0.3636683 0.7524529 0 0.5479972 0.6026093 0 0.3361562 0.7674067 0 0.5678492 0.6411383 0 0.3840543 0.7728084 0 0.5499352 0.639704 0 0.3446097 0.8071107 0 0.5468681 0.6728313 0 0.564477 0.6807202 0 0.5378958 0.7024643 0 0.5508507 0.716289 0 0.5139849 0.7321279 0 0.5230488 0.7489738 0 0.4784466 0.7582818 0 0.4842908 0.7770047 0 0.4497139 0.7698329 0 0.4563058 0.7868315 0 0.4240482 0.7743343 0 0.4304723 0.8039521 0 0.3995117 0.7748379 0 0.386099 0.8060273 0 0.4224918 0.8340734 0 0.3501335 0.8332189 0 0.42327 0.8551614 0 0.3940032 0.8551614 0 0.3894102 0.83299 0 0.3604944 0.8551614 0 0.1240711 0.4996872 0 0.1298695 0.5079271 0 0.1243153 0.489662 0 0.1305409 0.4816815 0 0.1403372 0.4787976 0 0.1499962 0.4820935 0 0.1557946 0.4903334 0 0.1555352 0.5003586 0 0.1493248 0.508339 0 0.1395285 0.511223 0 0.1268025 0.4505684 0 0.1326467 0.4588082 0 0.1270161 0.4405432 0 0.133196 0.4325628 0 0.1429923 0.4296635 0 0.1526513 0.4329748 0 0.1584955 0.4411994 0 0.1582818 0.4512246 0 0.1521019 0.4592203 0 0.1423056 0.4621042 0 0.1240711 0.4996872 0 0.1243153 0.489662 0 0.1298695 0.5079271 0 0.1305409 0.4816815 0 0.1403372 0.4787976 0 0.1499962 0.4820935 0 0.1557946 0.4903334 0 0.1555352 0.5003586 0 0.1493248 0.508339 0 0.1395285 0.511223 0 0.1268025 0.4505684 0 0.1270161 0.4405432 0 0.1326467 0.4588082 0 0.133196 0.4325628 0 0.1429923 0.4296635 0 0.1526513 0.4329748 0 0.1584955 0.4411994 0 0.1582818 0.4512246 0 0.1521019 0.4592203 0 0.1423056 0.4621042 0 0.6484474 0.9202869 0 0.6485695 0.9167468 0 0.6314794 0.9202869 0 0.6617227 0.9202869 0 0.6314794 0.9168994 0 0.6617227 0.9157854 0 0.6482185 0.9126421 0 0.6314794 0.9132677 0 0.6617227 0.9126726 0 0.6314794 0.8257267 0 0.6617227 0.8255436 0 0.64683 0.8259861 0 0.6339055 0.8102388 0 0.6497902 0.8135042 0 0.6621195 0.8226138 0 0.6361639 0.8014191 0 0.6545358 0.8043641 0 0.6690928 0.8194247 0 0.6397803 0.791989 0 0.6621042 0.8025025 0 0.6476539 0.7880675 0 0.6630503 0.7895933 0 0.6484474 0.9202869 0 0.6314794 0.9202869 0 0.6485695 0.9167468 0 0.6617227 0.9202869 0 0.6314794 0.9168994 0 0.6617227 0.9157854 0 0.6482185 0.9126421 0 0.6314794 0.9132677 0 0.6617227 0.9126726 0 0.6314794 0.8257267 0 0.6617227 0.8255436 0 0.64683 0.8259861 0 0.6339055 0.8102388 0 0.6497902 0.8135042 0 0.6621195 0.8226138 0 0.6361639 0.8014191 0 0.6545358 0.8043641 0 0.6690928 0.8194247 0 0.6397803 0.791989 0 0.6621042 0.8025025 0 0.6476539 0.7880675 0 0.6630503 0.7895933 0 0.5272602 0.2513924 0 0.4868696 0.2276341 0 0.4868696 0.2747844 0 0.4850538 0.330663 0 0.5137866 0.3078813 0 0.4850538 0.2853437 0 0.5698482 0.9214923 0 0.6104066 0.8922865 0 0.5698482 0.8624094 0 0.5272602 0.2513924 0 0.4868696 0.2747844 0 0.4868696 0.2276341 0 0.4850538 0.330663 0 0.4850538 0.2853437 0 0.5137866 0.3078813 0 0.5698482 0.9214923 0 0.5698482 0.8624094 0 0.6104066 0.8922865 0 0.3291066 0.847715 0 0.3173876 0.8392004 0 0.3102617 0.8618601 0 0.3277333 0.4161288 0 0.3160143 0.407599 0 0.3088884 0.4302586 0 0.3291066 0.847715 0 0.3102617 0.8618601 0 0.3173876 0.8392004 0 0.3277333 0.4161288 0 0.3088884 0.4302586 0 0.3160143 0.407599 0 0.3041581 0.8774243 0 0.3041581 0.8859541 0 0.3326467 0.8774243 0 0.3326467 0.890547 0 0.3002213 0.4491341 0 0.3002213 0.4576791 0 0.3287098 0.4491341 0 0.3287098 0.462272 0 0.4338903 0.1569848 0 0.4281529 0.1267719 0 0.4637217 0.1512322 0 0.4581521 0.1209583 0 0.3326467 0.8774243 0 0.3326467 0.890547 0 0.3041581 0.8859541 0 0.3041581 0.8774243 0 0.3287098 0.4491341 0 0.3287098 0.462272 0 0.3002213 0.4576791 0 0.3002213 0.4491341 0 0.4637217 0.1512322 0 0.4281529 0.1267719 0 0.4338903 0.1569848 0 0.4581521 0.1209583 0 0.08023193 0.8433356 0 0.06517128 0.8433356 0 0.06517128 0.9149615 0 0.08023193 0.9149615 0 0.06517128 0.8433356 0 0.08023193 0.8433356 0 0.06517128 0.9149615 0 0.08023193 0.9149615 0 0.1944762 0.9144732 0 0.182681 0.9187915 0 0.1944762 0.895079 0 0.1818112 0.8911879 0 0.1468223 0.9142901 0 0.1468223 0.8948043 0 0.1591974 0.9182422 0 0.1589227 0.8906691 0 0.672282 0.6226597 0 0.7334402 0.6252842 0 0.7334402 0.605951 0 0.6697337 0.605951 0 0.7334402 0.605951 0 0.7334402 0.6252842 0 0.672282 0.6226597 0 0.6697337 0.605951 0 0.1403372 0.4787976 0 0.1240711 0.4996872 0 0.1557946 0.4903334 0 0.1493248 0.508339 0 0.1270161 0.4405432 0 0.1326467 0.4588082 0 0.1429923 0.4296635 0 0.1582818 0.4512246 0 0.1403372 0.4787976 0 0.1557946 0.4903334 0 0.1240711 0.4996872 0 0.1493248 0.508339 0 0.1270161 0.4405432 0 0.1429923 0.4296635 0 0.1326467 0.4588082 0 0.1582818 0.4512246 0 0.4114138 0.1510796 0 0.4054627 0.1206989 0 0.3806973 0.1206989 0 0.3817655 0.1567101 0 0.375845 0.1515526 0 0.1000534 0.5237354 0 0.1113909 0.5237354 0 0.1113909 0.503975 0 0.1000534 0.5038376 0 0.1113909 0.4838789 0 0.1000534 0.4741283 0 0.1113909 0.453727 0 0.1000534 0.4437934 0 0.1113909 0.4234684 0 0.1000534 0.4234684 0 0.4080568 0.5395437 0 0.3815518 0.5395437 0 0.4080568 0.5561455 0 0.3815518 0.5573968 0 0.4080568 0.5672236 0 0.3815518 0.5687343 0 0.4080568 0.5845121 0 0.3815518 0.5861295 0 0.4080568 0.5957885 0 0.3815518 0.5972076 0 0.4080568 0.6132753 0 0.3815518 0.6138552 0 0.4080568 0.6381171 0 0.3815518 0.635935 0 0.3815518 0.694316 0 0.4080568 0.6963149 0 0.3815518 0.702739 0 0.4080568 0.7271534 0 0.3815518 0.728191 0 0.4080568 0.7387045 0 0.3815518 0.7390097 0 0.3041581 0.9204547 0 0.3326467 0.9204547 0 0.3326467 0.907866 0 0.3041581 0.9028305 0 0.3326467 0.890547 0 0.3041581 0.8859541 0 0.5661555 0.9740596 0 0.5661555 0.9817502 0 0.531075 0.9817502 0 0.5292897 0.9740596 0 0.4835889 0.9817502 0 0.4829023 0.9740596 0 0.4574655 0.9817502 0 0.4575723 0.9740596 0 0.4377508 0.9740596 0 0.4379034 0.9817502 0 0.4181735 0.9740596 0 0.4181735 0.9817502 0 0.3968719 0.9740596 0 0.3962921 0.9817502 0 0.3726864 0.9817502 0 0.372427 0.9740596 0 0.3480278 0.9817502 0 0.324239 0.9740596 0 0.2903792 0.9817502 0 0.2578775 0.9740596 0 0.257084 0.9817502 0 0.2259251 0.9740596 0 0.2251011 0.9817502 0 0.2041352 0.9817502 0 0.2035859 0.9740596 0 0.1789731 0.9817502 0 0.1789883 0.9740596 0 0.1611048 0.9740596 0 0.1600671 0.9817502 0 0.1251087 0.9740596 0 0.1249714 0.9817502 0 0.0967422 0.9740596 0 0.09669642 0.9817502 0 0.07100023 0.9817502 0 0.07054245 0.9740596 0 0.04928664 0.9817502 0 0.04928664 0.9740596 0 0.5661555 0.9568627 0 0.5661555 0.9684291 0 0.5292897 0.9684291 0 0.5283131 0.9568627 0 0.4829023 0.9684291 0 0.482536 0.9568627 0 0.4575723 0.9684291 0 0.4579538 0.9568627 0 0.4383307 0.9568627 0 0.4377508 0.9684291 0 0.4188754 0.9568627 0 0.4181735 0.9684291 0 0.3971618 0.9568627 0 0.3968719 0.9684291 0 0.3732052 0.9568627 0 0.372427 0.9684291 0 0.3245136 0.9568627 0 0.324239 0.9684291 0 0.2911574 0.9568627 0 0.2578775 0.9684291 0 0.258442 0.9568627 0 0.2263981 0.9568627 0 0.2259251 0.9684291 0 0.2035401 0.9568627 0 0.2035859 0.9684291 0 0.1789883 0.9684291 0 0.1787289 0.9568627 0 0.1611048 0.9684291 0 0.1612421 0.9568627 0 0.1251087 0.9684291 0 0.1253376 0.9568627 0 0.0967422 0.9684291 0 0.09604029 0.9568627 0 0.07054245 0.9684291 0 0.06973373 0.9568627 0 0.04928664 0.9568627 0 0.04928664 0.9684291 0 0.5661555 0.9857786 0 0.5661555 0.997528 0 0.531075 0.9857786 0 0.5301442 0.997528 0 0.4835889 0.9857786 0 0.4832837 0.997528 0 0.4579538 0.997528 0 0.4574655 0.9857786 0 0.4383459 0.997528 0 0.4379034 0.9857786 0 0.4187838 0.997528 0 0.4181735 0.9857786 0 0.3965057 0.997528 0 0.3962921 0.9857786 0 0.3726864 0.9857786 0 0.3484245 0.997528 0 0.3480278 0.9857786 0 0.3244068 0.997528 0 0.2903792 0.9857786 0 0.2575418 0.997528 0 0.257084 0.9857786 0 0.2257267 0.997528 0 0.2251011 0.9857786 0 0.2040436 0.997528 0 0.2041352 0.9857786 0 0.1789731 0.9857786 0 0.1787594 0.997528 0 0.1600671 0.9857786 0 0.1600671 0.997528 0 0.1249714 0.9857786 0 0.1252003 0.997528 0 0.09669642 0.9857786 0 0.09620813 0.997528 0 0.07100023 0.9857786 0 0.07043564 0.997528 0 0.04928664 0.997528 0 0.04928664 0.9857786 0 0.121416 0.9194781 0 0.1063249 0.9194781 0 0.1063249 0.9130541 0 0.121416 0.9130541 0 0.1063249 0.841352 0 0.121416 0.841352 0 0.1278401 0.9130541 0 0.1000534 0.4234684 0 0.1113909 0.4234684 0 0.1000534 0.4437934 0 0.1113909 0.453727 0 0.1000534 0.4741283 0 0.1113909 0.4838789 0 0.1000534 0.5038376 0 0.1113909 0.503975 0 0.1000534 0.5237354 0 0.1113909 0.5237354 0 0.3326467 0.9204547 0 0.3041581 0.9204547 0 0.3326467 0.907866 0 0.3041581 0.9028305 0 0.3326467 0.890547 0 0.3041581 0.8859541 0 0.6362249 0.3548943 0 0.5753719 0.3548791 0 0.5738308 0.4161898 0 0.6384985 0.4173648 0 0.5768368 0.5846952 0 0.6384985 0.655787 0 0.5806211 0.646006 0 0.5946136 0.6674601 0 0.6384985 0.7148547 0 0.5951476 0.7501335 0 0.6357824 0.7589685 0 0.5875639 0.7754024 0 0.5782864 0.8338751 0 0.555581 0.8108339 0 0.50309 0.9111925 0 0.471107 0.8701457 0 0.4852827 0.9173571 0 0.4623636 0.8895705 0 0.4643626 0.9077897 0 0.3817655 0.1567101 0 0.375845 0.1515526 0 0.3806973 0.1206989 0 0.4114138 0.1510796 0 0.4054627 0.1206989 0 0.3917296 0.3228351 0 0.3700313 0.3147174 0 0.3917296 0.28925 0 0.3700313 0.2810559 0 0.3917296 0.2560006 0 0.3700313 0.2487373 0 0.3917296 0.2482643 0 0.3917296 0.2153963 0 0.3700313 0.215732 0 0.3917296 0.1904936 0 0.3700313 0.1907225 0 0.9874724 0.9037766 0 0.9338521 0.9037766 0 0.9316854 0.8819867 0 0.9874724 0.873167 0 0.9400168 0.857496 0 0.9874724 0.7708247 0 0.9400168 0.7785916 0 0.9400168 0.6707561 0 0.9874724 0.6720989 0 0.9400168 0.6256199 0 0.9874724 0.5853208 0 0.9400168 0.5807889 0 0.9874724 0.5463798 0 0.9400168 0.5463035 0 0.9622644 0.5167468 0 0.9400168 0.5191119 0 0.9874724 0.517174 0 0.9458457 0.4935378 0 0.9874724 0.489662 0 0.9460288 0.4584573 0 0.9874724 0.4272678 0 0.9622644 0.4001831 0 0.9874724 0.3997558 0 0.9458457 0.4233768 0 0.9400168 0.397818 0 0.9400168 0.3706264 0 0.9874724 0.3705501 0 0.9400168 0.3361257 0 0.9874724 0.3315938 0 0.9400168 0.2912948 0 0.9874724 0.2885481 0 0.9400168 0.2460822 0 0.9874724 0.1808499 0 0.9400168 0.1377432 0 0.9874724 0.06692606 0 0.9400168 0.0586099 0 0.9316854 0.03433281 0 0.9874724 0.01281756 0 0.9338521 0.01281756 0 0.04104677 0.9899138 0 0.007385367 0.9899138 0 0.04104677 0.9788663 0 0.007385367 0.961471 0 0.04104677 0.9597772 0 0.02519264 0.9216754 0 0.04104677 0.9397727 0 0.04104677 0.9188067 0 0.02493324 0.8821088 0 0.007385367 0.961471 0 0.04104677 0.8815595 0 0.007385367 0.8816358 0 0.04104677 0.846891 0 0.02481117 0.8455482 0 0.007385367 0.8451056 0 0.04104677 0.8146944 0 0.007385367 0.8141909 0 0.0252079 0.7779965 0 0.007385367 0.7767605 0 0.04104677 0.7419699 0 0.02565042 0.7406729 0 0.007385367 0.740322 0 0.04104677 0.6949111 0 0.007385367 0.6943771 0 0.02571145 0.6939956 0 0.04104677 0.6554818 0 0.007385367 0.6551003 0 0.02569619 0.6550851 0 0.05705348 0.5991608 0 0.007385367 0.5965362 0 0.02545205 0.5966735 0 0.0586099 0.5652094 0 0.007385367 0.5530175 0 0.02725261 0.5530938 0 0.047776 0.5484092 0 0.007385367 0.537789 0 0.02803082 0.5366446 0 0.04745556 0.5392386 0 0.04037537 0.5200427 0 0.007385367 0.5179369 0 0.04037537 0.4857099 0 0.007385367 0.4878157 0 0.007385367 0.4679484 0 0.02803082 0.4690928 0 0.04745556 0.4664988 0 0.047776 0.4573281 0 0.02725261 0.4526284 0 0.007385367 0.4527199 0 0.0586099 0.4405127 0 0.007385367 0.4091707 0 0.06037995 0.4299077 0 0.02545205 0.4090334 0 0.05104143 0.3829404 0 0.02569619 0.3505303 0 0.007385367 0.3505303 0 0.04104677 0.3501335 0 0.02571145 0.311574 0 0.007385367 0.311162 0 0.04104677 0.3106279 0 0.02565042 0.2648051 0 0.007385367 0.2651408 0 0.04104677 0.2634775 0 0.007385367 0.228626 0 0.0252079 0.2273747 0 0.04104677 0.1905394 0 0.007385367 0.1910582 0 0.02481117 0.1593958 0 0.007385367 0.1598383 0 0.04104677 0.1580377 0 0.007385367 0.1226825 0 0.02493324 0.1221942 0 0.04104677 0.1227435 0 0.007385367 0.04118413 0 0.04104677 0.08464181 0 0.02519264 0.08172733 0 0.04104677 0.06326389 0 0.04104677 0.04292363 0 0.007385367 0.04118413 0 0.04104677 0.02345312 0 0.007385367 0.01217669 0 0.04104677 0.01217669 0 0.3604944 0.009277463 0 0.42327 0.009277463 0 0.4224918 0.03036547 0 0.3501335 0.03121996 0 0.4304723 0.06047148 0 0.3446097 0.05732816 0 0.3840543 0.0916304 0 0.3636683 0.1119707 0 0.4240482 0.09010452 0 0.3298695 0.1324788 0 0.4563058 0.07760739 0 0.3459831 0.1822385 0 0.4784466 0.106157 0 0.3224079 0.2375677 0 0.4842908 0.08743417 0 0.3444724 0.2336614 0 0.5230488 0.115465 0 0.3255055 0.2815595 0 0.5139849 0.132311 0 0.3520409 0.3144885 0 0.5508507 0.1481498 0 0.334844 0.3237659 0 0.5378958 0.1619745 0 0.3671626 0.3495079 0 0.564477 0.1837186 0 0.3484245 0.3534142 0 0.5468681 0.1916075 0 0.3668422 0.3736324 0 0.5479972 0.2618296 0 0.5656977 0.2654917 0 0.538323 0.3040055 0 0.5542077 0.3147326 0 0.5206531 0.3317617 0 0.5284047 0.3486686 0 0.4625162 0.3555962 0 0.4653086 0.3711452 0 0.4254063 0.3756924 0 0.4166171 0.3585718 0 0.3837949 0.3653315 0 0.4041962 0.3856108 0 0.3929503 0.3843595 0 0.3630579 0.4002289 0 0.3880522 0.4100252 0 0.3607996 0.4322118 0 0.3880522 0.4543984 0 0.3630579 0.46421 0 0.3929503 0.4800794 0 0.3668422 0.4908065 0 0.3837949 0.4991074 0 0.4041962 0.4788281 0 0.4254063 0.4887465 0 0.3671626 0.514931 0 0.4166171 0.5058671 0 0.3484245 0.5110247 0 0.4383764 0.4897535 0 0.334844 0.5406729 0 0.4625162 0.5088426 0 0.3520409 0.5499504 0 0.4920882 0.5013657 0 0.3255055 0.5828794 0 0.5284047 0.5157702 0 0.3444724 0.6307775 0 0.5206531 0.5326772 0 0.3224079 0.6268711 0 0.5542077 0.5497062 0 0.3459831 0.6822003 0 0.538323 0.5604334 0 0.3298695 0.7319448 0 0.5656977 0.5989472 0 0.3636683 0.7524529 0 0.5479972 0.6026093 0 0.3446097 0.8071107 0 0.564477 0.6807202 0 0.3840543 0.7728084 0 0.5468681 0.6728313 0 0.5378958 0.7024643 0 0.5508507 0.716289 0 0.5139849 0.7321279 0 0.5230488 0.7489738 0 0.4784466 0.7582818 0 0.4842908 0.7770047 0 0.4563058 0.7868315 0 0.4240482 0.7743343 0 0.4304723 0.8039521 0 0.3501335 0.8332189 0 0.4224918 0.8340734 0 0.3604944 0.8551614 0 0.42327 0.8551614 0 0.5661555 0.9568627 0 0.5283131 0.9568627 0 0.5661555 0.9684291 0 0.5292897 0.9684291 0 0.482536 0.9568627 0 0.4829023 0.9684291 0 0.4575723 0.9684291 0 0.4579538 0.9568627 0 0.4383307 0.9568627 0 0.4377508 0.9684291 0 0.4188754 0.9568627 0 0.4181735 0.9684291 0 0.3971618 0.9568627 0 0.3968719 0.9684291 0 0.3732052 0.9568627 0 0.372427 0.9684291 0 0.3245136 0.9568627 0 0.324239 0.9684291 0 0.258442 0.9568627 0 0.2578775 0.9684291 0 0.2263981 0.9568627 0 0.2259251 0.9684291 0 0.2035401 0.9568627 0 0.2035859 0.9684291 0 0.1789883 0.9684291 0 0.1787289 0.9568627 0 0.1611048 0.9684291 0 0.1612421 0.9568627 0 0.1253376 0.9568627 0 0.1251087 0.9684291 0 0.0967422 0.9684291 0 0.09604029 0.9568627 0 0.07054245 0.9684291 0 0.06973373 0.9568627 0 0.04928664 0.9568627 0 0.04928664 0.9684291 0 0.073991 0.5038224 0 0.073991 0.5236896 0 0.08532845 0.5236896 0 0.08532845 0.4939803 0 0.073991 0.4741741 0 0.08532845 0.4635844 0 0.073991 0.4538338 0 0.08532845 0.4438545 0 0.073991 0.4234684 0 0.08532845 0.4234684 0 0.3002213 0.4576791 0 0.3002213 0.4745556 0 0.3287098 0.462272 0 0.3287098 0.4795911 0 0.3002213 0.4921798 0 0.3287098 0.4921798 0 0.08532845 0.4234684 0 0.08532845 0.4438545 0 0.073991 0.4234684 0 0.073991 0.4538338 0 0.08532845 0.4635844 0 0.073991 0.4741741 0 0.08532845 0.4939803 0 0.073991 0.5038224 0 0.08532845 0.5236896 0 0.073991 0.5236896 0 0.4080568 0.5395437 0 0.4080568 0.5561455 0 0.3815518 0.5395437 0 0.3815518 0.5573968 0 0.4080568 0.5672236 0 0.3815518 0.5687343 0 0.4080568 0.5845121 0 0.3815518 0.5861295 0 0.4080568 0.5957885 0 0.3815518 0.5972076 0 0.4080568 0.6132753 0 0.3815518 0.6138552 0 0.4080568 0.6381171 0 0.3815518 0.635935 0 0.3815518 0.694316 0 0.4080568 0.6963149 0 0.3287098 0.4795911 0 0.3287098 0.4921798 0 0.3002213 0.4921798 0 0.3002213 0.4745556 0 0.3287098 0.462272 0 0.3002213 0.4576791 0 0.531075 0.9817502 0 0.5661555 0.9817502 0 0.5661555 0.9740596 0 0.5292897 0.9740596 0 0.4835889 0.9817502 0 0.4829023 0.9740596 0 0.4574655 0.9817502 0 0.4575723 0.9740596 0 0.4377508 0.9740596 0 0.4379034 0.9817502 0 0.4181735 0.9740596 0 0.4181735 0.9817502 0 0.3968719 0.9740596 0 0.3962921 0.9817502 0 0.3726864 0.9817502 0 0.372427 0.9740596 0 0.3241169 0.9817502 0 0.324239 0.9740596 0 0.2903792 0.9817502 0 0.2578775 0.9740596 0 0.257084 0.9817502 0 0.2259251 0.9740596 0 0.2251011 0.9817502 0 0.2041352 0.9817502 0 0.2035859 0.9740596 0 0.1789731 0.9817502 0 0.1789883 0.9740596 0 0.1611048 0.9740596 0 0.1600671 0.9817502 0 0.1251087 0.9740596 0 0.1249714 0.9817502 0 0.0967422 0.9740596 0 0.09669642 0.9817502 0 0.07100023 0.9817502 0 0.07054245 0.9740596 0 0.04928664 0.9817502 0 0.04928664 0.9740596 0 0.5661555 0.9857786 0 0.5301442 0.997528 0 0.5661555 0.997528 0 0.531075 0.9857786 0 0.4832837 0.997528 0 0.4835889 0.9857786 0 0.4579538 0.997528 0 0.4574655 0.9857786 0 0.4383459 0.997528 0 0.4379034 0.9857786 0 0.4187838 0.997528 0 0.4181735 0.9857786 0 0.3965057 0.997528 0 0.3962921 0.9857786 0 0.3726864 0.9857786 0 0.3484245 0.997528 0 0.3241169 0.9857786 0 0.2907301 0.997528 0 0.2903792 0.9857786 0 0.2575418 0.997528 0 0.257084 0.9857786 0 0.2257267 0.997528 0 0.2251011 0.9857786 0 0.2040436 0.997528 0 0.2041352 0.9857786 0 0.1789731 0.9857786 0 0.1787594 0.997528 0 0.1600671 0.9857786 0 0.1600671 0.997528 0 0.1252003 0.997528 0 0.1249714 0.9857786 0 0.09669642 0.9857786 0 0.09620813 0.997528 0 0.07100023 0.9857786 0 0.07043564 0.997528 0 0.04928664 0.997528 0 0.04928664 0.9857786 0 0.3917296 0.3228351 0 0.3917296 0.28925 0 0.3700313 0.3147174 0 0.3700313 0.2810559 0 0.3917296 0.2560006 0 0.3700313 0.2487373 0 0.3917296 0.2482643 0 0.3700313 0.215732 0 0.3917296 0.2153963 0 0.3917296 0.1904936 0 0.3700313 0.1907225 0 0.1063249 0.9130541 0 0.1063249 0.9194781 0 0.121416 0.9194781 0 0.121416 0.9130541 0 0.1063249 0.841352 0 0.121416 0.841352 0 0.1278401 0.9130541 0 0.4248417 0.5406882 0 0.4248417 0.5901579 0 0.4513313 0.5406882 0 0.4513313 0.5921721 0 0.4248417 0.6415961 0 0.4513313 0.6406043 0 0.4513313 0.6992142 0 0.4248417 0.6992142 0 0.4852827 0.9173571 0 0.4643626 0.9077897 0 0.4623636 0.8895705 0 0.471107 0.8701457 0 0.50309 0.9111925 0 0.555581 0.8108339 0 0.5782864 0.8338751 0 0.5875639 0.7754024 0 0.6357824 0.7589685 0 0.5951476 0.7501335 0 0.6384985 0.7148547 0 0.5946136 0.6674601 0 0.6384985 0.655787 0 0.5806211 0.646006 0 0.5768368 0.5846952 0 0.6384985 0.4173648 0 0.5738308 0.4161898 0 0.6362249 0.3548943 0 0.5753719 0.3548791 0 0.4248417 0.5901579 0 0.4248417 0.5406882 0 0.4513313 0.5406882 0 0.4513313 0.5921721 0 0.4248417 0.6415961 0 0.4513313 0.6406043 0 0.4513313 0.6992142 0 0.4248417 0.6992142 0 0.2699626 0.007614255 0 0.2118257 0.04785228 0 0.2118105 0.007614255 0 0.2697642 0.04980546 0 0.1991608 0.078233 0 0.2796826 0.07115281 0 0.2345312 0.1157397 0 0.1857328 0.1196155 0 0.2561227 0.1239796 0 0.1571679 0.1307088 0 0.2708629 0.1439689 0 0.1116503 0.1367971 0 0.3034256 0.1624933 0 0.1201038 0.1541619 0 0.2798657 0.1686122 0 0.08072022 0.1718471 0 0.3133745 0.2609903 0 0.09393454 0.1864653 0 0.2892653 0.2604257 0 0.08331426 0.2163576 0 0.2822156 0.3463951 0 0.06495766 0.2073548 0 0.3037003 0.3501488 0 0.05870146 0.2531319 0 0.2711681 0.3793545 0 0.06128023 0.2972915 0 0.2890364 0.3881437 0 0.08004883 0.2936751 0 0.2512703 0.3989624 0 0.09143206 0.3375143 0 0.2679637 0.4090791 0 0.07440299 0.3490043 0 0.1104906 0.367834 0 0.1009689 0.3860075 0 0.1395743 0.3898222 0 0.1651026 0.4187991 0 0.1954528 0.4090944 0 0.2190585 0.4259251 0 0.237705 0.421622 0 0.2716106 0.4371862 0 0.2476539 0.447303 0 0.2476844 0.4934767 0 0.2715953 0.503563 0 0.2377813 0.5190967 0 0.2679789 0.5316091 0 0.2512856 0.5416647 0 0.2191653 0.5148699 0 0.2889143 0.5526055 0 0.1955901 0.531899 0 0.2710308 0.5613337 0 0.1650416 0.5222248 0 0.3036087 0.5906462 0 0.1393607 0.5510033 0 0.2820477 0.5944304 0 0.1009537 0.5545892 0 0.3118792 0.6348668 0 0.1104448 0.5726711 0 0.2889296 0.6807965 0 0.07449455 0.5915923 0 0.3090104 0.7451438 0 0.09158465 0.6030518 0 0.2793011 0.773434 0 0.06146334 0.6435339 0 0.2704509 0.7981231 0 0.08029297 0.6471351 0 0.285069 0.8509041 0 0.0835584 0.7247273 0 0.2558785 0.8181278 0 0.05882353 0.6877241 0 0.06506447 0.7338064 0 0.08094911 0.7697108 0 0.09433127 0.7549554 0 0.1206378 0.7877165 0 0.1120775 0.8051728 0 0.1576257 0.8114748 0 0.1994049 0.8637064 0 0.1859617 0.8225528 0 0.246479 0.8554055 0 0.2345159 0.8263981 0 0.2695811 0.8917525 0 0.2121004 0.893843 0 0.2699168 0.9336843 0 0.2122988 0.9336843 0 0.5925536 0.3029832 0 0.5925536 0.2314031 0 0.5990081 0.2260166 0 0.5989471 0.3079728 0 0.6118868 0.3079728 0 0.6118105 0.2260166 0 0.6311284 0.3029832 0 0.6376593 0.3079728 0 0.6311284 0.2314031 0 0.4080568 0.7387045 0 0.3815518 0.7390097 0 0.3815518 0.728191 0 0.4080568 0.7271534 0 0.4080568 0.6963149 0 0.3815518 0.694316 0 0.5925536 0.3029832 0 0.5990081 0.2260166 0 0.5925536 0.2314031 0 0.5989471 0.3079728 0 0.6118868 0.3079728 0 0.6118105 0.2260166 0 0.6311284 0.2314031 0 0.6311284 0.3029832 0 0.6376593 0.3079728 0 0.472282 0.207248 0 0.4316777 0.1832761 0 0.4250095 0.1947814 0 0.4656901 0.2187991 0 0.4250095 0.2416877 0 0.4117189 0.1951476 0 0.4117189 0.2420233 0 0.4717632 0.2306249 0 0.4310826 0.2535287 0 0.05990692 0.9431296 0 0.04969864 0.9431296 0 0.04969864 0.9524987 0 0.05883879 0.9524987 0 0.09410239 0.9524987 0 0.09604029 0.9431296 0 0.1436637 0.9524987 0 0.1443809 0.9431296 0 0.1703822 0.9524987 0 0.1702602 0.9431296 0 0.1904326 0.9431296 0 0.1903716 0.9524987 0 0.2103304 0.9431296 0 0.2103761 0.9524987 0 0.2318303 0.9431296 0 0.2323949 0.9524987 0 0.2547036 0.9431296 0 0.2765698 0.9524987 0 0.2960708 0.9431296 0 0.3255818 0.9524987 0 0.3566949 0.9431296 0 0.3574578 0.9524987 0 0.3876097 0.9431296 0 0.3883726 0.9524987 0 0.4086366 0.9524987 0 0.4092622 0.9431296 0 0.4331121 0.9524987 0 0.433051 0.9431296 0 0.4501869 0.9431296 0 0.451194 0.9524987 0 0.4852064 0.9431296 0 0.485359 0.9524987 0 0.5136797 0.9431296 0 0.5138323 0.9524987 0 0.5390555 0.9524987 0 0.5394064 0.9431296 0 0.55906 0.9524987 0 0.5584344 0.9431296 0 0.5683528 0.9431296 0 0.5683528 0.9524987 0 0.423621 0.3210651 0 0.4299992 0.3323873 0 0.4590219 0.3116808 0 0.4512856 0.3004654 0 0.423621 0.2755627 0 0.4608072 0.2902266 0 0.4331121 0.265095 0 0.4102541 0.3211566 0 0.4098268 0.2758679 0 0.4250095 0.1947814 0 0.4316777 0.1832761 0 0.472282 0.207248 0 0.4656901 0.2187991 0 0.4250095 0.2416877 0 0.4117189 0.1951476 0 0.4117189 0.2420233 0 0.4717632 0.2306249 0 0.4310826 0.2535287 0 0.04969864 0.9431296 0 0.05990692 0.9431296 0 0.04969864 0.9524987 0 0.05883879 0.9524987 0 0.09410239 0.9524987 0 0.09604029 0.9431296 0 0.1436637 0.9524987 0 0.1443809 0.9431296 0 0.1703822 0.9524987 0 0.1702602 0.9431296 0 0.1904326 0.9431296 0 0.1903716 0.9524987 0 0.2103304 0.9431296 0 0.2103761 0.9524987 0 0.2318303 0.9431296 0 0.2323949 0.9524987 0 0.2547036 0.9431296 0 0.2765698 0.9524987 0 0.2960708 0.9431296 0 0.2961013 0.9524987 0 0.3253071 0.9431296 0 0.3574578 0.9524987 0 0.3566949 0.9431296 0 0.3876097 0.9431296 0 0.3883726 0.9524987 0 0.4086366 0.9524987 0 0.4092622 0.9431296 0 0.4331121 0.9524987 0 0.433051 0.9431296 0 0.4501869 0.9431296 0 0.451194 0.9524987 0 0.4852064 0.9431296 0 0.485359 0.9524987 0 0.5136797 0.9431296 0 0.5138323 0.9524987 0 0.5390555 0.9524987 0 0.5394064 0.9431296 0 0.55906 0.9524987 0 0.5584344 0.9431296 0 0.5683528 0.9431296 0 0.5683528 0.9524987 0 0.4590219 0.3116808 0 0.4299992 0.3323873 0 0.423621 0.3210651 0 0.4512856 0.3004654 0 0.423621 0.2755627 0 0.4608072 0.2902266 0 0.4331121 0.265095 0 0.4102541 0.3211566 0 0.4098268 0.2758679 0 0.7047379 0.9309987 0 0.8659648 0.9309987 0 0.7079576 0.9451286 0 0.8627451 0.9451286 0 0.7853513 0.9486229 0 0.692256 0.9481346 0 0.8784314 0.9481499 0 0.7853513 0.9632105 0 0.6352331 0.9626001 0 0.63505 0.9481804 0 0.679881 0.9446861 0 0.6337072 0.9327077 0 0.6794232 0.9305104 0 0.5770962 0.9360952 0 0.5770962 0.9485008 0 0.5770962 0.9577783 0 0.6343786 0.9744564 0 0.5770962 0.9780575 0 0.7853513 0.9790952 0 0.9362936 0.9744564 0 0.9354391 0.9626001 0 0.9936522 0.978088 0 0.9936522 0.9577783 0 0.9356222 0.9481804 0 0.8907912 0.9447013 0 0.9936522 0.9484856 0 0.9369497 0.9326925 0 0.8912337 0.9305257 0 0.9936522 0.9360647 0 0.4336004 0.468452 0 0.4386053 0.456611 0 0.4098421 0.4683146 0 0.421912 0.439704 0 0.4099947 0.4445564 0 0.4041352 0.4576638 0 0.4109254 0.4229038 0 0.4346838 0.4229801 0 0.4060426 0.411017 0 0.4228885 0.3942626 0 0.4347601 0.3992218 0 0.4396429 0.4111086 0 0.4336004 0.468452 0 0.4098421 0.4683146 0 0.4386053 0.456611 0 0.421912 0.439704 0 0.4099947 0.4445564 0 0.4041352 0.4576638 0 0.4109254 0.4229038 0 0.4060426 0.411017 0 0.4346838 0.4229801 0 0.4228885 0.3942626 0 0.4347601 0.3992218 0 0.4396429 0.4111086 0 0.6545358 0.8043641 0 0.6630503 0.7895933 0 0.6397803 0.791989 0 0.6339055 0.8102388 0 0.64683 0.8259861 0 0.6621195 0.8226138 0 0.6314794 0.8257267 0 0.6482185 0.9126421 0 0.6617227 0.9126726 0 0.6617227 0.9202869 0 0.6314794 0.9132677 0 0.6314794 0.9168994 0 0.6545358 0.8043641 0 0.6397803 0.791989 0 0.6630503 0.7895933 0 0.6339055 0.8102388 0 0.64683 0.8259861 0 0.6621195 0.8226138 0 0.6314794 0.8257267 0 0.6482185 0.9126421 0 0.6617227 0.9126726 0 0.6617227 0.9202869 0 0.6314794 0.9132677 0 0.6314794 0.9168994 0 0.438529 0.8816816 0 0.4105745 0.9159075 0 0.4105898 0.8996567 0 0.3915312 0.8996719 0 0.391577 0.9159685 0 0.3533684 0.8816816 0 0.3722439 0.8996872 0 0.3722591 0.9160753 0 0.3533074 0.915938 0 0.4973068 0.5865415 0 0.4771649 0.5755703 0 0.4809491 0.5868009 0 0.4968948 0.5695735 0 0.4805066 0.5638514 0 0.507866 0.577493 0 0.4973068 0.5865415 0 0.5137408 0.5886778 0 0.5137408 0.684535 0 0.4809491 0.5868009 0 0.4809491 0.6820325 0 0.4967574 0.6831159 0 0.4959487 0.6904402 0 0.5137408 0.6922255 0 0.4809491 0.6985275 0 0.4952926 0.6985275 0 0.4973068 0.5865415 0 0.4809491 0.5868009 0 0.4771649 0.5755703 0 0.4968948 0.5695735 0 0.4805066 0.5638514 0 0.507866 0.577493 0 0.5137408 0.5886778 0 0.4973068 0.5865415 0 0.5137408 0.684535 0 0.4809491 0.6820325 0 0.4809491 0.5868009 0 0.4967574 0.6831159 0 0.4959487 0.6904402 0 0.5137408 0.6922255 0 0.4809491 0.6985275 0 0.4952926 0.6985275 0 0.7377432 0.6668192 0 0.7377432 0.6371099 0 0.7458915 0.6372778 0 0.7461204 0.6671245 0 0.7573358 0.6422522 0 0.7377432 0.7190661 0 0.7623102 0.6671702 0 0.7653773 0.6396887 0 0.7723354 0.6409094 0 0.7461967 0.7195086 0 0.7377432 0.7466545 0 0.7542229 0.6941482 0 0.7807126 0.6390479 0 0.7807126 0.6668955 0 0.7543145 0.7470664 0 0.772076 0.6939346 0 0.7807126 0.7194934 0 0.7461967 0.7751278 0 0.7620355 0.7471886 0 0.7377432 0.8004425 0 0.7721981 0.7471886 0 0.7807126 0.7471275 0 0.7723507 0.7983978 0 0.7807126 0.7999695 0 0.7629969 0.7988555 0 0.7543145 0.7470664 0 0.7715267 0.8251621 0 0.7807126 0.8255131 0 0.7546654 0.8004425 0 0.7620813 0.826566 0 0.7690089 0.8782178 0 0.7807126 0.8721141 0 0.7807126 0.8963913 0 0.7726406 0.9152514 0 0.7612116 0.9123369 0 0.7611658 0.8788281 0 0.7561303 0.9014115 0 0.7529412 0.8535744 0 0.7455558 0.8716258 0 0.7481346 0.8915541 0 0.7456626 0.8274357 0 0.7377432 0.8272374 0 0.7377432 0.8716869 0 0.7377432 0.900206 0 0.7144427 0.6386206 0 0.722118 0.6385443 0 0.722118 0.667628 0 0.7138323 0.6679179 0 0.722118 0.7199817 0 0.7034104 0.6429846 0 0.713634 0.7204242 0 0.722118 0.7476768 0 0.7053941 0.6680095 0 0.6976578 0.6678569 0 0.6953079 0.6399786 0 0.6879835 0.64094 0 0.6790265 0.63888 0 0.6790265 0.6674601 0 0.6876936 0.694728 0 0.6790265 0.7203937 0 0.6979629 0.6953841 0 0.6875563 0.7481956 0 0.6790265 0.7481346 0 0.7055009 0.7205462 0 0.6977493 0.7481956 0 0.6874189 0.799527 0 0.6790265 0.8011139 0 0.7055009 0.7480888 0 0.696788 0.7999848 0 0.6882277 0.8263981 0 0.6790265 0.8267338 0 0.7051499 0.8015869 0 0.6902724 0.8791638 0 0.6790265 0.8732281 0 0.6790265 0.8948348 0 0.68336 0.9128557 0 0.6935073 0.9118486 0 0.6976883 0.8278019 0 0.6977798 0.8802167 0 0.6996109 0.9025711 0 0.7067674 0.8550393 0 0.7140612 0.8734264 0 0.7096819 0.8943618 0 0.714168 0.828687 0 0.722118 0.8735332 0 0.722118 0.9044175 0 0.722118 0.8284886 0 0.722118 0.8015717 0 0.713634 0.7761959 0 0.8572671 0.01730371 0 0.8738689 0.01730371 0 0.8572671 0.0360418 0 0.876936 0.03875792 0 0.9007248 0.01730371 0 0.8572671 0.08680856 0 0.9007248 0.06082249 0 0.8790265 0.08854812 0 0.8572671 0.1187457 0 0.9007248 0.1199359 0 0.880293 0.1691157 0 0.8572671 0.1663081 0 0.9007248 0.168307 0 0.8572671 0.2128175 0 0.9007248 0.2126802 0 0.9007248 0.2499275 0 0.8572671 0.2498207 0 0.8572671 0.3473869 0 0.9007248 0.3437552 0 0.9007248 0.406836 0 0.8572671 0.4081635 0 0.8572671 0.4546425 0 0.9007248 0.4543831 0 0.8791028 0.4932479 0 0.8572671 0.4962234 0 0.9265888 0.525246 0 0.8572671 0.5558404 0 0.8796826 0.5559014 0 0.926955 0.5807583 0 0.8572671 0.6094453 0 0.9007248 0.6066072 0 0.8791791 0.6092165 0 0.9007248 0.6290837 0 0.8790417 0.6333104 0 0.8572671 0.6344243 0 0.9007248 0.6675517 0 0.8787823 0.6664683 0 0.8572671 0.6658884 0 0.8787823 0.7073167 0 0.9007248 0.7486839 0 0.8572671 0.7476311 0 0.879469 0.8163577 0 0.9007248 0.8009308 0 0.8572671 0.8393988 0 0.9007248 0.8722209 0 0.8572671 0.8664683 0 0.8800183 0.8943923 0 0.9007248 0.8943923 0 0.8572671 0.8943923 0 0.8274357 0.01902801 0 0.8438849 0.01902801 0 0.8438849 0.0370031 0 0.8243229 0.03961241 0 0.8006561 0.01902801 0 0.8438849 0.08580148 0 0.8006561 0.060853 0 0.8222324 0.08752573 0 0.8438849 0.1168078 0 0.8006561 0.1179522 0 0.8209811 0.165774 0 0.8438849 0.1630274 0 0.8006561 0.1649653 0 0.8438849 0.2082856 0 0.8006561 0.2081483 0 0.8006561 0.2444496 0 0.8438849 0.244358 0 0.8438849 0.3397574 0 0.8006561 0.336202 0 0.8438849 0.3992828 0 0.8006561 0.3979095 0 0.8438849 0.4450904 0 0.8006561 0.4438392 0 0.8210269 0.4842908 0 0.8438849 0.4874495 0 0.7705958 0.5178607 0 0.8438849 0.5492485 0 0.8203555 0.5493705 0 0.771542 0.5750057 0 0.8438849 0.6046082 0 0.7970397 0.6024109 0 0.8209659 0.6045625 0 0.8006561 0.6257725 0 0.8219424 0.6290532 0 0.8438849 0.6299535 0 0.8006561 0.662913 0 0.822446 0.6617533 0 0.8438849 0.6611429 0 0.8224613 0.701854 0 0.8006561 0.7424277 0 0.8438849 0.7413901 0 0.8218051 0.8087892 0 0.8006561 0.793637 0 0.8438849 0.8314031 0 0.8006561 0.8636301 0 0.8438849 0.8579843 0 0.8211795 0.88542 0 0.8006561 0.88542 0 0.8438849 0.88542 0 0.9936522 0.978088 0 0.9936522 0.986862 0 0.9368429 0.989105 0 0.9362936 0.9744564 0 0.7853513 0.9790952 0 0.8911269 0.9926757 0 0.8659648 0.9926757 0 0.7047379 0.9926757 0 0.6338292 0.989105 0 0.6795605 0.9926757 0 0.6343786 0.9744564 0 0.5770962 0.9780575 0 0.5770962 0.9868315 0 0.5041581 0.2110628 0 0.5041581 0.1906615 0 0.4888533 0.2110628 0 0.4888533 0.1906615 0 0.4888533 0.1653315 0 0.4691234 0.1906615 0 0.467216 0.1653315 0 0.5041581 0.1653315 0 0.5236133 0.1906615 0 0.5252155 0.1653315 0 0.4888533 0.1463187 0 0.5041581 0.1463187 0 0.4105745 0.9159075 0 0.4385138 0.8925917 0 0.4105898 0.8996567 0 0.438529 0.8816816 0 0.3533684 0.8816816 0 0.391577 0.9159685 0 0.3915312 0.8996719 0 0.3722439 0.8996872 0 0.3722591 0.9160753 0 0.3533074 0.915938 0 0.5041581 0.2110628 0 0.4888533 0.2110628 0 0.5041581 0.1906615 0 0.4888533 0.1906615 0 0.4888533 0.1653315 0 0.4691234 0.1906615 0 0.467216 0.1653315 0 0.5041581 0.1653315 0 0.4888533 0.1463187 0 0.5041581 0.1463187 0 0.5236133 0.1906615 0 0.5252155 0.1653315 0 0.07368582 0.1187915 0 0.0970016 0.1187915 0 0.0970016 0.109453 0 0.07368582 0.109453 0 0.06410315 0.1070268 0 0.06410315 0.09533834 0 0.07368582 0.09674221 0 0.06410315 0.05929655 0 0.1057145 0.107393 0 0.1057145 0.09469748 0 0.06410315 0.01155108 0 0.07368582 0.01472497 0 0.0970016 0.09520102 0 0.1057145 0.05967802 0 0.07368582 0.06007475 0 0.0970016 0.01673913 0 0.0970016 0.06001371 0 0.0970016 0.109453 0 0.0970016 0.1187915 0 0.07368582 0.1187915 0 0.07368582 0.109453 0 0.06410315 0.1070268 0 0.06410315 0.09533834 0 0.1057145 0.09469748 0 0.1057145 0.107393 0 0.07368582 0.09674221 0 0.06410315 0.05929655 0 0.0970016 0.09520102 0 0.1057145 0.05967802 0 0.07368582 0.06007475 0 0.06410315 0.01155108 0 0.07368582 0.01472497 0 0.0970016 0.01673913 0 0.0970016 0.06001371 0 0.5497063 0.4852521 0 0.5294271 0.4853132 0 0.5497063 0.4744487 0 0.5294271 0.4744487 0 0.5176929 0.4744487 0 0.5176929 0.4572671 0 0.5294271 0.4606088 0 0.5617762 0.4744487 0 0.5617762 0.4566415 0 0.5294271 0.4306248 0 0.5176929 0.4293889 0 0.5497063 0.4599375 0 0.5483177 0.4069886 0 0.5617762 0.4126803 0 0.5305104 0.3993438 0 0.5514305 0.3953307 0 0.5143359 0.3919432 0 0.548455 0.3779507 0 0.5253986 0.3926299 0 0.5332112 0.3874418 0 0.5255055 0.3785916 0 0.5173571 0.3739071 0 0.5327229 0.3670558 0 0.4683452 0.485069 0 0.4683452 0.4743724 0 0.4884413 0.485069 0 0.4884413 0.4743724 0 0.4999924 0.4743724 0 0.4999924 0.4575265 0 0.4884413 0.4607919 0 0.4567941 0.4743724 0 0.4567941 0.4568856 0 0.4884413 0.4314336 0 0.4999924 0.4302891 0 0.4683452 0.4601206 0 0.4714885 0.4127566 0 0.4567941 0.4139315 0 0.4899214 0.4045014 0 0.4688487 0.4018311 0 0.505272 0.3960479 0 0.4707866 0.3854429 0 0.4945144 0.3977722 0 0.4863508 0.3933776 0 0.493782 0.3845578 0 0.501091 0.3788663 0 0.4855421 0.374136 0 0.6517128 0.605951 0 0.6697337 0.605951 0 0.6493629 0.5467002 0 0.6711833 0.3824826 0 0.6526589 0.3809873 0 0.6597086 0.3185016 0 0.6992294 0.5450675 0 0.7334402 0.605951 0 0.6776074 0.322179 0 0.7537194 0.605951 0 0.7552453 0.5460746 0 0.6996261 0.3808805 0 0.7334402 0.377142 0 0.7510643 0.3037614 0 0.705211 0.3066606 0 0.6866865 0.2972152 0 0.668925 0.2934615 0 0.6675059 0.214786 0 0.7334402 0.2436103 0 0.7504082 0.2413977 0 0.6837873 0.2118105 0 0.6600443 0.1901579 0 0.7267262 0.209247 0 0.7390555 0.1956359 0 0.6658274 0.1651789 0 0.6343938 0.152224 0 0.6827344 0.135668 0 0.6885786 0.1129625 0 0.5798733 0.06839097 0 0.5592431 0.06504923 0 0.6188906 0.03118944 0 0.6213931 0.011841 0 0.6049287 0.05616844 0 0.6019989 0.02517736 0 0.6000458 0.01109332 0 0.5748836 0.02227819 0 0.5775998 0.05000383 0 0.5631952 0.04077208 0 0.5836576 0.03387505 0 0.6697337 0.605951 0 0.6517128 0.605951 0 0.6493629 0.5467002 0 0.6711833 0.3824826 0 0.6526589 0.3809873 0 0.6597086 0.3185016 0 0.6992294 0.5450675 0 0.7334402 0.605951 0 0.6776074 0.322179 0 0.7552453 0.5460746 0 0.7537194 0.605951 0 0.6996261 0.3808805 0 0.7334402 0.377142 0 0.7510643 0.3037614 0 0.705211 0.3066606 0 0.7334402 0.2436103 0 0.7504082 0.2413977 0 0.6866865 0.2972152 0 0.668925 0.2934615 0 0.6675059 0.214786 0 0.7267262 0.209247 0 0.7390555 0.1956359 0 0.6837873 0.2118105 0 0.6600443 0.1901579 0 0.6827344 0.135668 0 0.6885786 0.1129625 0 0.6658274 0.1651789 0 0.6343938 0.152224 0 0.6188906 0.03118944 0 0.6213931 0.011841 0 0.5798733 0.06839097 0 0.5592431 0.06504923 0 0.6049287 0.05616844 0 0.5775998 0.05000383 0 0.5631952 0.04077208 0 0.5836576 0.03387505 0 0.5748836 0.02227819 0 0.6019989 0.02517736 0 0.6000458 0.01109332 0 0.5272602 0.2513924 0 0.4868696 0.2276341 0 0.4868696 0.2747844 0 0.4850538 0.330663 0 0.5137866 0.3078813 0 0.4850538 0.2853437 0 0.5698482 0.9214923 0 0.6104066 0.8922865 0 0.5698482 0.8624094 0 0.5272602 0.2513924 0 0.4868696 0.2747844 0 0.4868696 0.2276341 0 0.4850538 0.330663 0 0.4850538 0.2853437 0 0.5137866 0.3078813 0 0.5698482 0.9214923 0 0.5698482 0.8624094 0 0.6104066 0.8922865 0 0.3815518 0.5395437 0 0.3815518 0.5687343 0 0.4080568 0.5395437 0 0.3326467 0.8774243 0 0.3041581 0.8859541 0 0.3326467 0.890547 0 0.3287098 0.4491341 0 0.3002213 0.4576791 0 0.3287098 0.462272 0 0.4377508 0.9740596 0 0.4829023 0.9740596 0 0.4574655 0.9817502 0 0.4377508 0.9740596 0 0.4181735 0.9817502 0 0.3968719 0.9740596 0 0.3326467 0.8774243 0 0.3326467 0.890547 0 0.3041581 0.8859541 0 0.3287098 0.4491341 0 0.3287098 0.462272 0 0.3002213 0.4576791 0 0.04928664 0.9740596 0 0.07100023 0.9817502 0 0.0967422 0.9740596 0 0.4250095 0.1947814 0 0.4250095 0.2416877 0 0.4656901 0.2187991 0 0.05883879 0.9524987 0 0.04969864 0.9431296 0 0.04969864 0.9524987 0 0.4512856 0.3004654 0 0.423621 0.2755627 0 0.423621 0.3210651 0 0.4250095 0.1947814 0 0.4656901 0.2187991 0 0.4250095 0.2416877 0 0.5584344 0.9431296 0 0.5390555 0.9524987 0 0.5136797 0.9431296 0 0.4512856 0.3004654 0 0.423621 0.3210651 0 0.423621 0.2755627 0 0.1468223 0.8948043 0 0.1589227 0.8906691 0 0.1591974 0.9182422 0 0.4968948 0.5695735 0 0.4805066 0.5638514 0 0.4809491 0.5868009 0 0.4968948 0.5695735 0 0.4809491 0.5868009 0 0.4805066 0.5638514 0 0.7096819 0.8943618 0 0.6935073 0.9118486 0 0.6977798 0.8802167 0 0.722118 0.8735332 0 0.722118 0.9044175 0 0.7096819 0.8943618 0 0.4386053 0.456611 0 0.421912 0.439704 0 0.4098421 0.4683146 0 0.4060426 0.411017 0 0.4346838 0.4229801 0 0.4347601 0.3992218 0 0.4386053 0.456611 0 0.4098421 0.4683146 0 0.421912 0.439704 0 0.4060426 0.411017 0 0.4347601 0.3992218 0 0.4346838 0.4229801 0 0.5294271 0.4744487 0 0.5497063 0.4599375 0 0.5497063 0.4744487 0 0.4683452 0.4601206 0 0.4884413 0.4743724 0 0.4683452 0.4743724 0 0.1403372 0.4787976 0 0.1240711 0.4996872 0 0.1493248 0.508339 0 0.1403372 0.4787976 0 0.1493248 0.508339 0 0.1240711 0.4996872 0 0.1429923 0.4296635 0 0.1582818 0.4512246 0 0.1326467 0.4588082 0 0.4114138 0.1510796 0 0.4054627 0.1206989 0 0.3806973 0.1206989 0 0.3817655 0.1567101 0 0.4338903 0.1569848 0 0.4281529 0.1267719 0 0.4637217 0.1512322 0 0.4581521 0.1209583 0 0.6118868 0.3079728 0 0.6311284 0.2314031 0 0.6311284 0.3029832 0 0.5990081 0.2260166 0 0.4080568 0.6963149 0 0.4080568 0.7271534 0 0.3815518 0.728191 0 0.3815518 0.694316 0 0.4080568 0.5672236 0 0.3815518 0.5687343 0 0.3815518 0.5395437 0 0.4080568 0.5395437 0 0.4637217 0.1512322 0 0.4281529 0.1267719 0 0.4338903 0.1569848 0 0.4581521 0.1209583 0 0.6311284 0.2314031 0 0.5990081 0.2260166 0 0.6118868 0.3079728 0 0.6311284 0.3029832 0 0.08023193 0.8433356 0 0.06517128 0.8433356 0 0.06517128 0.9149615 0 0.08023193 0.9149615 0 0.3806973 0.1206989 0 0.4054627 0.1206989 0 0.4114138 0.1510796 0 0.3817655 0.1567101 0 0.06517128 0.8433356 0 0.08023193 0.8433356 0 0.06517128 0.9149615 0 0.08023193 0.9149615 0 0.4501869 0.9431296 0 0.451194 0.9524987 0 0.4092622 0.9431296 0 0.4852064 0.9431296 0 0.3533074 0.915938 0 0.438529 0.8816816 0 0.4105745 0.9159075 0 0.3533684 0.8816816 0 0.8659648 0.9309987 0 0.8627451 0.9451286 0 0.7079576 0.9451286 0 0.7047379 0.9309987 0 0.3533684 0.8816816 0 0.4105745 0.9159075 0 0.438529 0.8816816 0 0.3533074 0.915938 0 0.672282 0.6226597 0 0.7334402 0.6252842 0 0.7334402 0.605951 0 0.6697337 0.605951 0 0.7334402 0.605951 0 0.7334402 0.6252842 0 0.672282 0.6226597 0 0.6697337 0.605951 0 0.3815518 0.6138552 0 0.3815518 0.635935 0 0.4080568 0.6381171 0 0.3815518 0.694316 0 0.4080568 0.6963149 0 0.3815518 0.728191 0 0.4080568 0.7271534 0 0.5661555 0.9568627 0 0.5661555 0.9684291 0 0.5292897 0.9684291 0 0.5283131 0.9568627 0 0.4829023 0.9684291 0 0.482536 0.9568627 0 0.4377508 0.9684291 0 0.4383307 0.9568627 0 0.3971618 0.9568627 0 0.3968719 0.9684291 0 0.324239 0.9684291 0 0.3245136 0.9568627 0 0.2259251 0.9684291 0 0.2263981 0.9568627 0 0.2035401 0.9568627 0 0.2035859 0.9684291 0 0.1612421 0.9568627 0 0.1611048 0.9684291 0 0.1253376 0.9568627 0 0.0967422 0.9684291 0 0.09604029 0.9568627 0 0.04928664 0.9684291 0 0.04928664 0.9568627 0 0.5661555 0.9857786 0 0.5661555 0.997528 0 0.531075 0.9857786 0 0.5301442 0.997528 0 0.4835889 0.9857786 0 0.4579538 0.997528 0 0.4574655 0.9857786 0 0.4187838 0.997528 0 0.4379034 0.9857786 0 0.4181735 0.9857786 0 0.3965057 0.997528 0 0.3962921 0.9857786 0 0.3726864 0.9857786 0 0.3244068 0.997528 0 0.2903792 0.9857786 0 0.2575418 0.997528 0 0.2251011 0.9857786 0 0.2257267 0.997528 0 0.2040436 0.997528 0 0.2041352 0.9857786 0 0.1789731 0.9857786 0 0.1600671 0.997528 0 0.1600671 0.9857786 0 0.1249714 0.9857786 0 0.1252003 0.997528 0 0.09669642 0.9857786 0 0.09620813 0.997528 0 0.07100023 0.9857786 0 0.07043564 0.997528 0 0.04928664 0.997528 0 0.04928664 0.9857786 0 0.4080568 0.6963149 0 0.3815518 0.694316 0 0.4080568 0.6381171 0 0.3815518 0.635935 0 0.3815518 0.6138552 0 0.1600671 0.9817502 0 0.2035859 0.9740596 0 0.1611048 0.9740596 0 0.1249714 0.9817502 0 0.0967422 0.9740596 0 0.3917296 0.1904936 0 0.3700313 0.1907225 0 0.3700313 0.215732 0 0.3917296 0.2153963 0 0.3700313 0.2487373 0 0.3917296 0.2560006 0 0.3700313 0.2810559 0 0.3917296 0.28925 0 0.3700313 0.3147174 0 0.3917296 0.3228351 0 0.6362249 0.3548943 0 0.5753719 0.3548791 0 0.5806211 0.646006 0 0.6384985 0.655787 0 0.5946136 0.6674601 0 0.6357824 0.7589685 0 0.5875639 0.7754024 0 0.5782864 0.8338751 0 0.555581 0.8108339 0 0.50309 0.9111925 0 0.471107 0.8701457 0 0.4852827 0.9173571 0 0.4643626 0.9077897 0 0.3917296 0.3228351 0 0.3700313 0.3147174 0 0.3917296 0.28925 0 0.3700313 0.2810559 0 0.3917296 0.2560006 0 0.3700313 0.2487373 0 0.3917296 0.2153963 0 0.3700313 0.215732 0 0.3917296 0.1904936 0 0.3700313 0.1907225 0 0.4852827 0.9173571 0 0.4643626 0.9077897 0 0.471107 0.8701457 0 0.50309 0.9111925 0 0.555581 0.8108339 0 0.5782864 0.8338751 0 0.5875639 0.7754024 0 0.6357824 0.7589685 0 0.5946136 0.6674601 0 0.6384985 0.655787 0 0.5806211 0.646006 0 0.6362249 0.3548943 0 0.5753719 0.3548791 0 0.1436637 0.9524987 0 0.1903716 0.9524987 0 0.1904326 0.9431296 0 0.2103761 0.9524987 0 0.2318303 0.9431296 0 0.2960708 0.9431296 0 0.2765698 0.9524987 0 0.3255818 0.9524987 0 0.3566949 0.9431296 0 0.3883726 0.9524987 0 0.3876097 0.9431296 0 0.4086366 0.9524987 0 0.4092622 0.9431296 0 0.451194 0.9524987 0 0.485359 0.9524987 0 0.4852064 0.9431296 0 0.5136797 0.9431296 0 0.5138323 0.9524987 0 0.55906 0.9524987 0 0.04104677 0.9899138 0 0.007385367 0.9899138 0 0.04104677 0.9597772 0 0.007385367 0.961471 0 0.04104677 0.9188067 0 0.5770962 0.9360952 0 0.6794232 0.9305104 0 0.5770962 0.9485008 0 0.679881 0.9446861 0 0.5770962 0.9577783 0 0.7079576 0.9451286 0 0.6343786 0.9744564 0 0.5770962 0.9780575 0 0.7853513 0.9632105 0 0.7853513 0.9790952 0 0.8627451 0.9451286 0 0.9936522 0.978088 0 0.9354391 0.9626001 0 0.8907912 0.9447013 0 0.9936522 0.9577783 0 0.9936522 0.9360647 0 0.8912337 0.9305257 0 0.6790265 0.8267338 0 0.6790265 0.8011139 0 0.6882277 0.8263981 0 0.6875563 0.7481956 0 0.6976883 0.8278019 0 0.6790265 0.6674601 0 0.6790265 0.7203937 0 0.6790265 0.63888 0 0.6879835 0.64094 0 0.7034104 0.6429846 0 0.6979629 0.6953841 0 0.7055009 0.7480888 0 0.713634 0.7204242 0 0.6977798 0.8802167 0 0.6882277 0.8263981 0 0.713634 0.7761959 0 0.713634 0.7204242 0 0.722118 0.7476768 0 0.722118 0.8015717 0 0.714168 0.828687 0 0.7067674 0.8550393 0 0.7096819 0.8943618 0 0.722118 0.8735332 0 0.6790265 0.8267338 0 0.6882277 0.8263981 0 0.6790265 0.8732281 0 0.6977798 0.8802167 0 0.6790265 0.8948348 0 0.68336 0.9128557 0 0.6935073 0.9118486 0 0.0970016 0.01673913 0 0.07368582 0.01472497 0 0.0970016 0.06001371 0 0.06410315 0.05929655 0 0.07368582 0.09674221 0 0.5617762 0.4126803 0 0.5497063 0.4599375 0 0.5483177 0.4069886 0 0.5305104 0.3993438 0 0.548455 0.3779507 0 0.5173571 0.3739071 0 0.5327229 0.3670558 0 0.4707866 0.3854429 0 0.4899214 0.4045014 0 0.4714885 0.4127566 0 0.4683452 0.4601206 0 0.4567941 0.4139315 0 0.5661555 0.9568627 0 0.5283131 0.9568627 0 0.5661555 0.9684291 0 0.5292897 0.9684291 0 0.482536 0.9568627 0 0.4575723 0.9684291 0 0.4383307 0.9568627 0 0.4377508 0.9684291 0 0.3971618 0.9568627 0 0.3968719 0.9684291 0 0.324239 0.9684291 0 0.3245136 0.9568627 0 0.258442 0.9568627 0 0.2578775 0.9684291 0 0.2263981 0.9568627 0 0.2035859 0.9684291 0 0.2035401 0.9568627 0 0.1612421 0.9568627 0 0.1611048 0.9684291 0 0.1253376 0.9568627 0 0.0967422 0.9684291 0 0.09604029 0.9568627 0 0.04928664 0.9684291 0 0.04928664 0.9568627 0 0.3041581 0.8859541 0 0.3041581 0.9028305 0 0.3326467 0.890547 0 0.3326467 0.907866 0 0.3041581 0.9204547 0 0.3002213 0.4576791 0 0.3002213 0.4745556 0 0.3287098 0.462272 0 0.3287098 0.4795911 0 0.3002213 0.4921798 0 0.324239 0.9740596 0 0.3968719 0.9740596 0 0.3726864 0.9817502 0 0.2903792 0.9817502 0 0.2259251 0.9740596 0 0.2251011 0.9817502 0 0.2041352 0.9817502 0 0.2035859 0.9740596 0 0.1789731 0.9817502 0 0.1611048 0.9740596 0 0.3041581 0.9204547 0 0.3041581 0.9028305 0 0.3326467 0.907866 0 0.3326467 0.890547 0 0.3041581 0.8859541 0 0.3002213 0.4921798 0 0.3002213 0.4745556 0 0.3287098 0.4795911 0 0.3287098 0.462272 0 0.3002213 0.4576791 0 0.531075 0.9817502 0 0.5661555 0.9817502 0 0.5661555 0.9740596 0 0.5292897 0.9740596 0 0.4574655 0.9817502 0 0.4575723 0.9740596 0 0.4377508 0.9740596 0 0.5661555 0.9857786 0 0.5301442 0.997528 0 0.5661555 0.997528 0 0.531075 0.9857786 0 0.4832837 0.997528 0 0.4574655 0.9857786 0 0.4383459 0.997528 0 0.4379034 0.9857786 0 0.4187838 0.997528 0 0.4181735 0.9857786 0 0.3965057 0.997528 0 0.3962921 0.9857786 0 0.3726864 0.9857786 0 0.3484245 0.997528 0 0.3241169 0.9857786 0 0.2907301 0.997528 0 0.257084 0.9857786 0 0.2257267 0.997528 0 0.2041352 0.9857786 0 0.2040436 0.997528 0 0.1600671 0.9857786 0 0.1600671 0.997528 0 0.1252003 0.997528 0 0.1249714 0.9857786 0 0.09669642 0.9857786 0 0.09620813 0.997528 0 0.07100023 0.9857786 0 0.04928664 0.997528 0 0.04928664 0.9857786 0 0.4248417 0.5406882 0 0.4248417 0.5901579 0 0.4513313 0.5406882 0 0.4513313 0.5921721 0 0.4248417 0.6415961 0 0.4513313 0.6406043 0 0.4513313 0.6992142 0 0.4248417 0.6992142 0 0.4248417 0.5901579 0 0.4248417 0.5406882 0 0.4513313 0.5406882 0 0.4513313 0.5921721 0 0.4248417 0.6415961 0 0.4513313 0.6406043 0 0.4513313 0.6992142 0 0.4248417 0.6992142 0 0.05990692 0.9431296 0 0.05883879 0.9524987 0 0.04969864 0.9524987 0 0.09410239 0.9524987 0 0.09604029 0.9431296 0 0.1443809 0.9431296 0 0.1703822 0.9524987 0 0.1904326 0.9431296 0 0.2103761 0.9524987 0 0.2318303 0.9431296 0 0.2323949 0.9524987 0 0.2961013 0.9524987 0 0.2960708 0.9431296 0 0.3574578 0.9524987 0 0.3876097 0.9431296 0 0.9338521 0.9037766 0 0.9874724 0.7708247 0 0.9874724 0.9037766 0 0.9400168 0.7785916 0 0.9874724 0.6720989 0 0.9400168 0.6256199 0 0.9874724 0.5853208 0 0.9400168 0.5463035 0 0.9874724 0.517174 0 0.9400168 0.5191119 0 0.9460288 0.4584573 0 0.9874724 0.3997558 0 0.9400168 0.397818 0 0.9874724 0.3705501 0 0.9400168 0.3706264 0 0.9874724 0.3315938 0 0.9400168 0.2912948 0 0.9874724 0.1808499 0 0.9400168 0.1377432 0 0.9874724 0.06692606 0 0.9338521 0.01281756 0 0.9874724 0.01281756 0 0.007385367 0.8816358 0 0.04104677 0.9188067 0 0.007385367 0.961471 0 0.04104677 0.846891 0 0.007385367 0.8141909 0 0.04104677 0.8146944 0 0.04104677 0.7419699 0 0.007385367 0.740322 0 0.04104677 0.6949111 0 0.007385367 0.6943771 0 0.007385367 0.6551003 0 0.04104677 0.6554818 0 0.007385367 0.5965362 0 0.05705348 0.5991608 0 0.0586099 0.5652094 0 0.007385367 0.537789 0 0.04745556 0.5392386 0 0.007385367 0.5179369 0 0.04037537 0.4857099 0 0.007385367 0.4679484 0 0.04745556 0.4664988 0 0.06037995 0.4299077 0 0.007385367 0.4091707 0 0.04104677 0.3501335 0 0.007385367 0.3505303 0 0.04104677 0.3106279 0 0.007385367 0.311162 0 0.04104677 0.2634775 0 0.007385367 0.2651408 0 0.007385367 0.1910582 0 0.04104677 0.1905394 0 0.007385367 0.1226825 0 0.04104677 0.1227435 0 0.02519264 0.08172733 0 0.007385367 0.04118413 0 0.04104677 0.04292363 0 0.007385367 0.04118413 0 0.007385367 0.01217669 0 0.04104677 0.01217669 0 0.6343786 0.9744564 0 0.6795605 0.9926757 0 0.5770962 0.9780575 0 0.7853513 0.9790952 0 0.7047379 0.9926757 0 0.8659648 0.9926757 0 0.8911269 0.9926757 0 0.9936522 0.978088 0 0.722118 0.6385443 0 0.7138323 0.6679179 0 0.7034104 0.6429846 0 0.6979629 0.6953841 0 0.713634 0.7204242 0 0.0970016 0.06001371 0 0.07368582 0.09674221 0 0.06410315 0.05929655 0 0.07368582 0.01472497 0 0.0970016 0.01673913 0 0.2699626 0.007614255 0 0.2118257 0.04785228 0 0.2118105 0.007614255 0 0.2697642 0.04980546 0 0.1991608 0.078233 0 0.1857328 0.1196155 0 0.1116503 0.1367971 0 0.2561227 0.1239796 0 0.1201038 0.1541619 0 0.3034256 0.1624933 0 0.06495766 0.2073548 0 0.2798657 0.1686122 0 0.08331426 0.2163576 0 0.3133745 0.2609903 0 0.06128023 0.2972915 0 0.2892653 0.2604257 0 0.09143206 0.3375143 0 0.2822156 0.3463951 0 0.07440299 0.3490043 0 0.3037003 0.3501488 0 0.1009689 0.3860075 0 0.2679637 0.4090791 0 0.1395743 0.3898222 0 0.2512703 0.3989624 0 0.1651026 0.4187991 0 0.1954528 0.4090944 0 0.237705 0.421622 0 0.2476539 0.447303 0 0.2679789 0.5316091 0 0.2377813 0.5190967 0 0.2512856 0.5416647 0 0.2889143 0.5526055 0 0.3036087 0.5906462 0 0.1955901 0.531899 0 0.2820477 0.5944304 0 0.1650416 0.5222248 0 0.2889296 0.6807965 0 0.1104448 0.5726711 0 0.3090104 0.7451438 0 0.1009537 0.5545892 0 0.2793011 0.773434 0 0.07449455 0.5915923 0 0.285069 0.8509041 0 0.09158465 0.6030518 0 0.2558785 0.8181278 0 0.06146334 0.6435339 0 0.1859617 0.8225528 0 0.0835584 0.7247273 0 0.06506447 0.7338064 0 0.1206378 0.7877165 0 0.1120775 0.8051728 0 0.1994049 0.8637064 0 0.2695811 0.8917525 0 0.2121004 0.893843 0 0.2699168 0.9336843 0 0.2122988 0.9336843 0 0.1611048 0.9740596 0 0.1249714 0.9817502 0 0.0967422 0.9740596 0 0.09669642 0.9817502 0 0.07100023 0.9817502 0 0.04928664 0.9740596 0 0.4181735 0.9817502 0 0.4377508 0.9740596 0 0.3968719 0.9740596 0 0.3962921 0.9817502 0 0.3726864 0.9817502 0 0.324239 0.9740596 0 0.5236133 0.1906615 0 0.5252155 0.1653315 0 0.5041581 0.1653315 0 0.5041581 0.1906615 0 0.4888533 0.1906615 0 0.4888533 0.2110628 0 0.4888533 0.1653315 0 0.5041581 0.1463187 0 0.4691234 0.1906615 0 0.467216 0.1653315 0 0.5252155 0.1653315 0 0.5236133 0.1906615 0 0.5041581 0.1653315 0 0.5041581 0.1906615 0 0.4888533 0.2110628 0 0.4888533 0.1906615 0 0.4888533 0.1653315 0 0.5041581 0.1463187 0 0.4691234 0.1906615 0 0.467216 0.1653315 0 0.6617227 0.9126726 0 0.6482185 0.9126421 0 0.6617227 0.9202869 0 0.6621195 0.8226138 0 0.6314794 0.8257267 0 0.6314794 0.9132677 0 0.6630503 0.7895933 0 0.6397803 0.791989 0 0.6482185 0.9126421 0 0.6617227 0.9126726 0 0.6617227 0.9202869 0 0.6621195 0.8226138 0 0.6314794 0.8257267 0 0.6314794 0.9132677 0 0.6630503 0.7895933 0 0.6397803 0.791989 0 0.5137408 0.684535 0 0.4809491 0.6820325 0 0.4809491 0.6985275 0 0.4968948 0.5695735 0 0.5137408 0.5886778 0 0.4809491 0.5868009 0 0.4952926 0.6985275 0 0.4809491 0.6820325 0 0.5137408 0.684535 0 0.4968948 0.5695735 0 0.5137408 0.5886778 0 0.4809491 0.5868009 0 0.8738689 0.01730371 0 0.9007248 0.01730371 0 0.9007248 0.1199359 0 0.8572671 0.08680856 0 0.8572671 0.01730371 0 0.9007248 0.2126802 0 0.8572671 0.1663081 0 0.8572671 0.2498207 0 0.9007248 0.3437552 0 0.8572671 0.4081635 0 0.9007248 0.4543831 0 0.8572671 0.4962234 0 0.9265888 0.525246 0 0.8796826 0.5559014 0 0.8572671 0.5558404 0 0.926955 0.5807583 0 0.8572671 0.6094453 0 0.9007248 0.6066072 0 0.8790417 0.6333104 0 0.8572671 0.6658884 0 0.9007248 0.6675517 0 0.8787823 0.7073167 0 0.8572671 0.7476311 0 0.9007248 0.8009308 0 0.8572671 0.8393988 0 0.9007248 0.8722209 0 0.8800183 0.8943923 0 0.9007248 0.8943923 0 0.8572671 0.8943923 0 0.8006561 0.01902801 0 0.8274357 0.01902801 0 0.8006561 0.1179522 0 0.8438849 0.08580148 0 0.8438849 0.01902801 0 0.8006561 0.2081483 0 0.8438849 0.1630274 0 0.8438849 0.244358 0 0.8006561 0.336202 0 0.8438849 0.3992828 0 0.8006561 0.4438392 0 0.8438849 0.4450904 0 0.8210269 0.4842908 0 0.7705958 0.5178607 0 0.8438849 0.5492485 0 0.8202792 0.5747463 0 0.771542 0.5750057 0 0.8438849 0.6046082 0 0.7970397 0.6024109 0 0.8219424 0.6290532 0 0.8006561 0.662913 0 0.8438849 0.6611429 0 0.8224613 0.701854 0 0.8438849 0.7413901 0 0.8006561 0.793637 0 0.8438849 0.8314031 0 0.8006561 0.8636301 0 0.8211795 0.88542 0 0.8006561 0.88542 0 0.8438849 0.88542 0 0.6517128 0.605951 0 0.6697337 0.605951 0 0.6597086 0.3185016 0 0.6866865 0.2972152 0 0.668925 0.2934615 0 0.7334402 0.605951 0 0.6837873 0.2118105 0 0.6600443 0.1901579 0 0.7537194 0.605951 0 0.7510643 0.3037614 0 0.6658274 0.1651789 0 0.6343938 0.152224 0 0.7267262 0.209247 0 0.7390555 0.1956359 0 0.6885786 0.1129625 0 0.6188906 0.03118944 0 0.6213931 0.011841 0 0.6000458 0.01109332 0 0.5798733 0.06839097 0 0.5592431 0.06504923 0 0.5836576 0.03387505 0 0.5748836 0.02227819 0 0.6697337 0.605951 0 0.6517128 0.605951 0 0.6597086 0.3185016 0 0.6866865 0.2972152 0 0.668925 0.2934615 0 0.7334402 0.605951 0 0.6837873 0.2118105 0 0.6600443 0.1901579 0 0.7510643 0.3037614 0 0.7537194 0.605951 0 0.6658274 0.1651789 0 0.6343938 0.152224 0 0.7267262 0.209247 0 0.7390555 0.1956359 0 0.6885786 0.1129625 0 0.5798733 0.06839097 0 0.5592431 0.06504923 0 0.6188906 0.03118944 0 0.6213931 0.011841 0 0.6000458 0.01109332 0 0.5836576 0.03387505 0 0.5748836 0.02227819 0 0.7726406 0.9152514 0 0.7612116 0.9123369 0 0.7690089 0.8782178 0 0.7807126 0.8963913 0 0.7807126 0.8721141 0 0.7807126 0.8255131 0 0.7715267 0.8251621 0 0.7807126 0.7999695 0 0.7620813 0.826566 0 0.7721981 0.7471886 0 0.7620355 0.7471886 0 0.772076 0.6939346 0 0.7807126 0.7194934 0 0.7807126 0.6668955 0 0.7723354 0.6409094 0 0.7807126 0.6390479 0 0.7623102 0.6671702 0 0.7542229 0.6941482 0 0.7573358 0.6422522 0 0.7461204 0.6671245 0 0.7377432 0.6371099 0 0.7461967 0.7195086 0 0.7620355 0.7471886 0 0.7461967 0.7751278 0 0.7377432 0.7466545 0 0.7377432 0.8004425 0 0.7456626 0.8274357 0 0.7620355 0.7471886 0 0.7620813 0.826566 0 0.7455558 0.8716258 0 0.7690089 0.8782178 0 0.7377432 0.8716869 0 0.7481346 0.8915541 0 0.7612116 0.9123369 0 0.7377432 0.900206 0 0.3604944 0.009277463 0 0.42327 0.009277463 0 0.4304723 0.06047148 0 0.3840543 0.0916304 0 0.3636683 0.1119707 0 0.4784466 0.106157 0 0.3298695 0.1324788 0 0.4842908 0.08743417 0 0.3459831 0.1822385 0 0.5508507 0.1481498 0 0.3255055 0.2815595 0 0.5378958 0.1619745 0 0.3520409 0.3144885 0 0.564477 0.1837186 0 0.3484245 0.3534142 0 0.5479972 0.2618296 0 0.3837949 0.3653315 0 0.5656977 0.2654917 0 0.5542077 0.3147326 0 0.5206531 0.3317617 0 0.5284047 0.3486686 0 0.4625162 0.3555962 0 0.4653086 0.3711452 0 0.4254063 0.3756924 0 0.4166171 0.3585718 0 0.3929503 0.3843595 0 0.3668422 0.3736324 0 0.3607996 0.4322118 0 0.3880522 0.4543984 0 0.3668422 0.4908065 0 0.3929503 0.4800794 0 0.3837949 0.4991074 0 0.4383764 0.4897535 0 0.3520409 0.5499504 0 0.4166171 0.5058671 0 0.3484245 0.5110247 0 0.4625162 0.5088426 0 0.3255055 0.5828794 0 0.5284047 0.5157702 0 0.3459831 0.6822003 0 0.5206531 0.5326772 0 0.3298695 0.7319448 0 0.5542077 0.5497062 0 0.3636683 0.7524529 0 0.5656977 0.5989472 0 0.3604944 0.8551614 0 0.5479972 0.6026093 0 0.3840543 0.7728084 0 0.564477 0.6807202 0 0.5378958 0.7024643 0 0.5230488 0.7489738 0 0.4784466 0.7582818 0 0.4304723 0.8039521 0 0.42327 0.8551614 0</float_array>
          <technique_common>
            <accessor source="#geom-Hed_EYE028_1__M_EYE028-map1-array" count="4483" stride="3">
              <param name="S" type="float"/>
              <param name="T" type="float"/>
              <param name="P" type="float"/>
            </accessor>
          </technique_common>
        </source>
        <vertices id="geom-Hed_EYE028_1__M_EYE028-vertices">
          <input semantic="POSITION" source="#geom-Hed_EYE028_1__M_EYE028-positions"/>
        </vertices>
        <triangles material="M_EYE028" count="2336">
          <input semantic="VERTEX" source="#geom-Hed_EYE028_1__M_EYE028-vertices" offset="0"/>
          <input semantic="NORMAL" source="#geom-Hed_EYE028_1__M_EYE028-normals" offset="1"/>
          <input semantic="COLOR" source="#geom-Hed_EYE028_1__M_EYE028-map0" offset="2" set="0"/>
          <input semantic="TEXCOORD" source="#geom-Hed_EYE028_1__M_EYE028-map1" offset="3" set="0"/>
          <p>0 0 0 0 1 1 1 1 2 2 2 2 3 3 3 3 4 4 4 4 5 5 5 5 6 6 6 6 7 7 7 7 8 8 8 8 9 9 9 9 10 10 10 10 11 11 11 11 12 12 12 12 13 13 13 13 14 14 14 14 15 15 15 15 16 16 16 16 17 17 17 17 18 18 18 18 19 19 19 19 20 20 20 20 19 19 19 19 21 21 21 21 20 20 20 20 20 20 20 20 21 21 21 21 22 22 22 22 21 21 21 21 23 23 23 23 22 22 22 22 22 22 22 22 23 23 23 23 24 24 24 24 23 23 23 23 25 25 25 25 24 24 24 24 24 24 24 24 25 25 25 25 26 26 26 26 25 25 25 25 27 27 27 27 26 26 26 26 26 26 26 26 27 27 27 27 28 28 28 28 27 27 27 27 29 29 29 29 28 28 28 28 28 28 28 28 29 29 29 29 30 30 30 30 31 31 31 31 28 28 28 28 30 30 30 30 31 31 31 31 30 30 30 30 32 32 32 32 33 33 33 33 31 31 31 31 32 32 32 32 33 33 33 33 32 32 32 32 34 34 34 34 35 35 35 35 33 33 33 33 34 34 34 34 35 35 35 35 34 34 34 34 36 36 36 36 37 37 37 37 35 35 35 35 36 36 36 36 37 37 37 37 36 36 36 36 38 38 38 38 39 39 39 39 37 37 37 37 38 38 38 38 39 39 39 39 38 38 38 38 40 40 40 40 41 41 41 41 39 39 39 39 40 40 40 40 41 41 41 41 40 40 40 40 42 42 42 42 43 43 43 43 41 41 41 41 42 42 42 42 43 43 43 43 42 42 42 42 44 44 44 44 45 45 45 45 43 43 43 43 44 44 44 44 45 45 45 45 44 44 44 44 46 46 46 46 47 47 47 47 45 45 45 45 46 46 46 46 47 47 47 47 46 46 46 46 48 48 48 48 49 49 49 49 47 47 47 47 48 48 48 48 49 49 49 49 48 48 48 48 50 50 50 50 48 48 48 48 51 51 51 51 50 50 50 50 50 50 50 50 51 51 51 51 52 52 52 52 51 51 51 51 53 53 53 53 52 52 52 52 52 52 52 52 53 53 53 53 54 54 54 54 55 55 55 55 52 52 52 52 54 54 54 54 55 55 55 55 54 54 54 54 56 56 56 56 57 57 57 57 55 55 55 55 56 56 56 56 57 57 57 57 56 56 56 56 58 58 58 58 56 56 56 56 59 59 59 59 58 58 58 58 58 58 58 58 59 59 59 59 60 60 60 60 59 59 59 59 61 61 61 61 60 60 60 60 60 60 60 60 61 61 61 61 62 62 62 62 63 63 63 63 60 60 60 60 62 62 62 62 64 64 64 64 65 65 65 65 66 66 66 66 67 67 67 67 64 64 64 64 66 66 66 66 67 67 67 67 66 66 66 66 68 68 68 68 69 69 69 69 67 67 67 67 68 68 68 68 69 69 69 69 68 68 68 68 70 70 70 70 68 68 68 68 71 71 71 71 70 70 70 70 72 72 72 72 73 73 73 73 74 74 74 74 75 75 75 75 72 72 72 72 74 74 74 74 75 75 75 75 74 74 74 74 76 76 76 76 77 77 77 77 75 75 75 75 76 76 76 76 77 77 77 77 76 76 76 76 78 78 78 78 79 79 79 79 77 77 77 77 78 78 78 78 79 79 79 79 78 78 78 78 80 80 80 80 78 78 78 78 81 81 81 81 80 80 80 80 80 80 80 80 81 81 81 81 82 82 82 82 81 81 81 81 83 83 83 83 82 82 82 82 82 82 82 82 83 83 83 83 84 84 84 84 83 83 83 83 85 85 85 85 84 84 84 84 84 84 84 84 85 85 85 85 86 86 86 86 85 85 85 85 87 87 87 87 86 86 86 86 86 86 86 86 87 87 87 87 88 88 88 88 87 87 87 87 89 89 89 89 88 88 88 88 88 88 88 88 89 89 89 89 90 90 90 90 91 91 91 91 88 88 88 88 90 90 90 90 91 91 91 91 90 90 90 90 92 92 92 92 93 93 93 93 91 91 91 91 92 92 92 92 94 94 94 94 95 95 95 95 96 96 96 96 97 97 97 97 94 94 94 94 96 96 96 96 97 97 97 97 96 96 96 96 98 98 98 98 99 99 99 99 97 97 97 97 98 98 98 98 99 99 99 99 98 98 98 98 100 100 100 100 101 101 101 101 99 99 99 99 100 100 100 100 101 101 101 101 100 100 100 100 102 102 102 102 100 100 100 100 103 103 103 103 102 102 102 102 102 102 102 102 103 103 103 103 104 104 104 104 103 103 103 103 105 105 105 105 104 104 104 104 104 104 104 104 105 105 105 105 106 106 106 106 105 105 105 105 107 107 107 107 106 106 106 106 106 106 106 106 107 107 107 107 108 108 108 108 107 107 107 107 109 109 109 109 108 108 108 108 108 108 108 108 109 109 109 109 110 110 110 110 111 111 111 111 108 108 108 108 110 110 110 110 111 111 111 111 110 110 110 110 112 112 112 112 113 113 113 113 111 111 111 111 112 112 112 112 113 113 113 113 112 112 112 112 114 114 114 114 115 115 115 115 113 113 113 113 114 114 114 114 116 116 116 116 117 117 117 117 118 118 118 118 117 117 117 117 119 119 119 119 118 118 118 118 118 118 118 118 119 119 119 119 120 120 120 120 119 119 119 119 121 121 121 121 120 120 120 120 120 120 120 120 121 121 121 121 122 122 122 122 121 121 121 121 123 123 123 123 122 122 122 122 122 122 122 122 123 123 123 123 124 124 124 124 123 123 123 123 125 125 125 125 124 124 124 124 124 124 124 124 125 125 125 125 126 126 126 126 125 125 125 125 127 127 127 127 126 126 126 126 126 126 126 126 127 127 127 127 128 128 128 128 127 127 127 127 129 129 129 129 128 128 128 128 129 129 129 129 130 130 130 130 128 128 128 128 130 130 130 130 131 131 131 131 128 128 128 128 131 131 131 131 130 130 130 130 132 132 132 132 130 130 130 130 133 133 133 133 132 132 132 132 132 132 132 132 133 133 133 133 134 134 134 134 133 133 133 133 135 135 135 135 134 134 134 134 134 134 134 134 135 135 135 135 136 136 136 136 135 135 135 135 137 137 137 137 136 136 136 136 138 138 138 138 139 139 139 139 140 140 140 140 139 139 139 139 141 141 141 141 140 140 140 140 140 140 140 140 141 141 141 141 142 142 142 142 141 141 141 141 143 143 143 143 142 142 142 142 142 142 142 142 143 143 143 143 144 144 144 144 143 143 143 143 145 145 145 145 144 144 144 144 145 145 145 145 146 146 146 146 144 144 144 144 146 146 146 146 147 147 147 147 144 144 144 144 146 146 146 146 148 148 148 148 147 147 147 147 148 148 148 148 149 149 149 149 147 147 147 147 148 148 148 148 150 150 150 150 149 149 149 149 150 150 150 150 151 151 151 151 149 149 149 149 150 150 150 150 152 152 152 152 151 151 151 151 152 152 152 152 153 153 153 153 151 151 151 151 152 152 152 152 154 154 154 154 153 153 153 153 154 154 154 154 155 155 155 155 153 153 153 153 155 155 155 155 154 154 154 154 156 156 156 156 154 154 154 154 157 157 157 157 156 156 156 156 156 156 156 156 157 157 157 157 158 158 158 158 157 157 157 157 159 159 159 159 158 158 158 158 160 160 160 160 161 161 161 161 162 162 162 162 161 161 161 161 163 163 163 163 162 162 162 162 162 162 162 162 163 163 163 163 164 164 164 164 163 163 163 163 165 165 165 165 164 164 164 164 164 164 164 164 165 165 165 165 166 166 166 166 165 165 165 165 167 167 167 167 166 166 166 166 167 167 167 167 168 168 168 168 166 166 166 166 168 168 168 168 169 169 169 169 166 166 166 166 168 168 168 168 170 170 170 170 169 169 169 169 170 170 170 170 171 171 171 171 169 169 169 169 170 170 170 170 172 172 172 172 171 171 171 171 172 172 172 172 173 173 173 173 171 171 171 171 172 172 172 172 174 174 174 174 173 173 173 173 174 174 174 174 175 175 175 175 173 173 173 173 174 174 174 174 176 176 176 176 175 175 175 175 176 176 176 176 177 177 177 177 175 175 175 175 177 177 177 177 176 176 176 176 178 178 178 178 176 176 176 176 179 179 179 179 178 178 178 178 178 178 178 178 179 179 179 179 180 180 180 180 179 179 179 179 181 181 181 181 180 180 180 180 182 182 182 182 183 183 183 183 184 184 184 184 185 185 185 185 182 182 182 182 184 184 184 184 185 185 185 185 184 184 184 184 186 186 186 186 187 187 187 187 185 185 185 185 186 186 186 186 187 187 187 187 186 186 186 186 188 188 188 188 189 189 189 189 187 187 187 187 188 188 188 188 189 189 189 189 188 188 188 188 190 190 190 190 191 191 191 191 189 189 189 189 190 190 190 190 191 191 191 191 190 190 190 190 192 192 192 192 193 193 193 193 191 191 191 191 192 192 192 192 193 193 193 193 192 192 192 192 194 194 194 194 192 192 192 192 195 195 195 195 194 194 194 194 194 194 194 194 195 195 195 195 196 196 196 196 195 195 195 195 197 197 197 197 196 196 196 196 196 196 196 196 197 197 197 197 198 198 198 198 197 197 197 197 199 199 199 199 198 198 198 198 198 198 198 198 199 199 199 199 200 200 200 200 201 201 201 201 198 198 198 198 200 200 200 200 201 201 201 201 200 200 200 200 202 202 202 202 203 203 203 203 201 201 201 201 202 202 202 202 203 203 203 203 202 202 202 202 204 204 204 204 202 202 202 202 205 205 205 205 204 204 204 204 204 204 204 204 205 205 205 205 206 206 206 206 205 205 205 205 207 207 207 207 206 206 206 206 206 206 206 206 207 207 207 207 208 208 208 208 207 207 207 207 209 209 209 209 208 208 208 208 208 208 208 208 209 209 209 209 210 210 210 210 209 209 209 209 211 211 211 211 210 210 210 210 210 210 210 210 211 211 211 211 212 212 212 212 213 213 213 213 210 210 210 210 212 212 212 212 213 213 213 213 212 212 212 212 214 214 214 214 215 215 215 215 213 213 213 213 214 214 214 214 215 215 215 215 214 214 214 214 216 216 216 216 214 214 214 214 217 217 217 217 216 216 216 216 218 218 218 218 216 216 216 216 217 217 217 217 219 219 219 219 218 218 218 218 217 217 217 217 218 218 218 218 219 219 219 219 220 220 220 220 219 219 219 219 221 221 221 221 220 220 220 220 220 220 220 220 221 221 221 221 222 222 222 222 221 221 221 221 223 223 223 223 222 222 222 222 222 222 222 222 223 223 223 223 224 224 224 224 225 225 225 225 222 222 222 222 224 224 224 224 225 225 225 225 224 224 224 224 226 226 226 226 227 227 227 227 225 225 225 225 226 226 226 226 228 228 228 228 229 229 229 229 230 230 230 230 231 231 231 231 228 228 228 228 230 230 230 230 231 231 231 231 230 230 230 230 232 232 232 232 233 233 233 233 231 231 231 231 232 232 232 232 233 233 233 233 232 232 232 232 234 234 234 234 235 235 235 235 233 233 233 233 234 234 234 234 235 235 235 235 234 234 234 234 236 236 236 236 237 237 237 237 235 235 235 235 236 236 236 236 237 237 237 237 236 236 236 236 238 238 238 238 239 239 239 239 237 237 237 237 238 238 238 238 240 240 240 240 239 239 239 239 238 238 238 238 241 241 241 241 240 240 240 240 238 238 238 238 242 242 242 242 240 240 240 240 241 241 241 241 243 243 243 243 242 242 242 242 241 241 241 241 244 244 244 244 242 242 242 242 243 243 243 243 245 245 245 245 244 244 244 244 243 243 243 243 246 246 246 246 244 244 244 244 245 245 245 245 247 247 247 247 246 246 246 246 245 245 245 245 248 248 248 248 246 246 246 246 247 247 247 247 249 249 249 249 248 248 248 248 247 247 247 247 250 250 250 250 248 248 248 248 249 249 249 249 251 251 251 251 250 250 250 250 249 249 249 249 252 252 252 252 250 250 250 250 251 251 251 251 253 253 253 253 252 252 252 252 251 251 251 251 254 254 254 254 252 252 252 252 253 253 253 253 255 255 255 255 254 254 254 254 253 253 253 253 256 256 256 256 254 254 254 254 255 255 255 255 257 257 257 257 256 256 256 256 255 255 255 255 258 258 258 258 256 256 256 256 257 257 257 257 259 259 259 259 258 258 258 258 257 257 257 257 258 258 258 258 259 259 259 259 260 260 260 260 261 261 261 261 258 258 258 258 260 260 260 260 261 261 261 261 260 260 260 260 262 262 262 262 263 263 263 263 261 261 261 261 262 262 262 262 264 264 264 264 263 263 263 263 262 262 262 262 265 265 265 265 264 264 264 264 262 262 262 262 266 266 266 266 264 264 264 264 265 265 265 265 267 267 267 267 266 266 266 266 265 265 265 265 266 266 266 266 267 267 267 267 268 268 268 268 269 269 269 269 266 266 266 266 268 268 268 268 269 269 269 269 268 268 268 268 270 270 270 270 271 271 271 271 269 269 269 269 270 270 270 270 271 271 271 271 270 270 270 270 272 272 272 272 270 270 270 270 273 273 273 273 272 272 272 272 274 274 274 274 275 275 275 275 276 276 276 276 275 275 275 275 277 277 277 277 276 276 276 276 276 276 276 276 277 277 277 277 278 278 278 278 277 277 277 277 279 279 279 279 278 278 278 278 278 278 278 278 279 279 279 279 280 280 280 280 279 279 279 279 281 281 281 281 280 280 280 280 280 280 280 280 281 281 281 281 282 282 282 282 281 281 281 281 283 283 283 283 282 282 282 282 283 283 283 283 284 284 284 284 282 282 282 282 284 284 284 284 285 285 285 285 282 282 282 282 284 284 284 284 286 286 286 286 285 285 285 285 286 286 286 286 287 287 287 287 285 285 285 285 286 286 286 286 288 288 288 288 287 287 287 287 288 288 288 288 289 289 289 289 287 287 287 287 288 288 288 288 290 290 290 290 289 289 289 289 290 290 290 290 291 291 291 291 289 289 289 289 290 290 290 290 292 292 292 292 291 291 291 291 292 292 292 292 293 293 293 293 291 291 291 291 292 292 292 292 294 294 294 294 293 293 293 293 294 294 294 294 295 295 295 295 293 293 293 293 294 294 294 294 296 296 296 296 295 295 295 295 296 296 296 296 297 297 297 297 295 295 295 295 296 296 296 296 298 298 298 298 297 297 297 297 298 298 298 298 299 299 299 299 297 297 297 297 298 298 298 298 300 300 300 300 299 299 299 299 300 300 300 300 301 301 301 301 299 299 299 299 300 300 300 300 302 302 302 302 301 301 301 301 302 302 302 302 303 303 303 303 301 301 301 301 302 302 302 302 304 304 304 304 303 303 303 303 304 304 304 304 305 305 305 305 303 303 303 303 305 305 305 305 304 304 304 304 306 306 306 306 304 304 304 304 307 307 307 307 306 306 306 306 306 306 306 306 307 307 307 307 308 308 308 308 307 307 307 307 309 309 309 309 308 308 308 308 309 309 309 309 310 310 310 310 308 308 308 308 310 310 310 310 311 311 311 311 308 308 308 308 310 310 310 310 312 312 312 312 311 311 311 311 312 312 312 312 313 313 313 313 311 311 311 311 313 313 313 313 312 312 312 312 314 314 314 314 312 312 312 312 315 315 315 315 314 314 314 314 314 314 314 314 315 315 315 315 316 316 316 316 315 315 315 315 317 317 317 317 316 316 316 316 316 316 316 316 317 317 317 317 318 318 318 318 319 319 319 319 316 316 316 316 318 318 318 318 320 320 320 320 321 321 321 321 322 322 322 322 321 321 321 321 323 323 323 323 322 322 322 322 322 322 322 322 323 323 323 323 324 324 324 324 323 323 323 323 325 325 325 325 324 324 324 324 325 325 325 325 326 326 326 326 324 324 324 324 326 326 326 326 327 327 327 327 324 324 324 324 328 328 328 328 329 329 329 329 330 330 330 330 331 331 331 331 328 328 328 328 330 330 330 330 332 332 332 332 331 331 331 331 330 330 330 330 333 333 333 333 334 334 334 334 332 332 332 332 334 334 334 334 335 335 335 335 332 332 332 332 335 335 335 335 331 331 331 331 332 332 332 332 335 335 335 335 336 336 336 336 331 331 331 331 336 336 336 336 337 337 337 337 331 331 331 331 338 338 338 338 337 337 337 337 336 336 336 336 339 339 339 339 338 338 338 338 336 336 336 336 339 339 339 339 340 340 340 340 338 338 338 338 339 339 339 339 341 341 341 341 340 340 340 340 341 341 341 341 342 342 342 342 340 340 340 340 340 340 340 340 343 343 343 343 338 338 338 338 338 338 338 338 343 343 343 343 344 344 344 344 343 343 343 343 345 345 345 345 344 344 344 344 346 346 346 346 347 347 347 347 348 348 348 348 349 349 349 349 346 346 346 346 348 348 348 348 348 348 348 348 350 350 350 350 349 349 349 349 351 351 351 351 349 349 349 349 352 352 352 352 349 349 349 349 353 353 353 353 352 352 352 352 350 350 350 350 353 353 353 353 349 349 349 349 353 353 353 353 350 350 350 350 354 354 354 354 355 355 355 355 353 353 353 353 354 354 354 354 356 356 356 356 357 357 357 357 358 358 358 358 357 357 357 357 359 359 359 359 358 358 358 358 358 358 358 358 359 359 359 359 360 360 360 360 359 359 359 359 361 361 361 361 360 360 360 360 361 361 361 361 362 362 362 362 360 360 360 360 362 362 362 362 363 363 363 363 360 360 360 360 362 362 362 362 364 364 364 364 363 363 363 363 364 364 364 364 365 365 365 365 363 363 363 363 364 364 364 364 366 366 366 366 365 365 365 365 366 366 366 366 367 367 367 367 365 365 365 365 366 366 366 366 368 368 368 368 367 367 367 367 368 368 368 368 369 369 369 369 367 367 367 367 368 368 368 368 370 370 370 370 369 369 369 369 370 370 370 370 371 371 371 371 369 369 369 369 371 371 371 371 370 370 370 370 372 372 372 372 370 370 370 370 373 373 373 373 372 372 372 372 372 372 372 372 373 373 373 373 374 374 374 374 373 373 373 373 375 375 375 375 374 374 374 374 374 374 374 374 375 375 375 375 376 376 376 376 375 375 375 375 377 377 377 377 376 376 376 376 378 378 378 378 379 379 379 379 380 380 380 380 379 379 379 379 381 381 381 381 380 380 380 380 380 380 380 380 381 381 381 381 382 382 382 382 381 381 381 381 383 383 383 383 382 382 382 382 382 382 382 382 383 383 383 383 384 384 384 384 383 383 383 383 385 385 385 385 384 384 384 384 385 385 385 385 386 386 386 386 384 384 384 384 386 386 386 386 387 387 387 387 384 384 384 384 386 386 386 386 388 388 388 388 387 387 387 387 388 388 388 388 389 389 389 389 387 387 387 387 388 388 388 388 390 390 390 390 389 389 389 389 390 390 390 390 391 391 391 391 389 389 389 389 390 390 390 390 392 392 392 392 391 391 391 391 392 392 392 392 393 393 393 393 391 391 391 391 393 393 393 393 392 392 392 392 394 394 394 394 392 392 392 392 395 395 395 395 394 394 394 394 394 394 394 394 395 395 395 395 396 396 396 396 395 395 395 395 397 397 397 397 396 396 396 396 396 396 396 396 397 397 397 397 398 398 398 398 397 397 397 397 399 399 399 399 398 398 398 398 400 400 400 400 401 401 401 401 402 402 402 402 403 403 403 403 400 400 400 400 402 402 402 402 403 403 403 403 402 402 402 402 404 404 404 404 405 405 405 405 403 403 403 403 404 404 404 404 405 405 405 405 404 404 404 404 406 406 406 406 407 407 407 407 405 405 405 405 406 406 406 406 407 407 407 407 406 406 406 406 408 408 408 408 406 406 406 406 409 409 409 409 408 408 408 408 408 408 408 408 409 409 409 409 410 410 410 410 411 411 411 411 408 408 408 408 410 410 410 410 411 411 411 411 410 410 410 410 412 412 412 412 413 413 413 413 411 411 411 411 412 412 412 412 413 413 413 413 412 412 412 412 414 414 414 414 415 415 415 415 413 413 413 413 414 414 414 414 415 415 415 415 414 414 414 414 416 416 416 416 417 417 417 417 415 415 415 415 416 416 416 416 417 417 417 417 416 416 416 416 418 418 418 418 419 419 419 419 417 417 417 417 418 418 418 418 419 419 419 419 418 418 418 418 420 420 420 420 421 421 421 421 419 419 419 419 420 420 420 420 422 422 422 422 423 423 423 423 424 424 424 424 425 425 425 425 422 422 422 422 424 424 424 424 425 425 425 425 424 424 424 424 426 426 426 426 427 427 427 427 425 425 425 425 426 426 426 426 427 427 427 427 426 426 426 426 428 428 428 428 426 426 426 426 429 429 429 429 428 428 428 428 428 428 428 428 429 429 429 429 430 430 430 430 429 429 429 429 431 431 431 431 430 430 430 430 430 430 430 430 431 431 431 431 432 432 432 432 431 431 431 431 433 433 433 433 432 432 432 432 432 432 432 432 433 433 433 433 434 434 434 434 433 433 433 433 435 435 435 435 434 434 434 434 434 434 434 434 435 435 435 435 436 436 436 436 435 435 435 435 437 437 437 437 436 436 436 436 436 436 436 436 437 437 437 437 438 438 438 438 439 439 439 439 436 436 436 436 438 438 438 438 439 439 439 439 438 438 438 438 440 440 440 440 441 441 441 441 439 439 439 439 440 440 440 440 441 441 441 441 440 440 440 440 442 442 442 442 443 443 443 443 441 441 441 441 442 442 442 442 444 444 444 444 445 445 445 445 446 446 446 446 447 447 447 447 444 444 444 444 446 446 446 446 447 447 447 447 446 446 446 446 448 448 448 448 449 449 449 449 447 447 447 447 448 448 448 448 449 449 449 449 448 448 448 448 450 450 450 450 448 448 448 448 451 451 451 451 450 450 450 450 450 450 450 450 451 451 451 451 452 452 452 452 451 451 451 451 453 453 453 453 452 452 452 452 452 452 452 452 453 453 453 453 454 454 454 454 453 453 453 453 455 455 455 455 454 454 454 454 454 454 454 454 455 455 455 455 456 456 456 456 455 455 455 455 457 457 457 457 456 456 456 456 456 456 456 456 457 457 457 457 458 458 458 458 457 457 457 457 459 459 459 459 458 458 458 458 458 458 458 458 459 459 459 459 460 460 460 460 461 461 461 461 458 458 458 458 460 460 460 460 461 461 461 461 460 460 460 460 462 462 462 462 463 463 463 463 461 461 461 461 462 462 462 462 463 463 463 463 462 462 462 462 464 464 464 464 465 465 465 465 463 463 463 463 464 464 464 464 466 466 466 466 467 467 467 467 468 468 468 468 469 469 469 469 466 466 466 466 468 468 468 468 470 470 470 470 466 466 466 466 469 469 469 469 471 471 471 471 470 470 470 470 469 469 469 469 472 472 472 472 470 470 470 470 471 471 471 471 473 473 473 473 472 472 472 472 471 471 471 471 474 474 474 474 472 472 472 472 473 473 473 473 475 475 475 475 474 474 474 474 473 473 473 473 476 476 476 476 474 474 474 474 475 475 475 475 477 477 477 477 476 476 476 476 475 475 475 475 476 476 476 476 477 477 477 477 478 478 478 478 479 479 479 479 476 476 476 476 478 478 478 478 479 479 479 479 478 478 478 478 480 480 480 480 481 481 481 481 479 479 479 479 480 480 480 480 481 481 481 481 480 480 480 480 482 482 482 482 483 483 483 483 481 481 481 481 482 482 482 482 484 484 484 484 483 483 483 483 482 482 482 482 485 485 485 485 484 484 484 484 482 482 482 482 486 486 486 486 484 484 484 484 485 485 485 485 487 487 487 487 486 486 486 486 485 485 485 485 486 486 486 486 487 487 487 487 488 488 488 488 489 489 489 489 486 486 486 486 488 488 488 488 489 489 489 489 488 488 488 488 490 490 490 490 491 491 491 491 489 489 489 489 490 490 490 490 491 491 491 491 490 490 490 490 492 492 492 492 493 493 493 493 491 491 491 491 492 492 492 492 493 493 493 493 492 492 492 492 494 494 494 494 495 495 495 495 493 493 493 493 494 494 494 494 496 496 496 496 495 495 495 495 494 494 494 494 497 497 497 497 496 496 496 496 494 494 494 494 498 498 498 498 496 496 496 496 497 497 497 497 499 499 499 499 498 498 498 498 497 497 497 497 498 498 498 498 499 499 499 499 500 500 500 500 501 501 501 501 498 498 498 498 500 500 500 500 501 501 501 501 500 500 500 500 502 502 502 502 503 503 503 503 501 501 501 501 502 502 502 502 503 503 503 503 502 502 502 502 504 504 504 504 505 505 505 505 503 503 503 503 504 504 504 504 505 505 505 505 504 504 504 504 506 506 506 506 507 507 507 507 505 505 505 505 506 506 506 506 508 508 508 508 507 507 507 507 506 506 506 506 509 509 509 509 508 508 508 508 506 506 506 506 508 508 508 508 509 509 509 509 510 510 510 510 509 509 509 509 511 511 511 511 510 510 510 510 512 512 512 512 513 513 513 513 514 514 514 514 513 513 513 513 515 515 515 515 514 514 514 514 513 513 513 513 516 516 516 516 515 515 515 515 516 516 516 516 517 517 517 517 515 515 515 515 516 516 516 516 518 518 518 518 517 517 517 517 518 518 518 518 519 519 519 519 517 517 517 517 518 518 518 518 520 520 520 520 519 519 519 519 520 520 520 520 521 521 521 521 519 519 519 519 522 522 522 522 521 521 521 521 520 520 520 520 523 523 523 523 522 522 522 522 520 520 520 520 524 524 524 524 522 522 522 522 523 523 523 523 525 525 525 525 524 524 524 524 523 523 523 523 526 526 526 526 524 524 524 524 525 525 525 525 527 527 527 527 526 526 526 526 525 525 525 525 528 528 528 528 526 526 526 526 527 527 527 527 529 529 529 529 528 528 528 528 527 527 527 527 530 530 530 530 528 528 528 528 529 529 529 529 531 531 531 531 530 530 530 530 529 529 529 529 532 532 532 532 530 530 530 530 531 531 531 531 533 533 533 533 532 532 532 532 531 531 531 531 534 534 534 534 532 532 532 532 533 533 533 533 535 535 535 535 534 534 534 534 533 533 533 533 536 536 536 536 534 534 534 534 535 535 535 535 537 537 537 537 536 536 536 536 535 535 535 535 538 538 538 538 536 536 536 536 537 537 537 537 539 539 539 539 538 538 538 538 537 537 537 537 540 540 540 540 538 538 538 538 539 539 539 539 541 541 541 541 540 540 540 540 539 539 539 539 542 542 542 542 540 540 540 540 541 541 541 541 543 543 543 543 542 542 542 542 541 541 541 541 543 543 543 543 544 544 544 544 542 542 542 542 544 544 544 544 545 545 545 545 542 542 542 542 544 544 544 544 546 546 546 546 545 545 545 545 546 546 546 546 547 547 547 547 545 545 545 545 548 548 548 548 547 547 547 547 546 546 546 546 549 549 549 549 548 548 548 548 546 546 546 546 550 550 550 550 548 548 548 548 549 549 549 549 551 551 551 551 550 550 550 550 549 549 549 549 551 551 551 551 552 552 552 552 550 550 550 550 552 552 552 552 553 553 553 553 550 550 550 550 552 552 552 552 554 554 554 554 553 553 553 553 554 554 554 554 555 555 555 555 553 553 553 553 555 555 555 555 554 554 554 554 556 556 556 556 554 554 554 554 557 557 557 557 556 556 556 556 558 558 558 558 559 559 559 559 560 560 560 560 559 559 559 559 561 561 561 561 560 560 560 560 559 559 559 559 562 562 562 562 561 561 561 561 562 562 562 562 563 563 563 563 561 561 561 561 563 563 563 563 562 562 562 562 564 564 564 564 562 562 562 562 565 565 565 565 564 564 564 564 566 566 566 566 567 567 567 567 568 568 568 568 567 567 567 567 569 569 569 569 568 568 568 568 567 567 567 567 570 570 570 570 569 569 569 569 570 570 570 570 571 571 571 571 569 569 569 569 570 570 570 570 572 572 572 572 571 571 571 571 572 572 572 572 573 573 573 573 571 571 571 571 572 572 572 572 574 574 574 574 573 573 573 573 574 574 574 574 575 575 575 575 573 573 573 573 575 575 575 575 574 574 574 574 576 576 576 576 574 574 574 574 577 577 577 577 576 576 576 576 578 578 578 578 576 576 576 576 577 577 577 577 579 579 579 579 578 578 578 578 577 577 577 577 578 578 578 578 579 579 579 579 580 580 580 580 579 579 579 579 581 581 581 581 580 580 580 580 581 581 581 581 582 582 582 582 580 580 580 580 582 582 582 582 583 583 583 583 580 580 580 580 584 584 584 584 585 585 585 585 586 586 586 586 585 585 585 585 587 587 587 587 586 586 586 586 588 588 588 588 587 587 587 587 585 585 585 585 589 589 589 589 590 590 590 590 588 588 588 588 590 590 590 590 591 591 591 591 588 588 588 588 591 591 591 591 587 587 587 587 588 588 588 588 587 587 587 587 591 591 591 591 592 592 592 592 593 593 593 593 587 587 587 587 592 592 592 592 594 594 594 594 593 593 593 593 592 592 592 592 595 595 595 595 594 594 594 594 592 592 592 592 595 595 595 595 596 596 596 596 594 594 594 594 595 595 595 595 597 597 597 597 596 596 596 596 597 597 597 597 598 598 598 598 596 596 596 596 596 596 596 596 599 599 599 599 594 594 594 594 594 594 594 594 599 599 599 599 600 600 600 600 599 599 599 599 601 601 601 601 600 600 600 600 602 602 602 602 603 603 603 603 604 604 604 604 603 603 603 603 605 605 605 605 604 604 604 604 605 605 605 605 603 603 603 603 606 606 606 606 607 607 607 607 608 608 608 608 605 605 605 605 609 609 609 609 607 607 607 607 605 605 605 605 609 609 609 609 605 605 605 605 606 606 606 606 609 609 609 609 606 606 606 606 610 610 610 610 606 606 606 606 611 611 611 611 610 610 610 610 612 612 612 612 613 613 613 613 614 614 614 614 615 615 615 615 612 612 612 612 614 614 614 614 616 616 616 616 612 612 612 612 615 615 615 615 617 617 617 617 618 618 618 618 615 615 615 615 618 618 618 618 619 619 619 619 615 615 615 615 619 619 619 619 616 616 616 616 615 615 615 615 620 620 620 620 616 616 616 616 619 619 619 619 621 621 621 621 620 620 620 620 619 619 619 619 622 622 622 622 623 623 623 623 624 624 624 624 625 625 625 625 623 623 623 623 622 622 622 622 626 626 626 626 625 625 625 625 622 622 622 622 625 625 625 625 626 626 626 626 627 627 627 627 626 626 626 626 628 628 628 628 627 627 627 627 629 629 629 629 627 627 627 627 628 628 628 628 630 630 630 630 629 629 629 629 628 628 628 628 631 631 631 631 629 629 629 629 630 630 630 630 632 632 632 632 631 631 631 631 630 630 630 630 633 633 633 633 631 631 631 631 632 632 632 632 634 634 634 634 633 633 633 633 632 632 632 632 635 635 635 635 633 633 633 633 634 634 634 634 636 636 636 636 635 635 635 635 634 634 634 634 636 636 636 636 637 637 637 637 635 635 635 635 637 637 637 637 638 638 638 638 635 635 635 635 639 639 639 639 638 638 638 638 637 637 637 637 640 640 640 640 639 639 639 639 637 637 637 637 640 640 640 640 641 641 641 641 639 639 639 639 641 641 641 641 640 640 640 640 642 642 642 642 640 640 640 640 643 643 643 643 642 642 642 642 644 644 644 644 642 642 642 642 643 643 643 643 645 645 645 645 644 644 644 644 643 643 643 643 643 643 643 643 646 646 646 646 645 645 645 645 646 646 646 646 647 647 647 647 645 645 645 645 646 646 646 646 648 648 648 648 647 647 647 647 648 648 648 648 649 649 649 649 647 647 647 647 649 649 649 649 648 648 648 648 650 650 650 650 651 651 651 651 649 649 649 649 650 650 650 650 652 652 652 652 653 653 653 653 654 654 654 654 653 653 653 653 655 655 655 655 654 654 654 654 653 653 653 653 656 656 656 656 655 655 655 655 656 656 656 656 657 657 657 657 655 655 655 655 657 657 657 657 656 656 656 656 658 658 658 658 656 656 656 656 659 659 659 659 658 658 658 658 660 660 660 660 661 661 661 661 662 662 662 662 663 663 663 663 660 660 660 660 662 662 662 662 664 664 664 664 660 660 660 660 663 663 663 663 665 665 665 665 664 664 664 664 663 663 663 663 665 665 665 665 666 666 666 666 664 664 664 664 666 666 666 666 667 667 667 667 664 664 664 664 668 668 668 668 669 669 669 669 670 670 670 670 671 671 671 671 668 668 668 668 670 670 670 670 668 668 668 668 671 671 671 671 672 672 672 672 671 671 671 671 673 673 673 673 672 672 672 672 674 674 674 674 672 672 672 672 673 673 673 673 675 675 675 675 674 674 674 674 673 673 673 673 674 674 674 674 675 675 675 675 676 676 676 676 675 675 675 675 677 677 677 677 676 676 676 676 677 677 677 677 678 678 678 678 676 676 676 676 678 678 678 678 679 679 679 679 676 676 676 676 678 678 678 678 680 680 680 680 679 679 679 679 680 680 680 680 681 681 681 681 679 679 679 679 680 680 680 680 682 682 682 682 681 681 681 681 682 682 682 682 683 683 683 683 681 681 681 681 683 683 683 683 682 682 682 682 684 684 684 684 682 682 682 682 685 685 685 685 684 684 684 684 686 686 686 686 687 687 687 687 688 688 688 688 689 689 689 689 686 686 686 686 688 688 688 688 686 686 686 686 689 689 689 689 690 690 690 690 691 691 691 691 692 692 692 692 689 689 689 689 692 692 692 692 693 693 693 693 689 689 689 689 689 689 689 689 693 693 693 693 690 690 690 690 693 693 693 693 694 694 694 694 690 690 690 690 694 694 694 694 695 695 695 695 690 690 690 690 696 696 696 696 697 697 697 697 698 698 698 698 699 699 699 699 696 696 696 696 698 698 698 698 700 700 700 700 696 696 696 696 699 699 699 699 699 699 699 699 701 701 701 701 700 700 700 700 701 701 701 701 702 702 702 702 700 700 700 700 701 701 701 701 703 703 703 703 702 702 702 702 703 703 703 703 704 704 704 704 702 702 702 702 703 703 703 703 705 705 705 705 704 704 704 704 705 705 705 705 706 706 706 706 704 704 704 704 705 705 705 705 707 707 707 707 706 706 706 706 707 707 707 707 708 708 708 708 706 706 706 706 707 707 707 707 709 709 709 709 708 708 708 708 709 709 709 709 710 710 710 710 708 708 708 708 711 711 711 711 710 710 710 710 709 709 709 709 712 712 712 712 711 711 711 711 709 709 709 709 711 711 711 711 712 712 712 712 713 713 713 713 714 714 714 714 711 711 711 711 713 713 713 713 714 714 714 714 713 713 713 713 715 715 715 715 714 714 714 714 715 715 715 715 716 716 716 716 717 717 717 717 714 714 714 714 716 716 716 716 717 717 717 717 716 716 716 716 718 718 718 718 719 719 719 719 717 717 717 717 718 718 718 718 717 717 717 717 719 719 719 719 720 720 720 720 719 719 719 719 721 721 721 721 720 720 720 720 720 720 720 720 721 721 721 721 722 722 722 722 721 721 721 721 723 723 723 723 722 722 722 722 722 722 722 722 723 723 723 723 724 724 724 724 723 723 723 723 725 725 725 725 724 724 724 724 726 726 726 726 727 727 727 727 728 728 728 728 729 729 729 729 726 726 726 726 728 728 728 728 730 730 730 730 726 726 726 726 729 729 729 729 731 731 731 731 730 730 730 730 729 729 729 729 731 731 731 731 732 732 732 732 730 730 730 730 732 732 732 732 733 733 733 733 730 730 730 730 734 734 734 734 735 735 735 735 736 736 736 736 737 737 737 737 734 734 734 734 736 736 736 736 736 736 736 736 738 738 738 738 737 737 737 737 736 736 736 736 739 739 739 739 738 738 738 738 739 739 739 739 740 740 740 740 738 738 738 738 741 741 741 741 737 737 737 737 738 738 738 738 742 742 742 742 741 741 741 741 738 738 738 738 743 743 743 743 744 744 744 744 745 745 745 745 746 746 746 746 743 743 743 743 745 745 745 745 743 743 743 743 746 746 746 746 747 747 747 747 748 748 748 748 743 743 743 743 747 747 747 747 748 748 748 748 747 747 747 747 749 749 749 749 750 750 750 750 748 748 748 748 749 749 749 749 750 750 750 750 749 749 749 749 751 751 751 751 752 752 752 752 750 750 750 750 751 751 751 751 752 752 752 752 751 751 751 751 753 753 753 753 754 754 754 754 752 752 752 752 753 753 753 753 754 754 754 754 753 753 753 753 755 755 755 755 756 756 756 756 754 754 754 754 755 755 755 755 756 756 756 756 755 755 755 755 757 757 757 757 755 755 755 755 758 758 758 758 757 757 757 757 757 757 757 757 758 758 758 758 759 759 759 759 758 758 758 758 760 760 760 760 759 759 759 759 759 759 759 759 760 760 760 760 761 761 761 761 760 760 760 760 762 762 762 762 761 761 761 761 761 761 761 761 762 762 762 762 763 763 763 763 764 764 764 764 761 761 761 761 763 763 763 763 764 764 764 764 763 763 763 763 765 765 765 765 766 766 766 766 764 764 764 764 765 765 765 765 766 766 766 766 765 765 765 765 767 767 767 767 765 765 765 765 768 768 768 768 767 767 767 767 767 767 767 767 768 768 768 768 769 769 769 769 768 768 768 768 770 770 770 770 769 769 769 769 769 769 769 769 770 770 770 770 771 771 771 771 770 770 770 770 772 772 772 772 771 771 771 771 771 771 771 771 772 772 772 772 773 773 773 773 772 772 772 772 774 774 774 774 773 773 773 773 773 773 773 773 774 774 774 774 775 775 775 775 776 776 776 776 773 773 773 773 775 775 775 775 776 776 776 776 775 775 775 775 777 777 777 777 778 778 778 778 776 776 776 776 777 777 777 777 778 778 778 778 777 777 777 777 779 779 779 779 777 777 777 777 780 780 780 780 779 779 779 779 779 779 779 779 780 780 780 780 781 781 781 781 780 780 780 780 782 782 782 782 781 781 781 781 781 781 781 781 782 782 782 782 783 783 783 783 782 782 782 782 784 784 784 784 783 783 783 783 783 783 783 783 784 784 784 784 785 785 785 785 784 784 784 784 786 786 786 786 785 785 785 785 785 785 785 785 786 786 786 786 787 787 787 787 788 788 788 788 785 785 785 785 787 787 787 787 788 788 788 788 787 787 787 787 789 789 789 789 790 790 790 790 788 788 788 788 789 789 789 789 790 790 790 790 789 789 789 789 791 791 791 791 789 789 789 789 792 792 792 792 791 791 791 791 793 793 793 793 794 794 794 794 795 795 795 795 796 796 796 796 793 793 793 793 795 795 795 795 796 796 796 796 797 797 797 797 793 793 793 793 797 797 797 797 796 796 796 796 798 798 798 798 799 799 799 799 797 797 797 797 798 798 798 798 800 800 800 800 793 793 793 793 797 797 797 797 801 801 801 801 800 800 800 800 797 797 797 797 802 802 802 802 803 803 803 803 804 804 804 804 805 805 805 805 803 803 803 803 802 802 802 802 806 806 806 806 803 803 803 803 805 805 805 805 807 807 807 807 803 803 803 803 806 806 806 806 808 808 808 808 807 807 807 807 806 806 806 806 809 809 809 809 807 807 807 807 808 808 808 808 810 810 810 810 807 807 807 807 809 809 809 809 811 811 811 811 807 807 807 807 810 810 810 810 812 812 812 812 813 813 813 813 814 814 814 814 815 815 815 815 813 813 813 813 812 812 812 812 816 816 816 816 813 813 813 813 815 815 815 815 817 817 817 817 813 813 813 813 816 816 816 816 818 818 818 818 817 817 817 817 816 816 816 816 819 819 819 819 817 817 817 817 818 818 818 818 820 820 820 820 817 817 817 817 819 819 819 819 821 821 821 821 817 817 817 817 820 820 820 820 822 822 822 822 823 823 823 823 824 824 824 824 825 825 825 825 822 822 822 822 824 824 824 824 822 822 822 822 825 825 825 825 826 826 826 826 827 827 827 827 822 822 822 822 826 826 826 826 828 828 828 828 827 827 827 827 826 826 826 826 826 826 826 826 825 825 825 825 829 829 829 829 830 830 830 830 826 826 826 826 829 829 829 829 831 831 831 831 832 832 832 832 833 833 833 833 832 832 832 832 834 834 834 834 833 833 833 833 835 835 835 835 834 834 834 834 832 832 832 832 836 836 836 836 835 835 835 835 832 832 832 832 837 837 837 837 835 835 835 835 836 836 836 836 838 838 838 838 837 837 837 837 836 836 836 836 839 839 839 839 837 837 837 837 838 838 838 838 840 840 840 840 839 839 839 839 838 838 838 838 841 841 841 841 839 839 839 839 840 840 840 840 842 842 842 842 841 841 841 841 840 840 840 840 843 843 843 843 841 841 841 841 842 842 842 842 844 844 844 844 843 843 843 843 842 842 842 842 843 843 843 843 844 844 844 844 845 845 845 845 846 846 846 846 843 843 843 843 845 845 845 845 846 846 846 846 845 845 845 845 847 847 847 847 848 848 848 848 846 846 846 846 847 847 847 847 848 848 848 848 847 847 847 847 849 849 849 849 850 850 850 850 848 848 848 848 849 849 849 849 851 851 851 851 850 850 850 850 849 849 849 849 852 852 852 852 851 851 851 851 849 849 849 849 853 853 853 853 851 851 851 851 852 852 852 852 854 854 854 854 853 853 853 853 852 852 852 852 853 853 853 853 854 854 854 854 855 855 855 855 856 856 856 856 853 853 853 853 855 855 855 855 856 856 856 856 855 855 855 855 857 857 857 857 858 858 858 858 856 856 856 856 857 857 857 857 858 858 858 858 857 857 857 857 859 859 859 859 860 860 860 860 858 858 858 858 859 859 859 859 860 860 860 860 859 859 859 859 861 861 861 861 862 862 862 862 860 860 860 860 861 861 861 861 863 863 863 863 862 862 862 862 861 861 861 861 864 864 864 864 863 863 863 863 861 861 861 861 865 865 865 865 863 863 863 863 864 864 864 864 866 866 866 866 865 865 865 865 864 864 864 864 865 865 865 865 866 866 866 866 867 867 867 867 868 868 868 868 865 865 865 865 867 867 867 867 868 868 868 868 867 867 867 867 869 869 869 869 870 870 870 870 868 868 868 868 869 869 869 869 870 870 870 870 869 869 869 869 871 871 871 871 872 872 872 872 870 870 870 870 871 871 871 871 872 872 872 872 871 871 871 871 873 873 873 873 874 874 874 874 872 872 872 872 873 873 873 873 875 875 875 875 874 874 874 874 873 873 873 873 876 876 876 876 875 875 875 875 873 873 873 873 875 875 875 875 876 876 876 876 877 877 877 877 876 876 876 876 878 878 878 878 877 877 877 877 877 877 877 877 878 878 878 878 879 879 879 879 880 880 880 880 877 877 877 877 879 879 879 879 881 881 881 881 882 882 882 882 883 883 883 883 884 884 884 884 881 881 881 881 883 883 883 883 884 884 884 884 883 883 883 883 885 885 885 885 884 884 884 884 885 885 885 885 886 886 886 886 885 885 885 885 887 887 887 887 886 886 886 886 883 883 883 883 888 888 888 888 885 885 885 885 888 888 888 888 889 889 889 889 885 885 885 885 890 890 890 890 891 891 891 891 892 892 892 892 893 893 893 893 892 892 892 892 891 891 891 891 894 894 894 894 893 893 893 893 891 891 891 891 895 895 895 895 894 894 894 894 891 891 891 891 893 893 893 893 894 894 894 894 896 896 896 896 894 894 894 894 897 897 897 897 896 896 896 896 898 898 898 898 897 897 897 897 894 894 894 894 899 899 899 899 896 896 896 896 897 897 897 897 900 900 900 900 901 901 901 901 902 902 902 902 903 903 903 903 900 900 900 900 902 902 902 902 904 904 904 904 903 903 903 903 902 902 902 902 905 905 905 905 904 904 904 904 902 902 902 902 906 906 906 906 904 904 904 904 905 905 905 905 907 907 907 907 906 906 906 906 905 905 905 905 908 908 908 908 907 907 907 907 905 905 905 905 909 909 909 909 908 908 908 908 905 905 905 905 910 910 910 910 911 911 911 911 912 912 912 912 913 913 913 913 910 910 910 910 912 912 912 912 914 914 914 914 913 913 913 913 912 912 912 912 915 915 915 915 914 914 914 914 912 912 912 912 916 916 916 916 914 914 914 914 915 915 915 915 917 917 917 917 916 916 916 916 915 915 915 915 918 918 918 918 917 917 917 917 915 915 915 915 919 919 919 919 918 918 918 918 915 915 915 915 920 920 920 920 921 921 921 921 922 922 922 922 921 921 921 921 923 923 923 923 922 922 922 922 923 923 923 923 924 924 924 924 922 922 922 922 922 922 922 922 924 924 924 924 925 925 925 925 925 925 925 925 924 924 924 924 926 926 926 926 924 924 924 924 927 927 927 927 926 926 926 926 928 928 928 928 929 929 929 929 930 930 930 930 930 930 930 930 929 929 929 929 931 931 931 931 931 931 931 931 929 929 929 929 932 932 932 932 929 929 929 929 933 933 933 933 932 932 932 932 933 933 933 933 934 934 934 934 932 932 932 932 934 934 934 934 935 935 935 935 932 932 932 932 936 936 936 936 937 937 937 937 938 938 938 938 936 936 936 936 938 938 938 938 939 939 939 939 939 939 939 939 938 938 938 938 940 940 940 940 938 938 938 938 941 941 941 941 940 940 940 940 940 940 940 940 942 942 942 942 939 939 939 939 941 941 941 941 943 943 943 943 940 940 940 940 940 940 940 940 944 944 944 944 942 942 942 942 943 943 943 943 944 944 944 944 940 940 940 940 944 944 944 944 945 945 945 945 942 942 942 942 943 943 943 943 946 946 946 946 944 944 944 944 944 944 944 944 947 947 947 947 945 945 945 945 946 946 946 946 947 947 947 947 944 944 944 944 947 947 947 947 948 948 948 948 945 945 945 945 946 946 946 946 949 949 949 949 947 947 947 947 947 947 947 947 950 950 950 950 948 948 948 948 949 949 949 949 950 950 950 950 947 947 947 947 950 950 950 950 951 951 951 951 948 948 948 948 950 950 950 950 949 949 949 949 952 952 952 952 951 951 951 951 950 950 950 950 953 953 953 953 954 954 954 954 950 950 950 950 952 952 952 952 950 950 950 950 954 954 954 954 953 953 953 953 954 954 954 954 952 952 952 952 955 955 955 955 956 956 956 956 953 953 953 953 954 954 954 954 957 957 957 957 956 956 956 956 954 954 954 954 957 957 957 957 954 954 954 954 955 955 955 955 958 958 958 958 956 956 956 956 957 957 957 957 959 959 959 959 957 957 957 957 955 955 955 955 959 959 959 959 958 958 958 958 957 957 957 957 960 960 960 960 959 959 959 959 955 955 955 955 961 961 961 961 958 958 958 958 959 959 959 959 962 962 962 962 959 959 959 959 960 960 960 960 962 962 962 962 961 961 961 961 959 959 959 959 963 963 963 963 962 962 962 962 960 960 960 960 962 962 962 962 964 964 964 964 961 961 961 961 964 964 964 964 962 962 962 962 963 963 963 963 965 965 965 965 964 964 964 964 963 963 963 963 964 964 964 964 966 966 966 966 961 961 961 961 965 965 965 965 967 967 967 967 964 964 964 964 964 964 964 964 968 968 968 968 966 966 966 966 967 967 967 967 968 968 968 968 964 964 964 964 968 968 968 968 969 969 969 969 966 966 966 966 967 967 967 967 970 970 970 970 968 968 968 968 968 968 968 968 971 971 971 971 969 969 969 969 970 970 970 970 971 971 971 971 968 968 968 968 971 971 971 971 972 972 972 972 969 969 969 969 972 972 972 972 971 971 971 971 973 973 973 973 971 971 971 971 970 970 970 970 974 974 974 974 971 971 971 971 974 974 974 974 973 973 973 973 970 970 970 970 975 975 975 975 974 974 974 974 973 973 973 973 974 974 974 974 976 976 976 976 974 974 974 974 975 975 975 975 977 977 977 977 974 974 974 974 977 977 977 977 976 976 976 976 975 975 975 975 978 978 978 978 977 977 977 977 979 979 979 979 976 976 976 976 977 977 977 977 977 977 977 977 978 978 978 978 980 980 980 980 981 981 981 981 977 977 977 977 980 980 980 980 981 981 981 981 979 979 979 979 977 977 977 977 981 981 981 981 980 980 980 980 982 982 982 982 979 979 979 979 981 981 981 981 983 983 983 983 983 983 983 983 981 981 981 981 982 982 982 982 984 984 984 984 979 979 979 979 983 983 983 983 982 982 982 982 985 985 985 985 983 983 983 983 983 983 983 983 986 986 986 986 984 984 984 984 985 985 985 985 986 986 986 986 983 983 983 983 986 986 986 986 987 987 987 987 984 984 984 984 988 988 988 988 986 986 986 986 985 985 985 985 986 986 986 986 988 988 988 988 987 987 987 987 989 989 989 989 988 988 988 988 985 985 985 985 988 988 988 988 990 990 990 990 987 987 987 987 988 988 988 988 989 989 989 989 991 991 991 991 988 988 988 988 991 991 991 991 990 990 990 990 991 991 991 991 992 992 992 992 990 990 990 990 989 989 989 989 993 993 993 993 991 991 991 991 992 992 992 992 991 991 991 991 994 994 994 994 991 991 991 991 993 993 993 993 995 995 995 995 991 991 991 991 995 995 995 995 994 994 994 994 993 993 993 993 996 996 996 996 995 995 995 995 994 994 994 994 995 995 995 995 997 997 997 997 995 995 995 995 996 996 996 996 998 998 998 998 995 995 995 995 998 998 998 998 997 997 997 997 996 996 996 996 999 999 999 999 998 998 998 998 1000 1000 1000 1000 997 997 997 997 998 998 998 998 1001 1001 1001 1001 998 998 998 998 999 999 999 999 1001 1001 1001 1001 1000 1000 1000 1000 998 998 998 998 1002 1002 1002 1002 1001 1001 1001 1001 999 999 999 999 1001 1001 1001 1001 1003 1003 1003 1003 1000 1000 1000 1000 1004 1004 1004 1004 1001 1001 1001 1001 1002 1002 1002 1002 1003 1003 1003 1003 1001 1001 1001 1001 1004 1004 1004 1004 1005 1005 1005 1005 1003 1003 1003 1003 1004 1004 1004 1004 1005 1005 1005 1005 1004 1004 1004 1004 1006 1006 1006 1006 1007 1007 1007 1007 1008 1008 1008 1008 1009 1009 1009 1009 1009 1009 1009 1009 1008 1008 1008 1008 1010 1010 1010 1010 1010 1010 1010 1010 1011 1011 1011 1011 1009 1009 1009 1009 1012 1012 1012 1012 1011 1011 1011 1011 1010 1010 1010 1010 1011 1011 1011 1011 1013 1013 1013 1013 1009 1009 1009 1009 1011 1011 1011 1011 1012 1012 1012 1012 1014 1014 1014 1014 1013 1013 1013 1013 1011 1011 1011 1011 1014 1014 1014 1014 1012 1012 1012 1012 1015 1015 1015 1015 1014 1014 1014 1014 1016 1016 1016 1016 1013 1013 1013 1013 1014 1014 1014 1014 1017 1017 1017 1017 1014 1014 1014 1014 1015 1015 1015 1015 1016 1016 1016 1016 1014 1014 1014 1014 1017 1017 1017 1017 1018 1018 1018 1018 1017 1017 1017 1017 1015 1015 1015 1015 1019 1019 1019 1019 1016 1016 1016 1016 1017 1017 1017 1017 1020 1020 1020 1020 1017 1017 1017 1017 1018 1018 1018 1018 1019 1019 1019 1019 1017 1017 1017 1017 1020 1020 1020 1020 1021 1021 1021 1021 1019 1019 1019 1019 1020 1020 1020 1020 1022 1022 1022 1022 1020 1020 1020 1020 1018 1018 1018 1018 1021 1021 1021 1021 1020 1020 1020 1020 1023 1023 1023 1023 1020 1020 1020 1020 1022 1022 1022 1022 1024 1024 1024 1024 1020 1020 1020 1020 1024 1024 1024 1024 1023 1023 1023 1023 1022 1022 1022 1022 1025 1025 1025 1025 1024 1024 1024 1024 1023 1023 1023 1023 1024 1024 1024 1024 1026 1026 1026 1026 1024 1024 1024 1024 1025 1025 1025 1025 1027 1027 1027 1027 1024 1024 1024 1024 1027 1027 1027 1027 1026 1026 1026 1026 1025 1025 1025 1025 1028 1028 1028 1028 1027 1027 1027 1027 1029 1029 1029 1029 1026 1026 1026 1026 1027 1027 1027 1027 1030 1030 1030 1030 1027 1027 1027 1027 1028 1028 1028 1028 1030 1030 1030 1030 1029 1029 1029 1029 1027 1027 1027 1027 1031 1031 1031 1031 1030 1030 1030 1030 1028 1028 1028 1028 1032 1032 1032 1032 1029 1029 1029 1029 1030 1030 1030 1030 1033 1033 1033 1033 1030 1030 1030 1030 1031 1031 1031 1031 1033 1033 1033 1033 1032 1032 1032 1032 1030 1030 1030 1030 1034 1034 1034 1034 1033 1033 1033 1033 1031 1031 1031 1031 1032 1032 1032 1032 1033 1033 1033 1033 1035 1035 1035 1035 1033 1033 1033 1033 1034 1034 1034 1034 1036 1036 1036 1036 1033 1033 1033 1033 1037 1037 1037 1037 1035 1035 1035 1035 1037 1037 1037 1037 1033 1033 1033 1033 1036 1036 1036 1036 1038 1038 1038 1038 1035 1035 1035 1035 1037 1037 1037 1037 1036 1036 1036 1036 1039 1039 1039 1039 1037 1037 1037 1037 1040 1040 1040 1040 1038 1038 1038 1038 1037 1037 1037 1037 1039 1039 1039 1039 1040 1040 1040 1040 1037 1037 1037 1037 1038 1038 1038 1038 1040 1040 1040 1040 1041 1041 1041 1041 1040 1040 1040 1040 1039 1039 1039 1039 1041 1041 1041 1041 1042 1042 1042 1042 1038 1038 1038 1038 1041 1041 1041 1041 1039 1039 1039 1039 1043 1043 1043 1043 1041 1041 1041 1041 1042 1042 1042 1042 1041 1041 1041 1041 1044 1044 1044 1044 1041 1041 1041 1041 1043 1043 1043 1043 1044 1044 1044 1044 1045 1045 1045 1045 1042 1042 1042 1042 1044 1044 1044 1044 1043 1043 1043 1043 1046 1046 1046 1046 1044 1044 1044 1044 1045 1045 1045 1045 1044 1044 1044 1044 1047 1047 1047 1047 1047 1047 1047 1047 1044 1044 1044 1044 1046 1046 1046 1046 1048 1048 1048 1048 1045 1045 1045 1045 1047 1047 1047 1047 1049 1049 1049 1049 1047 1047 1047 1047 1046 1046 1046 1046 1048 1048 1048 1048 1047 1047 1047 1047 1050 1050 1050 1050 1051 1051 1051 1051 1047 1047 1047 1047 1049 1049 1049 1049 1047 1047 1047 1047 1051 1051 1051 1051 1050 1050 1050 1050 1052 1052 1052 1052 1051 1051 1051 1051 1049 1049 1049 1049 1051 1051 1051 1051 1053 1053 1053 1053 1050 1050 1050 1050 1052 1052 1052 1052 1054 1054 1054 1054 1051 1051 1051 1051 1051 1051 1051 1051 1055 1055 1055 1055 1053 1053 1053 1053 1054 1054 1054 1054 1055 1055 1055 1055 1051 1051 1051 1051 1055 1055 1055 1055 1056 1056 1056 1056 1053 1053 1053 1053 1057 1057 1057 1057 1056 1056 1056 1056 1055 1055 1055 1055 1058 1058 1058 1058 1055 1055 1055 1055 1054 1054 1054 1054 1058 1058 1058 1058 1057 1057 1057 1057 1055 1055 1055 1055 1059 1059 1059 1059 1058 1058 1058 1058 1054 1054 1054 1054 1057 1057 1057 1057 1058 1058 1058 1058 1060 1060 1060 1060 1058 1058 1058 1058 1059 1059 1059 1059 1061 1061 1061 1061 1058 1058 1058 1058 1061 1061 1061 1061 1060 1060 1060 1060 1059 1059 1059 1059 1062 1062 1062 1062 1061 1061 1061 1061 1062 1062 1062 1062 1063 1063 1063 1063 1061 1061 1061 1061 1061 1061 1061 1061 1064 1064 1064 1064 1060 1060 1060 1060 1063 1063 1063 1063 1064 1064 1064 1064 1061 1061 1061 1061 1064 1064 1064 1064 1065 1065 1065 1065 1060 1060 1060 1060 1063 1063 1063 1063 1066 1066 1066 1066 1064 1064 1064 1064 1064 1064 1064 1064 1067 1067 1067 1067 1065 1065 1065 1065 1066 1066 1066 1066 1067 1067 1067 1067 1064 1064 1064 1064 1067 1067 1067 1067 1068 1068 1068 1068 1065 1065 1065 1065 1068 1068 1068 1068 1067 1067 1067 1067 1069 1069 1069 1069 1067 1067 1067 1067 1066 1066 1066 1066 1070 1070 1070 1070 1067 1067 1067 1067 1070 1070 1070 1070 1069 1069 1069 1069 1066 1066 1066 1066 1071 1071 1071 1071 1070 1070 1070 1070 1070 1070 1070 1070 1072 1072 1072 1072 1069 1069 1069 1069 1071 1071 1071 1071 1073 1073 1073 1073 1070 1070 1070 1070 1070 1070 1070 1070 1074 1074 1074 1074 1072 1072 1072 1072 1073 1073 1073 1073 1074 1074 1074 1074 1070 1070 1070 1070 1074 1074 1074 1074 1075 1075 1075 1075 1072 1072 1072 1072 1073 1073 1073 1073 1076 1076 1076 1076 1074 1074 1074 1074 1077 1077 1077 1077 1075 1075 1075 1075 1074 1074 1074 1074 1076 1076 1076 1076 1078 1078 1078 1078 1074 1074 1074 1074 1078 1078 1078 1078 1077 1077 1077 1077 1074 1074 1074 1074 1078 1078 1078 1078 1076 1076 1076 1076 1079 1079 1079 1079 1080 1080 1080 1080 1077 1077 1077 1077 1078 1078 1078 1078 1081 1081 1081 1081 1078 1078 1078 1078 1079 1079 1079 1079 1081 1081 1081 1081 1080 1080 1080 1080 1078 1078 1078 1078 1081 1081 1081 1081 1079 1079 1079 1079 1082 1082 1082 1082 1083 1083 1083 1083 1080 1080 1080 1080 1081 1081 1081 1081 1084 1084 1084 1084 1081 1081 1081 1081 1082 1082 1082 1082 1084 1084 1084 1084 1083 1083 1083 1083 1081 1081 1081 1081 1085 1085 1085 1085 1084 1084 1084 1084 1082 1082 1082 1082 1083 1083 1083 1083 1084 1084 1084 1084 1085 1085 1085 1085 1086 1086 1086 1086 1085 1085 1085 1085 1082 1082 1082 1082 1087 1087 1087 1087 1083 1083 1083 1083 1085 1085 1085 1085 1085 1085 1085 1085 1086 1086 1086 1086 1088 1088 1088 1088 1085 1085 1085 1085 1088 1088 1088 1088 1087 1087 1087 1087 1086 1086 1086 1086 1089 1089 1089 1089 1088 1088 1088 1088 1088 1088 1088 1088 1090 1090 1090 1090 1087 1087 1087 1087 1089 1089 1089 1089 1091 1091 1091 1091 1088 1088 1088 1088 1088 1088 1088 1088 1092 1092 1092 1092 1090 1090 1090 1090 1091 1091 1091 1091 1092 1092 1092 1092 1088 1088 1088 1088 1092 1092 1092 1092 1093 1093 1093 1093 1090 1090 1090 1090 1091 1091 1091 1091 1094 1094 1094 1094 1092 1092 1092 1092 1092 1092 1092 1092 1095 1095 1095 1095 1093 1093 1093 1093 1094 1094 1094 1094 1095 1095 1095 1095 1092 1092 1092 1092 1095 1095 1095 1095 1096 1096 1096 1096 1093 1093 1093 1093 1094 1094 1094 1094 1097 1097 1097 1097 1095 1095 1095 1095 1095 1095 1095 1095 1098 1098 1098 1098 1096 1096 1096 1096 1097 1097 1097 1097 1098 1098 1098 1098 1095 1095 1095 1095 1098 1098 1098 1098 1099 1099 1099 1099 1096 1096 1096 1096 1097 1097 1097 1097 1100 1100 1100 1100 1098 1098 1098 1098 1098 1098 1098 1098 1101 1101 1101 1101 1099 1099 1099 1099 1100 1100 1100 1100 1101 1101 1101 1101 1098 1098 1098 1098 1101 1101 1101 1101 1102 1102 1102 1102 1099 1099 1099 1099 1100 1100 1100 1100 1103 1103 1103 1103 1101 1101 1101 1101 1104 1104 1104 1104 1102 1102 1102 1102 1101 1101 1101 1101 1103 1103 1103 1103 1105 1105 1105 1105 1101 1101 1101 1101 1105 1105 1105 1105 1104 1104 1104 1104 1101 1101 1101 1101 1103 1103 1103 1103 1106 1106 1106 1106 1105 1105 1105 1105 1107 1107 1107 1107 1104 1104 1104 1104 1105 1105 1105 1105 1106 1106 1106 1106 1108 1108 1108 1108 1105 1105 1105 1105 1108 1108 1108 1108 1107 1107 1107 1107 1105 1105 1105 1105 1106 1106 1106 1106 1109 1109 1109 1109 1108 1108 1108 1108 1107 1107 1107 1107 1108 1108 1108 1108 1110 1110 1110 1110 1109 1109 1109 1109 1111 1111 1111 1111 1108 1108 1108 1108 1108 1108 1108 1108 1111 1111 1111 1111 1110 1110 1110 1110 1109 1109 1109 1109 1112 1112 1112 1112 1111 1111 1111 1111 1111 1111 1111 1111 1113 1113 1113 1113 1110 1110 1110 1110 1112 1112 1112 1112 1113 1113 1113 1113 1111 1111 1111 1111 1113 1113 1113 1113 1112 1112 1112 1112 1114 1114 1114 1114 1115 1115 1115 1115 1113 1113 1113 1113 1114 1114 1114 1114 1116 1116 1116 1116 1117 1117 1117 1117 1118 1118 1118 1118 1117 1117 1117 1117 1119 1119 1119 1119 1118 1118 1118 1118 1118 1118 1118 1118 1119 1119 1119 1119 1120 1120 1120 1120 1117 1117 1117 1117 1121 1121 1121 1121 1119 1119 1119 1119 1119 1119 1119 1119 1122 1122 1122 1122 1120 1120 1120 1120 1119 1119 1119 1119 1123 1123 1123 1123 1122 1122 1122 1122 1121 1121 1121 1121 1123 1123 1123 1123 1119 1119 1119 1119 1123 1123 1123 1123 1124 1124 1124 1124 1122 1122 1122 1122 1125 1125 1125 1125 1123 1123 1123 1123 1121 1121 1121 1121 1123 1123 1123 1123 1125 1125 1125 1125 1124 1124 1124 1124 1126 1126 1126 1126 1125 1125 1125 1125 1121 1121 1121 1121 1125 1125 1125 1125 1127 1127 1127 1127 1124 1124 1124 1124 1128 1128 1128 1128 1125 1125 1125 1125 1126 1126 1126 1126 1125 1125 1125 1125 1129 1129 1129 1129 1127 1127 1127 1127 1129 1129 1129 1129 1125 1125 1125 1125 1128 1128 1128 1128 1130 1130 1130 1130 1129 1129 1129 1129 1128 1128 1128 1128 1129 1129 1129 1129 1131 1131 1131 1131 1127 1127 1127 1127 1132 1132 1132 1132 1129 1129 1129 1129 1130 1130 1130 1130 1129 1129 1129 1129 1132 1132 1132 1132 1131 1131 1131 1131 1133 1133 1133 1133 1132 1132 1132 1132 1130 1130 1130 1130 1134 1134 1134 1134 1135 1135 1135 1135 1131 1131 1131 1131 1136 1136 1136 1136 1132 1132 1132 1132 1133 1133 1133 1133 1132 1132 1132 1132 1136 1136 1136 1136 1131 1131 1131 1131 1136 1136 1136 1136 1134 1134 1134 1134 1131 1131 1131 1131 1137 1137 1137 1137 1136 1136 1136 1136 1133 1133 1133 1133 1138 1138 1138 1138 1134 1134 1134 1134 1136 1136 1136 1136 1137 1137 1137 1137 1138 1138 1138 1138 1136 1136 1136 1136 1139 1139 1139 1139 1140 1140 1140 1140 1141 1141 1141 1141 1140 1140 1140 1140 1142 1142 1142 1142 1141 1141 1141 1141 1140 1140 1140 1140 1143 1143 1143 1143 1142 1142 1142 1142 1141 1141 1141 1141 1142 1142 1142 1142 1144 1144 1144 1144 1143 1143 1143 1143 1145 1145 1145 1145 1142 1142 1142 1142 1142 1142 1142 1142 1145 1145 1145 1145 1146 1146 1146 1146 1142 1142 1142 1142 1146 1146 1146 1146 1144 1144 1144 1144 1145 1145 1145 1145 1147 1147 1147 1147 1146 1146 1146 1146 1144 1144 1144 1144 1146 1146 1146 1146 1148 1148 1148 1148 1146 1146 1146 1146 1147 1147 1147 1147 1148 1148 1148 1148 1149 1149 1149 1149 1144 1144 1144 1144 1148 1148 1148 1148 1147 1147 1147 1147 1150 1150 1150 1150 1148 1148 1148 1148 1151 1151 1151 1151 1149 1149 1149 1149 1148 1148 1148 1148 1148 1148 1148 1148 1150 1150 1150 1150 1152 1152 1152 1152 1148 1148 1148 1148 1152 1152 1152 1152 1151 1151 1151 1151 1152 1152 1152 1152 1153 1153 1153 1153 1151 1151 1151 1151 1150 1150 1150 1150 1154 1154 1154 1154 1152 1152 1152 1152 1152 1152 1152 1152 1155 1155 1155 1155 1153 1153 1153 1153 1152 1152 1152 1152 1154 1154 1154 1154 1155 1155 1155 1155 1155 1155 1155 1155 1156 1156 1156 1156 1153 1153 1153 1153 1154 1154 1154 1154 1157 1157 1157 1157 1158 1158 1158 1158 1155 1155 1155 1155 1159 1159 1159 1159 1156 1156 1156 1156 1155 1155 1155 1155 1154 1154 1154 1154 1159 1159 1159 1159 1159 1159 1159 1159 1154 1154 1154 1154 1158 1158 1158 1158 1159 1159 1159 1159 1160 1160 1160 1160 1156 1156 1156 1156 1159 1159 1159 1159 1158 1158 1158 1158 1161 1161 1161 1161 1160 1160 1160 1160 1159 1159 1159 1159 1161 1161 1161 1161 1162 1162 1162 1162 1163 1163 1163 1163 1164 1164 1164 1164 1163 1163 1163 1163 1165 1165 1165 1165 1164 1164 1164 1164 1166 1166 1166 1166 1164 1164 1164 1164 1165 1165 1165 1165 1163 1163 1163 1163 1167 1167 1167 1167 1165 1165 1165 1165 1168 1168 1168 1168 1166 1166 1166 1166 1165 1165 1165 1165 1167 1167 1167 1167 1169 1169 1169 1169 1165 1165 1165 1165 1168 1168 1168 1168 1165 1165 1165 1165 1169 1169 1169 1169 1167 1167 1167 1167 1170 1170 1170 1170 1169 1169 1169 1169 1171 1171 1171 1171 1168 1168 1168 1168 1169 1169 1169 1169 1171 1171 1171 1171 1172 1172 1172 1172 1168 1168 1168 1168 1170 1170 1170 1170 1173 1173 1173 1173 1169 1169 1169 1169 1171 1171 1171 1171 1169 1169 1169 1169 1173 1173 1173 1173 1170 1170 1170 1170 1174 1174 1174 1174 1173 1173 1173 1173 1171 1171 1171 1171 1175 1175 1175 1175 1172 1172 1172 1172 1174 1174 1174 1174 1176 1176 1176 1176 1173 1173 1173 1173 1177 1177 1177 1177 1171 1171 1171 1171 1173 1173 1173 1173 1177 1177 1177 1177 1173 1173 1173 1173 1176 1176 1176 1176 1171 1171 1171 1171 1178 1178 1178 1178 1175 1175 1175 1175 1178 1178 1178 1178 1171 1171 1171 1171 1177 1177 1177 1177 1179 1179 1179 1179 1180 1180 1180 1180 1175 1175 1175 1175 1181 1181 1181 1181 1179 1179 1179 1179 1175 1175 1175 1175 1178 1178 1178 1178 1181 1181 1181 1181 1175 1175 1175 1175 1179 1179 1179 1179 1181 1181 1181 1181 1182 1182 1182 1182 1183 1183 1183 1183 1179 1179 1179 1179 1182 1182 1182 1182 1182 1182 1182 1182 1181 1181 1181 1181 1178 1178 1178 1178 1184 1184 1184 1184 1182 1182 1182 1182 1178 1178 1178 1178 1184 1184 1184 1184 1185 1185 1185 1185 1182 1182 1182 1182 1184 1184 1184 1184 1186 1186 1186 1186 1185 1185 1185 1185 1187 1187 1187 1187 1178 1178 1178 1178 1177 1177 1177 1177 1184 1184 1184 1184 1178 1178 1178 1178 1188 1188 1188 1188 1178 1178 1178 1178 1187 1187 1187 1187 1188 1188 1188 1188 1189 1189 1189 1189 1187 1187 1187 1187 1177 1177 1177 1177 1188 1188 1188 1188 1187 1187 1187 1187 1189 1189 1189 1189 1190 1190 1190 1190 1189 1189 1189 1189 1177 1177 1177 1177 1190 1190 1190 1190 1177 1177 1177 1177 1176 1176 1176 1176 1191 1191 1191 1191 1188 1188 1188 1188 1189 1189 1189 1189 1192 1192 1192 1192 1189 1189 1189 1189 1190 1190 1190 1190 1191 1191 1191 1191 1189 1189 1189 1189 1192 1192 1192 1192 1190 1190 1190 1190 1176 1176 1176 1176 1193 1193 1193 1193 1193 1193 1193 1193 1192 1192 1192 1192 1190 1190 1190 1190 1176 1176 1176 1176 1194 1194 1194 1194 1193 1193 1193 1193 1194 1194 1194 1194 1176 1176 1176 1176 1174 1174 1174 1174 1195 1195 1195 1195 1194 1194 1194 1194 1174 1174 1174 1174 1196 1196 1196 1196 1194 1194 1194 1194 1195 1195 1195 1195 1193 1193 1193 1193 1194 1194 1194 1194 1196 1196 1196 1196 1197 1197 1197 1197 1196 1196 1196 1196 1195 1195 1195 1195 1198 1198 1198 1198 1193 1193 1193 1193 1196 1196 1196 1196 1193 1193 1193 1193 1198 1198 1198 1198 1192 1192 1192 1192 1196 1196 1196 1196 1197 1197 1197 1197 1199 1199 1199 1199 1197 1197 1197 1197 1200 1200 1200 1200 1199 1199 1199 1199 1200 1200 1200 1200 1201 1201 1201 1201 1199 1199 1199 1199 1201 1201 1201 1201 1202 1202 1202 1202 1199 1199 1199 1199 1199 1199 1199 1199 1202 1202 1202 1202 1203 1203 1203 1203 1196 1196 1196 1196 1199 1199 1199 1199 1204 1204 1204 1204 1204 1204 1204 1204 1199 1199 1199 1199 1203 1203 1203 1203 1198 1198 1198 1198 1196 1196 1196 1196 1204 1204 1204 1204 1203 1203 1203 1203 1205 1205 1205 1205 1204 1204 1204 1204 1206 1206 1206 1206 1204 1204 1204 1204 1205 1205 1205 1205 1204 1204 1204 1204 1206 1206 1206 1206 1198 1198 1198 1198 1207 1207 1207 1207 1206 1206 1206 1206 1205 1205 1205 1205 1206 1206 1206 1206 1207 1207 1207 1207 1208 1208 1208 1208 1206 1206 1206 1206 1209 1209 1209 1209 1198 1198 1198 1198 1198 1198 1198 1198 1209 1209 1209 1209 1192 1192 1192 1192 1210 1210 1210 1210 1206 1206 1206 1206 1208 1208 1208 1208 1211 1211 1211 1211 1210 1210 1210 1210 1208 1208 1208 1208 1212 1212 1212 1212 1209 1209 1209 1209 1206 1206 1206 1206 1192 1192 1192 1192 1209 1209 1209 1209 1212 1212 1212 1212 1210 1210 1210 1210 1212 1212 1212 1212 1206 1206 1206 1206 1213 1213 1213 1213 1192 1192 1192 1192 1212 1212 1212 1212 1213 1213 1213 1213 1191 1191 1191 1191 1192 1192 1192 1192 1214 1214 1214 1214 1212 1212 1212 1212 1210 1210 1210 1210 1212 1212 1212 1212 1214 1214 1214 1214 1213 1213 1213 1213 1215 1215 1215 1215 1210 1210 1210 1210 1211 1211 1211 1211 1215 1215 1215 1215 1214 1214 1214 1214 1210 1210 1210 1210 1216 1216 1216 1216 1215 1215 1215 1215 1211 1211 1211 1211 1215 1215 1215 1215 1216 1216 1216 1216 1217 1217 1217 1217 1218 1218 1218 1218 1215 1215 1215 1215 1217 1217 1217 1217 1215 1215 1215 1215 1218 1218 1218 1218 1219 1219 1219 1219 1214 1214 1214 1214 1215 1215 1215 1215 1219 1219 1219 1219 1214 1214 1214 1214 1219 1219 1219 1219 1220 1220 1220 1220 1221 1221 1221 1221 1214 1214 1214 1214 1220 1220 1220 1220 1214 1214 1214 1214 1221 1221 1221 1221 1213 1213 1213 1213 1221 1221 1221 1221 1220 1220 1220 1220 1222 1222 1222 1222 1221 1221 1221 1221 1223 1223 1223 1223 1213 1213 1213 1213 1223 1223 1223 1223 1221 1221 1221 1221 1222 1222 1222 1222 1223 1223 1223 1223 1191 1191 1191 1191 1213 1213 1213 1213 1191 1191 1191 1191 1223 1223 1223 1223 1188 1188 1188 1188 1224 1224 1224 1224 1223 1223 1223 1223 1222 1222 1222 1222 1223 1223 1223 1223 1224 1224 1224 1224 1188 1188 1188 1188 1225 1225 1225 1225 1224 1224 1224 1224 1222 1222 1222 1222 1188 1188 1188 1188 1224 1224 1224 1224 1184 1184 1184 1184 1226 1226 1226 1226 1224 1224 1224 1224 1225 1225 1225 1225 1224 1224 1224 1224 1226 1226 1226 1226 1184 1184 1184 1184 1227 1227 1227 1227 1226 1226 1226 1226 1225 1225 1225 1225 1184 1184 1184 1184 1226 1226 1226 1226 1186 1186 1186 1186 1228 1228 1228 1228 1226 1226 1226 1226 1227 1227 1227 1227 1226 1226 1226 1226 1228 1228 1228 1228 1186 1186 1186 1186 1186 1186 1186 1186 1228 1228 1228 1228 1229 1229 1229 1229 1230 1230 1230 1230 1228 1228 1228 1228 1227 1227 1227 1227 1228 1228 1228 1228 1231 1231 1231 1231 1229 1229 1229 1229 1231 1231 1231 1231 1228 1228 1228 1228 1230 1230 1230 1230 1232 1232 1232 1232 1231 1231 1231 1231 1230 1230 1230 1230 1233 1233 1233 1233 1234 1234 1234 1234 1235 1235 1235 1235 1236 1236 1236 1236 1233 1233 1233 1233 1235 1235 1235 1235 1237 1237 1237 1237 1233 1233 1233 1233 1236 1236 1236 1236 1236 1236 1236 1236 1235 1235 1235 1235 1238 1238 1238 1238 1239 1239 1239 1239 1237 1237 1237 1237 1236 1236 1236 1236 1240 1240 1240 1240 1237 1237 1237 1237 1239 1239 1239 1239 1241 1241 1241 1241 1236 1236 1236 1236 1238 1238 1238 1238 1239 1239 1239 1239 1236 1236 1236 1236 1241 1241 1241 1241 1241 1241 1241 1241 1238 1238 1238 1238 1242 1242 1242 1242 1243 1243 1243 1243 1240 1240 1240 1240 1239 1239 1239 1239 1244 1244 1244 1244 1240 1240 1240 1240 1243 1243 1243 1243 1245 1245 1245 1245 1239 1239 1239 1239 1241 1241 1241 1241 1243 1243 1243 1243 1239 1239 1239 1239 1245 1245 1245 1245 1241 1241 1241 1241 1242 1242 1242 1242 1246 1246 1246 1246 1245 1245 1245 1245 1241 1241 1241 1241 1246 1246 1246 1246 1242 1242 1242 1242 1247 1247 1247 1247 1246 1246 1246 1246 1246 1246 1246 1246 1247 1247 1247 1247 1248 1248 1248 1248 1248 1248 1248 1248 1249 1249 1249 1249 1250 1250 1250 1250 1251 1251 1251 1251 1248 1248 1248 1248 1250 1250 1250 1250 1251 1251 1251 1251 1246 1246 1246 1246 1248 1248 1248 1248 1251 1251 1251 1251 1250 1250 1250 1250 1252 1252 1252 1252 1253 1253 1253 1253 1251 1251 1251 1251 1252 1252 1252 1252 1246 1246 1246 1246 1251 1251 1251 1251 1253 1253 1253 1253 1253 1253 1253 1253 1252 1252 1252 1252 1254 1254 1254 1254 1255 1255 1255 1255 1246 1246 1246 1246 1253 1253 1253 1253 1255 1255 1255 1255 1245 1245 1245 1245 1246 1246 1246 1246 1256 1256 1256 1256 1253 1253 1253 1253 1254 1254 1254 1254 1255 1255 1255 1255 1253 1253 1253 1253 1256 1256 1256 1256 1256 1256 1256 1256 1254 1254 1254 1254 1257 1257 1257 1257 1258 1258 1258 1258 1245 1245 1245 1245 1255 1255 1255 1255 1258 1258 1258 1258 1243 1243 1243 1243 1245 1245 1245 1245 1259 1259 1259 1259 1255 1255 1255 1255 1256 1256 1256 1256 1259 1259 1259 1259 1258 1258 1258 1258 1255 1255 1255 1255 1260 1260 1260 1260 1256 1256 1256 1256 1257 1257 1257 1257 1260 1260 1260 1260 1257 1257 1257 1257 1261 1261 1261 1261 1262 1262 1262 1262 1259 1259 1259 1259 1256 1256 1256 1256 1260 1260 1260 1260 1262 1262 1262 1262 1256 1256 1256 1256 1263 1263 1263 1263 1258 1258 1258 1258 1259 1259 1259 1259 1262 1262 1262 1262 1263 1263 1263 1263 1259 1259 1259 1259 1264 1264 1264 1264 1243 1243 1243 1243 1258 1258 1258 1258 1263 1263 1263 1263 1264 1264 1264 1264 1258 1258 1258 1258 1264 1264 1264 1264 1244 1244 1244 1244 1243 1243 1243 1243 1265 1265 1265 1265 1244 1244 1244 1244 1264 1264 1264 1264 1266 1266 1266 1266 1265 1265 1265 1265 1264 1264 1264 1264 1266 1266 1266 1266 1264 1264 1264 1264 1263 1263 1263 1263 1267 1267 1267 1267 1265 1265 1265 1265 1266 1266 1266 1266 1268 1268 1268 1268 1263 1263 1263 1263 1262 1262 1262 1262 1268 1268 1268 1268 1266 1266 1266 1266 1263 1263 1263 1263 1269 1269 1269 1269 1267 1267 1267 1267 1266 1266 1266 1266 1270 1270 1270 1270 1267 1267 1267 1267 1269 1269 1269 1269 1266 1266 1266 1266 1268 1268 1268 1268 1271 1271 1271 1271 1269 1269 1269 1269 1266 1266 1266 1266 1271 1271 1271 1271 1272 1272 1272 1272 1268 1268 1268 1268 1262 1262 1262 1262 1273 1273 1273 1273 1270 1270 1270 1270 1269 1269 1269 1269 1272 1272 1272 1272 1262 1262 1262 1262 1274 1274 1274 1274 1262 1262 1262 1262 1260 1260 1260 1260 1274 1274 1274 1274 1274 1274 1274 1274 1260 1260 1260 1260 1261 1261 1261 1261 1268 1268 1268 1268 1272 1272 1272 1272 1275 1275 1275 1275 1275 1275 1275 1275 1272 1272 1272 1272 1274 1274 1274 1274 1271 1271 1271 1271 1268 1268 1268 1268 1275 1275 1275 1275 1276 1276 1276 1276 1274 1274 1274 1274 1261 1261 1261 1261 1276 1276 1276 1276 1275 1275 1275 1275 1274 1274 1274 1274 1277 1277 1277 1277 1276 1276 1276 1276 1261 1261 1261 1261 1278 1278 1278 1278 1276 1276 1276 1276 1277 1277 1277 1277 1275 1275 1275 1275 1276 1276 1276 1276 1278 1278 1278 1278 1279 1279 1279 1279 1278 1278 1278 1278 1277 1277 1277 1277 1279 1279 1279 1279 1280 1280 1280 1280 1278 1278 1278 1278 1271 1271 1271 1271 1275 1275 1275 1275 1281 1281 1281 1281 1281 1281 1281 1281 1275 1275 1275 1275 1278 1278 1278 1278 1280 1280 1280 1280 1282 1282 1282 1282 1278 1278 1278 1278 1278 1278 1278 1278 1282 1282 1282 1282 1281 1281 1281 1281 1282 1282 1282 1282 1280 1280 1280 1280 1283 1283 1283 1283 1284 1284 1284 1284 1271 1271 1271 1271 1281 1281 1281 1281 1269 1269 1269 1269 1271 1271 1271 1271 1284 1284 1284 1284 1273 1273 1273 1273 1269 1269 1269 1269 1284 1284 1284 1284 1282 1282 1282 1282 1285 1285 1285 1285 1281 1281 1281 1281 1284 1284 1284 1284 1281 1281 1281 1281 1285 1285 1285 1285 1286 1286 1286 1286 1282 1282 1282 1282 1283 1283 1283 1283 1285 1285 1285 1285 1282 1282 1282 1282 1286 1286 1286 1286 1283 1283 1283 1283 1287 1287 1287 1287 1286 1286 1286 1286 1287 1287 1287 1287 1288 1288 1288 1288 1286 1286 1286 1286 1288 1288 1288 1288 1289 1289 1289 1289 1286 1286 1286 1286 1289 1289 1289 1289 1290 1290 1290 1290 1286 1286 1286 1286 1290 1290 1290 1290 1285 1285 1285 1285 1286 1286 1286 1286 1289 1289 1289 1289 1291 1291 1291 1291 1290 1290 1290 1290 1291 1291 1291 1291 1292 1292 1292 1292 1290 1290 1290 1290 1290 1290 1290 1290 1292 1292 1292 1292 1285 1285 1285 1285 1291 1291 1291 1291 1293 1293 1293 1293 1292 1292 1292 1292 1292 1292 1292 1292 1294 1294 1294 1294 1285 1285 1285 1285 1294 1294 1294 1294 1284 1284 1284 1284 1285 1285 1285 1285 1293 1293 1293 1293 1295 1295 1295 1295 1292 1292 1292 1292 1292 1292 1292 1292 1295 1295 1295 1295 1294 1294 1294 1294 1293 1293 1293 1293 1296 1296 1296 1296 1297 1297 1297 1297 1295 1295 1295 1295 1293 1293 1293 1293 1297 1297 1297 1297 1294 1294 1294 1294 1298 1298 1298 1298 1284 1284 1284 1284 1295 1295 1295 1295 1298 1298 1298 1298 1294 1294 1294 1294 1295 1295 1295 1295 1297 1297 1297 1297 1298 1298 1298 1298 1298 1298 1298 1298 1273 1273 1273 1273 1284 1284 1284 1284 1297 1297 1297 1297 1299 1299 1299 1299 1298 1298 1298 1298 1273 1273 1273 1273 1298 1298 1298 1298 1270 1270 1270 1270 1298 1298 1298 1298 1299 1299 1299 1299 1270 1270 1270 1270 1300 1300 1300 1300 1301 1301 1301 1301 1302 1302 1302 1302 1303 1303 1303 1303 1300 1300 1300 1300 1302 1302 1302 1302 1303 1303 1303 1303 1302 1302 1302 1302 1304 1304 1304 1304 1300 1300 1300 1300 1303 1303 1303 1303 1305 1305 1305 1305 1306 1306 1306 1306 1303 1303 1303 1303 1304 1304 1304 1304 1306 1306 1306 1306 1304 1304 1304 1304 1307 1307 1307 1307 1303 1303 1303 1303 1308 1308 1308 1308 1305 1305 1305 1305 1308 1308 1308 1308 1303 1303 1303 1303 1306 1306 1306 1306 1308 1308 1308 1308 1309 1309 1309 1309 1305 1305 1305 1305 1310 1310 1310 1310 1306 1306 1306 1306 1307 1307 1307 1307 1310 1310 1310 1310 1307 1307 1307 1307 1311 1311 1311 1311 1312 1312 1312 1312 1308 1308 1308 1308 1306 1306 1306 1306 1312 1312 1312 1312 1306 1306 1306 1306 1310 1310 1310 1310 1309 1309 1309 1309 1308 1308 1308 1308 1313 1313 1313 1313 1313 1313 1313 1313 1308 1308 1308 1308 1312 1312 1312 1312 1314 1314 1314 1314 1309 1309 1309 1309 1313 1313 1313 1313 1315 1315 1315 1315 1314 1314 1314 1314 1313 1313 1313 1313 1316 1316 1316 1316 1315 1315 1315 1315 1317 1317 1317 1317 1315 1315 1315 1315 1318 1318 1318 1318 1317 1317 1317 1317 1318 1318 1318 1318 1315 1315 1315 1315 1313 1313 1313 1313 1317 1317 1317 1317 1318 1318 1318 1318 1319 1319 1319 1319 1318 1318 1318 1318 1320 1320 1320 1320 1319 1319 1319 1319 1318 1318 1318 1318 1313 1313 1313 1313 1320 1320 1320 1320 1319 1319 1319 1319 1320 1320 1320 1320 1321 1321 1321 1321 1313 1313 1313 1313 1322 1322 1322 1322 1320 1320 1320 1320 1322 1322 1322 1322 1313 1313 1313 1313 1312 1312 1312 1312 1320 1320 1320 1320 1323 1323 1323 1323 1321 1321 1321 1321 1320 1320 1320 1320 1322 1322 1322 1322 1323 1323 1323 1323 1321 1321 1321 1321 1323 1323 1323 1323 1324 1324 1324 1324 1322 1322 1322 1322 1312 1312 1312 1312 1325 1325 1325 1325 1325 1325 1325 1325 1312 1312 1312 1312 1310 1310 1310 1310 1322 1322 1322 1322 1326 1326 1326 1326 1323 1323 1323 1323 1326 1326 1326 1326 1322 1322 1322 1322 1325 1325 1325 1325 1323 1323 1323 1323 1327 1327 1327 1327 1324 1324 1324 1324 1324 1324 1324 1324 1327 1327 1327 1327 1328 1328 1328 1328 1323 1323 1323 1323 1326 1326 1326 1326 1329 1329 1329 1329 1327 1327 1327 1327 1323 1323 1323 1323 1329 1329 1329 1329 1326 1326 1326 1326 1325 1325 1325 1325 1330 1330 1330 1330 1329 1329 1329 1329 1326 1326 1326 1326 1330 1330 1330 1330 1325 1325 1325 1325 1310 1310 1310 1310 1331 1331 1331 1331 1330 1330 1330 1330 1325 1325 1325 1325 1331 1331 1331 1331 1331 1331 1331 1331 1310 1310 1310 1310 1311 1311 1311 1311 1331 1331 1331 1331 1311 1311 1311 1311 1332 1332 1332 1332 1333 1333 1333 1333 1331 1331 1331 1331 1332 1332 1332 1332 1330 1330 1330 1330 1331 1331 1331 1331 1333 1333 1333 1333 1333 1333 1333 1333 1332 1332 1332 1332 1334 1334 1334 1334 1329 1329 1329 1329 1330 1330 1330 1330 1335 1335 1335 1335 1335 1335 1335 1335 1330 1330 1330 1330 1333 1333 1333 1333 1336 1336 1336 1336 1333 1333 1333 1333 1334 1334 1334 1334 1336 1336 1336 1336 1334 1334 1334 1334 1337 1337 1337 1337 1335 1335 1335 1335 1333 1333 1333 1333 1338 1338 1338 1338 1333 1333 1333 1333 1336 1336 1336 1336 1338 1338 1338 1338 1339 1339 1339 1339 1329 1329 1329 1329 1335 1335 1335 1335 1340 1340 1340 1340 1336 1336 1336 1336 1337 1337 1337 1337 1329 1329 1329 1329 1339 1339 1339 1339 1341 1341 1341 1341 1327 1327 1327 1327 1329 1329 1329 1329 1341 1341 1341 1341 1327 1327 1327 1327 1341 1341 1341 1341 1328 1328 1328 1328 1339 1339 1339 1339 1335 1335 1335 1335 1342 1342 1342 1342 1341 1341 1341 1341 1339 1339 1339 1339 1342 1342 1342 1342 1335 1335 1335 1335 1338 1338 1338 1338 1342 1342 1342 1342 1328 1328 1328 1328 1341 1341 1341 1341 1343 1343 1343 1343 1343 1343 1343 1343 1341 1341 1341 1341 1342 1342 1342 1342 1344 1344 1344 1344 1328 1328 1328 1328 1343 1343 1343 1343 1344 1344 1344 1344 1343 1343 1343 1343 1345 1345 1345 1345 1343 1343 1343 1343 1342 1342 1342 1342 1345 1345 1345 1345 1346 1346 1346 1346 1344 1344 1344 1344 1345 1345 1345 1345 1346 1346 1346 1346 1345 1345 1345 1345 1347 1347 1347 1347 1342 1342 1342 1342 1348 1348 1348 1348 1345 1345 1345 1345 1342 1342 1342 1342 1338 1338 1338 1338 1348 1348 1348 1348 1345 1345 1345 1345 1349 1349 1349 1349 1347 1347 1347 1347 1345 1345 1345 1345 1348 1348 1348 1348 1349 1349 1349 1349 1347 1347 1347 1347 1349 1349 1349 1349 1350 1350 1350 1350 1338 1338 1338 1338 1351 1351 1351 1351 1348 1348 1348 1348 1338 1338 1338 1338 1336 1336 1336 1336 1351 1351 1351 1351 1336 1336 1336 1336 1340 1340 1340 1340 1351 1351 1351 1351 1348 1348 1348 1348 1352 1352 1352 1352 1349 1349 1349 1349 1348 1348 1348 1348 1351 1351 1351 1351 1352 1352 1352 1352 1349 1349 1349 1349 1353 1353 1353 1353 1350 1350 1350 1350 1349 1349 1349 1349 1352 1352 1352 1352 1353 1353 1353 1353 1350 1350 1350 1350 1353 1353 1353 1353 1354 1354 1354 1354 1353 1353 1353 1353 1355 1355 1355 1355 1354 1354 1354 1354 1356 1356 1356 1356 1355 1355 1355 1355 1353 1353 1353 1353 1357 1357 1357 1357 1356 1356 1356 1356 1353 1353 1353 1353 1352 1352 1352 1352 1357 1357 1357 1357 1353 1353 1353 1353 1358 1358 1358 1358 1356 1356 1356 1356 1357 1357 1357 1357 1359 1359 1359 1359 1358 1358 1358 1358 1357 1357 1357 1357 1359 1359 1359 1359 1357 1357 1357 1357 1352 1352 1352 1352 1360 1360 1360 1360 1358 1358 1358 1358 1359 1359 1359 1359 1361 1361 1361 1361 1359 1359 1359 1359 1352 1352 1352 1352 1351 1351 1351 1351 1361 1361 1361 1361 1352 1352 1352 1352 1362 1362 1362 1362 1360 1360 1360 1360 1359 1359 1359 1359 1362 1362 1362 1362 1359 1359 1359 1359 1361 1361 1361 1361 1363 1363 1363 1363 1364 1364 1364 1364 1360 1360 1360 1360 1362 1362 1362 1362 1363 1363 1363 1363 1360 1360 1360 1360 1361 1361 1361 1361 1351 1351 1351 1351 1365 1365 1365 1365 1365 1365 1365 1365 1362 1362 1362 1362 1361 1361 1361 1361 1362 1362 1362 1362 1365 1365 1365 1365 1363 1363 1363 1363 1351 1351 1351 1351 1340 1340 1340 1340 1365 1365 1365 1365 1365 1365 1365 1365 1366 1366 1366 1366 1363 1363 1363 1363 1340 1340 1340 1340 1337 1337 1337 1337 1365 1365 1365 1365 1337 1337 1337 1337 1366 1366 1366 1366 1365 1365 1365 1365 1367 1367 1367 1367 1368 1368 1368 1368 1369 1369 1369 1369 1368 1368 1368 1368 1370 1370 1370 1370 1369 1369 1369 1369 1368 1368 1368 1368 1371 1371 1371 1371 1370 1370 1370 1370 1371 1371 1371 1371 1372 1372 1372 1372 1370 1370 1370 1370 1369 1369 1369 1369 1370 1370 1370 1370 1373 1373 1373 1373 1370 1370 1370 1370 1372 1372 1372 1372 1374 1374 1374 1374 1370 1370 1370 1370 1375 1375 1375 1375 1373 1373 1373 1373 1375 1375 1375 1375 1370 1370 1370 1370 1374 1374 1374 1374 1373 1373 1373 1373 1375 1375 1375 1375 1376 1376 1376 1376 1375 1375 1375 1375 1374 1374 1374 1374 1377 1377 1377 1377 1375 1375 1375 1375 1378 1378 1378 1378 1376 1376 1376 1376 1378 1378 1378 1378 1375 1375 1375 1375 1377 1377 1377 1377 1379 1379 1379 1379 1376 1376 1376 1376 1378 1378 1378 1378 1378 1378 1378 1378 1377 1377 1377 1377 1380 1380 1380 1380 1381 1381 1381 1381 1379 1379 1379 1379 1378 1378 1378 1378 1381 1381 1381 1381 1378 1378 1378 1378 1380 1380 1380 1380 1382 1382 1382 1382 1379 1379 1379 1379 1381 1381 1381 1381 1381 1381 1381 1381 1380 1380 1380 1380 1383 1383 1383 1383 1384 1384 1384 1384 1382 1382 1382 1382 1381 1381 1381 1381 1384 1384 1384 1384 1381 1381 1381 1381 1383 1383 1383 1383 1382 1382 1382 1382 1384 1384 1384 1384 1385 1385 1385 1385 1384 1384 1384 1384 1383 1383 1383 1383 1386 1386 1386 1386 1384 1384 1384 1384 1386 1386 1386 1386 1385 1385 1385 1385 1383 1383 1383 1383 1387 1387 1387 1387 1386 1386 1386 1386 1385 1385 1385 1385 1386 1386 1386 1386 1388 1388 1388 1388 1386 1386 1386 1386 1387 1387 1387 1387 1388 1388 1388 1388 1387 1387 1387 1387 1389 1389 1389 1389 1388 1388 1388 1388 1390 1390 1390 1390 1385 1385 1385 1385 1388 1388 1388 1388 1388 1388 1388 1388 1389 1389 1389 1389 1391 1391 1391 1391 1390 1390 1390 1390 1388 1388 1388 1388 1392 1392 1392 1392 1392 1392 1392 1392 1388 1388 1388 1388 1391 1391 1391 1391 1393 1393 1393 1393 1390 1390 1390 1390 1392 1392 1392 1392 1392 1392 1392 1392 1391 1391 1391 1391 1394 1394 1394 1394 1393 1393 1393 1393 1392 1392 1392 1392 1395 1395 1395 1395 1395 1395 1395 1395 1392 1392 1392 1392 1394 1394 1394 1394 1396 1396 1396 1396 1393 1393 1393 1393 1395 1395 1395 1395 1395 1395 1395 1395 1394 1394 1394 1394 1397 1397 1397 1397 1396 1396 1396 1396 1395 1395 1395 1395 1397 1397 1397 1397 1394 1394 1394 1394 1398 1398 1398 1398 1397 1397 1397 1397 1399 1399 1399 1399 1396 1396 1396 1396 1397 1397 1397 1397 1400 1400 1400 1400 1397 1397 1397 1397 1398 1398 1398 1398 1399 1399 1399 1399 1397 1397 1397 1397 1400 1400 1400 1400 1401 1401 1401 1401 1400 1400 1400 1400 1398 1398 1398 1398 1402 1402 1402 1402 1399 1399 1399 1399 1400 1400 1400 1400 1400 1400 1400 1400 1401 1401 1401 1401 1403 1403 1403 1403 1400 1400 1400 1400 1403 1403 1403 1403 1402 1402 1402 1402 1401 1401 1401 1401 1404 1404 1404 1404 1403 1403 1403 1403 1403 1403 1403 1403 1405 1405 1405 1405 1402 1402 1402 1402 1403 1403 1403 1403 1404 1404 1404 1404 1406 1406 1406 1406 1403 1403 1403 1403 1406 1406 1406 1406 1405 1405 1405 1405 1404 1404 1404 1404 1407 1407 1407 1407 1406 1406 1406 1406 1406 1406 1406 1406 1408 1408 1408 1408 1405 1405 1405 1405 1409 1409 1409 1409 1406 1406 1406 1406 1407 1407 1407 1407 1408 1408 1408 1408 1406 1406 1406 1406 1409 1409 1409 1409 1410 1410 1410 1410 1409 1409 1409 1409 1407 1407 1407 1407 1411 1411 1411 1411 1408 1408 1408 1408 1409 1409 1409 1409 1410 1410 1410 1410 1412 1412 1412 1412 1409 1409 1409 1409 1413 1413 1413 1413 1411 1411 1411 1411 1409 1409 1409 1409 1412 1412 1412 1412 1414 1414 1414 1414 1409 1409 1409 1409 1414 1414 1414 1414 1413 1413 1413 1413 1409 1409 1409 1409 1412 1412 1412 1412 1415 1415 1415 1415 1414 1414 1414 1414 1416 1416 1416 1416 1413 1413 1413 1413 1414 1414 1414 1414 1415 1415 1415 1415 1417 1417 1417 1417 1414 1414 1414 1414 1417 1417 1417 1417 1416 1416 1416 1416 1414 1414 1414 1414 1415 1415 1415 1415 1418 1418 1418 1418 1417 1417 1417 1417 1416 1416 1416 1416 1417 1417 1417 1417 1419 1419 1419 1419 1418 1418 1418 1418 1419 1419 1419 1419 1417 1417 1417 1417 1420 1420 1420 1420 1416 1416 1416 1416 1419 1419 1419 1419 1419 1419 1419 1419 1418 1418 1418 1418 1421 1421 1421 1421 1420 1420 1420 1420 1419 1419 1419 1419 1422 1422 1422 1422 1422 1422 1422 1422 1419 1419 1419 1419 1421 1421 1421 1421 1423 1423 1423 1423 1420 1420 1420 1420 1422 1422 1422 1422 1424 1424 1424 1424 1423 1423 1423 1423 1422 1422 1422 1422 1422 1422 1422 1422 1421 1421 1421 1421 1425 1425 1425 1425 1425 1425 1425 1425 1424 1424 1424 1424 1422 1422 1422 1422 1421 1421 1421 1421 1426 1426 1426 1426 1425 1425 1425 1425 1424 1424 1424 1424 1425 1425 1425 1425 1427 1427 1427 1427 1425 1425 1425 1425 1426 1426 1426 1426 1428 1428 1428 1428 1425 1425 1425 1425 1428 1428 1428 1428 1427 1427 1427 1427 1426 1426 1426 1426 1429 1429 1429 1429 1428 1428 1428 1428 1430 1430 1430 1430 1427 1427 1427 1427 1428 1428 1428 1428 1431 1431 1431 1431 1428 1428 1428 1428 1429 1429 1429 1429 1431 1431 1431 1431 1430 1430 1430 1430 1428 1428 1428 1428 1432 1432 1432 1432 1431 1431 1431 1431 1429 1429 1429 1429 1433 1433 1433 1433 1430 1430 1430 1430 1431 1431 1431 1431 1432 1432 1432 1432 1434 1434 1434 1434 1431 1431 1431 1431 1434 1434 1434 1434 1433 1433 1433 1433 1431 1431 1431 1431 1434 1434 1434 1434 1432 1432 1432 1432 1435 1435 1435 1435 1436 1436 1436 1436 1433 1433 1433 1433 1434 1434 1434 1434 1437 1437 1437 1437 1436 1436 1436 1436 1434 1434 1434 1434 1437 1437 1437 1437 1434 1434 1434 1434 1435 1435 1435 1435 1436 1436 1436 1436 1437 1437 1437 1437 1438 1438 1438 1438 1439 1439 1439 1439 1437 1437 1437 1437 1435 1435 1435 1435 1437 1437 1437 1437 1439 1439 1439 1439 1438 1438 1438 1438 1438 1438 1438 1438 1439 1439 1439 1439 1440 1440 1440 1440 1441 1441 1441 1441 1439 1439 1439 1439 1435 1435 1435 1435 1439 1439 1439 1439 1442 1442 1442 1442 1440 1440 1440 1440 1442 1442 1442 1442 1439 1439 1439 1439 1441 1441 1441 1441 1442 1442 1442 1442 1441 1441 1441 1441 1443 1443 1443 1443 1444 1444 1444 1444 1445 1445 1445 1445 1446 1446 1446 1446 1447 1447 1447 1447 1444 1444 1444 1444 1446 1446 1446 1446 1448 1448 1448 1448 1444 1444 1444 1444 1447 1447 1447 1447 1449 1449 1449 1449 1448 1448 1448 1448 1447 1447 1447 1447 1447 1447 1447 1447 1446 1446 1446 1446 1450 1450 1450 1450 1451 1451 1451 1451 1449 1449 1449 1449 1447 1447 1447 1447 1452 1452 1452 1452 1447 1447 1447 1447 1450 1450 1450 1450 1452 1452 1452 1452 1451 1451 1451 1451 1447 1447 1447 1447 1452 1452 1452 1452 1450 1450 1450 1450 1453 1453 1453 1453 1454 1454 1454 1454 1451 1451 1451 1451 1452 1452 1452 1452 1455 1455 1455 1455 1452 1452 1452 1452 1453 1453 1453 1453 1455 1455 1455 1455 1454 1454 1454 1454 1452 1452 1452 1452 1455 1455 1455 1455 1453 1453 1453 1453 1456 1456 1456 1456 1454 1454 1454 1454 1455 1455 1455 1455 1457 1457 1457 1457 1458 1458 1458 1458 1455 1455 1455 1455 1456 1456 1456 1456 1455 1455 1455 1455 1458 1458 1458 1458 1457 1457 1457 1457 1458 1458 1458 1458 1456 1456 1456 1456 1459 1459 1459 1459 1457 1457 1457 1457 1458 1458 1458 1458 1460 1460 1460 1460 1461 1461 1461 1461 1458 1458 1458 1458 1459 1459 1459 1459 1458 1458 1458 1458 1461 1461 1461 1461 1460 1460 1460 1460 1461 1461 1461 1461 1459 1459 1459 1459 1462 1462 1462 1462 1460 1460 1460 1460 1461 1461 1461 1461 1463 1463 1463 1463 1463 1463 1463 1463 1461 1461 1461 1461 1462 1462 1462 1462 1464 1464 1464 1464 1460 1460 1460 1460 1463 1463 1463 1463 1465 1465 1465 1465 1463 1463 1463 1463 1462 1462 1462 1462 1464 1464 1464 1464 1463 1463 1463 1463 1465 1465 1465 1465 1466 1466 1466 1466 1464 1464 1464 1464 1465 1465 1465 1465 1467 1467 1467 1467 1465 1465 1465 1465 1462 1462 1462 1462 1466 1466 1466 1466 1465 1465 1465 1465 1468 1468 1468 1468 1465 1465 1465 1465 1467 1467 1467 1467 1469 1469 1469 1469 1465 1465 1465 1465 1469 1469 1469 1469 1468 1468 1468 1468 1467 1467 1467 1467 1470 1470 1470 1470 1469 1469 1469 1469 1468 1468 1468 1468 1469 1469 1469 1469 1471 1471 1471 1471 1469 1469 1469 1469 1470 1470 1470 1470 1472 1472 1472 1472 1469 1469 1469 1469 1472 1472 1472 1472 1471 1471 1471 1471 1470 1470 1470 1470 1473 1473 1473 1473 1472 1472 1472 1472 1471 1471 1471 1471 1472 1472 1472 1472 1474 1474 1474 1474 1474 1474 1474 1474 1472 1472 1472 1472 1473 1473 1473 1473 1475 1475 1475 1475 1471 1471 1471 1471 1474 1474 1474 1474 1476 1476 1476 1476 1474 1474 1474 1474 1473 1473 1473 1473 1475 1475 1475 1475 1474 1474 1474 1474 1477 1477 1477 1477 1474 1474 1474 1474 1476 1476 1476 1476 1477 1477 1477 1477 1478 1478 1478 1478 1475 1475 1475 1475 1477 1477 1477 1477 1476 1476 1476 1476 1479 1479 1479 1479 1477 1477 1477 1477 1478 1478 1478 1478 1477 1477 1477 1477 1480 1480 1480 1480 1480 1480 1480 1480 1477 1477 1477 1477 1479 1479 1479 1479 1481 1481 1481 1481 1478 1478 1478 1478 1480 1480 1480 1480 1482 1482 1482 1482 1480 1480 1480 1480 1479 1479 1479 1479 1480 1480 1480 1480 1483 1483 1483 1483 1481 1481 1481 1481 1483 1483 1483 1483 1480 1480 1480 1480 1482 1482 1482 1482 1483 1483 1483 1483 1484 1484 1484 1484 1481 1481 1481 1481 1485 1485 1485 1485 1483 1483 1483 1483 1482 1482 1482 1482 1484 1484 1484 1484 1483 1483 1483 1483 1486 1486 1486 1486 1483 1483 1483 1483 1485 1485 1485 1485 1486 1486 1486 1486 1487 1487 1487 1487 1484 1484 1484 1484 1486 1486 1486 1486 1485 1485 1485 1485 1488 1488 1488 1488 1486 1486 1486 1486 1489 1489 1489 1489 1487 1487 1487 1487 1486 1486 1486 1486 1486 1486 1486 1486 1488 1488 1488 1488 1490 1490 1490 1490 1491 1491 1491 1491 1489 1489 1489 1489 1486 1486 1486 1486 1491 1491 1491 1491 1486 1486 1486 1486 1490 1490 1490 1490 1489 1489 1489 1489 1491 1491 1491 1491 1492 1492 1492 1492 1491 1491 1491 1491 1490 1490 1490 1490 1493 1493 1493 1493 1491 1491 1491 1491 1494 1494 1494 1494 1492 1492 1492 1492 1494 1494 1494 1494 1491 1491 1491 1491 1493 1493 1493 1493 1492 1492 1492 1492 1494 1494 1494 1494 1495 1495 1495 1495 1494 1494 1494 1494 1493 1493 1493 1493 1496 1496 1496 1496 1494 1494 1494 1494 1496 1496 1496 1496 1495 1495 1495 1495 1493 1493 1493 1493 1497 1497 1497 1497 1496 1496 1496 1496 1498 1498 1498 1498 1495 1495 1495 1495 1496 1496 1496 1496 1499 1499 1499 1499 1496 1496 1496 1496 1497 1497 1497 1497 1499 1499 1499 1499 1498 1498 1498 1498 1496 1496 1496 1496 1500 1500 1500 1500 1499 1499 1499 1499 1497 1497 1497 1497 1500 1500 1500 1500 1501 1501 1501 1501 1499 1499 1499 1499 1499 1499 1499 1499 1502 1502 1502 1502 1498 1498 1498 1498 1501 1501 1501 1501 1502 1502 1502 1502 1499 1499 1499 1499 1502 1502 1502 1502 1503 1503 1503 1503 1498 1498 1498 1498 1501 1501 1501 1501 1504 1504 1504 1504 1502 1502 1502 1502 1502 1502 1502 1502 1505 1505 1505 1505 1503 1503 1503 1503 1504 1504 1504 1504 1505 1505 1505 1505 1502 1502 1502 1502 1505 1505 1505 1505 1506 1506 1506 1506 1503 1503 1503 1503 1504 1504 1504 1504 1507 1507 1507 1507 1505 1505 1505 1505 1505 1505 1505 1505 1508 1508 1508 1508 1506 1506 1506 1506 1507 1507 1507 1507 1508 1508 1508 1508 1505 1505 1505 1505 1508 1508 1508 1508 1509 1509 1509 1509 1506 1506 1506 1506 1507 1507 1507 1507 1510 1510 1510 1510 1508 1508 1508 1508 1509 1509 1509 1509 1508 1508 1508 1508 1511 1511 1511 1511 1510 1510 1510 1510 1511 1511 1511 1511 1508 1508 1508 1508 1509 1509 1509 1509 1511 1511 1511 1511 1512 1512 1512 1512 1511 1511 1511 1511 1510 1510 1510 1510 1513 1513 1513 1513 1514 1514 1514 1514 1511 1511 1511 1511 1513 1513 1513 1513 1511 1511 1511 1511 1514 1514 1514 1514 1512 1512 1512 1512 1514 1514 1514 1514 1513 1513 1513 1513 1515 1515 1515 1515 1512 1512 1512 1512 1514 1514 1514 1514 1516 1516 1516 1516 1516 1516 1516 1516 1514 1514 1514 1514 1515 1515 1515 1515 1516 1516 1516 1516 1515 1515 1515 1515 1517 1517 1517 1517 1518 1518 1518 1518 1512 1512 1512 1512 1516 1516 1516 1516 1519 1519 1519 1519 1516 1516 1516 1516 1517 1517 1517 1517 1519 1519 1519 1519 1518 1518 1518 1518 1516 1516 1516 1516 1519 1519 1519 1519 1520 1520 1520 1520 1518 1518 1518 1518 1521 1521 1521 1521 1522 1522 1522 1522 1523 1523 1523 1523 1522 1522 1522 1522 1524 1524 1524 1524 1523 1523 1523 1523 1524 1524 1524 1524 1522 1522 1522 1522 1525 1525 1525 1525 1526 1526 1526 1526 1524 1524 1524 1524 1525 1525 1525 1525 1527 1527 1527 1527 1526 1526 1526 1526 1525 1525 1525 1525 1522 1522 1522 1522 1528 1528 1528 1528 1525 1525 1525 1525 1522 1522 1522 1522 1529 1529 1529 1529 1528 1528 1528 1528 1529 1529 1529 1529 1530 1530 1530 1530 1528 1528 1528 1528 1525 1525 1525 1525 1528 1528 1528 1528 1531 1531 1531 1531 1528 1528 1528 1528 1532 1532 1532 1532 1531 1531 1531 1531 1533 1533 1533 1533 1534 1534 1534 1534 1535 1535 1535 1535 1534 1534 1534 1534 1536 1536 1536 1536 1535 1535 1535 1535 1536 1536 1536 1536 1537 1537 1537 1537 1535 1535 1535 1535 1537 1537 1537 1537 1538 1538 1538 1538 1535 1535 1535 1535 1535 1535 1535 1535 1538 1538 1538 1538 1539 1539 1539 1539 1540 1540 1540 1540 1541 1541 1541 1541 1542 1542 1542 1542 1542 1542 1542 1542 1541 1541 1541 1541 1543 1543 1543 1543 1543 1543 1543 1543 1541 1541 1541 1541 1544 1544 1544 1544 1544 1544 1544 1544 1541 1541 1541 1541 1545 1545 1545 1545 1545 1545 1545 1545 1541 1541 1541 1541 1546 1546 1546 1546 1547 1547 1547 1547 1548 1548 1548 1548 1549 1549 1549 1549 1549 1549 1549 1549 1548 1548 1548 1548 1550 1550 1550 1550 1551 1551 1551 1551 1549 1549 1549 1549 1550 1550 1550 1550 1552 1552 1552 1552 1549 1549 1549 1549 1553 1553 1553 1553 1553 1553 1553 1553 1549 1549 1549 1549 1551 1551 1551 1551 1554 1554 1554 1554 1553 1553 1553 1553 1551 1551 1551 1551 1555 1555 1555 1555 1554 1554 1554 1554 1551 1551 1551 1551 1556 1556 1556 1556 1553 1553 1553 1553 1554 1554 1554 1554 1557 1557 1557 1557 1558 1558 1558 1558 1559 1559 1559 1559 1558 1558 1558 1558 1560 1560 1560 1560 1559 1559 1559 1559 1560 1560 1560 1560 1561 1561 1561 1561 1559 1559 1559 1559 1561 1561 1561 1561 1560 1560 1560 1560 1562 1562 1562 1562 1563 1563 1563 1563 1561 1561 1561 1561 1562 1562 1562 1562 1561 1561 1561 1561 1564 1564 1564 1564 1559 1559 1559 1559 1561 1561 1561 1561 1565 1565 1565 1565 1564 1564 1564 1564 1565 1565 1565 1565 1566 1566 1566 1566 1564 1564 1564 1564 1567 1567 1567 1567 1559 1559 1559 1559 1564 1564 1564 1564 1568 1568 1568 1568 1567 1567 1567 1567 1564 1564 1564 1564 1569 1569 1569 1569 1570 1570 1570 1570 1571 1571 1571 1571 1571 1571 1571 1571 1570 1570 1570 1570 1572 1572 1572 1572 1572 1572 1572 1572 1570 1570 1570 1570 1573 1573 1573 1573 1573 1573 1573 1573 1570 1570 1570 1570 1574 1574 1574 1574 1570 1570 1570 1570 1575 1575 1575 1575 1574 1574 1574 1574 1576 1576 1576 1576 1577 1577 1577 1577 1578 1578 1578 1578 1577 1577 1577 1577 1579 1579 1579 1579 1578 1578 1578 1578 1579 1579 1579 1579 1580 1580 1580 1580 1578 1578 1578 1578 1580 1580 1580 1580 1581 1581 1581 1581 1578 1578 1578 1578 1581 1581 1581 1581 1582 1582 1582 1582 1578 1578 1578 1578 1583 1583 1583 1583 1584 1584 1584 1584 1585 1585 1585 1585 1586 1586 1586 1586 1583 1583 1583 1583 1585 1585 1585 1585 1587 1587 1587 1587 1586 1586 1586 1586 1588 1588 1588 1588 1586 1586 1586 1586 1589 1589 1589 1589 1588 1588 1588 1588 1586 1586 1586 1586 1585 1585 1585 1585 1589 1589 1589 1589 1588 1588 1588 1588 1589 1589 1589 1589 1590 1590 1590 1590 1585 1585 1585 1585 1591 1591 1591 1591 1592 1592 1592 1592 1593 1593 1593 1593 1590 1590 1590 1590 1594 1594 1594 1594 1595 1595 1595 1595 1585 1585 1585 1585 1592 1592 1592 1592 1585 1585 1585 1585 1595 1595 1595 1595 1589 1589 1589 1589 1595 1595 1595 1595 1592 1592 1592 1592 1596 1596 1596 1596 1589 1589 1589 1589 1597 1597 1597 1597 1590 1590 1590 1590 1590 1590 1590 1590 1597 1597 1597 1597 1594 1594 1594 1594 1589 1589 1589 1589 1595 1595 1595 1595 1597 1597 1597 1597 1598 1598 1598 1598 1594 1594 1594 1594 1597 1597 1597 1597 1599 1599 1599 1599 1598 1598 1598 1598 1596 1596 1596 1596 1595 1595 1595 1595 1600 1600 1600 1600 1597 1597 1597 1597 1600 1600 1600 1600 1598 1598 1598 1598 1597 1597 1597 1597 1600 1600 1600 1600 1595 1595 1595 1595 1596 1596 1596 1596 1598 1598 1598 1598 1600 1600 1600 1600 1596 1596 1596 1596 1601 1601 1601 1601 1602 1602 1602 1602 1603 1603 1603 1603 1604 1604 1604 1604 1601 1601 1601 1601 1603 1603 1603 1603 1605 1605 1605 1605 1604 1604 1604 1604 1606 1606 1606 1606 1603 1603 1603 1603 1607 1607 1607 1607 1608 1608 1608 1608 1604 1604 1604 1604 1609 1609 1609 1609 1606 1606 1606 1606 1606 1606 1606 1606 1609 1609 1609 1609 1610 1610 1610 1610 1603 1603 1603 1603 1611 1611 1611 1611 1604 1604 1604 1604 1611 1611 1611 1611 1609 1609 1609 1609 1604 1604 1604 1604 1612 1612 1612 1612 1603 1603 1603 1603 1608 1608 1608 1608 1612 1612 1612 1612 1611 1611 1611 1611 1603 1603 1603 1603 1612 1612 1612 1612 1608 1608 1608 1608 1613 1613 1613 1613 1609 1609 1609 1609 1614 1614 1614 1614 1610 1610 1610 1610 1609 1609 1609 1609 1611 1611 1611 1611 1614 1614 1614 1614 1615 1615 1615 1615 1610 1610 1610 1610 1614 1614 1614 1614 1611 1611 1611 1611 1612 1612 1612 1612 1616 1616 1616 1616 1611 1611 1611 1611 1616 1616 1616 1616 1614 1614 1614 1614 1617 1617 1617 1617 1612 1612 1612 1612 1613 1613 1613 1613 1612 1612 1612 1612 1617 1617 1617 1617 1616 1616 1616 1616 1613 1613 1613 1613 1618 1618 1618 1618 1617 1617 1617 1617 1619 1619 1619 1619 1615 1615 1615 1615 1614 1614 1614 1614 1619 1619 1619 1619 1614 1614 1614 1614 1616 1616 1616 1616 1615 1615 1615 1615 1619 1619 1619 1619 1620 1620 1620 1620 1618 1618 1618 1618 1621 1621 1621 1621 1617 1617 1617 1617 1617 1617 1617 1617 1621 1621 1621 1621 1616 1616 1616 1616 1618 1618 1618 1618 1622 1622 1622 1622 1621 1621 1621 1621 1623 1623 1623 1623 1619 1619 1619 1619 1616 1616 1616 1616 1621 1621 1621 1621 1623 1623 1623 1623 1616 1616 1616 1616 1619 1619 1619 1619 1624 1624 1624 1624 1620 1620 1620 1620 1624 1624 1624 1624 1619 1619 1619 1619 1623 1623 1623 1623 1620 1620 1620 1620 1624 1624 1624 1624 1625 1625 1625 1625 1623 1623 1623 1623 1621 1621 1621 1621 1626 1626 1626 1626 1623 1623 1623 1623 1626 1626 1626 1626 1624 1624 1624 1624 1624 1624 1624 1624 1627 1627 1627 1627 1625 1625 1625 1625 1626 1626 1626 1626 1627 1627 1627 1627 1624 1624 1624 1624 1625 1625 1625 1625 1627 1627 1627 1627 1628 1628 1628 1628 1627 1627 1627 1627 1629 1629 1629 1629 1628 1628 1628 1628 1629 1629 1629 1629 1627 1627 1627 1627 1626 1626 1626 1626 1628 1628 1628 1628 1629 1629 1629 1629 1630 1630 1630 1630 1629 1629 1629 1629 1631 1631 1631 1631 1630 1630 1630 1630 1631 1631 1631 1631 1629 1629 1629 1629 1626 1626 1626 1626 1630 1630 1630 1630 1631 1631 1631 1631 1632 1632 1632 1632 1621 1621 1621 1621 1633 1633 1633 1633 1626 1626 1626 1626 1622 1622 1622 1622 1633 1633 1633 1633 1621 1621 1621 1621 1622 1622 1622 1622 1634 1634 1634 1634 1633 1633 1633 1633 1626 1626 1626 1626 1635 1635 1635 1635 1631 1631 1631 1631 1626 1626 1626 1626 1633 1633 1633 1633 1635 1635 1635 1635 1631 1631 1631 1631 1636 1636 1636 1636 1632 1632 1632 1632 1635 1635 1635 1635 1636 1636 1636 1636 1631 1631 1631 1631 1636 1636 1636 1636 1637 1637 1637 1637 1632 1632 1632 1632 1636 1636 1636 1636 1635 1635 1635 1635 1637 1637 1637 1637 1637 1637 1637 1637 1638 1638 1638 1638 1632 1632 1632 1632 1633 1633 1633 1633 1639 1639 1639 1639 1635 1635 1635 1635 1634 1634 1634 1634 1639 1639 1639 1639 1633 1633 1633 1633 1637 1637 1637 1637 1640 1640 1640 1640 1638 1638 1638 1638 1639 1639 1639 1639 1634 1634 1634 1634 1641 1641 1641 1641 1639 1639 1639 1639 1641 1641 1641 1641 1635 1635 1635 1635 1634 1634 1634 1634 1642 1642 1642 1642 1641 1641 1641 1641 1640 1640 1640 1640 1643 1643 1643 1643 1638 1638 1638 1638 1644 1644 1644 1644 1641 1641 1641 1641 1642 1642 1642 1642 1645 1645 1645 1645 1644 1644 1644 1644 1642 1642 1642 1642 1641 1641 1641 1641 1646 1646 1646 1646 1635 1635 1635 1635 1641 1641 1641 1641 1644 1644 1644 1644 1646 1646 1646 1646 1635 1635 1635 1635 1646 1646 1646 1646 1637 1637 1637 1637 1637 1637 1637 1637 1646 1646 1646 1646 1640 1640 1640 1640 1647 1647 1647 1647 1644 1644 1644 1644 1645 1645 1645 1645 1644 1644 1644 1644 1647 1647 1647 1647 1646 1646 1646 1646 1648 1648 1648 1648 1647 1647 1647 1647 1645 1645 1645 1645 1648 1648 1648 1648 1649 1649 1649 1649 1647 1647 1647 1647 1646 1646 1646 1646 1650 1650 1650 1650 1640 1640 1640 1640 1650 1650 1650 1650 1646 1646 1646 1646 1647 1647 1647 1647 1640 1640 1640 1640 1651 1651 1651 1651 1643 1643 1643 1643 1640 1640 1640 1640 1650 1650 1650 1650 1651 1651 1651 1651 1651 1651 1651 1651 1652 1652 1652 1652 1643 1643 1643 1643 1649 1649 1649 1649 1653 1653 1653 1653 1647 1647 1647 1647 1647 1647 1647 1647 1653 1653 1653 1653 1650 1650 1650 1650 1653 1653 1653 1653 1649 1649 1649 1649 1654 1654 1654 1654 1651 1651 1651 1651 1655 1655 1655 1655 1652 1652 1652 1652 1651 1651 1651 1651 1650 1650 1650 1650 1655 1655 1655 1655 1655 1655 1655 1655 1656 1656 1656 1656 1652 1652 1652 1652 1653 1653 1653 1653 1657 1657 1657 1657 1650 1650 1650 1650 1650 1650 1650 1650 1657 1657 1657 1657 1655 1655 1655 1655 1653 1653 1653 1653 1654 1654 1654 1654 1658 1658 1658 1658 1653 1653 1653 1653 1658 1658 1658 1658 1657 1657 1657 1657 1654 1654 1654 1654 1659 1659 1659 1659 1658 1658 1658 1658 1655 1655 1655 1655 1660 1660 1660 1660 1656 1656 1656 1656 1655 1655 1655 1655 1657 1657 1657 1657 1660 1660 1660 1660 1660 1660 1660 1660 1661 1661 1661 1661 1656 1656 1656 1656 1658 1658 1658 1658 1662 1662 1662 1662 1657 1657 1657 1657 1657 1657 1657 1657 1662 1662 1662 1662 1660 1660 1660 1660 1660 1660 1660 1660 1663 1663 1663 1663 1661 1661 1661 1661 1662 1662 1662 1662 1663 1663 1663 1663 1660 1660 1660 1660 1663 1663 1663 1663 1664 1664 1664 1664 1661 1661 1661 1661 1663 1663 1663 1663 1665 1665 1665 1665 1664 1664 1664 1664 1665 1665 1665 1665 1663 1663 1663 1663 1662 1662 1662 1662 1665 1665 1665 1665 1666 1666 1666 1666 1664 1664 1664 1664 1666 1666 1666 1666 1665 1665 1665 1665 1667 1667 1667 1667 1667 1667 1667 1667 1665 1665 1665 1665 1662 1662 1662 1662 1668 1668 1668 1668 1666 1666 1666 1666 1667 1667 1667 1667 1669 1669 1669 1669 1667 1667 1667 1667 1662 1662 1662 1662 1667 1667 1667 1667 1669 1669 1669 1669 1668 1668 1668 1668 1658 1658 1658 1658 1669 1669 1669 1669 1662 1662 1662 1662 1669 1669 1669 1669 1658 1658 1658 1658 1659 1659 1659 1659 1669 1669 1669 1669 1670 1670 1670 1670 1668 1668 1668 1668 1670 1670 1670 1670 1669 1669 1669 1669 1659 1659 1659 1659 1671 1671 1671 1671 1672 1672 1672 1672 1673 1673 1673 1673 1674 1674 1674 1674 1671 1671 1671 1671 1673 1673 1673 1673 1674 1674 1674 1674 1675 1675 1675 1675 1676 1676 1676 1676 1677 1677 1677 1677 1678 1678 1678 1678 1671 1671 1671 1671 1679 1679 1679 1679 1674 1674 1674 1674 1676 1676 1676 1676 1671 1671 1671 1671 1674 1674 1674 1674 1679 1679 1679 1679 1679 1679 1679 1679 1676 1676 1676 1676 1680 1680 1680 1680 1681 1681 1681 1681 1677 1677 1677 1677 1671 1671 1671 1671 1681 1681 1681 1681 1671 1671 1671 1671 1679 1679 1679 1679 1677 1677 1677 1677 1681 1681 1681 1681 1682 1682 1682 1682 1683 1683 1683 1683 1679 1679 1679 1679 1680 1680 1680 1680 1679 1679 1679 1679 1683 1683 1683 1683 1681 1681 1681 1681 1680 1680 1680 1680 1684 1684 1684 1684 1685 1685 1685 1685 1683 1683 1683 1683 1680 1680 1680 1680 1685 1685 1685 1685 1683 1683 1683 1683 1685 1685 1685 1685 1686 1686 1686 1686 1687 1687 1687 1687 1682 1682 1682 1682 1686 1686 1686 1686 1683 1683 1683 1683 1688 1688 1688 1688 1681 1681 1681 1681 1681 1681 1681 1681 1688 1688 1688 1688 1682 1682 1682 1682 1688 1688 1688 1688 1683 1683 1683 1683 1686 1686 1686 1686 1682 1682 1682 1682 1688 1688 1688 1688 1686 1686 1686 1686 1689 1689 1689 1689 1690 1690 1690 1690 1691 1691 1691 1691 1692 1692 1692 1692 1689 1689 1689 1689 1691 1691 1691 1691 1693 1693 1693 1693 1694 1694 1694 1694 1692 1692 1692 1692 1695 1695 1695 1695 1689 1689 1689 1689 1696 1696 1696 1696 1694 1694 1694 1694 1697 1697 1697 1697 1692 1692 1692 1692 1697 1697 1697 1697 1694 1694 1694 1694 1698 1698 1698 1698 1689 1689 1689 1689 1692 1692 1692 1692 1699 1699 1699 1699 1699 1699 1699 1699 1692 1692 1692 1692 1697 1697 1697 1697 1689 1689 1689 1689 1700 1700 1700 1700 1696 1696 1696 1696 1700 1700 1700 1700 1689 1689 1689 1689 1699 1699 1699 1699 1701 1701 1701 1701 1696 1696 1696 1696 1700 1700 1700 1700 1702 1702 1702 1702 1697 1697 1697 1697 1698 1698 1698 1698 1699 1699 1699 1699 1697 1697 1697 1697 1702 1702 1702 1702 1698 1698 1698 1698 1703 1703 1703 1703 1702 1702 1702 1702 1704 1704 1704 1704 1701 1701 1701 1701 1700 1700 1700 1700 1705 1705 1705 1705 1701 1701 1701 1701 1704 1704 1704 1704 1700 1700 1700 1700 1699 1699 1699 1699 1706 1706 1706 1706 1704 1704 1704 1704 1700 1700 1700 1700 1706 1706 1706 1706 1706 1706 1706 1706 1699 1699 1699 1699 1702 1702 1702 1702 1707 1707 1707 1707 1705 1705 1705 1705 1704 1704 1704 1704 1704 1704 1704 1704 1706 1706 1706 1706 1707 1707 1707 1707 1708 1708 1708 1708 1705 1705 1705 1705 1707 1707 1707 1707 1702 1702 1702 1702 1709 1709 1709 1709 1706 1706 1706 1706 1703 1703 1703 1703 1709 1709 1709 1709 1702 1702 1702 1702 1709 1709 1709 1709 1703 1703 1703 1703 1710 1710 1710 1710 1709 1709 1709 1709 1711 1711 1711 1711 1706 1706 1706 1706 1706 1706 1706 1706 1711 1711 1711 1711 1707 1707 1707 1707 1712 1712 1712 1712 1709 1709 1709 1709 1710 1710 1710 1710 1712 1712 1712 1712 1711 1711 1711 1711 1709 1709 1709 1709 1712 1712 1712 1712 1710 1710 1710 1710 1713 1713 1713 1713 1711 1711 1711 1711 1714 1714 1714 1714 1707 1707 1707 1707 1711 1711 1711 1711 1712 1712 1712 1712 1714 1714 1714 1714 1715 1715 1715 1715 1712 1712 1712 1712 1713 1713 1713 1713 1712 1712 1712 1712 1715 1715 1715 1715 1714 1714 1714 1714 1715 1715 1715 1715 1713 1713 1713 1713 1716 1716 1716 1716 1717 1717 1717 1717 1715 1715 1715 1715 1716 1716 1716 1716 1717 1717 1717 1717 1714 1714 1714 1714 1715 1715 1715 1715 1717 1717 1717 1717 1716 1716 1716 1716 1718 1718 1718 1718 1719 1719 1719 1719 1717 1717 1717 1717 1718 1718 1718 1718 1719 1719 1719 1719 1714 1714 1714 1714 1717 1717 1717 1717 1719 1719 1719 1719 1718 1718 1718 1718 1720 1720 1720 1720 1714 1714 1714 1714 1721 1721 1721 1721 1707 1707 1707 1707 1721 1721 1721 1721 1708 1708 1708 1708 1707 1707 1707 1707 1722 1722 1722 1722 1708 1708 1708 1708 1721 1721 1721 1721 1714 1714 1714 1714 1719 1719 1719 1719 1723 1723 1723 1723 1721 1721 1721 1721 1714 1714 1714 1714 1723 1723 1723 1723 1724 1724 1724 1724 1719 1719 1719 1719 1720 1720 1720 1720 1719 1719 1719 1719 1724 1724 1724 1724 1723 1723 1723 1723 1725 1725 1725 1725 1724 1724 1724 1724 1720 1720 1720 1720 1724 1724 1724 1724 1725 1725 1725 1725 1723 1723 1723 1723 1726 1726 1726 1726 1725 1725 1725 1725 1720 1720 1720 1720 1727 1727 1727 1727 1721 1721 1721 1721 1723 1723 1723 1723 1727 1727 1727 1727 1722 1722 1722 1722 1721 1721 1721 1721 1728 1728 1728 1728 1725 1725 1725 1725 1726 1726 1726 1726 1727 1727 1727 1727 1729 1729 1729 1729 1722 1722 1722 1722 1729 1729 1729 1729 1727 1727 1727 1727 1723 1723 1723 1723 1729 1729 1729 1729 1730 1730 1730 1730 1722 1722 1722 1722 1731 1731 1731 1731 1728 1728 1728 1728 1726 1726 1726 1726 1730 1730 1730 1730 1729 1729 1729 1729 1732 1732 1732 1732 1733 1733 1733 1733 1730 1730 1730 1730 1732 1732 1732 1732 1734 1734 1734 1734 1729 1729 1729 1729 1723 1723 1723 1723 1729 1729 1729 1729 1734 1734 1734 1734 1732 1732 1732 1732 1725 1725 1725 1725 1734 1734 1734 1734 1723 1723 1723 1723 1725 1725 1725 1725 1728 1728 1728 1728 1734 1734 1734 1734 1732 1732 1732 1732 1735 1735 1735 1735 1733 1733 1733 1733 1732 1732 1732 1732 1734 1734 1734 1734 1735 1735 1735 1735 1735 1735 1735 1735 1736 1736 1736 1736 1733 1733 1733 1733 1737 1737 1737 1737 1736 1736 1736 1736 1735 1735 1735 1735 1728 1728 1728 1728 1738 1738 1738 1738 1734 1734 1734 1734 1738 1738 1738 1738 1735 1735 1735 1735 1734 1734 1734 1734 1739 1739 1739 1739 1737 1737 1737 1737 1735 1735 1735 1735 1739 1739 1739 1739 1735 1735 1735 1735 1738 1738 1738 1738 1739 1739 1739 1739 1740 1740 1740 1740 1737 1737 1737 1737 1728 1728 1728 1728 1741 1741 1741 1741 1738 1738 1738 1738 1741 1741 1741 1741 1728 1728 1728 1728 1731 1731 1731 1731 1742 1742 1742 1742 1741 1741 1741 1741 1731 1731 1731 1731 1743 1743 1743 1743 1741 1741 1741 1741 1742 1742 1742 1742 1741 1741 1741 1741 1743 1743 1743 1743 1738 1738 1738 1738 1744 1744 1744 1744 1743 1743 1743 1743 1742 1742 1742 1742 1745 1745 1745 1745 1739 1739 1739 1739 1738 1738 1738 1738 1743 1743 1743 1743 1745 1745 1745 1745 1738 1738 1738 1738 1739 1739 1739 1739 1746 1746 1746 1746 1740 1740 1740 1740 1739 1739 1739 1739 1745 1745 1745 1745 1746 1746 1746 1746 1746 1746 1746 1746 1747 1747 1747 1747 1740 1740 1740 1740 1748 1748 1748 1748 1743 1743 1743 1743 1744 1744 1744 1744 1743 1743 1743 1743 1748 1748 1748 1748 1745 1745 1745 1745 1749 1749 1749 1749 1748 1748 1748 1748 1744 1744 1744 1744 1745 1745 1745 1745 1750 1750 1750 1750 1746 1746 1746 1746 1750 1750 1750 1750 1745 1745 1745 1745 1748 1748 1748 1748 1746 1746 1746 1746 1751 1751 1751 1751 1747 1747 1747 1747 1751 1751 1751 1751 1746 1746 1746 1746 1750 1750 1750 1750 1751 1751 1751 1751 1752 1752 1752 1752 1747 1747 1747 1747 1753 1753 1753 1753 1752 1752 1752 1752 1751 1751 1751 1751 1748 1748 1748 1748 1749 1749 1749 1749 1754 1754 1754 1754 1754 1754 1754 1754 1750 1750 1750 1750 1748 1748 1748 1748 1749 1749 1749 1749 1755 1755 1755 1755 1754 1754 1754 1754 1756 1756 1756 1756 1753 1753 1753 1753 1751 1751 1751 1751 1756 1756 1756 1756 1751 1751 1751 1751 1750 1750 1750 1750 1753 1753 1753 1753 1756 1756 1756 1756 1757 1757 1757 1757 1754 1754 1754 1754 1758 1758 1758 1758 1750 1750 1750 1750 1758 1758 1758 1758 1756 1756 1756 1756 1750 1750 1750 1750 1758 1758 1758 1758 1754 1754 1754 1754 1755 1755 1755 1755 1756 1756 1756 1756 1758 1758 1758 1758 1757 1757 1757 1757 1757 1757 1757 1757 1758 1758 1758 1758 1755 1755 1755 1755 1759 1759 1759 1759 1760 1760 1760 1760 1761 1761 1761 1761 1760 1760 1760 1760 1762 1762 1762 1762 1761 1761 1761 1761 1763 1763 1763 1763 1764 1764 1764 1764 1762 1762 1762 1762 1762 1762 1762 1762 1765 1765 1765 1765 1761 1761 1761 1761 1764 1764 1764 1764 1765 1765 1765 1765 1762 1762 1762 1762 1766 1766 1766 1766 1761 1761 1761 1761 1767 1767 1767 1767 1768 1768 1768 1768 1765 1765 1765 1765 1764 1764 1764 1764 1769 1769 1769 1769 1768 1768 1768 1768 1764 1764 1764 1764 1765 1765 1765 1765 1770 1770 1770 1770 1761 1761 1761 1761 1761 1761 1761 1761 1770 1770 1770 1770 1767 1767 1767 1767 1765 1765 1765 1765 1768 1768 1768 1768 1770 1770 1770 1770 1767 1767 1767 1767 1770 1770 1770 1770 1771 1771 1771 1771 1768 1768 1768 1768 1771 1771 1771 1771 1770 1770 1770 1770 1772 1772 1772 1772 1767 1767 1767 1767 1771 1771 1771 1771 1772 1772 1772 1772 1771 1771 1771 1771 1773 1773 1773 1773 1773 1773 1773 1773 1771 1771 1771 1771 1768 1768 1768 1768 1774 1774 1774 1774 1772 1772 1772 1772 1773 1773 1773 1773 1775 1775 1775 1775 1773 1773 1773 1773 1768 1768 1768 1768 1768 1768 1768 1768 1769 1769 1769 1769 1775 1775 1775 1775 1773 1773 1773 1773 1775 1775 1775 1775 1776 1776 1776 1776 1769 1769 1769 1769 1777 1777 1777 1777 1775 1775 1775 1775 1776 1776 1776 1776 1775 1775 1775 1775 1778 1778 1778 1778 1777 1777 1777 1777 1778 1778 1778 1778 1775 1775 1775 1775 1779 1779 1779 1779 1776 1776 1776 1776 1778 1778 1778 1778 1780 1780 1780 1780 1778 1778 1778 1778 1777 1777 1777 1777 1781 1781 1781 1781 1779 1779 1779 1779 1778 1778 1778 1778 1781 1781 1781 1781 1782 1782 1782 1782 1779 1779 1779 1779 1778 1778 1778 1778 1780 1780 1780 1780 1783 1783 1783 1783 1777 1777 1777 1777 1783 1783 1783 1783 1780 1780 1780 1780 1783 1783 1783 1783 1781 1781 1781 1781 1778 1778 1778 1778 1781 1781 1781 1781 1784 1784 1784 1784 1782 1782 1782 1782 1785 1785 1785 1785 1783 1783 1783 1783 1777 1777 1777 1777 1785 1785 1785 1785 1781 1781 1781 1781 1783 1783 1783 1783 1781 1781 1781 1781 1785 1785 1785 1785 1784 1784 1784 1784 1786 1786 1786 1786 1785 1785 1785 1785 1777 1777 1777 1777 1785 1785 1785 1785 1786 1786 1786 1786 1784 1784 1784 1784 1787 1787 1787 1787 1788 1788 1788 1788 1789 1789 1789 1789 1788 1788 1788 1788 1790 1790 1790 1790 1789 1789 1789 1789 1791 1791 1791 1791 1790 1790 1790 1790 1792 1792 1792 1792 1793 1793 1793 1793 1790 1790 1790 1790 1788 1788 1788 1788 1790 1790 1790 1790 1793 1793 1793 1793 1792 1792 1792 1792 1788 1788 1788 1788 1794 1794 1794 1794 1795 1795 1795 1795 1793 1793 1793 1793 1796 1796 1796 1796 1792 1792 1792 1792 1797 1797 1797 1797 1793 1793 1793 1793 1788 1788 1788 1788 1797 1797 1797 1797 1788 1788 1788 1788 1795 1795 1795 1795 1796 1796 1796 1796 1793 1793 1793 1793 1797 1797 1797 1797 1796 1796 1796 1796 1798 1798 1798 1798 1792 1792 1792 1792 1799 1799 1799 1799 1797 1797 1797 1797 1795 1795 1795 1795 1799 1799 1799 1799 1796 1796 1796 1796 1797 1797 1797 1797 1800 1800 1800 1800 1799 1799 1799 1799 1795 1795 1795 1795 1796 1796 1796 1796 1801 1801 1801 1801 1798 1798 1798 1798 1802 1802 1802 1802 1799 1799 1799 1799 1800 1800 1800 1800 1799 1799 1799 1799 1802 1802 1802 1802 1796 1796 1796 1796 1803 1803 1803 1803 1802 1802 1802 1802 1800 1800 1800 1800 1802 1802 1802 1802 1801 1801 1801 1801 1796 1796 1796 1796 1802 1802 1802 1802 1804 1804 1804 1804 1801 1801 1801 1801 1801 1801 1801 1801 1805 1805 1805 1805 1798 1798 1798 1798 1804 1804 1804 1804 1806 1806 1806 1806 1801 1801 1801 1801 1805 1805 1805 1805 1801 1801 1801 1801 1806 1806 1806 1806 1807 1807 1807 1807 1806 1806 1806 1806 1804 1804 1804 1804 1808 1808 1808 1808 1805 1805 1805 1805 1806 1806 1806 1806 1807 1807 1807 1807 1809 1809 1809 1809 1806 1806 1806 1806 1809 1809 1809 1809 1807 1807 1807 1807 1810 1810 1810 1810 1806 1806 1806 1806 1811 1811 1811 1811 1808 1808 1808 1808 1805 1805 1805 1805 1808 1808 1808 1808 1811 1811 1811 1811 1809 1809 1809 1809 1811 1811 1811 1811 1806 1806 1806 1806 1809 1809 1809 1809 1810 1810 1810 1810 1812 1812 1812 1812 1811 1811 1811 1811 1813 1813 1813 1813 1805 1805 1805 1805 1813 1813 1813 1813 1811 1811 1811 1811 1809 1809 1809 1809 1809 1809 1809 1809 1812 1812 1812 1812 1813 1813 1813 1813 1813 1813 1813 1813 1814 1814 1814 1814 1805 1805 1805 1805 1812 1812 1812 1812 1814 1814 1814 1814 1813 1813 1813 1813 1815 1815 1815 1815 1816 1816 1816 1816 1817 1817 1817 1817 1818 1818 1818 1818 1815 1815 1815 1815 1817 1817 1817 1817 1815 1815 1815 1815 1818 1818 1818 1818 1819 1819 1819 1819 1818 1818 1818 1818 1820 1820 1820 1820 1819 1819 1819 1819 1818 1818 1818 1818 1821 1821 1821 1821 1820 1820 1820 1820 1822 1822 1822 1822 1818 1818 1818 1818 1817 1817 1817 1817 1822 1822 1822 1822 1821 1821 1821 1821 1818 1818 1818 1818 1823 1823 1823 1823 1822 1822 1822 1822 1817 1817 1817 1817 1822 1822 1822 1822 1824 1824 1824 1824 1821 1821 1821 1821 1824 1824 1824 1824 1822 1822 1822 1822 1823 1823 1823 1823 1824 1824 1824 1824 1825 1825 1825 1825 1821 1821 1821 1821 1826 1826 1826 1826 1824 1824 1824 1824 1823 1823 1823 1823 1824 1824 1824 1824 1827 1827 1827 1827 1825 1825 1825 1825 1825 1825 1825 1825 1827 1827 1827 1827 1828 1828 1828 1828 1824 1824 1824 1824 1829 1829 1829 1829 1827 1827 1827 1827 1828 1828 1828 1828 1827 1827 1827 1827 1830 1830 1830 1830 1831 1831 1831 1831 1829 1829 1829 1829 1824 1824 1824 1824 1826 1826 1826 1826 1831 1831 1831 1831 1824 1824 1824 1824 1828 1828 1828 1828 1830 1830 1830 1830 1832 1832 1832 1832 1826 1826 1826 1826 1833 1833 1833 1833 1831 1831 1831 1831 1832 1832 1832 1832 1830 1830 1830 1830 1834 1834 1834 1834 1833 1833 1833 1833 1835 1835 1835 1835 1831 1831 1831 1831 1832 1832 1832 1832 1834 1834 1834 1834 1836 1836 1836 1836 1833 1833 1833 1833 1837 1837 1837 1837 1835 1835 1835 1835 1834 1834 1834 1834 1838 1838 1838 1838 1836 1836 1836 1836 1837 1837 1837 1837 1839 1839 1839 1839 1835 1835 1835 1835 1836 1836 1836 1836 1838 1838 1838 1838 1840 1840 1840 1840 1837 1837 1837 1837 1841 1841 1841 1841 1839 1839 1839 1839 1840 1840 1840 1840 1838 1838 1838 1838 1842 1842 1842 1842 1839 1839 1839 1839 1841 1841 1841 1841 1843 1843 1843 1843 1844 1844 1844 1844 1840 1840 1840 1840 1842 1842 1842 1842 1845 1845 1845 1845 1843 1843 1843 1843 1841 1841 1841 1841 1846 1846 1846 1846 1840 1840 1840 1840 1844 1844 1844 1844 1847 1847 1847 1847 1845 1845 1845 1845 1841 1841 1841 1841 1848 1848 1848 1848 1846 1846 1846 1846 1844 1844 1844 1844 1849 1849 1849 1849 1845 1845 1845 1845 1847 1847 1847 1847 1850 1850 1850 1850 1846 1846 1846 1846 1848 1848 1848 1848 1847 1847 1847 1847 1851 1851 1851 1851 1849 1849 1849 1849 1850 1850 1850 1850 1848 1848 1848 1848 1852 1852 1852 1852 1853 1853 1853 1853 1851 1851 1851 1851 1847 1847 1847 1847 1852 1852 1852 1852 1848 1848 1848 1848 1854 1854 1854 1854 1855 1855 1855 1855 1851 1851 1851 1851 1853 1853 1853 1853 1856 1856 1856 1856 1852 1852 1852 1852 1854 1854 1854 1854 1857 1857 1857 1857 1851 1851 1851 1851 1855 1855 1855 1855 1858 1858 1858 1858 1852 1852 1852 1852 1856 1856 1856 1856 1855 1855 1855 1855 1859 1859 1859 1859 1857 1857 1857 1857 1860 1860 1860 1860 1858 1858 1858 1858 1856 1856 1856 1856 1861 1861 1861 1861 1859 1859 1859 1859 1855 1855 1855 1855 1862 1862 1862 1862 1858 1858 1858 1858 1860 1860 1860 1860 1861 1861 1861 1861 1863 1863 1863 1863 1859 1859 1859 1859 1860 1860 1860 1860 1864 1864 1864 1864 1862 1862 1862 1862 1862 1862 1862 1862 1864 1864 1864 1864 1865 1865 1865 1865 1864 1864 1864 1864 1866 1866 1866 1866 1865 1865 1865 1865 1866 1866 1866 1866 1867 1867 1867 1867 1865 1865 1865 1865 1868 1868 1868 1868 1867 1867 1867 1867 1866 1866 1866 1866 1869 1869 1869 1869 1867 1867 1867 1867 1868 1868 1868 1868 1870 1870 1870 1870 1869 1869 1869 1869 1868 1868 1868 1868 1871 1871 1871 1871 1869 1869 1869 1869 1870 1870 1870 1870 1871 1871 1871 1871 1870 1870 1870 1870 1863 1863 1863 1863 1872 1872 1872 1872 1863 1863 1863 1863 1861 1861 1861 1861 1871 1871 1871 1871 1863 1863 1863 1863 1873 1873 1873 1873 1874 1874 1874 1874 1863 1863 1863 1863 1872 1872 1872 1872 1873 1873 1873 1873 1863 1863 1863 1863 1874 1874 1874 1874 1872 1872 1872 1872 1875 1875 1875 1875 1874 1874 1874 1874 1873 1873 1873 1873 1874 1874 1874 1874 1876 1876 1876 1876 1875 1875 1875 1875 1876 1876 1876 1876 1874 1874 1874 1874 1877 1877 1877 1877 1873 1873 1873 1873 1876 1876 1876 1876 1875 1875 1875 1875 1878 1878 1878 1878 1876 1876 1876 1876 1877 1877 1877 1877 1876 1876 1876 1876 1879 1879 1879 1879 1878 1878 1878 1878 1879 1879 1879 1879 1876 1876 1876 1876 1880 1880 1880 1880 1877 1877 1877 1877 1879 1879 1879 1879 1880 1880 1880 1880 1879 1879 1879 1879 1881 1881 1881 1881 1879 1879 1879 1879 1878 1878 1878 1878 1882 1882 1882 1882 1879 1879 1879 1879 1882 1882 1882 1882 1881 1881 1881 1881 1878 1878 1878 1878 1883 1883 1883 1883 1882 1882 1882 1882 1884 1884 1884 1884 1881 1881 1881 1881 1882 1882 1882 1882 1882 1882 1882 1882 1883 1883 1883 1883 1885 1885 1885 1885 1885 1885 1885 1885 1884 1884 1884 1884 1882 1882 1882 1882 1883 1883 1883 1883 1886 1886 1886 1886 1885 1885 1885 1885 1884 1884 1884 1884 1885 1885 1885 1885 1887 1887 1887 1887 1885 1885 1885 1885 1886 1886 1886 1886 1887 1887 1887 1887 1888 1888 1888 1888 1884 1884 1884 1884 1887 1887 1887 1887 1886 1886 1886 1886 1889 1889 1889 1889 1887 1887 1887 1887 1888 1888 1888 1888 1887 1887 1887 1887 1890 1890 1890 1890 1889 1889 1889 1889 1891 1891 1891 1891 1887 1887 1887 1887 1888 1888 1888 1888 1890 1890 1890 1890 1892 1892 1892 1892 1889 1889 1889 1889 1893 1893 1893 1893 1891 1891 1891 1891 1890 1890 1890 1890 1894 1894 1894 1894 1892 1892 1892 1892 1893 1893 1893 1893 1895 1895 1895 1895 1891 1891 1891 1891 1892 1892 1892 1892 1894 1894 1894 1894 1896 1896 1896 1896 1895 1895 1895 1895 1893 1893 1893 1893 1897 1897 1897 1897 1894 1894 1894 1894 1898 1898 1898 1898 1896 1896 1896 1896 1893 1893 1893 1893 1899 1899 1899 1899 1897 1897 1897 1897 1896 1896 1896 1896 1898 1898 1898 1898 1900 1900 1900 1900 1899 1899 1899 1899 1901 1901 1901 1901 1897 1897 1897 1897 1898 1898 1898 1898 1902 1902 1902 1902 1900 1900 1900 1900 1901 1901 1901 1901 1903 1903 1903 1903 1897 1897 1897 1897 1904 1904 1904 1904 1900 1900 1900 1900 1902 1902 1902 1902 1903 1903 1903 1903 1901 1901 1901 1901 1905 1905 1905 1905 1906 1906 1906 1906 1904 1904 1904 1904 1902 1902 1902 1902 1901 1901 1901 1901 1907 1907 1907 1907 1905 1905 1905 1905 1904 1904 1904 1904 1906 1906 1906 1906 1908 1908 1908 1908 1905 1905 1905 1905 1907 1907 1907 1907 1909 1909 1909 1909 1906 1906 1906 1906 1910 1910 1910 1910 1908 1908 1908 1908 1911 1911 1911 1911 1909 1909 1909 1909 1907 1907 1907 1907 1908 1908 1908 1908 1910 1910 1910 1910 1912 1912 1912 1912 1913 1913 1913 1913 1911 1911 1911 1911 1907 1907 1907 1907 1910 1910 1910 1910 1914 1914 1914 1914 1912 1912 1912 1912 1911 1911 1911 1911 1913 1913 1913 1913 1915 1915 1915 1915 1912 1912 1912 1912 1914 1914 1914 1914 1916 1916 1916 1916 1913 1913 1913 1913 1917 1917 1917 1917 1915 1915 1915 1915 1918 1918 1918 1918 1912 1912 1912 1912 1916 1916 1916 1916 1917 1917 1917 1917 1919 1919 1919 1919 1915 1915 1915 1915 1918 1918 1918 1918 1916 1916 1916 1916 1920 1920 1920 1920 1921 1921 1921 1921 1919 1919 1919 1919 1917 1917 1917 1917 1916 1916 1916 1916 1922 1922 1922 1922 1920 1920 1920 1920 1920 1920 1920 1920 1922 1922 1922 1922 1923 1923 1923 1923 1922 1922 1922 1922 1924 1924 1924 1924 1923 1923 1923 1923 1923 1923 1923 1923 1924 1924 1924 1924 1925 1925 1925 1925 1926 1926 1926 1926 1923 1923 1923 1923 1925 1925 1925 1925 1925 1925 1925 1925 1927 1927 1927 1927 1926 1926 1926 1926 1927 1927 1927 1927 1928 1928 1928 1928 1926 1926 1926 1926 1928 1928 1928 1928 1927 1927 1927 1927 1929 1929 1929 1929 1930 1930 1930 1930 1928 1928 1928 1928 1929 1929 1929 1929 1930 1930 1930 1930 1929 1929 1929 1929 1931 1931 1931 1931 1932 1932 1932 1932 1930 1930 1930 1930 1931 1931 1931 1931 1933 1933 1933 1933 1932 1932 1932 1932 1931 1931 1931 1931 1933 1933 1933 1933 1931 1931 1931 1931 1934 1934 1934 1934 1933 1933 1933 1933 1934 1934 1934 1934 1919 1919 1919 1919 1921 1921 1921 1921 1933 1933 1933 1933 1919 1919 1919 1919 1921 1921 1921 1921 1935 1935 1935 1935 1933 1933 1933 1933 1933 1933 1933 1933 1936 1936 1936 1936 1932 1932 1932 1932 1935 1935 1935 1935 1937 1937 1937 1937 1933 1933 1933 1933 1937 1937 1937 1937 1936 1936 1936 1936 1933 1933 1933 1933 1935 1935 1935 1935 1938 1938 1938 1938 1937 1937 1937 1937 1937 1937 1937 1937 1939 1939 1939 1939 1936 1936 1936 1936 1938 1938 1938 1938 1939 1939 1939 1939 1937 1937 1937 1937 1939 1939 1939 1939 1940 1940 1940 1940 1936 1936 1936 1936 1940 1940 1940 1940 1939 1939 1939 1939 1941 1941 1941 1941 1939 1939 1939 1939 1942 1942 1942 1942 1941 1941 1941 1941 1939 1939 1939 1939 1938 1938 1938 1938 1942 1942 1942 1942 1938 1938 1938 1938 1943 1943 1943 1943 1942 1942 1942 1942 1944 1944 1944 1944 1945 1945 1945 1945 1946 1946 1946 1946 1947 1947 1947 1947 1944 1944 1944 1944 1946 1946 1946 1946 1948 1948 1948 1948 1944 1944 1944 1944 1947 1947 1947 1947 1949 1949 1949 1949 1948 1948 1948 1948 1947 1947 1947 1947 1947 1947 1947 1947 1946 1946 1946 1946 1950 1950 1950 1950 1950 1950 1950 1950 1949 1949 1949 1949 1947 1947 1947 1947 1946 1946 1946 1946 1951 1951 1951 1951 1950 1950 1950 1950 1950 1950 1950 1950 1952 1952 1952 1952 1949 1949 1949 1949 1953 1953 1953 1953 1950 1950 1950 1950 1951 1951 1951 1951 1952 1952 1952 1952 1950 1950 1950 1950 1954 1954 1954 1954 1950 1950 1950 1950 1953 1953 1953 1953 1954 1954 1954 1954 1955 1955 1955 1955 1952 1952 1952 1952 1954 1954 1954 1954 1956 1956 1956 1956 1953 1953 1953 1953 1951 1951 1951 1951 1957 1957 1957 1957 1955 1955 1955 1955 1954 1954 1954 1954 1956 1956 1956 1956 1951 1951 1951 1951 1958 1958 1958 1958 1955 1955 1955 1955 1957 1957 1957 1957 1959 1959 1959 1959 1960 1960 1960 1960 1956 1956 1956 1956 1958 1958 1958 1958 1957 1957 1957 1957 1961 1961 1961 1961 1959 1959 1959 1959 1960 1960 1960 1960 1958 1958 1958 1958 1962 1962 1962 1962 1959 1959 1959 1959 1961 1961 1961 1961 1963 1963 1963 1963 1964 1964 1964 1964 1960 1960 1960 1960 1962 1962 1962 1962 1961 1961 1961 1961 1965 1965 1965 1965 1963 1963 1963 1963 1964 1964 1964 1964 1962 1962 1962 1962 1966 1966 1966 1966 1963 1963 1963 1963 1965 1965 1965 1965 1967 1967 1967 1967 1968 1968 1968 1968 1964 1964 1964 1964 1966 1966 1966 1966 1965 1965 1965 1965 1969 1969 1969 1969 1967 1967 1967 1967 1968 1968 1968 1968 1966 1966 1966 1966 1970 1970 1970 1970 1967 1967 1967 1967 1969 1969 1969 1969 1971 1971 1971 1971 1972 1972 1972 1972 1968 1968 1968 1968 1970 1970 1970 1970 1973 1973 1973 1973 1967 1967 1967 1967 1971 1971 1971 1971 1972 1972 1972 1972 1970 1970 1970 1970 1974 1974 1974 1974 1973 1973 1973 1973 1971 1971 1971 1971 1975 1975 1975 1975 1976 1976 1976 1976 1972 1972 1972 1972 1974 1974 1974 1974 1977 1977 1977 1977 1973 1973 1973 1973 1975 1975 1975 1975 1976 1976 1976 1976 1974 1974 1974 1974 1978 1978 1978 1978 1975 1975 1975 1975 1979 1979 1979 1979 1977 1977 1977 1977 1980 1980 1980 1980 1976 1976 1976 1976 1978 1978 1978 1978 1977 1977 1977 1977 1979 1979 1979 1979 1981 1981 1981 1981 1982 1982 1982 1982 1980 1980 1980 1980 1978 1978 1978 1978 1979 1979 1979 1979 1983 1983 1983 1983 1981 1981 1981 1981 1984 1984 1984 1984 1982 1982 1982 1982 1978 1978 1978 1978 1982 1982 1982 1982 1984 1984 1984 1984 1985 1985 1985 1985 1984 1984 1984 1984 1986 1986 1986 1986 1985 1985 1985 1985 1987 1987 1987 1987 1985 1985 1985 1985 1986 1986 1986 1986 1988 1988 1988 1988 1987 1987 1987 1987 1986 1986 1986 1986 1987 1987 1987 1987 1988 1988 1988 1988 1989 1989 1989 1989 1988 1988 1988 1988 1990 1990 1990 1990 1989 1989 1989 1989 1989 1989 1989 1989 1990 1990 1990 1990 1991 1991 1991 1991 1990 1990 1990 1990 1992 1992 1992 1992 1991 1991 1991 1991 1991 1991 1991 1991 1992 1992 1992 1992 1993 1993 1993 1993 1994 1994 1994 1994 1991 1991 1991 1991 1993 1993 1993 1993 1994 1994 1994 1994 1993 1993 1993 1993 1995 1995 1995 1995 1996 1996 1996 1996 1994 1994 1994 1994 1995 1995 1995 1995 1995 1995 1995 1995 1997 1997 1997 1997 1996 1996 1996 1996 1997 1997 1997 1997 1995 1995 1995 1995 1998 1998 1998 1998 1979 1979 1979 1979 1997 1997 1997 1997 1983 1983 1983 1983 1999 1999 1999 1999 1997 1997 1997 1997 1998 1998 1998 1998 1997 1997 1997 1997 1999 1999 1999 1999 1983 1983 1983 1983 1983 1983 1983 1983 1999 1999 1999 1999 2000 2000 2000 2000 1999 1999 1999 1999 2001 2001 2001 2001 2000 2000 2000 2000 2002 2002 2002 2002 2000 2000 2000 2000 2001 2001 2001 2001 2003 2003 2003 2003 2002 2002 2002 2002 2001 2001 2001 2001 2002 2002 2002 2002 2003 2003 2003 2003 2004 2004 2004 2004 2005 2005 2005 2005 2002 2002 2002 2002 2004 2004 2004 2004 2005 2005 2005 2005 2004 2004 2004 2004 2006 2006 2006 2006 2007 2007 2007 2007 2005 2005 2005 2005 2006 2006 2006 2006 2006 2006 2006 2006 2008 2008 2008 2008 2007 2007 2007 2007 2006 2006 2006 2006 2009 2009 2009 2009 2008 2008 2008 2008 2008 2008 2008 2008 2009 2009 2009 2009 2010 2010 2010 2010 2008 2008 2008 2008 2011 2011 2011 2011 2007 2007 2007 2007 2010 2010 2010 2010 2012 2012 2012 2012 2008 2008 2008 2008 2011 2011 2011 2011 2013 2013 2013 2013 2007 2007 2007 2007 2012 2012 2012 2012 2010 2010 2010 2010 2014 2014 2014 2014 2015 2015 2015 2015 2013 2013 2013 2013 2011 2011 2011 2011 2010 2010 2010 2010 2016 2016 2016 2016 2014 2014 2014 2014 2017 2017 2017 2017 2015 2015 2015 2015 2011 2011 2011 2011 2018 2018 2018 2018 2014 2014 2014 2014 2016 2016 2016 2016 2019 2019 2019 2019 2015 2015 2015 2015 2017 2017 2017 2017 2020 2020 2020 2020 2018 2018 2018 2018 2016 2016 2016 2016 2021 2021 2021 2021 2019 2019 2019 2019 2017 2017 2017 2017 2020 2020 2020 2020 2022 2022 2022 2022 2018 2018 2018 2018 2023 2023 2023 2023 2019 2019 2019 2019 2021 2021 2021 2021 2022 2022 2022 2022 2024 2024 2024 2024 2018 2018 2018 2018 2025 2025 2025 2025 2023 2023 2023 2023 2021 2021 2021 2021 2022 2022 2022 2022 2026 2026 2026 2026 2024 2024 2024 2024 2025 2025 2025 2025 2027 2027 2027 2027 2023 2023 2023 2023 2026 2026 2026 2026 2028 2028 2028 2028 2024 2024 2024 2024 2027 2027 2027 2027 2029 2029 2029 2029 2023 2023 2023 2023 2028 2028 2028 2028 2026 2026 2026 2026 2030 2030 2030 2030 2029 2029 2029 2029 2027 2027 2027 2027 2031 2031 2031 2031 2032 2032 2032 2032 2028 2028 2028 2028 2030 2030 2030 2030 2033 2033 2033 2033 2029 2029 2029 2029 2031 2031 2031 2031 2030 2030 2030 2030 2034 2034 2034 2034 2032 2032 2032 2032 2033 2033 2033 2033 2031 2031 2031 2031 2035 2035 2035 2035 2034 2034 2034 2034 2036 2036 2036 2036 2032 2032 2032 2032 2037 2037 2037 2037 2033 2033 2033 2033 2035 2035 2035 2035 2034 2034 2034 2034 2038 2038 2038 2038 2036 2036 2036 2036 2037 2037 2037 2037 2035 2035 2035 2035 2039 2039 2039 2039 2038 2038 2038 2038 2040 2040 2040 2040 2036 2036 2036 2036 2041 2041 2041 2041 2037 2037 2037 2037 2039 2039 2039 2039 2042 2042 2042 2042 2040 2040 2040 2040 2038 2038 2038 2038 2043 2043 2043 2043 2042 2042 2042 2042 2038 2038 2038 2038 2042 2042 2042 2042 2043 2043 2043 2043 2044 2044 2044 2044 2043 2043 2043 2043 2045 2045 2045 2045 2044 2044 2044 2044 2044 2044 2044 2044 2045 2045 2045 2045 2046 2046 2046 2046 2045 2045 2045 2045 2047 2047 2047 2047 2046 2046 2046 2046 2048 2048 2048 2048 2046 2046 2046 2046 2047 2047 2047 2047 2049 2049 2049 2049 2048 2048 2048 2048 2047 2047 2047 2047 2050 2050 2050 2050 2048 2048 2048 2048 2049 2049 2049 2049 2051 2051 2051 2051 2050 2050 2050 2050 2049 2049 2049 2049 2050 2050 2050 2050 2051 2051 2051 2051 2052 2052 2052 2052 2051 2051 2051 2051 2053 2053 2053 2053 2052 2052 2052 2052 2054 2054 2054 2054 2052 2052 2052 2052 2053 2053 2053 2053 2055 2055 2055 2055 2054 2054 2054 2054 2053 2053 2053 2053 2054 2054 2054 2054 2055 2055 2055 2055 2039 2039 2039 2039 2055 2055 2055 2055 2041 2041 2041 2041 2039 2039 2039 2039 2055 2055 2055 2055 2053 2053 2053 2053 2056 2056 2056 2056 2055 2055 2055 2055 2057 2057 2057 2057 2041 2041 2041 2041 2058 2058 2058 2058 2059 2059 2059 2059 2056 2056 2056 2056 2055 2055 2055 2055 2060 2060 2060 2060 2057 2057 2057 2057 2060 2060 2060 2060 2055 2055 2055 2055 2056 2056 2056 2056 2059 2059 2059 2059 2060 2060 2060 2060 2056 2056 2056 2056 2061 2061 2061 2061 2057 2057 2057 2057 2060 2060 2060 2060 2059 2059 2059 2059 2061 2061 2061 2061 2060 2060 2060 2060 2062 2062 2062 2062 2063 2063 2063 2063 2064 2064 2064 2064 2064 2064 2064 2064 2063 2063 2063 2063 2065 2065 2065 2065 2065 2065 2065 2065 2063 2063 2063 2063 2066 2066 2066 2066 2066 2066 2066 2066 2063 2063 2063 2063 2067 2067 2067 2067 2067 2067 2067 2067 2063 2063 2063 2063 2068 2068 2068 2068 2068 2068 2068 2068 2063 2063 2063 2063 2069 2069 2069 2069 2069 2069 2069 2069 2063 2063 2063 2063 2070 2070 2070 2070 2070 2070 2070 2070 2063 2063 2063 2063 2071 2071 2071 2071 2072 2072 2072 2072 2073 2073 2073 2073 2074 2074 2074 2074 2074 2074 2074 2074 2073 2073 2073 2073 2075 2075 2075 2075 2075 2075 2075 2075 2073 2073 2073 2073 2076 2076 2076 2076 2076 2076 2076 2076 2073 2073 2073 2073 2077 2077 2077 2077 2077 2077 2077 2077 2073 2073 2073 2073 2078 2078 2078 2078 2078 2078 2078 2078 2073 2073 2073 2073 2079 2079 2079 2079 2079 2079 2079 2079 2073 2073 2073 2073 2080 2080 2080 2080 2080 2080 2080 2080 2073 2073 2073 2073 2081 2081 2081 2081 2082 2082 2082 2082 2083 2083 2083 2083 2084 2084 2084 2084 2083 2083 2083 2083 2085 2085 2085 2085 2084 2084 2084 2084 2085 2085 2085 2085 2086 2086 2086 2086 2084 2084 2084 2084 2086 2086 2086 2086 2087 2087 2087 2087 2084 2084 2084 2084 2087 2087 2087 2087 2088 2088 2088 2088 2084 2084 2084 2084 2088 2088 2088 2088 2089 2089 2089 2089 2084 2084 2084 2084 2089 2089 2089 2089 2090 2090 2090 2090 2084 2084 2084 2084 2090 2090 2090 2090 2091 2091 2091 2091 2084 2084 2084 2084 2092 2092 2092 2092 2093 2093 2093 2093 2094 2094 2094 2094 2093 2093 2093 2093 2095 2095 2095 2095 2094 2094 2094 2094 2095 2095 2095 2095 2096 2096 2096 2096 2094 2094 2094 2094 2096 2096 2096 2096 2097 2097 2097 2097 2094 2094 2094 2094 2097 2097 2097 2097 2098 2098 2098 2098 2094 2094 2094 2094 2098 2098 2098 2098 2099 2099 2099 2099 2094 2094 2094 2094 2099 2099 2099 2099 2100 2100 2100 2100 2094 2094 2094 2094 2100 2100 2100 2100 2101 2101 2101 2101 2094 2094 2094 2094 2102 2102 2102 2102 2103 2103 2103 2103 2104 2104 2104 2104 2103 2103 2103 2103 2102 2102 2102 2102 2105 2105 2105 2105 2103 2103 2103 2103 2106 2106 2106 2106 2104 2104 2104 2104 2107 2107 2107 2107 2103 2103 2103 2103 2105 2105 2105 2105 2103 2103 2103 2103 2108 2108 2108 2108 2106 2106 2106 2106 2108 2108 2108 2108 2103 2103 2103 2103 2107 2107 2107 2107 2108 2108 2108 2108 2109 2109 2109 2109 2106 2106 2106 2106 2110 2110 2110 2110 2108 2108 2108 2108 2107 2107 2107 2107 2111 2111 2111 2111 2109 2109 2109 2109 2108 2108 2108 2108 2108 2108 2108 2108 2110 2110 2110 2110 2112 2112 2112 2112 2113 2113 2113 2113 2111 2111 2111 2111 2108 2108 2108 2108 2113 2113 2113 2113 2108 2108 2108 2108 2112 2112 2112 2112 2114 2114 2114 2114 2111 2111 2111 2111 2113 2113 2113 2113 2115 2115 2115 2115 2113 2113 2113 2113 2112 2112 2112 2112 2115 2115 2115 2115 2114 2114 2114 2114 2113 2113 2113 2113 2112 2112 2112 2112 2116 2116 2116 2116 2115 2115 2115 2115 2117 2117 2117 2117 2114 2114 2114 2114 2115 2115 2115 2115 2116 2116 2116 2116 2118 2118 2118 2118 2115 2115 2115 2115 2118 2118 2118 2118 2117 2117 2117 2117 2115 2115 2115 2115 2116 2116 2116 2116 2119 2119 2119 2119 2118 2118 2118 2118 2118 2118 2118 2118 2120 2120 2120 2120 2117 2117 2117 2117 2119 2119 2119 2119 2121 2121 2121 2121 2118 2118 2118 2118 2118 2118 2118 2118 2122 2122 2122 2122 2120 2120 2120 2120 2118 2118 2118 2118 2121 2121 2121 2121 2123 2123 2123 2123 2122 2122 2122 2122 2118 2118 2118 2118 2123 2123 2123 2123 2124 2124 2124 2124 2125 2125 2125 2125 2126 2126 2126 2126 2124 2124 2124 2124 2126 2126 2126 2126 2127 2127 2127 2127 2125 2125 2125 2125 2128 2128 2128 2128 2126 2126 2126 2126 2126 2126 2126 2126 2129 2129 2129 2129 2127 2127 2127 2127 2126 2126 2126 2126 2128 2128 2128 2128 2130 2130 2130 2130 2126 2126 2126 2126 2130 2130 2130 2130 2129 2129 2129 2129 2128 2128 2128 2128 2131 2131 2131 2131 2130 2130 2130 2130 2130 2130 2130 2130 2132 2132 2132 2132 2129 2129 2129 2129 2131 2131 2131 2131 2133 2133 2133 2133 2130 2130 2130 2130 2134 2134 2134 2134 2132 2132 2132 2132 2130 2130 2130 2130 2133 2133 2133 2133 2135 2135 2135 2135 2130 2130 2130 2130 2135 2135 2135 2135 2134 2134 2134 2134 2130 2130 2130 2130 2135 2135 2135 2135 2133 2133 2133 2133 2136 2136 2136 2136 2137 2137 2137 2137 2134 2134 2134 2134 2135 2135 2135 2135 2137 2137 2137 2137 2135 2135 2135 2135 2136 2136 2136 2136 2134 2134 2134 2134 2137 2137 2137 2137 2138 2138 2138 2138 2136 2136 2136 2136 2139 2139 2139 2139 2137 2137 2137 2137 2137 2137 2137 2137 2140 2140 2140 2140 2138 2138 2138 2138 2139 2139 2139 2139 2140 2140 2140 2140 2137 2137 2137 2137 2141 2141 2141 2141 2138 2138 2138 2138 2140 2140 2140 2140 2140 2140 2140 2140 2139 2139 2139 2139 2142 2142 2142 2142 2143 2143 2143 2143 2141 2141 2141 2141 2140 2140 2140 2140 2140 2140 2140 2140 2142 2142 2142 2142 2144 2144 2144 2144 2145 2145 2145 2145 2143 2143 2143 2143 2140 2140 2140 2140 2144 2144 2144 2144 2145 2145 2145 2145 2140 2140 2140 2140</p>
        </triangles>
      </mesh>
    </geometry>
    <geometry id="geom-Hed_EYE028_1__M_EYE028_lens" name="Hed_EYE028_1__M_EYE028_lens">
      <mesh>
        <source id="geom-Hed_EYE028_1__M_EYE028_lens-positions">
          <float_array id="geom-Hed_EYE028_1__M_EYE028_lens-positions-array" count="624">0.2093506 -0.2374268 0.262207 0.2080078 -0.2352295 0.2276611 0.1760254 -0.2440186 0.2587891 0.177002 -0.2406006 0.2824707 0.1757812 -0.2449951 0.2280273 0.1967773 -0.2352295 0.1992187 0.1431885 -0.2498779 0.2587891 0.1431885 -0.2453613 0.2866211 0.105835 -0.2473145 0.2866211 0.1761475 -0.2424316 0.1998291 0.1765137 -0.2353516 0.1757812 0.105835 -0.2519531 0.2587891 0.06774902 -0.2489014 0.2836914 0.1431885 -0.2493896 0.1998291 0.1414795 -0.2407227 0.1607666 0.1431885 -0.2512207 0.2280273 0.1049805 -0.2507324 0.1998291 0.1057129 -0.2429199 0.1604004 0.06488037 -0.2442627 0.173584 0.1055908 -0.2531738 0.2280273 0.0657959 -0.2496338 0.1986084 0.04528809 -0.2479248 0.1986084 0.06671143 -0.2521973 0.2280273 0.03439331 -0.2480469 0.2280273 0.03683472 -0.2478027 0.2590332 0.06774902 -0.2514648 0.2587891 0.2080078 -0.2362061 0.2276611 0.2093506 -0.2384033 0.262207 0.1760254 -0.2451172 0.2587891 0.1768799 -0.2416992 0.2824707 0.1757812 -0.2460937 0.2280273 0.1966553 -0.2362061 0.1992187 0.1431885 -0.2509766 0.2587891 0.1431885 -0.2463379 0.2866211 0.105835 -0.2484131 0.2866211 0.1761475 -0.2435303 0.1998291 0.1765137 -0.2364502 0.1757812 0.105835 -0.2529297 0.2587891 0.06774902 -0.25 0.2836914 0.1431885 -0.2504883 0.1998291 0.1414795 -0.2416992 0.1607666 0.1431885 -0.2521973 0.2280273 0.1049805 -0.251709 0.1998291 0.1057129 -0.2438965 0.1604004 0.1055908 -0.2541504 0.2280273 0.06488037 -0.2453613 0.173584 0.06774902 -0.2524414 0.2587891 0.03683472 -0.2487793 0.2590332 0.06671143 -0.2531738 0.2280273 0.03439331 -0.2490234 0.2280273 0.04528809 -0.2490234 0.1986084 0.0657959 -0.2504883 0.1986084 -0.2080078 -0.2352295 0.2276611 -0.2093506 -0.2374268 0.262207 -0.1760254 -0.2440186 0.2587891 -0.177002 -0.2406006 0.2824707 -0.1757812 -0.2449951 0.2280273 -0.1967773 -0.2352295 0.1992187 -0.1431885 -0.2498779 0.2587891 -0.1431885 -0.2453613 0.2866211 -0.105835 -0.2473145 0.2866211 -0.1761475 -0.2424316 0.1998291 -0.1765137 -0.2353516 0.1757812 -0.105835 -0.2519531 0.2587891 -0.06774902 -0.2489014 0.2836914 -0.1431885 -0.2493896 0.1998291 -0.1414795 -0.2407227 0.1607666 -0.1431885 -0.2512207 0.2280273 -0.1049805 -0.2507324 0.1998291 -0.1057129 -0.2429199 0.1604004 -0.1055908 -0.2531738 0.2280273 -0.06488037 -0.2442627 0.173584 -0.06774902 -0.2514648 0.2587891 -0.03683472 -0.2478027 0.2590332 -0.06671143 -0.2521973 0.2280273 -0.03439331 -0.2480469 0.2280273 -0.04528809 -0.2479248 0.1986084 -0.0657959 -0.2496338 0.1986084 -0.2093506 -0.2384033 0.262207 -0.2080078 -0.2362061 0.2276611 -0.1760254 -0.2451172 0.2587891 -0.1768799 -0.2416992 0.2824707 -0.1757812 -0.2460937 0.2280273 -0.1966553 -0.2362061 0.1992187 -0.1431885 -0.2509766 0.2587891 -0.1431885 -0.2463379 0.2866211 -0.105835 -0.2484131 0.2866211 -0.1761475 -0.2435303 0.1998291 -0.1765137 -0.2364502 0.1757812 -0.105835 -0.2529297 0.2587891 -0.06774902 -0.25 0.2836914 -0.1431885 -0.2504883 0.1998291 -0.1414795 -0.2416992 0.1607666 -0.1431885 -0.2521973 0.2280273 -0.1049805 -0.251709 0.1998291 -0.1057129 -0.2438965 0.1604004 -0.06488037 -0.2453613 0.173584 -0.1055908 -0.2541504 0.2280273 -0.06774902 -0.2524414 0.2587891 -0.03683472 -0.2487793 0.2590332 -0.06671143 -0.2531738 0.2280273 -0.03439331 -0.2490234 0.2280273 -0.04528809 -0.2490234 0.1986084 -0.0657959 -0.2504883 0.1986084 0.03439331 -0.2480469 0.2280273 0.03683472 -0.2478027 0.2590332 0.06671143 -0.2529297 0.2280273 0.04519653 -0.2491455 0.1984863 0.06768799 -0.2497559 0.2841797 0.1433105 -0.2507324 0.199707 0.06488037 -0.2442627 0.173584 0.1057129 -0.2429199 0.1604004 0.1414795 -0.2407227 0.1607666 0.1765137 -0.2353516 0.1757812 0.1970215 -0.2358398 0.1989746 0.208374 -0.2363281 0.2275391 0.1433105 -0.2509766 0.2587891 0.2093506 -0.2373047 0.262207 0.1431885 -0.2452393 0.2871094 0.177002 -0.2406006 0.2824707 0.03683472 -0.2487793 0.2590332 0.03439331 -0.2490234 0.2280273 0.06671143 -0.2541504 0.2280273 0.06768799 -0.2507324 0.2841797 0.04519653 -0.25 0.1984863 0.1433105 -0.2519531 0.2587891 0.1431885 -0.2463379 0.2871094 0.1768799 -0.2416992 0.2824707 0.2093506 -0.2384033 0.262207 0.208252 -0.2374268 0.2275391 0.1433105 -0.251709 0.199707 0.06488037 -0.2453613 0.173584 0.1968994 -0.2369385 0.1989746 0.1057129 -0.2438965 0.1604004 0.1765137 -0.2364502 0.1757812 0.1414795 -0.2416992 0.1607666 -0.03683472 -0.2478027 0.2590332 -0.03439331 -0.2480469 0.2280273 -0.06671143 -0.2529297 0.2280273 -0.06768799 -0.2497559 0.2841797 -0.04519653 -0.2491455 0.1984863 -0.1433105 -0.2509766 0.2587891 -0.1431885 -0.2452393 0.2871094 -0.177002 -0.2406006 0.2824707 -0.2093506 -0.2373047 0.262207 -0.208374 -0.2363281 0.2275391 -0.1433105 -0.2507324 0.199707 -0.06488037 -0.2442627 0.173584 -0.1970215 -0.2358398 0.1989746 -0.1057129 -0.2429199 0.1604004 -0.1765137 -0.2353516 0.1757812 -0.1414795 -0.2407227 0.1607666 -0.03439331 -0.2490234 0.2280273 -0.03683472 -0.2487793 0.2590332 -0.06671143 -0.2541504 0.2280273 -0.04519653 -0.25 0.1984863 -0.06768799 -0.2507324 0.2841797 -0.1433105 -0.251709 0.199707 -0.06488037 -0.2453613 0.173584 -0.1057129 -0.2438965 0.1604004 -0.1414795 -0.2416992 0.1607666 -0.1765137 -0.2364502 0.1757812 -0.1968994 -0.2369385 0.1989746 -0.208252 -0.2374268 0.2275391 -0.1433105 -0.2519531 0.2587891 -0.2093506 -0.2384033 0.262207 -0.1431885 -0.2463379 0.2871094 -0.1768799 -0.2416992 0.2824707 0.03384399 -0.2504883 0.2277832 0.03683472 -0.2478027 0.2590332 0.06781006 -0.2519531 0.284668 0.1434326 -0.2521973 0.199585 0.06420898 -0.2452393 0.1717529 0.1772461 -0.243042 0.2836914 0.1411133 -0.2407227 0.1589355 0.2094727 -0.2375488 0.262207 0.1772461 -0.2357178 0.175293 0.2087402 -0.2354736 0.2271729 0.03384399 -0.2514648 0.2277832 0.06781006 -0.2529297 0.284668 0.03683472 -0.2487793 0.2590332 0.1434326 -0.253418 0.199585 0.06420898 -0.2463379 0.1717529 0.1772461 -0.2441406 0.2836914 0.1411133 -0.2418213 0.1589355 0.2093506 -0.2385254 0.262207 0.1772461 -0.2368164 0.175293 0.2087402 -0.2365723 0.2271729 -0.03384399 -0.2504883 0.2277832 -0.06781006 -0.2519531 0.284668 -0.03683472 -0.2478027 0.2590332 -0.1434326 -0.2521973 0.199585 -0.06420898 -0.2452393 0.1717529 -0.1772461 -0.243042 0.2836914 -0.1411133 -0.2407227 0.1589355 -0.2094727 -0.2375488 0.262207 -0.1772461 -0.2357178 0.175293 -0.2087402 -0.2354736 0.2271729 -0.03384399 -0.2514648 0.2277832 -0.03683472 -0.2487793 0.2590332 -0.06781006 -0.2529297 0.284668 -0.1434326 -0.253418 0.199585 -0.06420898 -0.2463379 0.1717529 -0.1772461 -0.2441406 0.2836914 -0.1411133 -0.2418213 0.1589355 -0.2093506 -0.2385254 0.262207 -0.1772461 -0.2368164 0.175293 -0.2087402 -0.2365723 0.2271729</float_array>
          <technique_common>
            <accessor source="#geom-Hed_EYE028_1__M_EYE028_lens-positions-array" count="208" stride="3">
              <param name="X" type="float"/>
              <param name="Y" type="float"/>
              <param name="Z" type="float"/>
            </accessor>
          </technique_common>
        </source>
        <source id="geom-Hed_EYE028_1__M_EYE028_lens-normals">
          <float_array id="geom-Hed_EYE028_1__M_EYE028_lens-normals-array" count="312">-0.2365505 0.9716173 0.001955037 -0.2660856 0.9626063 0.0508696 -0.1995832 0.978348 -0.0547886 -0.1683769 0.9750172 -0.1448808 -0.2271503 0.9732217 0.0352472 -0.3072706 0.9433426 0.1252576 -0.1075819 0.9897529 -0.09388924 -0.1017644 0.9824118 -0.1565604 -0.03131481 0.9883795 -0.1487464 -0.244531 0.9566067 0.1584559 -0.2311231 0.9421219 0.2428756 -0.02347756 0.99584 -0.08804215 0.01368972 0.9915401 -0.1290771 -0.121264 0.9798961 0.158426 -0.1115621 0.9688338 0.2211676 -0.1134218 0.9934238 0.01564474 -0.009790061 0.988817 0.1488119 -0.01761318 0.9785016 0.2054856 0.03132669 0.9789535 0.2016647 -0.01173841 0.9997398 0.01956376 0.05084639 0.9895484 0.1349387 0.1057401 0.9908226 0.08420047 0.06455556 0.997682 0.02151877 0.1194461 0.9927711 0.0117481 0.1232439 0.9918191 -0.03325644 0.05090091 0.996483 -0.06656354 0.2679037 -0.9621032 -0.05084281 0.2370006 -0.9715075 -0.001958006 0.1995827 -0.9783481 0.05478845 0.1683769 -0.9750172 0.1448808 0.2289906 -0.9727181 -0.03718585 0.3090429 -0.9427736 -0.1251818 0.1075819 -0.9897529 0.09388924 0.1017644 -0.9824118 0.1565604 0.03131481 -0.9883795 0.1487464 0.244531 -0.9566067 -0.1584559 0.2311231 -0.9421219 -0.2428756 0.02347756 -0.99584 0.08804215 -0.01368972 -0.9915401 0.1290771 0.1212644 -0.9798959 -0.1584264 0.1115616 -0.968834 -0.2211667 0.1134216 -0.9934238 -0.01564471 0.009790061 -0.988817 -0.1488119 0.0176131 -0.9785018 -0.2054847 0.01173843 -0.9997398 -0.01956379 -0.03132673 -0.9789535 -0.201665 -0.05090076 -0.996483 0.06656334 -0.1232439 -0.9918191 0.03325644 -0.06455566 -0.9976821 -0.0215188 -0.1194457 -0.9927712 -0.01174807 -0.1057401 -0.9908226 -0.08420047 -0.05084654 -0.9895484 -0.1349391 0.2660856 0.9626063 0.0508696 0.2365505 0.9716173 0.001955037 0.1995832 0.978348 -0.0547886 0.1683769 0.9750172 -0.1448808 0.2271503 0.9732217 0.0352472 0.3072706 0.9433426 0.1252576 0.1075819 0.9897529 -0.09388924 0.1017644 0.9824118 -0.1565604 0.03131481 0.9883795 -0.1487464 0.244531 0.9566067 0.1584559 0.2311231 0.9421219 0.2428756 0.02347756 0.99584 -0.08804215 -0.01368972 0.9915401 -0.1290771 0.121264 0.9798961 0.158426 0.1115621 0.9688338 0.2211676 0.1134218 0.9934238 0.01564474 0.009790061 0.988817 0.1488119 0.01761318 0.9785016 0.2054856 0.01173841 0.9997398 0.01956376 -0.03132669 0.9789535 0.2016647 -0.05090091 0.996483 -0.06656354 -0.1232439 0.9918191 -0.03325644 -0.06455556 0.997682 0.02151877 -0.1194461 0.9927711 0.0117481 -0.1057401 0.9908226 0.08420047 -0.05084639 0.9895484 0.1349387 -0.2370006 -0.9715075 -0.001958006 -0.2679037 -0.9621032 -0.05084281 -0.1995827 -0.9783481 0.05478845 -0.1683769 -0.9750172 0.1448808 -0.2289906 -0.9727181 -0.03718585 -0.3090429 -0.9427736 -0.1251818 -0.1075819 -0.9897529 0.09388924 -0.1017644 -0.9824118 0.1565604 -0.03131481 -0.9883795 0.1487464 -0.244531 -0.9566067 -0.1584559 -0.2311231 -0.9421219 -0.2428756 -0.02347756 -0.99584 0.08804215 0.01368972 -0.9915401 0.1290771 -0.1212644 -0.9798959 -0.1584264 -0.1115616 -0.968834 -0.2211667 -0.1134216 -0.9934238 -0.01564471 -0.009790061 -0.988817 -0.1488119 -0.0176131 -0.9785018 -0.2054847 0.03132673 -0.9789535 -0.201665 -0.01173843 -0.9997398 -0.01956379 0.05090076 -0.996483 0.06656334 0.1232439 -0.9918191 0.03325644 0.06455566 -0.9976821 -0.0215188 0.1194457 -0.9927712 -0.01174807 0.1057401 -0.9908226 -0.08420047 0.05084654 -0.9895484 -0.1349391</float_array>
          <technique_common>
            <accessor source="#geom-Hed_EYE028_1__M_EYE028_lens-normals-array" count="104" stride="3">
              <param name="X" type="float"/>
              <param name="Y" type="float"/>
              <param name="Z" type="float"/>
            </accessor>
          </technique_common>
        </source>
        <source id="geom-Hed_EYE028_1__M_EYE028_lens-map-2">
          <float_array id="geom-Hed_EYE028_1__M_EYE028_lens-map-2-array" count="624">1 1 1 1 1 1 1 1 1 1 1 1 1 1 1 1 1 1 1 1 1 1 1 1 1 1 1 1 1 1 1 1 1 1 1 1 1 1 1 1 1 1 1 1 1 1 1 1 1 1 1 1 1 1 1 1 1 1 1 1 1 1 1 1 1 1 1 1 1 1 1 1 1 1 1 1 1 1 1 1 1 1 1 1 1 1 1 1 1 1 1 1 1 1 1 1 1 1 1 1 1 1 1 1 1 1 1 1 1 1 1 1 1 1 1 1 1 1 1 1 1 1 1 1 1 1 1 1 1 1 1 1 1 1 1 1 1 1 1 1 1 1 1 1 1 1 1 1 1 1 1 1 1 1 1 1 1 1 1 1 1 1 1 1 1 1 1 1 1 1 1 1 1 1 1 1 1 1 1 1 1 1 1 1 1 1 1 1 1 1 1 1 1 1 1 1 1 1 1 1 1 1 1 1 1 1 1 1 1 1 1 1 1 1 1 1 1 1 1 1 1 1 1 1 1 1 1 1 1 1 1 1 1 1 1 1 1 1 1 1 1 1 1 1 1 1 1 1 1 1 1 1 1 1 1 1 1 1 1 1 1 1 1 1 1 1 1 1 1 1 1 1 1 1 1 1 1 1 1 1 1 1 1 1 1 1 1 1 1 1 1 1 1 1 1 1 1 1 1 1 1 1 1 1 1 1 1 1 1 1 1 1 1 1 1 1 1 1 1 1 1 1 1 1 1 1 1 1 1 1 1 1 1 1 1 1 1 1 1 1 1 1 1 1 1 1 1 1 1 1 1 1 1 1 1 1 1 1 1 1 1 1 1 1 1 1 1 1 1 1 1 1 1 1 1 1 1 1 1 1 1 1 1 1 1 1 1 1 1 1 1 1 1 1 1 1 1 1 1 1 1 1 1 1 1 1 1 1 1 1 1 1 1 1 1 1 1 1 1 1 1 1 1 1 1 1 1 1 1 1 1 1 1 1 1 1 1 1 1 1 1 1 1 1 1 1 1 1 1 1 1 1 1 1 1 1 1 1 1 1 1 1 1 1 1 1 1 1 1 1 1 1 1 1 1 1 1 1 1 1 1 1 1 1 1 1 1 1 1 1 1 1 1 1 1 1 1 1 1 1 1 1 1 1 1 1 1 1 1 1 1 1 1 1 1 1 1 1 1 1 1 1 1 1 1 1 1 1 1 1 1 1 1 1 1 1 1 1 1 1 1 1 1 1 1 1 1 1 1 1 1 1 1 1 1 1 1 1 1 1 1 1 1 1 1 1 1 1 1 1 1 1 1 1 1 1 1 1 1 1 1 1 1 1 1 1 1 1 1 1 1 1 1 1 1 1 1 1 1 1 1 1 1 1 1 1 1 1 1 1 1 1 1 1 1 1 1 1 1 1 1 1 1 1</float_array>
          <technique_common>
            <accessor source="#geom-Hed_EYE028_1__M_EYE028_lens-map-2-array" count="208" stride="3">
              <param name="R" type="float"/>
              <param name="G" type="float"/>
              <param name="B" type="float"/>
            </accessor>
          </technique_common>
        </source>
        <source id="geom-Hed_EYE028_1__M_EYE028_lens-map0">
          <float_array id="geom-Hed_EYE028_1__M_EYE028_lens-map0-array" count="624">1 1 1 1 1 1 1 1 1 1 1 1 1 1 1 1 1 1 1 1 1 1 1 1 1 1 1 1 1 1 1 1 1 1 1 1 1 1 1 1 1 1 1 1 1 1 1 1 1 1 1 1 1 1 1 1 1 1 1 1 1 1 1 1 1 1 1 1 1 1 1 1 1 1 1 1 1 1 1 1 1 1 1 1 1 1 1 1 1 1 1 1 1 1 1 1 1 1 1 1 1 1 1 1 1 1 1 1 1 1 1 1 1 1 1 1 1 1 1 1 1 1 1 1 1 1 1 1 1 1 1 1 1 1 1 1 1 1 1 1 1 1 1 1 1 1 1 1 1 1 1 1 1 1 1 1 1 1 1 1 1 1 1 1 1 1 1 1 1 1 1 1 1 1 1 1 1 1 1 1 1 1 1 1 1 1 1 1 1 1 1 1 1 1 1 1 1 1 1 1 1 1 1 1 1 1 1 1 1 1 1 1 1 1 1 1 1 1 1 1 1 1 1 1 1 1 1 1 1 1 1 1 1 1 1 1 1 1 1 1 1 1 1 1 1 1 1 1 1 1 1 1 1 1 1 1 1 1 1 1 1 1 1 1 1 1 1 1 1 1 1 1 1 1 1 1 1 1 1 1 1 1 1 1 1 1 1 1 1 1 1 1 1 1 1 1 1 1 1 1 1 1 1 1 1 1 1 1 1 1 1 1 1 1 1 1 1 1 1 1 1 1 1 1 1 1 1 1 1 1 1 1 1 1 1 1 1 1 1 1 1 1 1 1 1 1 1 1 1 1 1 1 1 1 1 1 1 1 1 1 1 1 1 1 1 1 1 1 1 1 1 1 1 1 1 1 1 1 1 1 1 1 1 1 1 1 1 1 1 1 1 1 1 1 1 1 1 1 1 1 1 1 1 1 1 1 1 1 1 1 1 1 1 1 1 1 1 1 1 1 1 1 1 1 1 1 1 1 1 1 1 1 1 1 1 1 1 1 1 1 1 1 1 1 1 1 1 1 1 1 1 1 1 1 1 1 1 1 1 1 1 1 1 1 1 1 1 1 1 1 1 1 1 1 1 1 1 1 1 1 1 1 1 1 1 1 1 1 1 1 1 1 1 1 1 1 1 1 1 1 1 1 1 1 1 1 1 1 1 1 1 1 1 1 1 1 1 1 1 1 1 1 1 1 1 1 1 1 1 1 1 1 1 1 1 1 1 1 1 1 1 1 1 1 1 1 1 1 1 1 1 1 1 1 1 1 1 1 1 1 1 1 1 1 1 1 1 1 1 1 1 1 1 1 1 1 1 1 1 1 1 1 1 1 1 1 1 1 1 1 1 1 1 1 1 1 1 1 1 1 1 1 1 1 1 1 1 1 1 1 1 1 1 1 1 1 1 1 1 1 1 1 1 1</float_array>
          <technique_common>
            <accessor source="#geom-Hed_EYE028_1__M_EYE028_lens-map0-array" count="208" stride="3">
              <param name="R" type="float"/>
              <param name="G" type="float"/>
              <param name="B" type="float"/>
            </accessor>
          </technique_common>
        </source>
        <source id="geom-Hed_EYE028_1__M_EYE028_lens-map1">
          <float_array id="geom-Hed_EYE028_1__M_EYE028_lens-map1-array" count="624">0.2392462 0.1375753 0 0.1892119 0.1381399 0 0.2338445 0.186038 0 0.2678416 0.1843442 0 0.1899596 0.1864958 0 0.147509 0.1541771 0 0.233463 0.2330663 0 0.273106 0.2328374 0 0.2727703 0.2854658 0 0.1495842 0.1857328 0 0.1133898 0.1839933 0 0.2333867 0.2852979 0 0.2674449 0.3383383 0 0.1506828 0.2333257 0 0.09398031 0.2358129 0 0.19028 0.2333105 0 0.1512932 0.2868086 0 0.09478904 0.2866407 0 0.1146258 0.3435721 0 0.1904784 0.2857557 0 0.1502861 0.3413138 0 0.1507439 0.3697872 0 0.1909361 0.3393149 0 0.1913481 0.383917 0 0.2336156 0.3803311 0 0.2332036 0.3379416 0 0.1892119 0.1381399 0 0.2392462 0.1375753 0 0.2338445 0.186038 0 0.2678416 0.1843442 0 0.1899596 0.1864958 0 0.147509 0.1541771 0 0.233463 0.2330663 0 0.273106 0.2328374 0 0.2727703 0.2854658 0 0.1495842 0.1857328 0 0.1133898 0.1839933 0 0.2333867 0.2852979 0 0.2674449 0.3383383 0 0.1506828 0.2333257 0 0.09398031 0.2358129 0 0.19028 0.2333105 0 0.1512932 0.2868086 0 0.09478904 0.2866407 0 0.1904784 0.2857557 0 0.1146258 0.3435721 0 0.2332036 0.3379416 0 0.2336156 0.3803311 0 0.1909361 0.3393149 0 0.1913481 0.383917 0 0.1507439 0.3697872 0 0.1502861 0.3413138 0 0.1892119 0.1381399 0 0.2392462 0.1375753 0 0.2338445 0.186038 0 0.2678416 0.1843442 0 0.1899596 0.1864958 0 0.147509 0.1541771 0 0.233463 0.2330663 0 0.273106 0.2328374 0 0.2727703 0.2854658 0 0.1495842 0.1857328 0 0.1133898 0.1839933 0 0.2333867 0.2852979 0 0.2674449 0.3383383 0 0.1506828 0.2333257 0 0.09398031 0.2358129 0 0.19028 0.2333105 0 0.1512932 0.2868086 0 0.09478904 0.2866407 0 0.1904784 0.2857557 0 0.1146258 0.3435721 0 0.2332036 0.3379416 0 0.2336156 0.3803311 0 0.1909361 0.3393149 0 0.1913481 0.383917 0 0.1507439 0.3697872 0 0.1502861 0.3413138 0 0.2392462 0.1375753 0 0.1892119 0.1381399 0 0.2338445 0.186038 0 0.2678416 0.1843442 0 0.1899596 0.1864958 0 0.147509 0.1541771 0 0.233463 0.2330663 0 0.273106 0.2328374 0 0.2727703 0.2854658 0 0.1495842 0.1857328 0 0.1133898 0.1839933 0 0.2333867 0.2852979 0 0.2674449 0.3383383 0 0.1506828 0.2333257 0 0.09398031 0.2358129 0 0.19028 0.2333105 0 0.1512932 0.2868086 0 0.09478904 0.2866407 0 0.1146258 0.3435721 0 0.1904784 0.2857557 0 0.2332036 0.3379416 0 0.2336156 0.3803311 0 0.1909361 0.3393149 0 0.1913481 0.383917 0 0.1507439 0.3697872 0 0.1502861 0.3413138 0 0.1913481 0.383917 0 0.2336156 0.3803311 0 0.1909361 0.3393149 0 0.1507439 0.3697872 0 0.2674449 0.3383383 0 0.1506828 0.2333257 0 0.1146258 0.3435721 0 0.09478904 0.2866407 0 0.09398031 0.2358129 0 0.1133898 0.1839933 0 0.147509 0.1541771 0 0.1892119 0.1381399 0 0.233463 0.2330663 0 0.2392462 0.1375753 0 0.273106 0.2328374 0 0.2678416 0.1843442 0 0.2336156 0.3803311 0 0.1913481 0.383917 0 0.1909361 0.3393149 0 0.2674449 0.3383383 0 0.1507439 0.3697872 0 0.233463 0.2330663 0 0.273106 0.2328374 0 0.2678416 0.1843442 0 0.2392462 0.1375753 0 0.1892119 0.1381399 0 0.1506828 0.2333257 0 0.1146258 0.3435721 0 0.147509 0.1541771 0 0.09478904 0.2866407 0 0.1133898 0.1839933 0 0.09398031 0.2358129 0 0.2336156 0.3803311 0 0.1913481 0.383917 0 0.1909361 0.3393149 0 0.2674449 0.3383383 0 0.1507439 0.3697872 0 0.233463 0.2330663 0 0.273106 0.2328374 0 0.2678416 0.1843442 0 0.2392462 0.1375753 0 0.1892119 0.1381399 0 0.1506828 0.2333257 0 0.1146258 0.3435721 0 0.147509 0.1541771 0 0.09478904 0.2866407 0 0.1133898 0.1839933 0 0.09398031 0.2358129 0 0.1913481 0.383917 0 0.2336156 0.3803311 0 0.1909361 0.3393149 0 0.1507439 0.3697872 0 0.2674449 0.3383383 0 0.1506828 0.2333257 0 0.1146258 0.3435721 0 0.09478904 0.2866407 0 0.09398031 0.2358129 0 0.1133898 0.1839933 0 0.147509 0.1541771 0 0.1892119 0.1381399 0 0.233463 0.2330663 0 0.2392462 0.1375753 0 0.273106 0.2328374 0 0.2678416 0.1843442 0 0.1913481 0.383917 0 0.2336156 0.3803311 0 0.2674449 0.3383383 0 0.1506828 0.2333257 0 0.1146258 0.3435721 0 0.2678416 0.1843442 0 0.09398031 0.2358129 0 0.2392462 0.1375753 0 0.1133898 0.1839933 0 0.1892119 0.1381399 0 0.1913481 0.383917 0 0.2674449 0.3383383 0 0.2336156 0.3803311 0 0.1506828 0.2333257 0 0.1146258 0.3435721 0 0.2678416 0.1843442 0 0.09398031 0.2358129 0 0.2392462 0.1375753 0 0.1133898 0.1839933 0 0.1892119 0.1381399 0 0.1913481 0.383917 0 0.2674449 0.3383383 0 0.2336156 0.3803311 0 0.1506828 0.2333257 0 0.1146258 0.3435721 0 0.2678416 0.1843442 0 0.09398031 0.2358129 0 0.2392462 0.1375753 0 0.1133898 0.1839933 0 0.1892119 0.1381399 0 0.1913481 0.383917 0 0.2336156 0.3803311 0 0.2674449 0.3383383 0 0.1506828 0.2333257 0 0.1146258 0.3435721 0 0.2678416 0.1843442 0 0.09398031 0.2358129 0 0.2392462 0.1375753 0 0.1133898 0.1839933 0 0.1892119 0.1381399 0</float_array>
          <technique_common>
            <accessor source="#geom-Hed_EYE028_1__M_EYE028_lens-map1-array" count="208" stride="3">
              <param name="S" type="float"/>
              <param name="T" type="float"/>
              <param name="P" type="float"/>
            </accessor>
          </technique_common>
        </source>
        <vertices id="geom-Hed_EYE028_1__M_EYE028_lens-vertices">
          <input semantic="POSITION" source="#geom-Hed_EYE028_1__M_EYE028_lens-positions"/>
        </vertices>
        <triangles material="M_EYE028_lens" count="144">
          <input semantic="VERTEX" source="#geom-Hed_EYE028_1__M_EYE028_lens-vertices" offset="0"/>
          <input semantic="NORMAL" source="#geom-Hed_EYE028_1__M_EYE028_lens-normals" offset="1"/>
          <input semantic="COLOR" source="#geom-Hed_EYE028_1__M_EYE028_lens-map0" offset="2" set="0"/>
          <input semantic="TEXCOORD" source="#geom-Hed_EYE028_1__M_EYE028_lens-map1" offset="3" set="0"/>
          <p>0 0 0 0 1 1 1 1 2 2 2 2 0 0 0 0 2 2 2 2 3 3 3 3 1 1 1 1 4 4 4 4 2 2 2 2 1 1 1 1 5 5 5 5 4 4 4 4 3 3 3 3 2 2 2 2 6 6 6 6 6 6 6 6 2 2 2 2 4 4 4 4 7 7 7 7 3 3 3 3 6 6 6 6 8 8 8 8 7 7 7 7 6 6 6 6 5 5 5 5 9 9 9 9 4 4 4 4 10 10 10 10 9 9 9 9 5 5 5 5 11 11 11 11 8 8 8 8 6 6 6 6 12 12 12 12 8 8 8 8 11 11 11 11 9 9 9 9 10 10 10 10 13 13 13 13 4 4 4 4 9 9 9 9 13 13 13 13 10 10 10 10 14 14 14 14 13 13 13 13 15 15 15 15 6 6 6 6 4 4 4 4 15 15 15 15 4 4 4 4 13 13 13 13 11 11 11 11 6 6 6 6 15 15 15 15 13 13 13 13 14 14 14 14 16 16 16 16 14 14 14 14 17 17 17 17 16 16 16 16 16 16 16 16 17 17 17 17 18 18 18 18 19 19 19 19 15 15 15 15 13 13 13 13 16 16 16 16 19 19 19 19 13 13 13 13 19 19 19 19 11 11 11 11 15 15 15 15 20 20 20 20 16 16 16 16 18 18 18 18 20 20 20 20 18 18 18 18 21 21 21 21 20 20 20 20 22 22 22 22 16 16 16 16 22 22 22 22 20 20 20 20 21 21 21 21 22 22 22 22 19 19 19 19 16 16 16 16 23 23 23 23 22 22 22 22 21 21 21 21 23 23 23 23 24 24 24 24 22 22 22 22 25 25 25 25 11 11 11 11 19 19 19 19 22 22 22 22 25 25 25 25 19 19 19 19 24 24 24 24 25 25 25 25 22 22 22 22 25 25 25 25 12 12 12 12 11 11 11 11 25 25 25 25 24 24 24 24 12 12 12 12 26 26 26 26 27 27 27 27 28 28 28 28 27 27 27 27 29 29 29 29 28 28 28 28 30 30 30 30 26 26 26 26 28 28 28 28 31 31 31 31 26 26 26 26 30 30 30 30 28 28 28 28 29 29 29 29 32 32 32 32 30 30 30 30 28 28 28 28 32 32 32 32 29 29 29 29 33 33 33 33 32 32 32 32 32 32 32 32 33 33 33 33 34 34 34 34 35 35 35 35 31 31 31 31 30 30 30 30 35 35 35 35 36 36 36 36 31 31 31 31 37 37 37 37 32 32 32 32 34 34 34 34 37 37 37 37 34 34 34 34 38 38 38 38 36 36 36 36 35 35 35 35 39 39 39 39 35 35 35 35 30 30 30 30 39 39 39 39 40 40 40 40 36 36 36 36 39 39 39 39 41 41 41 41 30 30 30 30 32 32 32 32 30 30 30 30 41 41 41 41 39 39 39 39 41 41 41 41 32 32 32 32 37 37 37 37 40 40 40 40 39 39 39 39 42 42 42 42 43 43 43 43 40 40 40 40 42 42 42 42 39 39 39 39 41 41 41 41 44 44 44 44 44 44 44 44 41 41 41 41 37 37 37 37 42 42 42 42 39 39 39 39 44 44 44 44 43 43 43 43 42 42 42 42 45 45 45 45 44 44 44 44 37 37 37 37 46 46 46 46 46 46 46 46 37 37 37 37 38 38 38 38 46 46 46 46 38 38 38 38 47 47 47 47 48 48 48 48 44 44 44 44 46 46 46 46 46 46 46 46 47 47 47 47 48 48 48 48 42 42 42 42 44 44 44 44 48 48 48 48 47 47 47 47 49 49 49 49 48 48 48 48 48 48 48 48 49 49 49 49 50 50 50 50 51 51 51 51 42 42 42 42 48 48 48 48 51 51 51 51 48 48 48 48 50 50 50 50 42 42 42 42 51 51 51 51 45 45 45 45 51 51 51 51 50 50 50 50 45 45 45 45 52 52 52 52 53 53 53 53 54 54 54 54 53 53 53 53 55 55 55 55 54 54 54 54 56 56 56 56 52 52 52 52 54 54 54 54 57 57 57 57 52 52 52 52 56 56 56 56 54 54 54 54 55 55 55 55 58 58 58 58 56 56 56 56 54 54 54 54 58 58 58 58 55 55 55 55 59 59 59 59 58 58 58 58 58 58 58 58 59 59 59 59 60 60 60 60 61 61 61 61 57 57 57 57 56 56 56 56 62 62 62 62 57 57 57 57 61 61 61 61 63 63 63 63 58 58 58 58 60 60 60 60 63 63 63 63 60 60 60 60 64 64 64 64 62 62 62 62 61 61 61 61 65 65 65 65 61 61 61 61 56 56 56 56 65 65 65 65 66 66 66 66 62 62 62 62 65 65 65 65 67 67 67 67 56 56 56 56 58 58 58 58 56 56 56 56 67 67 67 67 65 65 65 65 67 67 67 67 58 58 58 58 63 63 63 63 66 66 66 66 65 65 65 65 68 68 68 68 69 69 69 69 66 66 66 66 68 68 68 68 65 65 65 65 67 67 67 67 70 70 70 70 70 70 70 70 67 67 67 67 63 63 63 63 68 68 68 68 65 65 65 65 70 70 70 70 71 71 71 71 69 69 69 69 68 68 68 68 70 70 70 70 63 63 63 63 72 72 72 72 72 72 72 72 63 63 63 63 64 64 64 64 72 72 72 72 64 64 64 64 73 73 73 73 74 74 74 74 70 70 70 70 72 72 72 72 72 72 72 72 73 73 73 73 74 74 74 74 68 68 68 68 70 70 70 70 74 74 74 74 73 73 73 73 75 75 75 75 74 74 74 74 74 74 74 74 75 75 75 75 76 76 76 76 77 77 77 77 68 68 68 68 74 74 74 74 77 77 77 77 74 74 74 74 76 76 76 76 77 77 77 77 71 71 71 71 68 68 68 68 77 77 77 77 76 76 76 76 71 71 71 71 78 78 78 78 79 79 79 79 80 80 80 80 78 78 78 78 80 80 80 80 81 81 81 81 79 79 79 79 82 82 82 82 80 80 80 80 79 79 79 79 83 83 83 83 82 82 82 82 81 81 81 81 80 80 80 80 84 84 84 84 84 84 84 84 80 80 80 80 82 82 82 82 85 85 85 85 81 81 81 81 84 84 84 84 86 86 86 86 85 85 85 85 84 84 84 84 83 83 83 83 87 87 87 87 82 82 82 82 87 87 87 87 83 83 83 83 88 88 88 88 89 89 89 89 86 86 86 86 84 84 84 84 90 90 90 90 86 86 86 86 89 89 89 89 87 87 87 87 88 88 88 88 91 91 91 91 82 82 82 82 87 87 87 87 91 91 91 91 88 88 88 88 92 92 92 92 91 91 91 91 93 93 93 93 84 84 84 84 82 82 82 82 93 93 93 93 82 82 82 82 91 91 91 91 89 89 89 89 84 84 84 84 93 93 93 93 91 91 91 91 92 92 92 92 94 94 94 94 92 92 92 92 95 95 95 95 94 94 94 94 95 95 95 95 96 96 96 96 94 94 94 94 97 97 97 97 93 93 93 93 91 91 91 91 97 97 97 97 89 89 89 89 93 93 93 93 94 94 94 94 97 97 97 97 91 91 91 91 98 98 98 98 90 90 90 90 89 89 89 89 98 98 98 98 89 89 89 89 97 97 97 97 98 98 98 98 99 99 99 99 90 90 90 90 100 100 100 100 98 98 98 98 97 97 97 97 99 99 99 99 98 98 98 98 100 100 100 100 100 100 100 100 97 97 97 97 94 94 94 94 101 101 101 101 99 99 99 99 100 100 100 100 101 101 101 101 100 100 100 100 102 102 102 102 103 103 103 103 100 100 100 100 94 94 94 94 100 100 100 100 103 103 103 103 102 102 102 102 96 96 96 96 103 103 103 103 94 94 94 94 103 103 103 103 96 96 96 96 102 102 102 102</p>
        </triangles>
      </mesh>
    </geometry>
    <geometry id="geom-Hed_EYE028_1__M_EYE028_sunglasses" name="Hed_EYE028_1__M_EYE028_sunglasses">
      <mesh>
        <source id="geom-Hed_EYE028_1__M_EYE028_sunglasses-positions">
          <float_array id="geom-Hed_EYE028_1__M_EYE028_sunglasses-positions-array" count="876">-0.1611328 -0.3774414 0.3459473 -0.1607666 -0.3776855 0.340332 -0.1248779 -0.3815918 0.3444824 -0.125 -0.3813477 0.3500977 -0.09033203 -0.3791504 0.3466797 -0.09063721 -0.3789062 0.3525391 0.09063721 -0.3789062 0.3525391 0.09033203 -0.3791504 0.3466797 0.125 -0.3813477 0.3500977 0.1248779 -0.3815918 0.3444824 0.1611328 -0.3774414 0.3459473 0.1607666 -0.3776855 0.340332 -0.2028809 -0.2873535 0.3122559 -0.1917725 -0.2751465 0.3115234 -0.1787109 -0.2910156 0.3227539 -0.2076416 -0.3068848 0.315918 -0.1710205 -0.2670898 0.3129883 -0.1794434 -0.3269043 0.3310547 -0.203125 -0.3283691 0.3215332 -0.1921387 -0.3505859 0.328125 -0.1573486 -0.2905273 0.3273926 -0.1567383 -0.2641602 0.3146973 -0.1782227 -0.3532715 0.3349609 -0.1761475 -0.3706055 0.3361816 -0.1582031 -0.3261719 0.3371582 -0.1242676 -0.2907715 0.3308105 -0.1234741 -0.2619629 0.3178711 -0.0949707 -0.2631836 0.3198242 -0.1588135 -0.354248 0.3410645 -0.1607666 -0.3776855 0.340332 -0.124939 -0.326416 0.3408203 -0.125 -0.3549805 0.3444824 -0.1248779 -0.3815918 0.3444824 -0.09570312 -0.2912598 0.3317871 -0.09661865 -0.3269043 0.3415527 -0.09710693 -0.3554687 0.3457031 -0.09033203 -0.3791504 0.3466797 -0.06921387 -0.3708496 0.3459473 -0.06658936 -0.2932129 0.3317871 -0.05957031 -0.2675781 0.3215332 -0.04092407 -0.2836914 0.3254395 -0.03631592 -0.3054199 0.331543 -0.06848145 -0.3278809 0.3413086 -0.03875732 -0.3291016 0.3376465 -0.05105591 -0.3540039 0.3432617 -0.06896973 -0.355957 0.3457031 -0.2034912 -0.286377 0.317627 -0.1791992 -0.2897949 0.3283691 -0.1923828 -0.2736816 0.3168945 -0.208374 -0.3061523 0.3215332 -0.1713867 -0.265625 0.3183594 -0.1800537 -0.3261719 0.3366699 -0.2037354 -0.3278809 0.3271484 -0.1519775 -0.2895508 0.3334961 -0.1513672 -0.2624512 0.3205566 -0.1928711 -0.3500977 0.3337402 -0.1243896 -0.2897949 0.3361816 -0.1235962 -0.2607422 0.3232422 -0.09490967 -0.2617187 0.3251953 -0.152832 -0.3256836 0.3435059 -0.1787109 -0.3532715 0.3393555 -0.1765137 -0.3706055 0.3417969 -0.1533203 -0.354248 0.3474121 -0.1611328 -0.3774414 0.3459473 -0.125 -0.3813477 0.3500977 -0.125 -0.3256836 0.3464355 -0.1251221 -0.3547363 0.3500977 -0.09570312 -0.2900391 0.3374023 -0.09661865 -0.326416 0.347168 -0.09710693 -0.3552246 0.3513184 -0.09063721 -0.3789062 0.3525391 -0.06915283 -0.3703613 0.3515625 -0.06640625 -0.2922363 0.3376465 -0.05935669 -0.2663574 0.3271484 -0.04055786 -0.2824707 0.3312988 -0.0357666 -0.3044434 0.3371582 -0.06829834 -0.3273926 0.3469238 -0.03839111 -0.3286133 0.3432617 -0.05081177 -0.3537598 0.348877 -0.06884766 -0.3557129 0.3513184 0.2028809 -0.2873535 0.3122559 0.1787109 -0.2910156 0.3227539 0.1917725 -0.2751465 0.3115234 0.2076416 -0.3068848 0.315918 0.1710205 -0.2670898 0.3129883 0.1794434 -0.3269043 0.3310547 0.203125 -0.3283691 0.3215332 0.1921387 -0.3505859 0.328125 0.1573486 -0.2905273 0.3273926 0.1567383 -0.2641602 0.3146973 0.1782227 -0.3532715 0.3349609 0.1761475 -0.3706055 0.3361816 0.1582031 -0.3261719 0.3371582 0.1242676 -0.2907715 0.3308105 0.1234741 -0.2619629 0.3178711 0.0949707 -0.2631836 0.3198242 0.1588135 -0.354248 0.3410645 0.1607666 -0.3776855 0.340332 0.124939 -0.326416 0.3408203 0.125 -0.3549805 0.3444824 0.1248779 -0.3815918 0.3444824 0.09570312 -0.2912598 0.3317871 0.09661865 -0.3269043 0.3415527 0.09710693 -0.3554687 0.3457031 0.09033203 -0.3791504 0.3466797 0.06921387 -0.3708496 0.3459473 0.06658936 -0.2932129 0.3317871 0.05957031 -0.2675781 0.3215332 0.04092407 -0.2836914 0.3254395 0.03631592 -0.3054199 0.331543 0.06848145 -0.3278809 0.3413086 0.03875732 -0.3291016 0.3376465 0.05105591 -0.3540039 0.3432617 0.06896973 -0.355957 0.3457031 0.2034912 -0.286377 0.317627 0.1923828 -0.2736816 0.3168945 0.1791992 -0.2897949 0.3283691 0.208374 -0.3061523 0.3215332 0.1713867 -0.265625 0.3183594 0.1800537 -0.3261719 0.3366699 0.2037354 -0.3278809 0.3271484 0.1928711 -0.3500977 0.3337402 0.1519775 -0.2895508 0.3334961 0.1513672 -0.2624512 0.3205566 0.1787109 -0.3532715 0.3393555 0.1765137 -0.3706055 0.3417969 0.152832 -0.3256836 0.3435059 0.1243896 -0.2897949 0.3361816 0.1235962 -0.2607422 0.3232422 0.09490967 -0.2617187 0.3251953 0.1533203 -0.354248 0.3474121 0.1611328 -0.3774414 0.3459473 0.125 -0.3813477 0.3500977 0.125 -0.3256836 0.3464355 0.09570312 -0.2900391 0.3374023 0.1251221 -0.3547363 0.3500977 0.09710693 -0.3552246 0.3513184 0.09063721 -0.3789062 0.3525391 0.09661865 -0.326416 0.347168 0.06915283 -0.3703613 0.3515625 0.06640625 -0.2922363 0.3376465 0.05935669 -0.2663574 0.3271484 0.04055786 -0.2824707 0.3312988 0.0357666 -0.3044434 0.3371582 0.06829834 -0.3273926 0.3469238 0.03839111 -0.3286133 0.3432617 0.05081177 -0.3537598 0.348877 0.06884766 -0.3557129 0.3513184 -0.1612549 -0.3774414 0.3466797 -0.1607666 -0.3776855 0.340332 -0.1248779 -0.3815918 0.3444824 -0.125 -0.3813477 0.3505859 -0.09033203 -0.3791504 0.3466797 -0.09075928 -0.3789062 0.3537598 0.09075928 -0.3789062 0.3537598 0.09033203 -0.3791504 0.3466797 0.125 -0.3813477 0.3505859 0.1248779 -0.3815918 0.3444824 0.1612549 -0.3774414 0.3466797 0.1607666 -0.3776855 0.340332 -0.2028809 -0.2873535 0.3122559 -0.1918945 -0.2749023 0.3115234 -0.1787109 -0.2910156 0.3227539 -0.208252 -0.3071289 0.315918 -0.1568604 -0.2636719 0.3146973 -0.1795654 -0.3269043 0.3312988 -0.192749 -0.3508301 0.328125 -0.1762695 -0.3706055 0.3366699 -0.1574707 -0.2905273 0.3278809 -0.1234741 -0.2612305 0.3188477 -0.1589355 -0.354248 0.342041 -0.1607666 -0.3776855 0.340332 -0.125 -0.3259277 0.3425293 -0.05950928 -0.2668457 0.3227539 -0.04000854 -0.2832031 0.3269043 -0.03799438 -0.3288574 0.3391113 -0.05102539 -0.3540039 0.3444824 -0.125 -0.3549805 0.3449707 -0.1248779 -0.3815918 0.3444824 -0.06915283 -0.3708496 0.3461914 -0.09033203 -0.3791504 0.3466797 0.2028809 -0.2873535 0.3122559 0.1787109 -0.2910156 0.3227539 0.1918945 -0.2749023 0.3115234 0.208252 -0.3071289 0.315918 0.1568604 -0.2636719 0.3146973 0.1795654 -0.3269043 0.3312988 0.192749 -0.3508301 0.328125 0.1762695 -0.3706055 0.3366699 0.1574707 -0.2905273 0.3278809 0.1589355 -0.354248 0.342041 0.1607666 -0.3776855 0.340332 0.1244507 -0.2902832 0.3325195 0.1234741 -0.2614746 0.3178711 0.05953979 -0.2670898 0.3217773 0.04006958 -0.2832031 0.3269043 0.03790283 -0.3288574 0.3388672 0.05102539 -0.3537598 0.3459473 0.125 -0.3547363 0.345459 0.06915283 -0.3708496 0.3459473 0.1248779 -0.3815918 0.3444824 0.09033203 -0.3791504 0.3466797 0.2034912 -0.286377 0.317627 0.1923828 -0.2736816 0.3168945 0.1793213 -0.2897949 0.3286133 0.1715088 -0.2653809 0.3183594 0.2089844 -0.3061523 0.3217773 0.1235962 -0.2600098 0.3232422 0.1529541 -0.3254395 0.3452148 0.1934814 -0.3503418 0.3342285 0.1765137 -0.3706055 0.342041 0.1612549 -0.3774414 0.3466797 0.125 -0.3813477 0.3505859 0.09075928 -0.3789062 0.3537598 0.1243896 -0.2895508 0.3369141 0.05926514 -0.2658691 0.328125 0.0682373 -0.3271484 0.3479004 0.0690918 -0.3703613 0.3520508 0.03939819 -0.2824707 0.3312988 0.05081177 -0.3537598 0.348877 0.03741455 -0.3286133 0.3432617 -0.2034912 -0.286377 0.317627 -0.1793213 -0.2897949 0.3286133 -0.1923828 -0.2736816 0.3168945 -0.1715088 -0.2653809 0.3183594 -0.2089844 -0.3061523 0.3217773 -0.1235962 -0.2600098 0.3232422 -0.1243896 -0.2895508 0.3369141 -0.05926514 -0.2658691 0.328125 -0.1529541 -0.3254395 0.3452148 -0.1934814 -0.3503418 0.3342285 -0.1765137 -0.3706055 0.342041 -0.1612549 -0.3774414 0.3466797 -0.125 -0.3813477 0.3505859 -0.09075928 -0.3789062 0.3537598 -0.0682373 -0.3271484 0.3479004 -0.0690918 -0.3703613 0.3520508 -0.03939819 -0.2824707 0.3312988 -0.05081177 -0.3537598 0.348877 -0.03741455 -0.3286133 0.3432617 -0.090271 -0.3811035 0.3522949 -0.1612549 -0.3791504 0.345459 -0.124939 -0.3818359 0.3447266 0.09014893 -0.3811035 0.3522949 0.124939 -0.3818359 0.3447266 0.161377 -0.3791504 0.3452148 -0.192749 -0.2741699 0.3134766 -0.1773682 -0.3708496 0.3376465 -0.2091064 -0.307373 0.3156738 -0.1593018 -0.3540039 0.34375 -0.1612549 -0.3791504 0.345459 -0.1571045 -0.262207 0.3171387 -0.1251221 -0.3549805 0.345459 -0.124939 -0.3818359 0.3447266 -0.090271 -0.3811035 0.3522949 -0.04916382 -0.354248 0.3457031 -0.1248779 -0.2900391 0.3327637 -0.05944824 -0.2663574 0.3215332 -0.0385437 -0.2834473 0.3269043 0.1773682 -0.3708496 0.3374023 0.192627 -0.2741699 0.3134766 0.2091064 -0.307373 0.3156738 0.1594238 -0.3540039 0.3442383 0.161377 -0.3791504 0.3452148 0.124939 -0.3818359 0.3447266 0.09014893 -0.3811035 0.3522949 0.1571045 -0.262207 0.3168945 0.04931641 -0.354248 0.3459473 0.1248779 -0.2900391 0.3327637 0.05947876 -0.2663574 0.3215332 0.0385437 -0.2834473 0.3269043 -0.1535645 -0.324707 0.347168 -0.1932373 -0.2722168 0.317627 -0.2098389 -0.3063965 0.3215332 -0.1237183 -0.2592773 0.3239746 -0.1776123 -0.3710937 0.342041 -0.05923462 -0.2658691 0.3283691 -0.1612549 -0.3791504 0.345459 -0.0383606 -0.2822266 0.3334961 -0.090271 -0.3811035 0.3522949 -0.04888916 -0.3535156 0.3513184 0.2099609 -0.3063965 0.3215332 0.1932373 -0.2722168 0.317627 0.1530762 -0.324707 0.347168 0.1776123 -0.3710937 0.342041 0.1237183 -0.2592773 0.3239746 0.161377 -0.3791504 0.3452148 0.05926514 -0.2658691 0.3283691 0.09014893 -0.3811035 0.3522949 0.03982544 -0.2822266 0.3327637 0.05062866 -0.3535156 0.3498535 0.03771973 -0.328125 0.3452148</float_array>
          <technique_common>
            <accessor source="#geom-Hed_EYE028_1__M_EYE028_sunglasses-positions-array" count="292" stride="3">
              <param name="X" type="float"/>
              <param name="Y" type="float"/>
              <param name="Z" type="float"/>
            </accessor>
          </technique_common>
        </source>
        <source id="geom-Hed_EYE028_1__M_EYE028_sunglasses-normals">
          <float_array id="geom-Hed_EYE028_1__M_EYE028_sunglasses-normals-array" count="444">-0.113569 -0.992758 0.03916315 -0.113569 -0.9927579 0.03916315 -0.02937159 -0.9986398 0.04307912 -0.02154415 -0.998839 0.0430883 0.06851751 -0.9964488 0.04894119 0.06851751 -0.9964488 0.04894119 -0.06851751 -0.9964488 0.04894119 -0.06851751 -0.9964488 0.04894119 0.02154415 -0.998839 0.0430883 0.02937159 -0.9986398 0.04307912 0.113569 -0.992758 0.03916315 0.113569 -0.9927579 0.03916315 0.3467382 -0.28601 -0.8932922 0.2741922 -0.3936595 -0.8774115 0.271799 -0.2854887 -0.919033 0.3519857 -0.2053258 -0.9132072 0.1995292 -0.4264468 -0.8822309 0.3053074 -0.1878801 -0.9335355 0.3559979 -0.1779945 -0.9173786 0.4010397 -0.08999114 -0.9116297 0.1468718 -0.3309517 -0.9321479 0.1292437 -0.4229814 -0.896874 0.3209179 -0.08609905 -0.9431854 0.2955784 -0.01174511 -0.9552463 0.1624763 -0.2055377 -0.9650677 0.06852672 -0.3348052 -0.9397923 0.07045105 -0.4129252 -0.9080361 0.02151952 -0.3971311 -0.9175097 0.1624033 -0.07044375 -0.9842068 0.1507311 0.005874034 -0.9885573 0.06657393 -0.2114713 -0.9751143 0.07636626 -0.06853644 -0.9947216 0.08223499 0 -0.996613 0.009790067 -0.3191472 -0.9476546 0.007831295 -0.2133992 -0.9769338 0.02152548 -0.0861049 -0.9960535 0.02738166 -0.0195563 -0.9994338 -0.02737494 -0.02933146 -0.9991949 -0.05482509 -0.2897888 -0.9555191 -0.03129283 -0.3637792 -0.9309594 -0.1173983 -0.3169721 -0.9411411 -0.119465 -0.2546007 -0.9596389 -0.05479611 -0.2172264 -0.974582 -0.1193529 -0.2269629 -0.9665623 -0.1214177 -0.1370848 -0.9830898 -0.03717396 -0.1036943 -0.9939144 -0.348264 0.2876133 0.8921832 -0.2486764 0.2897976 0.9242172 -0.275788 0.3950987 0.8762637 -0.3519857 0.2053258 0.9132072 -0.1801627 0.424946 0.887109 -0.2819015 0.1840203 0.9416305 -0.3559979 0.1779945 0.9173786 -0.1466991 0.3286067 0.9330043 -0.1291229 0.4206296 0.8979967 -0.3656266 0.08603033 0.9267772 -0.06462783 0.3348857 0.9400398 -0.0685589 0.4113504 0.9088953 -0.02151952 0.3971311 0.9175097 -0.1664816 0.1997768 0.9655947 -0.2876921 0.09393986 0.9531047 -0.2777276 0.06649787 0.9583555 -0.1662104 0.07039601 0.9835743 -0.1681777 0.01760127 0.9855996 -0.08028907 0.003916031 0.9967639 -0.06258048 0.2092513 0.9758574 -0.07247192 0.06855141 0.9950118 -0.009790067 0.3191472 0.9476546 -0.007822368 0.2092571 0.9778294 -0.02152176 0.08804505 0.995884 -0.02737791 0.02542138 0.9993019 0.02346263 0.03519059 0.9991052 0.05287229 0.2898186 0.9556201 0.02737528 0.3695665 0.9288009 0.1094666 0.3108025 0.9441498 0.1193592 0.2504562 0.9607421 0.05481917 0.2153577 0.9749953 0.1213348 0.2250527 0.9667623 0.1214177 0.1370848 0.9830898 0.03326537 0.1037121 0.994051 -0.3467382 -0.28601 -0.8932922 -0.271799 -0.2854887 -0.919033 -0.2741922 -0.3936595 -0.8774115 -0.3519857 -0.2053258 -0.9132072 -0.1995292 -0.4264468 -0.8822309 -0.3053074 -0.1878801 -0.9335355 -0.3559979 -0.1779945 -0.9173786 -0.4010397 -0.08999114 -0.9116297 -0.1468718 -0.3309517 -0.9321479 -0.1292437 -0.4229814 -0.896874 -0.3209179 -0.08609905 -0.9431854 -0.2955784 -0.01174511 -0.9552463 -0.1624763 -0.2055377 -0.9650677 -0.06852672 -0.3348052 -0.9397923 -0.07045105 -0.4129252 -0.9080361 -0.02151952 -0.3971311 -0.9175097 -0.1624033 -0.07044375 -0.9842068 -0.1507311 0.005874034 -0.9885573 -0.06657393 -0.2114713 -0.9751143 -0.07636626 -0.06853644 -0.9947216 -0.08223499 0 -0.996613 -0.009790067 -0.3191472 -0.9476546 -0.007831295 -0.2133992 -0.9769338 -0.02152548 -0.0861049 -0.9960535 -0.02738166 -0.0195563 -0.9994338 0.02737494 -0.02933146 -0.9991949 0.05482509 -0.2897888 -0.9555191 0.03129283 -0.3637792 -0.9309594 0.1173983 -0.3169721 -0.9411411 0.119465 -0.2546007 -0.9596389 0.05479611 -0.2172264 -0.974582 0.1193529 -0.2269629 -0.9665623 0.1214177 -0.1370848 -0.9830898 0.03717396 -0.1036943 -0.9939144 0.348264 0.2876133 0.8921832 0.275788 0.3950987 0.8762637 0.2486764 0.2897976 0.9242172 0.3519857 0.2053258 0.9132072 0.1801627 0.424946 0.887109 0.2819015 0.1840203 0.9416305 0.3559979 0.1779945 0.9173786 0.3656266 0.08603033 0.9267772 0.1466991 0.3286067 0.9330043 0.1291229 0.4206296 0.8979967 0.2876921 0.09393986 0.9531047 0.2777276 0.06649787 0.9583555 0.1664816 0.1997768 0.9655947 0.06462783 0.3348857 0.9400398 0.0685589 0.4113504 0.9088953 0.02151952 0.3971311 0.9175097 0.1662104 0.07039601 0.9835743 0.1681777 0.01760127 0.9855996 0.08028907 0.003916031 0.9967639 0.06258048 0.2092513 0.9758574 0.009790067 0.3191472 0.9476546 0.07247192 0.06855141 0.9950118 0.02152176 0.08804505 0.995884 0.02737791 0.02542138 0.9993019 0.007822368 0.2092571 0.9778294 -0.02346263 0.03519059 0.9991052 -0.05287229 0.2898186 0.9556201 -0.02737528 0.3695665 0.9288009 -0.1094666 0.3108025 0.9441498 -0.1193592 0.2504562 0.9607421 -0.05481917 0.2153577 0.9749953 -0.1213348 0.2250527 0.9667623 -0.1214177 0.1370848 0.9830898 -0.03326537 0.1037121 0.994051</float_array>
          <technique_common>
            <accessor source="#geom-Hed_EYE028_1__M_EYE028_sunglasses-normals-array" count="148" stride="3">
              <param name="X" type="float"/>
              <param name="Y" type="float"/>
              <param name="Z" type="float"/>
            </accessor>
          </technique_common>
        </source>
        <source id="geom-Hed_EYE028_1__M_EYE028_sunglasses-map-2">
          <float_array id="geom-Hed_EYE028_1__M_EYE028_sunglasses-map-2-array" count="876">1 1 1 1 1 1 1 1 1 1 1 1 1 1 1 1 1 1 1 1 1 1 1 1 1 1 1 1 1 1 1 1 1 1 1 1 1 1 1 1 1 1 1 1 1 1 1 1 1 1 1 1 1 1 1 1 1 1 1 1 1 1 1 1 1 1 1 1 1 1 1 1 1 1 1 1 1 1 1 1 1 1 1 1 1 1 1 1 1 1 1 1 1 1 1 1 1 1 1 1 1 1 1 1 1 1 1 1 1 1 1 1 1 1 1 1 1 1 1 1 1 1 1 1 1 1 1 1 1 1 1 1 1 1 1 1 1 1 1 1 1 1 1 1 1 1 1 1 1 1 1 1 1 1 1 1 1 1 1 1 1 1 1 1 1 1 1 1 1 1 1 1 1 1 1 1 1 1 1 1 1 1 1 1 1 1 1 1 1 1 1 1 1 1 1 1 1 1 1 1 1 1 1 1 1 1 1 1 1 1 1 1 1 1 1 1 1 1 1 1 1 1 1 1 1 1 1 1 1 1 1 1 1 1 1 1 1 1 1 1 1 1 1 1 1 1 1 1 1 1 1 1 1 1 1 1 1 1 1 1 1 1 1 1 1 1 1 1 1 1 1 1 1 1 1 1 1 1 1 1 1 1 1 1 1 1 1 1 1 1 1 1 1 1 1 1 1 1 1 1 1 1 1 1 1 1 1 1 1 1 1 1 1 1 1 1 1 1 1 1 1 1 1 1 1 1 1 1 1 1 1 1 1 1 1 1 1 1 1 1 1 1 1 1 1 1 1 1 1 1 1 1 1 1 1 1 1 1 1 1 1 1 1 1 1 1 1 1 1 1 1 1 1 1 1 1 1 1 1 1 1 1 1 1 1 1 1 1 1 1 1 1 1 1 1 1 1 1 1 1 1 1 1 1 1 1 1 1 1 1 1 1 1 1 1 1 1 1 1 1 1 1 1 1 1 1 1 1 1 1 1 1 1 1 1 1 1 1 1 1 1 1 1 1 1 1 1 1 1 1 1 1 1 1 1 1 1 1 1 1 1 1 1 1 1 1 1 1 1 1 1 1 1 1 1 1 1 1 1 1 1 1 1 1 1 1 1 1 1 1 1 1 1 1 1 1 1 1 1 1 1 1 1 1 1 1 1 1 1 1 1 1 1 1 1 1 1 1 1 1 1 1 1 1 1 1 1 1 1 1 1 1 1 1 1 1 1 1 1 1 1 1 1 1 1 1 1 1 1 1 1 1 1 1 1 1 1 1 1 1 1 1 1 1 1 1 1 1 1 1 1 1 1 1 1 1 1 1 1 1 1 1 1 1 1 1 1 1 1 1 1 1 1 1 1 1 1 1 1 1 1 1 1 1 1 1 1 1 1 1 1 1 1 1 1 1 1 1 1 1 1 1 1 1 1 1 1 1 1 1 1 1 1 1 1 1 1 1 1 1 1 1 1 1 1 1 1 1 1 1 1 1 1 1 1 1 1 1 1 1 1 1 1 1 1 1 1 1 1 1 1 1 1 1 1 1 1 1 1 1 1 1 1 1 1 1 1 1 1 1 1 1 1 1 1 1 1 1 1 1 1 1 1 1 1 1 1 1 1 1 1 1 1 1 1 1 1 1 1 1 1 1 1 1 1 1 1 1 1 1 1 1 1 1 1 1 1 1 1 1 1 1 1 1 1 1 1 1 1 1 1 1 1 1 1 1 1 1 1 1 1 1 1 1 1 1 1 1 1 1 1 1 1 1 1 1 1 1 1 1 1 1 1 1 1 1 1 1 1 1 1 1 1 1 1 1 1 1 1 1 1 1 1 1 1 1 1 1 1 1 1 1 1 1 1 1 1 1 1 1 1 1 1 1 1 1 1 1 1 1 1 1 1 1 1 1 1 1 1 1 1 1 1 1 1 1 1 1 1 1 1 1 1 1 1 1 1 1 1 1 1 1 1 1 1 1 1 1 1 1 1 1 1 1 1 1</float_array>
          <technique_common>
            <accessor source="#geom-Hed_EYE028_1__M_EYE028_sunglasses-map-2-array" count="292" stride="3">
              <param name="R" type="float"/>
              <param name="G" type="float"/>
              <param name="B" type="float"/>
            </accessor>
          </technique_common>
        </source>
        <source id="geom-Hed_EYE028_1__M_EYE028_sunglasses-map0">
          <float_array id="geom-Hed_EYE028_1__M_EYE028_sunglasses-map0-array" count="876">1 1 1 1 1 1 1 1 1 1 1 1 1 1 1 1 1 1 1 1 1 1 1 1 1 1 1 1 1 1 1 1 1 1 1 1 1 1 1 1 1 1 1 1 1 1 1 1 1 1 1 1 1 1 1 1 1 1 1 1 1 1 1 1 1 1 1 1 1 1 1 1 1 1 1 1 1 1 1 1 1 1 1 1 1 1 1 1 1 1 1 1 1 1 1 1 1 1 1 1 1 1 1 1 1 1 1 1 1 1 1 1 1 1 1 1 1 1 1 1 1 1 1 1 1 1 1 1 1 1 1 1 1 1 1 1 1 1 1 1 1 1 1 1 1 1 1 1 1 1 1 1 1 1 1 1 1 1 1 1 1 1 1 1 1 1 1 1 1 1 1 1 1 1 1 1 1 1 1 1 1 1 1 1 1 1 1 1 1 1 1 1 1 1 1 1 1 1 1 1 1 1 1 1 1 1 1 1 1 1 1 1 1 1 1 1 1 1 1 1 1 1 1 1 1 1 1 1 1 1 1 1 1 1 1 1 1 1 1 1 1 1 1 1 1 1 1 1 1 1 1 1 1 1 1 1 1 1 1 1 1 1 1 1 1 1 1 1 1 1 1 1 1 1 1 1 1 1 1 1 1 1 1 1 1 1 1 1 1 1 1 1 1 1 1 1 1 1 1 1 1 1 1 1 1 1 1 1 1 1 1 1 1 1 1 1 1 1 1 1 1 1 1 1 1 1 1 1 1 1 1 1 1 1 1 1 1 1 1 1 1 1 1 1 1 1 1 1 1 1 1 1 1 1 1 1 1 1 1 1 1 1 1 1 1 1 1 1 1 1 1 1 1 1 1 1 1 1 1 1 1 1 1 1 1 1 1 1 1 1 1 1 1 1 1 1 1 1 1 1 1 1 1 1 1 1 1 1 1 1 1 1 1 1 1 1 1 1 1 1 1 1 1 1 1 1 1 1 1 1 1 1 1 1 1 1 1 1 1 1 1 1 1 1 1 1 1 1 1 1 1 1 1 1 1 1 1 1 1 1 1 1 1 1 1 1 1 1 1 1 1 1 1 1 1 1 1 1 1 1 1 1 1 1 1 1 1 1 1 1 1 1 1 1 1 1 1 1 1 1 1 1 1 1 1 1 1 1 1 1 1 1 1 1 1 1 1 1 1 1 1 1 1 1 1 1 1 1 1 1 1 1 1 1 1 1 1 1 1 1 1 1 1 1 1 1 1 1 1 1 1 1 1 1 1 1 1 1 1 1 1 1 1 1 1 1 1 1 1 1 1 1 1 1 1 1 1 1 1 1 1 1 1 1 1 1 1 1 1 1 1 1 1 1 1 1 1 1 1 1 1 1 1 1 1 1 1 1 1 1 1 1 1 1 1 1 1 1 1 1 1 1 1 1 1 1 1 1 1 1 1 1 1 1 1 1 1 1 1 1 1 1 1 1 1 1 1 1 1 1 1 1 1 1 1 1 1 1 1 1 1 1 1 1 1 1 1 1 1 1 1 1 1 1 1 1 1 1 1 1 1 1 1 1 1 1 1 1 1 1 1 1 1 1 1 1 1 1 1 1 1 1 1 1 1 1 1 1 1 1 1 1 1 1 1 1 1 1 1 1 1 1 1 1 1 1 1 1 1 1 1 1 1 1 1 1 1 1 1 1 1 1 1 1 1 1 1 1 1 1 1 1 1 1 1 1 1 1 1 1 1 1 1 1 1 1 1 1 1 1 1 1 1 1 1 1 1 1 1 1 1 1 1 1 1 1 1 1 1 1 1 1 1 1 1 1 1 1 1 1 1 1 1 1 1 1 1 1 1 1 1 1 1 1 1 1 1 1 1 1 1 1 1 1 1 1 1 1 1 1 1 1 1 1 1 1 1 1 1 1 1 1 1 1 1 1 1 1 1 1 1 1 1 1 1 1 1 1 1 1 1 1 1 1 1 1 1 1 1 1 1 1 1 1 1 1</float_array>
          <technique_common>
            <accessor source="#geom-Hed_EYE028_1__M_EYE028_sunglasses-map0-array" count="292" stride="3">
              <param name="R" type="float"/>
              <param name="G" type="float"/>
              <param name="B" type="float"/>
            </accessor>
          </technique_common>
        </source>
        <source id="geom-Hed_EYE028_1__M_EYE028_sunglasses-map1">
          <float_array id="geom-Hed_EYE028_1__M_EYE028_sunglasses-map1-array" count="876">0.7807736 0.01197833 0 0.7680324 0.01191729 0 0.7680324 0.1608759 0 0.7807736 0.161532 0 0.7680324 0.30103 0 0.7807736 0.3005722 0 0.7807736 0.3005722 0 0.7680324 0.30103 0 0.7807736 0.161532 0 0.7680324 0.1608759 0 0.7807736 0.01197833 0 0.7680324 0.01191729 0 0.2389868 0.5574273 0 0.2571298 0.5738308 0 0.2303502 0.5948119 0 0.2100099 0.5504082 0 0.2683451 0.6045319 0 0.1769131 0.5938506 0 0.1775387 0.5569237 0 0.1434958 0.5729152 0 0.2292058 0.6344091 0 0.2722972 0.6337529 0 0.137789 0.5947661 0 0.1123674 0.5977417 0 0.1758907 0.6339055 0 0.2283818 0.6740367 0 0.2740825 0.6739299 0 0.2726024 0.7160754 0 0.1347066 0.6329595 0 0.1015183 0.6207828 0 0.1750057 0.6736705 0 0.1334249 0.6735485 0 0.09512474 0.6733348 0 0.2278782 0.7151904 0 0.174258 0.7141833 0 0.1325094 0.7136492 0 0.09852751 0.7229572 0 0.1109941 0.7538262 0 0.2251927 0.7572137 0 0.2650645 0.7674983 0 0.2409705 0.7946136 0 0.2083009 0.8015259 0 0.1729915 0.7546349 0 0.1724575 0.7978027 0 0.1354849 0.7800717 0 0.1319448 0.7540246 0 0.2389868 0.5574273 0 0.2303502 0.5948119 0 0.2571298 0.5738308 0 0.2100099 0.5504082 0 0.2683451 0.6045319 0 0.1769131 0.5938506 0 0.1775387 0.5569237 0 0.2292058 0.6344091 0 0.2722972 0.6337529 0 0.1434958 0.5729152 0 0.2283818 0.6740367 0 0.2740825 0.6739299 0 0.2726024 0.7160754 0 0.1758907 0.6339055 0 0.137789 0.5947661 0 0.1123674 0.5977417 0 0.1347066 0.6329595 0 0.1015183 0.6207828 0 0.09512474 0.6733348 0 0.1750057 0.6736705 0 0.1334249 0.6735485 0 0.2278782 0.7151904 0 0.174258 0.7141833 0 0.1325094 0.7136492 0 0.09852751 0.7229572 0 0.1109941 0.7538262 0 0.2251927 0.7572137 0 0.2650645 0.7674983 0 0.2409705 0.7946136 0 0.2083009 0.8015259 0 0.1729915 0.7546349 0 0.1724575 0.7978027 0 0.1354849 0.7800717 0 0.1319448 0.7540246 0 0.2389868 0.5574273 0 0.2303502 0.5948119 0 0.2571298 0.5738308 0 0.2100099 0.5504082 0 0.2683451 0.6045319 0 0.1769131 0.5938506 0 0.1775387 0.5569237 0 0.1434958 0.5729152 0 0.2292058 0.6344091 0 0.2722972 0.6337529 0 0.137789 0.5947661 0 0.1123674 0.5977417 0 0.1758907 0.6339055 0 0.2283818 0.6740367 0 0.2740825 0.6739299 0 0.2726024 0.7160754 0 0.1347066 0.6329595 0 0.1015183 0.6207828 0 0.1750057 0.6736705 0 0.1334249 0.6735485 0 0.09512474 0.6733348 0 0.2278782 0.7151904 0 0.174258 0.7141833 0 0.1325094 0.7136492 0 0.09852751 0.7229572 0 0.1109941 0.7538262 0 0.2251927 0.7572137 0 0.2650645 0.7674983 0 0.2409705 0.7946136 0 0.2083009 0.8015259 0 0.1729915 0.7546349 0 0.1724575 0.7978027 0 0.1354849 0.7800717 0 0.1319448 0.7540246 0 0.2389868 0.5574273 0 0.2571298 0.5738308 0 0.2303502 0.5948119 0 0.2100099 0.5504082 0 0.2683451 0.6045319 0 0.1769131 0.5938506 0 0.1775387 0.5569237 0 0.1434958 0.5729152 0 0.2292058 0.6344091 0 0.2722972 0.6337529 0 0.137789 0.5947661 0 0.1123674 0.5977417 0 0.1758907 0.6339055 0 0.2283818 0.6740367 0 0.2740825 0.6739299 0 0.2726024 0.7160754 0 0.1347066 0.6329595 0 0.1015183 0.6207828 0 0.09512474 0.6733348 0 0.1750057 0.6736705 0 0.2278782 0.7151904 0 0.1334249 0.6735485 0 0.1325094 0.7136492 0 0.09852751 0.7229572 0 0.174258 0.7141833 0 0.1109941 0.7538262 0 0.2251927 0.7572137 0 0.2650645 0.7674983 0 0.2409705 0.7946136 0 0.2083009 0.8015259 0 0.1729915 0.7546349 0 0.1724575 0.7978027 0 0.1354849 0.7800717 0 0.1319448 0.7540246 0 0.7807736 0.01197833 0 0.7680324 0.01191729 0 0.7680324 0.1608759 0 0.7807736 0.161532 0 0.7680324 0.30103 0 0.7807736 0.3005722 0 0.7807736 0.3005722 0 0.7680324 0.30103 0 0.7807736 0.161532 0 0.7680324 0.1608759 0 0.7807736 0.01197833 0 0.7680324 0.01191729 0 0.2389868 0.5574273 0 0.2571298 0.5738308 0 0.2303502 0.5948119 0 0.2100099 0.5504082 0 0.2722972 0.6337529 0 0.1769131 0.5938506 0 0.1434958 0.5729152 0 0.1123674 0.5977417 0 0.2292058 0.6344091 0 0.2740825 0.6739299 0 0.1347066 0.6329595 0 0.1015183 0.6207828 0 0.1750057 0.6736705 0 0.2650645 0.7674983 0 0.2409705 0.7946136 0 0.1724575 0.7978027 0 0.1354849 0.7800717 0 0.1334249 0.6735485 0 0.09512474 0.6733348 0 0.1109941 0.7538262 0 0.09852751 0.7229572 0 0.2389868 0.5574273 0 0.2303502 0.5948119 0 0.2571298 0.5738308 0 0.2100099 0.5504082 0 0.2722972 0.6337529 0 0.1769131 0.5938506 0 0.1434958 0.5729152 0 0.1123674 0.5977417 0 0.2292058 0.6344091 0 0.1347066 0.6329595 0 0.1015183 0.6207828 0 0.2283818 0.6740367 0 0.2740825 0.6739299 0 0.2650645 0.7674983 0 0.2409705 0.7946136 0 0.1724575 0.7978027 0 0.1354849 0.7800717 0 0.1334249 0.6735485 0 0.1109941 0.7538262 0 0.09512474 0.6733348 0 0.09852751 0.7229572 0 0.2389868 0.5574273 0 0.2571298 0.5738308 0 0.2303502 0.5948119 0 0.2683451 0.6045319 0 0.2100099 0.5504082 0 0.2740825 0.6739299 0 0.1758907 0.6339055 0 0.1434958 0.5729152 0 0.1123674 0.5977417 0 0.1015183 0.6207828 0 0.09512474 0.6733348 0 0.09852751 0.7229572 0 0.2283818 0.6740367 0 0.2650645 0.7674983 0 0.1729915 0.7546349 0 0.1109941 0.7538262 0 0.2409705 0.7946136 0 0.1354849 0.7800717 0 0.1724575 0.7978027 0 0.2389868 0.5574273 0 0.2303502 0.5948119 0 0.2571298 0.5738308 0 0.2683451 0.6045319 0 0.2100099 0.5504082 0 0.2740825 0.6739299 0 0.2283818 0.6740367 0 0.2650645 0.7674983 0 0.1758907 0.6339055 0 0.1434958 0.5729152 0 0.1123674 0.5977417 0 0.1015183 0.6207828 0 0.09512474 0.6733348 0 0.09852751 0.7229572 0 0.1729915 0.7546349 0 0.1109941 0.7538262 0 0.2409705 0.7946136 0 0.1354849 0.7800717 0 0.1724575 0.7978027 0 0.7807736 0.3005722 0 0.7807736 0.01197833 0 0.7680324 0.1608759 0 0.7807736 0.3005722 0 0.7680324 0.1608759 0 0.7807736 0.01197833 0 0.2571298 0.5738308 0 0.1123674 0.5977417 0 0.2100099 0.5504082 0 0.1347066 0.6329595 0 0.1015183 0.6207828 0 0.2722972 0.6337529 0 0.1334249 0.6735485 0 0.09512474 0.6733348 0 0.09852751 0.7229572 0 0.1354849 0.7800717 0 0.2283818 0.6740367 0 0.2650645 0.7674983 0 0.2409705 0.7946136 0 0.1123674 0.5977417 0 0.2571298 0.5738308 0 0.2100099 0.5504082 0 0.1347066 0.6329595 0 0.1015183 0.6207828 0 0.09512474 0.6733348 0 0.09852751 0.7229572 0 0.2722972 0.6337529 0 0.1354849 0.7800717 0 0.2283818 0.6740367 0 0.2650645 0.7674983 0 0.2409705 0.7946136 0 0.1758907 0.6339055 0 0.2571298 0.5738308 0 0.2100099 0.5504082 0 0.2740825 0.6739299 0 0.1123674 0.5977417 0 0.2650645 0.7674983 0 0.1015183 0.6207828 0 0.2409705 0.7946136 0 0.09852751 0.7229572 0 0.1354849 0.7800717 0 0.2100099 0.5504082 0 0.2571298 0.5738308 0 0.1758907 0.6339055 0 0.1123674 0.5977417 0 0.2740825 0.6739299 0 0.1015183 0.6207828 0 0.2650645 0.7674983 0 0.09852751 0.7229572 0 0.2409705 0.7946136 0 0.1354849 0.7800717 0 0.1724575 0.7978027 0</float_array>
          <technique_common>
            <accessor source="#geom-Hed_EYE028_1__M_EYE028_sunglasses-map1-array" count="292" stride="3">
              <param name="S" type="float"/>
              <param name="T" type="float"/>
              <param name="P" type="float"/>
            </accessor>
          </technique_common>
        </source>
        <vertices id="geom-Hed_EYE028_1__M_EYE028_sunglasses-vertices">
          <input semantic="POSITION" source="#geom-Hed_EYE028_1__M_EYE028_sunglasses-positions"/>
        </vertices>
        <triangles material="M_EYE028_sunglasses" count="196">
          <input semantic="VERTEX" source="#geom-Hed_EYE028_1__M_EYE028_sunglasses-vertices" offset="0"/>
          <input semantic="NORMAL" source="#geom-Hed_EYE028_1__M_EYE028_sunglasses-normals" offset="1"/>
          <input semantic="COLOR" source="#geom-Hed_EYE028_1__M_EYE028_sunglasses-map0" offset="2" set="0"/>
          <input semantic="TEXCOORD" source="#geom-Hed_EYE028_1__M_EYE028_sunglasses-map1" offset="3" set="0"/>
          <p>0 0 0 0 1 1 1 1 2 2 2 2 3 3 3 3 0 0 0 0 2 2 2 2 3 3 3 3 2 2 2 2 4 4 4 4 5 5 5 5 3 3 3 3 4 4 4 4 6 6 6 6 7 7 7 7 8 8 8 8 7 7 7 7 9 9 9 9 8 8 8 8 8 8 8 8 9 9 9 9 10 10 10 10 9 9 9 9 11 11 11 11 10 10 10 10 12 12 12 12 13 13 13 13 14 14 14 14 14 14 14 14 15 15 15 15 12 12 12 12 13 13 13 13 16 16 16 16 14 14 14 14 14 14 14 14 17 17 17 17 15 15 15 15 17 17 17 17 18 18 18 18 15 15 15 15 17 17 17 17 19 19 19 19 18 18 18 18 14 14 14 14 16 16 16 16 20 20 20 20 14 14 14 14 20 20 20 20 17 17 17 17 16 16 16 16 21 21 21 21 20 20 20 20 17 17 17 17 22 22 22 22 19 19 19 19 22 22 22 22 23 23 23 23 19 19 19 19 20 20 20 20 24 24 24 24 17 17 17 17 17 17 17 17 24 24 24 24 22 22 22 22 20 20 20 20 21 21 21 21 25 25 25 25 20 20 20 20 25 25 25 25 24 24 24 24 21 21 21 21 26 26 26 26 25 25 25 25 26 26 26 26 27 27 27 27 25 25 25 25 23 23 23 23 22 22 22 22 28 28 28 28 24 24 24 24 28 28 28 28 22 22 22 22 29 29 29 29 23 23 23 23 28 28 28 28 25 25 25 25 30 30 30 30 24 24 24 24 24 24 24 24 30 30 30 30 28 28 28 28 28 28 28 28 31 31 31 31 29 29 29 29 30 30 30 30 31 31 31 31 28 28 28 28 31 31 31 31 32 32 32 32 29 29 29 29 25 25 25 25 33 33 33 33 30 30 30 30 27 27 27 27 33 33 33 33 25 25 25 25 30 30 30 30 34 34 34 34 31 31 31 31 33 33 33 33 34 34 34 34 30 30 30 30 31 31 31 31 35 35 35 35 32 32 32 32 34 34 34 34 35 35 35 35 31 31 31 31 35 35 35 35 36 36 36 36 32 32 32 32 37 37 37 37 36 36 36 36 35 35 35 35 33 33 33 33 27 27 27 27 38 38 38 38 33 33 33 33 38 38 38 38 34 34 34 34 27 27 27 27 39 39 39 39 38 38 38 38 38 38 38 38 39 39 39 39 40 40 40 40 38 38 38 38 40 40 40 40 41 41 41 41 38 38 38 38 42 42 42 42 34 34 34 34 42 42 42 42 38 38 38 38 41 41 41 41 34 34 34 34 42 42 42 42 35 35 35 35 43 43 43 43 42 42 42 42 41 41 41 41 42 42 42 42 43 43 43 43 44 44 44 44 42 42 42 42 45 45 45 45 35 35 35 35 42 42 42 42 44 44 44 44 45 45 45 45 45 45 45 45 37 37 37 37 35 35 35 35 44 44 44 44 37 37 37 37 45 45 45 45 46 46 46 46 47 47 47 47 48 48 48 48 47 47 47 47 46 46 46 46 49 49 49 49 47 47 47 47 50 50 50 50 48 48 48 48 51 51 51 51 47 47 47 47 49 49 49 49 52 52 52 52 51 51 51 51 49 49 49 49 50 50 50 50 47 47 47 47 53 53 53 53 47 47 47 47 51 51 51 51 53 53 53 53 54 54 54 54 50 50 50 50 53 53 53 53 51 51 51 51 52 52 52 52 55 55 55 55 53 53 53 53 56 56 56 56 54 54 54 54 56 56 56 56 57 57 57 57 54 54 54 54 58 58 58 58 57 57 57 57 56 56 56 56 51 51 51 51 59 59 59 59 53 53 53 53 53 53 53 53 59 59 59 59 56 56 56 56 51 51 51 51 55 55 55 55 60 60 60 60 51 51 51 51 60 60 60 60 59 59 59 59 55 55 55 55 61 61 61 61 60 60 60 60 62 62 62 62 60 60 60 60 61 61 61 61 60 60 60 60 62 62 62 62 59 59 59 59 63 63 63 63 62 62 62 62 61 61 61 61 63 63 63 63 64 64 64 64 62 62 62 62 59 59 59 59 62 62 62 62 65 65 65 65 59 59 59 59 65 65 65 65 56 56 56 56 64 64 64 64 66 66 66 66 62 62 62 62 62 62 62 62 66 66 66 66 65 65 65 65 56 56 56 56 65 65 65 65 67 67 67 67 67 67 67 67 58 58 58 58 56 56 56 56 65 65 65 65 66 66 66 66 68 68 68 68 65 65 65 65 68 68 68 68 67 67 67 67 66 66 66 66 64 64 64 64 69 69 69 69 66 66 66 66 69 69 69 69 68 68 68 68 64 64 64 64 70 70 70 70 69 69 69 69 70 70 70 70 71 71 71 71 69 69 69 69 67 67 67 67 72 72 72 72 58 58 58 58 67 67 67 67 68 68 68 68 72 72 72 72 72 72 72 72 73 73 73 73 58 58 58 58 72 72 72 72 74 74 74 74 73 73 73 73 72 72 72 72 75 75 75 75 74 74 74 74 68 68 68 68 76 76 76 76 72 72 72 72 75 75 75 75 72 72 72 72 76 76 76 76 68 68 68 68 69 69 69 69 76 76 76 76 77 77 77 77 75 75 75 75 76 76 76 76 76 76 76 76 78 78 78 78 77 77 77 77 69 69 69 69 79 79 79 79 76 76 76 76 76 76 76 76 79 79 79 79 78 78 78 78 71 71 71 71 79 79 79 79 69 69 69 69 79 79 79 79 71 71 71 71 78 78 78 78 80 80 80 80 81 81 81 81 82 82 82 82 81 81 81 81 80 80 80 80 83 83 83 83 82 82 82 82 81 81 81 81 84 84 84 84 85 85 85 85 81 81 81 81 83 83 83 83 86 86 86 86 85 85 85 85 83 83 83 83 85 85 85 85 86 86 86 86 87 87 87 87 84 84 84 84 81 81 81 81 88 88 88 88 81 81 81 81 85 85 85 85 88 88 88 88 89 89 89 89 84 84 84 84 88 88 88 88 85 85 85 85 87 87 87 87 90 90 90 90 90 90 90 90 87 87 87 87 91 91 91 91 85 85 85 85 92 92 92 92 88 88 88 88 85 85 85 85 90 90 90 90 92 92 92 92 88 88 88 88 93 93 93 93 89 89 89 89 88 88 88 88 92 92 92 92 93 93 93 93 93 93 93 93 94 94 94 94 89 89 89 89 95 95 95 95 94 94 94 94 93 93 93 93 96 96 96 96 90 90 90 90 91 91 91 91 90 90 90 90 96 96 96 96 92 92 92 92 97 97 97 97 96 96 96 96 91 91 91 91 92 92 92 92 98 98 98 98 93 93 93 93 92 92 92 92 96 96 96 96 98 98 98 98 99 99 99 99 96 96 96 96 97 97 97 97 96 96 96 96 99 99 99 99 98 98 98 98 100 100 100 100 99 99 99 99 97 97 97 97 93 93 93 93 98 98 98 98 101 101 101 101 101 101 101 101 95 95 95 95 93 93 93 93 98 98 98 98 99 99 99 99 102 102 102 102 98 98 98 98 102 102 102 102 101 101 101 101 99 99 99 99 100 100 100 100 103 103 103 103 99 99 99 99 103 103 103 103 102 102 102 102 100 100 100 100 104 104 104 104 103 103 103 103 104 104 104 104 105 105 105 105 103 103 103 103 101 101 101 101 106 106 106 106 95 95 95 95 101 101 101 101 102 102 102 102 106 106 106 106 95 95 95 95 106 106 106 106 107 107 107 107 106 106 106 106 108 108 108 108 107 107 107 107 106 106 106 106 109 109 109 109 108 108 108 108 102 102 102 102 110 110 110 110 106 106 106 106 109 109 109 109 106 106 106 106 110 110 110 110 102 102 102 102 103 103 103 103 110 110 110 110 111 111 111 111 109 109 109 109 110 110 110 110 110 110 110 110 112 112 112 112 111 111 111 111 103 103 103 103 113 113 113 113 110 110 110 110 110 110 110 110 113 113 113 113 112 112 112 112 105 105 105 105 113 113 113 113 103 103 103 103 112 112 112 112 113 113 113 113 105 105 105 105 114 114 114 114 115 115 115 115 116 116 116 116 116 116 116 116 117 117 117 117 114 114 114 114 116 116 116 116 115 115 115 115 118 118 118 118 116 116 116 116 119 119 119 119 117 117 117 117 119 119 119 119 120 120 120 120 117 117 117 117 119 119 119 119 121 121 121 121 120 120 120 120 116 116 116 116 118 118 118 118 122 122 122 122 116 116 116 116 122 122 122 122 119 119 119 119 118 118 118 118 123 123 123 123 122 122 122 122 119 119 119 119 124 124 124 124 121 121 121 121 121 121 121 121 124 124 124 124 125 125 125 125 122 122 122 122 126 126 126 126 119 119 119 119 119 119 119 119 126 126 126 126 124 124 124 124 122 122 122 122 123 123 123 123 127 127 127 127 122 122 122 122 127 127 127 127 126 126 126 126 123 123 123 123 128 128 128 128 127 127 127 127 128 128 128 128 129 129 129 129 127 127 127 127 125 125 125 125 124 124 124 124 130 130 130 130 126 126 126 126 130 130 130 130 124 124 124 124 131 131 131 131 125 125 125 125 130 130 130 130 131 131 131 131 130 130 130 130 132 132 132 132 127 127 127 127 133 133 133 133 126 126 126 126 126 126 126 126 133 133 133 133 130 130 130 130 129 129 129 129 134 134 134 134 127 127 127 127 127 127 127 127 134 134 134 134 133 133 133 133 130 130 130 130 135 135 135 135 132 132 132 132 133 133 133 133 135 135 135 135 130 130 130 130 135 135 135 135 136 136 136 136 132 132 132 132 136 136 136 136 137 137 137 137 132 132 132 132 133 133 133 133 138 138 138 138 135 135 135 135 134 134 134 134 138 138 138 138 133 133 133 133 138 138 138 138 136 136 136 136 135 135 135 135 139 139 139 139 137 137 137 137 136 136 136 136 134 134 134 134 140 140 140 140 138 138 138 138 134 134 134 134 129 129 129 129 140 140 140 140 140 140 140 140 129 129 129 129 141 141 141 141 140 140 140 140 141 141 141 141 142 142 142 142 140 140 140 140 142 142 142 142 143 143 143 143 140 140 140 140 144 144 144 144 138 138 138 138 144 144 144 144 140 140 140 140 143 143 143 143 138 138 138 138 144 144 144 144 136 136 136 136 145 145 145 145 144 144 144 144 143 143 143 143 144 144 144 144 145 145 145 145 146 146 146 146 144 144 144 144 147 147 147 147 136 136 136 136 144 144 144 144 146 146 146 146 147 147 147 147 147 147 147 147 139 139 139 139 136 136 136 136 147 147 147 147 146 146 146 146 139 139 139 139</p>
        </triangles>
      </mesh>
    </geometry>
  </library_geometries>
  <library_controllers>
    <controller id="geom-Hed_EYE028_1__M_EYE028-skin1">
      <skin source="#geom-Hed_EYE028_1__M_EYE028">
        <bind_shape_matrix>1 0 0 0 0 1 0 0 0 0 1 0 0 0 0 1</bind_shape_matrix>
        <source id="geom-Hed_EYE028_1__M_EYE028-skin1-joints">
          <Name_array id="geom-Hed_EYE028_1__M_EYE028-skin1-joints-array" count="1">joint0</Name_array>
          <technique_common>
            <accessor source="#geom-Hed_EYE028_1__M_EYE028-skin1-joints-array" count="1" stride="1">
              <param name="JOINT" type="name"/>
            </accessor>
          </technique_common>
        </source>
        <source id="geom-Hed_EYE028_1__M_EYE028-skin1-bind_poses">
          <float_array id="geom-Hed_EYE028_1__M_EYE028-skin1-bind_poses-array" count="16">1 0 0 0 0 0 1 0 0 -1 0 0 0 0 0 1</float_array>
          <technique_common>
            <accessor source="#geom-Hed_EYE028_1__M_EYE028-skin1-bind_poses-array" count="1" stride="16">
              <param name="TRANSFORM" type="float4x4"/>
            </accessor>
          </technique_common>
        </source>
        <source id="geom-Hed_EYE028_1__M_EYE028-skin1-weights">
          <float_array id="geom-Hed_EYE028_1__M_EYE028-skin1-weights-array" count="1">1</float_array>
          <technique_common>
            <accessor source="#geom-Hed_EYE028_1__M_EYE028-skin1-weights-array" count="1" stride="1">
              <param name="WEIGHT" type="float"/>
            </accessor>
          </technique_common>
        </source>
        <joints>
          <input semantic="JOINT" source="#geom-Hed_EYE028_1__M_EYE028-skin1-joints"/>
          <input semantic="INV_BIND_MATRIX" source="#geom-Hed_EYE028_1__M_EYE028-skin1-bind_poses"/>
        </joints>
        <vertex_weights count="4483">
          <input semantic="JOINT" source="#geom-Hed_EYE028_1__M_EYE028-skin1-joints" offset="0"/>
          <input semantic="WEIGHT" source="#geom-Hed_EYE028_1__M_EYE028-skin1-weights" offset="1"/>
          <vcount>1 1 1 1 1 1 1 1 1 1 1 1 1 1 1 1 1 1 1 1 1 1 1 1 1 1 1 1 1 1 1 1 1 1 1 1 1 1 1 1 1 1 1 1 1 1 1 1 1 1 1 1 1 1 1 1 1 1 1 1 1 1 1 1 1 1 1 1 1 1 1 1 1 1 1 1 1 1 1 1 1 1 1 1 1 1 1 1 1 1 1 1 1 1 1 1 1 1 1 1 1 1 1 1 1 1 1 1 1 1 1 1 1 1 1 1 1 1 1 1 1 1 1 1 1 1 1 1 1 1 1 1 1 1 1 1 1 1 1 1 1 1 1 1 1 1 1 1 1 1 1 1 1 1 1 1 1 1 1 1 1 1 1 1 1 1 1 1 1 1 1 1 1 1 1 1 1 1 1 1 1 1 1 1 1 1 1 1 1 1 1 1 1 1 1 1 1 1 1 1 1 1 1 1 1 1 1 1 1 1 1 1 1 1 1 1 1 1 1 1 1 1 1 1 1 1 1 1 1 1 1 1 1 1 1 1 1 1 1 1 1 1 1 1 1 1 1 1 1 1 1 1 1 1 1 1 1 1 1 1 1 1 1 1 1 1 1 1 1 1 1 1 1 1 1 1 1 1 1 1 1 1 1 1 1 1 1 1 1 1 1 1 1 1 1 1 1 1 1 1 1 1 1 1 1 1 1 1 1 1 1 1 1 1 1 1 1 1 1 1 1 1 1 1 1 1 1 1 1 1 1 1 1 1 1 1 1 1 1 1 1 1 1 1 1 1 1 1 1 1 1 1 1 1 1 1 1 1 1 1 1 1 1 1 1 1 1 1 1 1 1 1 1 1 1 1 1 1 1 1 1 1 1 1 1 1 1 1 1 1 1 1 1 1 1 1 1 1 1 1 1 1 1 1 1 1 1 1 1 1 1 1 1 1 1 1 1 1 1 1 1 1 1 1 1 1 1 1 1 1 1 1 1 1 1 1 1 1 1 1 1 1 1 1 1 1 1 1 1 1 1 1 1 1 1 1 1 1 1 1 1 1 1 1 1 1 1 1 1 1 1 1 1 1 1 1 1 1 1 1 1 1 1 1 1 1 1 1 1 1 1 1 1 1 1 1 1 1 1 1 1 1 1 1 1 1 1 1 1 1 1 1 1 1 1 1 1 1 1 1 1 1 1 1 1 1 1 1 1 1 1 1 1 1 1 1 1 1 1 1 1 1 1 1 1 1 1 1 1 1 1 1 1 1 1 1 1 1 1 1 1 1 1 1 1 1 1 1 1 1 1 1 1 1 1 1 1 1 1 1 1 1 1 1 1 1 1 1 1 1 1 1 1 1 1 1 1 1 1 1 1 1 1 1 1 1 1 1 1 1 1 1 1 1 1 1 1 1 1 1 1 1 1 1 1 1 1 1 1 1 1 1 1 1 1 1 1 1 1 1 1 1 1 1 1 1 1 1 1 1 1 1 1 1 1 1 1 1 1 1 1 1 1 1 1 1 1 1 1 1 1 1 1 1 1 1 1 1 1 1 1 1 1 1 1 1 1 1 1 1 1 1 1 1 1 1 1 1 1 1 1 1 1 1 1 1 1 1 1 1 1 1 1 1 1 1 1 1 1 1 1 1 1 1 1 1 1 1 1 1 1 1 1 1 1 1 1 1 1 1 1 1 1 1 1 1 1 1 1 1 1 1 1 1 1 1 1 1 1 1 1 1 1 1 1 1 1 1 1 1 1 1 1 1 1 1 1 1 1 1 1 1 1 1 1 1 1 1 1 1 1 1 1 1 1 1 1 1 1 1 1 1 1 1 1 1 1 1 1 1 1 1 1 1 1 1 1 1 1 1 1 1 1 1 1 1 1 1 1 1 1 1 1 1 1 1 1 1 1 1 1 1 1 1 1 1 1 1 1 1 1 1 1 1 1 1 1 1 1 1 1 1 1 1 1 1 1 1 1 1 1 1 1 1 1 1 1 1 1 1 1 1 1 1 1 1 1 1 1 1 1 1 1 1 1 1 1 1 1 1 1 1 1 1 1 1 1 1 1 1 1 1 1 1 1 1 1 1 1 1 1 1 1 1 1 1 1 1 1 1 1 1 1 1 1 1 1 1 1 1 1 1 1 1 1 1 1 1 1 1 1 1 1 1 1 1 1 1 1 1 1 1 1 1 1 1 1 1 1 1 1 1 1 1 1 1 1 1 1 1 1 1 1 1 1 1 1 1 1 1 1 1 1 1 1 1 1 1 1 1 1 1 1 1 1 1 1 1 1 1 1 1 1 1 1 1 1 1 1 1 1 1 1 1 1 1 1 1 1 1 1 1 1 1 1 1 1 1 1 1 1 1 1 1 1 1 1 1 1 1 1 1 1 1 1 1 1 1 1 1 1 1 1 1 1 1 1 1 1 1 1 1 1 1 1 1 1 1 1 1 1 1 1 1 1 1 1 1 1 1 1 1 1 1 1 1 1 1 1 1 1 1 1 1 1 1 1 1 1 1 1 1 1 1 1 1 1 1 1 1 1 1 1 1 1 1 1 1 1 1 1 1 1 1 1 1 1 1 1 1 1 1 1 1 1 1 1 1 1 1 1 1 1 1 1 1 1 1 1 1 1 1 1 1 1 1 1 1 1 1 1 1 1 1 1 1 1 1 1 1 1 1 1 1 1 1 1 1 1 1 1 1 1 1 1 1 1 1 1 1 1 1 1 1 1 1 1 1 1 1 1 1 1 1 1 1 1 1 1 1 1 1 1 1 1 1 1 1 1 1 1 1 1 1 1 1 1 1 1 1 1 1 1 1 1 1 1 1 1 1 1 1 1 1 1 1 1 1 1 1 1 1 1 1 1 1 1 1 1 1 1 1 1 1 1 1 1 1 1 1 1 1 1 1 1 1 1 1 1 1 1 1 1 1 1 1 1 1 1 1 1 1 1 1 1 1 1 1 1 1 1 1 1 1 1 1 1 1 1 1 1 1 1 1 1 1 1 1 1 1 1 1 1 1 1 1 1 1 1 1 1 1 1 1 1 1 1 1 1 1 1 1 1 1 1 1 1 1 1 1 1 1 1 1 1 1 1 1 1 1 1 1 1 1 1 1 1 1 1 1 1 1 1 1 1 1 1 1 1 1 1 1 1 1 1 1 1 1 1 1 1 1 1 1 1 1 1 1 1 1 1 1 1 1 1 1 1 1 1 1 1 1 1 1 1 1 1 1 1 1 1 1 1 1 1 1 1 1 1 1 1 1 1 1 1 1 1 1 1 1 1 1 1 1 1 1 1 1 1 1 1 1 1 1 1 1 1 1 1 1 1 1 1 1 1 1 1 1 1 1 1 1 1 1 1 1 1 1 1 1 1 1 1 1 1 1 1 1 1 1 1 1 1 1 1 1 1 1 1 1 1 1 1 1 1 1 1 1 1 1 1 1 1 1 1 1 1 1 1 1 1 1 1 1 1 1 1 1 1 1 1 1 1 1 1 1 1 1 1 1 1 1 1 1 1 1 1 1 1 1 1 1 1 1 1 1 1 1 1 1 1 1 1 1 1 1 1 1 1 1 1 1 1 1 1 1 1 1 1 1 1 1 1 1 1 1 1 1 1 1 1 1 1 1 1 1 1 1 1 1 1 1 1 1 1 1 1 1 1 1 1 1 1 1 1 1 1 1 1 1 1 1 1 1 1 1 1 1 1 1 1 1 1 1 1 1 1 1 1 1 1 1 1 1 1 1 1 1 1 1 1 1 1 1 1 1 1 1 1 1 1 1 1 1 1 1 1 1 1 1 1 1 1 1 1 1 1 1 1 1 1 1 1 1 1 1 1 1 1 1 1 1 1 1 1 1 1 1 1 1 1 1 1 1 1 1 1 1 1 1 1 1 1 1 1 1 1 1 1 1 1 1 1 1 1 1 1 1 1 1 1 1 1 1 1 1 1 1 1 1 1 1 1 1 1 1 1 1 1 1 1 1 1 1 1 1 1 1 1 1 1 1 1 1 1 1 1 1 1 1 1 1 1 1 1 1 1 1 1 1 1 1 1 1 1 1 1 1 1 1 1 1 1 1 1 1 1 1 1 1 1 1 1 1 1 1 1 1 1 1 1 1 1 1 1 1 1 1 1 1 1 1 1 1 1 1 1 1 1 1 1 1 1 1 1 1 1 1 1 1 1 1 1 1 1 1 1 1 1 1 1 1 1 1 1 1 1 1 1 1 1 1 1 1 1 1 1 1 1 1 1 1 1 1 1 1 1 1 1 1 1 1 1 1 1 1 1 1 1 1 1 1 1 1 1 1 1 1 1 1 1 1 1 1 1 1 1 1 1 1 1 1 1 1 1 1 1 1 1 1 1 1 1 1 1 1 1 1 1 1 1 1 1 1 1 1 1 1 1 1 1 1 1 1 1 1 1 1 1 1 1 1 1 1 1 1 1 1 1 1 1 1 1 1 1 1 1 1 1 1 1 1 1 1 1 1 1 1 1 1 1 1 1 1 1 1 1 1 1 1 1 1 1 1 1 1 1 1 1 1 1 1 1 1 1 1 1 1 1 1 1 1 1 1 1 1 1 1 1 1 1 1 1 1 1 1 1 1 1 1 1 1 1 1 1 1 1 1 1 1 1 1 1 1 1 1 1 1 1 1 1 1 1 1 1 1 1 1 1 1 1 1 1 1 1 1 1 1 1 1 1 1 1 1 1 1 1 1 1 1 1 1 1 1 1 1 1 1 1 1 1 1 1 1 1 1 1 1 1 1 1 1 1 1 1 1 1 1 1 1 1 1 1 1 1 1 1 1 1 1 1 1 1 1 1 1 1 1 1 1 1 1 1 1 1 1 1 1 1 1 1 1 1 1 1 1 1 1 1 1 1 1 1 1 1 1 1 1 1 1 1 1 1 1 1 1 1 1 1 1 1 1 1 1 1 1 1 1 1 1 1 1 1 1 1 1 1 1 1 1 1 1 1 1 1 1 1 1 1 1 1 1 1 1 1 1 1 1 1 1 1 1 1 1 1 1 1 1 1 1 1 1 1 1 1 1 1 1 1 1 1 1 1 1 1 1 1 1 1 1 1 1 1 1 1 1 1 1 1 1 1 1 1 1 1 1 1 1 1 1 1 1 1 1 1 1 1 1 1 1 1 1 1 1 1 1 1 1 1 1 1 1 1 1 1 1 1 1 1 1 1 1 1 1 1 1 1 1 1 1 1 1 1 1 1 1 1 1 1 1 1 1 1 1 1 1 1 1 1 1 1 1 1 1 1 1 1 1 1 1 1 1 1 1 1 1 1 1 1 1 1 1 1 1 1 1 1 1 1 1 1 1 1 1 1 1 1 1 1 1 1 1 1 1 1 1 1 1 1 1 1 1 1 1 1 1 1 1 1 1 1 1 1 1 1 1 1 1 1 1 1 1 1 1 1 1 1 1 1 1 1 1 1 1 1 1 1 1 1 1 1 1 1 1 1 1 1 1 1 1 1 1 1 1 1 1 1 1 1 1 1 1 1 1 1 1 1 1 1 1 1 1 1 1 1 1 1 1 1 1 1 1 1 1 1 1 1 1 1 1 1 1 1 1 1 1 1 1 1 1 1 1 1 1 1 1 1 1 1 1 1 1 1 1 1 1 1 1 1 1 1 1 1 1 1 1 1 1 1 1 1 1 1 1 1 1 1 1 1 1 1 1 1 1 1 1 1 1 1 1 1 1 1 1 1 1 1 1 1 1 1 1 1 1 1 1 1 1 1 1 1 1 1 1 1 1 1 1 1 1 1 1 1 1 1 1 1 1 1 1 1 1 1 1 1 1 1 1 1 1 1 1 1 1 1 1 1 1 1 1 1 1 1 1 1 1 1 1 1 1 1 1 1 1 1 1 1 1 1 1 1 1 1 1 1 1 1 1 1 1 1 1 1 1 1 1 1 1 1 1 1 1 1 1 1 1 1 1 1 1 1 1 1 1 1 1 1 1 1 1 1 1 1 1 1 1 1 1 1 1 1 1 1 1 1 1 1 1 1 1 1 1 1 1 1 1 1 1 1 1 1 1 1 1 1 1 1 1 1 1 1 1 1 1 1 1 1 1 1 1 1 1 1 1 1 1 1 1 1 1 1 1 1 1 1 1 1 1 1 1 1 1 1 1 1 1 1 1 1 1 1 1 1 1 1 1 1 1 1 1 1 1 1 1 1 1 1 1 1 1 1 1 1 1 1 1 1 1 1 1 1 1 1 1 1 1 1 1 1 1 1 1 1 1 1 1 1 1 1 1 1 1 1 1 1 1 1 1 1 1 1 1 1 1 1 1 1 1 1 1 1 1 1 1 1 1 1 1 1 1 1 1 1 1 1 1 1 1 1 1 1 1 1 1 1 1 1 1 1 1 1 1 1 1 1 1 1 1 1 1 1 1 1 1 1 1 1 1 1 1 1 1 1 1 1 1 1 1 1 1 1 1 1 1 1 1 1 1 1 1 1 1 1 1 1 1 1 1 1 1 1 1 1 1 1 1 1 1 1 1 1 1 1 1 1 1 1 1 1 1 1 1 1 1 1 1 1 1 1 1 1 1 1 1 1 1 1 1 1 1 1 1 1 1 1 1 1 1 1 1 1 1 1 1 1 1 1 1 1 1 1 1 1 1 1 1 1 1 1 1 1 1 1 1 1 1 1 1 1 1 1 1 1 1 1 1 1 1 1 1 1 1 1 1 1 1 1 1 1 1 1 1 1 1 1 1 1 1 1 1 1 1 1 1 1 1 1 1 1 1 1 1 1 1 1 1 1 1 1 1 1 1 1 1 1 1 1 1 1 1 1 1 1 1 1 1 1 1 1 1 1 1 1 1 1 1 1 1 1 1 1 1 1 1 1 1 1 1 1 1 1 1 1 1 1 1 1 1 1 1 1 1 1 1 1 1 1 1 1 1 1 1 1 1 1 1 1 1 1 1 1 1 1 1 1 1 1 1 1 1 1 1 1 1 1 1 1 1 1 1 1 1 1 1 1 1 1 1 1 1 1 1 1 1 1 1 1 1 1 1 1 1 1 1 1 1 1 1 1 1 1 1 1 1 1 1 1 1 1 1 1 1 1 1 1 1 1 1 1 1 1 1 1 1 1 1 1 1 1 1 1 1 1 1 1 1 1 1 1 1 1 1 1 1 1 1 1 1 1 1 1 1 1 1 1 1 1 1 1 1 1 1 1 1 1 1 1 1 1 1 1 1 1 1 1 1 1 1 1 1 1 1 1 1 1 1 1 1 1 1 1 1 1 1 1 1 1 1 1 1 1 1 1 1 1 1 1 1 1 1 1 1 1 1 1 1 1 1 1 1 1 1 1 1 1 1 1 1 1 1 1 1 1 1 1 1 1 1 1 1 1 1 1 1 1 1 1 1 1 1 1 1 1 1 1 1 1 1 1 1 1 1 1 1 1 1 1 1 1 1 1 1 1 1 1 1 1 1 1 1 1 1 1 1 1 1 1 1 1 1 1 1 1 1 1 1 1 1 1 1 1 1 1 1 1 1 1 1 1 1 1 1 1 1 1 1 1 1 1 1 1 1 1 1 1 1 1 1 1 1 1 1 1 1 1 1 1 1 1 1 1 1 1 1 1 1 1 1 1 1 1 1 1 1 1 1 1 1 1 1 1 1 1 1 1 1 1 1 1 1 1 1 1 1 1 1 1 1 1 1 1 1 1 1 1 1 1 1 1 1 1 1 1 1 1 1 1 1 1 1 1 1 1 1 1 1 1 1 1 1 1 1 1 1 1 1 1 1 1 1 1 1 1 1 1 1 1 1 1 1 1 1 1 1 1 1 1 1 1 1 1 1 1 1 1 1 1 1 1 1 1 1 1 1 1 1 1 1 1 1 1 1 1 1 1 1 1 1 1 1 1 1 1 1 1 1 1 1 1 1 1 1 1 1 1 1 1 1 1 1 1 1 1 1 1 1 1 1 1 1 1 1 1 1 1 1 1 1 1 1 1 1 1 1 1 1 1 1 1 1 1 1 1 1 1 1 1 1 1 1 1 1 1 1 1 1 1 1 1 1 1 1 1 1 1 1 1 1 1 1 1 1 1 1 1 1 1 1 1 1 1 1 1 1 1 1 1 1 1 1 1 1 1 1 1 1 1 1 1 1 1 1 1 1 1 1 1 1 1 1 1 1 1 1 1 1 1 1 1 1 1 1 1 1 1 1 1 1 1 1 1 1 1 1 1 1 1 1 1 1 1 1 1 1 1 1 1 1 1 1 1 1 1 1 1 1 1 1 1 1 1 1 1 1 1 1 1 1 1 1 1 1 1 1 1 1 1 1 1 1 1 1 1 1 1 1 1 1 1 1 1 1 1 1 1 1 1 1 1 1 1 1 1 1 1 1 1 1 1 1 1 1 1 1 1 1 1 1 1 1 1 1 1 1 1 1 1 1 1 1 1 1 1 1 1 1 1 1 1 1 1 1 1 1 1 1 1 1 1 1 1 1 1 1 1 1 1 1 1 1 1 1 1 1 1 1 1 1 1 1 1 1 1 1 1 1 1 1 1 1 1 1 1 1 1 1 1 1 1 1 1 1 1 1 1 1 1 1 1 1 1 1 1 1 1 1 1 1 1 1 1 1 1 1 1 1 1 1 1 1 1 1 1 1 1 1 1 1 1 1 1 1 1 1 1 1 1 1 1 1 1 1 1 1 1 1 1 1 1 1 1 1 1 1 1 1 1 1 1 1 1 1 1 1 1 1 1 1 1 1 1 1 1 1 1 1 1 1 1 1 1 1 1 1 1 1 1 1 1 1 1 1 1 1 1 1 1 1 1 1 1 1 1 1 1 1 1 1 1 1 1 1 1 1 1 1 1 1 1 1 1 1 1 1 1 1 1 1 1 1 1 1 1 1 1 1 1 1 1 1 1 1 1 1 1 1 1 1 1 1 1 1 1 1 1 1 1 1 1 1 1 1 1 1 1 1 1 1 1 1 1 1 1 1 1 1 1 1 1 1 1 1 1 1 1 1 1 1 1 1 1 1 1 1 1 1 1 1 1 1 1 1 1 1 1 1 1 1 1 1 1 1 1 1 1 1 1 1 1 1 1 1 1 1 1 1 1 1 1 1 1 1 1 1 1 1 1 1 1 1 1 1 1 1 1 1 1 1 1 1 1 1 1 1 1 1 1 1 1 1 1 1 1 1 1 1 1 1 1 1 1 1 1 1 1 1 1 1 1 1 1 1 1 1 1 1 1 1 1 1 1 1 1 1 1 1 1 1 1 1 1 1 1 1 1 1 1 1 1 1 1 1 1 1 1 1 1 1 1 1 1 1 1 1 1 1 1 1 1 1 1 1 1 1 1 1 1 1 1 1 1 1 1 1 1 1 1 1 1 1 1 1 1 1 1 1 1 1 1 1 1 1 1 1 1 1 1 1 1 1 1 1 1 1 1 1 1 1 1 1 1 1 1 1 1 1 1 1 1 1 1 1 1 1 1 1 1 1 1 1 1 1 1 1 1 1 1 1 1 1 1 1 1 1 1 1 1 1 1 1 1 1 1 1 1 1 1 1 1 1 1 1 1 1 1 1 1 1 1 1 1 1 1 1 1 1 1 1 1 1 1 1 1 1 1 1 1 1 1 1 1 1 1 1 1 1 1 1 1 1 1 1 1 1 1 1 1 1 1 1 1 1 1 1 1 1 1 1 1 1 1 1 1 1 1 1 1 1 1 1 1 1 1 1 1 1 1 1 1 1 1 1 1 1 1 1 1 1 1 1 1 1 1 1 1 1 1 1 1 1 1 1 1 1 1 1 1 1 1 1 1 1 1 1 1 1 1 1 1 1 1 1 1 1 1 1 1 1 1 1 1 1 1 1 1 1 1 1 1 1 1 1 1 1 1 1 1 1 1 1 1 1 1 1 1 1 1 1 1 1 1 1 1 1 1 1 1 1 1 1 1 1 1 1 1 1 1 1 1 1 1 1 1 1 1 1 1 1 1 1 1 1 1 1 1 1 1 1 1 1 1 1 1 1 1 1 1 1 1 1 1 1 1 1 1 1 1 1 1 1 1 1 1 1 1 1 1 1 1 1 1 1 1 1 1 1 1 1 1 1 1 1 1</vcount>
          <v>0 0 0 0 0 0 0 0 0 0 0 0 0 0 0 0 0 0 0 0 0 0 0 0 0 0 0 0 0 0 0 0 0 0 0 0 0 0 0 0 0 0 0 0 0 0 0 0 0 0 0 0 0 0 0 0 0 0 0 0 0 0 0 0 0 0 0 0 0 0 0 0 0 0 0 0 0 0 0 0 0 0 0 0 0 0 0 0 0 0 0 0 0 0 0 0 0 0 0 0 0 0 0 0 0 0 0 0 0 0 0 0 0 0 0 0 0 0 0 0 0 0 0 0 0 0 0 0 0 0 0 0 0 0 0 0 0 0 0 0 0 0 0 0 0 0 0 0 0 0 0 0 0 0 0 0 0 0 0 0 0 0 0 0 0 0 0 0 0 0 0 0 0 0 0 0 0 0 0 0 0 0 0 0 0 0 0 0 0 0 0 0 0 0 0 0 0 0 0 0 0 0 0 0 0 0 0 0 0 0 0 0 0 0 0 0 0 0 0 0 0 0 0 0 0 0 0 0 0 0 0 0 0 0 0 0 0 0 0 0 0 0 0 0 0 0 0 0 0 0 0 0 0 0 0 0 0 0 0 0 0 0 0 0 0 0 0 0 0 0 0 0 0 0 0 0 0 0 0 0 0 0 0 0 0 0 0 0 0 0 0 0 0 0 0 0 0 0 0 0 0 0 0 0 0 0 0 0 0 0 0 0 0 0 0 0 0 0 0 0 0 0 0 0 0 0 0 0 0 0 0 0 0 0 0 0 0 0 0 0 0 0 0 0 0 0 0 0 0 0 0 0 0 0 0 0 0 0 0 0 0 0 0 0 0 0 0 0 0 0 0 0 0 0 0 0 0 0 0 0 0 0 0 0 0 0 0 0 0 0 0 0 0 0 0 0 0 0 0 0 0 0 0 0 0 0 0 0 0 0 0 0 0 0 0 0 0 0 0 0 0 0 0 0 0 0 0 0 0 0 0 0 0 0 0 0 0 0 0 0 0 0 0 0 0 0 0 0 0 0 0 0 0 0 0 0 0 0 0 0 0 0 0 0 0 0 0 0 0 0 0 0 0 0 0 0 0 0 0 0 0 0 0 0 0 0 0 0 0 0 0 0 0 0 0 0 0 0 0 0 0 0 0 0 0 0 0 0 0 0 0 0 0 0 0 0 0 0 0 0 0 0 0 0 0 0 0 0 0 0 0 0 0 0 0 0 0 0 0 0 0 0 0 0 0 0 0 0 0 0 0 0 0 0 0 0 0 0 0 0 0 0 0 0 0 0 0 0 0 0 0 0 0 0 0 0 0 0 0 0 0 0 0 0 0 0 0 0 0 0 0 0 0 0 0 0 0 0 0 0 0 0 0 0 0 0 0 0 0 0 0 0 0 0 0 0 0 0 0 0 0 0 0 0 0 0 0 0 0 0 0 0 0 0 0 0 0 0 0 0 0 0 0 0 0 0 0 0 0 0 0 0 0 0 0 0 0 0 0 0 0 0 0 0 0 0 0 0 0 0 0 0 0 0 0 0 0 0 0 0 0 0 0 0 0 0 0 0 0 0 0 0 0 0 0 0 0 0 0 0 0 0 0 0 0 0 0 0 0 0 0 0 0 0 0 0 0 0 0 0 0 0 0 0 0 0 0 0 0 0 0 0 0 0 0 0 0 0 0 0 0 0 0 0 0 0 0 0 0 0 0 0 0 0 0 0 0 0 0 0 0 0 0 0 0 0 0 0 0 0 0 0 0 0 0 0 0 0 0 0 0 0 0 0 0 0 0 0 0 0 0 0 0 0 0 0 0 0 0 0 0 0 0 0 0 0 0 0 0 0 0 0 0 0 0 0 0 0 0 0 0 0 0 0 0 0 0 0 0 0 0 0 0 0 0 0 0 0 0 0 0 0 0 0 0 0 0 0 0 0 0 0 0 0 0 0 0 0 0 0 0 0 0 0 0 0 0 0 0 0 0 0 0 0 0 0 0 0 0 0 0 0 0 0 0 0 0 0 0 0 0 0 0 0 0 0 0 0 0 0 0 0 0 0 0 0 0 0 0 0 0 0 0 0 0 0 0 0 0 0 0 0 0 0 0 0 0 0 0 0 0 0 0 0 0 0 0 0 0 0 0 0 0 0 0 0 0 0 0 0 0 0 0 0 0 0 0 0 0 0 0 0 0 0 0 0 0 0 0 0 0 0 0 0 0 0 0 0 0 0 0 0 0 0 0 0 0 0 0 0 0 0 0 0 0 0 0 0 0 0 0 0 0 0 0 0 0 0 0 0 0 0 0 0 0 0 0 0 0 0 0 0 0 0 0 0 0 0 0 0 0 0 0 0 0 0 0 0 0 0 0 0 0 0 0 0 0 0 0 0 0 0 0 0 0 0 0 0 0 0 0 0 0 0 0 0 0 0 0 0 0 0 0 0 0 0 0 0 0 0 0 0 0 0 0 0 0 0 0 0 0 0 0 0 0 0 0 0 0 0 0 0 0 0 0 0 0 0 0 0 0 0 0 0 0 0 0 0 0 0 0 0 0 0 0 0 0 0 0 0 0 0 0 0 0 0 0 0 0 0 0 0 0 0 0 0 0 0 0 0 0 0 0 0 0 0 0 0 0 0 0 0 0 0 0 0 0 0 0 0 0 0 0 0 0 0 0 0 0 0 0 0 0 0 0 0 0 0 0 0 0 0 0 0 0 0 0 0 0 0 0 0 0 0 0 0 0 0 0 0 0 0 0 0 0 0 0 0 0 0 0 0 0 0 0 0 0 0 0 0 0 0 0 0 0 0 0 0 0 0 0 0 0 0 0 0 0 0 0 0 0 0 0 0 0 0 0 0 0 0 0 0 0 0 0 0 0 0 0 0 0 0 0 0 0 0 0 0 0 0 0 0 0 0 0 0 0 0 0 0 0 0 0 0 0 0 0 0 0 0 0 0 0 0 0 0 0 0 0 0 0 0 0 0 0 0 0 0 0 0 0 0 0 0 0 0 0 0 0 0 0 0 0 0 0 0 0 0 0 0 0 0 0 0 0 0 0 0 0 0 0 0 0 0 0 0 0 0 0 0 0 0 0 0 0 0 0 0 0 0 0 0 0 0 0 0 0 0 0 0 0 0 0 0 0 0 0 0 0 0 0 0 0 0 0 0 0 0 0 0 0 0 0 0 0 0 0 0 0 0 0 0 0 0 0 0 0 0 0 0 0 0 0 0 0 0 0 0 0 0 0 0 0 0 0 0 0 0 0 0 0 0 0 0 0 0 0 0 0 0 0 0 0 0 0 0 0 0 0 0 0 0 0 0 0 0 0 0 0 0 0 0 0 0 0 0 0 0 0 0 0 0 0 0 0 0 0 0 0 0 0 0 0 0 0 0 0 0 0 0 0 0 0 0 0 0 0 0 0 0 0 0 0 0 0 0 0 0 0 0 0 0 0 0 0 0 0 0 0 0 0 0 0 0 0 0 0 0 0 0 0 0 0 0 0 0 0 0 0 0 0 0 0 0 0 0 0 0 0 0 0 0 0 0 0 0 0 0 0 0 0 0 0 0 0 0 0 0 0 0 0 0 0 0 0 0 0 0 0 0 0 0 0 0 0 0 0 0 0 0 0 0 0 0 0 0 0 0 0 0 0 0 0 0 0 0 0 0 0 0 0 0 0 0 0 0 0 0 0 0 0 0 0 0 0 0 0 0 0 0 0 0 0 0 0 0 0 0 0 0 0 0 0 0 0 0 0 0 0 0 0 0 0 0 0 0 0 0 0 0 0 0 0 0 0 0 0 0 0 0 0 0 0 0 0 0 0 0 0 0 0 0 0 0 0 0 0 0 0 0 0 0 0 0 0 0 0 0 0 0 0 0 0 0 0 0 0 0 0 0 0 0 0 0 0 0 0 0 0 0 0 0 0 0 0 0 0 0 0 0 0 0 0 0 0 0 0 0 0 0 0 0 0 0 0 0 0 0 0 0 0 0 0 0 0 0 0 0 0 0 0 0 0 0 0 0 0 0 0 0 0 0 0 0 0 0 0 0 0 0 0 0 0 0 0 0 0 0 0 0 0 0 0 0 0 0 0 0 0 0 0 0 0 0 0 0 0 0 0 0 0 0 0 0 0 0 0 0 0 0 0 0 0 0 0 0 0 0 0 0 0 0 0 0 0 0 0 0 0 0 0 0 0 0 0 0 0 0 0 0 0 0 0 0 0 0 0 0 0 0 0 0 0 0 0 0 0 0 0 0 0 0 0 0 0 0 0 0 0 0 0 0 0 0 0 0 0 0 0 0 0 0 0 0 0 0 0 0 0 0 0 0 0 0 0 0 0 0 0 0 0 0 0 0 0 0 0 0 0 0 0 0 0 0 0 0 0 0 0 0 0 0 0 0 0 0 0 0 0 0 0 0 0 0 0 0 0 0 0 0 0 0 0 0 0 0 0 0 0 0 0 0 0 0 0 0 0 0 0 0 0 0 0 0 0 0 0 0 0 0 0 0 0 0 0 0 0 0 0 0 0 0 0 0 0 0 0 0 0 0 0 0 0 0 0 0 0 0 0 0 0 0 0 0 0 0 0 0 0 0 0 0 0 0 0 0 0 0 0 0 0 0 0 0 0 0 0 0 0 0 0 0 0 0 0 0 0 0 0 0 0 0 0 0 0 0 0 0 0 0 0 0 0 0 0 0 0 0 0 0 0 0 0 0 0 0 0 0 0 0 0 0 0 0 0 0 0 0 0 0 0 0 0 0 0 0 0 0 0 0 0 0 0 0 0 0 0 0 0 0 0 0 0 0 0 0 0 0 0 0 0 0 0 0 0 0 0 0 0 0 0 0 0 0 0 0 0 0 0 0 0 0 0 0 0 0 0 0 0 0 0 0 0 0 0 0 0 0 0 0 0 0 0 0 0 0 0 0 0 0 0 0 0 0 0 0 0 0 0 0 0 0 0 0 0 0 0 0 0 0 0 0 0 0 0 0 0 0 0 0 0 0 0 0 0 0 0 0 0 0 0 0 0 0 0 0 0 0 0 0 0 0 0 0 0 0 0 0 0 0 0 0 0 0 0 0 0 0 0 0 0 0 0 0 0 0 0 0 0 0 0 0 0 0 0 0 0 0 0 0 0 0 0 0 0 0 0 0 0 0 0 0 0 0 0 0 0 0 0 0 0 0 0 0 0 0 0 0 0 0 0 0 0 0 0 0 0 0 0 0 0 0 0 0 0 0 0 0 0 0 0 0 0 0 0 0 0 0 0 0 0 0 0 0 0 0 0 0 0 0 0 0 0 0 0 0 0 0 0 0 0 0 0 0 0 0 0 0 0 0 0 0 0 0 0 0 0 0 0 0 0 0 0 0 0 0 0 0 0 0 0 0 0 0 0 0 0 0 0 0 0 0 0 0 0 0 0 0 0 0 0 0 0 0 0 0 0 0 0 0 0 0 0 0 0 0 0 0 0 0 0 0 0 0 0 0 0 0 0 0 0 0 0 0 0 0 0 0 0 0 0 0 0 0 0 0 0 0 0 0 0 0 0 0 0 0 0 0 0 0 0 0 0 0 0 0 0 0 0 0 0 0 0 0 0 0 0 0 0 0 0 0 0 0 0 0 0 0 0 0 0 0 0 0 0 0 0 0 0 0 0 0 0 0 0 0 0 0 0 0 0 0 0 0 0 0 0 0 0 0 0 0 0 0 0 0 0 0 0 0 0 0 0 0 0 0 0 0 0 0 0 0 0 0 0 0 0 0 0 0 0 0 0 0 0 0 0 0 0 0 0 0 0 0 0 0 0 0 0 0 0 0 0 0 0 0 0 0 0 0 0 0 0 0 0 0 0 0 0 0 0 0 0 0 0 0 0 0 0 0 0 0 0 0 0 0 0 0 0 0 0 0 0 0 0 0 0 0 0 0 0 0 0 0 0 0 0 0 0 0 0 0 0 0 0 0 0 0 0 0 0 0 0 0 0 0 0 0 0 0 0 0 0 0 0 0 0 0 0 0 0 0 0 0 0 0 0 0 0 0 0 0 0 0 0 0 0 0 0 0 0 0 0 0 0 0 0 0 0 0 0 0 0 0 0 0 0 0 0 0 0 0 0 0 0 0 0 0 0 0 0 0 0 0 0 0 0 0 0 0 0 0 0 0 0 0 0 0 0 0 0 0 0 0 0 0 0 0 0 0 0 0 0 0 0 0 0 0 0 0 0 0 0 0 0 0 0 0 0 0 0 0 0 0 0 0 0 0 0 0 0 0 0 0 0 0 0 0 0 0 0 0 0 0 0 0 0 0 0 0 0 0 0 0 0 0 0 0 0 0 0 0 0 0 0 0 0 0 0 0 0 0 0 0 0 0 0 0 0 0 0 0 0 0 0 0 0 0 0 0 0 0 0 0 0 0 0 0 0 0 0 0 0 0 0 0 0 0 0 0 0 0 0 0 0 0 0 0 0 0 0 0 0 0 0 0 0 0 0 0 0 0 0 0 0 0 0 0 0 0 0 0 0 0 0 0 0 0 0 0 0 0 0 0 0 0 0 0 0 0 0 0 0 0 0 0 0 0 0 0 0 0 0 0 0 0 0 0 0 0 0 0 0 0 0 0 0 0 0 0 0 0 0 0 0 0 0 0 0 0 0 0 0 0 0 0 0 0 0 0 0 0 0 0 0 0 0 0 0 0 0 0 0 0 0 0 0 0 0 0 0 0 0 0 0 0 0 0 0 0 0 0 0 0 0 0 0 0 0 0 0 0 0 0 0 0 0 0 0 0 0 0 0 0 0 0 0 0 0 0 0 0 0 0 0 0 0 0 0 0 0 0 0 0 0 0 0 0 0 0 0 0 0 0 0 0 0 0 0 0 0 0 0 0 0 0 0 0 0 0 0 0 0 0 0 0 0 0 0 0 0 0 0 0 0 0 0 0 0 0 0 0 0 0 0 0 0 0 0 0 0 0 0 0 0 0 0 0 0 0 0 0 0 0 0 0 0 0 0 0 0 0 0 0 0 0 0 0 0 0 0 0 0 0 0 0 0 0 0 0 0 0 0 0 0 0 0 0 0 0 0 0 0 0 0 0 0 0 0 0 0 0 0 0 0 0 0 0 0 0 0 0 0 0 0 0 0 0 0 0 0 0 0 0 0 0 0 0 0 0 0 0 0 0 0 0 0 0 0 0 0 0 0 0 0 0 0 0 0 0 0 0 0 0 0 0 0 0 0 0 0 0 0 0 0 0 0 0 0 0 0 0 0 0 0 0 0 0 0 0 0 0 0 0 0 0 0 0 0 0 0 0 0 0 0 0 0 0 0 0 0 0 0 0 0 0 0 0 0 0 0 0 0 0 0 0 0 0 0 0 0 0 0 0 0 0 0 0 0 0 0 0 0 0 0 0 0 0 0 0 0 0 0 0 0 0 0 0 0 0 0 0 0 0 0 0 0 0 0 0 0 0 0 0 0 0 0 0 0 0 0 0 0 0 0 0 0 0 0 0 0 0 0 0 0 0 0 0 0 0 0 0 0 0 0 0 0 0 0 0 0 0 0 0 0 0 0 0 0 0 0 0 0 0 0 0 0 0 0 0 0 0 0 0 0 0 0 0 0 0 0 0 0 0 0 0 0 0 0 0 0 0 0 0 0 0 0 0 0 0 0 0 0 0 0 0 0 0 0 0 0 0 0 0 0 0 0 0 0 0 0 0 0 0 0 0 0 0 0 0 0 0 0 0 0 0 0 0 0 0 0 0 0 0 0 0 0 0 0 0 0 0 0 0 0 0 0 0 0 0 0 0 0 0 0 0 0 0 0 0 0 0 0 0 0 0 0 0 0 0 0 0 0 0 0 0 0 0 0 0 0 0 0 0 0 0 0 0 0 0 0 0 0 0 0 0 0 0 0 0 0 0 0 0 0 0 0 0 0 0 0 0 0 0 0 0 0 0 0 0 0 0 0 0 0 0 0 0 0 0 0 0 0 0 0 0 0 0 0 0 0 0 0 0 0 0 0 0 0 0 0 0 0 0 0 0 0 0 0 0 0 0 0 0 0 0 0 0 0 0 0 0 0 0 0 0 0 0 0 0 0 0 0 0 0 0 0 0 0 0 0 0 0 0 0 0 0 0 0 0 0 0 0 0 0 0 0 0 0 0 0 0 0 0 0 0 0 0 0 0 0 0 0 0 0 0 0 0 0 0 0 0 0 0 0 0 0 0 0 0 0 0 0 0 0 0 0 0 0 0 0 0 0 0 0 0 0 0 0 0 0 0 0 0 0 0 0 0 0 0 0 0 0 0 0 0 0 0 0 0 0 0 0 0 0 0 0 0 0 0 0 0 0 0 0 0 0 0 0 0 0 0 0 0 0 0 0 0 0 0 0 0 0 0 0 0 0 0 0 0 0 0 0 0 0 0 0 0 0 0 0 0 0 0 0 0 0 0 0 0 0 0 0 0 0 0 0 0 0 0 0 0 0 0 0 0 0 0 0 0 0 0 0 0 0 0 0 0 0 0 0 0 0 0 0 0 0 0 0 0 0 0 0 0 0 0 0 0 0 0 0 0 0 0 0 0 0 0 0 0 0 0 0 0 0 0 0 0 0 0 0 0 0 0 0 0 0 0 0 0 0 0 0 0 0 0 0 0 0 0 0 0 0 0 0 0 0 0 0 0 0 0 0 0 0 0 0 0 0 0 0 0 0 0 0 0 0 0 0 0 0 0 0 0 0 0 0 0 0 0 0 0 0 0 0 0 0 0 0 0 0 0 0 0 0 0 0 0 0 0 0 0 0 0 0 0 0 0 0 0 0 0 0 0 0 0 0 0 0 0 0 0 0 0 0 0 0 0 0 0 0 0 0 0 0 0 0 0 0 0 0 0 0 0 0 0 0 0 0 0 0 0 0 0 0 0 0 0 0 0 0 0 0 0 0 0 0 0 0 0 0 0 0 0 0 0 0 0 0 0 0 0 0 0 0 0 0 0 0 0 0 0 0 0 0 0 0 0 0 0 0 0 0 0 0 0 0 0 0 0 0 0 0 0 0 0 0 0 0 0 0 0 0 0 0 0 0 0 0 0 0 0 0 0 0 0 0 0 0 0 0 0 0 0 0 0 0 0 0 0 0 0 0 0 0 0 0 0 0 0 0 0 0 0 0 0 0 0 0 0 0 0 0 0 0 0 0 0 0 0 0 0 0 0 0 0 0 0 0 0 0 0 0 0 0 0 0 0 0 0 0 0 0 0 0 0 0 0 0 0 0 0 0 0 0 0 0 0 0 0 0 0 0 0 0 0 0 0 0 0 0 0 0 0 0 0 0 0 0 0 0 0 0 0 0 0 0 0 0 0 0 0 0 0 0 0 0 0 0 0 0 0 0 0 0 0 0 0 0 0 0 0 0 0 0 0 0 0 0 0 0 0 0 0 0 0 0 0 0 0 0 0 0 0 0 0 0 0 0 0 0 0 0 0 0 0 0 0 0 0 0 0 0 0 0 0 0 0 0 0 0 0 0 0 0 0 0 0 0 0 0 0 0 0 0 0 0 0 0 0 0 0 0 0 0 0 0 0 0 0 0 0 0 0 0 0 0 0 0 0 0 0 0 0 0 0 0 0 0 0 0 0 0 0 0 0 0 0 0 0 0 0 0 0 0 0 0 0 0 0 0 0 0 0 0 0 0 0 0 0 0 0 0 0 0 0 0 0 0 0 0 0 0 0 0 0 0 0 0 0 0 0 0 0 0 0 0 0 0 0 0 0 0 0 0 0 0 0 0 0 0 0 0 0 0 0 0 0 0 0 0 0 0 0 0 0 0 0 0 0 0 0 0 0 0 0 0 0 0 0 0 0 0 0 0 0 0 0 0 0 0 0 0 0 0 0 0 0 0 0 0 0 0 0 0 0 0 0 0 0 0 0 0 0 0 0 0 0 0 0 0 0 0 0 0 0 0 0 0 0 0 0 0 0 0 0 0 0 0 0 0 0 0 0 0 0 0 0 0 0 0 0 0 0 0 0 0 0 0 0 0 0 0 0 0 0 0 0 0 0 0 0 0 0 0 0 0 0 0 0 0 0 0 0 0 0 0 0 0 0 0 0 0 0 0 0 0 0 0 0 0 0 0 0 0 0 0 0 0 0 0 0 0 0 0 0 0 0 0 0 0 0 0 0 0 0 0 0 0 0 0 0 0 0 0 0 0 0 0 0 0 0 0 0 0 0 0 0 0 0 0 0 0 0 0 0 0 0 0 0 0 0 0 0 0 0 0 0 0 0 0 0 0 0 0 0 0 0 0 0 0 0 0 0 0 0 0 0 0 0 0 0 0 0 0 0 0 0 0 0 0 0 0 0 0 0 0 0 0 0 0 0 0 0 0 0 0 0 0 0 0 0 0 0 0 0 0 0 0 0 0 0 0 0 0 0 0 0 0 0 0 0 0 0 0 0 0 0 0 0 0 0 0 0 0 0 0 0 0 0 0 0 0 0 0 0 0 0 0 0 0 0 0 0 0 0 0 0 0 0 0 0 0 0 0 0 0 0 0 0 0 0 0 0 0 0 0 0 0 0 0 0 0 0 0 0 0 0 0 0 0 0 0 0 0 0 0 0 0 0 0 0 0 0 0 0 0 0 0 0 0 0 0 0 0 0 0 0 0 0 0 0 0 0 0 0 0 0 0 0 0 0 0 0 0 0 0 0 0 0 0 0 0 0 0 0 0 0 0 0 0 0 0 0 0 0 0 0 0 0 0 0 0 0 0 0 0 0 0 0 0 0 0 0 0 0 0 0 0 0 0 0 0 0 0 0 0 0 0 0 0 0 0 0 0 0 0 0 0 0 0 0 0 0 0 0 0 0 0 0 0 0 0 0 0 0 0 0 0 0 0 0 0 0 0 0 0 0 0 0 0 0 0 0 0 0 0 0 0 0 0 0 0 0 0 0 0 0 0 0 0 0 0 0 0 0 0 0 0 0 0 0 0 0 0 0 0 0 0 0 0 0 0 0 0 0 0 0 0 0 0 0 0 0 0 0 0 0 0 0 0 0 0 0 0 0 0 0 0 0 0 0 0 0 0 0 0 0 0 0 0 0 0 0 0 0 0 0 0 0 0 0 0 0 0 0 0 0 0 0 0 0 0 0 0 0 0 0 0 0 0 0 0 0 0 0 0 0 0 0 0 0 0 0 0 0 0 0 0 0 0 0 0 0 0 0 0 0 0 0 0 0 0 0 0 0 0 0 0 0 0 0 0 0 0 0 0 0 0 0 0 0 0 0 0 0 0 0 0 0 0 0 0 0 0 0 0 0 0 0 0 0 0 0 0 0 0 0 0 0 0 0 0 0 0 0 0 0 0 0 0 0 0 0 0 0 0 0 0 0 0 0 0 0 0 0 0 0 0 0 0 0 0 0 0 0 0 0 0 0 0 0 0 0 0 0 0 0 0 0 0 0 0 0 0 0 0 0 0 0 0 0 0 0 0 0 0 0 0 0 0 0 0 0 0 0 0 0 0 0 0 0 0 0 0 0 0 0 0 0 0 0 0 0 0 0 0 0 0 0 0 0 0 0 0 0 0 0 0 0 0 0 0 0 0 0 0 0 0 0 0 0 0 0 0 0 0 0 0 0 0 0 0 0 0 0 0 0 0 0 0 0 0 0 0 0 0 0 0 0 0 0 0 0 0 0 0 0 0 0 0 0 0 0 0 0 0 0 0 0 0 0 0 0 0 0 0 0 0 0 0 0 0 0 0 0 0 0 0 0 0 0 0 0 0 0 0 0 0 0 0 0 0 0 0 0 0 0 0 0 0 0 0 0 0 0 0 0 0 0 0 0 0 0 0 0 0 0 0 0 0 0 0 0 0 0 0 0 0 0 0 0 0 0 0 0 0 0 0 0 0 0 0 0 0 0 0 0 0 0 0 0 0 0 0 0 0 0 0 0 0 0 0 0 0 0 0 0 0 0 0 0 0 0 0 0 0 0 0 0 0 0 0 0 0 0 0 0 0 0 0 0 0 0 0 0 0 0 0 0 0 0 0 0 0 0 0 0 0 0 0 0 0 0 0 0 0 0 0 0 0 0 0 0 0 0 0 0 0 0 0 0 0 0 0 0 0 0 0 0 0 0 0 0 0 0 0 0 0 0 0 0 0 0 0 0 0 0 0 0 0 0 0 0 0 0 0 0 0 0 0 0 0 0 0 0 0 0 0 0 0 0 0 0 0 0 0 0 0 0 0 0 0 0 0 0 0 0 0 0 0 0 0 0 0 0 0 0 0 0 0 0 0 0 0 0 0 0 0 0 0 0 0 0 0 0 0 0 0 0 0 0 0 0 0 0 0 0 0 0 0 0 0 0 0 0 0 0 0 0 0 0 0 0 0 0 0 0 0 0 0 0 0 0 0 0 0 0 0 0 0 0 0 0 0 0 0 0 0 0 0 0 0 0 0 0 0 0 0 0 0 0 0 0 0 0 0 0 0 0 0 0 0 0 0 0 0 0 0 0 0 0 0 0 0 0 0 0 0 0 0 0 0 0 0 0 0 0 0 0 0 0 0 0 0 0 0 0 0 0 0 0 0 0 0 0 0 0 0 0 0 0 0 0 0 0 0 0 0 0 0 0 0 0 0 0 0 0 0 0 0 0 0 0 0 0 0 0 0 0 0 0 0 0 0 0 0 0 0 0 0 0 0 0 0 0 0 0 0 0 0 0 0 0 0 0 0 0 0 0 0 0 0 0 0 0 0 0 0 0 0 0 0 0 0 0 0 0 0 0 0 0 0 0 0 0 0 0 0 0 0 0 0 0 0 0 0 0 0 0 0 0 0 0 0 0 0 0 0 0 0 0 0 0 0 0 0 0 0 0 0 0 0 0 0 0 0 0 0 0 0 0 0 0 0 0 0 0 0 0 0 0 0 0 0 0 0 0 0 0 0 0 0 0 0 0 0 0 0 0 0 0 0 0 0 0 0 0 0 0 0 0 0 0 0 0 0 0 0 0 0 0 0 0 0 0 0 0 0 0 0 0 0 0 0 0 0 0 0 0 0 0 0 0 0 0 0 0 0 0 0 0 0 0 0 0 0 0 0 0 0 0 0 0 0 0 0 0 0 0 0 0 0 0 0 0 0 0 0 0 0 0 0 0 0 0 0 0 0 0 0 0 0 0 0 0 0 0 0 0 0 0 0 0 0 0 0 0 0 0 0 0 0 0 0 0 0 0 0 0 0 0 0 0 0 0 0 0 0 0 0 0 0 0 0 0 0 0 0 0 0 0 0 0 0 0 0 0 0 0 0 0 0 0 0 0 0 0 0 0 0 0 0 0 0 0 0 0 0 0 0 0 0 0 0 0 0 0 0 0 0 0 0 0 0 0 0 0 0 0 0 0 0 0 0 0 0 0 0 0 0 0 0 0 0 0 0 0 0 0 0 0 0 0 0 0 0 0 0 0 0 0 0 0 0 0 0 0 0 0 0 0 0 0 0 0 0 0 0 0 0 0 0 0 0 0 0 0 0 0 0 0 0 0 0 0 0 0 0 0 0 0 0 0 0 0 0 0 0 0 0 0 0 0 0 0 0 0 0 0 0 0 0 0 0 0 0 0 0 0 0 0 0 0 0 0 0 0 0 0 0 0 0 0 0 0 0 0 0 0 0 0 0 0 0 0 0 0 0 0 0 0 0 0 0 0 0 0 0 0 0 0 0 0 0 0 0 0 0 0 0 0 0 0 0 0 0 0 0 0 0 0 0 0 0 0 0 0 0 0 0 0 0 0 0 0 0 0 0 0 0 0 0 0 0 0 0 0 0 0 0 0 0 0 0 0 0 0 0 0 0 0 0 0 0 0 0 0 0 0 0 0 0 0 0 0 0 0 0 0 0 0 0 0 0 0 0 0 0 0 0 0 0 0 0 0 0 0 0 0 0 0 0 0 0 0 0 0 0 0 0 0 0 0 0 0 0 0 0 0 0 0 0 0 0 0 0 0 0 0 0 0 0 0 0 0 0 0 0 0 0 0 0 0 0 0 0 0 0 0 0 0 0 0 0 0 0 0 0 0 0 0 0 0 0 0 0 0 0 0 0 0 0 0 0 0 0 0 0 0 0 0 0 0 0 0 0 0 0 0 0 0 0 0 0 0 0 0 0 0 0 0 0 0 0 0 0 0 0 0 0 0 0 0 0 0 0 0 0 0 0 0 0 0 0 0 0 0 0 0 0 0 0 0 0 0 0 0 0 0 0 0 0 0 0 0 0 0 0 0 0 0 0 0 0 0 0 0 0 0 0 0 0 0 0 0 0 0 0 0 0 0 0 0 0 0 0 0 0 0 0 0 0 0 0 0 0 0 0 0 0 0 0 0 0 0 0 0 0 0 0 0 0 0 0 0 0 0 0 0 0 0 0 0 0 0 0 0 0 0 0 0 0 0 0 0 0 0 0 0 0 0 0 0 0 0 0 0 0 0 0 0 0 0 0 0 0 0 0 0 0 0 0 0 0 0 0 0 0 0 0 0 0 0 0 0 0 0 0 0 0 0 0 0 0 0 0 0 0 0 0 0 0 0 0 0 0 0 0 0 0 0 0 0 0 0 0 0 0 0 0 0 0 0 0 0 0 0 0 0 0 0 0 0 0 0 0 0 0 0 0 0 0 0 0 0 0 0 0 0 0 0 0 0 0 0 0 0 0 0 0 0 0 0 0 0 0 0 0 0 0 0 0 0 0 0 0 0 0 0 0 0 0 0 0 0 0 0 0 0 0 0 0 0 0 0 0 0 0 0 0 0 0 0 0 0 0 0 0 0 0 0 0 0 0 0 0 0 0 0 0 0 0 0 0 0 0 0 0 0 0 0 0 0 0 0 0 0 0 0 0 0 0 0 0 0 0 0 0 0 0 0 0 0 0 0 0 0 0 0 0 0 0 0 0 0 0 0 0 0 0 0 0 0 0 0 0 0 0 0 0 0 0 0 0 0 0 0 0 0 0 0 0 0 0 0 0 0 0 0 0 0 0 0 0 0 0 0 0 0 0 0 0 0 0 0 0 0 0 0 0 0 0 0 0 0 0 0 0 0 0 0 0 0 0 0 0 0 0 0 0 0 0 0 0 0 0 0 0 0 0 0 0 0 0 0 0 0 0 0 0 0 0 0 0 0 0 0 0 0 0 0 0 0 0 0 0 0 0 0 0 0 0 0 0 0 0 0 0 0 0 0 0 0 0 0 0 0 0 0 0 0 0 0 0 0 0 0 0 0 0 0 0 0 0 0 0 0 0 0 0 0 0 0 0 0 0 0 0 0 0 0 0 0 0 0 0 0 0 0 0 0 0 0 0 0 0 0 0 0 0 0 0 0 0 0 0 0 0 0 0 0 0 0 0 0 0 0 0 0 0 0 0 0 0 0 0 0 0 0 0 0 0 0 0 0 0 0 0 0 0 0 0 0 0 0 0 0 0 0 0 0 0 0 0 0 0 0 0 0 0 0 0 0 0 0 0 0 0 0 0 0 0 0 0 0 0 0 0 0 0 0 0 0 0 0 0 0 0 0 0 0 0 0 0 0 0 0 0 0 0 0 0 0 0 0 0 0 0 0 0 0 0 0 0 0 0 0 0 0 0 0 0 0 0 0 0 0 0 0 0 0 0 0 0 0 0 0 0 0 0 0 0 0 0 0 0 0 0 0 0 0 0 0 0 0 0 0 0 0 0 0 0 0 0 0 0 0 0 0 0 0 0 0 0 0 0 0 0 0 0 0 0 0 0 0 0 0 0 0 0 0 0 0 0 0 0 0 0 0 0 0 0 0 0 0 0 0 0 0 0 0 0 0 0 0 0 0 0 0 0 0 0 0 0 0 0 0 0 0 0 0 0 0 0 0 0 0 0 0 0 0 0 0 0 0 0 0 0 0 0 0 0 0 0 0 0 0 0 0 0 0 0 0 0 0 0 0 0 0 0 0 0 0 0 0 0 0 0 0 0 0 0 0 0 0 0 0 0 0 0 0 0 0 0 0 0 0 0 0 0 0 0 0 0 0 0 0 0 0 0 0 0 0 0 0 0 0 0 0 0 0 0 0 0 0 0 0 0 0 0 0 0 0 0 0 0 0 0 0 0 0 0 0 0 0 0 0 0 0 0 0 0 0 0 0 0 0 0 0 0 0 0 0 0 0 0 0 0 0 0 0 0 0 0 0 0 0 0 0 0 0 0 0 0 0 0 0 0 0 0 0 0 0 0 0 0 0 0 0 0 0 0 0 0 0 0 0 0 0 0 0 0 0 0 0 0 0 0 0 0 0 0 0 0 0 0 0 0 0 0 0 0 0 0 0 0 0 0 0 0 0 0 0 0 0 0 0 0 0 0 0 0 0 0 0 0 0 0 0 0 0 0 0 0 0 0 0 0 0 0 0 0 0 0 0 0 0 0 0 0 0 0 0 0 0 0 0 0 0 0 0 0 0 0 0 0 0 0 0 0 0 0 0 0 0 0 0 0 0 0 0 0 0 0 0 0 0 0 0 0 0 0 0 0 0 0 0 0 0 0 0 0 0 0 0 0 0 0 0 0 0 0 0 0 0 0 0 0 0 0 0 0 0 0 0 0 0 0 0 0 0 0 0 0 0 0 0 0 0 0 0 0 0 0 0 0 0 0 0 0 0 0 0 0 0 0 0 0 0 0 0 0 0 0 0 0 0 0 0 0 0 0 0 0 0 0 0 0 0 0 0 0 0 0 0 0 0 0 0 0 0 0 0 0 0 0 0 0 0 0 0 0 0 0 0 0 0 0 0 0 0 0 0 0 0 0 0 0 0 0 0 0 0 0 0 0 0 0 0 0 0 0 0 0 0 0 0 0 0 0 0 0 0 0 0 0 0 0 0 0 0 0 0 0 0 0 0 0 0 0 0 0 0 0 0 0 0 0 0 0 0 0 0 0 0 0 0 0 0 0 0 0 0 0 0 0 0 0 0 0 0 0 0 0 0 0 0 0 0 0 0 0 0 0 0 0 0 0 0 0 0 0 0 0 0 0 0 0 0 0 0 0 0 0 0 0 0 0 0 0 0 0 0 0 0 0 0 0 0 0 0 0 0 0 0 0 0 0 0 0 0 0 0 0 0 0 0 0 0 0 0 0 0 0 0 0 0 0 0 0 0 0 0 0 0 0 0 0 0 0 0 0 0 0 0 0 0 0 0 0 0 0 0 0 0 0 0 0 0 0 0 0 0 0 0 0 0 0 0 0 0 0 0 0 0 0 0 0 0 0 0 0 0 0 0 0 0 0 0 0 0 0 0 0 0 0 0 0 0 0 0 0 0 0 0 0 0 0 0 0 0 0 0 0 0 0 0 0 0 0 0 0 0 0 0 0 0 0 0 0 0 0 0 0 0 0 0 0 0 0 0 0 0 0 0 0 0 0 0 0 0 0 0 0 0 0 0 0 0 0 0 0 0 0 0 0 0 0 0 0 0 0 0 0 0 0 0 0 0 0 0 0 0 0 0 0 0 0 0 0 0 0 0 0 0 0 0 0 0 0 0 0 0 0 0 0 0 0 0 0 0 0 0 0 0 0 0 0 0 0 0 0 0 0 0 0 0 0 0 0 0 0 0 0 0 0 0 0 0 0 0 0 0 0 0 0 0 0 0 0 0 0 0 0 0 0 0 0 0 0 0 0 0 0 0 0 0 0 0 0 0 0 0 0 0 0 0 0 0 0 0 0 0 0 0 0 0 0 0 0 0 0 0 0 0 0 0 0 0 0 0 0 0 0 0 0 0 0 0 0 0 0 0 0 0 0 0 0 0 0 0 0 0 0 0 0 0 0 0 0 0 0 0 0 0 0 0 0 0 0 0 0 0 0 0 0 0 0 0 0 0 0 0 0 0 0 0 0 0 0 0 0 0 0 0 0 0 0 0 0 0 0 0 0 0 0 0 0 0 0 0 0 0 0 0 0 0 0 0 0 0 0 0 0 0 0 0 0 0 0 0 0 0 0 0 0 0 0 0 0 0 0 0 0 0 0 0 0 0 0 0 0 0 0 0 0 0 0 0 0 0 0 0 0 0 0 0 0 0 0 0 0 0 0 0 0 0 0 0 0 0 0 0 0 0 0 0 0 0 0 0 0 0 0 0 0 0 0 0 0 0 0 0 0 0 0 0 0 0 0 0 0 0 0 0 0 0 0 0 0 0 0 0 0 0 0 0 0 0 0 0 0 0 0 0 0 0 0 0 0 0 0 0 0 0 0 0 0 0 0 0 0 0 0 0 0 0 0 0 0 0 0 0 0 0 0 0 0 0 0 0 0 0 0 0 0 0 0 0 0 0 0 0 0 0 0 0 0 0 0 0 0 0 0 0 0 0 0 0 0 0 0 0 0 0 0 0 0 0 0 0 0 0 0 0 0 0 0 0 0 0 0 0 0 0 0 0 0 0 0 0 0 0 0 0 0 0 0 0 0 0 0 0 0 0 0 0 0 0 0 0 0 0 0 0 0 0 0 0 0 0 0 0 0 0 0 0 0 0 0 0 0 0 0 0 0 0 0 0 0 0 0 0 0 0 0 0 0 0 0 0 0 0 0 0 0 0 0 0 0 0 0 0 0 0 0 0 0 0 0 0 0 0 0 0 0 0 0 0 0 0 0 0 0 0 0 0 0 0 0 0 0 0 0 0 0 0 0 0 0 0 0 0 0 0 0 0 0 0 0 0 0 0 0 0 0 0 0 0 0 0 0 0 0 0 0 0 0 0 0 0 0 0 0 0 0 0 0 0 0 0 0 0 0 0 0 0 0 0 0 0 0 0 0 0 0 0 0 0 0 0 0 0 0 0 0 0 0 0 0 0 0 0 0 0 0 0 0 0 0 0 0 0 0 0 0 0 0 0 0 0 0 0 0 0 0 0 0 0 0 0 0 0 0 0 0 0 0 0 0 0 0 0 0 0 0 0 0 0 0 0 0 0 0 0 0 0 0 0 0 0 0 0 0 0 0 0 0 0 0 0 0 0 0 0 0 0 0 0 0 0 0 0 0 0 0 0 0 0 0 0 0 0 0 0 0 0 0 0 0 0 0 0 0 0 0 0 0 0 0 0 0 0 0 0 0 0 0 0 0 0 0 0 0 0 0 0 0 0 0 0 0 0 0 0 0 0 0 0 0 0 0 0 0 0 0 0 0 0 0 0 0 0 0 0 0 0 0 0 0 0 0 0 0 0 0 0 0 0 0 0 0 0 0 0 0 0 0 0 0 0 0 0 0 0 0 0 0 0 0 0 0 0 0 0 0 0 0 0 0 0 0 0 0 0 0 0 0 0 0 0 0 0 0 0 0 0 0 0 0 0 0 0 0 0 0 0 0 0 0 0 0 0 0 0 0 0 0 0 0 0 0 0 0 0 0 0 0 0 0 0 0 0 0 0 0 0 0 0 0 0 0 0 0 0 0 0 0 0 0 0 0 0 0 0 0 0 0 0 0 0 0 0 0 0 0 0 0 0 0 0 0 0 0 0 0 0 0 0 0 0 0 0 0 0 0 0 0 0 0 0 0 0 0 0 0 0 0 0 0 0 0 0 0 0 0 0 0 0 0 0 0 0 0 0 0 0 0 0 0 0 0 0 0 0 0 0 0 0 0 0 0 0 0 0 0 0 0 0 0 0 0 0 0 0 0 0 0 0 0 0 0 0 0 0 0 0 0 0 0 0 0 0 0 0 0 0 0 0 0 0 0 0 0 0 0 0 0 0 0 0 0 0 0 0 0 0 0 0 0 0 0 0 0 0 0 0 0 0 0 0 0 0 0 0 0 0 0 0 0 0 0 0 0 0 0 0 0 0 0 0 0 0 0 0 0 0 0 0 0 0 0 0 0 0 0 0 0 0 0 0 0 0 0 0 0 0 0 0 0 0 0 0 0 0 0 0 0 0 0 0 0 0 0 0 0 0 0 0 0 0 0 0 0 0 0 0 0 0 0 0 0 0 0 0 0 0 0 0 0 0 0 0 0 0 0 0 0 0 0 0 0 0 0 0 0 0 0 0 0 0 0 0 0 0 0 0 0 0 0 0 0 0 0 0 0 0 0 0 0 0 0 0 0 0 0 0 0 0 0 0 0 0 0 0 0 0 0 0 0 0 0 0 0 0 0 0 0 0 0 0 0 0 0 0 0 0 0 0 0 0 0 0 0 0 0 0 0 0 0 0 0 0 0 0 0 0 0 0 0 0 0 0 0 0</v>
        </vertex_weights>
      </skin>
    </controller>
    <controller id="geom-Hed_EYE028_1__M_EYE028_lens-skin1">
      <skin source="#geom-Hed_EYE028_1__M_EYE028_lens">
        <bind_shape_matrix>1 0 0 0 0 1 0 0 0 0 1 0 0 0 0 1</bind_shape_matrix>
        <source id="geom-Hed_EYE028_1__M_EYE028_lens-skin1-joints">
          <Name_array id="geom-Hed_EYE028_1__M_EYE028_lens-skin1-joints-array" count="1">joint0</Name_array>
          <technique_common>
            <accessor source="#geom-Hed_EYE028_1__M_EYE028_lens-skin1-joints-array" count="1" stride="1">
              <param name="JOINT" type="name"/>
            </accessor>
          </technique_common>
        </source>
        <source id="geom-Hed_EYE028_1__M_EYE028_lens-skin1-bind_poses">
          <float_array id="geom-Hed_EYE028_1__M_EYE028_lens-skin1-bind_poses-array" count="16">1 0 0 0 0 0 1 0 0 -1 0 0 0 0 0 1</float_array>
          <technique_common>
            <accessor source="#geom-Hed_EYE028_1__M_EYE028_lens-skin1-bind_poses-array" count="1" stride="16">
              <param name="TRANSFORM" type="float4x4"/>
            </accessor>
          </technique_common>
        </source>
        <source id="geom-Hed_EYE028_1__M_EYE028_lens-skin1-weights">
          <float_array id="geom-Hed_EYE028_1__M_EYE028_lens-skin1-weights-array" count="1">1</float_array>
          <technique_common>
            <accessor source="#geom-Hed_EYE028_1__M_EYE028_lens-skin1-weights-array" count="1" stride="1">
              <param name="WEIGHT" type="float"/>
            </accessor>
          </technique_common>
        </source>
        <joints>
          <input semantic="JOINT" source="#geom-Hed_EYE028_1__M_EYE028_lens-skin1-joints"/>
          <input semantic="INV_BIND_MATRIX" source="#geom-Hed_EYE028_1__M_EYE028_lens-skin1-bind_poses"/>
        </joints>
        <vertex_weights count="208">
          <input semantic="JOINT" source="#geom-Hed_EYE028_1__M_EYE028_lens-skin1-joints" offset="0"/>
          <input semantic="WEIGHT" source="#geom-Hed_EYE028_1__M_EYE028_lens-skin1-weights" offset="1"/>
          <vcount>1 1 1 1 1 1 1 1 1 1 1 1 1 1 1 1 1 1 1 1 1 1 1 1 1 1 1 1 1 1 1 1 1 1 1 1 1 1 1 1 1 1 1 1 1 1 1 1 1 1 1 1 1 1 1 1 1 1 1 1 1 1 1 1 1 1 1 1 1 1 1 1 1 1 1 1 1 1 1 1 1 1 1 1 1 1 1 1 1 1 1 1 1 1 1 1 1 1 1 1 1 1 1 1 1 1 1 1 1 1 1 1 1 1 1 1 1 1 1 1 1 1 1 1 1 1 1 1 1 1 1 1 1 1 1 1 1 1 1 1 1 1 1 1 1 1 1 1 1 1 1 1 1 1 1 1 1 1 1 1 1 1 1 1 1 1 1 1 1 1 1 1 1 1 1 1 1 1 1 1 1 1 1 1 1 1 1 1 1 1 1 1 1 1 1 1 1 1 1 1 1 1 1 1 1 1 1 1</vcount>
          <v>0 0 0 0 0 0 0 0 0 0 0 0 0 0 0 0 0 0 0 0 0 0 0 0 0 0 0 0 0 0 0 0 0 0 0 0 0 0 0 0 0 0 0 0 0 0 0 0 0 0 0 0 0 0 0 0 0 0 0 0 0 0 0 0 0 0 0 0 0 0 0 0 0 0 0 0 0 0 0 0 0 0 0 0 0 0 0 0 0 0 0 0 0 0 0 0 0 0 0 0 0 0 0 0 0 0 0 0 0 0 0 0 0 0 0 0 0 0 0 0 0 0 0 0 0 0 0 0 0 0 0 0 0 0 0 0 0 0 0 0 0 0 0 0 0 0 0 0 0 0 0 0 0 0 0 0 0 0 0 0 0 0 0 0 0 0 0 0 0 0 0 0 0 0 0 0 0 0 0 0 0 0 0 0 0 0 0 0 0 0 0 0 0 0 0 0 0 0 0 0 0 0 0 0 0 0 0 0 0 0 0 0 0 0 0 0 0 0 0 0 0 0 0 0 0 0 0 0 0 0 0 0 0 0 0 0 0 0 0 0 0 0 0 0 0 0 0 0 0 0 0 0 0 0 0 0 0 0 0 0 0 0 0 0 0 0 0 0 0 0 0 0 0 0 0 0 0 0 0 0 0 0 0 0 0 0 0 0 0 0 0 0 0 0 0 0 0 0 0 0 0 0 0 0 0 0 0 0 0 0 0 0 0 0 0 0 0 0 0 0 0 0 0 0 0 0 0 0 0 0 0 0 0 0 0 0 0 0 0 0 0 0 0 0 0 0 0 0 0 0 0 0 0 0 0 0 0 0 0 0 0 0 0 0 0 0 0 0 0 0 0 0 0 0 0 0 0 0 0 0 0 0 0 0 0 0 0 0 0 0 0 0 0 0 0 0 0 0 0 0 0 0 0 0 0 0 0 0 0 0 0 0 0 0 0 0</v>
        </vertex_weights>
      </skin>
    </controller>
    <controller id="geom-Hed_EYE028_1__M_EYE028_sunglasses-skin1">
      <skin source="#geom-Hed_EYE028_1__M_EYE028_sunglasses">
        <bind_shape_matrix>1 0 0 0 0 1 0 0 0 0 1 0 0 0 0 1</bind_shape_matrix>
        <source id="geom-Hed_EYE028_1__M_EYE028_sunglasses-skin1-joints">
          <Name_array id="geom-Hed_EYE028_1__M_EYE028_sunglasses-skin1-joints-array" count="1">joint0</Name_array>
          <technique_common>
            <accessor source="#geom-Hed_EYE028_1__M_EYE028_sunglasses-skin1-joints-array" count="1" stride="1">
              <param name="JOINT" type="name"/>
            </accessor>
          </technique_common>
        </source>
        <source id="geom-Hed_EYE028_1__M_EYE028_sunglasses-skin1-bind_poses">
          <float_array id="geom-Hed_EYE028_1__M_EYE028_sunglasses-skin1-bind_poses-array" count="16">1 0 0 0 0 0 1 0 0 -1 0 0 0 0 0 1</float_array>
          <technique_common>
            <accessor source="#geom-Hed_EYE028_1__M_EYE028_sunglasses-skin1-bind_poses-array" count="1" stride="16">
              <param name="TRANSFORM" type="float4x4"/>
            </accessor>
          </technique_common>
        </source>
        <source id="geom-Hed_EYE028_1__M_EYE028_sunglasses-skin1-weights">
          <float_array id="geom-Hed_EYE028_1__M_EYE028_sunglasses-skin1-weights-array" count="1">1</float_array>
          <technique_common>
            <accessor source="#geom-Hed_EYE028_1__M_EYE028_sunglasses-skin1-weights-array" count="1" stride="1">
              <param name="WEIGHT" type="float"/>
            </accessor>
          </technique_common>
        </source>
        <joints>
          <input semantic="JOINT" source="#geom-Hed_EYE028_1__M_EYE028_sunglasses-skin1-joints"/>
          <input semantic="INV_BIND_MATRIX" source="#geom-Hed_EYE028_1__M_EYE028_sunglasses-skin1-bind_poses"/>
        </joints>
        <vertex_weights count="292">
          <input semantic="JOINT" source="#geom-Hed_EYE028_1__M_EYE028_sunglasses-skin1-joints" offset="0"/>
          <input semantic="WEIGHT" source="#geom-Hed_EYE028_1__M_EYE028_sunglasses-skin1-weights" offset="1"/>
          <vcount>1 1 1 1 1 1 1 1 1 1 1 1 1 1 1 1 1 1 1 1 1 1 1 1 1 1 1 1 1 1 1 1 1 1 1 1 1 1 1 1 1 1 1 1 1 1 1 1 1 1 1 1 1 1 1 1 1 1 1 1 1 1 1 1 1 1 1 1 1 1 1 1 1 1 1 1 1 1 1 1 1 1 1 1 1 1 1 1 1 1 1 1 1 1 1 1 1 1 1 1 1 1 1 1 1 1 1 1 1 1 1 1 1 1 1 1 1 1 1 1 1 1 1 1 1 1 1 1 1 1 1 1 1 1 1 1 1 1 1 1 1 1 1 1 1 1 1 1 1 1 1 1 1 1 1 1 1 1 1 1 1 1 1 1 1 1 1 1 1 1 1 1 1 1 1 1 1 1 1 1 1 1 1 1 1 1 1 1 1 1 1 1 1 1 1 1 1 1 1 1 1 1 1 1 1 1 1 1 1 1 1 1 1 1 1 1 1 1 1 1 1 1 1 1 1 1 1 1 1 1 1 1 1 1 1 1 1 1 1 1 1 1 1 1 1 1 1 1 1 1 1 1 1 1 1 1 1 1 1 1 1 1 1 1 1 1 1 1 1 1 1 1 1 1 1 1 1 1 1 1 1 1 1 1 1 1 1 1 1 1 1 1</vcount>
          <v>0 0 0 0 0 0 0 0 0 0 0 0 0 0 0 0 0 0 0 0 0 0 0 0 0 0 0 0 0 0 0 0 0 0 0 0 0 0 0 0 0 0 0 0 0 0 0 0 0 0 0 0 0 0 0 0 0 0 0 0 0 0 0 0 0 0 0 0 0 0 0 0 0 0 0 0 0 0 0 0 0 0 0 0 0 0 0 0 0 0 0 0 0 0 0 0 0 0 0 0 0 0 0 0 0 0 0 0 0 0 0 0 0 0 0 0 0 0 0 0 0 0 0 0 0 0 0 0 0 0 0 0 0 0 0 0 0 0 0 0 0 0 0 0 0 0 0 0 0 0 0 0 0 0 0 0 0 0 0 0 0 0 0 0 0 0 0 0 0 0 0 0 0 0 0 0 0 0 0 0 0 0 0 0 0 0 0 0 0 0 0 0 0 0 0 0 0 0 0 0 0 0 0 0 0 0 0 0 0 0 0 0 0 0 0 0 0 0 0 0 0 0 0 0 0 0 0 0 0 0 0 0 0 0 0 0 0 0 0 0 0 0 0 0 0 0 0 0 0 0 0 0 0 0 0 0 0 0 0 0 0 0 0 0 0 0 0 0 0 0 0 0 0 0 0 0 0 0 0 0 0 0 0 0 0 0 0 0 0 0 0 0 0 0 0 0 0 0 0 0 0 0 0 0 0 0 0 0 0 0 0 0 0 0 0 0 0 0 0 0 0 0 0 0 0 0 0 0 0 0 0 0 0 0 0 0 0 0 0 0 0 0 0 0 0 0 0 0 0 0 0 0 0 0 0 0 0 0 0 0 0 0 0 0 0 0 0 0 0 0 0 0 0 0 0 0 0 0 0 0 0 0 0 0 0 0 0 0 0 0 0 0 0 0 0 0 0 0 0 0 0 0 0 0 0 0 0 0 0 0 0 0 0 0 0 0 0 0 0 0 0 0 0 0 0 0 0 0 0 0 0 0 0 0 0 0 0 0 0 0 0 0 0 0 0 0 0 0 0 0 0 0 0 0 0 0 0 0 0 0 0 0 0 0 0 0 0 0 0 0 0 0 0 0 0 0 0 0 0 0 0 0 0 0 0 0 0 0 0 0 0 0 0 0 0 0 0 0 0 0 0 0 0 0 0 0 0 0 0 0 0 0 0 0 0 0 0 0 0 0 0 0 0 0 0 0 0 0 0 0 0 0 0 0 0 0 0 0 0 0 0 0 0 0 0 0 0 0 0 0 0 0 0 0 0 0 0 0 0 0 0 0 0 0 0 0 0 0 0 0 0 0 0 0 0 0 0 0 0 0 0 0 0 0</v>
        </vertex_weights>
      </skin>
    </controller>
  </library_controllers>
  <library_lights>
    <light id="EnvironmentAmbientLight" name="EnvironmentAmbientLight">
      <technique_common>
        <ambient>
          <color>0 0 0</color>
        </ambient>
      </technique_common>
    </light>
  </library_lights>
  <library_images>
    <image id="M_EYE028_Alb_png">
      <init_from>./M_EYE028_Alb.png</init_from>
    </image>
    <image id="M_EYE028_Nrm_png">
      <init_from>./M_EYE028_Nrm.png</init_from>
    </image>
    <image id="M_EYE028_Rgh_png">
      <init_from>./M_EYE028_Rgh.png</init_from>
    </image>
  </library_images>
  <library_visual_scenes>
    <visual_scene id="MaxScene">
      <node name="EnvironmentAmbientLight">
        <instance_light url="#EnvironmentAmbientLight"/>
      </node>
      <node id="node-Root" name="Root" sid="joint0" type="JOINT">
        <rotate>-1 0 0 -90</rotate>
        <extra>
          <technique profile="OpenCOLLADA">
            <cast_shadows sid="cast_shadows" type="bool">1</cast_shadows>
            <receive_shadows sid="receive_shadows" type="bool">1</receive_shadows>
            <primary_visibility sid="primary_visibility" type="bool">1</primary_visibility>
            <secondary_visibility sid="secondary_visibility" type="bool">1</secondary_visibility>
          </technique>
        </extra>
      </node>
      <node id="node-Hed_EYE028_1__M_EYE028" name="Hed_EYE028_1__M_EYE028">
        <instance_controller url="#geom-Hed_EYE028_1__M_EYE028-skin1">
          <skeleton>#node-Root</skeleton>
          <bind_material>
            <technique_common>
              <instance_material symbol="M_EYE028" target="#M_EYE028-material">
                <bind_vertex_input semantic="CHANNEL1" input_semantic="TEXCOORD" input_set="0"/>
                <bind_vertex_input semantic="CHANNEL1" input_semantic="TEXCOORD" input_set="0"/>
                <bind_vertex_input semantic="CHANNEL1" input_semantic="TEXCOORD" input_set="0"/>
                <bind_vertex_input semantic="CHANNEL1" input_semantic="TEXCOORD" input_set="0"/>
              </instance_material>
            </technique_common>
          </bind_material>
        </instance_controller>
        <extra>
          <technique profile="OpenCOLLADA">
            <cast_shadows sid="cast_shadows" type="bool">1</cast_shadows>
            <receive_shadows sid="receive_shadows" type="bool">1</receive_shadows>
            <primary_visibility sid="primary_visibility" type="bool">1</primary_visibility>
            <secondary_visibility sid="secondary_visibility" type="bool">1</secondary_visibility>
          </technique>
        </extra>
      </node>
      <node id="node-Hed_EYE028_1__M_EYE028_lens" name="Hed_EYE028_1__M_EYE028_lens">
        <instance_controller url="#geom-Hed_EYE028_1__M_EYE028_lens-skin1">
          <skeleton>#node-Root</skeleton>
          <bind_material>
            <technique_common>
              <instance_material symbol="M_EYE028_lens" target="#M_EYE028_lens-material">
                <bind_vertex_input semantic="CHANNEL1" input_semantic="TEXCOORD" input_set="0"/>
                <bind_vertex_input semantic="CHANNEL1" input_semantic="TEXCOORD" input_set="0"/>
              </instance_material>
            </technique_common>
          </bind_material>
        </instance_controller>
        <extra>
          <technique profile="OpenCOLLADA">
            <cast_shadows sid="cast_shadows" type="bool">1</cast_shadows>
            <receive_shadows sid="receive_shadows" type="bool">1</receive_shadows>
            <primary_visibility sid="primary_visibility" type="bool">1</primary_visibility>
            <secondary_visibility sid="secondary_visibility" type="bool">1</secondary_visibility>
          </technique>
        </extra>
      </node>
      <node id="node-Hed_EYE028_1__M_EYE028_sunglasses" name="Hed_EYE028_1__M_EYE028_sunglasses">
        <instance_controller url="#geom-Hed_EYE028_1__M_EYE028_sunglasses-skin1">
          <skeleton>#node-Root</skeleton>
          <bind_material>
            <technique_common>
              <instance_material symbol="M_EYE028_sunglasses" target="#M_EYE028_sunglasses-material">
                <bind_vertex_input semantic="CHANNEL1" input_semantic="TEXCOORD" input_set="0"/>
                <bind_vertex_input semantic="CHANNEL1" input_semantic="TEXCOORD" input_set="0"/>
                <bind_vertex_input semantic="CHANNEL1" input_semantic="TEXCOORD" input_set="0"/>
              </instance_material>
            </technique_common>
          </bind_material>
        </instance_controller>
        <extra>
          <technique profile="OpenCOLLADA">
            <cast_shadows sid="cast_shadows" type="bool">1</cast_shadows>
            <receive_shadows sid="receive_shadows" type="bool">1</receive_shadows>
            <primary_visibility sid="primary_visibility" type="bool">1</primary_visibility>
            <secondary_visibility sid="secondary_visibility" type="bool">1</secondary_visibility>
          </technique>
        </extra>
      </node>
    </visual_scene>
  </library_visual_scenes>
  <scene>
    <instance_visual_scene url="#MaxScene"/>
  </scene>
</COLLADA>