<?xml version="1.0" encoding="utf-8"?>
<COLLADA xmlns="http://www.collada.org/2005/11/COLLADASchema" version="1.4.1" xmlns:xsi="http://www.w3.org/2001/XMLSchema-instance">
  <asset>
    <contributor>
      <author>Centrixe</author>
      <authoring_tool>OpenCOLLADA for 3ds Max;  Version: 1.6;  Revision: 68</authoring_tool>
    </contributor>
    <created>2022-12-23T20:07:47</created>
    <modified>2022-12-23T20:07:47</modified>
    <unit name="inch" meter="0.0254"/>
    <up_axis>Z_UP</up_axis>
  </asset>
  <library_effects>
    <effect id="M_EYE029flame">
      <profile_COMMON>
        <newparam sid="M_EYE029flame_Alb_png-surface">
          <surface type="2D">
            <init_from>M_EYE029flame_Alb_png</init_from>
          </surface>
        </newparam>
        <newparam sid="M_EYE029flame_Alb_png-sampler">
          <sampler2D>
            <source>M_EYE029flame_Alb_png-surface</source>
          </sampler2D>
        </newparam>
        <technique sid="common">
          <blinn>
            <emission>
              <color>0 0 0 1</color>
            </emission>
            <ambient>
              <color>0.588 0.588 0.588 1</color>
            </ambient>
            <diffuse>
              <texture texture="M_EYE029flame_Alb_png-sampler" texcoord="CHANNEL1"/>
            </diffuse>
            <specular>
              <color>0 0 0 1</color>
            </specular>
            <shininess>
              <float>10</float>
            </shininess>
            <reflective>
              <color>0 0 0 1</color>
            </reflective>
            <transparent opaque="A_ONE">
              <color>1 1 1 1</color>
            </transparent>
            <transparency>
              <float>1</float>
            </transparency>
          </blinn>
        </technique>
      </profile_COMMON>
      <extra>
        <technique profile="OpenCOLLADA3dsMax">
          <extended_shader>
            <opacity_type sid="opacity_type" type="int">0</opacity_type>
            <falloff_type sid="falloff_type" type="int">0</falloff_type>
            <falloff sid="falloff" type="float">0</falloff>
            <index_of_refraction sid="index_of_refraction" type="float">1.5</index_of_refraction>
            <wire_size sid="wire_size" type="float">1</wire_size>
            <wire_units sid="wire_units" type="int">0</wire_units>
            <apply_reflection_dimming sid="apply_reflection_dimming" type="bool">0</apply_reflection_dimming>
            <dim_level sid="dim_level" type="float">0</dim_level>
            <reflection_level sid="reflection_level" type="float">3</reflection_level>
          </extended_shader>
          <shader>
            <ambient_diffuse_texture_lock sid="ambient_diffuse_texture_lock" type="bool">1</ambient_diffuse_texture_lock>
            <ambient_diffuse_lock sid="ambient_diffuse_lock" type="bool">1</ambient_diffuse_lock>
            <diffuse_specular_lock sid="diffuse_specular_lock" type="bool">0</diffuse_specular_lock>
            <use_self_illum_color sid="use_self_illum_color" type="bool">0</use_self_illum_color>
            <self_illumination sid="self_illumination" type="float">0</self_illumination>
            <specular_level sid="specular_level" type="float">0</specular_level>
            <soften sid="soften" type="float">0.1</soften>
          </shader>
        </technique>
      </extra>
    </effect>
    <effect id="M_EYE029glass">
      <profile_COMMON>
        <newparam sid="M_EYE029glass_Tcl_png-surface">
          <surface type="2D">
            <init_from>M_EYE029glass_Tcl_png</init_from>
          </surface>
        </newparam>
        <newparam sid="M_EYE029glass_Tcl_png-sampler">
          <sampler2D>
            <source>M_EYE029glass_Tcl_png-surface</source>
          </sampler2D>
        </newparam>
        <technique sid="common">
          <blinn>
            <emission>
              <color>0 0 0 1</color>
            </emission>
            <ambient>
              <color>0.588 0.588 0.588 1</color>
            </ambient>
            <diffuse>
              <texture texture="M_EYE029glass_Tcl_png-sampler" texcoord="CHANNEL1"/>
            </diffuse>
            <specular>
              <color>0 0 0 1</color>
            </specular>
            <shininess>
              <float>10</float>
            </shininess>
            <reflective>
              <color>0 0 0 1</color>
            </reflective>
            <transparent opaque="A_ONE">
              <color>1 1 1 1</color>
            </transparent>
            <transparency>
              <float>1</float>
            </transparency>
          </blinn>
        </technique>
      </profile_COMMON>
      <extra>
        <technique profile="OpenCOLLADA3dsMax">
          <extended_shader>
            <opacity_type sid="opacity_type" type="int">0</opacity_type>
            <falloff_type sid="falloff_type" type="int">0</falloff_type>
            <falloff sid="falloff" type="float">0</falloff>
            <index_of_refraction sid="index_of_refraction" type="float">1.5</index_of_refraction>
            <wire_size sid="wire_size" type="float">1</wire_size>
            <wire_units sid="wire_units" type="int">0</wire_units>
            <apply_reflection_dimming sid="apply_reflection_dimming" type="bool">0</apply_reflection_dimming>
            <dim_level sid="dim_level" type="float">0</dim_level>
            <reflection_level sid="reflection_level" type="float">3</reflection_level>
          </extended_shader>
          <shader>
            <ambient_diffuse_texture_lock sid="ambient_diffuse_texture_lock" type="bool">1</ambient_diffuse_texture_lock>
            <ambient_diffuse_lock sid="ambient_diffuse_lock" type="bool">1</ambient_diffuse_lock>
            <diffuse_specular_lock sid="diffuse_specular_lock" type="bool">0</diffuse_specular_lock>
            <use_self_illum_color sid="use_self_illum_color" type="bool">0</use_self_illum_color>
            <self_illumination sid="self_illumination" type="float">0</self_illumination>
            <specular_level sid="specular_level" type="float">0</specular_level>
            <soften sid="soften" type="float">0.1</soften>
          </shader>
        </technique>
      </extra>
    </effect>
    <effect id="M_EYE029metal">
      <profile_COMMON>
        <newparam sid="M_EYE029metal_Nrm_png-surface">
          <surface type="2D">
            <init_from>M_EYE029metal_Nrm_png</init_from>
          </surface>
        </newparam>
        <newparam sid="M_EYE029metal_Nrm_png-sampler">
          <sampler2D>
            <source>M_EYE029metal_Nrm_png-surface</source>
          </sampler2D>
        </newparam>
        <technique sid="common">
          <blinn>
            <emission>
              <color>0 0 0 1</color>
            </emission>
            <ambient>
              <color>0.588 0.588 0.588 1</color>
            </ambient>
            <diffuse>
              <texture texture="M_EYE029metal_Nrm_png-sampler" texcoord="CHANNEL1"/>
            </diffuse>
            <specular>
              <color>0 0 0 1</color>
            </specular>
            <shininess>
              <float>10</float>
            </shininess>
            <reflective>
              <color>0 0 0 1</color>
            </reflective>
            <transparent opaque="A_ONE">
              <color>1 1 1 1</color>
            </transparent>
            <transparency>
              <float>1</float>
            </transparency>
          </blinn>
          <extra>
            <technique profile="OpenCOLLADA3dsMax">
              <bump bumptype="HEIGHTFIELD">
                <texture texture="M_EYE029metal_Nrm_png-sampler" texcoord="CHANNEL1"/>
              </bump>
            </technique>
          </extra>
        </technique>
      </profile_COMMON>
      <extra>
        <technique profile="OpenCOLLADA3dsMax">
          <extended_shader>
            <opacity_type sid="opacity_type" type="int">0</opacity_type>
            <falloff_type sid="falloff_type" type="int">0</falloff_type>
            <falloff sid="falloff" type="float">0</falloff>
            <index_of_refraction sid="index_of_refraction" type="float">1.5</index_of_refraction>
            <wire_size sid="wire_size" type="float">1</wire_size>
            <wire_units sid="wire_units" type="int">0</wire_units>
            <apply_reflection_dimming sid="apply_reflection_dimming" type="bool">0</apply_reflection_dimming>
            <dim_level sid="dim_level" type="float">0</dim_level>
            <reflection_level sid="reflection_level" type="float">3</reflection_level>
          </extended_shader>
          <shader>
            <ambient_diffuse_texture_lock sid="ambient_diffuse_texture_lock" type="bool">1</ambient_diffuse_texture_lock>
            <ambient_diffuse_lock sid="ambient_diffuse_lock" type="bool">1</ambient_diffuse_lock>
            <diffuse_specular_lock sid="diffuse_specular_lock" type="bool">0</diffuse_specular_lock>
            <use_self_illum_color sid="use_self_illum_color" type="bool">0</use_self_illum_color>
            <self_illumination sid="self_illumination" type="float">0</self_illumination>
            <specular_level sid="specular_level" type="float">0</specular_level>
            <soften sid="soften" type="float">0.1</soften>
          </shader>
        </technique>
      </extra>
    </effect>
  </library_effects>
  <library_materials>
    <material id="M_EYE029flame-material" name="M_EYE029flame">
      <instance_effect url="#M_EYE029flame"/>
    </material>
    <material id="M_EYE029glass-material" name="M_EYE029glass">
      <instance_effect url="#M_EYE029glass"/>
    </material>
    <material id="M_EYE029metal-material" name="M_EYE029metal">
      <instance_effect url="#M_EYE029metal"/>
    </material>
  </library_materials>
  <library_geometries>
    <geometry id="geom-Hed_EYE029__M_EYE029flame" name="Hed_EYE029__M_EYE029flame">
      <mesh>
        <source id="geom-Hed_EYE029__M_EYE029flame-positions">
          <float_array id="geom-Hed_EYE029__M_EYE029flame-positions-array" count="1575">0.03903198 -0.2163086 0.1972656 0.04205322 -0.2229004 0.1994629 0.043396 -0.2183838 0.1872559 0.04638672 -0.2249756 0.1895752 0.04251099 -0.2227783 0.178833 0.04550171 -0.2293701 0.1811523 0.03671265 -0.2277832 0.1751709 0.03973389 -0.234375 0.1773682 0.02824402 -0.2313232 0.1776123 0.03125 -0.237915 0.1799316 0.02331543 -0.2387695 0.1875 0.02030945 -0.2321777 0.1853027 0.01896667 -0.2366943 0.1975098 0.01596069 -0.2301025 0.1951904 0.01985168 -0.2322998 0.2059326 0.0168457 -0.225708 0.2036133 0.02563477 -0.227417 0.2095947 0.02262878 -0.2208252 0.2073975 0.03411865 -0.2237549 0.2071533 0.03111267 -0.2171631 0.204834 0.03903198 -0.2163086 0.1972656 0.04205322 -0.2229004 0.1994629 -0.04205322 -0.2229004 0.1994629 -0.03903198 -0.2163086 0.1972656 -0.043396 -0.2183838 0.1872559 -0.04638672 -0.2249756 0.1895752 -0.04251099 -0.2227783 0.178833 -0.04550171 -0.2293701 0.1811523 -0.03671265 -0.2277832 0.1751709 -0.03973389 -0.234375 0.1773682 -0.02824402 -0.2313232 0.1776123 -0.03125 -0.237915 0.1799316 -0.02331543 -0.2387695 0.1875 -0.02030945 -0.2321777 0.1853027 -0.01896667 -0.2366943 0.1975098 -0.01596069 -0.2301025 0.1951904 -0.01985168 -0.2322998 0.2059326 -0.0168457 -0.225708 0.2036133 -0.02563477 -0.227417 0.2095947 -0.02262878 -0.2208252 0.2073975 -0.03411865 -0.2237549 0.2071533 -0.03111267 -0.2171631 0.204834 -0.03903198 -0.2163086 0.1972656 -0.04205322 -0.2229004 0.1994629 0.2744141 -0.02481079 0.2521973 0.2749023 -0.02262878 0.2371826 0.2824707 -0.02540588 0.2366943 0.2834473 -0.02799988 0.2519531 0.2880859 -0.01719666 0.2536621 0.2744141 -0.02481079 0.2521973 0.2878418 -0.01576233 0.2358398 0.2749023 -0.02262878 0.2371826 0.2775879 -0.01137543 0.2365723 0.302002 0.02748108 0.2380371 0.2897949 0.03378296 0.2380371 0.2768555 -0.01196289 0.2539062 0.2749023 -0.02262878 0.2371826 0.2775879 -0.01137543 0.2365723 0.2897949 0.03378296 0.2380371 0.3032227 0.02832031 0.2541504 0.3034668 0.03805542 0.2359619 0.2912598 0.040802 0.2358398 0.2922363 0.04550171 0.2338867 0.2905273 0.03463745 0.2541504 0.3046875 0.04229736 0.2529297 0.3051758 0.0453186 0.2338867 0.2929687 0.04928589 0.2313232 0.2937012 0.04522705 0.2526855 0.2912598 0.040802 0.2358398 0.2922363 0.04550171 0.2338867 0.2954102 0.05291748 0.25 0.3061523 0.05276489 0.25 0.3061523 0.05020142 0.2312012 0.2937012 0.05447388 0.2261963 0.2954102 0.05947876 0.2458496 0.2929687 0.04928589 0.2313232 0.3061523 0.06051636 0.2454834 0.2944336 0.06774902 0.2390137 0.2937012 0.05447388 0.2261963 0.3068848 0.056427 0.2260742 0.2895508 0.07574463 0.1912842 0.3056641 0.06982422 0.2382812 0.2885742 0.08782959 0.2175293 0.2895508 0.07574463 0.1912842 0.3012695 0.09191895 0.2166748 0.3032227 0.07983398 0.1906738 0.2744141 0.1099854 0.1639404 0.2839355 0.09594727 0.15271 0.2814941 0.1057129 0.1481934 0.2788086 0.1178589 0.1486816 0.2783203 0.1328125 0.1536865 0.2824707 0.1102295 0.1914062 0.2956543 0.1159668 0.1907959 0.2783203 0.130127 0.170166 0.2788086 0.1340332 0.1625977 0.2924805 0.1362305 0.1693115 0.2995605 0.117981 0.1661377 0.2919922 0.1398926 0.1616211 0.2858887 0.1380615 0.1491699 0.291748 0.1384277 0.1529541 0.2878418 0.1226196 0.1425781 0.2788086 0.1178589 0.1486816 0.2944336 0.1245728 0.1473389 0.2912598 0.1072388 0.1430664 0.2814941 0.1057129 0.1481934 0.2966309 0.1113892 0.1470947 0.298584 0.1015015 0.1519775 0.2939453 0.09667969 0.1488037 0.2839355 0.09594727 0.15271 -0.2749023 -0.02262878 0.2371826 -0.2744141 -0.02481079 0.2521973 -0.2824707 -0.02540588 0.2366943 -0.2834473 -0.02799988 0.2519531 -0.2880859 -0.01719666 0.2536621 -0.2744141 -0.02481079 0.2521973 -0.2878418 -0.01576233 0.2358398 -0.2749023 -0.02262878 0.2371826 -0.2775879 -0.01137543 0.2365723 -0.302002 0.02748108 0.2380371 -0.2897949 0.03378296 0.2380371 -0.2768555 -0.01196289 0.2539062 -0.2749023 -0.02262878 0.2371826 -0.2775879 -0.01137543 0.2365723 -0.2897949 0.03378296 0.2380371 -0.3032227 0.02832031 0.2541504 -0.3034668 0.03805542 0.2359619 -0.2912598 0.040802 0.2358398 -0.2922363 0.04550171 0.2338867 -0.2905273 0.03463745 0.2541504 -0.3051758 0.0453186 0.2338867 -0.2929687 0.04928589 0.2313232 -0.3046875 0.04229736 0.2529297 -0.2937012 0.04522705 0.2526855 -0.2912598 0.040802 0.2358398 -0.2922363 0.04550171 0.2338867 -0.2954102 0.05291748 0.25 -0.3061523 0.05276489 0.25 -0.2954102 0.05947876 0.2458496 -0.2929687 0.04928589 0.2313232 -0.3061523 0.05020142 0.2312012 -0.2937012 0.05447388 0.2261963 -0.3061523 0.06051636 0.2454834 -0.2944336 0.06774902 0.2390137 -0.2937012 0.05447388 0.2261963 -0.3068848 0.056427 0.2260742 -0.2895508 0.07574463 0.1912842 -0.3056641 0.06982422 0.2382812 -0.2885742 0.08782959 0.2175293 -0.2895508 0.07574463 0.1912842 -0.3012695 0.09191895 0.2166748 -0.3032227 0.07983398 0.1906738 -0.2744141 0.1099854 0.1639404 -0.2839355 0.09594727 0.15271 -0.2814941 0.1057129 0.1481934 -0.2788086 0.1178589 0.1486816 -0.2783203 0.1328125 0.1536865 -0.2824707 0.1102295 0.1914062 -0.2783203 0.130127 0.170166 -0.2956543 0.1159668 0.1907959 -0.2788086 0.1340332 0.1625977 -0.2924805 0.1362305 0.1693115 -0.2995605 0.117981 0.1661377 -0.2919922 0.1398926 0.1616211 -0.2858887 0.1380615 0.1491699 -0.291748 0.1384277 0.1529541 -0.2878418 0.1226196 0.1425781 -0.2788086 0.1178589 0.1486816 -0.2944336 0.1245728 0.1473389 -0.2912598 0.1072388 0.1430664 -0.2814941 0.1057129 0.1481934 -0.2966309 0.1113892 0.1470947 -0.298584 0.1015015 0.1519775 -0.2939453 0.09667969 0.1488037 -0.2839355 0.09594727 0.15271 0.02262878 -0.2208252 0.2073975 0.03111267 -0.2171631 0.204834 0.02967834 -0.2242432 0.1912842 0.0168457 -0.225708 0.2036133 0.03903198 -0.2163086 0.1972656 0.01596069 -0.2301025 0.1951904 0.043396 -0.2183838 0.1872559 0.02030945 -0.2321777 0.1853027 0.04251099 -0.2227783 0.178833 0.02824402 -0.2313232 0.1776123 0.03671265 -0.2277832 0.1751709 0.03411865 -0.2237549 0.2071533 0.02563477 -0.227417 0.2095947 0.03268433 -0.230835 0.1934814 0.04205322 -0.2229004 0.1994629 0.01985168 -0.2322998 0.2059326 0.04638672 -0.2249756 0.1895752 0.01896667 -0.2366943 0.1975098 0.04550171 -0.2293701 0.1811523 0.02331543 -0.2387695 0.1875 0.03973389 -0.234375 0.1773682 0.03125 -0.237915 0.1799316 -0.02262878 -0.2208252 0.2073975 -0.02967834 -0.2242432 0.1912842 -0.03111267 -0.2171631 0.204834 -0.03903198 -0.2163086 0.1972656 -0.0168457 -0.225708 0.2036133 -0.043396 -0.2183838 0.1872559 -0.01596069 -0.2301025 0.1951904 -0.04251099 -0.2227783 0.178833 -0.02030945 -0.2321777 0.1853027 -0.03671265 -0.2277832 0.1751709 -0.02824402 -0.2313232 0.1776123 -0.03411865 -0.2237549 0.2071533 -0.03268433 -0.230835 0.1934814 -0.02563477 -0.227417 0.2095947 -0.01985168 -0.2322998 0.2059326 -0.04205322 -0.2229004 0.1994629 -0.01896667 -0.2366943 0.1975098 -0.04638672 -0.2249756 0.1895752 -0.02331543 -0.2387695 0.1875 -0.04550171 -0.2293701 0.1811523 -0.03125 -0.237915 0.1799316 -0.03973389 -0.234375 0.1773682 0.03903198 -0.2163086 0.1972656 0.04205322 -0.2229004 0.1994629 0.043396 -0.2183838 0.1872559 0.04638672 -0.2249756 0.1895752 0.04251099 -0.2227783 0.178833 0.04550171 -0.2293701 0.1811523 0.03671265 -0.2277832 0.1751709 0.03973389 -0.234375 0.1773682 0.02824402 -0.2313232 0.1776123 0.03125 -0.237915 0.1799316 0.02331543 -0.2387695 0.1875 0.02030945 -0.2321777 0.1853027 0.01896667 -0.2366943 0.1975098 0.01596069 -0.2301025 0.1951904 0.01985168 -0.2322998 0.2059326 0.0168457 -0.225708 0.2036133 0.02563477 -0.227417 0.2095947 0.02262878 -0.2208252 0.2073975 0.03411865 -0.2237549 0.2071533 0.03111267 -0.2171631 0.204834 0.03903198 -0.2163086 0.1972656 0.04205322 -0.2229004 0.1994629 -0.04205322 -0.2229004 0.1994629 -0.03903198 -0.2163086 0.1972656 -0.043396 -0.2183838 0.1872559 -0.04638672 -0.2249756 0.1895752 -0.04251099 -0.2227783 0.178833 -0.04550171 -0.2293701 0.1811523 -0.03671265 -0.2277832 0.1751709 -0.03973389 -0.234375 0.1773682 -0.02824402 -0.2313232 0.1776123 -0.03125 -0.237915 0.1799316 -0.02331543 -0.2387695 0.1875 -0.02030945 -0.2321777 0.1853027 -0.01896667 -0.2366943 0.1975098 -0.01596069 -0.2301025 0.1951904 -0.01985168 -0.2322998 0.2059326 -0.0168457 -0.225708 0.2036133 -0.02563477 -0.227417 0.2095947 -0.02262878 -0.2208252 0.2073975 -0.03411865 -0.2237549 0.2071533 -0.03111267 -0.2171631 0.204834 -0.03903198 -0.2163086 0.1972656 -0.04205322 -0.2229004 0.1994629 0.2744141 -0.02481079 0.2521973 0.2749023 -0.02262878 0.2371826 0.2824707 -0.02540588 0.2366943 0.2834473 -0.02799988 0.2519531 0.2880859 -0.01719666 0.2536621 0.2744141 -0.02481079 0.2521973 0.2878418 -0.01576233 0.2358398 0.2749023 -0.02262878 0.2371826 0.2775879 -0.01137543 0.2365723 0.302002 0.02748108 0.2380371 0.2897949 0.03378296 0.2380371 0.2768555 -0.01196289 0.2539062 0.2749023 -0.02262878 0.2371826 0.2775879 -0.01137543 0.2365723 0.2897949 0.03378296 0.2380371 0.3032227 0.02832031 0.2541504 0.3034668 0.03805542 0.2359619 0.2922363 0.04553223 0.2338867 0.2905273 0.03466797 0.2541504 0.3046875 0.0423584 0.2529297 0.3061523 0.05020142 0.2313232 0.295166 0.05300903 0.2502441 0.2922363 0.04553223 0.2338867 0.3063965 0.06057739 0.2457275 0.2937012 0.05447388 0.2261963 0.2944336 0.06774902 0.2391357 0.2937012 0.05447388 0.2261963 0.3068848 0.056427 0.2260742 0.2895508 0.07574463 0.1912842 0.3056641 0.06982422 0.2382812 0.2885742 0.08782959 0.2175293 0.2895508 0.07574463 0.1912842 0.3012695 0.09191895 0.2166748 0.3032227 0.07983398 0.1906738 0.2744141 0.1099854 0.1639404 0.2839355 0.09594727 0.15271 0.2814941 0.1057129 0.1481934 0.2788086 0.1178589 0.1486816 0.2783203 0.1328125 0.1536865 0.2956543 0.1160889 0.1907959 0.2780762 0.130127 0.170166 0.2788086 0.1340332 0.1625977 0.2922363 0.1405029 0.1621094 0.2995605 0.117981 0.1661377 0.2858887 0.1380615 0.1491699 0.291748 0.1384277 0.1529541 0.2878418 0.1226196 0.1425781 0.2788086 0.1178589 0.1486816 0.2946777 0.1245728 0.1472168 0.2912598 0.1072388 0.1430664 0.2814941 0.1057129 0.1481934 0.2988281 0.1015015 0.1518555 0.2939453 0.09667969 0.1488037 0.2839355 0.09594727 0.15271 -0.2749023 -0.02262878 0.2371826 -0.2744141 -0.02481079 0.2521973 -0.2824707 -0.02540588 0.2366943 -0.2834473 -0.02799988 0.2519531 -0.2880859 -0.01719666 0.2536621 -0.2744141 -0.02481079 0.2521973 -0.2878418 -0.01576233 0.2358398 -0.2749023 -0.02262878 0.2371826 -0.2775879 -0.01137543 0.2365723 -0.302002 0.02748108 0.2380371 -0.2897949 0.03378296 0.2380371 -0.2768555 -0.01196289 0.2539062 -0.2749023 -0.02262878 0.2371826 -0.2775879 -0.01137543 0.2365723 -0.2897949 0.03378296 0.2380371 -0.3032227 0.02832031 0.2541504 -0.3034668 0.03805542 0.2359619 -0.2922363 0.04553223 0.2338867 -0.2905273 0.03466797 0.2541504 -0.3061523 0.05020142 0.2313232 -0.3046875 0.0423584 0.2529297 -0.295166 0.05300903 0.2502441 -0.2922363 0.04553223 0.2338867 -0.3063965 0.06057739 0.2457275 -0.2937012 0.05447388 0.2261963 -0.2944336 0.06774902 0.2391357 -0.2937012 0.05447388 0.2261963 -0.3068848 0.056427 0.2260742 -0.2895508 0.07574463 0.1912842 -0.3056641 0.06982422 0.2382812 -0.2885742 0.08782959 0.2175293 -0.2895508 0.07574463 0.1912842 -0.3012695 0.09191895 0.2166748 -0.3032227 0.07983398 0.1906738 -0.2744141 0.1099854 0.1639404 -0.2839355 0.09594727 0.15271 -0.2814941 0.1057129 0.1481934 -0.2788086 0.1178589 0.1486816 -0.2783203 0.1328125 0.1536865 -0.2780762 0.130127 0.170166 -0.2956543 0.1160889 0.1907959 -0.2788086 0.1340332 0.1625977 -0.2922363 0.1405029 0.1621094 -0.2995605 0.117981 0.1661377 -0.2858887 0.1380615 0.1491699 -0.291748 0.1384277 0.1529541 -0.2878418 0.1226196 0.1425781 -0.2788086 0.1178589 0.1486816 -0.2946777 0.1245728 0.1472168 -0.2912598 0.1072388 0.1430664 -0.2814941 0.1057129 0.1481934 -0.2988281 0.1015015 0.1518555 -0.2939453 0.09667969 0.1488037 -0.2839355 0.09594727 0.15271 0.02262878 -0.2208252 0.2073975 0.03111267 -0.2171631 0.204834 0.02030945 -0.2321777 0.1853027 0.0168457 -0.225708 0.2036133 0.03903198 -0.2163086 0.1972656 0.01596069 -0.2301025 0.1951904 0.043396 -0.2183838 0.1872559 0.04251099 -0.2227783 0.178833 0.03671265 -0.2277832 0.1751709 0.02824402 -0.2313232 0.1776123 0.04205322 -0.2229004 0.1994629 0.03411865 -0.2237549 0.2071533 0.02563477 -0.227417 0.2095947 0.04638672 -0.2249756 0.1895752 0.01985168 -0.2322998 0.2059326 0.01896667 -0.2366943 0.1975098 0.04550171 -0.2293701 0.1811523 0.02331543 -0.2387695 0.1875 0.03973389 -0.234375 0.1773682 0.03125 -0.237915 0.1799316 -0.02262878 -0.2208252 0.2073975 -0.03903198 -0.2163086 0.1972656 -0.03111267 -0.2171631 0.204834 -0.0168457 -0.225708 0.2036133 -0.01596069 -0.2301025 0.1951904 -0.043396 -0.2183838 0.1872559 -0.04251099 -0.2227783 0.178833 -0.02030945 -0.2321777 0.1853027 -0.03671265 -0.2277832 0.1751709 -0.02824402 -0.2313232 0.1776123 -0.03411865 -0.2237549 0.2071533 -0.04205322 -0.2229004 0.1994629 -0.02563477 -0.227417 0.2095947 -0.01985168 -0.2322998 0.2059326 -0.01896667 -0.2366943 0.1975098 -0.02331543 -0.2387695 0.1875 -0.04550171 -0.2293701 0.1811523 -0.04638672 -0.2249756 0.1895752 -0.03125 -0.237915 0.1799316 -0.03973389 -0.234375 0.1773682 0.03939819 -0.2156982 0.1973877 0.04302979 -0.2225342 0.2001953 0.04321289 -0.222168 0.1787109 0.04632568 -0.2296143 0.1806641 0.03656006 -0.2279053 0.1745605 0.03114319 -0.2386475 0.1790771 0.01963806 -0.2324219 0.1848145 0.01832581 -0.2374268 0.1976318 0.01618958 -0.2258301 0.2037354 0.02568054 -0.2275391 0.210083 0.02281189 -0.2202148 0.2080078 0.04302979 -0.2225342 0.2001953 0.03939819 -0.2156982 0.1973877 -0.04275513 -0.2227783 0.1998291 -0.03915405 -0.215332 0.197998 -0.04333496 -0.22229 0.1778564 -0.04626465 -0.2296143 0.1807861 -0.03115845 -0.2387695 0.1789551 -0.02694702 -0.2318115 0.1765137 -0.01753235 -0.2375488 0.1972656 -0.01532745 -0.2250977 0.2041016 -0.02571106 -0.2268066 0.2113037 -0.04275513 -0.2227783 0.1998291 -0.03915405 -0.215332 0.197998 0.2744141 -0.02481079 0.2521973 0.2744141 -0.02253723 0.2364502 0.2836914 -0.02592468 0.2354736 0.2844238 -0.02844238 0.2529297 0.302002 0.02754211 0.2381592 0.2744141 -0.02253723 0.2364502 0.2897949 0.03390503 0.2381592 0.2766113 -0.01195526 0.2541504 0.2744141 -0.02481079 0.2521973 0.2744141 -0.02253723 0.2364502 0.2897949 0.03390503 0.2381592 0.3032227 0.02835083 0.2546387 0.2946777 0.05377197 0.2521973 0.3068848 0.05657959 0.2264404 0.307373 0.06112671 0.24646 0.2937012 0.05459595 0.2264404 0.2937012 0.05459595 0.2264404 0.2895508 0.07574463 0.1912842 0.2885742 0.08789062 0.2175293 0.2895508 0.07574463 0.1912842 0.3010254 0.09204102 0.2169189 0.3037109 0.07983398 0.1905518 0.2744141 0.1099854 0.1639404 0.2839355 0.09594727 0.15271 0.2814941 0.1057129 0.1481934 0.2788086 0.1178589 0.1486816 0.2783203 0.1329346 0.1536865 0.277832 0.1303711 0.1702881 0.295166 0.1416016 0.161499 0.2858887 0.1384277 0.1489258 0.2888184 0.1228638 0.1411133 0.2788086 0.1178589 0.1486816 0.296875 0.09649658 0.1467285 0.2814941 0.1057129 0.1481934 0.2839355 0.09594727 0.15271 -0.2744141 -0.02253723 0.2364502 -0.2744141 -0.02481079 0.2521973 -0.2836914 -0.02592468 0.2354736 -0.2844238 -0.02844238 0.2529297 -0.2744141 -0.02253723 0.2364502 -0.302002 0.02754211 0.2381592 -0.2897949 0.03387451 0.2381592 -0.2744141 -0.02481079 0.2521973 -0.2766113 -0.01195526 0.2541504 -0.2744141 -0.02253723 0.2364502 -0.2897949 0.03387451 0.2381592 -0.3032227 0.02835083 0.2546387 -0.2946777 0.05377197 0.2521973 -0.3068848 0.05657959 0.2264404 -0.307373 0.06112671 0.24646 -0.2937012 0.05459595 0.2264404 -0.2937012 0.05459595 0.2264404 -0.2895508 0.07574463 0.1912842 -0.2885742 0.08789062 0.2175293 -0.2895508 0.07574463 0.1912842 -0.3010254 0.09204102 0.2169189 -0.3037109 0.07983398 0.1905518 -0.2744141 0.1099854 0.1639404 -0.2839355 0.09594727 0.15271 -0.2814941 0.1057129 0.1481934 -0.2788086 0.1178589 0.1486816 -0.2783203 0.1329346 0.1536865 -0.277832 0.1303711 0.1702881 -0.295166 0.1416016 0.161499 -0.2858887 0.1384277 0.1489258 -0.2888184 0.1228638 0.1411133 -0.2788086 0.1178589 0.1486816 -0.296875 0.09649658 0.1467285 -0.2814941 0.1057129 0.1481934 -0.2839355 0.09594727 0.15271 0.01618958 -0.2258301 0.2037354 0.02281189 -0.2202148 0.2080078 0.01963806 -0.2324219 0.1848145 0.03939819 -0.2156982 0.1973877 0.04321289 -0.222168 0.1787109 0.03656006 -0.2279053 0.1745605 0.04632568 -0.2296143 0.1806641 0.04302979 -0.2225342 0.2001953 0.02568054 -0.2275391 0.210083 0.01832581 -0.2374268 0.1976318 0.03114319 -0.2386475 0.1790771 -0.01532745 -0.2250977 0.2041016 -0.03915405 -0.215332 0.197998 -0.02571106 -0.2268066 0.2113037 -0.02694702 -0.2318115 0.1765137 -0.04333496 -0.22229 0.1778564 -0.02571106 -0.2268066 0.2113037 -0.04275513 -0.2227783 0.1998291 -0.01753235 -0.2375488 0.1972656 -0.03115845 -0.2387695 0.1789551 -0.04626465 -0.2296143 0.1807861</float_array>
          <technique_common>
            <accessor source="#geom-Hed_EYE029__M_EYE029flame-positions-array" count="525" stride="3">
              <param name="X" type="float"/>
              <param name="Y" type="float"/>
              <param name="Z" type="float"/>
            </accessor>
          </technique_common>
        </source>
        <source id="geom-Hed_EYE029__M_EYE029flame-normals">
          <float_array id="geom-Hed_EYE029__M_EYE029flame-normals-array" count="654">0.3129205 0.9368038 0.1564593 0.8159584 -0.08805247 0.5713658 0.4343815 0.8746356 -0.2152335 0.9575564 -0.1723201 0.2310664 0.315416 0.6758916 -0.6660956 0.8878354 -0.4165396 -0.1955584 -0.1135726 0.3544228 -0.9281625 0.4657993 -0.7437146 -0.4794994 -0.5460008 0.1409039 -0.8258506 -0.007825532 -0.911674 -0.41084 -0.3129203 -0.9368038 -0.1564593 -0.8159584 0.08805246 -0.5713657 -0.4343815 -0.8746356 0.2152335 -0.9575564 0.1723201 -0.2310664 -0.3154163 -0.6758916 0.6660955 -0.8878354 0.4165396 0.1955584 0.1135726 -0.3544228 0.9281625 -0.4657993 0.7437146 0.4794994 0.5460008 -0.1409039 0.8258506 0.007825532 0.911674 0.41084 0.3129205 0.9368038 0.1564593 0.8159583 -0.08805247 0.5713657 -0.8159584 -0.08805247 0.5713658 -0.3129205 0.9368038 0.1564593 -0.4343815 0.8746356 -0.2152335 -0.9575564 -0.1723201 0.2310664 -0.315416 0.6758916 -0.6660956 -0.8878354 -0.4165396 -0.1955584 0.1135726 0.3544228 -0.9281625 -0.4657993 -0.7437146 -0.4794994 0.5460008 0.1409039 -0.8258506 0.007825532 -0.911674 -0.41084 0.3129203 -0.9368038 -0.1564593 0.8159584 0.08805246 -0.5713657 0.4343815 -0.8746356 0.2152335 0.9575564 0.1723201 -0.2310664 0.3154163 -0.6758916 0.6660955 0.8878354 0.4165396 0.1955584 -0.1135726 -0.3544228 0.9281625 0.4657993 0.7437146 0.4794994 -0.5460008 -0.1409039 0.8258506 -0.007825532 0.911674 0.41084 -0.3129205 0.9368038 0.1564593 -0.8159583 -0.08805247 0.5713657 -0.8302742 -0.3583488 0.4268852 -0.8638526 -0.2703218 -0.4250703 0.4345063 -0.7417879 -0.5108376 0.450489 -0.8069607 0.3819347 0.7654458 -0.2916902 0.5735934 -0.8302742 -0.3583488 0.4268852 0.7688552 -0.2582416 -0.5849555 -0.8638527 -0.2703218 -0.4250703 -0.7870134 0.227098 -0.5736169 0.780785 -0.2191678 -0.5850985 -0.8342535 0.2252087 -0.5032912 -0.7458753 0.1840235 0.6401604 -0.8638527 -0.2703218 -0.4250703 -0.7870135 0.2270981 -0.573617 -0.8342535 0.2252087 -0.5032912 0.7571041 -0.2054155 0.6201595 0.8375689 -0.2583165 -0.4814052 -0.8518521 0.05483183 -0.5209046 -0.9041314 -0.046967 -0.4246654 -0.7419033 0.2231587 0.6322812 0.8129782 -0.02350809 0.5818193 0.8836743 -0.2971648 -0.3616808 -0.9047474 -0.2447902 -0.3485827 -0.6228486 0.2898802 0.7266562 -0.8518521 0.05483183 -0.5209046 -0.9041314 -0.046967 -0.4246654 -0.6437538 0.381556 0.663322 0.8341374 0.1194418 0.5384686 0.8956227 -0.2933265 -0.3343941 -0.7867938 -0.5578014 -0.2642216 -0.7243149 0.4130538 0.5520458 -0.9047474 -0.2447902 -0.3485827 0.8005176 0.3346922 0.4971447 -0.8792719 0.2369535 0.4131998 -0.7867938 -0.5578014 -0.2642216 0.9011 -0.311467 -0.301674 -0.6849376 -0.6966774 -0.21331 0.8462316 0.4250738 0.3212543 -0.8781282 0.213176 0.428307 -0.6849376 -0.6966774 -0.21331 0.7710251 0.5127127 0.377685 0.9071286 -0.3350301 -0.254701 -0.9753612 -0.2193584 0.0235036 -0.6337885 -0.6729123 -0.3814462 -0.6360204 -0.301376 -0.7103876 -0.7650198 0.01956597 -0.6437094 -0.8312742 0.2914358 -0.4733375 -0.6209786 0.5073603 0.5974705 0.2502826 0.7371575 0.6276602 -0.592842 0.579145 0.5595798 -0.7317421 0.6534797 0.1936956 0.1508324 0.7815847 0.6052892 0.9850085 0.1723275 -0.00783354 0.3521801 0.9156691 0.1936987 -0.2347917 0.5869777 -0.7748098 0.7842546 0.4615578 -0.4146191 -0.1643092 0.1780034 -0.9702151 -0.7650198 0.01956597 -0.6437094 0.8042902 0.2680972 -0.5303219 0 -0.2212823 -0.9752098 -0.6360204 -0.301376 -0.7103876 0.8369795 0.06257811 -0.5436445 0.9546924 -0.1252054 -0.2699744 0.2367255 -0.7277814 -0.6436577 -0.6337885 -0.6729123 -0.3814462 0.8638526 -0.2703218 -0.4250703 0.8302742 -0.3583488 0.4268852 -0.4345063 -0.7417879 -0.5108376 -0.450489 -0.8069607 0.3819347 -0.7654458 -0.2916902 0.5735934 0.8302742 -0.3583488 0.4268852 -0.7688552 -0.2582416 -0.5849555 0.8638527 -0.2703218 -0.4250703 0.7870134 0.227098 -0.5736169 -0.780785 -0.2191678 -0.5850985 0.8342535 0.2252087 -0.5032912 0.7458753 0.1840235 0.6401604 0.8638527 -0.2703218 -0.4250703 0.7870135 0.2270981 -0.573617 0.8342535 0.2252087 -0.5032912 -0.7571041 -0.2054155 0.6201595 -0.8375689 -0.2583165 -0.4814052 0.8518521 0.05483183 -0.5209046 0.9041314 -0.046967 -0.4246654 0.7419033 0.2231587 0.6322812 -0.8836743 -0.2971648 -0.3616808 0.9047474 -0.2447902 -0.3485827 -0.8129782 -0.02350809 0.5818193 0.6228486 0.2898802 0.7266562 0.8518521 0.05483183 -0.5209046 0.9041314 -0.046967 -0.4246654 0.6437538 0.381556 0.663322 -0.8341374 0.1194418 0.5384686 0.7243149 0.4130538 0.5520458 0.9047474 -0.2447902 -0.3485827 -0.8956227 -0.2933265 -0.3343941 0.7867938 -0.5578014 -0.2642216 -0.8005176 0.3346922 0.4971447 0.8792719 0.2369535 0.4131998 0.7867938 -0.5578014 -0.2642216 -0.9011 -0.311467 -0.301674 0.6849376 -0.6966774 -0.21331 -0.8462316 0.4250738 0.3212543 0.8781282 0.213176 0.428307 0.6849376 -0.6966774 -0.21331 -0.7710251 0.5127127 0.377685 -0.9071286 -0.3350301 -0.254701 0.9753612 -0.2193584 0.0235036 0.6337885 -0.6729123 -0.3814462 0.6360204 -0.301376 -0.7103876 0.7650198 0.01956597 -0.6437094 0.8312742 0.2914358 -0.4733375 0.6209786 0.5073603 0.5974705 0.592842 0.579145 0.5595798 -0.2502826 0.7371575 0.6276602 0.7317421 0.6534797 0.1936956 -0.1508324 0.7815847 0.6052892 -0.9850085 0.1723275 -0.00783354 -0.3521801 0.9156691 0.1936987 0.2347917 0.5869777 -0.7748098 -0.7842546 0.4615578 -0.4146191 0.1643092 0.1780034 -0.9702151 0.7650198 0.01956597 -0.6437094 -0.8042902 0.2680972 -0.5303219 0 -0.2212823 -0.9752098 0.6360204 -0.301376 -0.7103876 -0.8369795 0.06257811 -0.5436445 -0.9546924 -0.1252054 -0.2699744 -0.2367255 -0.7277814 -0.6436577 0.6337885 -0.6729123 -0.3814462 -0.4657993 0.7437146 0.4794994 0.007825532 0.911674 0.41084 -0.4519534 0.8099952 -0.3736925 -0.8878354 0.4165396 0.1955584 0.3129205 0.9368038 0.1564593 -0.9575564 0.1723201 -0.2310664 0.4343815 0.8746355 -0.2152335 -0.8159584 0.08805247 -0.5713658 0.315416 0.6758916 -0.6660956 -0.5460008 0.1409039 -0.8258506 -0.1135726 0.3544228 -0.9281626 0.5460008 -0.1409039 0.8258506 0.1135726 -0.3544228 0.9281626 0.4519534 -0.8099952 0.3736925 0.8159584 -0.08805247 0.5713658 -0.3154163 -0.6758915 0.6660955 0.9575564 -0.1723201 0.2310664 -0.4343815 -0.8746355 0.2152335 0.8878355 -0.4165397 -0.1955584 -0.3129203 -0.9368039 -0.1564593 0.4657993 -0.7437146 -0.4794994 -0.007825532 -0.911674 -0.41084 0.4657993 0.7437146 0.4794994 0.4519534 0.8099952 -0.3736925 -0.007825532 0.911674 0.41084 -0.3129205 0.9368038 0.1564593 0.8878354 0.4165396 0.1955584 -0.4343815 0.8746355 -0.2152335 0.9575564 0.1723201 -0.2310664 -0.315416 0.6758916 -0.6660956 0.8159584 0.08805247 -0.5713658 0.1135726 0.3544228 -0.9281626 0.5460008 0.1409039 -0.8258506 -0.5460008 -0.1409039 0.8258506 -0.4519534 -0.8099952 0.3736925 -0.1135726 -0.3544228 0.9281626 0.3154163 -0.6758915 0.6660955 -0.8159584 -0.08805247 0.5713658 0.4343815 -0.8746355 0.2152335 -0.9575564 -0.1723201 0.2310664 0.3129203 -0.9368039 -0.1564593 -0.8878355 -0.4165397 -0.1955584 0.007825532 -0.911674 -0.41084 -0.4657993 -0.7437146 -0.4794994</float_array>
          <technique_common>
            <accessor source="#geom-Hed_EYE029__M_EYE029flame-normals-array" count="218" stride="3">
              <param name="X" type="float"/>
              <param name="Y" type="float"/>
              <param name="Z" type="float"/>
            </accessor>
          </technique_common>
        </source>
        <source id="geom-Hed_EYE029__M_EYE029flame-map-2">
          <float_array id="geom-Hed_EYE029__M_EYE029flame-map-2-array" count="1575">1 1 1 1 1 1 1 1 1 1 1 1 1 1 1 1 1 1 1 1 1 1 1 1 1 1 1 1 1 1 1 1 1 1 1 1 1 1 1 1 1 1 1 1 1 1 1 1 1 1 1 1 1 1 1 1 1 1 1 1 1 1 1 1 1 1 1 1 1 1 1 1 1 1 1 1 1 1 1 1 1 1 1 1 1 1 1 1 1 1 1 1 1 1 1 1 1 1 1 1 1 1 1 1 1 1 1 1 1 1 1 1 1 1 1 1 1 1 1 1 1 1 1 1 1 1 1 1 1 1 1 1 1 1 1 1 1 1 1 1 1 1 1 1 1 1 1 1 1 1 1 1 1 1 1 1 1 1 1 1 1 1 1 1 1 1 1 1 1 1 1 1 1 1 1 1 1 1 1 1 1 1 1 1 1 1 1 1 1 1 1 1 1 1 1 1 1 1 1 1 1 1 1 1 1 1 1 1 1 1 1 1 1 1 1 1 1 1 1 1 1 1 1 1 1 1 1 1 1 1 1 1 1 1 1 1 1 1 1 1 1 1 1 1 1 1 1 1 1 1 1 1 1 1 1 1 1 1 1 1 1 1 1 1 1 1 1 1 1 1 1 1 1 1 1 1 1 1 1 1 1 1 1 1 1 1 1 1 1 1 1 1 1 1 1 1 1 1 1 1 1 1 1 1 1 1 1 1 1 1 1 1 1 1 1 1 1 1 1 1 1 1 1 1 1 1 1 1 1 1 1 1 1 1 1 1 1 1 1 1 1 1 1 1 1 1 1 1 1 1 1 1 1 1 1 1 1 1 1 1 1 1 1 1 1 1 1 1 1 1 1 1 1 1 1 1 1 1 1 1 1 1 1 1 1 1 1 1 1 1 1 1 1 1 1 1 1 1 1 1 1 1 1 1 1 1 1 1 1 1 1 1 1 1 1 1 1 1 1 1 1 1 1 1 1 1 1 1 1 1 1 1 1 1 1 1 1 1 1 1 1 1 1 1 1 1 1 1 1 1 1 1 1 1 1 1 1 1 1 1 1 1 1 1 1 1 1 1 1 1 1 1 1 1 1 1 1 1 1 1 1 1 1 1 1 1 1 1 1 1 1 1 1 1 1 1 1 1 1 1 1 1 1 1 1 1 1 1 1 1 1 1 1 1 1 1 1 1 1 1 1 1 1 1 1 1 1 1 1 1 1 1 1 1 1 1 1 1 1 1 1 1 1 1 1 1 1 1 1 1 1 1 1 1 1 1 1 1 1 1 1 1 1 1 1 1 1 1 1 1 1 1 1 1 1 1 1 1 1 1 1 1 1 1 1 1 1 1 1 1 1 1 1 1 1 1 1 1 1 1 1 1 1 1 1 1 1 1 1 1 1 1 1 1 1 1 1 1 1 1 1 1 1 1 1 1 1 1 1 1 1 1 1 1 1 1 1 1 1 1 1 1 1 1 1 1 1 1 1 1 1 1 1 1 1 1 1 1 1 1 1 1 1 1 1 1 1 1 1 1 1 1 1 1 1 1 1 1 1 1 1 1 1 1 1 1 1 1 1 1 1 1 1 1 1 1 1 1 1 1 1 1 1 1 1 1 1 1 1 1 1 1 1 1 1 1 1 1 1 1 1 1 1 1 1 1 1 1 1 1 1 1 1 1 1 1 1 1 1 1 1 1 1 1 1 1 1 1 1 1 1 1 1 1 1 1 1 1 1 1 1 1 1 1 1 1 1 1 1 1 1 1 1 1 1 1 1 1 1 1 1 1 1 1 1 1 1 1 1 1 1 1 1 1 1 1 1 1 1 1 1 1 1 1 1 1 1 1 1 1 1 1 1 1 1 1 1 1 1 1 1 1 1 1 1 1 1 1 1 1 1 1 1 1 1 1 1 1 1 1 1 1 1 1 1 1 1 1 1 1 1 1 1 1 1 1 1 1 1 1 1 1 1 1 1 1 1 1 1 1 1 1 1 1 1 1 1 1 1 1 1 1 1 1 1 1 1 1 1 1 1 1 1 1 1 1 1 1 1 1 1 1 1 1 1 1 1 1 1 1 1 1 1 1 1 1 1 1 1 1 1 1 1 1 1 1 1 1 1 1 1 1 1 1 1 1 1 1 1 1 1 1 1 1 1 1 1 1 1 1 1 1 1 1 1 1 1 1 1 1 1 1 1 1 1 1 1 1 1 1 1 1 1 1 1 1 1 1 1 1 1 1 1 1 1 1 1 1 1 1 1 1 1 1 1 1 1 1 1 1 1 1 1 1 1 1 1 1 1 1 1 1 1 1 1 1 1 1 1 1 1 1 1 1 1 1 1 1 1 1 1 1 1 1 1 1 1 1 1 1 1 1 1 1 1 1 1 1 1 1 1 1 1 1 1 1 1 1 1 1 1 1 1 1 1 1 1 1 1 1 1 1 1 1 1 1 1 1 1 1 1 1 1 1 1 1 1 1 1 1 1 1 1 1 1 1 1 1 1 1 1 1 1 1 1 1 1 1 1 1 1 1 1 1 1 1 1 1 1 1 1 1 1 1 1 1 1 1 1 1 1 1 1 1 1 1 1 1 1 1 1 1 1 1 1 1 1 1 1 1 1 1 1 1 1 1 1 1 1 1 1 1 1 1 1 1 1 1 1 1 1 1 1 1 1 1 1 1 1 1 1 1 1 1 1 1 1 1 1 1 1 1 1 1 1 1 1 1 1 1 1 1 1 1 1 1 1 1 1 1 1 1 1 1 1 1 1 1 1 1 1 1 1 1 1 1 1 1 1 1 1 1 1 1 1 1 1 1 1 1 1 1 1 1 1 1 1 1 1 1 1 1 1 1 1 1 1 1 1 1 1 1 1 1 1 1 1 1 1 1 1 1 1 1 1 1 1 1 1 1 1 1 1 1 1 1 1 1 1 1 1 1 1 1 1 1 1 1 1 1 1 1 1 1 1 1 1 1 1 1 1 1 1 1 1 1 1 1 1 1 1 1 1 1 1 1 1 1 1 1 1 1 1 1 1 1 1 1 1 1 1 1 1 1 1 1 1 1 1 1 1 1 1 1 1 1 1 1 1 1 1 1 1 1 1 1 1 1 1 1 1 1 1 1 1 1 1 1 1 1 1 1 1 1 1 1 1 1 1 1 1 1 1 1 1 1 1 1 1 1 1 1 1 1 1 1 1 1 1 1 1 1 1 1 1 1 1 1 1 1 1 1 1 1 1 1 1 1 1 1 1 1 1 1 1 1 1 1 1 1 1 1 1 1 1 1 1 1 1 1 1 1 1 1 1 1 1 1 1 1 1 1 1 1 1 1 1 1 1 1 1 1 1 1 1 1 1 1 1 1 1 1 1 1 1 1 1 1 1 1 1 1 1 1 1 1 1 1 1 1 1 1 1 1 1 1 1 1 1 1 1 1 1 1 1 1 1 1 1 1 1 1 1 1 1 1 1 1 1 1 1 1 1 1 1 1 1 1 1 1 1 1 1 1 1 1 1 1 1 1 1 1 1 1 1 1 1 1 1 1 1 1 1 1 1 1 1 1 1 1 1 1 1 1 1</float_array>
          <technique_common>
            <accessor source="#geom-Hed_EYE029__M_EYE029flame-map-2-array" count="525" stride="3">
              <param name="R" type="float"/>
              <param name="G" type="float"/>
              <param name="B" type="float"/>
            </accessor>
          </technique_common>
        </source>
        <source id="geom-Hed_EYE029__M_EYE029flame-map0">
          <float_array id="geom-Hed_EYE029__M_EYE029flame-map0-array" count="1575">1 1 1 1 1 1 1 1 1 1 1 1 1 1 1 1 1 1 1 1 1 1 1 1 1 1 1 1 1 1 1 1 1 1 1 1 1 1 1 1 1 1 1 1 1 1 1 1 1 1 1 1 1 1 1 1 1 1 1 1 1 1 1 1 1 1 1 1 1 1 1 1 1 1 1 1 1 1 1 1 1 1 1 1 1 1 1 1 1 1 1 1 1 1 1 1 1 1 1 1 1 1 1 1 1 1 1 1 1 1 1 1 1 1 1 1 1 1 1 1 1 1 1 1 1 1 1 1 1 1 1 1 1 1 1 1 1 1 1 1 1 1 1 1 1 1 1 1 1 1 1 1 1 1 1 1 1 1 1 1 1 1 1 1 1 1 1 1 1 1 1 1 1 1 1 1 1 1 1 1 1 1 1 1 1 1 1 1 1 1 1 1 1 1 1 1 1 1 1 1 1 1 1 1 1 1 1 1 1 1 1 1 1 1 1 1 1 1 1 1 1 1 1 1 1 1 1 1 1 1 1 1 1 1 1 1 1 1 1 1 1 1 1 1 1 1 1 1 1 1 1 1 1 1 1 1 1 1 1 1 1 1 1 1 1 1 1 1 1 1 1 1 1 1 1 1 1 1 1 1 1 1 1 1 1 1 1 1 1 1 1 1 1 1 1 1 1 1 1 1 1 1 1 1 1 1 1 1 1 1 1 1 1 1 1 1 1 1 1 1 1 1 1 1 1 1 1 1 1 1 1 1 1 1 1 1 1 1 1 1 1 1 1 1 1 1 1 1 1 1 1 1 1 1 1 1 1 1 1 1 1 1 1 1 1 1 1 1 1 1 1 1 1 1 1 1 1 1 1 1 1 1 1 1 1 1 1 1 1 1 1 1 1 1 1 1 1 1 1 1 1 1 1 1 1 1 1 1 1 1 1 1 1 1 1 1 1 1 1 1 1 1 1 1 1 1 1 1 1 1 1 1 1 1 1 1 1 1 1 1 1 1 1 1 1 1 1 1 1 1 1 1 1 1 1 1 1 1 1 1 1 1 1 1 1 1 1 1 1 1 1 1 1 1 1 1 1 1 1 1 1 1 1 1 1 1 1 1 1 1 1 1 1 1 1 1 1 1 1 1 1 1 1 1 1 1 1 1 1 1 1 1 1 1 1 1 1 1 1 1 1 1 1 1 1 1 1 1 1 1 1 1 1 1 1 1 1 1 1 1 1 1 1 1 1 1 1 1 1 1 1 1 1 1 1 1 1 1 1 1 1 1 1 1 1 1 1 1 1 1 1 1 1 1 1 1 1 1 1 1 1 1 1 1 1 1 1 1 1 1 1 1 1 1 1 1 1 1 1 1 1 1 1 1 1 1 1 1 1 1 1 1 1 1 1 1 1 1 1 1 1 1 1 1 1 1 1 1 1 1 1 1 1 1 1 1 1 1 1 1 1 1 1 1 1 1 1 1 1 1 1 1 1 1 1 1 1 1 1 1 1 1 1 1 1 1 1 1 1 1 1 1 1 1 1 1 1 1 1 1 1 1 1 1 1 1 1 1 1 1 1 1 1 1 1 1 1 1 1 1 1 1 1 1 1 1 1 1 1 1 1 1 1 1 1 1 1 1 1 1 1 1 1 1 1 1 1 1 1 1 1 1 1 1 1 1 1 1 1 1 1 1 1 1 1 1 1 1 1 1 1 1 1 1 1 1 1 1 1 1 1 1 1 1 1 1 1 1 1 1 1 1 1 1 1 1 1 1 1 1 1 1 1 1 1 1 1 1 1 1 1 1 1 1 1 1 1 1 1 1 1 1 1 1 1 1 1 1 1 1 1 1 1 1 1 1 1 1 1 1 1 1 1 1 1 1 1 1 1 1 1 1 1 1 1 1 1 1 1 1 1 1 1 1 1 1 1 1 1 1 1 1 1 1 1 1 1 1 1 1 1 1 1 1 1 1 1 1 1 1 1 1 1 1 1 1 1 1 1 1 1 1 1 1 1 1 1 1 1 1 1 1 1 1 1 1 1 1 1 1 1 1 1 1 1 1 1 1 1 1 1 1 1 1 1 1 1 1 1 1 1 1 1 1 1 1 1 1 1 1 1 1 1 1 1 1 1 1 1 1 1 1 1 1 1 1 1 1 1 1 1 1 1 1 1 1 1 1 1 1 1 1 1 1 1 1 1 1 1 1 1 1 1 1 1 1 1 1 1 1 1 1 1 1 1 1 1 1 1 1 1 1 1 1 1 1 1 1 1 1 1 1 1 1 1 1 1 1 1 1 1 1 1 1 1 1 1 1 1 1 1 1 1 1 1 1 1 1 1 1 1 1 1 1 1 1 1 1 1 1 1 1 1 1 1 1 1 1 1 1 1 1 1 1 1 1 1 1 1 1 1 1 1 1 1 1 1 1 1 1 1 1 1 1 1 1 1 1 1 1 1 1 1 1 1 1 1 1 1 1 1 1 1 1 1 1 1 1 1 1 1 1 1 1 1 1 1 1 1 1 1 1 1 1 1 1 1 1 1 1 1 1 1 1 1 1 1 1 1 1 1 1 1 1 1 1 1 1 1 1 1 1 1 1 1 1 1 1 1 1 1 1 1 1 1 1 1 1 1 1 1 1 1 1 1 1 1 1 1 1 1 1 1 1 1 1 1 1 1 1 1 1 1 1 1 1 1 1 1 1 1 1 1 1 1 1 1 1 1 1 1 1 1 1 1 1 1 1 1 1 1 1 1 1 1 1 1 1 1 1 1 1 1 1 1 1 1 1 1 1 1 1 1 1 1 1 1 1 1 1 1 1 1 1 1 1 1 1 1 1 1 1 1 1 1 1 1 1 1 1 1 1 1 1 1 1 1 1 1 1 1 1 1 1 1 1 1 1 1 1 1 1 1 1 1 1 1 1 1 1 1 1 1 1 1 1 1 1 1 1 1 1 1 1 1 1 1 1 1 1 1 1 1 1 1 1 1 1 1 1 1 1 1 1 1 1 1 1 1 1 1 1 1 1 1 1 1 1 1 1 1 1 1 1 1 1 1 1 1 1 1 1 1 1 1 1 1 1 1 1 1 1 1 1 1 1 1 1 1 1 1 1 1 1 1 1 1 1 1 1 1 1 1 1 1 1 1 1 1 1 1 1 1 1 1 1 1 1 1 1 1 1 1 1 1 1 1 1 1 1 1 1 1 1 1 1 1 1 1 1 1 1 1 1 1 1 1 1 1 1 1 1 1 1 1 1 1 1 1 1 1 1 1 1 1 1 1 1 1 1 1 1 1 1 1 1 1 1 1 1 1 1 1 1 1 1 1 1 1 1 1 1 1 1 1 1 1 1 1 1 1 1 1 1 1 1 1 1 1 1 1 1 1 1 1 1 1 1 1 1 1 1 1 1 1 1 1 1 1 1 1 1 1 1 1 1 1 1 1 1 1 1 1 1 1 1 1 1 1 1 1 1 1 1 1 1 1 1 1 1 1 1 1 1 1 1 1 1 1 1 1 1 1 1 1 1 1 1 1 1 1 1 1 1 1 1 1 1 1 1 1 1 1 1 1</float_array>
          <technique_common>
            <accessor source="#geom-Hed_EYE029__M_EYE029flame-map0-array" count="525" stride="3">
              <param name="R" type="float"/>
              <param name="G" type="float"/>
              <param name="B" type="float"/>
            </accessor>
          </technique_common>
        </source>
        <source id="geom-Hed_EYE029__M_EYE029flame-map1">
          <float_array id="geom-Hed_EYE029__M_EYE029flame-map1-array" count="1575">0.4187381 0.5777524 0 0.4553445 0.5777524 0 0.4187381 0.6250248 0 0.4553445 0.6250248 0 0.4187381 0.6688792 0 0.4553445 0.6688792 0 0.4187381 0.7029526 0 0.4553445 0.7029526 0 0.4187381 0.7460746 0 0.4553445 0.7460594 0 0.4553445 0.7789578 0 0.4187381 0.7789578 0 0.4553445 0.8255741 0 0.4187381 0.8255741 0 0.4553445 0.8691539 0 0.4187381 0.8691539 0 0.4553445 0.9027695 0 0.4187381 0.9027695 0 0.4553445 0.9457542 0 0.4187381 0.9457542 0 0.4187381 0.9828184 0 0.4553445 0.9828184 0 0.4553445 0.5777524 0 0.4187381 0.5777524 0 0.4187381 0.6250248 0 0.4553445 0.6250248 0 0.4187381 0.6688792 0 0.4553445 0.6688792 0 0.4187381 0.7029526 0 0.4553445 0.7029526 0 0.4187381 0.7460746 0 0.4553445 0.7460594 0 0.4553445 0.7789578 0 0.4187381 0.7789578 0 0.4553445 0.8255741 0 0.4187381 0.8255741 0 0.4553445 0.8691539 0 0.4187381 0.8691539 0 0.4553445 0.9027695 0 0.4187381 0.9027695 0 0.4553445 0.9457542 0 0.4187381 0.9457542 0 0.4187381 0.9828184 0 0.4553445 0.9828184 0 0.6385748 0.98439 0 0.5500267 0.98439 0 0.5552605 0.9443198 0 0.6483864 0.9443198 0 0.6479286 0.8857099 0 0.7089646 0.9443198 0 0.5500725 0.8857099 0 0.5072252 0.9443198 0 0.4884565 0.8857099 0 0.5567712 0.6993973 0 0.4828107 0.678233 0 0.7147173 0.8857099 0 0.8006714 0.9443198 0 0.8143435 0.8857099 0 0.8072328 0.6905013 0 0.6429847 0.7077287 0 0.5579919 0.6437476 0 0.487068 0.6375982 0 0.4891585 0.6094911 0 0.7182117 0.6974441 0 0.6542 0.6520333 0 0.5639277 0.6040589 0 0.4915541 0.58439 0 0.7137102 0.6506904 0 0.8100862 0.6499122 0 0.8117342 0.6225071 0 0.713756 0.6157931 0 0.6594186 0.6095216 0 0.5662013 0.5754788 0 0.4915236 0.5444877 0 0.7190967 0.5834287 0 0.8166171 0.5983978 0 0.6629893 0.5747463 0 0.7285115 0.5379416 0 0.8288853 0.5614252 0 0.5654994 0.5345693 0 0.4614633 0.3302968 0 0.6686656 0.5275044 0 0.7609674 0.4070954 0 0.9142901 0.3606775 0 0.6856947 0.3942626 0 0.5430076 0.328542 0 0.8813001 0.1686885 0 0.9907836 0.1550012 0 0.9421988 0.1046616 0 0.8594034 0.07913327 0 0.7476005 0.07434195 0 0.7782711 0.2789044 0 0.7051652 0.2699474 0 0.7761807 0.158175 0 0.764828 0.120531 0 0.7147784 0.1672236 0 0.63299 0.1873808 0 0.7113451 0.1364462 0 0.7080033 0.0850538 0 0.6932631 0.110399 0 0.6341649 0.07679868 0 0.6328374 0.01321429 0 0.6381933 0.1068894 0 0.5585107 0.09407187 0 0.5241779 0.05111772 0 0.5816281 0.1191119 0 0.5442893 0.1493095 0 0.5113603 0.1331044 0 0.4605173 0.1182727 0 0.5500267 0.98439 0 0.6385748 0.98439 0 0.5552605 0.9443198 0 0.6483864 0.9443198 0 0.6479286 0.8857099 0 0.7089646 0.9443198 0 0.5500725 0.8857099 0 0.5072252 0.9443198 0 0.4884565 0.8857099 0 0.5567712 0.6993973 0 0.4828107 0.678233 0 0.7147173 0.8857099 0 0.8006714 0.9443198 0 0.8143435 0.8857099 0 0.8072328 0.6905013 0 0.6429847 0.7077287 0 0.5579919 0.6437476 0 0.487068 0.6375982 0 0.4891585 0.6094911 0 0.7182117 0.6974441 0 0.5639277 0.6040589 0 0.4915541 0.58439 0 0.6542 0.6520333 0 0.7137102 0.6506904 0 0.8100862 0.6499122 0 0.8117342 0.6225071 0 0.713756 0.6157931 0 0.6594186 0.6095216 0 0.7190967 0.5834287 0 0.8166171 0.5983978 0 0.5662013 0.5754788 0 0.4915236 0.5444877 0 0.6629893 0.5747463 0 0.7285115 0.5379416 0 0.8288853 0.5614252 0 0.5654994 0.5345693 0 0.4614633 0.3302968 0 0.6686656 0.5275044 0 0.7609674 0.4070954 0 0.9142901 0.3606775 0 0.6856947 0.3942626 0 0.5430076 0.328542 0 0.8813001 0.1686885 0 0.9907836 0.1550012 0 0.9421988 0.1046616 0 0.8594034 0.07913327 0 0.7476005 0.07434195 0 0.7782711 0.2789044 0 0.7761807 0.158175 0 0.7051652 0.2699474 0 0.764828 0.120531 0 0.7147784 0.1672236 0 0.63299 0.1873808 0 0.7113451 0.1364462 0 0.7080033 0.0850538 0 0.6932631 0.110399 0 0.6341649 0.07679868 0 0.6328374 0.01321429 0 0.6381933 0.1068894 0 0.5585107 0.09407187 0 0.5241779 0.05111772 0 0.5816281 0.1191119 0 0.5442893 0.1493095 0 0.5113603 0.1331044 0 0.4605173 0.1182727 0 0.3867704 0.586099 0 0.401358 0.6042877 0 0.3755245 0.6339513 0 0.3678797 0.5861906 0 0.4060884 0.633814 0 0.3519036 0.6045167 0 0.3991607 0.6633707 0 0.3449607 0.6340886 0 0.3831846 0.681712 0 0.3497063 0.6635996 0 0.3642939 0.6817883 0 0.4026703 0.7822537 0 0.388098 0.800473 0 0.3767758 0.7526513 0 0.4073549 0.7527276 0 0.3692073 0.8004273 0 0.400351 0.7231708 0 0.3532158 0.7821317 0 0.3843595 0.7048752 0 0.3462119 0.7525597 0 0.3654688 0.7048295 0 0.3508965 0.7230335 0 0.3867704 0.586099 0 0.3755245 0.6339513 0 0.401358 0.6042877 0 0.4060884 0.633814 0 0.3678797 0.5861906 0 0.3991607 0.6633707 0 0.3519036 0.6045167 0 0.3831846 0.681712 0 0.3449607 0.6340886 0 0.3642939 0.6817883 0 0.3497063 0.6635996 0 0.4026703 0.7822537 0 0.3767758 0.7526513 0 0.388098 0.800473 0 0.3692073 0.8004273 0 0.4073549 0.7527276 0 0.3532158 0.7821317 0 0.400351 0.7231708 0 0.3462119 0.7525597 0 0.3843595 0.7048752 0 0.3508965 0.7230335 0 0.3654688 0.7048295 0 0.4187381 0.5777524 0 0.4553445 0.5777524 0 0.4187381 0.6250248 0 0.4553445 0.6250248 0 0.4187381 0.6688792 0 0.4553445 0.6688792 0 0.4187381 0.7029526 0 0.4553445 0.7029526 0 0.4187381 0.7460746 0 0.4553445 0.7460594 0 0.4553445 0.7789578 0 0.4187381 0.7789578 0 0.4553445 0.8255741 0 0.4187381 0.8255741 0 0.4553445 0.8691539 0 0.4187381 0.8691539 0 0.4553445 0.9027695 0 0.4187381 0.9027695 0 0.4553445 0.9457542 0 0.4187381 0.9457542 0 0.4187381 0.9828184 0 0.4553445 0.9828184 0 0.4553445 0.5777524 0 0.4187381 0.5777524 0 0.4187381 0.6250248 0 0.4553445 0.6250248 0 0.4187381 0.6688792 0 0.4553445 0.6688792 0 0.4187381 0.7029526 0 0.4553445 0.7029526 0 0.4187381 0.7460746 0 0.4553445 0.7460594 0 0.4553445 0.7789578 0 0.4187381 0.7789578 0 0.4553445 0.8255741 0 0.4187381 0.8255741 0 0.4553445 0.8691539 0 0.4187381 0.8691539 0 0.4553445 0.9027695 0 0.4187381 0.9027695 0 0.4553445 0.9457542 0 0.4187381 0.9457542 0 0.4187381 0.9828184 0 0.4553445 0.9828184 0 0.6385748 0.98439 0 0.5500267 0.98439 0 0.5552605 0.9443198 0 0.6483864 0.9443198 0 0.6479286 0.8857099 0 0.7089646 0.9443198 0 0.5500725 0.8857099 0 0.5072252 0.9443198 0 0.4884565 0.8857099 0 0.5567712 0.6993973 0 0.4828107 0.678233 0 0.7147173 0.8857099 0 0.8006714 0.9443198 0 0.8143435 0.8857099 0 0.8072328 0.6905013 0 0.6429847 0.7077287 0 0.5579919 0.6437476 0 0.4891585 0.6094911 0 0.7182117 0.6974441 0 0.6542 0.6520333 0 0.5662013 0.5754788 0 0.713756 0.6157931 0 0.8117342 0.6225071 0 0.6629893 0.5747463 0 0.4915236 0.5444877 0 0.7285115 0.5379416 0 0.8288853 0.5614252 0 0.5654994 0.5345693 0 0.4614633 0.3302968 0 0.6686656 0.5275044 0 0.7609674 0.4070954 0 0.9142901 0.3606775 0 0.6856947 0.3942626 0 0.5430076 0.328542 0 0.8813001 0.1686885 0 0.9907836 0.1550012 0 0.9421988 0.1046616 0 0.8594034 0.07913327 0 0.7476005 0.07434195 0 0.7051652 0.2699474 0 0.7761807 0.158175 0 0.764828 0.120531 0 0.7113451 0.1364462 0 0.63299 0.1873808 0 0.7080033 0.0850538 0 0.6932631 0.110399 0 0.6341649 0.07679868 0 0.6328374 0.01321429 0 0.6381933 0.1068894 0 0.5585107 0.09407187 0 0.5241779 0.05111772 0 0.5442893 0.1493095 0 0.5113603 0.1331044 0 0.4605173 0.1182727 0 0.5500267 0.98439 0 0.6385748 0.98439 0 0.5552605 0.9443198 0 0.6483864 0.9443198 0 0.6479286 0.8857099 0 0.7089646 0.9443198 0 0.5500725 0.8857099 0 0.5072252 0.9443198 0 0.4884565 0.8857099 0 0.5567712 0.6993973 0 0.4828107 0.678233 0 0.7147173 0.8857099 0 0.8006714 0.9443198 0 0.8143435 0.8857099 0 0.8072328 0.6905013 0 0.6429847 0.7077287 0 0.5579919 0.6437476 0 0.4891585 0.6094911 0 0.7182117 0.6974441 0 0.5662013 0.5754788 0 0.6542 0.6520333 0 0.713756 0.6157931 0 0.8117342 0.6225071 0 0.6629893 0.5747463 0 0.4915236 0.5444877 0 0.7285115 0.5379416 0 0.8288853 0.5614252 0 0.5654994 0.5345693 0 0.4614633 0.3302968 0 0.6686656 0.5275044 0 0.7609674 0.4070954 0 0.9142901 0.3606775 0 0.6856947 0.3942626 0 0.5430076 0.328542 0 0.8813001 0.1686885 0 0.9907836 0.1550012 0 0.9421988 0.1046616 0 0.8594034 0.07913327 0 0.7476005 0.07434195 0 0.7761807 0.158175 0 0.7051652 0.2699474 0 0.764828 0.120531 0 0.7113451 0.1364462 0 0.63299 0.1873808 0 0.7080033 0.0850538 0 0.6932631 0.110399 0 0.6341649 0.07679868 0 0.6328374 0.01321429 0 0.6381933 0.1068894 0 0.5585107 0.09407187 0 0.5241779 0.05111772 0 0.5442893 0.1493095 0 0.5113603 0.1331044 0 0.4605173 0.1182727 0 0.3867704 0.586099 0 0.401358 0.6042877 0 0.3449607 0.6340886 0 0.3678797 0.5861906 0 0.4060884 0.633814 0 0.3519036 0.6045167 0 0.3991607 0.6633707 0 0.3831846 0.681712 0 0.3642939 0.6817883 0 0.3497063 0.6635996 0 0.4073549 0.7527276 0 0.4026703 0.7822537 0 0.388098 0.800473 0 0.400351 0.7231708 0 0.3692073 0.8004273 0 0.3532158 0.7821317 0 0.3843595 0.7048752 0 0.3462119 0.7525597 0 0.3654688 0.7048295 0 0.3508965 0.7230335 0 0.3867704 0.586099 0 0.4060884 0.633814 0 0.401358 0.6042877 0 0.3678797 0.5861906 0 0.3519036 0.6045167 0 0.3991607 0.6633707 0 0.3831846 0.681712 0 0.3449607 0.6340886 0 0.3642939 0.6817883 0 0.3497063 0.6635996 0 0.4026703 0.7822537 0 0.4073549 0.7527276 0 0.388098 0.800473 0 0.3692073 0.8004273 0 0.3532158 0.7821317 0 0.3462119 0.7525597 0 0.3843595 0.7048752 0 0.400351 0.7231708 0 0.3508965 0.7230335 0 0.3654688 0.7048295 0 0.4187381 0.5777524 0 0.4553445 0.5777524 0 0.4187381 0.6688792 0 0.4553445 0.6688792 0 0.4187381 0.7029526 0 0.4553445 0.7460594 0 0.4187381 0.7789578 0 0.4553445 0.8255741 0 0.4187381 0.8691539 0 0.4553445 0.9027695 0 0.4187381 0.9027695 0 0.4553445 0.9828184 0 0.4187381 0.9828184 0 0.4553445 0.5777524 0 0.4187381 0.5777524 0 0.4187381 0.6688792 0 0.4553445 0.6688792 0 0.4553445 0.7460594 0 0.4187381 0.7460746 0 0.4553445 0.8255741 0 0.4187381 0.8691539 0 0.4553445 0.9027695 0 0.4553445 0.9828184 0 0.4187381 0.9828184 0 0.6385748 0.98439 0 0.5500267 0.98439 0 0.5552605 0.9443198 0 0.6483864 0.9443198 0 0.5567712 0.6993973 0 0.5072252 0.9443198 0 0.4828107 0.678233 0 0.7147173 0.8857099 0 0.7089646 0.9443198 0 0.8006714 0.9443198 0 0.8072328 0.6905013 0 0.6429847 0.7077287 0 0.713756 0.6157931 0 0.5654994 0.5345693 0 0.6629893 0.5747463 0 0.4915236 0.5444877 0 0.8288853 0.5614252 0 0.4614633 0.3302968 0 0.7609674 0.4070954 0 0.9142901 0.3606775 0 0.6856947 0.3942626 0 0.5430076 0.328542 0 0.8813001 0.1686885 0 0.9907836 0.1550012 0 0.9421988 0.1046616 0 0.8594034 0.07913327 0 0.7476005 0.07434195 0 0.7761807 0.158175 0 0.7113451 0.1364462 0 0.7080033 0.0850538 0 0.6341649 0.07679868 0 0.6328374 0.01321429 0 0.5113603 0.1331044 0 0.5241779 0.05111772 0 0.4605173 0.1182727 0 0.5500267 0.98439 0 0.6385748 0.98439 0 0.5552605 0.9443198 0 0.6483864 0.9443198 0 0.5072252 0.9443198 0 0.5567712 0.6993973 0 0.4828107 0.678233 0 0.7089646 0.9443198 0 0.7147173 0.8857099 0 0.8006714 0.9443198 0 0.8072328 0.6905013 0 0.6429847 0.7077287 0 0.713756 0.6157931 0 0.5654994 0.5345693 0 0.6629893 0.5747463 0 0.4915236 0.5444877 0 0.8288853 0.5614252 0 0.4614633 0.3302968 0 0.7609674 0.4070954 0 0.9142901 0.3606775 0 0.6856947 0.3942626 0 0.5430076 0.328542 0 0.8813001 0.1686885 0 0.9907836 0.1550012 0 0.9421988 0.1046616 0 0.8594034 0.07913327 0 0.7476005 0.07434195 0 0.7761807 0.158175 0 0.7113451 0.1364462 0 0.7080033 0.0850538 0 0.6341649 0.07679868 0 0.6328374 0.01321429 0 0.5113603 0.1331044 0 0.5241779 0.05111772 0 0.4605173 0.1182727 0 0.3678797 0.5861906 0 0.3867704 0.586099 0 0.3449607 0.6340886 0 0.4060884 0.633814 0 0.3831846 0.681712 0 0.3642939 0.6817883 0 0.3843595 0.7048752 0 0.4073549 0.7527276 0 0.388098 0.800473 0 0.3532158 0.7821317 0 0.3508965 0.7230335 0 0.3678797 0.5861906 0 0.4060884 0.633814 0 0.3867704 0.586099 0 0.3497063 0.6635996 0 0.3831846 0.681712 0 0.388098 0.800473 0 0.4073549 0.7527276 0 0.3532158 0.7821317 0 0.3508965 0.7230335 0 0.3843595 0.7048752 0</float_array>
          <technique_common>
            <accessor source="#geom-Hed_EYE029__M_EYE029flame-map1-array" count="525" stride="3">
              <param name="S" type="float"/>
              <param name="T" type="float"/>
              <param name="P" type="float"/>
            </accessor>
          </technique_common>
        </source>
        <vertices id="geom-Hed_EYE029__M_EYE029flame-vertices">
          <input semantic="POSITION" source="#geom-Hed_EYE029__M_EYE029flame-positions"/>
        </vertices>
        <triangles material="M_EYE029flame" count="280">
          <input semantic="VERTEX" source="#geom-Hed_EYE029__M_EYE029flame-vertices" offset="0"/>
          <input semantic="NORMAL" source="#geom-Hed_EYE029__M_EYE029flame-normals" offset="1"/>
          <input semantic="COLOR" source="#geom-Hed_EYE029__M_EYE029flame-map0" offset="2" set="0"/>
          <input semantic="TEXCOORD" source="#geom-Hed_EYE029__M_EYE029flame-map1" offset="3" set="0"/>
          <p>0 0 0 0 1 1 1 1 2 2 2 2 1 1 1 1 3 3 3 3 2 2 2 2 2 2 2 2 3 3 3 3 4 4 4 4 3 3 3 3 5 5 5 5 4 4 4 4 4 4 4 4 5 5 5 5 6 6 6 6 5 5 5 5 7 7 7 7 6 6 6 6 6 6 6 6 7 7 7 7 8 8 8 8 7 7 7 7 9 9 9 9 8 8 8 8 8 8 8 8 9 9 9 9 10 10 10 10 11 11 11 11 8 8 8 8 10 10 10 10 11 11 11 11 10 10 10 10 12 12 12 12 13 13 13 13 11 11 11 11 12 12 12 12 13 13 13 13 12 12 12 12 14 14 14 14 15 15 15 15 13 13 13 13 14 14 14 14 15 15 15 15 14 14 14 14 16 16 16 16 17 17 17 17 15 15 15 15 16 16 16 16 17 17 17 17 16 16 16 16 18 18 18 18 19 19 19 19 17 17 17 17 18 18 18 18 19 19 19 19 18 18 18 18 20 20 20 20 18 18 18 18 21 21 21 21 20 20 20 20 22 22 22 22 23 23 23 23 24 24 24 24 25 25 25 25 22 22 22 22 24 24 24 24 25 25 25 25 24 24 24 24 26 26 26 26 27 27 27 27 25 25 25 25 26 26 26 26 27 27 27 27 26 26 26 26 28 28 28 28 29 29 29 29 27 27 27 27 28 28 28 28 29 29 29 29 28 28 28 28 30 30 30 30 31 31 31 31 29 29 29 29 30 30 30 30 32 32 32 32 31 31 31 31 30 30 30 30 33 33 33 33 32 32 32 32 30 30 30 30 34 34 34 34 32 32 32 32 33 33 33 33 35 35 35 35 34 34 34 34 33 33 33 33 36 36 36 36 34 34 34 34 35 35 35 35 37 37 37 37 36 36 36 36 35 35 35 35 38 38 38 38 36 36 36 36 37 37 37 37 39 39 39 39 38 38 38 38 37 37 37 37 40 40 40 40 38 38 38 38 39 39 39 39 41 41 41 41 40 40 40 40 39 39 39 39 40 40 40 40 41 41 41 41 42 42 42 42 43 43 43 43 40 40 40 40 42 42 42 42 44 44 44 44 45 45 45 45 46 46 46 46 47 47 47 47 44 44 44 44 46 46 46 46 48 48 48 48 47 47 47 47 46 46 46 46 47 47 47 47 48 48 48 48 49 49 49 49 50 50 50 50 48 48 48 48 46 46 46 46 50 50 50 50 46 46 46 46 51 51 51 51 52 52 52 52 50 50 50 50 51 51 51 51 53 53 53 53 50 50 50 50 52 52 52 52 50 50 50 50 53 53 53 53 48 48 48 48 54 54 54 54 53 53 53 53 52 52 52 52 48 48 48 48 55 55 55 55 49 49 49 49 56 56 56 56 49 49 49 49 55 55 55 55 57 57 57 57 56 56 56 56 55 55 55 55 57 57 57 57 55 55 55 55 58 58 58 58 53 53 53 53 59 59 59 59 48 48 48 48 48 48 48 48 59 59 59 59 55 55 55 55 53 53 53 53 54 54 54 54 60 60 60 60 59 59 59 59 53 53 53 53 60 60 60 60 54 54 54 54 61 61 61 61 60 60 60 60 60 60 60 60 61 61 61 61 62 62 62 62 59 59 59 59 63 63 63 63 55 55 55 55 55 55 55 55 63 63 63 63 58 58 58 58 64 64 64 64 59 59 59 59 60 60 60 60 63 63 63 63 59 59 59 59 64 64 64 64 65 65 65 65 60 60 60 60 62 62 62 62 64 64 64 64 60 60 60 60 65 65 65 65 65 65 65 65 62 62 62 62 66 66 66 66 58 58 58 58 63 63 63 63 67 67 67 67 67 67 67 67 63 63 63 63 64 64 64 64 68 68 68 68 58 58 58 58 67 67 67 67 68 68 68 68 67 67 67 67 69 69 69 69 67 67 67 67 64 64 64 64 70 70 70 70 67 67 67 67 70 70 70 70 69 69 69 69 71 71 71 71 64 64 64 64 65 65 65 65 64 64 64 64 71 71 71 71 70 70 70 70 72 72 72 72 65 65 65 65 66 66 66 66 71 71 71 71 65 65 65 65 72 72 72 72 72 72 72 72 66 66 66 66 73 73 73 73 69 69 69 69 70 70 70 70 74 74 74 74 70 70 70 70 71 71 71 71 74 74 74 74 75 75 75 75 69 69 69 69 74 74 74 74 76 76 76 76 71 71 71 71 72 72 72 72 71 71 71 71 76 76 76 76 74 74 74 74 75 75 75 75 74 74 74 74 77 77 77 77 74 74 74 74 76 76 76 76 77 77 77 77 78 78 78 78 75 75 75 75 77 77 77 77 76 76 76 76 72 72 72 72 79 79 79 79 79 79 79 79 72 72 72 72 73 73 73 73 79 79 79 79 73 73 73 73 80 80 80 80 76 76 76 76 81 81 81 81 77 77 77 77 81 81 81 81 76 76 76 76 79 79 79 79 78 78 78 78 77 77 77 77 82 82 82 82 82 82 82 82 77 77 77 77 81 81 81 81 83 83 83 83 78 78 78 78 82 82 82 82 84 84 84 84 81 81 81 81 79 79 79 79 84 84 84 84 82 82 82 82 81 81 81 81 85 85 85 85 79 79 79 79 80 80 80 80 85 85 85 85 84 84 84 84 79 79 79 79 86 86 86 86 83 83 83 83 82 82 82 82 83 83 83 83 86 86 86 86 87 87 87 87 86 86 86 86 88 88 88 88 87 87 87 87 86 86 86 86 89 89 89 89 88 88 88 88 86 86 86 86 90 90 90 90 89 89 89 89 91 91 91 91 82 82 82 82 84 84 84 84 82 82 82 82 91 91 91 91 86 86 86 86 92 92 92 92 91 91 91 91 84 84 84 84 86 86 86 86 91 91 91 91 93 93 93 93 91 91 91 91 92 92 92 92 93 93 93 93 86 86 86 86 93 93 93 93 94 94 94 94 86 86 86 86 94 94 94 94 90 90 90 90 92 92 92 92 95 95 95 95 93 93 93 93 93 93 93 93 95 95 95 95 94 94 94 94 96 96 96 96 92 92 92 92 84 84 84 84 96 96 96 96 95 95 95 95 92 92 92 92 84 84 84 84 85 85 85 85 96 96 96 96 95 95 95 95 97 97 97 97 94 94 94 94 96 96 96 96 97 97 97 97 95 95 95 95 94 94 94 94 97 97 97 97 98 98 98 98 90 90 90 90 94 94 94 94 98 98 98 98 96 96 96 96 99 99 99 99 97 97 97 97 97 97 97 97 99 99 99 99 98 98 98 98 98 98 98 98 100 100 100 100 90 90 90 90 100 100 100 100 101 101 101 101 90 90 90 90 98 98 98 98 99 99 99 99 102 102 102 102 100 100 100 100 98 98 98 98 102 102 102 102 96 96 96 96 102 102 102 102 99 99 99 99 100 100 100 100 103 103 103 103 101 101 101 101 103 103 103 103 104 104 104 104 101 101 101 101 102 102 102 102 105 105 105 105 100 100 100 100 96 96 96 96 105 105 105 105 102 102 102 102 105 105 105 105 103 103 103 103 100 100 100 100 96 96 96 96 106 106 106 106 105 105 105 105 103 103 103 103 105 105 105 105 106 106 106 106 85 85 85 85 106 106 106 106 96 96 96 96 104 104 104 104 103 103 103 103 107 107 107 107 107 107 107 107 103 103 103 103 106 106 106 106 106 106 106 106 85 85 85 85 107 107 107 107 108 108 108 108 104 104 104 104 107 107 107 107 85 85 85 85 80 80 80 80 107 107 107 107 80 80 80 80 108 108 108 108 107 107 107 107 109 109 109 109 110 110 110 110 111 111 111 111 110 110 110 110 112 112 112 112 111 111 111 111 112 112 112 112 113 113 113 113 111 111 111 111 112 112 112 112 114 114 114 114 113 113 113 113 113 113 113 113 115 115 115 115 111 111 111 111 116 116 116 116 111 111 111 111 115 115 115 115 117 117 117 117 116 116 116 116 115 115 115 115 117 117 117 117 115 115 115 115 118 118 118 118 118 118 118 118 115 115 115 115 113 113 113 113 119 119 119 119 117 117 117 117 118 118 118 118 114 114 114 114 120 120 120 120 113 113 113 113 114 114 114 114 121 121 121 121 120 120 120 120 121 121 121 121 122 122 122 122 120 120 120 120 120 120 120 120 122 122 122 122 123 123 123 123 124 124 124 124 118 118 118 118 113 113 113 113 124 124 124 124 113 113 113 113 120 120 120 120 119 119 119 119 118 118 118 118 125 125 125 125 125 125 125 125 118 118 118 118 124 124 124 124 126 126 126 126 119 119 119 119 125 125 125 125 127 127 127 127 126 126 126 126 125 125 125 125 128 128 128 128 124 124 124 124 120 120 120 120 128 128 128 128 120 120 120 120 123 123 123 123 129 129 129 129 127 127 127 127 125 125 125 125 130 130 130 130 127 127 127 127 129 129 129 129 131 131 131 131 125 125 125 125 124 124 124 124 131 131 131 131 124 124 124 124 128 128 128 128 129 129 129 129 125 125 125 125 131 131 131 131 132 132 132 132 128 128 128 128 123 123 123 123 132 132 132 132 131 131 131 131 128 128 128 128 133 133 133 133 132 132 132 132 123 123 123 123 132 132 132 132 133 133 133 133 134 134 134 134 131 131 131 131 132 132 132 132 135 135 135 135 135 135 135 135 132 132 132 132 134 134 134 134 136 136 136 136 129 129 129 129 131 131 131 131 136 136 136 136 131 131 131 131 135 135 135 135 137 137 137 137 135 135 135 135 134 134 134 134 136 136 136 136 135 135 135 135 137 137 137 137 138 138 138 138 137 137 137 137 134 134 134 134 139 139 139 139 129 129 129 129 136 136 136 136 139 139 139 139 130 130 130 130 129 129 129 129 140 140 140 140 130 130 130 130 139 139 139 139 141 141 141 141 136 136 136 136 137 137 137 137 141 141 141 141 139 139 139 139 136 136 136 136 142 142 142 142 137 137 137 137 138 138 138 138 141 141 141 141 137 137 137 137 142 142 142 142 143 143 143 143 142 142 142 142 138 138 138 138 144 144 144 144 140 140 140 140 139 139 139 139 144 144 144 144 139 139 139 139 141 141 141 141 145 145 145 145 140 140 140 140 144 144 144 144 146 146 146 146 141 141 141 141 142 142 142 142 146 146 146 146 144 144 144 144 141 141 141 141 147 147 147 147 142 142 142 142 143 143 143 143 142 142 142 142 147 147 147 147 146 146 146 146 148 148 148 148 147 147 147 147 143 143 143 143 144 144 144 144 146 146 146 146 149 149 149 149 147 147 147 147 149 149 149 149 146 146 146 146 150 150 150 150 145 145 145 145 144 144 144 144 150 150 150 150 144 144 144 144 149 149 149 149 151 151 151 151 147 147 147 147 148 148 148 148 148 148 148 148 152 152 152 152 151 151 151 151 151 151 151 151 152 152 152 152 153 153 153 153 151 151 151 151 153 153 153 153 154 154 154 154 151 151 151 151 154 154 154 154 155 155 155 155 147 147 147 147 151 151 151 151 156 156 156 156 149 149 149 149 147 147 147 147 156 156 156 156 151 151 151 151 157 157 157 157 156 156 156 156 158 158 158 158 149 149 149 149 156 156 156 156 156 156 156 156 157 157 157 157 158 158 158 158 151 151 151 151 159 159 159 159 157 157 157 157 151 151 151 151 155 155 155 155 159 159 159 159 157 157 157 157 160 160 160 160 158 158 158 158 157 157 157 157 159 159 159 159 160 160 160 160 161 161 161 161 149 149 149 149 158 158 158 158 161 161 161 161 158 158 158 158 160 160 160 160 149 149 149 149 161 161 161 161 150 150 150 150 159 159 159 159 162 162 162 162 160 160 160 160 161 161 161 161 160 160 160 160 162 162 162 162 159 159 159 159 163 163 163 163 162 162 162 162 155 155 155 155 163 163 163 163 159 159 159 159 161 161 161 161 162 162 162 162 164 164 164 164 162 162 162 162 163 163 163 163 164 164 164 164 165 165 165 165 163 163 163 163 155 155 155 155 166 166 166 166 165 165 165 165 155 155 155 155 167 167 167 167 164 164 164 164 163 163 163 163 165 165 165 165 167 167 167 167 163 163 163 163 161 161 161 161 164 164 164 164 167 167 167 167 165 165 165 165 166 166 166 166 168 168 168 168 166 166 166 166 169 169 169 169 168 168 168 168 170 170 170 170 167 167 167 167 165 165 165 165 161 161 161 161 167 167 167 167 170 170 170 170 168 168 168 168 170 170 170 170 165 165 165 165 161 161 161 161 170 170 170 170 171 171 171 171 170 170 170 170 168 168 168 168 171 171 171 171 150 150 150 150 161 161 161 161 171 171 171 171 172 172 172 172 168 168 168 168 169 169 169 169 168 168 168 168 172 172 172 172 171 171 171 171 171 171 171 171 172 172 172 172 150 150 150 150 173 173 173 173 172 172 172 172 169 169 169 169 150 150 150 150 172 172 172 172 145 145 145 145 145 145 145 145 172 172 172 172 173 173 173 173 174 174 174 174 175 175 175 175 176 176 176 176 177 177 177 177 174 174 174 174 176 176 176 176 175 175 175 175 178 178 178 178 176 176 176 176 179 179 179 179 177 177 177 177 176 176 176 176 178 178 178 178 180 180 180 180 176 176 176 176 181 181 181 181 179 179 179 179 176 176 176 176 180 180 180 180 182 182 182 182 176 176 176 176 183 183 183 183 181 181 181 181 176 176 176 176 182 182 182 182 184 184 184 184 176 176 176 176 184 184 184 184 183 183 183 183 176 176 176 176 185 185 185 185 186 186 186 186 187 187 187 187 188 188 188 188 185 185 185 185 187 187 187 187 186 186 186 186 189 189 189 189 187 187 187 187 190 190 190 190 188 188 188 188 187 187 187 187 189 189 189 189 191 191 191 191 187 187 187 187 192 192 192 192 190 190 190 190 187 187 187 187 191 191 191 191 193 193 193 193 187 187 187 187 194 194 194 194 192 192 192 192 187 187 187 187 193 193 193 193 195 195 195 195 187 187 187 187 195 195 195 195 194 194 194 194 187 187 187 187 196 196 196 196 197 197 197 197 198 198 198 198 198 198 198 198 197 197 197 197 199 199 199 199 200 200 200 200 197 197 197 197 196 196 196 196 199 199 199 199 197 197 197 197 201 201 201 201 202 202 202 202 197 197 197 197 200 200 200 200 201 201 201 201 197 197 197 197 203 203 203 203 204 204 204 204 197 197 197 197 202 202 202 202 203 203 203 203 197 197 197 197 205 205 205 205 206 206 206 206 197 197 197 197 204 204 204 204 205 205 205 205 197 197 197 197 206 206 206 206 207 207 207 207 208 208 208 208 209 209 209 209 209 209 209 209 208 208 208 208 210 210 210 210 211 211 211 211 208 208 208 208 207 207 207 207 210 210 210 210 208 208 208 208 212 212 212 212 213 213 213 213 208 208 208 208 211 211 211 211 212 212 212 212 208 208 208 208 214 214 214 214 215 215 215 215 208 208 208 208 213 213 213 213 214 214 214 214 208 208 208 208 216 216 216 216 217 217 217 217 208 208 208 208 215 215 215 215 216 216 216 216 208 208 208 208 217 217 217 217</p>
        </triangles>
      </mesh>
    </geometry>
    <geometry id="geom-Hed_EYE029__M_EYE029glass" name="Hed_EYE029__M_EYE029glass">
      <mesh>
        <source id="geom-Hed_EYE029__M_EYE029glass-positions">
          <float_array id="geom-Hed_EYE029__M_EYE029glass-positions-array" count="1170">0.1818848 -0.2316895 0.2486572 0.1639404 -0.2386475 0.2434082 0.1734619 -0.2320557 0.2670898 0.1846924 -0.2315674 0.2286377 0.1575928 -0.2388916 0.2573242 0.1601562 -0.232666 0.2824707 0.1660156 -0.2386475 0.2282715 0.1818848 -0.2316895 0.2086182 0.1474609 -0.2392578 0.2687988 0.1431885 -0.2333984 0.293457 0.1638184 -0.2386475 0.2131348 0.1733398 -0.2319336 0.1901855 0.1396484 -0.2437744 0.2282715 0.1385498 -0.2438965 0.2359619 0.1352539 -0.2440186 0.243042 0.1385498 -0.2437744 0.2205811 0.1574707 -0.2388916 0.1992187 0.1601562 -0.2324219 0.1749268 0.1352539 -0.2438965 0.213501 0.1474609 -0.2391357 0.1876221 0.1430664 -0.2331543 0.1639404 0.1120605 -0.2471924 0.2282715 0.130127 -0.2441406 0.2076416 0.1345215 -0.239624 0.1793213 0.1235962 -0.2338867 0.1583252 0.1235962 -0.2442627 0.2033691 0.119873 -0.2401123 0.1750488 0.1033325 -0.2347412 0.1583252 0.1161499 -0.2445068 0.2012939 0.1045532 -0.2406006 0.1750488 0.08392334 -0.2355957 0.1640625 0.1083374 -0.244873 0.2012939 0.08984375 -0.2410889 0.1793213 0.06689453 -0.2363281 0.1750488 0.1008911 -0.2451172 0.2034912 0.0769043 -0.2415771 0.1876221 0.05361938 -0.2368164 0.1903076 0.09429932 -0.2453613 0.2076416 0.06689453 -0.2419434 0.1992187 0.04522705 -0.2371826 0.2087402 0.0892334 -0.2454834 0.213501 0.06054687 -0.2421875 0.2131348 0.05838013 -0.2423096 0.2283936 0.0423584 -0.2373047 0.2287598 0.08599854 -0.2456055 0.2205811 0.06057739 -0.2423096 0.2435303 0.04525757 -0.2373047 0.2487793 0.0848999 -0.2457275 0.2283936 0.08599854 -0.2456055 0.236084 0.06695557 -0.2420654 0.2573242 0.05368042 -0.2369385 0.2670898 0.0892334 -0.2456055 0.2431641 0.07702637 -0.2416992 0.269043 0.06695557 -0.2364502 0.2824707 0.09436035 -0.2453613 0.2490234 0.08990479 -0.241333 0.2773437 0.08404541 -0.2357178 0.293457 0.1008911 -0.2451172 0.2531738 0.1046143 -0.2408447 0.2814941 0.1034546 -0.2349854 0.2990723 0.1083984 -0.244873 0.2553711 0.1199341 -0.2402344 0.2814941 0.1237793 -0.2341309 0.2990723 0.1162109 -0.2446289 0.2553711 0.1346436 -0.2397461 0.2770996 0.1236572 -0.2443848 0.2531738 0.130127 -0.2441406 0.2490234 0.1628418 -0.2398682 0.2431641 0.1804199 -0.2331543 0.248291 0.1722412 -0.2335205 0.2663574 0.1832275 -0.2330322 0.2286377 0.1566162 -0.2401123 0.2568359 0.1591797 -0.2341309 0.28125 0.164917 -0.2398682 0.2282715 0.1804199 -0.2331543 0.2089844 0.1467285 -0.2404785 0.2680664 0.1424561 -0.2347412 0.2919922 0.1628418 -0.2398682 0.2133789 0.1721191 -0.2333984 0.190918 0.1390381 -0.244873 0.2282715 0.1379395 -0.2449951 0.2358398 0.1347656 -0.2451172 0.2427979 0.1379395 -0.244873 0.2207031 0.1297607 -0.2452393 0.2485352 0.1564941 -0.2401123 0.199707 0.1590576 -0.2338867 0.1760254 0.1341553 -0.2409668 0.276123 0.1234741 -0.2355957 0.2976074 0.1467285 -0.2403564 0.1883545 0.142334 -0.2346191 0.1652832 0.119751 -0.2414551 0.2805176 0.1035767 -0.2364502 0.2976074 0.1233521 -0.2454834 0.2526855 0.1047363 -0.2419434 0.2805176 0.08453369 -0.2371826 0.2922363 0.1160278 -0.2457275 0.2548828 0.1119995 -0.2481689 0.2282715 0.1083984 -0.2459717 0.2548828 0.090271 -0.2424316 0.2763672 0.06781006 -0.237793 0.2814941 0.1010742 -0.2462158 0.2526855 0.07763672 -0.2429199 0.2680664 0.05480957 -0.2382812 0.2663574 0.09466553 -0.24646 0.2486572 0.06781006 -0.2432861 0.2568359 0.04653931 -0.2386475 0.2484131 0.08966064 -0.246582 0.2427979 0.06155396 -0.2434082 0.2431641 0.04367065 -0.2387695 0.2287598 0.08648682 -0.2467041 0.2358398 0.05938721 -0.2435303 0.2283936 0.08538818 -0.2467041 0.2283936 0.04650879 -0.2385254 0.2091064 0.08642578 -0.2467041 0.2208252 0.06152344 -0.2434082 0.213501 0.06774902 -0.2431641 0.1998291 0.05471802 -0.2381592 0.19104 0.08959961 -0.246582 0.2138672 0.07757568 -0.2427979 0.1884766 0.06768799 -0.2376709 0.1760254 0.09460449 -0.24646 0.2080078 0.09020996 -0.2423096 0.1802979 0.08441162 -0.2369385 0.1652832 0.1010132 -0.2462158 0.2039795 0.1046143 -0.2418213 0.1760254 0.1034546 -0.2362061 0.159668 0.1083374 -0.2459717 0.2017822 0.1196289 -0.241333 0.1760254 0.1233521 -0.2353516 0.159668 0.1160278 -0.2456055 0.2017822 0.1340332 -0.2408447 0.1802979 0.1233521 -0.2453613 0.2038574 0.1297607 -0.2452393 0.2080078 0.1347656 -0.2449951 0.2137451 -0.1639404 -0.2386475 0.2434082 -0.1818848 -0.2316895 0.2486572 -0.1734619 -0.2320557 0.2670898 -0.1846924 -0.2315674 0.2286377 -0.1575928 -0.2388916 0.2573242 -0.1601562 -0.232666 0.2824707 -0.1660156 -0.2386475 0.2282715 -0.1818848 -0.2316895 0.2086182 -0.1474609 -0.2392578 0.2687988 -0.1431885 -0.2333984 0.293457 -0.1638184 -0.2386475 0.2131348 -0.1733398 -0.2319336 0.1901855 -0.1396484 -0.2437744 0.2282715 -0.1385498 -0.2438965 0.2359619 -0.1352539 -0.2440186 0.243042 -0.1385498 -0.2437744 0.2205811 -0.130127 -0.2441406 0.2490234 -0.1574707 -0.2388916 0.1992187 -0.1601562 -0.2324219 0.1749268 -0.1346436 -0.2397461 0.2770996 -0.1237793 -0.2341309 0.2990723 -0.1474609 -0.2391357 0.1876221 -0.1430664 -0.2331543 0.1639404 -0.1199341 -0.2402344 0.2814941 -0.1034546 -0.2349854 0.2990723 -0.1236572 -0.2443848 0.2531738 -0.1046143 -0.2408447 0.2814941 -0.08404541 -0.2357178 0.293457 -0.1162109 -0.2446289 0.2553711 -0.1120605 -0.2471924 0.2282715 -0.1083984 -0.244873 0.2553711 -0.08990479 -0.241333 0.2773437 -0.06695557 -0.2364502 0.2824707 -0.1008911 -0.2451172 0.2531738 -0.07702637 -0.2416992 0.269043 -0.05368042 -0.2369385 0.2670898 -0.09436035 -0.2453613 0.2490234 -0.06695557 -0.2420654 0.2573242 -0.04525757 -0.2373047 0.2487793 -0.0892334 -0.2456055 0.2431641 -0.06057739 -0.2423096 0.2435303 -0.0423584 -0.2373047 0.2287598 -0.08599854 -0.2456055 0.236084 -0.05838013 -0.2423096 0.2283936 -0.0848999 -0.2457275 0.2283936 -0.04522705 -0.2371826 0.2087402 -0.08599854 -0.2456055 0.2205811 -0.06054687 -0.2421875 0.2131348 -0.06689453 -0.2419434 0.1992187 -0.05361938 -0.2368164 0.1903076 -0.0892334 -0.2454834 0.213501 -0.0769043 -0.2415771 0.1876221 -0.06689453 -0.2363281 0.1750488 -0.09429932 -0.2453613 0.2076416 -0.08984375 -0.2410889 0.1793213 -0.08392334 -0.2355957 0.1640625 -0.1008911 -0.2451172 0.2034912 -0.1045532 -0.2406006 0.1750488 -0.1033325 -0.2347412 0.1583252 -0.1083374 -0.244873 0.2012939 -0.119873 -0.2401123 0.1750488 -0.1235962 -0.2338867 0.1583252 -0.1161499 -0.2445068 0.2012939 -0.1345215 -0.239624 0.1793213 -0.1235962 -0.2442627 0.2033691 -0.130127 -0.2441406 0.2076416 -0.1352539 -0.2438965 0.213501 -0.1804199 -0.2331543 0.248291 -0.1628418 -0.2398682 0.2431641 -0.1722412 -0.2335205 0.2663574 -0.1832275 -0.2330322 0.2286377 -0.1566162 -0.2401123 0.2568359 -0.1591797 -0.2341309 0.28125 -0.164917 -0.2398682 0.2282715 -0.1804199 -0.2331543 0.2089844 -0.1467285 -0.2404785 0.2680664 -0.1424561 -0.2347412 0.2919922 -0.1628418 -0.2398682 0.2133789 -0.1721191 -0.2333984 0.190918 -0.1390381 -0.244873 0.2282715 -0.1379395 -0.2449951 0.2358398 -0.1347656 -0.2451172 0.2427979 -0.1379395 -0.244873 0.2207031 -0.1564941 -0.2401123 0.199707 -0.1590576 -0.2338867 0.1760254 -0.1347656 -0.2449951 0.2137451 -0.1467285 -0.2403564 0.1883545 -0.142334 -0.2346191 0.1652832 -0.1119995 -0.2481689 0.2282715 -0.1297607 -0.2452393 0.2080078 -0.1340332 -0.2408447 0.1802979 -0.1233521 -0.2353516 0.159668 -0.1233521 -0.2453613 0.2038574 -0.1196289 -0.241333 0.1760254 -0.1034546 -0.2362061 0.159668 -0.1160278 -0.2456055 0.2017822 -0.1046143 -0.2418213 0.1760254 -0.08441162 -0.2369385 0.1652832 -0.1083374 -0.2459717 0.2017822 -0.09020996 -0.2423096 0.1802979 -0.06768799 -0.2376709 0.1760254 -0.1010132 -0.2462158 0.2039795 -0.07757568 -0.2427979 0.1884766 -0.05471802 -0.2381592 0.19104 -0.09460449 -0.24646 0.2080078 -0.06774902 -0.2431641 0.1998291 -0.04650879 -0.2385254 0.2091064 -0.08959961 -0.246582 0.2138672 -0.06152344 -0.2434082 0.213501 -0.05938721 -0.2435303 0.2283936 -0.04367065 -0.2387695 0.2287598 -0.08642578 -0.2467041 0.2208252 -0.06155396 -0.2434082 0.2431641 -0.04653931 -0.2386475 0.2484131 -0.08538818 -0.2467041 0.2283936 -0.06781006 -0.2432861 0.2568359 -0.05480957 -0.2382812 0.2663574 -0.08648682 -0.2467041 0.2358398 -0.08966064 -0.246582 0.2427979 -0.07763672 -0.2429199 0.2680664 -0.06781006 -0.237793 0.2814941 -0.09466553 -0.24646 0.2486572 -0.090271 -0.2424316 0.2763672 -0.08453369 -0.2371826 0.2922363 -0.1010742 -0.2462158 0.2526855 -0.1047363 -0.2419434 0.2805176 -0.1035767 -0.2364502 0.2976074 -0.1083984 -0.2459717 0.2548828 -0.119751 -0.2414551 0.2805176 -0.1234741 -0.2355957 0.2976074 -0.1160278 -0.2457275 0.2548828 -0.1341553 -0.2409668 0.276123 -0.1233521 -0.2454834 0.2526855 -0.1297607 -0.2452393 0.2485352 0.04452515 -0.2373047 0.2490234 0.05813599 -0.2438965 0.2283936 0.04449463 -0.2371826 0.2084961 0.06640625 -0.2369385 0.2832031 0.06628418 -0.2368164 0.1743164 0.08990479 -0.2427979 0.2775879 0.1033936 -0.2349854 0.2998047 0.1435547 -0.2338867 0.2941895 0.08978271 -0.2425537 0.1790771 0.1032715 -0.2347412 0.1575928 0.1434326 -0.2336426 0.1630859 0.147583 -0.2401123 0.269043 0.1741943 -0.2320557 0.2675781 0.1120605 -0.2480469 0.2282715 0.1640625 -0.239502 0.2434082 0.1856689 -0.2320557 0.2286377 0.1477051 -0.2407227 0.1873779 0.1740723 -0.2319336 0.1898193 0.0592041 -0.244751 0.2282715 0.04330444 -0.2387695 0.2288818 0.0461731 -0.2385254 0.2089844 0.0541687 -0.2385254 0.2668457 0.06713867 -0.2382812 0.175415 0.07757568 -0.2432861 0.2683105 0.08422852 -0.2371826 0.2927246 0.09014893 -0.2437744 0.1800537 0.1033936 -0.236084 0.1589355 0.1427002 -0.2351074 0.1644287 0.1119995 -0.2490234 0.2282715 0.1047974 -0.2431641 0.2807617 0.1234131 -0.2355957 0.2980957 0.1429443 -0.2357178 0.2924805 0.1468506 -0.2416992 0.1882324 0.1728516 -0.2333984 0.1905518 0.1842041 -0.2335205 0.2286377 0.1630859 -0.2415771 0.2432861 0.1728516 -0.2333984 0.2668457 -0.1034546 -0.2363281 0.298584 -0.090271 -0.2437744 0.2766113 -0.06762695 -0.237793 0.2817383 -0.1428223 -0.2353516 0.2929687 -0.05438232 -0.2385254 0.2666016 -0.1468506 -0.241333 0.2683105 -0.1728516 -0.2335205 0.2668457 -0.06140137 -0.2441406 0.2432861 -0.04330444 -0.2387695 0.2288818 -0.04614258 -0.2387695 0.2089844 -0.1629639 -0.2407227 0.2431641 -0.1842041 -0.2335205 0.2286377 -0.1119995 -0.2491455 0.2282715 -0.1469727 -0.2418213 0.1882324 -0.1728516 -0.2333984 0.1905518 -0.1427002 -0.2351074 0.1644287 -0.06762695 -0.2436523 0.1998291 -0.06719971 -0.2376709 0.1755371 -0.09020996 -0.2434082 0.1800537 -0.1033936 -0.2362061 0.1589355 -0.1856689 -0.2320557 0.2286377 -0.1477051 -0.2407227 0.1873779 -0.1740723 -0.2318115 0.1898193 -0.1434326 -0.2337646 0.1630859 -0.1640625 -0.239502 0.2434082 -0.1741943 -0.2320557 0.2675781 -0.08984375 -0.2421875 0.1790771 -0.1032104 -0.2347412 0.1575928 -0.06634521 -0.2363281 0.1744385 -0.147583 -0.2398682 0.269043 -0.1434326 -0.2335205 0.2937012 -0.1120605 -0.2481689 0.2282715 -0.1046143 -0.2416992 0.2817383 -0.1237183 -0.2341309 0.2995605 -0.08392334 -0.2359619 0.2939453 -0.0668335 -0.243042 0.2575684 -0.06665039 -0.2364502 0.2827148 -0.04440308 -0.237915 0.2490234 -0.06671143 -0.243042 0.1992187 -0.04449463 -0.2371826 0.2084961 0.08416748 -0.2407227 0.2929687 0.173584 -0.2368164 0.2675781 0.1247559 -0.234375 0.300293 0.1121826 -0.2507324 0.2282715 0.1843262 -0.234375 0.2285156 0.05325317 -0.2398682 0.2670898 0.1730957 -0.2351074 0.1903076 0.0447998 -0.2404785 0.2091064 0.1429443 -0.2362061 0.1641846 0.0670166 -0.2392578 0.175293 0.1032715 -0.237915 0.1585693 -0.1749268 -0.2338867 0.2683105 -0.1121216 -0.2502441 0.2280273 -0.1859131 -0.2331543 0.2285156 -0.1245117 -0.2358398 0.3007812 -0.1744385 -0.2335205 0.1895752 -0.08294678 -0.2375488 0.2949219 -0.1435547 -0.2348633 0.1629639 -0.04376221 -0.2391357 0.2498779 -0.1030884 -0.2364502 0.1572266 -0.04428101 -0.2387695 0.208374 -0.06616211 -0.237915 0.1743164 -0.1730957 -0.2351074 0.2668457 -0.1844482 -0.2344971 0.2287598 -0.1123047 -0.2509766 0.2281494 -0.1430664 -0.2362061 0.2929687 -0.1730957 -0.2349854 0.1904297 -0.1031494 -0.2380371 0.2993164 -0.1429443 -0.2362061 0.1643066 -0.05300903 -0.2402344 0.2675781 -0.1032715 -0.237793 0.1586914 -0.04483032 -0.2402344 0.2089844 -0.06713867 -0.2392578 0.175293 0.1745605 -0.2336426 0.2675781 0.1860352 -0.2331543 0.2287598 0.1121826 -0.25 0.2282715 0.1437988 -0.2348633 0.2944336 0.1744385 -0.2335205 0.1895752 0.1033325 -0.2365723 0.300293 0.1436768 -0.2348633 0.1629639 0.06616211 -0.2380371 0.2832031 0.1032104 -0.2364502 0.1572266 0.04421997 -0.2388916 0.2491455 0.06610107 -0.237915 0.1741943 0.04418945 -0.2387695 0.2084961</float_array>
          <technique_common>
            <accessor source="#geom-Hed_EYE029__M_EYE029glass-positions-array" count="390" stride="3">
              <param name="X" type="float"/>
              <param name="Y" type="float"/>
              <param name="Z" type="float"/>
            </accessor>
          </technique_common>
        </source>
        <source id="geom-Hed_EYE029__M_EYE029glass-normals">
          <float_array id="geom-Hed_EYE029__M_EYE029glass-normals-array" count="804">-0.3384326 0.9370456 -0.08607516 -0.2758846 0.9587482 -0.06848126 -0.3011447 0.9386321 -0.1681714 -0.3524096 0.9358439 0.001958013 -0.2445209 0.9604766 -0.1330199 -0.2426537 0.9412626 -0.2348276 -0.2855525 0.9583611 0.001956523 -0.3423975 0.9352345 0.09000157 -0.1975147 0.9621553 -0.1877366 -0.1703197 0.943616 -0.2838662 -0.2758085 0.9584841 0.07237491 -0.3072798 0.935541 0.1741901 -0.1761286 0.9843652 0.00195652 -0.170301 0.9846141 -0.03914984 -0.1547023 0.9850049 -0.07637139 -0.1702874 0.9845368 0.04110333 -0.2466246 0.9590951 0.1389712 -0.2503316 0.936788 0.2444635 -0.1546786 0.9848557 0.07831907 -0.1995463 0.9605575 0.1936767 -0.1742851 0.938007 0.2996126 -0.03324968 0.9994451 0.001956521 -0.1271396 0.9858182 0.1095354 -0.1389039 0.9625508 0.2328124 -0.08604004 0.9405716 0.3285154 -0.09396524 0.9866358 0.133118 -0.07043332 0.9645462 0.254342 0.007831296 0.9436461 0.3308635 -0.05477739 0.9879481 0.1447692 0.001957269 0.9670728 0.2544927 0.09973047 0.946465 0.3070145 -0.01368746 0.9893821 0.1446918 0.0724858 0.9697403 0.2331297 0.1820257 0.9492759 0.2564025 0.02545495 0.9907694 0.1331466 0.1329926 0.9720206 0.1936209 0.2448366 0.9519221 0.1841176 0.0606491 0.9919103 0.1115156 0.1799056 0.9738364 0.1388402 0.2835139 0.9541701 0.09580862 0.08812481 0.9928684 0.08029052 0.2095132 0.9751182 0.07244793 0.2171368 0.9761392 0.00195652 0.2955985 0.9553124 0 0.1036712 0.9936802 0.0430331 0.2073015 0.9758795 -0.06844855 0.2799634 0.9554001 -0.09397405 0.1095719 0.993977 0.001956522 0.1036884 0.99384 -0.03912751 0.1762573 0.9752941 -0.1331714 0.2368154 0.9550907 -0.1781018 0.08798005 0.9931998 -0.07624913 0.1290464 0.9737116 -0.1877042 0.174304 0.9537752 -0.2448081 0.06067531 0.9923356 -0.1076505 0.06844909 0.971974 -0.2249028 0.09400902 0.9518427 -0.2918178 0.02541843 0.9913126 -0.1290472 0 0.9695641 -0.2448378 0.005870308 0.9490573 -0.3150491 -0.01369491 0.9899347 -0.1408607 -0.07047194 0.9670359 -0.2446945 -0.08410563 0.9466828 -0.3109952 -0.05480792 0.9885007 -0.1409351 -0.1388924 0.9644164 -0.2249661 -0.09401373 0.987143 -0.1292677 -0.1271663 0.9860276 -0.1076026 0.2717525 -0.9599314 0.06842762 0.3343468 -0.9385153 0.0860305 0.2972284 -0.9405714 0.1642582 0.3483329 -0.9373689 -0.001956524 0.2427426 -0.9611832 0.1311599 0.2405871 -0.9427863 0.2308075 0.2819538 -0.959426 -0.001958012 0.3366406 -0.9375052 -0.08807468 0.1957773 -0.9632255 0.1840322 0.1663911 -0.9454917 0.2799276 0.2739995 -0.9589998 -0.07241368 0.3032742 -0.9372185 -0.1721814 0.1761288 -0.9843652 -0.001956523 0.1703007 -0.9846142 0.03914979 0.1547245 -0.9851503 0.07442525 0.1702874 -0.9845368 -0.04110333 0.1271937 -0.9862334 0.1056674 0.2443909 -0.95997 -0.1368597 0.2464415 -0.9388244 -0.2405734 0.1370326 -0.9651006 0.2231658 0.08405205 -0.9480277 0.3068858 0.1977417 -0.9612934 -0.1918677 0.1723693 -0.9401937 -0.2938108 0.07037225 -0.9676222 0.2423943 -0.005870296 -0.9509893 0.3091684 0.09383156 -0.9871927 0.1290198 0 -0.970143 0.2425335 -0.0919998 -0.9532782 0.2877445 0.05480792 -0.9885007 0.1409351 0.03324974 -0.9994451 -0.001956523 0.01369491 -0.9899347 0.1408607 -0.06847925 -0.9723994 0.2230473 -0.1703451 -0.9555013 0.2408318 -0.02541843 -0.9913126 0.1290472 -0.127215 -0.9746642 0.1839727 -0.2328402 -0.9567969 0.1741408 -0.06067539 -0.9923355 0.1076506 -0.1740715 -0.9759747 0.1310437 -0.2740731 -0.9572973 0.09201025 -0.08604036 -0.9933686 0.07626292 -0.2035533 -0.9766644 0.06850366 -0.2896817 -0.957123 0 -0.1036883 -0.99384 0.03912751 -0.2134044 -0.976962 -0.001958013 -0.1095724 -0.993977 -0.00195653 -0.2781576 -0.9559225 -0.0940248 -0.1036804 -0.9937619 -0.04108116 -0.2053714 -0.9760048 -0.07236895 -0.1761641 -0.9747782 -0.1370174 -0.2408706 -0.953689 -0.1801627 -0.08619428 -0.9931922 -0.07835776 -0.1311202 -0.9726382 -0.1917879 -0.1780833 -0.9510815 -0.2524484 -0.06066259 -0.9921247 -0.1095831 -0.07043481 -0.970432 -0.2308696 -0.09778729 -0.9485385 -0.301185 -0.02546088 -0.9910259 -0.1312227 -0.001955779 -0.9681531 -0.2503517 -0.007826835 -0.9450734 -0.3267646 0.01369118 -0.9896602 -0.1427769 0.07050335 -0.9654998 -0.2506778 0.08410427 -0.9427489 -0.3227244 0.05479301 -0.9882261 -0.1428528 0.1389678 -0.9629878 -0.2309599 0.09398973 -0.9868911 -0.1311942 0.1271396 -0.9858182 -0.1095354 0.1527668 -0.9851522 -0.07834291 0.2758846 0.9587482 -0.06848126 0.3384326 0.9370456 -0.08607516 0.3011447 0.9386321 -0.1681714 0.3524096 0.9358439 0.001958013 0.2445209 0.9604766 -0.1330199 0.2426537 0.9412626 -0.2348276 0.2855525 0.9583611 0.001956523 0.3423975 0.9352345 0.09000157 0.1975147 0.9621553 -0.1877366 0.1703197 0.943616 -0.2838662 0.2758085 0.9584841 0.07237491 0.3072798 0.935541 0.1741901 0.1761286 0.9843652 0.00195652 0.170301 0.9846141 -0.03914984 0.1547023 0.9850049 -0.07637139 0.1702874 0.9845368 0.04110333 0.1271663 0.9860276 -0.1076026 0.2466246 0.9590951 0.1389712 0.2503316 0.936788 0.2444635 0.1388924 0.9644164 -0.2249661 0.08410563 0.9466828 -0.3109952 0.1995463 0.9605575 0.1936767 0.1742851 0.938007 0.2996126 0.07047194 0.9670359 -0.2446945 -0.005870308 0.9490573 -0.3150491 0.09401373 0.987143 -0.1292677 0 0.9695641 -0.2448378 -0.09400902 0.9518427 -0.2918178 0.05480792 0.9885007 -0.1409351 0.03324968 0.9994451 0.001956521 0.01369491 0.9899347 -0.1408607 -0.06844909 0.971974 -0.2249028 -0.174304 0.9537752 -0.2448081 -0.02541843 0.9913126 -0.1290472 -0.1290464 0.9737116 -0.1877042 -0.2368154 0.9550907 -0.1781018 -0.06067531 0.9923356 -0.1076505 -0.1762573 0.9752941 -0.1331714 -0.2799634 0.9554001 -0.09397405 -0.08798005 0.9931998 -0.07624913 -0.2073015 0.9758795 -0.06844855 -0.2955985 0.9553124 0 -0.1036884 0.99384 -0.03912751 -0.2171368 0.9761392 0.00195652 -0.1095719 0.993977 0.001956522 -0.2835139 0.9541701 0.09580862 -0.1036712 0.9936802 0.0430331 -0.2095132 0.9751182 0.07244793 -0.1799056 0.9738364 0.1388402 -0.2448366 0.9519221 0.1841176 -0.08812481 0.9928684 0.08029052 -0.1329926 0.9720206 0.1936209 -0.1820257 0.9492759 0.2564025 -0.0606491 0.9919103 0.1115156 -0.0724858 0.9697403 0.2331297 -0.09973047 0.946465 0.3070145 -0.02545495 0.9907694 0.1331466 -0.001957269 0.9670728 0.2544927 -0.007831296 0.9436461 0.3308635 0.01368746 0.9893821 0.1446918 0.07043332 0.9645462 0.254342 0.08604004 0.9405716 0.3285154 0.05477739 0.9879481 0.1447692 0.1389039 0.9625508 0.2328124 0.09396524 0.9866358 0.133118 0.1271396 0.9858182 0.1095354 0.1546786 0.9848557 0.07831907 -0.3343468 -0.9385153 0.0860305 -0.2717525 -0.9599314 0.06842762 -0.2972284 -0.9405714 0.1642582 -0.3483329 -0.9373689 -0.001956524 -0.2427426 -0.9611832 0.1311599 -0.2405871 -0.9427863 0.2308075 -0.2819538 -0.959426 -0.001958012 -0.3366406 -0.9375052 -0.08807468 -0.1957773 -0.9632255 0.1840322 -0.1663911 -0.9454917 0.2799276 -0.2739995 -0.9589998 -0.07241368 -0.3032742 -0.9372185 -0.1721814 -0.1761288 -0.9843652 -0.001956523 -0.1703007 -0.9846142 0.03914979 -0.1547245 -0.9851503 0.07442525 -0.1702874 -0.9845368 -0.04110333 -0.2443909 -0.95997 -0.1368597 -0.2464415 -0.9388244 -0.2405734 -0.1527668 -0.9851522 -0.07834291 -0.1977417 -0.9612934 -0.1918677 -0.1723693 -0.9401937 -0.2938108 -0.03324974 -0.9994451 -0.001956523 -0.1271396 -0.9858182 -0.1095354 -0.1389678 -0.9629878 -0.2309599 -0.08410427 -0.9427489 -0.3227244 -0.09398973 -0.9868911 -0.1311942 -0.07050335 -0.9654998 -0.2506778 0.007826835 -0.9450734 -0.3267646 -0.05479301 -0.9882261 -0.1428528 0.001955779 -0.9681531 -0.2503517 0.09778729 -0.9485385 -0.301185 -0.01369118 -0.9896602 -0.1427769 0.07043481 -0.970432 -0.2308696 0.1780833 -0.9510815 -0.2524484 0.02546088 -0.9910259 -0.1312227 0.1311202 -0.9726382 -0.1917879 0.2408706 -0.953689 -0.1801627 0.06066259 -0.9921247 -0.1095831 0.1761641 -0.9747782 -0.1370174 0.2781576 -0.9559225 -0.0940248 0.08619428 -0.9931922 -0.07835776 0.2053714 -0.9760048 -0.07236895 0.2134044 -0.976962 -0.001958013 0.2896817 -0.957123 0 0.1036804 -0.9937619 -0.04108116 0.2035533 -0.9766644 0.06850366 0.2740731 -0.9572973 0.09201025 0.1095724 -0.993977 -0.00195653 0.1740715 -0.9759747 0.1310437 0.2328402 -0.9567969 0.1741408 0.1036883 -0.99384 0.03912751 0.08604036 -0.9933686 0.07626292 0.127215 -0.9746642 0.1839727 0.1703451 -0.9555013 0.2408318 0.06067539 -0.9923355 0.1076506 0.06847925 -0.9723994 0.2230473 0.0919998 -0.9532782 0.2877445 0.02541843 -0.9913126 0.1290472 0 -0.970143 0.2425335 0.005870296 -0.9509893 0.3091684 -0.01369491 -0.9899347 0.1408607 -0.07037225 -0.9676222 0.2423943 -0.08405205 -0.9480277 0.3068858 -0.05480792 -0.9885007 0.1409351 -0.1370326 -0.9651006 0.2231658 -0.09383156 -0.9871927 0.1290198 -0.1271937 -0.9862334 0.1056674</float_array>
          <technique_common>
            <accessor source="#geom-Hed_EYE029__M_EYE029glass-normals-array" count="268" stride="3">
              <param name="X" type="float"/>
              <param name="Y" type="float"/>
              <param name="Z" type="float"/>
            </accessor>
          </technique_common>
        </source>
        <source id="geom-Hed_EYE029__M_EYE029glass-map-2">
          <float_array id="geom-Hed_EYE029__M_EYE029glass-map-2-array" count="1170">1 1 1 1 1 1 1 1 1 1 1 1 1 1 1 1 1 1 1 1 1 1 1 1 1 1 1 1 1 1 1 1 1 1 1 1 1 1 1 1 1 1 1 1 1 1 1 1 1 1 1 1 1 1 1 1 1 1 1 1 1 1 1 1 1 1 1 1 1 1 1 1 1 1 1 1 1 1 1 1 1 1 1 1 1 1 1 1 1 1 1 1 1 1 1 1 1 1 1 1 1 1 1 1 1 1 1 1 1 1 1 1 1 1 1 1 1 1 1 1 1 1 1 1 1 1 1 1 1 1 1 1 1 1 1 1 1 1 1 1 1 1 1 1 1 1 1 1 1 1 1 1 1 1 1 1 1 1 1 1 1 1 1 1 1 1 1 1 1 1 1 1 1 1 1 1 1 1 1 1 1 1 1 1 1 1 1 1 1 1 1 1 1 1 1 1 1 1 1 1 1 1 1 1 1 1 1 1 1 1 1 1 1 1 1 1 1 1 1 1 1 1 1 1 1 1 1 1 1 1 1 1 1 1 1 1 1 1 1 1 1 1 1 1 1 1 1 1 1 1 1 1 1 1 1 1 1 1 1 1 1 1 1 1 1 1 1 1 1 1 1 1 1 1 1 1 1 1 1 1 1 1 1 1 1 1 1 1 1 1 1 1 1 1 1 1 1 1 1 1 1 1 1 1 1 1 1 1 1 1 1 1 1 1 1 1 1 1 1 1 1 1 1 1 1 1 1 1 1 1 1 1 1 1 1 1 1 1 1 1 1 1 1 1 1 1 1 1 1 1 1 1 1 1 1 1 1 1 1 1 1 1 1 1 1 1 1 1 1 1 1 1 1 1 1 1 1 1 1 1 1 1 1 1 1 1 1 1 1 1 1 1 1 1 1 1 1 1 1 1 1 1 1 1 1 1 1 1 1 1 1 1 1 1 1 1 1 1 1 1 1 1 1 1 1 1 1 1 1 1 1 1 1 1 1 1 1 1 1 1 1 1 1 1 1 1 1 1 1 1 1 1 1 1 1 1 1 1 1 1 1 1 1 1 1 1 1 1 1 1 1 1 1 1 1 1 1 1 1 1 1 1 1 1 1 1 1 1 1 1 1 1 1 1 1 1 1 1 1 1 1 1 1 1 1 1 1 1 1 1 1 1 1 1 1 1 1 1 1 1 1 1 1 1 1 1 1 1 1 1 1 1 1 1 1 1 1 1 1 1 1 1 1 1 1 1 1 1 1 1 1 1 1 1 1 1 1 1 1 1 1 1 1 1 1 1 1 1 1 1 1 1 1 1 1 1 1 1 1 1 1 1 1 1 1 1 1 1 1 1 1 1 1 1 1 1 1 1 1 1 1 1 1 1 1 1 1 1 1 1 1 1 1 1 1 1 1 1 1 1 1 1 1 1 1 1 1 1 1 1 1 1 1 1 1 1 1 1 1 1 1 1 1 1 1 1 1 1 1 1 1 1 1 1 1 1 1 1 1 1 1 1 1 1 1 1 1 1 1 1 1 1 1 1 1 1 1 1 1 1 1 1 1 1 1 1 1 1 1 1 1 1 1 1 1 1 1 1 1 1 1 1 1 1 1 1 1 1 1 1 1 1 1 1 1 1 1 1 1 1 1 1 1 1 1 1 1 1 1 1 1 1 1 1 1 1 1 1 1 1 1 1 1 1 1 1 1 1 1 1 1 1 1 1 1 1 1 1 1 1 1 1 1 1 1 1 1 1 1 1 1 1 1 1 1 1 1 1 1 1 1 1 1 1 1 1 1 1 1 1 1 1 1 1 1 1 1 1 1 1 1 1 1 1 1 1 1 1 1 1 1 1 1 1 1 1 1 1 1 1 1 1 1 1 1 1 1 1 1 1 1 1 1 1 1 1 1 1 1 1 1 1 1 1 1 1 1 1 1 1 1 1 1 1 1 1 1 1 1 1 1 1 1 1 1 1 1 1 1 1 1 1 1 1 1 1 1 1 1 1 1 1 1 1 1 1 1 1 1 1 1 1 1 1 1 1 1 1 1 1 1 1 1 1 1 1 1 1 1 1 1 1 1 1 1 1 1 1 1 1 1 1 1 1 1 1 1 1 1 1 1 1 1 1 1 1 1 1 1 1 1 1 1 1 1 1 1 1 1 1 1 1 1 1 1 1 1 1 1 1 1 1 1 1 1 1 1 1 1 1 1 1 1 1 1 1 1 1 1 1 1 1 1 1 1 1 1 1 1 1 1 1 1 1 1 1 1 1 1 1 1 1 1 1 1 1 1 1 1 1 1 1 1 1 1 1 1 1 1 1 1 1 1 1 1 1 1 1 1 1 1 1 1 1 1 1 1 1 1 1 1 1 1 1 1 1 1 1 1 1 1 1 1 1 1 1 1 1 1 1 1 1 1 1 1 1 1 1 1 1 1 1 1 1 1 1 1 1 1 1 1 1 1 1 1 1 1 1 1 1 1 1 1 1 1 1 1 1 1 1 1 1 1 1 1 1 1 1 1 1 1 1 1 1 1 1 1 1 1 1 1 1 1 1 1 1 1 1 1 1 1 1 1 1 1 1 1 1 1 1 1 1 1 1 1 1 1 1 1 1 1 1 1 1 1 1 1 1 1 1 1 1 1 1 1 1 1 1 1 1</float_array>
          <technique_common>
            <accessor source="#geom-Hed_EYE029__M_EYE029glass-map-2-array" count="390" stride="3">
              <param name="R" type="float"/>
              <param name="G" type="float"/>
              <param name="B" type="float"/>
            </accessor>
          </technique_common>
        </source>
        <source id="geom-Hed_EYE029__M_EYE029glass-map0">
          <float_array id="geom-Hed_EYE029__M_EYE029glass-map0-array" count="1170">1 1 1 1 1 1 1 1 1 1 1 1 1 1 1 1 1 1 1 1 1 1 1 1 1 1 1 1 1 1 1 1 1 1 1 1 1 1 1 1 1 1 1 1 1 1 1 1 1 1 1 1 1 1 1 1 1 1 1 1 1 1 1 1 1 1 1 1 1 1 1 1 1 1 1 1 1 1 1 1 1 1 1 1 1 1 1 1 1 1 1 1 1 1 1 1 1 1 1 1 1 1 1 1 1 1 1 1 1 1 1 1 1 1 1 1 1 1 1 1 1 1 1 1 1 1 1 1 1 1 1 1 1 1 1 1 1 1 1 1 1 1 1 1 1 1 1 1 1 1 1 1 1 1 1 1 1 1 1 1 1 1 1 1 1 1 1 1 1 1 1 1 1 1 1 1 1 1 1 1 1 1 1 1 1 1 1 1 1 1 1 1 1 1 1 1 1 1 1 1 1 1 1 1 1 1 1 1 1 1 1 1 1 1 1 1 1 1 1 1 1 1 1 1 1 1 1 1 1 1 1 1 1 1 1 1 1 1 1 1 1 1 1 1 1 1 1 1 1 1 1 1 1 1 1 1 1 1 1 1 1 1 1 1 1 1 1 1 1 1 1 1 1 1 1 1 1 1 1 1 1 1 1 1 1 1 1 1 1 1 1 1 1 1 1 1 1 1 1 1 1 1 1 1 1 1 1 1 1 1 1 1 1 1 1 1 1 1 1 1 1 1 1 1 1 1 1 1 1 1 1 1 1 1 1 1 1 1 1 1 1 1 1 1 1 1 1 1 1 1 1 1 1 1 1 1 1 1 1 1 1 1 1 1 1 1 1 1 1 1 1 1 1 1 1 1 1 1 1 1 1 1 1 1 1 1 1 1 1 1 1 1 1 1 1 1 1 1 1 1 1 1 1 1 1 1 1 1 1 1 1 1 1 1 1 1 1 1 1 1 1 1 1 1 1 1 1 1 1 1 1 1 1 1 1 1 1 1 1 1 1 1 1 1 1 1 1 1 1 1 1 1 1 1 1 1 1 1 1 1 1 1 1 1 1 1 1 1 1 1 1 1 1 1 1 1 1 1 1 1 1 1 1 1 1 1 1 1 1 1 1 1 1 1 1 1 1 1 1 1 1 1 1 1 1 1 1 1 1 1 1 1 1 1 1 1 1 1 1 1 1 1 1 1 1 1 1 1 1 1 1 1 1 1 1 1 1 1 1 1 1 1 1 1 1 1 1 1 1 1 1 1 1 1 1 1 1 1 1 1 1 1 1 1 1 1 1 1 1 1 1 1 1 1 1 1 1 1 1 1 1 1 1 1 1 1 1 1 1 1 1 1 1 1 1 1 1 1 1 1 1 1 1 1 1 1 1 1 1 1 1 1 1 1 1 1 1 1 1 1 1 1 1 1 1 1 1 1 1 1 1 1 1 1 1 1 1 1 1 1 1 1 1 1 1 1 1 1 1 1 1 1 1 1 1 1 1 1 1 1 1 1 1 1 1 1 1 1 1 1 1 1 1 1 1 1 1 1 1 1 1 1 1 1 1 1 1 1 1 1 1 1 1 1 1 1 1 1 1 1 1 1 1 1 1 1 1 1 1 1 1 1 1 1 1 1 1 1 1 1 1 1 1 1 1 1 1 1 1 1 1 1 1 1 1 1 1 1 1 1 1 1 1 1 1 1 1 1 1 1 1 1 1 1 1 1 1 1 1 1 1 1 1 1 1 1 1 1 1 1 1 1 1 1 1 1 1 1 1 1 1 1 1 1 1 1 1 1 1 1 1 1 1 1 1 1 1 1 1 1 1 1 1 1 1 1 1 1 1 1 1 1 1 1 1 1 1 1 1 1 1 1 1 1 1 1 1 1 1 1 1 1 1 1 1 1 1 1 1 1 1 1 1 1 1 1 1 1 1 1 1 1 1 1 1 1 1 1 1 1 1 1 1 1 1 1 1 1 1 1 1 1 1 1 1 1 1 1 1 1 1 1 1 1 1 1 1 1 1 1 1 1 1 1 1 1 1 1 1 1 1 1 1 1 1 1 1 1 1 1 1 1 1 1 1 1 1 1 1 1 1 1 1 1 1 1 1 1 1 1 1 1 1 1 1 1 1 1 1 1 1 1 1 1 1 1 1 1 1 1 1 1 1 1 1 1 1 1 1 1 1 1 1 1 1 1 1 1 1 1 1 1 1 1 1 1 1 1 1 1 1 1 1 1 1 1 1 1 1 1 1 1 1 1 1 1 1 1 1 1 1 1 1 1 1 1 1 1 1 1 1 1 1 1 1 1 1 1 1 1 1 1 1 1 1 1 1 1 1 1 1 1 1 1 1 1 1 1 1 1 1 1 1 1 1 1 1 1 1 1 1 1 1 1 1 1 1 1 1 1 1 1 1 1 1 1 1 1 1 1 1 1 1 1 1 1 1 1 1 1 1 1 1 1 1 1 1 1 1 1 1 1 1 1 1 1 1 1 1 1 1 1 1 1 1 1 1 1 1 1 1 1 1 1 1 1 1 1 1 1 1 1 1 1 1 1 1 1 1 1 1 1 1 1 1 1 1 1 1 1 1 1 1 1 1 1 1 1 1 1 1 1 1 1 1 1 1 1 1 1 1 1 1 1 1 1 1 1 1 1</float_array>
          <technique_common>
            <accessor source="#geom-Hed_EYE029__M_EYE029glass-map0-array" count="390" stride="3">
              <param name="R" type="float"/>
              <param name="G" type="float"/>
              <param name="B" type="float"/>
            </accessor>
          </technique_common>
        </source>
        <source id="geom-Hed_EYE029__M_EYE029glass-map1">
          <float_array id="geom-Hed_EYE029__M_EYE029glass-map1-array" count="1170">0.5924163 0.8497292 0 0.6513314 0.8323949 0 0.6167239 0.9031205 0 0.5840849 0.7916533 0 0.6683757 0.8698406 0 0.6550546 0.9474632 0 0.6454871 0.7916533 0 0.5924163 0.7335622 0 0.6952621 0.9009385 0 0.7042954 0.9791867 0 0.6513314 0.7509117 0 0.6167239 0.6801862 0 0.7163958 0.7916533 0 0.7193713 0.8123598 0 0.7280384 0.8313878 0 0.7193713 0.7709468 0 0.6683757 0.713466 0 0.6550546 0.6358282 0 0.7280384 0.7519035 0 0.6952621 0.6823529 0 0.7042954 0.6041046 0 0.7897154 0.7916533 0 0.7417105 0.7360952 0 0.7298085 0.6601053 0 0.7604486 0.5875791 0 0.7592584 0.7247883 0 0.769192 0.6485084 0 0.8189822 0.5875791 0 0.7792782 0.718883 0 0.8102388 0.6485084 0 0.8751354 0.6041046 0 0.8001526 0.718883 0 0.8496376 0.6601053 0 0.9243763 0.6358282 0 0.8201724 0.7247883 0 0.8841687 0.6823529 0 0.9627069 0.6801862 0 0.8377355 0.7360952 0 0.9110551 0.713466 0 0.9870146 0.7335622 0 0.8513924 0.7519035 0 0.9281148 0.7509117 0 0.9339589 0.7916533 0 0.995346 0.7916533 0 0.8600748 0.7709468 0 0.9281148 0.8323949 0 0.9870146 0.8497292 0 0.863035 0.7916533 0 0.8600748 0.8123598 0 0.9110551 0.8698406 0 0.9627069 0.9031205 0 0.8513924 0.8313878 0 0.8841687 0.9009385 0 0.9243763 0.9474632 0 0.8377355 0.8472114 0 0.8496376 0.9232013 0 0.8751354 0.9791867 0 0.8201724 0.8585184 0 0.8102388 0.9347982 0 0.8189822 0.9957275 0 0.8001526 0.8644083 0 0.769192 0.9347982 0 0.7604486 0.9957275 0 0.7792782 0.8644083 0 0.7298085 0.9232013 0 0.7592584 0.8585184 0 0.7417105 0.8472114 0 0.9000534 0.3451438 0 0.9809262 0.3689479 0 0.9475548 0.442237 0 0.9923705 0.2892042 0 0.8766308 0.3965515 0 0.8949264 0.5031357 0 0.9080796 0.2892042 0 0.9809262 0.2094606 0 0.8397192 0.4392614 0 0.8273289 0.546685 0 0.9000534 0.2332647 0 0.9475548 0.1361715 0 0.8107119 0.2892042 0 0.8066376 0.317647 0 0.7947356 0.3437705 0 0.8066376 0.2607767 0 0.7759671 0.3654841 0 0.8766308 0.181857 0 0.8949264 0.07527274 0 0.7923095 0.46981 0 0.7502251 0.5693904 0 0.8397192 0.139147 0 0.8273289 0.0317235 0 0.7382315 0.4857404 0 0.669871 0.5693904 0 0.7518578 0.3810178 0 0.6818647 0.4857404 0 0.5927672 0.546685 0 0.7243763 0.3891051 0 0.7100481 0.2892042 0 0.6957198 0.3891051 0 0.6277867 0.46981 0 0.5251697 0.5031357 0 0.6682231 0.3810178 0 0.5803617 0.4392614 0 0.4725414 0.442237 0 0.6441291 0.3654841 0 0.5434501 0.3965515 0 0.4391547 0.3689479 0 0.6253605 0.3437705 0 0.5200427 0.3451438 0 0.4277256 0.2892042 0 0.6134585 0.317647 0 0.5120165 0.2892042 0 0.6093843 0.2892042 0 0.4391547 0.2094606 0 0.6134585 0.2607767 0 0.5200427 0.2332647 0 0.5434501 0.181857 0 0.4725414 0.1361715 0 0.6253605 0.234638 0 0.5803617 0.139147 0 0.5251545 0.07527274 0 0.6441291 0.2129244 0 0.6277867 0.1085985 0 0.5927672 0.0317235 0 0.6682231 0.1973907 0 0.6818647 0.09268332 0 0.669871 0.009018064 0 0.6957198 0.1893034 0 0.7382315 0.09268332 0 0.7502251 0.009018064 0 0.7243763 0.1893034 0 0.7923095 0.1085985 0 0.7518578 0.1973907 0 0.7759671 0.2129244 0 0.7947356 0.234638 0 0.9281148 0.8323949 0 0.9870146 0.8497292 0 0.9627069 0.9031205 0 0.995346 0.7916533 0 0.9110551 0.8698406 0 0.9243763 0.9474632 0 0.9339589 0.7916533 0 0.9870146 0.7335622 0 0.8841687 0.9009385 0 0.8751354 0.9791867 0 0.9281148 0.7509117 0 0.9627069 0.6801862 0 0.863035 0.7916533 0 0.8600748 0.8123598 0 0.8513924 0.8313878 0 0.8600748 0.7709468 0 0.8377355 0.8472114 0 0.9110551 0.713466 0 0.9243763 0.6358282 0 0.8496376 0.9232013 0 0.8189822 0.9957275 0 0.8841687 0.6823529 0 0.8751354 0.6041046 0 0.8102388 0.9347982 0 0.7604486 0.9957275 0 0.8201724 0.8585184 0 0.769192 0.9347982 0 0.7042954 0.9791867 0 0.8001526 0.8644083 0 0.7897154 0.7916533 0 0.7792782 0.8644083 0 0.7298085 0.9232013 0 0.6550546 0.9474632 0 0.7592584 0.8585184 0 0.6952621 0.9009385 0 0.6167239 0.9031205 0 0.7417105 0.8472114 0 0.6683757 0.8698406 0 0.5924163 0.8497292 0 0.7280384 0.8313878 0 0.6513314 0.8323949 0 0.5840849 0.7916533 0 0.7193713 0.8123598 0 0.6454871 0.7916533 0 0.7163958 0.7916533 0 0.5924163 0.7335622 0 0.7193713 0.7709468 0 0.6513314 0.7509117 0 0.6683757 0.713466 0 0.6167239 0.6801862 0 0.7280384 0.7519035 0 0.6952621 0.6823529 0 0.6550546 0.6358282 0 0.7417105 0.7360952 0 0.7298085 0.6601053 0 0.7042954 0.6041046 0 0.7592584 0.7247883 0 0.769192 0.6485084 0 0.7604486 0.5875791 0 0.7792782 0.718883 0 0.8102388 0.6485084 0 0.8189822 0.5875791 0 0.8001526 0.718883 0 0.8496376 0.6601053 0 0.8201724 0.7247883 0 0.8377355 0.7360952 0 0.8513924 0.7519035 0 0.01780728 0.7910887 0 0.09869535 0.7672694 0 0.05119402 0.8643778 0 0.006378271 0.7113451 0 0.1221027 0.8186771 0 0.1038224 0.9252613 0 0.09066911 0.7113451 0 0.01780728 0.6315862 0 0.1590143 0.861387 0 0.1714199 0.9688258 0 0.09869535 0.6554055 0 0.05119402 0.5582971 0 0.1880369 0.7113451 0 0.1921111 0.7397727 0 0.2040131 0.7659113 0 0.1921111 0.6829023 0 0.1221027 0.6039978 0 0.1038224 0.4974136 0 0.2040131 0.6567788 0 0.1590143 0.5612879 0 0.1714199 0.4538491 0 0.2887007 0.7113451 0 0.2227817 0.6350652 0 0.2064393 0.530724 0 0.2485237 0.4311589 0 0.2468757 0.6195315 0 0.2605173 0.5148089 0 0.3288777 0.4311589 0 0.2743725 0.6114442 0 0.3168841 0.5148089 0 0.4059815 0.4538491 0 0.3030289 0.6114442 0 0.3709621 0.530724 0 0.473579 0.4974136 0 0.3305104 0.6195315 0 0.4183871 0.5612879 0 0.5262074 0.5582971 0 0.3546197 0.6350652 0 0.4552987 0.6039978 0 0.5595941 0.6315862 0 0.3733883 0.6567788 0 0.478706 0.6554055 0 0.4867323 0.7113451 0 0.5710231 0.7113451 0 0.3852903 0.6829023 0 0.478706 0.7672694 0 0.5595941 0.7910887 0 0.3893645 0.7113451 0 0.4552987 0.8186771 0 0.5262074 0.8643778 0 0.3852903 0.7397727 0 0.3733883 0.7659113 0 0.4183871 0.861387 0 0.473579 0.9252613 0 0.3546197 0.7876097 0 0.3709621 0.8919508 0 0.4059815 0.9688258 0 0.3305104 0.8031434 0 0.3168841 0.907866 0 0.3288777 0.9915313 0 0.3030289 0.8112459 0 0.2605173 0.907866 0 0.2485237 0.9915313 0 0.2743725 0.8112459 0 0.2064393 0.8919508 0 0.2468757 0.8031434 0 0.2227817 0.7876097 0 0.9870146 0.8497292 0 0.9339589 0.7916533 0 0.9870146 0.7335622 0 0.9243763 0.9474632 0 0.9243763 0.6358282 0 0.8496376 0.9232013 0 0.8189822 0.9957275 0 0.7042954 0.9791867 0 0.8496376 0.6601053 0 0.8189822 0.5875791 0 0.7042954 0.6041046 0 0.6952621 0.9009385 0 0.6167239 0.9031205 0 0.7897154 0.7916533 0 0.6513314 0.8323949 0 0.5840849 0.7916533 0 0.6952621 0.6823529 0 0.6167239 0.6801862 0 0.5120165 0.2892042 0 0.4277256 0.2892042 0 0.4391547 0.2094606 0 0.4725414 0.442237 0 0.5251545 0.07527274 0 0.5803617 0.4392614 0 0.5927672 0.546685 0 0.6277867 0.1085985 0 0.669871 0.009018064 0 0.8273289 0.0317235 0 0.7100481 0.2892042 0 0.6818647 0.4857404 0 0.7502251 0.5693904 0 0.8273289 0.546685 0 0.8397192 0.139147 0 0.9475548 0.1361715 0 0.9923705 0.2892042 0 0.9000534 0.3451438 0 0.9475548 0.442237 0 0.3288777 0.9915313 0 0.3709621 0.8919508 0 0.473579 0.9252613 0 0.1714199 0.9688258 0 0.5262074 0.8643778 0 0.1590143 0.861387 0 0.05119402 0.8643778 0 0.478706 0.7672694 0 0.5710231 0.7113451 0 0.5595941 0.6315862 0 0.09869535 0.7672694 0 0.006378271 0.7113451 0 0.2887007 0.7113451 0 0.1590143 0.5612879 0 0.05119402 0.5582971 0 0.1714199 0.4538491 0 0.4552987 0.6039978 0 0.473579 0.4974136 0 0.3709621 0.530724 0 0.3288777 0.4311589 0 0.995346 0.7916533 0 0.8841687 0.6823529 0 0.9627069 0.6801862 0 0.8751354 0.6041046 0 0.9281148 0.8323949 0 0.9627069 0.9031205 0 0.7298085 0.6601053 0 0.7604486 0.5875791 0 0.6550546 0.6358282 0 0.8841687 0.9009385 0 0.8751354 0.9791867 0 0.7897154 0.7916533 0 0.769192 0.9347982 0 0.8189822 0.9957275 0 0.7042954 0.9791867 0 0.6683757 0.8698406 0 0.6550546 0.9474632 0 0.5924163 0.8497292 0 0.6683757 0.713466 0 0.5924163 0.7335622 0 0.5927672 0.546685 0 0.9475548 0.442237 0 0.7502251 0.5693904 0 0.7100481 0.2892042 0 0.9923705 0.2892042 0 0.4725414 0.442237 0 0.9475548 0.1361715 0 0.4391547 0.2094606 0 0.8273289 0.0317235 0 0.5251545 0.07527274 0 0.669871 0.009018064 0 0.9627069 0.9031205 0 0.7897154 0.7916533 0 0.995346 0.7916533 0 0.8189822 0.9957275 0 0.9627069 0.6801862 0 0.7042954 0.9791867 0 0.8751354 0.6041046 0 0.5924163 0.8497292 0 0.7604486 0.5875791 0 0.5924163 0.7335622 0 0.6550546 0.6358282 0 0.05119402 0.8643778 0 0.006378271 0.7113451 0 0.2887007 0.7113451 0 0.1714199 0.9688258 0 0.05119402 0.5582971 0 0.3288777 0.9915313 0 0.1714199 0.4538491 0 0.5262074 0.8643778 0 0.3288777 0.4311589 0 0.5595941 0.6315862 0 0.473579 0.4974136 0 0.6167239 0.9031205 0 0.5840849 0.7916533 0 0.7897154 0.7916533 0 0.7042954 0.9791867 0 0.6167239 0.6801862 0 0.8189822 0.9957275 0 0.7042954 0.6041046 0 0.9243763 0.9474632 0 0.8189822 0.5875791 0 0.9870146 0.8497292 0 0.9243763 0.6358282 0 0.9870146 0.7335622 0</float_array>
          <technique_common>
            <accessor source="#geom-Hed_EYE029__M_EYE029glass-map1-array" count="390" stride="3">
              <param name="S" type="float"/>
              <param name="T" type="float"/>
              <param name="P" type="float"/>
            </accessor>
          </technique_common>
        </source>
        <vertices id="geom-Hed_EYE029__M_EYE029glass-vertices">
          <input semantic="POSITION" source="#geom-Hed_EYE029__M_EYE029glass-positions"/>
        </vertices>
        <triangles material="M_EYE029glass" count="440">
          <input semantic="VERTEX" source="#geom-Hed_EYE029__M_EYE029glass-vertices" offset="0"/>
          <input semantic="NORMAL" source="#geom-Hed_EYE029__M_EYE029glass-normals" offset="1"/>
          <input semantic="COLOR" source="#geom-Hed_EYE029__M_EYE029glass-map0" offset="2" set="0"/>
          <input semantic="TEXCOORD" source="#geom-Hed_EYE029__M_EYE029glass-map1" offset="3" set="0"/>
          <p>0 0 0 0 1 1 1 1 2 2 2 2 0 0 0 0 3 3 3 3 1 1 1 1 1 1 1 1 4 4 4 4 2 2 2 2 2 2 2 2 4 4 4 4 5 5 5 5 3 3 3 3 6 6 6 6 1 1 1 1 3 3 3 3 7 7 7 7 6 6 6 6 4 4 4 4 8 8 8 8 5 5 5 5 5 5 5 5 8 8 8 8 9 9 9 9 7 7 7 7 10 10 10 10 6 6 6 6 7 7 7 7 11 11 11 11 10 10 10 10 6 6 6 6 12 12 12 12 1 1 1 1 6 6 6 6 10 10 10 10 12 12 12 12 1 1 1 1 13 13 13 13 4 4 4 4 12 12 12 12 13 13 13 13 1 1 1 1 13 13 13 13 14 14 14 14 4 4 4 4 4 4 4 4 14 14 14 14 8 8 8 8 10 10 10 10 15 15 15 15 12 12 12 12 11 11 11 11 16 16 16 16 10 10 10 10 10 10 10 10 16 16 16 16 15 15 15 15 11 11 11 11 17 17 17 17 16 16 16 16 16 16 16 16 18 18 18 18 15 15 15 15 17 17 17 17 19 19 19 19 16 16 16 16 16 16 16 16 19 19 19 19 18 18 18 18 17 17 17 17 20 20 20 20 19 19 19 19 12 12 12 12 15 15 15 15 21 21 21 21 15 15 15 15 18 18 18 18 21 21 21 21 13 13 13 13 12 12 12 12 21 21 21 21 14 14 14 14 13 13 13 13 21 21 21 21 19 19 19 19 22 22 22 22 18 18 18 18 18 18 18 18 22 22 22 22 21 21 21 21 20 20 20 20 23 23 23 23 19 19 19 19 19 19 19 19 23 23 23 23 22 22 22 22 20 20 20 20 24 24 24 24 23 23 23 23 23 23 23 23 25 25 25 25 22 22 22 22 22 22 22 22 25 25 25 25 21 21 21 21 24 24 24 24 26 26 26 26 23 23 23 23 23 23 23 23 26 26 26 26 25 25 25 25 24 24 24 24 27 27 27 27 26 26 26 26 26 26 26 26 28 28 28 28 25 25 25 25 25 25 25 25 28 28 28 28 21 21 21 21 27 27 27 27 29 29 29 29 26 26 26 26 26 26 26 26 29 29 29 29 28 28 28 28 27 27 27 27 30 30 30 30 29 29 29 29 29 29 29 29 31 31 31 31 28 28 28 28 28 28 28 28 31 31 31 31 21 21 21 21 30 30 30 30 32 32 32 32 29 29 29 29 29 29 29 29 32 32 32 32 31 31 31 31 30 30 30 30 33 33 33 33 32 32 32 32 32 32 32 32 34 34 34 34 31 31 31 31 31 31 31 31 34 34 34 34 21 21 21 21 33 33 33 33 35 35 35 35 32 32 32 32 32 32 32 32 35 35 35 35 34 34 34 34 33 33 33 33 36 36 36 36 35 35 35 35 35 35 35 35 37 37 37 37 34 34 34 34 34 34 34 34 37 37 37 37 21 21 21 21 36 36 36 36 38 38 38 38 35 35 35 35 35 35 35 35 38 38 38 38 37 37 37 37 36 36 36 36 39 39 39 39 38 38 38 38 38 38 38 38 40 40 40 40 37 37 37 37 37 37 37 37 40 40 40 40 21 21 21 21 39 39 39 39 41 41 41 41 38 38 38 38 38 38 38 38 41 41 41 41 40 40 40 40 42 42 42 42 41 41 41 41 39 39 39 39 43 43 43 43 42 42 42 42 39 39 39 39 41 41 41 41 44 44 44 44 40 40 40 40 41 41 41 41 42 42 42 42 44 44 44 44 40 40 40 40 44 44 44 44 21 21 21 21 45 45 45 45 42 42 42 42 43 43 43 43 46 46 46 46 45 45 45 45 43 43 43 43 42 42 42 42 47 47 47 47 44 44 44 44 42 42 42 42 45 45 45 45 47 47 47 47 44 44 44 44 47 47 47 47 21 21 21 21 45 45 45 45 48 48 48 48 47 47 47 47 47 47 47 47 48 48 48 48 21 21 21 21 49 49 49 49 45 45 45 45 46 46 46 46 50 50 50 50 49 49 49 49 46 46 46 46 51 51 51 51 48 48 48 48 45 45 45 45 49 49 49 49 51 51 51 51 45 45 45 45 48 48 48 48 51 51 51 51 21 21 21 21 52 52 52 52 49 49 49 49 50 50 50 50 53 53 53 53 52 52 52 52 50 50 50 50 54 54 54 54 51 51 51 51 49 49 49 49 52 52 52 52 54 54 54 54 49 49 49 49 51 51 51 51 54 54 54 54 21 21 21 21 55 55 55 55 52 52 52 52 53 53 53 53 56 56 56 56 55 55 55 55 53 53 53 53 57 57 57 57 54 54 54 54 52 52 52 52 55 55 55 55 57 57 57 57 52 52 52 52 54 54 54 54 57 57 57 57 21 21 21 21 58 58 58 58 55 55 55 55 56 56 56 56 59 59 59 59 58 58 58 58 56 56 56 56 60 60 60 60 57 57 57 57 55 55 55 55 58 58 58 58 60 60 60 60 55 55 55 55 57 57 57 57 60 60 60 60 21 21 21 21 61 61 61 61 58 58 58 58 59 59 59 59 62 62 62 62 61 61 61 61 59 59 59 59 63 63 63 63 60 60 60 60 58 58 58 58 61 61 61 61 63 63 63 63 58 58 58 58 60 60 60 60 63 63 63 63 21 21 21 21 64 64 64 64 61 61 61 61 62 62 62 62 9 9 9 9 64 64 64 64 62 62 62 62 8 8 8 8 64 64 64 64 9 9 9 9 65 65 65 65 63 63 63 63 61 61 61 61 64 64 64 64 65 65 65 65 61 61 61 61 63 63 63 63 65 65 65 65 21 21 21 21 8 8 8 8 66 66 66 66 64 64 64 64 66 66 66 66 65 65 65 65 64 64 64 64 65 65 65 65 66 66 66 66 21 21 21 21 14 14 14 14 66 66 66 66 8 8 8 8 66 66 66 66 14 14 14 14 21 21 21 21 67 67 67 67 68 68 68 68 69 69 69 69 68 68 68 68 67 67 67 67 70 70 70 70 71 71 71 71 67 67 67 67 69 69 69 69 71 71 71 71 69 69 69 69 72 72 72 72 67 67 67 67 73 73 73 73 70 70 70 70 70 70 70 70 73 73 73 73 74 74 74 74 75 75 75 75 71 71 71 71 72 72 72 72 75 75 75 75 72 72 72 72 76 76 76 76 73 73 73 73 77 77 77 77 74 74 74 74 74 74 74 74 77 77 77 77 78 78 78 78 79 79 79 79 73 73 73 73 67 67 67 67 73 73 73 73 79 79 79 79 77 77 77 77 80 80 80 80 67 67 67 67 71 71 71 71 80 80 80 80 79 79 79 79 67 67 67 67 81 81 81 81 80 80 80 80 71 71 71 71 81 81 81 81 71 71 71 71 75 75 75 75 79 79 79 79 82 82 82 82 77 77 77 77 83 83 83 83 81 81 81 81 75 75 75 75 77 77 77 77 84 84 84 84 78 78 78 78 77 77 77 77 82 82 82 82 84 84 84 84 78 78 78 78 84 84 84 84 85 85 85 85 83 83 83 83 75 75 75 75 86 86 86 86 86 86 86 86 75 75 75 75 76 76 76 76 86 86 86 86 76 76 76 76 87 87 87 87 84 84 84 84 88 88 88 88 85 85 85 85 85 85 85 85 88 88 88 88 89 89 89 89 90 90 90 90 86 86 86 86 87 87 87 87 90 90 90 90 87 87 87 87 91 91 91 91 92 92 92 92 83 83 83 83 86 86 86 86 92 92 92 92 86 86 86 86 90 90 90 90 93 93 93 93 90 90 90 90 91 91 91 91 93 93 93 93 91 91 91 91 94 94 94 94 95 95 95 95 92 92 92 92 90 90 90 90 95 95 95 95 90 90 90 90 93 93 93 93 92 92 92 92 96 96 96 96 83 83 83 83 95 95 95 95 96 96 96 96 92 92 92 92 83 83 83 83 96 96 96 96 81 81 81 81 81 81 81 81 96 96 96 96 80 80 80 80 80 80 80 80 96 96 96 96 79 79 79 79 79 79 79 79 96 96 96 96 82 82 82 82 97 97 97 97 95 95 95 95 93 93 93 93 97 97 97 97 96 96 96 96 95 95 95 95 98 98 98 98 93 93 93 93 94 94 94 94 97 97 97 97 93 93 93 93 98 98 98 98 98 98 98 98 94 94 94 94 99 99 99 99 100 100 100 100 97 97 97 97 98 98 98 98 100 100 100 100 96 96 96 96 97 97 97 97 101 101 101 101 98 98 98 98 99 99 99 99 100 100 100 100 98 98 98 98 101 101 101 101 101 101 101 101 99 99 99 99 102 102 102 102 103 103 103 103 100 100 100 100 101 101 101 101 103 103 103 103 96 96 96 96 100 100 100 100 104 104 104 104 101 101 101 101 102 102 102 102 103 103 103 103 101 101 101 101 104 104 104 104 104 104 104 104 102 102 102 102 105 105 105 105 106 106 106 106 103 103 103 103 104 104 104 104 106 106 106 106 96 96 96 96 103 103 103 103 107 107 107 107 104 104 104 104 105 105 105 105 107 107 107 107 105 105 105 105 108 108 108 108 109 109 109 109 106 106 106 106 104 104 104 104 107 107 107 107 109 109 109 109 104 104 104 104 109 109 109 109 96 96 96 96 106 106 106 106 110 110 110 110 107 107 107 107 108 108 108 108 111 111 111 111 109 109 109 109 107 107 107 107 110 110 110 110 111 111 111 111 107 107 107 107 111 111 111 111 96 96 96 96 109 109 109 109 110 110 110 110 108 108 108 108 112 112 112 112 113 113 113 113 111 111 111 111 110 110 110 110 113 113 113 113 96 96 96 96 111 111 111 111 114 114 114 114 110 110 110 110 112 112 112 112 114 114 114 114 113 113 113 113 110 110 110 110 115 115 115 115 114 114 114 114 112 112 112 112 116 116 116 116 115 115 115 115 112 112 112 112 117 117 117 117 113 113 113 113 114 114 114 114 115 115 115 115 117 117 117 117 114 114 114 114 117 117 117 117 96 96 96 96 113 113 113 113 118 118 118 118 115 115 115 115 116 116 116 116 119 119 119 119 118 118 118 118 116 116 116 116 120 120 120 120 117 117 117 117 115 115 115 115 118 118 118 118 120 120 120 120 115 115 115 115 120 120 120 120 96 96 96 96 117 117 117 117 121 121 121 121 118 118 118 118 119 119 119 119 122 122 122 122 121 121 121 121 119 119 119 119 123 123 123 123 120 120 120 120 118 118 118 118 121 121 121 121 123 123 123 123 118 118 118 118 123 123 123 123 96 96 96 96 120 120 120 120 124 124 124 124 121 121 121 121 122 122 122 122 125 125 125 125 124 124 124 124 122 122 122 122 126 126 126 126 123 123 123 123 121 121 121 121 124 124 124 124 126 126 126 126 121 121 121 121 126 126 126 126 96 96 96 96 123 123 123 123 127 127 127 127 124 124 124 124 125 125 125 125 128 128 128 128 127 127 127 127 125 125 125 125 129 129 129 129 126 126 126 126 124 124 124 124 127 127 127 127 129 129 129 129 124 124 124 124 129 129 129 129 96 96 96 96 126 126 126 126 130 130 130 130 127 127 127 127 128 128 128 128 89 89 89 89 130 130 130 130 128 128 128 128 131 131 131 131 129 129 129 129 127 127 127 127 130 130 130 130 131 131 131 131 127 127 127 127 131 131 131 131 96 96 96 96 129 129 129 129 88 88 88 88 130 130 130 130 89 89 89 89 132 132 132 132 131 131 131 131 130 130 130 130 88 88 88 88 132 132 132 132 130 130 130 130 132 132 132 132 96 96 96 96 131 131 131 131 133 133 133 133 132 132 132 132 88 88 88 88 133 133 133 133 96 96 96 96 132 132 132 132 84 84 84 84 133 133 133 133 88 88 88 88 82 82 82 82 96 96 96 96 133 133 133 133 82 82 82 82 133 133 133 133 84 84 84 84 134 134 134 134 135 135 135 135 136 136 136 136 135 135 135 135 134 134 134 134 137 137 137 137 138 138 138 138 134 134 134 134 136 136 136 136 138 138 138 138 136 136 136 136 139 139 139 139 134 134 134 134 140 140 140 140 137 137 137 137 137 137 137 137 140 140 140 140 141 141 141 141 142 142 142 142 138 138 138 138 139 139 139 139 142 142 142 142 139 139 139 139 143 143 143 143 140 140 140 140 144 144 144 144 141 141 141 141 141 141 141 141 144 144 144 144 145 145 145 145 146 146 146 146 140 140 140 140 134 134 134 134 140 140 140 140 146 146 146 146 144 144 144 144 147 147 147 147 134 134 134 134 138 138 138 138 147 147 147 147 146 146 146 146 134 134 134 134 148 148 148 148 147 147 147 147 138 138 138 138 148 148 148 148 138 138 138 138 142 142 142 142 146 146 146 146 149 149 149 149 144 144 144 144 150 150 150 150 148 148 148 148 142 142 142 142 144 144 144 144 151 151 151 151 145 145 145 145 144 144 144 144 149 149 149 149 151 151 151 151 145 145 145 145 151 151 151 151 152 152 152 152 150 150 150 150 142 142 142 142 153 153 153 153 153 153 153 153 142 142 142 142 143 143 143 143 153 153 153 153 143 143 143 143 154 154 154 154 151 151 151 151 155 155 155 155 152 152 152 152 152 152 152 152 155 155 155 155 156 156 156 156 157 157 157 157 153 153 153 153 154 154 154 154 157 157 157 157 154 154 154 154 158 158 158 158 159 159 159 159 150 150 150 150 153 153 153 153 159 159 159 159 153 153 153 153 157 157 157 157 160 160 160 160 157 157 157 157 158 158 158 158 160 160 160 160 158 158 158 158 161 161 161 161 162 162 162 162 159 159 159 159 157 157 157 157 162 162 162 162 157 157 157 157 160 160 160 160 159 159 159 159 163 163 163 163 150 150 150 150 162 162 162 162 163 163 163 163 159 159 159 159 150 150 150 150 163 163 163 163 148 148 148 148 148 148 148 148 163 163 163 163 147 147 147 147 147 147 147 147 163 163 163 163 146 146 146 146 146 146 146 146 163 163 163 163 149 149 149 149 164 164 164 164 162 162 162 162 160 160 160 160 164 164 164 164 163 163 163 163 162 162 162 162 165 165 165 165 160 160 160 160 161 161 161 161 164 164 164 164 160 160 160 160 165 165 165 165 165 165 165 165 161 161 161 161 166 166 166 166 167 167 167 167 164 164 164 164 165 165 165 165 167 167 167 167 163 163 163 163 164 164 164 164 168 168 168 168 165 165 165 165 166 166 166 166 167 167 167 167 165 165 165 165 168 168 168 168 168 168 168 168 166 166 166 166 169 169 169 169 170 170 170 170 167 167 167 167 168 168 168 168 170 170 170 170 163 163 163 163 167 167 167 167 171 171 171 171 168 168 168 168 169 169 169 169 170 170 170 170 168 168 168 168 171 171 171 171 171 171 171 171 169 169 169 169 172 172 172 172 173 173 173 173 170 170 170 170 171 171 171 171 173 173 173 173 163 163 163 163 170 170 170 170 174 174 174 174 171 171 171 171 172 172 172 172 173 173 173 173 171 171 171 171 174 174 174 174 174 174 174 174 172 172 172 172 175 175 175 175 176 176 176 176 173 173 173 173 174 174 174 174 176 176 176 176 163 163 163 163 173 173 173 173 177 177 177 177 174 174 174 174 175 175 175 175 178 178 178 178 176 176 176 176 174 174 174 174 177 177 177 177 178 178 178 178 174 174 174 174 178 178 178 178 163 163 163 163 176 176 176 176 177 177 177 177 175 175 175 175 179 179 179 179 180 180 180 180 178 178 178 178 177 177 177 177 180 180 180 180 163 163 163 163 178 178 178 178 181 181 181 181 177 177 177 177 179 179 179 179 181 181 181 181 180 180 180 180 177 177 177 177 182 182 182 182 181 181 181 181 179 179 179 179 183 183 183 183 182 182 182 182 179 179 179 179 184 184 184 184 180 180 180 180 181 181 181 181 182 182 182 182 184 184 184 184 181 181 181 181 184 184 184 184 163 163 163 163 180 180 180 180 185 185 185 185 182 182 182 182 183 183 183 183 186 186 186 186 185 185 185 185 183 183 183 183 187 187 187 187 184 184 184 184 182 182 182 182 185 185 185 185 187 187 187 187 182 182 182 182 187 187 187 187 163 163 163 163 184 184 184 184 188 188 188 188 185 185 185 185 186 186 186 186 189 189 189 189 188 188 188 188 186 186 186 186 190 190 190 190 187 187 187 187 185 185 185 185 188 188 188 188 190 190 190 190 185 185 185 185 190 190 190 190 163 163 163 163 187 187 187 187 191 191 191 191 188 188 188 188 189 189 189 189 192 192 192 192 191 191 191 191 189 189 189 189 193 193 193 193 190 190 190 190 188 188 188 188 191 191 191 191 193 193 193 193 188 188 188 188 193 193 193 193 163 163 163 163 190 190 190 190 194 194 194 194 191 191 191 191 192 192 192 192 195 195 195 195 194 194 194 194 192 192 192 192 196 196 196 196 193 193 193 193 191 191 191 191 194 194 194 194 196 196 196 196 191 191 191 191 196 196 196 196 163 163 163 163 193 193 193 193 197 197 197 197 194 194 194 194 195 195 195 195 156 156 156 156 197 197 197 197 195 195 195 195 198 198 198 198 196 196 196 196 194 194 194 194 197 197 197 197 198 198 198 198 194 194 194 194 198 198 198 198 163 163 163 163 196 196 196 196 155 155 155 155 197 197 197 197 156 156 156 156 199 199 199 199 198 198 198 198 197 197 197 197 155 155 155 155 199 199 199 199 197 197 197 197 199 199 199 199 163 163 163 163 198 198 198 198 200 200 200 200 199 199 199 199 155 155 155 155 200 200 200 200 163 163 163 163 199 199 199 199 151 151 151 151 200 200 200 200 155 155 155 155 149 149 149 149 163 163 163 163 200 200 200 200 149 149 149 149 200 200 200 200 151 151 151 151 201 201 201 201 202 202 202 202 203 203 203 203 201 201 201 201 204 204 204 204 202 202 202 202 202 202 202 202 205 205 205 205 203 203 203 203 203 203 203 203 205 205 205 205 206 206 206 206 204 204 204 204 207 207 207 207 202 202 202 202 204 204 204 204 208 208 208 208 207 207 207 207 205 205 205 205 209 209 209 209 206 206 206 206 206 206 206 206 209 209 209 209 210 210 210 210 208 208 208 208 211 211 211 211 207 207 207 207 208 208 208 208 212 212 212 212 211 211 211 211 207 207 207 207 213 213 213 213 202 202 202 202 207 207 207 207 211 211 211 211 213 213 213 213 202 202 202 202 214 214 214 214 205 205 205 205 213 213 213 213 214 214 214 214 202 202 202 202 214 214 214 214 215 215 215 215 205 205 205 205 205 205 205 205 215 215 215 215 209 209 209 209 211 211 211 211 216 216 216 216 213 213 213 213 212 212 212 212 217 217 217 217 211 211 211 211 211 211 211 211 217 217 217 217 216 216 216 216 212 212 212 212 218 218 218 218 217 217 217 217 217 217 217 217 219 219 219 219 216 216 216 216 218 218 218 218 220 220 220 220 217 217 217 217 217 217 217 217 220 220 220 220 219 219 219 219 218 218 218 218 221 221 221 221 220 220 220 220 213 213 213 213 216 216 216 216 222 222 222 222 216 216 216 216 219 219 219 219 222 222 222 222 214 214 214 214 213 213 213 213 222 222 222 222 215 215 215 215 214 214 214 214 222 222 222 222 220 220 220 220 223 223 223 223 219 219 219 219 219 219 219 219 223 223 223 223 222 222 222 222 221 221 221 221 224 224 224 224 220 220 220 220 220 220 220 220 224 224 224 224 223 223 223 223 221 221 221 221 225 225 225 225 224 224 224 224 224 224 224 224 226 226 226 226 223 223 223 223 223 223 223 223 226 226 226 226 222 222 222 222 225 225 225 225 227 227 227 227 224 224 224 224 224 224 224 224 227 227 227 227 226 226 226 226 225 225 225 225 228 228 228 228 227 227 227 227 227 227 227 227 229 229 229 229 226 226 226 226 226 226 226 226 229 229 229 229 222 222 222 222 228 228 228 228 230 230 230 230 227 227 227 227 227 227 227 227 230 230 230 230 229 229 229 229 228 228 228 228 231 231 231 231 230 230 230 230 230 230 230 230 232 232 232 232 229 229 229 229 229 229 229 229 232 232 232 232 222 222 222 222 231 231 231 231 233 233 233 233 230 230 230 230 230 230 230 230 233 233 233 233 232 232 232 232 231 231 231 231 234 234 234 234 233 233 233 233 233 233 233 233 235 235 235 235 232 232 232 232 232 232 232 232 235 235 235 235 222 222 222 222 234 234 234 234 236 236 236 236 233 233 233 233 233 233 233 233 236 236 236 236 235 235 235 235 234 234 234 234 237 237 237 237 236 236 236 236 236 236 236 236 238 238 238 238 235 235 235 235 235 235 235 235 238 238 238 238 222 222 222 222 237 237 237 237 239 239 239 239 236 236 236 236 236 236 236 236 239 239 239 239 238 238 238 238 237 237 237 237 240 240 240 240 239 239 239 239 239 239 239 239 241 241 241 241 238 238 238 238 238 238 238 238 241 241 241 241 222 222 222 222 240 240 240 240 242 242 242 242 239 239 239 239 239 239 239 239 242 242 242 242 241 241 241 241 243 243 243 243 242 242 242 242 240 240 240 240 244 244 244 244 243 243 243 243 240 240 240 240 242 242 242 242 245 245 245 245 241 241 241 241 242 242 242 242 243 243 243 243 245 245 245 245 241 241 241 241 245 245 245 245 222 222 222 222 246 246 246 246 243 243 243 243 244 244 244 244 247 247 247 247 246 246 246 246 244 244 244 244 243 243 243 243 248 248 248 248 245 245 245 245 243 243 243 243 246 246 246 246 248 248 248 248 245 245 245 245 248 248 248 248 222 222 222 222 249 249 249 249 246 246 246 246 247 247 247 247 250 250 250 250 249 249 249 249 247 247 247 247 246 246 246 246 251 251 251 251 248 248 248 248 246 246 246 246 249 249 249 249 251 251 251 251 248 248 248 248 251 251 251 251 222 222 222 222 249 249 249 249 252 252 252 252 251 251 251 251 251 251 251 251 252 252 252 252 222 222 222 222 253 253 253 253 249 249 249 249 250 250 250 250 254 254 254 254 253 253 253 253 250 250 250 250 255 255 255 255 252 252 252 252 249 249 249 249 253 253 253 253 255 255 255 255 249 249 249 249 252 252 252 252 255 255 255 255 222 222 222 222 256 256 256 256 253 253 253 253 254 254 254 254 257 257 257 257 256 256 256 256 254 254 254 254 258 258 258 258 255 255 255 255 253 253 253 253 256 256 256 256 258 258 258 258 253 253 253 253 255 255 255 255 258 258 258 258 222 222 222 222 259 259 259 259 256 256 256 256 257 257 257 257 260 260 260 260 259 259 259 259 257 257 257 257 261 261 261 261 258 258 258 258 256 256 256 256 259 259 259 259 261 261 261 261 256 256 256 256 258 258 258 258 261 261 261 261 222 222 222 222 262 262 262 262 259 259 259 259 260 260 260 260 263 263 263 263 262 262 262 262 260 260 260 260 264 264 264 264 261 261 261 261 259 259 259 259 262 262 262 262 264 264 264 264 259 259 259 259 261 261 261 261 264 264 264 264 222 222 222 222 265 265 265 265 262 262 262 262 263 263 263 263 210 210 210 210 265 265 265 265 263 263 263 263 209 209 209 209 265 265 265 265 210 210 210 210 266 266 266 266 264 264 264 264 262 262 262 262 265 265 265 265 266 266 266 266 262 262 262 262 264 264 264 264 266 266 266 266 222 222 222 222 209 209 209 209 267 267 267 267 265 265 265 265 267 267 267 267 266 266 266 266 265 265 265 265 266 266 266 266 267 267 267 267 222 222 222 222 215 215 215 215 267 267 267 267 209 209 209 209 267 267 267 267 215 215 215 215 222 222 222 222</p>
        </triangles>
      </mesh>
    </geometry>
    <geometry id="geom-Hed_EYE029__M_EYE029metal" name="Hed_EYE029__M_EYE029metal">
      <mesh>
        <source id="geom-Hed_EYE029__M_EYE029metal-positions">
          <float_array id="geom-Hed_EYE029__M_EYE029metal-positions-array" count="4536">0.1890869 -0.2242432 0.2474365 0.1893311 -0.2285156 0.2473145 0.1893311 -0.2254639 0.2473145 -0.1776123 -0.2231445 0.2474365 -0.1777344 -0.2236328 0.2364502 -0.1872559 -0.2226562 0.2474365 -0.1875 -0.2230225 0.2364502 -0.1890869 -0.2242432 0.2474365 -0.1890869 -0.2242432 0.2364502 -0.1893311 -0.2254639 0.2473145 -0.1893311 -0.2254639 0.2364502 -0.1893311 -0.2285156 0.2473145 -0.1893311 -0.2285156 0.2363281 -0.1981201 -0.223877 0.2471924 -0.1983643 -0.2243652 0.236084 -0.2038574 -0.2191162 0.2363281 -0.2036133 -0.2186279 0.2473145 -0.2042236 -0.2143555 0.2364502 -0.2038574 -0.2138672 0.2474365 -0.206543 -0.2091064 0.2365723 -0.2062988 -0.2087402 0.2476807 -0.2113037 -0.2067871 0.2366943 -0.2109375 -0.2064209 0.2478027 -0.2154541 -0.2072754 0.2478027 -0.2158203 -0.2075195 0.2366943 -0.2144775 -0.203125 0.2366943 -0.2141113 -0.2028809 0.2478027 -0.2150879 -0.2019043 0.2368164 -0.2147217 -0.2016602 0.2479248 -0.2199707 -0.197876 0.2369385 -0.2196045 -0.1976318 0.2481689 -0.2269287 -0.1800537 0.2369385 -0.2265625 -0.1800537 0.2481689 -0.2539062 -0.09588623 0.2380371 -0.2539062 -0.09564209 0.2497559 -0.295166 0.0296936 0.2397461 -0.295166 0.03015137 0.2504883 -0.2980957 0.04718018 0.2353516 -0.2980957 0.05297852 0.2459717 -0.2976074 0.06829834 0.2340088 -0.2983398 0.05899048 0.2250977 -0.2866211 0.116394 0.1723633 -0.2890625 0.1080322 0.1658936 -0.1777344 -0.2236328 0.2364502 -0.1776123 -0.2231445 0.2474365 -0.1773682 -0.229126 0.2473145 -0.1774902 -0.2294922 0.2363281 -0.177002 -0.2333984 0.2471924 -0.1778564 -0.2332764 0.2363281 -0.1887207 -0.2331543 0.2471924 -0.1773682 -0.229126 0.2473145 -0.1776123 -0.2231445 0.2474365 -0.1872559 -0.2226562 0.2474365 -0.1890869 -0.2242432 0.2474365 -0.1893311 -0.2285156 0.2473145 -0.1888428 -0.2337646 0.2363281 -0.1774902 -0.2294922 0.2363281 -0.1989746 -0.2281494 0.2470703 -0.1981201 -0.223877 0.2471924 -0.1875 -0.2230225 0.2364502 -0.1777344 -0.2236328 0.2364502 -0.1893311 -0.2254639 0.2364502 -0.1890869 -0.2242432 0.2364502 -0.1893311 -0.2285156 0.2363281 -0.1990967 -0.2288818 0.2359619 -0.1983643 -0.2243652 0.236084 -0.2094727 -0.2226562 0.2362061 -0.2092285 -0.2220459 0.2473145 -0.2078857 -0.2188721 0.2363281 -0.2038574 -0.2191162 0.2363281 -0.2042236 -0.2143555 0.2364502 -0.2145996 -0.2167969 0.2364502 -0.2120361 -0.2139893 0.2364502 -0.206543 -0.2091064 0.2365723 -0.2113037 -0.2067871 0.2366943 -0.2158203 -0.2075195 0.2366943 -0.2150879 -0.2019043 0.2368164 -0.2144775 -0.203125 0.2366943 -0.2199707 -0.197876 0.2369385 -0.2189941 -0.2094727 0.2366943 -0.2235107 -0.1992187 0.2369385 -0.2269287 -0.1800537 0.2369385 -0.2142334 -0.2163086 0.2475586 -0.2185059 -0.2091064 0.2478027 -0.2305908 -0.1796875 0.2369385 -0.2539062 -0.09588623 0.2380371 -0.2075195 -0.2183838 0.2474365 -0.2036133 -0.2186279 0.2473145 -0.2038574 -0.2138672 0.2474365 -0.2116699 -0.213623 0.2475586 -0.2062988 -0.2087402 0.2476807 -0.2109375 -0.2064209 0.2478027 -0.2154541 -0.2072754 0.2478027 -0.2141113 -0.2028809 0.2478027 -0.2147217 -0.2016602 0.2479248 -0.2196045 -0.1976318 0.2481689 -0.2230225 -0.1988525 0.2481689 -0.2265625 -0.1800537 0.2481689 -0.2302246 -0.1795654 0.2481689 -0.2539062 -0.09564209 0.2497559 -0.2570801 -0.09631348 0.2380371 -0.2573242 -0.09594727 0.2497559 -0.295166 0.03015137 0.2504883 -0.2980957 0.02874756 0.2397461 -0.295166 0.0296936 0.2397461 -0.2980957 0.04718018 0.2353516 -0.298584 0.0291748 0.2504883 -0.2980957 0.05297852 0.2459717 -0.3012695 0.04879761 0.2351074 -0.2983398 0.05899048 0.2250977 -0.302002 0.0546875 0.2457275 -0.2976074 0.06829834 0.2340088 -0.3015137 0.06170654 0.2248535 -0.2890625 0.1080322 0.1658936 -0.3015137 0.07116699 0.2337646 -0.2866211 0.116394 0.1723633 -0.291748 0.109436 0.1661377 -0.2900391 0.1173096 0.1726074 -0.2866211 0.116394 0.1723633 -0.2890625 0.1080322 0.1658936 0.1777344 -0.2236328 0.2364502 0.1776123 -0.2231445 0.2474365 0.1872559 -0.2226562 0.2474365 0.1875 -0.2230225 0.2364502 0.1890869 -0.2242432 0.2474365 0.1890869 -0.2242432 0.2364502 0.1893311 -0.2254639 0.2473145 0.1893311 -0.2254639 0.2364502 0.1893311 -0.2285156 0.2473145 0.1893311 -0.2285156 0.2363281 0.1981201 -0.223877 0.2471924 0.1983643 -0.2243652 0.236084 0.2038574 -0.2191162 0.2363281 0.2036133 -0.2186279 0.2473145 0.2042236 -0.2143555 0.2364502 0.2038574 -0.2138672 0.2474365 0.206543 -0.2091064 0.2365723 0.2062988 -0.2087402 0.2476807 0.2113037 -0.2067871 0.2366943 0.2109375 -0.2064209 0.2478027 0.2154541 -0.2072754 0.2478027 0.2158203 -0.2075195 0.2366943 0.2144775 -0.203125 0.2366943 0.2141113 -0.2028809 0.2478027 0.2150879 -0.2019043 0.2368164 0.2147217 -0.2016602 0.2479248 0.2199707 -0.197876 0.2369385 0.2196045 -0.1976318 0.2481689 0.2269287 -0.1800537 0.2369385 0.2265625 -0.1800537 0.2481689 0.2539062 -0.09588623 0.2380371 0.2539062 -0.09564209 0.2497559 0.295166 0.0296936 0.2397461 0.295166 0.03015137 0.2504883 0.2980957 0.04718018 0.2353516 0.2980957 0.05297852 0.2459717 0.2976074 0.06829834 0.2340088 0.2983398 0.05899048 0.2250977 0.2866211 0.116394 0.1723633 0.2890625 0.1080322 0.1658936 0.1773682 -0.229126 0.2473145 0.1776123 -0.2231445 0.2474365 0.1777344 -0.2236328 0.2364502 0.1774902 -0.2294922 0.2363281 0.177002 -0.2333984 0.2471924 0.1778564 -0.2332764 0.2363281 0.1887207 -0.2331543 0.2471924 0.1773682 -0.229126 0.2473145 0.1872559 -0.2226562 0.2474365 0.1776123 -0.2231445 0.2474365 0.1890869 -0.2242432 0.2474365 0.1893311 -0.2285156 0.2473145 0.1888428 -0.2337646 0.2363281 0.1989746 -0.2281494 0.2470703 0.1981201 -0.223877 0.2471924 0.1774902 -0.2294922 0.2363281 0.1875 -0.2230225 0.2364502 0.1777344 -0.2236328 0.2364502 0.1890869 -0.2242432 0.2364502 0.1893311 -0.2254639 0.2364502 0.1893311 -0.2285156 0.2363281 0.1990967 -0.2288818 0.2359619 0.1983643 -0.2243652 0.236084 0.2094727 -0.2226562 0.2362061 0.2092285 -0.2220459 0.2473145 0.2078857 -0.2188721 0.2363281 0.2038574 -0.2191162 0.2363281 0.2042236 -0.2143555 0.2364502 0.2145996 -0.2167969 0.2364502 0.2120361 -0.2139893 0.2364502 0.206543 -0.2091064 0.2365723 0.2113037 -0.2067871 0.2366943 0.2158203 -0.2075195 0.2366943 0.2144775 -0.203125 0.2366943 0.2150879 -0.2019043 0.2368164 0.2199707 -0.197876 0.2369385 0.2189941 -0.2094727 0.2366943 0.2235107 -0.1992187 0.2369385 0.2269287 -0.1800537 0.2369385 0.2142334 -0.2163086 0.2475586 0.2185059 -0.2091064 0.2478027 0.2305908 -0.1796875 0.2369385 0.2539062 -0.09588623 0.2380371 0.2230225 -0.1988525 0.2481689 0.2075195 -0.2183838 0.2474365 0.2036133 -0.2186279 0.2473145 0.2038574 -0.2138672 0.2474365 0.2116699 -0.213623 0.2475586 0.2062988 -0.2087402 0.2476807 0.2109375 -0.2064209 0.2478027 0.2154541 -0.2072754 0.2478027 0.2147217 -0.2016602 0.2479248 0.2141113 -0.2028809 0.2478027 0.2196045 -0.1976318 0.2481689 0.2265625 -0.1800537 0.2481689 0.2302246 -0.1795654 0.2481689 0.2539062 -0.09564209 0.2497559 0.2570801 -0.09631348 0.2380371 0.2573242 -0.09594727 0.2497559 0.295166 0.03015137 0.2504883 0.2980957 0.02874756 0.2397461 0.295166 0.0296936 0.2397461 0.2980957 0.04718018 0.2353516 0.298584 0.0291748 0.2504883 0.2980957 0.05297852 0.2459717 0.3012695 0.04879761 0.2351074 0.2983398 0.05899048 0.2250977 0.302002 0.0546875 0.2457275 0.2976074 0.06829834 0.2340088 0.3015137 0.06170654 0.2248535 0.2890625 0.1080322 0.1658936 0.3015137 0.07116699 0.2337646 0.2866211 0.116394 0.1723633 0.291748 0.109436 0.1661377 0.2900391 0.1173096 0.1726074 0.2866211 0.116394 0.1723633 0.2890625 0.1080322 0.1658936 -0.1677246 -0.2327881 0.263916 -0.1755371 -0.2324219 0.2471924 -0.1817627 -0.2276611 0.2490234 -0.1732178 -0.2281494 0.2675781 -0.1556396 -0.2332764 0.2780762 -0.1828613 -0.2288818 0.2495117 -0.15979 -0.2288818 0.2832031 -0.1398926 -0.2340088 0.2880859 -0.1741943 -0.2293701 0.2683105 -0.1748047 -0.2337646 0.2683105 -0.1834717 -0.2332764 0.2495117 -0.1605225 -0.2302246 0.2841797 -0.1715088 -0.2365723 0.2661133 -0.1796875 -0.236084 0.248291 -0.1755371 -0.2324219 0.2471924 -0.1677246 -0.2327881 0.263916 -0.1586914 -0.2373047 0.28125 -0.1556396 -0.2332764 0.2780762 -0.1611328 -0.2346191 0.2841797 -0.1420898 -0.2382812 0.291748 -0.1398926 -0.2340088 0.2880859 -0.1435547 -0.2357178 0.2956543 -0.12323 -0.2393799 0.2973633 -0.1221313 -0.2347412 0.293457 -0.1430664 -0.2313232 0.2956543 -0.1035156 -0.2404785 0.2973633 -0.1035156 -0.2354736 0.293457 -0.1235352 -0.2369385 0.3015137 -0.08459473 -0.2415771 0.291748 -0.08569336 -0.2363281 0.2880859 -0.1026611 -0.2382812 0.3015137 -0.06799316 -0.2425537 0.28125 -0.07000732 -0.2369385 0.2780762 -0.0826416 -0.239502 0.2956543 -0.1229858 -0.232666 0.3015137 -0.1021729 -0.2338867 0.3015137 -0.05511475 -0.2434082 0.2661133 -0.05786133 -0.2374268 0.263916 -0.06506348 -0.2406006 0.2841797 -0.04693604 -0.2437744 0.248291 -0.05010986 -0.237793 0.2471924 -0.05142212 -0.2414551 0.2683105 -0.08209229 -0.2352295 0.2956543 -0.0645752 -0.2362061 0.2841797 -0.04275513 -0.2420654 0.2495117 -0.04412842 -0.2440186 0.2287598 -0.04748535 -0.237915 0.2287598 -0.05010986 -0.237793 0.2103271 -0.05090332 -0.2370605 0.2683105 -0.04693604 -0.2437744 0.2092285 -0.05786133 -0.2374268 0.1933594 -0.03979492 -0.2421875 0.2287598 -0.05511475 -0.2434082 0.1912842 -0.07000732 -0.2369385 0.1793213 -0.04275513 -0.2420654 0.2080078 -0.05142212 -0.2414551 0.1889648 -0.06799316 -0.2425537 0.1762695 -0.08569336 -0.2363281 0.1693115 -0.06506348 -0.2406006 0.1732178 -0.08459473 -0.2415771 0.1656494 -0.1035156 -0.2354736 0.1640625 -0.0826416 -0.239502 0.1618652 -0.1035156 -0.2404785 0.1600342 -0.1221313 -0.2347412 0.1640625 -0.1026611 -0.2382812 0.1560059 -0.12323 -0.2393799 0.1600342 -0.1398926 -0.2340088 0.1693115 -0.1235352 -0.2369385 0.1560059 -0.1420898 -0.2382812 0.1656494 -0.1556396 -0.2332764 0.1793213 -0.1435547 -0.2357178 0.1618652 -0.1586914 -0.2373047 0.1762695 -0.1677246 -0.2327881 0.1934814 -0.1611328 -0.2346191 0.1732178 -0.1715088 -0.2365723 0.1912842 -0.1755371 -0.2324219 0.2103271 -0.1748047 -0.2337646 0.1889648 -0.1796875 -0.236084 0.2092285 -0.1781006 -0.2322998 0.2287598 -0.1834717 -0.2332764 0.2080078 -0.1755371 -0.2324219 0.2471924 -0.1796875 -0.236084 0.248291 -0.1824951 -0.2359619 0.2287598 -0.1864014 -0.2330322 0.2287598 -0.1834717 -0.2332764 0.2495117 -0.1859131 -0.2286377 0.2287598 -0.1828613 -0.2288818 0.2495117 -0.1817627 -0.2276611 0.2490234 -0.1828613 -0.2288818 0.2080078 -0.1846924 -0.227417 0.2287598 -0.1755371 -0.2324219 0.2471924 -0.1781006 -0.2322998 0.2287598 -0.1755371 -0.2324219 0.2103271 -0.1817627 -0.2276611 0.208374 -0.1677246 -0.2327881 0.1934814 -0.1732178 -0.2281494 0.1896973 -0.1556396 -0.2332764 0.1793213 -0.1741943 -0.2293701 0.1889648 -0.15979 -0.2288818 0.1741943 -0.1398926 -0.2340088 0.1693115 -0.1605225 -0.2302246 0.1732178 -0.1425781 -0.2299805 0.1630859 -0.1430664 -0.2313232 0.1618652 -0.1229858 -0.2310791 0.1573486 -0.1221313 -0.2347412 0.1640625 -0.1229858 -0.232666 0.1560059 -0.102478 -0.2322998 0.1573486 -0.1035156 -0.2354736 0.1640625 -0.1021729 -0.2338867 0.1560059 -0.08282471 -0.2333984 0.1630859 -0.08569336 -0.2363281 0.1693115 -0.08209229 -0.2352295 0.1618652 -0.06561279 -0.234375 0.1741943 -0.07000732 -0.2369385 0.1793213 -0.0645752 -0.2362061 0.1732178 -0.05221558 -0.2352295 0.1896973 -0.05786133 -0.2374268 0.1933594 -0.05090332 -0.2370605 0.1889648 -0.04370117 -0.2357178 0.208374 -0.05010986 -0.237793 0.2103271 -0.04223633 -0.2376709 0.2080078 -0.04077148 -0.2358398 0.2287598 -0.04748535 -0.237915 0.2287598 -0.05010986 -0.237793 0.2471924 -0.03927612 -0.237793 0.2287598 -0.04223633 -0.2376709 0.2495117 -0.04370117 -0.2357178 0.2490234 -0.05786133 -0.2374268 0.263916 -0.05221558 -0.2352295 0.2675781 -0.07000732 -0.2369385 0.2780762 -0.06561279 -0.234375 0.2832031 -0.08569336 -0.2363281 0.2880859 -0.08282471 -0.2333984 0.2941895 -0.1035156 -0.2354736 0.293457 -0.102478 -0.2322998 0.3000488 -0.1221313 -0.2347412 0.293457 -0.1229858 -0.2310791 0.3000488 -0.1425781 -0.2299805 0.2941895 0.1817627 -0.2276611 0.2490234 0.1755371 -0.2324219 0.2471924 0.1677246 -0.2327881 0.263916 0.1732178 -0.2281494 0.2675781 0.1556396 -0.2332764 0.2780762 0.1828613 -0.2288818 0.2495117 0.15979 -0.2288818 0.2832031 0.1398926 -0.2340088 0.2880859 0.1741943 -0.2293701 0.2683105 0.1748047 -0.2337646 0.2683105 0.1834717 -0.2332764 0.2495117 0.1605225 -0.2302246 0.2841797 0.1715088 -0.2365723 0.2661133 0.1796875 -0.236084 0.248291 0.1755371 -0.2324219 0.2471924 0.1677246 -0.2327881 0.263916 0.1586914 -0.2373047 0.28125 0.1556396 -0.2332764 0.2780762 0.1611328 -0.2346191 0.2841797 0.1420898 -0.2382812 0.291748 0.1398926 -0.2340088 0.2880859 0.1435547 -0.2357178 0.2956543 0.12323 -0.2393799 0.2973633 0.1221313 -0.2347412 0.293457 0.1430664 -0.2313232 0.2956543 0.1035156 -0.2404785 0.2973633 0.1035156 -0.2354736 0.293457 0.1235352 -0.2369385 0.3015137 0.08459473 -0.2415771 0.291748 0.08569336 -0.2363281 0.2880859 0.1026611 -0.2382812 0.3015137 0.06799316 -0.2425537 0.28125 0.07000732 -0.2369385 0.2780762 0.0826416 -0.239502 0.2956543 0.1229858 -0.232666 0.3015137 0.1021729 -0.2338867 0.3015137 0.05511475 -0.2434082 0.2661133 0.05786133 -0.2374268 0.263916 0.06506348 -0.2406006 0.2841797 0.04693604 -0.2437744 0.248291 0.05010986 -0.237793 0.2471924 0.05142212 -0.2414551 0.2683105 0.08209229 -0.2352295 0.2956543 0.0645752 -0.2362061 0.2841797 0.04275513 -0.2420654 0.2495117 0.04412842 -0.2440186 0.2287598 0.04748535 -0.237915 0.2287598 0.05010986 -0.237793 0.2103271 0.05090332 -0.2370605 0.2683105 0.04693604 -0.2437744 0.2092285 0.05786133 -0.2374268 0.1933594 0.03979492 -0.2421875 0.2287598 0.05511475 -0.2434082 0.1912842 0.07000732 -0.2369385 0.1793213 0.04275513 -0.2420654 0.2080078 0.05142212 -0.2414551 0.1889648 0.06799316 -0.2425537 0.1762695 0.08569336 -0.2363281 0.1693115 0.06506348 -0.2406006 0.1732178 0.08459473 -0.2415771 0.1656494 0.1035156 -0.2354736 0.1640625 0.0826416 -0.239502 0.1618652 0.1035156 -0.2404785 0.1600342 0.1221313 -0.2347412 0.1640625 0.1026611 -0.2382812 0.1560059 0.12323 -0.2393799 0.1600342 0.1398926 -0.2340088 0.1693115 0.1235352 -0.2369385 0.1560059 0.1420898 -0.2382812 0.1656494 0.1556396 -0.2332764 0.1793213 0.1435547 -0.2357178 0.1618652 0.1586914 -0.2373047 0.1762695 0.1677246 -0.2327881 0.1934814 0.1611328 -0.2346191 0.1732178 0.1715088 -0.2365723 0.1912842 0.1755371 -0.2324219 0.2103271 0.1748047 -0.2337646 0.1889648 0.1796875 -0.236084 0.2092285 0.1781006 -0.2322998 0.2287598 0.1834717 -0.2332764 0.2080078 0.1755371 -0.2324219 0.2471924 0.1796875 -0.236084 0.248291 0.1824951 -0.2359619 0.2287598 0.1864014 -0.2330322 0.2287598 0.1834717 -0.2332764 0.2495117 0.1859131 -0.2286377 0.2287598 0.1828613 -0.2288818 0.2495117 0.1817627 -0.2276611 0.2490234 0.1828613 -0.2288818 0.2080078 0.1846924 -0.227417 0.2287598 0.1755371 -0.2324219 0.2471924 0.1781006 -0.2322998 0.2287598 0.1755371 -0.2324219 0.2103271 0.1817627 -0.2276611 0.208374 0.1677246 -0.2327881 0.1934814 0.1732178 -0.2281494 0.1896973 0.1556396 -0.2332764 0.1793213 0.1741943 -0.2293701 0.1889648 0.15979 -0.2288818 0.1741943 0.1398926 -0.2340088 0.1693115 0.1605225 -0.2302246 0.1732178 0.1425781 -0.2299805 0.1630859 0.1430664 -0.2313232 0.1618652 0.1229858 -0.2310791 0.1573486 0.1221313 -0.2347412 0.1640625 0.1229858 -0.232666 0.1560059 0.102478 -0.2322998 0.1573486 0.1035156 -0.2354736 0.1640625 0.1021729 -0.2338867 0.1560059 0.08282471 -0.2333984 0.1630859 0.08569336 -0.2363281 0.1693115 0.08209229 -0.2352295 0.1618652 0.06561279 -0.234375 0.1741943 0.07000732 -0.2369385 0.1793213 0.0645752 -0.2362061 0.1732178 0.05221558 -0.2352295 0.1896973 0.05786133 -0.2374268 0.1933594 0.05090332 -0.2370605 0.1889648 0.04370117 -0.2357178 0.208374 0.05010986 -0.237793 0.2103271 0.04223633 -0.2376709 0.2080078 0.04077148 -0.2358398 0.2287598 0.04748535 -0.237915 0.2287598 0.05010986 -0.237793 0.2471924 0.03927612 -0.237793 0.2287598 0.04223633 -0.2376709 0.2495117 0.04370117 -0.2357178 0.2490234 0.05786133 -0.2374268 0.263916 0.05221558 -0.2352295 0.2675781 0.07000732 -0.2369385 0.2780762 0.06561279 -0.234375 0.2832031 0.08569336 -0.2363281 0.2880859 0.08282471 -0.2333984 0.2941895 0.1035156 -0.2354736 0.293457 0.102478 -0.2322998 0.3000488 0.1221313 -0.2347412 0.293457 0.1229858 -0.2310791 0.3000488 0.1425781 -0.2299805 0.2941895 0.02476501 -0.2242432 0.1954346 0.02928162 -0.2254639 0.1866455 0.03186035 -0.2327881 0.1990967 0.03695679 -0.2332764 0.1900635 0.03741455 -0.2347412 0.1923828 0.03430176 -0.2342529 0.2006836 0.04122925 -0.2287598 0.2023926 0.03799438 -0.2287598 0.1914062 0.03305054 -0.2226562 0.1879883 0.02844238 -0.2213135 0.1967773 0.04888916 -0.2286377 0.1931152 0.03833008 -0.2385254 0.1931152 0.0355835 -0.234375 0.2043457 0.0333252 -0.229126 0.1998291 0.02476501 -0.2242432 0.1954346 0.03186035 -0.2327881 0.1990967 0.03430176 -0.2342529 0.2006836 0.04122925 -0.2287598 0.2023926 0.04388428 -0.2249756 0.201416 0.04855347 -0.2249756 0.1928711 0.04754639 -0.2276611 0.2021484 0.05303955 -0.2276611 0.1938477 0.05169678 -0.2312012 0.1937256 0.04434204 -0.2318115 0.2021484 0.04211426 -0.2382812 0.1938477 0.04022217 -0.2337646 0.2043457 0.0355835 -0.234375 0.2043457 0.03646851 -0.2337646 0.2269287 0.03823853 -0.2438965 0.1984863 0.04205322 -0.2434082 0.1990967 0.03839111 -0.2454834 0.2043457 0.03866577 -0.2446289 0.2269287 0.03646851 -0.2337646 0.2269287 0.04226685 -0.244751 0.2043457 0.03695679 -0.2342529 0.2332764 0.04315186 -0.2441406 0.2269287 0.0411377 -0.2331543 0.2269287 0.03695679 -0.2342529 0.2332764 0.03921509 -0.2440186 0.2336426 0.0378418 -0.2373047 0.2424316 0.04159546 -0.2336426 0.2332764 0.0378418 -0.2373047 0.2424316 0.04367065 -0.2436523 0.2335205 0.04244995 -0.2366943 0.2421875 0.03952026 -0.2457275 0.2358398 0.03894043 -0.2427979 0.246582 0.04394531 -0.244873 0.2354736 0.03994751 -0.2486572 0.2364502 0.04055786 -0.2486572 0.2474365 0.04019165 -0.2519531 0.2474365 0.04351807 -0.2419434 0.2462158 0.03894043 -0.2427979 0.246582 0.04055786 -0.2486572 0.2474365 0.04443359 -0.2486572 0.2362061 0.04504395 -0.2486572 0.2471924 0.04019165 -0.2519531 0.2474365 0.03961182 -0.2519531 0.2364502 0.04403687 -0.2541504 0.2471924 0.03839111 -0.2536621 0.2476807 0.04345703 -0.2541504 0.2363281 0.03781128 -0.2536621 0.2366943 0.03839111 -0.2536621 0.2476807 0.03988647 -0.2575684 0.2375488 0.04046631 -0.2575684 0.2475586 0.03509521 -0.2548828 0.2486572 0.03356934 -0.2553711 0.2384033 0.03509521 -0.2548828 0.2486572 0.03530884 -0.2600098 0.2392578 0.03689575 -0.2595215 0.2490234 0.02827454 -0.2556152 0.2408447 0.03036499 -0.2553711 0.2497559 0.02893066 -0.2612305 0.2414551 0.03102112 -0.2609863 0.2502441 0.03036499 -0.2553711 0.2497559 0.01626587 -0.2595215 0.2426758 0.01626587 -0.2592773 0.2531738 0.01608276 -0.2563477 0.2521973 0 -0.2570801 0.2536621 0.01644897 -0.262207 0.2437744 0.01664734 -0.262207 0.2524414 0 -0.2597656 0.255127 0 -0.2629395 0.2539062 -0.01626587 -0.2592773 0.2531738 -0.01608276 -0.2563477 0.2521973 -0.03036499 -0.2553711 0.2497559 0 -0.2629395 0.2456055 -0.01664734 -0.262207 0.2524414 -0.03102112 -0.2609863 0.2502441 -0.03509521 -0.2548828 0.2486572 -0.01644897 -0.262207 0.2437744 0 -0.2600098 0.2441406 -0.02893066 -0.2612305 0.2414551 0.01608276 -0.2565918 0.2438965 0.01608276 -0.2563477 0.2521973 0 -0.2573242 0.2451172 0 -0.2570801 0.2536621 -0.01608276 -0.2563477 0.2521973 -0.01608276 -0.2565918 0.2438965 -0.03036499 -0.2553711 0.2497559 -0.01626587 -0.2595215 0.2426758 -0.02827454 -0.2556152 0.2408447 -0.03509521 -0.2548828 0.2486572 -0.03356934 -0.2553711 0.2384033 -0.03839111 -0.2536621 0.2476807 -0.03530884 -0.2600098 0.2392578 -0.03781128 -0.2536621 0.2366943 -0.04019165 -0.2519531 0.2474365 -0.03988647 -0.2575684 0.2375488 -0.03689575 -0.2595215 0.2490234 -0.04046631 -0.2575684 0.2475586 -0.03839111 -0.2536621 0.2476807 -0.04403687 -0.2541504 0.2471924 -0.04019165 -0.2519531 0.2474365 -0.04345703 -0.2541504 0.2363281 -0.03961182 -0.2519531 0.2364502 -0.04443359 -0.2486572 0.2362061 -0.04504395 -0.2486572 0.2471924 -0.04055786 -0.2486572 0.2474365 -0.03994751 -0.2486572 0.2364502 -0.04055786 -0.2486572 0.2474365 -0.03894043 -0.2427979 0.246582 -0.04351807 -0.2419434 0.2462158 -0.03894043 -0.2427979 0.246582 -0.0378418 -0.2373047 0.2424316 -0.04394531 -0.244873 0.2354736 -0.03952026 -0.2457275 0.2358398 -0.0378418 -0.2373047 0.2424316 -0.04244995 -0.2366943 0.2421875 -0.03921509 -0.2440186 0.2336426 -0.03695679 -0.2342529 0.2332764 -0.04367065 -0.2436523 0.2335205 -0.04159546 -0.2336426 0.2332764 -0.03695679 -0.2342529 0.2332764 -0.04315186 -0.2441406 0.2269287 -0.0411377 -0.2331543 0.2269287 -0.03646851 -0.2337646 0.2269287 -0.03866577 -0.2446289 0.2269287 -0.03646851 -0.2337646 0.2269287 -0.0355835 -0.234375 0.2043457 -0.04022217 -0.2337646 0.2043457 -0.0355835 -0.234375 0.2043457 -0.04226685 -0.244751 0.2043457 -0.04122925 -0.2287598 0.2023926 -0.03839111 -0.2454834 0.2043457 -0.04205322 -0.2434082 0.1990967 -0.03823853 -0.2438965 0.1984863 -0.03833008 -0.2385254 0.1931152 -0.04211426 -0.2382812 0.1938477 -0.04122925 -0.2287598 0.2023926 -0.04434204 -0.2318115 0.2021484 -0.05169678 -0.2312012 0.1937256 -0.04888916 -0.2286377 0.1931152 -0.04754639 -0.2276611 0.2021484 -0.05303955 -0.2276611 0.1938477 -0.04855347 -0.2249756 0.1928711 -0.03741455 -0.2347412 0.1923828 -0.03430176 -0.2342529 0.2006836 -0.03186035 -0.2327881 0.1990967 -0.04388428 -0.2249756 0.201416 -0.03799438 -0.2287598 0.1914062 -0.0333252 -0.229126 0.1998291 -0.03430176 -0.2342529 0.2006836 -0.03186035 -0.2327881 0.1990967 -0.02476501 -0.2242432 0.1954346 -0.02844238 -0.2213135 0.1967773 -0.03305054 -0.2226562 0.1879883 -0.02928162 -0.2254639 0.1866455 -0.02476501 -0.2242432 0.1954346 -0.03695679 -0.2332764 0.1900635 -0.1777344 -0.2236328 0.2364502 -0.1875 -0.2230225 0.2364502 -0.1776123 -0.2231445 0.2474365 -0.1890869 -0.2241211 0.2474365 -0.1894531 -0.2285156 0.2363281 -0.1894531 -0.2285156 0.2363281 -0.1893311 -0.2285156 0.2473145 -0.2036133 -0.2186279 0.2473145 -0.2038574 -0.2191162 0.2362061 -0.206543 -0.2089844 0.2365723 -0.2061768 -0.2086182 0.2476807 -0.2154541 -0.2071533 0.2478027 -0.2158203 -0.2075195 0.2366943 -0.2144775 -0.203125 0.2366943 -0.2139893 -0.2028809 0.2478027 -0.2196045 -0.1976318 0.2481689 -0.2199707 -0.197876 0.2369385 -0.2269287 -0.1800537 0.2369385 -0.2265625 -0.1800537 0.2481689 -0.2539062 -0.09588623 0.2380371 -0.2539062 -0.09564209 0.2497559 -0.295166 0.0296936 0.2397461 -0.295166 0.03015137 0.2504883 -0.2980957 0.04718018 0.2353516 -0.2980957 0.05297852 0.2459717 -0.2976074 0.06829834 0.2340088 -0.2983398 0.05899048 0.2250977 -0.2866211 0.116394 0.1723633 -0.2890625 0.1080322 0.1658936 0.1875 -0.2230225 0.2364502 0.1777344 -0.2236328 0.2364502 0.1776123 -0.2231445 0.2474365 0.1890869 -0.2241211 0.2474365 0.1894531 -0.2285156 0.2363281 0.1893311 -0.2285156 0.2473145 0.1894531 -0.2285156 0.2363281 0.2036133 -0.2186279 0.2473145 0.2038574 -0.2191162 0.2362061 0.2061768 -0.2086182 0.2476807 0.206543 -0.2089844 0.2365723 0.2154541 -0.2071533 0.2478027 0.2158203 -0.2075195 0.2366943 0.2144775 -0.203125 0.2366943 0.2139893 -0.2028809 0.2478027 0.2196045 -0.1976318 0.2481689 0.2199707 -0.197876 0.2369385 0.2269287 -0.1800537 0.2369385 0.2265625 -0.1800537 0.2481689 0.2539062 -0.09588623 0.2380371 0.2539062 -0.09564209 0.2497559 0.295166 0.0296936 0.2397461 0.295166 0.03015137 0.2504883 0.2980957 0.04718018 0.2353516 0.2980957 0.05297852 0.2459717 0.2976074 0.06829834 0.2340088 0.2983398 0.05899048 0.2250977 0.2866211 0.116394 0.1723633 0.2890625 0.1080322 0.1658936 -0.1777344 -0.2236328 0.2364502 -0.1776123 -0.2231445 0.2474365 -0.177002 -0.2333984 0.2471924 -0.1777344 -0.2332764 0.2362061 -0.1887207 -0.2332764 0.2471924 -0.1776123 -0.2231445 0.2474365 -0.1890869 -0.2241211 0.2474365 -0.1893311 -0.2285156 0.2473145 -0.2036133 -0.2186279 0.2473145 -0.1889648 -0.2337646 0.2362061 -0.1777344 -0.2236328 0.2364502 -0.1894531 -0.2285156 0.2363281 -0.1875 -0.2230225 0.2364502 -0.2038574 -0.2191162 0.2362061 -0.2095947 -0.2227783 0.2362061 -0.206543 -0.2089844 0.2365723 -0.2092285 -0.222168 0.2473145 -0.2061768 -0.2086182 0.2476807 -0.2189941 -0.2094727 0.2366943 -0.2158203 -0.2075195 0.2366943 -0.2185059 -0.2091064 0.2478027 -0.2154541 -0.2071533 0.2478027 -0.2199707 -0.197876 0.2369385 -0.2144775 -0.203125 0.2366943 -0.2139893 -0.2028809 0.2478027 -0.2196045 -0.1976318 0.2481689 -0.2235107 -0.1992187 0.2369385 -0.2269287 -0.1800537 0.2369385 -0.2230225 -0.1988525 0.2481689 -0.2265625 -0.1800537 0.2481689 -0.2305908 -0.1796875 0.2369385 -0.2539062 -0.09588623 0.2380371 -0.2302246 -0.1795654 0.2481689 -0.2539062 -0.09564209 0.2497559 -0.2980957 0.02877808 0.2397461 -0.295166 0.0296936 0.2397461 -0.2980957 0.04718018 0.2353516 -0.2573242 -0.09594727 0.2497559 -0.295166 0.03015137 0.2504883 -0.3012695 0.04879761 0.2351074 -0.2983398 0.05899048 0.2250977 -0.298584 0.0291748 0.2504883 -0.2980957 0.05297852 0.2459717 -0.302002 0.0546875 0.2457275 -0.2976074 0.06829834 0.2340088 -0.3015137 0.06170654 0.2248535 -0.2890625 0.1080322 0.1658936 -0.3015137 0.07116699 0.2337646 -0.2866211 0.116394 0.1723633 -0.291748 0.109436 0.1661377 -0.2900391 0.1173096 0.1726074 -0.2866211 0.116394 0.1723633 -0.2890625 0.1080322 0.1658936 0.1776123 -0.2231445 0.2474365 0.1777344 -0.2236328 0.2364502 0.177002 -0.2333984 0.2471924 0.1777344 -0.2332764 0.2362061 0.1888428 -0.2333984 0.2473145 0.1776123 -0.2231445 0.2474365 0.1893311 -0.2285156 0.2473145 0.1890869 -0.2241211 0.2474365 0.2036133 -0.2186279 0.2473145 0.1889648 -0.2337646 0.2362061 0.1777344 -0.2236328 0.2364502 0.1894531 -0.2285156 0.2363281 0.1875 -0.2230225 0.2364502 0.2038574 -0.2191162 0.2362061 0.206543 -0.2089844 0.2365723 0.2158203 -0.2075195 0.2366943 0.2095947 -0.2227783 0.2362061 0.2189941 -0.2094727 0.2366943 0.2144775 -0.2165527 0.2476807 0.2061768 -0.2086182 0.2476807 0.2154541 -0.2071533 0.2478027 0.2196045 -0.1976318 0.2481689 0.2139893 -0.2028809 0.2478027 0.2230225 -0.1988525 0.2481689 0.2265625 -0.1800537 0.2481689 0.2235107 -0.1992187 0.2369385 0.2158203 -0.2075195 0.2366943 0.2302246 -0.1795654 0.2481689 0.2539062 -0.09564209 0.2497559 0.2199707 -0.197876 0.2369385 0.2144775 -0.203125 0.2366943 0.2269287 -0.1800537 0.2369385 0.2305908 -0.1796875 0.2369385 0.2539062 -0.09588623 0.2380371 0.2573242 -0.09594727 0.2497559 0.295166 0.03015137 0.2504883 0.2980957 0.02877808 0.2397461 0.295166 0.0296936 0.2397461 0.2980957 0.04718018 0.2353516 0.298584 0.0291748 0.2504883 0.2980957 0.05297852 0.2459717 0.3012695 0.04879761 0.2351074 0.2983398 0.05899048 0.2250977 0.302002 0.0546875 0.2457275 0.2976074 0.06829834 0.2340088 0.3015137 0.06170654 0.2248535 0.2890625 0.1080322 0.1658936 0.3015137 0.07116699 0.2337646 0.2866211 0.116394 0.1723633 0.291748 0.109436 0.1661377 0.2900391 0.1173096 0.1726074 0.2866211 0.116394 0.1723633 0.2890625 0.1080322 0.1658936 -0.1677246 -0.2327881 0.263916 -0.1755371 -0.2324219 0.2471924 -0.1817627 -0.2276611 0.2490234 -0.1732178 -0.2281494 0.2675781 -0.1556396 -0.2332764 0.2780762 -0.1828613 -0.2288818 0.2495117 -0.1599121 -0.2288818 0.2832031 -0.1398926 -0.2340088 0.2880859 -0.1741943 -0.2293701 0.2683105 -0.1425781 -0.2298584 0.2944336 -0.1748047 -0.2337646 0.2683105 -0.1834717 -0.2332764 0.2495117 -0.1229858 -0.2310791 0.3000488 -0.1221313 -0.2347412 0.293457 -0.1715088 -0.2365723 0.2661133 -0.1796875 -0.236084 0.248291 -0.1755371 -0.2324219 0.2471924 -0.1677246 -0.2327881 0.263916 -0.1586914 -0.2373047 0.28125 -0.1556396 -0.2332764 0.2780762 -0.1611328 -0.2346191 0.2841797 -0.1599121 -0.2288818 0.2832031 -0.1420898 -0.2382812 0.291748 -0.1398926 -0.2340088 0.2880859 -0.1435547 -0.2357178 0.2956543 -0.12323 -0.2393799 0.2973633 -0.1221313 -0.2347412 0.293457 -0.1235352 -0.2369385 0.3015137 -0.1035156 -0.2404785 0.2973633 -0.1035156 -0.2354736 0.293457 -0.102478 -0.2321777 0.3000488 -0.1035156 -0.2354736 0.293457 -0.1026611 -0.2382812 0.3015137 -0.08459473 -0.2415771 0.291748 -0.08569336 -0.2363281 0.2880859 -0.08276367 -0.2333984 0.2944336 -0.08569336 -0.2363281 0.2880859 -0.0826416 -0.239502 0.2956543 -0.06799316 -0.2425537 0.28125 -0.07000732 -0.2369385 0.2780762 -0.06549072 -0.234375 0.2832031 -0.07000732 -0.2369385 0.2780762 -0.05786133 -0.2374268 0.263916 -0.06506348 -0.2406006 0.2841797 -0.05499268 -0.2434082 0.2663574 -0.05786133 -0.2374268 0.263916 -0.05072021 -0.2371826 0.2685547 -0.04354858 -0.2355957 0.2491455 -0.05010986 -0.237793 0.2471924 -0.04269409 -0.2420654 0.2495117 -0.04693604 -0.2437744 0.248291 -0.05010986 -0.237793 0.2471924 -0.04067993 -0.2358398 0.2287598 -0.04748535 -0.237915 0.2287598 -0.05010986 -0.237793 0.2103271 -0.04412842 -0.2440186 0.2287598 -0.04748535 -0.237915 0.2287598 -0.05010986 -0.237793 0.2103271 -0.03973389 -0.2421875 0.2287598 -0.04354858 -0.2355957 0.208374 -0.05786133 -0.2374268 0.1933594 -0.04269409 -0.2420654 0.2080078 -0.04693604 -0.2437744 0.2092285 -0.05786133 -0.2374268 0.1933594 -0.05072021 -0.2371826 0.1888428 -0.05499268 -0.2434082 0.1911621 -0.07000732 -0.2369385 0.1793213 -0.06549072 -0.234375 0.1741943 -0.07000732 -0.2369385 0.1793213 -0.08569336 -0.2363281 0.1693115 -0.06506348 -0.2406006 0.1732178 -0.06799316 -0.2425537 0.1762695 -0.08569336 -0.2363281 0.1693115 -0.0826416 -0.239502 0.1618652 -0.08276367 -0.2333984 0.1630859 -0.1035156 -0.2354736 0.1640625 -0.08459473 -0.2415771 0.1656494 -0.1035156 -0.2354736 0.1640625 -0.1026611 -0.2382812 0.1560059 -0.102478 -0.2321777 0.1572266 -0.1221313 -0.2347412 0.1640625 -0.1035156 -0.2404785 0.1600342 -0.1221313 -0.2347412 0.1640625 -0.1235352 -0.2369385 0.1560059 -0.1229858 -0.2310791 0.1572266 -0.1398926 -0.2340088 0.1693115 -0.12323 -0.2393799 0.1600342 -0.1398926 -0.2340088 0.1693115 -0.1435547 -0.2357178 0.1618652 -0.1425781 -0.2298584 0.1630859 -0.1599121 -0.2288818 0.1741943 -0.1599121 -0.2288818 0.1741943 -0.1556396 -0.2332764 0.1793213 -0.1611328 -0.2346191 0.1732178 -0.1732178 -0.2281494 0.1896973 -0.1741943 -0.2293701 0.1889648 -0.1677246 -0.2327881 0.1934814 -0.1420898 -0.2382812 0.1656494 -0.1556396 -0.2332764 0.1793213 -0.1586914 -0.2373047 0.1762695 -0.1677246 -0.2327881 0.1934814 -0.1748047 -0.2337646 0.1889648 -0.1715088 -0.2365723 0.1912842 -0.1755371 -0.2324219 0.2103271 -0.1828613 -0.2288818 0.2080078 -0.1834717 -0.2332764 0.2080078 -0.1796875 -0.236084 0.2092285 -0.1781006 -0.2322998 0.2287598 -0.1827393 -0.2359619 0.2287598 -0.1755371 -0.2324219 0.2471924 -0.1796875 -0.236084 0.248291 -0.1834717 -0.2332764 0.2495117 -0.1860352 -0.2287598 0.2287598 -0.1828613 -0.2288818 0.2495117 -0.1817627 -0.2276611 0.2490234 -0.1817627 -0.2276611 0.208374 -0.1755371 -0.2324219 0.2103271 -0.1846924 -0.227417 0.2287598 -0.1755371 -0.2324219 0.2471924 -0.1781006 -0.2322998 0.2287598 0.1817627 -0.2276611 0.2490234 0.1755371 -0.2324219 0.2471924 0.1677246 -0.2327881 0.263916 0.1732178 -0.2281494 0.2675781 0.1556396 -0.2332764 0.2780762 0.1828613 -0.2288818 0.2495117 0.1599121 -0.2288818 0.2832031 0.1398926 -0.2340088 0.2880859 0.1741943 -0.2293701 0.2683105 0.1425781 -0.2298584 0.2944336 0.1748047 -0.2337646 0.2683105 0.1834717 -0.2332764 0.2495117 0.1229858 -0.2310791 0.3000488 0.1221313 -0.2347412 0.293457 0.1715088 -0.2365723 0.2661133 0.1796875 -0.236084 0.248291 0.1755371 -0.2324219 0.2471924 0.1677246 -0.2327881 0.263916 0.1586914 -0.2373047 0.28125 0.1556396 -0.2332764 0.2780762 0.1611328 -0.2346191 0.2841797 0.1599121 -0.2288818 0.2832031 0.1420898 -0.2382812 0.291748 0.1398926 -0.2340088 0.2880859 0.1435547 -0.2357178 0.2956543 0.12323 -0.2393799 0.2973633 0.1221313 -0.2347412 0.293457 0.1235352 -0.2369385 0.3015137 0.1035156 -0.2404785 0.2973633 0.1035156 -0.2354736 0.293457 0.102478 -0.2321777 0.3000488 0.1035156 -0.2354736 0.293457 0.1026611 -0.2382812 0.3015137 0.08459473 -0.2415771 0.291748 0.08569336 -0.2363281 0.2880859 0.08276367 -0.2333984 0.2944336 0.08569336 -0.2363281 0.2880859 0.0826416 -0.239502 0.2956543 0.06799316 -0.2425537 0.28125 0.07000732 -0.2369385 0.2780762 0.06549072 -0.234375 0.2832031 0.07000732 -0.2369385 0.2780762 0.05786133 -0.2374268 0.263916 0.06506348 -0.2406006 0.2841797 0.05499268 -0.2434082 0.2663574 0.05786133 -0.2374268 0.263916 0.05072021 -0.2371826 0.2685547 0.04354858 -0.2355957 0.2491455 0.05010986 -0.237793 0.2471924 0.04269409 -0.2420654 0.2495117 0.04693604 -0.2437744 0.248291 0.05010986 -0.237793 0.2471924 0.04067993 -0.2358398 0.2287598 0.04748535 -0.237915 0.2287598 0.05010986 -0.237793 0.2103271 0.04412842 -0.2440186 0.2287598 0.04748535 -0.237915 0.2287598 0.05010986 -0.237793 0.2103271 0.03973389 -0.2421875 0.2287598 0.04693604 -0.2437744 0.2092285 0.05786133 -0.2374268 0.1933594 0.04269409 -0.2420654 0.2080078 0.05499268 -0.2434082 0.1911621 0.07000732 -0.2369385 0.1793213 0.04354858 -0.2355957 0.208374 0.05786133 -0.2374268 0.1933594 0.05072021 -0.2371826 0.1888428 0.06549072 -0.234375 0.1741943 0.07000732 -0.2369385 0.1793213 0.08569336 -0.2363281 0.1693115 0.06506348 -0.2406006 0.1732178 0.06799316 -0.2425537 0.1762695 0.08569336 -0.2363281 0.1693115 0.0826416 -0.239502 0.1618652 0.08276367 -0.2333984 0.1630859 0.1035156 -0.2354736 0.1640625 0.08459473 -0.2415771 0.1656494 0.1035156 -0.2354736 0.1640625 0.1026611 -0.2382812 0.1560059 0.102478 -0.2321777 0.1572266 0.1221313 -0.2347412 0.1640625 0.1035156 -0.2404785 0.1600342 0.1221313 -0.2347412 0.1640625 0.1235352 -0.2369385 0.1560059 0.1229858 -0.2310791 0.1572266 0.1398926 -0.2340088 0.1693115 0.12323 -0.2393799 0.1600342 0.1398926 -0.2340088 0.1693115 0.1435547 -0.2357178 0.1618652 0.1425781 -0.2298584 0.1630859 0.1599121 -0.2288818 0.1741943 0.1599121 -0.2288818 0.1741943 0.1556396 -0.2332764 0.1793213 0.1611328 -0.2346191 0.1732178 0.1732178 -0.2281494 0.1896973 0.1741943 -0.2293701 0.1889648 0.1677246 -0.2327881 0.1934814 0.1420898 -0.2382812 0.1656494 0.1556396 -0.2332764 0.1793213 0.1586914 -0.2373047 0.1762695 0.1677246 -0.2327881 0.1934814 0.1748047 -0.2337646 0.1889648 0.1715088 -0.2365723 0.1912842 0.1755371 -0.2324219 0.2103271 0.1828613 -0.2288818 0.2080078 0.1834717 -0.2332764 0.2080078 0.1796875 -0.236084 0.2092285 0.1781006 -0.2322998 0.2287598 0.1827393 -0.2359619 0.2287598 0.1755371 -0.2324219 0.2471924 0.1796875 -0.236084 0.248291 0.1834717 -0.2332764 0.2495117 0.1860352 -0.2287598 0.2287598 0.1828613 -0.2288818 0.2495117 0.1817627 -0.2276611 0.2490234 0.1817627 -0.2276611 0.208374 0.1755371 -0.2324219 0.2103271 0.1846924 -0.227417 0.2287598 0.1755371 -0.2324219 0.2471924 0.1781006 -0.2322998 0.2287598 0.02476501 -0.2242432 0.1954346 0.02928162 -0.2255859 0.1866455 0.03424072 -0.2342529 0.2006836 0.03744507 -0.2348633 0.1922607 0.04122925 -0.2287598 0.2023926 0.03799438 -0.2287598 0.1914062 0.03305054 -0.2226562 0.1879883 0.02844238 -0.2213135 0.1967773 0.04888916 -0.2286377 0.1931152 0.03833008 -0.2385254 0.1931152 0.0355835 -0.234375 0.2043457 0.04855347 -0.2249756 0.1928711 0.03817749 -0.2441406 0.1984863 0.04217529 -0.2384033 0.1938477 0.0531311 -0.2276611 0.1938477 0.03945923 -0.2456055 0.2359619 0.03643799 -0.2337646 0.2269287 0.03778076 -0.2373047 0.2425537 0.04016113 -0.2519531 0.2475586 0.04226685 -0.244751 0.2043457 0.04754639 -0.2277832 0.2021484 0.04025269 -0.2337646 0.2043457 0.04388428 -0.2249756 0.201416 0.04122925 -0.2287598 0.2023926 0.0333252 -0.229126 0.1998291 0.02476501 -0.2242432 0.1954346 0.03424072 -0.2342529 0.2006836 0.0355835 -0.234375 0.2043457 0.03643799 -0.2337646 0.2269287 0.04165649 -0.2335205 0.2332764 0.03778076 -0.2373047 0.2425537 0.04391479 -0.244751 0.2354736 0.04360962 -0.2418213 0.2463379 0.04016113 -0.2519531 0.2475586 0.04415894 -0.2541504 0.2473145 0.03512573 -0.2548828 0.2487793 0.03961182 -0.2519531 0.2364502 0.04351807 -0.2543945 0.2362061 0.03359985 -0.2553711 0.2385254 0.03512573 -0.2548828 0.2487793 0.03108215 -0.2612305 0.2502441 0.02896118 -0.2612305 0.2414551 0 -0.2629395 0.2456055 0 -0.2573242 0.2452393 0 -0.2570801 0.2539062 -0.03512573 -0.2548828 0.2487793 0 -0.2629395 0.2456055 -0.03359985 -0.2553711 0.2385254 0 -0.2629395 0.2456055 -0.04022217 -0.2519531 0.2474365 -0.02896118 -0.2612305 0.2414551 -0.03964233 -0.2519531 0.2365723 -0.03894043 -0.2427979 0.246582 -0.04351807 -0.2543945 0.2362061 -0.03108215 -0.2612305 0.2502441 -0.03912354 -0.2441406 0.2337646 -0.0378418 -0.2373047 0.2424316 -0.03689575 -0.2341309 0.2332764 -0.0355835 -0.234375 0.2043457 -0.04391479 -0.244751 0.2354736 -0.04415894 -0.2541504 0.2473145 -0.03814697 -0.2441406 0.1984863 -0.04223633 -0.244751 0.2043457 -0.03833008 -0.2385254 0.1931152 -0.04122925 -0.2287598 0.2023926 -0.04217529 -0.2384033 0.1938477 -0.04888916 -0.2286377 0.1931152 -0.03744507 -0.2348633 0.1922607 -0.03424072 -0.2342529 0.2006836 -0.0531311 -0.2276611 0.1938477 -0.02928162 -0.2255859 0.1866455 -0.02476501 -0.2242432 0.1954346 -0.03799438 -0.2287598 0.1914062 -0.03305054 -0.2226562 0.1879883 -0.04855347 -0.2249756 0.1928711 -0.02844238 -0.2213135 0.1967773 -0.04754639 -0.2277832 0.2021484 -0.04388428 -0.2249756 0.201416 -0.0333252 -0.229126 0.1998291 -0.02476501 -0.2242432 0.1954346 -0.03424072 -0.2342529 0.2006836 -0.04122925 -0.2287598 0.2023926 -0.04025269 -0.2337646 0.2043457 -0.0355835 -0.234375 0.2043457 -0.03689575 -0.2341309 0.2332764 -0.04165649 -0.2335205 0.2332764 -0.0378418 -0.2373047 0.2424316 -0.04360962 -0.2419434 0.2463379 -0.03894043 -0.2427979 0.246582 -0.04022217 -0.2519531 0.2474365 -0.03512573 -0.2548828 0.2487793 -0.01626587 -0.2592773 0.2531738 0 -0.2570801 0.2539062 0 -0.2629395 0.2541504 0.01626587 -0.2592773 0.2531738 0.1900635 -0.2280273 0.236084 0.210083 -0.2237549 0.2358398 0.1779785 -0.2232666 0.2362061 0.02919006 -0.2253418 0.1864014 0.03735352 -0.2353516 0.1917725 0.02740479 -0.2220459 0.1968994 0.02740479 -0.2220459 0.1968994 0.03735352 -0.2353516 0.1917725 0.02919006 -0.2253418 0.1864014 -0.03735352 -0.2353516 0.1917725 -0.02740479 -0.2220459 0.1968994 -0.02919006 -0.2253418 0.1864014 -0.03735352 -0.2353516 0.1917725 -0.02919006 -0.2253418 0.1864014 -0.02740479 -0.2220459 0.1968994 -0.2980957 0.04718018 0.2353516 -0.3015137 0.06170654 0.2248535 -0.2890625 0.1080322 0.1658936 -0.295166 0.0296936 0.2397461 -0.2980957 0.02871704 0.2398682 -0.2539062 -0.09588623 0.2380371 -0.2299805 -0.1794434 0.2363281 -0.2237549 -0.1990967 0.2484131 -0.2189941 -0.2095947 0.2358398 -0.2299805 -0.1794434 0.2363281 -0.2150879 -0.2033691 0.2368164 -0.2060547 -0.2084961 0.2365723 -0.2045898 -0.220459 0.2351074 -0.2099609 -0.2230225 0.2467041 -0.1903076 -0.2293701 0.2347412 -0.1889648 -0.2330322 0.2476807 -0.203125 -0.2178955 0.2480469 -0.2148437 -0.206665 0.2476807 -0.2539062 -0.09570312 0.2497559 -0.2573242 -0.09594727 0.2497559 -0.295166 0.03015137 0.2504883 -0.298584 0.0291748 0.2504883 -0.2980957 0.04718018 0.2353516 -0.2980957 0.05297852 0.2459717 -0.302002 0.0546875 0.2457275 -0.3015137 0.07116699 0.2337646 -0.3015137 0.06170654 0.2248535 -0.3015137 0.07116699 0.2337646 -0.2900391 0.1173096 0.1726074 -0.2890625 0.1080322 0.1658936 0.3015137 0.06170654 0.2248535 0.2980957 0.04718018 0.2353516 0.2890625 0.1080322 0.1658936 0.2980957 0.02871704 0.2398682 0.295166 0.0296936 0.2397461 0.2539062 -0.09588623 0.2380371 0.2299805 -0.1794434 0.2363281 0.2573242 -0.09594727 0.2497559 0.2303467 -0.1796875 0.248291 0.21875 -0.2092285 0.236084 0.2149658 -0.2033691 0.2368164 0.2299805 -0.1794434 0.2363281 0.2539062 -0.09564209 0.2497559 0.215332 -0.2070312 0.2475586 0.295166 0.03015137 0.2504883 0.2149658 -0.2169189 0.2480469 0.206665 -0.2087402 0.2475586 0.1894531 -0.2333984 0.2476807 0.210083 -0.2237549 0.2358398 0.206665 -0.2091064 0.2364502 0.210083 -0.2237549 0.2358398 0.1900635 -0.2280273 0.236084 0.1776123 -0.2231445 0.2474365 0.1894531 -0.2235107 0.2475586 0.177002 -0.2333984 0.2471924 0.1779785 -0.234375 0.2357178 0.1779785 -0.2232666 0.2362061 0.1779785 -0.2232666 0.2362061 0.1776123 -0.2231445 0.2474365 0.298584 0.0291748 0.2504883 0.2980957 0.05297852 0.2459717 0.2980957 0.04718018 0.2353516 0.302002 0.0546875 0.2457275 0.3015137 0.07116699 0.2337646 0.3015137 0.06170654 0.2248535 0.3015137 0.07116699 0.2337646 0.2900391 0.1173096 0.1726074 0.2890625 0.1080322 0.1658936 0.04138184 -0.2290039 0.2033691 0.05105591 -0.2279053 0.192627 0.03765869 -0.2392578 0.1925049 0.03933716 -0.2320557 0.2044678 0.03933716 -0.2320557 0.2044678 0.05105591 -0.2279053 0.192627 0.04138184 -0.2290039 0.2033691 0.03765869 -0.2392578 0.1925049 0.1833496 -0.2276611 0.2493896 0.1755371 -0.2324219 0.2471924 0.1682129 -0.2327881 0.2646484 0.1746826 -0.2280273 0.2687988 0.1403809 -0.2340088 0.2885742 0.1807861 -0.2365723 0.2486572 0.1833496 -0.2276611 0.2493896 0.1435547 -0.2297363 0.2966309 0.1220703 -0.2347412 0.2939453 0.1600342 -0.237915 0.2827148 0.1682129 -0.2327881 0.2646484 0.1755371 -0.2324219 0.2471924 0.1403809 -0.2340088 0.2885742 0.1235352 -0.2398682 0.2988281 0.1220703 -0.2347412 0.2939453 0.1022949 -0.2320557 0.302002 0.08526611 -0.2364502 0.2890625 0.1033936 -0.2409668 0.2978516 0.08526611 -0.2364502 0.2890625 0.06451416 -0.2341309 0.2844238 0.05749512 -0.2375488 0.2644043 0.08239746 -0.2393799 0.2958984 0.06756592 -0.2431641 0.2817383 0.06756592 -0.2431641 0.2817383 0.05749512 -0.2375488 0.2644043 0.05096436 -0.241333 0.2687988 0.04623413 -0.2442627 0.2484131 0.0496521 -0.237915 0.2471924 0.04241943 -0.2357178 0.2495117 0.0496521 -0.237915 0.2471924 0.04348755 -0.2442627 0.2287598 0.0496521 -0.237915 0.2103271 0.0397644 -0.2362061 0.2287598 0.0496521 -0.237915 0.2103271 0.04623413 -0.2442627 0.2089844 0.05749512 -0.2375488 0.1929932 0.04241943 -0.2357178 0.2080078 0.05749512 -0.2375488 0.1929932 0.06756592 -0.2431641 0.1757812 0.08526611 -0.2363281 0.168335 0.05096436 -0.241333 0.1887207 0.06451416 -0.2341309 0.1729736 0.06756592 -0.2431641 0.1757812 0.08526611 -0.2363281 0.168335 0.08239746 -0.2393799 0.161377 0.1022339 -0.2319336 0.1557617 0.1220703 -0.2353516 0.1636963 0.1033936 -0.2409668 0.1594238 0.1220703 -0.2353516 0.1636963 0.1240234 -0.2380371 0.1552734 0.1403809 -0.2340088 0.1688232 0.1429443 -0.2296143 0.1619873 0.1403809 -0.2340088 0.1688232 0.1594238 -0.237915 0.175293 0.1687012 -0.2327881 0.192749 0.1608887 -0.2287598 0.1732178 0.1687012 -0.2327881 0.192749 0.1729736 -0.2369385 0.1905518 0.1843262 -0.2276611 0.2077637 0.1787109 -0.2322998 0.2286377 0.1833496 -0.2276611 0.2493896 0.1755371 -0.2324219 0.2471924 0.1843262 -0.2276611 0.2077637 0.184082 -0.2364502 0.2286377 0.1833496 -0.2276611 0.2493896 0.1787109 -0.2322998 0.2286377 0.1807861 -0.2365723 0.2486572 0.1755371 -0.2324219 0.2471924 0.02740479 -0.2220459 0.1968994 0.04138184 -0.2290039 0.2033691 0.05105591 -0.2279053 0.192627 0.03735352 -0.2353516 0.1917725 0.04138184 -0.2290039 0.2033691 0.02740479 -0.2220459 0.1968994 -0.03952026 -0.2322998 0.2045898 -0.04135132 -0.2290039 0.2033691 -0.05102539 -0.2279053 0.192627 -0.03771973 -0.2397461 0.1925049 -0.04135132 -0.2290039 0.2033691 -0.03952026 -0.2322998 0.2045898 -0.04135132 -0.2290039 0.2033691 -0.02740479 -0.2220459 0.1968994 -0.05102539 -0.2279053 0.192627 -0.03735352 -0.2353516 0.1917725 -0.04135132 -0.2290039 0.2033691 -0.02740479 -0.2220459 0.1968994 -0.1894531 -0.2235107 0.2476807 -0.1776123 -0.2231445 0.2474365 -0.1779785 -0.2232666 0.2362061 -0.1903076 -0.2293701 0.2347412 -0.1903076 -0.2293701 0.2347412 -0.1889648 -0.2330322 0.2476807 -0.203125 -0.2178955 0.2480469 -0.1903076 -0.2293701 0.2347412 -0.2045898 -0.220459 0.2351074 -0.2060547 -0.2084961 0.2365723 -0.2148437 -0.206665 0.2476807 -0.2189941 -0.2095947 0.2358398 -0.2150879 -0.2033691 0.2368164 -0.2299805 -0.1794434 0.2363281 -0.2539062 -0.09588623 0.2380371 -0.2539062 -0.09570312 0.2497559 -0.295166 0.0296936 0.2397461 -0.295166 0.03015137 0.2504883 -0.2980957 0.04718018 0.2353516 -0.2980957 0.05297852 0.2459717 -0.3015137 0.07116699 0.2337646 -0.2900391 0.1173096 0.1726074 -0.2890625 0.1080322 0.1658936 0.1776123 -0.2231445 0.2474365 0.1894531 -0.2235107 0.2475586 0.1779785 -0.2232666 0.2362061 0.1900635 -0.2280273 0.236084 0.1894531 -0.2333984 0.2476807 0.1900635 -0.2280273 0.236084 0.206665 -0.2087402 0.2475586 0.206665 -0.2091064 0.2364502 0.215332 -0.2070312 0.2475586 0.21875 -0.2092285 0.236084 0.2149658 -0.2033691 0.2368164 0.2299805 -0.1794434 0.2363281 0.2539062 -0.09588623 0.2380371 0.2539062 -0.09564209 0.2497559 0.295166 0.0296936 0.2397461 0.295166 0.03015137 0.2504883 0.2980957 0.04718018 0.2353516 0.2980957 0.05297852 0.2459717 0.3015137 0.07116699 0.2337646 0.2900391 0.1173096 0.1726074 0.2890625 0.1080322 0.1658936 -0.1682129 -0.2327881 0.2646484 -0.1755371 -0.2324219 0.2471924 -0.1824951 -0.2277832 0.2492676 -0.1746826 -0.2281494 0.2687988 -0.1403809 -0.2340088 0.2885742 -0.1824951 -0.2277832 0.2492676 -0.1807861 -0.2365723 0.2487793 -0.1435547 -0.2297363 0.2966309 -0.1220703 -0.2347412 0.2939453 -0.1600342 -0.237915 0.2827148 -0.1682129 -0.2327881 0.2646484 -0.1755371 -0.2324219 0.2471924 -0.1403809 -0.2340088 0.2885742 -0.1235352 -0.2398682 0.2988281 -0.1220703 -0.2347412 0.2939453 -0.1022949 -0.2320557 0.302002 -0.08526611 -0.2364502 0.2890625 -0.1033936 -0.2409668 0.2978516 -0.08526611 -0.2364502 0.2890625 -0.0645752 -0.2341309 0.2844238 -0.0574646 -0.2375488 0.2644043 -0.08239746 -0.2393799 0.2958984 -0.06756592 -0.2431641 0.2817383 -0.06756592 -0.2431641 0.2817383 -0.0574646 -0.2375488 0.2644043 -0.05099487 -0.241333 0.2687988 -0.04632568 -0.2442627 0.2484131 -0.04971313 -0.237915 0.2471924 -0.04159546 -0.2355957 0.2495117 -0.04971313 -0.237915 0.2471924 -0.04916382 -0.237915 0.210083 -0.0425415 -0.2445068 0.2286377 -0.04916382 -0.237915 0.210083 -0.04092407 -0.2358398 0.2075195 -0.05377197 -0.2440186 0.1904297 -0.06964111 -0.2370605 0.1790771 -0.06762695 -0.243042 0.1757812 -0.08557129 -0.2363281 0.1688232 -0.06414795 -0.234375 0.1727295 -0.06964111 -0.2370605 0.1790771 -0.05377197 -0.2440186 0.1904297 -0.06762695 -0.243042 0.1757812 -0.08557129 -0.2363281 0.1688232 -0.0824585 -0.2393799 0.161499 -0.1021729 -0.2320557 0.1553955 -0.1222534 -0.2348633 0.1630859 -0.1033936 -0.2409668 0.1594238 -0.1222534 -0.2348633 0.1630859 -0.1442871 -0.2302246 0.1599121 -0.1558838 -0.2333984 0.1789551 -0.1237183 -0.2402344 0.1583252 -0.1558838 -0.2333984 0.1789551 -0.1740723 -0.2279053 0.189209 -0.168335 -0.2327881 0.1932373 -0.1738281 -0.2376709 0.1894531 -0.168335 -0.2327881 0.1932373 -0.1828613 -0.2277832 0.2081299 -0.1828613 -0.2277832 0.2081299 -0.1787109 -0.2322998 0.2285156 -0.1862793 -0.2281494 0.2287598 -0.1824951 -0.2277832 0.2492676 -0.1755371 -0.2324219 0.2471924 -0.1835937 -0.2364502 0.2286377 -0.1862793 -0.2281494 0.2287598 -0.1787109 -0.2322998 0.2285156 -0.1807861 -0.2365723 0.2487793 -0.1824951 -0.2277832 0.2492676 -0.1755371 -0.2324219 0.2471924 0.03982544 -0.25 0.2354736 0.04190063 -0.2529297 0.248291 0.03173828 -0.2636719 0.2502441 3.53575e-4 -0.2597656 0.2437744 0.04190063 -0.2529297 0.248291 0 -0.2568359 0.2548828 -0.04135132 -0.2519531 0.2486572 -0.03457642 -0.2568359 0.2375488 -0.03869629 -0.2446289 0.2337646 -0.03814697 -0.2346191 0.2436523 -0.03952026 -0.2322998 0.2045898 -0.03771973 -0.2397461 0.1925049 -0.04193115 -0.2456055 0.2041016 -0.03952026 -0.2322998 0.2045898 -0.04586792 -0.244873 0.2358398 -0.03814697 -0.2346191 0.2436523 -0.04135132 -0.2519531 0.2486572 -0.03216553 -0.2629395 0.2507324 3.53575e-4 -0.2597656 0.2437744 0 -0.2568359 0.2548828 0.03173828 -0.2636719 0.2502441 0.04190063 -0.2529297 0.248291 -0.1779785 -0.2232666 0.2362061 -0.1776123 -0.2231445 0.2474365 -0.177002 -0.2333984 0.2471924 -0.1777344 -0.2335205 0.236084 -0.1903076 -0.2293701 0.2347412 -0.1779785 -0.2232666 0.2362061 -0.1889648 -0.2330322 0.2476807 -0.1776123 -0.2231445 0.2474365 -0.1894531 -0.2235107 0.2476807 0.03982544 -0.25 0.2354736 0.04190063 -0.2529297 0.248291 0.03796387 -0.2347412 0.2436523 0.03933716 -0.2320557 0.2044678 0.03765869 -0.2392578 0.1925049 0.04205322 -0.2454834 0.2041016 0.03765869 -0.2392578 0.1925049 0.03933716 -0.2320557 0.2044678 0.04470825 -0.2442627 0.2354736 0.04190063 -0.2529297 0.248291 0.03796387 -0.2347412 0.2436523</float_array>
          <technique_common>
            <accessor source="#geom-Hed_EYE029__M_EYE029metal-positions-array" count="1512" stride="3">
              <param name="X" type="float"/>
              <param name="Y" type="float"/>
              <param name="Z" type="float"/>
            </accessor>
          </technique_common>
        </source>
        <source id="geom-Hed_EYE029__M_EYE029metal-normals">
          <float_array id="geom-Hed_EYE029__M_EYE029metal-normals-array" count="2046">0.6130274 0.4543838 0.6463225 -0.07438665 0.5892162 0.804544 0.9979438 0.06261466 0.01369714 0.5285148 0.8260481 0.1957463 0.5342268 0.8042786 -0.2602648 -0.07046018 0.9825324 0.1722367 -0.07831302 0.9573798 -0.2780123 -0.6130274 0.4543838 0.6463225 -0.620912 0.4681319 -0.6287455 -0.9979438 0.06261466 0.01369714 -0.8003516 0.05674957 -0.596839 0.07438664 0.5892161 0.8045439 0.1076222 0.6105098 -0.7846626 0.5128697 0.7536442 0.4110784 0.4828762 0.7252926 -0.4906949 0.8334298 0.5047532 -0.2249868 0.8648247 0.4813283 0.1428336 0.8569465 0.2367348 -0.4578204 0.887834 0.2327146 0.396982 0.637844 0.6104513 -0.4695787 0.6676403 0.6206509 0.4111557 0.129159 0.8669272 -0.4814097 0.1507582 0.8810502 0.4483556 0.371806 0.2817897 0.8845084 0.3149986 0.3013029 -0.8999958 0.9027719 -0.1194552 -0.4131988 0.9259595 -0.1194149 0.3582447 0.6242611 0.6849267 -0.3757309 0.6570196 0.6902625 0.3030892 0.7949634 0.4405587 -0.4170626 0.8284015 0.4445581 0.3407626 0.9132199 0.3070134 -0.2679037 0.9274424 0.3071904 0.2132714 0.911088 0.3010883 -0.2815395 0.9170892 0.2952666 0.2678902 0.92314 0.2718571 -0.2718571 0.9051709 0.2834767 0.3167122 0.9718419 -0.02150983 -0.2346501 0.9115533 0.1877871 0.3657961 0.9767675 0.06068047 0.2055316 0.935358 -0.3209175 -0.1487196 0.9831254 0.06658587 0.1703844 0.9000162 -0.3854428 -0.2034815 0.5342268 0.8042786 -0.2602648 0.5285148 0.8260481 0.1957463 0.8122366 0.009784097 0.5832461 0.808771 0.02741516 -0.5874843 0.3304492 -0.8701193 0.3656442 0.3034139 -0.8789241 -0.3680118 -0.2033902 -0.9113449 0.3578867 0.8122365 0.009784098 0.5832461 0.5285148 0.8260481 0.1957463 -0.07046017 0.9825324 0.1722366 -0.6130274 0.4543838 0.6463225 0.07438664 0.5892161 0.8045439 -0.2076387 -0.9324145 -0.2957864 0.8087711 0.02741516 -0.5874844 -0.4443768 -0.8202349 0.3602 0.5128697 0.7536442 0.4110784 -0.07831302 0.9573798 -0.2780123 0.5342268 0.8042786 -0.2602648 -0.8003516 0.05674957 -0.596839 -0.620912 0.4681319 -0.6287455 0.1076222 0.6105097 -0.7846626 -0.452106 -0.8415824 -0.295532 0.4828762 0.7252926 -0.4906949 -0.5948394 -0.7592022 -0.2641559 -0.5716205 -0.7419319 0.3504098 -0.009781115 0.0254303 -0.9996288 0.8334298 0.5047532 -0.2249868 0.8569465 0.2367348 -0.4578204 -0.7921873 -0.5633339 -0.2347216 -0.009781128 0.02542884 -0.9996287 0.6378441 0.6104513 -0.4695787 0.129159 0.8669272 -0.4814097 0.3149986 0.3013029 -0.8999958 0.6242611 0.6849266 -0.3757309 0.9027719 -0.1194552 -0.4131988 0.7949634 0.4405587 -0.4170626 -0.8679185 -0.4310207 -0.2468572 -0.9020888 -0.3541824 -0.2465574 0.9132199 0.3070134 -0.2679037 -0.7666293 -0.5573692 0.3187777 -0.8406677 -0.4320648 0.3264931 -0.9070083 -0.2958074 -0.2997234 0.911088 0.3010883 -0.2815395 0.009779626 -0.02934037 0.9995216 0.8648247 0.4813284 0.1428336 0.887834 0.2327146 0.396982 0.009779627 -0.02934037 0.9995217 0.6676403 0.6206509 0.4111557 0.1507582 0.8810502 0.4483556 0.371806 0.2817897 0.8845083 0.9259594 -0.1194149 0.3582447 0.6570196 0.6902625 0.3030892 0.8284015 0.4445581 0.3407626 -0.87854 -0.35024 0.3248067 0.9274424 0.3071904 0.2132714 -0.8905171 -0.2994477 0.3425061 0.9170892 0.2952666 0.2678902 -0.9121975 -0.2936271 -0.285795 -0.9064822 -0.299549 0.297591 0.9051709 0.2834767 0.3167122 -0.9223134 -0.2800241 -0.2663166 0.92314 0.2718571 -0.2718571 0.9718419 -0.02150983 -0.2346501 -0.919005 -0.2698361 0.2874344 0.9115533 0.1877871 0.3657961 -0.9729137 -0.1644356 -0.1624806 0.935358 -0.3209175 -0.1487196 -0.9497222 0.08420195 0.3015591 0.9767675 0.06068047 0.2055316 -0.975747 -0.07039466 -0.2072739 0.9000162 -0.3854428 -0.2034815 -0.8781008 0.4243832 0.220993 0.9831254 0.06658587 0.1703844 -0.9739279 0 -0.2268582 -0.8824978 0.448099 0.1428456 0.9831254 0.06658587 0.1703844 0.9000162 -0.3854428 -0.2034815 -0.5342268 0.8042786 -0.2602648 -0.5285148 0.8260481 0.1957463 0.07046018 0.9825324 0.1722367 0.07831302 0.9573798 -0.2780123 0.6130274 0.4543837 0.6463225 0.620912 0.4681319 -0.6287455 0.9979438 0.06261466 0.01369714 0.8003516 0.05674957 -0.596839 -0.07438664 0.5892161 0.804544 -0.1076222 0.6105098 -0.7846626 -0.5128697 0.7536442 0.4110784 -0.4828762 0.7252926 -0.4906949 -0.8334298 0.5047532 -0.2249868 -0.8648247 0.4813283 0.1428336 -0.8569465 0.2367348 -0.4578204 -0.887834 0.2327146 0.396982 -0.637844 0.6104513 -0.4695787 -0.6676403 0.6206509 0.4111557 -0.129159 0.8669272 -0.4814097 -0.1507582 0.8810502 0.4483556 -0.371806 0.2817897 0.8845084 -0.3149986 0.3013029 -0.8999958 -0.9027719 -0.1194552 -0.4131988 -0.9259595 -0.1194149 0.3582447 -0.6242611 0.6849267 -0.3757309 -0.6570196 0.6902625 0.3030892 -0.7949634 0.4405587 -0.4170626 -0.8284015 0.4445581 0.3407626 -0.9132199 0.3070134 -0.2679037 -0.9274424 0.3071904 0.2132714 -0.911088 0.3010883 -0.2815395 -0.9170892 0.2952666 0.2678902 -0.92314 0.2718571 -0.2718571 -0.9051709 0.2834767 0.3167122 -0.9718419 -0.02150983 -0.2346501 -0.9115533 0.1877871 0.3657961 -0.9767675 0.06068047 0.2055316 -0.935358 -0.3209175 -0.1487196 -0.9831254 0.06658587 0.1703844 -0.9000162 -0.3854428 -0.2034815 -0.8122366 0.009784097 0.5832461 -0.5285148 0.8260481 0.1957463 -0.5342268 0.8042786 -0.2602648 -0.808771 0.02741516 -0.5874843 -0.3304492 -0.8701193 0.3656442 -0.3034139 -0.8789241 -0.3680118 0.2033902 -0.9113449 0.3578867 -0.8122365 0.009784098 0.5832461 0.07046017 0.9825324 0.1722366 -0.5285148 0.8260481 0.1957463 0.6130274 0.4543838 0.6463225 -0.07438664 0.5892161 0.8045439 0.2076387 -0.9324145 -0.2957864 0.4443768 -0.8202349 0.3602 -0.5128697 0.7536442 0.4110784 -0.8087711 0.02741516 -0.5874844 0.07831302 0.9573798 -0.2780123 -0.5342268 0.8042786 -0.2602648 0.620912 0.4681319 -0.6287455 0.8003516 0.05674957 -0.596839 -0.1076222 0.6105097 -0.7846626 0.452106 -0.8415824 -0.295532 -0.4828762 0.7252926 -0.4906949 0.5948394 -0.7592022 -0.2641559 0.5716205 -0.7419319 0.3504098 0.009781115 0.0254303 -0.9996288 -0.8334298 0.5047532 -0.2249868 -0.8569465 0.2367348 -0.4578204 0.7921873 -0.5633339 -0.2347216 0.009781128 0.02542884 -0.9996287 -0.6378441 0.6104513 -0.4695787 -0.129159 0.8669272 -0.4814097 -0.3149986 0.3013029 -0.8999958 -0.9027719 -0.1194552 -0.4131988 -0.6242611 0.6849266 -0.3757309 -0.7949634 0.4405587 -0.4170626 0.8679185 -0.4310207 -0.2468572 0.9020888 -0.3541824 -0.2465574 -0.9132199 0.3070134 -0.2679037 0.7666293 -0.5573692 0.3187777 0.8406677 -0.4320648 0.3264931 0.9070083 -0.2958074 -0.2997234 -0.911088 0.3010883 -0.2815395 0.87854 -0.35024 0.3248067 -0.009779626 -0.02934037 0.9995216 -0.8648247 0.4813284 0.1428336 -0.887834 0.2327146 0.396982 -0.009779627 -0.02934037 0.9995217 -0.6676403 0.6206509 0.4111557 -0.1507582 0.8810502 0.4483556 -0.371806 0.2817897 0.8845083 -0.6570196 0.6902625 0.3030892 -0.9259594 -0.1194149 0.3582447 -0.8284015 0.4445581 0.3407626 -0.9274424 0.3071904 0.2132714 0.8905171 -0.2994477 0.3425061 -0.9170892 0.2952666 0.2678902 0.9121975 -0.2936271 -0.285795 0.9064822 -0.299549 0.297591 -0.9051709 0.2834767 0.3167122 0.9223134 -0.2800241 -0.2663166 -0.92314 0.2718571 -0.2718571 -0.9718419 -0.02150983 -0.2346501 0.919005 -0.2698361 0.2874344 -0.9115533 0.1877871 0.3657961 0.9729137 -0.1644356 -0.1624806 -0.935358 -0.3209175 -0.1487196 0.9497222 0.08420195 0.3015591 -0.9767675 0.06068047 0.2055316 0.975747 -0.07039466 -0.2072739 -0.9000162 -0.3854428 -0.2034815 0.8781008 0.4243832 0.220993 -0.9831254 0.06658587 0.1703844 0.9739279 0 -0.2268582 0.8824978 0.448099 0.1428456 -0.9831254 0.06658587 0.1703844 -0.9000162 -0.3854428 -0.2034815 0.8142878 0.2681674 -0.5148026 0.928041 0.2584412 -0.2682312 0.3677266 0.9251823 -0.0938878 0.3128958 0.934779 -0.1681803 0.6357435 0.2836378 -0.7178996 -0.9177433 0.285694 0.2759099 0.236947 0.947785 -0.2134478 0.4074681 0.3016832 -0.8619494 -0.801885 0.2757728 0.5300283 -0.7772402 -0.407219 0.4796565 -0.883913 -0.3950208 0.2503127 -0.6201053 0.2621291 0.7394308 0.02153369 -0.9983701 -0.05285448 0.01760573 -0.9996134 -0.02151877 0.9280411 0.2584412 -0.2682313 0.8142878 0.2681674 -0.5148026 0.02346488 -0.9953089 -0.0938595 0.6357435 0.2836378 -0.7178996 -0.6085081 -0.4265426 0.6691632 0.007821629 -0.9894444 -0.1447024 0.4074682 0.3016832 -0.8619496 -0.3970554 -0.4498679 0.7999787 -0.02934865 -0.9802335 -0.1956557 0.148802 0.3250148 -0.933929 -0.3854535 0.2426181 0.8902595 -0.09007636 -0.9673392 -0.2369412 -0.1192584 0.3460465 -0.930607 -0.156502 -0.4773335 0.8646733 -0.1701705 -0.9525628 -0.2523214 -0.3738278 0.3679575 -0.8513871 0.09003361 -0.5069288 0.8572731 -0.2581277 -0.9366872 -0.2366164 -0.595251 0.3857351 -0.7049006 0.322999 -0.5344152 0.7810711 -0.1194582 0.2232493 0.9674138 0.1584871 0.201532 0.9665748 -0.3382739 -0.9229234 -0.1838027 -0.7662186 0.4007013 -0.5023421 0.5228708 -0.5581225 0.6442869 -0.3933684 -0.9139472 -0.0998094 -0.874212 0.4087465 -0.2620683 0.6766168 -0.5768837 0.4575969 0.4247996 0.1820565 0.8867924 0.6559489 0.1664312 0.7362281 0.772778 -0.5888761 0.2367258 -0.414834 -0.9098972 0 -0.9109683 0.4124764 0 -0.874211 0.408749 0.262068 0.83676 0.1524955 0.5259066 -0.3933684 -0.9139472 0.0998094 -0.7662186 0.4007013 0.5023421 0.8055965 -0.5924647 0 -0.3382739 -0.9229234 0.1838027 -0.5952495 0.3857361 0.7049012 0.7727791 -0.5888752 -0.2367246 0.6766168 -0.5768837 -0.4575969 -0.258127 -0.9366876 0.2366157 -0.3738276 0.3679558 0.8513881 0.5228708 -0.5581225 -0.6442869 -0.1701705 -0.9525628 0.2523214 -0.1192584 0.3460465 0.930607 0.3229991 -0.5344169 -0.7810699 -0.09007639 -0.9673395 0.2369398 0.1488023 0.3250139 0.9339293 0.09003355 -0.506927 -0.8572742 -0.02934856 -0.9802336 0.1956551 0.4074675 0.3016842 0.8619496 -0.1565023 -0.477333 -0.8646735 0.00782162 -0.9894446 0.1447007 0.6357435 0.2836378 0.7178996 -0.3970561 -0.4498672 -0.7999787 0.02346488 -0.9953089 0.0938595 0.8142878 0.2681674 0.5148026 -0.6085081 -0.4265426 -0.6691632 0.02153369 -0.9983701 0.05285448 0.9280411 0.2584412 0.2682313 -0.7772402 -0.407219 -0.4796565 0.01760573 -0.9996135 0.02151878 0.9665909 0.2563239 0 -0.8839127 -0.3950222 -0.2503111 0.928041 0.2584412 -0.2682312 0.01760573 -0.9996134 -0.02151877 0.01369714 -0.9999062 0 -0.9201548 -0.3915551 0 -0.883913 -0.3950208 0.2503127 -0.9576644 0.2878873 0 -0.9177433 0.285694 0.2759099 0.3677266 0.9251823 -0.0938878 -0.9177432 0.285694 -0.2759099 0.3875313 0.9218567 0 0.9280411 0.2584412 -0.2682313 0.9665909 0.2563239 0 0.9280411 0.2584412 0.2682313 0.3677266 0.9251823 0.0938878 0.8142878 0.2681674 0.5148026 0.3128962 0.9347785 0.168182 0.6357435 0.2836378 0.7178996 -0.8018865 0.2757713 -0.5300267 0.2369463 0.9477853 0.2134472 0.4074675 0.3016842 0.8619495 -0.6201057 0.2621263 -0.7394313 0.1546128 0.9629046 0.2211553 -0.3854526 0.242622 -0.8902589 0.08221626 0.9768066 0.1977098 0.1488023 0.3250139 0.9339293 -0.1194582 0.2232493 -0.9674138 0.03129688 0.9877971 0.1525699 -0.1192584 0.3460465 0.930607 0.1584873 0.2015338 -0.9665743 0.007834282 0.9949679 0.09988838 -0.3738276 0.3679558 0.8513881 0.4247996 0.1820565 -0.8867924 0.007831294 0.9984657 0.05481831 -0.5952495 0.3857361 0.7049012 0.6559485 0.1664341 -0.7362278 0.01956115 0.9995772 0.02151731 -0.7662186 0.4007013 0.5023421 0.83676 0.1524955 -0.5259066 0.03520251 0.9993629 0.005866588 -0.874211 0.408749 0.262068 0.9508013 0.1447722 -0.2738938 0.03910879 0.999235 0 -0.9109683 0.4124764 0 -0.874212 0.4087465 -0.2620683 0.9897532 0.1427889 0 0.950802 0.1447708 0.2738924 0.03324896 0.9994299 -0.005868078 -0.7662186 0.4007013 -0.5023421 0.01956115 0.9995772 -0.02151731 -0.595251 0.3857351 -0.7049006 0.007831294 0.9984657 -0.05481831 -0.3738278 0.3679575 -0.8513871 0.007834304 0.9949678 -0.09988868 -0.1192584 0.3460465 -0.930607 0.03129688 0.9877971 -0.1525699 0.148802 0.3250148 -0.933929 0.08221613 0.9768065 -0.1977109 0.1545459 0.9624867 -0.2230137 -0.3677266 0.9251823 -0.0938878 -0.928041 0.2584412 -0.2682312 -0.8142878 0.2681674 -0.5148026 -0.3128958 0.934779 -0.1681803 -0.6357435 0.2836378 -0.7178996 0.9177433 0.285694 0.2759099 -0.236947 0.947785 -0.2134478 -0.4074681 0.3016832 -0.8619494 0.801885 0.2757728 0.5300283 0.7772402 -0.407219 0.4796565 0.883913 -0.3950208 0.2503127 0.6201053 0.2621291 0.7394308 -0.02153369 -0.9983701 -0.05285448 -0.01760573 -0.9996134 -0.02151877 -0.9280411 0.2584412 -0.2682313 -0.8142878 0.2681674 -0.5148026 -0.02346488 -0.9953089 -0.0938595 -0.6357435 0.2836378 -0.7178996 0.6085081 -0.4265426 0.6691632 -0.007821629 -0.9894444 -0.1447024 -0.4074682 0.3016832 -0.8619496 0.3970554 -0.4498679 0.7999787 0.02934865 -0.9802335 -0.1956557 -0.148802 0.3250148 -0.933929 0.3854535 0.2426181 0.8902595 0.09007636 -0.9673392 -0.2369412 0.1192584 0.3460465 -0.930607 0.156502 -0.4773335 0.8646733 0.1701705 -0.9525628 -0.2523214 0.3738278 0.3679575 -0.8513871 -0.09003361 -0.5069288 0.8572731 0.2581277 -0.9366872 -0.2366164 0.595251 0.3857351 -0.7049006 -0.322999 -0.5344152 0.7810711 0.1194582 0.2232493 0.9674138 -0.1584871 0.201532 0.9665748 0.3382739 -0.9229234 -0.1838027 0.7662186 0.4007013 -0.5023421 -0.5228708 -0.5581225 0.6442869 0.3933684 -0.9139472 -0.0998094 0.874212 0.4087465 -0.2620683 -0.6766168 -0.5768837 0.4575969 -0.4247996 0.1820565 0.8867924 -0.6559489 0.1664312 0.7362281 -0.772778 -0.5888761 0.2367258 0.414834 -0.9098972 0 0.9109683 0.4124764 0 0.874211 0.408749 0.262068 -0.83676 0.1524955 0.5259066 0.3933684 -0.9139472 0.0998094 0.7662186 0.4007013 0.5023421 -0.8055965 -0.5924647 0 0.3382739 -0.9229234 0.1838027 0.5952495 0.3857361 0.7049012 -0.7727791 -0.5888752 -0.2367246 -0.6766168 -0.5768837 -0.4575969 0.258127 -0.9366876 0.2366157 0.3738276 0.3679558 0.8513881 -0.5228708 -0.5581225 -0.6442869 0.1701705 -0.9525628 0.2523214 0.1192584 0.3460465 0.930607 -0.3229991 -0.5344169 -0.7810699 0.09007639 -0.9673395 0.2369398 -0.1488023 0.3250139 0.9339293 -0.09003355 -0.506927 -0.8572742 0.02934856 -0.9802336 0.1956551 -0.4074675 0.3016842 0.8619496 0.1565023 -0.477333 -0.8646735 -0.00782162 -0.9894446 0.1447007 -0.6357435 0.2836378 0.7178996 0.3970561 -0.4498672 -0.7999787 -0.02346488 -0.9953089 0.0938595 -0.8142878 0.2681674 0.5148026 0.6085081 -0.4265426 -0.6691632 -0.02153369 -0.9983701 0.05285448 -0.9280411 0.2584412 0.2682313 0.7772402 -0.407219 -0.4796565 -0.01760573 -0.9996135 0.02151878 -0.9665909 0.2563239 0 0.8839127 -0.3950222 -0.2503111 -0.928041 0.2584412 -0.2682312 -0.01760573 -0.9996134 -0.02151877 -0.01369714 -0.9999062 0 0.9201548 -0.3915551 0 0.883913 -0.3950208 0.2503127 0.9576644 0.2878873 0 0.9177433 0.285694 0.2759099 -0.3677266 0.9251823 -0.0938878 0.9177432 0.285694 -0.2759099 -0.3875313 0.9218567 0 -0.9280411 0.2584412 -0.2682313 -0.9665909 0.2563239 0 -0.9280411 0.2584412 0.2682313 -0.3677266 0.9251823 0.0938878 -0.8142878 0.2681674 0.5148026 -0.3128962 0.9347785 0.168182 -0.6357435 0.2836378 0.7178996 0.8018865 0.2757713 -0.5300267 -0.2369463 0.9477853 0.2134472 -0.4074675 0.3016842 0.8619495 0.6201057 0.2621263 -0.7394313 -0.1546128 0.9629046 0.2211553 0.3854526 0.242622 -0.8902589 -0.08221626 0.9768066 0.1977098 -0.1488023 0.3250139 0.9339293 0.1194582 0.2232493 -0.9674138 -0.03129688 0.9877971 0.1525699 0.1192584 0.3460465 0.930607 -0.1584873 0.2015338 -0.9665743 -0.007834282 0.9949679 0.09988838 0.3738276 0.3679558 0.8513881 -0.4247996 0.1820565 -0.8867924 -0.007831294 0.9984657 0.05481831 0.5952495 0.3857361 0.7049012 -0.6559485 0.1664341 -0.7362278 -0.01956115 0.9995772 0.02151731 0.7662186 0.4007013 0.5023421 -0.83676 0.1524955 -0.5259066 -0.03520251 0.9993629 0.005866588 0.874211 0.408749 0.262068 -0.9508013 0.1447722 -0.2738938 -0.03910879 0.999235 0 0.9109683 0.4124764 0 0.874212 0.4087465 -0.2620683 -0.9897532 0.1427889 0 -0.950802 0.1447708 0.2738924 -0.03324896 0.9994299 -0.005868078 0.7662186 0.4007013 -0.5023421 -0.01956115 0.9995772 -0.02151731 0.595251 0.3857351 -0.7049006 -0.007831294 0.9984657 -0.05481831 0.3738278 0.3679575 -0.8513871 -0.007834304 0.9949678 -0.09988868 0.1192584 0.3460465 -0.930607 -0.03129688 0.9877971 -0.1525699 -0.148802 0.3250148 -0.933929 -0.08221613 0.9768065 -0.1977109 -0.1545459 0.9624867 -0.2230137 -0.76472 -0.6415039 0.06062984 -0.4855464 -0.6872045 -0.5403654 -0.7281759 -0.6851108 -0.01957417 -0.4501253 -0.7241145 -0.5225375 0.3266349 -0.9446952 -0.02933895 0.2329033 -0.8415818 0.4873358 -0.1329664 -0.2678887 0.9542304 0.3031831 0.8058793 -0.5085651 0.8220686 0.5558758 -0.1233101 0.403442 0.5855795 0.703087 0.1526386 -0.3072351 -0.9393126 -0.7166339 0.1488075 -0.6813899 -0.977708 0.2092302 -0.01759827 -0.04304385 0.7923988 0.6084828 -0.7647201 -0.641504 0.06062985 -0.7281759 -0.6851108 -0.01957417 0.2329033 -0.8415818 0.4873358 -0.1329665 -0.2678887 0.9542304 -0.1702045 0.9801435 0.1017317 0.06065977 0.9255473 -0.3737413 0.734428 0.2604768 0.6267117 0.8662099 0.2405048 0.4379929 0.7236117 -0.6532068 0.222951 0.5673663 -0.5986702 0.5654109 0.7141094 -0.6984576 -0.04695504 0.9122239 0.3817246 0.1487747 -0.977708 0.2092302 -0.01759827 -0.9790682 0.1997292 0.03916324 -0.6551971 -0.6415044 -0.3989848 0.8475317 -0.4521474 -0.2779439 -0.8194518 -0.573028 0.01173468 -0.8375357 -0.5440085 0.05087852 -0.9790682 0.1997292 0.03916323 0.9714177 -0.2330631 -0.04504621 -0.9269449 0.3344058 0.1701354 0.980857 -0.1918644 -0.03328323 0.8363649 0.5464768 -0.04309122 -0.9269449 0.3344058 0.1701354 -0.8966798 -0.4424674 0.01370459 -0.80625 0.438349 0.3972546 0.7212509 0.6880225 0.08013845 -0.8062501 0.438349 0.3972546 0.9923604 -0.09199382 -0.08220673 0.6167255 0.7009134 0.358288 -0.9420531 -0.2996549 -0.1508072 -0.7955245 0.0840485 0.6000637 0.9787737 0.08613168 -0.1859665 -0.9343716 -0.1214475 -0.3349633 -0.7990212 -0.009790065 0.6012232 -0.7061172 0.338385 0.6220082 0.7972072 0.3662852 0.4798915 -0.7955246 0.08404851 0.6000638 -0.7990212 -0.009790064 0.6012232 0.9593617 -0.01174658 -0.2819344 0.9513168 0.02348721 0.3073185 -0.7061172 0.338385 0.6220081 -0.7832004 0.2702028 -0.5599888 0.8771906 -0.4366345 0.1997176 -0.3407126 0.8165356 0.4660306 0.8434944 -0.4364252 -0.31313 -0.5600339 0.6050709 -0.5659076 -0.3407126 0.8165356 0.4660306 0.4697369 -0.8024665 -0.3679604 0.6028603 -0.757489 0.2505393 -0.07244235 0.8869289 0.45619 -0.3953536 0.7143777 -0.5773734 -0.07244235 0.8869289 0.45619 0.1565384 -0.8981349 -0.4109129 0.3855686 -0.8435581 0.3738272 -0.174193 0.8807528 -0.4403764 0.0273781 0.8937006 0.4478278 0.02348367 -0.9295644 -0.3679112 0.2073954 -0.8765394 0.4343567 0.0273781 0.8937006 0.4478278 -0.1251919 -0.02738834 -0.9917545 0.1449455 0.06659627 0.987196 0.005870703 0.9373545 0.3483277 0 0.9583624 0.2855549 0.03326911 -0.9785035 -0.2035292 0.08606869 -0.9663121 0.2425555 0 0.03716047 0.9993093 0 -0.9490742 0.3150527 -0.1449455 0.06659627 0.987196 -0.005870703 0.9373545 0.3483277 -0.0273781 0.8937006 0.4478278 0 -0.9710566 -0.2388497 -0.08606869 -0.9663121 0.2425555 -0.2073954 -0.8765394 0.4343567 0.07244235 0.8869289 0.45619 -0.03326911 -0.9785035 -0.2035292 0 -0.03325044 -0.9994471 -0.02348367 -0.9295644 -0.3679112 -0.09584636 0.9389012 -0.3305723 0.005870703 0.9373544 0.3483277 0 0.956579 -0.2914732 0 0.9583624 0.2855549 -0.005870703 0.9373544 0.3483277 0.09584636 0.9389012 -0.3305723 -0.0273781 0.8937006 0.4478278 0.1251919 -0.02738834 -0.9917545 0.174193 0.8807528 -0.4403764 0.07244235 0.8869289 0.45619 0.3953536 0.7143777 -0.5773734 0.3407126 0.8165356 0.4660306 -0.1565384 -0.8981349 -0.4109129 0.5600339 0.6050709 -0.5659076 0.7061172 0.338385 0.6220082 -0.4697369 -0.8024665 -0.3679604 -0.3855686 -0.8435581 0.3738272 -0.6028603 -0.757489 0.2505393 0.3407126 0.8165356 0.4660306 -0.8771906 -0.4366345 0.1997176 0.7061172 0.338385 0.6220081 -0.8434944 -0.4364252 -0.31313 0.7832004 0.2702028 -0.5599888 -0.9593617 -0.01174658 -0.2819344 -0.9513168 0.02348721 0.3073185 0.7990212 -0.009790064 0.6012232 0.9343716 -0.1214475 -0.3349633 0.7990212 -0.009790065 0.6012232 0.7955245 0.0840485 0.6000637 -0.7972072 0.3662852 0.4798915 0.7955246 0.08404851 0.6000638 0.8062501 0.438349 0.3972546 -0.9787737 0.08613168 -0.1859665 0.9420531 -0.2996549 -0.1508072 0.80625 0.438349 0.3972546 -0.6167255 0.7009134 0.358288 0.8966798 -0.4424674 0.01370459 0.9269449 0.3344058 0.1701354 -0.9923604 -0.09199382 -0.08220673 -0.7212509 0.6880225 0.08013845 0.9269449 0.3344058 0.1701354 -0.980857 -0.1918644 -0.03328323 -0.8363649 0.5464768 -0.04309122 0.9790682 0.1997292 0.03916324 0.8375357 -0.5440085 0.05087852 0.9790682 0.1997292 0.03916323 0.977708 0.2092302 -0.01759827 -0.9122239 0.3817246 0.1487747 0.977708 0.2092302 -0.01759827 -0.9714177 -0.2330631 -0.04504621 0.1329665 -0.2678887 0.9542304 0.8194518 -0.573028 0.01173468 -0.8475317 -0.4521474 -0.2779439 0.6551971 -0.6415044 -0.3989848 0.7166339 0.1488075 -0.6813899 -0.7141094 -0.6984576 -0.04695504 0.1329664 -0.2678887 0.9542304 -0.5673663 -0.5986702 0.5654109 -0.7236117 -0.6532068 0.222951 -0.1526386 -0.3072351 -0.9393126 -0.734428 0.2604768 0.6267117 -0.8662099 0.2405048 0.4379929 -0.06065977 0.9255473 -0.3737413 -0.3266349 -0.9446952 -0.02933895 -0.2329033 -0.8415818 0.4873358 0.7281759 -0.6851108 -0.01957417 0.1702045 0.9801435 0.1017317 -0.3031831 0.8058793 -0.5085651 0.04304385 0.7923988 0.6084828 -0.2329033 -0.8415818 0.4873358 0.7281759 -0.6851108 -0.01957417 0.7647201 -0.641504 0.06062985 -0.403442 0.5855795 0.703087 -0.8220686 0.5558758 -0.1233101 0.4855464 -0.6872045 -0.5403654 0.76472 -0.6415039 0.06062984 0.4501253 -0.7241145 -0.5225375</float_array>
          <technique_common>
            <accessor source="#geom-Hed_EYE029__M_EYE029metal-normals-array" count="682" stride="3">
              <param name="X" type="float"/>
              <param name="Y" type="float"/>
              <param name="Z" type="float"/>
            </accessor>
          </technique_common>
        </source>
        <source id="geom-Hed_EYE029__M_EYE029metal-map-2">
          <float_array id="geom-Hed_EYE029__M_EYE029metal-map-2-array" count="4536">1 1 1 1 1 1 1 1 1 1 1 1 1 1 1 1 1 1 1 1 1 1 1 1 1 1 1 1 1 1 1 1 1 1 1 1 1 1 1 1 1 1 1 1 1 1 1 1 1 1 1 1 1 1 1 1 1 1 1 1 1 1 1 1 1 1 1 1 1 1 1 1 1 1 1 1 1 1 1 1 1 1 1 1 1 1 1 1 1 1 1 1 1 1 1 1 1 1 1 1 1 1 1 1 1 1 1 1 1 1 1 1 1 1 1 1 1 1 1 1 1 1 1 1 1 1 1 1 1 1 1 1 1 1 1 1 1 1 1 1 1 1 1 1 1 1 1 1 1 1 1 1 1 1 1 1 1 1 1 1 1 1 1 1 1 1 1 1 1 1 1 1 1 1 1 1 1 1 1 1 1 1 1 1 1 1 1 1 1 1 1 1 1 1 1 1 1 1 1 1 1 1 1 1 1 1 1 1 1 1 1 1 1 1 1 1 1 1 1 1 1 1 1 1 1 1 1 1 1 1 1 1 1 1 1 1 1 1 1 1 1 1 1 1 1 1 1 1 1 1 1 1 1 1 1 1 1 1 1 1 1 1 1 1 1 1 1 1 1 1 1 1 1 1 1 1 1 1 1 1 1 1 1 1 1 1 1 1 1 1 1 1 1 1 1 1 1 1 1 1 1 1 1 1 1 1 1 1 1 1 1 1 1 1 1 1 1 1 1 1 1 1 1 1 1 1 1 1 1 1 1 1 1 1 1 1 1 1 1 1 1 1 1 1 1 1 1 1 1 1 1 1 1 1 1 1 1 1 1 1 1 1 1 1 1 1 1 1 1 1 1 1 1 1 1 1 1 1 1 1 1 1 1 1 1 1 1 1 1 1 1 1 1 1 1 1 1 1 1 1 1 1 1 1 1 1 1 1 1 1 1 1 1 1 1 1 1 1 1 1 1 1 1 1 1 1 1 1 1 1 1 1 1 1 1 1 1 1 1 1 1 1 1 1 1 1 1 1 1 1 1 1 1 1 1 1 1 1 1 1 1 1 1 1 1 1 1 1 1 1 1 1 1 1 1 1 1 1 1 1 1 1 1 1 1 1 1 1 1 1 1 1 1 1 1 1 1 1 1 1 1 1 1 1 1 1 1 1 1 1 1 1 1 1 1 1 1 1 1 1 1 1 1 1 1 1 1 1 1 1 1 1 1 1 1 1 1 1 1 1 1 1 1 1 1 1 1 1 1 1 1 1 1 1 1 1 1 1 1 1 1 1 1 1 1 1 1 1 1 1 1 1 1 1 1 1 1 1 1 1 1 1 1 1 1 1 1 1 1 1 1 1 1 1 1 1 1 1 1 1 1 1 1 1 1 1 1 1 1 1 1 1 1 1 1 1 1 1 1 1 1 1 1 1 1 1 1 1 1 1 1 1 1 1 1 1 1 1 1 1 1 1 1 1 1 1 1 1 1 1 1 1 1 1 1 1 1 1 1 1 1 1 1 1 1 1 1 1 1 1 1 1 1 1 1 1 1 1 1 1 1 1 1 1 1 1 1 1 1 1 1 1 1 1 1 1 1 1 1 1 1 1 1 1 1 1 1 1 1 1 1 1 1 1 1 1 1 1 1 1 1 1 1 1 1 1 1 1 1 1 1 1 1 1 1 1 1 1 1 1 1 1 1 1 1 1 1 1 1 1 1 1 1 1 1 1 1 1 1 1 1 1 1 1 1 1 1 1 1 1 1 1 1 1 1 1 1 1 1 1 1 1 1 1 1 1 1 1 1 1 1 1 1 1 1 1 1 1 1 1 1 1 1 1 1 1 1 1 1 1 1 1 1 1 1 1 1 1 1 1 1 1 1 1 1 1 1 1 1 1 1 1 1 1 1 1 1 1 1 1 1 1 1 1 1 1 1 1 1 1 1 1 1 1 1 1 1 1 1 1 1 1 1 1 1 1 1 1 1 1 1 1 1 1 1 1 1 1 1 1 1 1 1 1 1 1 1 1 1 1 1 1 1 1 1 1 1 1 1 1 1 1 1 1 1 1 1 1 1 1 1 1 1 1 1 1 1 1 1 1 1 1 1 1 1 1 1 1 1 1 1 1 1 1 1 1 1 1 1 1 1 1 1 1 1 1 1 1 1 1 1 1 1 1 1 1 1 1 1 1 1 1 1 1 1 1 1 1 1 1 1 1 1 1 1 1 1 1 1 1 1 1 1 1 1 1 1 1 1 1 1 1 1 1 1 1 1 1 1 1 1 1 1 1 1 1 1 1 1 1 1 1 1 1 1 1 1 1 1 1 1 1 1 1 1 1 1 1 1 1 1 1 1 1 1 1 1 1 1 1 1 1 1 1 1 1 1 1 1 1 1 1 1 1 1 1 1 1 1 1 1 1 1 1 1 1 1 1 1 1 1 1 1 1 1 1 1 1 1 1 1 1 1 1 1 1 1 1 1 1 1 1 1 1 1 1 1 1 1 1 1 1 1 1 1 1 1 1 1 1 1 1 1 1 1 1 1 1 1 1 1 1 1 1 1 1 1 1 1 1 1 1 1 1 1 1 1 1 1 1 1 1 1 1 1 1 1 1 1 1 1 1 1 1 1 1 1 1 1 1 1 1 1 1 1 1 1 1 1 1 1 1 1 1 1 1 1 1 1 1 1 1 1 1 1 1 1 1 1 1 1 1 1 1 1 1 1 1 1 1 1 1 1 1 1 1 1 1 1 1 1 1 1 1 1 1 1 1 1 1 1 1 1 1 1 1 1 1 1 1 1 1 1 1 1 1 1 1 1 1 1 1 1 1 1 1 1 1 1 1 1 1 1 1 1 1 1 1 1 1 1 1 1 1 1 1 1 1 1 1 1 1 1 1 1 1 1 1 1 1 1 1 1 1 1 1 1 1 1 1 1 1 1 1 1 1 1 1 1 1 1 1 1 1 1 1 1 1 1 1 1 1 1 1 1 1 1 1 1 1 1 1 1 1 1 1 1 1 1 1 1 1 1 1 1 1 1 1 1 1 1 1 1 1 1 1 1 1 1 1 1 1 1 1 1 1 1 1 1 1 1 1 1 1 1 1 1 1 1 1 1 1 1 1 1 1 1 1 1 1 1 1 1 1 1 1 1 1 1 1 1 1 1 1 1 1 1 1 1 1 1 1 1 1 1 1 1 1 1 1 1 1 1 1 1 1 1 1 1 1 1 1 1 1 1 1 1 1 1 1 1 1 1 1 1 1 1 1 1 1 1 1 1 1 1 1 1 1 1 1 1 1 1 1 1 1 1 1 1 1 1 1 1 1 1 1 1 1 1 1 1 1 1 1 1 1 1 1 1 1 1 1 1 1 1 1 1 1 1 1 1 1 1 1 1 1 1 1 1 1 1 1 1 1 1 1 1 1 1 1 1 1 1 1 1 1 1 1 1 1 1 1 1 1 1 1 1 1 1 1 1 1 1 1 1 1 1 1 1 1 1 1 1 1 1 1 1 1 1 1 1 1 1 1 1 1 1 1 1 1 1 1 1 1 1 1 1 1 1 1 1 1 1 1 1 1 1 1 1 1 1 1 1 1 1 1 1 1 1 1 1 1 1 1 1 1 1 1 1 1 1 1 1 1 1 1 1 1 1 1 1 1 1 1 1 1 1 1 1 1 1 1 1 1 1 1 1 1 1 1 1 1 1 1 1 1 1 1 1 1 1 1 1 1 1 1 1 1 1 1 1 1 1 1 1 1 1 1 1 1 1 1 1 1 1 1 1 1 1 1 1 1 1 1 1 1 1 1 1 1 1 1 1 1 1 1 1 1 1 1 1 1 1 1 1 1 1 1 1 1 1 1 1 1 1 1 1 1 1 1 1 1 1 1 1 1 1 1 1 1 1 1 1 1 1 1 1 1 1 1 1 1 1 1 1 1 1 1 1 1 1 1 1 1 1 1 1 1 1 1 1 1 1 1 1 1 1 1 1 1 1 1 1 1 1 1 1 1 1 1 1 1 1 1 1 1 1 1 1 1 1 1 1 1 1 1 1 1 1 1 1 1 1 1 1 1 1 1 1 1 1 1 1 1 1 1 1 1 1 1 1 1 1 1 1 1 1 1 1 1 1 1 1 1 1 1 1 1 1 1 1 1 1 1 1 1 1 1 1 1 1 1 1 1 1 1 1 1 1 1 1 1 1 1 1 1 1 1 1 1 1 1 1 1 1 1 1 1 1 1 1 1 1 1 1 1 1 1 1 1 1 1 1 1 1 1 1 1 1 1 1 1 1 1 1 1 1 1 1 1 1 1 1 1 1 1 1 1 1 1 1 1 1 1 1 1 1 1 1 1 1 1 1 1 1 1 1 1 1 1 1 1 1 1 1 1 1 1 1 1 1 1 1 1 1 1 1 1 1 1 1 1 1 1 1 1 1 1 1 1 1 1 1 1 1 1 1 1 1 1 1 1 1 1 1 1 1 1 1 1 1 1 1 1 1 1 1 1 1 1 1 1 1 1 1 1 1 1 1 1 1 1 1 1 1 1 1 1 1 1 1 1 1 1 1 1 1 1 1 1 1 1 1 1 1 1 1 1 1 1 1 1 1 1 1 1 1 1 1 1 1 1 1 1 1 1 1 1 1 1 1 1 1 1 1 1 1 1 1 1 1 1 1 1 1 1 1 1 1 1 1 1 1 1 1 1 1 1 1 1 1 1 1 1 1 1 1 1 1 1 1 1 1 1 1 1 1 1 1 1 1 1 1 1 1 1 1 1 1 1 1 1 1 1 1 1 1 1 1 1 1 1 1 1 1 1 1 1 1 1 1 1 1 1 1 1 1 1 1 1 1 1 1 1 1 1 1 1 1 1 1 1 1 1 1 1 1 1 1 1 1 1 1 1 1 1 1 1 1 1 1 1 1 1 1 1 1 1 1 1 1 1 1 1 1 1 1 1 1 1 1 1 1 1 1 1 1 1 1 1 1 1 1 1 1 1 1 1 1 1 1 1 1 1 1 1 1 1 1 1 1 1 1 1 1 1 1 1 1 1 1 1 1 1 1 1 1 1 1 1 1 1 1 1 1 1 1 1 1 1 1 1 1 1 1 1 1 1 1 1 1 1 1 1 1 1 1 1 1 1 1 1 1 1 1 1 1 1 1 1 1 1 1 1 1 1 1 1 1 1 1 1 1 1 1 1 1 1 1 1 1 1 1 1 1 1 1 1 1 1 1 1 1 1 1 1 1 1 1 1 1 1 1 1 1 1 1 1 1 1 1 1 1 1 1 1 1 1 1 1 1 1 1 1 1 1 1 1 1 1 1 1 1 1 1 1 1 1 1 1 1 1 1 1 1 1 1 1 1 1 1 1 1 1 1 1 1 1 1 1 1 1 1 1 1 1 1 1 1 1 1 1 1 1 1 1 1 1 1 1 1 1 1 1 1 1 1 1 1 1 1 1 1 1 1 1 1 1 1 1 1 1 1 1 1 1 1 1 1 1 1 1 1 1 1 1 1 1 1 1 1 1 1 1 1 1 1 1 1 1 1 1 1 1 1 1 1 1 1 1 1 1 1 1 1 1 1 1 1 1 1 1 1 1 1 1 1 1 1 1 1 1 1 1 1 1 1 1 1 1 1 1 1 1 1 1 1 1 1 1 1 1 1 1 1 1 1 1 1 1 1 1 1 1 1 1 1 1 1 1 1 1 1 1 1 1 1 1 1 1 1 1 1 1 1 1 1 1 1 1 1 1 1 1 1 1 1 1 1 1 1 1 1 1 1 1 1 1 1 1 1 1 1 1 1 1 1 1 1 1 1 1 1 1 1 1 1 1 1 1 1 1 1 1 1 1 1 1 1 1 1 1 1 1 1 1 1 1 1 1 1 1 1 1 1 1 1 1 1 1 1 1 1 1 1 1 1 1 1 1 1 1 1 1 1 1 1 1 1 1 1 1 1 1 1 1 1 1 1 1 1 1 1 1 1 1 1 1 1 1 1 1 1 1 1 1 1 1 1 1 1 1 1 1 1 1 1 1 1 1 1 1 1 1 1 1 1 1 1 1 1 1 1 1 1 1 1 1 1 1 1 1 1 1 1 1 1 1 1 1 1 1 1 1 1 1 1 1 1 1 1 1 1 1 1 1 1 1 1 1 1 1 1 1 1 1 1 1 1 1 1 1 1 1 1 1 1 1 1 1 1 1 1 1 1 1 1 1 1 1 1 1 1 1 1 1 1 1 1 1 1 1 1 1 1 1 1 1 1 1 1 1 1 1 1 1 1 1 1 1 1 1 1 1 1 1 1 1 1 1 1 1 1 1 1 1 1 1 1 1 1 1 1 1 1 1 1 1 1 1 1 1 1 1 1 1 1 1 1 1 1 1 1 1 1 1 1 1 1 1 1 1 1 1 1 1 1 1 1 1 1 1 1 1 1 1 1 1 1 1 1 1 1 1 1 1 1 1 1 1 1 1 1 1 1 1 1 1 1 1 1 1 1 1 1 1 1 1 1 1 1 1 1 1 1 1 1 1 1 1 1 1 1 1 1 1 1 1 1 1 1 1 1 1 1 1 1 1 1 1 1 1 1 1 1 1 1 1 1 1 1 1 1 1 1 1 1 1 1 1 1 1 1 1 1 1 1 1 1 1 1 1 1 1 1 1 1 1 1 1 1 1 1 1 1 1 1 1 1 1 1 1 1 1 1 1 1 1 1 1 1 1 1 1 1 1 1 1 1 1 1 1 1 1 1 1 1 1 1 1 1 1 1 1 1 1 1 1 1 1 1 1 1 1 1 1 1 1 1 1 1 1 1 1 1 1 1 1 1 1 1 1 1 1 1 1 1 1 1 1 1 1 1 1 1 1 1 1 1 1 1 1 1 1 1 1 1 1 1 1 1 1 1 1 1 1 1 1 1 1 1 1 1 1 1 1 1 1 1 1 1 1 1 1 1 1 1 1 1 1 1 1 1 1 1 1 1 1 1 1 1 1 1 1 1 1 1 1 1 1 1 1 1 1 1 1 1 1 1 1 1 1 1 1 1 1 1 1 1 1 1 1 1 1 1 1 1 1 1 1 1 1 1 1 1 1 1 1 1 1 1 1 1 1 1 1 1 1 1 1 1 1 1 1 1 1 1 1 1 1 1 1 1 1 1 1 1 1 1 1 1 1 1 1 1 1 1 1 1 1 1 1 1 1 1 1 1 1 1 1 1 1 1 1 1 1 1 1 1 1 1 1 1 1 1 1 1 1 1 1 1 1 1 1 1 1 1 1 1 1 1 1 1 1 1 1 1 1 1 1 1 1 1 1 1 1 1 1 1 1 1 1 1 1 1 1 1 1 1 1 1 1 1 1 1 1 1 1 1 1 1 1 1 1 1 1 1 1 1 1 1 1 1 1 1 1 1 1 1 1 1 1 1 1 1 1 1 1 1 1 1 1 1 1 1 1 1 1 1 1 1 1 1 1 1 1 1 1 1 1 1 1 1 1 1 1 1 1 1 1 1 1 1 1 1 1 1 1 1 1 1 1 1 1 1 1 1 1 1 1 1 1 1 1 1 1 1 1 1 1 1 1 1 1 1 1 1 1 1 1 1 1 1 1 1 1 1 1 1 1 1 1 1 1 1 1 1 1 1 1 1 1 1 1 1 1 1 1 1 1 1 1 1 1 1 1 1 1 1 1 1 1 1 1 1 1 1 1 1 1 1 1 1 1 1 1 1 1 1 1 1 1 1 1 1 1 1 1 1 1 1 1 1 1 1 1 1 1 1 1 1 1 1 1 1 1 1 1 1 1 1 1 1 1 1 1 1 1 1 1 1 1 1 1 1 1 1 1 1 1 1 1 1 1 1 1 1 1 1 1 1 1 1 1 1 1 1 1 1 1 1 1 1 1 1 1 1 1 1 1 1 1 1 1 1 1 1 1 1 1 1 1 1 1 1 1 1 1 1 1 1 1 1 1 1 1 1 1 1 1 1 1 1 1 1 1 1 1 1 1 1 1 1 1 1 1 1 1 1 1 1 1 1 1 1 1 1 1 1 1 1 1 1 1 1 1 1 1 1 1 1 1 1 1 1 1 1 1 1 1 1 1 1 1 1 1 1 1 1 1 1 1 1 1 1 1 1 1 1 1 1 1 1 1 1 1 1 1 1 1 1 1 1 1 1 1 1 1 1 1 1 1 1 1 1 1 1 1 1 1 1 1 1 1 1 1 1 1 1 1 1 1 1 1 1 1 1 1 1 1 1 1 1 1 1 1 1 1 1 1 1 1 1 1 1 1 1 1 1 1 1 1 1 1 1 1 1 1 1 1 1 1 1 1 1 1 1 1 1 1 1 1 1 1 1 1 1 1 1 1 1 1 1 1 1 1 1 1 1 1 1 1 1 1 1 1 1 1 1 1 1 1 1 1 1 1 1 1 1 1 1 1 1 1 1 1 1 1 1 1 1 1 1 1 1 1 1 1 1 1 1 1 1 1 1 1 1 1 1 1 1 1 1 1 1 1 1 1 1 1 1 1 1 1 1 1 1 1 1 1 1 1 1 1 1 1 1 1 1 1 1 1 1 1 1 1 1 1 1 1 1 1 1 1 1 1 1 1 1 1 1 1 1 1 1 1 1 1 1 1 1 1 1 1 1 1 1 1 1 1 1 1 1 1 1 1 1 1 1 1 1 1 1 1 1 1 1 1 1 1 1 1 1 1 1 1 1 1 1 1 1 1 1 1 1 1 1 1 1 1 1 1 1 1 1 1 1 1 1 1 1 1 1 1 1 1 1 1 1 1 1 1 1 1 1 1 1 1 1 1 1 1 1 1 1 1 1 1 1 1 1 1 1 1 1 1 1 1 1 1 1 1 1 1 1 1 1 1 1 1 1 1 1 1 1 1 1 1 1 1 1 1 1 1 1 1 1 1 1 1 1 1 1 1 1 1 1 1 1 1 1 1 1 1 1 1 1 1 1 1 1 1 1 1 1 1 1 1 1 1 1 1 1 1 1 1 1 1 1 1 1 1 1 1 1 1 1 1 1 1 1 1 1 1 1 1 1 1 1 1 1 1 1 1 1 1 1 1 1 1 1 1 1 1 1 1 1 1 1 1 1 1 1 1 1 1 1 1 1 1 1 1 1 1 1 1 1 1 1 1 1 1 1 1 1 1 1 1 1 1 1 1 1 1 1 1 1 1 1 1 1 1 1 1 1 1 1 1 1 1 1 1 1 1 1 1 1 1 1 1 1 1 1 1 1 1 1 1 1 1 1 1 1 1 1 1 1 1 1 1 1 1 1 1 1 1 1 1 1 1 1 1 1 1 1 1 1 1 1 1 1 1 1 1 1 1 1 1 1 1 1 1 1 1 1 1 1 1 1 1 1 1 1 1 1 1 1 1 1 1 1 1 1 1 1 1 1 1 1 1 1 1 1 1 1 1 1 1 1 1 1 1 1 1 1 1 1 1 1 1 1 1 1 1 1 1 1 1 1 1 1 1 1 1 1 1 1 1 1 1 1 1 1 1 1 1 1 1 1 1 1 1 1 1 1 1 1 1 1 1 1 1 1 1 1 1 1 1 1 1 1 1 1 1 1 1 1 1 1 1 1 1 1 1 1 1 1 1 1 1 1 1 1 1 1 1 1 1 1 1 1 1 1 1 1 1 1 1 1 1 1 1 1 1 1 1 1 1 1 1 1 1 1 1 1 1 1 1 1 1 1 1 1 1 1 1 1 1 1 1 1 1 1 1 1 1 1 1 1 1 1 1 1 1 1 1 1 1 1 1 1 1 1 1 1 1 1 1 1 1 1 1 1 1 1 1 1 1 1 1 1 1 1 1 1 1 1 1 1 1 1 1 1 1 1 1 1 1 1 1 1 1 1 1 1 1 1 1 1 1 1 1 1 1 1 1 1 1 1 1 1 1 1 1 1 1 1 1 1 1 1 1 1 1 1 1 1 1 1 1 1 1 1 1 1 1 1 1 1 1 1 1 1 1 1 1 1 1 1 1 1 1 1 1 1 1 1 1 1 1 1 1 1 1 1 1 1 1 1 1 1 1 1 1 1 1 1 1 1 1 1 1 1 1 1 1 1 1 1 1 1 1 1 1 1 1 1 1 1 1 1 1 1 1 1 1 1 1 1 1 1 1 1 1 1 1 1 1 1 1 1 1 1 1 1 1 1 1 1 1 1 1 1 1 1 1 1 1 1 1 1 1 1 1 1 1 1 1 1 1 1 1 1 1 1 1</float_array>
          <technique_common>
            <accessor source="#geom-Hed_EYE029__M_EYE029metal-map-2-array" count="1512" stride="3">
              <param name="R" type="float"/>
              <param name="G" type="float"/>
              <param name="B" type="float"/>
            </accessor>
          </technique_common>
        </source>
        <source id="geom-Hed_EYE029__M_EYE029metal-map0">
          <float_array id="geom-Hed_EYE029__M_EYE029metal-map0-array" count="4536">1 1 1 1 1 1 1 1 1 1 1 1 1 1 1 1 1 1 1 1 1 1 1 1 1 1 1 1 1 1 1 1 1 1 1 1 1 1 1 1 1 1 1 1 1 1 1 1 1 1 1 1 1 1 1 1 1 1 1 1 1 1 1 1 1 1 1 1 1 1 1 1 1 1 1 1 1 1 1 1 1 1 1 1 1 1 1 1 1 1 1 1 1 1 1 1 1 1 1 1 1 1 1 1 1 1 1 1 1 1 1 1 1 1 1 1 1 1 1 1 1 1 1 1 1 1 1 1 1 1 1 1 1 1 1 1 1 1 1 1 1 1 1 1 1 1 1 1 1 1 1 1 1 1 1 1 1 1 1 1 1 1 1 1 1 1 1 1 1 1 1 1 1 1 1 1 1 1 1 1 1 1 1 1 1 1 1 1 1 1 1 1 1 1 1 1 1 1 1 1 1 1 1 1 1 1 1 1 1 1 1 1 1 1 1 1 1 1 1 1 1 1 1 1 1 1 1 1 1 1 1 1 1 1 1 1 1 1 1 1 1 1 1 1 1 1 1 1 1 1 1 1 1 1 1 1 1 1 1 1 1 1 1 1 1 1 1 1 1 1 1 1 1 1 1 1 1 1 1 1 1 1 1 1 1 1 1 1 1 1 1 1 1 1 1 1 1 1 1 1 1 1 1 1 1 1 1 1 1 1 1 1 1 1 1 1 1 1 1 1 1 1 1 1 1 1 1 1 1 1 1 1 1 1 1 1 1 1 1 1 1 1 1 1 1 1 1 1 1 1 1 1 1 1 1 1 1 1 1 1 1 1 1 1 1 1 1 1 1 1 1 1 1 1 1 1 1 1 1 1 1 1 1 1 1 1 1 1 1 1 1 1 1 1 1 1 1 1 1 1 1 1 1 1 1 1 1 1 1 1 1 1 1 1 1 1 1 1 1 1 1 1 1 1 1 1 1 1 1 1 1 1 1 1 1 1 1 1 1 1 1 1 1 1 1 1 1 1 1 1 1 1 1 1 1 1 1 1 1 1 1 1 1 1 1 1 1 1 1 1 1 1 1 1 1 1 1 1 1 1 1 1 1 1 1 1 1 1 1 1 1 1 1 1 1 1 1 1 1 1 1 1 1 1 1 1 1 1 1 1 1 1 1 1 1 1 1 1 1 1 1 1 1 1 1 1 1 1 1 1 1 1 1 1 1 1 1 1 1 1 1 1 1 1 1 1 1 1 1 1 1 1 1 1 1 1 1 1 1 1 1 1 1 1 1 1 1 1 1 1 1 1 1 1 1 1 1 1 1 1 1 1 1 1 1 1 1 1 1 1 1 1 1 1 1 1 1 1 1 1 1 1 1 1 1 1 1 1 1 1 1 1 1 1 1 1 1 1 1 1 1 1 1 1 1 1 1 1 1 1 1 1 1 1 1 1 1 1 1 1 1 1 1 1 1 1 1 1 1 1 1 1 1 1 1 1 1 1 1 1 1 1 1 1 1 1 1 1 1 1 1 1 1 1 1 1 1 1 1 1 1 1 1 1 1 1 1 1 1 1 1 1 1 1 1 1 1 1 1 1 1 1 1 1 1 1 1 1 1 1 1 1 1 1 1 1 1 1 1 1 1 1 1 1 1 1 1 1 1 1 1 1 1 1 1 1 1 1 1 1 1 1 1 1 1 1 1 1 1 1 1 1 1 1 1 1 1 1 1 1 1 1 1 1 1 1 1 1 1 1 1 1 1 1 1 1 1 1 1 1 1 1 1 1 1 1 1 1 1 1 1 1 1 1 1 1 1 1 1 1 1 1 1 1 1 1 1 1 1 1 1 1 1 1 1 1 1 1 1 1 1 1 1 1 1 1 1 1 1 1 1 1 1 1 1 1 1 1 1 1 1 1 1 1 1 1 1 1 1 1 1 1 1 1 1 1 1 1 1 1 1 1 1 1 1 1 1 1 1 1 1 1 1 1 1 1 1 1 1 1 1 1 1 1 1 1 1 1 1 1 1 1 1 1 1 1 1 1 1 1 1 1 1 1 1 1 1 1 1 1 1 1 1 1 1 1 1 1 1 1 1 1 1 1 1 1 1 1 1 1 1 1 1 1 1 1 1 1 1 1 1 1 1 1 1 1 1 1 1 1 1 1 1 1 1 1 1 1 1 1 1 1 1 1 1 1 1 1 1 1 1 1 1 1 1 1 1 1 1 1 1 1 1 1 1 1 1 1 1 1 1 1 1 1 1 1 1 1 1 1 1 1 1 1 1 1 1 1 1 1 1 1 1 1 1 1 1 1 1 1 1 1 1 1 1 1 1 1 1 1 1 1 1 1 1 1 1 1 1 1 1 1 1 1 1 1 1 1 1 1 1 1 1 1 1 1 1 1 1 1 1 1 1 1 1 1 1 1 1 1 1 1 1 1 1 1 1 1 1 1 1 1 1 1 1 1 1 1 1 1 1 1 1 1 1 1 1 1 1 1 1 1 1 1 1 1 1 1 1 1 1 1 1 1 1 1 1 1 1 1 1 1 1 1 1 1 1 1 1 1 1 1 1 1 1 1 1 1 1 1 1 1 1 1 1 1 1 1 1 1 1 1 1 1 1 1 1 1 1 1 1 1 1 1 1 1 1 1 1 1 1 1 1 1 1 1 1 1 1 1 1 1 1 1 1 1 1 1 1 1 1 1 1 1 1 1 1 1 1 1 1 1 1 1 1 1 1 1 1 1 1 1 1 1 1 1 1 1 1 1 1 1 1 1 1 1 1 1 1 1 1 1 1 1 1 1 1 1 1 1 1 1 1 1 1 1 1 1 1 1 1 1 1 1 1 1 1 1 1 1 1 1 1 1 1 1 1 1 1 1 1 1 1 1 1 1 1 1 1 1 1 1 1 1 1 1 1 1 1 1 1 1 1 1 1 1 1 1 1 1 1 1 1 1 1 1 1 1 1 1 1 1 1 1 1 1 1 1 1 1 1 1 1 1 1 1 1 1 1 1 1 1 1 1 1 1 1 1 1 1 1 1 1 1 1 1 1 1 1 1 1 1 1 1 1 1 1 1 1 1 1 1 1 1 1 1 1 1 1 1 1 1 1 1 1 1 1 1 1 1 1 1 1 1 1 1 1 1 1 1 1 1 1 1 1 1 1 1 1 1 1 1 1 1 1 1 1 1 1 1 1 1 1 1 1 1 1 1 1 1 1 1 1 1 1 1 1 1 1 1 1 1 1 1 1 1 1 1 1 1 1 1 1 1 1 1 1 1 1 1 1 1 1 1 1 1 1 1 1 1 1 1 1 1 1 1 1 1 1 1 1 1 1 1 1 1 1 1 1 1 1 1 1 1 1 1 1 1 1 1 1 1 1 1 1 1 1 1 1 1 1 1 1 1 1 1 1 1 1 1 1 1 1 1 1 1 1 1 1 1 1 1 1 1 1 1 1 1 1 1 1 1 1 1 1 1 1 1 1 1 1 1 1 1 1 1 1 1 1 1 1 1 1 1 1 1 1 1 1 1 1 1 1 1 1 1 1 1 1 1 1 1 1 1 1 1 1 1 1 1 1 1 1 1 1 1 1 1 1 1 1 1 1 1 1 1 1 1 1 1 1 1 1 1 1 1 1 1 1 1 1 1 1 1 1 1 1 1 1 1 1 1 1 1 1 1 1 1 1 1 1 1 1 1 1 1 1 1 1 1 1 1 1 1 1 1 1 1 1 1 1 1 1 1 1 1 1 1 1 1 1 1 1 1 1 1 1 1 1 1 1 1 1 1 1 1 1 1 1 1 1 1 1 1 1 1 1 1 1 1 1 1 1 1 1 1 1 1 1 1 1 1 1 1 1 1 1 1 1 1 1 1 1 1 1 1 1 1 1 1 1 1 1 1 1 1 1 1 1 1 1 1 1 1 1 1 1 1 1 1 1 1 1 1 1 1 1 1 1 1 1 1 1 1 1 1 1 1 1 1 1 1 1 1 1 1 1 1 1 1 1 1 1 1 1 1 1 1 1 1 1 1 1 1 1 1 1 1 1 1 1 1 1 1 1 1 1 1 1 1 1 1 1 1 1 1 1 1 1 1 1 1 1 1 1 1 1 1 1 1 1 1 1 1 1 1 1 1 1 1 1 1 1 1 1 1 1 1 1 1 1 1 1 1 1 1 1 1 1 1 1 1 1 1 1 1 1 1 1 1 1 1 1 1 1 1 1 1 1 1 1 1 1 1 1 1 1 1 1 1 1 1 1 1 1 1 1 1 1 1 1 1 1 1 1 1 1 1 1 1 1 1 1 1 1 1 1 1 1 1 1 1 1 1 1 1 1 1 1 1 1 1 1 1 1 1 1 1 1 1 1 1 1 1 1 1 1 1 1 1 1 1 1 1 1 1 1 1 1 1 1 1 1 1 1 1 1 1 1 1 1 1 1 1 1 1 1 1 1 1 1 1 1 1 1 1 1 1 1 1 1 1 1 1 1 1 1 1 1 1 1 1 1 1 1 1 1 1 1 1 1 1 1 1 1 1 1 1 1 1 1 1 1 1 1 1 1 1 1 1 1 1 1 1 1 1 1 1 1 1 1 1 1 1 1 1 1 1 1 1 1 1 1 1 1 1 1 1 1 1 1 1 1 1 1 1 1 1 1 1 1 1 1 1 1 1 1 1 1 1 1 1 1 1 1 1 1 1 1 1 1 1 1 1 1 1 1 1 1 1 1 1 1 1 1 1 1 1 1 1 1 1 1 1 1 1 1 1 1 1 1 1 1 1 1 1 1 1 1 1 1 1 1 1 1 1 1 1 1 1 1 1 1 1 1 1 1 1 1 1 1 1 1 1 1 1 1 1 1 1 1 1 1 1 1 1 1 1 1 1 1 1 1 1 1 1 1 1 1 1 1 1 1 1 1 1 1 1 1 1 1 1 1 1 1 1 1 1 1 1 1 1 1 1 1 1 1 1 1 1 1 1 1 1 1 1 1 1 1 1 1 1 1 1 1 1 1 1 1 1 1 1 1 1 1 1 1 1 1 1 1 1 1 1 1 1 1 1 1 1 1 1 1 1 1 1 1 1 1 1 1 1 1 1 1 1 1 1 1 1 1 1 1 1 1 1 1 1 1 1 1 1 1 1 1 1 1 1 1 1 1 1 1 1 1 1 1 1 1 1 1 1 1 1 1 1 1 1 1 1 1 1 1 1 1 1 1 1 1 1 1 1 1 1 1 1 1 1 1 1 1 1 1 1 1 1 1 1 1 1 1 1 1 1 1 1 1 1 1 1 1 1 1 1 1 1 1 1 1 1 1 1 1 1 1 1 1 1 1 1 1 1 1 1 1 1 1 1 1 1 1 1 1 1 1 1 1 1 1 1 1 1 1 1 1 1 1 1 1 1 1 1 1 1 1 1 1 1 1 1 1 1 1 1 1 1 1 1 1 1 1 1 1 1 1 1 1 1 1 1 1 1 1 1 1 1 1 1 1 1 1 1 1 1 1 1 1 1 1 1 1 1 1 1 1 1 1 1 1 1 1 1 1 1 1 1 1 1 1 1 1 1 1 1 1 1 1 1 1 1 1 1 1 1 1 1 1 1 1 1 1 1 1 1 1 1 1 1 1 1 1 1 1 1 1 1 1 1 1 1 1 1 1 1 1 1 1 1 1 1 1 1 1 1 1 1 1 1 1 1 1 1 1 1 1 1 1 1 1 1 1 1 1 1 1 1 1 1 1 1 1 1 1 1 1 1 1 1 1 1 1 1 1 1 1 1 1 1 1 1 1 1 1 1 1 1 1 1 1 1 1 1 1 1 1 1 1 1 1 1 1 1 1 1 1 1 1 1 1 1 1 1 1 1 1 1 1 1 1 1 1 1 1 1 1 1 1 1 1 1 1 1 1 1 1 1 1 1 1 1 1 1 1 1 1 1 1 1 1 1 1 1 1 1 1 1 1 1 1 1 1 1 1 1 1 1 1 1 1 1 1 1 1 1 1 1 1 1 1 1 1 1 1 1 1 1 1 1 1 1 1 1 1 1 1 1 1 1 1 1 1 1 1 1 1 1 1 1 1 1 1 1 1 1 1 1 1 1 1 1 1 1 1 1 1 1 1 1 1 1 1 1 1 1 1 1 1 1 1 1 1 1 1 1 1 1 1 1 1 1 1 1 1 1 1 1 1 1 1 1 1 1 1 1 1 1 1 1 1 1 1 1 1 1 1 1 1 1 1 1 1 1 1 1 1 1 1 1 1 1 1 1 1 1 1 1 1 1 1 1 1 1 1 1 1 1 1 1 1 1 1 1 1 1 1 1 1 1 1 1 1 1 1 1 1 1 1 1 1 1 1 1 1 1 1 1 1 1 1 1 1 1 1 1 1 1 1 1 1 1 1 1 1 1 1 1 1 1 1 1 1 1 1 1 1 1 1 1 1 1 1 1 1 1 1 1 1 1 1 1 1 1 1 1 1 1 1 1 1 1 1 1 1 1 1 1 1 1 1 1 1 1 1 1 1 1 1 1 1 1 1 1 1 1 1 1 1 1 1 1 1 1 1 1 1 1 1 1 1 1 1 1 1 1 1 1 1 1 1 1 1 1 1 1 1 1 1 1 1 1 1 1 1 1 1 1 1 1 1 1 1 1 1 1 1 1 1 1 1 1 1 1 1 1 1 1 1 1 1 1 1 1 1 1 1 1 1 1 1 1 1 1 1 1 1 1 1 1 1 1 1 1 1 1 1 1 1 1 1 1 1 1 1 1 1 1 1 1 1 1 1 1 1 1 1 1 1 1 1 1 1 1 1 1 1 1 1 1 1 1 1 1 1 1 1 1 1 1 1 1 1 1 1 1 1 1 1 1 1 1 1 1 1 1 1 1 1 1 1 1 1 1 1 1 1 1 1 1 1 1 1 1 1 1 1 1 1 1 1 1 1 1 1 1 1 1 1 1 1 1 1 1 1 1 1 1 1 1 1 1 1 1 1 1 1 1 1 1 1 1 1 1 1 1 1 1 1 1 1 1 1 1 1 1 1 1 1 1 1 1 1 1 1 1 1 1 1 1 1 1 1 1 1 1 1 1 1 1 1 1 1 1 1 1 1 1 1 1 1 1 1 1 1 1 1 1 1 1 1 1 1 1 1 1 1 1 1 1 1 1 1 1 1 1 1 1 1 1 1 1 1 1 1 1 1 1 1 1 1 1 1 1 1 1 1 1 1 1 1 1 1 1 1 1 1 1 1 1 1 1 1 1 1 1 1 1 1 1 1 1 1 1 1 1 1 1 1 1 1 1 1 1 1 1 1 1 1 1 1 1 1 1 1 1 1 1 1 1 1 1 1 1 1 1 1 1 1 1 1 1 1 1 1 1 1 1 1 1 1 1 1 1 1 1 1 1 1 1 1 1 1 1 1 1 1 1 1 1 1 1 1 1 1 1 1 1 1 1 1 1 1 1 1 1 1 1 1 1 1 1 1 1 1 1 1 1 1 1 1 1 1 1 1 1 1 1 1 1 1 1 1 1 1 1 1 1 1 1 1 1 1 1 1 1 1 1 1 1 1 1 1 1 1 1 1 1 1 1 1 1 1 1 1 1 1 1 1 1 1 1 1 1 1 1 1 1 1 1 1 1 1 1 1 1 1 1 1 1 1 1 1 1 1 1 1 1 1 1 1 1 1 1 1 1 1 1 1 1 1 1 1 1 1 1 1 1 1 1 1 1 1 1 1 1 1 1 1 1 1 1 1 1 1 1 1 1 1 1 1 1 1 1 1 1 1 1 1 1 1 1 1 1 1 1 1 1 1 1 1 1 1 1 1 1 1 1 1 1 1 1 1 1 1 1 1 1 1 1 1 1 1 1 1 1 1 1 1 1 1 1 1 1 1 1 1 1 1 1 1 1 1 1 1 1 1 1 1 1 1 1 1 1 1 1 1 1 1 1 1 1 1 1 1 1 1 1 1 1 1 1 1 1 1 1 1 1 1 1 1 1 1 1 1 1 1 1 1 1 1 1 1 1 1 1 1 1 1 1 1 1 1 1 1 1 1 1 1 1 1 1 1 1 1 1 1 1 1 1 1 1 1 1 1 1 1 1 1 1 1 1 1 1 1 1 1 1 1 1 1 1 1 1 1 1 1 1 1 1 1 1 1 1 1 1 1 1 1 1 1 1 1 1 1 1 1 1 1 1 1 1 1 1 1 1 1 1 1 1 1 1 1 1 1 1 1 1 1 1 1 1 1 1 1 1 1 1 1 1 1 1 1 1 1 1 1 1 1 1 1 1 1 1 1 1 1 1 1 1 1 1 1 1 1 1 1 1 1 1 1 1 1 1 1 1 1 1 1 1 1 1 1 1 1 1 1 1 1 1 1 1 1 1 1 1 1 1 1 1 1 1 1 1 1 1 1 1 1 1 1 1 1 1 1 1 1 1 1 1 1 1 1 1 1 1 1 1 1 1 1 1 1 1 1 1 1 1 1 1 1 1 1 1 1 1 1 1 1 1 1 1 1 1 1 1 1 1 1 1 1 1 1 1 1 1 1 1 1 1 1 1 1 1 1 1 1 1 1 1 1 1 1 1 1 1 1 1 1 1 1 1 1 1 1 1 1 1 1 1 1 1 1 1 1 1 1 1 1 1 1 1 1 1 1 1 1 1 1 1 1 1 1 1 1 1 1 1 1 1 1 1 1 1 1 1 1 1 1 1 1 1 1 1 1 1 1 1 1 1 1 1 1 1 1 1 1 1 1 1 1 1 1 1 1 1 1 1 1 1 1 1 1 1 1 1 1 1 1 1 1 1 1 1 1 1 1 1 1 1 1 1 1 1 1 1 1 1 1 1 1 1 1 1 1 1 1 1 1 1 1 1 1 1 1 1 1 1 1 1 1 1 1 1 1 1 1 1 1 1 1 1 1 1 1 1 1 1 1 1 1 1 1 1 1 1 1 1 1 1 1 1 1 1 1 1 1 1 1 1 1 1 1 1 1 1 1 1 1 1 1 1 1 1 1 1 1 1 1 1 1 1 1 1 1 1 1 1 1 1 1 1 1 1 1 1 1 1 1 1 1 1 1 1 1 1 1 1 1 1 1 1 1 1 1 1 1 1 1 1 1 1 1 1 1 1 1 1 1 1 1 1 1 1 1 1 1 1 1 1 1 1 1 1 1 1 1 1 1 1 1 1 1 1 1 1 1 1 1 1 1 1 1 1 1 1 1 1 1 1 1 1 1 1 1 1 1 1 1 1 1 1 1 1 1 1 1 1 1 1 1 1 1 1 1 1 1 1 1 1 1 1 1 1 1 1 1 1 1 1 1 1 1 1 1 1 1 1 1 1 1 1 1 1 1 1 1 1 1 1 1 1 1 1 1 1 1 1 1 1 1 1 1 1 1 1 1 1 1 1 1 1 1 1 1 1 1 1 1 1 1 1 1 1 1 1 1 1 1 1 1 1 1 1 1 1 1 1 1 1 1 1 1 1 1 1 1 1 1 1 1 1 1 1 1 1 1 1 1 1 1 1 1 1 1 1 1 1 1 1 1 1 1 1 1 1 1 1 1 1 1 1 1 1 1 1 1 1 1 1 1 1 1 1 1 1 1 1 1 1 1 1 1 1 1 1 1 1 1 1 1 1 1 1 1 1 1 1 1 1 1 1 1 1 1 1 1 1 1 1 1 1 1 1 1 1 1 1 1 1 1 1 1 1 1 1 1 1 1 1 1 1 1 1 1 1 1 1 1 1 1 1 1 1 1 1 1 1 1 1 1 1 1 1 1 1 1 1 1 1 1 1 1 1 1 1 1 1 1 1 1 1 1 1 1 1 1 1 1 1 1 1 1 1 1 1 1 1 1 1 1 1 1 1 1 1 1 1 1 1 1 1 1 1 1 1 1 1 1 1 1 1 1 1 1 1 1 1 1 1 1 1 1 1 1 1 1 1 1 1 1 1 1 1 1 1 1 1 1 1 1 1 1 1 1 1 1 1 1 1 1 1 1 1 1 1 1 1 1 1 1 1 1 1 1 1 1 1 1 1 1 1 1 1 1 1 1 1 1 1 1 1 1 1 1 1 1 1 1 1 1 1 1 1 1 1 1 1 1 1 1 1 1 1 1 1 1 1 1 1 1 1 1 1 1 1 1 1 1 1 1 1 1 1 1 1 1 1 1 1 1 1 1 1 1 1 1 1 1 1 1 1 1 1 1 1 1 1 1 1 1 1 1 1 1 1 1 1</float_array>
          <technique_common>
            <accessor source="#geom-Hed_EYE029__M_EYE029metal-map0-array" count="1512" stride="3">
              <param name="R" type="float"/>
              <param name="G" type="float"/>
              <param name="B" type="float"/>
            </accessor>
          </technique_common>
        </source>
        <source id="geom-Hed_EYE029__M_EYE029metal-map1">
          <float_array id="geom-Hed_EYE029__M_EYE029metal-map1-array" count="4536">0.1629511 0.9665064 0 0.1629511 0.9565881 0 0.1629511 0.9637751 0 0.1629511 0.9946288 0 0.1872129 0.9946288 0 0.1629511 0.9721981 0 0.1872129 0.9721981 0 0.1629511 0.9665064 0 0.1872129 0.9666743 0 0.1629511 0.9637751 0 0.1872129 0.9638667 0 0.1629511 0.9565881 0 0.1872129 0.9565881 0 0.1629511 0.9330282 0 0.1872129 0.9330282 0 0.1872129 0.9150225 0 0.1629511 0.9150225 0 0.1872129 0.9037156 0 0.1629511 0.9037156 0 0.1872129 0.8899062 0 0.1629511 0.88925 0 0.1872129 0.877409 0 0.1629511 0.8769207 0 0.1629511 0.8661631 0 0.1872129 0.8666056 0 0.1872129 0.8555123 0 0.1629511 0.8551766 0 0.1872129 0.8523842 0 0.1629511 0.8520638 0 0.1872129 0.8372015 0 0.1629511 0.8372015 0 0.1872129 0.7918975 0 0.1629511 0.7918975 0 0.1872129 0.5820554 0 0.1629511 0.5820554 0 0.1872129 0.269688 0 0.1629511 0.269688 0 0.1872129 0.2253758 0 0.1629511 0.2253758 0 0.1629511 0.1878843 0 0.1872129 0.1878843 0 0.1629511 0.004104674 0 0.1872129 0.004104674 0 0.2609445 0.9882963 0 0.3004654 0.9882963 0 0.3004654 0.9730068 0 0.2609445 0.9730068 0 0.3004654 0.9604486 0 0.2609445 0.9604486 0 0.3004654 0.9348592 0 0.315053 0.9604486 0 0.3325399 0.9604486 0 0.3326772 0.9386129 0 0.3275807 0.9348592 0 0.315053 0.9348592 0 0.2609445 0.9348592 0 0.2442359 0.9604486 0 0.3004654 0.9095445 0 0.315053 0.9095445 0 0.2290379 0.9386129 0 0.2290379 0.9604486 0 0.2371862 0.9348592 0 0.2336461 0.9348592 0 0.2463111 0.9348592 0 0.2609445 0.9095445 0 0.2480964 0.9095445 0 0.2609445 0.8831311 0 0.3004654 0.8831311 0 0.2480964 0.8831311 0 0.2409094 0.8913863 0 0.2272984 0.8807813 0 0.2609445 0.8663005 0 0.2480964 0.8663005 0 0.2218051 0.8648356 0 0.2317082 0.852018 0 0.2480964 0.8477302 0 0.2386816 0.8363775 0 0.2383307 0.8394446 0 0.2480964 0.8231174 0 0.2609445 0.8477302 0 0.2609445 0.8231174 0 0.2480964 0.7778286 0 0.3004654 0.8663005 0 0.3004654 0.8477302 0 0.2609445 0.7778286 0 0.2480964 0.5839323 0 0.315053 0.8831311 0 0.3225299 0.8912184 0 0.3361715 0.8807508 0 0.315053 0.8663005 0 0.3416495 0.8648051 0 0.331838 0.8520943 0 0.315053 0.8477302 0 0.3248493 0.8395209 0 0.3245136 0.8364385 0 0.315053 0.8231174 0 0.3004654 0.8231174 0 0.315053 0.7778286 0 0.3004654 0.7778286 0 0.315053 0.5839323 0 0.2609445 0.5839323 0 0.3004654 0.5839323 0 0.315053 0.2933547 0 0.2609445 0.2933547 0 0.2480964 0.2933547 0 0.2480964 0.2356145 0 0.3004654 0.2933547 0 0.315053 0.2356145 0 0.2609445 0.2356145 0 0.2480964 0.190631 0 0.3004654 0.2356145 0 0.315053 0.190631 0 0.2609445 0.190631 0 0.2480964 0.01995879 0 0.3004654 0.190631 0 0.315053 0.01995879 0 0.2609445 0.01995879 0 0.3004654 0.01995879 0 0.3004654 0.0103609 0 0.2609445 0.0103609 0 0.1872129 0.9946288 0 0.1629511 0.9946288 0 0.1629511 0.9721981 0 0.1872129 0.9721981 0 0.1629511 0.9665064 0 0.1872129 0.9666743 0 0.1629511 0.9637751 0 0.1872129 0.9638667 0 0.1629511 0.9565881 0 0.1872129 0.9565881 0 0.1629511 0.9330282 0 0.1872129 0.9330282 0 0.1872129 0.9150225 0 0.1629511 0.9150225 0 0.1872129 0.9037156 0 0.1629511 0.9037156 0 0.1872129 0.8899062 0 0.1629511 0.88925 0 0.1872129 0.877409 0 0.1629511 0.8769207 0 0.1629511 0.8661631 0 0.1872129 0.8666056 0 0.1872129 0.8555123 0 0.1629511 0.8551766 0 0.1872129 0.8523842 0 0.1629511 0.8520638 0 0.1872129 0.8372015 0 0.1629511 0.8372015 0 0.1872129 0.7918975 0 0.1629511 0.7918975 0 0.1872129 0.5820554 0 0.1629511 0.5820554 0 0.1872129 0.269688 0 0.1629511 0.269688 0 0.1872129 0.2253758 0 0.1629511 0.2253758 0 0.1629511 0.1878843 0 0.1872129 0.1878843 0 0.1629511 0.004104674 0 0.1872129 0.004104674 0 0.3004654 0.9730068 0 0.3004654 0.9882963 0 0.2609445 0.9882963 0 0.2609445 0.9730068 0 0.3004654 0.9604486 0 0.2609445 0.9604486 0 0.3004654 0.9348592 0 0.315053 0.9604486 0 0.3326772 0.9386129 0 0.3325399 0.9604486 0 0.3275807 0.9348592 0 0.315053 0.9348592 0 0.2609445 0.9348592 0 0.3004654 0.9095445 0 0.315053 0.9095445 0 0.2442359 0.9604486 0 0.2290379 0.9386129 0 0.2290379 0.9604486 0 0.2336461 0.9348592 0 0.2371862 0.9348592 0 0.2463111 0.9348592 0 0.2609445 0.9095445 0 0.2480964 0.9095445 0 0.2609445 0.8831311 0 0.3004654 0.8831311 0 0.2480964 0.8831311 0 0.2409094 0.8913863 0 0.2272984 0.8807813 0 0.2609445 0.8663005 0 0.2480964 0.8663005 0 0.2218051 0.8648356 0 0.2317082 0.852018 0 0.2480964 0.8477302 0 0.2383307 0.8394446 0 0.2386816 0.8363775 0 0.2480964 0.8231174 0 0.2609445 0.8477302 0 0.2609445 0.8231174 0 0.2480964 0.7778286 0 0.3004654 0.8663005 0 0.3004654 0.8477302 0 0.2609445 0.7778286 0 0.2480964 0.5839323 0 0.3004654 0.8231174 0 0.315053 0.8831311 0 0.3225299 0.8912184 0 0.3361715 0.8807508 0 0.315053 0.8663005 0 0.3416495 0.8648051 0 0.331838 0.8520943 0 0.315053 0.8477302 0 0.3245136 0.8364385 0 0.3248493 0.8395209 0 0.315053 0.8231174 0 0.315053 0.7778286 0 0.3004654 0.7778286 0 0.315053 0.5839323 0 0.2609445 0.5839323 0 0.3004654 0.5839323 0 0.315053 0.2933547 0 0.2609445 0.2933547 0 0.2480964 0.2933547 0 0.2480964 0.2356145 0 0.3004654 0.2933547 0 0.315053 0.2356145 0 0.2609445 0.2356145 0 0.2480964 0.190631 0 0.3004654 0.2356145 0 0.315053 0.190631 0 0.2609445 0.190631 0 0.2480964 0.01995879 0 0.3004654 0.190631 0 0.315053 0.01995879 0 0.2609445 0.01995879 0 0.3004654 0.01995879 0 0.3004654 0.0103609 0 0.2609445 0.0103609 0 0.4463874 0.04739451 0 0.4463874 0.02375829 0 0.4301823 0.02375829 0 0.4301823 0.04739451 0 0.4463874 0.07121384 0 0.4100404 0.02375829 0 0.4301823 0.07121384 0 0.4463874 0.09506369 0 0.4100404 0.04739451 0 0.3915923 0.04739451 0 0.3915923 0.02375829 0 0.4100404 0.07121384 0 0.3673457 0.04739451 0 0.3673457 0.02375829 0 0.3447776 0.02375829 0 0.3447776 0.04739451 0 0.3673457 0.07121384 0 0.3447776 0.07121384 0 0.3915923 0.07121384 0 0.3673457 0.09506369 0 0.3447776 0.09506369 0 0.3915923 0.09506369 0 0.3673457 0.1189288 0 0.3447776 0.1189288 0 0.4100404 0.09506369 0 0.3673457 0.142794 0 0.3447776 0.142794 0 0.3915923 0.1189288 0 0.3673457 0.1666743 0 0.3447776 0.1666743 0 0.3915923 0.142794 0 0.3673457 0.1905547 0 0.3447776 0.1905547 0 0.3915923 0.1666743 0 0.4100404 0.1189288 0 0.4100404 0.142794 0 0.3673457 0.2144503 0 0.3447776 0.2144503 0 0.3915923 0.1905547 0 0.3673457 0.2383612 0 0.3447776 0.2383612 0 0.3915923 0.2144503 0 0.4100404 0.1666743 0 0.4100404 0.1905547 0 0.3915923 0.2383612 0 0.3673457 0.2622721 0 0.3447776 0.2622721 0 0.3447776 0.2862135 0 0.4100404 0.2144503 0 0.3673457 0.2862135 0 0.3447776 0.3101549 0 0.3915923 0.2622721 0 0.3673457 0.3101549 0 0.3447776 0.3341116 0 0.3915923 0.2862135 0 0.3915923 0.3101549 0 0.3673457 0.3341116 0 0.3447776 0.3580682 0 0.3915923 0.3341116 0 0.3673457 0.3580682 0 0.3447776 0.3820401 0 0.3915923 0.3580682 0 0.3673457 0.3820401 0 0.3447776 0.4060121 0 0.3915923 0.3820401 0 0.3673457 0.4060121 0 0.3447776 0.4299992 0 0.3915923 0.4060121 0 0.3673457 0.4299992 0 0.3447776 0.4539711 0 0.3915923 0.4299992 0 0.3673457 0.4539711 0 0.3447776 0.4779736 0 0.3915923 0.4539711 0 0.3673457 0.4779736 0 0.3447776 0.501976 0 0.3915923 0.4779736 0 0.3673457 0.501976 0 0.3447776 0.5261005 0 0.3915923 0.501976 0 0.3447776 0.5504845 0 0.3673457 0.5504845 0 0.3673457 0.5261005 0 0.3915923 0.5261005 0 0.3915923 0.5504845 0 0.4100404 0.5261005 0 0.4100404 0.5504845 0 0.4301823 0.5504845 0 0.4100404 0.501976 0 0.4301823 0.5261005 0 0.4463874 0.5504845 0 0.4463874 0.5261005 0 0.4463874 0.501976 0 0.4301823 0.501976 0 0.4463874 0.4779736 0 0.4301823 0.4779736 0 0.4463874 0.4539711 0 0.4100404 0.4779736 0 0.4301823 0.4539711 0 0.4463874 0.4299992 0 0.4100404 0.4539711 0 0.4301823 0.4299992 0 0.4100404 0.4299992 0 0.4301823 0.4060121 0 0.4463874 0.4060121 0 0.4100404 0.4060121 0 0.4301823 0.3820401 0 0.4463874 0.3820401 0 0.4100404 0.3820401 0 0.4301823 0.3580682 0 0.4463874 0.3580682 0 0.4100404 0.3580682 0 0.4301823 0.3341116 0 0.4463874 0.3341116 0 0.4100404 0.3341116 0 0.4301823 0.3101549 0 0.4463874 0.3101549 0 0.4100404 0.3101549 0 0.4301823 0.2863203 0 0.4463874 0.2862135 0 0.4100404 0.2862135 0 0.4301823 0.2622721 0 0.4463874 0.2622721 0 0.4463874 0.2383612 0 0.4100404 0.2622721 0 0.4100404 0.2383612 0 0.4301823 0.2382544 0 0.4463874 0.2144503 0 0.4301823 0.2144503 0 0.4463874 0.1905547 0 0.4301823 0.1905547 0 0.4463874 0.1666743 0 0.4301823 0.1666743 0 0.4463874 0.142794 0 0.4301823 0.142794 0 0.4463874 0.1189288 0 0.4301823 0.1189288 0 0.4301823 0.09506369 0 0.4301823 0.02375829 0 0.4463874 0.02375829 0 0.4463874 0.04739451 0 0.4301823 0.04739451 0 0.4463874 0.07121384 0 0.4100404 0.02375829 0 0.4301823 0.07121384 0 0.4463874 0.09506369 0 0.4100404 0.04739451 0 0.3915923 0.04739451 0 0.3915923 0.02375829 0 0.4100404 0.07121384 0 0.3673457 0.04739451 0 0.3673457 0.02375829 0 0.3447776 0.02375829 0 0.3447776 0.04739451 0 0.3673457 0.07121384 0 0.3447776 0.07121384 0 0.3915923 0.07121384 0 0.3673457 0.09506369 0 0.3447776 0.09506369 0 0.3915923 0.09506369 0 0.3673457 0.1189288 0 0.3447776 0.1189288 0 0.4100404 0.09506369 0 0.3673457 0.142794 0 0.3447776 0.142794 0 0.3915923 0.1189288 0 0.3673457 0.1666743 0 0.3447776 0.1666743 0 0.3915923 0.142794 0 0.3673457 0.1905547 0 0.3447776 0.1905547 0 0.3915923 0.1666743 0 0.4100404 0.1189288 0 0.4100404 0.142794 0 0.3673457 0.2144503 0 0.3447776 0.2144503 0 0.3915923 0.1905547 0 0.3673457 0.2383612 0 0.3447776 0.2383612 0 0.3915923 0.2144503 0 0.4100404 0.1666743 0 0.4100404 0.1905547 0 0.3915923 0.2383612 0 0.3673457 0.2622721 0 0.3447776 0.2622721 0 0.3447776 0.2862135 0 0.4100404 0.2144503 0 0.3673457 0.2862135 0 0.3447776 0.3101549 0 0.3915923 0.2622721 0 0.3673457 0.3101549 0 0.3447776 0.3341116 0 0.3915923 0.2862135 0 0.3915923 0.3101549 0 0.3673457 0.3341116 0 0.3447776 0.3580682 0 0.3915923 0.3341116 0 0.3673457 0.3580682 0 0.3447776 0.3820401 0 0.3915923 0.3580682 0 0.3673457 0.3820401 0 0.3447776 0.4060121 0 0.3915923 0.3820401 0 0.3673457 0.4060121 0 0.3447776 0.4299992 0 0.3915923 0.4060121 0 0.3673457 0.4299992 0 0.3447776 0.4539711 0 0.3915923 0.4299992 0 0.3673457 0.4539711 0 0.3447776 0.4779736 0 0.3915923 0.4539711 0 0.3673457 0.4779736 0 0.3447776 0.501976 0 0.3915923 0.4779736 0 0.3673457 0.501976 0 0.3447776 0.5261005 0 0.3915923 0.501976 0 0.3447776 0.5504845 0 0.3673457 0.5504845 0 0.3673457 0.5261005 0 0.3915923 0.5261005 0 0.3915923 0.5504845 0 0.4100404 0.5261005 0 0.4100404 0.5504845 0 0.4301823 0.5504845 0 0.4100404 0.501976 0 0.4301823 0.5261005 0 0.4463874 0.5504845 0 0.4463874 0.5261005 0 0.4463874 0.501976 0 0.4301823 0.501976 0 0.4463874 0.4779736 0 0.4301823 0.4779736 0 0.4463874 0.4539711 0 0.4100404 0.4779736 0 0.4301823 0.4539711 0 0.4463874 0.4299992 0 0.4100404 0.4539711 0 0.4301823 0.4299992 0 0.4100404 0.4299992 0 0.4301823 0.4060121 0 0.4463874 0.4060121 0 0.4100404 0.4060121 0 0.4301823 0.3820401 0 0.4463874 0.3820401 0 0.4100404 0.3820401 0 0.4301823 0.3580682 0 0.4463874 0.3580682 0 0.4100404 0.3580682 0 0.4301823 0.3341116 0 0.4463874 0.3341116 0 0.4100404 0.3341116 0 0.4301823 0.3101549 0 0.4463874 0.3101549 0 0.4100404 0.3101549 0 0.4301823 0.2863203 0 0.4463874 0.2862135 0 0.4100404 0.2862135 0 0.4301823 0.2622721 0 0.4463874 0.2622721 0 0.4463874 0.2383612 0 0.4100404 0.2622721 0 0.4100404 0.2383612 0 0.4301823 0.2382544 0 0.4463874 0.2144503 0 0.4301823 0.2144503 0 0.4463874 0.1905547 0 0.4301823 0.1905547 0 0.4463874 0.1666743 0 0.4301823 0.1666743 0 0.4463874 0.142794 0 0.4301823 0.142794 0 0.4463874 0.1189288 0 0.4301823 0.1189288 0 0.4301823 0.09506369 0 0.1226673 0.9894255 0 0.09742886 0.9894255 0 0.1226673 0.944976 0 0.09742886 0.9483787 0 0.09742886 0.9384909 0 0.1226673 0.9328298 0 0.1226673 0.8989242 0 0.07742428 0.956878 0 0.07742428 0.9894255 0 0.03253223 0.9894255 0 0.09742886 0.8917067 0 0.09742886 0.8400092 0 0.1226673 0.8679789 0 0.03253223 0.9525292 0 0.01268025 0.9894255 0 0.01268025 0.9449912 0 0.01268025 0.9328451 0 0.01268025 0.8989395 0 0.03253223 0.9114824 0 0.07742428 0.9166247 0 0.03253223 0.8956588 0 0.07742428 0.8985885 0 0.07742428 0.8856642 0 0.03253223 0.8779431 0 0.07742428 0.8450446 0 0.03253223 0.8604867 0 0.01268025 0.8680094 0 0.01268025 0.7828488 0 0.09742886 0.8125124 0 0.07742428 0.8203861 0 0.09742886 0.7907072 0 0.09742886 0.7097429 0 0.1226673 0.7827878 0 0.07742428 0.801709 0 0.1226673 0.7591211 0 0.07742428 0.7248646 0 0.03253223 0.783093 0 0.01268025 0.7591821 0 0.09742886 0.6855726 0 0.1226673 0.7224384 0 0.03253223 0.761593 0 0.01268025 0.7225147 0 0.07742428 0.7024949 0 0.03253223 0.7292439 0 0.09742886 0.6756695 0 0.1226673 0.6963149 0 0.07742428 0.6945297 0 0.09742886 0.6644541 0 0.1226673 0.6729839 0 0.1226673 0.6607919 0 0.03253223 0.7060502 0 0.01268025 0.6963912 0 0.01268025 0.6730754 0 0.07742428 0.681178 0 0.03253223 0.6821545 0 0.01268025 0.6608835 0 0.09742886 0.6528572 0 0.03253223 0.6628977 0 0.01268025 0.6514534 0 0.07742428 0.6620585 0 0.09742886 0.643885 0 0.1226673 0.6513466 0 0.07742428 0.6448157 0 0.03253223 0.6459755 0 0.01268025 0.6376593 0 0.09742886 0.6265049 0 0.1226673 0.6375524 0 0.07742428 0.626276 0 0.03253223 0.6313115 0 0.09742886 0.6054932 0 0.1226673 0.6191195 0 0.07742428 0.6029755 0 0.03253223 0.6101015 0 0.01268025 0.6192263 0 0.08760204 0.5628595 0 0.02218662 0.5628595 0 0.01268025 0.5644617 0 0.01268025 0.4992752 0 0.07742428 0.5597467 0 0.03253223 0.5600977 0 0.02218662 0.4992752 0 0.03253223 0.4992752 0 0.02218662 0.436347 0 0.01268025 0.4348211 0 0.01268025 0.3800717 0 0.07742428 0.4992752 0 0.03253223 0.4384985 0 0.03253223 0.3884794 0 0.01268025 0.3616388 0 0.07742428 0.4394599 0 0.08760204 0.4992752 0 0.07742428 0.3962157 0 0.09742886 0.5603418 0 0.1226673 0.5643549 0 0.09742886 0.4992752 0 0.1226673 0.4992752 0 0.1226673 0.4348058 0 0.09742886 0.4379034 0 0.1226673 0.3800412 0 0.08760204 0.4363165 0 0.09742886 0.392752 0 0.1226673 0.3616083 0 0.09742886 0.3717403 0 0.1226673 0.3478141 0 0.07742428 0.3729305 0 0.09742886 0.3543603 0 0.1226673 0.3383688 0 0.07742428 0.3543755 0 0.03253223 0.3672694 0 0.03253223 0.3526055 0 0.01268025 0.3478447 0 0.03253223 0.3356832 0 0.01268025 0.3384146 0 0.07742428 0.3371481 0 0.09742886 0.3453879 0 0.07742428 0.3180285 0 0.03253223 0.3164263 0 0.01268025 0.3262227 0 0.09742886 0.3337911 0 0.1226673 0.3261769 0 0.1226673 0.3028458 0 0.03253223 0.292546 0 0.01268025 0.3029069 0 0.01268025 0.2767834 0 0.07742428 0.3046769 0 0.09742886 0.3225605 0 0.1226673 0.2767224 0 0.03253223 0.269337 0 0.09742886 0.3126726 0 0.1226673 0.2400396 0 0.07742428 0.2967117 0 0.03253223 0.2370031 0 0.01268025 0.2401159 0 0.07742428 0.2743267 0 0.03253223 0.2154879 0 0.01268025 0.2164492 0 0.09742886 0.2885023 0 0.1226673 0.2163729 0 0.1226673 0.1311818 0 0.03253223 0.1380941 0 0.01268025 0.1312886 0 0.07742428 0.1974975 0 0.01268025 0.1003586 0 0.09742886 0.2075379 0 0.07742428 0.1788205 0 0.09742886 0.1857328 0 0.09742886 0.1582361 0 0.07742428 0.1541466 0 0.1226673 0.1002365 0 0.03253223 0.1206531 0 0.07742428 0.1135424 0 0.09742886 0.1065232 0 0.03253223 0.1029373 0 0.07742428 0.100618 0 0.07742428 0.08258182 0 0.09742886 0.06080723 0 0.1226673 0.06633097 0 0.1226673 0.05418479 0 0.03253223 0.08709848 0 0.07742428 0.04232854 0 0.03253223 0.046067 0 0.01268025 0.06645304 0 0.01268025 0.05430686 0 0.01268025 0.009872615 0 0.03253223 0.009872615 0 0.07742428 0.009872615 0 0.09742886 0.009872615 0 0.1226673 0.009872615 0 0.09742886 0.05091935 0 0.1872129 0.9946288 0 0.1872129 0.9721981 0 0.1629511 0.9946288 0 0.1629511 0.9665064 0 0.1872129 0.9565881 0 0.1872129 0.9565881 0 0.1629511 0.9565881 0 0.1629511 0.9150225 0 0.1872129 0.9150225 0 0.1872129 0.8899062 0 0.1629511 0.88925 0 0.1629511 0.8661631 0 0.1872129 0.8666056 0 0.1872129 0.8555123 0 0.1629511 0.8551766 0 0.1629511 0.8372015 0 0.1872129 0.8372015 0 0.1872129 0.7918975 0 0.1629511 0.7918975 0 0.1872129 0.5820554 0 0.1629511 0.5820554 0 0.1872129 0.269688 0 0.1629511 0.269688 0 0.1872129 0.2253758 0 0.1629511 0.2253758 0 0.1629511 0.1878843 0 0.1872129 0.1878843 0 0.1629511 0.004104674 0 0.1872129 0.004104674 0 0.1872129 0.9721981 0 0.1872129 0.9946288 0 0.1629511 0.9946288 0 0.1629511 0.9665064 0 0.1872129 0.9565881 0 0.1629511 0.9565881 0 0.1872129 0.9565881 0 0.1629511 0.9150225 0 0.1872129 0.9150225 0 0.1629511 0.88925 0 0.1872129 0.8899062 0 0.1629511 0.8661631 0 0.1872129 0.8666056 0 0.1872129 0.8555123 0 0.1629511 0.8551766 0 0.1629511 0.8372015 0 0.1872129 0.8372015 0 0.1872129 0.7918975 0 0.1629511 0.7918975 0 0.1872129 0.5820554 0 0.1629511 0.5820554 0 0.1872129 0.269688 0 0.1629511 0.269688 0 0.1872129 0.2253758 0 0.1629511 0.2253758 0 0.1629511 0.1878843 0 0.1872129 0.1878843 0 0.1629511 0.004104674 0 0.1872129 0.004104674 0 0.2609445 0.9882963 0 0.3004654 0.9882963 0 0.3004654 0.9604486 0 0.2609445 0.9604486 0 0.3004654 0.9348592 0 0.3325399 0.9604486 0 0.3275807 0.9348592 0 0.315053 0.9348592 0 0.3225299 0.8912184 0 0.2609445 0.9348592 0 0.2290379 0.9604486 0 0.2463111 0.9348592 0 0.2290379 0.9386129 0 0.2409094 0.8913863 0 0.2609445 0.8831311 0 0.2218051 0.8648356 0 0.3004654 0.8831311 0 0.3416495 0.8648051 0 0.2609445 0.8477302 0 0.2480964 0.8477302 0 0.3004654 0.8477302 0 0.315053 0.8477302 0 0.2480964 0.8231174 0 0.2383307 0.8394446 0 0.3248493 0.8395209 0 0.315053 0.8231174 0 0.2609445 0.8231174 0 0.2480964 0.7778286 0 0.3004654 0.8231174 0 0.315053 0.7778286 0 0.2609445 0.7778286 0 0.2480964 0.5839323 0 0.3004654 0.7778286 0 0.315053 0.5839323 0 0.2609445 0.2933547 0 0.2480964 0.2933547 0 0.2480964 0.2356145 0 0.3004654 0.5839323 0 0.315053 0.2933547 0 0.2609445 0.2356145 0 0.2480964 0.190631 0 0.3004654 0.2933547 0 0.315053 0.2356145 0 0.3004654 0.2356145 0 0.315053 0.190631 0 0.2609445 0.190631 0 0.2480964 0.01995879 0 0.3004654 0.190631 0 0.315053 0.01995879 0 0.2609445 0.01995879 0 0.3004654 0.01995879 0 0.3004654 0.0103609 0 0.2609445 0.0103609 0 0.3004654 0.9882963 0 0.2609445 0.9882963 0 0.3004654 0.9604486 0 0.2609445 0.9604486 0 0.3004654 0.9348592 0 0.3325399 0.9604486 0 0.315053 0.9348592 0 0.3275807 0.9348592 0 0.3225299 0.8912184 0 0.2609445 0.9348592 0 0.2290379 0.9604486 0 0.2463111 0.9348592 0 0.2290379 0.9386129 0 0.2409094 0.8913863 0 0.2218051 0.8648356 0 0.2480964 0.8477302 0 0.2609445 0.8831311 0 0.2609445 0.8477302 0 0.3004654 0.8663005 0 0.3416495 0.8648051 0 0.315053 0.8477302 0 0.315053 0.8231174 0 0.3248493 0.8395209 0 0.3004654 0.8231174 0 0.315053 0.7778286 0 0.2609445 0.8231174 0 0.2480964 0.8477302 0 0.3004654 0.7778286 0 0.315053 0.5839323 0 0.2480964 0.8231174 0 0.2383307 0.8394446 0 0.2480964 0.7778286 0 0.2609445 0.7778286 0 0.2480964 0.5839323 0 0.3004654 0.5839323 0 0.315053 0.2933547 0 0.2609445 0.2933547 0 0.2480964 0.2933547 0 0.2480964 0.2356145 0 0.3004654 0.2933547 0 0.315053 0.2356145 0 0.2609445 0.2356145 0 0.2480964 0.190631 0 0.3004654 0.2356145 0 0.315053 0.190631 0 0.2609445 0.190631 0 0.2480964 0.01995879 0 0.3004654 0.190631 0 0.315053 0.01995879 0 0.2609445 0.01995879 0 0.3004654 0.01995879 0 0.3004654 0.0103609 0 0.2609445 0.0103609 0 0.4463874 0.04739451 0 0.4463874 0.02375829 0 0.4301823 0.02375829 0 0.4301823 0.04739451 0 0.4463874 0.07121384 0 0.4100404 0.02375829 0 0.4301823 0.07121384 0 0.4463874 0.09506369 0 0.4100404 0.04739451 0 0.4301823 0.09506369 0 0.3915923 0.04739451 0 0.3915923 0.02375829 0 0.4301823 0.1189288 0 0.4463874 0.1189288 0 0.3673457 0.04739451 0 0.3673457 0.02375829 0 0.3447776 0.02375829 0 0.3447776 0.04739451 0 0.3673457 0.07121384 0 0.3447776 0.07121384 0 0.3915923 0.07121384 0 0.4301823 0.07121384 0 0.3673457 0.09506369 0 0.3447776 0.09506369 0 0.3915923 0.09506369 0 0.3673457 0.1189288 0 0.3447776 0.1189288 0 0.3915923 0.1189288 0 0.3673457 0.142794 0 0.3447776 0.142794 0 0.4301823 0.142794 0 0.4463874 0.142794 0 0.3915923 0.142794 0 0.3673457 0.1666743 0 0.3447776 0.1666743 0 0.4301823 0.1666743 0 0.4463874 0.1666743 0 0.3915923 0.1666743 0 0.3673457 0.1905547 0 0.3447776 0.1905547 0 0.4301823 0.1905547 0 0.4463874 0.1905547 0 0.4463874 0.2144503 0 0.3915923 0.1905547 0 0.3673457 0.2144503 0 0.3447776 0.2144503 0 0.4100404 0.2144503 0 0.4301823 0.2382544 0 0.4463874 0.2383612 0 0.3915923 0.2383612 0 0.3673457 0.2383612 0 0.3447776 0.2383612 0 0.4301823 0.2622721 0 0.4463874 0.2622721 0 0.4463874 0.2862135 0 0.3673457 0.2622721 0 0.3447776 0.2622721 0 0.3447776 0.2862135 0 0.3915923 0.2622721 0 0.4301823 0.2863203 0 0.4463874 0.3101549 0 0.3915923 0.2862135 0 0.3673457 0.2862135 0 0.3447776 0.3101549 0 0.4100404 0.3101549 0 0.3673457 0.3101549 0 0.3447776 0.3341116 0 0.4301823 0.3341116 0 0.4463874 0.3341116 0 0.4463874 0.3580682 0 0.3915923 0.3341116 0 0.3673457 0.3341116 0 0.3447776 0.3580682 0 0.3915923 0.3580682 0 0.4301823 0.3580682 0 0.4463874 0.3820401 0 0.3673457 0.3580682 0 0.3447776 0.3820401 0 0.3915923 0.3820401 0 0.4301823 0.3820401 0 0.4463874 0.4060121 0 0.3673457 0.3820401 0 0.3447776 0.4060121 0 0.3915923 0.4060121 0 0.4301823 0.4060121 0 0.4463874 0.4299992 0 0.3673457 0.4060121 0 0.3447776 0.4299992 0 0.3915923 0.4299992 0 0.4301823 0.4299992 0 0.4301823 0.4539711 0 0.4301823 0.4539711 0 0.4463874 0.4539711 0 0.3915923 0.4539711 0 0.4301823 0.4779736 0 0.4100404 0.4779736 0 0.4463874 0.4779736 0 0.3673457 0.4299992 0 0.3447776 0.4539711 0 0.3673457 0.4539711 0 0.3447776 0.4779736 0 0.3915923 0.4779736 0 0.3673457 0.4779736 0 0.3447776 0.501976 0 0.4100404 0.501976 0 0.3915923 0.501976 0 0.3673457 0.501976 0 0.3447776 0.5261005 0 0.3673457 0.5261005 0 0.3447776 0.5504845 0 0.3673457 0.5504845 0 0.3915923 0.5504845 0 0.4100404 0.5261005 0 0.4100404 0.5504845 0 0.4301823 0.5504845 0 0.4301823 0.501976 0 0.4463874 0.501976 0 0.4301823 0.5261005 0 0.4463874 0.5504845 0 0.4463874 0.5261005 0 0.4301823 0.02375829 0 0.4463874 0.02375829 0 0.4463874 0.04739451 0 0.4301823 0.04739451 0 0.4463874 0.07121384 0 0.4100404 0.02375829 0 0.4301823 0.07121384 0 0.4463874 0.09506369 0 0.4100404 0.04739451 0 0.4301823 0.09506369 0 0.3915923 0.04739451 0 0.3915923 0.02375829 0 0.4301823 0.1189288 0 0.4463874 0.1189288 0 0.3673457 0.04739451 0 0.3673457 0.02375829 0 0.3447776 0.02375829 0 0.3447776 0.04739451 0 0.3673457 0.07121384 0 0.3447776 0.07121384 0 0.3915923 0.07121384 0 0.4301823 0.07121384 0 0.3673457 0.09506369 0 0.3447776 0.09506369 0 0.3915923 0.09506369 0 0.3673457 0.1189288 0 0.3447776 0.1189288 0 0.3915923 0.1189288 0 0.3673457 0.142794 0 0.3447776 0.142794 0 0.4301823 0.142794 0 0.4463874 0.142794 0 0.3915923 0.142794 0 0.3673457 0.1666743 0 0.3447776 0.1666743 0 0.4301823 0.1666743 0 0.4463874 0.1666743 0 0.3915923 0.1666743 0 0.3673457 0.1905547 0 0.3447776 0.1905547 0 0.4301823 0.1905547 0 0.4463874 0.1905547 0 0.4463874 0.2144503 0 0.3915923 0.1905547 0 0.3673457 0.2144503 0 0.3447776 0.2144503 0 0.4100404 0.2144503 0 0.4301823 0.2382544 0 0.4463874 0.2383612 0 0.3915923 0.2383612 0 0.3673457 0.2383612 0 0.3447776 0.2383612 0 0.4301823 0.2622721 0 0.4463874 0.2622721 0 0.4463874 0.2862135 0 0.3673457 0.2622721 0 0.3447776 0.2622721 0 0.3447776 0.2862135 0 0.3915923 0.2622721 0 0.3673457 0.2862135 0 0.3447776 0.3101549 0 0.3915923 0.2862135 0 0.3673457 0.3101549 0 0.3447776 0.3341116 0 0.4301823 0.2863203 0 0.4463874 0.3101549 0 0.4100404 0.3101549 0 0.4301823 0.3341116 0 0.4463874 0.3341116 0 0.4463874 0.3580682 0 0.3915923 0.3341116 0 0.3673457 0.3341116 0 0.3447776 0.3580682 0 0.3915923 0.3580682 0 0.4301823 0.3580682 0 0.4463874 0.3820401 0 0.3673457 0.3580682 0 0.3447776 0.3820401 0 0.3915923 0.3820401 0 0.4301823 0.3820401 0 0.4463874 0.4060121 0 0.3673457 0.3820401 0 0.3447776 0.4060121 0 0.3915923 0.4060121 0 0.4301823 0.4060121 0 0.4463874 0.4299992 0 0.3673457 0.4060121 0 0.3447776 0.4299992 0 0.3915923 0.4299992 0 0.4301823 0.4299992 0 0.4301823 0.4539711 0 0.4301823 0.4539711 0 0.4463874 0.4539711 0 0.3915923 0.4539711 0 0.4301823 0.4779736 0 0.4100404 0.4779736 0 0.4463874 0.4779736 0 0.3673457 0.4299992 0 0.3447776 0.4539711 0 0.3673457 0.4539711 0 0.3447776 0.4779736 0 0.3915923 0.4779736 0 0.3673457 0.4779736 0 0.3447776 0.501976 0 0.4100404 0.501976 0 0.3915923 0.501976 0 0.3673457 0.501976 0 0.3447776 0.5261005 0 0.3673457 0.5261005 0 0.3447776 0.5504845 0 0.3673457 0.5504845 0 0.3915923 0.5504845 0 0.4100404 0.5261005 0 0.4100404 0.5504845 0 0.4301823 0.5504845 0 0.4301823 0.501976 0 0.4463874 0.501976 0 0.4301823 0.5261005 0 0.4463874 0.5504845 0 0.4463874 0.5261005 0 0.1226673 0.9894255 0 0.09742886 0.9894255 0 0.1226673 0.9328298 0 0.09742886 0.9384909 0 0.1226673 0.8989242 0 0.07742428 0.956878 0 0.07742428 0.9894255 0 0.03253223 0.9894255 0 0.09742886 0.8917067 0 0.09742886 0.8400092 0 0.1226673 0.8679789 0 0.07742428 0.9166247 0 0.09742886 0.8125124 0 0.07742428 0.8450446 0 0.07742428 0.8985885 0 0.09742886 0.6756695 0 0.1226673 0.7827878 0 0.1226673 0.7224384 0 0.1226673 0.6607919 0 0.07742428 0.801709 0 0.03253223 0.8956588 0 0.03253223 0.8604867 0 0.03253223 0.9114824 0 0.01268025 0.8989395 0 0.03253223 0.9525292 0 0.01268025 0.9894255 0 0.01268025 0.9328451 0 0.01268025 0.8680094 0 0.01268025 0.7828488 0 0.03253223 0.761593 0 0.01268025 0.7225147 0 0.07742428 0.6945297 0 0.03253223 0.7060502 0 0.01268025 0.6608835 0 0.03253223 0.6628977 0 0.01268025 0.6376593 0 0.09742886 0.6528572 0 0.07742428 0.6620585 0 0.09742886 0.6265049 0 0.1226673 0.6375524 0 0.03253223 0.6101015 0 0.07742428 0.6029755 0 0.07742428 0.4992752 0 0.09742886 0.4992752 0 0.1226673 0.4992752 0 0.1226673 0.3616083 0 0.07742428 0.4992752 0 0.09742886 0.3717403 0 0.07742428 0.4992752 0 0.1226673 0.3383688 0 0.07742428 0.3962157 0 0.09742886 0.3453879 0 0.1226673 0.3028458 0 0.07742428 0.3371481 0 0.03253223 0.3884794 0 0.09742886 0.3126726 0 0.1226673 0.2767224 0 0.1226673 0.2400396 0 0.1226673 0.1311818 0 0.07742428 0.3046769 0 0.03253223 0.3356832 0 0.09742886 0.1857328 0 0.07742428 0.1974975 0 0.09742886 0.1582361 0 0.1226673 0.1002365 0 0.07742428 0.1541466 0 0.09742886 0.1065232 0 0.09742886 0.06080723 0 0.1226673 0.06633097 0 0.07742428 0.100618 0 0.09742886 0.009872615 0 0.1226673 0.009872615 0 0.07742428 0.04232854 0 0.07742428 0.009872615 0 0.07742428 0.08258182 0 0.03253223 0.009872615 0 0.03253223 0.1029373 0 0.03253223 0.08709848 0 0.03253223 0.046067 0 0.01268025 0.009872615 0 0.01268025 0.06645304 0 0.01268025 0.1003586 0 0.03253223 0.1380941 0 0.01268025 0.1312886 0 0.01268025 0.2401159 0 0.03253223 0.2370031 0 0.01268025 0.2767834 0 0.03253223 0.292546 0 0.01268025 0.3029069 0 0.01268025 0.3384146 0 0.01268025 0.3616388 0 0.02218662 0.436347 0 0.01268025 0.4992752 0 0.03253223 0.4992752 0 0.02218662 0.5628595 0 0.2463111 0.9348592 0 0.2609445 0.8831311 0 0.2290379 0.9604486 0 0.09742886 0.9894255 0 0.09742886 0.9384909 0 0.1226673 0.9894255 0 0.03253223 0.9894255 0 0.09742886 0.9384909 0 0.09742886 0.9894255 0 0.09742886 0.06080723 0 0.03253223 0.009872615 0 0.09742886 0.009872615 0 0.09742886 0.06080723 0 0.09742886 0.009872615 0 0.1226673 0.009872615 0 0.2480964 0.2356145 0 0.2609445 0.190631 0 0.2480964 0.01995879 0 0.2480964 0.2933547 0 0.2609445 0.2933547 0 0.2480964 0.5839323 0 0.2609445 0.7778286 0 0.3004654 0.8231174 0 0.2609445 0.8477302 0 0.2609445 0.7778286 0 0.2383307 0.8394446 0 0.2218051 0.8648356 0 0.2409094 0.8913863 0 0.3004654 0.8831311 0 0.2463111 0.9348592 0 0.3004654 0.9348592 0 0.3225299 0.8912184 0 0.315053 0.8477302 0 0.315053 0.5839323 0 0.3004654 0.5839323 0 0.315053 0.2933547 0 0.3004654 0.2933547 0 0.2480964 0.2356145 0 0.315053 0.2356145 0 0.3004654 0.2356145 0 0.3004654 0.190631 0 0.2609445 0.190631 0 0.3004654 0.190631 0 0.3004654 0.01995879 0 0.2480964 0.01995879 0 0.2609445 0.190631 0 0.2480964 0.2356145 0 0.2480964 0.01995879 0 0.2609445 0.2933547 0 0.2480964 0.2933547 0 0.2480964 0.5839323 0 0.2609445 0.7778286 0 0.3004654 0.5839323 0 0.3004654 0.7778286 0 0.2609445 0.8477302 0 0.2383307 0.8394446 0 0.2609445 0.7778286 0 0.315053 0.5839323 0 0.315053 0.8477302 0 0.315053 0.2933547 0 0.3004654 0.8663005 0 0.3416495 0.8648051 0 0.3004654 0.9348592 0 0.2609445 0.8831311 0 0.2218051 0.8648356 0 0.2609445 0.8831311 0 0.2463111 0.9348592 0 0.3325399 0.9604486 0 0.3275807 0.9348592 0 0.3004654 0.9604486 0 0.2609445 0.9604486 0 0.2290379 0.9604486 0 0.2609445 0.9882963 0 0.3004654 0.9882963 0 0.3004654 0.2933547 0 0.315053 0.2356145 0 0.2480964 0.2356145 0 0.3004654 0.2356145 0 0.3004654 0.190631 0 0.2609445 0.190631 0 0.3004654 0.190631 0 0.3004654 0.01995879 0 0.2480964 0.01995879 0 0.1226673 0.8989242 0 0.09742886 0.8917067 0 0.09742886 0.8400092 0 0.1226673 0.8679789 0 0.03253223 0.8604867 0 0.09742886 0.8917067 0 0.01268025 0.8989395 0 0.09742886 0.8400092 0 0.4301823 0.02375829 0 0.4463874 0.02375829 0 0.4463874 0.04739451 0 0.4301823 0.04739451 0 0.4463874 0.09506369 0 0.3673457 0.02375829 0 0.4301823 0.02375829 0 0.4301823 0.09506369 0 0.4463874 0.1189288 0 0.3673457 0.07121384 0 0.3447776 0.04739451 0 0.3447776 0.02375829 0 0.3447776 0.09506369 0 0.3673457 0.1189288 0 0.3447776 0.1189288 0 0.4301823 0.142794 0 0.4463874 0.1666743 0 0.3673457 0.142794 0 0.3447776 0.1666743 0 0.4301823 0.1905547 0 0.4463874 0.2144503 0 0.3915923 0.1666743 0 0.3673457 0.1905547 0 0.3673457 0.1905547 0 0.3447776 0.2144503 0 0.3915923 0.2144503 0 0.3673457 0.2383612 0 0.3447776 0.2383612 0 0.4301823 0.2382544 0 0.4463874 0.2383612 0 0.3673457 0.2622721 0 0.3447776 0.2862135 0 0.4301823 0.2622721 0 0.4463874 0.2862135 0 0.3673457 0.2862135 0 0.3447776 0.3101549 0 0.4301823 0.2863203 0 0.4463874 0.3101549 0 0.3673457 0.3341116 0 0.3447776 0.3580682 0 0.3915923 0.3101549 0 0.4301823 0.3341116 0 0.3673457 0.3341116 0 0.4463874 0.3580682 0 0.3915923 0.3580682 0 0.4301823 0.3820401 0 0.4463874 0.4060121 0 0.3673457 0.3820401 0 0.3447776 0.4060121 0 0.3915923 0.4060121 0 0.3447776 0.4299992 0 0.4301823 0.4299992 0 0.4463874 0.4299992 0 0.3673457 0.4539711 0 0.3447776 0.4779736 0 0.4301823 0.4539711 0 0.4463874 0.4779736 0 0.3673457 0.4779736 0 0.4301823 0.501976 0 0.4463874 0.5261005 0 0.4301823 0.5504845 0 0.4463874 0.5504845 0 0.4301823 0.501976 0 0.3673457 0.5261005 0 0.4301823 0.5504845 0 0.3447776 0.5261005 0 0.3673457 0.5504845 0 0.3447776 0.5504845 0 0.03253223 0.9894255 0 0.01268025 0.8989395 0 0.09742886 0.8917067 0 0.09742886 0.9384909 0 0.1226673 0.8989242 0 0.1226673 0.9894255 0 0.03253223 0.1380941 0 0.01268025 0.1003586 0 0.09742886 0.1065232 0 0.09742886 0.1582361 0 0.1226673 0.1002365 0 0.1226673 0.1311818 0 0.01268025 0.1003586 0 0.03253223 0.009872615 0 0.09742886 0.1065232 0 0.09742886 0.06080723 0 0.1226673 0.1002365 0 0.1226673 0.009872615 0 0.1629511 0.9665064 0 0.1629511 0.9946288 0 0.1872129 0.9946288 0 0.1872129 0.9565881 0 0.1872129 0.9565881 0 0.1629511 0.9565881 0 0.1629511 0.9150225 0 0.1872129 0.9565881 0 0.1872129 0.9150225 0 0.1872129 0.8899062 0 0.1629511 0.8661631 0 0.1872129 0.8666056 0 0.1872129 0.8555123 0 0.1872129 0.7918975 0 0.1872129 0.5820554 0 0.1629511 0.5820554 0 0.1872129 0.269688 0 0.1629511 0.269688 0 0.1872129 0.2253758 0 0.1629511 0.2253758 0 0.1629511 0.1878843 0 0.1629511 0.004104674 0 0.1872129 0.004104674 0 0.1629511 0.9946288 0 0.1629511 0.9665064 0 0.1872129 0.9946288 0 0.1872129 0.9565881 0 0.1629511 0.9565881 0 0.1872129 0.9565881 0 0.1629511 0.88925 0 0.1872129 0.8899062 0 0.1629511 0.8661631 0 0.1872129 0.8666056 0 0.1872129 0.8555123 0 0.1872129 0.7918975 0 0.1872129 0.5820554 0 0.1629511 0.5820554 0 0.1872129 0.269688 0 0.1629511 0.269688 0 0.1872129 0.2253758 0 0.1629511 0.2253758 0 0.1629511 0.1878843 0 0.1629511 0.004104674 0 0.1872129 0.004104674 0 0.4463874 0.04739451 0 0.4463874 0.02375829 0 0.4301823 0.02375829 0 0.4301823 0.04739451 0 0.4463874 0.09506369 0 0.4301823 0.02375829 0 0.3673457 0.02375829 0 0.4301823 0.09506369 0 0.4463874 0.1189288 0 0.3673457 0.07121384 0 0.3447776 0.04739451 0 0.3447776 0.02375829 0 0.3447776 0.09506369 0 0.3673457 0.1189288 0 0.3447776 0.1189288 0 0.4301823 0.142794 0 0.4463874 0.1666743 0 0.3673457 0.142794 0 0.3447776 0.1666743 0 0.4301823 0.1905547 0 0.4463874 0.2144503 0 0.3915923 0.1666743 0 0.3673457 0.1905547 0 0.3673457 0.1905547 0 0.3447776 0.2144503 0 0.3915923 0.2144503 0 0.3673457 0.2383612 0 0.3447776 0.2383612 0 0.4301823 0.2382544 0 0.4463874 0.2383612 0 0.4463874 0.2862135 0 0.3673457 0.2622721 0 0.3447776 0.2862135 0 0.4301823 0.2863203 0 0.3673457 0.3101549 0 0.3447776 0.3341116 0 0.3673457 0.3341116 0 0.3447776 0.3580682 0 0.4301823 0.3341116 0 0.4463874 0.3341116 0 0.3673457 0.3101549 0 0.3673457 0.3341116 0 0.4463874 0.3580682 0 0.3915923 0.3580682 0 0.4301823 0.3820401 0 0.4463874 0.4060121 0 0.3673457 0.3820401 0 0.3447776 0.4060121 0 0.4301823 0.4299992 0 0.4463874 0.4539711 0 0.3673457 0.4060121 0 0.3447776 0.4539711 0 0.4301823 0.4779736 0 0.4463874 0.4779736 0 0.3673457 0.4779736 0 0.3447776 0.4779736 0 0.4301823 0.501976 0 0.4301823 0.501976 0 0.4463874 0.5261005 0 0.4100404 0.5261005 0 0.4301823 0.5504845 0 0.4463874 0.5504845 0 0.3673457 0.5261005 0 0.4100404 0.5261005 0 0.3447776 0.5261005 0 0.3673457 0.5504845 0 0.4301823 0.5504845 0 0.3447776 0.5504845 0 0.09742886 0.6756695 0 0.01268025 0.6608835 0 0.03253223 0.6101015 0 0.09742886 0.4992752 0 0.1226673 0.6607919 0 0.1226673 0.4992752 0 0.1226673 0.3383688 0 0.09742886 0.3717403 0 0.09742886 0.3126726 0 0.1226673 0.2767224 0 0.1226673 0.1311818 0 0.09742886 0.1582361 0 0.07742428 0.1974975 0 0.03253223 0.1380941 0 0.07742428 0.3046769 0 0.01268025 0.2767834 0 0.01268025 0.3384146 0 0.03253223 0.3884794 0 0.09742886 0.4992752 0 0.01268025 0.4992752 0 0.03253223 0.6101015 0 0.01268025 0.6608835 0 0.2609445 0.9882963 0 0.3004654 0.9882963 0 0.3004654 0.9604486 0 0.2609445 0.9604486 0 0.2463111 0.9348592 0 0.2290379 0.9604486 0 0.3004654 0.9348592 0 0.3325399 0.9604486 0 0.3275807 0.9348592 0 0.09742886 0.6756695 0 0.1226673 0.6607919 0 0.1226673 0.7224384 0 0.1226673 0.8679789 0 0.09742886 0.8400092 0 0.07742428 0.801709 0 0.09742886 0.8400092 0 0.03253223 0.8604867 0 0.07742428 0.6945297 0 0.01268025 0.6608835 0 0.01268025 0.7225147 0</float_array>
          <technique_common>
            <accessor source="#geom-Hed_EYE029__M_EYE029metal-map1-array" count="1512" stride="3">
              <param name="S" type="float"/>
              <param name="T" type="float"/>
              <param name="P" type="float"/>
            </accessor>
          </technique_common>
        </source>
        <vertices id="geom-Hed_EYE029__M_EYE029metal-vertices">
          <input semantic="POSITION" source="#geom-Hed_EYE029__M_EYE029metal-positions"/>
        </vertices>
        <triangles material="M_EYE029metal" count="988">
          <input semantic="VERTEX" source="#geom-Hed_EYE029__M_EYE029metal-vertices" offset="0"/>
          <input semantic="NORMAL" source="#geom-Hed_EYE029__M_EYE029metal-normals" offset="1"/>
          <input semantic="COLOR" source="#geom-Hed_EYE029__M_EYE029metal-map0" offset="2" set="0"/>
          <input semantic="TEXCOORD" source="#geom-Hed_EYE029__M_EYE029metal-map1" offset="3" set="0"/>
          <p>0 0 0 0 1 1 1 1 2 2 2 2 3 3 3 3 4 4 4 4 5 5 5 5 4 4 4 4 6 6 6 6 5 5 5 5 7 7 7 7 5 5 5 5 6 6 6 6 8 8 8 8 7 7 7 7 6 6 6 6 9 9 9 9 7 7 7 7 8 8 8 8 10 10 10 10 9 9 9 9 8 8 8 8 7 7 7 7 9 9 9 9 11 11 11 11 9 9 9 9 10 10 10 10 11 11 11 11 10 10 10 10 12 12 12 12 11 11 11 11 13 13 13 13 11 11 11 11 12 12 12 12 14 14 14 14 13 13 13 13 12 12 12 12 14 14 14 14 15 15 15 15 13 13 13 13 15 15 15 15 16 16 16 16 13 13 13 13 15 15 15 15 17 17 17 17 16 16 16 16 17 17 17 17 18 18 18 18 16 16 16 16 18 18 18 18 17 17 17 17 19 19 19 19 20 20 20 20 18 18 18 18 19 19 19 19 19 19 19 19 21 21 21 21 20 20 20 20 21 21 21 21 22 22 22 22 20 20 20 20 22 22 22 22 21 21 21 21 23 23 23 23 21 21 21 21 24 24 24 24 23 23 23 23 24 24 24 24 25 25 25 25 23 23 23 23 25 25 25 25 26 26 26 26 23 23 23 23 26 26 26 26 25 25 25 25 27 27 27 27 28 28 28 28 26 26 26 26 27 27 27 27 28 28 28 28 27 27 27 27 29 29 29 29 30 30 30 30 28 28 28 28 29 29 29 29 29 29 29 29 31 31 31 31 30 30 30 30 31 31 31 31 32 32 32 32 30 30 30 30 31 31 31 31 33 33 33 33 32 32 32 32 33 33 33 33 34 34 34 34 32 32 32 32 34 34 34 34 33 33 33 33 35 35 35 35 36 36 36 36 34 34 34 34 35 35 35 35 36 36 36 36 35 35 35 35 37 37 37 37 38 38 38 38 36 36 36 36 37 37 37 37 38 38 38 38 37 37 37 37 39 39 39 39 37 37 37 37 40 40 40 40 39 39 39 39 39 39 39 39 40 40 40 40 41 41 41 41 40 40 40 40 42 42 42 42 41 41 41 41 43 43 43 43 44 44 44 44 45 45 45 45 46 46 46 46 43 43 43 43 45 45 45 45 46 46 46 46 45 45 45 45 47 47 47 47 48 48 48 48 46 46 46 46 47 47 47 47 48 48 48 48 47 47 47 47 49 49 49 49 47 47 47 47 50 50 50 50 49 49 49 49 50 50 50 50 51 51 51 51 52 52 52 52 50 50 50 50 52 52 52 52 53 53 53 53 50 50 50 50 53 53 53 53 54 54 54 54 50 50 50 50 54 54 54 54 49 49 49 49 55 55 55 55 48 48 48 48 49 49 49 49 48 48 48 48 55 55 55 55 56 56 56 56 49 49 49 49 54 54 54 54 57 57 57 57 49 49 49 49 57 57 57 57 55 55 55 55 54 54 54 54 58 58 58 58 57 57 57 57 59 59 59 59 60 60 60 60 56 56 56 56 61 61 61 61 62 62 62 62 59 59 59 59 56 56 56 56 61 61 61 61 59 59 59 59 63 63 63 63 61 61 61 61 56 56 56 56 55 55 55 55 63 63 63 63 56 56 56 56 55 55 55 55 64 64 64 64 63 63 63 63 57 57 57 57 64 64 64 64 55 55 55 55 64 64 64 64 65 65 65 65 63 63 63 63 64 64 64 64 57 57 57 57 66 66 66 66 65 65 65 65 64 64 64 64 66 66 66 66 57 57 57 57 67 67 67 67 66 66 66 66 57 57 57 57 58 58 58 58 67 67 67 67 68 68 68 68 65 65 65 65 66 66 66 66 68 68 68 68 69 69 69 69 65 65 65 65 68 68 68 68 70 70 70 70 69 69 69 69 68 68 68 68 66 66 66 66 71 71 71 71 66 66 66 66 67 67 67 67 71 71 71 71 70 70 70 70 68 68 68 68 72 72 72 72 72 72 72 72 68 68 68 68 71 71 71 71 73 73 73 73 70 70 70 70 72 72 72 72 74 74 74 74 73 73 73 73 72 72 72 72 75 75 75 75 74 74 74 74 72 72 72 72 76 76 76 76 77 77 77 77 75 75 75 75 78 78 78 78 76 76 76 76 75 75 75 75 75 75 75 75 72 72 72 72 79 79 79 79 72 72 72 72 71 71 71 71 79 79 79 79 78 78 78 78 75 75 75 75 80 80 80 80 75 75 75 75 79 79 79 79 80 80 80 80 78 78 78 78 80 80 80 80 81 81 81 81 71 71 71 71 82 82 82 82 79 79 79 79 67 67 67 67 82 82 82 82 71 71 71 71 79 79 79 79 83 83 83 83 80 80 80 80 82 82 82 82 83 83 83 83 79 79 79 79 80 80 80 80 84 84 84 84 81 81 81 81 85 85 85 85 81 81 81 81 84 84 84 84 67 67 67 67 86 86 86 86 82 82 82 82 58 58 58 58 86 86 86 86 67 67 67 67 58 58 58 58 87 87 87 87 86 86 86 86 87 87 87 87 88 88 88 88 86 86 86 86 86 86 86 86 89 89 89 89 82 82 82 82 86 86 86 86 88 88 88 88 89 89 89 89 82 82 82 82 89 89 89 89 83 83 83 83 88 88 88 88 90 90 90 90 89 89 89 89 90 90 90 90 91 91 91 91 89 89 89 89 91 91 91 91 92 92 92 92 89 89 89 89 89 89 89 89 92 92 92 92 83 83 83 83 93 93 93 93 94 94 94 94 92 92 92 92 94 94 94 94 95 95 95 95 92 92 92 92 83 83 83 83 92 92 92 92 96 96 96 96 92 92 92 92 95 95 95 95 96 96 96 96 83 83 83 83 96 96 96 96 80 80 80 80 96 96 96 96 95 95 95 95 97 97 97 97 80 80 80 80 96 96 96 96 84 84 84 84 98 98 98 98 96 96 96 96 97 97 97 97 96 96 96 96 98 98 98 98 84 84 84 84 98 98 98 98 97 97 97 97 99 99 99 99 100 100 100 100 84 84 84 84 98 98 98 98 100 100 100 100 85 85 85 85 84 84 84 84 101 101 101 101 98 98 98 98 99 99 99 99 101 101 101 101 100 100 100 100 98 98 98 98 99 99 99 99 102 102 102 102 101 101 101 101 85 85 85 85 100 100 100 100 103 103 103 103 103 103 103 103 100 100 100 100 101 101 101 101 104 104 104 104 85 85 85 85 103 103 103 103 104 104 104 104 103 103 103 103 105 105 105 105 102 102 102 102 106 106 106 106 101 101 101 101 106 106 106 106 103 103 103 103 101 101 101 101 102 102 102 102 107 107 107 107 106 106 106 106 103 103 103 103 108 108 108 108 105 105 105 105 108 108 108 108 103 103 103 103 106 106 106 106 105 105 105 105 108 108 108 108 109 109 109 109 107 107 107 107 110 110 110 110 106 106 106 106 110 110 110 110 108 108 108 108 106 106 106 106 107 107 107 107 111 111 111 111 110 110 110 110 108 108 108 108 112 112 112 112 109 109 109 109 112 112 112 112 108 108 108 108 110 110 110 110 109 109 109 109 112 112 112 112 113 113 113 113 111 111 111 111 114 114 114 114 110 110 110 110 114 114 114 114 112 112 112 112 110 110 110 110 111 111 111 111 115 115 115 115 114 114 114 114 112 112 112 112 116 116 116 116 113 113 113 113 115 115 115 115 117 117 117 117 114 114 114 114 114 114 114 114 117 117 117 117 112 112 112 112 117 117 117 117 116 116 116 116 112 112 112 112 116 116 116 116 117 117 117 117 118 118 118 118 119 119 119 119 116 116 116 116 118 118 118 118 120 120 120 120 121 121 121 121 122 122 122 122 123 123 123 123 120 120 120 120 122 122 122 122 122 122 122 122 124 124 124 124 123 123 123 123 124 124 124 124 125 125 125 125 123 123 123 123 124 124 124 124 126 126 126 126 125 125 125 125 126 126 126 126 127 127 127 127 125 125 125 125 126 126 126 126 128 128 128 128 127 127 127 127 128 128 128 128 129 129 129 129 127 127 127 127 128 128 128 128 130 130 130 130 129 129 129 129 130 130 130 130 131 131 131 131 129 129 129 129 131 131 131 131 130 130 130 130 132 132 132 132 130 130 130 130 133 133 133 133 132 132 132 132 134 134 134 134 132 132 132 132 133 133 133 133 135 135 135 135 134 134 134 134 133 133 133 133 136 136 136 136 134 134 134 134 135 135 135 135 137 137 137 137 136 136 136 136 135 135 135 135 138 138 138 138 136 136 136 136 137 137 137 137 139 139 139 139 138 138 138 138 137 137 137 137 138 138 138 138 139 139 139 139 140 140 140 140 141 141 141 141 138 138 138 138 140 140 140 140 141 141 141 141 140 140 140 140 142 142 142 142 140 140 140 140 143 143 143 143 142 142 142 142 142 142 142 142 143 143 143 143 144 144 144 144 143 143 143 143 145 145 145 145 144 144 144 144 146 146 146 146 144 144 144 144 145 145 145 145 147 147 147 147 146 146 146 146 145 145 145 145 148 148 148 148 146 146 146 146 147 147 147 147 149 149 149 149 148 148 148 148 147 147 147 147 148 148 148 148 149 149 149 149 150 150 150 150 149 149 149 149 151 151 151 151 150 150 150 150 152 152 152 152 150 150 150 150 151 151 151 151 153 153 153 153 152 152 152 152 151 151 151 151 154 154 154 154 152 152 152 152 153 153 153 153 155 155 155 155 154 154 154 154 153 153 153 153 154 154 154 154 155 155 155 155 156 156 156 156 157 157 157 157 154 154 154 154 156 156 156 156 157 157 157 157 156 156 156 156 158 158 158 158 159 159 159 159 157 157 157 157 158 158 158 158 160 160 160 160 161 161 161 161 162 162 162 162 163 163 163 163 160 160 160 160 162 162 162 162 160 160 160 160 163 163 163 163 164 164 164 164 163 163 163 163 165 165 165 165 164 164 164 164 166 166 166 166 164 164 164 164 165 165 165 165 167 167 167 167 164 164 164 164 166 166 166 166 167 167 167 167 168 168 168 168 169 169 169 169 167 167 167 167 170 170 170 170 168 168 168 168 167 167 167 167 171 171 171 171 170 170 170 170 171 171 171 171 167 167 167 167 166 166 166 166 172 172 172 172 166 166 166 166 165 165 165 165 171 171 171 171 166 166 166 166 173 173 173 173 173 173 173 173 166 166 166 166 172 172 172 172 174 174 174 174 171 171 171 171 173 173 173 173 172 172 172 172 165 165 165 165 175 175 175 175 176 176 176 176 175 175 175 175 177 177 177 177 178 178 178 178 179 179 179 179 176 176 176 176 179 179 179 179 175 175 175 175 176 176 176 176 180 180 180 180 175 175 175 175 179 179 179 179 180 180 180 180 172 172 172 172 175 175 175 175 181 181 181 181 172 172 172 172 180 180 180 180 181 181 181 181 173 173 173 173 172 172 172 172 182 182 182 182 181 181 181 181 180 180 180 180 173 173 173 173 181 181 181 181 183 183 183 183 183 183 183 183 181 181 181 181 182 182 182 182 184 184 184 184 173 173 173 173 183 183 183 183 174 174 174 174 173 173 173 173 184 184 184 184 185 185 185 185 183 183 183 183 182 182 182 182 185 185 185 185 182 182 182 182 186 186 186 186 185 185 185 185 186 186 186 186 187 187 187 187 188 188 188 188 183 183 183 183 185 185 185 185 184 184 184 184 183 183 183 183 188 188 188 188 185 185 185 185 187 187 187 187 189 189 189 189 189 189 189 189 188 188 188 188 185 185 185 185 187 187 187 187 190 190 190 190 189 189 189 189 189 189 189 189 190 190 190 190 191 191 191 191 192 192 192 192 189 189 189 189 191 191 191 191 192 192 192 192 193 193 193 193 194 194 194 194 195 195 195 195 192 192 192 192 194 194 194 194 196 196 196 196 188 188 188 188 189 189 189 189 192 192 192 192 196 196 196 196 189 189 189 189 195 195 195 195 197 197 197 197 192 192 192 192 197 197 197 197 196 196 196 196 192 192 192 192 195 195 195 195 198 198 198 198 197 197 197 197 199 199 199 199 188 188 188 188 196 196 196 196 199 199 199 199 184 184 184 184 188 188 188 188 200 200 200 200 196 196 196 196 197 197 197 197 200 200 200 200 199 199 199 199 196 196 196 196 198 198 198 198 201 201 201 201 197 197 197 197 198 198 198 198 202 202 202 202 201 201 201 201 203 203 203 203 200 200 200 200 197 197 197 197 197 197 197 197 201 201 201 201 203 203 203 203 204 204 204 204 184 184 184 184 199 199 199 199 204 204 204 204 174 174 174 174 184 184 184 184 174 174 174 174 204 204 204 204 205 205 205 205 205 205 205 205 204 204 204 204 206 206 206 206 207 207 207 207 204 204 204 204 199 199 199 199 204 204 204 204 207 207 207 207 206 206 206 206 207 207 207 207 199 199 199 199 200 200 200 200 207 207 207 207 208 208 208 208 206 206 206 206 209 209 209 209 208 208 208 208 207 207 207 207 210 210 210 210 209 209 209 209 207 207 207 207 210 210 210 210 207 207 207 207 200 200 200 200 210 210 210 210 200 200 200 200 203 203 203 203 211 211 211 211 212 212 212 212 210 210 210 210 213 213 213 213 211 211 211 211 210 210 210 210 213 213 213 213 210 210 210 210 203 203 203 203 214 214 214 214 213 213 213 213 203 203 203 203 215 215 215 215 214 214 214 214 203 203 203 203 201 201 201 201 215 215 215 215 203 203 203 203 214 214 214 214 215 215 215 215 216 216 216 216 201 201 201 201 217 217 217 217 215 215 215 215 202 202 202 202 217 217 217 217 201 201 201 201 215 215 215 215 218 218 218 218 216 216 216 216 217 217 217 217 218 218 218 218 215 215 215 215 216 216 216 216 218 218 218 218 219 219 219 219 220 220 220 220 217 217 217 217 202 202 202 202 217 217 217 217 220 220 220 220 218 218 218 218 221 221 221 221 220 220 220 220 202 202 202 202 220 220 220 220 221 221 221 221 222 222 222 222 218 218 218 218 223 223 223 223 219 219 219 219 220 220 220 220 223 223 223 223 218 218 218 218 224 224 224 224 219 219 219 219 223 223 223 223 225 225 225 225 220 220 220 220 222 222 222 222 220 220 220 220 225 225 225 225 223 223 223 223 225 225 225 225 222 222 222 222 226 226 226 226 227 227 227 227 224 224 224 224 223 223 223 223 225 225 225 225 227 227 227 227 223 223 223 223 228 228 228 228 224 224 224 224 227 227 227 227 229 229 229 229 225 225 225 225 226 226 226 226 225 225 225 225 229 229 229 229 227 227 227 227 229 229 229 229 226 226 226 226 230 230 230 230 231 231 231 231 228 228 228 228 227 227 227 227 229 229 229 229 231 231 231 231 227 227 227 227 232 232 232 232 228 228 228 228 231 231 231 231 233 233 233 233 229 229 229 229 230 230 230 230 234 234 234 234 232 232 232 232 231 231 231 231 231 231 231 231 229 229 229 229 234 234 234 234 229 229 229 229 233 233 233 233 234 234 234 234 234 234 234 234 233 233 233 233 235 235 235 235 233 233 233 233 236 236 236 236 235 235 235 235 237 237 237 237 238 238 238 238 239 239 239 239 240 240 240 240 237 237 237 237 239 239 239 239 241 241 241 241 237 237 237 237 240 240 240 240 240 240 240 240 239 239 239 239 242 242 242 242 243 243 243 243 241 241 241 241 240 240 240 240 244 244 244 244 241 241 241 241 243 243 243 243 245 245 245 245 240 240 240 240 242 242 242 242 243 243 243 243 240 240 240 240 245 245 245 245 245 245 245 245 242 242 242 242 246 246 246 246 242 242 242 242 247 247 247 247 246 246 246 246 248 248 248 248 243 243 243 243 245 245 245 245 246 246 246 246 247 247 247 247 249 249 249 249 247 247 247 247 250 250 250 250 249 249 249 249 249 249 249 249 250 250 250 250 251 251 251 251 252 252 252 252 249 249 249 249 251 251 251 251 253 253 253 253 249 249 249 249 252 252 252 252 246 246 246 246 249 249 249 249 253 253 253 253 254 254 254 254 253 253 253 253 252 252 252 252 245 245 245 245 246 246 246 246 255 255 255 255 255 255 255 255 246 246 246 246 253 253 253 253 248 248 248 248 245 245 245 245 255 255 255 255 256 256 256 256 253 253 253 253 254 254 254 254 255 255 255 255 253 253 253 253 256 256 256 256 257 257 257 257 256 256 256 256 254 254 254 254 258 258 258 258 255 255 255 255 256 256 256 256 248 248 248 248 255 255 255 255 258 258 258 258 259 259 259 259 256 256 256 256 257 257 257 257 258 258 258 258 256 256 256 256 259 259 259 259 260 260 260 260 259 259 259 259 257 257 257 257 261 261 261 261 248 248 248 248 258 258 258 258 262 262 262 262 259 259 259 259 260 260 260 260 263 263 263 263 262 262 262 262 260 260 260 260 264 264 264 264 258 258 258 258 259 259 259 259 264 264 264 264 259 259 259 259 262 262 262 262 261 261 261 261 258 258 258 258 264 264 264 264 265 265 265 265 262 262 262 262 263 263 263 263 266 266 266 266 265 265 265 265 263 263 263 263 267 267 267 267 264 264 264 264 262 262 262 262 267 267 267 267 262 262 262 262 265 265 265 265 268 268 268 268 265 265 265 265 266 266 266 266 269 269 269 269 268 268 268 268 266 266 266 266 270 270 270 270 267 267 267 267 265 265 265 265 270 270 270 270 265 265 265 265 268 268 268 268 271 271 271 271 264 264 264 264 267 267 267 267 271 271 271 271 261 261 261 261 264 264 264 264 272 272 272 272 267 267 267 267 270 270 270 270 272 272 272 272 271 271 271 271 267 267 267 267 273 273 273 273 268 268 268 268 269 269 269 269 274 274 274 274 273 273 273 273 269 269 269 269 275 275 275 275 270 270 270 270 268 268 268 268 275 275 275 275 268 268 268 268 273 273 273 273 276 276 276 276 273 273 273 273 274 274 274 274 277 277 277 277 276 276 276 276 274 274 274 274 278 278 278 278 275 275 275 275 273 273 273 273 278 278 278 278 273 273 273 273 276 276 276 276 279 279 279 279 270 270 270 270 275 275 275 275 279 279 279 279 272 272 272 272 270 270 270 270 280 280 280 280 275 275 275 275 278 278 278 278 280 280 280 280 279 279 279 279 275 275 275 275 281 281 281 281 278 278 278 278 276 276 276 276 282 282 282 282 276 276 276 276 277 277 277 277 281 281 281 281 276 276 276 276 282 282 282 282 283 283 283 283 282 282 282 282 277 277 277 277 282 282 282 282 283 283 283 283 284 284 284 284 285 285 285 285 278 278 278 278 281 281 281 281 285 285 285 285 280 280 280 280 278 278 278 278 286 286 286 286 282 282 282 282 284 284 284 284 286 286 286 286 284 284 284 284 287 287 287 287 288 288 288 288 281 281 281 281 282 282 282 282 289 289 289 289 286 286 286 286 287 287 287 287 289 289 289 289 287 287 287 287 290 290 290 290 286 286 286 286 291 291 291 291 282 282 282 282 291 291 291 291 288 288 288 288 282 282 282 282 289 289 289 289 292 292 292 292 286 286 286 286 292 292 292 292 291 291 291 291 286 286 286 286 293 293 293 293 289 289 289 289 290 290 290 290 293 293 293 293 290 290 290 290 294 294 294 294 295 295 295 295 292 292 292 292 289 289 289 289 293 293 293 293 295 295 295 295 289 289 289 289 296 296 296 296 293 293 293 293 294 294 294 294 296 296 296 296 294 294 294 294 297 297 297 297 298 298 298 298 295 295 295 295 293 293 293 293 296 296 296 296 298 298 298 298 293 293 293 293 299 299 299 299 296 296 296 296 297 297 297 297 299 299 299 299 297 297 297 297 300 300 300 300 301 301 301 301 298 298 298 298 296 296 296 296 299 299 299 299 301 301 301 301 296 296 296 296 302 302 302 302 299 299 299 299 300 300 300 300 302 302 302 302 300 300 300 300 303 303 303 303 304 304 304 304 301 301 301 301 299 299 299 299 302 302 302 302 304 304 304 304 299 299 299 299 305 305 305 305 302 302 302 302 303 303 303 303 305 305 305 305 303 303 303 303 306 306 306 306 307 307 307 307 304 304 304 304 302 302 302 302 305 305 305 305 307 307 307 307 302 302 302 302 308 308 308 308 305 305 305 305 306 306 306 306 308 308 308 308 306 306 306 306 309 309 309 309 310 310 310 310 307 307 307 307 305 305 305 305 308 308 308 308 310 310 310 310 305 305 305 305 311 311 311 311 308 308 308 308 309 309 309 309 311 311 311 311 309 309 309 309 312 312 312 312 313 313 313 313 310 310 310 310 308 308 308 308 311 311 311 311 313 313 313 313 308 308 308 308 314 314 314 314 311 311 311 311 312 312 312 312 314 314 314 314 312 312 312 312 315 315 315 315 316 316 316 316 313 313 313 313 311 311 311 311 314 314 314 314 316 316 316 316 311 311 311 311 317 317 317 317 318 318 318 318 315 315 315 315 319 319 319 319 314 314 314 314 315 315 315 315 318 318 318 318 319 319 319 319 315 315 315 315 319 319 319 319 320 320 320 320 314 314 314 314 320 320 320 320 319 319 319 319 318 318 318 318 320 320 320 320 316 316 316 316 314 314 314 314 321 321 321 321 320 320 320 320 318 318 318 318 322 322 322 322 320 320 320 320 321 321 321 321 320 320 320 320 322 322 322 322 316 316 316 316 323 323 323 323 322 322 322 322 321 321 321 321 323 323 323 323 324 324 324 324 322 322 322 322 322 322 322 322 325 325 325 325 316 316 316 316 316 316 316 316 325 325 325 325 313 313 313 313 324 324 324 324 326 326 326 326 322 322 322 322 324 324 324 324 327 327 327 327 326 326 326 326 327 327 327 327 328 328 328 328 326 326 326 326 328 328 328 328 329 329 329 329 326 326 326 326 326 326 326 326 330 330 330 330 322 322 322 322 329 329 329 329 330 330 330 330 326 326 326 326 330 330 330 330 325 325 325 325 322 322 322 322 329 329 329 329 331 331 331 331 330 330 330 330 331 331 331 331 332 332 332 332 330 330 330 330 330 330 330 330 332 332 332 332 325 325 325 325 331 331 331 331 333 333 333 333 332 332 332 332 325 325 325 325 334 334 334 334 313 313 313 313 332 332 332 332 334 334 334 334 325 325 325 325 313 313 313 313 334 334 334 334 310 310 310 310 333 333 333 333 335 335 335 335 332 332 332 332 332 332 332 332 335 335 335 335 334 334 334 334 333 333 333 333 336 336 336 336 335 335 335 335 334 334 334 334 337 337 337 337 310 310 310 310 335 335 335 335 337 337 337 337 334 334 334 334 310 310 310 310 337 337 337 337 307 307 307 307 336 336 336 336 338 338 338 338 335 335 335 335 335 335 335 335 338 338 338 338 337 337 337 337 337 337 337 337 339 339 339 339 307 307 307 307 338 338 338 338 339 339 339 339 337 337 337 337 307 307 307 307 339 339 339 339 304 304 304 304 338 338 338 338 336 336 336 336 340 340 340 340 338 338 338 338 340 340 340 340 339 339 339 339 336 336 336 336 341 341 341 341 340 340 340 340 339 339 339 339 342 342 342 342 304 304 304 304 340 340 340 340 342 342 342 342 339 339 339 339 304 304 304 304 342 342 342 342 301 301 301 301 340 340 340 340 341 341 341 341 343 343 343 343 340 340 340 340 343 343 343 343 342 342 342 342 341 341 341 341 344 344 344 344 343 343 343 343 342 342 342 342 345 345 345 345 301 301 301 301 343 343 343 343 345 345 345 345 342 342 342 342 301 301 301 301 345 345 345 345 298 298 298 298 343 343 343 343 344 344 344 344 346 346 346 346 343 343 343 343 346 346 346 346 345 345 345 345 344 344 344 344 347 347 347 347 346 346 346 346 345 345 345 345 348 348 348 348 298 298 298 298 346 346 346 346 348 348 348 348 345 345 345 345 298 298 298 298 348 348 348 348 295 295 295 295 346 346 346 346 347 347 347 347 349 349 349 349 346 346 346 346 349 349 349 349 348 348 348 348 347 347 347 347 350 350 350 350 349 349 349 349 348 348 348 348 351 351 351 351 295 295 295 295 349 349 349 349 351 351 351 351 348 348 348 348 295 295 295 295 351 351 351 351 292 292 292 292 349 349 349 349 350 350 350 350 352 352 352 352 349 349 349 349 352 352 352 352 351 351 351 351 350 350 350 350 353 353 353 353 352 352 352 352 351 351 351 351 354 354 354 354 292 292 292 292 352 352 352 352 354 354 354 354 351 351 351 351 292 292 292 292 354 354 354 354 291 291 291 291 352 352 352 352 353 353 353 353 355 355 355 355 352 352 352 352 355 355 355 355 354 354 354 354 353 353 353 353 356 356 356 356 355 355 355 355 354 354 354 354 357 357 357 357 291 291 291 291 355 355 355 355 357 357 357 357 354 354 354 354 291 291 291 291 357 357 357 357 288 288 288 288 355 355 355 355 356 356 356 356 358 358 358 358 355 355 355 355 358 358 358 358 357 357 357 357 356 356 356 356 359 359 359 359 358 358 358 358 359 359 359 359 360 360 360 360 358 358 358 358 357 357 357 357 361 361 361 361 288 288 288 288 358 358 358 358 361 361 361 361 357 357 357 357 361 361 361 361 362 362 362 362 288 288 288 288 361 361 361 361 358 358 358 358 362 362 362 362 362 362 362 362 281 281 281 281 288 288 288 288 362 362 362 362 285 285 285 285 281 281 281 281 360 360 360 360 363 363 363 363 358 358 358 358 358 358 358 358 363 363 363 363 362 362 362 362 362 362 362 362 363 363 363 363 285 285 285 285 360 360 360 360 364 364 364 364 363 363 363 363 363 363 363 363 365 365 365 365 285 285 285 285 364 364 364 364 365 365 365 365 363 363 363 363 285 285 285 285 365 365 365 365 280 280 280 280 364 364 364 364 366 366 366 366 365 365 365 365 365 365 365 365 367 367 367 367 280 280 280 280 366 366 366 366 367 367 367 367 365 365 365 365 280 280 280 280 367 367 367 367 279 279 279 279 366 366 366 366 368 368 368 368 367 367 367 367 367 367 367 367 369 369 369 369 279 279 279 279 368 368 368 368 369 369 369 369 367 367 367 367 279 279 279 279 369 369 369 369 272 272 272 272 368 368 368 368 370 370 370 370 369 369 369 369 369 369 369 369 371 371 371 371 272 272 272 272 370 370 370 370 371 371 371 371 369 369 369 369 272 272 272 272 371 371 371 371 271 271 271 271 370 370 370 370 372 372 372 372 371 371 371 371 371 371 371 371 373 373 373 373 271 271 271 271 372 372 372 372 373 373 373 373 371 371 371 371 271 271 271 271 373 373 373 373 261 261 261 261 372 372 372 372 244 244 244 244 373 373 373 373 373 373 373 373 374 374 374 374 261 261 261 261 244 244 244 244 374 374 374 374 373 373 373 373 261 261 261 261 374 374 374 374 248 248 248 248 374 374 374 374 244 244 244 244 243 243 243 243 374 374 374 374 243 243 243 243 248 248 248 248 375 375 375 375 376 376 376 376 377 377 377 377 378 378 378 378 375 375 375 375 377 377 377 377 378 378 378 378 377 377 377 377 379 379 379 379 380 380 380 380 375 375 375 375 378 378 378 378 381 381 381 381 378 378 378 378 379 379 379 379 381 381 381 381 379 379 379 379 382 382 382 382 383 383 383 383 380 380 380 380 378 378 378 378 383 383 383 383 378 378 378 378 381 381 381 381 380 380 380 380 383 383 383 383 384 384 384 384 385 385 385 385 380 380 380 380 384 384 384 384 386 386 386 386 383 383 383 383 381 381 381 381 385 385 385 385 384 384 384 384 387 387 387 387 388 388 388 388 385 385 385 385 387 387 387 387 389 389 389 389 388 388 388 388 387 387 387 387 390 390 390 390 389 389 389 389 387 387 387 387 390 390 390 390 387 387 387 387 391 391 391 391 387 387 387 387 384 384 384 384 391 391 391 391 392 392 392 392 390 390 390 390 391 391 391 391 384 384 384 384 383 383 383 383 393 393 393 393 384 384 384 384 393 393 393 393 391 391 391 391 383 383 383 383 386 386 386 386 393 393 393 393 392 392 392 392 391 391 391 391 394 394 394 394 391 391 391 391 393 393 393 393 394 394 394 394 395 395 395 395 392 392 392 392 394 394 394 394 393 393 393 393 396 396 396 396 394 394 394 394 393 393 393 393 386 386 386 386 396 396 396 396 395 395 395 395 394 394 394 394 397 397 397 397 394 394 394 394 396 396 396 396 397 397 397 397 398 398 398 398 395 395 395 395 397 397 397 397 386 386 386 386 399 399 399 399 396 396 396 396 398 398 398 398 397 397 397 397 400 400 400 400 401 401 401 401 398 398 398 398 400 400 400 400 396 396 396 396 402 402 402 402 397 397 397 397 397 397 397 397 402 402 402 402 400 400 400 400 396 396 396 396 399 399 399 399 402 402 402 402 401 401 401 401 400 400 400 400 403 403 403 403 404 404 404 404 401 401 401 401 403 403 403 403 402 402 402 402 405 405 405 405 400 400 400 400 400 400 400 400 405 405 405 405 403 403 403 403 404 404 404 404 403 403 403 403 406 406 406 406 407 407 407 407 404 404 404 404 406 406 406 406 405 405 405 405 408 408 408 408 403 403 403 403 403 403 403 403 408 408 408 408 406 406 406 406 402 402 402 402 409 409 409 409 405 405 405 405 399 399 399 399 409 409 409 409 402 402 402 402 405 405 405 405 410 410 410 410 408 408 408 408 409 409 409 409 410 410 410 410 405 405 405 405 407 407 407 407 406 406 406 406 411 411 411 411 412 412 412 412 407 407 407 407 411 411 411 411 408 408 408 408 413 413 413 413 406 406 406 406 406 406 406 406 413 413 413 413 411 411 411 411 412 412 412 412 411 411 411 411 414 414 414 414 415 415 415 415 412 412 412 412 414 414 414 414 413 413 413 413 416 416 416 416 411 411 411 411 411 411 411 411 416 416 416 416 414 414 414 414 408 408 408 408 417 417 417 417 413 413 413 413 410 410 410 410 417 417 417 417 408 408 408 408 413 413 413 413 418 418 418 418 416 416 416 416 417 417 417 417 418 418 418 418 413 413 413 413 416 416 416 416 419 419 419 419 414 414 414 414 415 415 415 415 414 414 414 414 420 420 420 420 414 414 414 414 419 419 419 419 420 420 420 420 421 421 421 421 415 415 415 415 420 420 420 420 421 421 421 421 420 420 420 420 422 422 422 422 416 416 416 416 423 423 423 423 419 419 419 419 418 418 418 418 423 423 423 423 416 416 416 416 420 420 420 420 424 424 424 424 422 422 422 422 422 422 422 422 424 424 424 424 425 425 425 425 419 419 419 419 426 426 426 426 420 420 420 420 424 424 424 424 427 427 427 427 425 425 425 425 425 425 425 425 427 427 427 427 428 428 428 428 424 424 424 424 420 420 420 420 429 429 429 429 420 420 420 420 426 426 426 426 429 429 429 429 427 427 427 427 424 424 424 424 430 430 430 430 424 424 424 424 429 429 429 429 430 430 430 430 427 427 427 427 431 431 431 431 428 428 428 428 428 428 428 428 431 431 431 431 432 432 432 432 427 427 427 427 430 430 430 430 433 433 433 433 431 431 431 431 427 427 427 427 433 433 433 433 431 431 431 431 434 434 434 434 432 432 432 432 432 432 432 432 434 434 434 434 435 435 435 435 431 431 431 431 433 433 433 433 436 436 436 436 434 434 434 434 431 431 431 431 436 436 436 436 434 434 434 434 437 437 437 437 435 435 435 435 435 435 435 435 437 437 437 437 438 438 438 438 434 434 434 434 436 436 436 436 439 439 439 439 437 437 437 437 434 434 434 434 439 439 439 439 437 437 437 437 440 440 440 440 438 438 438 438 438 438 438 438 440 440 440 440 441 441 441 441 437 437 437 437 439 439 439 439 442 442 442 442 440 440 440 440 437 437 437 437 442 442 442 442 440 440 440 440 443 443 443 443 441 441 441 441 441 441 441 441 443 443 443 443 444 444 444 444 440 440 440 440 442 442 442 442 445 445 445 445 443 443 443 443 440 440 440 440 445 445 445 445 443 443 443 443 446 446 446 446 444 444 444 444 444 444 444 444 446 446 446 446 447 447 447 447 443 443 443 443 445 445 445 445 448 448 448 448 446 446 446 446 443 443 443 443 448 448 448 448 446 446 446 446 449 449 449 449 447 447 447 447 447 447 447 447 449 449 449 449 450 450 450 450 446 446 446 446 448 448 448 448 451 451 451 451 449 449 449 449 446 446 446 446 451 451 451 451 449 449 449 449 452 452 452 452 450 450 450 450 450 450 450 450 452 452 452 452 453 453 453 453 449 449 449 449 451 451 451 451 454 454 454 454 452 452 452 452 449 449 449 449 454 454 454 454 455 455 455 455 453 453 453 453 456 456 456 456 452 452 452 452 457 457 457 457 453 453 453 453 453 453 453 453 457 457 457 457 456 456 456 456 457 457 457 457 452 452 452 452 458 458 458 458 457 457 457 457 458 458 458 458 456 456 456 456 452 452 452 452 454 454 454 454 458 458 458 458 458 458 458 458 459 459 459 459 456 456 456 456 458 458 458 458 460 460 460 460 459 459 459 459 458 458 458 458 454 454 454 454 460 460 460 460 460 460 460 460 461 461 461 461 459 459 459 459 461 461 461 461 460 460 460 460 462 462 462 462 454 454 454 454 463 463 463 463 460 460 460 460 454 454 454 454 451 451 451 451 463 463 463 463 460 460 460 460 464 464 464 464 462 462 462 462 462 462 462 462 464 464 464 464 465 465 465 465 464 464 464 464 466 466 466 466 465 465 465 465 467 467 467 467 466 466 466 466 464 464 464 464 468 468 468 468 464 464 464 464 460 460 460 460 468 468 468 468 467 467 467 467 464 464 464 464 463 463 463 463 468 468 468 468 460 460 460 460 469 469 469 469 467 467 467 467 468 468 468 468 470 470 470 470 469 469 469 469 468 468 468 468 470 470 470 470 468 468 468 468 463 463 463 463 471 471 471 471 469 469 469 469 470 470 470 470 451 451 451 451 472 472 472 472 463 463 463 463 472 472 472 472 470 470 470 470 463 463 463 463 451 451 451 451 448 448 448 448 472 472 472 472 473 473 473 473 471 471 471 471 470 470 470 470 473 473 473 473 470 470 470 470 472 472 472 472 474 474 474 474 471 471 471 471 473 473 473 473 448 448 448 448 475 475 475 475 472 472 472 472 475 475 475 475 473 473 473 473 472 472 472 472 448 448 448 448 445 445 445 445 475 475 475 475 476 476 476 476 474 474 474 474 473 473 473 473 476 476 476 476 473 473 473 473 475 475 475 475 445 445 445 445 477 477 477 477 475 475 475 475 477 477 477 477 476 476 476 476 475 475 475 475 445 445 445 445 442 442 442 442 477 477 477 477 476 476 476 476 478 478 478 478 474 474 474 474 478 478 478 478 476 476 476 476 477 477 477 477 478 478 478 478 479 479 479 479 474 474 474 474 442 442 442 442 480 480 480 480 477 477 477 477 480 480 480 480 478 478 478 478 477 477 477 477 442 442 442 442 439 439 439 439 480 480 480 480 478 478 478 478 481 481 481 481 479 479 479 479 481 481 481 481 478 478 478 478 480 480 480 480 481 481 481 481 482 482 482 482 479 479 479 479 439 439 439 439 483 483 483 483 480 480 480 480 483 483 483 483 481 481 481 481 480 480 480 480 439 439 439 439 436 436 436 436 483 483 483 483 481 481 481 481 484 484 484 484 482 482 482 482 484 484 484 484 481 481 481 481 483 483 483 483 484 484 484 484 485 485 485 485 482 482 482 482 436 436 436 436 486 486 486 486 483 483 483 483 486 486 486 486 484 484 484 484 483 483 483 483 436 436 436 436 433 433 433 433 486 486 486 486 484 484 484 484 487 487 487 487 485 485 485 485 487 487 487 487 484 484 484 484 486 486 486 486 487 487 487 487 488 488 488 488 485 485 485 485 433 433 433 433 489 489 489 489 486 486 486 486 489 489 489 489 487 487 487 487 486 486 486 486 433 433 433 433 430 430 430 430 489 489 489 489 487 487 487 487 490 490 490 490 488 488 488 488 490 490 490 490 487 487 487 487 489 489 489 489 490 490 490 490 491 491 491 491 488 488 488 488 430 430 430 430 492 492 492 492 489 489 489 489 492 492 492 492 490 490 490 490 489 489 489 489 430 430 430 430 429 429 429 429 492 492 492 492 490 490 490 490 493 493 493 493 491 491 491 491 493 493 493 493 490 490 490 490 492 492 492 492 493 493 493 493 494 494 494 494 491 491 491 491 429 429 429 429 495 495 495 495 492 492 492 492 495 495 495 495 493 493 493 493 492 492 492 492 429 429 429 429 426 426 426 426 495 495 495 495 493 493 493 493 496 496 496 496 494 494 494 494 496 496 496 496 493 493 493 493 495 495 495 495 496 496 496 496 497 497 497 497 494 494 494 494 498 498 498 498 497 497 497 497 496 496 496 496 426 426 426 426 499 499 499 499 495 495 495 495 499 499 499 499 496 496 496 496 495 495 495 495 500 500 500 500 499 499 499 499 426 426 426 426 499 499 499 499 500 500 500 500 496 496 496 496 419 419 419 419 500 500 500 500 426 426 426 426 423 423 423 423 500 500 500 500 419 419 419 419 501 501 501 501 498 498 498 498 496 496 496 496 500 500 500 500 501 501 501 501 496 496 496 496 500 500 500 500 423 423 423 423 501 501 501 501 502 502 502 502 498 498 498 498 501 501 501 501 423 423 423 423 503 503 503 503 501 501 501 501 503 503 503 503 502 502 502 502 501 501 501 501 423 423 423 423 418 418 418 418 503 503 503 503 504 504 504 504 502 502 502 502 503 503 503 503 418 418 418 418 505 505 505 505 503 503 503 503 505 505 505 505 504 504 504 504 503 503 503 503 418 418 418 418 417 417 417 417 505 505 505 505 506 506 506 506 504 504 504 504 505 505 505 505 417 417 417 417 507 507 507 507 505 505 505 505 507 507 507 507 506 506 506 506 505 505 505 505 417 417 417 417 410 410 410 410 507 507 507 507 508 508 508 508 506 506 506 506 507 507 507 507 410 410 410 410 509 509 509 509 507 507 507 507 509 509 509 509 508 508 508 508 507 507 507 507 410 410 410 410 409 409 409 409 509 509 509 509 510 510 510 510 508 508 508 508 509 509 509 509 409 409 409 409 511 511 511 511 509 509 509 509 511 511 511 511 510 510 510 510 509 509 509 509 409 409 409 409 399 399 399 399 511 511 511 511 382 382 382 382 510 510 510 510 511 511 511 511 399 399 399 399 512 512 512 512 511 511 511 511 512 512 512 512 382 382 382 382 511 511 511 511 399 399 399 399 386 386 386 386 512 512 512 512 512 512 512 512 381 381 381 381 382 382 382 382 386 386 386 386 381 381 381 381 512 512 512 512 513 513 513 513 514 514 514 514 515 515 515 515 514 514 514 514 516 516 516 516 515 515 515 515 516 516 516 516 517 517 517 517 515 515 515 515 517 517 517 517 518 518 518 518 515 515 515 515 518 518 518 518 517 517 517 517 519 519 519 519 520 520 520 520 516 516 516 516 514 514 514 514 520 520 520 520 517 517 517 517 516 516 516 516 521 521 521 521 520 520 520 520 514 514 514 514 520 520 520 520 521 521 521 521 522 522 522 522 517 517 517 517 523 523 523 523 519 519 519 519 517 517 517 517 520 520 520 520 523 523 523 523 519 519 519 519 523 523 523 523 524 524 524 524 525 525 525 525 519 519 519 519 524 524 524 524 526 526 526 526 520 520 520 520 522 522 522 522 522 522 522 522 527 527 527 527 526 526 526 526 527 527 527 527 528 528 528 528 526 526 526 526 528 528 528 528 529 529 529 529 526 526 526 526 529 529 529 529 530 530 530 530 526 526 526 526 526 526 526 526 531 531 531 531 520 520 520 520 530 530 530 530 531 531 531 531 526 526 526 526 531 531 531 531 532 532 532 532 520 520 520 520 520 520 520 520 532 532 532 532 523 523 523 523 531 531 531 531 530 530 530 530 533 533 533 533 531 531 531 531 533 533 533 533 532 532 532 532 534 534 534 534 523 523 523 523 532 532 532 532 533 533 533 533 534 534 534 534 532 532 532 532 523 523 523 523 534 534 534 534 535 535 535 535 534 534 534 534 533 533 533 533 535 535 535 535 523 523 523 523 535 535 535 535 524 524 524 524 536 536 536 536 533 533 533 533 530 530 530 530 533 533 533 533 536 536 536 536 535 535 535 535 537 537 537 537 524 524 524 524 535 535 535 535 537 537 537 537 535 535 535 535 536 536 536 536 536 536 536 536 530 530 530 530 538 538 538 538 538 538 538 538 537 537 537 537 536 536 536 536 530 530 530 530 539 539 539 539 538 538 538 538 539 539 539 539 540 540 540 540 538 538 538 538 541 541 541 541 524 524 524 524 537 537 537 537 525 525 525 525 524 524 524 524 541 541 541 541 542 542 542 542 541 541 541 541 537 537 537 537 542 542 542 542 537 537 537 537 538 538 538 538 525 525 525 525 541 541 541 541 543 543 543 543 541 541 541 541 542 542 542 542 543 543 543 543 543 543 543 543 544 544 544 544 525 525 525 525 544 544 544 544 545 545 545 545 525 525 525 525 542 542 542 542 546 546 546 546 543 543 543 543 543 543 543 543 546 546 546 546 544 544 544 544 542 542 542 542 538 538 538 538 546 546 546 546 545 545 545 545 544 544 544 544 547 547 547 547 546 546 546 546 538 538 538 538 548 548 548 548 546 546 546 546 548 548 548 548 544 544 544 544 540 540 540 540 549 549 549 549 538 538 538 538 538 538 538 538 549 549 549 549 548 548 548 548 540 540 540 540 550 550 550 550 549 549 549 549 544 544 544 544 551 551 551 551 547 547 547 547 544 544 544 544 548 548 548 548 551 551 551 551 552 552 552 552 547 547 547 547 551 551 551 551 550 550 550 550 553 553 553 553 549 549 549 549 549 549 549 549 553 553 553 553 548 548 548 548 550 550 550 550 554 554 554 554 553 553 553 553 553 553 553 553 555 555 555 555 548 548 548 548 548 548 548 548 555 555 555 555 551 551 551 551 554 554 554 554 556 556 556 556 553 553 553 553 555 555 555 555 553 553 553 553 556 556 556 556 557 557 557 557 552 552 552 552 551 551 551 551 552 552 552 552 557 557 557 557 558 558 558 558 551 551 551 551 555 555 555 555 559 559 559 559 557 557 557 557 551 551 551 551 559 559 559 559 555 555 555 555 556 556 556 556 559 559 559 559 557 557 557 557 560 560 560 560 558 558 558 558 557 557 557 557 559 559 559 559 560 560 560 560 560 560 560 560 561 561 561 561 558 558 558 558 561 561 561 561 560 560 560 560 562 562 562 562 556 556 556 556 563 563 563 563 559 559 559 559 556 556 556 556 554 554 554 554 563 563 563 563 554 554 554 554 564 564 564 564 563 563 563 563 564 564 564 564 565 565 565 565 563 563 563 563 559 559 559 559 566 566 566 566 560 560 560 560 559 559 559 559 563 563 563 563 566 566 566 566 565 565 565 565 567 567 567 567 563 563 563 563 563 563 563 563 567 567 567 567 566 566 566 566 565 565 565 565 568 568 568 568 567 567 567 567 560 560 560 560 566 566 566 566 569 569 569 569 560 560 560 560 569 569 569 569 562 562 562 562 568 568 568 568 570 570 570 570 567 567 567 567 567 567 567 567 570 570 570 570 566 566 566 566 568 568 568 568 571 571 571 571 570 570 570 570 566 566 566 566 572 572 572 572 569 569 569 569 570 570 570 570 572 572 572 572 566 566 566 566 569 569 569 569 573 573 573 573 562 562 562 562 569 569 569 569 572 572 572 572 573 573 573 573 573 573 573 573 574 574 574 574 562 562 562 562 572 572 572 572 570 570 570 570 575 575 575 575 572 572 572 572 575 575 575 575 573 573 573 573 571 571 571 571 576 576 576 576 570 570 570 570 570 570 570 570 576 576 576 576 575 575 575 575 576 576 576 576 571 571 571 571 577 577 577 577 573 573 573 573 578 578 578 578 574 574 574 574 573 573 573 573 575 575 575 575 578 578 578 578 578 578 578 578 579 579 579 579 574 574 574 574 575 575 575 575 576 576 576 576 580 580 580 580 575 575 575 575 580 580 580 580 578 578 578 578 581 581 581 581 576 576 576 576 577 577 577 577 576 576 576 576 581 581 581 581 580 580 580 580 579 579 579 579 578 578 578 578 582 582 582 582 583 583 583 583 579 579 579 579 582 582 582 582 578 578 578 578 580 580 580 580 584 584 584 584 584 584 584 584 580 580 580 580 581 581 581 581 582 582 582 582 578 578 578 578 584 584 584 584 585 585 585 585 581 581 581 581 577 577 577 577 585 585 585 585 584 584 584 584 581 581 581 581 586 586 586 586 585 585 585 585 577 577 577 577 582 582 582 582 584 584 584 584 587 587 587 587 585 585 585 585 586 586 586 586 588 588 588 588 586 586 586 586 589 589 589 589 588 588 588 588 589 589 589 589 590 590 590 590 588 588 588 588 584 584 584 584 585 585 585 585 591 591 591 591 584 584 584 584 591 591 591 591 587 587 587 587 592 592 592 592 585 585 585 585 588 588 588 588 585 585 585 585 592 592 592 592 591 591 591 591 590 590 590 590 593 593 593 593 588 588 588 588 592 592 592 592 588 588 588 588 594 594 594 594 588 588 588 588 593 593 593 593 594 594 594 594 593 593 593 593 590 590 590 590 595 595 595 595 593 593 593 593 595 595 595 595 594 594 594 594 590 590 590 590 596 596 596 596 595 595 595 595 595 595 595 595 596 596 596 596 597 597 597 597 592 592 592 592 594 594 594 594 598 598 598 598 591 591 591 591 592 592 592 592 598 598 598 598 595 595 595 595 599 599 599 599 594 594 594 594 594 594 594 594 599 599 599 599 598 598 598 598 600 600 600 600 595 595 595 595 597 597 597 597 599 599 599 599 595 595 595 595 600 600 600 600 597 597 597 597 601 601 601 601 600 600 600 600 599 599 599 599 602 602 602 602 598 598 598 598 599 599 599 599 600 600 600 600 602 602 602 602 591 591 591 591 598 598 598 598 603 603 603 603 598 598 598 598 602 602 602 602 603 603 603 603 587 587 587 587 591 591 591 591 603 603 603 603 600 600 600 600 604 604 604 604 602 602 602 602 587 587 587 587 603 603 603 603 605 605 605 605 605 605 605 605 582 582 582 582 587 587 587 587 582 582 582 582 605 605 605 605 583 583 583 583 605 605 605 605 606 606 606 606 583 583 583 583 605 605 605 605 607 607 607 607 606 606 606 606 603 603 603 603 607 607 607 607 605 605 605 605 607 607 607 607 608 608 608 608 606 606 606 606 608 608 608 608 607 607 607 607 609 609 609 609 607 607 607 607 610 610 610 610 609 609 609 609 607 607 607 607 603 603 603 603 610 610 610 610 609 609 609 609 610 610 610 610 611 611 611 611 602 602 602 602 612 612 612 612 603 603 603 603 603 603 603 603 612 612 612 612 610 610 610 610 604 604 604 604 612 612 612 612 602 602 602 602 610 610 610 610 613 613 613 613 611 611 611 611 613 613 613 613 610 610 610 610 612 612 612 612 604 604 604 604 613 613 613 613 612 612 612 612 614 614 614 614 611 611 611 611 613 613 613 613 615 615 615 615 614 614 614 614 613 613 613 613 615 615 615 615 613 613 613 613 604 604 604 604 614 614 614 614 615 615 615 615 616 616 616 616 617 617 617 617 615 615 615 615 604 604 604 604 615 615 615 615 618 618 618 618 616 616 616 616 616 616 616 616 618 618 618 618 619 619 619 619 615 615 615 615 617 617 617 617 620 620 620 620 618 618 618 618 615 615 615 615 620 620 620 620 621 621 621 621 617 617 617 617 604 604 604 604 600 600 600 600 621 621 621 621 604 604 604 604 601 601 601 601 621 621 621 621 600 600 600 600 621 621 621 621 622 622 622 622 617 617 617 617 621 621 621 621 601 601 601 601 622 622 622 622 622 622 622 622 620 620 620 620 617 617 617 617 601 601 601 601 623 623 623 623 622 622 622 622 622 622 622 622 623 623 623 623 624 624 624 624 620 620 620 620 622 622 622 622 624 624 624 624 623 623 623 623 625 625 625 625 624 624 624 624 620 620 620 620 626 626 626 626 618 618 618 618 626 626 626 626 620 620 620 620 624 624 624 624 626 626 626 626 627 627 627 627 618 618 618 618 618 618 618 618 627 627 627 627 619 619 619 619 626 626 626 626 624 624 624 624 628 628 628 628 626 626 626 626 628 628 628 628 627 627 627 627 624 624 624 624 625 625 625 625 629 629 629 629 624 624 624 624 629 629 629 629 628 628 628 628 625 625 625 625 630 630 630 630 629 629 629 629 619 619 619 619 627 627 627 627 631 631 631 631 628 628 628 628 631 631 631 631 627 627 627 627 632 632 632 632 619 619 619 619 631 631 631 631 632 632 632 632 631 631 631 631 633 633 633 633 629 629 629 629 630 630 630 630 634 634 634 634 629 629 629 629 634 634 634 634 628 628 628 628 630 630 630 630 635 635 635 635 634 634 634 634 635 635 635 635 636 636 636 636 634 634 634 634 628 628 628 628 637 637 637 637 631 631 631 631 634 634 634 634 637 637 637 637 628 628 628 628 631 631 631 631 638 638 638 638 633 633 633 633 637 637 637 637 638 638 638 638 631 631 631 631 638 638 638 638 639 639 639 639 633 633 633 633 634 634 634 634 640 640 640 640 637 637 637 637 636 636 636 636 640 640 640 640 634 634 634 634 638 638 638 638 641 641 641 641 639 639 639 639 641 641 641 641 638 638 638 638 637 637 637 637 641 641 641 641 642 642 642 642 639 639 639 639 640 640 640 640 643 643 643 643 637 637 637 637 643 643 643 643 641 641 641 641 637 637 637 637 640 640 640 640 636 636 636 636 644 644 644 644 643 643 643 643 640 640 640 640 644 644 644 644 636 636 636 636 645 645 645 645 644 644 644 644 641 641 641 641 643 643 643 643 646 646 646 646 643 643 643 643 644 644 644 644 646 646 646 646 644 644 644 644 645 645 645 645 647 647 647 647 644 644 644 644 647 647 647 647 646 646 646 646 645 645 645 645 648 648 648 648 647 647 647 647 642 642 642 642 641 641 641 641 649 649 649 649 649 649 649 649 641 641 641 641 646 646 646 646 650 650 650 650 642 642 642 642 649 649 649 649 650 650 650 650 649 649 649 649 651 651 651 651 647 647 647 647 648 648 648 648 652 652 652 652 646 646 646 646 647 647 647 647 652 652 652 652 648 648 648 648 653 653 653 653 652 652 652 652 646 646 646 646 654 654 654 654 649 649 649 649 654 654 654 654 646 646 646 646 652 652 652 652 653 653 653 653 655 655 655 655 652 652 652 652 654 654 654 654 656 656 656 656 649 649 649 649 649 649 649 649 656 656 656 656 651 651 651 651 654 654 654 654 657 657 657 657 656 656 656 656 657 657 657 657 654 654 654 654 652 652 652 652 651 651 651 651 656 656 656 656 658 658 658 658 657 657 657 657 658 658 658 658 656 656 656 656 651 651 651 651 658 658 658 658 659 659 659 659 658 658 658 658 657 657 657 657 660 660 660 660 657 657 657 657 652 652 652 652 660 660 660 660 659 659 659 659 658 658 658 658 660 660 660 660 651 651 651 651 659 659 659 659 661 661 661 661 660 660 660 660 652 652 652 652 662 662 662 662 655 655 655 655 662 662 662 662 652 652 652 652 660 660 660 660 663 663 663 663 659 659 659 659 663 663 663 663 660 660 660 660 662 662 662 662 661 661 661 661 659 659 659 659 664 664 664 664 664 664 664 664 659 659 659 659 663 663 663 663 663 663 663 663 662 662 662 662 665 665 665 665 662 662 662 662 655 655 655 655 665 665 665 665 664 664 664 664 663 663 663 663 666 666 666 666 666 666 666 666 663 663 663 663 665 665 665 665 666 666 666 666 667 667 667 667 664 664 664 664 666 666 666 666 665 665 665 665 667 667 667 667 664 664 664 664 668 668 668 668 661 661 661 661 668 668 668 668 669 669 669 669 661 661 661 661 669 669 669 669 668 668 668 668 670 670 670 670 665 665 665 665 671 671 671 671 667 667 667 667 671 671 671 671 665 665 665 665 655 655 655 655 667 667 667 667 672 672 672 672 664 664 664 664 667 667 667 667 671 671 671 671 672 672 672 672 672 672 672 672 668 668 668 668 664 664 664 664 671 671 671 671 655 655 655 655 673 673 673 673 671 671 671 671 673 673 673 673 672 672 672 672 655 655 655 655 674 674 674 674 673 673 673 673 675 675 675 675 673 673 673 673 674 674 674 674 675 675 675 675 676 676 676 676 673 673 673 673 676 676 676 676 677 677 677 677 673 673 673 673 672 672 672 672 673 673 673 673 677 677 677 677 678 678 678 678 672 672 672 672 677 677 677 677 672 672 672 672 678 678 678 678 679 679 679 679 679 679 679 679 680 680 680 680 670 670 670 670 681 681 681 681 672 672 672 672 679 679 679 679 681 681 681 681 679 679 679 679 670 670 670 670 672 672 672 672 681 681 681 681 668 668 668 668 668 668 668 668 681 681 681 681 670 670 670 670</p>
        </triangles>
      </mesh>
    </geometry>
  </library_geometries>
  <library_controllers>
    <controller id="geom-Hed_EYE029__M_EYE029flame-skin1">
      <skin source="#geom-Hed_EYE029__M_EYE029flame">
        <bind_shape_matrix>1 0 0 0 0 1 0 0 0 0 1 0 0 0 0 1</bind_shape_matrix>
        <source id="geom-Hed_EYE029__M_EYE029flame-skin1-joints">
          <Name_array id="geom-Hed_EYE029__M_EYE029flame-skin1-joints-array" count="1">joint0</Name_array>
          <technique_common>
            <accessor source="#geom-Hed_EYE029__M_EYE029flame-skin1-joints-array" count="1" stride="1">
              <param name="JOINT" type="name"/>
            </accessor>
          </technique_common>
        </source>
        <source id="geom-Hed_EYE029__M_EYE029flame-skin1-bind_poses">
          <float_array id="geom-Hed_EYE029__M_EYE029flame-skin1-bind_poses-array" count="16">1 0 0 0 0 0 1 0 0 -1 0 0 0 0 0 1</float_array>
          <technique_common>
            <accessor source="#geom-Hed_EYE029__M_EYE029flame-skin1-bind_poses-array" count="1" stride="16">
              <param name="TRANSFORM" type="float4x4"/>
            </accessor>
          </technique_common>
        </source>
        <source id="geom-Hed_EYE029__M_EYE029flame-skin1-weights">
          <float_array id="geom-Hed_EYE029__M_EYE029flame-skin1-weights-array" count="1">1</float_array>
          <technique_common>
            <accessor source="#geom-Hed_EYE029__M_EYE029flame-skin1-weights-array" count="1" stride="1">
              <param name="WEIGHT" type="float"/>
            </accessor>
          </technique_common>
        </source>
        <joints>
          <input semantic="JOINT" source="#geom-Hed_EYE029__M_EYE029flame-skin1-joints"/>
          <input semantic="INV_BIND_MATRIX" source="#geom-Hed_EYE029__M_EYE029flame-skin1-bind_poses"/>
        </joints>
        <vertex_weights count="525">
          <input semantic="JOINT" source="#geom-Hed_EYE029__M_EYE029flame-skin1-joints" offset="0"/>
          <input semantic="WEIGHT" source="#geom-Hed_EYE029__M_EYE029flame-skin1-weights" offset="1"/>
          <vcount>1 1 1 1 1 1 1 1 1 1 1 1 1 1 1 1 1 1 1 1 1 1 1 1 1 1 1 1 1 1 1 1 1 1 1 1 1 1 1 1 1 1 1 1 1 1 1 1 1 1 1 1 1 1 1 1 1 1 1 1 1 1 1 1 1 1 1 1 1 1 1 1 1 1 1 1 1 1 1 1 1 1 1 1 1 1 1 1 1 1 1 1 1 1 1 1 1 1 1 1 1 1 1 1 1 1 1 1 1 1 1 1 1 1 1 1 1 1 1 1 1 1 1 1 1 1 1 1 1 1 1 1 1 1 1 1 1 1 1 1 1 1 1 1 1 1 1 1 1 1 1 1 1 1 1 1 1 1 1 1 1 1 1 1 1 1 1 1 1 1 1 1 1 1 1 1 1 1 1 1 1 1 1 1 1 1 1 1 1 1 1 1 1 1 1 1 1 1 1 1 1 1 1 1 1 1 1 1 1 1 1 1 1 1 1 1 1 1 1 1 1 1 1 1 1 1 1 1 1 1 1 1 1 1 1 1 1 1 1 1 1 1 1 1 1 1 1 1 1 1 1 1 1 1 1 1 1 1 1 1 1 1 1 1 1 1 1 1 1 1 1 1 1 1 1 1 1 1 1 1 1 1 1 1 1 1 1 1 1 1 1 1 1 1 1 1 1 1 1 1 1 1 1 1 1 1 1 1 1 1 1 1 1 1 1 1 1 1 1 1 1 1 1 1 1 1 1 1 1 1 1 1 1 1 1 1 1 1 1 1 1 1 1 1 1 1 1 1 1 1 1 1 1 1 1 1 1 1 1 1 1 1 1 1 1 1 1 1 1 1 1 1 1 1 1 1 1 1 1 1 1 1 1 1 1 1 1 1 1 1 1 1 1 1 1 1 1 1 1 1 1 1 1 1 1 1 1 1 1 1 1 1 1 1 1 1 1 1 1 1 1 1 1 1 1 1 1 1 1 1 1 1 1 1 1 1 1 1 1 1 1 1 1 1 1 1 1 1 1 1 1 1 1 1 1 1 1 1 1 1 1 1 1 1 1 1 1 1 1 1 1 1 1 1 1 1 1 1 1 1 1 1 1 1 1 1 1 1 1 1 1 1 1 1 1 1 1 1 1 1 1 1 1 1 1 1 1 1 1 1 1 1 1 1 1 1 1 1 1 1 1 1 1 1 1</vcount>
          <v>0 0 0 0 0 0 0 0 0 0 0 0 0 0 0 0 0 0 0 0 0 0 0 0 0 0 0 0 0 0 0 0 0 0 0 0 0 0 0 0 0 0 0 0 0 0 0 0 0 0 0 0 0 0 0 0 0 0 0 0 0 0 0 0 0 0 0 0 0 0 0 0 0 0 0 0 0 0 0 0 0 0 0 0 0 0 0 0 0 0 0 0 0 0 0 0 0 0 0 0 0 0 0 0 0 0 0 0 0 0 0 0 0 0 0 0 0 0 0 0 0 0 0 0 0 0 0 0 0 0 0 0 0 0 0 0 0 0 0 0 0 0 0 0 0 0 0 0 0 0 0 0 0 0 0 0 0 0 0 0 0 0 0 0 0 0 0 0 0 0 0 0 0 0 0 0 0 0 0 0 0 0 0 0 0 0 0 0 0 0 0 0 0 0 0 0 0 0 0 0 0 0 0 0 0 0 0 0 0 0 0 0 0 0 0 0 0 0 0 0 0 0 0 0 0 0 0 0 0 0 0 0 0 0 0 0 0 0 0 0 0 0 0 0 0 0 0 0 0 0 0 0 0 0 0 0 0 0 0 0 0 0 0 0 0 0 0 0 0 0 0 0 0 0 0 0 0 0 0 0 0 0 0 0 0 0 0 0 0 0 0 0 0 0 0 0 0 0 0 0 0 0 0 0 0 0 0 0 0 0 0 0 0 0 0 0 0 0 0 0 0 0 0 0 0 0 0 0 0 0 0 0 0 0 0 0 0 0 0 0 0 0 0 0 0 0 0 0 0 0 0 0 0 0 0 0 0 0 0 0 0 0 0 0 0 0 0 0 0 0 0 0 0 0 0 0 0 0 0 0 0 0 0 0 0 0 0 0 0 0 0 0 0 0 0 0 0 0 0 0 0 0 0 0 0 0 0 0 0 0 0 0 0 0 0 0 0 0 0 0 0 0 0 0 0 0 0 0 0 0 0 0 0 0 0 0 0 0 0 0 0 0 0 0 0 0 0 0 0 0 0 0 0 0 0 0 0 0 0 0 0 0 0 0 0 0 0 0 0 0 0 0 0 0 0 0 0 0 0 0 0 0 0 0 0 0 0 0 0 0 0 0 0 0 0 0 0 0 0 0 0 0 0 0 0 0 0 0 0 0 0 0 0 0 0 0 0 0 0 0 0 0 0 0 0 0 0 0 0 0 0 0 0 0 0 0 0 0 0 0 0 0 0 0 0 0 0 0 0 0 0 0 0 0 0 0 0 0 0 0 0 0 0 0 0 0 0 0 0 0 0 0 0 0 0 0 0 0 0 0 0 0 0 0 0 0 0 0 0 0 0 0 0 0 0 0 0 0 0 0 0 0 0 0 0 0 0 0 0 0 0 0 0 0 0 0 0 0 0 0 0 0 0 0 0 0 0 0 0 0 0 0 0 0 0 0 0 0 0 0 0 0 0 0 0 0 0 0 0 0 0 0 0 0 0 0 0 0 0 0 0 0 0 0 0 0 0 0 0 0 0 0 0 0 0 0 0 0 0 0 0 0 0 0 0 0 0 0 0 0 0 0 0 0 0 0 0 0 0 0 0 0 0 0 0 0 0 0 0 0 0 0 0 0 0 0 0 0 0 0 0 0 0 0 0 0 0 0 0 0 0 0 0 0 0 0 0 0 0 0 0 0 0 0 0 0 0 0 0 0 0 0 0 0 0 0 0 0 0 0 0 0 0 0 0 0 0 0 0 0 0 0 0 0 0 0 0 0 0 0 0 0 0 0 0 0 0 0 0 0 0 0 0 0 0 0 0 0 0 0 0 0 0 0 0 0 0 0 0 0 0 0 0 0 0 0 0 0 0 0 0 0 0 0 0 0 0 0 0 0 0 0 0 0 0 0 0 0 0 0 0 0 0 0 0 0 0 0 0 0 0 0 0 0 0 0 0 0 0 0 0 0 0 0 0 0 0 0 0 0 0 0 0 0 0 0 0 0 0 0 0 0 0 0 0 0 0 0 0 0 0 0 0 0 0 0 0 0 0 0 0 0 0 0 0 0 0 0 0 0 0 0 0 0 0 0 0 0 0 0 0 0 0 0 0 0 0 0 0 0 0 0 0 0 0 0 0 0 0 0 0 0 0 0 0 0 0 0 0 0 0 0 0 0 0 0 0 0 0 0 0 0 0 0 0 0 0 0 0 0 0 0 0 0 0 0 0 0 0 0 0 0 0 0 0 0 0 0 0 0 0 0 0 0 0 0 0 0 0 0 0 0 0 0 0 0 0 0 0 0 0 0 0 0 0 0 0 0 0 0 0 0 0 0 0 0 0 0 0 0 0 0 0 0 0 0 0 0 0 0 0 0 0 0 0 0 0 0 0 0</v>
        </vertex_weights>
      </skin>
    </controller>
    <controller id="geom-Hed_EYE029__M_EYE029glass-skin1">
      <skin source="#geom-Hed_EYE029__M_EYE029glass">
        <bind_shape_matrix>1 0 0 0 0 1 0 0 0 0 1 0 0 0 0 1</bind_shape_matrix>
        <source id="geom-Hed_EYE029__M_EYE029glass-skin1-joints">
          <Name_array id="geom-Hed_EYE029__M_EYE029glass-skin1-joints-array" count="1">joint0</Name_array>
          <technique_common>
            <accessor source="#geom-Hed_EYE029__M_EYE029glass-skin1-joints-array" count="1" stride="1">
              <param name="JOINT" type="name"/>
            </accessor>
          </technique_common>
        </source>
        <source id="geom-Hed_EYE029__M_EYE029glass-skin1-bind_poses">
          <float_array id="geom-Hed_EYE029__M_EYE029glass-skin1-bind_poses-array" count="16">1 0 0 0 0 0 1 0 0 -1 0 0 0 0 0 1</float_array>
          <technique_common>
            <accessor source="#geom-Hed_EYE029__M_EYE029glass-skin1-bind_poses-array" count="1" stride="16">
              <param name="TRANSFORM" type="float4x4"/>
            </accessor>
          </technique_common>
        </source>
        <source id="geom-Hed_EYE029__M_EYE029glass-skin1-weights">
          <float_array id="geom-Hed_EYE029__M_EYE029glass-skin1-weights-array" count="1">1</float_array>
          <technique_common>
            <accessor source="#geom-Hed_EYE029__M_EYE029glass-skin1-weights-array" count="1" stride="1">
              <param name="WEIGHT" type="float"/>
            </accessor>
          </technique_common>
        </source>
        <joints>
          <input semantic="JOINT" source="#geom-Hed_EYE029__M_EYE029glass-skin1-joints"/>
          <input semantic="INV_BIND_MATRIX" source="#geom-Hed_EYE029__M_EYE029glass-skin1-bind_poses"/>
        </joints>
        <vertex_weights count="390">
          <input semantic="JOINT" source="#geom-Hed_EYE029__M_EYE029glass-skin1-joints" offset="0"/>
          <input semantic="WEIGHT" source="#geom-Hed_EYE029__M_EYE029glass-skin1-weights" offset="1"/>
          <vcount>1 1 1 1 1 1 1 1 1 1 1 1 1 1 1 1 1 1 1 1 1 1 1 1 1 1 1 1 1 1 1 1 1 1 1 1 1 1 1 1 1 1 1 1 1 1 1 1 1 1 1 1 1 1 1 1 1 1 1 1 1 1 1 1 1 1 1 1 1 1 1 1 1 1 1 1 1 1 1 1 1 1 1 1 1 1 1 1 1 1 1 1 1 1 1 1 1 1 1 1 1 1 1 1 1 1 1 1 1 1 1 1 1 1 1 1 1 1 1 1 1 1 1 1 1 1 1 1 1 1 1 1 1 1 1 1 1 1 1 1 1 1 1 1 1 1 1 1 1 1 1 1 1 1 1 1 1 1 1 1 1 1 1 1 1 1 1 1 1 1 1 1 1 1 1 1 1 1 1 1 1 1 1 1 1 1 1 1 1 1 1 1 1 1 1 1 1 1 1 1 1 1 1 1 1 1 1 1 1 1 1 1 1 1 1 1 1 1 1 1 1 1 1 1 1 1 1 1 1 1 1 1 1 1 1 1 1 1 1 1 1 1 1 1 1 1 1 1 1 1 1 1 1 1 1 1 1 1 1 1 1 1 1 1 1 1 1 1 1 1 1 1 1 1 1 1 1 1 1 1 1 1 1 1 1 1 1 1 1 1 1 1 1 1 1 1 1 1 1 1 1 1 1 1 1 1 1 1 1 1 1 1 1 1 1 1 1 1 1 1 1 1 1 1 1 1 1 1 1 1 1 1 1 1 1 1 1 1 1 1 1 1 1 1 1 1 1 1 1 1 1 1 1 1 1 1 1 1 1 1 1 1 1 1 1 1 1 1 1 1 1 1 1 1 1 1 1 1 1 1 1 1 1 1 1 1 1 1 1 1</vcount>
          <v>0 0 0 0 0 0 0 0 0 0 0 0 0 0 0 0 0 0 0 0 0 0 0 0 0 0 0 0 0 0 0 0 0 0 0 0 0 0 0 0 0 0 0 0 0 0 0 0 0 0 0 0 0 0 0 0 0 0 0 0 0 0 0 0 0 0 0 0 0 0 0 0 0 0 0 0 0 0 0 0 0 0 0 0 0 0 0 0 0 0 0 0 0 0 0 0 0 0 0 0 0 0 0 0 0 0 0 0 0 0 0 0 0 0 0 0 0 0 0 0 0 0 0 0 0 0 0 0 0 0 0 0 0 0 0 0 0 0 0 0 0 0 0 0 0 0 0 0 0 0 0 0 0 0 0 0 0 0 0 0 0 0 0 0 0 0 0 0 0 0 0 0 0 0 0 0 0 0 0 0 0 0 0 0 0 0 0 0 0 0 0 0 0 0 0 0 0 0 0 0 0 0 0 0 0 0 0 0 0 0 0 0 0 0 0 0 0 0 0 0 0 0 0 0 0 0 0 0 0 0 0 0 0 0 0 0 0 0 0 0 0 0 0 0 0 0 0 0 0 0 0 0 0 0 0 0 0 0 0 0 0 0 0 0 0 0 0 0 0 0 0 0 0 0 0 0 0 0 0 0 0 0 0 0 0 0 0 0 0 0 0 0 0 0 0 0 0 0 0 0 0 0 0 0 0 0 0 0 0 0 0 0 0 0 0 0 0 0 0 0 0 0 0 0 0 0 0 0 0 0 0 0 0 0 0 0 0 0 0 0 0 0 0 0 0 0 0 0 0 0 0 0 0 0 0 0 0 0 0 0 0 0 0 0 0 0 0 0 0 0 0 0 0 0 0 0 0 0 0 0 0 0 0 0 0 0 0 0 0 0 0 0 0 0 0 0 0 0 0 0 0 0 0 0 0 0 0 0 0 0 0 0 0 0 0 0 0 0 0 0 0 0 0 0 0 0 0 0 0 0 0 0 0 0 0 0 0 0 0 0 0 0 0 0 0 0 0 0 0 0 0 0 0 0 0 0 0 0 0 0 0 0 0 0 0 0 0 0 0 0 0 0 0 0 0 0 0 0 0 0 0 0 0 0 0 0 0 0 0 0 0 0 0 0 0 0 0 0 0 0 0 0 0 0 0 0 0 0 0 0 0 0 0 0 0 0 0 0 0 0 0 0 0 0 0 0 0 0 0 0 0 0 0 0 0 0 0 0 0 0 0 0 0 0 0 0 0 0 0 0 0 0 0 0 0 0 0 0 0 0 0 0 0 0 0 0 0 0 0 0 0 0 0 0 0 0 0 0 0 0 0 0 0 0 0 0 0 0 0 0 0 0 0 0 0 0 0 0 0 0 0 0 0 0 0 0 0 0 0 0 0 0 0 0 0 0 0 0 0 0 0 0 0 0 0 0 0 0 0 0 0 0 0 0 0 0 0 0 0 0 0 0 0 0 0 0 0 0 0 0 0 0 0 0 0 0 0 0 0 0 0 0 0 0 0 0 0 0 0 0 0 0 0 0 0 0 0 0 0 0 0 0 0 0 0 0 0 0 0 0 0 0 0 0 0 0 0 0 0 0 0 0 0 0 0 0 0 0 0 0 0 0 0 0 0 0 0 0 0 0 0 0 0 0 0 0 0 0 0 0 0 0 0 0 0 0 0 0 0 0 0 0 0 0 0 0 0 0 0 0 0 0 0 0 0 0 0 0 0 0 0 0 0 0 0 0 0 0 0 0 0 0 0 0 0 0 0 0 0 0</v>
        </vertex_weights>
      </skin>
    </controller>
    <controller id="geom-Hed_EYE029__M_EYE029metal-skin1">
      <skin source="#geom-Hed_EYE029__M_EYE029metal">
        <bind_shape_matrix>1 0 0 0 0 1 0 0 0 0 1 0 0 0 0 1</bind_shape_matrix>
        <source id="geom-Hed_EYE029__M_EYE029metal-skin1-joints">
          <Name_array id="geom-Hed_EYE029__M_EYE029metal-skin1-joints-array" count="1">joint0</Name_array>
          <technique_common>
            <accessor source="#geom-Hed_EYE029__M_EYE029metal-skin1-joints-array" count="1" stride="1">
              <param name="JOINT" type="name"/>
            </accessor>
          </technique_common>
        </source>
        <source id="geom-Hed_EYE029__M_EYE029metal-skin1-bind_poses">
          <float_array id="geom-Hed_EYE029__M_EYE029metal-skin1-bind_poses-array" count="16">1 0 0 0 0 0 1 0 0 -1 0 0 0 0 0 1</float_array>
          <technique_common>
            <accessor source="#geom-Hed_EYE029__M_EYE029metal-skin1-bind_poses-array" count="1" stride="16">
              <param name="TRANSFORM" type="float4x4"/>
            </accessor>
          </technique_common>
        </source>
        <source id="geom-Hed_EYE029__M_EYE029metal-skin1-weights">
          <float_array id="geom-Hed_EYE029__M_EYE029metal-skin1-weights-array" count="1">1</float_array>
          <technique_common>
            <accessor source="#geom-Hed_EYE029__M_EYE029metal-skin1-weights-array" count="1" stride="1">
              <param name="WEIGHT" type="float"/>
            </accessor>
          </technique_common>
        </source>
        <joints>
          <input semantic="JOINT" source="#geom-Hed_EYE029__M_EYE029metal-skin1-joints"/>
          <input semantic="INV_BIND_MATRIX" source="#geom-Hed_EYE029__M_EYE029metal-skin1-bind_poses"/>
        </joints>
        <vertex_weights count="1512">
          <input semantic="JOINT" source="#geom-Hed_EYE029__M_EYE029metal-skin1-joints" offset="0"/>
          <input semantic="WEIGHT" source="#geom-Hed_EYE029__M_EYE029metal-skin1-weights" offset="1"/>
          <vcount>1 1 1 1 1 1 1 1 1 1 1 1 1 1 1 1 1 1 1 1 1 1 1 1 1 1 1 1 1 1 1 1 1 1 1 1 1 1 1 1 1 1 1 1 1 1 1 1 1 1 1 1 1 1 1 1 1 1 1 1 1 1 1 1 1 1 1 1 1 1 1 1 1 1 1 1 1 1 1 1 1 1 1 1 1 1 1 1 1 1 1 1 1 1 1 1 1 1 1 1 1 1 1 1 1 1 1 1 1 1 1 1 1 1 1 1 1 1 1 1 1 1 1 1 1 1 1 1 1 1 1 1 1 1 1 1 1 1 1 1 1 1 1 1 1 1 1 1 1 1 1 1 1 1 1 1 1 1 1 1 1 1 1 1 1 1 1 1 1 1 1 1 1 1 1 1 1 1 1 1 1 1 1 1 1 1 1 1 1 1 1 1 1 1 1 1 1 1 1 1 1 1 1 1 1 1 1 1 1 1 1 1 1 1 1 1 1 1 1 1 1 1 1 1 1 1 1 1 1 1 1 1 1 1 1 1 1 1 1 1 1 1 1 1 1 1 1 1 1 1 1 1 1 1 1 1 1 1 1 1 1 1 1 1 1 1 1 1 1 1 1 1 1 1 1 1 1 1 1 1 1 1 1 1 1 1 1 1 1 1 1 1 1 1 1 1 1 1 1 1 1 1 1 1 1 1 1 1 1 1 1 1 1 1 1 1 1 1 1 1 1 1 1 1 1 1 1 1 1 1 1 1 1 1 1 1 1 1 1 1 1 1 1 1 1 1 1 1 1 1 1 1 1 1 1 1 1 1 1 1 1 1 1 1 1 1 1 1 1 1 1 1 1 1 1 1 1 1 1 1 1 1 1 1 1 1 1 1 1 1 1 1 1 1 1 1 1 1 1 1 1 1 1 1 1 1 1 1 1 1 1 1 1 1 1 1 1 1 1 1 1 1 1 1 1 1 1 1 1 1 1 1 1 1 1 1 1 1 1 1 1 1 1 1 1 1 1 1 1 1 1 1 1 1 1 1 1 1 1 1 1 1 1 1 1 1 1 1 1 1 1 1 1 1 1 1 1 1 1 1 1 1 1 1 1 1 1 1 1 1 1 1 1 1 1 1 1 1 1 1 1 1 1 1 1 1 1 1 1 1 1 1 1 1 1 1 1 1 1 1 1 1 1 1 1 1 1 1 1 1 1 1 1 1 1 1 1 1 1 1 1 1 1 1 1 1 1 1 1 1 1 1 1 1 1 1 1 1 1 1 1 1 1 1 1 1 1 1 1 1 1 1 1 1 1 1 1 1 1 1 1 1 1 1 1 1 1 1 1 1 1 1 1 1 1 1 1 1 1 1 1 1 1 1 1 1 1 1 1 1 1 1 1 1 1 1 1 1 1 1 1 1 1 1 1 1 1 1 1 1 1 1 1 1 1 1 1 1 1 1 1 1 1 1 1 1 1 1 1 1 1 1 1 1 1 1 1 1 1 1 1 1 1 1 1 1 1 1 1 1 1 1 1 1 1 1 1 1 1 1 1 1 1 1 1 1 1 1 1 1 1 1 1 1 1 1 1 1 1 1 1 1 1 1 1 1 1 1 1 1 1 1 1 1 1 1 1 1 1 1 1 1 1 1 1 1 1 1 1 1 1 1 1 1 1 1 1 1 1 1 1 1 1 1 1 1 1 1 1 1 1 1 1 1 1 1 1 1 1 1 1 1 1 1 1 1 1 1 1 1 1 1 1 1 1 1 1 1 1 1 1 1 1 1 1 1 1 1 1 1 1 1 1 1 1 1 1 1 1 1 1 1 1 1 1 1 1 1 1 1 1 1 1 1 1 1 1 1 1 1 1 1 1 1 1 1 1 1 1 1 1 1 1 1 1 1 1 1 1 1 1 1 1 1 1 1 1 1 1 1 1 1 1 1 1 1 1 1 1 1 1 1 1 1 1 1 1 1 1 1 1 1 1 1 1 1 1 1 1 1 1 1 1 1 1 1 1 1 1 1 1 1 1 1 1 1 1 1 1 1 1 1 1 1 1 1 1 1 1 1 1 1 1 1 1 1 1 1 1 1 1 1 1 1 1 1 1 1 1 1 1 1 1 1 1 1 1 1 1 1 1 1 1 1 1 1 1 1 1 1 1 1 1 1 1 1 1 1 1 1 1 1 1 1 1 1 1 1 1 1 1 1 1 1 1 1 1 1 1 1 1 1 1 1 1 1 1 1 1 1 1 1 1 1 1 1 1 1 1 1 1 1 1 1 1 1 1 1 1 1 1 1 1 1 1 1 1 1 1 1 1 1 1 1 1 1 1 1 1 1 1 1 1 1 1 1 1 1 1 1 1 1 1 1 1 1 1 1 1 1 1 1 1 1 1 1 1 1 1 1 1 1 1 1 1 1 1 1 1 1 1 1 1 1 1 1 1 1 1 1 1 1 1 1 1 1 1 1 1 1 1 1 1 1 1 1 1 1 1 1 1 1 1 1 1 1 1 1 1 1 1 1 1 1 1 1 1 1 1 1 1 1 1 1 1 1 1 1 1 1 1 1 1 1 1 1 1 1 1 1 1 1 1 1 1 1 1 1 1 1 1 1 1 1 1 1 1 1 1 1 1 1 1 1 1 1 1 1 1 1 1 1 1 1 1 1 1 1 1 1 1 1 1 1 1 1 1 1 1 1 1 1 1 1 1 1 1 1 1 1 1 1 1 1 1 1 1 1 1 1 1 1 1 1 1 1 1 1 1 1 1 1 1 1 1 1 1 1 1 1 1 1 1 1 1 1 1 1 1 1 1 1 1 1 1 1 1 1 1 1 1 1 1 1 1 1 1 1 1 1 1 1 1 1 1 1 1 1 1 1 1 1 1 1 1 1 1 1 1 1 1 1 1 1 1 1 1 1 1 1 1 1 1 1 1 1 1 1 1 1 1 1 1 1 1 1 1 1 1 1 1 1 1 1 1 1 1 1 1 1 1 1 1 1 1 1 1 1 1 1 1 1 1 1 1 1 1 1 1 1 1 1 1 1 1 1 1 1 1 1 1 1 1 1 1 1 1 1 1 1 1 1 1 1 1 1 1 1 1 1 1 1 1 1 1 1 1 1 1 1 1 1 1 1 1 1 1 1 1 1 1 1 1 1 1 1 1 1 1 1 1 1 1 1 1 1 1 1 1 1 1 1 1 1 1 1 1 1 1 1 1 1 1 1 1 1 1 1 1 1 1 1 1 1 1 1 1 1 1 1 1 1 1 1 1 1 1 1 1 1 1 1 1 1 1 1 1 1 1 1 1 1 1 1 1 1 1 1 1 1 1 1 1 1 1 1 1 1 1 1 1 1 1 1 1 1 1 1 1 1 1 1 1 1 1 1 1 1 1 1 1 1 1 1 1 1 1 1 1 1 1 1</vcount>
          <v>0 0 0 0 0 0 0 0 0 0 0 0 0 0 0 0 0 0 0 0 0 0 0 0 0 0 0 0 0 0 0 0 0 0 0 0 0 0 0 0 0 0 0 0 0 0 0 0 0 0 0 0 0 0 0 0 0 0 0 0 0 0 0 0 0 0 0 0 0 0 0 0 0 0 0 0 0 0 0 0 0 0 0 0 0 0 0 0 0 0 0 0 0 0 0 0 0 0 0 0 0 0 0 0 0 0 0 0 0 0 0 0 0 0 0 0 0 0 0 0 0 0 0 0 0 0 0 0 0 0 0 0 0 0 0 0 0 0 0 0 0 0 0 0 0 0 0 0 0 0 0 0 0 0 0 0 0 0 0 0 0 0 0 0 0 0 0 0 0 0 0 0 0 0 0 0 0 0 0 0 0 0 0 0 0 0 0 0 0 0 0 0 0 0 0 0 0 0 0 0 0 0 0 0 0 0 0 0 0 0 0 0 0 0 0 0 0 0 0 0 0 0 0 0 0 0 0 0 0 0 0 0 0 0 0 0 0 0 0 0 0 0 0 0 0 0 0 0 0 0 0 0 0 0 0 0 0 0 0 0 0 0 0 0 0 0 0 0 0 0 0 0 0 0 0 0 0 0 0 0 0 0 0 0 0 0 0 0 0 0 0 0 0 0 0 0 0 0 0 0 0 0 0 0 0 0 0 0 0 0 0 0 0 0 0 0 0 0 0 0 0 0 0 0 0 0 0 0 0 0 0 0 0 0 0 0 0 0 0 0 0 0 0 0 0 0 0 0 0 0 0 0 0 0 0 0 0 0 0 0 0 0 0 0 0 0 0 0 0 0 0 0 0 0 0 0 0 0 0 0 0 0 0 0 0 0 0 0 0 0 0 0 0 0 0 0 0 0 0 0 0 0 0 0 0 0 0 0 0 0 0 0 0 0 0 0 0 0 0 0 0 0 0 0 0 0 0 0 0 0 0 0 0 0 0 0 0 0 0 0 0 0 0 0 0 0 0 0 0 0 0 0 0 0 0 0 0 0 0 0 0 0 0 0 0 0 0 0 0 0 0 0 0 0 0 0 0 0 0 0 0 0 0 0 0 0 0 0 0 0 0 0 0 0 0 0 0 0 0 0 0 0 0 0 0 0 0 0 0 0 0 0 0 0 0 0 0 0 0 0 0 0 0 0 0 0 0 0 0 0 0 0 0 0 0 0 0 0 0 0 0 0 0 0 0 0 0 0 0 0 0 0 0 0 0 0 0 0 0 0 0 0 0 0 0 0 0 0 0 0 0 0 0 0 0 0 0 0 0 0 0 0 0 0 0 0 0 0 0 0 0 0 0 0 0 0 0 0 0 0 0 0 0 0 0 0 0 0 0 0 0 0 0 0 0 0 0 0 0 0 0 0 0 0 0 0 0 0 0 0 0 0 0 0 0 0 0 0 0 0 0 0 0 0 0 0 0 0 0 0 0 0 0 0 0 0 0 0 0 0 0 0 0 0 0 0 0 0 0 0 0 0 0 0 0 0 0 0 0 0 0 0 0 0 0 0 0 0 0 0 0 0 0 0 0 0 0 0 0 0 0 0 0 0 0 0 0 0 0 0 0 0 0 0 0 0 0 0 0 0 0 0 0 0 0 0 0 0 0 0 0 0 0 0 0 0 0 0 0 0 0 0 0 0 0 0 0 0 0 0 0 0 0 0 0 0 0 0 0 0 0 0 0 0 0 0 0 0 0 0 0 0 0 0 0 0 0 0 0 0 0 0 0 0 0 0 0 0 0 0 0 0 0 0 0 0 0 0 0 0 0 0 0 0 0 0 0 0 0 0 0 0 0 0 0 0 0 0 0 0 0 0 0 0 0 0 0 0 0 0 0 0 0 0 0 0 0 0 0 0 0 0 0 0 0 0 0 0 0 0 0 0 0 0 0 0 0 0 0 0 0 0 0 0 0 0 0 0 0 0 0 0 0 0 0 0 0 0 0 0 0 0 0 0 0 0 0 0 0 0 0 0 0 0 0 0 0 0 0 0 0 0 0 0 0 0 0 0 0 0 0 0 0 0 0 0 0 0 0 0 0 0 0 0 0 0 0 0 0 0 0 0 0 0 0 0 0 0 0 0 0 0 0 0 0 0 0 0 0 0 0 0 0 0 0 0 0 0 0 0 0 0 0 0 0 0 0 0 0 0 0 0 0 0 0 0 0 0 0 0 0 0 0 0 0 0 0 0 0 0 0 0 0 0 0 0 0 0 0 0 0 0 0 0 0 0 0 0 0 0 0 0 0 0 0 0 0 0 0 0 0 0 0 0 0 0 0 0 0 0 0 0 0 0 0 0 0 0 0 0 0 0 0 0 0 0 0 0 0 0 0 0 0 0 0 0 0 0 0 0 0 0 0 0 0 0 0 0 0 0 0 0 0 0 0 0 0 0 0 0 0 0 0 0 0 0 0 0 0 0 0 0 0 0 0 0 0 0 0 0 0 0 0 0 0 0 0 0 0 0 0 0 0 0 0 0 0 0 0 0 0 0 0 0 0 0 0 0 0 0 0 0 0 0 0 0 0 0 0 0 0 0 0 0 0 0 0 0 0 0 0 0 0 0 0 0 0 0 0 0 0 0 0 0 0 0 0 0 0 0 0 0 0 0 0 0 0 0 0 0 0 0 0 0 0 0 0 0 0 0 0 0 0 0 0 0 0 0 0 0 0 0 0 0 0 0 0 0 0 0 0 0 0 0 0 0 0 0 0 0 0 0 0 0 0 0 0 0 0 0 0 0 0 0 0 0 0 0 0 0 0 0 0 0 0 0 0 0 0 0 0 0 0 0 0 0 0 0 0 0 0 0 0 0 0 0 0 0 0 0 0 0 0 0 0 0 0 0 0 0 0 0 0 0 0 0 0 0 0 0 0 0 0 0 0 0 0 0 0 0 0 0 0 0 0 0 0 0 0 0 0 0 0 0 0 0 0 0 0 0 0 0 0 0 0 0 0 0 0 0 0 0 0 0 0 0 0 0 0 0 0 0 0 0 0 0 0 0 0 0 0 0 0 0 0 0 0 0 0 0 0 0 0 0 0 0 0 0 0 0 0 0 0 0 0 0 0 0 0 0 0 0 0 0 0 0 0 0 0 0 0 0 0 0 0 0 0 0 0 0 0 0 0 0 0 0 0 0 0 0 0 0 0 0 0 0 0 0 0 0 0 0 0 0 0 0 0 0 0 0 0 0 0 0 0 0 0 0 0 0 0 0 0 0 0 0 0 0 0 0 0 0 0 0 0 0 0 0 0 0 0 0 0 0 0 0 0 0 0 0 0 0 0 0 0 0 0 0 0 0 0 0 0 0 0 0 0 0 0 0 0 0 0 0 0 0 0 0 0 0 0 0 0 0 0 0 0 0 0 0 0 0 0 0 0 0 0 0 0 0 0 0 0 0 0 0 0 0 0 0 0 0 0 0 0 0 0 0 0 0 0 0 0 0 0 0 0 0 0 0 0 0 0 0 0 0 0 0 0 0 0 0 0 0 0 0 0 0 0 0 0 0 0 0 0 0 0 0 0 0 0 0 0 0 0 0 0 0 0 0 0 0 0 0 0 0 0 0 0 0 0 0 0 0 0 0 0 0 0 0 0 0 0 0 0 0 0 0 0 0 0 0 0 0 0 0 0 0 0 0 0 0 0 0 0 0 0 0 0 0 0 0 0 0 0 0 0 0 0 0 0 0 0 0 0 0 0 0 0 0 0 0 0 0 0 0 0 0 0 0 0 0 0 0 0 0 0 0 0 0 0 0 0 0 0 0 0 0 0 0 0 0 0 0 0 0 0 0 0 0 0 0 0 0 0 0 0 0 0 0 0 0 0 0 0 0 0 0 0 0 0 0 0 0 0 0 0 0 0 0 0 0 0 0 0 0 0 0 0 0 0 0 0 0 0 0 0 0 0 0 0 0 0 0 0 0 0 0 0 0 0 0 0 0 0 0 0 0 0 0 0 0 0 0 0 0 0 0 0 0 0 0 0 0 0 0 0 0 0 0 0 0 0 0 0 0 0 0 0 0 0 0 0 0 0 0 0 0 0 0 0 0 0 0 0 0 0 0 0 0 0 0 0 0 0 0 0 0 0 0 0 0 0 0 0 0 0 0 0 0 0 0 0 0 0 0 0 0 0 0 0 0 0 0 0 0 0 0 0 0 0 0 0 0 0 0 0 0 0 0 0 0 0 0 0 0 0 0 0 0 0 0 0 0 0 0 0 0 0 0 0 0 0 0 0 0 0 0 0 0 0 0 0 0 0 0 0 0 0 0 0 0 0 0 0 0 0 0 0 0 0 0 0 0 0 0 0 0 0 0 0 0 0 0 0 0 0 0 0 0 0 0 0 0 0 0 0 0 0 0 0 0 0 0 0 0 0 0 0 0 0 0 0 0 0 0 0 0 0 0 0 0 0 0 0 0 0 0 0 0 0 0 0 0 0 0 0 0 0 0 0 0 0 0 0 0 0 0 0 0 0 0 0 0 0 0 0 0 0 0 0 0 0 0 0 0 0 0 0 0 0 0 0 0 0 0 0 0 0 0 0 0 0 0 0 0 0 0 0 0 0 0 0 0 0 0 0 0 0 0 0 0 0 0 0 0 0 0 0 0 0 0 0 0 0 0 0 0 0 0 0 0 0 0 0 0 0 0 0 0 0 0 0 0 0 0 0 0 0 0 0 0 0 0 0 0 0 0 0 0 0 0 0 0 0 0 0 0 0 0 0 0 0 0 0 0 0 0 0 0 0 0 0 0 0 0 0 0 0 0 0 0 0 0 0 0 0 0 0 0 0 0 0 0 0 0 0 0 0 0 0 0 0 0 0 0 0 0 0 0 0 0 0 0 0 0 0 0 0 0 0 0 0 0 0 0 0 0 0 0 0 0 0 0 0 0 0 0 0 0 0 0 0 0 0 0 0 0 0 0 0 0 0 0 0 0 0 0 0 0 0 0 0 0 0 0 0 0 0 0 0 0 0 0 0 0 0 0 0 0 0 0 0 0 0 0 0 0 0 0 0 0 0 0 0 0 0 0 0 0 0 0 0 0 0 0 0 0 0 0 0 0 0 0 0 0 0 0 0 0 0 0 0 0 0 0 0 0 0 0 0 0 0 0 0 0 0 0 0 0 0 0 0 0 0 0 0 0 0 0 0 0 0 0 0 0 0 0 0 0 0 0 0 0 0 0 0 0 0 0 0 0 0 0 0 0 0 0 0 0 0 0 0 0 0 0 0 0 0 0 0 0 0 0 0 0 0 0 0 0 0 0 0 0 0 0 0 0 0 0 0 0 0 0 0 0 0 0 0 0 0 0 0 0 0 0 0 0 0 0 0 0 0 0 0 0 0 0 0 0 0 0 0 0 0 0 0 0 0 0 0 0 0 0 0 0 0 0 0 0 0 0 0 0 0 0 0 0 0 0 0 0 0 0 0 0 0 0 0 0 0 0 0 0 0 0 0 0 0 0 0 0 0 0 0 0 0 0 0 0 0 0 0 0 0 0 0 0 0 0 0 0 0 0 0 0 0 0 0 0 0 0 0 0 0 0 0 0 0 0 0 0 0 0 0 0 0 0 0 0 0 0 0 0 0 0 0 0 0 0 0 0 0 0 0 0 0 0 0 0 0 0 0 0 0 0 0 0 0 0 0 0 0 0 0 0 0 0 0 0 0 0 0 0 0 0 0 0 0 0 0 0 0 0 0 0 0 0 0 0 0 0 0 0 0 0 0 0 0 0 0 0 0 0 0 0 0 0 0 0 0 0 0 0 0 0 0 0 0 0 0 0 0 0 0 0 0 0 0 0 0 0 0 0 0 0 0 0 0 0 0 0 0 0 0 0 0 0 0 0 0 0 0 0 0 0 0 0 0 0 0 0 0 0 0 0 0 0 0 0 0 0 0 0 0 0 0 0 0 0 0 0 0 0 0 0 0 0 0 0 0 0 0 0 0 0 0 0 0 0 0 0 0 0 0 0 0 0 0 0 0 0 0 0 0 0 0 0 0 0 0 0 0 0 0 0 0 0 0 0 0 0 0 0 0 0 0 0 0 0 0 0 0 0 0 0 0 0 0 0 0 0 0 0 0 0 0 0 0 0 0 0 0 0 0 0 0 0 0 0 0 0 0 0 0 0 0 0 0 0 0 0 0 0 0 0 0 0 0 0 0 0 0 0 0 0 0 0 0 0 0 0 0 0 0 0 0 0 0 0 0 0 0 0 0 0 0 0 0 0 0 0 0 0 0 0 0 0 0 0 0 0 0 0 0 0 0 0 0 0 0 0 0 0 0 0 0 0 0 0 0 0 0 0 0 0 0 0 0 0 0 0 0 0 0 0 0 0 0 0 0 0 0 0 0 0 0 0 0 0 0 0 0 0 0 0 0 0 0 0 0 0 0 0 0 0 0 0 0 0 0 0 0 0 0 0 0 0 0 0 0 0 0 0 0 0 0 0 0 0 0 0 0 0 0 0 0 0 0 0 0 0 0 0 0 0 0 0 0 0 0 0 0 0 0 0 0 0 0 0 0 0 0 0 0 0 0 0 0 0 0 0 0 0 0 0 0 0 0 0 0 0 0 0 0 0 0 0 0 0 0 0 0 0 0 0 0 0 0 0 0 0 0 0 0 0 0 0 0 0 0 0 0 0 0 0 0 0 0 0 0 0 0 0 0 0 0 0 0 0 0 0 0 0 0 0 0 0 0 0 0 0 0 0 0 0 0 0 0 0 0 0 0 0 0 0 0 0 0 0 0 0 0 0 0 0 0 0 0 0 0 0 0 0</v>
        </vertex_weights>
      </skin>
    </controller>
  </library_controllers>
  <library_lights>
    <light id="EnvironmentAmbientLight" name="EnvironmentAmbientLight">
      <technique_common>
        <ambient>
          <color>0 0 0</color>
        </ambient>
      </technique_common>
    </light>
  </library_lights>
  <library_images>
    <image id="M_EYE029flame_Alb_png">
      <init_from>./M_EYE029flame_Alb.png</init_from>
    </image>
    <image id="M_EYE029glass_Tcl_png">
      <init_from>./M_EYE029glass_Tcl.png</init_from>
    </image>
    <image id="M_EYE029metal_Nrm_png">
      <init_from>./M_EYE029metal_Nrm.png</init_from>
    </image>
  </library_images>
  <library_visual_scenes>
    <visual_scene id="MaxScene">
      <node name="EnvironmentAmbientLight">
        <instance_light url="#EnvironmentAmbientLight"/>
      </node>
      <node id="node-Root" name="Root" sid="joint0" type="JOINT">
        <rotate>-1 0 0 -90</rotate>
        <extra>
          <technique profile="OpenCOLLADA">
            <cast_shadows sid="cast_shadows" type="bool">1</cast_shadows>
            <receive_shadows sid="receive_shadows" type="bool">1</receive_shadows>
            <primary_visibility sid="primary_visibility" type="bool">1</primary_visibility>
            <secondary_visibility sid="secondary_visibility" type="bool">1</secondary_visibility>
          </technique>
        </extra>
      </node>
      <node id="node-Hed_EYE029__M_EYE029flame" name="Hed_EYE029__M_EYE029flame">
        <instance_controller url="#geom-Hed_EYE029__M_EYE029flame-skin1">
          <skeleton>#node-Root</skeleton>
          <bind_material>
            <technique_common>
              <instance_material symbol="M_EYE029flame" target="#M_EYE029flame-material">
                <bind_vertex_input semantic="CHANNEL1" input_semantic="TEXCOORD" input_set="0"/>
              </instance_material>
            </technique_common>
          </bind_material>
        </instance_controller>
        <extra>
          <technique profile="OpenCOLLADA">
            <cast_shadows sid="cast_shadows" type="bool">1</cast_shadows>
            <receive_shadows sid="receive_shadows" type="bool">1</receive_shadows>
            <primary_visibility sid="primary_visibility" type="bool">1</primary_visibility>
            <secondary_visibility sid="secondary_visibility" type="bool">1</secondary_visibility>
          </technique>
        </extra>
      </node>
      <node id="node-Hed_EYE029__M_EYE029glass" name="Hed_EYE029__M_EYE029glass">
        <instance_controller url="#geom-Hed_EYE029__M_EYE029glass-skin1">
          <skeleton>#node-Root</skeleton>
          <bind_material>
            <technique_common>
              <instance_material symbol="M_EYE029glass" target="#M_EYE029glass-material">
                <bind_vertex_input semantic="CHANNEL1" input_semantic="TEXCOORD" input_set="0"/>
              </instance_material>
            </technique_common>
          </bind_material>
        </instance_controller>
        <extra>
          <technique profile="OpenCOLLADA">
            <cast_shadows sid="cast_shadows" type="bool">1</cast_shadows>
            <receive_shadows sid="receive_shadows" type="bool">1</receive_shadows>
            <primary_visibility sid="primary_visibility" type="bool">1</primary_visibility>
            <secondary_visibility sid="secondary_visibility" type="bool">1</secondary_visibility>
          </technique>
        </extra>
      </node>
      <node id="node-Hed_EYE029__M_EYE029metal" name="Hed_EYE029__M_EYE029metal">
        <instance_controller url="#geom-Hed_EYE029__M_EYE029metal-skin1">
          <skeleton>#node-Root</skeleton>
          <bind_material>
            <technique_common>
              <instance_material symbol="M_EYE029metal" target="#M_EYE029metal-material">
                <bind_vertex_input semantic="CHANNEL1" input_semantic="TEXCOORD" input_set="0"/>
                <bind_vertex_input semantic="CHANNEL1" input_semantic="TEXCOORD" input_set="0"/>
              </instance_material>
            </technique_common>
          </bind_material>
        </instance_controller>
        <extra>
          <technique profile="OpenCOLLADA">
            <cast_shadows sid="cast_shadows" type="bool">1</cast_shadows>
            <receive_shadows sid="receive_shadows" type="bool">1</receive_shadows>
            <primary_visibility sid="primary_visibility" type="bool">1</primary_visibility>
            <secondary_visibility sid="secondary_visibility" type="bool">1</secondary_visibility>
          </technique>
        </extra>
      </node>
    </visual_scene>
  </library_visual_scenes>
  <scene>
    <instance_visual_scene url="#MaxScene"/>
  </scene>
</COLLADA>