<?xml version="1.0" encoding="utf-8"?>
<COLLADA xmlns="http://www.collada.org/2005/11/COLLADASchema" version="1.4.1" xmlns:xsi="http://www.w3.org/2001/XMLSchema-instance">
  <asset>
    <contributor>
      <author>Centrixe</author>
      <authoring_tool>OpenCOLLADA for 3ds Max;  Version: 1.6;  Revision: 68</authoring_tool>
    </contributor>
    <created>2023-03-20T04:45:06</created>
    <modified>2023-03-20T04:45:06</modified>
    <unit name="inch" meter="0.0254"/>
    <up_axis>Z_UP</up_axis>
  </asset>
  <library_effects>
    <effect id="M_TES066_M">
      <profile_COMMON>
        <newparam sid="M_TES066_M_Alb_png-surface">
          <surface type="2D">
            <init_from>M_TES066_M_Alb_png</init_from>
          </surface>
        </newparam>
        <newparam sid="M_TES066_M_Alb_png-sampler">
          <sampler2D>
            <source>M_TES066_M_Alb_png-surface</source>
          </sampler2D>
        </newparam>
        <newparam sid="M_TES066_M_Rgh_png-surface">
          <surface type="2D">
            <init_from>M_TES066_M_Rgh_png</init_from>
          </surface>
        </newparam>
        <newparam sid="M_TES066_M_Rgh_png-sampler">
          <sampler2D>
            <source>M_TES066_M_Rgh_png-surface</source>
          </sampler2D>
        </newparam>
        <newparam sid="M_TES066_M_Nrm_png-surface">
          <surface type="2D">
            <init_from>M_TES066_M_Nrm_png</init_from>
          </surface>
        </newparam>
        <newparam sid="M_TES066_M_Nrm_png-sampler">
          <sampler2D>
            <source>M_TES066_M_Nrm_png-surface</source>
          </sampler2D>
        </newparam>
        <technique sid="common">
          <blinn>
            <emission>
              <color>0 0 0 1</color>
            </emission>
            <ambient>
              <color>0.588 0.588 0.588 1</color>
            </ambient>
            <diffuse>
              <texture texture="M_TES066_M_Alb_png-sampler" texcoord="CHANNEL1"/>
            </diffuse>
            <specular>
              <color>0 0 0 1</color>
            </specular>
            <shininess>
              <float>10</float>
            </shininess>
            <reflective>
              <color>0 0 0 1</color>
            </reflective>
            <transparent opaque="A_ONE">
              <texture texture="M_TES066_M_Alb_png-sampler" texcoord="CHANNEL1"/>
            </transparent>
            <transparency>
              <float>1</float>
            </transparency>
          </blinn>
          <extra>
            <technique profile="OpenCOLLADA3dsMax">
              <gloss>
                <texture texture="M_TES066_M_Rgh_png-sampler" texcoord="CHANNEL1"/>
              </gloss>
              <bump bumptype="HEIGHTFIELD">
                <texture texture="M_TES066_M_Nrm_png-sampler" texcoord="CHANNEL1"/>
              </bump>
            </technique>
          </extra>
        </technique>
      </profile_COMMON>
      <extra>
        <technique profile="OpenCOLLADA3dsMax">
          <extended_shader>
            <opacity_type sid="opacity_type" type="int">0</opacity_type>
            <falloff_type sid="falloff_type" type="int">0</falloff_type>
            <falloff sid="falloff" type="float">0</falloff>
            <index_of_refraction sid="index_of_refraction" type="float">1.5</index_of_refraction>
            <wire_size sid="wire_size" type="float">1</wire_size>
            <wire_units sid="wire_units" type="int">0</wire_units>
            <apply_reflection_dimming sid="apply_reflection_dimming" type="bool">0</apply_reflection_dimming>
            <dim_level sid="dim_level" type="float">0</dim_level>
            <reflection_level sid="reflection_level" type="float">3</reflection_level>
          </extended_shader>
          <shader>
            <ambient_diffuse_texture_lock sid="ambient_diffuse_texture_lock" type="bool">1</ambient_diffuse_texture_lock>
            <ambient_diffuse_lock sid="ambient_diffuse_lock" type="bool">1</ambient_diffuse_lock>
            <diffuse_specular_lock sid="diffuse_specular_lock" type="bool">0</diffuse_specular_lock>
            <use_self_illum_color sid="use_self_illum_color" type="bool">0</use_self_illum_color>
            <self_illumination sid="self_illumination" type="float">0</self_illumination>
            <specular_level sid="specular_level" type="float">0</specular_level>
            <soften sid="soften" type="float">0.1</soften>
          </shader>
        </technique>
      </extra>
    </effect>
  </library_effects>
  <library_materials>
    <material id="M_TES066_M-material" name="M_TES066_M">
      <instance_effect url="#M_TES066_M"/>
    </material>
  </library_materials>
  <library_geometries>
    <geometry id="geom-Clt_TES066_M__M_TES066_M" name="Clt_TES066_M__M_TES066_M">
      <mesh>
        <source id="geom-Clt_TES066_M__M_TES066_M-positions">
          <float_array id="geom-Clt_TES066_M__M_TES066_M-positions-array" count="10770">0.008239746 -0.05612183 0.4077148 0.008056641 -0.0579834 0.4099121 0.008239746 -0.05245972 0.3786621 0.008056641 -0.05374146 0.3762207 -0.0078125 -0.06958009 0.4060059 -0.007629395 -0.06829834 0.4084473 -0.0078125 -0.06591797 0.3769532 -0.007629395 -0.06408691 0.3747559 -0.006202698 -0.05630493 0.4101563 -0.006015778 -0.05447388 0.407959 -0.006202698 -0.05209351 0.3764648 -0.006015778 -0.05081177 0.3789063 0.04736328 -0.05130005 0.4082032 0.04736328 -0.04760743 0.3786621 0.04644776 -0.05032349 0.4106446 0.04644776 -0.04605103 0.3764648 0.0385437 -0.03515625 0.3803711 0.0385437 -0.03884888 0.409668 0.03942871 -0.03613281 0.3779297 0.03942871 -0.04040527 0.4118653 0.0276947 -0.04861451 0.4108887 0.02679443 -0.04702759 0.4086914 0.0276947 -0.04431152 0.376709 0.02679443 -0.04333496 0.3793946 -0.03863525 -0.0479126 0.4072266 -0.03869629 -0.04376221 0.3813477 -0.04324341 -0.0454712 0.3811035 -0.04315186 -0.04962159 0.4069825 -0.0449524 -0.04995728 0.3803711 -0.04489136 -0.05410767 0.40625 -0.04324341 -0.05444336 0.3798828 -0.04318237 -0.05859375 0.4055176 -0.03872681 -0.05612183 0.3796387 -0.03863525 -0.06030274 0.4052734 -0.03411865 -0.05859375 0.4055176 -0.03417969 -0.05444336 0.3798828 -0.03237915 -0.05410767 0.40625 -0.0324707 -0.04995728 0.3803711 -0.03411865 -0.04962159 0.4069825 -0.03417969 -0.0454712 0.3811035 -0.03863525 -0.0479126 0.4072266 -0.03869629 -0.04376221 0.3813477 -0.009033203 -0.05194092 0.3764648 -0.009414673 -0.04434204 0.3776856 -0.00932312 -0.04943848 0.4094238 -0.008941651 -0.05703735 0.4082032 -0.01136017 -0.04998779 0.4121094 -0.0109787 -0.05761719 0.4111328 -0.01447296 -0.05038453 0.4135742 -0.01408386 -0.0579834 0.4123535 -0.03662109 -0.05148316 0.4135742 -0.03622437 -0.05911255 0.4123535 -0.03933716 -0.059021 0.4108887 -0.03973389 -0.05142212 0.4121094 -0.04138184 -0.05868531 0.407959 -0.04177856 -0.05105591 0.4091797 -0.04147339 -0.05355835 0.3764648 -0.04187012 -0.04595948 0.3774414 -0.03945923 -0.05300904 0.3735352 -0.03982544 -0.04541016 0.3747559 -0.03634644 -0.0526123 0.3720703 -0.03671265 -0.04501343 0.373291 -0.0145874 -0.04391479 0.3735352 -0.0141983 -0.05151368 0.3723145 -0.01147461 -0.04397583 0.375 -0.01108551 -0.05160523 0.3737793 -0.009414673 -0.04434204 0.3776856 -0.009033203 -0.05194092 0.3764648 -0.03634644 -0.0578003 0.4042969 -0.03671265 -0.0501709 0.4052734 -0.03533936 -0.05044556 0.4074707 -0.03497314 -0.05807495 0.40625 -0.03323364 -0.05053711 0.4086914 -0.03283692 -0.05813599 0.4074707 -0.01800537 -0.04974365 0.4086914 -0.0176239 -0.05737305 0.4074707 -0.01550293 -0.05706787 0.40625 -0.0158844 -0.04946899 0.4074707 -0.01412201 -0.05667115 0.4042969 -0.01451111 -0.04904175 0.4055176 -0.01409149 -0.05282593 0.3803711 -0.01447296 -0.04519654 0.3815918 -0.006015778 -0.05081177 0.3789063 0.008239746 -0.05245972 0.3786621 0.008056641 -0.05374146 0.3762207 -0.006202698 -0.05209351 0.3764648 0.007610322 -0.05734253 0.3745117 -0.006645203 -0.05569458 0.3747559 -0.007183075 -0.0602417 0.3742676 0.007072449 -0.06188965 0.3740234 0.006629944 -0.06573486 0.3747559 -0.007629395 -0.06408691 0.3747559 0.006443024 -0.06756592 0.376709 -0.0078125 -0.06591797 0.3769532 0.006443024 -0.07122803 0.4057617 -0.0078125 -0.06958009 0.4060059 0.006629944 -0.07000732 0.4082032 -0.007629395 -0.06829834 0.4084473 0.007072449 -0.06640625 0.4099121 -0.007183075 -0.06469727 0.4101563 -0.006645203 -0.06018067 0.4106446 0.007610322 -0.06185913 0.4104004 0.008056641 -0.0579834 0.4099121 -0.006202698 -0.05630493 0.4101563 0.008239746 -0.05612183 0.4077148 -0.006015778 -0.05447388 0.407959 -0.006015778 -0.05081177 0.3789063 0.008239746 -0.05245972 0.3786621 0.006443024 -0.07122803 0.4057617 0.006443024 -0.06756592 0.376709 0.006629944 -0.06573486 0.3747559 0.006629944 -0.07000732 0.4082032 0.007072449 -0.06188965 0.3740234 0.007072449 -0.06640625 0.4099121 0.007610322 -0.05734253 0.3745117 0.007610322 -0.06185913 0.4104004 0.008056641 -0.05374146 0.3762207 0.008056641 -0.0579834 0.4099121 -0.006202698 -0.05630493 0.4101563 -0.006202698 -0.05209351 0.3764648 -0.006645203 -0.05569458 0.3747559 -0.006645203 -0.06018067 0.4106446 -0.007183075 -0.0602417 0.3742676 -0.007183075 -0.06469727 0.4101563 -0.007629395 -0.06408691 0.3747559 -0.007629395 -0.06829834 0.4084473 0.0385437 -0.03515625 0.3803711 0.02679443 -0.04333496 0.3793946 0.02679443 -0.04702759 0.4086914 0.0385437 -0.03884888 0.409668 0.0276947 -0.04861451 0.4108887 0.03942871 -0.04040527 0.4118653 0.02987671 -0.05181885 0.4116211 0.04162598 -0.04364014 0.4125977 0.04428101 -0.04736328 0.4121094 0.03253174 -0.05557251 0.4111328 0.04644776 -0.05032349 0.4106446 0.03469849 -0.0585022 0.409668 0.04736328 -0.05130005 0.4082032 0.03561401 -0.05950928 0.4072266 0.04736328 -0.04760743 0.3786621 0.03561401 -0.05581665 0.3776856 0.04644776 -0.04605103 0.3764648 0.03469849 -0.05422974 0.3754883 0.04428101 -0.04281617 0.3759766 0.03253174 -0.05099488 0.3747559 0.04162598 -0.0390625 0.3764648 0.02987671 -0.04727173 0.3752442 0.0276947 -0.04431152 0.376709 0.03942871 -0.03613281 0.3779297 0.02679443 -0.04333496 0.3793946 0.0385437 -0.03515625 0.3803711 0.0276947 -0.04861451 0.4108887 0.0276947 -0.04431152 0.376709 0.02987671 -0.04727173 0.3752442 0.02987671 -0.05181885 0.4116211 0.03253174 -0.05099488 0.3747559 0.03253174 -0.05557251 0.4111328 0.03253174 -0.05099488 0.3747559 0.03469849 -0.05422974 0.3754883 0.03469849 -0.0585022 0.409668 0.03561401 -0.05581665 0.3776856 0.03561401 -0.05950928 0.4072266 0.0453186 -0.04309082 0.4094238 0.06216431 -0.0239563 0.4121094 0.05566407 -0.02110291 0.4125977 0.06634521 0.006397247 0.4157715 0.05966187 0.006664277 0.4157715 0.05593872 0.03146362 0.4189453 0.06280518 0.03405762 0.4194336 0.04458618 0.05166627 0.4216309 0.04983521 0.05682373 0.4221192 0.02413941 0.06542969 0.4233399 0.02697754 0.07214356 0.4243164 -0.01963806 -0.05914307 0.4077148 -0.01963806 -0.05541993 0.3779297 -0.02442932 -0.0550232 0.4082032 -0.02372742 -0.05130005 0.378418 -0.02992249 -0.0458374 0.4086914 -0.02992249 -0.04211426 0.3789063 -0.04180909 -0.03759766 0.3798828 -0.04180909 -0.0413208 0.409668 -0.04885865 -0.03262329 0.3808594 -0.04885865 -0.03634644 0.4106446 -0.05819703 -0.01849365 0.3825684 -0.05819703 -0.02223206 0.4123535 -0.06222535 0.008674622 0.4160156 -0.06222535 0.01242066 0.3862305 -0.05706787 0.03649902 0.3894043 -0.05706787 0.03277588 0.4191895 -0.04452515 0.05538941 0.3918457 -0.04452515 0.05166627 0.4216309 -0.02409363 0.06915284 0.3935547 -0.02409363 0.06542969 0.4233399 0 0.07403565 0.3942872 0 0.07025146 0.4240723 0.02413941 0.06542969 0.4233399 0.02413941 0.06915284 0.3935547 0.04458618 0.05166627 0.4216309 0.04458618 0.05538941 0.3918457 0.05593872 0.03146362 0.4189453 0.05593872 0.03521729 0.3891602 0.05966187 0.006664277 0.4157715 0.05966187 0.01039887 0.3859864 0.05566407 -0.0173645 0.3828125 0.0574646 -0.01499939 0.3903809 0.05807495 -0.01485443 0.3981934 0.0574646 -0.01687622 0.4055176 0.05566407 -0.02110291 0.4125977 -0.03356934 -0.04788208 0.3781738 -0.02992249 -0.04211426 0.3789063 -0.02372742 -0.05130005 0.378418 -0.02624512 -0.05661011 0.3776856 -0.01963806 -0.05541993 0.3779297 7.80821e-5 -0.06561279 0.3764648 8.86917e-5 -0.05993652 0.3771973 0.01387024 -0.06427002 0.376709 0.0129776 -0.05862427 0.3774414 0.02761841 -0.05853272 0.3774414 0.02429199 -0.0531311 0.3781738 0.04525757 -0.03927612 0.3798828 0.04937745 -0.04476929 0.3791504 0.06140137 -0.03640747 0.3813477 0.06213379 -0.04193115 0.3803711 0.0737915 -0.03961182 0.3833008 0.07165527 -0.04449463 0.3825684 0.07501221 -0.04681396 0.3872071 0.07806396 -0.04269409 0.3876953 0.07641602 -0.04846192 0.3955078 0.07934571 -0.04449463 0.3959961 0.05566407 -0.02110291 0.4125977 0.05062867 -0.0186615 0.4125977 0.03942871 -0.0335083 0.4108887 0.0453186 -0.04309082 0.4094238 0.01977539 -0.04968262 0.4089356 0.02429199 -0.05685425 0.407959 0.01135254 -0.0534668 0.4084473 0.0129776 -0.06237793 0.4072266 8.87513e-5 -0.06365967 0.4069825 -7.93934e-5 -0.05215454 0.4084473 -0.01963806 -0.05914307 0.4077148 -0.01341248 -0.04388428 0.409668 -0.02114868 -0.04602051 0.4086914 -0.02323914 -0.05264282 0.4084473 0.05566407 -0.0173645 0.3828125 0.05062867 -0.01496887 0.3830567 0.0524292 -0.01259613 0.3908692 0.0574646 -0.01499939 0.3903809 0.05303955 -0.01244354 0.3984375 0.05807495 -0.01485443 0.3981934 0.0524292 -0.01446533 0.4057617 0.0574646 -0.01687622 0.4055176 0.05062867 -0.0186615 0.4125977 0.05566407 -0.02110291 0.4125977 0.07641602 -0.04846192 0.3955078 0.07934571 -0.04449463 0.3959961 0.07763672 -0.04449463 0.4042969 0.07458496 -0.04855347 0.4038086 0.07336426 -0.04269409 0.4084473 0.07128906 -0.04745484 0.407959 0.06182862 -0.0461731 0.4091797 0.0610962 -0.04064942 0.4099121 0.04937745 -0.04852295 0.4089356 0.0453186 -0.04309082 0.4094238 0.02761841 -0.06225586 0.4072266 0.02429199 -0.05685425 0.407959 0.0129776 -0.06237793 0.4072266 0.01387024 -0.06799316 0.4064942 8.87513e-5 -0.06365967 0.4069825 7.81417e-5 -0.06933594 0.40625 -0.01963806 -0.05914307 0.4077148 -0.02694702 -0.06033326 0.4074707 -0.02442932 -0.0550232 0.4082032 0.04525757 -0.03927612 0.3798828 0.0453186 -0.04309082 0.4094238 0.06140137 -0.03640747 0.3813477 0.0610962 -0.04064942 0.4099121 0.0737915 -0.03961182 0.3833008 0.07336426 -0.04269409 0.4084473 0.07934571 -0.04449463 0.3959961 0.07763672 -0.04449463 0.4042969 0.07806396 -0.04269409 0.3876953 -0.03634644 -0.0578003 0.4042969 -0.0362854 -0.05395508 0.3803711 -0.03671265 -0.0501709 0.4052734 -0.03668213 -0.04632568 0.3815918 -0.03491211 -0.05352784 0.3781738 -0.03530884 -0.04592896 0.3793946 -0.0328064 -0.05325318 0.3771973 -0.03317261 -0.04562378 0.378418 -0.01759338 -0.05249024 0.3771973 -0.01797485 -0.04486084 0.378418 -0.01585388 -0.0449524 0.3793946 -0.01546478 -0.05255127 0.378418 -0.01447296 -0.04519654 0.3815918 -0.01409149 -0.05282593 0.3803711 0 -0.111023 0.3234863 0.009849549 -0.1095581 0.3249512 0 -0.1170044 0.3300781 0.009849549 -0.1155396 0.3312988 0.01820374 -0.1054688 0.3286133 0.01820374 -0.1114502 0.3352051 0.02378845 -0.09936523 0.3344727 0.02378845 -0.1053467 0.3408203 0.02574158 -0.09216309 0.3410645 0.02574158 -0.0980835 0.3474121 0.02378845 -0.0848999 0.3479004 0.02378845 -0.09088136 0.3542481 0.01820374 -0.07879639 0.3535156 0.01820374 -0.08477783 0.3598633 0.009849549 -0.08068848 0.3637696 0.009849549 -0.07470703 0.3571777 0.006118775 -0.0770874 0.3608398 0.004108429 -0.0748291 0.3591309 0.00404358 -0.07879639 0.3632812 0 -0.07324219 0.3586426 0 -0.07922364 0.3649902 0 -0.07348634 0.3588867 0 -0.07897949 0.3647461 -0.004116058 -0.0748291 0.3591309 -0.004039764 -0.07879639 0.3635254 -0.009849549 -0.07470703 0.3571777 -0.009849549 -0.08068848 0.3637696 -0.006111145 -0.0770874 0.361084 -0.01820374 -0.07879639 0.3535156 -0.01820374 -0.08477783 0.3598633 -0.02378845 -0.0848999 0.3479004 -0.02378845 -0.09088136 0.3542481 -0.02574158 -0.09216309 0.3410645 -0.02574158 -0.0980835 0.3474121 -0.02378845 -0.09936523 0.3344727 -0.02378845 -0.1053467 0.3408203 -0.01820374 -0.1054688 0.3286133 -0.01820374 -0.1114502 0.3352051 -0.009849549 -0.1155396 0.3312988 -0.009849549 -0.1095581 0.3249512 0 -0.111023 0.3234863 0 -0.1170044 0.3300781 0.03942871 -0.04040527 0.4118653 0.04162598 -0.04364014 0.4125977 0.03942871 -0.03613281 0.3779297 0.04162598 -0.0390625 0.3764648 0.04428101 -0.04736328 0.4121094 0.04428101 -0.04281617 0.3759766 0.04644776 -0.04605103 0.3764648 0.04644776 -0.05032349 0.4106446 0.04428101 -0.04736328 0.4121094 0.02697754 0.07586671 0.3945313 0.04983521 0.06054688 0.3925782 0.02413941 0.06915284 0.3935547 0.04458618 0.05538941 0.3918457 0.06280518 0.03781128 0.3896484 0.05593872 0.03521729 0.3891602 0.06634521 0.01013184 0.3859864 0.05966187 0.01039887 0.3859864 0.05566407 -0.0173645 0.3828125 0.06216431 -0.0202179 0.3823242 0.04525757 -0.03927612 0.3798828 0.03942871 -0.02978516 0.3811035 0.05062867 -0.01496887 0.3830567 0.01977539 -0.04595948 0.3791504 0.03942871 -0.02978516 0.3811035 0.04525757 -0.03927612 0.3798828 0.02429199 -0.0531311 0.3781738 0.01135254 -0.04974365 0.3786621 0.0129776 -0.05862427 0.3774414 8.86917e-5 -0.05993652 0.3771973 -7.9453e-5 -0.04840088 0.3786621 -0.01963806 -0.05541993 0.3779297 -0.01341248 -0.04013062 0.3798828 -0.02114868 -0.04229737 0.3791504 -0.02323914 -0.04891968 0.3786621 -0.01963806 -0.05914307 0.4077148 -0.02323914 -0.05264282 0.4084473 -0.01963806 -0.05541993 0.3779297 -0.02323914 -0.04891968 0.3786621 -0.02114868 -0.04602051 0.4086914 -0.02114868 -0.04229737 0.3791504 -0.01341248 -0.04013062 0.3798828 -0.01341248 -0.04388428 0.409668 -7.93934e-5 -0.05215454 0.4084473 -7.9453e-5 -0.04840088 0.3786621 0.01135254 -0.0534668 0.4084473 0.01135254 -0.04974365 0.3786621 0.01977539 -0.04595948 0.3791504 0.01977539 -0.04968262 0.4089356 0.03942871 -0.02978516 0.3811035 0.03942871 -0.0335083 0.4108887 0.0524292 -0.01446533 0.4057617 0.05062867 -0.0186615 0.4125977 0.05303955 -0.01244354 0.3984375 0.0524292 -0.01259613 0.3908692 0.05062867 -0.01496887 0.3830567 -0.04180909 -0.03759766 0.3798828 -0.02992249 -0.04211426 0.3789063 -0.03356934 -0.04788208 0.3781738 -0.04577637 -0.04345703 0.3791504 -0.04885865 -0.03262329 0.3808594 -0.05453492 -0.03729248 0.380127 -0.05819703 -0.01849365 0.3825684 -0.06506348 -0.02137756 0.3820801 -0.06964112 0.01234436 0.3862305 -0.06222535 0.01242066 0.3862305 -0.06390381 0.03927612 0.3896484 -0.05706787 0.03649902 0.3894043 -0.04980469 0.06054688 0.3925782 -0.04452515 0.05538941 0.3918457 -0.02409363 0.06915284 0.3935547 -0.02694702 0.07586671 0.3945313 0 0.07403565 0.3942872 0 0.08135986 0.3950196 0.02697754 0.07586671 0.3945313 0.02413941 0.06915284 0.3935547 0.02413941 0.06542969 0.4233399 0.02697754 0.07214356 0.4243164 0 0.07025146 0.4240723 0 0.07757569 0.4248047 -0.02694702 0.07214356 0.4243164 -0.02409363 0.06542969 0.4233399 -0.04980469 0.05682373 0.4221192 -0.04452515 0.05166627 0.4216309 -0.05706787 0.03277588 0.4191895 -0.06390381 0.03552246 0.4194336 -0.06222535 0.008674622 0.4160156 -0.06964112 0.008605958 0.4160156 -0.05819703 -0.02223206 0.4123535 -0.06506348 -0.02511597 0.4118653 -0.05453492 -0.04104614 0.4099121 -0.04885865 -0.03634644 0.4106446 -0.04577637 -0.04718018 0.4089356 -0.04180909 -0.0413208 0.409668 -0.03356934 -0.05163574 0.407959 -0.02992249 -0.0458374 0.4086914 -0.02442932 -0.0550232 0.4082032 -0.02694702 -0.06033326 0.4074707 0.04525757 -0.03927612 0.3798828 0.06216431 -0.0202179 0.3823242 0.0453186 -0.04309082 0.4094238 0.06216431 -0.0239563 0.4121094 0.06634521 0.006397247 0.4157715 0.06634521 0.01013184 0.3859864 0.06280518 0.03781128 0.3896484 0.06280518 0.03405762 0.4194336 0.04983521 0.06054688 0.3925782 0.04983521 0.05682373 0.4221192 0.02697754 0.07586671 0.3945313 0.02697754 0.07214356 0.4243164 0 0.08135986 0.3950196 0 0.07757569 0.4248047 -0.02694702 0.07214356 0.4243164 -0.02694702 0.07586671 0.3945313 -0.04980469 0.05682373 0.4221192 -0.04980469 0.06054688 0.3925782 -0.06390381 0.03552246 0.4194336 -0.06390381 0.03927612 0.3896484 -0.06964112 0.008605958 0.4160156 -0.06964112 0.01234436 0.3862305 -0.06506348 -0.02137756 0.3820801 -0.06506348 -0.02511597 0.4118653 -0.05453492 -0.04104614 0.4099121 -0.05453492 -0.03729248 0.380127 -0.04577637 -0.04718018 0.4089356 -0.04577637 -0.04345703 0.3791504 -0.03356934 -0.05163574 0.407959 -0.03356934 -0.04788208 0.3781738 -0.02624512 -0.05661011 0.3776856 -0.02694702 -0.06033326 0.4074707 7.81417e-5 -0.06933594 0.40625 7.80821e-5 -0.06561279 0.3764648 0.01387024 -0.06427002 0.376709 0.01387024 -0.06799316 0.4064942 0.02761841 -0.06225586 0.4072266 0.02761841 -0.05853272 0.3774414 0.04937745 -0.04852295 0.4089356 0.04937745 -0.04476929 0.3791504 0.06213379 -0.04193115 0.3803711 0.06182862 -0.0461731 0.4091797 0.07165527 -0.04449463 0.3825684 0.07128906 -0.04745484 0.407959 0.07641602 -0.04846192 0.3955078 0.07458496 -0.04855347 0.4038086 0.07501221 -0.04681396 0.3872071 -0.03665162 0.1067505 0.2440186 -0.05139161 0.1043091 0.2441406 -0.05126953 0.1068726 0.2531739 -0.03540039 0.109375 0.2526855 -0.05093384 0.1082153 0.2995605 0 0.1096802 0.2440186 -0.0304718 0.1114502 0.3000488 -0.05038453 0.1008301 0.3227539 -0.02801514 0.1045532 0.3227539 0 0.1120606 0.2531738 0 0.1138916 0.300293 0 0.1062012 0.3227539 0.02801514 0.1045532 0.3227539 0.0304718 0.1114502 0.3000488 0.05038453 0.1008301 0.3227539 0.05093384 0.1082153 0.2995605 0.03540039 0.109375 0.2526855 0.05126954 0.1068726 0.2531739 0.03665162 0.1067505 0.2440186 0.05139161 0.1043091 0.2441407 -0.2493896 -0.01637268 0.2315674 -0.251709 -0.01580811 0.237793 -0.2531738 0.02592468 0.2382812 -0.2507324 0.02923584 0.232544 -0.2548828 0.04946899 0.2587891 -0.2174072 -0.01331329 0.2346192 -0.2524414 0.05535889 0.2543945 -0.2573242 0.06469727 0.2915039 -0.2176514 0.03198242 0.2344971 -0.1566162 -0.005329133 0.2359619 -0.2196045 0.05334473 0.2548828 -0.1539307 0.03845215 0.2365723 -0.145752 -0.003286362 0.2329102 -0.1375733 0.03857422 0.2347412 -0.1542969 0.05679321 0.2546387 -0.1308594 0.07061768 0.2629395 -0.15625 0.07751465 0.2937012 -0.130249 0.08215332 0.2946777 -0.1339112 0.07989502 0.3317871 -0.2211914 0.07202148 0.2924805 -0.1597901 0.07751465 0.3305664 -0.138916 0.05291748 0.3642578 -0.2556152 0.07208252 0.2912598 -0.2592773 0.06213379 0.3317871 -0.2225342 0.07055664 0.3317871 -0.1663819 0.05368042 0.3635254 -0.1428223 0.006988524 0.3740234 -0.2580567 0.07037354 0.3347168 -0.2233887 0.0506897 0.3676758 -0.2587891 0.04815674 0.3740235 -0.2612305 0.04074097 0.3681641 -0.1691895 0.006248473 0.3779297 -0.2252198 0.002902985 0.3828125 -0.2597656 4.3273e-4 0.3918457 -0.2612305 7.32422e-4 0.3842773 -0.2585449 -0.0397644 0.3669434 -0.2565918 -0.04733276 0.3728027 -0.2553711 -0.06506348 0.3310547 -0.2224121 -0.04101562 0.3652344 -0.2529297 -0.07098389 0.3330078 -0.2529297 -0.06634521 0.2878418 -0.1650391 -0.03405762 0.3635254 -0.137085 -0.03092957 0.3632812 -0.2200928 -0.06689453 0.3288574 -0.2504883 -0.07250977 0.2861328 -0.251709 -0.05001831 0.2536621 -0.1577149 -0.06207275 0.3288574 -0.1293946 -0.06103516 0.3322754 -0.1246338 -0.07391358 0.3044434 -0.2174072 -0.07019043 0.2841797 -0.2484131 -0.05401611 0.2492676 -0.251709 -0.01580811 0.237793 -0.2493896 -0.01637268 0.2315674 -0.1517334 -0.07116699 0.2858887 -0.1243286 -0.07470704 0.2780762 -0.1330567 -0.05160523 0.2524414 -0.2156983 -0.05288696 0.2492676 -0.2174072 -0.01331329 0.2346192 -0.1566162 -0.005329133 0.2359619 -0.1501465 -0.05041504 0.251709 -0.145752 -0.003286362 0.2329102 0.2531738 0.02592468 0.2382812 0.251709 -0.01580811 0.237793 0.2493896 -0.01637268 0.2315674 0.2507324 0.02923584 0.232544 0.2548828 0.04946899 0.2587891 0.2174072 -0.01331329 0.2346192 0.2524414 0.05535889 0.2543945 0.2573242 0.06469727 0.2915039 0.2176514 0.03198242 0.2344971 0.1566162 -0.005329132 0.2359619 0.2196045 0.05334473 0.2548828 0.1539307 0.03845215 0.2365723 0.145752 -0.003286362 0.2329102 0.1375733 0.03857422 0.2347412 0.1542969 0.05679321 0.2546387 0.1308594 0.07061768 0.2629395 0.15625 0.07751466 0.2937012 0.130249 0.08215332 0.2946777 0.1339111 0.07989502 0.3317871 0.2211914 0.07202148 0.2924805 0.15979 0.07751465 0.3305664 0.138916 0.05291748 0.3642578 0.2556152 0.07208252 0.2912598 0.2592773 0.06213379 0.3317871 0.2225342 0.07055665 0.3317871 0.1663818 0.05368042 0.3635254 0.1428223 0.006988526 0.3740235 0.2580567 0.07037354 0.3347168 0.2233887 0.0506897 0.3676758 0.2587891 0.04815674 0.3740235 0.2612305 0.04074097 0.3681641 0.1691895 0.006248475 0.3779297 0.2252197 0.002902985 0.3828125 0.2597656 4.3273e-4 0.3918457 0.2612305 7.32422e-4 0.3842773 0.2585449 -0.0397644 0.3669434 0.2565918 -0.04733276 0.3728027 0.2553711 -0.06506348 0.3310547 0.2224121 -0.04101563 0.3652344 0.2529297 -0.07098389 0.3330078 0.2529297 -0.06634521 0.2878418 0.1650391 -0.03405762 0.3635254 0.137085 -0.03092957 0.3632812 0.2200928 -0.06689453 0.3288574 0.2504883 -0.07250977 0.2861328 0.251709 -0.05001831 0.2536621 0.1577148 -0.06207275 0.3288574 0.1293945 -0.06103516 0.3322754 0.1246338 -0.07391357 0.3044434 0.2174072 -0.07019043 0.2841797 0.2484131 -0.05401611 0.2492676 0.251709 -0.01580811 0.237793 0.2493896 -0.01637268 0.2315674 0.1517334 -0.07116699 0.2858887 0.1243286 -0.07470703 0.2780762 0.1330567 -0.05160522 0.2524414 0.2156982 -0.05288696 0.2492676 0.2174072 -0.01331329 0.2346192 0.1566162 -0.005329132 0.2359619 0.1501465 -0.05041504 0.251709 0.145752 -0.003286362 0.2329102 0.08428955 0.002056122 0.3818359 0.0869751 0.002035141 0.3815918 0.08050538 0.03985596 0.3813477 0.08312989 0.04101562 0.3813477 0.1053467 0.005920411 0.3720703 0.06671143 0.07092285 0.3713379 0.09906007 0.04812622 0.369873 0.06896973 0.07318115 0.3708496 0.07818604 0.0777588 0.3520508 0.04522705 0.08721925 0.3620605 0.04370118 0.08422852 0.362793 0.05255128 0.0925293 0.3417969 0.02220154 0.09143067 0.3566895 0.02297974 0.09472656 0.355957 0.02658081 0.1000366 0.3354492 0 0.1016846 0.3334961 0 0.09667969 0.3547363 0 0.09338379 0.3557129 -0.02220154 0.09143067 0.3566895 -0.02297974 0.09472656 0.355957 -0.02658081 0.1000366 0.3354492 -0.05255128 0.0925293 0.3417969 -0.04522706 0.08721925 0.3620605 -0.04370118 0.08422852 0.362793 -0.07818605 0.0777588 0.3520508 -0.06658937 0.07092285 0.3713379 -0.06884767 0.07318115 0.3708496 -0.1003418 0.04745483 0.369873 -0.08441164 0.04034424 0.3813476 -0.08178712 0.03918457 0.3813477 -0.1059571 0.005920408 0.3720703 -0.08721927 0.002035139 0.3815918 -0.08453371 0.00205612 0.3818359 -0.1004639 -0.02941895 0.3632812 -0.07885744 -0.02870179 0.373291 -0.08142092 -0.02980042 0.3730469 -0.07495118 -0.06695557 0.3469238 -0.06127931 -0.05578613 0.3623047 -0.06323243 -0.05764771 0.3615723 -0.0411377 -0.06915284 0.3547364 -0.04223633 -0.07165528 0.3535156 -0.04681397 -0.08538819 0.3388672 -0.02206421 -0.07611085 0.3491211 -0.0215149 -0.07354737 0.3503418 -0.02536011 -0.0911255 0.3344727 -7.30449e-11 -0.07659913 0.3491211 -5.84359e-11 -0.07928468 0.3481446 0 -0.09399414 0.3320312 0.02536011 -0.0911255 0.3344727 0.02206421 -0.07611085 0.3491211 0.02151489 -0.07354736 0.3503418 0.04681397 -0.08538819 0.3388672 0.0411377 -0.06915284 0.3547363 0.04223633 -0.07165527 0.3535157 0.07324219 -0.06536865 0.3459473 0.06195068 -0.05603027 0.3615723 0.05993652 -0.0541687 0.3623047 0.08044434 -0.02955628 0.3730469 0.0994873 -0.02919007 0.3632812 0.07794189 -0.02845764 0.373291 0.0869751 0.002035141 0.3815918 0.1053467 0.005920411 0.3720703 0.08428955 0.002056122 0.3818359 -0.02482605 -0.0531311 0.3911133 -0.02365112 -0.05590821 0.3898926 -0.02813721 -0.05474854 0.3908692 -0.0269928 -0.05755616 0.3896484 -0.02279663 -0.05825806 0.390625 -0.03201294 -0.05664063 0.390625 -0.02615357 -0.05990601 0.3903809 -0.03089905 -0.05935669 0.3891602 -0.03536987 -0.05789185 0.3903809 -0.0223999 -0.05963135 0.392334 -0.03530884 -0.06054688 0.3891602 -0.02575684 -0.0612793 0.3920898 -0.02969361 -0.06298828 0.3918457 -0.02612305 -0.06072998 0.3942871 -0.02275086 -0.05908203 0.3945313 -0.03848267 -0.05868531 0.3896484 -0.03796387 -0.05731202 0.390625 -0.03845215 -0.05682373 0.3925782 -0.02700806 -0.05868531 0.395752 -0.02365112 -0.05703735 0.3959961 -0.03994751 -0.06054688 0.3920898 -0.0383606 -0.05786133 0.3945313 -0.02482605 -0.05389404 0.3955078 -0.02816773 -0.05551148 0.3952637 -0.03201294 -0.05743409 0.3950196 -0.03091431 -0.06048584 0.3955078 -0.03533936 -0.05862427 0.3947754 -0.03536987 -0.06167603 0.3950196 -0.03546143 -0.06420898 0.3916016 -0.03900146 -0.05944824 0.3947754 -0.004116058 -0.0748291 0.3591309 -0.006111145 -0.0770874 0.361084 -0.005172729 -0.07672119 0.3613281 -0.003505707 -0.07476807 0.3596192 -0.002223969 -0.07501221 0.362793 0 -0.07348634 0.3588867 -0.001636505 -0.0737915 0.3615723 -0.002445221 -0.0748291 0.3630371 0 -0.07366943 0.359375 0.003498078 -0.07476807 0.3596192 0.004108429 -0.0748291 0.3591309 0.005176544 -0.07672119 0.3613281 0.006118775 -0.0770874 0.3608398 0.002210617 -0.07501221 0.362793 0.001621246 -0.0737915 0.3615723 0.002450943 -0.07489014 0.3630371 0 -0.07336426 0.361084 0.002450943 -0.07312012 0.3625488 0.002725601 -0.07470703 0.3632812 0.001618385 -0.07250977 0.3620606 0.002725601 -0.07318115 0.362793 0.004859924 -0.07525635 0.362793 0.00485611 -0.07299805 0.3620606 0.002450943 -0.07183838 0.3637696 0.002723694 -0.07208252 0.3640137 0.004852295 -0.07128906 0.3637696 0.004852295 -0.07189941 0.3659668 0.002723694 -0.0723877 0.3654785 0.002450943 -0.07220459 0.3657227 0.001590729 -0.07202148 0.3657227 0.001444817 -0.0713501 0.3652344 0.001335144 -0.07122803 0.3632812 9.56535e-4 -0.07073975 0.364502 0 -0.07067871 0.3640137 0 -0.07214355 0.3618164 0 -0.07092285 0.3630371 -0.00135994 -0.07122803 0.3632812 -9.84192e-4 -0.07073975 0.364502 -0.001465798 -0.07141113 0.3649902 -0.001637459 -0.07250977 0.3620606 -0.002445221 -0.07183838 0.3637696 -0.001591682 -0.07208252 0.3657227 -0.002445221 -0.07305908 0.3625488 -0.002445221 -0.07220459 0.3657227 -0.002721787 -0.07312012 0.362793 -0.002721787 -0.074646 0.3632812 -0.002723694 -0.07202148 0.3640137 -0.002723694 -0.0723877 0.3654785 -0.004875183 -0.07299805 0.3620606 -0.004871368 -0.07525635 0.362793 -0.004882812 -0.07128906 0.3637696 -0.004882812 -0.07189941 0.3659668 -0.006111145 -0.0770874 0.361084 -0.004039764 -0.07879639 0.3635254 -0.005172729 -0.07672119 0.3613281 -0.003444672 -0.07824708 0.3632812 0 -0.07897949 0.3647461 -0.002223969 -0.07501221 0.362793 0 -0.07836915 0.364502 -0.001633644 -0.07623291 0.3642578 0.003444672 -0.07824708 0.3632812 0.00404358 -0.07879639 0.3632812 0.006118775 -0.0770874 0.3608398 0.005176544 -0.07672119 0.3613281 0.002210617 -0.07501221 0.362793 0.0016222 -0.07623291 0.3642578 0.002450943 -0.07489014 0.3630371 0 -0.07672119 0.364502 0.002450943 -0.07525635 0.3647461 0.002725601 -0.07470703 0.3632812 0.001565933 -0.07580566 0.3652344 -0.001582146 -0.07580566 0.3652344 0.002725601 -0.07501221 0.3647461 0.004859924 -0.07525635 0.362793 0.004859924 -0.07580566 0.3649902 0.002450943 -0.07397461 0.3659668 0.002725601 -0.07391358 0.3657227 0.00485611 -0.07415771 0.3666992 0.004852295 -0.07189941 0.3659668 0.002723694 -0.0723877 0.3654785 0.002450943 -0.07220459 0.3657227 0.001590729 -0.07202148 0.3657227 0.0014925 -0.07281494 0.3664551 0.001282692 -0.07452393 0.3664551 9.55105e-4 -0.0734253 0.3671875 0 -0.0737915 0.3671875 0 -0.07617187 0.3654785 0 -0.07489014 0.3666992 -0.00130558 -0.07452393 0.3664551 -9.83238e-4 -0.0734253 0.3671875 -0.001473427 -0.07281494 0.3664551 -0.002445221 -0.07525635 0.3647461 -0.002445221 -0.0748291 0.3630371 -0.002721787 -0.074646 0.3632812 -0.002445221 -0.07397461 0.3659668 -0.001591682 -0.07208252 0.3657227 -0.002445221 -0.07220459 0.3657227 -0.002723694 -0.0723877 0.3654785 -0.002721787 -0.07501221 0.3647461 -0.004871368 -0.07525635 0.362793 -0.004875183 -0.07586671 0.3649902 -0.004878998 -0.07415771 0.3666992 -0.002723694 -0.07391358 0.3657227 -0.004882812 -0.07189941 0.3659668 -7.57575e-5 -0.05926514 0.3793946 0.00292778 -0.06002808 0.3789063 -2.24948e-4 -0.06011963 0.3811035 0.003154755 -0.06094361 0.3806152 0.005111694 -0.06167603 0.3774414 -2.74181e-4 -0.05941773 0.3830567 0.005615234 -0.06280518 0.3789063 0.005893708 -0.06378174 0.3752442 0.004016876 -0.06051636 0.3823242 -1.94907e-4 -0.05761719 0.3837891 0.00649643 -0.06518555 0.3764648 0.005062103 -0.06573486 0.3728027 0.007137299 -0.06286621 0.380127 0.005004883 -0.05892945 0.3830567 0 -0.05578614 0.3830567 0.005558014 -0.06738281 0.3740234 0.00284195 -0.06707764 0.3710937 0.008255005 -0.06585693 0.3769532 0.008789062 -0.0617981 0.3803711 0.005542755 -0.05718995 0.3823242 1.1611e-4 -0.05493164 0.3813477 0.01013947 -0.06542969 0.376709 0.005317688 -0.0562439 0.3806152 1.65462e-4 -0.05563355 0.3793946 0.009605409 -0.0602417 0.3793946 0.004455566 -0.05670166 0.3789063 8.59499e-5 -0.05743409 0.3786621 0.009101868 -0.05911255 0.3779297 0.003465653 -0.05825806 0.3781738 -7.57575e-5 -0.05926514 0.3793946 0.00292778 -0.06002808 0.3789063 0.007579804 -0.05905152 0.376709 0.005924225 -0.06011963 0.3764648 0.005111694 -0.06167603 0.3774414 0.01045227 -0.06274415 0.3742676 0.00680542 -0.0625 0.3740234 0.005893708 -0.06378174 0.3752442 0.00868988 -0.06204224 0.3735352 0.00587082 -0.06469727 0.3713379 0.005062103 -0.06573486 0.3728027 0.007507325 -0.06488037 0.3703613 0.003370285 -0.06622314 0.3693848 0.00284195 -0.06707764 0.3710937 0.004333496 -0.06677246 0.36792 0.009010315 -0.06616211 0.3703613 0.005168915 -0.06848145 0.3671875 0 -0.06658936 0.3686523 -1.75118e-4 -0.06744385 0.3703613 0 -0.06726074 0.3666992 -0.003406525 -0.06573486 0.3691406 -0.003177643 -0.06671143 0.3708496 -0.004264832 -0.06622314 0.3674317 0 -0.0690918 0.3659668 -0.005256653 -0.06774902 0.3666992 -0.005867005 -0.06390381 0.3708496 -0.005363464 -0.06506348 0.3723145 -0.007389069 -0.06384277 0.3696289 -0.006744385 -0.06155396 0.373291 -0.006145478 -0.06292725 0.3745117 -0.008506775 -0.06088257 0.3725586 -0.009040833 -0.06494141 0.3693848 -0.01039124 -0.06130982 0.3730469 -0.005809784 -0.05932618 0.3757325 -0.005313873 -0.06097412 0.376709 -0.00731659 -0.05804444 0.3759766 -0.00330925 -0.0578003 0.3776856 -0.003091812 -0.05963135 0.3786621 8.59499e-5 -0.05743409 0.3786621 -7.57575e-5 -0.05926514 0.3793946 1.65462e-4 -0.05563355 0.3793946 -0.004142761 -0.05612183 0.378418 1.1611e-4 -0.05493164 0.3813477 -0.00510788 -0.05554199 0.380127 0 -0.05578614 0.3830567 -0.008956909 -0.05786133 0.3769532 -0.005634308 -0.05639649 0.3818359 -1.94907e-4 -0.05761719 0.3837891 -0.009757996 -0.05889893 0.378418 -0.00541687 -0.05822754 0.3825684 -2.74181e-4 -0.05941773 0.3830567 -0.01130676 -0.06256104 0.3742676 -0.009262085 -0.06054688 0.3793946 -0.004585266 -0.05990601 0.3818359 -2.24948e-4 -0.06011963 0.3811035 -0.009849549 -0.06646729 0.3701172 -0.003620148 -0.06048584 0.3803711 -7.57575e-5 -0.05926514 0.3793946 -0.003091812 -0.05963135 0.3786621 -0.007759095 -0.06182862 0.3793946 -0.006122589 -0.06201172 0.378418 -0.005313873 -0.06097412 0.376709 -0.01070404 -0.06396484 0.3754883 -0.008941651 -0.06463623 0.3762207 -0.00705719 -0.06420898 0.3757325 -0.006145478 -0.06292725 0.3745117 -0.009353638 -0.06762696 0.3718262 -0.007827759 -0.06768799 0.3730469 -0.006175995 -0.06658936 0.373291 -0.005363464 -0.06506348 0.3723145 -0.005794525 -0.06951904 0.3674317 -0.003717423 -0.06842041 0.3715821 -0.003177643 -0.06671143 0.3708496 -2.17795e-4 -0.07092285 0.3666992 -0.005565644 -0.07049561 0.3691406 0.005382538 -0.0703125 0.36792 -3.66926e-4 -0.07177734 0.3684082 -0.004707336 -0.07000732 0.3708496 -4.16279e-4 -0.07110596 0.3703613 0.00485611 -0.07116699 0.3696289 0.009506226 -0.06781006 0.3713379 -3.36885e-4 -0.0692749 0.3710937 -1.75118e-4 -0.06744385 0.3703613 0.003892899 -0.07061768 0.3713379 0.003059387 -0.06890869 0.3718262 0.007068634 -0.06866455 0.3737793 0.008705139 -0.06884766 0.3728027 0.01105499 -0.06408691 0.3754883 0.1096802 0.007312775 0.3725586 0.1053467 0.005920411 0.3720703 0.0994873 -0.02919007 0.3632812 0.1428223 0.006988526 0.3740235 0.137085 -0.03092957 0.3632812 0.09472657 -0.06149292 0.3447266 0.1293945 -0.06103516 0.3322754 0.07324219 -0.06536865 0.3459473 0.09210206 -0.08984375 0.3173828 0.1246338 -0.07391357 0.3044434 0.04681397 -0.08538819 0.3388672 0.0489502 -0.1018677 0.3217774 0.02536011 -0.0911255 0.3344727 0.08953858 -0.1099854 0.2878418 0 -0.1048584 0.3210449 0 -0.09399414 0.3320312 -0.02536011 -0.0911255 0.3344727 0.0496521 -0.1247559 0.2915039 -0.0489502 -0.1018677 0.3217774 -0.04681397 -0.08538819 0.3388672 0 -0.1290283 0.2924805 -0.09210207 -0.08984376 0.3173828 -0.07495118 -0.06695557 0.3469238 -0.0496521 -0.1247559 0.2915039 -0.09472659 -0.06149293 0.3447266 -0.1004639 -0.02941895 0.3632812 -0.1059571 0.005920408 0.3720703 -0.1103516 0.007312772 0.3725586 -0.1428223 0.006988524 0.3740234 -0.137085 -0.03092957 0.3632812 -0.1293946 -0.06103516 0.3322754 -0.1246338 -0.07391358 0.3044434 -0.08953859 -0.1099854 0.2878418 -0.1174927 -0.08874512 0.2744141 -0.1243286 -0.07470704 0.2780762 -0.1330567 -0.05160523 0.2524414 -0.145752 -0.003286362 0.2329102 -0.1390381 -0.003618241 0.2213135 -0.1311035 -0.05703736 0.2294922 -0.116272 -0.09307861 0.2390137 -0.1307373 -0.05999756 0.1721191 -0.1386719 -0.006946564 0.1707764 -0.112793 -0.09442139 0.173584 -0.08740235 -0.1259766 0.2456055 -0.1376953 -0.05096436 0.107605 -0.1447754 0.001389504 0.1054687 -0.1170044 -0.08850098 0.1090088 -0.1489258 -0.04824829 0.04483032 -0.1524658 0.00730896 0.03912354 -0.1231079 -0.08636475 0.04751587 -0.1635742 -0.0508728 -0.02330017 -0.1651611 0.005290986 -0.02616883 -0.1346436 -0.09643555 -0.02268982 -0.1784668 -0.05078125 -0.0847168 -0.1806641 0.005706787 -0.08392334 -0.1767578 0.00365448 -0.09008789 -0.1478271 -0.1043091 -0.08599854 -0.1750488 -0.05151367 -0.09088135 -0.1726074 0.003252029 -0.08685303 -0.1713867 -0.05044556 -0.08770752 -0.1448975 -0.1033936 -0.09210205 -0.1417236 -0.1005859 -0.08898926 -0.1110229 -0.1318359 -0.0871582 -0.1089478 -0.1306152 -0.09313965 -0.1067505 -0.1274414 -0.09002686 -0.1000977 -0.1241455 -0.0239563 -0.05950928 -0.1420898 -0.09521484 -0.0586853 -0.1384277 -0.09216309 -0.06027222 -0.1436768 -0.08929443 -2.60382e-15 -0.1456299 -0.09161377 -0.05545044 -0.1384277 -0.02615356 -2.68709e-15 -0.1491699 -0.09454346 -0.09362793 -0.1185303 0.04669189 -2.53096e-15 -0.1503906 -0.08905029 0.05950928 -0.1420898 -0.09521484 0.0586853 -0.1384277 -0.09216309 0.1067505 -0.1274414 -0.09002686 0.1089478 -0.1306152 -0.09313965 0.1417236 -0.1005859 -0.08898926 0.06027222 -0.1436768 -0.08929443 0.1448975 -0.1033936 -0.09210205 0.1713867 -0.05044556 -0.08770752 0.1110229 -0.1318359 -0.0871582 0.1726074 0.003252029 -0.08685303 0.1767578 0.00365448 -0.09008789 0.1750488 -0.05151367 -0.09088135 0.1478271 -0.1043091 -0.08599854 0.1784668 -0.05078125 -0.0847168 0.1806641 0.005706787 -0.08392334 0.1651611 0.005290986 -0.02616883 0.1635742 -0.0508728 -0.02330017 0.1524658 0.00730896 0.03912354 0.1346436 -0.09643555 -0.02268982 0.1489258 -0.04824829 0.04483032 0.1447754 0.001389504 0.1054687 0.1000977 -0.1241455 -0.0239563 0.1376953 -0.05096436 0.107605 0.1386719 -0.006946564 0.1707764 0.1231079 -0.08636475 0.04751587 0.09362793 -0.1185303 0.04669189 0.05545044 -0.1384277 -0.02615356 0.1170044 -0.08850098 0.1090088 -7.87998e-16 -0.145752 -0.02772522 0.05160522 -0.137085 0.04699707 0.08923341 -0.117981 0.1101685 -0.05160522 -0.137085 0.04699707 8.31035e-16 -0.1459961 0.04660034 0.04916382 -0.137207 0.1109009 -0.08923341 -0.117981 0.1101685 -0.04916382 -0.137207 0.1109009 -0.08630371 -0.1268311 0.1751709 7.55666e-16 -0.1442871 0.111145 -0.04769897 -0.1447754 0.1757813 -0.04797363 -0.1401367 0.2490235 0 -0.1488037 0.1761475 0 -0.1431885 0.2502442 0.04797363 -0.1401367 0.2490235 0.04769897 -0.1447754 0.1757813 0.08740235 -0.1259766 0.2456055 0.08630371 -0.1268311 0.1751709 0.112793 -0.09442139 0.173584 0.116272 -0.09307861 0.2390137 0.1174927 -0.08874512 0.2744141 0.1243286 -0.07470703 0.2780762 0.1330567 -0.05160522 0.2524414 0.1311035 -0.05703736 0.2294922 0.1390381 -0.003618241 0.2213135 0.145752 -0.003286362 0.2329102 0.1307373 -0.05999756 0.1721191 -0.1726074 0.003252029 -0.08685303 -0.1767578 0.00365448 -0.09008789 -0.1555176 0.05691528 -0.08624268 -0.1589355 0.05917358 -0.08953857 -0.1806641 0.005706787 -0.08392334 -0.1073608 0.09552002 -0.08898926 -0.1057129 0.08984375 -0.08544922 -0.05368042 0.1040039 -0.08343506 -0.1621094 0.06292725 -0.08343506 -0.1651611 0.005290986 -0.02616883 -0.05383301 0.1097412 -0.08654785 -2.28518e-15 0.1083984 -0.08135987 -0.1089478 0.09802246 -0.08239746 -0.1489258 0.05868531 -0.02677918 -0.1524658 0.00730896 0.03912354 -0.0539856 0.1121216 -0.07958985 -0.1022949 0.08630372 -0.02815247 -0.1380615 0.05535889 0.03579712 -0.1295166 0.05310059 0.1033325 -0.1447754 0.001389504 0.1054687 -0.09606934 0.07867432 0.03381348 -0.1244507 0.05310059 0.170044 -0.1386719 -0.006946564 0.1707764 -0.1390381 -0.003618241 0.2213135 -0.08978271 0.07495117 0.1030274 -0.145752 -0.003286362 0.2329102 -0.1375733 0.03857422 0.2347412 -0.1239624 0.06408691 0.2192383 -0.1308594 0.07061768 0.2629395 -0.08422852 0.07861328 0.170166 -0.1016846 0.090271 0.2585449 -0.130249 0.08215332 0.2946777 -0.07720948 0.09051514 0.2198486 -0.09503176 0.09307862 0.2961426 -0.1339112 0.07989502 0.3317871 -0.07025146 0.1033325 0.2548828 -0.04232788 0.08648682 0.1702881 -0.03942871 0.09899902 0.2200928 -0.04528809 0.08404541 0.1036377 2.46916e-16 0.0892334 0.1704102 -0.04748535 0.09326173 0.03295898 6.83127e-16 0.08776856 0.1038818 5.63612e-16 0.09661865 0.03305054 -0.05014038 0.1015625 -0.02766419 -6.37725e-16 0.1051636 -0.02648926 -2.19432e-15 0.1158447 -0.07812501 -2.40953e-15 0.1138306 -0.08477783 0.05014038 0.1015625 -0.02766419 0.05383301 0.1097412 -0.08654785 0.05368042 0.1040039 -0.08343506 0.0539856 0.1121216 -0.07958985 0.1073608 0.09552002 -0.08898926 0.1057129 0.08984375 -0.08544922 0.1555176 0.05691528 -0.08624268 0.1089478 0.09802246 -0.08239746 0.1767578 0.00365448 -0.09008789 0.1726074 0.003252029 -0.08685303 0.1589355 0.05917358 -0.08953857 0.1806641 0.005706787 -0.08392334 0.1621094 0.06292725 -0.08343506 0.1651611 0.005290986 -0.02616883 0.1489258 0.05868531 -0.02677918 0.1524658 0.00730896 0.03912354 0.1022949 0.08630372 -0.02815247 0.1380615 0.05535889 0.03579712 0.1295166 0.05310059 0.1033325 0.1447754 0.001389504 0.1054687 0.09606934 0.07867432 0.03381348 0.04748535 0.09326173 0.03295898 0.08978271 0.07495117 0.1030274 0.04528809 0.08404541 0.1036377 0.1244507 0.05310059 0.170044 0.1386719 -0.006946564 0.1707764 0.1390381 -0.003618241 0.2213135 0.1375733 0.03857422 0.2347412 0.145752 -0.003286362 0.2329102 0.08422852 0.07861328 0.170166 0.1239624 0.06408692 0.2192383 0.1308594 0.07061768 0.2629395 0.04232788 0.08648682 0.1702881 0.07720948 0.09051514 0.2198487 0.1016846 0.090271 0.2585449 0.130249 0.08215332 0.2946777 0.03942871 0.09899902 0.2200928 0.07025146 0.1033325 0.2548828 0.09503175 0.09307862 0.2961426 0.1339111 0.07989502 0.3317871 0 0.1029053 0.2208252 0.03540039 0.1088257 0.2539063 0.06161499 0.105835 0.2990723 0.09558106 0.08508302 0.3352051 0.138916 0.05291748 0.3642578 0.0550232 0.09533692 0.3347168 0.03012085 0.1107178 0.300293 0.1033325 0.0512085 0.3676758 0.1428223 0.006988526 0.3740235 0.1096802 0.007312775 0.3725586 0.1053467 0.005920411 0.3720703 0.09906007 0.04812622 0.369873 0.07818604 0.0777588 0.3520508 0.05255128 0.0925293 0.3417969 0.02658081 0.1000366 0.3354492 0 0.1016846 0.3334961 0 0.1130981 0.3005371 0 0.1115723 0.2541504 -0.03012085 0.1107178 0.300293 -0.02658081 0.1000366 0.3354492 -0.03540039 0.1088257 0.2539063 -0.06161499 0.105835 0.2990723 -0.0550232 0.09533691 0.3347168 -0.05255128 0.0925293 0.3417969 -0.07818605 0.0777588 0.3520508 -0.09558108 0.08508301 0.3352051 -0.138916 0.05291748 0.3642578 -0.1033325 0.0512085 0.3676758 -0.1003418 0.04745483 0.369873 -0.1428223 0.006988524 0.3740234 -0.1059571 0.005920408 0.3720703 -0.1103516 0.007312772 0.3725586 0 -0.07012939 0.3640137 0 -0.07067871 0.3640137 -9.84192e-4 -0.07073975 0.364502 -0.001119614 -0.07012939 0.364502 0 -0.0670166 0.3649902 -0.00156498 -0.07043457 0.3649902 -0.001465798 -0.07141113 0.3649902 -0.001589775 -0.06762696 0.3659668 -0.001612663 -0.07189941 0.3659668 -0.001591682 -0.07208252 0.3657227 -0.001473427 -0.07281494 0.3664551 -0.00156498 -0.07287598 0.3674317 -9.83238e-4 -0.0734253 0.3671875 -0.001123428 -0.06719971 0.3654785 -0.001589775 -0.06610107 0.3674317 -0.001123428 -0.06530762 0.3669434 0 -0.06500244 0.3666992 0 -0.06451416 0.3696289 -0.001123428 -0.06488037 0.3696289 -0.001589775 -0.06573486 0.3693848 -0.001589775 -0.0666504 0.3713379 -0.001123428 -0.065979 0.3718262 0 -0.06573486 0.3723145 0 -0.06842041 0.373291 -0.001123428 -0.06842041 0.3730469 -0.001589775 -0.06854248 0.3720703 -0.001589775 -0.07061768 0.3715821 -0.001123428 -0.07104492 0.3723145 0 -0.07122803 0.3728027 0 -0.07312012 0.3706055 -0.001123428 -0.07281494 0.3703613 -0.001589775 -0.07214355 0.3698731 -0.001119614 -0.07354736 0.3676758 0 -0.07385254 0.3676758 0 -0.0737915 0.3671875 9.56535e-4 -0.07073975 0.364502 0 -0.07067871 0.3640137 0 -0.07012939 0.3640137 0.00109005 -0.07012939 0.364502 0 -0.0670166 0.3649902 0.001536369 -0.07043457 0.3649902 0.001444817 -0.0713501 0.3652344 0.001589775 -0.06762696 0.3659668 0.001627922 -0.07177734 0.3659668 0.001590729 -0.07202148 0.3657227 0.0014925 -0.07281494 0.3664551 0.001536369 -0.07287598 0.3674317 9.55105e-4 -0.0734253 0.3671875 0.001123428 -0.06719971 0.3654785 0.001589775 -0.06610107 0.3674317 0.001123428 -0.06530762 0.3669434 0 -0.06500244 0.3666992 0 -0.06451416 0.3696289 0.001123428 -0.06488037 0.3696289 0.001589775 -0.06573486 0.3693848 0.001589775 -0.0666504 0.3713379 0.001123428 -0.065979 0.3718262 0 -0.06573486 0.3723145 0 -0.06842041 0.373291 0.001123428 -0.06842041 0.3730469 0.001589775 -0.06854248 0.3720703 0.001589775 -0.07061768 0.3715821 0.001123428 -0.07104492 0.3723145 0 -0.07122803 0.3728027 0 -0.07312012 0.3706055 0.001123428 -0.07281494 0.3703613 0.001589775 -0.07214355 0.3698731 0.00109005 -0.07354736 0.3676758 0 -0.07385254 0.3676758 0 -0.0737915 0.3671875 -0.01528168 0.08593751 0.4106446 -4.96388e-4 0.08081055 0.3969727 -0.02618408 0.07556152 0.3962402 -0.02618408 0.07232666 0.4221192 -5.05924e-4 0.07757569 0.4228516 -0.04318238 0.07434082 0.4091797 -0.02693176 0.07537843 0.3962402 -0.04861451 0.06076051 0.3942871 -0.04861451 0.05752564 0.4204102 -0.02693176 0.07214356 0.4221192 -0.06451416 0.05334473 0.4067383 -0.04922486 0.06051636 0.3942871 -0.0637207 0.03884888 0.3916016 -0.0637207 0.0355835 0.4177246 -0.04922486 0.0572815 0.4204102 -0.07629395 0.02523804 0.4030762 -0.06408691 0.03759766 0.3913575 -0.06958008 0.012146 0.3881836 -0.06958008 0.008895875 0.4143066 -0.06414795 0.03433228 0.4174805 0.01551819 0.08587647 0.4106446 0.02639771 0.0755005 0.3962402 7.10011e-4 0.08074952 0.3969727 7.5531e-4 0.07751466 0.4228516 0.02644349 0.07226563 0.4221192 0.04357911 0.07421876 0.4091797 0.04898072 0.06066895 0.3942871 0.02729798 0.07525636 0.3962402 0.02732849 0.07202149 0.4221192 0.04901124 0.05740357 0.4204102 0.0737915 -0.007675172 0.3989258 0.0625 -0.01766968 0.3845215 0.065979 0.008117676 0.3876953 0.065979 0.004863739 0.4138184 0.0625 -0.0209198 0.4106445 0.07409668 0.02279663 0.402832 0.06628418 0.01026154 0.3879395 0.06280518 0.03604126 0.3913575 0.06280518 0.0328064 0.4172363 0.06628418 0.007011414 0.4140625 0.0645752 0.05172729 0.4064941 0.06268311 0.037323 0.3913574 0.04974366 0.05993653 0.3942871 0.04974366 0.05667115 0.4204102 0.06268311 0.03405762 0.4174805 -0.02482605 -0.05389404 0.3955078 -0.02496338 -0.05267334 0.3935547 -0.02827454 -0.05426026 0.3933106 -0.02482605 -0.0531311 0.3911133 -0.02816773 -0.05551148 0.3952637 -0.02813721 -0.05474854 0.3908692 -0.03213501 -0.05621338 0.3928223 -0.03201294 -0.05743409 0.3950196 -0.03201294 -0.05664063 0.390625 -0.03570557 -0.05758667 0.3925782 -0.03533936 -0.05862427 0.3947754 -0.03536987 -0.05789185 0.3903809 -0.0383606 -0.05786133 0.3945313 -0.03796387 -0.05731202 0.390625 -0.03845215 -0.05682373 0.3925782 -0.004882812 -0.07128906 0.3637696 -0.004875183 -0.07299805 0.3620606 -0.004878998 -0.07354736 0.3642578 -0.004882812 -0.07189941 0.3659668 -0.004871368 -0.07525635 0.362793 -0.004878998 -0.07415771 0.3666992 -0.004875183 -0.07586671 0.3649902 0.00485611 -0.07299805 0.3620606 0.004852295 -0.07128906 0.3637696 0.00485611 -0.07354736 0.3642578 0.004859924 -0.07525635 0.362793 0.004852295 -0.07189941 0.3659668 0.004859924 -0.07580566 0.3649902 0.00485611 -0.07415771 0.3666992 -0.03622437 -0.05911255 0.4123535 -0.03283692 -0.05813599 0.4074707 -0.0176239 -0.05737305 0.4074707 -0.03497314 -0.05807495 0.40625 -0.01408386 -0.0579834 0.4123535 -0.03933716 -0.059021 0.4108887 -0.01550293 -0.05706787 0.40625 -0.04138184 -0.05868531 0.407959 -0.0109787 -0.05761719 0.4111328 -0.03634644 -0.0578003 0.4042969 -0.008941651 -0.05703735 0.4082032 -0.04147339 -0.05355835 0.3764648 -0.01412201 -0.05667115 0.4042969 -0.0362854 -0.05395508 0.3803711 -0.01409149 -0.05282593 0.3803711 -0.03491211 -0.05352784 0.3781738 -0.009033203 -0.05194092 0.3764648 -0.03945923 -0.05300904 0.3735352 -0.01546478 -0.05255127 0.378418 -0.03634644 -0.0526123 0.3720703 -0.01108551 -0.05160523 0.3737793 -0.0328064 -0.05325318 0.3771973 -0.0141983 -0.05151368 0.3723145 -0.01759338 -0.05249024 0.3771973 -0.01797485 -0.04486084 0.378418 -0.0145874 -0.04391479 0.3735352 -0.03317261 -0.04562378 0.378418 -0.01585388 -0.0449524 0.3793946 -0.03671265 -0.04501343 0.373291 -0.01147461 -0.04397583 0.375 -0.03530884 -0.04592896 0.3793946 -0.009414673 -0.04434204 0.3776856 -0.03982544 -0.04541016 0.3747559 -0.01447296 -0.04519654 0.3815918 -0.04187012 -0.04595948 0.3774414 -0.00932312 -0.04943848 0.4094238 -0.03668213 -0.04632568 0.3815918 -0.01451111 -0.04904175 0.4055176 -0.03671265 -0.0501709 0.4052734 -0.0158844 -0.04946899 0.4074707 -0.04177856 -0.05105591 0.4091797 -0.01136017 -0.04998779 0.4121094 -0.03533936 -0.05044556 0.4074707 -0.01447296 -0.05038453 0.4135742 -0.03973389 -0.05142212 0.4121094 -0.01800537 -0.04974365 0.4086914 -0.03662109 -0.05148316 0.4135742 -0.03323364 -0.05053711 0.4086914 -0.03863525 -0.0479126 0.4072266 -0.03863525 -0.05410767 0.40625 -0.03411865 -0.04962159 0.4069825 -0.04315186 -0.04962159 0.4069825 -0.03237915 -0.05410767 0.40625 -0.04489136 -0.05410767 0.40625 -0.03411865 -0.05859375 0.4055176 -0.04318237 -0.05859375 0.4055176 -0.03863525 -0.06030274 0.4052734 -0.0324707 -0.04995728 0.3803711 -0.03872681 -0.04995728 0.3803711 -0.03417969 -0.0454712 0.3811035 -0.03417969 -0.05444336 0.3798828 -0.03869629 -0.04376221 0.3813477 -0.03872681 -0.05612183 0.3796387 -0.04324341 -0.0454712 0.3811035 -0.04324341 -0.05444336 0.3798828 -0.0449524 -0.04995728 0.3803711 -0.001560211 -0.06921387 0.3686523 -0.001589775 -0.06762696 0.3659668 -0.00156498 -0.07043457 0.3649902 -0.001612663 -0.07189941 0.3659668 -0.001589775 -0.06610107 0.3674317 -0.00156498 -0.07287598 0.3674317 -0.001589775 -0.06573486 0.3693848 -0.001589775 -0.07214355 0.3698731 -0.001589775 -0.0666504 0.3713379 -0.001589775 -0.07061768 0.3715821 -0.001589775 -0.06854248 0.3720703 0.001589775 -0.06762696 0.3659668 0.001560211 -0.06921387 0.3686523 0.001536369 -0.07043457 0.3649902 0.001627922 -0.07177734 0.3659668 0.001589775 -0.06610107 0.3674317 0.001536369 -0.07287598 0.3674317 0.001589775 -0.06573486 0.3693848 0.001589775 -0.07214355 0.3698731 0.001589775 -0.0666504 0.3713379 0.001589775 -0.07061768 0.3715821 0.001589775 -0.06854248 0.3720703 -0.171875 -4.27723e-4 0.3000488 -0.2529297 -0.06634521 0.2878418 -0.2553711 -0.06506348 0.3310547 -0.251709 -0.05001831 0.2536621 -0.2585449 -0.0397644 0.3669434 -0.251709 -0.01580811 0.237793 -0.2612305 7.32422e-4 0.3842773 -0.2531738 0.02592468 0.2382812 -0.2612305 0.04074097 0.3681641 -0.2548828 0.04946899 0.2587891 -0.2592773 0.06213379 0.3317871 -0.2573242 0.06469727 0.2915039 0.171875 -4.27723e-4 0.3000488 0.2553711 -0.06506348 0.3310547 0.2529297 -0.06634521 0.2878418 0.251709 -0.05001831 0.2536621 0.2585449 -0.0397644 0.3669434 0.251709 -0.01580811 0.237793 0.2612305 7.32422e-4 0.3842773 0.2531738 0.02592468 0.2382812 0.2612305 0.04074097 0.3681641 0.2548828 0.04946899 0.2587891 0.2592773 0.06213379 0.3317871 0.2573242 0.06469727 0.2915039 0 -0.08605958 0.348877 -0.02574158 -0.09216309 0.3410645 -0.02378845 -0.0848999 0.3479004 -0.02378845 -0.09936523 0.3344727 -0.01820374 -0.07879639 0.3535156 -0.01820374 -0.1054688 0.3286133 -0.009849549 -0.07470703 0.3571777 -0.009849549 -0.1095581 0.3249512 0 -0.07324219 0.3586426 0 -0.111023 0.3234863 0.009849549 -0.07470703 0.3571777 0.009849549 -0.1095581 0.3249512 0.01820374 -0.07879639 0.3535156 0.01820374 -0.1054688 0.3286133 0.02378845 -0.0848999 0.3479004 0.02378845 -0.09936523 0.3344727 0.02574158 -0.09216309 0.3410645 -0.02574158 -0.0980835 0.3474121 0 -0.09521485 0.3493652 -0.02378845 -0.09088136 0.3542481 -0.02378845 -0.1053467 0.3408203 -0.01820374 -0.08477783 0.3598633 -0.01820374 -0.1114502 0.3352051 -0.009849549 -0.08068848 0.3637696 -0.009849549 -0.1155396 0.3312988 0 -0.07922364 0.3649902 0 -0.1170044 0.3300781 0.009849549 -0.08068848 0.3637696 0.009849549 -0.1155396 0.3312988 0.01820374 -0.08477783 0.3598633 0.01820374 -0.1114502 0.3352051 0.02378845 -0.09088136 0.3542481 0.02378845 -0.1053467 0.3408203 0.02574158 -0.0980835 0.3474121 -3.79833e-10 -0.03829956 0.001594543 -0.1713867 -0.05044556 -0.08770752 -0.1726074 0.003252029 -0.08685303 -0.1555176 0.05691528 -0.08624268 -0.1417236 -0.1005859 -0.08898926 -0.1057129 0.08984375 -0.08544922 -0.1067505 -0.1274414 -0.09002686 -0.05368042 0.1040039 -0.08343506 -0.0586853 -0.1384277 -0.09216309 -2.28518e-15 0.1083984 -0.08135987 -2.60382e-15 -0.1456299 -0.09161377 0.05368042 0.1040039 -0.08343506 0.0586853 -0.1384277 -0.09216309 0.1057129 0.08984375 -0.08544922 0.1067505 -0.1274414 -0.09002686 0.1555176 0.05691528 -0.08624268 0.1417236 -0.1005859 -0.08898926 0.1726074 0.003252029 -0.08685303 0.1713867 -0.05044556 -0.08770752 -2.77571e-10 0.005760193 0.2473145 0.04370118 0.08422852 0.362793 0.02220154 0.09143067 0.3566895 0.06671143 0.07092285 0.3713379 0 0.09338379 0.3557129 0.08050538 0.03985596 0.3813477 -0.02220154 0.09143067 0.3566895 0.08428955 0.002056122 0.3818359 -0.04370118 0.08422852 0.362793 0.07794189 -0.02845764 0.373291 -0.06658937 0.07092285 0.3713379 0.05993652 -0.0541687 0.3623047 -0.08178712 0.03918457 0.3813477 0.0411377 -0.06915284 0.3547363 -0.08453371 0.00205612 0.3818359 0.02151489 -0.07354736 0.3503418 -0.07885744 -0.02870179 0.373291 -7.30449e-11 -0.07659913 0.3491211 -0.06127931 -0.05578613 0.3623047 -0.0215149 -0.07354737 0.3503418 -0.0411377 -0.06915284 0.3547364 -0.0078125 -0.06958009 0.4060059 -0.006645203 -0.06018067 0.4106446 -0.0078125 -0.06591797 0.3769532 -0.006015778 -0.05447388 0.407959 -0.006015778 -0.05081177 0.3789063 -0.006202698 -0.05209351 0.3764648 0.04736328 -0.04760743 0.3786621 0.04644776 -0.04605103 0.3764648 0.03942871 -0.04040527 0.4118653 -0.04315186 -0.04962159 0.4069825 -0.03417969 -0.0454712 0.3811035 -0.04324341 -0.0454712 0.3811035 -0.03411865 -0.04962159 0.4069825 -0.03417969 -0.0454712 0.3811035 -0.04315186 -0.04962159 0.4069825 -0.00932312 -0.04943848 0.4094238 -0.01408386 -0.0579834 0.4123535 -0.008941651 -0.05703735 0.4082032 -0.04138184 -0.05868531 0.407959 -0.03622437 -0.05911255 0.4123535 -0.04177856 -0.05105591 0.4091797 -0.04187012 -0.04595948 0.3774414 -0.03671265 -0.04501343 0.373291 -0.04147339 -0.05355835 0.3764648 -0.009033203 -0.05194092 0.3764648 -0.0145874 -0.04391479 0.3735352 -0.009414673 -0.04434204 0.3776856 0.006629944 -0.07000732 0.4082032 0.006443024 -0.07122803 0.4057617 0.006629944 -0.06573486 0.3747559 0.006629944 -0.07000732 0.4082032 0.006629944 -0.06573486 0.3747559 0.008239746 -0.05245972 0.3786621 0.008239746 -0.05612183 0.4077148 0.006629944 -0.07000732 0.4082032 0.008239746 -0.05245972 0.3786621 -0.006645203 -0.06018067 0.4106446 -0.006015778 -0.05447388 0.407959 -0.006202698 -0.05209351 0.3764648 -0.006645203 -0.06018067 0.4106446 -0.006202698 -0.05209351 0.3764648 -0.0078125 -0.06591797 0.3769532 0.02679443 -0.04702759 0.4086914 0.0276947 -0.04431152 0.376709 0.03561401 -0.05581665 0.3776856 0.03561401 -0.05950928 0.4072266 0.02679443 -0.04702759 0.4086914 0.03561401 -0.05581665 0.3776856 0.0453186 -0.04309082 0.4094238 0.06216431 -0.0239563 0.4121094 0.05566407 -0.02110291 0.4125977 0.06216431 -0.0239563 0.4121094 0.06634521 0.006397247 0.4157715 0.05566407 -0.02110291 0.4125977 0.06634521 0.006397247 0.4157715 0.05966187 0.006664277 0.4157715 0.05566407 -0.02110291 0.4125977 0.05966187 0.006664277 0.4157715 0.06634521 0.006397247 0.4157715 0.05593872 0.03146362 0.4189453 0.06634521 0.006397247 0.4157715 0.06280518 0.03405762 0.4194336 0.05593872 0.03146362 0.4189453 0.05593872 0.03146362 0.4189453 0.06280518 0.03405762 0.4194336 0.04458618 0.05166627 0.4216309 0.06280518 0.03405762 0.4194336 0.04983521 0.05682373 0.4221192 0.04458618 0.05166627 0.4216309 -0.01963806 -0.05541993 0.3779297 -0.02992249 -0.04211426 0.3789063 -0.01963806 -0.05914307 0.4077148 -0.01963806 -0.05914307 0.4077148 -0.02992249 -0.04211426 0.3789063 -0.02992249 -0.0458374 0.4086914 -0.02992249 -0.0458374 0.4086914 -0.02992249 -0.04211426 0.3789063 -0.04885865 -0.03262329 0.3808594 -0.04885865 -0.03634644 0.4106446 -0.02992249 -0.0458374 0.4086914 -0.04885865 -0.03262329 0.3808594 0.05966187 0.01039887 0.3859864 0.05566407 -0.0173645 0.3828125 0.0574646 -0.01499939 0.3903809 0.0574646 -0.01687622 0.4055176 0.05966187 0.01039887 0.3859864 0.0574646 -0.01499939 0.3903809 0.05566407 -0.02110291 0.4125977 0.05966187 0.006664277 0.4157715 0.0574646 -0.01687622 0.4055176 -0.02624512 -0.05661011 0.3776856 -0.03356934 -0.04788208 0.3781738 -0.02992249 -0.04211426 0.3789063 -0.02624512 -0.05661011 0.3776856 -0.02992249 -0.04211426 0.3789063 -0.01963806 -0.05541993 0.3779297 7.80821e-5 -0.06561279 0.3764648 -0.02624512 -0.05661011 0.3776856 -0.01963806 -0.05541993 0.3779297 0.0129776 -0.05862427 0.3774414 7.80821e-5 -0.06561279 0.3764648 -0.01963806 -0.05541993 0.3779297 0.02761841 -0.05853272 0.3774414 7.80821e-5 -0.06561279 0.3764648 0.0129776 -0.05862427 0.3774414 0.02761841 -0.05853272 0.3774414 0.0129776 -0.05862427 0.3774414 0.04525757 -0.03927612 0.3798828 0.04937745 -0.04476929 0.3791504 0.02761841 -0.05853272 0.3774414 0.04525757 -0.03927612 0.3798828 0.04525757 -0.03927612 0.3798828 0.06140137 -0.03640747 0.3813477 0.04937745 -0.04476929 0.3791504 0.06140137 -0.03640747 0.3813477 0.06213379 -0.04193115 0.3803711 0.04937745 -0.04476929 0.3791504 0.07934571 -0.04449463 0.3959961 0.07165527 -0.04449463 0.3825684 0.0737915 -0.03961182 0.3833008 0.07641602 -0.04846192 0.3955078 0.07165527 -0.04449463 0.3825684 0.07934571 -0.04449463 0.3959961 0.05566407 -0.02110291 0.4125977 0.05062867 -0.0186615 0.4125977 0.03942871 -0.0335083 0.4108887 0.0453186 -0.04309082 0.4094238 0.05566407 -0.02110291 0.4125977 0.03942871 -0.0335083 0.4108887 0.0453186 -0.04309082 0.4094238 0.03942871 -0.0335083 0.4108887 0.01977539 -0.04968262 0.4089356 0.01387024 -0.06799316 0.4064942 0.0453186 -0.04309082 0.4094238 0.01977539 -0.04968262 0.4089356 0.01387024 -0.06799316 0.4064942 0.01977539 -0.04968262 0.4089356 0.01135254 -0.0534668 0.4084473 0.01135254 -0.0534668 0.4084473 -7.93934e-5 -0.05215454 0.4084473 0.01387024 -0.06799316 0.4064942 -0.01963806 -0.05914307 0.4077148 0.01387024 -0.06799316 0.4064942 -7.93934e-5 -0.05215454 0.4084473 -0.01341248 -0.04388428 0.409668 -0.01963806 -0.05914307 0.4077148 -7.93934e-5 -0.05215454 0.4084473 -0.01963806 -0.05914307 0.4077148 -0.01341248 -0.04388428 0.409668 -0.02114868 -0.04602051 0.4086914 0.0574646 -0.01687622 0.4055176 0.0574646 -0.01499939 0.3903809 0.0524292 -0.01259613 0.3908692 0.0574646 -0.01687622 0.4055176 0.0524292 -0.01259613 0.3908692 0.05062867 -0.0186615 0.4125977 0.05566407 -0.02110291 0.4125977 0.0574646 -0.01687622 0.4055176 0.05062867 -0.0186615 0.4125977 0.07128906 -0.04745484 0.407959 0.07641602 -0.04846192 0.3955078 0.07934571 -0.04449463 0.3959961 0.07128906 -0.04745484 0.407959 0.07934571 -0.04449463 0.3959961 0.07336426 -0.04269409 0.4084473 0.07128906 -0.04745484 0.407959 0.07336426 -0.04269409 0.4084473 0.06182862 -0.0461731 0.4091797 0.07336426 -0.04269409 0.4084473 0.0610962 -0.04064942 0.4099121 0.06182862 -0.0461731 0.4091797 0.06182862 -0.0461731 0.4091797 0.0610962 -0.04064942 0.4099121 0.04937745 -0.04852295 0.4089356 0.0610962 -0.04064942 0.4099121 0.0453186 -0.04309082 0.4094238 0.04937745 -0.04852295 0.4089356 0.01387024 -0.06799316 0.4064942 0.04937745 -0.04852295 0.4089356 0.0453186 -0.04309082 0.4094238 0.01387024 -0.06799316 0.4064942 -0.01963806 -0.05914307 0.4077148 7.81417e-5 -0.06933594 0.40625 7.81417e-5 -0.06933594 0.40625 -0.01963806 -0.05914307 0.4077148 -0.02694702 -0.06033326 0.4074707 0.04525757 -0.03927612 0.3798828 0.0453186 -0.04309082 0.4094238 0.06140137 -0.03640747 0.3813477 0.0453186 -0.04309082 0.4094238 0.0610962 -0.04064942 0.4099121 0.06140137 -0.03640747 0.3813477 0.06140137 -0.03640747 0.3813477 0.0610962 -0.04064942 0.4099121 0.0737915 -0.03961182 0.3833008 0.0610962 -0.04064942 0.4099121 0.07336426 -0.04269409 0.4084473 0.0737915 -0.03961182 0.3833008 0.07336426 -0.04269409 0.4084473 0.07934571 -0.04449463 0.3959961 0.0737915 -0.03961182 0.3833008 0.04983521 0.06054688 0.3925782 0.06280518 0.03781128 0.3896484 0.04458618 0.05538941 0.3918457 0.06280518 0.03781128 0.3896484 0.05593872 0.03521729 0.3891602 0.04458618 0.05538941 0.3918457 0.06280518 0.03781128 0.3896484 0.06634521 0.01013184 0.3859864 0.05593872 0.03521729 0.3891602 0.06634521 0.01013184 0.3859864 0.05966187 0.01039887 0.3859864 0.05593872 0.03521729 0.3891602 0.05566407 -0.0173645 0.3828125 0.05966187 0.01039887 0.3859864 0.06634521 0.01013184 0.3859864 0.06216431 -0.0202179 0.3823242 0.05566407 -0.0173645 0.3828125 0.06634521 0.01013184 0.3859864 0.04525757 -0.03927612 0.3798828 0.05566407 -0.0173645 0.3828125 0.06216431 -0.0202179 0.3823242 0.04525757 -0.03927612 0.3798828 0.03942871 -0.02978516 0.3811035 0.05566407 -0.0173645 0.3828125 0.03942871 -0.02978516 0.3811035 0.05062867 -0.01496887 0.3830567 0.05566407 -0.0173645 0.3828125 0.01977539 -0.04595948 0.3791504 0.03942871 -0.02978516 0.3811035 0.04525757 -0.03927612 0.3798828 0.0129776 -0.05862427 0.3774414 0.01977539 -0.04595948 0.3791504 0.04525757 -0.03927612 0.3798828 0.01135254 -0.04974365 0.3786621 0.01977539 -0.04595948 0.3791504 0.0129776 -0.05862427 0.3774414 -7.9453e-5 -0.04840088 0.3786621 0.01135254 -0.04974365 0.3786621 0.0129776 -0.05862427 0.3774414 0.0129776 -0.05862427 0.3774414 -0.01963806 -0.05541993 0.3779297 -7.9453e-5 -0.04840088 0.3786621 -0.01963806 -0.05541993 0.3779297 -0.01341248 -0.04013062 0.3798828 -7.9453e-5 -0.04840088 0.3786621 -0.01341248 -0.04013062 0.3798828 -0.01963806 -0.05541993 0.3779297 -0.02114868 -0.04229737 0.3791504 -0.01963806 -0.05914307 0.4077148 -0.02114868 -0.04229737 0.3791504 -0.01963806 -0.05541993 0.3779297 -0.01963806 -0.05914307 0.4077148 -0.02114868 -0.04602051 0.4086914 -0.02114868 -0.04229737 0.3791504 0.0524292 -0.01259613 0.3908692 0.03942871 -0.0335083 0.4108887 0.05062867 -0.0186615 0.4125977 0.03942871 -0.0335083 0.4108887 0.0524292 -0.01259613 0.3908692 0.03942871 -0.02978516 0.3811035 0.05062867 -0.01496887 0.3830567 0.03942871 -0.02978516 0.3811035 0.0524292 -0.01259613 0.3908692 -0.05453492 -0.03729248 0.380127 -0.02992249 -0.04211426 0.3789063 -0.03356934 -0.04788208 0.3781738 -0.04885865 -0.03262329 0.3808594 -0.02992249 -0.04211426 0.3789063 -0.05453492 -0.03729248 0.380127 -0.06506348 -0.02137756 0.3820801 -0.06964112 0.01234436 0.3862305 -0.05819703 -0.01849365 0.3825684 -0.06964112 0.01234436 0.3862305 -0.06222535 0.01242066 0.3862305 -0.05819703 -0.01849365 0.3825684 -0.05706787 0.03277588 0.4191895 -0.06390381 0.03552246 0.4194336 -0.06222535 0.008674622 0.4160156 -0.06390381 0.03552246 0.4194336 -0.06964112 0.008605958 0.4160156 -0.06222535 0.008674622 0.4160156 -0.06222535 0.008674622 0.4160156 -0.06964112 0.008605958 0.4160156 -0.05819703 -0.02223206 0.4123535 -0.06964112 0.008605958 0.4160156 -0.06506348 -0.02511597 0.4118653 -0.05819703 -0.02223206 0.4123535 -0.02992249 -0.0458374 0.4086914 -0.04885865 -0.03634644 0.4106446 -0.05453492 -0.04104614 0.4099121 -0.02992249 -0.0458374 0.4086914 -0.05453492 -0.04104614 0.4099121 -0.03356934 -0.05163574 0.407959 -0.01963806 -0.05914307 0.4077148 -0.02992249 -0.0458374 0.4086914 -0.03356934 -0.05163574 0.407959 -0.02694702 -0.06033326 0.4074707 -0.01963806 -0.05914307 0.4077148 -0.03356934 -0.05163574 0.407959 -0.05453492 -0.04104614 0.4099121 -0.05453492 -0.03729248 0.380127 -0.03356934 -0.05163574 0.407959 -0.05453492 -0.03729248 0.380127 -0.03356934 -0.04788208 0.3781738 -0.03356934 -0.05163574 0.407959 -0.03356934 -0.05163574 0.407959 -0.03356934 -0.04788208 0.3781738 -0.02624512 -0.05661011 0.3776856 -0.02694702 -0.06033326 0.4074707 -0.03356934 -0.05163574 0.407959 -0.02624512 -0.05661011 0.3776856 7.80821e-5 -0.06561279 0.3764648 0.01387024 -0.06799316 0.4064942 7.81417e-5 -0.06933594 0.40625 0.01387024 -0.06799316 0.4064942 0.02761841 -0.05853272 0.3774414 0.04937745 -0.04852295 0.4089356 0.04937745 -0.04852295 0.4089356 0.04937745 -0.04476929 0.3791504 0.06213379 -0.04193115 0.3803711 0.06182862 -0.0461731 0.4091797 0.04937745 -0.04852295 0.4089356 0.06213379 -0.04193115 0.3803711 0.06182862 -0.0461731 0.4091797 0.06213379 -0.04193115 0.3803711 0.07165527 -0.04449463 0.3825684 0.07128906 -0.04745484 0.407959 0.06182862 -0.0461731 0.4091797 0.07165527 -0.04449463 0.3825684 0.07128906 -0.04745484 0.407959 0.07165527 -0.04449463 0.3825684 0.07641602 -0.04846192 0.3955078 -0.04223633 -0.07165528 0.3535156 -0.06323243 -0.05764771 0.3615723 -0.07495118 -0.06695557 0.3469238 -0.02206421 -0.07611085 0.3491211 -0.04223633 -0.07165528 0.3535156 -0.04681397 -0.08538819 0.3388672 -0.009849549 -0.08068848 0.3637696 -0.001636505 -0.0737915 0.3615723 0 -0.07324219 0.3586426 -0.001636505 -0.0737915 0.3615723 0.009849549 -0.08068848 0.3637696 0 -0.07324219 0.3586426 -0.001636505 -0.0737915 0.3615723 0 -0.07067871 0.3640137 0.004852295 -0.07189941 0.3659668 -0.001636505 -0.0737915 0.3615723 -0.00130558 -0.07452393 0.3664551 0 -0.07067871 0.3640137 -0.009849549 -0.08068848 0.3637696 0.009849549 -0.08068848 0.3637696 -0.001636505 -0.0737915 0.3615723 0.004852295 -0.07189941 0.3659668 -0.00130558 -0.07452393 0.3664551 -0.001636505 -0.0737915 0.3615723 -0.01039124 -0.06130982 0.3730469 -0.005809784 -0.05932618 0.3757325 -0.00705719 -0.06420898 0.3757325 -0.001589775 -0.0666504 0.3713379 -0.00130558 -0.07452393 0.3664551 0.001589775 -0.07061768 0.3715821 0 -0.06500244 0.3666992 0.004852295 -0.07189941 0.3659668 0 -0.07067871 0.3640137 0.004852295 -0.07189941 0.3659668 0.001589775 -0.07061768 0.3715821 -0.00130558 -0.07452393 0.3664551 -0.02482605 -0.05389404 0.3955078 -0.02496338 -0.05267334 0.3935547 -0.02482605 -0.0531311 0.3911133 -0.03622437 -0.05911255 0.4123535 -0.03283692 -0.05813599 0.4074707 -0.0176239 -0.05737305 0.4074707 -0.01408386 -0.0579834 0.4123535 -0.03622437 -0.05911255 0.4123535 -0.0176239 -0.05737305 0.4074707 -0.0328064 -0.05325318 0.3771973 -0.03634644 -0.0526123 0.3720703 -0.0141983 -0.05151368 0.3723145 -0.01759338 -0.05249024 0.3771973 -0.0328064 -0.05325318 0.3771973 -0.0141983 -0.05151368 0.3723145 -0.00130558 -0.07452393 0.3664551 0 -0.06500244 0.3666992 0 -0.07067871 0.3640137 -0.001589775 -0.0666504 0.3713379 0 -0.06500244 0.3666992 -0.00130558 -0.07452393 0.3664551 0 -0.08605958 0.348877 0 -0.07324219 0.3586426 0.01820374 -0.07879639 0.3535156 0 -0.08605958 0.348877 0.009849549 -0.1095581 0.3249512 0 -0.111023 0.3234863 0 -0.08605958 0.348877 0.02378845 -0.09936523 0.3344727 0.009849549 -0.1095581 0.3249512 -2.77571e-10 0.005760193 0.2473145 -0.06323243 -0.05764771 0.3615723 -0.04223633 -0.07165528 0.3535156 -0.02206421 -0.07611085 0.3491211 -2.77571e-10 0.005760193 0.2473145 -0.04223633 -0.07165528 0.3535156 0.04736328 -0.05130005 0.4082032 0.04736328 -0.04760743 0.3786621 0.03942871 -0.04040527 0.4118653 0.04644776 -0.04605103 0.3764648 0.0385437 -0.03515625 0.3803711 -0.01408386 -0.0579834 0.4123535 -0.00932312 -0.04943848 0.4094238 -0.01447296 -0.05038453 0.4135742 -0.03662109 -0.05148316 0.4135742 -0.01408386 -0.0579834 0.4123535 0.04736328 -0.05130005 0.4082032 0.03942871 -0.04040527 0.4118653 0.02679443 -0.04702759 0.4086914 0.04736328 -0.04760743 0.3786621 0.03561401 -0.05950928 0.4072266 0.04736328 -0.05130005 0.4082032 0.02679443 -0.04702759 0.4086914 0.03561401 -0.05581665 0.3776856 0.04644776 -0.04605103 0.3764648 0.0276947 -0.04431152 0.376709 0.0385437 -0.03515625 0.3803711 0.05966187 0.006664277 0.4157715 0.05966187 0.01039887 0.3859864 0.0574646 -0.01687622 0.4055176 0.05593872 0.03521729 0.3891602 0.05966187 0.006664277 0.4157715 0.05593872 0.03146362 0.4189453 0.04458618 0.05538941 0.3918457 0.05593872 0.03146362 0.4189453 0.04458618 0.05166627 0.4216309 0.02413941 0.06915284 0.3935547 0.02413941 0.06542969 0.4233399 0 0.07403565 0.3942872 0.02413941 0.06542969 0.4233399 0 0.07025146 0.4240723 -0.02409363 0.06542969 0.4233399 -0.02409363 0.06915284 0.3935547 -0.04452515 0.05166627 0.4216309 -0.04452515 0.05538941 0.3918457 -0.05706787 0.03277588 0.4191895 -0.05706787 0.03649902 0.3894043 -0.06222535 0.008674622 0.4160156 -0.06222535 0.01242066 0.3862305 0.06213379 -0.04193115 0.3803711 0.06140137 -0.03640747 0.3813477 0.0737915 -0.03961182 0.3833008 0.07165527 -0.04449463 0.3825684 0.06213379 -0.04193115 0.3803711 7.80821e-5 -0.06561279 0.3764648 0.02761841 -0.05853272 0.3774414 0.01387024 -0.06799316 0.4064942 0.04937745 -0.04476929 0.3791504 0.04937745 -0.04852295 0.4089356 -0.03570557 -0.05758667 0.3925782 -0.02482605 -0.05389404 0.3955078 -0.02482605 -0.0531311 0.3911133 -0.03530884 -0.06054688 0.3891602 -0.03994751 -0.06054688 0.3920898 0 -0.08605958 0.348877 -0.01820374 -0.07879639 0.3535156 0 -0.07324219 0.3586426 0 -0.111023 0.3234863 -0.01820374 -0.1054688 0.3286133 0.0994873 -0.02919007 0.3632812 0.1053467 0.005920411 0.3720703 0.0869751 0.002035141 0.3815918 0.08044434 -0.02955628 0.3730469 0.0869751 0.002035141 0.3815918 0.07794189 -0.02845764 0.373291 0.07324219 -0.06536865 0.3459473 0.05993652 -0.0541687 0.3623047 0.06195068 -0.05603027 0.3615723 0.0411377 -0.06915284 0.3547363 0.0411377 -0.06915284 0.3547363 0.04681397 -0.08538819 0.3388672 0.0411377 -0.06915284 0.3547363 0.0411377 -0.06915284 0.3547363 0.02206421 -0.07611085 0.3491211 0.02536011 -0.0911255 0.3344727 0.02151489 -0.07354736 0.3503418 0.0411377 -0.06915284 0.3547363 -7.30449e-11 -0.07659913 0.3491211 -5.84359e-11 -0.07928468 0.3481446 -0.02206421 -0.07611085 0.3491211 -0.04681397 -0.08538819 0.3388672 -0.04223633 -0.07165528 0.3535156 -0.07495118 -0.06695557 0.3469238 -0.06323243 -0.05764771 0.3615723 -0.08142092 -0.02980042 0.3730469 -0.1004639 -0.02941895 0.3632812 -0.08721927 0.002035139 0.3815918 -0.1059571 0.005920408 0.3720703 -0.08721927 0.002035139 0.3815918 -0.08142092 -0.02980042 0.3730469 -0.07885744 -0.02870179 0.373291 -0.06323243 -0.05764771 0.3615723 -0.08721927 0.002035139 0.3815918 -0.08441164 0.04034424 0.3813476 -0.08178712 0.03918457 0.3813477 -0.1003418 0.04745483 0.369873 -0.06658937 0.07092285 0.3713379 -0.06884767 0.07318115 0.3708496 -0.04522706 0.08721925 0.3620605 -0.07818605 0.0777588 0.3520508 -0.05255128 0.0925293 0.3417969 -0.04522706 0.08721925 0.3620605 -0.04522706 0.08721925 0.3620605 -0.02297974 0.09472656 0.355957 0.02658081 0.1000366 0.3354492 0 0.09667969 0.3547363 -0.02220154 0.09143067 0.3566895 -0.02297974 0.09472656 0.355957 0 0.09667969 0.3547363 0.02297974 0.09472656 0.355957 0.02220154 0.09143067 0.3566895 0.05255128 0.0925293 0.3417969 0.04522705 0.08721925 0.3620605 0.04370118 0.08422852 0.362793 0.06671143 0.07092285 0.3713379 0.07818604 0.0777588 0.3520508 0.06671143 0.07092285 0.3713379 0.06671143 0.07092285 0.3713379 0.09906007 0.04812622 0.369873 0.06671143 0.07092285 0.3713379 0.08312989 0.04101562 0.3813477 0.1053467 0.005920411 0.3720703 0.0869751 0.002035141 0.3815918 0.08312989 0.04101562 0.3813477 0.08050538 0.03985596 0.3813477 0.06671143 0.07092285 0.3713379 0.01135254 -0.0534668 0.4084473 0.01977539 -0.04968262 0.4089356 0.01977539 -0.04595948 0.3791504 0.01135254 -0.04974365 0.3786621 0.01977539 -0.04595948 0.3791504 -7.9453e-5 -0.04840088 0.3786621 -7.93934e-5 -0.05215454 0.4084473 -0.01341248 -0.04013062 0.3798828 -0.01341248 -0.04388428 0.409668 -0.04324341 -0.0454712 0.3811035 -0.04324341 -0.05444336 0.3798828 -0.04315186 -0.04962159 0.4069825 -0.04318237 -0.05859375 0.4055176 -0.04318237 -0.05859375 0.4055176 -0.04324341 -0.05444336 0.3798828 -0.03417969 -0.05444336 0.3798828 -0.03411865 -0.05859375 0.4055176 -0.03411865 -0.05859375 0.4055176 -0.03417969 -0.05444336 0.3798828 -0.03411865 -0.04962159 0.4069825 -0.03417969 -0.0454712 0.3811035 -0.009033203 -0.05194092 0.3764648 -0.009414673 -0.04434204 0.3776856 -0.00932312 -0.04943848 0.4094238 -0.008941651 -0.05703735 0.4082032 -0.03662109 -0.05148316 0.4135742 -0.03622437 -0.05911255 0.4123535 -0.01408386 -0.0579834 0.4123535 -0.04177856 -0.05105591 0.4091797 -0.04147339 -0.05355835 0.3764648 -0.04138184 -0.05868531 0.407959 -0.04177856 -0.05105591 0.4091797 -0.04187012 -0.04595948 0.3774414 -0.03634644 -0.0526123 0.3720703 -0.04147339 -0.05355835 0.3764648 -0.03671265 -0.04501343 0.373291 -0.0145874 -0.04391479 0.3735352 -0.0145874 -0.04391479 0.3735352 -0.0141983 -0.05151368 0.3723145 -0.03634644 -0.0526123 0.3720703 -0.009033203 -0.05194092 0.3764648 -0.03634644 -0.0578003 0.4042969 -0.03671265 -0.0501709 0.4052734 -0.03323364 -0.05053711 0.4086914 -0.03283692 -0.05813599 0.4074707 -0.03323364 -0.05053711 0.4086914 -0.01800537 -0.04974365 0.4086914 -0.03283692 -0.05813599 0.4074707 -0.0176239 -0.05737305 0.4074707 0.0385437 -0.03515625 0.3803711 0.0276947 -0.04431152 0.376709 0.02679443 -0.04702759 0.4086914 0.03942871 -0.04040527 0.4118653 0.04458618 0.05166627 0.4216309 0.04983521 0.05682373 0.4221192 0.02413941 0.06542969 0.4233399 0.02697754 0.07214356 0.4243164 -0.04885865 -0.03634644 0.4106446 -0.04885865 -0.03262329 0.3808594 -0.05819703 -0.01849365 0.3825684 -0.05819703 -0.02223206 0.4123535 -0.05819703 -0.02223206 0.4123535 -0.05819703 -0.01849365 0.3825684 -0.06222535 0.008674622 0.4160156 -0.06222535 0.01242066 0.3862305 0.05566407 -0.0173645 0.3828125 0.05062867 -0.01496887 0.3830567 0.0524292 -0.01259613 0.3908692 0.0574646 -0.01499939 0.3903809 -0.03317261 -0.04562378 0.378418 -0.0328064 -0.05325318 0.3771973 -0.01759338 -0.05249024 0.3771973 -0.01797485 -0.04486084 0.378418 -0.01797485 -0.04486084 0.378418 -0.01759338 -0.05249024 0.3771973 -0.01447296 -0.04519654 0.3815918 -0.01409149 -0.05282593 0.3803711 0.02697754 0.07586671 0.3945313 0.04983521 0.06054688 0.3925782 0.02413941 0.06915284 0.3935547 0.04458618 0.05538941 0.3918457 -0.01341248 -0.04013062 0.3798828 -0.02114868 -0.04229737 0.3791504 -0.02114868 -0.04602051 0.4086914 -0.01341248 -0.04388428 0.409668 0.03942871 -0.02978516 0.3811035 0.01977539 -0.04595948 0.3791504 0.01977539 -0.04968262 0.4089356 0.03942871 -0.0335083 0.4108887 -0.04885865 -0.03262329 0.3808594 -0.05453492 -0.03729248 0.380127 -0.05819703 -0.01849365 0.3825684 -0.06506348 -0.02137756 0.3820801 -0.06964112 0.01234436 0.3862305 -0.06390381 0.03927612 0.3896484 -0.06222535 0.01242066 0.3862305 -0.05706787 0.03649902 0.3894043 -0.06390381 0.03927612 0.3896484 -0.04980469 0.06054688 0.3925782 -0.05706787 0.03649902 0.3894043 -0.04452515 0.05538941 0.3918457 -0.04452515 0.05538941 0.3918457 -0.04980469 0.06054688 0.3925782 -0.02409363 0.06915284 0.3935547 -0.02694702 0.07586671 0.3945313 -0.02409363 0.06915284 0.3935547 -0.02694702 0.07586671 0.3945313 0 0.07403565 0.3942872 0 0.08135986 0.3950196 0 0.08135986 0.3950196 0.02697754 0.07586671 0.3945313 0 0.07403565 0.3942872 0.02413941 0.06915284 0.3935547 0.02413941 0.06542969 0.4233399 0.02697754 0.07214356 0.4243164 0 0.07025146 0.4240723 0 0.07757569 0.4248047 0 0.07025146 0.4240723 0 0.07757569 0.4248047 -0.02694702 0.07214356 0.4243164 -0.02409363 0.06542969 0.4233399 -0.02409363 0.06542969 0.4233399 -0.02694702 0.07214356 0.4243164 -0.04980469 0.05682373 0.4221192 -0.04452515 0.05166627 0.4216309 -0.04452515 0.05166627 0.4216309 -0.04980469 0.05682373 0.4221192 -0.05706787 0.03277588 0.4191895 -0.06390381 0.03552246 0.4194336 -0.05819703 -0.02223206 0.4123535 -0.06506348 -0.02511597 0.4118653 -0.05453492 -0.04104614 0.4099121 -0.04885865 -0.03634644 0.4106446 0.04525757 -0.03927612 0.3798828 0.06216431 -0.0202179 0.3823242 0.0453186 -0.04309082 0.4094238 0.06216431 -0.0239563 0.4121094 0.06216431 -0.0239563 0.4121094 0.06216431 -0.0202179 0.3823242 0.06634521 0.006397247 0.4157715 0.06634521 0.01013184 0.3859864 0.04983521 0.06054688 0.3925782 0.02697754 0.07586671 0.3945313 0.04983521 0.05682373 0.4221192 0.02697754 0.07214356 0.4243164 -0.02694702 0.07214356 0.4243164 -0.02694702 0.07586671 0.3945313 -0.04980469 0.05682373 0.4221192 -0.04980469 0.06054688 0.3925782 -0.06964112 0.01234436 0.3862305 -0.06506348 -0.02137756 0.3820801 -0.06964112 0.008605958 0.4160156 -0.06506348 -0.02511597 0.4118653 -0.06506348 -0.02511597 0.4118653 -0.06506348 -0.02137756 0.3820801 -0.05453492 -0.04104614 0.4099121 -0.05453492 -0.03729248 0.380127 -0.02694702 -0.06033326 0.4074707 -0.02624512 -0.05661011 0.3776856 7.81417e-5 -0.06933594 0.40625 7.80821e-5 -0.06561279 0.3764648 0.003154755 -0.06094361 0.3806152 0.005317688 -0.0562439 0.3806152 -1.94907e-4 -0.05761719 0.3837891 -0.00510788 -0.05554199 0.380127 -0.005256653 -0.06774902 0.3666992 -0.01039124 -0.06130982 0.3730469 -0.00705719 -0.06420898 0.3757325 -0.00705719 -0.06420898 0.3757325 0.001589775 -0.07061768 0.3715821 0.004852295 -0.07189941 0.3659668 0 -0.06500244 0.3666992 -0.001589775 -0.0666504 0.3713379 -0.03634644 -0.0578003 0.4042969 -0.03283692 -0.05813599 0.4074707 -0.03622437 -0.05911255 0.4123535 -0.04138184 -0.05868531 0.407959 -0.0176239 -0.05737305 0.4074707 -0.01412201 -0.05667115 0.4042969 -0.01408386 -0.0579834 0.4123535 -0.008941651 -0.05703735 0.4082032 -0.03634644 -0.0578003 0.4042969 -0.04138184 -0.05868531 0.407959 -0.04147339 -0.05355835 0.3764648 -0.0362854 -0.05395508 0.3803711 -0.01412201 -0.05667115 0.4042969 -0.01409149 -0.05282593 0.3803711 -0.008941651 -0.05703735 0.4082032 -0.009033203 -0.05194092 0.3764648 -0.0362854 -0.05395508 0.3803711 -0.04147339 -0.05355835 0.3764648 -0.03634644 -0.0526123 0.3720703 -0.0328064 -0.05325318 0.3771973 -0.009033203 -0.05194092 0.3764648 -0.01409149 -0.05282593 0.3803711 -0.0141983 -0.05151368 0.3723145 -0.01759338 -0.05249024 0.3771973 -0.04315186 -0.04962159 0.4069825 -0.04318237 -0.05859375 0.4055176 -0.03411865 -0.04962159 0.4069825 -0.03411865 -0.05859375 0.4055176 -0.03417969 -0.0454712 0.3811035 -0.03417969 -0.05444336 0.3798828 -0.04324341 -0.0454712 0.3811035 -0.04324341 -0.05444336 0.3798828 0 -0.08605958 0.348877 -0.02574158 -0.09216309 0.3410645 -0.01820374 -0.07879639 0.3535156 -0.01820374 -0.1054688 0.3286133 0 -0.08605958 0.348877 0.01820374 -0.07879639 0.3535156 0.02574158 -0.09216309 0.3410645 0.02378845 -0.09936523 0.3344727 -2.77571e-10 0.005760193 0.2473145 0.08050538 0.03985596 0.3813477 0.06671143 0.07092285 0.3713379 0.0869751 0.002035141 0.3815918 -2.77571e-10 0.005760193 0.2473145 0 0.09667969 0.3547363 -0.02220154 0.09143067 0.3566895 -0.04522706 0.08721925 0.3620605 -2.77571e-10 0.005760193 0.2473145 -0.08721927 0.002035139 0.3815918 -0.07885744 -0.02870179 0.373291 -0.06323243 -0.05764771 0.3615723 -0.03570557 -0.05758667 0.3925782 -0.02482605 -0.0531311 0.3911133 -0.03530884 -0.06054688 0.3891602 -0.02482605 -0.0531311 0.3911133 -0.02365112 -0.05590821 0.3898926 -0.02279663 -0.05825806 0.390625 -0.0223999 -0.05963135 0.392334 -0.03546143 -0.06420898 0.3916016 -0.02275086 -0.05908203 0.3945313 -0.03994751 -0.06054688 0.3920898 -0.02365112 -0.05703735 0.3959961 -0.03570557 -0.05758667 0.3925782 -0.02482605 -0.05389404 0.3955078 -0.0328064 -0.05325318 0.3771973 -0.03317261 -0.04562378 0.378418 -0.03668213 -0.04632568 0.3815918 -0.0362854 -0.05395508 0.3803711 -0.03671265 -0.0501709 0.4052734 -0.03634644 -0.0578003 0.4042969 0 -0.111023 0.3234863 0 -0.1170044 0.3300781 -0.009849549 -0.1155396 0.3312988 -0.01820374 -0.1054688 0.3286133 -0.02378845 -0.1053467 0.3408203 -0.02574158 -0.09216309 0.3410645 -0.02378845 -0.09088136 0.3542481 -0.01820374 -0.07879639 0.3535156 -0.009849549 -0.08068848 0.3637696 0 -0.07324219 0.3586426 0.009849549 -0.08068848 0.3637696 0.01820374 -0.07879639 0.3535156 0.02378845 -0.09088136 0.3542481 0.02574158 -0.09216309 0.3410645 0.02378845 -0.1053467 0.3408203 0.02378845 -0.09936523 0.3344727 0.01820374 -0.1114502 0.3352051 0.009849549 -0.1095581 0.3249512 0 -0.1170044 0.3300781 0 -0.111023 0.3234863 0.04983521 0.06054688 0.3925782 0.04983521 0.05682373 0.4221192 0.06280518 0.03405762 0.4194336 0.06280518 0.03781128 0.3896484 0.06634521 0.006397247 0.4157715 0.06634521 0.01013184 0.3859864 -0.04980469 0.05682373 0.4221192 -0.04980469 0.06054688 0.3925782 -0.06390381 0.03552246 0.4194336 -0.06390381 0.03927612 0.3896484 -0.06964112 0.008605958 0.4160156 -0.06964112 0.01234436 0.3862305 -0.03665162 0.1067505 0.2440186 -0.05139161 0.1043091 0.2441406 -0.05126953 0.1068726 0.2531739 0 0.1096802 0.2440186 -0.05093384 0.1082153 0.2995605 -0.02801514 0.1045532 0.3227539 -0.05038453 0.1008301 0.3227539 0 0.1138916 0.300293 0 0.1062012 0.3227539 0.02801514 0.1045532 0.3227539 0.05093384 0.1082153 0.2995605 0.05038453 0.1008301 0.3227539 0.05126954 0.1068726 0.2531739 0.03665162 0.1067505 0.2440186 0.05139161 0.1043091 0.2441407 -0.01412201 -0.05667115 0.4042969 -0.0176239 -0.05737305 0.4074707 -0.01800537 -0.04974365 0.4086914 -0.01451111 -0.04904175 0.4055176 -0.01409149 -0.05282593 0.3803711 -0.01447296 -0.04519654 0.3815918 -0.006202698 -0.05209351 0.3764648 -0.006015778 -0.05081177 0.3789063 0.008239746 -0.05245972 0.3786621 0.006629944 -0.06573486 0.3747559 -0.0078125 -0.06591797 0.3769532 0.006629944 -0.06573486 0.3747559 0.006443024 -0.07122803 0.4057617 -0.0078125 -0.06958009 0.4060059 0.006629944 -0.07000732 0.4082032 -0.006645203 -0.06018067 0.4106446 0.008239746 -0.05612183 0.4077148 -0.006015778 -0.05447388 0.407959 -0.006015778 -0.05081177 0.3789063 0.008239746 -0.05245972 0.3786621 -2.77571e-10 0.005760193 0.2473145 0.06671143 0.07092285 0.3713379 0.04370118 0.08422852 0.362793 0.02220154 0.09143067 0.3566895 0 0.09667969 0.3547363 -2.77571e-10 0.005760193 0.2473145 0.07794189 -0.02845764 0.373291 0.0869751 0.002035141 0.3815918 0.05993652 -0.0541687 0.3623047 0.0411377 -0.06915284 0.3547363 -2.77571e-10 0.005760193 0.2473145 -0.04522706 0.08721925 0.3620605 -0.06658937 0.07092285 0.3713379 -0.08178712 0.03918457 0.3813477 -0.08721927 0.002035139 0.3815918 -2.77571e-10 0.005760193 0.2473145 0.02151489 -0.07354736 0.3503418 0.0411377 -0.06915284 0.3547363 -7.30449e-11 -0.07659913 0.3491211 -0.02206421 -0.07611085 0.3491211 0.02697754 0.07586671 0.3945313 0 0.08135986 0.3950196 0.02697754 0.07214356 0.4243164 0 0.07757569 0.4248047 -0.02694702 0.07214356 0.4243164 -0.02694702 0.07586671 0.3945313 0.005317688 -0.0562439 0.3806152 0.003154755 -0.06094361 0.3806152 -0.00330925 -0.0578003 0.3776856 -1.94907e-4 -0.05761719 0.3837891 -0.009262085 -0.06054688 0.3793946 -0.005809784 -0.05932618 0.3757325 -0.00510788 -0.05554199 0.380127 -0.005809784 -0.05932618 0.3757325 -0.00705719 -0.06420898 0.3757325 -0.01039124 -0.06130982 0.3730469 -0.005809784 -0.05932618 0.3757325 -0.00330925 -0.0578003 0.3776856 -0.005809784 -0.05932618 0.3757325 0.005317688 -0.0562439 0.3806152 0.1053467 0.005920411 0.3720703 0.0994873 -0.02919007 0.3632812 0.1428223 0.006988526 0.3740235 0.137085 -0.03092957 0.3632812 0.09472657 -0.06149292 0.3447266 0.1293945 -0.06103516 0.3322754 0.07324219 -0.06536865 0.3459473 0.09210206 -0.08984375 0.3173828 0.1246338 -0.07391357 0.3044434 0.04681397 -0.08538819 0.3388672 0.08953858 -0.1099854 0.2878418 0.1174927 -0.08874512 0.2744141 0.1243286 -0.07470703 0.2780762 0.1330567 -0.05160522 0.2524414 0.0496521 -0.1247559 0.2915039 0.02536011 -0.0911255 0.3344727 0.1390381 -0.003618241 0.2213135 0.145752 -0.003286362 0.2329102 0 -0.1290283 0.2924805 0.1311035 -0.05703736 0.2294922 -0.0496521 -0.1247559 0.2915039 -0.04681397 -0.08538819 0.3388672 0.116272 -0.09307861 0.2390137 0.1307373 -0.05999756 0.1721191 0.1386719 -0.006946564 0.1707764 0.112793 -0.09442139 0.173584 0.08740235 -0.1259766 0.2456055 0.1376953 -0.05096436 0.107605 0.1447754 0.001389504 0.1054687 0.1170044 -0.08850098 0.1090088 0.1489258 -0.04824829 0.04483032 0.1524658 0.00730896 0.03912354 0.1231079 -0.08636475 0.04751587 0.1635742 -0.0508728 -0.02330017 0.1651611 0.005290986 -0.02616883 0.1346436 -0.09643555 -0.02268982 0.1784668 -0.05078125 -0.0847168 0.1806641 0.005706787 -0.08392334 0.1767578 0.00365448 -0.09008789 0.1478271 -0.1043091 -0.08599854 0.1750488 -0.05151367 -0.09088135 0.1713867 -0.05044556 -0.08770752 0.1726074 0.003252029 -0.08685303 0.1448975 -0.1033936 -0.09210205 0.1110229 -0.1318359 -0.0871582 0.1089478 -0.1306152 -0.09313965 0.1067505 -0.1274414 -0.09002686 0.1000977 -0.1241455 -0.0239563 0.05950928 -0.1420898 -0.09521484 -2.60382e-15 -0.1456299 -0.09161377 0.06027222 -0.1436768 -0.08929443 -2.68709e-15 -0.1491699 -0.09454346 -2.53096e-15 -0.1503906 -0.08905029 -0.05950928 -0.1420898 -0.09521484 -0.1067505 -0.1274414 -0.09002686 0.05545044 -0.1384277 -0.02615356 -0.1089478 -0.1306152 -0.09313965 -0.1448975 -0.1033936 -0.09210205 -0.06027222 -0.1436768 -0.08929443 -0.1110229 -0.1318359 -0.0871582 -0.05545044 -0.1384277 -0.02615356 -0.1000977 -0.1241455 -0.0239563 -0.1478271 -0.1043091 -0.08599854 -7.87998e-16 -0.145752 -0.02772522 -0.1346436 -0.09643555 -0.02268982 -0.09362793 -0.1185303 0.04669189 -0.05160522 -0.137085 0.04699707 0.05160522 -0.137085 0.04699707 8.31035e-16 -0.1459961 0.04660034 -0.08923341 -0.117981 0.1101685 0.09362793 -0.1185303 0.04669189 0.08923341 -0.117981 0.1101685 0.04916382 -0.137207 0.1109009 0.08630371 -0.1268311 0.1751709 0.04769897 -0.1447754 0.1757813 7.55666e-16 -0.1442871 0.111145 -0.04916382 -0.137207 0.1109009 -0.04769897 -0.1447754 0.1757813 -0.08630371 -0.1268311 0.1751709 0.04797363 -0.1401367 0.2490235 -0.04797363 -0.1401367 0.2490235 -0.08740235 -0.1259766 0.2456055 -0.08953859 -0.1099854 0.2878418 -0.112793 -0.09442139 0.173584 -0.09210207 -0.08984376 0.3173828 -0.07495118 -0.06695557 0.3469238 -0.116272 -0.09307861 0.2390137 -0.09472659 -0.06149293 0.3447266 -0.1004639 -0.02941895 0.3632812 -0.1059571 0.005920408 0.3720703 -0.1428223 0.006988524 0.3740234 -0.137085 -0.03092957 0.3632812 -0.1293946 -0.06103516 0.3322754 -0.1246338 -0.07391358 0.3044434 -0.1174927 -0.08874512 0.2744141 -0.1243286 -0.07470704 0.2780762 -0.1330567 -0.05160523 0.2524414 -0.1311035 -0.05703736 0.2294922 -0.145752 -0.003286362 0.2329102 -0.1390381 -0.003618241 0.2213135 -0.1307373 -0.05999756 0.1721191 -0.1386719 -0.006946564 0.1707764 -0.1170044 -0.08850098 0.1090088 -0.1376953 -0.05096436 0.107605 -0.1447754 0.001389504 0.1054687 -0.1231079 -0.08636475 0.04751587 -0.1489258 -0.04824829 0.04483032 -0.1524658 0.00730896 0.03912354 -0.1635742 -0.0508728 -0.02330017 -0.1651611 0.005290986 -0.02616883 -0.1784668 -0.05078125 -0.0847168 -0.1806641 0.005706787 -0.08392334 -0.1767578 0.00365448 -0.09008789 -0.1750488 -0.05151367 -0.09088135 -0.1713867 -0.05044556 -0.08770752 -0.1726074 0.003252029 -0.08685303 -0.2493896 -0.01637268 0.2315674 -0.251709 -0.01580811 0.237793 -0.2531738 0.02592468 0.2382812 -0.2507324 0.02923584 0.232544 -0.2548828 0.04946899 0.2587891 -0.2174072 -0.01331329 0.2346192 -0.2524414 0.05535889 0.2543945 -0.2573242 0.06469727 0.2915039 -0.2176514 0.03198242 0.2344971 -0.1566162 -0.005329133 0.2359619 -0.2196045 0.05334473 0.2548828 -0.1539307 0.03845215 0.2365723 -0.145752 -0.003286362 0.2329102 -0.1375733 0.03857422 0.2347412 -0.1542969 0.05679321 0.2546387 -0.1308594 0.07061768 0.2629395 -0.15625 0.07751465 0.2937012 -0.130249 0.08215332 0.2946777 -0.1339112 0.07989502 0.3317871 -0.2211914 0.07202148 0.2924805 -0.1597901 0.07751465 0.3305664 -0.138916 0.05291748 0.3642578 -0.2556152 0.07208252 0.2912598 -0.2592773 0.06213379 0.3317871 -0.2225342 0.07055664 0.3317871 -0.1663819 0.05368042 0.3635254 -0.1428223 0.006988524 0.3740234 -0.2580567 0.07037354 0.3347168 -0.2233887 0.0506897 0.3676758 -0.2587891 0.04815674 0.3740235 -0.2612305 0.04074097 0.3681641 -0.1691895 0.006248473 0.3779297 -0.2252198 0.002902985 0.3828125 -0.2597656 4.3273e-4 0.3918457 -0.2612305 7.32422e-4 0.3842773 -0.2585449 -0.0397644 0.3669434 -0.2565918 -0.04733276 0.3728027 -0.2553711 -0.06506348 0.3310547 -0.2224121 -0.04101562 0.3652344 -0.2529297 -0.07098389 0.3330078 -0.2529297 -0.06634521 0.2878418 -0.1650391 -0.03405762 0.3635254 -0.137085 -0.03092957 0.3632812 -0.2200928 -0.06689453 0.3288574 -0.2504883 -0.07250977 0.2861328 -0.251709 -0.05001831 0.2536621 -0.1577149 -0.06207275 0.3288574 -0.1293946 -0.06103516 0.3322754 -0.1246338 -0.07391358 0.3044434 -0.2174072 -0.07019043 0.2841797 -0.2484131 -0.05401611 0.2492676 -0.251709 -0.01580811 0.237793 -0.2493896 -0.01637268 0.2315674 -0.1517334 -0.07116699 0.2858887 -0.1243286 -0.07470704 0.2780762 -0.1330567 -0.05160523 0.2524414 -0.2156983 -0.05288696 0.2492676 -0.2174072 -0.01331329 0.2346192 -0.1566162 -0.005329133 0.2359619 -0.1501465 -0.05041504 0.251709 -0.145752 -0.003286362 0.2329102 0.2531738 0.02592468 0.2382812 0.251709 -0.01580811 0.237793 0.2493896 -0.01637268 0.2315674 0.2507324 0.02923584 0.232544 0.2548828 0.04946899 0.2587891 0.2174072 -0.01331329 0.2346192 0.2524414 0.05535889 0.2543945 0.2573242 0.06469727 0.2915039 0.2176514 0.03198242 0.2344971 0.1566162 -0.005329132 0.2359619 0.2196045 0.05334473 0.2548828 0.1539307 0.03845215 0.2365723 0.145752 -0.003286362 0.2329102 0.1375733 0.03857422 0.2347412 0.1542969 0.05679321 0.2546387 0.1308594 0.07061768 0.2629395 0.15625 0.07751466 0.2937012 0.130249 0.08215332 0.2946777 0.1339111 0.07989502 0.3317871 0.2211914 0.07202148 0.2924805 0.15979 0.07751465 0.3305664 0.138916 0.05291748 0.3642578 0.2556152 0.07208252 0.2912598 0.2592773 0.06213379 0.3317871 0.2225342 0.07055665 0.3317871 0.1663818 0.05368042 0.3635254 0.1428223 0.006988526 0.3740235 0.2580567 0.07037354 0.3347168 0.2233887 0.0506897 0.3676758 0.2587891 0.04815674 0.3740235 0.2612305 0.04074097 0.3681641 0.1691895 0.006248475 0.3779297 0.2252197 0.002902985 0.3828125 0.2597656 4.3273e-4 0.3918457 0.2612305 7.32422e-4 0.3842773 0.2585449 -0.0397644 0.3669434 0.2565918 -0.04733276 0.3728027 0.2553711 -0.06506348 0.3310547 0.2224121 -0.04101563 0.3652344 0.2529297 -0.07098389 0.3330078 0.2529297 -0.06634521 0.2878418 0.1650391 -0.03405762 0.3635254 0.137085 -0.03092957 0.3632812 0.2200928 -0.06689453 0.3288574 0.2504883 -0.07250977 0.2861328 0.251709 -0.05001831 0.2536621 0.1577148 -0.06207275 0.3288574 0.1293945 -0.06103516 0.3322754 0.1246338 -0.07391357 0.3044434 0.2174072 -0.07019043 0.2841797 0.2484131 -0.05401611 0.2492676 0.251709 -0.01580811 0.237793 0.2493896 -0.01637268 0.2315674 0.1517334 -0.07116699 0.2858887 0.1243286 -0.07470703 0.2780762 0.1330567 -0.05160522 0.2524414 0.2156982 -0.05288696 0.2492676 0.2174072 -0.01331329 0.2346192 0.1566162 -0.005329132 0.2359619 0.1501465 -0.05041504 0.251709 0.145752 -0.003286362 0.2329102 0.005317688 -0.0562439 0.3806152 0.005111694 -0.06167603 0.3774414 0.003154755 -0.06094361 0.3806152 0.01013947 -0.06542969 0.376709 0.00649643 -0.06518555 0.3764648 0.005317688 -0.0562439 0.3806152 0.008705139 -0.06884766 0.3728027 0.003370285 -0.06622314 0.3693848 -1.75118e-4 -0.06744385 0.3703613 0.009010315 -0.06616211 0.3703613 0.005111694 -0.06167603 0.3774414 0.00649643 -0.06518555 0.3764648 0.003370285 -0.06622314 0.3693848 0.005168915 -0.06848145 0.3671875 -1.75118e-4 -0.06744385 0.3703613 -0.003406525 -0.06573486 0.3691406 -0.005565644 -0.07049561 0.3691406 -0.003406525 -0.06573486 0.3691406 -0.00705719 -0.06420898 0.3757325 -0.005256653 -0.06774902 0.3666992 -0.00705719 -0.06420898 0.3757325 0.009849549 -0.08068848 0.3637696 -0.009849549 -0.08068848 0.3637696 0.02378845 -0.09088136 0.3542481 0.02378845 -0.1053467 0.3408203 0.01820374 -0.1114502 0.3352051 0 -0.1170044 0.3300781 -0.009849549 -0.1155396 0.3312988 -0.02378845 -0.1053467 0.3408203 -0.02378845 -0.09088136 0.3542481 -0.1726074 0.003252029 -0.08685303 -0.1767578 0.00365448 -0.09008789 -0.1555176 0.05691528 -0.08624268 -0.1589355 0.05917358 -0.08953857 -0.1806641 0.005706787 -0.08392334 -0.1073608 0.09552002 -0.08898926 -0.1057129 0.08984375 -0.08544922 -0.05368042 0.1040039 -0.08343506 -0.1621094 0.06292725 -0.08343506 -0.1651611 0.005290986 -0.02616883 -0.05383301 0.1097412 -0.08654785 -2.28518e-15 0.1083984 -0.08135987 -0.1089478 0.09802246 -0.08239746 -0.1489258 0.05868531 -0.02677918 -0.1524658 0.00730896 0.03912354 -0.0539856 0.1121216 -0.07958985 -0.1022949 0.08630372 -0.02815247 -0.1380615 0.05535889 0.03579712 -0.1295166 0.05310059 0.1033325 -0.1447754 0.001389504 0.1054687 -0.09606934 0.07867432 0.03381348 -0.1244507 0.05310059 0.170044 -0.1386719 -0.006946564 0.1707764 -0.1390381 -0.003618241 0.2213135 -0.08978271 0.07495117 0.1030274 -0.145752 -0.003286362 0.2329102 -0.1375733 0.03857422 0.2347412 -0.1239624 0.06408691 0.2192383 -0.1308594 0.07061768 0.2629395 -0.08422852 0.07861328 0.170166 -0.1016846 0.090271 0.2585449 -0.130249 0.08215332 0.2946777 -0.07720948 0.09051514 0.2198486 -0.09503176 0.09307862 0.2961426 -0.1339112 0.07989502 0.3317871 -0.07025146 0.1033325 0.2548828 -0.04232788 0.08648682 0.1702881 -0.09558108 0.08508301 0.3352051 -0.138916 0.05291748 0.3642578 6.83127e-16 0.08776856 0.1038818 0 0.1029053 0.2208252 0.04232788 0.08648682 0.1702881 -0.04748535 0.09326173 0.03295898 0.08422852 0.07861328 0.170166 -0.05014038 0.1015625 -0.02766419 0.04748535 0.09326173 0.03295898 0.08978271 0.07495117 0.1030274 0.05014038 0.1015625 -0.02766419 0.09606934 0.07867432 0.03381348 -2.19432e-15 0.1158447 -0.07812501 -2.40953e-15 0.1138306 -0.08477783 0.0539856 0.1121216 -0.07958985 0.05383301 0.1097412 -0.08654785 0.05368042 0.1040039 -0.08343506 0.1022949 0.08630372 -0.02815247 0.1073608 0.09552002 -0.08898926 0.1057129 0.08984375 -0.08544922 0.1555176 0.05691528 -0.08624268 0.1089478 0.09802246 -0.08239746 0.1589355 0.05917358 -0.08953857 0.1767578 0.00365448 -0.09008789 0.1726074 0.003252029 -0.08685303 0.1806641 0.005706787 -0.08392334 0.1621094 0.06292725 -0.08343506 0.1651611 0.005290986 -0.02616883 0.1489258 0.05868531 -0.02677918 0.1524658 0.00730896 0.03912354 0.1380615 0.05535889 0.03579712 0.1295166 0.05310059 0.1033325 0.1447754 0.001389504 0.1054687 0.1244507 0.05310059 0.170044 0.1386719 -0.006946564 0.1707764 0.1390381 -0.003618241 0.2213135 0.1375733 0.03857422 0.2347412 0.145752 -0.003286362 0.2329102 0.1239624 0.06408692 0.2192383 0.1308594 0.07061768 0.2629395 0.07720948 0.09051514 0.2198487 0.1016846 0.090271 0.2585449 0.130249 0.08215332 0.2946777 0.09503175 0.09307862 0.2961426 0.1339111 0.07989502 0.3317871 0.07025146 0.1033325 0.2548828 0 0.1115723 0.2541504 0.06161499 0.105835 0.2990723 -0.06161499 0.105835 0.2990723 0 0.1130981 0.3005371 -0.05255128 0.0925293 0.3417969 0.02658081 0.1000366 0.3354492 -0.07818605 0.0777588 0.3520508 0.05255128 0.0925293 0.3417969 -0.1033325 0.0512085 0.3676758 -0.1003418 0.04745483 0.369873 -0.1059571 0.005920408 0.3720703 -0.1428223 0.006988524 0.3740234 0.09558106 0.08508302 0.3352051 0.07818604 0.0777588 0.3520508 0.138916 0.05291748 0.3642578 0.1033325 0.0512085 0.3676758 0.09906007 0.04812622 0.369873 0.1428223 0.006988526 0.3740235 0.1053467 0.005920411 0.3720703 -0.01528168 0.08593751 0.4106446 -4.96388e-4 0.08081055 0.3969727 -0.02618408 0.07556152 0.3962402 -0.02618408 0.07232666 0.4221192 -5.05924e-4 0.07757569 0.4228516 -0.04318238 0.07434082 0.4091797 -0.02693176 0.07537843 0.3962402 -0.04861451 0.06076051 0.3942871 -0.04861451 0.05752564 0.4204102 -0.02693176 0.07214356 0.4221192 -0.06451416 0.05334473 0.4067383 -0.04922486 0.06051636 0.3942871 -0.0637207 0.03884888 0.3916016 -0.0637207 0.0355835 0.4177246 -0.04922486 0.0572815 0.4204102 -0.07629395 0.02523804 0.4030762 -0.06408691 0.03759766 0.3913575 -0.06958008 0.012146 0.3881836 -0.06958008 0.008895875 0.4143066 -0.06414795 0.03433228 0.4174805 0.01551819 0.08587647 0.4106446 0.02639771 0.0755005 0.3962402 7.10011e-4 0.08074952 0.3969727 7.5531e-4 0.07751466 0.4228516 0.02644349 0.07226563 0.4221192 0.04357911 0.07421876 0.4091797 0.04898072 0.06066895 0.3942871 0.02729798 0.07525636 0.3962402 0.02732849 0.07202149 0.4221192 0.04901124 0.05740357 0.4204102 0.0737915 -0.007675172 0.3989258 0.0625 -0.01766968 0.3845215 0.065979 0.008117676 0.3876953 0.065979 0.004863739 0.4138184 0.0625 -0.0209198 0.4106445 0.07409668 0.02279663 0.402832 0.06628418 0.01026154 0.3879395 0.06280518 0.03604126 0.3913575 0.06280518 0.0328064 0.4172363 0.06628418 0.007011414 0.4140625 0.0645752 0.05172729 0.4064941 0.06268311 0.037323 0.3913574 0.04974366 0.05993653 0.3942871 0.04974366 0.05667115 0.4204102 0.06268311 0.03405762 0.4174805 -0.01797485 -0.04486084 0.378418 -0.0145874 -0.04391479 0.3735352 -0.03317261 -0.04562378 0.378418 -0.01447296 -0.04519654 0.3815918 -0.03671265 -0.04501343 0.373291 -0.009414673 -0.04434204 0.3776856 -0.03668213 -0.04632568 0.3815918 -0.00932312 -0.04943848 0.4094238 -0.04187012 -0.04595948 0.3774414 -0.01451111 -0.04904175 0.4055176 -0.03671265 -0.0501709 0.4052734 -0.01447296 -0.05038453 0.4135742 -0.04177856 -0.05105591 0.4091797 -0.01800537 -0.04974365 0.4086914 -0.03662109 -0.05148316 0.4135742 -0.03323364 -0.05053711 0.4086914 -0.171875 -4.27723e-4 0.3000488 -0.2529297 -0.06634521 0.2878418 -0.2553711 -0.06506348 0.3310547 -0.251709 -0.05001831 0.2536621 -0.2585449 -0.0397644 0.3669434 -0.251709 -0.01580811 0.237793 -0.2612305 7.32422e-4 0.3842773 -0.2531738 0.02592468 0.2382812 -0.2612305 0.04074097 0.3681641 -0.2548828 0.04946899 0.2587891 -0.2592773 0.06213379 0.3317871 -0.2573242 0.06469727 0.2915039 0.171875 -4.27723e-4 0.3000488 0.2553711 -0.06506348 0.3310547 0.2529297 -0.06634521 0.2878418 0.251709 -0.05001831 0.2536621 0.2585449 -0.0397644 0.3669434 0.251709 -0.01580811 0.237793 0.2612305 7.32422e-4 0.3842773 0.2531738 0.02592468 0.2382812 0.2612305 0.04074097 0.3681641 0.2548828 0.04946899 0.2587891 0.2592773 0.06213379 0.3317871 0.2573242 0.06469727 0.2915039 -3.79833e-10 -0.03829956 0.001594543 -0.1713867 -0.05044556 -0.08770752 -0.1726074 0.003252029 -0.08685303 -0.1555176 0.05691528 -0.08624268 -0.1448975 -0.1033936 -0.09210205 -0.1057129 0.08984375 -0.08544922 -0.1067505 -0.1274414 -0.09002686 -0.05368042 0.1040039 -0.08343506 -2.60382e-15 -0.1456299 -0.09161377 -2.28518e-15 0.1083984 -0.08135987 0.1067505 -0.1274414 -0.09002686 0.05368042 0.1040039 -0.08343506 0.1448975 -0.1033936 -0.09210205 0.1057129 0.08984375 -0.08544922 0.1713867 -0.05044556 -0.08770752 0.1555176 0.05691528 -0.08624268 0.1726074 0.003252029 -0.08685303 -0.0078125 -0.06958009 0.4060059 -0.006645203 -0.06018067 0.4106446 -0.0078125 -0.06591797 0.3769532 -0.04315186 -0.04962159 0.4069825 -0.03417969 -0.0454712 0.3811035 -0.04324341 -0.05444336 0.3798828 -0.04324341 -0.05444336 0.3798828 -0.04318237 -0.05859375 0.4055176 -0.04315186 -0.04962159 0.4069825 -0.03417969 -0.05444336 0.3798828 -0.03417969 -0.0454712 0.3811035 -0.03411865 -0.05859375 0.4055176 -0.03411865 -0.05859375 0.4055176 -0.03417969 -0.0454712 0.3811035 -0.04315186 -0.04962159 0.4069825 -0.01759338 -0.05249024 0.3771973 -0.0145874 -0.04391479 0.3735352 -0.00932312 -0.04943848 0.4094238 -0.03671265 -0.04501343 0.373291 -0.0145874 -0.04391479 0.3735352 -0.0328064 -0.05325318 0.3771973 -0.0145874 -0.04391479 0.3735352 -0.01759338 -0.05249024 0.3771973 -0.0328064 -0.05325318 0.3771973 -0.00932312 -0.04943848 0.4094238 -0.0145874 -0.04391479 0.3735352 -0.01759338 -0.05249024 0.3771973 0.006629944 -0.07000732 0.4082032 0.006629944 -0.06573486 0.3747559 0.008239746 -0.05245972 0.3786621 0.008239746 -0.05612183 0.4077148 0.006629944 -0.07000732 0.4082032 0.008239746 -0.05245972 0.3786621 -0.006645203 -0.06018067 0.4106446 -0.006202698 -0.05209351 0.3764648 -0.0078125 -0.06591797 0.3769532 0.06280518 0.03405762 0.4194336 0.05593872 0.03146362 0.4189453 0.05566407 -0.02110291 0.4125977 0.05593872 0.03146362 0.4189453 0.06280518 0.03405762 0.4194336 0.04458618 0.05166627 0.4216309 0.04458618 0.05166627 0.4216309 0.04983521 0.06054688 0.3925782 0.05593872 0.03146362 0.4189453 0.04983521 0.06054688 0.3925782 0.06216431 -0.0202179 0.3823242 0.05593872 0.03146362 0.4189453 0.05593872 0.03146362 0.4189453 0.06216431 -0.0202179 0.3823242 0.05566407 -0.02110291 0.4125977 0.04937745 -0.04476929 0.3791504 0.01387024 -0.06427002 0.376709 0.04525757 -0.03927612 0.3798828 0.04937745 -0.04476929 0.3791504 0.04525757 -0.03927612 0.3798828 0.0737915 -0.03961182 0.3833008 0.07336426 -0.04269409 0.4084473 0.04937745 -0.04476929 0.3791504 0.0737915 -0.03961182 0.3833008 0.01387024 -0.06799316 0.4064942 0.0453186 -0.04309082 0.4094238 0.05566407 -0.02110291 0.4125977 0.01387024 -0.06799316 0.4064942 0.05566407 -0.02110291 0.4125977 0.01135254 -0.0534668 0.4084473 0.01135254 -0.0534668 0.4084473 -0.02114868 -0.04602051 0.4086914 0.01387024 -0.06799316 0.4064942 -0.01963806 -0.05914307 0.4077148 0.01387024 -0.06799316 0.4064942 -0.02114868 -0.04602051 0.4086914 0.05566407 -0.02110291 0.4125977 0.06216431 -0.0202179 0.3823242 0.0524292 -0.01259613 0.3908692 0.04525757 -0.03927612 0.3798828 0.0453186 -0.04309082 0.4094238 0.0737915 -0.03961182 0.3833008 0.0453186 -0.04309082 0.4094238 0.07336426 -0.04269409 0.4084473 0.0737915 -0.03961182 0.3833008 0.04525757 -0.03927612 0.3798828 0.03942871 -0.02978516 0.3811035 0.06216431 -0.0202179 0.3823242 0.03942871 -0.02978516 0.3811035 0.0524292 -0.01259613 0.3908692 0.06216431 -0.0202179 0.3823242 0.01135254 -0.04974365 0.3786621 0.03942871 -0.02978516 0.3811035 0.04525757 -0.03927612 0.3798828 0.01387024 -0.06427002 0.376709 0.01135254 -0.04974365 0.3786621 0.04525757 -0.03927612 0.3798828 0.01387024 -0.06427002 0.376709 -0.01963806 -0.05541993 0.3779297 0.01135254 -0.04974365 0.3786621 0.01135254 -0.04974365 0.3786621 -0.01963806 -0.05541993 0.3779297 -0.02114868 -0.04229737 0.3791504 -0.01963806 -0.05914307 0.4077148 -0.02114868 -0.04229737 0.3791504 -0.01963806 -0.05541993 0.3779297 -0.01963806 -0.05914307 0.4077148 -0.02114868 -0.04602051 0.4086914 -0.02114868 -0.04229737 0.3791504 0.05566407 -0.02110291 0.4125977 0.0524292 -0.01259613 0.3908692 0.03942871 -0.02978516 0.3811035 0.02697754 0.07586671 0.3945313 0.04983521 0.06054688 0.3925782 0 0.07403565 0.3942872 0.02413941 0.06542969 0.4233399 0 0.07757569 0.4248047 0 0.07025146 0.4240723 0 0.07025146 0.4240723 0 0.07757569 0.4248047 -0.04980469 0.05682373 0.4221192 -0.04980469 0.05682373 0.4221192 -0.06964112 0.008605958 0.4160156 -0.06222535 0.008674622 0.4160156 -0.06222535 0.008674622 0.4160156 -0.06964112 0.008605958 0.4160156 -0.05819703 -0.02223206 0.4123535 -0.05453492 -0.03729248 0.380127 -0.01963806 -0.05541993 0.3779297 -0.04885865 -0.03634644 0.4106446 -0.01963806 -0.05914307 0.4077148 -0.01963806 -0.05541993 0.3779297 0.01387024 -0.06799316 0.4064942 0.07336426 -0.04269409 0.4084473 0.0453186 -0.04309082 0.4094238 0.04937745 -0.04476929 0.3791504 0.0869751 0.002035141 0.3815918 0.0994873 -0.02919007 0.3632812 0.08312989 0.04101562 0.3813477 0.07818604 0.0777588 0.3520508 0.06671143 0.07092285 0.3713379 0.08312989 0.04101562 0.3813477 0.04522705 0.08721925 0.3620605 0.06671143 0.07092285 0.3713379 0.07818604 0.0777588 0.3520508 0 0.09667969 0.3547363 0.04522705 0.08721925 0.3620605 0.02658081 0.1000366 0.3354492 -0.05255128 0.0925293 0.3417969 -0.04522706 0.08721925 0.3620605 0 0.09667969 0.3547363 -0.05255128 0.0925293 0.3417969 -0.06884767 0.07318115 0.3708496 -0.04522706 0.08721925 0.3620605 -0.06884767 0.07318115 0.3708496 -0.1003418 0.04745483 0.369873 -0.08441164 0.04034424 0.3813476 -0.08142092 -0.02980042 0.3730469 -0.08441164 0.04034424 0.3813476 -0.1004639 -0.02941895 0.3632812 -0.08142092 -0.02980042 0.3730469 -0.1004639 -0.02941895 0.3632812 -0.06323243 -0.05764771 0.3615723 0.06195068 -0.05603027 0.3615723 0.0994873 -0.02919007 0.3632812 0.0869751 0.002035141 0.3815918 0.06195068 -0.05603027 0.3615723 0.02206421 -0.07611085 0.3491211 0.08953858 -0.1099854 0.2878418 -0.06323243 -0.05764771 0.3615723 -0.08953859 -0.1099854 0.2878418 -0.02206421 -0.07611085 0.3491211 -0.02482605 -0.05389404 0.3955078 -0.02496338 -0.05267334 0.3935547 -0.02482605 -0.0531311 0.3911133 -0.03546143 -0.06420898 0.3916016 -0.02482605 -0.05389404 0.3955078 -0.02482605 -0.0531311 0.3911133 -0.04315186 -0.04962159 0.4069825 -0.04318237 -0.05859375 0.4055176 -0.03411865 -0.05859375 0.4055176 -0.03417969 -0.0454712 0.3811035 -0.03417969 -0.05444336 0.3798828 -0.04324341 -0.05444336 0.3798828 -2.77571e-10 0.005760193 0.2473145 0.04522705 0.08721925 0.3620605 0 0.09667969 0.3547363 -2.77571e-10 0.005760193 0.2473145 0.06671143 0.07092285 0.3713379 0.04522705 0.08721925 0.3620605 -2.77571e-10 0.005760193 0.2473145 0.08312989 0.04101562 0.3813477 0.06671143 0.07092285 0.3713379 -2.77571e-10 0.005760193 0.2473145 0.0869751 0.002035141 0.3815918 0.08312989 0.04101562 0.3813477 -2.77571e-10 0.005760193 0.2473145 0 0.09667969 0.3547363 -0.04522706 0.08721925 0.3620605 -2.77571e-10 0.005760193 0.2473145 -0.04522706 0.08721925 0.3620605 -0.06884767 0.07318115 0.3708496 -2.77571e-10 0.005760193 0.2473145 0.06195068 -0.05603027 0.3615723 0.0869751 0.002035141 0.3815918 -2.77571e-10 0.005760193 0.2473145 -0.06884767 0.07318115 0.3708496 -0.08441164 0.04034424 0.3813476 -2.77571e-10 0.005760193 0.2473145 0.02206421 -0.07611085 0.3491211 0.06195068 -0.05603027 0.3615723 -2.77571e-10 0.005760193 0.2473145 -0.08441164 0.04034424 0.3813476 -0.08142092 -0.02980042 0.3730469 0.02206421 -0.07611085 0.3491211 -2.77571e-10 0.005760193 0.2473145 -0.02206421 -0.07611085 0.3491211 -2.77571e-10 0.005760193 0.2473145 -0.08142092 -0.02980042 0.3730469 -0.06323243 -0.05764771 0.3615723 -2.77571e-10 0.005760193 0.2473145 -0.06323243 -0.05764771 0.3615723 -0.02206421 -0.07611085 0.3491211 -0.04885865 -0.03634644 0.4106446 -0.01963806 -0.05541993 0.3779297 -0.05453492 -0.03729248 0.380127 -0.01963806 -0.05914307 0.4077148 -0.04885865 -0.03634644 0.4106446 -0.05453492 -0.03729248 0.380127 -0.06506348 -0.02137756 0.3820801 -0.05819703 -0.02223206 0.4123535 0.05566407 -0.02110291 0.4125977 0.06216431 -0.0202179 0.3823242 0.06280518 0.03405762 0.4194336 0.04983521 0.06054688 0.3925782 0.06280518 0.03405762 0.4194336 0.02697754 0.07586671 0.3945313 0 0.07403565 0.3942872 0.02413941 0.06542969 0.4233399 -0.02409363 0.06915284 0.3935547 0 0.07757569 0.4248047 -0.04980469 0.05682373 0.4221192 0 0.07403565 0.3942872 0 0.07757569 0.4248047 0.02413941 0.06542969 0.4233399 0.02697754 0.07586671 0.3945313 0.04458618 0.05166627 0.4216309 0.04983521 0.06054688 0.3925782 0.06280518 0.03405762 0.4194336 0.02658081 0.1000366 0.3354492 0.04522705 0.08721925 0.3620605 0.07818604 0.0777588 0.3520508 -0.05255128 0.0925293 0.3417969 0 0.09667969 0.3547363 -0.1003418 0.04745483 0.369873 -0.06884767 0.07318115 0.3708496 -0.08441164 0.04034424 0.3813476 -0.1004639 -0.02941895 0.3632812 0.02206421 -0.07611085 0.3491211 -0.02206421 -0.07611085 0.3491211 -0.04797363 -0.1401367 0.2490235 0.04797363 -0.1401367 0.2490235 -0.04797363 -0.1401367 0.2490235 0.02206421 -0.07611085 0.3491211 0.08953858 -0.1099854 0.2878418 0.04769897 -0.1447754 0.1757813 -0.08953859 -0.1099854 0.2878418 -0.02206421 -0.07611085 0.3491211 0.0994873 -0.02919007 0.3632812 0.06195068 -0.05603027 0.3615723 0.137085 -0.03092957 0.3632812 0.1428223 0.006988526 0.3740235 0.1246338 -0.07391357 0.3044434 0.1330567 -0.05160522 0.2524414 0.1390381 -0.003618241 0.2213135 0.145752 -0.003286362 0.2329102 0.116272 -0.09307861 0.2390137 0.1311035 -0.05703736 0.2294922 0.08630371 -0.1268311 0.1751709 0.1307373 -0.05999756 0.1721191 0.1386719 -0.006946564 0.1707764 0.1376953 -0.05096436 0.107605 0.1447754 0.001389504 0.1054687 0.04916382 -0.137207 0.1109009 0.1489258 -0.04824829 0.04483032 0.1524658 0.00730896 0.03912354 0.08923341 -0.117981 0.1101685 0.09362793 -0.1185303 0.04669189 8.31035e-16 -0.1459961 0.04660034 -0.04916382 -0.137207 0.1109009 0.1000977 -0.1241455 -0.0239563 0.1784668 -0.05078125 -0.0847168 0.1806641 0.005706787 -0.08392334 0.1767578 0.00365448 -0.09008789 0.1713867 -0.05044556 -0.08770752 0.1448975 -0.1033936 -0.09210205 0.1110229 -0.1318359 -0.0871582 0.1067505 -0.1274414 -0.09002686 0.05950928 -0.1420898 -0.09521484 -2.60382e-15 -0.1456299 -0.09161377 -2.68709e-15 -0.1491699 -0.09454346 -0.05950928 -0.1420898 -0.09521484 -0.1067505 -0.1274414 -0.09002686 -0.1110229 -0.1318359 -0.0871582 -0.1448975 -0.1033936 -0.09210205 -0.1000977 -0.1241455 -0.0239563 -0.1784668 -0.05078125 -0.0847168 -0.1713867 -0.05044556 -0.08770752 -0.1767578 0.00365448 -0.09008789 -0.1806641 0.005706787 -0.08392334 -0.1524658 0.00730896 0.03912354 -0.1489258 -0.04824829 0.04483032 -0.1447754 0.001389504 0.1054687 -0.09362793 -0.1185303 0.04669189 -0.1376953 -0.05096436 0.107605 -0.1386719 -0.006946564 0.1707764 -0.08923341 -0.117981 0.1101685 -0.1307373 -0.05999756 0.1721191 -0.1390381 -0.003618241 0.2213135 -0.08630371 -0.1268311 0.1751709 -0.1311035 -0.05703736 0.2294922 -0.1330567 -0.05160523 0.2524414 -0.145752 -0.003286362 0.2329102 -0.04769897 -0.1447754 0.1757813 -0.116272 -0.09307861 0.2390137 -0.1246338 -0.07391358 0.3044434 -0.1004639 -0.02941895 0.3632812 -0.06323243 -0.05764771 0.3615723 -0.137085 -0.03092957 0.3632812 -0.1428223 0.006988524 0.3740234 0 -0.1170044 0.3300781 -0.009849549 -0.08068848 0.3637696 -0.02378845 -0.1053467 0.3408203 0.02378845 -0.09088136 0.3542481 -0.009849549 -0.08068848 0.3637696 0 -0.07324219 0.3586426 -0.006645203 -0.06018067 0.4106446 -0.0078125 -0.06958009 0.4060059 0.006629944 -0.07000732 0.4082032 0.006629944 -0.06573486 0.3747559 0.006629944 -0.07000732 0.4082032 -0.0078125 -0.06591797 0.3769532 -0.006202698 -0.05209351 0.3764648 0.006629944 -0.06573486 0.3747559 0.008239746 -0.05245972 0.3786621 -0.006645203 -0.06018067 0.4106446 0.006629944 -0.07000732 0.4082032 0.008239746 -0.05612183 0.4077148 -0.006202698 -0.05209351 0.3764648 -0.006645203 -0.06018067 0.4106446 0.008239746 -0.05245972 0.3786621 -0.006202698 -0.05209351 0.3764648 -0.02574158 -0.09216309 0.3410645 -0.02378845 -0.1053467 0.3408203 -0.009849549 -0.08068848 0.3637696 0 -0.07324219 0.3586426 -0.009849549 -0.08068848 0.3637696 0.02574158 -0.09216309 0.3410645 0.02378845 -0.09088136 0.3542481 0.009849549 -0.1095581 0.3249512 -0.02378845 -0.1053467 0.3408203 0 -0.1170044 0.3300781 0.02378845 -0.09088136 0.3542481 0 -0.1170044 0.3300781 0.009849549 -0.1095581 0.3249512 -0.02409363 0.06915284 0.3935547 -0.04452515 0.05538941 0.3918457 -0.04980469 0.05682373 0.4221192 -0.04980469 0.05682373 0.4221192 -0.06964112 0.008605958 0.4160156 -0.06964112 0.01234436 0.3862305 -0.01963806 -0.05914307 0.4077148 -0.04885865 -0.03634644 0.4106446 -0.01963806 -0.05541993 0.3779297 -0.06506348 -0.02137756 0.3820801 -0.05453492 -0.03729248 0.380127 -0.05819703 -0.02223206 0.4123535 0.01387024 -0.06799316 0.4064942 0.04937745 -0.04476929 0.3791504 0.0453186 -0.04309082 0.4094238 0.01387024 -0.06427002 0.376709 0.04937745 -0.04476929 0.3791504 -0.01963806 -0.05541993 0.3779297 0.04736328 -0.05130005 0.4082032 0.04644776 -0.04605103 0.3764648 0.03942871 -0.04040527 0.4118653 0.0385437 -0.03515625 0.3803711 -0.04318237 -0.05859375 0.4055176 -0.04324341 -0.05444336 0.3798828 -0.03417969 -0.05444336 0.3798828 -0.03411865 -0.05859375 0.4055176 0.0385437 -0.03515625 0.3803711 0.0276947 -0.04431152 0.376709 0.02679443 -0.04702759 0.4086914 0.03942871 -0.04040527 0.4118653 0.02679443 -0.04702759 0.4086914 0.03469849 -0.0585022 0.409668 0.03942871 -0.04040527 0.4118653 0.04736328 -0.05130005 0.4082032 0.03561401 -0.05581665 0.3776856 0.03469849 -0.0585022 0.409668 0.04644776 -0.04605103 0.3764648 0.0276947 -0.04431152 0.376709 0.04644776 -0.04605103 0.3764648 0.0385437 -0.03515625 0.3803711 0.02679443 -0.04702759 0.4086914 0.0276947 -0.04431152 0.376709 0.03561401 -0.05581665 0.3776856 0.03469849 -0.0585022 0.409668 -0.05819703 -0.02223206 0.4123535 -0.06506348 -0.02137756 0.3820801 -0.06222535 0.008674622 0.4160156 -0.06964112 0.01234436 0.3862305 -0.04980469 0.05682373 0.4221192 -0.06222535 0.008674622 0.4160156 -0.06964112 0.01234436 0.3862305 -0.04452515 0.05538941 0.3918457 -0.04980469 0.05682373 0.4221192 -0.02409363 0.06915284 0.3935547 0 0.07025146 0.4240723 -0.04980469 0.05682373 0.4221192 0 0.07403565 0.3942872 0 0.07025146 0.4240723 0.02413941 0.06542969 0.4233399 0 0.07403565 0.3942872 0.04983521 0.06054688 0.3925782 0.04458618 0.05166627 0.4216309 -0.03671265 -0.04501343 0.373291 -0.0328064 -0.05325318 0.3771973 -0.01759338 -0.05249024 0.3771973 -0.0145874 -0.04391479 0.3735352 0.01135254 -0.04974365 0.3786621 -0.02114868 -0.04229737 0.3791504 -0.02114868 -0.04602051 0.4086914 0.01135254 -0.0534668 0.4084473 0.01135254 -0.0534668 0.4084473 0.05566407 -0.02110291 0.4125977 0.01135254 -0.04974365 0.3786621 0.03942871 -0.02978516 0.3811035 0.04525757 -0.03927612 0.3798828 0.06216431 -0.0202179 0.3823242 0.0453186 -0.04309082 0.4094238 0.05566407 -0.02110291 0.4125977 -0.06964112 0.01234436 0.3862305 -0.06506348 -0.02137756 0.3820801 -0.06964112 0.008605958 0.4160156 -0.05819703 -0.02223206 0.4123535 -0.2592773 0.06213379 0.3317871 -0.2612305 0.04074097 0.3681641 -0.2587891 0.04815674 0.3740235 -0.2597656 4.3273e-4 0.3918457 0.2612305 0.04074097 0.3681641 0.2592773 0.06213379 0.3317871 0.2587891 0.04815674 0.3740235 0.2597656 4.3273e-4 0.3918457 -5.05924e-4 0.07757569 0.4228516 -4.96388e-4 0.08081055 0.3969727 -0.02618408 0.07556152 0.3962402 -0.02618408 0.07232666 0.4221192 -0.04861451 0.05752564 0.4204102 -0.02693176 0.07537843 0.3962402 -0.04861451 0.06076051 0.3942871 -0.02693176 0.07214356 0.4221192 -0.04922486 0.06051636 0.3942871 -0.0637207 0.03884888 0.3916016 -0.04922486 0.0572815 0.4204102 -0.0637207 0.0355835 0.4177246 -0.06408691 0.03759766 0.3913575 -0.06958008 0.012146 0.3881836 -0.06958008 0.008895875 0.4143066 -0.06414795 0.03433228 0.4174805 0.02639771 0.0755005 0.3962402 7.10011e-4 0.08074952 0.3969727 0.02644349 0.07226563 0.4221192 7.5531e-4 0.07751466 0.4228516 0.04898072 0.06066895 0.3942871 0.02729798 0.07525636 0.3962402 0.02732849 0.07202149 0.4221192 0.04901124 0.05740357 0.4204102 0.0625 -0.01766968 0.3845215 0.065979 0.008117676 0.3876953 0.0625 -0.0209198 0.4106445 0.065979 0.004863739 0.4138184 0.06628418 0.01026154 0.3879395 0.06280518 0.03604126 0.3913575 0.06628418 0.007011414 0.4140625 0.06280518 0.0328064 0.4172363 0.06268311 0.037323 0.3913574 0.04974366 0.05993653 0.3942871 0.04974366 0.05667115 0.4204102 0.06268311 0.03405762 0.4174805 -0.171875 -4.27723e-4 0.3000488 -0.2612305 0.04074097 0.3681641 -0.2592773 0.06213379 0.3317871 -0.2597656 4.3273e-4 0.3918457 -0.171875 -4.27723e-4 0.3000488 -0.2585449 -0.0397644 0.3669434 -0.2553711 -0.06506348 0.3310547 -0.2529297 -0.06634521 0.2878418 -0.251709 -0.05001831 0.2536621 -0.251709 -0.01580811 0.237793 -0.2531738 0.02592468 0.2382812 -0.2548828 0.04946899 0.2587891 -0.2573242 0.06469727 0.2915039 -0.2592773 0.06213379 0.3317871 0.171875 -4.27723e-4 0.3000488 0.2592773 0.06213379 0.3317871 0.2612305 0.04074097 0.3681641 0.2597656 4.3273e-4 0.3918457 0.171875 -4.27723e-4 0.3000488 0.2585449 -0.0397644 0.3669434 0.2553711 -0.06506348 0.3310547 0.2529297 -0.06634521 0.2878418 0.251709 -0.05001831 0.2536621 0.251709 -0.01580811 0.237793 0.2531738 0.02592468 0.2382812 0.2548828 0.04946899 0.2587891 0.2573242 0.06469727 0.2915039 0.2592773 0.06213379 0.3317871 -0.02574158 -0.09216309 0.3410645 0 -0.07324219 0.3586426 0.02574158 -0.09216309 0.3410645 0.009849549 -0.1095581 0.3249512 -0.03665162 0.1067505 0.2440186 -0.05139161 0.1043091 0.2441406 -0.05126953 0.1068726 0.2531739 0 0.1096802 0.2440186 -0.05093384 0.1082153 0.2995605 -0.02801514 0.1045532 0.3227539 -0.05038453 0.1008301 0.3227539 0 0.1062012 0.3227539 0.05093384 0.1082153 0.2995605 0.02801514 0.1045532 0.3227539 0.05038453 0.1008301 0.3227539 0.05126954 0.1068726 0.2531739 0.03665162 0.1067505 0.2440186 0.05139161 0.1043091 0.2441407 -0.1004639 -0.02941895 0.3632812 -0.1003418 0.04745483 0.369873 -0.1428223 0.006988524 0.3740234 -0.138916 0.05291748 0.3642578 -0.1339112 0.07989502 0.3317871 -0.05255128 0.0925293 0.3417969 -0.09503176 0.09307862 0.2961426 -0.1308594 0.07061768 0.2629395 0 0.1130981 0.3005371 0.02658081 0.1000366 0.3354492 -0.1239624 0.06408691 0.2192383 -0.1375733 0.03857422 0.2347412 -0.1390381 -0.003618241 0.2213135 -0.145752 -0.003286362 0.2329102 -0.07720948 0.09051514 0.2198486 -0.1244507 0.05310059 0.170044 -0.1386719 -0.006946564 0.1707764 -0.1447754 0.001389504 0.1054687 0 0.1029053 0.2208252 -0.08422852 0.07861328 0.170166 0.07025146 0.1033325 0.2548828 -0.1295166 0.05310059 0.1033325 -0.1524658 0.00730896 0.03912354 -0.08978271 0.07495117 0.1030274 -0.1380615 0.05535889 0.03579712 -0.1621094 0.06292725 -0.08343506 -0.1806641 0.005706787 -0.08392334 -0.1767578 0.00365448 -0.09008789 -0.1589355 0.05917358 -0.08953857 -0.1073608 0.09552002 -0.08898926 -0.04748535 0.09326173 0.03295898 -0.0539856 0.1121216 -0.07958985 -2.40953e-15 0.1138306 -0.08477783 0.08978271 0.07495117 0.1030274 0.0539856 0.1121216 -0.07958985 0.05368042 0.1040039 -0.08343506 0.05014038 0.1015625 -0.02766419 0.1073608 0.09552002 -0.08898926 0.1057129 0.08984375 -0.08544922 0.1555176 0.05691528 -0.08624268 0.1089478 0.09802246 -0.08239746 0.1621094 0.06292725 -0.08343506 0.1767578 0.00365448 -0.09008789 0.1806641 0.005706787 -0.08392334 0.1524658 0.00730896 0.03912354 0.04748535 0.09326173 0.03295898 0.1380615 0.05535889 0.03579712 0.1295166 0.05310059 0.1033325 0.1447754 0.001389504 0.1054687 0.1244507 0.05310059 0.170044 0.1386719 -0.006946564 0.1707764 0.1390381 -0.003618241 0.2213135 0.1375733 0.03857422 0.2347412 0.145752 -0.003286362 0.2329102 0.1239624 0.06408692 0.2192383 0.1308594 0.07061768 0.2629395 0.08422852 0.07861328 0.170166 0.09558106 0.08508302 0.3352051 0.1339111 0.07989502 0.3317871 0.138916 0.05291748 0.3642578 0.07818604 0.0777588 0.3520508 0.1033325 0.0512085 0.3676758 0.08312989 0.04101562 0.3813477 0.1428223 0.006988526 0.3740235 0.0994873 -0.02919007 0.3632812 0.08312989 0.04101562 0.3813477 -0.2565918 -0.04733276 0.3728027 -0.2597656 4.3273e-4 0.3918457 -0.2585449 -0.0397644 0.3669434 -0.2553711 -0.06506348 0.3310547 -0.2529297 -0.07098389 0.3330078 -0.2529297 -0.06634521 0.2878418 -0.2224121 -0.04101562 0.3652344 -0.2504883 -0.07250977 0.2861328 -0.251709 -0.05001831 0.2536621 -0.2252198 0.002902985 0.3828125 -0.2597656 4.3273e-4 0.3918457 -0.2587891 0.04815674 0.3740235 -0.137085 -0.03092957 0.3632812 -0.1428223 0.006988524 0.3740234 -0.1577149 -0.06207275 0.3288574 -0.1246338 -0.07391358 0.3044434 -0.2233887 0.0506897 0.3676758 -0.2592773 0.06213379 0.3317871 -0.138916 0.05291748 0.3642578 -0.1339112 0.07989502 0.3317871 -0.1517334 -0.07116699 0.2858887 -0.1330567 -0.05160523 0.2524414 -0.2484131 -0.05401611 0.2492676 -0.251709 -0.01580811 0.237793 -0.2493896 -0.01637268 0.2315674 -0.1566162 -0.005329133 0.2359619 -0.1501465 -0.05041504 0.251709 -0.145752 -0.003286362 0.2329102 -0.2556152 0.07208252 0.2912598 -0.2592773 0.06213379 0.3317871 -0.2573242 0.06469727 0.2915039 -0.2592773 0.06213379 0.3317871 -0.2211914 0.07202148 0.2924805 -0.2524414 0.05535889 0.2543945 -0.2548828 0.04946899 0.2587891 -0.15625 0.07751465 0.2937012 -0.1308594 0.07061768 0.2629395 -0.2507324 0.02923584 0.232544 -0.2531738 0.02592468 0.2382812 -0.2176514 0.03198242 0.2344971 -0.2493896 -0.01637268 0.2315674 -0.251709 -0.01580811 0.237793 -0.1566162 -0.005329133 0.2359619 -0.1539307 0.03845215 0.2365723 -0.145752 -0.003286362 0.2329102 -0.1375733 0.03857422 0.2347412 0.2597656 4.3273e-4 0.3918457 0.2565918 -0.04733276 0.3728027 0.2585449 -0.0397644 0.3669434 0.2553711 -0.06506348 0.3310547 0.2529297 -0.07098389 0.3330078 0.2529297 -0.06634521 0.2878418 0.2224121 -0.04101563 0.3652344 0.2504883 -0.07250977 0.2861328 0.251709 -0.05001831 0.2536621 0.2200928 -0.06689453 0.3288574 0.2252197 0.002902985 0.3828125 0.2597656 4.3273e-4 0.3918457 0.2587891 0.04815674 0.3740235 0.137085 -0.03092957 0.3632812 0.1428223 0.006988526 0.3740235 0.2233887 0.0506897 0.3676758 0.2592773 0.06213379 0.3317871 0.138916 0.05291748 0.3642578 0.1577148 -0.06207275 0.3288574 0.1246338 -0.07391357 0.3044434 0.2225342 0.07055665 0.3317871 0.2592773 0.06213379 0.3317871 0.1339111 0.07989502 0.3317871 0.2556152 0.07208252 0.2912598 0.1517334 -0.07116699 0.2858887 0.1330567 -0.05160522 0.2524414 0.2484131 -0.05401611 0.2492676 0.251709 -0.01580811 0.237793 0.2493896 -0.01637268 0.2315674 0.1566162 -0.005329132 0.2359619 0.1501465 -0.05041504 0.251709 0.145752 -0.003286362 0.2329102 0.2592773 0.06213379 0.3317871 0.2573242 0.06469727 0.2915039 0.2524414 0.05535889 0.2543945 0.2548828 0.04946899 0.2587891 0.2507324 0.02923584 0.232544 0.2531738 0.02592468 0.2382812 0.2176514 0.03198242 0.2344971 0.2493896 -0.01637268 0.2315674 0.251709 -0.01580811 0.237793 0.1566162 -0.005329132 0.2359619 0.15625 0.07751466 0.2937012 0.1308594 0.07061768 0.2629395 0.1539307 0.03845215 0.2365723 0.145752 -0.003286362 0.2329102 0.1375733 0.03857422 0.2347412 -0.03546143 -0.06420898 0.3916016 -0.02482605 -0.0531311 0.3911133 -0.02365112 -0.05590821 0.3898926 -0.02279663 -0.05825806 0.390625 -0.0223999 -0.05963135 0.392334 -0.02275086 -0.05908203 0.3945313 -0.02365112 -0.05703735 0.3959961 -0.02482605 -0.05389404 0.3955078 -3.79833e-10 -0.03829956 0.001594543 -0.1713867 -0.05044556 -0.08770752 -0.1767578 0.00365448 -0.09008789 -0.1589355 0.05917358 -0.08953857 -0.1448975 -0.1033936 -0.09210205 -0.1073608 0.09552002 -0.08898926 -0.1067505 -0.1274414 -0.09002686 -2.40953e-15 0.1138306 -0.08477783 -2.60382e-15 -0.1456299 -0.09161377 0.05368042 0.1040039 -0.08343506 0.1067505 -0.1274414 -0.09002686 0.1057129 0.08984375 -0.08544922 0.1448975 -0.1033936 -0.09210205 0.1555176 0.05691528 -0.08624268 0.1713867 -0.05044556 -0.08770752 0.1767578 0.00365448 -0.09008789</float_array>
          <technique_common>
            <accessor source="#geom-Clt_TES066_M__M_TES066_M-positions-array" count="3590" stride="3">
              <param name="X" type="float"/>
              <param name="Y" type="float"/>
              <param name="Z" type="float"/>
            </accessor>
          </technique_common>
        </source>
        <source id="geom-Clt_TES066_M__M_TES066_M-normals">
          <float_array id="geom-Clt_TES066_M__M_TES066_M-normals-array" count="4548">0.9932036 -0.1155798 -0.01370907 0.9932035 -0.1155801 -0.01371205 0.9932036 -0.1155798 -0.01370907 0.9932036 -0.1155798 -0.01370907 -0.9932035 0.1155801 0.01371503 -0.9932037 0.1155794 0.01371205 -0.9932037 0.1155794 0.01371205 -0.9932036 0.1155794 0.01371503 -0.9932036 0.1155794 0.01371205 -0.9932036 0.1155798 0.01371205 -0.9932035 0.1155798 0.01371503 -0.9932036 0.1155798 0.01371205 0.8176343 0.5711707 0.07237493 0.8176343 0.5711703 0.07237791 0.8176343 0.5711707 0.07237493 0.8176343 0.5711703 0.07237791 0.8176345 0.57117 0.07237789 0.8176345 0.5711702 0.07237788 0.8176346 0.57117 0.0723779 0.8176346 0.5711702 0.07237491 -0.8176347 -0.5711701 -0.07237494 -0.8176343 -0.5711708 -0.07237493 -0.8176346 -0.5711707 -0.07237195 -0.8176343 -0.5711708 -0.07237493 0 0.9873302 0.1586794 0 0.9873301 0.1586794 -0.7062821 0.6984564 0.1154303 -0.7083837 0.6966428 0.1134961 -0.9999904 0.001956522 0.003916025 -0.9999962 -0.001957268 0.001958013 -0.7086933 -0.6969467 -0.1096308 -0.7065958 -0.6987668 -0.1115679 0 -0.9873297 -0.1586825 0 -0.9873301 -0.1586796 0.7062823 -0.6984562 -0.1154304 0.7083834 -0.6966426 -0.1134991 0.9999904 -0.001957267 -0.003913044 0.9999962 0.001956523 -0.001955033 0.7086932 0.6969475 0.1096279 0.7065963 0.6987668 0.111565 0 0.9873302 0.1586794 0 0.9873301 0.1586794 0.9968712 0.05875419 -0.0528753 0.9968711 0.05875418 -0.05287827 0.9971954 0.04106088 0.06257294 0.9971956 0.04106051 0.06256997 0.6413726 -0.08408275 0.7626083 0.6402194 -0.08418781 0.7635651 0.05875668 -0.1488503 0.9871126 0.05875668 -0.1488507 0.9871125 -0.05481974 -0.1527108 0.9867494 -0.05481969 -0.1527117 0.9867492 -0.6359479 -0.1487139 0.7572679 -0.6380548 -0.1487491 0.7554865 -0.996871 -0.05875451 0.05287825 -0.9968709 -0.05875414 0.05288123 -0.997316 -0.04106573 -0.06061792 -0.9971956 -0.04106087 -0.06256995 -0.6413728 0.08408235 -0.7626082 -0.6402212 0.08418797 -0.7635635 -0.05875698 0.1488495 -0.9871128 -0.0587564 0.1488503 -0.9871126 0.05481928 0.1527104 -0.9867495 0.05481951 0.1527117 -0.9867492 0.6359479 0.1487139 -0.7572678 0.6380545 0.1487491 -0.7554867 0.9968711 0.05875418 -0.05287827 0.9968711 0.05875418 -0.0528753 0.9974626 0.0567183 -0.0430286 0.9974627 0.05671791 -0.04302561 0.680824 0.1447729 -0.717997 0.6788141 0.1447614 -0.7198998 0.06065357 0.1545698 -0.9861183 0.0606543 0.1545707 -0.9861181 -0.07047515 0.1468225 -0.9866491 -0.07047517 0.1468233 -0.986649 -0.6831816 0.07634387 -0.726247 -0.6842253 0.07624201 -0.7252744 -0.9973158 -0.04106612 -0.06062092 -0.997316 -0.04106649 -0.06061795 -0.9975445 -0.05672312 0.04107951 -0.9975446 -0.05672313 0.04107653 0.117426 0.9902934 0.07436572 0.1174262 0.9902931 0.07436871 0.06266899 0.6306067 -0.7735683 0.06266904 0.6306067 -0.7735683 0.01565924 0.2544624 -0.966956 0.01565919 0.2544624 -0.966956 -0.01565365 -0.001956526 -0.9998757 -0.01565365 -0.001956898 -0.9998757 -0.06266551 -0.4171171 -0.9066898 -0.0626656 -0.4171171 -0.9066898 -0.1173668 -0.9780566 -0.1721354 -0.1173668 -0.978056 -0.1721383 -0.117426 -0.9902934 -0.0743657 -0.1174262 -0.9902934 -0.07436575 -0.06266885 -0.6306059 0.773569 -0.06266876 -0.6306059 0.773569 -0.01565919 -0.2544623 0.9669559 -0.01565919 -0.2544616 0.9669561 0.01565356 0.00195652 0.9998757 0.0156536 0.00195652 0.9998757 0.06266548 0.417116 0.9066903 0.06255437 0.4163775 0.9070374 0.1173667 0.9780555 0.1721411 0.1173667 0.9780561 0.1721382 0.117426 0.9902934 0.07436572 0.1174262 0.9902931 0.07436871 0.9932035 -0.1155809 -0.01370907 0.9932035 -0.1155809 -0.01370907 0.9932034 -0.1155809 -0.01370907 0.9932035 -0.1155809 -0.01371205 0.9932034 -0.1155809 -0.01370907 0.9932035 -0.1155809 -0.01371205 0.9932037 -0.1155798 -0.01370907 0.9932035 -0.1155805 -0.01371205 0.9932036 -0.1155798 -0.01370907 0.9932035 -0.1155801 -0.01371205 -0.9932037 0.1155794 0.01371205 -0.9932035 0.1155798 0.01371503 -0.9932036 0.1155798 0.01371503 -0.9932037 0.1155798 0.01371205 -0.9932036 0.1155798 0.01371503 -0.9932036 0.1155801 0.01371205 -0.9932036 0.1155794 0.01371503 -0.9932036 0.1155794 0.01371205 -0.5741045 0.8170708 0.05290807 -0.574105 0.8170708 0.05290212 -0.5751606 0.8040511 0.1506388 -0.5751606 0.8040507 0.1506417 -0.3111038 0.3326268 0.8902662 -0.3111033 0.3326265 0.8902664 -0.07443441 -0.01958789 0.9970335 -0.07443464 -0.01958832 0.9970335 0.07432657 -0.2308035 0.9701573 0.07432694 -0.2308039 0.9701573 0.3109137 -0.5455658 0.7782614 0.3109129 -0.5455647 0.7782623 0.5741049 -0.8170708 -0.05290508 0.5741052 -0.8170705 -0.05290508 0.5751604 -0.8040512 -0.1506388 0.5751608 -0.804051 -0.1506387 0.3111044 -0.3326277 -0.8902656 0.3111032 -0.3326252 -0.890267 0.07443465 0.01958795 -0.9970335 0.07443523 0.019588 -0.9970335 -0.0743268 0.2308039 -0.9701573 -0.07432658 0.2308032 -0.9701574 -0.3109144 0.5455667 -0.7782604 -0.3109144 0.5455667 -0.7782604 -0.5741051 0.8170709 0.05290212 -0.5741045 0.8170708 0.05290807 -0.8176348 -0.5711702 -0.07237495 -0.8176346 -0.5711707 -0.07237195 -0.8176344 -0.5711706 -0.0723749 -0.8176348 -0.5711704 -0.07237196 -0.8176346 -0.5711707 -0.07237199 -0.8176343 -0.5711708 -0.07237493 -0.8176346 -0.5711707 -0.07237199 -0.8176345 -0.5711706 -0.07237495 -0.8176346 -0.5711706 -0.07237198 -0.8176343 -0.5711707 -0.07237493 -0.8176347 -0.5711702 -0.07237495 -0.001958759 -0.13319 0.9910886 0 -0.1233121 0.992368 0 -0.1233121 0.9923679 0 -0.1233121 0.992368 0 -0.1233122 0.992368 0 -0.1271644 0.9918816 0 -0.1271648 0.9918816 0 -0.1271644 0.9918816 0 -0.1271644 0.9918816 0 -0.1271644 0.9918817 0 -0.1271651 0.9918815 0.6816913 0.7247867 0.0999063 0.6816915 0.7247869 0.09990335 0.7904085 0.6065015 0.08608401 0.7922086 0.6044256 0.08411405 0.6141477 0.7823535 0.1036614 0.612927 0.7832936 0.1037865 0.4522344 0.884891 0.1115889 0.4561277 0.8828908 0.1115858 0.7610751 0.6436852 0.08021297 0.7628535 0.6415789 0.08019508 0.9588325 0.2817791 0.03522635 0.9588325 0.2817793 0.03522337 0.9998067 -0.0195656 -0.001955033 0.9998067 -0.01956569 -0.001955033 0.925551 -0.3756994 -0.04696252 0.9255511 -0.3756993 -0.04695954 0.7063147 -0.7024017 -0.08804203 0.7063143 -0.7024018 -0.08804496 0.3877331 -0.9145021 -0.1155376 0.3877331 -0.9145021 -0.1155376 0 -0.9921264 -0.1252412 0 -0.9921264 -0.1252413 -0.3877333 -0.9145021 -0.1155376 -0.3877333 -0.9145021 -0.1155376 -0.7324185 -0.6756272 -0.08420943 -0.7324187 -0.6756269 -0.08420946 -0.9489306 -0.3130492 -0.03913045 -0.9489306 -0.3130492 -0.03912747 -0.9975314 -0.06845804 -0.01564622 -0.9973711 -0.07235838 -0.003910066 -0.9846973 0.1076706 0.1370341 -0.9846969 0.1076706 0.137037 -0.9963818 0.08221632 0.02153516 -0.9950137 0.09401704 -0.03329516 -0.974851 0.1585598 -0.1566022 0.003912308 0.1271642 -0.991874 0 0.1310107 -0.9913809 0.03521877 0.1213087 -0.9919899 0.02938269 0.1292833 -0.9911724 0.005865851 0.131009 -0.9913639 0 0.1271636 -0.9918818 -0.001956362 0.127163 -0.9918799 -0.0019569 0.1252386 -0.9921247 -0.001956241 0.1271638 -0.9918799 -0.001956888 0.1252382 -0.9921248 -0.003911744 0.1290874 -0.9916255 0.003914912 0.1370334 -0.9905587 0.02349797 0.1468626 -0.9888778 0.1172974 0.1642148 -0.9794258 0.1310931 0.1604422 -0.978301 0.4027588 -0.02346149 -0.9150054 0.3834928 -0.007826482 -0.9235107 0.7555951 -0.4482673 -0.4776322 0.7609892 -0.4597233 -0.4577664 0.8025343 -0.5950501 -0.04306139 0.8025343 -0.5950501 -0.04305841 0.08413462 0.07043821 0.9939617 0.07822628 0.05475843 0.9954306 0.001955779 -0.1290881 0.9916312 0.001956146 -0.1290877 0.9916313 0.005866223 -0.131009 0.9913639 0.003911756 -0.1290878 0.9916255 0.001956427 -0.1271638 0.9918798 0.001956433 -0.1271649 0.9918798 0 -0.1271655 0.9918815 0 -0.1271647 0.9918816 -0.005867689 -0.1290858 0.9916161 -0.007829146 -0.1233083 0.9923376 -0.05672074 -0.09779376 0.993589 0.08407246 -0.08016258 0.9932299 0.03329549 0.1997721 -0.9792765 0.07822467 0.3070328 -0.9484786 0.4087362 0.8878762 -0.211212 0.4090707 0.8886038 -0.2074718 0.4326363 0.8946368 0.1115829 0.4325407 0.8944393 0.11352 0.40298 0.811828 0.4225429 0.4026466 0.8111567 0.4241467 0.07822628 0.05475843 0.9954306 0.08413462 0.07043821 0.9939617 0.8025343 -0.5950501 -0.04306139 0.8025343 -0.5950501 -0.04305841 0.7359596 -0.5578411 0.3836364 0.7266092 -0.5503433 0.4112923 0.2917704 -0.2604393 0.9203485 0.2623614 -0.2427821 0.9339291 0.04113304 -0.1410268 0.9891509 0.03324342 -0.1407957 0.9894804 -0.001956151 -0.1290881 0.9916312 0.001956146 -0.1290877 0.9916313 0.001956894 -0.1252383 0.9921249 0.003911756 -0.1290878 0.9916255 0.001956433 -0.1271649 0.9918798 0.001956807 -0.1252393 0.9921247 0 -0.1271655 0.9918815 0 -0.1271651 0.9918817 -0.005867689 -0.1290858 0.9916161 -0.02738588 -0.1251916 0.9917545 -0.03523511 -0.1174503 0.9924535 -0.1701866 0.9761242 0.1349747 -0.1701857 0.976124 0.1349776 -0.02935157 0.9901396 0.1369745 -0.02152919 0.9903365 0.1370042 0.240837 0.9613896 0.1331449 0.2307103 0.9638967 0.1329512 0.4930428 0.8628272 0.1115262 0.4697692 0.8769019 0.1017838 0.4930436 0.8628271 0.1115233 0.9974626 0.0567183 -0.0430286 0.9973156 0.04106648 0.06062388 0.9974628 0.05671792 -0.04302561 0.9973158 0.04106574 0.0606209 0.684222 -0.07624207 0.7252775 0.6831828 -0.07634368 0.7262457 0.07047514 -0.1468225 0.986649 0.07047493 -0.1468228 0.986649 -0.0606543 -0.1545707 0.9861181 -0.06065394 -0.1545702 0.9861182 -0.6788172 -0.1447616 0.7198968 -0.6808241 -0.1447728 0.7179968 -0.9975446 -0.05672313 0.04107653 -0.9975445 -0.05672312 0.04107951 0 -0.7339786 -0.6791727 0.3835236 -0.6770368 -0.628117 0 -0.7339792 -0.6791719 0.3835241 -0.6770384 -0.6281149 0.7065371 -0.5186492 -0.4814648 0.7065381 -0.5186499 -0.4814626 0.9240309 -0.2799508 -0.2603737 0.9240309 -0.2799508 -0.2603737 1 0 0 1 0 0 0.9240314 0.2799495 0.2603738 0.9240311 0.2799501 0.2603738 0.7065378 0.5186505 0.4814624 0.7065392 0.5186507 0.4814603 0.5009862 0.6340616 0.589049 0.4849665 0.6414075 0.5944778 0.2094395 0.7164004 0.6655115 0.2193323 0.7343709 0.642334 0.228794 0.6844269 0.6922523 0 0.733002 0.6802266 0 0.7330024 0.6802261 -0.001956701 0.7905079 0.6124489 0 0.6791739 0.7339774 -0.2193322 0.7343709 0.642334 -0.2287945 0.6844284 0.6922507 -0.4849665 0.6414075 0.5944778 -0.5009862 0.6340616 0.589049 -0.2094399 0.7164018 0.6655099 -0.7065378 0.5186504 0.4814623 -0.7065391 0.5186506 0.4814602 -0.9240314 0.2799495 0.2603738 -0.9240311 0.2799501 0.2603738 -1 0 0 -1 0 0 -0.9240309 -0.2799508 -0.2603737 -0.9240309 -0.2799508 -0.2603737 -0.7065371 -0.5186492 -0.4814649 -0.7065381 -0.5186499 -0.4814626 -0.3835241 -0.6770384 -0.6281148 -0.3835236 -0.6770368 -0.628117 0 -0.7339786 -0.6791727 0 -0.7339792 -0.6791719 0.8176346 0.5711702 0.07237491 0.8176345 0.5711704 0.07237494 0.8176346 0.57117 0.0723779 0.8176345 0.5711701 0.07237792 0.8176345 0.5711704 0.07237494 0.8176343 0.5711707 0.07237493 0.8176343 0.5711703 0.07237791 0.8176343 0.5711707 0.07237493 0.8176345 0.5711704 0.07237494 0 0.1271644 -0.9918817 0 0.1271644 -0.9918816 0 0.1271644 -0.9918817 0 0.1271644 -0.9918816 0 0.1271644 -0.9918816 0 0.1271644 -0.9918816 0 0.123312 -0.992368 0 0.123312 -0.992368 0.03329549 0.1997721 -0.9792766 0 0.1233123 -0.992368 -0.005872923 0.1370323 -0.9905492 -0.005872551 0.1370326 -0.9905492 0.07822467 0.3070328 -0.9484786 -0.005865834 0.1310086 -0.9913639 -0.005875529 0.1331877 -0.9910734 0.003914912 0.1370335 -0.9905587 -0.003911744 0.1290874 -0.9916255 -0.001956334 0.1271634 -0.9918799 -0.001956241 0.1271638 -0.9918798 -0.001956362 0.127163 -0.9918799 -0.001956369 0.1271638 -0.9918799 0.005865851 0.131009 -0.9913638 0.007830839 0.12138 -0.9925752 0.05869205 0.09390736 -0.9938494 -0.07436608 0.07828006 -0.9941539 -0.8765781 -0.4774224 -0.06065368 -0.9922463 -0.1232974 -0.01566112 -0.8765783 -0.4774221 -0.06065369 -0.9945082 -0.1037579 -0.01370311 -0.6700102 0.7366195 0.09207725 -0.6679614 0.7384793 0.09206534 0.2719818 0.9548719 0.1193554 0.285653 0.9508719 0.1193523 0.3641736 0.9241393 0.1155168 0.3641733 0.9241391 0.1155197 -0.1233287 0.9846727 0.1233279 -0.1233287 0.9846723 0.123331 -0.583024 0.8060601 0.1017362 -0.5830241 0.80606 0.1017362 -0.700556 0.708384 0.08610192 -0.6943906 0.713951 0.08997622 -0.8082502 0.5792786 0.105679 -0.7976409 0.5845454 0.1485795 -0.816183 0.573481 0.07046162 -0.8155894 0.5750203 0.06454292 -0.7981167 0.6024996 0.001952051 -0.02151692 0.1408407 -0.9897985 0 0.1310107 -0.9913809 0.003912308 0.1271642 -0.991874 -0.01956222 0.140846 -0.9898383 -0.003910795 0.131009 -0.9913735 -0.003911186 0.1290874 -0.9916255 0 0.1233125 -0.992368 0 0.1233125 -0.992368 0 0.1233124 -0.9923679 0 0.1233124 -0.9923679 0 0.1271644 -0.9918816 0 0.1271648 -0.9918816 0 0.1271644 -0.9918817 0 0.1271644 -0.9918817 0 0.1271644 -0.9918816 0 0.1271644 -0.9918816 0 0.127164 -0.9918818 0 0.1271651 -0.9918815 0 0.1271644 -0.9918817 0 0.1271644 -0.9918817 0 -0.1271644 0.9918817 0 -0.1271651 0.9918815 0 -0.127164 0.9918818 0 -0.1271644 0.9918817 0 -0.1271651 0.9918817 0 -0.1271644 0.9918816 0 -0.1271644 0.9918817 0 -0.1271644 0.9918817 0 -0.1271644 0.9918816 0 -0.1271648 0.9918816 0 -0.1233117 0.992368 0 -0.1233118 0.992368 0 -0.1233121 0.992368 0 -0.1233123 0.992368 0.00391157 -0.1290878 0.9916255 0.003910818 -0.1310105 0.9913734 0.02151729 -0.140841 0.9897984 0.02151163 -0.1427568 0.989524 -0.003913041 -0.1271638 0.991874 0.001955408 -0.1310112 0.991379 -0.03523512 -0.1174503 0.9924536 -0.02738588 -0.1251916 0.9917545 0.7518417 -0.653946 -0.08419449 0.9214506 -0.3854053 -0.04890563 0.7518423 -0.6539458 -0.08419153 0.9214504 -0.3854051 -0.04890861 0.9999503 -0.009784199 -0.001958014 0.9999503 -0.009784386 -0.001958014 0.9508505 0.3071677 0.03913343 0.9508508 0.3071678 0.03912748 0.7314503 0.6766896 0.08409326 0.7314498 0.6766894 0.08409915 0.3877334 0.9145024 0.1155347 0.3877332 0.9145021 0.1155376 0 0.9921267 0.1252382 0 0.9921267 0.1252383 -0.3877332 0.9145021 0.1155376 -0.3877334 0.9145024 0.1155347 -0.7063146 0.7024015 0.08804499 -0.706315 0.7024016 0.08804206 -0.9255511 0.3756994 0.04695954 -0.925551 0.3756994 0.04696252 -0.999843 0.01760975 0.001960995 -0.999843 0.01760975 0.001960995 -0.9570701 -0.2877082 -0.03522634 -0.9570701 -0.2877082 -0.03522931 -0.7555796 -0.6498771 -0.08221564 -0.7546192 -0.6510059 -0.08210542 -0.457676 -0.8821017 -0.1114875 -0.4537899 -0.8841068 -0.1114905 -0.5689552 -0.8153074 -0.1075357 -0.5676315 -0.8162142 -0.107652 -0.4675445 -0.8764018 -0.1154213 -0.4660144 -0.8772026 -0.1155257 -0.1877968 -0.9741962 -0.1251966 -0.1877969 -0.9741966 -0.1251937 0.2503991 -0.9605159 -0.1212836 0.250399 -0.9605154 -0.1212865 0.484715 -0.867797 -0.1094519 0.4847151 -0.8677969 -0.109452 0.4340327 -0.893482 -0.1153499 0.4363783 -0.8923253 -0.1154542 0.06462596 -0.9889841 -0.1331687 0.05476066 -0.9896034 -0.1329899 -0.2173901 -0.9674885 -0.1292587 -0.2113804 -0.9688299 -0.1291782 -0.4461804 -0.8884473 -0.1076311 -0.4321544 -0.895596 -0.1055956 -0.4461797 -0.8884478 -0.1076311 -0.103822 0.9598656 -0.2605363 -0.1585028 0.9529728 -0.2583011 -0.1564789 0.9858181 -0.06063877 -0.1056173 0.9916257 -0.07432111 -0.1585598 0.982679 0.09592172 0 0.9649895 -0.2622886 -0.1055854 0.9913297 0.07821322 -0.156738 0.9404258 0.301716 -0.1036626 0.9466555 0.3051192 0 0.9970888 -0.07624924 0 0.9975181 0.07041097 0 0.9510052 0.3091751 0.1036628 0.9466554 0.3051192 0.1055854 0.9913297 0.07821322 0.1567376 0.9404259 0.301716 0.1585598 0.982679 0.09592172 0.1056173 0.9916257 -0.07432111 0.1564786 0.9858183 -0.0606358 0.103822 0.9598656 -0.2605363 0.1585024 0.9529726 -0.2583025 -0.07829372 -0.1898647 -0.9786835 -0.7374767 0.1173702 0.6650957 -0.7635831 -0.2408225 0.5991205 -0.09787387 0.2857888 -0.9532815 -0.729325 -0.5807217 0.3617284 0.0548004 -0.1780997 -0.9824853 -0.1349509 0.8097114 -0.5711005 -0.7298387 -0.6809231 0.06065673 0.01958458 0.2937537 -0.9556805 0.01564622 -0.1681832 -0.9856316 -0.02349016 0.820199 -0.5715958 -0.02937472 0.311388 -0.9498288 -0.391207 -0.1740874 -0.9036874 -0.6969067 0.307344 -0.6479667 -0.08612283 0.8201236 -0.565668 -0.4615843 0.8116841 -0.3579229 -0.1134649 0.9644502 -0.2386659 -0.2736854 0.9520352 -0.1368404 -0.1389981 0.9201369 0.3660979 -0.04500151 0.9724051 -0.2289176 -0.08212928 0.9542664 0.2874555 -0.03134302 0.5191304 0.8541202 -0.1624257 0.9667227 -0.197649 -0.7428836 -0.621677 -0.2482776 -0.041084 0.958618 0.2817155 0.005871074 0.5889779 0.8081279 0.05090833 -0.01566401 0.9985806 -0.1876922 0.9404266 0.2834949 0.05083697 0.5982873 0.7996674 -0.06064474 0.5888324 0.8059769 -0.7804755 -0.3794791 -0.4968437 0.07624644 -0.005865158 0.9970717 0.1427784 -0.01369094 0.98966 0.05480056 -0.02544365 0.9981731 -0.7988754 -0.02153819 -0.6011108 -0.7752377 0.3367194 -0.5344404 0.06459055 -0.6087212 0.7907507 -0.764113 0.5838597 -0.2742973 0.1546723 -0.5971549 0.7870721 -0.007832048 -0.9436455 0.3308653 -0.7452824 0.6611704 0.0860692 0.08028123 -0.5854561 0.8067194 0.01371351 -0.5230629 0.8521838 0.09782459 -0.9293217 0.356078 -0.0762999 -0.9821092 -0.172162 -0.7689316 0.4617506 0.4421884 0.02346636 -0.9132376 0.4067512 -0.1604958 -0.8298905 0.5343434 -0.3443319 -0.8980052 0.2739015 0.0430435 -0.9841256 -0.172174 -0.08412303 -0.6827523 -0.725791 -0.7374767 0.1173702 0.6650957 -0.07829372 -0.1898647 -0.9786835 -0.01369119 -0.9896601 -0.142777 -0.5814876 -0.773358 -0.2525659 -0.7026935 -0.5343596 -0.4697677 0.0488892 -0.6472711 -0.7606905 0.05480041 -0.1780997 -0.9824854 0.01564622 -0.1681832 -0.9856316 0.02543185 -0.622105 -0.7825207 -0.391207 -0.1740874 -0.9036874 0.7635831 -0.2408225 0.5991205 0.7374767 0.1173701 0.6650957 0.07829372 -0.1898647 -0.9786835 0.09787387 0.2857888 -0.9532815 0.729325 -0.5807217 0.3617284 -0.0548004 -0.1780998 -0.9824853 0.1349509 0.8097114 -0.5711005 0.7298403 -0.6809214 0.06065661 -0.01958458 0.2937537 -0.9556805 -0.01564473 -0.1681833 -0.9856316 0.02349016 0.820199 -0.5715958 0.02937467 0.3113875 -0.9498289 0.3912075 -0.1740876 -0.903687 0.6969072 0.3073446 -0.6479658 0.08612427 0.8201237 -0.5656676 0.4615852 0.8116838 -0.3579224 0.1134649 0.9644502 -0.2386659 0.2736865 0.9520345 -0.1368432 0.1389994 0.9201369 0.3660974 0.04500147 0.9724051 -0.2289174 0.08212915 0.9542664 0.287455 0.03134302 0.5191304 0.8541202 0.1624257 0.9667227 -0.197649 0.7428834 -0.6216772 -0.2482775 0.041084 0.958618 0.2817155 -0.005869585 0.5889776 0.8081281 -0.05090848 -0.01566405 0.9985805 0.1876922 0.9404266 0.2834949 -0.05083547 0.5982876 0.7996673 0.06064474 0.5888324 0.8059769 0.7804755 -0.3794791 -0.4968437 -0.07624644 -0.005865158 0.9970717 -0.1427769 -0.01369097 0.9896603 -0.05480056 -0.02544365 0.9981731 0.7988754 -0.02153818 -0.6011108 0.7752377 0.3367194 -0.5344404 -0.06459054 -0.6087214 0.7907505 0.7641131 0.5838595 -0.2742974 -0.1546709 -0.5971551 0.7870723 0.007832048 -0.9436455 0.3308653 0.7452837 0.6611689 0.08606901 -0.08027827 -0.5854563 0.8067196 -0.01368816 -0.5221903 0.8527192 -0.09782452 -0.9293218 0.3560777 0.07629985 -0.9821094 -0.1721619 0.7689316 0.4617506 0.4421884 -0.02346636 -0.9132376 0.4067512 0.1604974 -0.829892 0.5343408 0.3443322 -0.8980054 0.2739011 -0.04304347 -0.9841257 -0.1721739 0.08412301 -0.6827525 -0.7257909 0.7374768 0.1173701 0.6650958 0.07829372 -0.1898647 -0.9786835 0.01369119 -0.9896601 -0.142777 0.5814867 -0.7733596 -0.2525632 0.7026939 -0.5343601 -0.4697665 -0.0488877 -0.6472711 -0.7606905 -0.05480041 -0.1780998 -0.9824854 -0.01564473 -0.1681833 -0.9856316 -0.02543035 -0.6221055 -0.7825204 0.3912075 -0.1740876 -0.903687 -0.8268737 -0.03909567 0.5610272 0.4504765 -0.1155568 0.8852783 -0.8158387 -0.1212993 0.5654147 0.4209984 0.1801485 0.8889921 0.4364903 -0.07633677 0.8964648 -0.7303766 -0.3054657 0.6109344 0.4618669 0.2681182 0.8454535 0.3891586 0.7450704 0.5416879 0.350366 0.7888131 0.5049928 0.254401 0.8688771 0.4246559 -0.4967035 -0.5847023 0.6414117 0.2602448 0.8746583 0.4089566 -0.2720899 -0.6968641 0.6635869 0.1174484 0.9239282 0.3640915 0.1193829 0.9472352 0.297478 0 0.9571231 0.2896818 0 0.9380085 0.3466123 0 -0.7461129 0.6658195 0.2720899 -0.6968641 0.6635869 -0.1174484 0.9239282 0.3640915 -0.1193831 0.9472352 0.297478 -0.2602455 0.8746593 0.4089541 -0.2541889 0.8681539 0.4262591 0.4967037 -0.5847022 0.6414115 -0.3520817 0.7882703 0.5046468 0.7240821 -0.3170298 0.6125335 -0.3876486 0.743972 0.544274 -0.4730662 0.2639001 0.8405743 -0.4186539 0.1799815 0.8901323 0.8116094 -0.1232081 0.5710605 -0.4340076 -0.08015459 0.8973364 -0.4464631 -0.1174908 0.8870551 0.8270519 -0.03323846 0.5611421 -0.2230479 -0.4265303 0.8765396 0.8066531 0.1057263 0.5814918 -0.3953265 -0.4540378 0.7984777 -0.2875298 -0.6513424 0.7021964 0.7105495 0.3425513 0.6146365 -0.3089378 -0.6080983 0.7312823 0.4873016 0.5812395 0.6516885 -0.1407605 -0.6842498 0.7155339 -0.1781011 -0.7026173 0.6889187 -0.02348964 -0.6870669 0.7262143 0.2251558 0.7204978 0.6558871 -0.03522876 -0.7202349 0.6928353 0 0.7469783 0.6648483 0 -0.6922879 0.7216215 0 -0.7158527 0.6982514 0.03522876 -0.7202349 0.6928353 0.02348947 -0.6870664 0.7262148 -0.2251558 0.7204978 0.6558871 0.1974698 -0.6823463 0.7038531 -0.5186994 0.557847 0.6478872 0.1839651 -0.6751917 0.714334 0.2877578 -0.6420729 0.7105898 0.3325348 -0.6161676 0.7139735 -0.7181635 0.3444055 0.6046701 0.3975469 -0.4778398 0.7833427 0.2172849 -0.436527 0.8730587 -0.8061343 0.1213114 0.579164 0.4504765 -0.1155568 0.8852783 0.4364902 -0.07633676 0.8964647 -0.8268737 -0.03909567 0.5610272 -0.279755 0.6847153 -0.67298 0.01370924 0.1331775 -0.9909974 -0.2739552 0.6711904 -0.6888047 0.02151456 0.02542631 -0.9994453 0.2953981 -0.4636388 -0.8353316 -0.2444941 0.6748034 -0.6963211 0.2310517 -0.4875584 -0.8419632 0.05868054 -0.1799537 -0.9819232 -0.08210181 0.6998167 -0.7095885 0.4479387 -0.8724046 -0.1956046 -0.1077443 -0.3447826 -0.9324785 0.4342202 -0.8801766 -0.1916825 0.2387751 -0.9570577 -0.1643987 0.2329454 -0.7321143 0.6401135 0.3053936 -0.7067119 0.6381952 -0.541963 -0.1076098 -0.8334844 -0.3287977 0.7691506 -0.5479959 -0.4757554 0.8751543 0.08810165 0.01957634 -0.2818993 0.9592444 0.01956595 -0.1760957 0.9841787 -0.7952908 -0.5954877 -0.1136095 -0.3801932 0.5957661 0.7074715 -0.272123 0.4404867 0.8555236 -0.2700755 0.4188129 0.8669804 -0.2445838 0.42264 0.8726708 0.05286054 -0.4737863 0.8790519 -0.1037585 0.4385249 0.8927095 -0.1408284 -0.6141666 0.7765093 -0.1329727 -0.9777397 -0.1623064 -0.6091594 -0.3349393 0.7188467 -0.2193322 0.7343709 0.642334 -0.2094399 0.7164018 0.6655099 -0.5672848 0.6024945 0.5614164 -0.4988754 0.8314578 0.2445434 -0.7810592 0.4521918 0.4306611 -0.001956701 0.7905079 0.6124489 -0.5638329 0.8202985 -0.09593069 -0.8031991 -0.4153131 -0.4270671 0 0.9995696 -0.02933744 0.4974028 0.8322687 0.2447844 0.2193323 0.7343709 0.642334 0.5672848 0.6024945 0.5614164 0.2094395 0.7164004 0.6655115 0.780328 0.45568 0.4283036 0.5594513 0.8235275 -0.09389817 0.7846609 -0.4441844 -0.4324437 -0.001957054 0.9080734 -0.4188066 0.7257004 0.2855856 -0.6259391 -0.2232058 -0.6989872 -0.6794086 0.4344846 0.5382125 -0.7221844 -0.2328661 0.2446065 -0.9412444 -0.3502096 -0.6710729 -0.6534634 -0.3540918 0.2328006 -0.905772 0.6616657 0.7066901 -0.2505748 -0.2329257 0.9336601 -0.2720742 -0.3559105 0.897598 -0.260088 -0.3519248 0.6706126 0.6530143 -0.2250656 0.6986819 0.6791092 0.4343694 0.6437275 0.6300303 0.872532 0.3560546 0.3345343 0.8337957 0.5519482 0.0117451 0.4538868 0.774737 -0.4401925 0.552012 0.7575477 -0.3484313 0 0.8179433 -0.575299 0 0.586775 -0.80975 0 0.8259798 -0.5636997 -0.4465706 0.7775811 -0.4426538 -0.5481464 0.7576162 -0.3543351 -0.8396832 0.5421728 0.03131926 -0.4242293 0.5395724 -0.727249 -0.6570311 0.7117838 -0.2483427 -0.8607289 0.3560289 0.3638535 -0.7261037 0.2837865 -0.6262896 -0.4047377 0.6686965 0.6237246 0.2231455 0.2525057 -0.9415131 0.2481841 -0.691789 -0.6781097 0.2053582 0.940735 -0.269899 0.2095467 0.7030578 0.6795586 0.3462993 0.228909 -0.9097679 0.3639755 -0.6712021 -0.6457628 0.3308728 0.9064736 -0.2623527 0.3324523 0.6727273 0.6609942 -0.2094399 0.7164018 0.6655099 -0.2287945 0.6844284 0.6922507 -0.5672848 0.6024945 0.5614164 -0.4928212 0.3187694 0.8096378 0 0.6791739 0.7339774 -0.7810593 0.4521918 0.4306611 0 0.08417948 0.9964506 -0.5671882 -0.01760275 0.8234001 0.4925135 0.3205256 0.8091315 0.228794 0.6844269 0.6922523 0.2094395 0.7164004 0.6655115 0.5672848 0.6024945 0.5614164 0.780328 0.45568 0.4283036 0.5649275 -0.01954738 0.824909 0.7846609 -0.4441844 -0.4324437 0 -0.3191628 0.9476999 0.6765504 -0.6530863 0.3402321 -0.2232058 -0.6989872 -0.6794086 0.4107945 -0.6944389 0.5907643 -0.4241887 -0.6900399 0.5864375 -0.2307733 -0.934828 0.2698896 -0.3502096 -0.6710729 -0.6534634 -0.3520459 -0.8996729 0.2581713 0.6026068 -0.2797817 0.7473869 -0.2307903 -0.2483927 0.9407641 -0.353929 -0.2346492 0.9053584 -0.3519248 0.6706126 0.6530143 -0.2250656 0.6986819 0.6791092 0.4343694 0.6437275 0.6300303 0.872532 0.3560546 0.3345343 0.8323115 -0.00979155 0.5542217 0.4226004 -0.4734697 0.7728102 0.5279891 -0.4478128 0.7215894 0.001956027 -0.6689616 0.7432944 0.001957543 -0.7810606 0.6244521 0.00195464 -0.5981199 0.8014044 -0.4361034 -0.4713054 0.7666062 -0.538262 -0.4501829 0.7124671 -0.8352889 -0.01173765 0.5496861 -0.7021226 -0.6317148 0.3285733 -0.8031991 -0.4153131 -0.4270671 0.2481841 -0.691789 -0.6781097 -0.6188321 -0.2682917 0.7382861 -0.8607289 0.3560289 0.3638535 -0.4047377 0.6686965 0.6237247 0.2095467 0.7030578 0.6795586 0.2581685 -0.9270597 0.2718624 0.3639755 -0.6712021 -0.6457628 0.3717657 -0.8922371 0.2563267 0.355771 -0.2404391 0.9031147 0.2428759 -0.2389587 0.9401649 0.3324524 0.6727274 0.6609942 -0.007827981 -0.67712 -0.7358309 -0.5049993 -0.5519758 -0.6635498 -0.07050689 -0.9968882 0.0352532 -0.391639 -0.9164355 0.08224841 -0.8667644 -0.2797911 -0.4128394 -0.08422168 -0.6581035 0.7482022 -0.6261761 -0.7396709 0.2465575 -0.9963514 0.06851105 -0.05089342 -0.03133097 -0.6716585 0.7401981 -0.04893674 0.03131958 0.9983107 -0.7105867 -0.5148336 0.4795968 -0.8590431 0.3972337 0.3228781 0.005867732 -0.7002137 0.7139093 0.3267379 -0.06260842 0.9430389 0.007827976 0.6771204 0.7358306 -0.6215718 -0.3010134 0.7232147 -0.4908756 0.6199501 0.61213 0.01959278 -0.7366878 0.6759492 0.6006432 -0.268039 0.7532483 0.5050004 0.5519769 0.6635482 0.06255624 0.9911252 0.117293 0.6989047 -0.5305415 0.4796437 0.438541 0.8966596 0.06068946 0.08612133 0.8005369 -0.5930632 0.8667645 0.2797908 0.4128394 0.1370831 0.7872483 -0.6012058 0.05876077 0.1194804 -0.9910962 0.7118655 0.6903532 -0.1290739 -0.2623478 0.201655 -0.9436678 -0.007827982 -0.6771201 -0.735831 -0.5049993 -0.5519758 -0.6635498 0.1761514 0.7594084 -0.6263144 -0.4972124 0.3778031 -0.7810537 -0.8667644 -0.2797911 -0.4128394 0.8097719 0.4283579 -0.4009726 -0.5814439 0.6029785 -0.5462051 -0.9963514 0.06851105 -0.05089342 0.1898056 0.7220437 -0.6653021 -0.491387 0.8163683 -0.3034498 -0.8590431 0.3972337 0.3228781 0.1743015 0.6874139 -0.7050399 -0.2542373 0.9602342 -0.1153857 -0.4908756 0.6199501 0.61213 0.1369663 0.6633078 -0.7357058 0.7043068 0.1799897 -0.6866992 0.4267109 0.01174363 -0.9043118 0.07050687 0.9968883 -0.03525022 0.007827979 0.6771201 0.735831 0.08422183 0.6581051 -0.7482008 0.3916395 0.9164358 -0.08224254 0.5049994 0.5519756 0.66355 0.03133108 0.6716596 -0.7401971 0.04893659 -0.03131912 -0.9983107 -0.3267388 0.06260896 -0.9430386 0.6261769 0.7396712 -0.2465548 0.8667647 0.27979 0.4128395 -0.005867732 0.7002137 -0.7139093 0.7105868 0.5148332 -0.4795968 0.9963512 -0.06851105 0.05089639 -0.01959283 0.736689 -0.6759479 -0.6006417 0.2680383 -0.7532496 -0.6989068 0.5305427 -0.4796392 0.621572 0.3010127 -0.7232148 0.8590446 -0.3972351 -0.3228727 -0.00587367 0.7714087 -0.6363129 0.3836189 0.1565793 -0.9101206 0.4908774 -0.6199521 -0.6121265 0.05876077 0.1194804 -0.9910962 -0.007827981 -0.67712 -0.7358309 0.08612133 0.8005369 -0.5930632 0.0332615 0.7943634 -0.6065316 0.06255624 0.9911252 0.117293 -0.3149804 0.9488541 0.02152325 0.007827976 0.6771204 0.7358306 -0.5943475 0.7800809 -0.1955121 -0.4908754 0.6199503 0.6121299 -0.04893674 0.03131958 0.9983107 -0.8590429 0.3972344 0.322878 -0.4267087 -0.01174431 0.9043128 -0.08422168 -0.6581035 0.7482022 -0.9963515 0.06851106 -0.05089044 -0.7043082 -0.1799897 0.6866977 -0.1369663 -0.663308 0.7357056 -0.07050689 -0.9968882 0.0352532 -0.8667654 -0.2797918 -0.4128368 0.2542369 -0.960234 0.1153885 -0.007827982 -0.6771201 -0.735831 0.4908774 -0.6199521 -0.6121265 -0.1743015 -0.6874141 0.7050396 0.4913872 -0.816368 0.30345 0.8590446 -0.3972351 -0.3228727 -0.8097728 -0.4283584 0.40097 -0.1898054 -0.7220439 0.6653019 0.5814439 -0.6029785 0.5462051 0.9963512 -0.06851105 0.05089639 -0.7118659 -0.6903527 0.129074 -0.1761508 -0.7594057 0.6263179 0.4972137 -0.3778036 0.7810525 0.8667647 0.27979 0.4128395 -0.5049992 -0.5519761 -0.6635497 0.2623485 -0.2016567 0.9436672 0.5049994 0.5519756 0.66355 -0.007827975 -0.6771202 -0.7358308 -0.4385414 -0.8966597 -0.06068653 0.4908755 -0.6199501 -0.61213 -0.06255621 -0.9911255 -0.11729 -0.1370828 -0.7872469 0.6012076 -0.0861212 -0.8005353 0.5930653 0.3149805 -0.9488541 -0.02152026 0.8590435 -0.3972351 -0.3228753 -0.05876043 -0.11948 0.9910963 0.007827979 0.6771201 0.735831 -0.03326147 -0.7943621 0.6065332 -0.383621 -0.1565801 0.9101195 0.005873718 -0.7714087 0.636313 0.5943472 -0.780081 0.195512 0.9963514 -0.06851107 0.05089343 -0.05084867 -0.05084829 0.9974111 0.4364902 -0.07633676 0.8964647 0.2172849 -0.4365269 0.8730587 -0.05090848 -0.01566405 0.9985805 -0.01368816 -0.5221903 0.8527192 0.1759239 -0.6391917 0.7486553 0.1604974 -0.8298919 0.5343407 0.2877578 -0.6420729 0.7105898 0.3460177 -0.7369996 0.5806059 0.3443322 -0.8980054 0.2739011 0.1974698 -0.6823463 0.7038531 0.18201 -0.7515259 0.6340987 0.03522876 -0.7202349 0.6928353 0.4505702 -0.7973129 0.4015954 0 -0.7714216 0.6363245 0 -0.7158527 0.6982514 -0.03522876 -0.7202349 0.6928353 0.187831 -0.8471965 0.4969685 -0.1780927 -0.7573843 0.6282134 -0.1781011 -0.7026173 0.6889187 0 -0.8564557 0.5162207 -0.3443532 -0.7434921 0.5732716 -0.2875298 -0.6513424 0.7021964 -0.187831 -0.8471965 0.4969685 -0.2152479 -0.6398763 0.7377173 -0.2230479 -0.4265303 0.8765395 -0.4340076 -0.08015458 0.8973364 0.05279865 -0.05084334 0.99731 0.05090833 -0.01566401 0.9985806 0.01371351 -0.5230629 0.8521838 -0.1604958 -0.8298905 0.5343433 -0.3443319 -0.8980053 0.2739015 -0.4505696 -0.7973132 0.4015954 -0.7531335 -0.6514116 0.09194005 -0.5814876 -0.773358 -0.2525659 -0.7026935 -0.5343596 -0.4697677 -0.3912069 -0.1740874 -0.9036872 -0.9977223 0.03325742 -0.05868823 -0.9588676 -0.2837461 -0.007827582 -0.8443856 -0.5355612 0.01368225 -0.9555538 -0.2937158 0.02545566 -0.9978749 0.0489154 0.04304495 -0.8513896 -0.5245337 0 -0.5649051 -0.817057 0.1153262 -0.9545204 -0.2836182 0.09193268 -0.9892039 0.09010547 0.1155716 -0.8165347 -0.5756869 0.04307782 -0.9440347 -0.2814516 0.1719985 -0.9785709 0.1213427 0.1663573 -0.7786378 -0.6123468 0.1369469 -0.9320334 -0.2839181 0.2251761 -0.9669005 0.1272237 0.2211734 -0.7476289 -0.6321562 0.2035427 -0.945769 -0.2741359 0.1742713 -0.9761243 0.1349747 0.1701861 -0.4189251 0.05481241 -0.906365 -0.7539767 -0.6364735 0.1625449 -0.4637541 -0.1526278 -0.872718 0.4558085 -0.05868746 -0.8881409 0.4600152 0.1389835 -0.8769661 -0.3755481 -0.3129565 -0.8723657 0.4012628 0.3425411 -0.8495022 -0.4387536 -0.8892598 0.1292765 -0.2151013 -0.4966887 -0.8408519 0.2467758 0.5366406 -0.8069193 -0.4696851 -0.8708749 0.1448197 -0.09189551 -0.4946711 -0.8642082 0.101734 0.6475762 -0.755179 -0.1858126 -0.9799166 0.07236898 -2.14927e-14 0.6543339 -0.7562057 -0.215119 -0.9739035 0.0723585 -2.40922e-14 -0.5305266 -0.8476684 -0.5460302 -0.8337232 0.08219857 1.55805e-15 -0.9984963 0.05481993 0.09189551 -0.4946711 -0.8642082 -0.101734 0.6475762 -0.755179 -0.2467758 0.5366406 -0.8069193 0.2151013 -0.4966887 -0.8408519 -0.4012628 0.3425411 -0.8495022 0.1858126 -0.9799166 0.07236898 0.3755481 -0.3129565 -0.8723657 -0.4600152 0.1389835 -0.8769661 0.4387536 -0.8892598 0.1292765 -0.4558085 -0.05868746 -0.8881409 0.4189251 0.05481241 -0.906365 0.4637541 -0.1526278 -0.872718 0.7539767 -0.6364735 0.1625449 0.945769 -0.2741359 0.1742713 0.9761243 0.1349747 0.1701861 0.9669005 0.1272237 0.2211734 0.9320334 -0.2839181 0.2251761 0.9785709 0.1213427 0.1663573 0.7476289 -0.6321562 0.2035427 0.9440347 -0.2814516 0.1719985 0.9892039 0.09010547 0.1155716 0.4696851 -0.8708749 0.1448197 0.9545204 -0.2836182 0.09193268 0.9978749 0.0489154 0.04304495 0.7786378 -0.6123468 0.1369469 0.5460302 -0.8337232 0.08219857 0.215119 -0.9739035 0.0723585 0.8165347 -0.5756869 0.04307782 1.33601e-15 -0.9988946 0.04700718 0.2603526 -0.965067 0.02936309 0.5797539 -0.8147893 -0.001958014 -0.2603526 -0.965067 0.02936309 2.44273e-16 -0.9999062 0.01369787 0.2800724 -0.9596912 -0.02350282 -0.5797539 -0.8147893 -0.001958014 -0.2800724 -0.9596912 -0.02350282 -0.598766 -0.8003119 -0.03130735 0 -0.9997684 -0.02152101 -0.2388028 -0.9708707 -0.01957564 -0.1978971 -0.9659706 0.1665458 0 -0.9999923 0.003914526 0 -0.9850389 0.172332 0.1978971 -0.9659706 0.1665458 0.2388028 -0.9708707 -0.01957564 0.5649051 -0.817057 0.1153262 0.598766 -0.8003119 -0.03130735 0.8513896 -0.5245337 0 0.844386 -0.5355607 0.01368076 0.753133 -0.6514117 0.09194314 0.5814867 -0.7733596 -0.2525632 0.7026939 -0.5343601 -0.4697665 0.9588675 -0.283746 -0.007827568 0.9977222 0.03325741 -0.05868972 0.3912075 -0.1740876 -0.903687 0.9555538 -0.2937158 0.02545566 0.4558085 -0.05868746 -0.8881409 -0.4189251 0.05481241 -0.9063649 0.3660485 -0.2564303 -0.894568 -0.3561704 0.2641915 -0.8962955 -0.9761242 0.1349747 0.1701861 -0.1565762 0.397312 -0.9042274 0.2291656 -0.4171989 -0.8794477 0.1213778 -0.4757239 -0.8711798 -0.7927082 0.5891477 0.1565845 -0.9669005 0.1272237 0.2211734 -0.04111864 0.4405588 -0.8967816 -2.44405e-14 -0.4927656 -0.8701621 -0.4111454 0.9006046 0.1409642 -0.7713131 0.6009983 0.2094686 -0.978571 0.1213427 0.1663573 -0.1761009 0.9724688 0.1526207 -0.3953545 0.900313 0.1820199 -0.7767857 0.6124288 0.1467481 -0.7999734 0.592645 0.09388478 -0.9892039 0.09010547 0.1155716 -0.3753842 0.9189087 0.1212176 -0.8386163 0.5447084 -0.003920495 -0.997875 0.0489154 0.04304495 -0.9977223 0.03325742 -0.05868823 -0.3641844 0.9300397 0.04894958 -0.3912069 -0.1740874 -0.9036872 -0.6969067 0.307344 -0.6479667 -0.7763335 0.6120732 -0.150575 -0.4615843 0.8116841 -0.3579229 -0.3696745 0.9251672 -0.08606162 -0.4367524 0.8832972 -0.1703919 -0.2736854 0.9520352 -0.1368404 -0.3522283 0.9079697 -0.2269938 -0.3147663 0.9462571 0.07429425 -0.1389981 0.9201369 0.3660979 -0.2974954 0.9433715 -0.1467882 -0.1349957 0.9840996 -0.1154305 -0.1350633 0.9591445 -0.2485959 -0.148655 0.9877743 0.04694384 0 0.9923682 -0.12331 -0.1722179 0.976554 0.1291636 3.60492e-16 0.9984964 0.05481914 2.27129e-15 0.9910905 0.1331899 -0.1779237 0.9678256 0.1779238 4.09521e-15 0.9854263 0.1701032 4.06441e-15 0.9894747 0.1447061 -2.53765e-14 0.4503443 -0.892855 0.1779237 0.9678256 0.1779238 0.04111864 0.4405588 -0.8967816 -0.1213778 -0.4757239 -0.8711798 0.1761009 0.9724688 0.1526207 0.1565762 0.397312 -0.9042274 -0.2291656 -0.4171989 -0.8794477 -0.3660485 -0.2564303 -0.894568 0.4111454 0.9006046 0.1409642 0.4189251 0.05481241 -0.9063649 -0.4558085 -0.05868746 -0.8881409 0.3561704 0.2641915 -0.8962955 0.9761242 0.1349747 0.1701861 0.7927082 0.5891477 0.1565845 0.9669005 0.1272237 0.2211734 0.7713131 0.6009983 0.2094686 0.978571 0.1213427 0.1663573 0.3953545 0.900313 0.1820199 0.7767857 0.6124288 0.1467481 0.7999734 0.592645 0.09388478 0.9892039 0.09010547 0.1155716 0.3753842 0.9189087 0.1212176 0.1722179 0.976554 0.1291636 0.3641844 0.9300397 0.04894958 0.148655 0.9877743 0.04694384 0.8386163 0.5447084 -0.003920495 0.997875 0.0489154 0.04304495 0.9977222 0.03325741 -0.05868972 0.6969072 0.3073446 -0.6479658 0.3912075 -0.1740876 -0.903687 0.3696745 0.9251672 -0.08606162 0.7763342 0.6120726 -0.1505734 0.4615852 0.8116838 -0.3579224 0.1349957 0.9840996 -0.1154305 0.3522281 0.9079695 -0.2269952 0.4367524 0.8832972 -0.1703919 0.2736864 0.9520345 -0.1368432 0.1350633 0.9591445 -0.2485959 0.2974956 0.9433714 -0.1467883 0.314767 0.9462567 0.0742972 0.1389994 0.9201369 0.3660974 0 0.9670748 -0.2544924 0.1251713 0.9818085 -0.1427741 0.2465438 0.9626924 0.1115322 0.1958764 0.8892776 0.4133013 0.03134302 0.5191304 0.8541202 0.2112229 0.9133425 0.348124 0.1155172 0.9867926 0.1135616 0.07624349 0.4906902 0.867992 -0.05090848 -0.01566405 0.9985805 -0.05084867 -0.05084829 0.9974111 0.4364903 -0.07633677 0.8964648 0.4618669 0.2681182 0.8454536 0.350366 0.7888131 0.5049928 0.2602448 0.8746584 0.4089566 0.1193829 0.9472353 0.297478 0 0.9571231 0.2896818 0 0.99419 0.10764 0 0.9905667 -0.1370311 -0.1155172 0.9867926 0.1135616 -0.1193831 0.9472352 0.297478 -0.1251713 0.9818085 -0.1427741 -0.2465438 0.9626924 0.1115322 -0.2112226 0.9133416 0.3481265 -0.2602455 0.8746594 0.4089541 -0.3520817 0.7882703 0.5046469 -0.1958773 0.8892785 0.4132987 -0.03134302 0.5191304 0.8541202 -0.07245983 0.4954674 0.865599 -0.4730662 0.2639001 0.8405743 0.05090833 -0.01566401 0.9985806 -0.4340077 -0.08015458 0.8973365 0.05279865 -0.05084334 0.99731 0 0.2388475 -0.9710571 0 0.8179432 -0.575299 -0.5481464 0.7576162 -0.3543351 -0.5475908 0.2112139 -0.8096499 0 0.4620308 -0.8868639 -0.9804069 0.04500899 -0.1917721 -0.8396832 0.5421728 0.03131926 -0.9743863 0.09978636 -0.2015292 -0.999755 -0.01565218 -0.01565516 -0.8607289 0.3560289 0.3638535 -0.8352889 -0.01173765 0.5496861 -0.9811581 -0.1899645 0.03524721 -0.538262 -0.4501829 0.7124671 -0.5403372 0.3856752 -0.7478572 -0.97075 0.209415 -0.1174301 -0.5418179 0.7354636 -0.40685 0 0.876548 -0.4813146 0 0.9910906 0.1331896 -0.54161 0.832945 0.1134068 -0.9729719 0.2290487 0.02936423 -0.9729064 0.1605205 0.1663923 -0.5421612 0.5813059 0.6067493 0 0.6912656 0.7226008 0 0.09388632 0.9955829 -0.5438492 0.08020818 0.8353411 -0.9727275 0.02152919 0.2309501 -0.9710845 -0.1213863 0.2055734 -0.5455644 -0.4262843 0.7215547 0 -0.5072777 0.8617827 0 -0.8856395 0.4643735 -0.54169 -0.745069 0.3891582 -0.975148 -0.1977711 0.09986458 -0.5423321 -0.8223089 0.1722903 0 -0.9818386 0.1897185 0.001956027 -0.6689616 0.7432944 0.552012 0.7575477 -0.3484313 0 0.8179432 -0.575299 0 0.2388475 -0.9710571 0.5496293 0.2053774 -0.8097703 0 0.4620308 -0.8868639 0.9774838 0.04887431 -0.2052724 0.8337957 0.5519482 0.0117451 0.9745538 0.09393316 -0.203523 0.9998085 -0.01173913 -0.01565516 0.872532 0.3560546 0.3345343 0.8323115 -0.00979155 0.5542217 0.9796018 -0.1974851 0.03714859 0.5279891 -0.4478128 0.7215894 0.5421291 0.3835996 -0.7476279 0.97075 0.209415 -0.1174301 0.5418179 0.7354636 -0.40685 0 0.876548 -0.4813146 0 0.9910906 0.1331896 0.54161 0.832945 0.1134068 0.9729719 0.2290487 0.02936423 0.9729064 0.1605205 0.1663923 0.5421612 0.5813059 0.6067493 0 0.6912656 0.7226008 0 0.09388632 0.9955829 0.5438492 0.08020818 0.8353411 0.9727275 0.02152919 0.2309501 0.9710845 -0.1213863 0.2055734 0.5455644 -0.4262843 0.7215547 0 -0.5072777 0.8617827 0 -0.8856395 0.4643735 0.545649 -0.7431778 0.3872388 0.9747599 -0.2016068 0.0959069 0.5440743 -0.8219826 0.1683087 0 -0.9818386 0.1897185 0.001956027 -0.6689616 0.7432944 -0.2014342 0.9719684 0.1212507 0.1408129 0.9680884 -0.207308 -0.4974698 0.8382568 -0.2232701 -0.4987068 0.7568619 0.4224355 0.140928 0.8866717 0.4404007 -0.5612653 0.8213649 0.1016914 -0.2288698 0.9506894 -0.2093048 -0.7679427 0.5877113 -0.2546757 -0.7676754 0.507214 0.3916738 -0.2292119 0.86983 0.4368726 -0.8336914 0.5479661 0.06849763 -0.5596733 0.7964578 -0.2289564 -0.9197583 0.2583151 -0.2954962 -0.9199051 0.1761524 0.3503498 -0.5592297 0.7156575 0.4184454 -0.9783836 0.2054608 0.02348423 -0.7999443 0.5398154 -0.2620846 -0.9350683 -0.09194171 -0.3423361 -0.9363431 -0.173976 0.3049489 -0.8006968 0.4600577 0.3837079 0.2014341 0.9719684 0.1212507 0.4972519 0.8378885 -0.2251299 -0.1408129 0.9680884 -0.207308 -0.1390088 0.8869151 0.4405202 0.4987072 0.7568613 0.422436 0.5621685 0.8207265 0.1018554 0.7683615 0.5865345 -0.2561212 0.2288696 0.9506893 -0.2093048 0.2310669 0.8694379 0.4366758 0.7692389 0.5049967 0.3914714 0.9909689 -0.1331736 -0.01566708 0.8361517 -0.3975145 -0.3779321 0.9234275 0.2425953 -0.2973709 0.9232607 0.1623529 0.3481828 0.8363965 -0.4779402 0.2683546 0.9912275 0.1309908 0.01759528 0.9229684 -0.164257 -0.3480647 0.8369837 0.4771588 -0.2679138 0.8361505 0.3975143 0.3779349 0.9226963 -0.2448768 0.2977699 0.8688179 0.4911559 0.06262062 0.9326918 0.1955333 -0.3030722 0.6103891 0.7571172 -0.2328069 0.61003 0.6765081 0.4125533 0.9324991 0.1136243 0.3428338 -0.272123 0.4404867 0.8555236 -0.4404039 0.8847227 0.1526773 -0.4440494 0.8822304 0.156492 -0.279755 0.6847153 -0.67298 -0.2700755 0.4188129 0.8669804 -0.2739552 0.6711904 -0.6888047 -0.4107854 0.897859 0.158444 -0.2445838 0.42264 0.8726708 -0.2444941 0.6748034 -0.6963211 -0.09593738 0.9789535 0.1801281 -0.1037585 0.4385249 0.8927095 -0.08210181 0.6998167 -0.7095885 -0.3801931 0.5957661 0.7074715 -0.3287977 0.7691506 -0.5479959 -0.4757554 0.8751543 0.08810164 -0.9999982 -0.001958013 0 -0.9999982 -0.001958013 0 -0.9999982 -0.001958013 0 -0.9999982 -0.001958013 0 -0.9999982 -0.001958013 0 -0.9999982 -0.001958013 0 -0.9999982 -0.001957268 0 0.9999982 0.001956522 0 0.9999982 0.001956522 0 0.9999982 0.001956522 0 0.9999982 0.001956522 0 0.9999982 0.001956522 0 0.9999982 0.001956522 0 0.9999982 0.001956522 0 0.0508677 -0.9860521 -0.1584738 0.05086772 -0.9860526 -0.1584709 0.05086772 -0.9860526 -0.1584709 0.05086732 -0.9860521 -0.1584738 0.05086767 -0.9860521 -0.1584737 0.05086732 -0.9860521 -0.1584738 0.0508677 -0.9860521 -0.1584738 0.05086732 -0.9860521 -0.1584738 0.0508677 -0.9860521 -0.1584738 0.05086732 -0.9860521 -0.1584738 0.05086777 -0.9860521 -0.1584737 0.05086734 -0.9860525 -0.1584708 0.0508677 -0.9860521 -0.1584738 0.05086734 -0.9860525 -0.1584708 0.05086772 -0.9860526 -0.1584709 0.05086734 -0.9860525 -0.1584708 0.05086772 -0.9860526 -0.1584709 0.05086732 -0.9860521 -0.1584738 0.05086772 -0.9860526 -0.1584709 0.0508673 -0.986052 -0.1584737 0.05086771 -0.986052 -0.1584738 0.05086732 -0.9860521 -0.1584738 0.05086773 -0.9860525 -0.1584709 0.05086773 -0.986052 -0.1584739 -0.05086769 0.9860516 0.1584767 -0.05086771 0.986052 0.1584738 -0.05086806 0.9860515 0.1584767 -0.0508677 0.9860521 0.1584738 -0.05086771 0.986052 0.1584738 -0.0508677 0.9860521 0.1584738 -0.05086806 0.986052 0.1584737 -0.05086771 0.986052 0.1584738 -0.05086806 0.9860516 0.1584767 -0.05086769 0.9860521 0.1584738 -0.05086808 0.986052 0.1584738 -0.05086767 0.9860516 0.1584767 -0.05086808 0.986052 0.1584738 -0.05086769 0.9860516 0.1584767 -0.05086768 0.9860515 0.1584767 -0.05086769 0.9860516 0.1584767 -0.05086806 0.9860515 0.1584767 -0.05086771 0.986052 0.1584738 -0.05086806 0.9860516 0.1584767 -0.05086768 0.9860515 0.1584767 -0.05086808 0.986052 0.1584738 -0.0508679 0.986052 0.1584738 -0.05086804 0.9860516 0.1584767 -0.05086806 0.986052 0.1584737 0.001957267 -0.1507327 0.9885727 0.001957273 -0.1507335 0.9885726 0.001957267 -0.1507327 0.9885727 0.001957267 -0.1507327 0.9885727 0.001957273 -0.1507335 0.9885725 0.001957273 -0.1507335 0.9885725 0.001957261 -0.1507322 0.9885727 0.001957261 -0.1507322 0.9885727 0.001957261 -0.1507322 0.9885727 -0.001958012 0.1507327 -0.9885727 -0.001958013 0.1507327 -0.9885727 -0.001958012 0.150733 -0.9885726 -0.001958007 0.1507322 -0.9885727 -0.00195764 0.150733 -0.9885726 -0.001958007 0.1507322 -0.9885727 -0.00195764 0.150733 -0.9885726 -0.001957634 0.1507322 -0.9885727 -0.00195764 0.1507327 -0.9885727 -0.9999962 -0.001958012 -0.001955032 -0.9743863 0.09978636 -0.2015292 -0.9804069 0.04500899 -0.1917721 -0.999755 -0.01565218 -0.01565516 -0.97075 0.209415 -0.1174301 -0.9811581 -0.1899645 0.03524721 -0.9729719 0.2290487 0.02936423 -0.975148 -0.1977712 0.09986459 -0.9729064 0.1605205 0.1663923 -0.9710845 -0.1213863 0.2055734 -0.9727275 0.02152919 0.2309501 0.9745538 0.09393317 -0.203523 0.9999847 -0.003914535 -0.003910065 0.9774838 0.04887431 -0.2052724 0.9998085 -0.01173913 -0.01565516 0.97075 0.209415 -0.1174301 0.9796018 -0.1974851 0.03714859 0.9729719 0.2290487 0.02936423 0.9747598 -0.2016068 0.09590688 0.9729064 0.1605205 0.1663923 0.9710845 -0.1213863 0.2055734 0.9727275 0.02152919 0.2309501 -0.9979056 0.003913345 -0.06456961 -0.7452824 0.6611704 0.0860692 -0.764113 0.5838598 -0.2742974 -0.7689316 0.4617506 0.4421884 -0.7752377 0.3367194 -0.5344403 -0.7374767 0.1173702 0.6650957 -0.7988754 -0.02153819 -0.6011108 -0.7635831 -0.2408225 0.5991205 -0.7804756 -0.3794791 -0.4968437 -0.7293249 -0.5807217 0.3617284 -0.7428836 -0.621677 -0.2482776 -0.7298387 -0.680923 0.06065673 0.9979056 0.003913345 -0.06456961 0.7641132 0.5838596 -0.2742974 0.7452837 0.661169 0.08606901 0.7689316 0.4617506 0.4421884 0.7752377 0.3367194 -0.5344403 0.7374768 0.1173701 0.6650958 0.7988754 -0.02153818 -0.6011108 0.7635831 -0.2408225 0.5991205 0.7804756 -0.3794791 -0.4968437 0.7293249 -0.5807217 0.3617284 0.7428834 -0.6216772 -0.2482775 0.7298403 -0.6809214 0.06065661 0 0.6710173 -0.7414417 0.06065707 0.6809243 -0.7298375 0.06651007 0.6611899 -0.7472647 0.04897191 0.6954012 -0.7169512 0.0606754 0.6361145 -0.7692053 0.03327981 0.704754 -0.7086708 0.03911781 0.6141488 -0.7882202 0.01760151 0.7099241 -0.7040582 0 0.6046875 -0.7964628 0 0.7119815 -0.7021982 -0.03911781 0.6141488 -0.7882202 -0.01760151 0.7099241 -0.7040582 -0.0606754 0.6361145 -0.7692053 -0.03327981 0.704754 -0.7086708 -0.06651007 0.6611899 -0.7472647 -0.04897191 0.6954012 -0.7169512 -0.06065707 0.6809243 -0.7298375 0.02152524 -0.6790147 0.7338091 0 -0.6811996 0.7320979 0.02150218 -0.6861201 0.7271705 0.01956189 -0.672934 0.7394438 0.01759787 -0.6921802 0.7215102 0.01369078 -0.6689002 0.7432262 0.009792398 -0.6972132 0.716797 0.007833048 -0.6657995 0.7460896 0 -0.6982484 0.7158556 0 -0.6648496 0.7469773 -0.009792398 -0.6972132 0.716797 -0.007833048 -0.6657995 0.7460896 -0.01759787 -0.6921802 0.7215102 -0.01369078 -0.6689002 0.7432262 -0.02150218 -0.6861201 0.7271705 -0.01956189 -0.672934 0.7394438 -0.02152524 -0.6790147 0.7338091 -2.22045e-14 0.04700607 -0.9988946 0.4600152 0.1389835 -0.8769661 0.4558085 -0.05868746 -0.888141 0.3660485 -0.2564303 -0.894568 0.4012628 0.342541 -0.8495022 0.2291656 -0.4171989 -0.8794477 0.2467758 0.5366406 -0.8069193 0.1213778 -0.4757239 -0.8711798 0.101734 0.6475762 -0.755179 -2.44405e-14 -0.4927656 -0.8701621 -2.14927e-14 0.6543339 -0.7562057 -0.1213778 -0.4757239 -0.8711798 -0.101734 0.6475762 -0.755179 -0.2291656 -0.4171989 -0.8794477 -0.2467758 0.5366406 -0.8069193 -0.3660485 -0.2564303 -0.894568 -0.4012628 0.342541 -0.8495022 -0.4558085 -0.05868746 -0.888141 -0.4600152 0.1389835 -0.8769661 0.003917552 -0.04505182 0.998977 -0.4967035 -0.5847023 0.6414117 -0.2720899 -0.6968641 0.6635869 -0.7303766 -0.3054657 0.6109344 0 -0.7461129 0.6658195 -0.8158387 -0.1212993 0.5654147 0.2720899 -0.6968641 0.6635869 -0.8268737 -0.03909567 0.5610272 0.4967037 -0.5847022 0.6414115 -0.8061344 0.1213114 0.5791641 0.7240821 -0.3170298 0.6125335 -0.7181635 0.3444055 0.6046702 0.8116093 -0.1232081 0.5710605 -0.5186994 0.557847 0.6478872 0.8270519 -0.03323846 0.5611421 -0.2251558 0.7204978 0.6558871 0.8066532 0.1057263 0.5814918 0 0.7469783 0.6648483 0.7105496 0.3425513 0.6146365 0.2251558 0.7204978 0.6558871 0.4873016 0.5812395 0.6516885</float_array>
          <technique_common>
            <accessor source="#geom-Clt_TES066_M__M_TES066_M-normals-array" count="1516" stride="3">
              <param name="X" type="float"/>
              <param name="Y" type="float"/>
              <param name="Z" type="float"/>
            </accessor>
          </technique_common>
        </source>
        <source id="geom-Clt_TES066_M__M_TES066_M-map-2">
          <float_array id="geom-Clt_TES066_M__M_TES066_M-map-2-array" count="10770">1 1 1 1 1 1 1 1 1 1 1 1 1 1 1 1 1 1 1 1 1 1 1 1 1 1 1 1 1 1 1 1 1 1 1 1 1 1 1 1 1 1 1 1 1 1 1 1 1 1 1 1 1 1 1 1 1 1 1 1 1 1 1 1 1 1 1 1 1 1 1 1 1 1 1 1 1 1 1 1 1 1 1 1 1 1 1 1 1 1 1 1 1 1 1 1 1 1 1 1 1 1 1 1 1 1 1 1 1 1 1 1 1 1 1 1 1 1 1 1 1 1 1 1 1 1 1 1 1 1 1 1 1 1 1 1 1 1 1 1 1 1 1 1 1 1 1 1 1 1 1 1 1 1 1 1 1 1 1 1 1 1 1 1 1 1 1 1 1 1 1 1 1 1 1 1 1 1 1 1 1 1 1 1 1 1 1 1 1 1 1 1 1 1 1 1 1 1 1 1 1 1 1 1 1 1 1 1 1 1 1 1 1 1 1 1 1 1 1 1 1 1 1 1 1 1 1 1 1 1 1 1 1 1 1 1 1 1 1 1 1 1 1 1 1 1 1 1 1 1 1 1 1 1 1 1 1 1 1 1 1 1 1 1 1 1 1 1 1 1 1 1 1 1 1 1 1 1 1 1 1 1 1 1 1 1 1 1 1 1 1 1 1 1 1 1 1 1 1 1 1 1 1 1 1 1 1 1 1 1 1 1 1 1 1 1 1 1 1 1 1 1 1 1 1 1 1 1 1 1 1 1 1 1 1 1 1 1 1 1 1 1 1 1 1 1 1 1 1 1 1 1 1 1 1 1 1 1 1 1 1 1 1 1 1 1 1 1 1 1 1 1 1 1 1 1 1 1 1 1 1 1 1 1 1 1 1 1 1 1 1 1 1 1 1 1 1 1 1 1 1 1 1 1 1 1 1 1 1 1 1 1 1 1 1 1 1 1 1 1 1 1 1 1 1 1 1 1 1 1 1 1 1 1 1 1 1 1 1 1 1 1 1 1 1 1 1 1 1 1 1 1 1 1 1 1 1 1 1 1 1 1 1 1 1 1 1 1 1 1 1 1 1 1 1 1 1 1 1 1 1 1 1 1 1 1 1 1 1 1 1 1 1 1 1 1 1 1 1 1 1 1 1 1 1 1 1 1 1 1 1 1 1 1 1 1 1 1 1 1 1 1 1 1 1 1 1 1 1 1 1 1 1 1 1 1 1 1 1 1 1 1 1 1 1 1 1 1 1 1 1 1 1 1 1 1 1 1 1 1 1 1 1 1 1 1 1 1 1 1 1 1 1 1 1 1 1 1 1 1 1 1 1 1 1 1 1 1 1 1 1 1 1 1 1 1 1 1 1 1 1 1 1 1 1 1 1 1 1 1 1 1 1 1 1 1 1 1 1 1 1 1 1 1 1 1 1 1 1 1 1 1 1 1 1 1 1 1 1 1 1 1 1 1 1 1 1 1 1 1 1 1 1 1 1 1 1 1 1 1 1 1 1 1 1 1 1 1 1 1 1 1 1 1 1 1 1 1 1 1 1 1 1 1 1 1 1 1 1 1 1 1 1 1 1 1 1 1 1 1 1 1 1 1 1 1 1 1 1 1 1 1 1 1 1 1 1 1 1 1 1 1 1 1 1 1 1 1 1 1 1 1 1 1 1 1 1 1 1 1 1 1 1 1 1 1 1 1 1 1 1 1 1 1 1 1 1 1 1 1 1 1 1 1 1 1 1 1 1 1 1 1 1 1 1 1 1 1 1 1 1 1 1 1 1 1 1 1 1 1 1 1 1 1 1 1 1 1 1 1 1 1 1 1 1 1 1 1 1 1 1 1 1 1 1 1 1 1 1 1 1 1 1 1 1 1 1 1 1 1 1 1 1 1 1 1 1 1 1 1 1 1 1 1 1 1 1 1 1 1 1 1 1 1 1 1 1 1 1 1 1 1 1 1 1 1 1 1 1 1 1 1 1 1 1 1 1 1 1 1 1 1 1 1 1 1 1 1 1 1 1 1 1 1 1 1 1 1 1 1 1 1 1 1 1 1 1 1 1 1 1 1 1 1 1 1 1 1 1 1 1 1 1 1 1 1 1 1 1 1 1 1 1 1 1 1 1 1 1 1 1 1 1 1 1 1 1 1 1 1 1 1 1 1 1 1 1 1 1 1 1 1 1 1 1 1 1 1 1 1 1 1 1 1 1 1 1 1 1 1 1 1 1 1 1 1 1 1 1 1 1 1 1 1 1 1 1 1 1 1 1 1 1 1 1 1 1 1 1 1 1 1 1 1 1 1 1 1 1 1 1 1 1 1 1 1 1 1 1 1 1 1 1 1 1 1 1 1 1 1 1 1 1 1 1 1 1 1 1 1 1 1 1 1 1 1 1 1 1 1 1 1 1 1 1 1 1 1 1 1 1 1 1 1 1 1 1 1 1 1 1 1 1 1 1 1 1 1 1 1 1 1 1 1 1 1 1 1 1 1 1 1 1 1 1 1 1 1 1 1 1 1 1 1 1 1 1 1 1 1 1 1 1 1 1 1 1 1 1 1 1 1 1 1 1 1 1 1 1 1 1 1 1 1 1 1 1 1 1 1 1 1 1 1 1 1 1 1 1 1 1 1 1 1 1 1 1 1 1 1 1 1 1 1 1 1 1 1 1 1 1 1 1 1 1 1 1 1 1 1 1 1 1 1 1 1 1 1 1 1 1 1 1 1 1 1 1 1 1 1 1 1 1 1 1 1 1 1 1 1 1 1 1 1 1 1 1 1 1 1 1 1 1 1 1 1 1 1 1 1 1 1 1 1 1 1 1 1 1 1 1 1 1 1 1 1 1 1 1 1 1 1 1 1 1 1 1 1 1 1 1 1 1 1 1 1 1 1 1 1 1 1 1 1 1 1 1 1 1 1 1 1 1 1 1 1 1 1 1 1 1 1 1 1 1 1 1 1 1 1 1 1 1 1 1 1 1 1 1 1 1 1 1 1 1 1 1 1 1 1 1 1 1 1 1 1 1 1 1 1 1 1 1 1 1 1 1 1 1 1 1 1 1 1 1 1 1 1 1 1 1 1 1 1 1 1 1 1 1 1 1 1 1 1 1 1 1 1 1 1 1 1 1 1 1 1 1 1 1 1 1 1 1 1 1 1 1 1 1 1 1 1 1 1 1 1 1 1 1 1 1 1 1 1 1 1 1 1 1 1 1 1 1 1 1 1 1 1 1 1 1 1 1 1 1 1 1 1 1 1 1 1 1 1 1 1 1 1 1 1 1 1 1 1 1 1 1 1 1 1 1 1 1 1 1 1 1 1 1 1 1 1 1 1 1 1 1 1 1 1 1 1 1 1 1 1 1 1 1 1 1 1 1 1 1 1 1 1 1 1 1 1 1 1 1 1 1 1 1 1 1 1 1 1 1 1 1 1 1 1 1 1 1 1 1 1 1 1 1 1 1 1 1 1 1 1 1 1 1 1 1 1 1 1 1 1 1 1 1 1 1 1 1 1 1 1 1 1 1 1 1 1 1 1 1 1 1 1 1 1 1 1 1 1 1 1 1 1 1 1 1 1 1 1 1 1 1 1 1 1 1 1 1 1 1 1 1 1 1 1 1 1 1 1 1 1 1 1 1 1 1 1 1 1 1 1 1 1 1 1 1 1 1 1 1 1 1 1 1 1 1 1 1 1 1 1 1 1 1 1 1 1 1 1 1 1 1 1 1 1 1 1 1 1 1 1 1 1 1 1 1 1 1 1 1 1 1 1 1 1 1 1 1 1 1 1 1 1 1 1 1 1 1 1 1 1 1 1 1 1 1 1 1 1 1 1 1 1 1 1 1 1 1 1 1 1 1 1 1 1 1 1 1 1 1 1 1 1 1 1 1 1 1 1 1 1 1 1 1 1 1 1 1 1 1 1 1 1 1 1 1 1 1 1 1 1 1 1 1 1 1 1 1 1 1 1 1 1 1 1 1 1 1 1 1 1 1 1 1 1 1 1 1 1 1 1 1 1 1 1 1 1 1 1 1 1 1 1 1 1 1 1 1 1 1 1 1 1 1 1 1 1 1 1 1 1 1 1 1 1 1 1 1 1 1 1 1 1 1 1 1 1 1 1 1 1 1 1 1 1 1 1 1 1 1 1 1 1 1 1 1 1 1 1 1 1 1 1 1 1 1 1 1 1 1 1 1 1 1 1 1 1 1 1 1 1 1 1 1 1 1 1 1 1 1 1 1 1 1 1 1 1 1 1 1 1 1 1 1 1 1 1 1 1 1 1 1 1 1 1 1 1 1 1 1 1 1 1 1 1 1 1 1 1 1 1 1 1 1 1 1 1 1 1 1 1 1 1 1 1 1 1 1 1 1 1 1 1 1 1 1 1 1 1 1 1 1 1 1 1 1 1 1 1 1 1 1 1 1 1 1 1 1 1 1 1 1 1 1 1 1 1 1 1 1 1 1 1 1 1 1 1 1 1 1 1 1 1 1 1 1 1 1 1 1 1 1 1 1 1 1 1 1 1 1 1 1 1 1 1 1 1 1 1 1 1 1 1 1 1 1 1 1 1 1 1 1 1 1 1 1 1 1 1 1 1 1 1 1 1 1 1 1 1 1 1 1 1 1 1 1 1 1 1 1 1 1 1 1 1 1 1 1 1 1 1 1 1 1 1 1 1 1 1 1 1 1 1 1 1 1 1 1 1 1 1 1 1 1 1 1 1 1 1 1 1 1 1 1 1 1 1 1 1 1 1 1 1 1 1 1 1 1 1 1 1 1 1 1 1 1 1 1 1 1 1 1 1 1 1 1 1 1 1 1 1 1 1 1 1 1 1 1 1 1 1 1 1 1 1 1 1 1 1 1 1 1 1 1 1 1 1 1 1 1 1 1 1 1 1 1 1 1 1 1 1 1 1 1 1 1 1 1 1 1 1 1 1 1 1 1 1 1 1 1 1 1 1 1 1 1 1 1 1 1 1 1 1 1 1 1 1 1 1 1 1 1 1 1 1 1 1 1 1 1 1 1 1 1 1 1 1 1 1 1 1 1 1 1 1 1 1 1 1 1 1 1 1 1 1 1 1 1 1 1 1 1 1 1 1 1 1 1 1 1 1 1 1 1 1 1 1 1 1 1 1 1 1 1 1 1 1 1 1 1 1 1 1 1 1 1 1 1 1 1 1 1 1 1 1 1 1 1 1 1 1 1 1 1 1 1 1 1 1 1 1 1 1 1 1 1 1 1 1 1 1 1 1 1 1 1 1 1 1 1 1 1 1 1 1 1 1 1 1 1 1 1 1 1 1 1 1 1 1 1 1 1 1 1 1 1 1 1 1 1 1 1 1 1 1 1 1 1 1 1 1 1 1 1 1 1 1 1 1 1 1 1 1 1 1 1 1 1 1 1 1 1 1 1 1 1 1 1 1 1 1 1 1 1 1 1 1 1 1 1 1 1 1 1 1 1 1 1 1 1 1 1 1 1 1 1 1 1 1 1 1 1 1 1 1 1 1 1 1 1 1 1 1 1 1 1 1 1 1 1 1 1 1 1 1 1 1 1 1 1 1 1 1 1 1 1 1 1 1 1 1 1 1 1 1 1 1 1 1 1 1 1 1 1 1 1 1 1 1 1 1 1 1 1 1 1 1 1 1 1 1 1 1 1 1 1 1 1 1 1 1 1 1 1 1 1 1 1 1 1 1 1 1 1 1 1 1 1 1 1 1 1 1 1 1 1 1 1 1 1 1 1 1 1 1 1 1 1 1 1 1 1 1 1 1 1 1 1 1 1 1 1 1 1 1 1 1 1 1 1 1 1 1 1 1 1 1 1 1 1 1 1 1 1 1 1 1 1 1 1 1 1 1 1 1 1 1 1 1 1 1 1 1 1 1 1 1 1 1 1 1 1 1 1 1 1 1 1 1 1 1 1 1 1 1 1 1 1 1 1 1 1 1 1 1 1 1 1 1 1 1 1 1 1 1 1 1 1 1 1 1 1 1 1 1 1 1 1 1 1 1 1 1 1 1 1 1 1 1 1 1 1 1 1 1 1 1 1 1 1 1 1 1 1 1 1 1 1 1 1 1 1 1 1 1 1 1 1 1 1 1 1 1 1 1 1 1 1 1 1 1 1 1 1 1 1 1 1 1 1 1 1 1 1 1 1 1 1 1 1 1 1 1 1 1 1 1 1 1 1 1 1 1 1 1 1 1 1 1 1 1 1 1 1 1 1 1 1 1 1 1 1 1 1 1 1 1 1 1 1 1 1 1 1 1 1 1 1 1 1 1 1 1 1 1 1 1 1 1 1 1 1 1 1 1 1 1 1 1 1 1 1 1 1 1 1 1 1 1 1 1 1 1 1 1 1 1 1 1 1 1 1 1 1 1 1 1 1 1 1 1 1 1 1 1 1 1 1 1 1 1 1 1 1 1 1 1 1 1 1 1 1 1 1 1 1 1 1 1 1 1 1 1 1 1 1 1 1 1 1 1 1 1 1 1 1 1 1 1 1 1 1 1 1 1 1 1 1 1 1 1 1 1 1 1 1 1 1 1 1 1 1 1 1 1 1 1 1 1 1 1 1 1 1 1 1 1 1 1 1 1 1 1 1 1 1 1 1 1 1 1 1 1 1 1 1 1 1 1 1 1 1 1 1 1 1 1 1 1 1 1 1 1 1 1 1 1 1 1 1 1 1 1 1 1 1 1 1 1 1 1 1 1 1 1 1 1 1 1 1 1 1 1 1 1 1 1 1 1 1 1 1 1 1 1 1 1 1 1 1 1 1 1 1 1 1 1 1 1 1 1 1 1 1 1 1 1 1 1 1 1 1 1 1 1 1 1 1 1 1 1 1 1 1 1 1 1 1 1 1 1 1 1 1 1 1 1 1 1 1 1 1 1 1 1 1 1 1 1 1 1 1 1 1 1 1 1 1 1 1 1 1 1 1 1 1 1 1 1 1 1 1 1 1 1 1 1 1 1 1 1 1 1 1 1 1 1 1 1 1 1 1 1 1 1 1 1 1 1 1 1 1 1 1 1 1 1 1 1 1 1 1 1 1 1 1 1 1 1 1 1 1 1 1 1 1 1 1 1 1 1 1 1 1 1 1 1 1 1 1 1 1 1 1 1 1 1 1 1 1 1 1 1 1 1 1 1 1 1 1 1 1 1 1 1 1 1 1 1 1 1 1 1 1 1 1 1 1 1 1 1 1 1 1 1 1 1 1 1 1 1 1 1 1 1 1 1 1 1 1 1 1 1 1 1 1 1 1 1 1 1 1 1 1 1 1 1 1 1 1 1 1 1 1 1 1 1 1 1 1 1 1 1 1 1 1 1 1 1 1 1 1 1 1 1 1 1 1 1 1 1 1 1 1 1 1 1 1 1 1 1 1 1 1 1 1 1 1 1 1 1 1 1 1 1 1 1 1 1 1 1 1 1 1 1 1 1 1 1 1 1 1 1 1 1 1 1 1 1 1 1 1 1 1 1 1 1 1 1 1 1 1 1 1 1 1 1 1 1 1 1 1 1 1 1 1 1 1 1 1 1 1 1 1 1 1 1 1 1 1 1 1 1 1 1 1 1 1 1 1 1 1 1 1 1 1 1 1 1 1 1 1 1 1 1 1 1 1 1 1 1 1 1 1 1 1 1 1 1 1 1 1 1 1 1 1 1 1 1 1 1 1 1 1 1 1 1 1 1 1 1 1 1 1 1 1 1 1 1 1 1 1 1 1 1 1 1 1 1 1 1 1 1 1 1 1 1 1 1 1 1 1 1 1 1 1 1 1 1 1 1 1 1 1 1 1 1 1 1 1 1 1 1 1 1 1 1 1 1 1 1 1 1 1 1 1 1 1 1 1 1 1 1 1 1 1 1 1 1 1 1 1 1 1 1 1 1 1 1 1 1 1 1 1 1 1 1 1 1 1 1 1 1 1 1 1 1 1 1 1 1 1 1 1 1 1 1 1 1 1 1 1 1 1 1 1 1 1 1 1 1 1 1 1 1 1 1 1 1 1 1 1 1 1 1 1 1 1 1 1 1 1 1 1 1 1 1 1 1 1 1 1 1 1 1 1 1 1 1 1 1 1 1 1 1 1 1 1 1 1 1 1 1 1 1 1 1 1 1 1 1 1 1 1 1 1 1 1 1 1 1 1 1 1 1 1 1 1 1 1 1 1 1 1 1 1 1 1 1 1 1 1 1 1 1 1 1 1 1 1 1 1 1 1 1 1 1 1 1 1 1 1 1 1 1 1 1 1 1 1 1 1 1 1 1 1 1 1 1 1 1 1 1 1 1 1 1 1 1 1 1 1 1 1 1 1 1 1 1 1 1 1 1 1 1 1 1 1 1 1 1 1 1 1 1 1 1 1 1 1 1 1 1 1 1 1 1 1 1 1 1 1 1 1 1 1 1 1 1 1 1 1 1 1 1 1 1 1 1 1 1 1 1 1 1 1 1 1 1 1 1 1 1 1 1 1 1 1 1 1 1 1 1 1 1 1 1 1 1 1 1 1 1 1 1 1 1 1 1 1 1 1 1 1 1 1 1 1 1 1 1 1 1 1 1 1 1 1 1 1 1 1 1 1 1 1 1 1 1 1 1 1 1 1 1 1 1 1 1 1 1 1 1 1 1 1 1 1 1 1 1 1 1 1 1 1 1 1 1 1 1 1 1 1 1 1 1 1 1 1 1 1 1 1 1 1 1 1 1 1 1 1 1 1 1 1 1 1 1 1 1 1 1 1 1 1 1 1 1 1 1 1 1 1 1 1 1 1 1 1 1 1 1 1 1 1 1 1 1 1 1 1 1 1 1 1 1 1 1 1 1 1 1 1 1 1 1 1 1 1 1 1 1 1 1 1 1 1 1 1 1 1 1 1 1 1 1 1 1 1 1 1 1 1 1 1 1 1 1 1 1 1 1 1 1 1 1 1 1 1 1 1 1 1 1 1 1 1 1 1 1 1 1 1 1 1 1 1 1 1 1 1 1 1 1 1 1 1 1 1 1 1 1 1 1 1 1 1 1 1 1 1 1 1 1 1 1 1 1 1 1 1 1 1 1 1 1 1 1 1 1 1 1 1 1 1 1 1 1 1 1 1 1 1 1 1 1 1 1 1 1 1 1 1 1 1 1 1 1 1 1 1 1 1 1 1 1 1 1 1 1 1 1 1 1 1 1 1 1 1 1 1 1 1 1 1 1 1 1 1 1 1 1 1 1 1 1 1 1 1 1 1 1 1 1 1 1 1 1 1 1 1 1 1 1 1 1 1 1 1 1 1 1 1 1 1 1 1 1 1 1 1 1 1 1 1 1 1 1 1 1 1 1 1 1 1 1 1 1 1 1 1 1 1 1 1 1 1 1 1 1 1 1 1 1 1 1 1 1 1 1 1 1 1 1 1 1 1 1 1 1 1 1 1 1 1 1 1 1 1 1 1 1 1 1 1 1 1 1 1 1 1 1 1 1 1 1 1 1 1 1 1 1 1 1 1 1 1 1 1 1 1 1 1 1 1 1 1 1 1 1 1 1 1 1 1 1 1 1 1 1 1 1 1 1 1 1 1 1 1 1 1 1 1 1 1 1 1 1 1 1 1 1 1 1 1 1 1 1 1 1 1 1 1 1 1 1 1 1 1 1 1 1 1 1 1 1 1 1 1 1 1 1 1 1 1 1 1 1 1 1 1 1 1 1 1 1 1 1 1 1 1 1 1 1 1 1 1 1 1 1 1 1 1 1 1 1 1 1 1 1 1 1 1 1 1 1 1 1 1 1 1 1 1 1 1 1 1 1 1 1 1 1 1 1 1 1 1 1 1 1 1 1 1 1 1 1 1 1 1 1 1 1 1 1 1 1 1 1 1 1 1 1 1 1 1 1 1 1 1 1 1 1 1 1 1 1 1 1 1 1 1 1 1 1 1 1 1 1 1 1 1 1 1 1 1 1 1 1 1 1 1 1 1 1 1 1 1 1 1 1 1 1 1 1 1 1 1 1 1 1 1 1 1 1 1 1 1 1 1 1 1 1 1 1 1 1 1 1 1 1 1 1 1 1 1 1 1 1 1 1 1 1 1 1 1 1 1 1 1 1 1 1 1 1 1 1 1 1 1 1 1 1 1 1 1 1 1 1 1 1 1 1 1 1 1 1 1 1 1 1 1 1 1 1 1 1 1 1 1 1 1 1 1 1 1 1 1 1 1 1 1 1 1 1 1 1 1 1 1 1 1 1 1 1 1 1 1 1 1 1 1 1 1 1 1 1 1 1 1 1 1 1 1 1 1 1 1 1 1 1 1 1 1 1 1 1 1 1 1 1 1 1 1 1 1 1 1 1 1 1 1 1 1 1 1 1 1 1 1 1 1 1 1 1 1 1 1 1 1 1 1 1 1 1 1 1 1 1 1 1 1 1 1 1 1 1 1 1 1 1 1 1 1 1 1 1 1 1 1 1 1 1 1 1 1 1 1 1 1 1 1 1 1 1 1 1 1 1 1 1 1 1 1 1 1 1 1 1 1 1 1 1 1 1 1 1 1 1 1 1 1 1 1 1 1 1 1 1 1 1 1 1 1 1 1 1 1 1 1 1 1 1 1 1 1 1 1 1 1 1 1 1 1 1 1 1 1 1 1 1 1 1 1 1 1 1 1 1 1 1 1 1 1 1 1 1 1 1 1 1 1 1 1 1 1 1 1 1 1 1 1 1 1 1 1 1 1 1 1 1 1 1 1 1 1 1 1 1 1 1 1 1 1 1 1 1 1 1 1 1 1 1 1 1 1 1 1 1 1 1 1 1 1 1 1 1 1 1 1 1 1 1 1 1 1 1 1 1 1 1 1 1 1 1 1 1 1 1 1 1 1 1 1 1 1 1 1 1 1 1 1 1 1 1 1 1 1 1 1 1 1 1 1 1 1 1 1 1 1 1 1 1 1 1 1 1 1 1 1 1 1 1 1 1 1 1 1 1 1 1 1 1 1 1 1 1 1 1 1 1 1 1 1 1 1 1 1 1 1 1 1 1 1 1 1 1 1 1 1 1 1 1 1 1 1 1 1 1 1 1 1 1 1 1 1 1 1 1 1 1 1 1 1 1 1 1 1 1 1 1 1 1 1 1 1 1 1 1 1 1 1 1 1 1 1 1 1 1 1 1 1 1 1 1 1 1 1 1 1 1 1 1 1 1 1 1 1 1 1 1 1 1 1 1 1 1 1 1 1 1 1 1 1 1 1 1 1 1 1 1 1 1 1 1 1 1 1 1 1 1 1 1 1 1 1 1 1 1 1 1 1 1 1 1 1 1 1 1 1 1 1 1 1 1 1 1 1 1 1 1 1 1 1 1 1 1 1 1 1 1 1 1 1 1 1 1 1 1 1 1 1 1 1 1 1 1 1 1 1 1 1 1 1 1 1 1 1 1 1 1 1 1 1 1 1 1 1 1 1 1 1 1 1 1 1 1 1 1 1 1 1 1 1 1 1 1 1 1 1 1 1 1 1 1 1 1 1 1 1 1 1 1 1 1 1 1 1 1 1 1 1 1 1 1 1 1 1 1 1 1 1 1 1 1 1 1 1 1 1 1 1 1 1 1 1 1 1 1 1 1 1 1 1 1 1 1 1 1 1 1 1 1 1 1 1 1 1 1 1 1 1 1 1 1 1 1 1 1 1 1 1 1 1 1 1 1 1 1 1 1 1 1 1 1 1 1 1 1 1 1 1 1 1 1 1 1 1 1 1 1 1 1 1 1 1 1 1 1 1 1 1 1 1 1 1 1 1 1 1 1 1 1 1 1 1 1 1 1 1 1 1 1 1 1 1 1 1 1 1 1 1 1 1 1 1 1 1 1 1 1 1 1 1 1 1 1 1 1 1 1 1 1 1 1 1 1 1 1 1 1 1 1 1 1 1 1 1 1 1 1 1 1 1 1 1 1 1 1 1 1 1 1 1 1 1 1 1 1 1 1 1 1 1 1 1 1 1 1 1 1 1 1 1 1 1 1 1 1 1 1 1 1 1 1 1 1 1 1 1 1 1 1 1 1 1 1 1 1 1 1 1 1 1 1 1 1 1 1 1 1 1 1 1 1 1 1 1 1 1 1 1 1 1 1 1 1 1 1 1 1 1 1 1 1 1 1 1 1 1 1 1 1 1 1 1 1 1 1 1 1 1 1 1 1 1 1 1 1 1 1 1 1 1 1 1 1 1 1 1 1 1 1 1 1 1 1 1 1 1 1 1 1 1 1 1 1 1 1 1 1 1 1 1 1 1 1 1 1 1 1 1 1 1 1 1 1 1 1 1 1 1 1 1 1 1 1 1 1 1 1 1 1 1 1 1 1 1 1 1 1 1 1 1 1 1 1 1 1 1 1 1 1 1 1 1 1 1 1 1 1 1 1 1 1 1 1 1 1 1 1 1 1 1 1 1 1 1 1 1 1 1 1 1 1 1 1 1 1 1 1 1 1 1 1 1 1 1 1 1 1 1 1 1 1 1 1 1 1 1 1 1 1 1 1 1 1 1 1 1 1 1 1 1 1 1 1 1 1 1 1 1 1 1 1 1 1 1 1 1 1 1 1 1 1 1 1 1 1 1 1 1 1 1 1 1 1 1 1 1 1 1 1 1 1 1 1 1 1 1 1 1 1 1 1 1 1 1 1 1 1 1 1 1 1 1 1 1 1 1 1 1 1 1 1 1 1 1 1 1 1 1 1 1 1 1 1 1 1 1 1 1 1 1 1 1 1 1 1 1 1 1 1 1 1 1 1 1 1 1 1 1 1 1 1 1 1 1 1 1 1 1 1 1 1 1 1 1 1 1 1 1 1 1 1 1 1 1 1 1 1 1 1 1 1 1 1 1 1 1 1 1 1 1 1 1 1 1 1 1 1 1 1 1 1 1 1 1 1 1 1 1 1 1 1 1 1 1 1 1 1 1 1 1 1 1 1 1 1 1 1 1 1 1 1 1 1 1 1 1 1 1 1 1 1 1 1 1 1 1 1 1 1 1 1 1 1 1 1 1 1 1 1 1 1 1 1 1 1 1 1 1 1 1 1 1 1 1 1 1 1 1 1 1 1 1 1 1 1 1 1 1 1 1 1 1 1 1 1 1 1 1 1 1 1 1 1 1 1 1 1 1 1 1 1 1 1 1 1 1 1 1 1 1 1 1 1 1 1 1 1 1 1 1 1 1 1 1 1 1 1 1 1 1 1 1 1 1 1 1 1 1 1 1 1 1 1 1 1 1 1 1 1 1 1 1 1 1 1 1 1 1 1 1 1 1 1 1 1 1 1 1 1 1 1 1 1 1 1 1 1 1 1 1 1 1 1 1 1 1 1 1 1 1 1 1 1 1 1 1 1 1 1 1 1 1 1 1 1 1 1 1 1 1 1 1 1 1 1 1 1 1 1 1 1 1 1 1 1 1 1 1 1 1 1 1 1 1 1 1 1 1 1 1 1 1 1 1 1 1 1 1 1 1 1 1 1 1 1 1 1 1 1 1 1 1 1 1 1 1 1 1 1 1 1 1 1 1 1 1 1 1 1 1 1 1 1 1 1 1 1 1 1 1 1 1 1 1 1 1 1 1 1 1 1 1 1 1 1 1 1 1 1 1 1 1 1 1 1 1 1 1 1 1 1 1 1 1 1 1 1 1 1 1 1 1 1 1 1 1 1 1 1 1 1 1 1 1 1 1 1 1 1 1 1 1 1 1 1 1 1 1 1 1 1 1 1 1 1 1 1 1 1 1 1 1 1 1 1 1 1 1 1 1 1 1 1 1 1 1 1 1 1 1 1 1 1 1 1 1 1 1 1 1 1 1 1 1 1 1 1 1 1 1 1 1 1 1 1 1 1 1 1 1 1 1 1 1 1 1 1 1 1 1 1 1 1 1 1 1 1 1 1 1 1 1 1 1 1 1 1 1 1 1 1 1 1 1 1 1 1 1 1 1 1 1 1 1 1 1 1 1 1 1 1 1 1 1 1 1 1 1 1 1 1 1 1 1 1 1 1 1 1 1 1 1 1 1 1 1 1 1 1 1 1 1 1 1 1 1 1 1 1 1 1 1 1 1 1 1 1 1 1 1 1 1 1 1 1 1 1 1 1 1 1 1 1 1 1 1 1 1 1 1 1 1 1 1 1 1 1 1 1 1 1 1 1 1 1 1 1 1 1 1 1 1 1 1 1 1 1 1 1 1 1 1 1 1 1 1 1 1 1 1 1 1 1 1 1 1 1 1 1 1 1 1 1 1 1 1 1 1 1 1 1 1 1 1 1 1 1 1 1 1 1 1 1 1 1 1 1 1 1 1 1 1 1 1 1 1 1 1 1 1 1 1 1 1 1 1 1 1 1 1 1 1 1 1 1 1 1 1 1 1 1 1 1 1 1 1 1 1 1 1 1 1 1 1 1 1 1 1 1 1 1 1 1 1 1 1 1 1 1 1 1 1 1 1 1 1 1 1 1 1 1 1 1 1 1 1 1 1 1 1 1 1 1 1 1 1 1 1 1 1 1 1 1 1 1 1 1 1 1 1 1 1 1 1 1 1 1 1 1 1 1 1 1 1 1 1 1 1 1 1 1 1 1 1 1 1 1 1 1 1 1 1 1 1 1 1 1 1 1 1 1 1 1 1 1 1 1 1 1 1 1 1 1 1 1 1 1 1 1 1 1 1 1 1 1 1 1 1 1 1 1 1 1 1 1 1 1 1 1 1 1 1 1 1 1 1 1 1 1 1 1 1 1 1 1 1 1 1 1 1 1 1 1 1 1 1 1 1 1 1 1 1 1 1 1 1 1 1 1 1 1 1 1 1 1 1 1 1 1 1 1 1 1 1 1 1 1 1 1 1 1 1 1 1 1 1 1 1 1 1 1 1 1 1 1 1 1 1 1 1 1 1 1 1 1 1 1 1 1 1 1 1 1 1 1 1 1 1 1 1 1 1 1 1 1 1 1 1 1 1 1 1 1 1 1 1 1 1 1 1 1 1 1 1 1 1 1 1 1 1 1 1 1 1 1 1 1 1 1 1 1 1 1 1 1 1 1 1 1 1 1 1 1 1 1 1 1 1 1 1 1 1 1 1 1 1 1 1 1 1 1 1 1 1 1 1 1 1 1 1 1 1 1 1 1 1 1 1 1 1 1 1 1 1 1 1 1 1 1 1 1 1 1 1 1 1 1 1 1 1 1 1 1 1 1 1 1 1 1 1 1 1 1 1 1 1 1 1 1 1 1 1 1 1 1 1 1 1 1 1 1 1 1 1 1 1 1 1 1 1 1 1 1 1 1 1 1 1 1 1 1 1 1 1 1 1 1 1 1 1 1 1 1 1 1 1 1 1 1 1 1 1 1 1 1 1 1 1 1 1 1 1 1 1 1 1 1 1 1 1 1 1 1 1 1 1 1 1 1 1 1 1 1 1 1 1 1 1 1 1 1 1 1 1 1 1 1 1 1 1 1 1 1 1 1 1 1 1 1 1 1 1 1 1 1 1 1 1 1 1 1 1 1 1 1 1 1 1 1 1 1 1 1 1 1 1 1 1 1 1 1 1 1 1 1 1 1 1 1 1 1 1 1 1 1 1 1 1 1 1 1 1 1 1 1 1 1 1 1 1 1 1 1 1 1 1 1 1 1 1 1 1 1 1 1 1 1 1 1 1 1 1 1 1 1 1 1 1 1 1 1 1 1 1 1 1 1 1 1 1 1 1 1 1 1 1 1 1 1 1 1 1 1 1 1 1 1 1 1 1 1 1 1 1 1 1 1 1 1 1 1 1 1 1 1 1 1 1 1 1 1 1 1 1 1 1 1 1 1 1 1 1 1 1 1 1 1 1 1 1 1 1 1 1 1 1 1 1 1 1 1 1 1 1 1 1 1 1 1 1 1 1 1 1 1 1 1 1 1 1 1 1 1 1 1 1 1 1 1 1 1 1 1 1 1 1 1 1 1 1 1 1 1 1 1 1 1 1 1 1 1 1 1 1 1 1 1 1 1 1 1 1 1 1 1 1 1 1 1 1 1 1 1 1 1 1 1 1 1 1 1 1 1 1 1 1 1 1 1 1 1 1 1 1 1 1 1 1 1 1 1 1 1 1 1 1 1 1 1 1 1 1 1 1 1 1 1 1 1 1 1 1 1 1 1 1 1 1 1 1 1 1 1 1 1 1 1 1 1 1 1 1 1 1 1 1 1 1 1 1 1 1 1 1 1 1 1 1 1 1 1 1 1 1 1 1 1 1 1 1 1 1 1 1 1 1 1 1 1 1 1 1 1 1 1 1 1 1 1 1 1 1 1 1 1 1 1 1 1 1 1 1 1 1 1 1 1 1 1 1 1 1 1 1 1 1 1 1 1 1 1 1 1 1 1 1 1 1 1 1 1 1 1 1 1 1 1 1 1 1 1 1 1 1 1 1 1 1 1 1 1 1 1 1 1 1 1 1 1 1 1 1 1 1 1 1 1 1 1 1 1 1 1 1 1 1 1 1 1 1 1 1 1 1 1 1 1 1 1 1 1 1 1 1 1 1 1 1 1 1 1 1 1 1 1 1 1 1 1 1 1 1 1 1 1 1 1 1 1 1 1 1 1 1 1 1 1 1 1 1 1 1 1 1 1 1 1 1 1 1 1 1 1 1 1 1 1 1 1 1 1 1 1 1 1 1 1 1 1 1 1 1 1 1 1 1 1 1 1 1 1 1 1 1 1 1 1 1 1 1 1 1 1 1 1 1 1 1 1 1 1 1 1 1 1 1 1 1 1 1 1 1 1 1 1 1 1 1 1 1 1 1 1 1 1 1 1 1 1 1 1 1 1 1 1 1 1 1 1 1 1 1 1 1 1 1 1 1 1 1 1 1 1 1 1 1 1 1 1 1 1 1 1 1 1 1 1 1 1 1 1 1 1 1 1 1 1 1 1 1 1 1 1 1 1 1 1 1 1 1 1 1 1 1 1 1 1 1 1 1 1 1 1 1 1 1 1 1 1 1 1 1 1 1 1 1 1 1 1 1 1 1 1 1 1 1 1 1 1 1 1 1 1 1 1 1 1 1 1 1 1 1 1 1 1 1 1 1 1 1 1 1 1 1 1 1 1 1 1 1 1 1 1 1 1 1 1 1 1 1 1 1 1 1 1 1 1 1 1 1 1 1 1 1 1 1 1 1 1 1 1 1 1 1 1 1 1 1 1 1 1 1 1 1 1 1 1 1 1 1 1 1 1 1 1 1 1 1 1 1 1 1 1 1 1 1 1 1 1 1 1 1 1 1 1 1 1 1 1 1 1 1 1 1 1 1 1 1 1 1 1 1 1 1 1 1 1 1 1 1 1 1 1 1 1 1 1 1 1 1 1 1 1 1 1 1 1 1 1 1 1 1 1 1 1 1 1 1 1 1 1 1 1 1 1 1 1 1 1 1 1 1 1 1 1 1 1 1 1 1 1 1 1 1 1 1 1 1 1 1 1 1 1 1 1 1 1 1 1 1 1 1 1 1 1 1 1 1 1 1 1 1 1 1 1 1 1 1 1 1 1 1 1 1 1 1 1 1 1 1 1 1 1 1 1 1 1 1 1 1 1 1 1 1 1 1 1 1 1 1 1 1 1 1 1 1 1 1 1 1 1 1 1 1 1 1 1 1 1 1 1 1 1 1 1 1 1 1 1 1 1 1 1 1 1 1 1 1 1 1 1 1 1 1 1 1 1 1 1 1 1 1 1 1 1 1 1 1 1 1 1 1 1 1 1 1 1 1 1 1 1 1 1 1 1 1 1 1 1 1 1 1 1 1 1 1 1 1 1 1 1 1 1 1 1 1 1 1 1 1 1 1 1 1 1 1 1 1 1 1 1 1 1 1 1 1 1 1 1 1 1 1 1 1 1 1 1 1 1 1 1 1 1 1 1 1 1 1 1 1 1 1 1 1 1 1 1 1 1 1 1 1 1 1 1 1 1 1 1 1 1 1 1 1 1 1 1 1 1 1 1 1 1 1 1 1 1 1 1 1 1 1 1 1 1 1 1 1 1 1 1 1 1 1 1 1 1 1 1 1 1 1 1 1 1 1 1 1 1 1 1 1 1 1 1 1 1 1 1 1 1 1 1 1 1 1 1 1 1 1 1 1 1 1 1 1 1 1 1 1 1 1 1 1 1 1 1 1 1 1 1 1 1 1 1 1 1 1 1 1 1 1 1 1 1 1 1 1 1 1 1 1 1 1 1 1 1 1 1 1 1 1 1 1 1 1 1 1 1 1 1 1 1 1 1 1 1 1 1 1 1 1 1 1 1 1 1 1 1 1 1 1 1 1 1 1 1 1 1 1 1 1 1 1 1 1 1 1 1 1 1 1 1 1 1 1 1 1 1 1 1 1 1 1 1 1 1 1 1 1 1 1 1 1 1 1 1 1 1 1 1 1 1 1 1 1 1 1 1 1 1 1 1 1 1 1 1 1 1 1 1 1 1 1 1 1 1 1 1 1 1 1 1 1 1 1 1 1 1 1 1 1 1 1 1 1 1 1 1 1 1 1 1 1 1 1 1 1 1 1 1 1 1 1 1 1 1 1 1 1 1 1 1 1 1 1 1 1 1 1 1 1 1 1 1 1 1 1 1 1 1 1 1 1 1 1 1 1 1 1 1 1 1 1 1 1 1 1 1 1 1 1 1 1 1 1 1 1 1 1 1 1 1 1 1 1 1 1 1 1 1 1 1 1 1 1 1 1 1 1 1 1 1 1 1 1 1 1 1 1 1 1 1 1 1 1 1 1 1 1 1 1 1 1 1 1 1 1 1 1 1 1 1 1 1 1 1 1 1 1 1 1 1 1 1 1 1 1 1 1 1 1 1 1 1 1 1 1 1 1 1 1 1 1 1 1 1 1 1 1 1 1 1 1 1 1 1 1 1 1 1 1 1 1 1 1 1 1 1 1 1 1 1 1 1 1 1 1 1 1 1 1 1 1 1 1 1 1 1 1 1 1 1 1 1 1 1 1 1 1 1 1 1 1 1 1 1 1 1 1 1 1 1 1 1 1 1 1 1 1 1 1 1 1 1 1 1 1 1 1 1 1 1 1 1 1 1 1 1 1 1 1 1 1 1 1 1 1 1 1 1 1 1 1 1 1 1 1 1 1 1 1 1 1 1 1 1 1 1 1 1 1 1 1 1 1 1 1 1 1 1 1 1 1 1 1 1 1 1 1 1 1 1 1 1 1 1 1 1 1 1 1 1 1 1 1 1 1 1 1 1 1 1 1 1 1 1 1 1 1 1 1 1 1 1 1 1 1 1 1 1 1 1 1 1 1 1 1 1 1 1 1 1 1 1 1 1 1 1 1 1 1 1 1 1 1 1 1 1 1 1 1 1 1 1 1 1 1 1 1 1 1 1 1 1 1 1 1 1 1 1 1 1 1 1 1 1 1 1 1 1 1 1 1 1 1 1 1 1 1 1 1 1 1 1 1 1 1 1 1 1 1 1 1 1 1 1 1 1 1 1 1 1 1 1 1 1 1 1 1 1 1 1 1 1 1 1 1 1 1 1 1 1 1 1 1 1 1 1 1 1 1 1 1 1 1 1 1 1 1 1 1 1 1 1 1 1 1 1 1 1 1 1 1 1 1 1 1 1 1 1 1 1 1 1 1 1 1 1 1 1 1 1 1 1 1 1 1 1 1 1 1 1 1 1 1 1 1 1 1 1 1 1 1 1 1 1 1 1 1 1 1 1 1 1 1 1 1 1 1 1 1 1 1 1 1 1 1 1 1 1 1 1 1 1 1 1 1 1 1 1 1 1 1 1 1 1 1 1 1 1 1 1 1 1 1 1 1 1 1 1 1 1 1 1 1 1 1 1 1 1 1 1 1 1 1 1 1 1 1 1 1 1 1 1 1 1 1 1 1 1 1 1 1 1 1 1 1 1 1 1 1 1 1 1 1 1 1 1 1 1 1 1 1 1 1 1 1 1 1 1 1 1 1 1 1 1 1 1 1 1 1 1 1 1 1 1 1 1 1 1 1 1 1 1 1 1 1 1 1 1 1 1 1 1 1 1 1 1 1 1 1 1 1 1 1 1 1 1 1 1 1 1 1 1 1 1 1 1 1 1 1 1 1 1 1 1 1 1 1 1 1 1 1 1 1 1 1 1 1 1 1 1 1 1 1 1 1 1 1 1 1 1 1 1 1 1 1 1 1 1 1 1 1 1 1 1 1 1 1 1 1 1 1 1 1 1 1 1 1 1 1 1 1 1 1 1 1 1 1 1 1 1 1 1 1 1 1 1 1 1 1 1 1 1 1 1 1 1 1 1 1 1 1 1 1 1 1 1 1 1 1 1 1 1 1 1 1 1 1 1 1 1 1 1 1 1 1 1 1 1 1 1 1 1 1 1 1 1 1 1 1 1 1 1 1 1 1 1 1 1 1 1 1 1 1 1 1 1 1 1 1 1 1 1 1 1 1 1 1 1 1 1 1 1 1 1 1 1 1 1 1 1 1 1 1 1 1 1 1 1 1 1 1 1 1 1 1 1 1 1 1 1 1 1 1 1 1 1 1 1 1 1 1 1 1 1 1 1 1 1 1 1 1 1 1 1 1 1 1 1 1 1 1 1 1 1 1 1 1 1 1 1 1 1 1 1 1 1 1 1 1 1 1 1 1 1 1 1 1 1 1 1 1 1 1 1 1 1 1 1 1 1 1 1 1 1 1 1 1 1 1 1 1 1 1 1 1 1 1 1 1 1 1 1 1 1 1 1 1 1 1 1 1 1 1 1 1 1 1 1 1 1 1 1 1 1 1 1 1 1 1 1 1 1 1 1 1 1 1 1 1 1 1 1 1 1 1 1 1 1 1 1 1 1 1 1 1 1 1 1 1 1 1 1 1 1 1 1 1 1 1 1 1 1 1 1 1 1 1 1 1 1 1 1 1 1 1 1 1 1 1 1 1 1 1 1 1 1 1 1 1 1 1 1 1 1 1 1 1 1 1 1 1 1 1 1 1 1 1 1 1 1 1 1 1 1 1 1 1 1 1 1 1 1 1 1 1 1 1 1 1 1 1 1 1 1 1 1 1 1 1 1 1 1 1 1 1 1 1 1 1 1 1 1 1 1 1 1 1 1 1 1 1 1 1 1 1 1 1 1 1 1 1 1 1 1 1 1 1 1 1 1 1 1 1 1 1 1 1 1 1 1 1 1 1 1 1 1 1 1 1 1 1 1 1 1 1 1 1 1 1 1 1 1 1 1 1 1 1 1 1 1 1 1 1 1 1 1 1 1 1 1 1 1 1 1 1 1 1 1 1 1 1 1 1 1 1 1 1 1 1 1 1 1 1 1 1 1 1 1 1 1 1 1 1 1 1 1 1 1 1 1 1 1 1 1 1 1 1 1 1 1 1 1 1 1 1 1 1 1 1 1 1 1 1 1 1 1 1 1 1 1 1 1 1 1 1 1 1 1 1 1 1 1 1 1 1 1 1 1 1 1 1 1 1 1 1 1 1 1 1 1 1 1 1 1 1 1 1 1 1 1 1 1 1 1 1 1 1 1 1 1 1 1 1 1 1 1 1 1 1 1 1 1 1 1 1 1 1 1 1 1 1 1 1 1 1 1 1 1 1 1 1 1 1 1 1 1 1 1 1 1 1 1 1 1 1 1 1 1 1 1 1 1 1 1 1 1 1 1 1 1 1 1 1 1 1 1 1 1 1 1 1 1 1 1 1 1 1 1 1 1 1 1 1 1 1 1 1 1 1 1 1 1 1 1 1 1 1 1 1 1 1 1 1 1 1 1 1 1 1 1 1 1 1 1 1 1 1 1 1 1 1 1 1 1 1 1 1 1 1 1 1 1 1 1 1 1 1 1 1 1 1 1 1 1 1 1 1 1 1 1 1 1 1 1 1 1 1 1 1 1 1 1 1 1 1 1 1 1 1 1 1 1 1 1 1 1 1 1 1 1 1 1 1 1 1 1 1 1 1 1 1 1 1 1 1 1 1 1 1 1 1 1 1 1 1 1 1 1 1 1 1 1 1 1 1 1 1 1 1 1 1 1 1 1 1 1 1 1 1 1 1 1 1 1 1 1 1 1 1 1 1 1 1 1 1 1 1 1 1 1 1 1 1 1 1 1 1 1 1 1 1 1 1 1 1 1 1 1 1 1 1 1 1 1 1 1 1 1 1 1 1 1 1 1 1 1 1 1 1 1 1 1 1 1 1 1 1 1 1 1 1 1 1 1 1 1 1 1 1 1 1 1 1 1 1 1 1 1 1 1 1 1 1 1 1 1 1 1 1 1 1 1 1 1 1 1 1 1 1 1 1 1 1 1 1 1 1 1 1 1 1 1 1 1 1 1 1 1 1 1 1 1 1 1 1 1 1 1 1 1 1 1 1 1 1 1 1 1 1 1 1 1 1 1 1 1 1 1 1 1 1 1 1 1 1 1 1 1 1 1 1 1 1 1 1 1 1 1 1 1 1 1 1 1 1 1 1 1 1 1 1 1 1 1 1 1 1 1 1 1 1 1 1 1 1 1 1 1 1 1 1 1 1 1 1 1 1 1 1 1 1 1 1 1 1 1 1 1 1 1 1 1 1 1 1 1 1 1 1 1 1 1 1 1 1 1 1 1 1 1 1 1 1 1 1 1 1 1 1 1 1 1 1 1 1 1 1 1 1 1 1 1 1 1 1 1 1 1 1 1 1 1 1 1 1 1 1 1 1 1 1 1 1 1 1 1 1 1 1 1 1 1 1 1 1 1 1 1 1 1 1 1 1 1 1 1 1 1 1 1 1 1 1 1 1 1 1 1 1 1 1 1 1 1 1 1 1 1 1 1 1 1 1 1 1 1 1 1 1 1 1 1 1 1 1 1 1 1 1 1 1 1 1 1 1 1 1 1 1 1 1 1 1 1 1 1 1 1 1 1 1 1 1 1 1 1 1 1 1 1 1 1 1 1 1 1 1 1 1 1 1 1 1 1 1 1 1 1 1 1 1 1 1 1 1 1 1 1 1 1 1 1 1 1 1 1 1 1 1 1 1 1 1 1 1 1 1 1 1 1 1 1 1 1 1 1 1 1 1 1 1 1 1 1 1 1 1 1 1 1 1 1 1 1 1 1 1 1 1 1 1 1 1 1 1 1 1 1 1 1 1 1 1 1 1 1 1 1 1 1 1 1 1 1 1 1 1 1 1 1 1 1 1 1 1 1 1 1 1 1 1 1 1 1 1 1 1 1 1 1 1 1 1 1 1 1 1 1 1 1 1 1 1 1 1 1 1 1 1 1 1 1 1 1 1 1 1 1 1 1 1 1 1 1 1 1 1 1 1 1 1 1 1 1 1 1 1 1 1 1 1 1 1 1 1 1 1 1 1 1 1 1 1 1 1 1 1 1 1 1 1 1 1 1 1 1 1 1 1 1 1 1 1 1 1 1 1 1 1 1 1 1 1 1 1 1 1 1 1 1 1 1 1 1 1 1 1 1 1 1 1 1 1 1 1 1 1 1 1 1 1 1 1 1 1 1 1 1 1 1 1 1 1 1 1 1 1 1 1 1 1 1 1 1 1 1 1 1 1 1 1 1 1 1 1 1 1 1 1 1 1 1 1 1 1 1 1 1 1 1 1 1 1 1 1 1 1 1 1 1 1 1 1 1 1 1 1 1 1 1 1 1 1 1 1 1 1 1 1 1 1 1 1 1 1 1 1 1 1 1 1 1 1 1 1 1 1 1 1 1 1 1 1 1 1 1 1 1 1 1 1 1 1 1 1 1 1 1 1 1 1 1 1 1 1 1 1 1 1 1 1 1 1 1 1 1 1 1 1 1 1 1 1 1 1 1 1 1 1 1 1 1 1 1 1 1 1 1 1 1 1 1 1 1 1 1 1 1 1 1 1 1 1 1 1 1 1 1 1 1 1 1 1 1 1 1 1 1 1 1 1 1 1 1 1 1 1 1 1 1 1 1 1 1 1 1 1 1 1 1 1 1 1 1 1 1 1 1 1 1 1 1 1 1 1 1 1 1 1 1 1 1 1 1 1 1 1 1 1 1 1 1 1 1 1 1 1 1 1 1 1 1 1 1 1 1 1 1 1 1 1 1 1 1 1 1 1 1 1 1 1 1 1 1 1 1 1 1 1 1 1 1 1 1 1 1 1 1 1 1 1 1 1 1 1 1 1 1 1 1 1 1 1 1 1 1 1 1 1 1 1 1 1 1 1 1 1 1 1 1 1 1 1 1 1 1 1 1 1 1 1 1 1 1 1 1 1 1</float_array>
          <technique_common>
            <accessor source="#geom-Clt_TES066_M__M_TES066_M-map-2-array" count="3590" stride="3">
              <param name="R" type="float"/>
              <param name="G" type="float"/>
              <param name="B" type="float"/>
            </accessor>
          </technique_common>
        </source>
        <source id="geom-Clt_TES066_M__M_TES066_M-map0">
          <float_array id="geom-Clt_TES066_M__M_TES066_M-map0-array" count="10770">1 1 1 1 1 1 1 1 1 1 1 1 1 1 1 1 1 1 1 1 1 1 1 1 1 1 1 1 1 1 1 1 1 1 1 1 1 1 1 1 1 1 1 1 1 1 1 1 1 1 1 1 1 1 1 1 1 1 1 1 1 1 1 1 1 1 1 1 1 1 1 1 1 1 1 1 1 1 1 1 1 1 1 1 1 1 1 1 1 1 1 1 1 1 1 1 1 1 1 1 1 1 1 1 1 1 1 1 1 1 1 1 1 1 1 1 1 1 1 1 1 1 1 1 1 1 1 1 1 1 1 1 1 1 1 1 1 1 1 1 1 1 1 1 1 1 1 1 1 1 1 1 1 1 1 1 1 1 1 1 1 1 1 1 1 1 1 1 1 1 1 1 1 1 1 1 1 1 1 1 1 1 1 1 1 1 1 1 1 1 1 1 1 1 1 1 1 1 1 1 1 1 1 1 1 1 1 1 1 1 1 1 1 1 1 1 1 1 1 1 1 1 1 1 1 1 1 1 1 1 1 1 1 1 1 1 1 1 1 1 1 1 1 1 1 1 1 1 1 1 1 1 1 1 1 1 1 1 1 1 1 1 1 1 1 1 1 1 1 1 1 1 1 1 1 1 1 1 1 1 1 1 1 1 1 1 1 1 1 1 1 1 1 1 1 1 1 1 1 1 1 1 1 1 1 1 1 1 1 1 1 1 1 1 1 1 1 1 1 1 1 1 1 1 1 1 1 1 1 1 1 1 1 1 1 1 1 1 1 1 1 1 1 1 1 1 1 1 1 1 1 1 1 1 1 1 1 1 1 1 1 1 1 1 1 1 1 1 1 1 1 1 1 1 1 1 1 1 1 1 1 1 1 1 1 1 1 1 1 1 1 1 1 1 1 1 1 1 1 1 1 1 1 1 1 1 1 1 1 1 1 1 1 1 1 1 1 1 1 1 1 1 1 1 1 1 1 1 1 1 1 1 1 1 1 1 1 1 1 1 1 1 1 1 1 1 1 1 1 1 1 1 1 1 1 1 1 1 1 1 1 1 1 1 1 1 1 1 1 1 1 1 1 1 1 1 1 1 1 1 1 1 1 1 1 1 1 1 1 1 1 1 1 1 1 1 1 1 1 1 1 1 1 1 1 1 1 1 1 1 1 1 1 1 1 1 1 1 1 1 1 1 1 1 1 1 1 1 1 1 1 1 1 1 1 1 1 1 1 1 1 1 1 1 1 1 1 1 1 1 1 1 1 1 1 1 1 1 1 1 1 1 1 1 1 1 1 1 1 1 1 1 1 1 1 1 1 1 1 1 1 1 1 1 1 1 1 1 1 1 1 1 1 1 1 1 1 1 1 1 1 1 1 1 1 1 1 1 1 1 1 1 1 1 1 1 1 1 1 1 1 1 1 1 1 1 1 1 1 1 1 1 1 1 1 1 1 1 1 1 1 1 1 1 1 1 1 1 1 1 1 1 1 1 1 1 1 1 1 1 1 1 1 1 1 1 1 1 1 1 1 1 1 1 1 1 1 1 1 1 1 1 1 1 1 1 1 1 1 1 1 1 1 1 1 1 1 1 1 1 1 1 1 1 1 1 1 1 1 1 1 1 1 1 1 1 1 1 1 1 1 1 1 1 1 1 1 1 1 1 1 1 1 1 1 1 1 1 1 1 1 1 1 1 1 1 1 1 1 1 1 1 1 1 1 1 1 1 1 1 1 1 1 1 1 1 1 1 1 1 1 1 1 1 1 1 1 1 1 1 1 1 1 1 1 1 1 1 1 1 1 1 1 1 1 1 1 1 1 1 1 1 1 1 1 1 1 1 1 1 1 1 1 1 1 1 1 1 1 1 1 1 1 1 1 1 1 1 1 1 1 1 1 1 1 1 1 1 1 1 1 1 1 1 1 1 1 1 1 1 1 1 1 1 1 1 1 1 1 1 1 1 1 1 1 1 1 1 1 1 1 1 1 1 1 1 1 1 1 1 1 1 1 1 1 1 1 1 1 1 1 1 1 1 1 1 1 1 1 1 1 1 1 1 1 1 1 1 1 1 1 1 1 1 1 1 1 1 1 1 1 1 1 1 1 1 1 1 1 1 1 1 1 1 1 1 1 1 1 1 1 1 1 1 1 1 1 1 1 1 1 1 1 1 1 1 1 1 1 1 1 1 1 1 1 1 1 1 1 1 1 1 1 1 1 1 1 1 1 1 1 1 1 1 1 1 1 1 1 1 1 1 1 1 1 1 1 1 1 1 1 1 1 1 1 1 1 1 1 1 1 1 1 1 1 1 1 1 1 1 1 1 1 1 1 1 1 1 1 1 1 1 1 1 1 1 1 1 1 1 1 1 1 1 1 1 1 1 1 1 1 1 1 1 1 1 1 1 1 1 1 1 1 1 1 1 1 1 1 1 1 1 1 1 1 1 1 1 1 1 1 1 1 1 1 1 1 1 1 1 1 1 1 1 1 1 1 1 1 1 1 1 1 1 1 1 1 1 1 1 1 1 1 1 1 1 1 1 1 1 1 1 1 1 1 1 1 1 1 1 1 1 1 1 1 1 1 1 1 1 1 1 1 1 1 1 1 1 1 1 1 1 1 1 1 1 1 1 1 1 1 1 1 1 1 1 1 1 1 1 1 1 1 1 1 1 1 1 1 1 1 1 1 1 1 1 1 1 1 1 1 1 1 1 1 1 1 1 1 1 1 1 1 1 1 1 1 1 1 1 1 1 1 1 1 1 1 1 1 1 1 1 1 1 1 1 1 1 1 1 1 1 1 1 1 1 1 1 1 1 1 1 1 1 1 1 1 1 1 1 1 1 1 1 1 1 1 1 1 1 1 1 1 1 1 1 1 1 1 1 1 1 1 1 1 1 1 1 1 1 1 1 1 1 1 1 1 1 1 1 1 1 1 1 1 1 1 1 1 1 1 1 1 1 1 1 1 1 1 1 1 1 1 1 1 1 1 1 1 1 1 1 1 1 1 1 1 1 1 1 1 1 1 1 1 1 1 1 1 1 1 1 1 1 1 1 1 1 1 1 1 1 1 1 1 1 1 1 1 1 1 1 1 1 1 1 1 1 1 1 1 1 1 1 1 1 1 1 1 1 1 1 1 1 1 1 1 1 1 1 1 1 1 1 1 1 1 1 1 1 1 1 1 1 1 1 1 1 1 1 1 1 1 1 1 1 1 1 1 1 1 1 1 1 1 1 1 1 1 1 1 1 1 1 1 1 1 1 1 1 1 1 1 1 1 1 1 1 1 1 1 1 1 1 1 1 1 1 1 1 1 1 1 1 1 1 1 1 1 1 1 1 1 1 1 1 1 1 1 1 1 1 1 1 1 1 1 1 1 1 1 1 1 1 1 1 1 1 1 1 1 1 1 1 1 1 1 1 1 1 1 1 1 1 1 1 1 1 1 1 1 1 1 1 1 1 1 1 1 1 1 1 1 1 1 1 1 1 1 1 1 1 1 1 1 1 1 1 1 1 1 1 1 1 1 1 1 1 1 1 1 1 1 1 1 1 1 1 1 1 1 1 1 1 1 1 1 1 1 1 1 1 1 1 1 1 1 1 1 1 1 1 1 1 1 1 1 1 1 1 1 1 1 1 1 1 1 1 1 1 1 1 1 1 1 1 1 1 1 1 1 1 1 1 1 1 1 1 1 1 1 1 1 1 1 1 1 1 1 1 1 1 1 1 1 1 1 1 1 1 1 1 1 1 1 1 1 1 1 1 1 1 1 1 1 1 1 1 1 1 1 1 1 1 1 1 1 1 1 1 1 1 1 1 1 1 1 1 1 1 1 1 1 1 1 1 1 1 1 1 1 1 1 1 1 1 1 1 1 1 1 1 1 1 1 1 1 1 1 1 1 1 1 1 1 1 1 1 1 1 1 1 1 1 1 1 1 1 1 1 1 1 1 1 1 1 1 1 1 1 1 1 1 1 1 1 1 1 1 1 1 1 1 1 1 1 1 1 1 1 1 1 1 1 1 1 1 1 1 1 1 1 1 1 1 1 1 1 1 1 1 1 1 1 1 1 1 1 1 1 1 1 1 1 1 1 1 1 1 1 1 1 1 1 1 1 1 1 1 1 1 1 1 1 1 1 1 1 1 1 1 1 1 1 1 1 1 1 1 1 1 1 1 1 1 1 1 1 1 1 1 1 1 1 1 1 1 1 1 1 1 1 1 1 1 1 1 1 1 1 1 1 1 1 1 1 1 1 1 1 1 1 1 1 1 1 1 1 1 1 1 1 1 1 1 1 1 1 1 1 1 1 1 1 1 1 1 1 1 1 1 1 1 1 1 1 1 1 1 1 1 1 1 1 1 1 1 1 1 1 1 1 1 1 1 1 1 1 1 1 1 1 1 1 1 1 1 1 1 1 1 1 1 1 1 1 1 1 1 1 1 1 1 1 1 1 1 1 1 1 1 1 1 1 1 1 1 1 1 1 1 1 1 1 1 1 1 1 1 1 1 1 1 1 1 1 1 1 1 1 1 1 1 1 1 1 1 1 1 1 1 1 1 1 1 1 1 1 1 1 1 1 1 1 1 1 1 1 1 1 1 1 1 1 1 1 1 1 1 1 1 1 1 1 1 1 1 1 1 1 1 1 1 1 1 1 1 1 1 1 1 1 1 1 1 1 1 1 1 1 1 1 1 1 1 1 1 1 1 1 1 1 1 1 1 1 1 1 1 1 1 1 1 1 1 1 1 1 1 1 1 1 1 1 1 1 1 1 1 1 1 1 1 1 1 1 1 1 1 1 1 1 1 1 1 1 1 1 1 1 1 1 1 1 1 1 1 1 1 1 1 1 1 1 1 1 1 1 1 1 1 1 1 1 1 1 1 1 1 1 1 1 1 1 1 1 1 1 1 1 1 1 1 1 1 1 1 1 1 1 1 1 1 1 1 1 1 1 1 1 1 1 1 1 1 1 1 1 1 1 1 1 1 1 1 1 1 1 1 1 1 1 1 1 1 1 1 1 1 1 1 1 1 1 1 1 1 1 1 1 1 1 1 1 1 1 1 1 1 1 1 1 1 1 1 1 1 1 1 1 1 1 1 1 1 1 1 1 1 1 1 1 1 1 1 1 1 1 1 1 1 1 1 1 1 1 1 1 1 1 1 1 1 1 1 1 1 1 1 1 1 1 1 1 1 1 1 1 1 1 1 1 1 1 1 1 1 1 1 1 1 1 1 1 1 1 1 1 1 1 1 1 1 1 1 1 1 1 1 1 1 1 1 1 1 1 1 1 1 1 1 1 1 1 1 1 1 1 1 1 1 1 1 1 1 1 1 1 1 1 1 1 1 1 1 1 1 1 1 1 1 1 1 1 1 1 1 1 1 1 1 1 1 1 1 1 1 1 1 1 1 1 1 1 1 1 1 1 1 1 1 1 1 1 1 1 1 1 1 1 1 1 1 1 1 1 1 1 1 1 1 1 1 1 1 1 1 1 1 1 1 1 1 1 1 1 1 1 1 1 1 1 1 1 1 1 1 1 1 1 1 1 1 1 1 1 1 1 1 1 1 1 1 1 1 1 1 1 1 1 1 1 1 1 1 1 1 1 1 1 1 1 1 1 1 1 1 1 1 1 1 1 1 1 1 1 1 1 1 1 1 1 1 1 1 1 1 1 1 1 1 1 1 1 1 1 1 1 1 1 1 1 1 1 1 1 1 1 1 1 1 1 1 1 1 1 1 1 1 1 1 1 1 1 1 1 1 1 1 1 1 1 1 1 1 1 1 1 1 1 1 1 1 1 1 1 1 1 1 1 1 1 1 1 1 1 1 1 1 1 1 1 1 1 1 1 1 1 1 1 1 1 1 1 1 1 1 1 1 1 1 1 1 1 1 1 1 1 1 1 1 1 1 1 1 1 1 1 1 1 1 1 1 1 1 1 1 1 1 1 1 1 1 1 1 1 1 1 1 1 1 1 1 1 1 1 1 1 1 1 1 1 1 1 1 1 1 1 1 1 1 1 1 1 1 1 1 1 1 1 1 1 1 1 1 1 1 1 1 1 1 1 1 1 1 1 1 1 1 1 1 1 1 1 1 1 1 1 1 1 1 1 1 1 1 1 1 1 1 1 1 1 1 1 1 1 1 1 1 1 1 1 1 1 1 1 1 1 1 1 1 1 1 1 1 1 1 1 1 1 1 1 1 1 1 1 1 1 1 1 1 1 1 1 1 1 1 1 1 1 1 1 1 1 1 1 1 1 1 1 1 1 1 1 1 1 1 1 1 1 1 1 1 1 1 1 1 1 1 1 1 1 1 1 1 1 1 1 1 1 1 1 1 1 1 1 1 1 1 1 1 1 1 1 1 1 1 1 1 1 1 1 1 1 1 1 1 1 1 1 1 1 1 1 1 1 1 1 1 1 1 1 1 1 1 1 1 1 1 1 1 1 1 1 1 1 1 1 1 1 1 1 1 1 1 1 1 1 1 1 1 1 1 1 1 1 1 1 1 1 1 1 1 1 1 1 1 1 1 1 1 1 1 1 1 1 1 1 1 1 1 1 1 1 1 1 1 1 1 1 1 1 1 1 1 1 1 1 1 1 1 1 1 1 1 1 1 1 1 1 1 1 1 1 1 1 1 1 1 1 1 1 1 1 1 1 1 1 1 1 1 1 1 1 1 1 1 1 1 1 1 1 1 1 1 1 1 1 1 1 1 1 1 1 1 1 1 1 1 1 1 1 1 1 1 1 1 1 1 1 1 1 1 1 1 1 1 1 1 1 1 1 1 1 1 1 1 1 1 1 1 1 1 1 1 1 1 1 1 1 1 1 1 1 1 1 1 1 1 1 1 1 1 1 1 1 1 1 1 1 1 1 1 1 1 1 1 1 1 1 1 1 1 1 1 1 1 1 1 1 1 1 1 1 1 1 1 1 1 1 1 1 1 1 1 1 1 1 1 1 1 1 1 1 1 1 1 1 1 1 1 1 1 1 1 1 1 1 1 1 1 1 1 1 1 1 1 1 1 1 1 1 1 1 1 1 1 1 1 1 1 1 1 1 1 1 1 1 1 1 1 1 1 1 1 1 1 1 1 1 1 1 1 1 1 1 1 1 1 1 1 1 1 1 1 1 1 1 1 1 1 1 1 1 1 1 1 1 1 1 1 1 1 1 1 1 1 1 1 1 1 1 1 1 1 1 1 1 1 1 1 1 1 1 1 1 1 1 1 1 1 1 1 1 1 1 1 1 1 1 1 1 1 1 1 1 1 1 1 1 1 1 1 1 1 1 1 1 1 1 1 1 1 1 1 1 1 1 1 1 1 1 1 1 1 1 1 1 1 1 1 1 1 1 1 1 1 1 1 1 1 1 1 1 1 1 1 1 1 1 1 1 1 1 1 1 1 1 1 1 1 1 1 1 1 1 1 1 1 1 1 1 1 1 1 1 1 1 1 1 1 1 1 1 1 1 1 1 1 1 1 1 1 1 1 1 1 1 1 1 1 1 1 1 1 1 1 1 1 1 1 1 1 1 1 1 1 1 1 1 1 1 1 1 1 1 1 1 1 1 1 1 1 1 1 1 1 1 1 1 1 1 1 1 1 1 1 1 1 1 1 1 1 1 1 1 1 1 1 1 1 1 1 1 1 1 1 1 1 1 1 1 1 1 1 1 1 1 1 1 1 1 1 1 1 1 1 1 1 1 1 1 1 1 1 1 1 1 1 1 1 1 1 1 1 1 1 1 1 1 1 1 1 1 1 1 1 1 1 1 1 1 1 1 1 1 1 1 1 1 1 1 1 1 1 1 1 1 1 1 1 1 1 1 1 1 1 1 1 1 1 1 1 1 1 1 1 1 1 1 1 1 1 1 1 1 1 1 1 1 1 1 1 1 1 1 1 1 1 1 1 1 1 1 1 1 1 1 1 1 1 1 1 1 1 1 1 1 1 1 1 1 1 1 1 1 1 1 1 1 1 1 1 1 1 1 1 1 1 1 1 1 1 1 1 1 1 1 1 1 1 1 1 1 1 1 1 1 1 1 1 1 1 1 1 1 1 1 1 1 1 1 1 1 1 1 1 1 1 1 1 1 1 1 1 1 1 1 1 1 1 1 1 1 1 1 1 1 1 1 1 1 1 1 1 1 1 1 1 1 1 1 1 1 1 1 1 1 1 1 1 1 1 1 1 1 1 1 1 1 1 1 1 1 1 1 1 1 1 1 1 1 1 1 1 1 1 1 1 1 1 1 1 1 1 1 1 1 1 1 1 1 1 1 1 1 1 1 1 1 1 1 1 1 1 1 1 1 1 1 1 1 1 1 1 1 1 1 1 1 1 1 1 1 1 1 1 1 1 1 1 1 1 1 1 1 1 1 1 1 1 1 1 1 1 1 1 1 1 1 1 1 1 1 1 1 1 1 1 1 1 1 1 1 1 1 1 1 1 1 1 1 1 1 1 1 1 1 1 1 1 1 1 1 1 1 1 1 1 1 1 1 1 1 1 1 1 1 1 1 1 1 1 1 1 1 1 1 1 1 1 1 1 1 1 1 1 1 1 1 1 1 1 1 1 1 1 1 1 1 1 1 1 1 1 1 1 1 1 1 1 1 1 1 1 1 1 1 1 1 1 1 1 1 1 1 1 1 1 1 1 1 1 1 1 1 1 1 1 1 1 1 1 1 1 1 1 1 1 1 1 1 1 1 1 1 1 1 1 1 1 1 1 1 1 1 1 1 1 1 1 1 1 1 1 1 1 1 1 1 1 1 1 1 1 1 1 1 1 1 1 1 1 1 1 1 1 1 1 1 1 1 1 1 1 1 1 1 1 1 1 1 1 1 1 1 1 1 1 1 1 1 1 1 1 1 1 1 1 1 1 1 1 1 1 1 1 1 1 1 1 1 1 1 1 1 1 1 1 1 1 1 1 1 1 1 1 1 1 1 1 1 1 1 1 1 1 1 1 1 1 1 1 1 1 1 1 1 1 1 1 1 1 1 1 1 1 1 1 1 1 1 1 1 1 1 1 1 1 1 1 1 1 1 1 1 1 1 1 1 1 1 1 1 1 1 1 1 1 1 1 1 1 1 1 1 1 1 1 1 1 1 1 1 1 1 1 1 1 1 1 1 1 1 1 1 1 1 1 1 1 1 1 1 1 1 1 1 1 1 1 1 1 1 1 1 1 1 1 1 1 1 1 1 1 1 1 1 1 1 1 1 1 1 1 1 1 1 1 1 1 1 1 1 1 1 1 1 1 1 1 1 1 1 1 1 1 1 1 1 1 1 1 1 1 1 1 1 1 1 1 1 1 1 1 1 1 1 1 1 1 1 1 1 1 1 1 1 1 1 1 1 1 1 1 1 1 1 1 1 1 1 1 1 1 1 1 1 1 1 1 1 1 1 1 1 1 1 1 1 1 1 1 1 1 1 1 1 1 1 1 1 1 1 1 1 1 1 1 1 1 1 1 1 1 1 1 1 1 1 1 1 1 1 1 1 1 1 1 1 1 1 1 1 1 1 1 1 1 1 1 1 1 1 1 1 1 1 1 1 1 1 1 1 1 1 1 1 1 1 1 1 1 1 1 1 1 1 1 1 1 1 1 1 1 1 1 1 1 1 1 1 1 1 1 1 1 1 1 1 1 1 1 1 1 1 1 1 1 1 1 1 1 1 1 1 1 1 1 1 1 1 1 1 1 1 1 1 1 1 1 1 1 1 1 1 1 1 1 1 1 1 1 1 1 1 1 1 1 1 1 1 1 1 1 1 1 1 1 1 1 1 1 1 1 1 1 1 1 1 1 1 1 1 1 1 1 1 1 1 1 1 1 1 1 1 1 1 1 1 1 1 1 1 1 1 1 1 1 1 1 1 1 1 1 1 1 1 1 1 1 1 1 1 1 1 1 1 1 1 1 1 1 1 1 1 1 1 1 1 1 1 1 1 1 1 1 1 1 1 1 1 1 1 1 1 1 1 1 1 1 1 1 1 1 1 1 1 1 1 1 1 1 1 1 1 1 1 1 1 1 1 1 1 1 1 1 1 1 1 1 1 1 1 1 1 1 1 1 1 1 1 1 1 1 1 1 1 1 1 1 1 1 1 1 1 1 1 1 1 1 1 1 1 1 1 1 1 1 1 1 1 1 1 1 1 1 1 1 1 1 1 1 1 1 1 1 1 1 1 1 1 1 1 1 1 1 1 1 1 1 1 1 1 1 1 1 1 1 1 1 1 1 1 1 1 1 1 1 1 1 1 1 1 1 1 1 1 1 1 1 1 1 1 1 1 1 1 1 1 1 1 1 1 1 1 1 1 1 1 1 1 1 1 1 1 1 1 1 1 1 1 1 1 1 1 1 1 1 1 1 1 1 1 1 1 1 1 1 1 1 1 1 1 1 1 1 1 1 1 1 1 1 1 1 1 1 1 1 1 1 1 1 1 1 1 1 1 1 1 1 1 1 1 1 1 1 1 1 1 1 1 1 1 1 1 1 1 1 1 1 1 1 1 1 1 1 1 1 1 1 1 1 1 1 1 1 1 1 1 1 1 1 1 1 1 1 1 1 1 1 1 1 1 1 1 1 1 1 1 1 1 1 1 1 1 1 1 1 1 1 1 1 1 1 1 1 1 1 1 1 1 1 1 1 1 1 1 1 1 1 1 1 1 1 1 1 1 1 1 1 1 1 1 1 1 1 1 1 1 1 1 1 1 1 1 1 1 1 1 1 1 1 1 1 1 1 1 1 1 1 1 1 1 1 1 1 1 1 1 1 1 1 1 1 1 1 1 1 1 1 1 1 1 1 1 1 1 1 1 1 1 1 1 1 1 1 1 1 1 1 1 1 1 1 1 1 1 1 1 1 1 1 1 1 1 1 1 1 1 1 1 1 1 1 1 1 1 1 1 1 1 1 1 1 1 1 1 1 1 1 1 1 1 1 1 1 1 1 1 1 1 1 1 1 1 1 1 1 1 1 1 1 1 1 1 1 1 1 1 1 1 1 1 1 1 1 1 1 1 1 1 1 1 1 1 1 1 1 1 1 1 1 1 1 1 1 1 1 1 1 1 1 1 1 1 1 1 1 1 1 1 1 1 1 1 1 1 1 1 1 1 1 1 1 1 1 1 1 1 1 1 1 1 1 1 1 1 1 1 1 1 1 1 1 1 1 1 1 1 1 1 1 1 1 1 1 1 1 1 1 1 1 1 1 1 1 1 1 1 1 1 1 1 1 1 1 1 1 1 1 1 1 1 1 1 1 1 1 1 1 1 1 1 1 1 1 1 1 1 1 1 1 1 1 1 1 1 1 1 1 1 1 1 1 1 1 1 1 1 1 1 1 1 1 1 1 1 1 1 1 1 1 1 1 1 1 1 1 1 1 1 1 1 1 1 1 1 1 1 1 1 1 1 1 1 1 1 1 1 1 1 1 1 1 1 1 1 1 1 1 1 1 1 1 1 1 1 1 1 1 1 1 1 1 1 1 1 1 1 1 1 1 1 1 1 1 1 1 1 1 1 1 1 1 1 1 1 1 1 1 1 1 1 1 1 1 1 1 1 1 1 1 1 1 1 1 1 1 1 1 1 1 1 1 1 1 1 1 1 1 1 1 1 1 1 1 1 1 1 1 1 1 1 1 1 1 1 1 1 1 1 1 1 1 1 1 1 1 1 1 1 1 1 1 1 1 1 1 1 1 1 1 1 1 1 1 1 1 1 1 1 1 1 1 1 1 1 1 1 1 1 1 1 1 1 1 1 1 1 1 1 1 1 1 1 1 1 1 1 1 1 1 1 1 1 1 1 1 1 1 1 1 1 1 1 1 1 1 1 1 1 1 1 1 1 1 1 1 1 1 1 1 1 1 1 1 1 1 1 1 1 1 1 1 1 1 1 1 1 1 1 1 1 1 1 1 1 1 1 1 1 1 1 1 1 1 1 1 1 1 1 1 1 1 1 1 1 1 1 1 1 1 1 1 1 1 1 1 1 1 1 1 1 1 1 1 1 1 1 1 1 1 1 1 1 1 1 1 1 1 1 1 1 1 1 1 1 1 1 1 1 1 1 1 1 1 1 1 1 1 1 1 1 1 1 1 1 1 1 1 1 1 1 1 1 1 1 1 1 1 1 1 1 1 1 1 1 1 1 1 1 1 1 1 1 1 1 1 1 1 1 1 1 1 1 1 1 1 1 1 1 1 1 1 1 1 1 1 1 1 1 1 1 1 1 1 1 1 1 1 1 1 1 1 1 1 1 1 1 1 1 1 1 1 1 1 1 1 1 1 1 1 1 1 1 1 1 1 1 1 1 1 1 1 1 1 1 1 1 1 1 1 1 1 1 1 1 1 1 1 1 1 1 1 1 1 1 1 1 1 1 1 1 1 1 1 1 1 1 1 1 1 1 1 1 1 1 1 1 1 1 1 1 1 1 1 1 1 1 1 1 1 1 1 1 1 1 1 1 1 1 1 1 1 1 1 1 1 1 1 1 1 1 1 1 1 1 1 1 1 1 1 1 1 1 1 1 1 1 1 1 1 1 1 1 1 1 1 1 1 1 1 1 1 1 1 1 1 1 1 1 1 1 1 1 1 1 1 1 1 1 1 1 1 1 1 1 1 1 1 1 1 1 1 1 1 1 1 1 1 1 1 1 1 1 1 1 1 1 1 1 1 1 1 1 1 1 1 1 1 1 1 1 1 1 1 1 1 1 1 1 1 1 1 1 1 1 1 1 1 1 1 1 1 1 1 1 1 1 1 1 1 1 1 1 1 1 1 1 1 1 1 1 1 1 1 1 1 1 1 1 1 1 1 1 1 1 1 1 1 1 1 1 1 1 1 1 1 1 1 1 1 1 1 1 1 1 1 1 1 1 1 1 1 1 1 1 1 1 1 1 1 1 1 1 1 1 1 1 1 1 1 1 1 1 1 1 1 1 1 1 1 1 1 1 1 1 1 1 1 1 1 1 1 1 1 1 1 1 1 1 1 1 1 1 1 1 1 1 1 1 1 1 1 1 1 1 1 1 1 1 1 1 1 1 1 1 1 1 1 1 1 1 1 1 1 1 1 1 1 1 1 1 1 1 1 1 1 1 1 1 1 1 1 1 1 1 1 1 1 1 1 1 1 1 1 1 1 1 1 1 1 1 1 1 1 1 1 1 1 1 1 1 1 1 1 1 1 1 1 1 1 1 1 1 1 1 1 1 1 1 1 1 1 1 1 1 1 1 1 1 1 1 1 1 1 1 1 1 1 1 1 1 1 1 1 1 1 1 1 1 1 1 1 1 1 1 1 1 1 1 1 1 1 1 1 1 1 1 1 1 1 1 1 1 1 1 1 1 1 1 1 1 1 1 1 1 1 1 1 1 1 1 1 1 1 1 1 1 1 1 1 1 1 1 1 1 1 1 1 1 1 1 1 1 1 1 1 1 1 1 1 1 1 1 1 1 1 1 1 1 1 1 1 1 1 1 1 1 1 1 1 1 1 1 1 1 1 1 1 1 1 1 1 1 1 1 1 1 1 1 1 1 1 1 1 1 1 1 1 1 1 1 1 1 1 1 1 1 1 1 1 1 1 1 1 1 1 1 1 1 1 1 1 1 1 1 1 1 1 1 1 1 1 1 1 1 1 1 1 1 1 1 1 1 1 1 1 1 1 1 1 1 1 1 1 1 1 1 1 1 1 1 1 1 1 1 1 1 1 1 1 1 1 1 1 1 1 1 1 1 1 1 1 1 1 1 1 1 1 1 1 1 1 1 1 1 1 1 1 1 1 1 1 1 1 1 1 1 1 1 1 1 1 1 1 1 1 1 1 1 1 1 1 1 1 1 1 1 1 1 1 1 1 1 1 1 1 1 1 1 1 1 1 1 1 1 1 1 1 1 1 1 1 1 1 1 1 1 1 1 1 1 1 1 1 1 1 1 1 1 1 1 1 1 1 1 1 1 1 1 1 1 1 1 1 1 1 1 1 1 1 1 1 1 1 1 1 1 1 1 1 1 1 1 1 1 1 1 1 1 1 1 1 1 1 1 1 1 1 1 1 1 1 1 1 1 1 1 1 1 1 1 1 1 1 1 1 1 1 1 1 1 1 1 1 1 1 1 1 1 1 1 1 1 1 1 1 1 1 1 1 1 1 1 1 1 1 1 1 1 1 1 1 1 1 1 1 1 1 1 1 1 1 1 1 1 1 1 1 1 1 1 1 1 1 1 1 1 1 1 1 1 1 1 1 1 1 1 1 1 1 1 1 1 1 1 1 1 1 1 1 1 1 1 1 1 1 1 1 1 1 1 1 1 1 1 1 1 1 1 1 1 1 1 1 1 1 1 1 1 1 1 1 1 1 1 1 1 1 1 1 1 1 1 1 1 1 1 1 1 1 1 1 1 1 1 1 1 1 1 1 1 1 1 1 1 1 1 1 1 1 1 1 1 1 1 1 1 1 1 1 1 1 1 1 1 1 1 1 1 1 1 1 1 1 1 1 1 1 1 1 1 1 1 1 1 1 1 1 1 1 1 1 1 1 1 1 1 1 1 1 1 1 1 1 1 1 1 1 1 1 1 1 1 1 1 1 1 1 1 1 1 1 1 1 1 1 1 1 1 1 1 1 1 1 1 1 1 1 1 1 1 1 1 1 1 1 1 1 1 1 1 1 1 1 1 1 1 1 1 1 1 1 1 1 1 1 1 1 1 1 1 1 1 1 1 1 1 1 1 1 1 1 1 1 1 1 1 1 1 1 1 1 1 1 1 1 1 1 1 1 1 1 1 1 1 1 1 1 1 1 1 1 1 1 1 1 1 1 1 1 1 1 1 1 1 1 1 1 1 1 1 1 1 1 1 1 1 1 1 1 1 1 1 1 1 1 1 1 1 1 1 1 1 1 1 1 1 1 1 1 1 1 1 1 1 1 1 1 1 1 1 1 1 1 1 1 1 1 1 1 1 1 1 1 1 1 1 1 1 1 1 1 1 1 1 1 1 1 1 1 1 1 1 1 1 1 1 1 1 1 1 1 1 1 1 1 1 1 1 1 1 1 1 1 1 1 1 1 1 1 1 1 1 1 1 1 1 1 1 1 1 1 1 1 1 1 1 1 1 1 1 1 1 1 1 1 1 1 1 1 1 1 1 1 1 1 1 1 1 1 1 1 1 1 1 1 1 1 1 1 1 1 1 1 1 1 1 1 1 1 1 1 1 1 1 1 1 1 1 1 1 1 1 1 1 1 1 1 1 1 1 1 1 1 1 1 1 1 1 1 1 1 1 1 1 1 1 1 1 1 1 1 1 1 1 1 1 1 1 1 1 1 1 1 1 1 1 1 1 1 1 1 1 1 1 1 1 1 1 1 1 1 1 1 1 1 1 1 1 1 1 1 1 1 1 1 1 1 1 1 1 1 1 1 1 1 1 1 1 1 1 1 1 1 1 1 1 1 1 1 1 1 1 1 1 1 1 1 1 1 1 1 1 1 1 1 1 1 1 1 1 1 1 1 1 1 1 1 1 1 1 1 1 1 1 1 1 1 1 1 1 1 1 1 1 1 1 1 1 1 1 1 1 1 1 1 1 1 1 1 1 1 1 1 1 1 1 1 1 1 1 1 1 1 1 1 1 1 1 1 1 1 1 1 1 1 1 1 1 1 1 1 1 1 1 1 1 1 1 1 1 1 1 1 1 1 1 1 1 1 1 1 1 1 1 1 1 1 1 1 1 1 1 1 1 1 1 1 1 1 1 1 1 1 1 1 1 1 1 1 1 1 1 1 1 1 1 1 1 1 1 1 1 1 1 1 1 1 1 1 1 1 1 1 1 1 1 1 1 1 1 1 1 1 1 1 1 1 1 1 1 1 1 1 1 1 1 1 1 1 1 1 1 1 1 1 1 1 1 1 1 1 1 1 1 1 1 1 1 1 1 1 1 1 1 1 1 1 1 1 1 1 1 1 1 1 1 1 1 1 1 1 1 1 1 1 1 1 1 1 1 1 1 1 1 1 1 1 1 1 1 1 1 1 1 1 1 1 1 1 1 1 1 1 1 1 1 1 1 1 1 1 1 1 1 1 1 1 1 1 1 1 1 1 1 1 1 1 1 1 1 1 1 1 1 1 1 1 1 1 1 1 1 1 1 1 1 1 1 1 1 1 1 1 1 1 1 1 1 1 1 1 1 1 1 1 1 1 1 1 1 1 1 1 1 1 1 1 1 1 1 1 1 1 1 1 1 1 1 1 1 1 1 1 1 1 1 1 1 1 1 1 1 1 1 1 1 1 1 1 1 1 1 1 1 1 1 1 1 1 1 1 1 1 1 1 1 1 1 1 1 1 1 1 1 1 1 1 1 1 1 1 1 1 1 1 1 1 1 1 1 1 1 1 1 1 1 1 1 1 1 1 1 1 1 1 1 1 1 1 1 1 1 1 1 1 1 1 1 1 1 1 1 1 1 1 1 1 1 1 1 1 1 1 1 1 1 1 1 1 1 1 1 1 1 1 1 1 1 1 1 1 1 1 1 1 1 1 1 1 1 1 1 1 1 1 1 1 1 1 1 1 1 1 1 1 1 1 1 1 1 1 1 1 1 1 1 1 1 1 1 1 1 1 1 1 1 1 1 1 1 1 1 1 1 1 1 1 1 1 1 1 1 1 1 1 1 1 1 1 1 1 1 1 1 1 1 1 1 1 1 1 1 1 1 1 1 1 1 1 1 1 1 1 1 1 1 1 1 1 1 1 1 1 1 1 1 1 1 1 1 1 1 1 1 1 1 1 1 1 1 1 1 1 1 1 1 1 1 1 1 1 1 1 1 1 1 1 1 1 1 1 1 1 1 1 1 1 1 1 1 1 1 1 1 1 1 1 1 1 1 1 1 1 1 1 1 1 1 1 1 1 1 1 1 1 1 1 1 1 1 1 1 1 1 1 1 1 1 1 1 1 1 1 1 1 1 1 1 1 1 1 1 1 1 1 1 1 1 1 1 1 1 1 1 1 1 1 1 1 1 1 1 1 1 1 1 1 1 1 1 1 1 1 1 1 1 1 1 1 1 1 1 1 1 1 1 1 1 1 1 1 1 1 1 1 1 1 1 1 1 1 1 1 1 1 1 1 1 1 1 1 1 1 1 1 1 1 1 1 1 1 1 1 1 1 1 1 1 1 1 1 1 1 1 1 1 1 1 1 1 1 1 1 1 1 1 1 1 1 1 1 1 1 1 1 1 1 1 1 1 1 1 1 1 1 1 1 1 1 1 1 1 1 1 1 1 1 1 1 1 1 1 1 1 1 1 1 1 1 1 1 1 1 1 1 1 1 1 1 1 1 1 1 1 1 1 1 1 1 1 1 1 1 1 1 1 1 1 1 1 1 1 1 1 1 1 1 1 1 1 1 1 1 1 1 1 1 1 1 1 1 1 1 1 1 1 1 1 1 1 1 1 1 1 1 1 1 1 1 1 1 1 1 1 1 1 1 1 1 1 1 1 1 1 1 1 1 1 1 1 1 1 1 1 1 1 1 1 1 1 1 1 1 1 1 1 1 1 1 1 1 1 1 1 1 1 1 1 1 1 1 1 1 1 1 1 1 1 1 1 1 1 1 1 1 1 1 1 1 1 1 1 1 1 1 1 1 1 1 1 1 1 1 1 1 1 1 1 1 1 1 1 1 1 1 1 1 1 1 1 1 1 1 1 1 1 1 1 1 1 1 1 1 1 1 1 1 1 1 1 1 1 1 1 1 1 1 1 1 1 1 1 1 1 1 1 1 1 1 1 1 1 1 1 1 1 1 1 1 1 1 1 1 1 1 1 1 1 1 1 1 1 1 1 1 1 1 1 1 1 1 1 1 1 1 1 1 1 1 1 1 1 1 1 1 1 1 1 1 1 1 1 1 1 1 1 1 1 1 1 1 1 1 1 1 1 1 1 1 1 1 1 1 1 1 1 1 1 1 1 1 1 1 1 1 1 1 1 1 1 1 1 1 1 1 1 1 1 1 1 1 1 1 1 1 1 1 1 1 1 1 1 1 1 1 1 1 1 1 1 1 1 1 1 1 1 1 1 1 1 1 1 1 1 1 1 1 1 1 1 1 1 1 1 1 1 1 1 1 1 1 1 1 1 1 1 1 1 1 1 1 1 1 1 1 1 1 1 1 1 1 1 1 1 1 1 1 1 1 1 1 1 1 1 1 1 1 1 1 1 1 1 1 1 1 1 1 1 1 1 1 1 1 1 1 1 1 1 1 1 1 1 1 1 1 1 1 1 1 1 1 1 1 1 1 1 1 1 1 1 1 1 1 1 1 1 1 1 1 1 1 1 1 1 1 1 1 1 1 1 1 1 1 1 1 1 1 1 1 1 1 1 1 1 1 1 1 1 1 1 1 1 1 1 1 1 1 1 1 1 1 1 1 1 1 1 1 1 1 1 1 1 1 1 1 1 1 1 1 1 1 1 1 1 1 1 1 1 1 1 1 1 1 1 1 1 1 1 1 1 1 1 1 1 1 1 1 1 1 1 1 1 1 1 1 1 1 1 1 1 1 1 1 1 1 1 1 1 1 1 1 1 1 1 1 1 1 1 1 1 1 1 1 1 1 1 1 1 1 1 1 1 1 1 1 1 1 1 1 1 1 1 1 1 1 1 1 1 1 1 1 1 1 1 1 1 1 1 1 1 1 1 1 1 1 1 1 1 1 1 1 1 1 1 1 1 1 1 1 1 1 1 1 1 1 1 1 1 1 1 1 1 1 1 1 1 1 1 1 1 1 1 1 1 1 1 1 1 1 1 1 1 1 1 1 1 1 1 1 1 1 1 1 1 1 1 1 1 1 1 1 1 1 1 1 1 1 1 1 1 1 1 1 1 1 1 1 1 1 1 1 1 1 1 1 1 1 1 1 1 1 1 1 1 1 1 1 1 1 1 1 1 1 1 1 1 1 1 1 1 1 1 1 1 1 1 1 1 1 1 1 1 1 1 1 1 1 1 1 1 1 1 1 1 1 1 1 1 1 1 1 1 1 1 1 1 1 1 1 1 1 1 1 1 1 1 1 1 1 1 1 1 1 1 1 1 1 1 1 1 1 1 1 1 1 1 1 1 1 1 1 1 1 1 1 1 1 1 1 1 1 1 1 1 1 1 1 1 1 1 1 1 1 1 1 1 1 1 1 1 1 1 1 1 1 1 1 1 1 1 1 1 1 1 1 1 1 1 1 1 1 1 1 1 1 1 1 1 1 1 1 1 1 1 1 1 1 1 1 1 1 1 1 1 1 1 1 1 1 1 1 1 1 1 1 1 1 1 1 1 1 1 1 1 1 1 1 1 1 1 1 1 1 1 1 1 1 1 1 1 1 1 1 1 1 1 1 1 1 1 1 1 1 1 1 1 1 1 1 1 1 1 1 1 1 1 1 1 1 1 1 1 1 1 1 1 1 1 1 1 1 1 1 1 1 1 1 1 1 1 1 1 1 1 1 1 1 1 1 1 1 1 1 1 1 1 1 1 1 1 1 1 1 1 1 1 1 1 1 1 1 1 1 1 1 1 1 1 1 1 1 1 1 1 1 1 1 1 1 1 1 1 1 1 1 1 1 1 1 1 1 1 1 1 1 1 1 1 1 1 1 1 1 1 1 1 1 1 1 1 1 1 1 1 1 1 1 1 1 1 1 1 1 1 1 1 1 1 1 1 1 1 1 1 1 1 1 1 1 1 1 1 1 1 1 1 1 1 1 1 1 1 1 1 1 1 1 1 1 1 1 1 1 1 1 1 1 1 1 1 1 1 1 1 1 1 1 1 1 1 1 1 1 1 1 1 1 1 1 1 1 1 1 1 1 1 1 1 1 1 1 1 1 1 1 1 1 1 1 1 1 1 1 1 1 1 1 1 1 1 1 1 1 1 1 1 1 1 1 1 1 1 1 1 1 1 1 1 1 1 1 1 1 1 1 1 1 1 1 1 1 1 1 1 1 1 1 1 1 1 1 1 1 1 1 1 1 1 1 1 1 1 1 1 1 1 1 1 1 1 1 1 1 1 1 1 1 1 1 1 1 1 1 1 1 1 1 1 1 1 1 1 1 1 1 1 1 1 1 1 1 1 1 1 1 1 1 1 1 1 1 1 1 1 1 1 1 1 1 1 1 1 1 1 1 1 1 1 1 1 1 1 1 1 1 1 1 1 1 1 1 1 1 1 1 1 1 1 1 1 1 1 1 1 1 1 1 1 1 1 1 1 1 1 1 1 1 1 1 1 1 1 1 1 1 1 1 1 1 1 1 1 1 1 1 1 1 1 1 1 1 1 1 1 1 1 1 1 1 1 1 1 1 1 1 1 1 1 1 1 1 1 1 1 1 1 1 1 1 1 1 1 1 1 1 1 1 1 1 1 1 1 1 1 1 1 1 1 1 1 1 1 1 1 1 1 1 1 1 1 1 1 1 1 1 1 1 1 1 1 1 1 1 1 1 1 1 1 1 1 1 1 1 1 1 1 1 1 1 1 1 1 1 1 1 1 1 1 1 1 1 1 1 1 1 1 1 1 1 1 1 1 1 1 1 1 1 1 1 1 1 1 1 1 1 1 1 1 1 1 1 1 1 1 1 1 1 1 1 1 1 1 1 1 1 1 1 1 1 1 1 1 1 1 1 1 1 1 1 1 1 1 1 1 1 1 1 1 1 1 1 1 1 1 1 1 1 1 1 1 1 1 1 1 1 1 1 1 1 1 1 1 1 1 1 1 1 1 1 1 1 1 1 1 1 1 1 1 1 1 1 1 1 1 1 1 1 1 1 1 1 1 1 1 1 1 1 1 1 1 1 1 1 1 1 1 1 1 1 1 1 1 1 1 1 1 1 1 1 1 1 1 1 1 1 1 1 1 1 1 1 1 1 1 1 1 1 1 1 1 1 1 1 1 1 1 1 1 1 1 1 1 1 1 1 1 1 1 1 1 1 1 1 1 1 1 1 1 1 1 1 1 1 1 1 1 1 1 1 1 1 1 1 1 1 1 1 1 1 1 1 1 1 1 1 1 1 1 1 1 1 1 1 1 1 1 1 1 1 1 1 1 1 1 1 1 1 1 1 1 1 1 1 1 1 1 1 1 1 1 1 1 1 1 1 1 1 1 1 1 1 1 1 1 1 1 1 1 1 1 1 1 1 1 1 1 1 1 1 1 1 1 1 1 1 1 1 1 1 1 1 1 1 1 1 1 1 1 1 1 1 1 1 1 1 1 1 1 1 1 1 1 1 1 1 1 1 1 1 1 1 1 1 1 1 1 1 1 1 1 1 1 1 1 1 1 1 1 1 1 1 1 1 1 1 1 1 1 1 1 1 1 1 1 1 1 1 1 1 1 1 1 1 1 1 1 1 1 1 1 1 1 1 1 1 1 1 1 1 1 1 1 1 1 1 1 1 1 1 1 1 1 1 1 1 1 1 1 1 1 1 1 1 1 1 1 1 1 1 1 1 1 1 1 1 1 1 1 1 1 1 1 1 1 1 1 1 1 1 1 1 1 1 1 1 1 1 1 1 1 1 1 1 1 1 1 1 1 1 1 1 1 1 1 1 1 1 1 1 1 1 1 1 1 1 1 1 1 1 1 1 1 1 1 1 1 1 1 1 1 1 1 1 1 1 1 1 1 1 1 1 1 1 1 1 1 1 1 1 1 1 1 1 1 1 1 1 1 1 1 1 1 1 1 1 1 1 1 1 1 1 1 1 1 1 1 1 1 1 1 1 1 1 1 1 1 1 1 1 1 1 1 1 1 1 1 1 1 1 1 1 1 1 1 1 1 1 1 1 1 1 1 1 1 1 1 1 1 1 1 1 1 1 1 1 1 1 1 1 1 1 1 1 1 1 1 1 1 1 1 1 1 1 1 1 1 1 1 1 1 1 1 1 1 1 1 1 1 1 1 1 1 1 1 1 1 1 1 1 1 1 1 1 1 1 1 1 1 1 1 1 1 1 1 1 1 1 1 1 1 1 1 1 1 1 1 1 1 1 1 1 1 1 1 1 1 1 1 1 1 1 1 1 1 1 1 1 1 1 1 1 1 1 1 1 1 1 1 1 1 1 1 1 1 1 1 1 1 1 1 1 1 1 1 1 1 1 1 1 1 1 1 1 1 1 1 1 1 1 1 1 1 1 1 1 1 1 1 1 1 1 1 1 1 1 1 1 1 1 1 1 1 1 1 1 1 1 1 1 1 1 1 1 1 1 1 1 1 1 1 1 1 1 1 1 1 1 1 1 1 1 1 1 1 1 1 1 1 1 1 1 1 1 1 1 1 1 1 1 1 1 1 1 1 1 1 1 1 1 1 1 1 1 1 1 1 1 1 1 1 1 1 1 1 1 1 1 1 1 1 1 1 1 1 1 1 1 1 1 1 1 1 1 1 1 1 1 1 1 1 1 1 1 1 1 1 1 1 1 1 1 1 1 1 1 1 1 1 1 1 1 1 1 1 1 1 1 1 1 1 1 1 1 1 1 1 1 1 1 1 1 1 1 1 1 1 1 1 1 1 1 1 1 1 1 1 1 1 1 1 1 1 1 1 1 1 1 1 1 1 1 1 1 1 1 1 1 1 1 1 1 1 1 1 1 1 1 1 1 1 1 1 1 1 1 1 1 1 1 1 1 1 1 1 1 1 1 1 1 1 1 1 1 1 1 1 1 1 1 1 1 1 1 1 1 1 1 1 1 1 1 1 1 1 1 1 1 1 1 1 1 1 1 1 1 1 1 1 1 1 1 1 1 1 1 1 1 1 1 1 1 1 1 1 1 1 1 1 1 1 1 1 1 1 1 1 1 1 1 1 1 1 1 1 1 1 1 1 1 1 1 1 1 1 1 1 1 1 1 1 1 1 1 1 1 1 1 1 1 1 1 1 1 1 1 1 1 1 1 1 1 1 1 1 1 1 1 1 1 1 1 1 1 1 1 1 1 1 1 1 1 1 1 1 1 1 1 1 1 1 1 1 1 1 1 1 1 1 1 1 1 1 1 1 1 1 1 1 1 1 1 1 1 1 1 1 1 1 1 1 1 1 1 1 1 1 1 1 1 1 1 1 1 1 1 1 1 1 1 1 1 1 1 1 1 1 1 1 1 1 1 1 1 1 1 1 1 1 1 1 1 1 1 1 1 1 1 1 1 1 1 1 1 1 1 1 1 1 1 1 1 1 1 1 1 1 1 1 1 1 1 1 1 1 1 1 1 1 1 1 1 1 1 1 1 1 1 1 1 1 1 1 1 1 1 1 1 1 1 1 1 1 1 1 1 1 1 1 1 1 1 1 1 1 1 1 1 1 1 1 1 1 1 1 1 1 1 1 1 1 1 1 1 1 1 1 1 1 1 1 1 1 1 1 1 1 1 1 1 1 1 1 1 1 1 1 1 1 1 1 1 1 1 1 1 1 1 1 1 1 1 1 1 1 1 1 1 1 1 1 1 1 1 1 1 1 1 1 1 1 1 1 1 1 1 1 1 1 1 1 1 1 1 1 1 1 1 1 1 1 1 1 1 1 1 1 1 1 1 1 1 1 1 1 1 1 1 1 1 1 1 1 1 1 1 1 1 1 1 1 1 1 1 1 1 1 1 1 1 1 1 1 1 1 1 1 1 1 1 1 1 1 1 1 1 1 1 1 1 1 1 1 1 1 1 1 1 1 1 1 1 1 1 1 1 1 1 1 1 1 1 1 1 1 1 1 1 1 1 1 1 1 1 1 1 1 1 1 1 1 1 1 1 1 1 1 1 1 1 1 1 1 1 1 1 1 1 1 1 1 1 1 1 1 1 1 1 1 1 1 1 1 1 1 1 1 1 1 1 1 1 1 1 1 1 1 1 1 1 1 1 1 1 1 1 1 1 1 1 1 1 1 1 1 1 1 1 1 1 1 1 1 1 1 1 1 1 1 1 1 1 1 1 1 1 1 1 1 1 1 1 1 1 1 1 1 1 1 1 1 1 1 1 1 1 1 1 1 1 1 1 1 1 1 1 1 1 1 1 1 1 1 1 1 1 1 1 1 1 1 1 1 1 1 1 1 1 1 1 1 1 1 1 1 1 1 1 1 1 1 1 1 1 1 1 1 1 1 1 1 1 1 1 1 1 1 1 1 1 1 1 1 1 1 1 1 1 1 1 1 1 1 1 1 1 1 1 1 1 1 1 1 1 1 1 1 1 1 1 1 1 1 1 1 1 1 1 1 1 1 1 1 1 1 1 1 1 1 1 1 1 1 1 1 1 1 1 1 1 1 1 1 1 1 1 1 1 1 1 1 1 1 1 1 1 1</float_array>
          <technique_common>
            <accessor source="#geom-Clt_TES066_M__M_TES066_M-map0-array" count="3590" stride="3">
              <param name="R" type="float"/>
              <param name="G" type="float"/>
              <param name="B" type="float"/>
            </accessor>
          </technique_common>
        </source>
        <source id="geom-Clt_TES066_M__M_TES066_M-map1">
          <float_array id="geom-Clt_TES066_M__M_TES066_M-map1-array" count="10770">0.4393072 0.8690623 0 0.4435492 0.8606088 0 0.4393072 0.9770504 0 0.4435492 0.9855344 0 0.3808499 0.8691691 0 0.3850919 0.8607004 0 0.3808499 0.9771725 0 0.3850919 0.985626 0 0.4179294 0.8606088 0 0.4221561 0.8690623 0 0.4179294 0.9855344 0 0.4221561 0.9770504 0 0.4806134 0.8691691 0 0.4806134 0.9771725 0 0.4763714 0.8607004 0 0.4763714 0.985626 0 0.4393072 0.9770504 0 0.4393072 0.8690623 0 0.4435492 0.9855344 0 0.4435492 0.8606088 0 0.4179294 0.8606088 0 0.4221561 0.8690623 0 0.4179294 0.9855344 0 0.4221561 0.9770504 0 0.005645838 0.996231 0 0.005859464 0.9224231 0 0.01593042 0.9224231 0 0.01573205 0.996231 0 0.02598611 0.9224231 0 0.02581827 0.996231 0 0.03602655 0.9224231 0 0.035935 0.996231 0 0.04605173 0.9224231 0 0.04605173 0.996231 0 0.05618372 0.996231 0 0.05607691 0.9224231 0 0.06628519 0.996231 0 0.0661326 0.9224231 0 0.0763714 0.996231 0 0.0761883 0.9224231 0 0.08645762 0.996231 0 0.08625925 0.9224231 0 0.8077516 0.5530175 0 0.8231785 0.5531853 0 0.8231785 0.6404974 0 0.8077516 0.6403449 0 0.8231785 0.6492409 0 0.8077516 0.6491493 0 0.8231785 0.6565804 0 0.8077516 0.6565347 0 0.8231785 0.7009079 0 0.8077516 0.7009537 0 0.8077516 0.7083544 0 0.8231785 0.7082323 0 0.8077516 0.7171588 0 0.8231785 0.7169909 0 0.8077516 0.8044709 0 0.8231785 0.8043183 0 0.8077516 0.8132296 0 0.8231785 0.8131227 0 0.8077516 0.8205692 0 0.8231785 0.8205234 0 0.8231785 0.8649119 0 0.8077516 0.8648814 0 0.8231785 0.8722972 0 0.8077516 0.8722362 0 0.8231785 0.8810865 0 0.8077516 0.8810102 0 0.8681315 0.4562905 0 0.8681315 0.4405127 0 0.8747387 0.4405127 0 0.8746319 0.4562905 0 0.8800946 0.4405127 0 0.8800336 0.4562905 0 0.9112077 0.4405127 0 0.9112688 0.4562905 0 0.9167163 0.4562905 0 0.9165942 0.4405127 0 0.9233234 0.4562905 0 0.9231861 0.4405127 0 0.9904631 0.4562905 0 0.9904631 0.4405127 0 0.9964904 0.9693599 0 0.9964904 0.994934 0 0.9902037 0.994934 0 0.9902189 0.9693599 0 0.9829252 0.994934 0 0.9829252 0.9693599 0 0.9747158 0.9693599 0 0.9747158 0.994934 0 0.9674525 0.994934 0 0.9674525 0.9693599 0 0.961181 0.9949493 0 0.961181 0.9693599 0 0.8896315 0.9949645 0 0.8896315 0.9693904 0 0.88336 0.9949645 0 0.88336 0.9693904 0 0.8760662 0.9949798 0 0.8760662 0.9693904 0 0.8678569 0.9693904 0 0.8678569 0.9949798 0 0.8605936 0.9949798 0 0.8605783 0.9693904 0 0.8543221 0.9949645 0 0.8543069 0.9693904 0 0.7827573 0.9693599 0 0.7827573 0.9949493 0 0.4806134 0.8691691 0 0.4806134 0.9771725 0 0.4763714 0.985626 0 0.4763714 0.8607004 0 0.4661631 0.9896238 0 0.4661631 0.8566262 0 0.4537575 0.9895933 0 0.4537575 0.8565957 0 0.4435492 0.9855344 0 0.4435492 0.8606088 0 0.4179294 0.8606088 0 0.4179294 0.9855344 0 0.4077058 0.9895933 0 0.4077058 0.8565957 0 0.3953155 0.9896238 0 0.3953155 0.8566415 0 0.3850919 0.985626 0 0.3850919 0.8607004 0 0.7827573 0.9949493 0 0.7827573 0.9693599 0 0.8543069 0.9693904 0 0.8543221 0.9949645 0 0.8605783 0.9693904 0 0.8605936 0.9949798 0 0.8678569 0.9693904 0 0.8678569 0.9949798 0 0.8760662 0.9949798 0 0.8760662 0.9693904 0 0.88336 0.9949645 0 0.88336 0.9693904 0 0.8896315 0.9949645 0 0.8896315 0.9693904 0 0.961181 0.9949493 0 0.961181 0.9693599 0 0.9674525 0.994934 0 0.9674525 0.9693599 0 0.9747158 0.994934 0 0.9747158 0.9693599 0 0.9829252 0.994934 0 0.9829252 0.9693599 0 0.9902189 0.9693599 0 0.9902037 0.994934 0 0.9964904 0.9693599 0 0.9964904 0.994934 0 0.4179294 0.8606088 0 0.4179294 0.9855344 0 0.4077058 0.9895933 0 0.4077058 0.8565957 0 0.3953155 0.9896238 0 0.3953155 0.8566415 0 0.3953155 0.9896238 0 0.3850919 0.985626 0 0.3850919 0.8607004 0 0.3808499 0.9771725 0 0.3808499 0.8691691 0 0.3907225 0.3125658 0 0.4473487 0.3125658 0 0.4473487 0.3318685 0 0.517113 0.3125658 0 0.5172045 0.3318685 0 0.586511 0.3318685 0 0.5875028 0.3125658 0 0.6467842 0.3318685 0 0.6470131 0.3125658 0 0.7136034 0.3318685 0 0.7136797 0.3125658 0 0.617258 0.04422063 0 0.6170291 0.1041276 0 0.6080415 0.04422063 0 0.608423 0.1041276 0 0.5921874 0.04422063 0 0.5923095 0.1041276 0 0.573785 0.1041276 0 0.5731899 0.04422063 0 0.561059 0.1041276 0 0.5605555 0.04422063 0 0.5359731 0.1041276 0 0.5356527 0.04422063 0 0.4998093 0.04422063 0 0.5000381 0.1041276 0 0.4635691 0.1041276 0 0.463386 0.04422063 0 0.4300908 0.1041276 0 0.4299535 0.04422063 0 0.3938048 0.1041276 0 0.3937438 0.04422063 0 0.3576562 0.1041276 0 0.3576562 0.04422063 0 0.3215534 0.04422063 0 0.3214923 0.1041276 0 0.2853437 0.04422063 0 0.2852216 0.1041276 0 0.2529793 0.04422063 0 0.2528267 0.1041276 0 0.2169528 0.04422063 0 0.2167239 0.1041276 0 0.182208 0.1041276 0 0.1875486 0.08918899 0 0.1893797 0.07396048 0 0.1878538 0.05874723 0 0.1828031 0.04422063 0 0.7073625 0.2354925 0 0.7087968 0.2544747 0 0.6782025 0.2544747 0 0.6724803 0.2354925 0 0.6502937 0.2544747 0 0.5642023 0.2354925 0 0.5672083 0.2544747 0 0.523888 0.2354925 0 0.5221485 0.2544747 0 0.4811475 0.2354925 0 0.4817426 0.2544747 0 0.4103914 0.2544747 0 0.409781 0.2354925 0 0.3670405 0.2544747 0 0.3660792 0.2354925 0 0.3329213 0.2544747 0 0.3323415 0.2354925 0 0.3062791 0.2354925 0 0.306508 0.2544747 0 0.2618448 0.2354925 0 0.2618296 0.2544747 0 0.4473487 0.3318685 0 0.4473487 0.3420768 0 0.3969024 0.3420768 0 0.3907225 0.3125658 0 0.3177539 0.3420768 0 0.317937 0.3125658 0 0.2829633 0.3420768 0 0.2819104 0.3125658 0 0.2509193 0.3125658 0 0.2459297 0.3420768 0 0.2097963 0.3125658 0 0.2129549 0.3420768 0 0.2 0.3374075 0 0.2 0.3228046 0 0.5571374 0.338201 0 0.5572442 0.3515068 0 0.5315938 0.3515068 0 0.5316854 0.338201 0 0.506981 0.3515068 0 0.5067521 0.338201 0 0.4822614 0.3515068 0 0.4821393 0.338201 0 0.4567483 0.3515068 0 0.4567483 0.338201 0 0.6912947 0.2618448 0 0.6912795 0.280827 0 0.6462348 0.280827 0 0.6465248 0.2618448 0 0.6231174 0.280827 0 0.6237431 0.2618448 0 0.5862669 0.2618448 0 0.5850462 0.280827 0 0.5427939 0.2618448 0 0.5412223 0.280827 0 0.4664073 0.2618448 0 0.4657664 0.280827 0 0.4231479 0.280827 0 0.4213016 0.2618448 0 0.3757687 0.280827 0 0.37879 0.2618448 0 0.2904402 0.280827 0 0.2619364 0.2618448 0 0.2619364 0.280827 0 0.2552072 0.1738002 0 0.2552072 0.2531014 0 0.2281834 0.1738002 0 0.2284428 0.2531014 0 0.2084535 0.178439 0 0.2062715 0.24654 0 0.1976654 0.2134585 0 0.1997864 0.2362859 0 0.2 0.1904631 0 0.9904631 0.4796521 0 0.923125 0.4796521 0 0.9904631 0.463859 0 0.9232776 0.463859 0 0.9165637 0.4796521 0 0.9166552 0.463859 0 0.9111772 0.4796521 0 0.911223 0.463859 0 0.8800183 0.4796521 0 0.8800183 0.463859 0 0.8746166 0.463859 0 0.8746624 0.4796521 0 0.8681315 0.463859 0 0.8681315 0.4796521 0 0.6554055 0.4316778 0 0.6285344 0.4316778 0 0.655375 0.4081941 0 0.6285039 0.4081941 0 0.601648 0.4316778 0 0.6016175 0.4081941 0 0.5747768 0.4316778 0 0.5747463 0.4081941 0 0.5478904 0.4316778 0 0.5478752 0.4081941 0 0.5210193 0.4316778 0 0.5209888 0.4081941 0 0.4941329 0.4316778 0 0.4941176 0.4081941 0 0.4672312 0.4081941 0 0.4672618 0.4316778 0 0.4570535 0.4200504 0 0.4515907 0.427924 0 0.4513924 0.4121615 0 0.4403754 0.4316778 0 0.4403601 0.4081941 0 0.4403754 0.4307469 0 0.4403601 0.409247 0 0.4291447 0.427924 0 0.4293278 0.4121767 0 0.4135042 0.4316778 0 0.4134737 0.4081941 0 0.4236973 0.4200656 0 0.3866178 0.4316778 0 0.3866026 0.4081941 0 0.3597467 0.4316778 0 0.3597162 0.4081941 0 0.3328603 0.4316778 0 0.332845 0.4081941 0 0.3059892 0.4316778 0 0.3059587 0.4081941 0 0.2791028 0.4316778 0 0.2790875 0.4081941 0 0.2522164 0.4081941 0 0.2522316 0.4316778 0 0.2253605 0.4316778 0 0.22533 0.4081941 0 0.4435492 0.8606088 0 0.4537575 0.8565957 0 0.4435492 0.9855344 0 0.4537575 0.9895933 0 0.4661631 0.8566262 0 0.4661631 0.9896238 0 0.4763714 0.985626 0 0.4763714 0.8607004 0 0.4661631 0.8566262 0 0.2619364 0.1738002 0 0.3281605 0.1738002 0 0.2619974 0.1927367 0 0.3283894 0.1927367 0 0.3873655 0.1738002 0 0.3883574 0.1927367 0 0.4577859 0.1738002 0 0.4577096 0.1927367 0 0.527657 0.1927367 0 0.527657 0.1738002 0 0.5844206 0.1738002 0 0.5782712 0.2030671 0 0.527657 0.2030671 0 0.6577554 0.2030671 0 0.5782712 0.2030671 0 0.5844206 0.1738002 0 0.657618 0.1738002 0 0.6926222 0.2030671 0 0.6936752 0.1738002 0 0.7247425 0.1738002 0 0.729778 0.2030671 0 0.765774 0.1738002 0 0.7631189 0.2030671 0 0.775433 0.1974365 0 0.7759365 0.1835355 0 0.617258 0.04422063 0 0.6281376 0.04422063 0 0.6170291 0.1041276 0 0.6280919 0.1041276 0 0.6383764 0.04422063 0 0.6381781 0.1041276 0 0.6499275 0.1041276 0 0.6502937 0.04422063 0 0.6732738 0.04422063 0 0.673106 0.1041276 0 0.6901198 0.04422063 0 0.6900435 0.1041276 0 0.7036393 0.1041276 0 0.7036698 0.04422063 0 0.741207 0.1041276 0 0.7410544 0.04422063 0 0.7739681 0.05853361 0 0.7682918 0.04422063 0 0.7760128 0.07360953 0 0.7744106 0.08868545 0 0.7689784 0.1041276 0 0.2953689 0.2289006 0 0.2619364 0.2289006 0 0.2619364 0.2099184 0 0.2953689 0.2099184 0 0.3195087 0.2289006 0 0.3200122 0.2099184 0 0.3640803 0.2289006 0 0.3630121 0.2099184 0 0.4262913 0.2099184 0 0.4262913 0.2287938 0 0.48925 0.2099184 0 0.4893721 0.2288548 0 0.5511559 0.2099184 0 0.5513085 0.2288548 0 0.6184024 0.2288548 0 0.6184634 0.2099184 0 0.6847638 0.2288548 0 0.6847333 0.2099184 0 0.7507744 0.2099184 0 0.7508354 0.2288548 0 0.1999237 0.3059586 0 0.2 0.2866407 0 0.2665598 0.3059586 0 0.2665598 0.2866407 0 0.3329824 0.2866407 0 0.3329976 0.3059586 0 0.399527 0.2866407 0 0.3993744 0.3059586 0 0.460502 0.3059586 0 0.4606394 0.2866407 0 0.5266041 0.3059586 0 0.5271992 0.2866407 0 0.5917143 0.3059586 0 0.5928588 0.2866407 0 0.6376593 0.2866407 0 0.6381323 0.3059586 0 0.66186 0.2866407 0 0.6634928 0.3059586 0 0.6972305 0.2866407 0 0.6972305 0.3059586 0 0.7290303 0.3060044 0 0.7290303 0.2866407 0 0.1719234 0.1113909 0 0.2054169 0.1113909 0 0.1719234 0.1650416 0 0.2057527 0.1650416 0 0.2401923 0.1650416 0 0.2399939 0.1113909 0 0.2759899 0.1113909 0 0.2761272 0.1650416 0 0.3088121 0.1113909 0 0.3089189 0.1650416 0 0.3451133 0.1113909 0 0.3451743 0.1650416 0 0.3813077 0.1113909 0 0.3813077 0.1650416 0 0.4174411 0.1650416 0 0.4175021 0.1113909 0 0.4536965 0.1650416 0 0.4538033 0.1113909 0 0.4874495 0.1650416 0 0.4875868 0.1113909 0 0.5238727 0.1650416 0 0.5240558 0.1113909 0 0.5600519 0.1113909 0 0.5597925 0.1650416 0 0.5849546 0.1650416 0 0.5853819 0.1113909 0 0.5990234 0.1650416 0 0.5995269 0.1113909 0 0.6163119 0.1650416 0 0.6164492 0.1113909 0 0.6312963 0.1113909 0 0.6308232 0.1650416 0 0.668162 0.1650416 0 0.6680095 0.1113909 0 0.6862745 0.1113909 0 0.686305 0.1650416 0 0.7058671 0.1650416 0 0.7059129 0.1113909 0 0.7397879 0.1650416 0 0.7398184 0.1113909 0 0.7582971 0.1113909 0 0.7580835 0.1650416 0 0.7710231 0.1157244 0 0.7715572 0.1603571 0 0.7783932 0.1386282 0 0.7761196 0.1537346 0 0.7760128 0.1235371 0 0.9636073 0.007110715 0 0.9936675 0.007110715 0 0.9936675 0.02645916 0 0.9606165 0.0256657 0 0.9936675 0.1213397 0 0.8880903 0.007110715 0 0.950927 0.122179 0 0.9936675 0.1710079 0 0.9466087 0.1710079 0 0.8881208 0.02616924 0 0.8881056 0.1226825 0 0.8881208 0.1710079 0 0.8296177 0.1710079 0 0.8252842 0.122179 0 0.7825437 0.1710079 0 0.7825437 0.1213397 0 0.8155795 0.0256657 0 0.7825437 0.02645916 0 0.812604 0.007110715 0 0.7825437 0.007110715 0 0.8385748 0.8810865 0 0.8321965 0.8810865 0 0.8321965 0.8440375 0 0.8385748 0.8440375 0 0.8321965 0.8183719 0 0.8760967 0.8810865 0 0.8385748 0.8183719 0 0.8321965 0.7878233 0 0.8760967 0.8440375 0 0.9391928 0.8810865 0 0.8760967 0.8183719 0 0.9391928 0.8440375 0 0.9519494 0.8810865 0 0.9592127 0.8440375 0 0.9391928 0.8183719 0 0.9657435 0.81178 0 0.9391928 0.7878233 0 0.9695735 0.7878233 0 0.9727321 0.7553674 0 0.8760967 0.7878233 0 0.9391928 0.7553674 0 0.9754025 0.7154498 0 0.8385748 0.7878233 0 0.8321965 0.7553674 0 0.8778821 0.7553674 0 0.9391928 0.7154498 0 0.9761654 0.6781262 0 0.8385748 0.7553674 0 0.8784619 0.7154498 0 0.8385748 0.7154498 0 0.8321965 0.7154498 0 0.9391928 0.6781262 0 0.8767071 0.6781262 0 0.8385748 0.6782788 0 0.8321965 0.6789197 0 0.8321965 0.6411383 0 0.8385748 0.6411383 0 0.8321965 0.6 0 0.8770276 0.6411383 0 0.8385748 0.6 0 0.8321965 0.5651331 0 0.9391928 0.6411383 0 0.9768826 0.6411383 0 0.8760204 0.6 0 0.8385748 0.5651331 0 0.8321965 0.5383841 0 0.9391928 0.6 0 0.9742885 0.6 0 0.972076 0.5750515 0 0.8760967 0.5651331 0 0.8385748 0.5381705 0 0.8321965 0.5049211 0 0.8385748 0.5049211 0 0.9391928 0.5651331 0 0.9693751 0.5580835 0 0.9587243 0.5391775 0 0.8760967 0.5380636 0 0.8760967 0.5049211 0 0.9391928 0.5049211 0 0.9391928 0.5380636 0 0.9519494 0.5049211 0 0.8321965 0.8440375 0 0.8321965 0.8810865 0 0.8385748 0.8810865 0 0.8385748 0.8440375 0 0.8321965 0.8183719 0 0.8760967 0.8810865 0 0.8385748 0.8183719 0 0.8321965 0.7878233 0 0.8760967 0.8440375 0 0.9391928 0.8810865 0 0.8760967 0.8183719 0 0.9391928 0.8440375 0 0.9519494 0.8810865 0 0.9592127 0.8440375 0 0.9391928 0.8183719 0 0.9657435 0.81178 0 0.9391928 0.7878233 0 0.9695735 0.7878233 0 0.9727321 0.7553674 0 0.8760967 0.7878233 0 0.9391928 0.7553674 0 0.9754025 0.7154498 0 0.8385748 0.7878233 0 0.8321965 0.7553674 0 0.8778821 0.7553674 0 0.9391928 0.7154498 0 0.9761654 0.6781262 0 0.8385748 0.7553674 0 0.8784619 0.7154498 0 0.8385748 0.7154498 0 0.8321965 0.7154498 0 0.9391928 0.6781262 0 0.8767071 0.6781262 0 0.8385748 0.6782788 0 0.8321965 0.6789197 0 0.8321965 0.6411383 0 0.8385748 0.6411383 0 0.8321965 0.6 0 0.8770276 0.6411383 0 0.8385748 0.6 0 0.8321965 0.5651331 0 0.9391928 0.6411383 0 0.9768826 0.6411383 0 0.8760204 0.6 0 0.8385748 0.5651331 0 0.8321965 0.5383841 0 0.9391928 0.6 0 0.9742885 0.6 0 0.972076 0.5750515 0 0.8760967 0.5651331 0 0.8385748 0.5381705 0 0.8321965 0.5049211 0 0.8385748 0.5049211 0 0.9391928 0.5651331 0 0.9693751 0.5580835 0 0.9587243 0.5391775 0 0.8760967 0.5380636 0 0.8760967 0.5049211 0 0.9391928 0.5049211 0 0.9391928 0.5380636 0 0.9519494 0.5049211 0 0.2462959 0.4694285 0 0.2462959 0.4612497 0 0.2854505 0.4694285 0 0.2858167 0.4612497 0 0.2462959 0.441062 0 0.3193561 0.4694285 0 0.2894179 0.441062 0 0.3197681 0.4612497 0 0.3244984 0.441062 0 0.3478599 0.4612497 0 0.3474937 0.4694285 0 0.3494926 0.441474 0 0.3724117 0.4694285 0 0.3724727 0.4612497 0 0.3729305 0.441474 0 0.3960174 0.441062 0 0.3960174 0.4612497 0 0.3960021 0.4694285 0 0.4197604 0.4694285 0 0.4197147 0.4612497 0 0.4192416 0.441062 0 0.4431525 0.441062 0 0.44477 0.4612497 0 0.4451362 0.4694285 0 0.4688792 0.441062 0 0.4741741 0.4694285 0 0.4737621 0.4612497 0 0.5055924 0.441062 0 0.5092698 0.4612497 0 0.5096666 0.4694285 0 0.5464408 0.4410468 0 0.5499504 0.4612497 0 0.5500572 0.4694285 0 0.5816281 0.441062 0 0.5860227 0.4694285 0 0.5862058 0.4612497 0 0.6279545 0.441062 0 0.6243076 0.4694285 0 0.6245518 0.4612497 0 0.6546121 0.4694285 0 0.6549478 0.4612497 0 0.6600595 0.441062 0 0.6791333 0.4612497 0 0.6790417 0.4694285 0 0.6807202 0.441062 0 0.703563 0.4694285 0 0.703563 0.4612497 0 0.703563 0.441062 0 0.7264057 0.441062 0 0.7280232 0.4612497 0 0.7281147 0.4694285 0 0.7470054 0.441062 0 0.7530022 0.4694285 0 0.7525139 0.4612497 0 0.7788205 0.441062 0 0.783093 0.4612497 0 0.783383 0.4694285 0 0.8207065 0.4612497 0 0.825452 0.441062 0 0.8208438 0.4694285 0 0.8585031 0.4612497 0 0.8585031 0.441062 0 0.8585031 0.4694285 0 0.007705806 0.8867475 0 0.006942855 0.879881 0 0.01867704 0.88542 0 0.01757839 0.8787518 0 0.006301976 0.8738689 0 0.02970931 0.8835737 0 0.01684596 0.8731365 0 0.02720684 0.8776684 0 0.0396582 0.8800793 0 0.005645838 0.8678416 0 0.0364538 0.8755474 0 0.01611353 0.8675212 0 0.02455177 0.8672618 0 0.01647974 0.8618754 0 0.005889982 0.861799 0 0.04353399 0.8730907 0 0.04597543 0.8736248 0 0.05021744 0.8670939 0 0.0168307 0.8562142 0 0.006118868 0.8557565 0 0.0433051 0.8668956 0 0.04615854 0.8603342 0 0.006469825 0.8487983 0 0.01751736 0.8494545 0 0.02862592 0.8505684 0 0.02645914 0.8566872 0 0.03868162 0.853376 0 0.03570611 0.8581827 0 0.03480583 0.8669413 0 0.04374762 0.8607309 0 0.5673152 0.3575342 0 0.5758755 0.3575342 0 0.5746548 0.3600976 0 0.5662776 0.3601129 0 0.5714809 0.3679713 0 0.5528497 0.3575342 0 0.5635004 0.3689479 0 0.5715572 0.3691463 0 0.5528649 0.3606927 0 0.539498 0.3601434 0 0.5384604 0.3575342 0 0.5312581 0.3599756 0 0.5300679 0.3575342 0 0.5342947 0.3678492 0 0.5422294 0.3690089 0 0.5338827 0.3684291 0 0.5528802 0.3685206 0 0.5370412 0.3762569 0 0.5333028 0.3692226 0 0.5437095 0.3765621 0 0.5347829 0.3768826 0 0.5242237 0.366949 0 0.5242237 0.3760586 0 0.537087 0.3860685 0 0.5349203 0.3856718 0 0.5242237 0.3848783 0 0.5242237 0.3944915 0 0.5340047 0.3944915 0 0.5353475 0.3944915 0 0.5374686 0.3944915 0 0.53991 0.3944915 0 0.5449607 0.3867094 0 0.5453575 0.3944915 0 0.5528344 0.3944915 0 0.5528649 0.3769283 0 0.5528649 0.3872892 0 0.5608454 0.3867247 0 0.5604333 0.3944915 0 0.5658961 0.3944915 0 0.5620356 0.3765469 0 0.5683833 0.3861601 0 0.5682917 0.3944915 0 0.5683833 0.3762112 0 0.5701991 0.3944915 0 0.5706569 0.3768978 0 0.5719844 0.3696956 0 0.5705959 0.3858396 0 0.5715572 0.3944915 0 0.5813535 0.37644 0 0.5813535 0.3659724 0 0.5813535 0.3850614 0 0.5813535 0.3944915 0 0.4571908 0.3577783 0 0.465919 0.3577783 0 0.4583963 0.360296 0 0.4669108 0.3602808 0 0.4805066 0.3577783 0 0.4614328 0.3681849 0 0.4805066 0.3607996 0 0.4696727 0.3689784 0 0.4940261 0.3602808 0 0.4950027 0.3577783 0 0.503563 0.3577783 0 0.5023881 0.3602502 0 0.4994736 0.3680629 0 0.4913558 0.3690089 0 0.4999313 0.3688716 0 0.4805066 0.3683985 0 0.496437 0.3765316 0 0.5004501 0.3698787 0 0.4899519 0.3760738 0 0.4711223 0.3760433 0 0.4986801 0.3772946 0 0.508751 0.3685206 0 0.508751 0.377203 0 0.4964065 0.3862669 0 0.4985122 0.3858702 0 0.508751 0.3855345 0 0.508751 0.3942626 0 0.4994431 0.3942626 0 0.498146 0.3942626 0 0.4961776 0.3942626 0 0.4939956 0.3942626 0 0.4886244 0.3864195 0 0.4881971 0.3942626 0 0.4805982 0.3942626 0 0.4805219 0.3753414 0 0.4805524 0.3861448 0 0.4724193 0.3864042 0 0.4728771 0.3942626 0 0.4670939 0.3942626 0 0.4645151 0.3765926 0 0.4608988 0.3691157 0 0.460441 0.3700466 0 0.4645762 0.3864042 0 0.4648966 0.3942626 0 0.4628672 0.3942626 0 0.4616464 0.3942626 0 0.4623331 0.3774472 0 0.4522774 0.3691463 0 0.4522774 0.377966 0 0.4522774 0.3860685 0 0.4625315 0.3859922 0 0.4522774 0.3942626 0 0.9827878 0.9596094 0 0.9688869 0.9596094 0 0.9856107 0.9521019 0 0.9697871 0.9506676 0 0.9518578 0.9596094 0 0.9903411 0.9442741 0 0.9521477 0.9507591 0 0.9340505 0.9596094 0 0.9715267 0.9422598 0 0.9945831 0.935607 0 0.9341115 0.9508659 0 0.9160143 0.9596094 0 0.9527733 0.9423209 0 0.9728237 0.9339895 0 0.9964904 0.9259785 0 0.9160143 0.9509117 0 0.8979477 0.9596094 0 0.9344015 0.9424277 0 0.9532158 0.9339742 0 0.9732357 0.9255512 0 0.9952545 0.9161516 0 0.9345846 0.93402 0 0.9728389 0.9170977 0 0.9914092 0.9070268 0 0.9532616 0.9253834 0 0.9718166 0.9087053 0 0.9867857 0.8987411 0 0.9530938 0.9168078 0 0.9704127 0.9000839 0 0.9839933 0.8910811 0 0.969543 0.8910811 0 0.9528801 0.9084458 0 0.9525597 0.8999618 0 0.9521782 0.8910811 0 0.9344015 0.9166705 0 0.9344015 0.8998245 0 0.9342031 0.8910811 0 0.9344015 0.9082627 0 0.916228 0.8997787 0 0.9161059 0.8910811 0 0.9161364 0.9082017 0 0.8980697 0.8997635 0 0.8979934 0.8910811 0 0.8979477 0.9081864 0 0.9160754 0.91664 0 0.8978866 0.9166247 0 0.8799573 0.8997635 0 0.879881 0.8910811 0 0.8798199 0.9081864 0 0.8618448 0.8997635 0 0.8617838 0.8910811 0 0.8616922 0.9082017 0 0.8797436 0.91664 0 0.8616007 0.91664 0 0.8437324 0.8997787 0 0.8437171 0.8910811 0 0.8435493 0.908217 0 0.8256199 0.8998245 0 0.8256962 0.8910811 0 0.8253452 0.9082627 0 0.8434424 0.9166552 0 0.8251469 0.9166858 0 0.807599 0.8999313 0 0.8078889 0.8910811 0 0.8069734 0.9083848 0 0.7899748 0.9000229 0 0.7908751 0.8910811 0 0.7741665 0.8985733 0 0.7770199 0.8910811 0 0.7694209 0.9064012 0 0.7882353 0.9084458 0 0.7651789 0.915053 0 0.786923 0.916701 0 0.763241 0.9246815 0 0.8065308 0.9167315 0 0.7864957 0.9251392 0 0.764477 0.9345083 0 0.8064851 0.9253071 0 0.7868925 0.933608 0 0.7682918 0.9436485 0 0.8252231 0.9253529 0 0.8066376 0.9338827 0 0.7878996 0.9419852 0 0.7729152 0.9519341 0 0.843534 0.9253681 0 0.7893034 0.9506065 0 0.7756771 0.9596094 0 0.7901579 0.9596094 0 0.8068513 0.9422598 0 0.8071565 0.9507439 0 0.807538 0.9596094 0 0.82533 0.93402 0 0.82533 0.942443 0 0.82533 0.9508812 0 0.8255283 0.9596094 0 0.8436561 0.9340658 0 0.8436103 0.942504 0 0.8435187 0.950927 0 0.8436408 0.9596094 0 0.8617228 0.9253529 0 0.8616617 0.9509422 0 0.861738 0.9596094 0 0.8798657 0.9253529 0 0.8618448 0.9340658 0 0.8980087 0.9253376 0 0.8799878 0.9340658 0 0.8617838 0.9425192 0 0.8799267 0.942504 0 0.8981308 0.9340505 0 0.9161975 0.9253376 0 0.8797894 0.9509422 0 0.8798504 0.9596094 0 0.8980545 0.942504 0 0.8979019 0.950927 0 0.9161975 0.9424735 0 0.9163043 0.9340352 0 0.9345235 0.9253376 0 0.3240559 0.9944152 0 0.3190356 0.9931639 0 0.3130083 0.9512017 0 0.3609522 0.9931639 0 0.3534142 0.9408866 0 0.3125658 0.9226367 0 0.3466544 0.9104448 0 0.2948043 0.9243916 0 0.3094835 0.8890212 0 0.3451896 0.8849469 0 0.2646219 0.9087206 0 0.2677501 0.8896315 0 0.2455482 0.9059129 0 0.3073625 0.8570383 0 0.2264744 0.8902266 0 0.2264744 0.9031052 0 0.2074006 0.9059129 0 0.270222 0.8581979 0 0.1852445 0.8897383 0 0.1883269 0.9087206 0 0.2264744 0.8588083 0 0.1438773 0.8897536 0 0.1581445 0.9243916 0 0.1827115 0.8581979 0 0.1411307 0.9231098 0 0.1399405 0.9512017 0 0.1335775 0.9930419 0 0.128542 0.9943237 0 0.09198138 0.9931639 0 0.0995346 0.9408866 0 0.1062943 0.9104448 0 0.107744 0.8849469 0 0.1462425 0.8590677 0 0.1128099 0.8545052 0 0.09897002 0.8638132 0 0.06536965 0.8435798 0 0.007843137 0.8308538 0 0.007843137 0.8178684 0 0.06117342 0.8178684 0 0.1094072 0.8172885 0 0.05897612 0.7519493 0 0.007843137 0.7519493 0 0.111696 0.7611658 0 0.145388 0.8199435 0 0.05874724 0.687007 0 0.007843137 0.6825055 0 0.1088884 0.6895094 0 0.05709926 0.6191806 0 0.007843137 0.6148318 0 0.1007553 0.6174868 0 0.05438315 0.5467918 0 0.007843137 0.5467918 0 0.1013504 0.5467918 0 0.05461204 0.4972762 0 0.007843137 0.4972762 0 0.007843137 0.4923323 0 0.1032731 0.4972762 0 0.05499351 0.4923323 0 0.007843137 0.4877852 0 0.05500877 0.4877852 0 0.1035477 0.4923323 0 0.1035172 0.4877852 0 0.1403983 0.4972762 0 0.1413901 0.4923323 0 0.1415274 0.4877852 0 0.1412833 0.5467918 0 0.1818112 0.4923323 0 0.1818265 0.4877852 0 0.1811551 0.4972762 0 0.2264744 0.4877852 0 0.1816739 0.5467918 0 0.2264744 0.4923323 0 0.1410086 0.6191806 0 0.2264744 0.4972762 0 0.2711223 0.4923323 0 0.271107 0.4877852 0 0.3114214 0.4877852 0 0.3115435 0.4923323 0 0.3494163 0.4877852 0 0.2717784 0.4972762 0 0.3494011 0.4923323 0 0.39794 0.4877852 0 0.3125353 0.4972762 0 0.4450904 0.4877852 0 0.4450904 0.4923323 0 0.3979553 0.4923323 0 0.3496605 0.4972762 0 0.3983215 0.4972762 0 0.4450904 0.4972762 0 0.4450904 0.5467918 0 0.3985504 0.5467918 0 0.4450904 0.6148318 0 0.3515984 0.5467918 0 0.3958343 0.6191806 0 0.4450904 0.6903486 0 0.3116655 0.5467918 0 0.3942016 0.6891737 0 0.4450904 0.7519493 0 0.3521782 0.6174868 0 0.3119249 0.6191806 0 0.2712749 0.5467918 0 0.3440604 0.6895094 0 0.2264744 0.5467918 0 0.2719005 0.6191806 0 0.3061875 0.6894789 0 0.1810483 0.6191806 0 0.2264744 0.6191806 0 0.2680705 0.6894789 0 0.146746 0.6894789 0 0.1848783 0.6894789 0 0.1487449 0.7613336 0 0.2264744 0.6894789 0 0.1857786 0.76112 0 0.1840391 0.8225833 0 0.2264744 0.7614405 0 0.2264744 0.8225833 0 0.2689098 0.8225833 0 0.267155 0.76112 0 0.3075608 0.8199435 0 0.3042039 0.7613336 0 0.3412375 0.7608759 0 0.3435264 0.8172885 0 0.3431449 0.8495919 0 0.3539788 0.8638132 0 0.3875791 0.8435798 0 0.3917754 0.8178684 0 0.4450904 0.8178684 0 0.4450904 0.8308538 0 0.3939574 0.7519493 0 0.7961853 0.4877852 0 0.7961853 0.4923323 0 0.7595788 0.4877852 0 0.7574273 0.4923323 0 0.7961853 0.4972762 0 0.7155413 0.4923323 0 0.7164416 0.4877852 0 0.6755016 0.4877852 0 0.756054 0.4972762 0 0.7961853 0.5467918 0 0.6746472 0.4923323 0 0.6332189 0.4877852 0 0.7134966 0.4972762 0 0.7538109 0.5453727 0 0.7961853 0.6147708 0 0.6733348 0.4972762 0 0.7130694 0.5439383 0 0.7540551 0.614313 0 0.7512169 0.6824597 0 0.7961853 0.6824597 0 0.7137255 0.614313 0 0.7477378 0.7519493 0 0.7961853 0.7519493 0 0.7961853 0.8178684 0 0.7108263 0.6824597 0 0.7895628 0.8325475 0 0.7591363 0.8231022 0 0.7397574 0.8028992 0 0.7452812 0.8449225 0 0.7061265 0.7519493 0 0.7172351 0.8405432 0 0.7432669 0.8736095 0 0.6977188 0.8017548 0 0.7124285 0.8754406 0 0.7490196 0.9060655 0 0.6901961 0.8361486 0 0.6696269 0.7519493 0 0.6658732 0.8014343 0 0.6716716 0.6824597 0 0.6332189 0.7519493 0 0.6724041 0.614313 0 0.6332189 0.6824597 0 0.6332189 0.614313 0 0.6721447 0.5425193 0 0.6332189 0.5411001 0 0.6332189 0.4972762 0 0.6332189 0.4923323 0 0.5943084 0.5425193 0 0.5918059 0.4923323 0 0.5909514 0.4877852 0 0.5931182 0.4972762 0 0.5509117 0.4923323 0 0.5500115 0.4877852 0 0.5068742 0.4877852 0 0.5529412 0.4972762 0 0.4702678 0.4923323 0 0.4702678 0.4877852 0 0.5090257 0.4923323 0 0.4702678 0.4972762 0 0.510399 0.4972762 0 0.4702678 0.5467918 0 0.5126421 0.5453727 0 0.4702678 0.6147708 0 0.5533837 0.5439383 0 0.5123979 0.614313 0 0.5152209 0.6824597 0 0.4702678 0.6902876 0 0.5527275 0.614313 0 0.594049 0.614313 0 0.5556267 0.6824597 0 0.5947814 0.6824597 0 0.5187152 0.7519493 0 0.4702678 0.7519493 0 0.4702678 0.8178684 0 0.5073167 0.8231022 0 0.4768902 0.8325475 0 0.5603265 0.7519493 0 0.5266957 0.8028992 0 0.5211719 0.8449225 0 0.5968109 0.7519493 0 0.5687343 0.8017548 0 0.549218 0.8405432 0 0.5231861 0.8736095 0 0.6005646 0.8014343 0 0.576257 0.8361486 0 0.5540246 0.8754406 0 0.5174181 0.9060655 0 0.6332189 0.802182 0 0.6047303 0.8342413 0 0.5839627 0.8762646 0 0.5543298 0.9101549 0 0.5071794 0.9365377 0 0.5894255 0.907866 0 0.6095979 0.8774243 0 0.5481803 0.9500725 0 0.4972152 0.9937743 0 0.5330586 0.9928435 0 0.5359274 0.9937743 0 0.5530022 0.954757 0 0.5701991 0.9271229 0 0.5915617 0.914168 0 0.6120852 0.9091173 0 0.6332189 0.9080491 0 0.6332189 0.8779431 0 0.6332189 0.8345464 0 0.6568551 0.8774243 0 0.6543679 0.9092546 0 0.6617227 0.8342413 0 0.6824903 0.8762646 0 0.6770123 0.907866 0 0.6748913 0.9144884 0 0.6962539 0.9271229 0 0.7120012 0.9101244 0 0.7592584 0.9365377 0 0.7170215 0.9498283 0 0.7126421 0.954757 0 0.7692378 0.9937743 0 0.7296864 0.9937438 0 0.7334402 0.992813 0 0.2314183 0.3521935 0 0.2320745 0.3508812 0 0.2374456 0.3508812 0 0.2367132 0.3540856 0 0.2246433 0.3671931 0 0.2414282 0.3545281 0 0.2443275 0.3508812 0 0.235172 0.3687037 0 0.2506752 0.352697 0 0.2506294 0.3508812 0 0.2569162 0.3508812 0 0.260029 0.3544976 0 0.2640269 0.3508812 0 0.2305791 0.3681544 0 0.2345617 0.3788357 0 0.2299382 0.3803158 0 0.2245212 0.3820401 0 0.2340581 0.3959869 0 0.2377508 0.3911192 0 0.2405585 0.3872587 0 0.2500191 0.3904326 0 0.2500191 0.3954681 0 0.2500191 0.4011597 0 0.266041 0.3959563 0 0.2623636 0.3910735 0 0.2595254 0.3872129 0 0.2655833 0.3787442 0 0.2702678 0.3802395 0 0.2757 0.3820249 0 0.2761425 0.3659724 0 0.2701915 0.3667964 0 0.2655985 0.3672999 0 0.2646983 0.3539025 0 0.2700084 0.3521172 0 0.2693675 0.3508812 0 0.331136 0.3508049 0 0.3365377 0.3508049 0 0.3371634 0.3523155 0 0.3319448 0.3541314 0 0.3435874 0.3675898 0 0.3272908 0.354696 0 0.324239 0.3508049 0 0.3329366 0.3687953 0 0.3181354 0.3524376 0 0.3179065 0.3508049 0 0.3114366 0.3508049 0 0.3079728 0.3546502 0 0.3041581 0.3508049 0 0.3376059 0.3683528 0 0.3335317 0.378912 0 0.3381094 0.3805295 0 0.3434806 0.3824216 0 0.3338064 0.3960479 0 0.33019 0.3910887 0 0.3274128 0.3871366 0 0.3181048 0.3905699 0 0.3180591 0.3955444 0 0.3180133 0.401236 0 0.3022507 0.3957732 0 0.3059434 0.3908751 0 0.3088121 0.3869688 0 0.3027848 0.3786221 0 0.2981155 0.3801633 0 0.2926986 0.3820249 0 0.2923018 0.3660792 0 0.2982834 0.3668116 0 0.3029221 0.3672389 0 0.3033951 0.3539178 0 0.2981766 0.3521782 0 0.2988327 0.3508049 0 0.03350881 0.2861677 0 0.007583734 0.2602274 0 0.05944915 0.2602274 0 0.05944915 0.312108 0 0.007583734 0.312108 0 0.03350881 0.2861677 0 0.007583734 0.2602274 0 0.05944915 0.2602274 0 0.05944915 0.312108 0 0.007583734 0.312108 0 0.03350881 0.2861677 0 0.007583734 0.2602274 0 0.05944915 0.2602274 0 0.05944915 0.312108 0 0.007583734 0.312108 0 0.03350881 0.2861677 0 0.007583734 0.2602274 0 0.05944915 0.2602274 0 0.05944915 0.312108 0 0.007583734 0.312108 0 0.03350881 0.2861677 0 0.007583734 0.2602274 0 0.05944915 0.2602274 0 0.05944915 0.312108 0 0.007583734 0.312108 0 0.03350881 0.2861677 0 0.007583734 0.2602274 0 0.05944915 0.2602274 0 0.05944915 0.312108 0 0.007583734 0.312108 0 0.03350881 0.2861677 0 0.007583734 0.2602274 0 0.05944915 0.2602274 0 0.05944915 0.312108 0 0.007583734 0.312108 0 0.03350881 0.2861677 0 0.007583734 0.2602274 0 0.05944915 0.2602274 0 0.05944915 0.312108 0 0.007583734 0.312108 0 0.03350881 0.2861677 0 0.007583734 0.2602274 0 0.05944915 0.2602274 0 0.05944915 0.312108 0 0.007583734 0.312108 0 0.05467308 0.87393 0 0.05467308 0.8677806 0 0.06372167 0.8677806 0 0.05467308 0.8616159 0 0.06420997 0.87393 0 0.06424049 0.8616159 0 0.07232776 0.8677806 0 0.07263295 0.87393 0 0.07278553 0.8616159 0 0.08021668 0.8678569 0 0.07937744 0.87393 0 0.07992676 0.8616159 0 0.08592355 0.87393 0 0.08592355 0.8616159 0 0.08592355 0.8676738 0 0.603479 0.3862516 0 0.5976349 0.375906 0 0.6095216 0.3760128 0 0.6153659 0.3863737 0 0.6036775 0.3656672 0 0.6214084 0.3761349 0 0.6155642 0.365774 0 0.6494545 0.3657283 0 0.6554055 0.3760128 0 0.6435187 0.3760128 0 0.6375677 0.3657283 0 0.6494545 0.3863127 0 0.631632 0.3760128 0 0.6375677 0.3863127 0 0.1709773 0.9376669 0 0.1845121 0.9444114 0 0.1849241 0.9748989 0 0.1875639 0.9401847 0 0.1712673 0.9820248 0 0.1748836 0.9314107 0 0.1880827 0.9791867 0 0.18262 0.9273213 0 0.1752193 0.9882353 0 0.1933318 0.9374533 0 0.1830014 0.9923247 0 0.2699321 0.927306 0 0.1939117 0.9819486 0 0.2590219 0.9376822 0 0.259617 0.9821774 0 0.2648661 0.9404441 0 0.2703136 0.9923095 0 0.2777142 0.9313954 0 0.2653697 0.9794461 0 0.2816815 0.9376211 0 0.2780499 0.98822 0 0.2680247 0.9447318 0 0.2819562 0.9819638 0 0.2684214 0.9752194 0 0.6754406 0.9444419 0 0.6889601 0.9376211 0 0.6753796 0.9749142 0 0.6723278 0.9401999 0 0.6890364 0.9819791 0 0.6849927 0.9313954 0 0.6722362 0.9791867 0 0.6772106 0.927306 0 0.6850843 0.98822 0 0.6664988 0.9374533 0 0.677348 0.9923095 0 0.5899443 0.9273213 0 0.6664378 0.9819486 0 0.6008545 0.9376822 0 0.6007782 0.9821774 0 0.5950561 0.9404441 0 0.5900969 0.9923247 0 0.582208 0.9314107 0 0.5949798 0.9794309 0 0.5782712 0.9376516 0 0.5822995 0.9882353 0 0.5919127 0.9447166 0 0.5783322 0.9820096 0 0.5918517 0.9751889 0 0.01815824 0.8918288 0 0.01815824 0.9043412 0 0.009109636 0.8952773 0 0.02720684 0.8952773 0 0.005645838 0.9043412 0 0.03067063 0.9043412 0 0.009109636 0.9133898 0 0.02720684 0.9133898 0 0.01815824 0.9168383 0 0.05986114 0.9043412 0 0.04734875 0.9043412 0 0.05639734 0.8952773 0 0.05639734 0.9133898 0 0.04734875 0.8918288 0 0.04734875 0.9168383 0 0.03830015 0.8952773 0 0.03830015 0.9133898 0 0.03483635 0.9043412 0 0.3743191 0.3767147 0 0.3613489 0.3682154 0 0.3719997 0.3576868 0 0.380499 0.3587854 0 0.3571679 0.3776303 0 0.3881437 0.362829 0 0.3601739 0.3879759 0 0.3903868 0.3760891 0 0.3683681 0.3943542 0 0.3872892 0.3872282 0 0.37879 0.3939117 0 0.4319829 0.3668727 0 0.4200809 0.3768063 0 0.4201877 0.357641 0 0.412314 0.359823 0 0.4372168 0.3757229 0 0.4047455 0.3646143 0 0.4354315 0.3863432 0 0.4040589 0.3780575 0 0.4280461 0.393637 0 0.4084077 0.3887541 0 0.4176394 0.3943999 0 0.1210346 0.07309073 0 0.1318532 0.01519799 0 0.09343099 0.01631188 0 0.1622034 0.02967882 0 0.06076143 0.0379492 0 0.1776455 0.05999845 0 0.04632639 0.07467765 0 0.1772335 0.09701687 0 0.06056306 0.1101396 0 0.1589685 0.1202564 0 0.09288166 0.1290913 0 0.1284657 0.1325704 0 0.1210346 0.07309073 0 0.09343099 0.01631188 0 0.1318532 0.01519799 0 0.1622034 0.02967882 0 0.06076143 0.0379492 0 0.1776455 0.05999845 0 0.04632639 0.07467765 0 0.1772335 0.09701687 0 0.06056306 0.1101396 0 0.1589685 0.1202564 0 0.09288166 0.1290913 0 0.1284657 0.1325704 0 0.7039597 0.3893492 0 0.7446098 0.3893492 0 0.7415122 0.4049134 0 0.7415122 0.3738003 0 0.7326925 0.4180972 0 0.7326925 0.3606012 0 0.7195086 0.4269016 0 0.7195086 0.3517967 0 0.7039597 0.4299992 0 0.7039597 0.3486992 0 0.6883955 0.4269016 0 0.6883955 0.3517967 0 0.6752117 0.4180972 0 0.6752117 0.3606012 0 0.6664073 0.4049134 0 0.6664073 0.3738003 0 0.6633097 0.3893492 0 0.7350881 0.3040208 0 0.8617838 0.3040208 0 0.7447318 0.3524987 0 0.7447318 0.2555428 0 0.7721981 0.3936065 0 0.7721981 0.214435 0 0.8133059 0.4210727 0 0.8133059 0.1869688 0 0.8617838 0.4307164 0 0.8617838 0.1773251 0 0.9102617 0.4210727 0 0.9102617 0.1869688 0 0.9513695 0.3936065 0 0.9513695 0.214435 0 0.9788358 0.3524987 0 0.9788358 0.2555428 0 0.9884794 0.3040208 0 0.1150073 0.2072175 0 0.1862821 0.1978485 0 0.1870604 0.2277561 0 0.1798581 0.2467842 0 0.173434 0.1752651 0 0.1603876 0.2619974 0 0.1590143 0.1618982 0 0.138613 0.2715648 0 0.1395285 0.1536431 0 0.1150073 0.2746319 0 0.1150073 0.1501487 0 0.09140154 0.2715648 0 0.09050126 0.1536431 0 0.06964218 0.2619974 0 0.07100023 0.1618982 0 0.05017167 0.2467842 0 0.05659571 0.1752651 0 0.04296941 0.2277561 0 0.04374762 0.1978485 0 0.1145953 0.3969787 0 0.07440299 0.3079881 0 0.09604029 0.300557 0 0.05088884 0.323415 0 0.1145953 0.2986038 0 0.03144884 0.3522393 0 0.1331502 0.300557 0 0.02441444 0.3876402 0 0.1547875 0.3079881 0 0.03196765 0.4212711 0 0.1783017 0.323415 0 0.05128557 0.4468604 0 0.1977569 0.3522393 0 0.08014038 0.4647898 0 0.2047761 0.3876402 0 0.09736782 0.467979 0 0.1972229 0.4212711 0 0.1145953 0.4711834 0 0.1779049 0.4468604 0 0.1318227 0.467979 0 0.1490501 0.4647898 0 0.3808499 0.8691691 0 0.4077058 0.8565957 0 0.3808499 0.9771725 0 0.4221561 0.8690623 0 0.4221561 0.9770504 0 0.4179294 0.9855344 0 0.4806134 0.9771725 0 0.4763714 0.985626 0 0.4435492 0.8606088 0 0.01573205 0.996231 0 0.005859464 0.9224231 0 0.01593042 0.9224231 0 0.0763714 0.996231 0 0.0761883 0.9224231 0 0.08645762 0.996231 0 0.8231785 0.6404974 0 0.8077516 0.6565347 0 0.8077516 0.6403449 0 0.8077516 0.7171588 0 0.8077516 0.7009537 0 0.8231785 0.7169909 0 0.8231785 0.8043183 0 0.8231785 0.8205234 0 0.8077516 0.8044709 0 0.8077516 0.8810102 0 0.8231785 0.8649119 0 0.8231785 0.8810865 0 0.4763714 0.8607004 0 0.4806134 0.8691691 0 0.4763714 0.985626 0 0.4763714 0.8607004 0 0.4763714 0.985626 0 0.4393072 0.9770504 0 0.4393072 0.8690623 0 0.4763714 0.8607004 0 0.4393072 0.9770504 0 0.4077058 0.8565957 0 0.4221561 0.8690623 0 0.4179294 0.9855344 0 0.4077058 0.8565957 0 0.4179294 0.9855344 0 0.3808499 0.9771725 0 0.4221561 0.8690623 0 0.4179294 0.9855344 0 0.3808499 0.9771725 0 0.3808499 0.8691691 0 0.4221561 0.8690623 0 0.3808499 0.9771725 0 0.3907225 0.3125658 0 0.4473487 0.3125658 0 0.4473487 0.3318685 0 0.4473487 0.3125658 0 0.517113 0.3125658 0 0.4473487 0.3318685 0 0.517113 0.3125658 0 0.5172045 0.3318685 0 0.4473487 0.3318685 0 0.5172045 0.3318685 0 0.517113 0.3125658 0 0.586511 0.3318685 0 0.517113 0.3125658 0 0.5875028 0.3125658 0 0.586511 0.3318685 0 0.586511 0.3318685 0 0.5875028 0.3125658 0 0.6467842 0.3318685 0 0.5875028 0.3125658 0 0.6470131 0.3125658 0 0.6467842 0.3318685 0 0.6170291 0.1041276 0 0.5923095 0.1041276 0 0.617258 0.04422063 0 0.617258 0.04422063 0 0.5923095 0.1041276 0 0.5921874 0.04422063 0 0.5921874 0.04422063 0 0.5923095 0.1041276 0 0.561059 0.1041276 0 0.5605555 0.04422063 0 0.5921874 0.04422063 0 0.561059 0.1041276 0 0.2167239 0.1041276 0 0.182208 0.1041276 0 0.1875486 0.08918899 0 0.1878538 0.05874723 0 0.2167239 0.1041276 0 0.1875486 0.08918899 0 0.1828031 0.04422063 0 0.2169528 0.04422063 0 0.1878538 0.05874723 0 0.6724803 0.2354925 0 0.7073625 0.2354925 0 0.7087968 0.2544747 0 0.6724803 0.2354925 0 0.7087968 0.2544747 0 0.6502937 0.2544747 0 0.5642023 0.2354925 0 0.6724803 0.2354925 0 0.6502937 0.2544747 0 0.5221485 0.2544747 0 0.5642023 0.2354925 0 0.6502937 0.2544747 0 0.4811475 0.2354925 0 0.5642023 0.2354925 0 0.5221485 0.2544747 0 0.4811475 0.2354925 0 0.5221485 0.2544747 0 0.4103914 0.2544747 0 0.409781 0.2354925 0 0.4811475 0.2354925 0 0.4103914 0.2544747 0 0.4103914 0.2544747 0 0.3670405 0.2544747 0 0.409781 0.2354925 0 0.3670405 0.2544747 0 0.3660792 0.2354925 0 0.409781 0.2354925 0 0.2618296 0.2544747 0 0.3323415 0.2354925 0 0.3329213 0.2544747 0 0.2618448 0.2354925 0 0.3323415 0.2354925 0 0.2618296 0.2544747 0 0.4473487 0.3318685 0 0.4473487 0.3420768 0 0.3969024 0.3420768 0 0.3907225 0.3125658 0 0.4473487 0.3318685 0 0.3969024 0.3420768 0 0.3907225 0.3125658 0 0.3969024 0.3420768 0 0.3177539 0.3420768 0 0.2819104 0.3125658 0 0.3907225 0.3125658 0 0.3177539 0.3420768 0 0.2819104 0.3125658 0 0.3177539 0.3420768 0 0.2829633 0.3420768 0 0.2829633 0.3420768 0 0.2459297 0.3420768 0 0.2819104 0.3125658 0 0.2097963 0.3125658 0 0.2819104 0.3125658 0 0.2459297 0.3420768 0 0.2129549 0.3420768 0 0.2097963 0.3125658 0 0.2459297 0.3420768 0 0.2097963 0.3125658 0 0.2129549 0.3420768 0 0.2 0.3374075 0 0.4821393 0.338201 0 0.5316854 0.338201 0 0.5315938 0.3515068 0 0.4821393 0.338201 0 0.5315938 0.3515068 0 0.4567483 0.3515068 0 0.4567483 0.338201 0 0.4821393 0.338201 0 0.4567483 0.3515068 0 0.6237431 0.2618448 0 0.6912947 0.2618448 0 0.6912795 0.280827 0 0.6237431 0.2618448 0 0.6912795 0.280827 0 0.6231174 0.280827 0 0.6237431 0.2618448 0 0.6231174 0.280827 0 0.5862669 0.2618448 0 0.6231174 0.280827 0 0.5850462 0.280827 0 0.5862669 0.2618448 0 0.5862669 0.2618448 0 0.5850462 0.280827 0 0.5427939 0.2618448 0 0.5850462 0.280827 0 0.5412223 0.280827 0 0.5427939 0.2618448 0 0.4213016 0.2618448 0 0.5427939 0.2618448 0 0.5412223 0.280827 0 0.4213016 0.2618448 0 0.2904402 0.280827 0 0.37879 0.2618448 0 0.37879 0.2618448 0 0.2904402 0.280827 0 0.2619364 0.2618448 0 0.2552072 0.1738002 0 0.2552072 0.2531014 0 0.2281834 0.1738002 0 0.2552072 0.2531014 0 0.2284428 0.2531014 0 0.2281834 0.1738002 0 0.2281834 0.1738002 0 0.2284428 0.2531014 0 0.2084535 0.178439 0 0.2284428 0.2531014 0 0.2062715 0.24654 0 0.2084535 0.178439 0 0.2062715 0.24654 0 0.1976654 0.2134585 0 0.2084535 0.178439 0 0.3281605 0.1738002 0 0.3873655 0.1738002 0 0.3283894 0.1927367 0 0.3873655 0.1738002 0 0.3883574 0.1927367 0 0.3283894 0.1927367 0 0.3873655 0.1738002 0 0.4577859 0.1738002 0 0.3883574 0.1927367 0 0.4577859 0.1738002 0 0.4577096 0.1927367 0 0.3883574 0.1927367 0 0.527657 0.1927367 0 0.4577096 0.1927367 0 0.4577859 0.1738002 0 0.527657 0.1738002 0 0.527657 0.1927367 0 0.4577859 0.1738002 0 0.5844206 0.1738002 0 0.527657 0.1927367 0 0.527657 0.1738002 0 0.5844206 0.1738002 0 0.5782712 0.2030671 0 0.527657 0.1927367 0 0.5782712 0.2030671 0 0.527657 0.2030671 0 0.527657 0.1927367 0 0.6577554 0.2030671 0 0.5782712 0.2030671 0 0.5844206 0.1738002 0 0.6936752 0.1738002 0 0.6577554 0.2030671 0 0.5844206 0.1738002 0 0.6926222 0.2030671 0 0.6577554 0.2030671 0 0.6936752 0.1738002 0 0.729778 0.2030671 0 0.6926222 0.2030671 0 0.6936752 0.1738002 0 0.6936752 0.1738002 0 0.765774 0.1738002 0 0.729778 0.2030671 0 0.765774 0.1738002 0 0.7631189 0.2030671 0 0.729778 0.2030671 0 0.7631189 0.2030671 0 0.765774 0.1738002 0 0.775433 0.1974365 0 0.617258 0.04422063 0 0.6381781 0.1041276 0 0.6170291 0.1041276 0 0.617258 0.04422063 0 0.6383764 0.04422063 0 0.6381781 0.1041276 0 0.7744106 0.08868545 0 0.7410544 0.04422063 0 0.7682918 0.04422063 0 0.7410544 0.04422063 0 0.7744106 0.08868545 0 0.741207 0.1041276 0 0.7689784 0.1041276 0 0.741207 0.1041276 0 0.7744106 0.08868545 0 0.3200122 0.2099184 0 0.2619364 0.2289006 0 0.2619364 0.2099184 0 0.3195087 0.2289006 0 0.2619364 0.2289006 0 0.3200122 0.2099184 0 0.3630121 0.2099184 0 0.4262913 0.2099184 0 0.3640803 0.2289006 0 0.4262913 0.2099184 0 0.4262913 0.2287938 0 0.3640803 0.2289006 0 0.460502 0.3059586 0 0.4606394 0.2866407 0 0.5266041 0.3059586 0 0.4606394 0.2866407 0 0.5271992 0.2866407 0 0.5266041 0.3059586 0 0.5266041 0.3059586 0 0.5271992 0.2866407 0 0.5917143 0.3059586 0 0.5271992 0.2866407 0 0.5928588 0.2866407 0 0.5917143 0.3059586 0 0.6972305 0.3059586 0 0.6381323 0.3059586 0 0.6376593 0.2866407 0 0.6972305 0.3059586 0 0.6376593 0.2866407 0 0.6972305 0.2866407 0 0.7290303 0.3060044 0 0.6972305 0.3059586 0 0.6972305 0.2866407 0 0.7290303 0.2866407 0 0.7290303 0.3060044 0 0.6972305 0.2866407 0 0.5849546 0.1650416 0 0.5853819 0.1113909 0 0.6163119 0.1650416 0 0.5853819 0.1113909 0 0.6164492 0.1113909 0 0.6163119 0.1650416 0 0.6163119 0.1650416 0 0.6164492 0.1113909 0 0.6312963 0.1113909 0 0.6308232 0.1650416 0 0.6163119 0.1650416 0 0.6312963 0.1113909 0 0.6680095 0.1113909 0 0.686305 0.1650416 0 0.668162 0.1650416 0 0.686305 0.1650416 0 0.7059129 0.1113909 0 0.7397879 0.1650416 0 0.7397879 0.1650416 0 0.7398184 0.1113909 0 0.7582971 0.1113909 0 0.7580835 0.1650416 0 0.7397879 0.1650416 0 0.7582971 0.1113909 0 0.7580835 0.1650416 0 0.7582971 0.1113909 0 0.7710231 0.1157244 0 0.7715572 0.1603571 0 0.7580835 0.1650416 0 0.7710231 0.1157244 0 0.7715572 0.1603571 0 0.7710231 0.1157244 0 0.7783932 0.1386282 0 0.6549478 0.4612497 0 0.6245518 0.4612497 0 0.6279545 0.441062 0 0.6791333 0.4612497 0 0.6549478 0.4612497 0 0.6600595 0.441062 0 0.5758755 0.3575342 0 0.5635004 0.3689479 0 0.5528497 0.3575342 0 0.5635004 0.3689479 0 0.5300679 0.3575342 0 0.5528497 0.3575342 0 0.5635004 0.3689479 0 0.5528344 0.3944915 0 0.5340047 0.3944915 0 0.5635004 0.3689479 0 0.5715572 0.3944915 0 0.5528344 0.3944915 0 0.4571908 0.3577783 0 0.503563 0.3577783 0 0.4614328 0.3681849 0 0.508751 0.3942626 0 0.4724193 0.3864042 0 0.4614328 0.3681849 0 0.8251469 0.9166858 0 0.807599 0.8999313 0 0.8256962 0.8910811 0 0.2500191 0.3904326 0 0.2640269 0.3508812 0 0.2761425 0.3659724 0 0.3434806 0.3824216 0 0.3179065 0.3508049 0 0.3365377 0.3508049 0 0.3179065 0.3508049 0 0.3027848 0.3786221 0 0.2981766 0.3521782 0 0.05467308 0.87393 0 0.05467308 0.8677806 0 0.07278553 0.8616159 0 0.1709773 0.9376669 0 0.1845121 0.9444114 0 0.1849241 0.9748989 0 0.1712673 0.9820248 0 0.1709773 0.9376669 0 0.1849241 0.9748989 0 0.2680247 0.9447318 0 0.2816815 0.9376211 0 0.2819562 0.9819638 0 0.2684214 0.9752194 0 0.2680247 0.9447318 0 0.2819562 0.9819638 0 0.3881437 0.362829 0 0.3613489 0.3682154 0 0.380499 0.3587854 0 0.3683681 0.3943542 0 0.3613489 0.3682154 0 0.3881437 0.362829 0 0.7039597 0.3893492 0 0.7039597 0.4299992 0 0.6752117 0.4180972 0 0.7039597 0.3893492 0 0.6883955 0.3517967 0 0.7039597 0.3486992 0 0.7039597 0.3893492 0 0.6664073 0.3738003 0 0.6883955 0.3517967 0 0.1145953 0.3969787 0 0.1779049 0.4468604 0 0.1490501 0.4647898 0 0.1318227 0.467979 0 0.1145953 0.3969787 0 0.1490501 0.4647898 0 0.4806134 0.8691691 0 0.4806134 0.9771725 0 0.4435492 0.8606088 0 0.4763714 0.985626 0 0.4393072 0.9770504 0 0.8077516 0.6565347 0 0.8231785 0.6404974 0 0.8231785 0.6565804 0 0.8231785 0.7009079 0 0.8077516 0.6565347 0 0.8896315 0.9949645 0 0.8605936 0.9949798 0 0.8543069 0.9693904 0 0.961181 0.9949493 0 0.8896315 0.9693904 0 0.8896315 0.9949645 0 0.8543069 0.9693904 0 0.961181 0.9693599 0 0.9674525 0.994934 0 0.9902189 0.9693599 0 0.9964904 0.994934 0 0.2169528 0.04422063 0 0.2167239 0.1041276 0 0.1878538 0.05874723 0 0.2528267 0.1041276 0 0.2169528 0.04422063 0 0.2529793 0.04422063 0 0.2852216 0.1041276 0 0.2529793 0.04422063 0 0.2853437 0.04422063 0 0.3214923 0.1041276 0 0.3215534 0.04422063 0 0.3576562 0.1041276 0 0.3215534 0.04422063 0 0.3576562 0.04422063 0 0.3937438 0.04422063 0 0.3938048 0.1041276 0 0.4299535 0.04422063 0 0.4300908 0.1041276 0 0.463386 0.04422063 0 0.4635691 0.1041276 0 0.4998093 0.04422063 0 0.5000381 0.1041276 0 0.3660792 0.2354925 0 0.3670405 0.2544747 0 0.3329213 0.2544747 0 0.3323415 0.2354925 0 0.3660792 0.2354925 0 0.6680095 0.1113909 0 0.7059129 0.1113909 0 0.686305 0.1650416 0 0.7398184 0.1113909 0 0.7397879 0.1650416 0 0.08021668 0.8678569 0 0.05467308 0.87393 0 0.05467308 0.8616159 0 0.08592355 0.8676738 0 0.08592355 0.87393 0 0.7039597 0.3893492 0 0.7326925 0.4180972 0 0.7039597 0.4299992 0 0.7039597 0.3486992 0 0.7326925 0.3606012 0 0.825452 0.441062 0 0.8585031 0.441062 0 0.8585031 0.4612497 0 0.8207065 0.4612497 0 0.8585031 0.4612497 0 0.8208438 0.4694285 0 0.7788205 0.441062 0 0.783383 0.4694285 0 0.783093 0.4612497 0 0.7530022 0.4694285 0 0.7530022 0.4694285 0 0.7470054 0.441062 0 0.7530022 0.4694285 0 0.7530022 0.4694285 0 0.7280232 0.4612497 0 0.7264057 0.441062 0 0.7281147 0.4694285 0 0.7530022 0.4694285 0 0.703563 0.4694285 0 0.703563 0.4612497 0 0.6791333 0.4612497 0 0.6600595 0.441062 0 0.6549478 0.4612497 0 0.6279545 0.441062 0 0.6245518 0.4612497 0 0.5862058 0.4612497 0 0.5816281 0.441062 0 0.5499504 0.4612497 0 0.5464408 0.4410468 0 0.5499504 0.4612497 0 0.5862058 0.4612497 0 0.5860227 0.4694285 0 0.6245518 0.4612497 0 0.5499504 0.4612497 0 0.5092698 0.4612497 0 0.5096666 0.4694285 0 0.5055924 0.441062 0 0.4741741 0.4694285 0 0.4737621 0.4612497 0 0.44477 0.4612497 0 0.4688792 0.441062 0 0.4431525 0.441062 0 0.44477 0.4612497 0 0.44477 0.4612497 0 0.4197147 0.4612497 0 0.3729305 0.441474 0 0.3960174 0.4612497 0 0.4197604 0.4694285 0 0.4197147 0.4612497 0 0.3960174 0.4612497 0 0.3724727 0.4612497 0 0.3724117 0.4694285 0 0.3494926 0.441474 0 0.3478599 0.4612497 0 0.3474937 0.4694285 0 0.3193561 0.4694285 0 0.3244984 0.441062 0 0.3193561 0.4694285 0 0.3193561 0.4694285 0 0.2894179 0.441062 0 0.3193561 0.4694285 0 0.2858167 0.4612497 0 0.2462959 0.441062 0 0.2462959 0.4612497 0 0.2858167 0.4612497 0 0.2854505 0.4694285 0 0.3193561 0.4694285 0 0.6901198 0.04422063 0 0.7036698 0.04422063 0 0.7036393 0.1041276 0 0.6900435 0.1041276 0 0.7036393 0.1041276 0 0.673106 0.1041276 0 0.6732738 0.04422063 0 0.6499275 0.1041276 0 0.6502937 0.04422063 0 0.01593042 0.9224231 0 0.03602655 0.9224231 0 0.01573205 0.996231 0 0.035935 0.996231 0 0.035935 0.996231 0 0.03602655 0.9224231 0 0.05607691 0.9224231 0 0.05618372 0.996231 0 0.05618372 0.996231 0 0.05607691 0.9224231 0 0.0763714 0.996231 0 0.0761883 0.9224231 0 0.8077516 0.5530175 0 0.8231785 0.5531853 0 0.8231785 0.6404974 0 0.8077516 0.6403449 0 0.8231785 0.7009079 0 0.8077516 0.7009537 0 0.8077516 0.6565347 0 0.8231785 0.7169909 0 0.8077516 0.8044709 0 0.8077516 0.7171588 0 0.8231785 0.7169909 0 0.8231785 0.8043183 0 0.8077516 0.8205692 0 0.8077516 0.8044709 0 0.8231785 0.8205234 0 0.8231785 0.8649119 0 0.8231785 0.8649119 0 0.8077516 0.8648814 0 0.8077516 0.8205692 0 0.8077516 0.8810102 0 0.8681315 0.4562905 0 0.8681315 0.4405127 0 0.8800946 0.4405127 0 0.8800336 0.4562905 0 0.8800946 0.4405127 0 0.9112077 0.4405127 0 0.8800336 0.4562905 0 0.9112688 0.4562905 0 0.7827573 0.9949493 0 0.7827573 0.9693599 0 0.8543069 0.9693904 0 0.8605936 0.9949798 0 0.6467842 0.3318685 0 0.6470131 0.3125658 0 0.7136034 0.3318685 0 0.7136797 0.3125658 0 0.5605555 0.04422063 0 0.561059 0.1041276 0 0.5359731 0.1041276 0 0.5356527 0.04422063 0 0.5356527 0.04422063 0 0.5359731 0.1041276 0 0.4998093 0.04422063 0 0.5000381 0.1041276 0 0.5571374 0.338201 0 0.5572442 0.3515068 0 0.5315938 0.3515068 0 0.5316854 0.338201 0 0.911223 0.463859 0 0.9111772 0.4796521 0 0.8800183 0.4796521 0 0.8800183 0.463859 0 0.8800183 0.463859 0 0.8800183 0.4796521 0 0.8681315 0.463859 0 0.8681315 0.4796521 0 0.2619364 0.1738002 0 0.3281605 0.1738002 0 0.2619974 0.1927367 0 0.3283894 0.1927367 0 0.6499275 0.1041276 0 0.6381781 0.1041276 0 0.6383764 0.04422063 0 0.6502937 0.04422063 0 0.741207 0.1041276 0 0.7036393 0.1041276 0 0.7036698 0.04422063 0 0.7410544 0.04422063 0 0.3195087 0.2289006 0 0.3200122 0.2099184 0 0.3640803 0.2289006 0 0.3630121 0.2099184 0 0.4262913 0.2099184 0 0.48925 0.2099184 0 0.4262913 0.2287938 0 0.4893721 0.2288548 0 0.48925 0.2099184 0 0.5511559 0.2099184 0 0.4893721 0.2288548 0 0.5513085 0.2288548 0 0.5513085 0.2288548 0 0.5511559 0.2099184 0 0.6184024 0.2288548 0 0.6184634 0.2099184 0 0.6184024 0.2288548 0 0.6184634 0.2099184 0 0.6847638 0.2288548 0 0.6847333 0.2099184 0 0.6847333 0.2099184 0 0.7507744 0.2099184 0 0.6847638 0.2288548 0 0.7508354 0.2288548 0 0.1999237 0.3059586 0 0.2 0.2866407 0 0.2665598 0.3059586 0 0.2665598 0.2866407 0 0.2665598 0.3059586 0 0.2665598 0.2866407 0 0.3329824 0.2866407 0 0.3329976 0.3059586 0 0.3329976 0.3059586 0 0.3329824 0.2866407 0 0.399527 0.2866407 0 0.3993744 0.3059586 0 0.3993744 0.3059586 0 0.399527 0.2866407 0 0.460502 0.3059586 0 0.4606394 0.2866407 0 0.5917143 0.3059586 0 0.5928588 0.2866407 0 0.6376593 0.2866407 0 0.6381323 0.3059586 0 0.1719234 0.1113909 0 0.2054169 0.1113909 0 0.1719234 0.1650416 0 0.2057527 0.1650416 0 0.2057527 0.1650416 0 0.2054169 0.1113909 0 0.2401923 0.1650416 0 0.2399939 0.1113909 0 0.3088121 0.1113909 0 0.3451133 0.1113909 0 0.3089189 0.1650416 0 0.3451743 0.1650416 0 0.4174411 0.1650416 0 0.4175021 0.1113909 0 0.4536965 0.1650416 0 0.4538033 0.1113909 0 0.5240558 0.1113909 0 0.5600519 0.1113909 0 0.5238727 0.1650416 0 0.5597925 0.1650416 0 0.5597925 0.1650416 0 0.5600519 0.1113909 0 0.5849546 0.1650416 0 0.5853819 0.1113909 0 0.6308232 0.1650416 0 0.6312963 0.1113909 0 0.668162 0.1650416 0 0.6680095 0.1113909 0 0.9697871 0.9506676 0 0.9728389 0.9170977 0 0.9945831 0.935607 0 0.9952545 0.9161516 0 0.8616007 0.91664 0 0.8251469 0.9166858 0 0.8256962 0.8910811 0 0.82533 0.9508812 0 0.3027848 0.3786221 0 0.3179065 0.3508049 0 0.3434806 0.3824216 0 0.3180133 0.401236 0 0.1933318 0.9374533 0 0.1845121 0.9444114 0 0.1709773 0.9376669 0 0.18262 0.9273213 0 0.1849241 0.9748989 0 0.1939117 0.9819486 0 0.1712673 0.9820248 0 0.1830014 0.9923247 0 0.1933318 0.9374533 0 0.18262 0.9273213 0 0.2699321 0.927306 0 0.2590219 0.9376822 0 0.1939117 0.9819486 0 0.259617 0.9821774 0 0.1830014 0.9923247 0 0.2703136 0.9923095 0 0.2590219 0.9376822 0 0.2699321 0.927306 0 0.2816815 0.9376211 0 0.2680247 0.9447318 0 0.2703136 0.9923095 0 0.259617 0.9821774 0 0.2819562 0.9819638 0 0.2684214 0.9752194 0 0.02720684 0.8952773 0 0.02720684 0.9133898 0 0.009109636 0.8952773 0 0.009109636 0.9133898 0 0.05639734 0.8952773 0 0.05639734 0.9133898 0 0.03830015 0.8952773 0 0.03830015 0.9133898 0 0.7039597 0.3893492 0 0.7446098 0.3893492 0 0.7326925 0.4180972 0 0.7326925 0.3606012 0 0.7039597 0.3893492 0 0.6752117 0.4180972 0 0.6633097 0.3893492 0 0.6664073 0.3738003 0 0.1145953 0.3969787 0 0.03144884 0.3522393 0 0.05088884 0.323415 0 0.02441444 0.3876402 0 0.1145953 0.3969787 0 0.1145953 0.2986038 0 0.1331502 0.300557 0 0.1547875 0.3079881 0 0.1145953 0.3969787 0 0.2047761 0.3876402 0 0.1972229 0.4212711 0 0.1779049 0.4468604 0 0.0396582 0.8800793 0 0.007705806 0.8867475 0 0.0364538 0.8755474 0 0.007705806 0.8867475 0 0.006942855 0.879881 0 0.006301976 0.8738689 0 0.005645838 0.8678416 0 0.03480583 0.8669413 0 0.005889982 0.861799 0 0.0433051 0.8668956 0 0.006118868 0.8557565 0 0.03868162 0.853376 0 0.006469825 0.8487983 0 0.9111772 0.4796521 0 0.911223 0.463859 0 0.9232776 0.463859 0 0.923125 0.4796521 0 0.9904631 0.463859 0 0.9904631 0.4796521 0 0.2253605 0.4316778 0 0.22533 0.4081941 0 0.2522164 0.4081941 0 0.2791028 0.4316778 0 0.3059587 0.4081941 0 0.3328603 0.4316778 0 0.3597162 0.4081941 0 0.3866178 0.4316778 0 0.4134737 0.4081941 0 0.4403754 0.4316778 0 0.4672312 0.4081941 0 0.4941329 0.4316778 0 0.5209888 0.4081941 0 0.5478904 0.4316778 0 0.5747463 0.4081941 0 0.5747768 0.4316778 0 0.6016175 0.4081941 0 0.6285344 0.4316778 0 0.655375 0.4081941 0 0.6554055 0.4316778 0 0.3088121 0.1113909 0 0.3089189 0.1650416 0 0.2761272 0.1650416 0 0.2759899 0.1113909 0 0.2401923 0.1650416 0 0.2399939 0.1113909 0 0.4536965 0.1650416 0 0.4538033 0.1113909 0 0.4874495 0.1650416 0 0.4875868 0.1113909 0 0.5238727 0.1650416 0 0.5240558 0.1113909 0 0.9636073 0.007110715 0 0.9936675 0.007110715 0 0.9936675 0.02645916 0 0.8880903 0.007110715 0 0.9936675 0.1213397 0 0.9466087 0.1710079 0 0.9936675 0.1710079 0 0.8881056 0.1226825 0 0.8881208 0.1710079 0 0.8296177 0.1710079 0 0.7825437 0.1213397 0 0.7825437 0.1710079 0 0.7825437 0.02645916 0 0.812604 0.007110715 0 0.7825437 0.007110715 0 0.9233234 0.4562905 0 0.9112688 0.4562905 0 0.9112077 0.4405127 0 0.9231861 0.4405127 0 0.9904631 0.4562905 0 0.9904631 0.4405127 0 0.9902189 0.9693599 0 0.9964904 0.9693599 0 0.9964904 0.994934 0 0.9674525 0.994934 0 0.961181 0.9693599 0 0.9674525 0.994934 0 0.8896315 0.9949645 0 0.8896315 0.9693904 0 0.88336 0.9949645 0 0.8678569 0.9693904 0 0.8543221 0.9949645 0 0.8543069 0.9693904 0 0.7827573 0.9693599 0 0.7827573 0.9949493 0 0.1145953 0.3969787 0 0.05088884 0.323415 0 0.07440299 0.3079881 0 0.09604029 0.300557 0 0.1145953 0.2986038 0 0.1145953 0.3969787 0 0.03196765 0.4212711 0 0.02441444 0.3876402 0 0.05128557 0.4468604 0 0.08014038 0.4647898 0 0.1145953 0.3969787 0 0.1547875 0.3079881 0 0.1783017 0.323415 0 0.1977569 0.3522393 0 0.2047761 0.3876402 0 0.1145953 0.3969787 0 0.09736782 0.467979 0 0.08014038 0.4647898 0 0.1145953 0.4711834 0 0.1318227 0.467979 0 0.3451133 0.1113909 0 0.3813077 0.1113909 0 0.3451743 0.1650416 0 0.3813077 0.1650416 0 0.4174411 0.1650416 0 0.4175021 0.1113909 0 0.7756771 0.9596094 0 0.7729152 0.9519341 0 0.7893034 0.9506065 0 0.764477 0.9345083 0 0.8066376 0.9338827 0 0.807538 0.9596094 0 0.786923 0.916701 0 0.807538 0.9596094 0 0.82533 0.9508812 0 0.8251469 0.9166858 0 0.807599 0.8999313 0 0.7899748 0.9000229 0 0.807599 0.8999313 0 0.7741665 0.8985733 0 0.3190356 0.9931639 0 0.3130083 0.9512017 0 0.3609522 0.9931639 0 0.3534142 0.9408866 0 0.3125658 0.9226367 0 0.3466544 0.9104448 0 0.2948043 0.9243916 0 0.3094835 0.8890212 0 0.3451896 0.8849469 0 0.2646219 0.9087206 0 0.3073625 0.8570383 0 0.3431449 0.8495919 0 0.3539788 0.8638132 0 0.3875791 0.8435798 0 0.270222 0.8581979 0 0.2455482 0.9059129 0 0.4450904 0.8178684 0 0.4450904 0.8308538 0 0.2264744 0.8588083 0 0.3917754 0.8178684 0 0.1827115 0.8581979 0 0.1883269 0.9087206 0 0.3435264 0.8172885 0 0.3939574 0.7519493 0 0.4450904 0.7519493 0 0.3412375 0.7608759 0 0.3075608 0.8199435 0 0.3942016 0.6891737 0 0.4450904 0.6903486 0 0.3440604 0.6895094 0 0.3958343 0.6191806 0 0.4450904 0.6148318 0 0.3521782 0.6174868 0 0.3985504 0.5467918 0 0.4450904 0.5467918 0 0.3515984 0.5467918 0 0.3983215 0.4972762 0 0.4450904 0.4972762 0 0.4450904 0.4923323 0 0.3496605 0.4972762 0 0.3979553 0.4923323 0 0.39794 0.4877852 0 0.4450904 0.4877852 0 0.3494011 0.4923323 0 0.3125353 0.4972762 0 0.3115435 0.4923323 0 0.3114214 0.4877852 0 0.3116655 0.5467918 0 0.2711223 0.4923323 0 0.2264744 0.4877852 0 0.2717784 0.4972762 0 0.2264744 0.4923323 0 0.2264744 0.4972762 0 0.1818112 0.4923323 0 0.1415274 0.4877852 0 0.2712749 0.5467918 0 0.1413901 0.4923323 0 0.1035477 0.4923323 0 0.1811551 0.4972762 0 0.1403983 0.4972762 0 0.1816739 0.5467918 0 0.1412833 0.5467918 0 0.1032731 0.4972762 0 0.2264744 0.5467918 0 0.1013504 0.5467918 0 0.1410086 0.6191806 0 0.1810483 0.6191806 0 0.2719005 0.6191806 0 0.2264744 0.6191806 0 0.146746 0.6894789 0 0.3119249 0.6191806 0 0.3061875 0.6894789 0 0.2680705 0.6894789 0 0.3042039 0.7613336 0 0.267155 0.76112 0 0.2264744 0.6894789 0 0.1848783 0.6894789 0 0.1857786 0.76112 0 0.1487449 0.7613336 0 0.2689098 0.8225833 0 0.1840391 0.8225833 0 0.145388 0.8199435 0 0.1462425 0.8590677 0 0.111696 0.7611658 0 0.1438773 0.8897536 0 0.1581445 0.9243916 0 0.1094072 0.8172885 0 0.1411307 0.9231098 0 0.1399405 0.9512017 0 0.1335775 0.9930419 0 0.09198138 0.9931639 0 0.0995346 0.9408866 0 0.1062943 0.9104448 0 0.107744 0.8849469 0 0.1128099 0.8545052 0 0.09897002 0.8638132 0 0.06536965 0.8435798 0 0.06117342 0.8178684 0 0.007843137 0.8308538 0 0.007843137 0.8178684 0 0.05897612 0.7519493 0 0.007843137 0.7519493 0 0.1088884 0.6895094 0 0.05874724 0.687007 0 0.007843137 0.6825055 0 0.1007553 0.6174868 0 0.05709926 0.6191806 0 0.007843137 0.6148318 0 0.05438315 0.5467918 0 0.007843137 0.5467918 0 0.05461204 0.4972762 0 0.007843137 0.4972762 0 0.007843137 0.4923323 0 0.05499351 0.4923323 0 0.05500877 0.4877852 0 0.007843137 0.4877852 0 0.8385748 0.8810865 0 0.8321965 0.8810865 0 0.8321965 0.8440375 0 0.8385748 0.8440375 0 0.8321965 0.8183719 0 0.8760967 0.8810865 0 0.8385748 0.8183719 0 0.8321965 0.7878233 0 0.8760967 0.8440375 0 0.9391928 0.8810865 0 0.8760967 0.8183719 0 0.9391928 0.8440375 0 0.9519494 0.8810865 0 0.9592127 0.8440375 0 0.9391928 0.8183719 0 0.9657435 0.81178 0 0.9391928 0.7878233 0 0.9695735 0.7878233 0 0.9727321 0.7553674 0 0.8760967 0.7878233 0 0.9391928 0.7553674 0 0.9754025 0.7154498 0 0.8385748 0.7878233 0 0.8321965 0.7553674 0 0.8778821 0.7553674 0 0.9391928 0.7154498 0 0.9761654 0.6781262 0 0.8385748 0.7553674 0 0.8784619 0.7154498 0 0.8385748 0.7154498 0 0.8321965 0.7154498 0 0.9391928 0.6781262 0 0.8767071 0.6781262 0 0.8385748 0.6782788 0 0.8321965 0.6789197 0 0.8321965 0.6411383 0 0.8385748 0.6411383 0 0.8321965 0.6 0 0.8770276 0.6411383 0 0.8385748 0.6 0 0.8321965 0.5651331 0 0.9391928 0.6411383 0 0.9768826 0.6411383 0 0.8760204 0.6 0 0.8385748 0.5651331 0 0.8321965 0.5383841 0 0.9391928 0.6 0 0.9742885 0.6 0 0.972076 0.5750515 0 0.8760967 0.5651331 0 0.8385748 0.5381705 0 0.8321965 0.5049211 0 0.8385748 0.5049211 0 0.9391928 0.5651331 0 0.9693751 0.5580835 0 0.9587243 0.5391775 0 0.8760967 0.5380636 0 0.8760967 0.5049211 0 0.9391928 0.5049211 0 0.9391928 0.5380636 0 0.9519494 0.5049211 0 0.8321965 0.8440375 0 0.8321965 0.8810865 0 0.8385748 0.8810865 0 0.8385748 0.8440375 0 0.8321965 0.8183719 0 0.8760967 0.8810865 0 0.8385748 0.8183719 0 0.8321965 0.7878233 0 0.8760967 0.8440375 0 0.9391928 0.8810865 0 0.8760967 0.8183719 0 0.9391928 0.8440375 0 0.9519494 0.8810865 0 0.9592127 0.8440375 0 0.9391928 0.8183719 0 0.9657435 0.81178 0 0.9391928 0.7878233 0 0.9695735 0.7878233 0 0.9727321 0.7553674 0 0.8760967 0.7878233 0 0.9391928 0.7553674 0 0.9754025 0.7154498 0 0.8385748 0.7878233 0 0.8321965 0.7553674 0 0.8778821 0.7553674 0 0.9391928 0.7154498 0 0.9761654 0.6781262 0 0.8385748 0.7553674 0 0.8784619 0.7154498 0 0.8385748 0.7154498 0 0.8321965 0.7154498 0 0.9391928 0.6781262 0 0.8767071 0.6781262 0 0.8385748 0.6782788 0 0.8321965 0.6789197 0 0.8321965 0.6411383 0 0.8385748 0.6411383 0 0.8321965 0.6 0 0.8770276 0.6411383 0 0.8385748 0.6 0 0.8321965 0.5651331 0 0.9391928 0.6411383 0 0.9768826 0.6411383 0 0.8760204 0.6 0 0.8385748 0.5651331 0 0.8321965 0.5383841 0 0.9391928 0.6 0 0.9742885 0.6 0 0.972076 0.5750515 0 0.8760967 0.5651331 0 0.8385748 0.5381705 0 0.8321965 0.5049211 0 0.8385748 0.5049211 0 0.9391928 0.5651331 0 0.9693751 0.5580835 0 0.9587243 0.5391775 0 0.8760967 0.5380636 0 0.8760967 0.5049211 0 0.9391928 0.5049211 0 0.9391928 0.5380636 0 0.9519494 0.5049211 0 0.9688869 0.9596094 0 0.9518578 0.9596094 0 0.9697871 0.9506676 0 0.9345846 0.93402 0 0.9341115 0.9508659 0 0.9728389 0.9170977 0 0.9163043 0.9340352 0 0.8979477 0.9596094 0 0.8798504 0.9596094 0 0.9160754 0.91664 0 0.9521782 0.8910811 0 0.9342031 0.8910811 0 0.8980697 0.8997635 0 0.8978866 0.9166247 0 0.879881 0.8910811 0 0.8618448 0.8997635 0 0.8618448 0.9340658 0 0.861738 0.9596094 0 0.82533 0.9508812 0 0.8616007 0.91664 0 0.8256962 0.8910811 0 0.9102617 0.4210727 0 0.8133059 0.4210727 0 0.9788358 0.3524987 0 0.9788358 0.2555428 0 0.9513695 0.214435 0 0.8617838 0.1773251 0 0.8133059 0.1869688 0 0.7447318 0.2555428 0 0.7447318 0.3524987 0 0.7961853 0.4877852 0 0.7961853 0.4923323 0 0.7595788 0.4877852 0 0.7574273 0.4923323 0 0.7961853 0.4972762 0 0.7155413 0.4923323 0 0.7164416 0.4877852 0 0.6755016 0.4877852 0 0.756054 0.4972762 0 0.7961853 0.5467918 0 0.6746472 0.4923323 0 0.6332189 0.4877852 0 0.7134966 0.4972762 0 0.7538109 0.5453727 0 0.7961853 0.6147708 0 0.6733348 0.4972762 0 0.7130694 0.5439383 0 0.7540551 0.614313 0 0.7512169 0.6824597 0 0.7961853 0.6824597 0 0.7137255 0.614313 0 0.7477378 0.7519493 0 0.7961853 0.7519493 0 0.7961853 0.8178684 0 0.7108263 0.6824597 0 0.7895628 0.8325475 0 0.7591363 0.8231022 0 0.7397574 0.8028992 0 0.7452812 0.8449225 0 0.7061265 0.7519493 0 0.7172351 0.8405432 0 0.7432669 0.8736095 0 0.6977188 0.8017548 0 0.7124285 0.8754406 0 0.7490196 0.9060655 0 0.6901961 0.8361486 0 0.6696269 0.7519493 0 0.7120012 0.9101244 0 0.7592584 0.9365377 0 0.6332189 0.6824597 0 0.6332189 0.802182 0 0.5968109 0.7519493 0 0.6724041 0.614313 0 0.5603265 0.7519493 0 0.6721447 0.5425193 0 0.594049 0.614313 0 0.5556267 0.6824597 0 0.5943084 0.5425193 0 0.5527275 0.614313 0 0.6332189 0.4972762 0 0.6332189 0.4923323 0 0.5931182 0.4972762 0 0.5918059 0.4923323 0 0.5909514 0.4877852 0 0.5533837 0.5439383 0 0.5509117 0.4923323 0 0.5500115 0.4877852 0 0.5068742 0.4877852 0 0.5529412 0.4972762 0 0.5090257 0.4923323 0 0.4702678 0.4923323 0 0.4702678 0.4877852 0 0.4702678 0.4972762 0 0.510399 0.4972762 0 0.4702678 0.5467918 0 0.5126421 0.5453727 0 0.4702678 0.6147708 0 0.5123979 0.614313 0 0.5152209 0.6824597 0 0.4702678 0.6902876 0 0.5187152 0.7519493 0 0.4702678 0.7519493 0 0.4702678 0.8178684 0 0.5073167 0.8231022 0 0.4768902 0.8325475 0 0.5266957 0.8028992 0 0.5211719 0.8449225 0 0.5687343 0.8017548 0 0.549218 0.8405432 0 0.5231861 0.8736095 0 0.5540246 0.8754406 0 0.5174181 0.9060655 0 0.576257 0.8361486 0 0.6332189 0.8345464 0 0.5839627 0.8762646 0 0.6824903 0.8762646 0 0.6332189 0.8779431 0 0.6748913 0.9144884 0 0.6120852 0.9091173 0 0.6962539 0.9271229 0 0.5915617 0.914168 0 0.7170215 0.9498283 0 0.7126421 0.954757 0 0.7296864 0.9937438 0 0.7692378 0.9937743 0 0.5543298 0.9101549 0 0.5701991 0.9271229 0 0.5071794 0.9365377 0 0.5481803 0.9500725 0 0.5530022 0.954757 0 0.4972152 0.9937743 0 0.5359274 0.9937743 0 0.03350881 0.2861677 0 0.007583734 0.2602274 0 0.05944915 0.2602274 0 0.05944915 0.312108 0 0.007583734 0.312108 0 0.03350881 0.2861677 0 0.007583734 0.2602274 0 0.05944915 0.2602274 0 0.05944915 0.312108 0 0.007583734 0.312108 0 0.03350881 0.2861677 0 0.007583734 0.2602274 0 0.05944915 0.2602274 0 0.05944915 0.312108 0 0.007583734 0.312108 0 0.03350881 0.2861677 0 0.007583734 0.2602274 0 0.05944915 0.2602274 0 0.05944915 0.312108 0 0.007583734 0.312108 0 0.03350881 0.2861677 0 0.007583734 0.2602274 0 0.05944915 0.2602274 0 0.05944915 0.312108 0 0.007583734 0.312108 0 0.03350881 0.2861677 0 0.007583734 0.2602274 0 0.05944915 0.2602274 0 0.05944915 0.312108 0 0.007583734 0.312108 0 0.03350881 0.2861677 0 0.007583734 0.2602274 0 0.05944915 0.2602274 0 0.05944915 0.312108 0 0.007583734 0.312108 0 0.03350881 0.2861677 0 0.007583734 0.2602274 0 0.05944915 0.2602274 0 0.05944915 0.312108 0 0.007583734 0.312108 0 0.03350881 0.2861677 0 0.007583734 0.2602274 0 0.05944915 0.2602274 0 0.05944915 0.312108 0 0.007583734 0.312108 0 0.6754406 0.9444419 0 0.6889601 0.9376211 0 0.6753796 0.9749142 0 0.6664988 0.9374533 0 0.6890364 0.9819791 0 0.6772106 0.927306 0 0.6664378 0.9819486 0 0.5899443 0.9273213 0 0.677348 0.9923095 0 0.6008545 0.9376822 0 0.6007782 0.9821774 0 0.5782712 0.9376516 0 0.5900969 0.9923247 0 0.5919127 0.9447166 0 0.5783322 0.9820096 0 0.5918517 0.9751889 0 0.1210346 0.07309073 0 0.1318532 0.01519799 0 0.09343099 0.01631188 0 0.1622034 0.02967882 0 0.06076143 0.0379492 0 0.1776455 0.05999845 0 0.04632639 0.07467765 0 0.1772335 0.09701687 0 0.06056306 0.1101396 0 0.1589685 0.1202564 0 0.09288166 0.1290913 0 0.1284657 0.1325704 0 0.1210346 0.07309073 0 0.09343099 0.01631188 0 0.1318532 0.01519799 0 0.1622034 0.02967882 0 0.06076143 0.0379492 0 0.1776455 0.05999845 0 0.04632639 0.07467765 0 0.1772335 0.09701687 0 0.06056306 0.1101396 0 0.1589685 0.1202564 0 0.09288166 0.1290913 0 0.1284657 0.1325704 0 0.1150073 0.2072175 0 0.1862821 0.1978485 0 0.1870604 0.2277561 0 0.1798581 0.2467842 0 0.173434 0.1752651 0 0.1603876 0.2619974 0 0.1590143 0.1618982 0 0.138613 0.2715648 0 0.1150073 0.1501487 0 0.1150073 0.2746319 0 0.07100023 0.1618982 0 0.09140154 0.2715648 0 0.05659571 0.1752651 0 0.06964218 0.2619974 0 0.04374762 0.1978485 0 0.05017167 0.2467842 0 0.04296941 0.2277561 0 0.3808499 0.8691691 0 0.4077058 0.8565957 0 0.3808499 0.9771725 0 0.01573205 0.996231 0 0.005859464 0.9224231 0 0.03602655 0.9224231 0 0.03602655 0.9224231 0 0.035935 0.996231 0 0.01573205 0.996231 0 0.05607691 0.9224231 0 0.0761883 0.9224231 0 0.05618372 0.996231 0 0.05618372 0.996231 0 0.0761883 0.9224231 0 0.08645762 0.996231 0 0.8077516 0.5530175 0 0.8231785 0.5531853 0 0.8231785 0.6404974 0 0.8231785 0.8205234 0 0.8231785 0.8649119 0 0.8077516 0.8205692 0 0.8231785 0.8649119 0 0.8077516 0.8648814 0 0.8077516 0.8205692 0 0.9231861 0.4405127 0 0.9904631 0.4405127 0 0.9904631 0.4562905 0 0.4763714 0.8607004 0 0.4763714 0.985626 0 0.4393072 0.9770504 0 0.4393072 0.8690623 0 0.4763714 0.8607004 0 0.4393072 0.9770504 0 0.4077058 0.8565957 0 0.4179294 0.9855344 0 0.3808499 0.9771725 0 0.5875028 0.3125658 0 0.586511 0.3318685 0 0.4473487 0.3318685 0 0.586511 0.3318685 0 0.5875028 0.3125658 0 0.6467842 0.3318685 0 0.2853437 0.04422063 0 0.2852216 0.1041276 0 0.2529793 0.04422063 0 0.2852216 0.1041276 0 0.182208 0.1041276 0 0.2529793 0.04422063 0 0.2529793 0.04422063 0 0.182208 0.1041276 0 0.1828031 0.04422063 0 0.409781 0.2354925 0 0.523888 0.2354925 0 0.4103914 0.2544747 0 0.409781 0.2354925 0 0.4103914 0.2544747 0 0.3329213 0.2544747 0 0.2618296 0.2544747 0 0.409781 0.2354925 0 0.3329213 0.2544747 0 0.2819104 0.3125658 0 0.3907225 0.3125658 0 0.4473487 0.3318685 0 0.2819104 0.3125658 0 0.4473487 0.3318685 0 0.2829633 0.3420768 0 0.2829633 0.3420768 0 0.2 0.3374075 0 0.2819104 0.3125658 0 0.2097963 0.3125658 0 0.2819104 0.3125658 0 0.2 0.3374075 0 0.4567483 0.338201 0 0.5571374 0.338201 0 0.5315938 0.3515068 0 0.2552072 0.1738002 0 0.2552072 0.2531014 0 0.2084535 0.178439 0 0.2552072 0.2531014 0 0.2062715 0.24654 0 0.2084535 0.178439 0 0.5844206 0.1738002 0 0.5782712 0.2030671 0 0.527657 0.1738002 0 0.5782712 0.2030671 0 0.527657 0.2030671 0 0.527657 0.1738002 0 0.6926222 0.2030671 0 0.5782712 0.2030671 0 0.5844206 0.1738002 0 0.6936752 0.1738002 0 0.6926222 0.2030671 0 0.5844206 0.1738002 0 0.6936752 0.1738002 0 0.765774 0.1738002 0 0.6926222 0.2030671 0 0.6926222 0.2030671 0 0.765774 0.1738002 0 0.775433 0.1974365 0 0.617258 0.04422063 0 0.6381781 0.1041276 0 0.6170291 0.1041276 0 0.617258 0.04422063 0 0.6383764 0.04422063 0 0.6381781 0.1041276 0 0.7682918 0.04422063 0 0.7744106 0.08868545 0 0.741207 0.1041276 0 0.7507744 0.2099184 0 0.7508354 0.2288548 0 0.6847638 0.2288548 0 0.1999237 0.3059586 0 0.2665598 0.2866407 0 0.2665598 0.3059586 0 0.2665598 0.3059586 0 0.2665598 0.2866407 0 0.399527 0.2866407 0 0.399527 0.2866407 0 0.5271992 0.2866407 0 0.5266041 0.3059586 0 0.5266041 0.3059586 0 0.5271992 0.2866407 0 0.5917143 0.3059586 0 0.5853819 0.1113909 0 0.6312963 0.1113909 0 0.5849546 0.1650416 0 0.6308232 0.1650416 0 0.6312963 0.1113909 0 0.686305 0.1650416 0 0.7783932 0.1386282 0 0.7397879 0.1650416 0 0.7398184 0.1113909 0 0.2462959 0.4612497 0 0.2462959 0.441062 0 0.2858167 0.4612497 0 0.3244984 0.441062 0 0.3193561 0.4694285 0 0.2858167 0.4612497 0 0.3478599 0.4612497 0 0.3193561 0.4694285 0 0.3244984 0.441062 0 0.3960174 0.4612497 0 0.3478599 0.4612497 0 0.3729305 0.441474 0 0.4431525 0.441062 0 0.44477 0.4612497 0 0.3960174 0.4612497 0 0.4431525 0.441062 0 0.4737621 0.4612497 0 0.44477 0.4612497 0 0.4737621 0.4612497 0 0.5055924 0.441062 0 0.5092698 0.4612497 0 0.5862058 0.4612497 0 0.5092698 0.4612497 0 0.5816281 0.441062 0 0.5862058 0.4612497 0 0.5816281 0.441062 0 0.6245518 0.4612497 0 0.783093 0.4612497 0 0.825452 0.441062 0 0.8585031 0.4612497 0 0.2948043 0.9243916 0 0.2646219 0.9087206 0 0.3073625 0.8570383 0 0.1581445 0.9243916 0 0.1462425 0.8590677 0 0.1883269 0.9087206 0 0.05467308 0.87393 0 0.05467308 0.8677806 0 0.07278553 0.8616159 0 0.08021668 0.8678569 0 0.05467308 0.87393 0 0.05467308 0.8616159 0 0.02720684 0.8952773 0 0.02720684 0.9133898 0 0.009109636 0.9133898 0 0.05639734 0.8952773 0 0.05639734 0.9133898 0 0.03830015 0.9133898 0 0.1145953 0.3969787 0 0.07440299 0.3079881 0 0.1145953 0.2986038 0 0.1145953 0.3969787 0 0.05088884 0.323415 0 0.07440299 0.3079881 0 0.1145953 0.3969787 0 0.03144884 0.3522393 0 0.05088884 0.323415 0 0.1145953 0.3969787 0 0.02441444 0.3876402 0 0.03144884 0.3522393 0 0.1145953 0.3969787 0 0.1145953 0.2986038 0 0.1547875 0.3079881 0 0.1145953 0.3969787 0 0.1547875 0.3079881 0 0.1783017 0.323415 0 0.1145953 0.3969787 0 0.05128557 0.4468604 0 0.02441444 0.3876402 0 0.1145953 0.3969787 0 0.1783017 0.323415 0 0.1977569 0.3522393 0 0.1145953 0.3969787 0 0.08014038 0.4647898 0 0.05128557 0.4468604 0 0.1145953 0.3969787 0 0.1977569 0.3522393 0 0.1972229 0.4212711 0 0.08014038 0.4647898 0 0.1145953 0.3969787 0 0.1318227 0.467979 0 0.1145953 0.3969787 0 0.1972229 0.4212711 0 0.1779049 0.4468604 0 0.1145953 0.3969787 0 0.1779049 0.4468604 0 0.1318227 0.467979 0 0.5605555 0.04422063 0 0.6170291 0.1041276 0 0.561059 0.1041276 0 0.617258 0.04422063 0 0.5605555 0.04422063 0 0.561059 0.1041276 0 0.5359731 0.1041276 0 0.5356527 0.04422063 0 0.2057527 0.1650416 0 0.2054169 0.1113909 0 0.2761272 0.1650416 0 0.3088121 0.1113909 0 0.2761272 0.1650416 0 0.3451133 0.1113909 0 0.3813077 0.1113909 0 0.3451743 0.1650416 0 0.4175021 0.1113909 0 0.3813077 0.1650416 0 0.4536965 0.1650416 0 0.3813077 0.1113909 0 0.3813077 0.1650416 0 0.3451743 0.1650416 0 0.3451133 0.1113909 0 0.3089189 0.1650416 0 0.3088121 0.1113909 0 0.2761272 0.1650416 0 0.3729305 0.441474 0 0.3478599 0.4612497 0 0.3244984 0.441062 0 0.4431525 0.441062 0 0.3960174 0.4612497 0 0.5055924 0.441062 0 0.4737621 0.4612497 0 0.5092698 0.4612497 0 0.5816281 0.441062 0 0.2646219 0.9087206 0 0.1883269 0.9087206 0 0.1840391 0.8225833 0 0.2689098 0.8225833 0 0.1840391 0.8225833 0 0.2646219 0.9087206 0 0.3073625 0.8570383 0 0.267155 0.76112 0 0.1462425 0.8590677 0 0.1883269 0.9087206 0 0.3130083 0.9512017 0 0.2948043 0.9243916 0 0.3534142 0.9408866 0 0.3609522 0.9931639 0 0.3451896 0.8849469 0 0.3875791 0.8435798 0 0.4450904 0.8178684 0 0.4450904 0.8308538 0 0.3435264 0.8172885 0 0.3917754 0.8178684 0 0.3042039 0.7613336 0 0.3939574 0.7519493 0 0.4450904 0.7519493 0 0.3942016 0.6891737 0 0.4450904 0.6903486 0 0.2680705 0.6894789 0 0.3958343 0.6191806 0 0.4450904 0.6148318 0 0.3061875 0.6894789 0 0.3119249 0.6191806 0 0.2264744 0.6191806 0 0.1848783 0.6894789 0 0.3116655 0.5467918 0 0.3983215 0.4972762 0 0.4450904 0.4972762 0 0.4450904 0.4923323 0 0.39794 0.4877852 0 0.3494011 0.4923323 0 0.3125353 0.4972762 0 0.3114214 0.4877852 0 0.2711223 0.4923323 0 0.2264744 0.4877852 0 0.2264744 0.4923323 0 0.1818112 0.4923323 0 0.1415274 0.4877852 0 0.1403983 0.4972762 0 0.1035477 0.4923323 0 0.1412833 0.5467918 0 0.05461204 0.4972762 0 0.05500877 0.4877852 0 0.007843137 0.4923323 0 0.007843137 0.4972762 0 0.007843137 0.6148318 0 0.05709926 0.6191806 0 0.007843137 0.6825055 0 0.1410086 0.6191806 0 0.05874724 0.687007 0 0.007843137 0.7519493 0 0.146746 0.6894789 0 0.05897612 0.7519493 0 0.007843137 0.8178684 0 0.1487449 0.7613336 0 0.06117342 0.8178684 0 0.06536965 0.8435798 0 0.007843137 0.8308538 0 0.1857786 0.76112 0 0.1094072 0.8172885 0 0.107744 0.8849469 0 0.1399405 0.9512017 0 0.1581445 0.9243916 0 0.0995346 0.9408866 0 0.09198138 0.9931639 0 0.8617838 0.1773251 0 0.8133059 0.4210727 0 0.7447318 0.2555428 0 0.9788358 0.3524987 0 0.8133059 0.4210727 0 0.9102617 0.4210727 0 0.8678569 0.9693904 0 0.8896315 0.9693904 0 0.88336 0.9949645 0 0.9674525 0.994934 0 0.88336 0.9949645 0 0.961181 0.9693599 0 0.9902189 0.9693599 0 0.9674525 0.994934 0 0.9964904 0.994934 0 0.8678569 0.9693904 0 0.88336 0.9949645 0 0.8543221 0.9949645 0 0.7827573 0.9693599 0 0.8678569 0.9693904 0 0.7827573 0.9949493 0 0.7827573 0.9693599 0 0.3328603 0.4316778 0 0.3059587 0.4081941 0 0.4134737 0.4081941 0 0.4403754 0.4316778 0 0.4134737 0.4081941 0 0.5478904 0.4316778 0 0.5209888 0.4081941 0 0.2253605 0.4316778 0 0.3059587 0.4081941 0 0.22533 0.4081941 0 0.5209888 0.4081941 0 0.655375 0.4081941 0 0.6285344 0.4316778 0 0.4175021 0.1113909 0 0.4538033 0.1113909 0 0.4536965 0.1650416 0 0.4536965 0.1650416 0 0.5238727 0.1650416 0 0.5240558 0.1113909 0 0.6308232 0.1650416 0 0.5849546 0.1650416 0 0.6312963 0.1113909 0 0.5600519 0.1113909 0 0.5853819 0.1113909 0 0.5597925 0.1650416 0 0.686305 0.1650416 0 0.7398184 0.1113909 0 0.7397879 0.1650416 0 0.6862745 0.1113909 0 0.7398184 0.1113909 0 0.6312963 0.1113909 0 0.4806134 0.8691691 0 0.4763714 0.985626 0 0.4435492 0.8606088 0 0.4393072 0.9770504 0 0.035935 0.996231 0 0.03602655 0.9224231 0 0.05607691 0.9224231 0 0.05618372 0.996231 0 0.7827573 0.9949493 0 0.7827573 0.9693599 0 0.8543069 0.9693904 0 0.8605936 0.9949798 0 0.8543069 0.9693904 0 0.88336 0.9693904 0 0.8605936 0.9949798 0 0.8896315 0.9949645 0 0.961181 0.9693599 0 0.88336 0.9693904 0 0.9674525 0.994934 0 0.9902189 0.9693599 0 0.9674525 0.994934 0 0.9964904 0.994934 0 0.4221561 0.8690623 0 0.4179294 0.9855344 0 0.3808499 0.9771725 0 0.3850919 0.8607004 0 0.5356527 0.04422063 0 0.5359731 0.1041276 0 0.4998093 0.04422063 0 0.5000381 0.1041276 0 0.4299535 0.04422063 0 0.4998093 0.04422063 0 0.5000381 0.1041276 0 0.4300908 0.1041276 0 0.4299535 0.04422063 0 0.3938048 0.1041276 0 0.3576562 0.04422063 0 0.4299535 0.04422063 0 0.3576562 0.1041276 0 0.3576562 0.04422063 0 0.3215534 0.04422063 0 0.3576562 0.1041276 0 0.2852216 0.1041276 0 0.2853437 0.04422063 0 0.911223 0.463859 0 0.9111772 0.4796521 0 0.8800183 0.4796521 0 0.8800183 0.463859 0 0.6900435 0.1041276 0 0.6381781 0.1041276 0 0.6383764 0.04422063 0 0.6901198 0.04422063 0 0.6901198 0.04422063 0 0.7682918 0.04422063 0 0.6900435 0.1041276 0 0.741207 0.1041276 0 0.1719234 0.1113909 0 0.2054169 0.1113909 0 0.1719234 0.1650416 0 0.2057527 0.1650416 0 0.5240558 0.1113909 0 0.5600519 0.1113909 0 0.5238727 0.1650416 0 0.5597925 0.1650416 0 0.8321965 0.7553674 0 0.8321965 0.7154498 0 0.8385748 0.7154498 0 0.8385748 0.6782788 0 0.8321965 0.7154498 0 0.8321965 0.7553674 0 0.8385748 0.7154498 0 0.8385748 0.6782788 0 0.007583734 0.312108 0 0.007583734 0.2602274 0 0.05944915 0.2602274 0 0.05944915 0.312108 0 0.05944915 0.312108 0 0.007583734 0.2602274 0 0.05944915 0.2602274 0 0.007583734 0.312108 0 0.007583734 0.2602274 0 0.05944915 0.2602274 0 0.007583734 0.312108 0 0.05944915 0.312108 0 0.007583734 0.2602274 0 0.05944915 0.2602274 0 0.05944915 0.312108 0 0.007583734 0.312108 0 0.007583734 0.2602274 0 0.05944915 0.2602274 0 0.007583734 0.312108 0 0.05944915 0.312108 0 0.007583734 0.2602274 0 0.05944915 0.2602274 0 0.05944915 0.312108 0 0.007583734 0.312108 0 0.007583734 0.2602274 0 0.05944915 0.2602274 0 0.007583734 0.312108 0 0.05944915 0.312108 0 0.007583734 0.2602274 0 0.05944915 0.2602274 0 0.007583734 0.312108 0 0.05944915 0.312108 0 0.007583734 0.2602274 0 0.05944915 0.2602274 0 0.05944915 0.312108 0 0.007583734 0.312108 0 0.1210346 0.07309073 0 0.06056306 0.1101396 0 0.09288166 0.1290913 0 0.04632639 0.07467765 0 0.1210346 0.07309073 0 0.06076143 0.0379492 0 0.09343099 0.01631188 0 0.1318532 0.01519799 0 0.1622034 0.02967882 0 0.1776455 0.05999845 0 0.1772335 0.09701687 0 0.1589685 0.1202564 0 0.1284657 0.1325704 0 0.09288166 0.1290913 0 0.1210346 0.07309073 0 0.09288166 0.1290913 0 0.06056306 0.1101396 0 0.04632639 0.07467765 0 0.1210346 0.07309073 0 0.06076143 0.0379492 0 0.09343099 0.01631188 0 0.1318532 0.01519799 0 0.1622034 0.02967882 0 0.1776455 0.05999845 0 0.1772335 0.09701687 0 0.1589685 0.1202564 0 0.1284657 0.1325704 0 0.09288166 0.1290913 0 0.7446098 0.3893492 0 0.7039597 0.4299992 0 0.6633097 0.3893492 0 0.6883955 0.3517967 0 0.9636073 0.007110715 0 0.9936675 0.007110715 0 0.9936675 0.02645916 0 0.8880903 0.007110715 0 0.9936675 0.1213397 0 0.9466087 0.1710079 0 0.9936675 0.1710079 0 0.8881208 0.1710079 0 0.7825437 0.1213397 0 0.8296177 0.1710079 0 0.7825437 0.1710079 0 0.7825437 0.02645916 0 0.812604 0.007110715 0 0.7825437 0.007110715 0 0.7296864 0.9937438 0 0.7126421 0.954757 0 0.7692378 0.9937743 0 0.7592584 0.9365377 0 0.7490196 0.9060655 0 0.6748913 0.9144884 0 0.7124285 0.8754406 0 0.7452812 0.8449225 0 0.6332189 0.8779431 0 0.6120852 0.9091173 0 0.7397574 0.8028992 0 0.7591363 0.8231022 0 0.7961853 0.8178684 0 0.7895628 0.8325475 0 0.6977188 0.8017548 0 0.7477378 0.7519493 0 0.7961853 0.7519493 0 0.7961853 0.6824597 0 0.6332189 0.802182 0 0.7061265 0.7519493 0 0.576257 0.8361486 0 0.7512169 0.6824597 0 0.7961853 0.6147708 0 0.7108263 0.6824597 0 0.7540551 0.614313 0 0.756054 0.4972762 0 0.7961853 0.4972762 0 0.7961853 0.4923323 0 0.7574273 0.4923323 0 0.7155413 0.4923323 0 0.6724041 0.614313 0 0.6733348 0.4972762 0 0.6332189 0.4923323 0 0.5556267 0.6824597 0 0.5931182 0.4972762 0 0.5909514 0.4877852 0 0.5943084 0.5425193 0 0.5509117 0.4923323 0 0.5500115 0.4877852 0 0.5068742 0.4877852 0 0.5529412 0.4972762 0 0.510399 0.4972762 0 0.4702678 0.4923323 0 0.4702678 0.4972762 0 0.4702678 0.6147708 0 0.594049 0.614313 0 0.5123979 0.614313 0 0.5152209 0.6824597 0 0.4702678 0.6902876 0 0.5187152 0.7519493 0 0.4702678 0.7519493 0 0.4702678 0.8178684 0 0.5073167 0.8231022 0 0.4768902 0.8325475 0 0.5266957 0.8028992 0 0.5211719 0.8449225 0 0.5603265 0.7519493 0 0.5543298 0.9101549 0 0.5174181 0.9060655 0 0.5071794 0.9365377 0 0.5701991 0.9271229 0 0.5481803 0.9500725 0 0.5530022 0.954757 0 0.4972152 0.9937743 0 0.5359274 0.9937743 0 0.5530022 0.954757 0 0.8385748 0.6411383 0 0.8385748 0.6782788 0 0.8321965 0.6411383 0 0.8321965 0.6 0 0.8385748 0.6 0 0.8321965 0.5651331 0 0.8770276 0.6411383 0 0.8385748 0.5651331 0 0.8321965 0.5383841 0 0.8767071 0.6781262 0 0.8385748 0.6782788 0 0.8385748 0.7154498 0 0.9768826 0.6411383 0 0.9761654 0.6781262 0 0.9391928 0.6 0 0.972076 0.5750515 0 0.8784619 0.7154498 0 0.8321965 0.7553674 0 0.9754025 0.7154498 0 0.9727321 0.7553674 0 0.9391928 0.5651331 0 0.9587243 0.5391775 0 0.8385748 0.5381705 0 0.8321965 0.5049211 0 0.8385748 0.5049211 0 0.9391928 0.5049211 0 0.9391928 0.5380636 0 0.9519494 0.5049211 0 0.8385748 0.7878233 0 0.8321965 0.7553674 0 0.8321965 0.7878233 0 0.8321965 0.7553674 0 0.8760967 0.7878233 0 0.8385748 0.8183719 0 0.8321965 0.8183719 0 0.9391928 0.7878233 0 0.9657435 0.81178 0 0.8385748 0.8440375 0 0.8321965 0.8440375 0 0.8760967 0.8440375 0 0.8385748 0.8810865 0 0.8321965 0.8810865 0 0.9391928 0.8810865 0 0.9391928 0.8440375 0 0.9519494 0.8810865 0 0.9592127 0.8440375 0 0.8385748 0.6782788 0 0.8385748 0.6411383 0 0.8321965 0.6411383 0 0.8321965 0.6 0 0.8385748 0.6 0 0.8321965 0.5651331 0 0.8770276 0.6411383 0 0.8385748 0.5651331 0 0.8321965 0.5383841 0 0.8760204 0.6 0 0.8767071 0.6781262 0 0.8385748 0.6782788 0 0.8385748 0.7154498 0 0.9768826 0.6411383 0 0.9761654 0.6781262 0 0.8784619 0.7154498 0 0.8321965 0.7553674 0 0.9754025 0.7154498 0 0.9391928 0.6 0 0.972076 0.5750515 0 0.8778821 0.7553674 0 0.8321965 0.7553674 0 0.9727321 0.7553674 0 0.8385748 0.7878233 0 0.9391928 0.5651331 0 0.9587243 0.5391775 0 0.8385748 0.5381705 0 0.8321965 0.5049211 0 0.8385748 0.5049211 0 0.9391928 0.5049211 0 0.9391928 0.5380636 0 0.9519494 0.5049211 0 0.8321965 0.7553674 0 0.8321965 0.7878233 0 0.8385748 0.8183719 0 0.8321965 0.8183719 0 0.8385748 0.8440375 0 0.8321965 0.8440375 0 0.8760967 0.8440375 0 0.8385748 0.8810865 0 0.8321965 0.8810865 0 0.9391928 0.8810865 0 0.9391928 0.7878233 0 0.9657435 0.81178 0 0.9391928 0.8440375 0 0.9519494 0.8810865 0 0.9592127 0.8440375 0 0.03480583 0.8669413 0 0.007705806 0.8867475 0 0.006942855 0.879881 0 0.006301976 0.8738689 0 0.005645838 0.8678416 0 0.005889982 0.861799 0 0.006118868 0.8557565 0 0.006469825 0.8487983 0 0.1150073 0.2072175 0 0.1862821 0.1978485 0 0.1870604 0.2277561 0 0.1798581 0.2467842 0 0.173434 0.1752651 0 0.1603876 0.2619974 0 0.1590143 0.1618982 0 0.1150073 0.2746319 0 0.1150073 0.1501487 0 0.09140154 0.2715648 0 0.07100023 0.1618982 0 0.06964218 0.2619974 0 0.05659571 0.1752651 0 0.05017167 0.2467842 0 0.04374762 0.1978485 0 0.04296941 0.2277561 0</float_array>
          <technique_common>
            <accessor source="#geom-Clt_TES066_M__M_TES066_M-map1-array" count="3590" stride="3">
              <param name="S" type="float"/>
              <param name="T" type="float"/>
              <param name="P" type="float"/>
            </accessor>
          </technique_common>
        </source>
        <vertices id="geom-Clt_TES066_M__M_TES066_M-vertices">
          <input semantic="POSITION" source="#geom-Clt_TES066_M__M_TES066_M-positions"/>
        </vertices>
        <triangles material="M_TES066_M" count="1796">
          <input semantic="VERTEX" source="#geom-Clt_TES066_M__M_TES066_M-vertices" offset="0"/>
          <input semantic="NORMAL" source="#geom-Clt_TES066_M__M_TES066_M-normals" offset="1"/>
          <input semantic="COLOR" source="#geom-Clt_TES066_M__M_TES066_M-map0" offset="2" set="0"/>
          <input semantic="TEXCOORD" source="#geom-Clt_TES066_M__M_TES066_M-map1" offset="3" set="0"/>
          <p>0 0 0 0 1 1 1 1 2 2 2 2 1 1 1 1 3 3 3 3 2 2 2 2 4 4 4 4 5 5 5 5 6 6 6 6 5 5 5 5 7 7 7 7 6 6 6 6 8 8 8 8 9 9 9 9 10 10 10 10 9 9 9 9 11 11 11 11 10 10 10 10 12 12 12 12 13 13 13 13 14 14 14 14 13 13 13 13 15 15 15 15 14 14 14 14 16 16 16 16 17 17 17 17 18 18 18 18 17 17 17 17 19 19 19 19 18 18 18 18 20 20 20 20 21 21 21 21 22 22 22 22 21 21 21 21 23 23 23 23 22 22 22 22 24 24 24 24 25 25 25 25 26 26 26 26 27 27 27 27 24 24 24 24 26 26 26 26 27 27 27 27 26 26 26 26 28 28 28 28 29 29 29 29 27 27 27 27 28 28 28 28 28 28 28 28 30 30 30 30 29 29 29 29 30 30 30 30 31 31 31 31 29 29 29 29 31 31 31 31 30 30 30 30 32 32 32 32 33 33 33 33 31 31 31 31 32 32 32 32 33 33 33 33 32 32 32 32 34 34 34 34 32 32 32 32 35 35 35 35 34 34 34 34 34 34 34 34 35 35 35 35 36 36 36 36 35 35 35 35 37 37 37 37 36 36 36 36 36 36 36 36 37 37 37 37 38 38 38 38 37 37 37 37 39 39 39 39 38 38 38 38 38 38 38 38 39 39 39 39 40 40 40 40 39 39 39 39 41 41 41 41 40 40 40 40 42 42 42 42 43 43 43 43 44 44 44 44 45 45 45 45 42 42 42 42 44 44 44 44 44 44 44 44 46 46 46 46 45 45 45 45 46 46 46 46 47 47 47 47 45 45 45 45 47 47 47 47 46 46 46 46 48 48 48 48 49 49 49 49 47 47 47 47 48 48 48 48 48 48 48 48 50 50 50 50 49 49 49 49 50 50 50 50 51 51 51 51 49 49 49 49 51 51 51 51 50 50 50 50 52 52 52 52 50 50 50 50 53 53 53 53 52 52 52 52 54 54 54 54 52 52 52 52 53 53 53 53 55 55 55 55 54 54 54 54 53 53 53 53 56 56 56 56 54 54 54 54 55 55 55 55 57 57 57 57 56 56 56 56 55 55 55 55 56 56 56 56 57 57 57 57 58 58 58 58 57 57 57 57 59 59 59 59 58 58 58 58 60 60 60 60 58 58 58 58 59 59 59 59 61 61 61 61 60 60 60 60 59 59 59 59 61 61 61 61 62 62 62 62 60 60 60 60 62 62 62 62 63 63 63 63 60 60 60 60 62 62 62 62 64 64 64 64 63 63 63 63 64 64 64 64 65 65 65 65 63 63 63 63 65 65 65 65 64 64 64 64 66 66 66 66 67 67 67 67 65 65 65 65 66 66 66 66 68 68 68 68 69 69 69 69 70 70 70 70 71 71 71 71 68 68 68 68 70 70 70 70 71 71 71 71 70 70 70 70 72 72 72 72 73 73 73 73 71 71 71 71 72 72 72 72 72 72 72 72 74 74 74 74 73 73 73 73 74 74 74 74 75 75 75 75 73 73 73 73 76 76 76 76 75 75 75 75 74 74 74 74 77 77 77 77 76 76 76 76 74 74 74 74 76 76 76 76 77 77 77 77 78 78 78 78 77 77 77 77 79 79 79 79 78 78 78 78 78 78 78 78 79 79 79 79 80 80 80 80 79 79 79 79 81 81 81 81 80 80 80 80 82 82 82 82 83 83 83 83 84 84 84 84 85 85 85 85 82 82 82 82 84 84 84 84 85 85 85 85 84 84 84 84 86 86 86 86 87 87 87 87 85 85 85 85 86 86 86 86 87 87 87 87 86 86 86 86 88 88 88 88 86 86 86 86 89 89 89 89 88 88 88 88 88 88 88 88 89 89 89 89 90 90 90 90 91 91 91 91 88 88 88 88 90 90 90 90 91 91 91 91 90 90 90 90 92 92 92 92 93 93 93 93 91 91 91 91 92 92 92 92 92 92 92 92 94 94 94 94 93 93 93 93 94 94 94 94 95 95 95 95 93 93 93 93 95 95 95 95 94 94 94 94 96 96 96 96 97 97 97 97 95 95 95 95 96 96 96 96 97 97 97 97 96 96 96 96 98 98 98 98 99 99 99 99 97 97 97 97 98 98 98 98 99 99 99 99 98 98 98 98 100 100 100 100 98 98 98 98 101 101 101 101 100 100 100 100 100 100 100 100 101 101 101 101 102 102 102 102 103 103 103 103 100 100 100 100 102 102 102 102 103 103 103 103 102 102 102 102 104 104 104 104 105 105 105 105 103 103 103 103 104 104 104 104 105 105 105 105 104 104 104 104 106 106 106 106 104 104 104 104 107 107 107 107 106 106 106 106 108 108 108 108 109 109 109 109 110 110 110 110 111 111 111 111 108 108 108 108 110 110 110 110 111 111 111 111 110 110 110 110 112 112 112 112 113 113 113 113 111 111 111 111 112 112 112 112 113 113 113 113 112 112 112 112 114 114 114 114 115 115 115 115 113 113 113 113 114 114 114 114 115 115 115 115 114 114 114 114 116 116 116 116 117 117 117 117 115 115 115 115 116 116 116 116 118 118 118 118 119 119 119 119 120 120 120 120 121 121 121 121 118 118 118 118 120 120 120 120 121 121 121 121 120 120 120 120 122 122 122 122 123 123 123 123 121 121 121 121 122 122 122 122 123 123 123 123 122 122 122 122 124 124 124 124 125 125 125 125 123 123 123 123 124 124 124 124 126 126 126 126 127 127 127 127 128 128 128 128 129 129 129 129 126 126 126 126 128 128 128 128 128 128 128 128 130 130 130 130 129 129 129 129 130 130 130 130 131 131 131 131 129 129 129 129 130 130 130 130 132 132 132 132 131 131 131 131 132 132 132 132 133 133 133 133 131 131 131 131 134 134 134 134 133 133 133 133 132 132 132 132 135 135 135 135 134 134 134 134 132 132 132 132 136 136 136 136 134 134 134 134 135 135 135 135 137 137 137 137 136 136 136 136 135 135 135 135 138 138 138 138 136 136 136 136 137 137 137 137 139 139 139 139 138 138 138 138 137 137 137 137 140 140 140 140 138 138 138 138 139 139 139 139 141 141 141 141 140 140 140 140 139 139 139 139 142 142 142 142 140 140 140 140 141 141 141 141 143 143 143 143 142 142 142 142 141 141 141 141 144 144 144 144 142 142 142 142 143 143 143 143 145 145 145 145 144 144 144 144 143 143 143 143 146 146 146 146 144 144 144 144 145 145 145 145 147 147 147 147 146 146 146 146 145 145 145 145 147 147 147 147 148 148 148 148 146 146 146 146 148 148 148 148 149 149 149 149 146 146 146 146 148 148 148 148 150 150 150 150 149 149 149 149 150 150 150 150 151 151 151 151 149 149 149 149 152 152 152 152 153 153 153 153 154 154 154 154 155 155 155 155 152 152 152 152 154 154 154 154 155 155 155 155 154 154 154 154 156 156 156 156 157 157 157 157 155 155 155 155 156 156 156 156 157 157 157 157 158 158 158 158 159 159 159 159 160 160 160 160 157 157 157 157 159 159 159 159 160 160 160 160 159 159 159 159 161 161 161 161 162 162 162 162 160 160 160 160 161 161 161 161 163 163 163 163 164 164 164 164 165 165 165 165 164 164 164 164 166 166 166 166 165 165 165 165 166 166 166 166 167 167 167 167 165 165 165 165 167 167 167 167 166 166 166 166 168 168 168 168 166 166 166 166 169 169 169 169 168 168 168 168 168 168 168 168 169 169 169 169 170 170 170 170 169 169 169 169 171 171 171 171 170 170 170 170 170 170 170 170 171 171 171 171 172 172 172 172 171 171 171 171 173 173 173 173 172 172 172 172 174 174 174 174 175 175 175 175 176 176 176 176 175 175 175 175 177 177 177 177 176 176 176 176 176 176 176 176 177 177 177 177 178 178 178 178 177 177 177 177 179 179 179 179 178 178 178 178 178 178 178 178 179 179 179 179 180 180 180 180 181 181 181 181 178 178 178 178 180 180 180 180 181 181 181 181 180 180 180 180 182 182 182 182 183 183 183 183 181 181 181 181 182 182 182 182 183 183 183 183 182 182 182 182 184 184 184 184 185 185 185 185 183 183 183 183 184 184 184 184 185 185 185 185 184 184 184 184 186 186 186 186 184 184 184 184 187 187 187 187 186 186 186 186 186 186 186 186 187 187 187 187 188 188 188 188 189 189 189 189 186 186 186 186 188 188 188 188 189 189 189 189 188 188 188 188 190 190 190 190 191 191 191 191 189 189 189 189 190 190 190 190 191 191 191 191 190 190 190 190 192 192 192 192 193 193 193 193 191 191 191 191 192 192 192 192 193 193 193 193 192 192 192 192 194 194 194 194 195 195 195 195 193 193 193 193 194 194 194 194 195 195 195 195 194 194 194 194 196 196 196 196 194 194 194 194 197 197 197 197 196 196 196 196 196 196 196 196 197 197 197 197 198 198 198 198 197 197 197 197 199 199 199 199 198 198 198 198 198 198 198 198 199 199 199 199 200 200 200 200 199 199 199 199 201 201 201 201 200 200 200 200 200 200 200 200 201 201 201 201 202 202 202 202 201 201 201 201 203 203 203 203 202 202 202 202 203 203 203 203 204 204 204 204 205 205 205 205 206 206 206 206 203 203 203 203 205 205 205 205 202 202 202 202 203 203 203 203 206 206 206 206 207 207 207 207 202 202 202 202 206 206 206 206 208 208 208 208 202 202 202 202 207 207 207 207 209 209 209 209 210 210 210 210 211 211 211 211 212 212 212 212 209 209 209 209 211 211 211 211 212 212 212 212 211 211 211 211 213 213 213 213 214 214 214 214 212 212 212 212 213 213 213 213 215 215 215 215 214 214 214 214 213 213 213 213 216 216 216 216 214 214 214 214 215 215 215 215 217 217 217 217 216 216 216 216 215 215 215 215 218 218 218 218 216 216 216 216 217 217 217 217 219 219 219 219 218 218 218 218 217 217 217 217 218 218 218 218 219 219 219 219 220 220 220 220 221 221 221 221 218 218 218 218 220 220 220 220 220 220 220 220 222 222 222 222 221 221 221 221 222 222 222 222 223 223 223 223 221 221 221 221 223 223 223 223 222 222 222 222 224 224 224 224 225 225 225 225 223 223 223 223 224 224 224 224 226 226 226 226 225 225 225 225 224 224 224 224 227 227 227 227 226 226 226 226 224 224 224 224 228 228 228 228 226 226 226 226 227 227 227 227 229 229 229 229 228 228 228 228 227 227 227 227 230 230 230 230 231 231 231 231 232 232 232 232 233 233 233 233 230 230 230 230 232 232 232 232 233 233 233 233 232 232 232 232 234 234 234 234 235 235 235 235 233 233 233 233 234 234 234 234 235 235 235 235 234 234 234 234 236 236 236 236 237 237 237 237 235 235 235 235 236 236 236 236 237 237 237 237 236 236 236 236 238 238 238 238 236 236 236 236 239 239 239 239 238 238 238 238 240 240 240 240 238 238 238 238 239 239 239 239 241 241 241 241 240 240 240 240 239 239 239 239 240 240 240 240 241 241 241 241 242 242 242 242 243 243 243 243 240 240 240 240 242 242 242 242 244 244 244 244 245 245 245 245 246 246 246 246 247 247 247 247 244 244 244 244 246 246 246 246 247 247 247 247 246 246 246 246 248 248 248 248 249 249 249 249 247 247 247 247 248 248 248 248 249 249 249 249 248 248 248 248 250 250 250 250 251 251 251 251 249 249 249 249 250 250 250 250 251 251 251 251 250 250 250 250 252 252 252 252 253 253 253 253 251 251 251 251 252 252 252 252 254 254 254 254 255 255 255 255 256 256 256 256 257 257 257 257 254 254 254 254 256 256 256 256 257 257 257 257 256 256 256 256 258 258 258 258 259 259 259 259 257 257 257 257 258 258 258 258 259 259 259 259 258 258 258 258 260 260 260 260 258 258 258 258 261 261 261 261 260 260 260 260 260 260 260 260 261 261 261 261 262 262 262 262 261 261 261 261 263 263 263 263 262 262 262 262 264 264 264 264 262 262 262 262 263 263 263 263 265 265 265 265 264 264 264 264 263 263 263 263 265 265 265 265 266 266 266 266 264 264 264 264 266 266 266 266 267 267 267 267 264 264 264 264 266 266 266 266 268 268 268 268 267 267 267 267 268 268 268 268 269 269 269 269 267 267 267 267 268 268 268 268 270 270 270 270 269 269 269 269 269 269 269 269 270 270 270 270 271 271 271 271 270 270 270 270 272 272 272 272 271 271 271 271 273 273 273 273 274 274 274 274 275 275 275 275 274 274 274 274 276 276 276 276 275 275 275 275 275 275 275 275 276 276 276 276 277 277 277 277 276 276 276 276 278 278 278 278 277 277 277 277 278 278 278 278 279 279 279 279 277 277 277 277 279 279 279 279 278 278 278 278 280 280 280 280 279 279 279 279 281 281 281 281 277 277 277 277 282 282 282 282 283 283 283 283 284 284 284 284 283 283 283 283 285 285 285 285 284 284 284 284 283 283 283 283 286 286 286 286 285 285 285 285 286 286 286 286 287 287 287 287 285 285 285 285 286 286 286 286 288 288 288 288 287 287 287 287 288 288 288 288 289 289 289 289 287 287 287 287 289 289 289 289 288 288 288 288 290 290 290 290 291 291 291 291 289 289 289 289 290 290 290 290 291 291 291 291 290 290 290 290 292 292 292 292 290 290 290 290 293 293 293 293 292 292 292 292 292 292 292 292 293 293 293 293 294 294 294 294 293 293 293 293 295 295 295 295 294 294 294 294 296 296 296 296 297 297 297 297 298 298 298 298 297 297 297 297 299 299 299 299 298 298 298 298 297 297 297 297 300 300 300 300 299 299 299 299 300 300 300 300 301 301 301 301 299 299 299 299 300 300 300 300 302 302 302 302 301 301 301 301 302 302 302 302 303 303 303 303 301 301 301 301 302 302 302 302 304 304 304 304 303 303 303 303 304 304 304 304 305 305 305 305 303 303 303 303 304 304 304 304 306 306 306 306 305 305 305 305 306 306 306 306 307 307 307 307 305 305 305 305 306 306 306 306 308 308 308 308 307 307 307 307 308 308 308 308 309 309 309 309 307 307 307 307 309 309 309 309 308 308 308 308 310 310 310 310 308 308 308 308 311 311 311 311 310 310 310 310 312 312 312 312 310 310 310 310 311 311 311 311 313 313 313 313 312 312 312 312 311 311 311 311 310 310 310 310 312 312 312 312 314 314 314 314 313 313 313 313 311 311 311 311 315 315 315 315 316 316 316 316 310 310 310 310 314 314 314 314 317 317 317 317 313 313 313 313 315 315 315 315 318 318 318 318 316 316 316 316 314 314 314 314 319 319 319 319 317 317 317 317 315 315 315 315 318 318 318 318 320 320 320 320 316 316 316 316 321 321 321 321 319 319 319 319 315 315 315 315 320 320 320 320 322 322 322 322 316 316 316 316 319 319 319 319 321 321 321 321 323 323 323 323 322 322 322 322 320 320 320 320 323 323 323 323 321 321 321 321 322 322 322 322 323 323 323 323 321 321 321 321 324 324 324 324 322 322 322 322 324 324 324 324 325 325 325 325 322 322 322 322 324 324 324 324 326 326 326 326 325 325 325 325 326 326 326 326 327 327 327 327 325 325 325 325 326 326 326 326 328 328 328 328 327 327 327 327 328 328 328 328 329 329 329 329 327 327 327 327 328 328 328 328 330 330 330 330 329 329 329 329 330 330 330 330 331 331 331 331 329 329 329 329 330 330 330 330 332 332 332 332 331 331 331 331 332 332 332 332 333 333 333 333 331 331 331 331 333 333 333 333 332 332 332 332 334 334 334 334 332 332 332 332 335 335 335 335 334 334 334 334 335 335 335 335 336 336 336 336 334 334 334 334 336 336 336 336 337 337 337 337 334 334 334 334 338 338 338 338 339 339 339 339 340 340 340 340 339 339 339 339 341 341 341 341 340 340 340 340 339 339 339 339 342 342 342 342 341 341 341 341 342 342 342 342 343 343 343 343 341 341 341 341 344 344 344 344 343 343 343 343 345 345 345 345 343 343 343 343 346 346 346 346 345 345 345 345 347 347 347 347 348 348 348 348 349 349 349 349 348 348 348 348 350 350 350 350 349 349 349 349 348 348 348 348 351 351 351 351 350 350 350 350 351 351 351 351 352 352 352 352 350 350 350 350 351 351 351 351 353 353 353 353 352 352 352 352 353 353 353 353 354 354 354 354 352 352 352 352 355 355 355 355 354 354 354 354 353 353 353 353 356 356 356 356 355 355 355 355 353 353 353 353 357 357 357 357 355 355 355 355 356 356 356 356 357 357 357 357 358 358 358 358 355 355 355 355 358 358 358 358 359 359 359 359 355 355 355 355 360 360 360 360 361 361 361 361 362 362 362 362 363 363 363 363 360 360 360 360 362 362 362 362 364 364 364 364 360 360 360 360 363 363 363 363 365 365 365 365 364 364 364 364 363 363 363 363 364 364 364 364 365 365 365 365 366 366 366 366 367 367 367 367 364 364 364 364 366 366 366 366 366 366 366 366 368 368 368 368 367 367 367 367 368 368 368 368 369 369 369 369 367 367 367 367 369 369 369 369 368 368 368 368 370 370 370 370 371 371 371 371 370 370 370 370 368 368 368 368 372 372 372 372 373 373 373 373 374 374 374 374 373 373 373 373 375 375 375 375 374 374 374 374 373 373 373 373 376 376 376 376 375 375 375 375 376 376 376 376 377 377 377 377 375 375 375 375 378 378 378 378 377 377 377 377 376 376 376 376 379 379 379 379 378 378 378 378 376 376 376 376 379 379 379 379 380 380 380 380 378 378 378 378 380 380 380 380 381 381 381 381 378 378 378 378 380 380 380 380 382 382 382 382 381 381 381 381 382 382 382 382 383 383 383 383 381 381 381 381 383 383 383 383 382 382 382 382 384 384 384 384 382 382 382 382 385 385 385 385 384 384 384 384 386 386 386 386 384 384 384 384 385 385 385 385 387 387 387 387 386 386 386 386 385 385 385 385 388 388 388 388 387 387 387 387 389 389 389 389 390 390 390 390 387 387 387 387 388 388 388 388 387 387 387 387 390 390 390 390 386 386 386 386 390 390 390 390 391 391 391 391 386 386 386 386 392 392 392 392 386 386 386 386 391 391 391 391 393 393 393 393 394 394 394 394 395 395 395 395 396 396 396 396 393 393 393 393 395 395 395 395 397 397 397 397 393 393 393 393 396 396 396 396 398 398 398 398 397 397 397 397 396 396 396 396 397 397 397 397 398 398 398 398 399 399 399 399 398 398 398 398 400 400 400 400 399 399 399 399 400 400 400 400 401 401 401 401 399 399 399 399 401 401 401 401 402 402 402 402 399 399 399 399 401 401 401 401 403 403 403 403 402 402 402 402 403 403 403 403 404 404 404 404 402 402 402 402 403 403 403 403 405 405 405 405 404 404 404 404 405 405 405 405 406 406 406 406 404 404 404 404 406 406 406 406 405 405 405 405 407 407 407 407 405 405 405 405 408 408 408 408 407 407 407 407 407 407 407 407 408 408 408 408 409 409 409 409 408 408 408 408 410 410 410 410 409 409 409 409 410 410 410 410 411 411 411 411 409 409 409 409 411 411 411 411 412 412 412 412 409 409 409 409 413 413 413 413 414 414 414 414 415 415 415 415 414 414 414 414 416 416 416 416 415 415 415 415 415 415 415 415 416 416 416 416 417 417 417 417 418 418 418 418 415 415 415 415 417 417 417 417 418 418 418 418 417 417 417 417 419 419 419 419 420 420 420 420 418 418 418 418 419 419 419 419 420 420 420 420 419 419 419 419 421 421 421 421 419 419 419 419 422 422 422 422 421 421 421 421 421 421 421 421 422 422 422 422 423 423 423 423 422 422 422 422 424 424 424 424 423 423 423 423 423 423 423 423 424 424 424 424 425 425 425 425 424 424 424 424 426 426 426 426 425 425 425 425 425 425 425 425 426 426 426 426 427 427 427 427 428 428 428 428 425 425 425 425 427 427 427 427 428 428 428 428 427 427 427 427 429 429 429 429 430 430 430 430 428 428 428 428 429 429 429 429 430 430 430 430 429 429 429 429 431 431 431 431 432 432 432 432 430 430 430 430 431 431 431 431 433 433 433 433 432 432 432 432 431 431 431 431 434 434 434 434 433 433 433 433 431 431 431 431 435 435 435 435 436 436 436 436 437 437 437 437 436 436 436 436 438 438 438 438 437 437 437 437 438 438 438 438 436 436 436 436 439 439 439 439 436 436 436 436 440 440 440 440 439 439 439 439 440 440 440 440 441 441 441 441 439 439 439 439 441 441 441 441 442 442 442 442 439 439 439 439 441 441 441 441 443 443 443 443 442 442 442 442 443 443 443 443 444 444 444 444 442 442 442 442 443 443 443 443 445 445 445 445 444 444 444 444 445 445 445 445 446 446 446 446 444 444 444 444 445 445 445 445 447 447 447 447 446 446 446 446 447 447 447 447 448 448 448 448 446 446 446 446 448 448 448 448 447 447 447 447 449 449 449 449 447 447 447 447 450 450 450 450 449 449 449 449 449 449 449 449 450 450 450 450 451 451 451 451 450 450 450 450 452 452 452 452 451 451 451 451 451 451 451 451 452 452 452 452 453 453 453 453 452 452 452 452 454 454 454 454 453 453 453 453 453 453 453 453 454 454 454 454 455 455 455 455 454 454 454 454 456 456 456 456 455 455 455 455 456 456 456 456 457 457 457 457 455 455 455 455 457 457 457 457 458 458 458 458 455 455 455 455 458 458 458 458 457 457 457 457 459 459 459 459 457 457 457 457 460 460 460 460 459 459 459 459 459 459 459 459 460 460 460 460 461 461 461 461 460 460 460 460 462 462 462 462 461 461 461 461 461 461 461 461 462 462 462 462 463 463 463 463 462 462 462 462 464 464 464 464 463 463 463 463 463 463 463 463 464 464 464 464 465 465 465 465 466 466 466 466 463 463 463 463 465 465 465 465 466 466 466 466 465 465 465 465 467 467 467 467 465 465 465 465 468 468 468 468 467 467 467 467 468 468 468 468 469 469 469 469 467 467 467 467 469 469 469 469 470 470 470 470 467 467 467 467 470 470 470 470 469 469 469 469 471 471 471 471 469 469 469 469 472 472 472 472 471 471 471 471 471 471 471 471 472 472 472 472 473 473 473 473 472 472 472 472 474 474 474 474 473 473 473 473 473 473 473 473 474 474 474 474 475 475 475 475 476 476 476 476 473 473 473 473 475 475 475 475 476 476 476 476 475 475 475 475 477 477 477 477 478 478 478 478 476 476 476 476 477 477 477 477 478 478 478 478 477 477 477 477 479 479 479 479 480 480 480 480 478 478 478 478 479 479 479 479 477 477 477 477 481 481 481 481 479 479 479 479 482 482 482 482 483 483 483 483 484 484 484 484 485 485 485 485 482 482 482 482 484 484 484 484 484 484 484 484 486 486 486 486 485 485 485 485 487 487 487 487 482 482 482 482 485 485 485 485 486 486 486 486 488 488 488 488 485 485 485 485 488 488 488 488 486 486 486 486 489 489 489 489 490 490 490 490 488 488 488 488 489 489 489 489 491 491 491 491 487 487 487 487 485 485 485 485 485 485 485 485 488 488 488 488 491 491 491 491 488 488 488 488 490 490 490 490 492 492 492 492 488 488 488 488 492 492 492 492 491 491 491 491 490 490 490 490 493 493 493 493 492 492 492 492 493 493 493 493 494 494 494 494 492 492 492 492 494 494 494 494 495 495 495 495 492 492 492 492 492 492 492 492 495 495 495 495 491 491 491 491 494 494 494 494 496 496 496 496 495 495 495 495 496 496 496 496 497 497 497 497 495 495 495 495 495 495 495 495 498 498 498 498 491 491 491 491 498 498 498 498 495 495 495 495 497 497 497 497 487 487 487 487 491 491 491 491 498 498 498 498 499 499 499 499 498 498 498 498 497 497 497 497 500 500 500 500 487 487 487 487 498 498 498 498 498 498 498 498 499 499 499 499 500 500 500 500 499 499 499 499 501 501 501 501 500 500 500 500 502 502 502 502 503 503 503 503 504 504 504 504 505 505 505 505 502 502 502 502 504 504 504 504 505 505 505 505 504 504 504 504 506 506 506 506 507 507 507 507 502 502 502 502 505 505 505 505 508 508 508 508 505 505 505 505 506 506 506 506 508 508 508 508 506 506 506 506 509 509 509 509 510 510 510 510 507 507 507 507 505 505 505 505 511 511 511 511 507 507 507 507 510 510 510 510 505 505 505 505 508 508 508 508 512 512 512 512 510 510 510 510 505 505 505 505 512 512 512 512 513 513 513 513 511 511 511 511 510 510 510 510 513 513 513 513 510 510 510 510 512 512 512 512 514 514 514 514 511 511 511 511 513 513 513 513 515 515 515 515 514 514 514 514 513 513 513 513 516 516 516 516 515 515 515 515 513 513 513 513 516 516 516 516 513 513 513 513 512 512 512 512 517 517 517 517 515 515 515 515 516 516 516 516 517 517 517 517 516 516 516 516 518 518 518 518 518 518 518 518 516 516 516 516 512 512 512 512 519 519 519 519 517 517 517 517 518 518 518 518 519 519 519 519 518 518 518 518 520 520 520 520 521 521 521 521 518 518 518 518 512 512 512 512 521 521 521 521 512 512 512 512 508 508 508 508 518 518 518 518 522 522 522 522 520 520 520 520 518 518 518 518 521 521 521 521 522 522 522 522 520 520 520 520 522 522 522 522 523 523 523 523 524 524 524 524 521 521 521 521 508 508 508 508 524 524 524 524 508 508 508 508 509 509 509 509 524 524 524 524 509 509 509 509 525 525 525 525 521 521 521 521 526 526 526 526 522 522 522 522 521 521 521 521 524 524 524 524 526 526 526 526 522 522 522 522 527 527 527 527 523 523 523 523 522 522 522 522 526 526 526 526 527 527 527 527 528 528 528 528 523 523 523 523 527 527 527 527 524 524 524 524 529 529 529 529 526 526 526 526 529 529 529 529 524 524 524 524 525 525 525 525 526 526 526 526 530 530 530 530 527 527 527 527 526 526 526 526 529 529 529 529 530 530 530 530 529 529 529 529 525 525 525 525 531 531 531 531 529 529 529 529 531 531 531 531 530 530 530 530 525 525 525 525 532 532 532 532 531 531 531 531 533 533 533 533 527 527 527 527 530 530 530 530 533 533 533 533 528 528 528 528 527 527 527 527 534 534 534 534 530 530 530 530 531 531 531 531 534 534 534 534 533 533 533 533 530 530 530 530 531 531 531 531 532 532 532 532 535 535 535 535 535 535 535 535 534 534 534 534 531 531 531 531 532 532 532 532 536 536 536 536 535 535 535 535 535 535 535 535 536 536 536 536 537 537 537 537 538 538 538 538 535 535 535 535 537 537 537 537 534 534 534 534 535 535 535 535 538 538 538 538 538 538 538 538 537 537 537 537 539 539 539 539 533 533 533 533 534 534 534 534 540 540 540 540 540 540 540 540 534 534 534 534 538 538 538 538 541 541 541 541 538 538 538 538 539 539 539 539 538 538 538 538 541 541 541 541 540 540 540 540 539 539 539 539 542 542 542 542 541 541 541 541 543 543 543 543 533 533 533 533 540 540 540 540 533 533 533 533 543 543 543 543 528 528 528 528 543 543 543 543 544 544 544 544 528 528 528 528 541 541 541 541 545 545 545 545 540 540 540 540 540 540 540 540 545 545 545 545 543 543 543 543 542 542 542 542 546 546 546 546 541 541 541 541 541 541 541 541 546 546 546 546 545 545 545 545 542 542 542 542 547 547 547 547 546 546 546 546 543 543 543 543 548 548 548 548 544 544 544 544 545 545 545 545 548 548 548 548 543 543 543 543 548 548 548 548 549 549 549 549 544 544 544 544 550 550 550 550 549 549 549 549 548 548 548 548 546 546 546 546 551 551 551 551 545 545 545 545 545 545 545 545 551 551 551 551 548 548 548 548 547 547 547 547 552 552 552 552 546 546 546 546 551 551 551 551 546 546 546 546 552 552 552 552 547 547 547 547 553 553 553 553 552 552 552 552 553 553 553 553 554 554 554 554 552 552 552 552 555 555 555 555 550 550 550 550 548 548 548 548 551 551 551 551 555 555 555 555 548 548 548 548 556 556 556 556 550 550 550 550 555 555 555 555 557 557 557 557 556 556 556 556 555 555 555 555 558 558 558 558 551 551 551 551 552 552 552 552 552 552 552 552 554 554 554 554 558 558 558 558 555 555 555 555 551 551 551 551 558 558 558 558 554 554 554 554 559 559 559 559 558 558 558 558 559 559 559 559 560 560 560 560 558 558 558 558 557 557 557 557 555 555 555 555 561 561 561 561 561 561 561 561 555 555 555 555 558 558 558 558 560 560 560 560 561 561 561 561 558 558 558 558 562 562 562 562 557 557 557 557 561 561 561 561 560 560 560 560 562 562 562 562 561 561 561 561 563 563 563 563 564 564 564 564 565 565 565 565 566 566 566 566 563 563 563 563 565 565 565 565 567 567 567 567 563 563 563 563 566 566 566 566 566 566 566 566 565 565 565 565 568 568 568 568 569 569 569 569 567 567 567 567 566 566 566 566 570 570 570 570 567 567 567 567 569 569 569 569 571 571 571 571 566 566 566 566 568 568 568 568 571 571 571 571 568 568 568 568 572 572 572 572 566 566 566 566 571 571 571 571 573 573 573 573 569 569 569 569 566 566 566 566 573 573 573 573 574 574 574 574 571 571 571 571 572 572 572 572 573 573 573 573 571 571 571 571 574 574 574 574 574 574 574 574 572 572 572 572 575 575 575 575 576 576 576 576 574 574 574 574 575 575 575 575 577 577 577 577 574 574 574 574 576 576 576 576 577 577 577 577 573 573 573 573 574 574 574 574 578 578 578 578 577 577 577 577 576 576 576 576 577 577 577 577 578 578 578 578 579 579 579 579 577 577 577 577 579 579 579 579 573 573 573 573 578 578 578 578 580 580 580 580 579 579 579 579 579 579 579 579 580 580 580 580 581 581 581 581 579 579 579 579 582 582 582 582 573 573 573 573 569 569 569 569 573 573 573 573 582 582 582 582 583 583 583 583 579 579 579 579 581 581 581 581 582 582 582 582 579 579 579 579 583 583 583 583 581 581 581 581 584 584 584 584 583 583 583 583 585 585 585 585 569 569 569 569 582 582 582 582 585 585 585 585 570 570 570 570 569 569 569 569 586 586 586 586 570 570 570 570 585 585 585 585 587 587 587 587 582 582 582 582 583 583 583 583 585 585 585 585 582 582 582 582 587 587 587 587 584 584 584 584 588 588 588 588 583 583 583 583 587 587 587 587 583 583 583 583 588 588 588 588 584 584 584 584 589 589 589 589 588 588 588 588 590 590 590 590 585 585 585 585 587 587 587 587 590 590 590 590 586 586 586 586 585 585 585 585 591 591 591 591 587 587 587 587 588 588 588 588 590 590 590 590 587 587 587 587 591 591 591 591 586 586 586 586 590 590 590 590 592 592 592 592 592 592 592 592 590 590 590 590 591 591 591 591 593 593 593 593 586 586 586 586 592 592 592 592 588 588 588 588 594 594 594 594 591 591 591 591 589 589 589 589 594 594 594 594 588 588 588 588 591 591 591 591 595 595 595 595 592 592 592 592 594 594 594 594 595 595 595 595 591 591 591 591 592 592 592 592 596 596 596 596 593 593 593 593 595 595 595 595 596 596 596 596 592 592 592 592 596 596 596 596 597 597 597 597 593 593 593 593 597 597 597 597 596 596 596 596 598 598 598 598 596 596 596 596 599 599 599 599 598 598 598 598 599 599 599 599 596 596 596 596 595 595 595 595 600 600 600 600 598 598 598 598 599 599 599 599 601 601 601 601 595 595 595 595 594 594 594 594 601 601 601 601 599 599 599 599 595 595 595 595 602 602 602 602 600 600 600 600 599 599 599 599 599 599 599 599 601 601 601 601 602 602 602 602 603 603 603 603 600 600 600 600 602 602 602 602 604 604 604 604 601 601 601 601 594 594 594 594 604 604 604 604 594 594 594 594 589 589 589 589 605 605 605 605 604 604 604 604 589 589 589 589 601 601 601 601 606 606 606 606 602 602 602 602 601 601 601 601 604 604 604 604 606 606 606 606 607 607 607 607 603 603 603 603 602 602 602 602 602 602 602 602 606 606 606 606 607 607 607 607 608 608 608 608 603 603 603 603 607 607 607 607 604 604 604 604 605 605 605 605 609 609 609 609 604 604 604 604 609 609 609 609 606 606 606 606 605 605 605 605 610 610 610 610 609 609 609 609 610 610 610 610 611 611 611 611 609 609 609 609 606 606 606 606 612 612 612 612 607 607 607 607 606 606 606 606 609 609 609 609 612 612 612 612 613 613 613 613 608 608 608 608 607 607 607 607 613 613 613 613 607 607 607 607 612 612 612 612 614 614 614 614 608 608 608 608 613 613 613 613 615 615 615 615 614 614 614 614 613 613 613 613 611 611 611 611 616 616 616 616 609 609 609 609 609 609 609 609 616 616 616 616 612 612 612 612 617 617 617 617 616 616 616 616 611 611 611 611 618 618 618 618 616 616 616 616 617 617 617 617 619 619 619 619 613 613 613 613 612 612 612 612 613 613 613 613 619 619 619 619 615 615 615 615 619 619 619 619 612 612 612 612 616 616 616 616 619 619 619 619 620 620 620 620 615 615 615 615 621 621 621 621 620 620 620 620 619 619 619 619 618 618 618 618 622 622 622 622 616 616 616 616 622 622 622 622 619 619 619 619 616 616 616 616 622 622 622 622 621 621 621 621 619 619 619 619 618 618 618 618 623 623 623 623 622 622 622 622 623 623 623 623 621 621 621 621 622 622 622 622 624 624 624 624 625 625 625 625 626 626 626 626 625 625 625 625 627 627 627 627 626 626 626 626 625 625 625 625 628 628 628 628 627 627 627 627 626 626 626 626 627 627 627 627 629 629 629 629 628 628 628 628 630 630 630 630 627 627 627 627 631 631 631 631 627 627 627 627 630 630 630 630 627 627 627 627 631 631 631 631 629 629 629 629 632 632 632 632 631 631 631 631 630 630 630 630 629 629 629 629 631 631 631 631 633 633 633 633 633 633 633 633 631 631 631 631 632 632 632 632 634 634 634 634 629 629 629 629 633 633 633 633 635 635 635 635 633 633 633 633 632 632 632 632 634 634 634 634 633 633 633 633 636 636 636 636 637 637 637 637 633 633 633 633 635 635 635 635 633 633 633 633 637 637 637 637 636 636 636 636 638 638 638 638 637 637 637 637 635 635 635 635 637 637 637 637 638 638 638 638 639 639 639 639 636 636 636 636 637 637 637 637 640 640 640 640 640 640 640 640 637 637 637 637 639 639 639 639 641 641 641 641 636 636 636 636 640 640 640 640 641 641 641 641 640 640 640 640 642 642 642 642 643 643 643 643 640 640 640 640 639 639 639 639 640 640 640 640 643 643 643 643 642 642 642 642 644 644 644 644 643 643 643 643 639 639 639 639 644 644 644 644 645 645 645 645 643 643 643 643 642 642 642 642 643 643 643 643 646 646 646 646 645 645 645 645 646 646 646 646 643 643 643 643 647 647 647 647 642 642 642 642 646 646 646 646 645 645 645 645 648 648 648 648 646 646 646 646 649 649 649 649 647 647 647 647 646 646 646 646 648 648 648 648 650 650 650 650 646 646 646 646 650 650 650 650 649 649 649 649 646 646 646 646 648 648 648 648 651 651 651 651 650 650 650 650 649 649 649 649 650 650 650 650 652 652 652 652 650 650 650 650 651 651 651 651 652 652 652 652 653 653 653 653 649 649 649 649 652 652 652 652 652 652 652 652 651 651 651 651 654 654 654 654 653 653 653 653 652 652 652 652 655 655 655 655 655 655 655 655 652 652 652 652 654 654 654 654 656 656 656 656 653 653 653 653 655 655 655 655 654 654 654 654 657 657 657 657 655 655 655 655 656 656 656 656 655 655 655 655 658 658 658 658 657 657 657 657 659 659 659 659 655 655 655 655 655 655 655 655 659 659 659 659 658 658 658 658 659 659 659 659 657 657 657 657 660 660 660 660 658 658 658 658 659 659 659 659 661 661 661 661 659 659 659 659 662 662 662 662 661 661 661 661 662 662 662 662 659 659 659 659 660 660 660 660 661 661 661 661 662 662 662 662 663 663 663 663 664 664 664 664 662 662 662 662 660 660 660 660 662 662 662 662 664 664 664 664 663 663 663 663 665 665 665 665 664 664 664 664 660 660 660 660 663 663 663 663 664 664 664 664 666 666 666 666 666 666 666 666 664 664 664 664 665 665 665 665 667 667 667 667 663 663 663 663 666 666 666 666 668 668 668 668 666 666 666 666 665 665 665 665 667 667 667 667 666 666 666 666 669 669 669 669 666 666 666 666 668 668 668 668 670 670 670 670 666 666 666 666 670 670 670 670 669 669 669 669 668 668 668 668 671 671 671 671 670 670 670 670 670 670 670 670 671 671 671 671 672 672 672 672 669 669 669 669 670 670 670 670 673 673 673 673 673 673 673 673 670 670 670 670 672 672 672 672 674 674 674 674 669 669 669 669 673 673 673 673 672 672 672 672 675 675 675 675 673 673 673 673 674 674 674 674 673 673 673 673 676 676 676 676 675 675 675 675 677 677 677 677 673 673 673 673 673 673 673 673 677 677 677 677 676 676 676 676 675 675 675 675 678 678 678 678 677 677 677 677 676 676 676 676 677 677 677 677 679 679 679 679 678 678 678 678 679 679 679 679 677 677 677 677 680 680 680 680 676 676 676 676 679 679 679 679 679 679 679 679 678 678 678 678 681 681 681 681 680 680 680 680 679 679 679 679 681 681 681 681 678 678 678 678 682 682 682 682 681 681 681 681 683 683 683 683 680 680 680 680 681 681 681 681 681 681 681 681 682 682 682 682 684 684 684 684 683 683 683 683 681 681 681 681 684 684 684 684 682 682 682 682 685 685 685 685 684 684 684 684 686 686 686 686 683 683 683 683 684 684 684 684 687 687 687 687 688 688 688 688 689 689 689 689 688 688 688 688 690 690 690 690 689 689 689 689 690 690 690 690 688 688 688 688 691 691 691 691 692 692 692 692 689 689 689 689 690 690 690 690 693 693 693 693 690 690 690 690 691 691 691 691 694 694 694 694 692 692 692 692 690 690 690 690 690 690 690 690 693 693 693 693 694 694 694 694 695 695 695 695 692 692 692 692 694 694 694 694 693 693 693 693 691 691 691 691 696 696 696 696 697 697 697 697 695 695 695 695 694 694 694 694 698 698 698 698 693 693 693 693 696 696 696 696 693 693 693 693 699 699 699 699 694 694 694 694 699 699 699 699 693 693 693 693 698 698 698 698 697 697 697 697 694 694 694 694 699 699 699 699 700 700 700 700 698 698 698 698 696 696 696 696 700 700 700 700 699 699 699 699 698 698 698 698 701 701 701 701 700 700 700 700 696 696 696 696 695 695 695 695 697 697 697 697 702 702 702 702 703 703 703 703 695 695 695 695 702 702 702 702 704 704 704 704 703 703 703 703 702 702 702 702 700 700 700 700 701 701 701 701 705 705 705 705 701 701 701 701 706 706 706 706 705 705 705 705 707 707 707 707 704 704 704 704 702 702 702 702 707 707 707 707 702 702 702 702 697 697 697 697 708 708 708 708 704 704 704 704 707 707 707 707 706 706 706 706 709 709 709 709 710 710 710 710 705 705 705 705 706 706 706 706 710 710 710 710 710 710 710 710 711 711 711 711 705 705 705 705 711 711 711 711 712 712 712 712 705 705 705 705 705 705 705 705 712 712 712 712 700 700 700 700 712 712 712 712 699 699 699 699 700 700 700 700 712 712 712 712 711 711 711 711 713 713 713 713 712 712 712 712 714 714 714 714 699 699 699 699 714 714 714 714 712 712 712 712 713 713 713 713 715 715 715 715 697 697 697 697 699 699 699 699 714 714 714 714 715 715 715 715 699 699 699 699 715 715 715 715 707 707 707 707 697 697 697 697 715 715 715 715 714 714 714 714 707 707 707 707 714 714 714 714 713 713 713 713 716 716 716 716 714 714 714 714 716 716 716 716 707 707 707 707 713 713 713 713 708 708 708 708 716 716 716 716 716 716 716 716 708 708 708 708 707 707 707 707 717 717 717 717 718 718 718 718 719 719 719 719 720 720 720 720 717 717 717 717 719 719 719 719 720 720 720 720 719 719 719 719 721 721 721 721 717 717 717 717 720 720 720 720 722 722 722 722 723 723 723 723 720 720 720 720 721 721 721 721 723 723 723 723 721 721 721 721 724 724 724 724 720 720 720 720 725 725 725 725 722 722 722 722 720 720 720 720 723 723 723 723 725 725 725 725 725 725 725 725 726 726 726 726 722 722 722 722 726 726 726 726 727 727 727 727 722 722 722 722 728 728 728 728 729 729 729 729 727 727 727 727 726 726 726 726 728 728 728 728 727 727 727 727 730 730 730 730 728 728 728 728 726 726 726 726 731 731 731 731 730 730 730 730 726 726 726 726 731 731 731 731 726 726 726 726 725 725 725 725 732 732 732 732 730 730 730 730 731 731 731 731 733 733 733 733 731 731 731 731 725 725 725 725 723 723 723 723 733 733 733 733 725 725 725 725 734 734 734 734 732 732 732 732 731 731 731 731 732 732 732 732 734 734 734 734 735 735 735 735 731 731 731 731 733 733 733 733 736 736 736 736 731 731 731 731 736 736 736 736 734 734 734 734 734 734 734 734 737 737 737 737 735 735 735 735 735 735 735 735 737 737 737 737 738 738 738 738 737 737 737 737 739 739 739 739 738 738 738 738 734 734 734 734 740 740 740 740 737 737 737 737 734 734 734 734 736 736 736 736 740 740 740 740 737 737 737 737 741 741 741 741 739 739 739 739 740 740 740 740 741 741 741 741 737 737 737 737 741 741 741 741 742 742 742 742 739 739 739 739 742 742 742 742 741 741 741 741 743 743 743 743 741 741 741 741 744 744 744 744 743 743 743 743 741 741 741 741 740 740 740 740 744 744 744 744 740 740 740 740 745 745 745 745 744 744 744 744 745 745 745 745 740 740 740 740 746 746 746 746 746 746 746 746 740 740 740 740 747 747 747 747 747 747 747 747 740 740 740 740 748 748 748 748 736 736 736 736 748 748 748 748 740 740 740 740 749 749 749 749 747 747 747 747 748 748 748 748 750 750 750 750 749 749 749 749 748 748 748 748 736 736 736 736 751 751 751 751 748 748 748 748 733 733 733 733 751 751 751 751 736 736 736 736 752 752 752 752 750 750 750 750 748 748 748 748 751 751 751 751 752 752 752 752 748 748 748 748 752 752 752 752 753 753 753 753 750 750 750 750 753 753 753 753 752 752 752 752 751 751 751 751 753 753 753 753 754 754 754 754 750 750 750 750 754 754 754 754 753 753 753 753 755 755 755 755 756 756 756 756 751 751 751 751 733 733 733 733 756 756 756 756 753 753 753 753 751 751 751 751 723 723 723 723 756 756 756 756 733 733 733 733 753 753 753 753 757 757 757 757 755 755 755 755 757 757 757 757 753 753 753 753 756 756 756 756 757 757 757 757 758 758 758 758 755 755 755 755 723 723 723 723 759 759 759 759 756 756 756 756 759 759 759 759 757 757 757 757 756 756 756 756 759 759 759 759 723 723 723 723 724 724 724 724 760 760 760 760 758 758 758 758 757 757 757 757 761 761 761 761 759 759 759 759 724 724 724 724 759 759 759 759 761 761 761 761 757 757 757 757 762 762 762 762 761 761 761 761 724 724 724 724 760 760 760 760 757 757 757 757 763 763 763 763 761 761 761 761 763 763 763 763 757 757 757 757 764 764 764 764 760 760 760 760 763 763 763 763 765 765 765 765 761 761 761 761 762 762 762 762 766 766 766 766 765 765 765 765 762 762 762 762 761 761 761 761 765 765 765 765 767 767 767 767 763 763 763 763 761 761 761 761 767 767 767 767 764 764 764 764 763 763 763 763 767 767 767 767 768 768 768 768 764 764 764 764 767 767 767 767 769 769 769 769 770 770 770 770 771 771 771 771 770 770 770 770 772 772 772 772 771 771 771 771 770 770 770 770 773 773 773 773 772 772 772 772 774 774 774 774 771 771 771 771 772 772 772 772 773 773 773 773 775 775 775 775 772 772 772 772 776 776 776 776 774 774 774 774 772 772 772 772 776 776 776 776 772 772 772 772 775 775 775 775 775 775 775 775 773 773 773 773 777 777 777 777 773 773 773 773 778 778 778 778 777 777 777 777 779 779 779 779 780 780 780 780 778 778 778 778 780 780 780 780 777 777 777 777 778 778 778 778 777 777 777 777 780 780 780 780 781 781 781 781 782 782 782 782 777 777 777 777 781 781 781 781 775 775 775 775 777 777 777 777 782 782 782 782 781 781 781 781 783 783 783 783 782 782 782 782 784 784 784 784 775 775 775 775 782 782 782 782 784 784 784 784 776 776 776 776 775 775 775 775 783 783 783 783 785 785 785 785 782 782 782 782 785 785 785 785 783 783 783 783 786 786 786 786 782 782 782 782 787 787 787 787 784 784 784 784 785 785 785 785 787 787 787 787 782 782 782 782 776 776 776 776 784 784 784 784 788 788 788 788 789 789 789 789 785 785 785 785 786 786 786 786 789 789 789 789 786 786 786 786 790 790 790 790 791 791 791 791 789 789 789 789 790 790 790 790 792 792 792 792 785 785 785 785 789 789 789 789 787 787 787 787 785 785 785 785 792 792 792 792 793 793 793 793 789 789 789 789 791 791 791 791 793 793 793 793 792 792 792 792 789 789 789 789 794 794 794 794 793 793 793 793 791 791 791 791 793 793 793 793 794 794 794 794 795 795 795 795 796 796 796 796 793 793 793 793 795 795 795 795 793 793 793 793 796 796 796 796 792 792 792 792 796 796 796 796 797 797 797 797 792 792 792 792 798 798 798 798 792 792 792 792 797 797 797 797 799 799 799 799 792 792 792 792 798 798 798 798 792 792 792 792 799 799 799 799 800 800 800 800 800 800 800 800 787 787 787 787 792 792 792 792 799 799 799 799 801 801 801 801 800 800 800 800 800 800 800 800 801 801 801 801 802 802 802 802 787 787 787 787 800 800 800 800 803 803 803 803 787 787 787 787 803 803 803 803 784 784 784 784 784 784 784 784 803 803 803 803 788 788 788 788 804 804 804 804 800 800 800 800 802 802 802 802 800 800 800 800 804 804 804 804 803 803 803 803 804 804 804 804 802 802 802 802 805 805 805 805 803 803 803 803 804 804 804 804 805 805 805 805 788 788 788 788 803 803 803 803 805 805 805 805 802 802 802 802 806 806 806 806 805 805 805 805 805 805 805 805 806 806 806 806 807 807 807 807 808 808 808 808 788 788 788 788 805 805 805 805 788 788 788 788 808 808 808 808 776 776 776 776 774 774 774 774 776 776 776 776 808 808 808 808 809 809 809 809 774 774 774 774 808 808 808 808 810 810 810 810 809 809 809 809 808 808 808 808 811 811 811 811 805 805 805 805 807 807 807 807 811 811 811 811 808 808 808 808 805 805 805 805 807 807 807 807 812 812 812 812 811 811 811 811 811 811 811 811 812 812 812 812 813 813 813 813 813 813 813 813 814 814 814 814 811 811 811 811 815 815 815 815 810 810 810 810 808 808 808 808 815 815 815 815 808 808 808 808 811 811 811 811 816 816 816 816 810 810 810 810 815 815 815 815 817 817 817 817 816 816 816 816 815 815 815 815 817 817 817 817 815 815 815 815 818 818 818 818 814 814 814 814 819 819 819 819 811 811 811 811 819 819 819 819 815 815 815 815 811 811 811 811 815 815 815 815 819 819 819 819 818 818 818 818 814 814 814 814 820 820 820 820 819 819 819 819 820 820 820 820 818 818 818 818 819 819 819 819 821 821 821 821 822 822 822 822 823 823 823 823 822 822 822 822 824 824 824 824 823 823 823 823 822 822 822 822 825 825 825 825 824 824 824 824 823 823 823 823 824 824 824 824 826 826 826 826 825 825 825 825 827 827 827 827 824 824 824 824 825 825 825 825 828 828 828 828 827 827 827 827 824 824 824 824 829 829 829 829 826 826 826 826 824 824 824 824 827 827 827 827 829 829 829 829 826 826 826 826 829 829 829 829 830 830 830 830 828 828 828 828 831 831 831 831 827 827 827 827 828 828 828 828 832 832 832 832 831 831 831 831 827 827 827 827 833 833 833 833 829 829 829 829 827 827 827 827 831 831 831 831 833 833 833 833 829 829 829 829 834 834 834 834 830 830 830 830 829 829 829 829 833 833 833 833 834 834 834 834 830 830 830 830 834 834 834 834 835 835 835 835 832 832 832 832 836 836 836 836 831 831 831 831 832 832 832 832 837 837 837 837 836 836 836 836 831 831 831 831 838 838 838 838 833 833 833 833 831 831 831 831 836 836 836 836 838 838 838 838 833 833 833 833 839 839 839 839 834 834 834 834 833 833 833 833 838 838 838 838 839 839 839 839 834 834 834 834 840 840 840 840 835 835 835 835 834 834 834 834 839 839 839 839 840 840 840 840 835 835 835 835 840 840 840 840 841 841 841 841 838 838 838 838 842 842 842 842 839 839 839 839 840 840 840 840 843 843 843 843 841 841 841 841 841 841 841 841 843 843 843 843 844 844 844 844 839 839 839 839 845 845 845 845 840 840 840 840 840 840 840 840 845 845 845 845 843 843 843 843 839 839 839 839 842 842 842 842 845 845 845 845 843 843 843 843 846 846 846 846 844 844 844 844 844 844 844 844 846 846 846 846 847 847 847 847 845 845 845 845 848 848 848 848 843 843 843 843 843 843 843 843 848 848 848 848 846 846 846 846 846 846 846 846 849 849 849 849 847 847 847 847 847 847 847 847 849 849 849 849 850 850 850 850 849 849 849 849 851 851 851 851 850 850 850 850 846 846 846 846 852 852 852 852 849 849 849 849 848 848 848 848 852 852 852 852 846 846 846 846 849 849 849 849 853 853 853 853 851 851 851 851 852 852 852 852 853 853 853 853 849 849 849 849 853 853 853 853 854 854 854 854 851 851 851 851 848 848 848 848 855 855 855 855 852 852 852 852 853 853 853 853 856 856 856 856 854 854 854 854 856 856 856 856 857 857 857 857 854 854 854 854 852 852 852 852 858 858 858 858 853 853 853 853 858 858 858 858 856 856 856 856 853 853 853 853 855 855 855 855 858 858 858 858 852 852 852 852 856 856 856 856 859 859 859 859 857 857 857 857 859 859 859 859 860 860 860 860 857 857 857 857 858 858 858 858 861 861 861 861 856 856 856 856 861 861 861 861 859 859 859 859 856 856 856 856 859 859 859 859 862 862 862 862 860 860 860 860 862 862 862 862 863 863 863 863 860 860 860 860 861 861 861 861 864 864 864 864 859 859 859 859 864 864 864 864 862 862 862 862 859 859 859 859 865 865 865 865 861 861 861 861 858 858 858 858 855 855 855 855 865 865 865 865 858 858 858 858 866 866 866 866 864 864 864 864 861 861 861 861 865 865 865 865 866 866 866 866 861 861 861 861 862 862 862 862 867 867 867 867 863 863 863 863 867 867 867 867 868 868 868 868 863 863 863 863 864 864 864 864 869 869 869 869 862 862 862 862 869 869 869 869 867 867 867 867 862 862 862 862 867 867 867 867 870 870 870 870 868 868 868 868 870 870 870 870 871 871 871 871 868 868 868 868 869 869 869 869 872 872 872 872 867 867 867 867 872 872 872 872 870 870 870 870 867 867 867 867 873 873 873 873 869 869 869 869 864 864 864 864 866 866 866 866 873 873 873 873 864 864 864 864 874 874 874 874 872 872 872 872 869 869 869 869 873 873 873 873 874 874 874 874 869 869 869 869 870 870 870 870 875 875 875 875 871 871 871 871 875 875 875 875 876 876 876 876 871 871 871 871 872 872 872 872 877 877 877 877 870 870 870 870 877 877 877 877 875 875 875 875 870 870 870 870 875 875 875 875 878 878 878 878 876 876 876 876 878 878 878 878 879 879 879 879 876 876 876 876 877 877 877 877 880 880 880 880 875 875 875 875 880 880 880 880 878 878 878 878 875 875 875 875 881 881 881 881 877 877 877 877 872 872 872 872 874 874 874 874 881 881 881 881 872 872 872 872 882 882 882 882 880 880 880 880 877 877 877 877 881 881 881 881 882 882 882 882 877 877 877 877 878 878 878 878 883 883 883 883 879 879 879 879 883 883 883 883 884 884 884 884 879 879 879 879 880 880 880 880 885 885 885 885 878 878 878 878 885 885 885 885 883 883 883 883 878 878 878 878 883 883 883 883 886 886 886 886 884 884 884 884 886 886 886 886 887 887 887 887 884 884 884 884 888 888 888 888 889 889 889 889 887 887 887 887 886 886 886 886 888 888 888 888 887 887 887 887 890 890 890 890 888 888 888 888 886 886 886 886 891 891 891 891 886 886 886 886 883 883 883 883 891 891 891 891 890 890 890 890 886 886 886 886 885 885 885 885 891 891 891 891 883 883 883 883 892 892 892 892 890 890 890 890 891 891 891 891 893 893 893 893 892 892 892 892 891 891 891 891 893 893 893 893 891 891 891 891 885 885 885 885 894 894 894 894 892 892 892 892 893 893 893 893 895 895 895 895 885 885 885 885 880 880 880 880 895 895 895 895 893 893 893 893 885 885 885 885 882 882 882 882 895 895 895 895 880 880 880 880 896 896 896 896 894 894 894 894 893 893 893 893 896 896 896 896 893 893 893 893 895 895 895 895 897 897 897 897 894 894 894 894 896 896 896 896 898 898 898 898 895 895 895 895 882 882 882 882 898 898 898 898 896 896 896 896 895 895 895 895 899 899 899 899 897 897 897 897 896 896 896 896 899 899 899 899 896 896 896 896 898 898 898 898 900 900 900 900 897 897 897 897 899 899 899 899 901 901 901 901 898 898 898 898 882 882 882 882 901 901 901 901 882 882 882 882 881 881 881 881 902 902 902 902 899 899 899 899 898 898 898 898 902 902 902 902 898 898 898 898 901 901 901 901 903 903 903 903 900 900 900 900 899 899 899 899 903 903 903 903 899 899 899 899 902 902 902 902 904 904 904 904 900 900 900 900 903 903 903 903 905 905 905 905 901 901 901 901 881 881 881 881 905 905 905 905 881 881 881 881 874 874 874 874 906 906 906 906 904 904 904 904 903 903 903 903 907 907 907 907 904 904 904 904 906 906 906 906 908 908 908 908 907 907 907 907 906 906 906 906 906 906 906 906 903 903 903 903 909 909 909 909 909 909 909 909 903 903 903 903 902 902 902 902 908 908 908 908 906 906 906 906 910 910 910 910 910 910 910 910 906 906 906 906 909 909 909 909 911 911 911 911 908 908 908 908 910 910 910 910 909 909 909 909 902 902 902 902 912 912 912 912 912 912 912 912 902 902 902 902 901 901 901 901 912 912 912 912 901 901 901 901 905 905 905 905 910 910 910 910 909 909 909 909 913 913 913 913 913 913 913 913 909 909 909 909 912 912 912 912 911 911 911 911 910 910 910 910 914 914 914 914 914 914 914 914 910 910 910 910 913 913 913 913 915 915 915 915 911 911 911 911 914 914 914 914 913 913 913 913 912 912 912 912 916 916 916 916 916 916 916 916 912 912 912 912 905 905 905 905 914 914 914 914 913 913 913 913 917 917 917 917 917 917 917 917 913 913 913 913 916 916 916 916 915 915 915 915 914 914 914 914 918 918 918 918 918 918 918 918 914 914 914 914 917 917 917 917 919 919 919 919 915 915 915 915 918 918 918 918 916 916 916 916 905 905 905 905 920 920 920 920 920 920 920 920 905 905 905 905 874 874 874 874 920 920 920 920 874 874 874 874 873 873 873 873 919 919 919 919 918 918 918 918 921 921 921 921 922 922 922 922 919 919 919 919 921 921 921 921 923 923 923 923 920 920 920 920 873 873 873 873 923 923 923 923 873 873 873 873 866 866 866 866 924 924 924 924 916 916 916 916 920 920 920 920 924 924 924 924 920 920 920 920 923 923 923 923 917 917 917 917 916 916 916 916 924 924 924 924 925 925 925 925 923 923 923 923 866 866 866 866 925 925 925 925 866 866 866 866 865 865 865 865 926 926 926 926 924 924 924 924 923 923 923 923 926 926 926 926 923 923 923 923 925 925 925 925 927 927 927 927 917 917 917 917 924 924 924 924 927 927 927 927 924 924 924 924 926 926 926 926 918 918 918 918 917 917 917 917 927 927 927 927 921 921 921 921 918 918 918 918 927 927 927 927 928 928 928 928 927 927 927 927 926 926 926 926 921 921 921 921 927 927 927 927 928 928 928 928 929 929 929 929 926 926 926 926 925 925 925 925 928 928 928 928 926 926 926 926 929 929 929 929 930 930 930 930 925 925 925 925 865 865 865 865 929 929 929 929 925 925 925 925 930 930 930 930 930 930 930 930 865 865 865 865 855 855 855 855 931 931 931 931 921 921 921 921 928 928 928 928 922 922 922 922 921 921 921 921 931 931 931 931 932 932 932 932 922 922 922 922 931 931 931 931 933 933 933 933 928 928 928 928 929 929 929 929 931 931 931 931 928 928 928 928 933 933 933 933 932 932 932 932 931 931 931 931 934 934 934 934 934 934 934 934 931 931 931 931 933 933 933 933 837 837 837 837 932 932 932 932 934 934 934 934 837 837 837 837 934 934 934 934 836 836 836 836 836 836 836 836 934 934 934 934 935 935 935 935 934 934 934 934 933 933 933 933 935 935 935 935 836 836 836 836 935 935 935 935 838 838 838 838 838 838 838 838 935 935 935 935 842 842 842 842 935 935 935 935 933 933 933 933 936 936 936 936 935 935 935 935 936 936 936 936 842 842 842 842 933 933 933 933 929 929 929 929 936 936 936 936 936 936 936 936 929 929 929 929 930 930 930 930 842 842 842 842 936 936 936 936 937 937 937 937 936 936 936 936 930 930 930 930 937 937 937 937 937 937 937 937 930 930 930 930 855 855 855 855 842 842 842 842 937 937 937 937 845 845 845 845 937 937 937 937 855 855 855 855 848 848 848 848 845 845 845 845 937 937 937 937 848 848 848 848 938 938 938 938 939 939 939 939 940 940 940 940 938 938 938 938 940 940 940 940 941 941 941 941 940 940 940 940 942 942 942 942 941 941 941 941 942 942 942 942 940 940 940 940 943 943 943 943 944 944 944 944 942 942 942 942 943 943 943 943 943 943 943 943 940 940 940 940 945 945 945 945 944 944 944 944 943 943 943 943 946 946 946 946 943 943 943 943 945 945 945 945 946 946 946 946 944 944 944 944 946 946 946 946 947 947 947 947 945 945 945 945 948 948 948 948 946 946 946 946 948 948 948 948 949 949 949 949 946 946 946 946 949 949 949 949 948 948 948 948 950 950 950 950 951 951 951 951 947 947 947 947 946 946 946 946 946 946 946 946 949 949 949 949 951 951 951 951 952 952 952 952 949 949 949 949 950 950 950 950 952 952 952 952 950 950 950 950 953 953 953 953 954 954 954 954 952 952 952 952 953 953 953 953 949 949 949 949 955 955 955 955 951 951 951 951 949 949 949 949 952 952 952 952 955 955 955 955 956 956 956 956 952 952 952 952 954 954 954 954 957 957 957 957 956 956 956 956 954 954 954 954 952 952 952 952 958 958 958 958 955 955 955 955 959 959 959 959 956 956 956 956 957 957 957 957 960 960 960 960 959 959 959 959 957 957 957 957 952 952 952 952 956 956 956 956 961 961 961 961 958 958 958 958 952 952 952 952 961 961 961 961 962 962 962 962 959 959 959 959 960 960 960 960 962 962 962 962 960 960 960 960 963 963 963 963 964 964 964 964 965 965 965 965 963 963 963 963 963 963 963 963 965 965 965 965 966 966 966 966 963 963 963 963 966 966 966 966 967 967 967 967 967 967 967 967 962 962 962 962 963 963 963 963 968 968 968 968 962 962 962 962 967 967 967 967 968 968 968 968 959 959 959 959 962 962 962 962 968 968 968 968 969 969 969 969 959 959 959 959 959 959 959 959 970 970 970 970 956 956 956 956 970 970 970 970 959 959 959 959 969 969 969 969 970 970 970 970 961 961 961 961 956 956 956 956 970 970 970 970 969 969 969 969 971 971 971 971 969 969 969 969 972 972 972 972 971 971 971 971 971 971 971 971 972 972 972 972 973 973 973 973 973 973 973 973 974 974 974 974 975 975 975 975 976 976 976 976 971 971 971 971 973 973 973 973 973 973 973 973 975 975 975 975 976 976 976 976 977 977 977 977 970 970 970 970 971 971 971 971 971 971 971 971 976 976 976 976 977 977 977 977 978 978 978 978 976 976 976 976 975 975 975 975 979 979 979 979 978 978 978 978 975 975 975 975 977 977 977 977 976 976 976 976 980 980 980 980 976 976 976 976 978 978 978 978 980 980 980 980 981 981 981 981 970 970 970 970 977 977 977 977 977 977 977 977 980 980 980 980 981 981 981 981 978 978 978 978 979 979 979 979 982 982 982 982 979 979 979 979 983 983 983 983 982 982 982 982 980 980 980 980 978 978 978 978 984 984 984 984 978 978 978 978 982 982 982 982 984 984 984 984 982 982 982 982 983 983 983 983 985 985 985 985 983 983 983 983 986 986 986 986 985 985 985 985 984 984 984 984 982 982 982 982 987 987 987 987 982 982 982 982 985 985 985 985 987 987 987 987 985 985 985 985 986 986 986 986 988 988 988 988 986 986 986 986 989 989 989 989 988 988 988 988 987 987 987 987 985 985 985 985 990 990 990 990 985 985 985 985 988 988 988 988 990 990 990 990 988 988 988 988 989 989 989 989 991 991 991 991 989 989 989 989 992 992 992 992 991 991 991 991 992 992 992 992 993 993 993 993 991 991 991 991 991 991 991 991 994 994 994 994 988 988 988 988 994 994 994 994 990 990 990 990 988 988 988 988 993 993 993 993 995 995 995 995 991 991 991 991 991 991 991 991 995 995 995 995 994 994 994 994 993 993 993 993 996 996 996 996 997 997 997 997 995 995 995 995 993 993 993 993 997 997 997 997 995 995 995 995 997 997 997 997 998 998 998 998 995 995 995 995 998 998 998 998 994 994 994 994 997 997 997 997 999 999 999 999 998 998 998 998 1000 1000 1000 1000 994 994 994 994 998 998 998 998 994 994 994 994 1000 1000 1000 1000 990 990 990 990 1001 1001 1001 1001 998 998 998 998 999 999 999 999 1001 1001 1001 1001 1000 1000 1000 1000 998 998 998 998 1002 1002 1002 1002 1001 1001 1001 1001 999 999 999 999 1000 1000 1000 1000 1003 1003 1003 1003 990 990 990 990 1004 1004 1004 1004 1001 1001 1001 1001 1002 1002 1002 1002 1005 1005 1005 1005 1004 1004 1004 1004 1002 1002 1002 1002 1006 1006 1006 1006 1000 1000 1000 1000 1001 1001 1001 1001 1003 1003 1003 1003 1000 1000 1000 1000 1006 1006 1006 1006 1004 1004 1004 1004 1006 1006 1006 1006 1001 1001 1001 1001 1005 1005 1005 1005 1007 1007 1007 1007 1004 1004 1004 1004 1008 1008 1008 1008 1003 1003 1003 1003 1006 1006 1006 1006 1007 1007 1007 1007 1009 1009 1009 1009 1004 1004 1004 1004 990 990 990 990 1003 1003 1003 1003 1010 1010 1010 1010 1003 1003 1003 1003 1008 1008 1008 1008 1010 1010 1010 1010 987 987 987 987 990 990 990 990 1010 1010 1010 1010 984 984 984 984 987 987 987 987 1010 1010 1010 1010 1011 1011 1011 1011 1006 1006 1006 1006 1004 1004 1004 1004 1009 1009 1009 1009 1011 1011 1011 1011 1004 1004 1004 1004 1006 1006 1006 1006 1011 1011 1011 1011 1008 1008 1008 1008 1012 1012 1012 1012 1009 1009 1009 1009 1007 1007 1007 1007 1009 1009 1009 1009 1012 1012 1012 1012 1011 1011 1011 1011 1013 1013 1013 1013 1012 1012 1012 1012 1007 1007 1007 1007 1012 1012 1012 1012 1013 1013 1013 1013 1014 1014 1014 1014 1015 1015 1015 1015 1012 1012 1012 1012 1014 1014 1014 1014 1015 1015 1015 1015 1014 1014 1014 1014 1016 1016 1016 1016 1012 1012 1012 1012 1017 1017 1017 1017 1011 1011 1011 1011 1012 1012 1012 1012 1015 1015 1015 1015 1017 1017 1017 1017 1018 1018 1018 1018 1015 1015 1015 1015 1016 1016 1016 1016 1018 1018 1018 1018 1016 1016 1016 1016 1019 1019 1019 1019 1015 1015 1015 1015 1020 1020 1020 1020 1017 1017 1017 1017 1015 1015 1015 1015 1018 1018 1018 1018 1020 1020 1020 1020 1019 1019 1019 1019 1021 1021 1021 1021 1022 1022 1022 1022 1023 1023 1023 1023 1018 1018 1018 1018 1019 1019 1019 1019 1023 1023 1023 1023 1019 1019 1019 1019 1022 1022 1022 1022 1024 1024 1024 1024 1018 1018 1018 1018 1023 1023 1023 1023 1018 1018 1018 1018 1024 1024 1024 1024 1020 1020 1020 1020 1023 1023 1023 1023 1022 1022 1022 1022 1025 1025 1025 1025 1025 1025 1025 1025 1024 1024 1024 1024 1023 1023 1023 1023 1022 1022 1022 1022 1026 1026 1026 1026 1025 1025 1025 1025 1025 1025 1025 1025 1026 1026 1026 1026 1027 1027 1027 1027 1028 1028 1028 1028 1025 1025 1025 1025 1027 1027 1027 1027 1025 1025 1025 1025 1028 1028 1028 1028 1024 1024 1024 1024 1027 1027 1027 1027 1029 1029 1029 1029 1028 1028 1028 1028 1028 1028 1028 1028 1030 1030 1030 1030 1024 1024 1024 1024 1024 1024 1024 1024 1030 1030 1030 1030 1020 1020 1020 1020 1029 1029 1029 1029 1031 1031 1031 1031 1028 1028 1028 1028 1028 1028 1028 1028 1031 1031 1031 1031 1030 1030 1030 1030 1029 1029 1029 1029 1032 1032 1032 1032 1031 1031 1031 1031 1030 1030 1030 1030 1033 1033 1033 1033 1020 1020 1020 1020 1017 1017 1017 1017 1020 1020 1020 1020 1033 1033 1033 1033 1032 1032 1032 1032 1034 1034 1034 1034 1031 1031 1031 1031 1032 1032 1032 1032 1035 1035 1035 1035 1034 1034 1034 1034 1031 1031 1031 1031 1036 1036 1036 1036 1030 1030 1030 1030 1036 1036 1036 1036 1031 1031 1031 1031 1034 1034 1034 1034 1033 1033 1033 1033 1030 1030 1030 1030 1037 1037 1037 1037 1030 1030 1030 1030 1036 1036 1036 1036 1037 1037 1037 1037 1038 1038 1038 1038 1017 1017 1017 1017 1033 1033 1033 1033 1038 1038 1038 1038 1033 1033 1033 1033 1037 1037 1037 1037 1017 1017 1017 1017 1038 1038 1038 1038 1011 1011 1011 1011 1037 1037 1037 1037 1036 1036 1036 1036 1039 1039 1039 1039 1039 1039 1039 1039 1036 1036 1036 1036 1034 1034 1034 1034 1038 1038 1038 1038 1040 1040 1040 1040 1011 1011 1011 1011 1011 1011 1011 1011 1040 1040 1040 1040 1008 1008 1008 1008 1041 1041 1041 1041 1038 1038 1038 1038 1037 1037 1037 1037 1038 1038 1038 1038 1041 1041 1041 1041 1040 1040 1040 1040 1037 1037 1037 1037 1042 1042 1042 1042 1041 1041 1041 1041 1042 1042 1042 1042 1037 1037 1037 1037 1039 1039 1039 1039 1008 1008 1008 1008 1040 1040 1040 1040 1043 1043 1043 1043 1008 1008 1008 1008 1043 1043 1043 1043 1010 1010 1010 1010 1041 1041 1041 1041 1044 1044 1044 1044 1040 1040 1040 1040 1040 1040 1040 1040 1044 1044 1044 1044 1043 1043 1043 1043 1042 1042 1042 1042 1045 1045 1045 1045 1041 1041 1041 1041 1041 1041 1041 1041 1045 1045 1045 1045 1044 1044 1044 1044 1046 1046 1046 1046 1010 1010 1010 1010 1043 1043 1043 1043 1046 1046 1046 1046 984 984 984 984 1010 1010 1010 1010 1047 1047 1047 1047 1043 1043 1043 1043 1044 1044 1044 1044 1047 1047 1047 1047 1046 1046 1046 1046 1043 1043 1043 1043 1048 1048 1048 1048 984 984 984 984 1046 1046 1046 1046 1047 1047 1047 1047 1048 1048 1048 1048 1046 1046 1046 1046 980 980 980 980 984 984 984 984 1048 1048 1048 1048 981 981 981 981 980 980 980 980 1048 1048 1048 1048 1049 1049 1049 1049 1047 1047 1047 1047 1044 1044 1044 1044 1045 1045 1045 1045 1049 1049 1049 1049 1044 1044 1044 1044 1050 1050 1050 1050 1048 1048 1048 1048 1047 1047 1047 1047 1050 1050 1050 1050 981 981 981 981 1048 1048 1048 1048 1047 1047 1047 1047 1049 1049 1049 1049 1050 1050 1050 1050 1051 1051 1051 1051 981 981 981 981 1050 1050 1050 1050 1051 1051 1051 1051 970 970 970 970 981 981 981 981 961 961 961 961 970 970 970 970 1051 1051 1051 1051 1050 1050 1050 1050 1049 1049 1049 1049 1052 1052 1052 1052 1050 1050 1050 1050 1052 1052 1052 1052 1051 1051 1051 1051 1053 1053 1053 1053 961 961 961 961 1051 1051 1051 1051 1051 1051 1051 1051 1052 1052 1052 1052 1053 1053 1053 1053 958 958 958 958 961 961 961 961 1053 1053 1053 1053 1053 1053 1053 1053 955 955 955 955 958 958 958 958 1054 1054 1054 1054 955 955 955 955 1053 1053 1053 1053 1052 1052 1052 1052 1054 1054 1054 1054 1053 1053 1053 1053 1054 1054 1054 1054 951 951 951 951 955 955 955 955 1052 1052 1052 1052 1049 1049 1049 1049 1055 1055 1055 1055 1055 1055 1055 1055 1054 1054 1054 1054 1052 1052 1052 1052 1055 1055 1055 1055 1049 1049 1049 1049 1045 1045 1045 1045 1054 1054 1054 1054 1055 1055 1055 1055 1056 1056 1056 1056 1056 1056 1056 1056 951 951 951 951 1054 1054 1054 1054 1055 1055 1055 1055 1045 1045 1045 1045 1057 1057 1057 1057 1056 1056 1056 1056 1055 1055 1055 1055 1057 1057 1057 1057 1057 1057 1057 1057 1045 1045 1045 1045 1042 1042 1042 1042 1042 1042 1042 1042 1039 1039 1039 1039 1057 1057 1057 1057 1057 1057 1057 1057 1058 1058 1058 1058 1056 1056 1056 1056 1057 1057 1057 1057 1039 1039 1039 1039 1058 1058 1058 1058 951 951 951 951 1056 1056 1056 1056 1059 1059 1059 1059 1056 1056 1056 1056 1058 1058 1058 1058 1059 1059 1059 1059 1060 1060 1060 1060 951 951 951 951 1059 1059 1059 1059 951 951 951 951 1060 1060 1060 1060 947 947 947 947 947 947 947 947 1060 1060 1060 1060 1061 1061 1061 1061 1060 1060 1060 1060 1062 1062 1062 1062 1061 1061 1061 1061 1063 1063 1063 1063 1060 1060 1060 1060 1059 1059 1059 1059 1060 1060 1060 1060 1063 1063 1063 1063 1062 1062 1062 1062 1059 1059 1059 1059 1058 1058 1058 1058 1063 1063 1063 1063 1062 1062 1062 1062 1064 1064 1064 1064 1065 1065 1065 1065 1062 1062 1062 1062 1063 1063 1063 1063 1064 1064 1064 1064 1058 1058 1058 1058 1066 1066 1066 1066 1063 1063 1063 1063 1064 1064 1064 1064 1063 1063 1063 1063 1066 1066 1066 1066 1058 1058 1058 1058 1039 1039 1039 1039 1066 1066 1066 1066 1035 1035 1035 1035 1064 1064 1064 1064 1066 1066 1066 1066 1039 1039 1039 1039 1034 1034 1034 1034 1066 1066 1066 1066 1035 1035 1035 1035 1066 1066 1066 1066 1034 1034 1034 1034 1067 1067 1067 1067 1068 1068 1068 1068 1069 1069 1069 1069 1068 1068 1068 1068 1070 1070 1070 1070 1069 1069 1069 1069 1068 1068 1068 1068 1071 1071 1071 1071 1070 1070 1070 1070 1069 1069 1069 1069 1070 1070 1070 1070 1072 1072 1072 1072 1073 1073 1073 1073 1069 1069 1069 1069 1072 1072 1072 1072 1074 1074 1074 1074 1073 1073 1073 1073 1072 1072 1072 1072 1071 1071 1071 1071 1075 1075 1075 1075 1070 1070 1070 1070 1075 1075 1075 1075 1071 1071 1071 1071 1076 1076 1076 1076 1077 1077 1077 1077 1074 1074 1074 1074 1072 1072 1072 1072 1078 1078 1078 1078 1074 1074 1074 1074 1077 1077 1077 1077 1072 1072 1072 1072 1070 1070 1070 1070 1079 1079 1079 1079 1070 1070 1070 1070 1075 1075 1075 1075 1079 1079 1079 1079 1077 1077 1077 1077 1072 1072 1072 1072 1079 1079 1079 1079 1080 1080 1080 1080 1075 1075 1075 1075 1076 1076 1076 1076 1075 1075 1075 1075 1080 1080 1080 1080 1079 1079 1079 1079 1080 1080 1080 1080 1076 1076 1076 1076 1081 1081 1081 1081 1082 1082 1082 1082 1077 1077 1077 1077 1079 1079 1079 1079 1080 1080 1080 1080 1083 1083 1083 1083 1079 1079 1079 1079 1079 1079 1079 1079 1083 1083 1083 1083 1082 1082 1082 1082 1084 1084 1084 1084 1080 1080 1080 1080 1081 1081 1081 1081 1080 1080 1080 1080 1084 1084 1084 1084 1083 1083 1083 1083 1085 1085 1085 1085 1084 1084 1084 1084 1081 1081 1081 1081 1086 1086 1086 1086 1085 1085 1085 1085 1081 1081 1081 1081 1084 1084 1084 1084 1087 1087 1087 1087 1083 1083 1083 1083 1087 1087 1087 1087 1084 1084 1084 1084 1085 1085 1085 1085 1088 1088 1088 1088 1085 1085 1085 1085 1086 1086 1086 1086 1089 1089 1089 1089 1088 1088 1088 1088 1086 1086 1086 1086 1089 1089 1089 1089 1090 1090 1090 1090 1088 1088 1088 1088 1091 1091 1091 1091 1087 1087 1087 1087 1085 1085 1085 1085 1091 1091 1091 1091 1085 1085 1085 1085 1088 1088 1088 1088 1090 1090 1090 1090 1092 1092 1092 1092 1093 1093 1093 1093 1090 1090 1090 1090 1093 1093 1093 1093 1094 1094 1094 1094 1090 1090 1090 1090 1094 1094 1094 1094 1088 1088 1088 1088 1094 1094 1094 1094 1093 1093 1093 1093 1095 1095 1095 1095 1096 1096 1096 1096 1091 1091 1091 1091 1088 1088 1088 1088 1096 1096 1096 1096 1088 1088 1088 1088 1094 1094 1094 1094 1094 1094 1094 1094 1095 1095 1095 1095 1097 1097 1097 1097 1097 1097 1097 1097 1095 1095 1095 1095 1098 1098 1098 1098 1099 1099 1099 1099 1096 1096 1096 1096 1094 1094 1094 1094 1094 1094 1094 1094 1097 1097 1097 1097 1099 1099 1099 1099 1097 1097 1097 1097 1098 1098 1098 1098 1100 1100 1100 1100 1098 1098 1098 1098 1101 1101 1101 1101 1100 1100 1100 1100 1097 1097 1097 1097 1102 1102 1102 1102 1099 1099 1099 1099 1102 1102 1102 1102 1097 1097 1097 1097 1100 1100 1100 1100 1103 1103 1103 1103 1096 1096 1096 1096 1099 1099 1099 1099 1099 1099 1099 1099 1102 1102 1102 1102 1104 1104 1104 1104 1104 1104 1104 1104 1103 1103 1103 1103 1099 1099 1099 1099 1103 1103 1103 1103 1105 1105 1105 1105 1096 1096 1096 1096 1105 1105 1105 1105 1091 1091 1091 1091 1096 1096 1096 1096 1106 1106 1106 1106 1103 1103 1103 1103 1104 1104 1104 1104 1091 1091 1091 1091 1105 1105 1105 1105 1107 1107 1107 1107 1087 1087 1087 1087 1091 1091 1091 1091 1107 1107 1107 1107 1105 1105 1105 1105 1103 1103 1103 1103 1108 1108 1108 1108 1103 1103 1103 1103 1106 1106 1106 1106 1108 1108 1108 1108 1107 1107 1107 1107 1105 1105 1105 1105 1109 1109 1109 1109 1105 1105 1105 1105 1108 1108 1108 1108 1109 1109 1109 1109 1087 1087 1087 1087 1107 1107 1107 1107 1110 1110 1110 1110 1083 1083 1083 1083 1087 1087 1087 1087 1110 1110 1110 1110 1083 1083 1083 1083 1110 1110 1110 1110 1082 1082 1082 1082 1111 1111 1111 1111 1110 1110 1110 1110 1107 1107 1107 1107 1109 1109 1109 1109 1111 1111 1111 1111 1107 1107 1107 1107 1082 1082 1082 1082 1110 1110 1110 1110 1112 1112 1112 1112 1110 1110 1110 1110 1111 1111 1111 1111 1112 1112 1112 1112 1112 1112 1112 1112 1113 1113 1113 1113 1082 1082 1082 1082 1113 1113 1113 1113 1077 1077 1077 1077 1082 1082 1082 1082 1113 1113 1113 1113 1078 1078 1078 1078 1077 1077 1077 1077 1111 1111 1111 1111 1114 1114 1114 1114 1112 1112 1112 1112 1078 1078 1078 1078 1113 1113 1113 1113 1115 1115 1115 1115 1116 1116 1116 1116 1078 1078 1078 1078 1115 1115 1115 1115 1113 1113 1113 1113 1112 1112 1112 1112 1117 1117 1117 1117 1115 1115 1115 1115 1113 1113 1113 1113 1117 1117 1117 1117 1114 1114 1114 1114 1117 1117 1117 1117 1112 1112 1112 1112 1116 1116 1116 1116 1115 1115 1115 1115 1118 1118 1118 1118 1119 1119 1119 1119 1116 1116 1116 1116 1118 1118 1118 1118 1120 1120 1120 1120 1119 1119 1119 1119 1118 1118 1118 1118 1115 1115 1115 1115 1117 1117 1117 1117 1121 1121 1121 1121 1118 1118 1118 1118 1115 1115 1115 1115 1121 1121 1121 1121 1122 1122 1122 1122 1123 1123 1123 1123 1120 1120 1120 1120 1124 1124 1124 1124 1120 1120 1120 1120 1118 1118 1118 1118 1124 1124 1124 1124 1122 1122 1122 1122 1120 1120 1120 1120 1124 1124 1124 1124 1118 1118 1118 1118 1121 1121 1121 1121 1122 1122 1122 1122 1124 1124 1124 1124 1125 1125 1125 1125 1124 1124 1124 1124 1126 1126 1126 1126 1125 1125 1125 1125 1126 1126 1126 1126 1124 1124 1124 1124 1121 1121 1121 1121 1125 1125 1125 1125 1126 1126 1126 1126 1127 1127 1127 1127 1126 1126 1126 1126 1128 1128 1128 1128 1127 1127 1127 1127 1128 1128 1128 1128 1126 1126 1126 1126 1121 1121 1121 1121 1129 1129 1129 1129 1127 1127 1127 1127 1128 1128 1128 1128 1130 1130 1130 1130 1121 1121 1121 1121 1117 1117 1117 1117 1130 1130 1130 1130 1128 1128 1128 1128 1121 1121 1121 1121 1114 1114 1114 1114 1130 1130 1130 1130 1117 1117 1117 1117 1131 1131 1131 1131 1129 1129 1129 1129 1128 1128 1128 1128 1131 1131 1131 1131 1128 1128 1128 1128 1130 1130 1130 1130 1129 1129 1129 1129 1131 1131 1131 1131 1132 1132 1132 1132 1133 1133 1133 1133 1129 1129 1129 1129 1132 1132 1132 1132 1134 1134 1134 1134 1131 1131 1131 1131 1130 1130 1130 1130 1134 1134 1134 1134 1130 1130 1130 1130 1114 1114 1114 1114 1131 1131 1131 1131 1134 1134 1134 1134 1132 1132 1132 1132 1135 1135 1135 1135 1134 1134 1134 1134 1114 1114 1114 1114 1135 1135 1135 1135 1114 1114 1114 1114 1111 1111 1111 1111 1109 1109 1109 1109 1135 1135 1135 1135 1111 1111 1111 1111 1134 1134 1134 1134 1136 1136 1136 1136 1132 1132 1132 1132 1134 1134 1134 1134 1135 1135 1135 1135 1136 1136 1136 1136 1135 1135 1135 1135 1109 1109 1109 1109 1137 1137 1137 1137 1135 1135 1135 1135 1137 1137 1137 1137 1136 1136 1136 1136 1109 1109 1109 1109 1108 1108 1108 1108 1137 1137 1137 1137 1132 1132 1132 1132 1136 1136 1136 1136 1138 1138 1138 1138 1132 1132 1132 1132 1138 1138 1138 1138 1133 1133 1133 1133 1138 1138 1138 1138 1139 1139 1139 1139 1133 1133 1133 1133 1140 1140 1140 1140 1139 1139 1139 1139 1138 1138 1138 1138 1140 1140 1140 1140 1141 1141 1141 1141 1142 1142 1142 1142 1136 1136 1136 1136 1143 1143 1143 1143 1138 1138 1138 1138 1136 1136 1136 1136 1137 1137 1137 1137 1143 1143 1143 1143 1144 1144 1144 1144 1140 1140 1140 1140 1138 1138 1138 1138 1140 1140 1140 1140 1144 1144 1144 1144 1141 1141 1141 1141 1138 1138 1138 1138 1143 1143 1143 1143 1144 1144 1144 1144 1144 1144 1144 1144 1145 1145 1145 1145 1141 1141 1141 1141 1137 1137 1137 1137 1146 1146 1146 1146 1143 1143 1143 1143 1137 1137 1137 1137 1108 1108 1108 1108 1146 1146 1146 1146 1108 1108 1108 1108 1106 1106 1106 1106 1146 1146 1146 1146 1143 1143 1143 1143 1147 1147 1147 1147 1144 1144 1144 1144 1143 1143 1143 1143 1146 1146 1146 1146 1147 1147 1147 1147 1144 1144 1144 1144 1148 1148 1148 1148 1145 1145 1145 1145 1148 1148 1148 1148 1144 1144 1144 1144 1147 1147 1147 1147 1148 1148 1148 1148 1149 1149 1149 1149 1145 1145 1145 1145 1146 1146 1146 1146 1150 1150 1150 1150 1147 1147 1147 1147 1146 1146 1146 1146 1106 1106 1106 1106 1150 1150 1150 1150 1151 1151 1151 1151 1148 1148 1148 1148 1147 1147 1147 1147 1151 1151 1151 1151 1147 1147 1147 1147 1150 1150 1150 1150 1148 1148 1148 1148 1152 1152 1152 1152 1149 1149 1149 1149 1148 1148 1148 1148 1151 1151 1151 1151 1152 1152 1152 1152 1149 1149 1149 1149 1152 1152 1152 1152 1153 1153 1153 1153 1106 1106 1106 1106 1154 1154 1154 1154 1150 1150 1150 1150 1154 1154 1154 1154 1106 1106 1106 1106 1104 1104 1104 1104 1155 1155 1155 1155 1151 1151 1151 1151 1150 1150 1150 1150 1155 1155 1155 1155 1150 1150 1150 1150 1154 1154 1154 1154 1151 1151 1151 1151 1156 1156 1156 1156 1152 1152 1152 1152 1156 1156 1156 1156 1151 1151 1151 1151 1155 1155 1155 1155 1152 1152 1152 1152 1157 1157 1157 1157 1153 1153 1153 1153 1157 1157 1157 1157 1158 1158 1158 1158 1153 1153 1153 1153 1152 1152 1152 1152 1156 1156 1156 1156 1159 1159 1159 1159 1157 1157 1157 1157 1152 1152 1152 1152 1159 1159 1159 1159 1160 1160 1160 1160 1156 1156 1156 1156 1155 1155 1155 1155 1159 1159 1159 1159 1156 1156 1156 1156 1160 1160 1160 1160 1157 1157 1157 1157 1161 1161 1161 1161 1158 1158 1158 1158 1161 1161 1161 1161 1162 1162 1162 1162 1158 1158 1158 1158 1161 1161 1161 1161 1163 1163 1163 1163 1162 1162 1162 1162 1163 1163 1163 1163 1161 1161 1161 1161 1164 1164 1164 1164 1164 1164 1164 1164 1161 1161 1161 1161 1165 1165 1165 1165 1166 1166 1166 1166 1165 1165 1165 1165 1161 1161 1161 1161 1166 1166 1166 1166 1161 1161 1161 1161 1157 1157 1157 1157 1166 1166 1166 1166 1157 1157 1157 1157 1159 1159 1159 1159 1167 1167 1167 1167 1166 1166 1166 1166 1159 1159 1159 1159 1168 1168 1168 1168 1167 1167 1167 1167 1159 1159 1159 1159 1168 1168 1168 1168 1159 1159 1159 1159 1160 1160 1160 1160 1168 1168 1168 1168 1160 1160 1160 1160 1169 1169 1169 1169 1160 1160 1160 1160 1170 1170 1170 1170 1169 1169 1169 1169 1170 1170 1170 1170 1160 1160 1160 1160 1171 1171 1171 1171 1160 1160 1160 1160 1155 1155 1155 1155 1171 1171 1171 1171 1171 1171 1171 1171 1155 1155 1155 1155 1154 1154 1154 1154 1170 1170 1170 1170 1172 1172 1172 1172 1169 1169 1169 1169 1170 1170 1170 1170 1171 1171 1171 1171 1172 1172 1172 1172 1172 1172 1172 1172 1173 1173 1173 1173 1169 1169 1169 1169 1174 1174 1174 1174 1171 1171 1171 1171 1154 1154 1154 1154 1171 1171 1171 1171 1174 1174 1174 1174 1172 1172 1172 1172 1104 1104 1104 1104 1174 1174 1174 1174 1154 1154 1154 1154 1102 1102 1102 1102 1174 1174 1174 1174 1104 1104 1104 1104 1102 1102 1102 1102 1175 1175 1175 1175 1174 1174 1174 1174 1175 1175 1175 1175 1172 1172 1172 1172 1174 1174 1174 1174 1175 1175 1175 1175 1102 1102 1102 1102 1100 1100 1100 1100 1176 1176 1176 1176 1173 1173 1173 1173 1172 1172 1172 1172 1175 1175 1175 1175 1176 1176 1176 1176 1172 1172 1172 1172 1100 1100 1100 1100 1176 1176 1176 1176 1175 1175 1175 1175 1173 1173 1173 1173 1176 1176 1176 1176 1177 1177 1177 1177 1178 1178 1178 1178 1177 1177 1177 1177 1176 1176 1176 1176 1179 1179 1179 1179 1176 1176 1176 1176 1100 1100 1100 1100 1179 1179 1179 1179 1178 1178 1178 1178 1176 1176 1176 1176 1100 1100 1100 1100 1101 1101 1101 1101 1179 1179 1179 1179 1179 1179 1179 1179 1101 1101 1101 1101 1180 1180 1180 1180 1178 1178 1178 1178 1179 1179 1179 1179 1181 1181 1181 1181 1179 1179 1179 1179 1180 1180 1180 1180 1181 1181 1181 1181 1178 1178 1178 1178 1181 1181 1181 1181 1182 1182 1182 1182 1181 1181 1181 1181 1180 1180 1180 1180 1183 1183 1183 1183 1184 1184 1184 1184 1182 1182 1182 1182 1181 1181 1181 1181 1185 1185 1185 1185 1181 1181 1181 1181 1183 1183 1183 1183 1184 1184 1184 1184 1181 1181 1181 1181 1185 1185 1185 1185 1186 1186 1186 1186 1187 1187 1187 1187 1188 1188 1188 1188 1189 1189 1189 1189 1186 1186 1186 1186 1188 1188 1188 1188 1190 1190 1190 1190 1186 1186 1186 1186 1189 1189 1189 1189 1191 1191 1191 1191 1189 1189 1189 1189 1188 1188 1188 1188 1192 1192 1192 1192 1191 1191 1191 1191 1188 1188 1188 1188 1191 1191 1191 1191 1193 1193 1193 1193 1189 1189 1189 1189 1191 1191 1191 1191 1192 1192 1192 1192 1194 1194 1194 1194 1192 1192 1192 1192 1195 1195 1195 1195 1194 1194 1194 1194 1195 1195 1195 1195 1196 1196 1196 1196 1194 1194 1194 1194 1196 1196 1196 1196 1197 1197 1197 1197 1194 1194 1194 1194 1197 1197 1197 1197 1196 1196 1196 1196 1198 1198 1198 1198 1193 1193 1193 1193 1199 1199 1199 1199 1189 1189 1189 1189 1199 1199 1199 1199 1190 1190 1190 1190 1189 1189 1189 1189 1193 1193 1193 1193 1200 1200 1200 1200 1199 1199 1199 1199 1199 1199 1199 1199 1201 1201 1201 1201 1190 1190 1190 1190 1200 1200 1200 1200 1201 1201 1201 1201 1199 1199 1199 1199 1201 1201 1201 1201 1202 1202 1202 1202 1190 1190 1190 1190 1203 1203 1203 1203 1202 1202 1202 1202 1201 1201 1201 1201 1204 1204 1204 1204 1201 1201 1201 1201 1200 1200 1200 1200 1204 1204 1204 1204 1203 1203 1203 1203 1201 1201 1201 1201 1205 1205 1205 1205 1204 1204 1204 1204 1200 1200 1200 1200 1205 1205 1205 1205 1206 1206 1206 1206 1204 1204 1204 1204 1204 1204 1204 1204 1207 1207 1207 1207 1203 1203 1203 1203 1206 1206 1206 1206 1207 1207 1207 1207 1204 1204 1204 1204 1207 1207 1207 1207 1208 1208 1208 1208 1203 1203 1203 1203 1209 1209 1209 1209 1208 1208 1208 1208 1207 1207 1207 1207 1210 1210 1210 1210 1207 1207 1207 1207 1206 1206 1206 1206 1210 1210 1210 1210 1209 1209 1209 1209 1207 1207 1207 1207 1211 1211 1211 1211 1210 1210 1210 1210 1206 1206 1206 1206 1211 1211 1211 1211 1212 1212 1212 1212 1210 1210 1210 1210 1210 1210 1210 1210 1213 1213 1213 1213 1209 1209 1209 1209 1212 1212 1212 1212 1213 1213 1213 1213 1210 1210 1210 1210 1213 1213 1213 1213 1214 1214 1214 1214 1209 1209 1209 1209 1214 1214 1214 1214 1213 1213 1213 1213 1215 1215 1215 1215 1213 1213 1213 1213 1212 1212 1212 1212 1216 1216 1216 1216 1213 1213 1213 1213 1216 1216 1216 1216 1215 1215 1215 1215 1212 1212 1212 1212 1217 1217 1217 1217 1216 1216 1216 1216 1216 1216 1216 1216 1218 1218 1218 1218 1215 1215 1215 1215 1218 1218 1218 1218 1216 1216 1216 1216 1217 1217 1217 1217 1197 1197 1197 1197 1218 1218 1218 1218 1217 1217 1217 1217 1218 1218 1218 1218 1219 1219 1219 1219 1215 1215 1215 1215 1198 1198 1198 1198 1218 1218 1218 1218 1197 1197 1197 1197 1218 1218 1218 1218 1198 1198 1198 1198 1219 1219 1219 1219 1198 1198 1198 1198 1220 1220 1220 1220 1219 1219 1219 1219 1221 1221 1221 1221 1222 1222 1222 1222 1223 1223 1223 1223 1224 1224 1224 1224 1221 1221 1221 1221 1223 1223 1223 1223 1224 1224 1224 1224 1223 1223 1223 1223 1225 1225 1225 1225 1226 1226 1226 1226 1221 1221 1221 1221 1224 1224 1224 1224 1226 1226 1226 1226 1227 1227 1227 1227 1221 1221 1221 1221 1228 1228 1228 1228 1226 1226 1226 1226 1224 1224 1224 1224 1227 1227 1227 1227 1226 1226 1226 1226 1229 1229 1229 1229 1230 1230 1230 1230 1227 1227 1227 1227 1229 1229 1229 1229 1231 1231 1231 1231 1230 1230 1230 1230 1229 1229 1229 1229 1232 1232 1232 1232 1231 1231 1231 1231 1229 1229 1229 1229 1233 1233 1233 1233 1231 1231 1231 1231 1232 1232 1232 1232 1234 1234 1234 1234 1228 1228 1228 1228 1224 1224 1224 1224 1234 1234 1234 1234 1224 1224 1224 1224 1225 1225 1225 1225 1235 1235 1235 1235 1228 1228 1228 1228 1234 1234 1234 1234 1236 1236 1236 1236 1234 1234 1234 1234 1225 1225 1225 1225 1236 1236 1236 1236 1235 1235 1235 1235 1234 1234 1234 1234 1237 1237 1237 1237 1236 1236 1236 1236 1225 1225 1225 1225 1237 1237 1237 1237 1238 1238 1238 1238 1236 1236 1236 1236 1236 1236 1236 1236 1239 1239 1239 1239 1235 1235 1235 1235 1238 1238 1238 1238 1239 1239 1239 1239 1236 1236 1236 1236 1239 1239 1239 1239 1240 1240 1240 1240 1235 1235 1235 1235 1241 1241 1241 1241 1240 1240 1240 1240 1239 1239 1239 1239 1242 1242 1242 1242 1239 1239 1239 1239 1238 1238 1238 1238 1242 1242 1242 1242 1241 1241 1241 1241 1239 1239 1239 1239 1243 1243 1243 1243 1242 1242 1242 1242 1238 1238 1238 1238 1243 1243 1243 1243 1244 1244 1244 1244 1242 1242 1242 1242 1242 1242 1242 1242 1245 1245 1245 1245 1241 1241 1241 1241 1244 1244 1244 1244 1245 1245 1245 1245 1242 1242 1242 1242 1245 1245 1245 1245 1246 1246 1246 1246 1241 1241 1241 1241 1247 1247 1247 1247 1246 1246 1246 1246 1245 1245 1245 1245 1248 1248 1248 1248 1245 1245 1245 1245 1244 1244 1244 1244 1248 1248 1248 1248 1247 1247 1247 1247 1245 1245 1245 1245 1249 1249 1249 1249 1248 1248 1248 1248 1244 1244 1244 1244 1249 1249 1249 1249 1250 1250 1250 1250 1248 1248 1248 1248 1247 1247 1247 1247 1248 1248 1248 1248 1251 1251 1251 1251 1250 1250 1250 1250 1251 1251 1251 1251 1248 1248 1248 1248 1252 1252 1252 1252 1247 1247 1247 1247 1251 1251 1251 1251 1253 1253 1253 1253 1251 1251 1251 1251 1250 1250 1250 1250 1252 1252 1252 1252 1251 1251 1251 1251 1253 1253 1253 1253 1232 1232 1232 1232 1252 1252 1252 1252 1253 1253 1253 1253 1254 1254 1254 1254 1253 1253 1253 1253 1250 1250 1250 1250 1233 1233 1233 1233 1232 1232 1232 1232 1253 1253 1253 1253 1253 1253 1253 1253 1254 1254 1254 1254 1233 1233 1233 1233 1254 1254 1254 1254 1255 1255 1255 1255 1233 1233 1233 1233 1256 1256 1256 1256 1257 1257 1257 1257 1258 1258 1258 1258 1256 1256 1256 1256 1258 1258 1258 1258 1259 1259 1259 1259 1257 1257 1257 1257 1256 1256 1256 1256 1260 1260 1260 1260 1259 1259 1259 1259 1260 1260 1260 1260 1256 1256 1256 1256 1261 1261 1261 1261 1262 1262 1262 1262 1263 1263 1263 1263 1261 1261 1261 1261 1263 1263 1263 1263 1264 1264 1264 1264 1262 1262 1262 1262 1261 1261 1261 1261 1265 1265 1265 1265 1264 1264 1264 1264 1265 1265 1265 1265 1261 1261 1261 1261 1266 1266 1266 1266 1267 1267 1267 1267 1268 1268 1268 1268 1266 1266 1266 1266 1268 1268 1268 1268 1269 1269 1269 1269 1267 1267 1267 1267 1266 1266 1266 1266 1270 1270 1270 1270 1269 1269 1269 1269 1270 1270 1270 1270 1266 1266 1266 1266 1271 1271 1271 1271 1272 1272 1272 1272 1273 1273 1273 1273 1271 1271 1271 1271 1273 1273 1273 1273 1274 1274 1274 1274 1272 1272 1272 1272 1271 1271 1271 1271 1275 1275 1275 1275 1274 1274 1274 1274 1275 1275 1275 1275 1271 1271 1271 1271 1276 1276 1276 1276 1277 1277 1277 1277 1278 1278 1278 1278 1276 1276 1276 1276 1278 1278 1278 1278 1279 1279 1279 1279 1277 1277 1277 1277 1276 1276 1276 1276 1280 1280 1280 1280 1279 1279 1279 1279 1280 1280 1280 1280 1276 1276 1276 1276 1281 1281 1281 1281 1282 1282 1282 1282 1283 1283 1283 1283 1281 1281 1281 1281 1283 1283 1283 1283 1284 1284 1284 1284 1282 1282 1282 1282 1281 1281 1281 1281 1285 1285 1285 1285 1284 1284 1284 1284 1285 1285 1285 1285 1281 1281 1281 1281 1286 1286 1286 1286 1287 1287 1287 1287 1288 1288 1288 1288 1286 1286 1286 1286 1288 1288 1288 1288 1289 1289 1289 1289 1287 1287 1287 1287 1286 1286 1286 1286 1290 1290 1290 1290 1289 1289 1289 1289 1290 1290 1290 1290 1286 1286 1286 1286 1291 1291 1291 1291 1292 1292 1292 1292 1293 1293 1293 1293 1291 1291 1291 1291 1293 1293 1293 1293 1294 1294 1294 1294 1292 1292 1292 1292 1291 1291 1291 1291 1295 1295 1295 1295 1294 1294 1294 1294 1295 1295 1295 1295 1291 1291 1291 1291 1296 1296 1296 1296 1297 1297 1297 1297 1298 1298 1298 1298 1296 1296 1296 1296 1298 1298 1298 1298 1299 1299 1299 1299 1297 1297 1297 1297 1296 1296 1296 1296 1300 1300 1300 1300 1299 1299 1299 1299 1300 1300 1300 1300 1296 1296 1296 1296 1301 1301 1301 1301 1302 1302 1302 1302 1303 1303 1303 1303 1302 1302 1302 1302 1304 1304 1304 1304 1303 1303 1303 1303 1305 1305 1305 1305 1301 1301 1301 1301 1303 1303 1303 1303 1304 1304 1304 1304 1306 1306 1306 1306 1303 1303 1303 1303 1305 1305 1305 1305 1303 1303 1303 1303 1307 1307 1307 1307 1303 1303 1303 1303 1306 1306 1306 1306 1307 1307 1307 1307 1308 1308 1308 1308 1305 1305 1305 1305 1307 1307 1307 1307 1306 1306 1306 1306 1309 1309 1309 1309 1307 1307 1307 1307 1307 1307 1307 1307 1310 1310 1310 1310 1308 1308 1308 1308 1310 1310 1310 1310 1307 1307 1307 1307 1309 1309 1309 1309 1310 1310 1310 1310 1311 1311 1311 1311 1308 1308 1308 1308 1312 1312 1312 1312 1310 1310 1310 1310 1309 1309 1309 1309 1313 1313 1313 1313 1311 1311 1311 1311 1310 1310 1310 1310 1312 1312 1312 1312 1314 1314 1314 1314 1310 1310 1310 1310 1315 1315 1315 1315 1313 1313 1313 1313 1310 1310 1310 1310 1314 1314 1314 1314 1315 1315 1315 1315 1310 1310 1310 1310 1316 1316 1316 1316 1317 1317 1317 1317 1318 1318 1318 1318 1319 1319 1319 1319 1316 1316 1316 1316 1318 1318 1318 1318 1317 1317 1317 1317 1320 1320 1320 1320 1318 1318 1318 1318 1321 1321 1321 1321 1319 1319 1319 1319 1318 1318 1318 1318 1320 1320 1320 1320 1322 1322 1322 1322 1318 1318 1318 1318 1322 1322 1322 1322 1321 1321 1321 1321 1318 1318 1318 1318 1323 1323 1323 1323 1324 1324 1324 1324 1325 1325 1325 1325 1326 1326 1326 1326 1323 1323 1323 1323 1325 1325 1325 1325 1324 1324 1324 1324 1327 1327 1327 1327 1325 1325 1325 1325 1328 1328 1328 1328 1326 1326 1326 1326 1325 1325 1325 1325 1327 1327 1327 1327 1329 1329 1329 1329 1325 1325 1325 1325 1329 1329 1329 1329 1328 1328 1328 1328 1325 1325 1325 1325 1330 1330 1330 1330 1331 1331 1331 1331 1332 1332 1332 1332 1333 1333 1333 1333 1331 1331 1331 1331 1330 1330 1330 1330 1334 1334 1334 1334 1330 1330 1330 1330 1332 1332 1332 1332 1335 1335 1335 1335 1333 1333 1333 1333 1330 1330 1330 1330 1332 1332 1332 1332 1336 1336 1336 1336 1334 1334 1334 1334 1333 1333 1333 1333 1335 1335 1335 1335 1337 1337 1337 1337 1336 1336 1336 1336 1338 1338 1338 1338 1334 1334 1334 1334 1339 1339 1339 1339 1333 1333 1333 1333 1337 1337 1337 1337 1338 1338 1338 1338 1336 1336 1336 1336 1340 1340 1340 1340 1339 1339 1339 1339 1337 1337 1337 1337 1341 1341 1341 1341 1336 1336 1336 1336 1342 1342 1342 1342 1340 1340 1340 1340 1343 1343 1343 1343 1339 1339 1339 1339 1341 1341 1341 1341 1342 1342 1342 1342 1344 1344 1344 1344 1340 1340 1340 1340 1345 1345 1345 1345 1343 1343 1343 1343 1341 1341 1341 1341 1344 1344 1344 1344 1346 1346 1346 1346 1340 1340 1340 1340 1347 1347 1347 1347 1345 1345 1345 1345 1341 1341 1341 1341 1344 1344 1344 1344 1348 1348 1348 1348 1346 1346 1346 1346 1345 1345 1345 1345 1347 1347 1347 1347 1349 1349 1349 1349 1348 1348 1348 1348 1350 1350 1350 1350 1346 1346 1346 1346 1351 1351 1351 1351 1345 1345 1345 1345 1349 1349 1349 1349 1350 1350 1350 1350 1348 1348 1348 1348 1352 1352 1352 1352 1351 1351 1351 1351 1349 1349 1349 1349 1352 1352 1352 1352 1348 1348 1348 1348 1353 1353 1353 1353 1352 1352 1352 1352 1353 1353 1353 1353 1351 1351 1351 1351 1352 1352 1352 1352 1354 1354 1354 1354 1355 1355 1355 1355 1356 1356 1356 1356 1354 1354 1354 1354 1357 1357 1357 1357 1355 1355 1355 1355 1355 1355 1355 1355 1358 1358 1358 1358 1356 1356 1356 1356 1357 1357 1357 1357 1359 1359 1359 1359 1355 1355 1355 1355 1356 1356 1356 1356 1358 1358 1358 1358 1360 1360 1360 1360 1361 1361 1361 1361 1359 1359 1359 1359 1357 1357 1357 1357 1358 1358 1358 1358 1362 1362 1362 1362 1360 1360 1360 1360 1363 1363 1363 1363 1361 1361 1361 1361 1357 1357 1357 1357 1360 1360 1360 1360 1362 1362 1362 1362 1364 1364 1364 1364 1365 1365 1365 1365 1361 1361 1361 1361 1363 1363 1363 1363 1366 1366 1366 1366 1360 1360 1360 1360 1364 1364 1364 1364 1367 1367 1367 1367 1365 1365 1365 1365 1363 1363 1363 1363 1366 1366 1366 1366 1364 1364 1364 1364 1368 1368 1368 1368 1367 1367 1367 1367 1369 1369 1369 1369 1365 1365 1365 1365 1364 1364 1364 1364 1370 1370 1370 1370 1368 1368 1368 1368 1369 1369 1369 1369 1371 1371 1371 1371 1365 1365 1365 1365 1368 1368 1368 1368 1370 1370 1370 1370 1372 1372 1372 1372 1373 1373 1373 1373 1371 1371 1371 1371 1369 1369 1369 1369 1370 1370 1370 1370 1374 1374 1374 1374 1372 1372 1372 1372 1375 1375 1375 1375 1373 1373 1373 1373 1369 1369 1369 1369 1372 1372 1372 1372 1374 1374 1374 1374 1376 1376 1376 1376 1373 1373 1373 1373 1375 1375 1375 1375 1376 1376 1376 1376 1377 1377 1377 1377 1372 1372 1372 1372 1376 1376 1376 1376 1375 1375 1375 1375 1377 1377 1377 1377 1376 1376 1376 1376 1378 1378 1378 1378 1379 1379 1379 1379 1380 1380 1380 1380 1378 1378 1378 1378 1381 1381 1381 1381 1379 1379 1379 1379 1382 1382 1382 1382 1380 1380 1380 1380 1379 1379 1379 1379 1381 1381 1381 1381 1383 1383 1383 1383 1379 1379 1379 1379 1384 1384 1384 1384 1382 1382 1382 1382 1379 1379 1379 1379 1383 1383 1383 1383 1385 1385 1385 1385 1379 1379 1379 1379 1386 1386 1386 1386 1384 1384 1384 1384 1379 1379 1379 1379 1385 1385 1385 1385 1386 1386 1386 1386 1379 1379 1379 1379 1387 1387 1387 1387 1388 1388 1388 1388 1389 1389 1389 1389 1387 1387 1387 1387 1390 1390 1390 1390 1388 1388 1388 1388 1391 1391 1391 1391 1389 1389 1389 1389 1388 1388 1388 1388 1390 1390 1390 1390 1392 1392 1392 1392 1388 1388 1388 1388 1393 1393 1393 1393 1391 1391 1391 1391 1388 1388 1388 1388 1392 1392 1392 1392 1394 1394 1394 1394 1388 1388 1388 1388 1395 1395 1395 1395 1393 1393 1393 1393 1388 1388 1388 1388 1394 1394 1394 1394 1395 1395 1395 1395 1388 1388 1388 1388 1396 1396 1396 1396 1397 1397 1397 1397 1398 1398 1398 1398 1396 1396 1396 1396 1398 1398 1398 1398 1399 1399 1399 1399 1396 1396 1396 1396 1400 1400 1400 1400 1397 1397 1397 1397 1401 1401 1401 1401 1396 1396 1396 1396 1399 1399 1399 1399 1396 1396 1396 1396 1402 1402 1402 1402 1400 1400 1400 1400 1396 1396 1396 1396 1401 1401 1401 1401 1403 1403 1403 1403 1396 1396 1396 1396 1404 1404 1404 1404 1402 1402 1402 1402 1405 1405 1405 1405 1396 1396 1396 1396 1403 1403 1403 1403 1404 1404 1404 1404 1396 1396 1396 1396 1406 1406 1406 1406 1396 1396 1396 1396 1405 1405 1405 1405 1406 1406 1406 1406 1407 1407 1407 1407 1408 1408 1408 1408 1409 1409 1409 1409 1409 1409 1409 1409 1408 1408 1408 1408 1410 1410 1410 1410 1407 1407 1407 1407 1411 1411 1411 1411 1408 1408 1408 1408 1408 1408 1408 1408 1412 1412 1412 1412 1410 1410 1410 1410 1411 1411 1411 1411 1413 1413 1413 1413 1408 1408 1408 1408 1412 1412 1412 1412 1408 1408 1408 1408 1414 1414 1414 1414 1413 1413 1413 1413 1415 1415 1415 1415 1408 1408 1408 1408 1408 1408 1408 1408 1416 1416 1416 1416 1414 1414 1414 1414 1408 1408 1408 1408 1415 1415 1415 1415 1417 1417 1417 1417 1417 1417 1417 1417 1416 1416 1416 1416 1408 1408 1408 1408 1418 1418 1418 1418 1419 1419 1419 1419 1420 1420 1420 1420 1419 1419 1419 1419 1418 1418 1418 1418 1421 1421 1421 1421 1418 1418 1418 1418 1420 1420 1420 1420 1422 1422 1422 1422 1421 1421 1421 1421 1418 1418 1418 1418 1423 1423 1423 1423 1418 1418 1418 1418 1422 1422 1422 1422 1424 1424 1424 1424 1418 1418 1418 1418 1425 1425 1425 1425 1423 1423 1423 1423 1418 1418 1418 1418 1424 1424 1424 1424 1426 1426 1426 1426 1418 1418 1418 1418 1427 1427 1427 1427 1425 1425 1425 1425 1418 1418 1418 1418 1426 1426 1426 1426 1428 1428 1428 1428 1418 1418 1418 1418 1429 1429 1429 1429 1427 1427 1427 1427 1418 1418 1418 1418 1428 1428 1428 1428 1429 1429 1429 1429 1430 1430 1430 1430 1431 1431 1431 1431 1432 1432 1432 1432 1432 1432 1432 1432 1433 1433 1433 1433 1430 1430 1430 1430 1430 1430 1430 1430 1434 1434 1434 1434 1431 1431 1431 1431 1433 1433 1433 1433 1435 1435 1435 1435 1430 1430 1430 1430 1430 1430 1430 1430 1436 1436 1436 1436 1434 1434 1434 1434 1430 1430 1430 1430 1435 1435 1435 1435 1437 1437 1437 1437 1430 1430 1430 1430 1438 1438 1438 1438 1436 1436 1436 1436 1430 1430 1430 1430 1437 1437 1437 1437 1439 1439 1439 1439 1430 1430 1430 1430 1440 1440 1440 1440 1438 1438 1438 1438 1430 1430 1430 1430 1439 1439 1439 1439 1441 1441 1441 1441 1430 1430 1430 1430 1441 1441 1441 1441 1440 1440 1440 1440 1442 1442 1442 1442 1443 1443 1443 1443 1444 1444 1444 1444 1443 1443 1443 1443 1442 1442 1442 1442 1445 1445 1445 1445 1442 1442 1442 1442 1444 1444 1444 1444 1446 1446 1446 1446 1442 1442 1442 1442 1447 1447 1447 1447 1445 1445 1445 1445 1442 1442 1442 1442 1446 1446 1446 1446 1448 1448 1448 1448 1442 1442 1442 1442 1449 1449 1449 1449 1447 1447 1447 1447 1442 1442 1442 1442 1448 1448 1448 1448 1450 1450 1450 1450 1442 1442 1442 1442 1451 1451 1451 1451 1449 1449 1449 1449 1442 1442 1442 1442 1450 1450 1450 1450 1452 1452 1452 1452 1442 1442 1442 1442 1453 1453 1453 1453 1451 1451 1451 1451 1442 1442 1442 1442 1452 1452 1452 1452 1454 1454 1454 1454 1442 1442 1442 1442 1455 1455 1455 1455 1453 1453 1453 1453 1442 1442 1442 1442 1454 1454 1454 1454 1456 1456 1456 1456 1442 1442 1442 1442 1457 1457 1457 1457 1455 1455 1455 1455 1442 1442 1442 1442 1456 1456 1456 1456 1458 1458 1458 1458 1442 1442 1442 1442 1458 1458 1458 1458 1457 1457 1457 1457 1459 1459 1459 1459 1460 1460 1460 1460 1461 1461 1461 1461 1462 1462 1462 1462 1460 1460 1460 1460 1459 1459 1459 1459 1461 1461 1461 1461 1460 1460 1460 1460 1463 1463 1463 1463 1464 1464 1464 1464 1460 1460 1460 1460 1462 1462 1462 1462 1463 1463 1463 1463 1460 1460 1460 1460 1465 1465 1465 1465 1466 1466 1466 1466 1460 1460 1460 1460 1464 1464 1464 1464 1465 1465 1465 1465 1460 1460 1460 1460 1467 1467 1467 1467 1468 1468 1468 1468 1460 1460 1460 1460 1466 1466 1466 1466 1467 1467 1467 1467 1460 1460 1460 1460 1469 1469 1469 1469 1470 1470 1470 1470 1460 1460 1460 1460 1468 1468 1468 1468 1469 1469 1469 1469 1460 1460 1460 1460 1471 1471 1471 1471 1472 1472 1472 1472 1460 1460 1460 1460 1470 1470 1470 1470 1471 1471 1471 1471 1460 1460 1460 1460 1473 1473 1473 1473 1474 1474 1474 1474 1460 1460 1460 1460 1472 1472 1472 1472 1473 1473 1473 1473 1460 1460 1460 1460 1475 1475 1475 1475 1475 1475 1475 1475 1460 1460 1460 1460 1474 1474 1474 1474 1476 1476 1476 1476 1477 1477 1477 1477 1478 1478 1478 1478 1476 1476 1476 1476 1478 1478 1478 1478 1479 1479 1479 1479 1476 1476 1476 1476 1480 1480 1480 1480 1477 1477 1477 1477 1476 1476 1476 1476 1479 1479 1479 1479 1481 1481 1481 1481 1476 1476 1476 1476 1482 1482 1482 1482 1480 1480 1480 1480 1476 1476 1476 1476 1481 1481 1481 1481 1483 1483 1483 1483 1476 1476 1476 1476 1484 1484 1484 1484 1482 1482 1482 1482 1485 1485 1485 1485 1476 1476 1476 1476 1483 1483 1483 1483 1476 1476 1476 1476 1486 1486 1486 1486 1484 1484 1484 1484 1485 1485 1485 1485 1487 1487 1487 1487 1476 1476 1476 1476 1476 1476 1476 1476 1488 1488 1488 1488 1486 1486 1486 1486 1476 1476 1476 1476 1487 1487 1487 1487 1489 1489 1489 1489 1476 1476 1476 1476 1490 1490 1490 1490 1488 1488 1488 1488 1476 1476 1476 1476 1489 1489 1489 1489 1491 1491 1491 1491 1476 1476 1476 1476 1492 1492 1492 1492 1490 1490 1490 1490 1476 1476 1476 1476 1491 1491 1491 1491 1493 1493 1493 1493 1476 1476 1476 1476 1494 1494 1494 1494 1492 1492 1492 1492 1476 1476 1476 1476 1493 1493 1493 1493 1494 1494 1494 1494 1495 1495 1495 1495 1496 1496 1496 1496 1497 1497 1497 1497 1495 1495 1495 1495 1498 1498 1498 1498 1496 1496 1496 1496 1495 1495 1495 1495 1497 1497 1497 1497 1499 1499 1499 1499 1495 1495 1495 1495 1500 1500 1500 1500 1498 1498 1498 1498 1495 1495 1495 1495 1499 1499 1499 1499 1501 1501 1501 1501 1495 1495 1495 1495 1502 1502 1502 1502 1500 1500 1500 1500 1495 1495 1495 1495 1501 1501 1501 1501 1503 1503 1503 1503 1495 1495 1495 1495 1504 1504 1504 1504 1502 1502 1502 1502 1495 1495 1495 1495 1503 1503 1503 1503 1505 1505 1505 1505 1495 1495 1495 1495 1506 1506 1506 1506 1504 1504 1504 1504 1495 1495 1495 1495 1505 1505 1505 1505 1507 1507 1507 1507 1495 1495 1495 1495 1508 1508 1508 1508 1506 1506 1506 1506 1495 1495 1495 1495 1507 1507 1507 1507 1509 1509 1509 1509 1495 1495 1495 1495 1510 1510 1510 1510 1508 1508 1508 1508 1495 1495 1495 1495 1509 1509 1509 1509 1511 1511 1511 1511 1510 1510 1510 1510 1495 1495 1495 1495 1512 1512 1512 1512 1495 1495 1495 1495 1511 1511 1511 1511 1513 1513 1513 1513 1495 1495 1495 1495 1514 1514 1514 1514 1512 1512 1512 1512 1495 1495 1495 1495 1513 1513 1513 1513 1515 1515 1515 1515 1514 1514 1514 1514 1495 1495 1495 1495 1515 1515 1515 1515</p>
        </triangles>
      </mesh>
    </geometry>
  </library_geometries>
  <library_controllers>
    <controller id="geom-Clt_TES066_M__M_TES066_M-skin1">
      <skin source="#geom-Clt_TES066_M__M_TES066_M">
        <bind_shape_matrix>1 0 0 0 0 1 0 0 0 0 1 0 0 0 0 1</bind_shape_matrix>
        <source id="geom-Clt_TES066_M__M_TES066_M-skin1-joints">
          <Name_array id="geom-Clt_TES066_M__M_TES066_M-skin1-joints-array" count="24">joint0 joint1 joint2 joint3 joint4 joint5 joint6 joint7 joint8 joint9 joint10 joint11 joint12 joint13 joint14 joint15 joint16 joint17 joint18 joint19 joint20 joint21 joint22 joint23</Name_array>
          <technique_common>
            <accessor source="#geom-Clt_TES066_M__M_TES066_M-skin1-joints-array" count="24" stride="1">
              <param name="JOINT" type="name"/>
            </accessor>
          </technique_common>
        </source>
        <source id="geom-Clt_TES066_M__M_TES066_M-skin1-bind_poses">
          <float_array id="geom-Clt_TES066_M__M_TES066_M-skin1-bind_poses-array" count="384">1 0 0 0 0 0 1 0 0 -1 0 0 0 0 0 1 0 0 1 0 0 -1 0 0 1 0 0 0 0 0 0 1 0 0 1 -0.1150019 0 -1 0 0 1 0 0 0 0 0 0 1 0 0 1 -0.2350019 0 -1 0 0 1 0 0 0 0 0 0 1 0.9702957 -2.76401e-8 -0.2419225 0.0526666 2.82595e-8 -1 2.29073e-7 -7.63859e-8 -0.2419225 -2.26348e-7 -0.9702955 0.3269732 0 0 0 1 1 1.74185e-8 -6.70552e-7 -0.1056234 -4.04105e-8 -0.9999999 2.68919e-7 -1.11313e-7 -5.69969e-7 -2.624e-7 -0.9999998 0.3106481 0 0 0 1 1 2.09478e-8 -6.66827e-7 -0.3376234 -3.05093e-8 -1 2.36425e-7 -1.04562e-7 -5.83008e-7 -2.30153e-7 -0.9999999 0.3106481 0 0 0 1 1 1.78934e-8 -6.66711e-7 -0.3376235 -2.54623e-8 -1 1.69371e-7 -8.54354e-8 -5.82892e-7 -1.63096e-7 -1 0.3106481 0 0 0 1 1 1.78934e-8 -6.66711e-7 -0.5446236 -2.54623e-8 -1 1.69371e-7 -8.64802e-8 -5.82892e-7 -1.63096e-7 -1 0.3106481 0 0 0 1 1 1.78934e-8 -6.66711e-7 -0.5751235 -2.54623e-8 -1 1.69371e-7 -8.66341e-8 -5.82892e-7 -1.63096e-7 -1 0.3106481 0 0 0 1 5.36442e-7 1.19209e-7 1 -0.2706481 2.38419e-7 1 -8.94072e-8 -0.0200001 -1 2.68221e-7 7.15256e-7 0.7321235 0 0 0 1 1 2.09478e-8 -6.66827e-7 -0.1256234 -3.05093e-8 -1 2.36425e-7 -1.02463e-7 -5.83008e-7 -2.30153e-7 -0.9999999 0.3106481 0 0 0 1 0.9702955 -3.24419e-8 0.2419226 -0.05266749 -3.24346e-8 1 1.45487e-7 -4.89195e-8 -0.2419225 -1.33967e-7 0.9702955 -0.3269766 0 0 0 1 0.9999999 2.23516e-8 7.30157e-7 0.1056234 -6.8918e-8 1 1.93715e-7 -6.77553e-8 -5.81145e-7 -2.5332e-7 0.9999999 -0.3106517 0 0 0 1 1 1.07563e-7 7.15256e-7 0.3376235 -1.1861e-8 1 1.83149e-7 -7.50115e-8 -5.96046e-7 -1.6006e-7 1 -0.3106517 0 0 0 1 1 1.65775e-7 7.15256e-7 0.3376236 3.72528e-8 1 1.75089e-7 -5.59255e-8 -5.36442e-7 -1.82539e-7 1 -0.3106517 0 0 0 1 1 1.65775e-7 7.15256e-7 0.5446235 3.72528e-8 1 1.75089e-7 -4.5759e-8 -5.36442e-7 -1.82539e-7 1 -0.3106517 0 0 0 1 1 1.65775e-7 7.15256e-7 0.5751235 3.72528e-8 1 1.75089e-7 -4.4261e-8 -5.36442e-7 -1.82539e-7 1 -0.3106517 0 0 0 1 5.36442e-7 1.15484e-7 -1 0.2706517 1.34111e-7 -1 -3.27826e-7 0.02000023 -1 -3.72529e-7 -6.85454e-7 -0.7321237 0 0 0 1 1 1.07563e-7 7.15256e-7 0.1256235 -1.1861e-8 1 1.83149e-7 -5.73053e-8 -5.96046e-7 -1.6006e-7 1 -0.3106517 0 0 0 1 0 0 1 -0.3580019 0 -1 0 0 1 0 0 0 0 0 0 1 -1.37806e-7 -0.1770402 -0.9842038 0 -4.29421e-7 -0.9842038 0.1770405 0 -1 2.25801e-7 4.13592e-7 0 0 0 0 1 1.13994e-7 -0.1770402 -0.9842036 -0.108 -3.76303e-7 -0.9842037 0.1770406 7.45058e-9 -0.9999998 1.57972e-7 4.25793e-7 0.09699999 0 0 0 1 1.56273e-7 0.1770405 0.9842038 0.108 5.32081e-7 0.9842037 -0.1770408 -2.04891e-8 -1 2.95017e-7 4.61703e-7 -0.09699998 0 0 0 1</float_array>
          <technique_common>
            <accessor source="#geom-Clt_TES066_M__M_TES066_M-skin1-bind_poses-array" count="24" stride="16">
              <param name="TRANSFORM" type="float4x4"/>
            </accessor>
          </technique_common>
        </source>
        <source id="geom-Clt_TES066_M__M_TES066_M-skin1-weights">
          <float_array id="geom-Clt_TES066_M__M_TES066_M-skin1-weights-array" count="7996">1 0.4980392 0.5019608 0.4980392 0.5019608 0.4980392 0.5019608 0.4980392 0.5019608 0.4980392 0.5019608 0.4980392 0.5019608 0.4980392 0.5019608 0.4980392 0.5019608 0.4980392 0.5019608 0.4980392 0.5019608 0.4980392 0.5019608 0.4980392 0.5019608 0.4980392 0.5019608 0.4980392 0.5019608 0.4980392 0.5019608 0.4980392 0.5019608 0.4980392 0.5019608 0.4980392 0.5019608 0.4980392 0.5019608 0.4980392 0.5019608 0.4980392 0.5019608 0.4980392 0.5019608 0.4980392 0.5019608 0.4980392 0.5019608 0.4980392 0.5019608 0.4980392 0.5019608 0.4980392 0.5019608 0.4980392 0.5019608 0.4980392 0.5019608 0.4980392 0.5019608 0.4980392 0.5019608 0.4980392 0.5019608 0.4980392 0.5019608 0.4980392 0.5019608 0.4980392 0.5019608 0.4980392 0.5019608 0.4980392 0.5019608 0.4980392 0.5019608 0.4980392 0.5019608 0.4980392 0.5019608 0.4980392 0.5019608 0.4980392 0.5019608 0.4980392 0.5019608 0.4980392 0.5019608 0.4980392 0.5019608 0.4980392 0.5019608 0.4980392 0.5019608 0.4980392 0.5019608 0.4980392 0.5019608 0.4980392 0.5019608 0.4980392 0.5019608 0.4980392 0.5019608 0.4980392 0.5019608 0.4980392 0.5019608 0.4980392 0.5019608 0.4980392 0.5019608 0.4980392 0.5019608 0.4980392 0.5019608 0.4980392 0.5019608 0.4980392 0.5019608 0.4980392 0.5019608 0.4980392 0.5019608 0.4980392 0.5019608 0.4980392 0.5019608 0.4980392 0.5019608 0.4980392 0.5019608 0.4980392 0.5019608 0.4980392 0.5019608 0.4980392 0.5019608 0.4980392 0.5019608 0.4980392 0.5019608 0.4980392 0.5019608 0.4980392 0.5019608 0.4980392 0.5019608 0.4980392 0.5019608 0.4980392 0.5019608 0.4980392 0.5019608 0.4980392 0.5019608 0.4980392 0.5019608 0.4980392 0.5019608 0.4980392 0.5019608 0.4980392 0.5019608 0.4980392 0.5019608 0.4980392 0.5019608 0.4980392 0.5019608 0.4980392 0.5019608 0.4980392 0.5019608 0.4980392 0.5019608 0.4980392 0.5019608 0.4980392 0.5019608 0.4980392 0.5019608 0.4980392 0.5019608 0.4980392 0.5019608 0.4980392 0.5019608 0.4980392 0.5019608 0.4980392 0.5019608 0.4980392 0.5019608 0.4980392 0.5019608 0.4980392 0.5019608 0.4980392 0.5019608 0.4980392 0.5019608 0.4980392 0.5019608 0.4980392 0.5019608 0.4980392 0.5019608 0.4980392 0.5019608 0.4980392 0.5019608 0.4980392 0.5019608 0.4980392 0.5019608 0.4980392 0.5019608 0.4980392 0.5019608 0.4980392 0.5019608 0.4980392 0.5019608 0.4980392 0.5019608 0.4980392 0.5019608 0.4980392 0.5019608 0.4980392 0.5019608 0.4980392 0.5019608 0.4980392 0.5019608 0.4980392 0.5019608 0.4980392 0.5019608 0.4980392 0.5019608 0.4980392 0.5019608 0.4980392 0.5019608 0.4980392 0.5019608 0.4980392 0.5019608 0.4980392 0.5019608 0.4980392 0.5019608 0.4980392 0.5019608 0.4980392 0.5019608 0.4980392 0.5019608 0.4980392 0.5019608 0.4980392 0.5019608 0.4980392 0.5019608 0.4980392 0.5019608 0.4980392 0.5019608 0.4980392 0.5019608 0.4980392 0.5019608 0.4980392 0.5019608 0.4980392 0.5019608 0.4980392 0.5019608 0.4980392 0.5019608 0.4980392 0.5019608 0.4980392 0.5019608 0.4980392 0.5019608 0.4980392 0.5019608 0.4980392 0.5019608 0.4980392 0.5019608 0.4980392 0.5019608 0.4980392 0.5019608 0.4980392 0.5019608 0.4980392 0.5019608 0.4980392 0.5019608 0.4980392 0.5019608 0.4980392 0.5019608 0.4980392 0.5019608 0.4980392 0.5019608 0.4980392 0.5019608 0.4980392 0.5019608 0.4980392 0.5019608 0.4980392 0.5019608 0.4980392 0.5019608 0.4980392 0.5019608 0.4980392 0.5019608 0.4980392 0.5019608 0.4980392 0.5019608 0.4980392 0.5019608 0.4 0.6 0.4 0.6 0.3019608 0.6980392 0.3019608 0.6980392 0.2 0.8000001 0.2 0.8000001 0.1019608 0.8980393 0.1019608 0.8980393 0.4980392 0.5019608 0.4980392 0.5019608 0.4980392 0.5019608 0.4980392 0.5019608 0.4980392 0.5019608 0.4980392 0.5019608 0.4980392 0.5019608 0.4980392 0.5019608 0.4980392 0.5019608 0.4980392 0.5019608 0.4980392 0.5019608 0.4980392 0.5019608 0.4 0.6 0.4 0.6 0.3019608 0.6980392 0.3019608 0.6980392 0.2 0.8000001 0.2 0.8000001 0.1019608 0.8980393 0.1019608 0.8980393 0.1019608 0.8980393 0.1019608 0.8980393 0.1019608 0.8980393 0.1019608 0.8980393 0.2 0.8000001 0.2 0.8000001 0.3019608 0.6980392 0.3019608 0.6980392 0.4 0.6 0.4 0.6 0.4980392 0.5019608 0.4980392 0.5019608 0.4980392 0.5019608 0.4980392 0.5019608 0.4980392 0.5019608 0.4980392 0.5019608 0.4980392 0.5019608 0.4980392 0.5019608 0.4980392 0.5019608 0.4980392 0.5019608 0.4980392 0.5019608 0.4980392 0.5019608 0.4980392 0.5019608 0.4980392 0.5019608 0.4980392 0.5019608 0.4980392 0.5019608 0.4980392 0.5019608 0.4980392 0.5019608 0.4980392 0.5019608 0.4980392 0.5019608 0.4980392 0.5019608 0.4980392 0.5019608 0.4980392 0.5019608 0.4980392 0.5019608 0.4980392 0.5019608 0.4980392 0.5019608 0.4980392 0.5019608 0.4980392 0.5019608 0.4980392 0.5019608 0.4980392 0.5019608 0.4980392 0.5019608 0.4980392 0.5019608 0.4980392 0.5019608 0.4980392 0.5019608 0.4980392 0.5019608 0.4980392 0.5019608 0.4980392 0.5019608 0.4980392 0.5019608 0.4980392 0.5019608 0.4980392 0.5019608 0.4980392 0.5019608 0.4980392 0.5019608 0.4980392 0.5019608 0.4980392 0.5019608 0.4980392 0.5019608 0.4980392 0.5019608 0.4980392 0.5019608 0.4980392 0.5019608 0.4980392 0.5019608 0.4980392 0.5019608 0.4980392 0.5019608 0.4980392 0.5019608 0.4980392 0.5019608 0.4980392 0.5019608 0.4980392 0.5019608 0.4980392 0.5019608 0.4980392 0.5019608 0.4980392 0.5019608 0.4980392 0.5019608 0.4980392 0.5019608 0.4980392 0.5019608 0.4980392 0.5019608 0.4980392 0.5019608 0.4980392 0.5019608 0.4980392 0.5019608 0.4980392 0.5019608 0.4980392 0.5019608 0.4980392 0.5019608 0.4980392 0.5019608 0.4980392 0.5019608 0.4980392 0.5019608 0.4980392 0.5019608 0.4980392 0.5019608 0.4980392 0.5019608 0.4980392 0.5019608 0.4980392 0.5019608 0.4980392 0.5019608 0.4980392 0.5019608 0.4980392 0.5019608 0.4980392 0.5019608 0.4980392 0.5019608 0.4980392 0.5019608 0.4980392 0.5019608 0.4980392 0.5019608 0.4980392 0.5019608 0.4980392 0.5019608 0.4980392 0.5019608 0.4980392 0.5019608 0.4980392 0.5019608 0.4980392 0.5019608 0.4980392 0.5019608 0.4980392 0.5019608 0.4980392 0.5019608 0.4980392 0.5019608 0.4980392 0.5019608 0.4980392 0.5019608 0.4980392 0.5019608 0.4980392 0.5019608 0.4980392 0.5019608 0.4980392 0.5019608 0.4980392 0.5019608 0.4980392 0.5019608 0.4980392 0.5019608 0.4980392 0.5019608 0.4980392 0.5019608 0.4980392 0.5019608 0.4980392 0.5019608 0.4980392 0.5019608 0.4980392 0.5019608 0.4980392 0.5019608 0.4980392 0.5019608 0.4980392 0.5019608 0.4980392 0.5019608 0.4980392 0.5019608 0.4980392 0.5019608 0.4980392 0.5019608 0.4980392 0.5019608 0.4980392 0.5019608 0.4980392 0.5019608 0.4980392 0.5019608 0.4980392 0.5019608 0.4980392 0.5019608 0.4980392 0.5019608 0.4980392 0.5019608 0.4980392 0.5019608 0.4980392 0.5019608 0.4980392 0.5019608 0.4980392 0.5019608 0.4980392 0.5019608 0.4980392 0.5019608 0.4980392 0.5019608 0.4980392 0.5019608 0.4980392 0.5019608 0.4980392 0.5019608 0.4980392 0.5019608 0.4980392 0.5019608 0.4980392 0.5019608 0.4980392 0.5019608 0.4980392 0.5019608 0.4980392 0.5019608 0.4980392 0.5019608 0.4980392 0.5019608 0.4980392 0.5019608 0.1019608 0.8980393 0.2 0.8000001 0.1019608 0.8980393 0.2 0.8000001 0.3019608 0.6980392 0.3019608 0.6980392 0.4 0.6 0.4 0.6 0.4980392 0.5019608 0.4980392 0.5019608 0.4980392 0.5019608 0.4980392 0.5019608 0.4980392 0.5019608 0.4980392 0.5019608 0.4980392 0.5019608 0.4980392 0.5019608 0.4980392 0.5019608 0.4980392 0.5019608 0.4980392 0.5019608 0.4980392 0.5019608 0.4980392 0.5019608 0.4980392 0.5019608 0.4980392 0.5019608 0.4980392 0.5019608 0.4980392 0.5019608 0.4980392 0.5019608 0.4980392 0.5019608 0.4980392 0.5019608 0.4980392 0.5019608 0.4980392 0.5019608 0.4980392 0.5019608 0.4980392 0.5019608 0.4980392 0.5019608 0.4980392 0.5019608 0.4980392 0.5019608 0.4980392 0.5019608 0.4980392 0.5019608 0.4980392 0.5019608 0.4980392 0.5019608 0.4980392 0.5019608 0.4980392 0.5019608 0.4980392 0.5019608 0.4980392 0.5019608 0.4980392 0.5019608 0.4980392 0.5019608 0.4980392 0.5019608 0.4980392 0.5019608 0.4980392 0.5019608 0.4980392 0.5019608 0.4980392 0.5019608 0.4980392 0.5019608 0.4980392 0.5019608 0.4980392 0.5019608 0.4980392 0.5019608 0.4 0.6 0.4 0.6 0.3019608 0.6980392 0.3019608 0.6980392 0.2 0.8000001 0.2 0.8000001 0.1019608 0.8980393 0.1019608 0.8980393 0.1019608 0.8980393 0.1019608 0.8980393 0.1019608 0.8980393 0.1019608 0.8980393 0.1019608 0.8980393 0.1019608 0.8980393 0.1019608 0.8980393 0.1019608 0.8980393 0.1019608 0.8980393 0.1019608 0.8980393 0.2 0.8000001 0.2 0.8000001 0.3019608 0.6980392 0.3019608 0.6980392 0.4 0.6 0.4 0.6 0.4980392 0.5019608 0.4980392 0.5019608 0.4980392 0.5019608 0.4980392 0.5019608 0.4980392 0.5019608 0.4980392 0.5019608 0.4980392 0.5019608 0.4980392 0.5019608 0.4980392 0.5019608 0.4980392 0.5019608 0.4980392 0.5019608 0.4980392 0.5019608 0.4980392 0.5019608 0.4980392 0.5019608 0.4 0.6 0.4 0.6 0.3019608 0.6980392 0.3019608 0.6980392 0.2 0.8000001 0.2 0.8000001 0.1019608 0.8980393 0.1019608 0.8980393 0.1019608 0.8980393 0.1019608 0.8980393 0.1019608 0.8980393 0.1019608 0.8980393 0.2 0.8000001 0.2 0.8000001 0.3019608 0.6980392 0.3019608 0.6980392 0.4 0.6 0.4 0.6 0.4980392 0.5019608 0.4980392 0.5019608 0.4980392 0.5019608 0.4980392 0.5019608 0.4980392 0.5019608 0.4980392 0.5019608 0.4980392 0.5019608 0.4980392 0.5019608 0.4980392 0.5019608 0.4980392 0.5019608 0.4980392 0.5019608 0.4980392 0.5019608 0.4980392 0.5019608 0.4980392 0.5019608 0.4980392 0.5019608 0.4980392 0.5019608 0.4980392 0.5019608 0.4980392 0.5019608 0.4980392 0.5019608 0.4980392 0.5019608 0.4980392 0.5019608 0.4980392 0.5019608 0.4980392 0.5019608 0.4980392 0.5019608 0.4980392 0.5019608 0.01960784 0.1019608 0.8392158 0.03921569 0.01176471 0.09019608 0.7960785 0.1019608 0.05882353 0.8196079 0.1215686 0.01176471 0.05882353 0.8784314 0.0509804 0.8784314 0.1215686 0.01176471 0.1019608 0.8862746 0.9411765 0.05882353 0.8784314 0.1215686 0.9294118 0.07058824 0.01176471 0.05882353 0.9294118 0.9294118 0.07058824 0.9411765 0.05882353 0.8784314 0.1215686 0.8784314 0.1215686 0.01176471 0.05882353 0.8784314 0.0509804 0.01176471 0.05882353 0.8078432 0.1215686 0.01960784 0.1019608 0.8392158 0.03921569 0.01176471 0.09019608 0.7960785 0.1019608 0.7098039 0.03137255 0.2588235 0.7176471 0.03137255 0.2509804 0.7215686 0.03921569 0.2392157 0.7098039 0.03921569 0.2509804 0.7294118 0.03921569 0.2313726 0.01176471 0.5372549 0.4509804 0.7176471 0.03137255 0.2509804 0.7411765 0.03921569 0.2196079 0.01176471 0.5294118 0.4588236 0.07843138 0.09019608 0.8313726 0.01176471 0.5294118 0.4588236 0.09019608 0.03921569 0.8705883 0.2 0.1686275 0.03137255 0.6 0.07058824 0.4196079 0.4313726 0.07843138 0.01176471 0.1607843 0.8274511 0.03137255 0.5450981 0.01176471 0.4117647 0.1803922 0.8196079 0.0509804 0.5882353 0.03137255 0.3294118 0.05882353 0.6 0.3411765 0.01176471 0.5176471 0.4705883 0.2901961 0.7098039 0.03921569 0.5607843 0.4 0.7294118 0.03921569 0.2313726 0.7294118 0.03921569 0.2313726 0.01960784 0.4705883 0.509804 0.3098039 0.6901961 0.01960784 0.5294118 0.4509804 0.7294118 0.03921569 0.2313726 0.03137255 0.4392157 0.5294118 0.7294118 0.03921569 0.2313726 0.7372549 0.0509804 0.2117647 0.2313726 0.7686275 0.01960784 0.4705883 0.509804 0.7294118 0.03921569 0.2313726 0.7411765 0.03921569 0.2196079 0.7215686 0.03921569 0.2392157 0.7098039 0.03921569 0.2509804 0.6901961 0.03137255 0.2784314 0.01960784 0.4588236 0.5215687 0.6784314 0.03137255 0.2901961 0.6901961 0.03137255 0.2784314 0.2509804 0.7490196 0.01960784 0.5490196 0.4313726 0.01960784 0.4588236 0.5215687 0.6784314 0.01960784 0.3019608 0.7098039 0.03137255 0.2588235 0.2705882 0.7294118 0.01176471 0.5882353 0.01176471 0.3882353 0.07058824 0.6705883 0.03921569 0.2196079 0.01960784 0.4588236 0.5215687 0.6901961 0.03137255 0.2784314 0.7176471 0.03137255 0.2509804 0.7098039 0.03137255 0.2588235 0.2509804 0.7490196 0.07843138 0.6627451 0.05882353 0.2 0.2588235 0.5019608 0.05882353 0.1803922 0.01960784 0.4901961 0.4901961 0.01176471 0.5372549 0.4509804 0.07843138 0.09019608 0.8313726 0.09019608 0.2392157 0.01176471 0.6588235 0.2 0.1686275 0.03137255 0.6 0.7215686 0.03921569 0.2392157 0.7176471 0.03137255 0.2509804 0.7098039 0.03137255 0.2588235 0.7098039 0.03921569 0.2509804 0.7294118 0.03921569 0.2313726 0.01176471 0.5372549 0.4509804 0.7176471 0.03137255 0.2509804 0.7411765 0.03921569 0.2196079 0.01176471 0.5294118 0.4588236 0.07843138 0.09019608 0.8313726 0.01176471 0.5294118 0.4588236 0.09019608 0.03921569 0.8705883 0.2 0.1686275 0.03137255 0.6 0.07058824 0.4196079 0.4313726 0.07843138 0.01176471 0.1607843 0.8274511 0.03137255 0.5450981 0.01176471 0.4117647 0.1803922 0.8196079 0.0509804 0.5882353 0.03137255 0.3294118 0.05882353 0.6 0.3411765 0.01176471 0.5176471 0.4705883 0.2901961 0.7098039 0.01176471 0.5882353 0.4 0.7294118 0.03921569 0.2313726 0.7294118 0.03921569 0.2313726 0.01960784 0.4705883 0.509804 0.3098039 0.6901961 0.01176471 0.5372549 0.4509804 0.7294118 0.03921569 0.2313726 0.03137255 0.4392157 0.5294118 0.7294118 0.03921569 0.2313726 0.7372549 0.0509804 0.2117647 0.2313726 0.7686275 0.01960784 0.4705883 0.509804 0.7294118 0.03921569 0.2313726 0.7411765 0.03921569 0.2196079 0.7215686 0.03921569 0.2392157 0.7098039 0.03921569 0.2509804 0.6901961 0.03137255 0.2784314 0.01960784 0.4588236 0.5215687 0.6784314 0.03137255 0.2901961 0.6901961 0.03137255 0.2784314 0.2509804 0.7490196 0.01176471 0.5568628 0.4313726 0.01960784 0.4588236 0.5215687 0.6784314 0.01960784 0.3019608 0.7098039 0.03137255 0.2588235 0.2705882 0.7294118 0.01176471 0.5882353 0.01176471 0.3882353 0.07058824 0.6705883 0.03921569 0.2196079 0.01960784 0.4588236 0.5215687 0.6901961 0.03137255 0.2784314 0.7176471 0.03137255 0.2509804 0.7098039 0.03137255 0.2588235 0.2509804 0.7490196 0.07843138 0.6627451 0.05882353 0.2 0.2588235 0.5019608 0.05882353 0.1803922 0.01960784 0.4901961 0.4901961 0.01176471 0.5372549 0.4509804 0.07843138 0.09019608 0.8313726 0.09019608 0.2392157 0.01176471 0.6588235 0.2 0.1686275 0.03137255 0.6 0.2784314 0.7098039 0.01176471 0.2588235 0.7215686 0.01960784 0.3098039 0.6784314 0.01176471 0.3019608 0.6784314 0.01960784 0.09019608 0.8313726 0.07843138 0.6 0.3803922 0.01960784 0.2313726 0.6980392 0.07058824 0.6117647 0.3686275 0.01960784 0.5490196 0.4117647 0.03921569 0.8705883 0.1294118 0.8705883 0.1294118 0.8588236 0.1411765 0.9411765 0.05882353 0.9411765 0.05882353 0.9294118 0.07058824 0.9411765 0.05882353 0.9411765 0.05882353 0.9294118 0.07058824 0.8588236 0.1411765 0.8705883 0.1294118 0.8705883 0.1294118 0.5490196 0.4117647 0.03921569 0.6 0.3803922 0.01960784 0.6117647 0.3686275 0.01960784 0.2313726 0.6980392 0.07058824 0.3019608 0.6862745 0.01176471 0.3098039 0.6784314 0.01176471 0.09019608 0.8313726 0.07843138 0.2588235 0.7215686 0.01960784 0.2784314 0.7098039 0.01176471 0.1098039 0.7294118 0.1607843 0.4117647 0.5568628 0.03137255 0.3607843 0.6 0.03921569 0.5764706 0.3215686 0.1019608 0.6509804 0.3490196 0.6078432 0.3607843 0.03137255 0.8588236 0.1411765 0.8588236 0.1411765 0.909804 0.09019608 0.9294118 0.07058824 0.9294118 0.07058824 0.9490197 0.0509804 0.9607844 0.03921569 0.9686275 0.03137255 0.9490197 0.0509804 0.9215687 0.07843138 0.9215687 0.07843138 0.909804 0.09019608 0.8196079 0.1803922 0.8196079 0.1803922 0.5176471 0.3607843 0.1215686 0.6078432 0.3607843 0.03137255 0.6509804 0.3490196 0.3803922 0.5686275 0.0509804 0.1098039 0.7294118 0.1607843 0.4196079 0.5490196 0.03137255 0.2588235 0.7215686 0.01960784 0.09019608 0.8313726 0.07843138 0.2784314 0.7098039 0.01176471 0.4980392 0.5019608 0.4980392 0.5019608 0.4980392 0.5019608 0.4980392 0.5019608 0.4980392 0.5019608 0.4980392 0.5019608 0.4980392 0.5019608 0.4980392 0.5019608 0.4980392 0.5019608 0.4980392 0.5019608 0.4980392 0.5019608 0.4980392 0.5019608 0.4980392 0.5019608 0.4980392 0.5019608 0.4980392 0.5019608 0.4980392 0.5019608 0.4980392 0.5019608 0.4980392 0.5019608 0.4980392 0.5019608 0.4980392 0.5019608 0.4980392 0.5019608 0.4980392 0.5019608 0.4980392 0.5019608 0.4980392 0.5019608 0.4980392 0.5019608 0.4980392 0.5019608 0.4980392 0.5019608 0.4980392 0.5019608 0.4980392 0.5019608 0.4980392 0.5019608 0.4980392 0.5019608 0.4980392 0.5019608 0.4980392 0.5019608 0.4980392 0.5019608 0.4980392 0.5019608 0.4980392 0.5019608 0.4980392 0.5019608 0.4980392 0.5019608 0.4980392 0.5019608 0.4980392 0.5019608 0.4980392 0.5019608 0.4980392 0.5019608 0.4980392 0.5019608 0.4980392 0.5019608 0.4980392 0.5019608 0.4980392 0.5019608 0.4980392 0.5019608 0.4980392 0.5019608 0.4980392 0.5019608 0.4980392 0.5019608 0.4980392 0.5019608 0.4980392 0.5019608 0.4980392 0.5019608 0.4980392 0.5019608 0.4980392 0.5019608 0.4980392 0.5019608 0.4980392 0.5019608 0.4980392 0.5019608 0.4980392 0.5019608 0.4980392 0.5019608 0.4980392 0.5019608 0.4980392 0.5019608 0.4980392 0.5019608 0.4980392 0.5019608 0.4980392 0.5019608 0.4980392 0.5019608 0.4980392 0.5019608 0.4980392 0.5019608 0.4980392 0.5019608 0.4980392 0.5019608 0.4980392 0.5019608 0.4980392 0.5019608 0.4980392 0.5019608 0.4980392 0.5019608 0.4980392 0.5019608 0.4980392 0.5019608 0.4980392 0.5019608 0.4980392 0.5019608 0.4980392 0.5019608 0.4980392 0.5019608 0.4980392 0.5019608 0.4980392 0.5019608 0.4980392 0.5019608 0.4980392 0.5019608 0.4980392 0.5019608 0.4980392 0.5019608 0.4980392 0.5019608 0.4980392 0.5019608 0.4980392 0.5019608 0.4980392 0.5019608 0.4980392 0.5019608 0.4980392 0.5019608 0.4980392 0.5019608 0.4980392 0.5019608 0.4980392 0.5019608 0.4980392 0.5019608 0.4980392 0.5019608 0.4980392 0.5019608 0.4980392 0.5019608 0.4980392 0.5019608 0.4980392 0.5019608 0.4980392 0.5019608 0.4980392 0.5019608 0.4980392 0.5019608 0.4980392 0.5019608 0.4980392 0.5019608 0.4980392 0.5019608 0.4980392 0.5019608 0.4980392 0.5019608 0.4980392 0.5019608 0.4980392 0.5019608 0.4980392 0.5019608 0.4980392 0.5019608 0.4980392 0.5019608 0.4980392 0.5019608 0.4980392 0.5019608 0.4980392 0.5019608 0.4980392 0.5019608 0.4980392 0.5019608 0.4980392 0.5019608 0.4980392 0.5019608 0.4980392 0.5019608 0.4980392 0.5019608 0.4980392 0.5019608 0.4980392 0.5019608 0.4980392 0.5019608 0.4980392 0.5019608 0.4980392 0.5019608 0.4980392 0.5019608 0.4980392 0.5019608 0.4980392 0.5019608 0.4980392 0.5019608 0.4980392 0.5019608 0.4980392 0.5019608 0.4980392 0.5019608 0.4980392 0.5019608 0.4980392 0.5019608 0.4980392 0.5019608 0.4980392 0.5019608 0.4980392 0.5019608 0.4980392 0.5019608 0.4980392 0.5019608 0.4980392 0.5019608 0.4980392 0.5019608 0.4980392 0.5019608 0.4980392 0.5019608 0.4980392 0.5019608 0.4980392 0.5019608 0.4980392 0.5019608 0.4980392 0.5019608 0.4980392 0.5019608 0.4980392 0.5019608 0.4980392 0.5019608 0.4980392 0.5019608 0.4980392 0.5019608 0.4980392 0.5019608 0.4980392 0.5019608 0.4980392 0.5019608 0.4980392 0.5019608 0.4980392 0.5019608 0.4980392 0.5019608 0.4980392 0.5019608 0.4980392 0.5019608 0.4980392 0.5019608 0.4980392 0.5019608 0.4980392 0.5019608 0.4980392 0.5019608 0.4980392 0.5019608 0.4980392 0.5019608 0.4980392 0.5019608 0.4980392 0.5019608 0.4980392 0.5019608 0.4980392 0.5019608 0.4980392 0.5019608 0.4980392 0.5019608 0.4980392 0.5019608 0.4980392 0.5019608 0.4980392 0.5019608 0.4980392 0.5019608 0.4980392 0.5019608 0.4980392 0.5019608 0.4980392 0.5019608 0.4980392 0.5019608 0.4980392 0.5019608 0.4980392 0.5019608 0.4980392 0.5019608 0.4980392 0.5019608 0.4980392 0.5019608 0.4980392 0.5019608 0.4980392 0.5019608 0.4980392 0.5019608 0.4980392 0.5019608 0.4980392 0.5019608 0.4980392 0.5019608 0.4980392 0.5019608 0.4980392 0.5019608 0.4980392 0.5019608 0.4980392 0.5019608 0.4980392 0.5019608 0.4980392 0.5019608 0.4980392 0.5019608 0.4980392 0.5019608 0.4980392 0.5019608 0.4980392 0.5019608 0.4980392 0.5019608 0.4980392 0.5019608 0.4980392 0.5019608 0.4980392 0.5019608 0.4980392 0.5019608 0.4980392 0.5019608 0.4980392 0.5019608 0.4980392 0.5019608 0.4980392 0.5019608 0.4980392 0.5019608 0.4980392 0.5019608 0.4980392 0.5019608 0.4980392 0.5019608 0.4980392 0.5019608 0.4980392 0.5019608 0.4980392 0.5019608 0.4980392 0.5019608 0.4980392 0.5019608 0.4980392 0.5019608 0.4980392 0.5019608 0.4980392 0.5019608 0.4980392 0.5019608 0.4980392 0.5019608 0.4980392 0.5019608 0.4980392 0.5019608 0.4980392 0.5019608 0.4980392 0.5019608 0.4980392 0.5019608 0.4980392 0.5019608 0.4980392 0.5019608 0.4980392 0.5019608 0.4980392 0.5019608 0.4980392 0.5019608 0.4980392 0.5019608 0.4980392 0.5019608 0.4980392 0.5019608 0.4980392 0.5019608 0.4980392 0.5019608 0.4980392 0.5019608 0.4980392 0.5019608 0.4980392 0.5019608 0.4980392 0.5019608 0.4980392 0.5019608 0.4980392 0.5019608 0.4980392 0.5019608 0.4980392 0.5019608 0.4980392 0.5019608 0.0509804 0.8470589 0.1019608 0.09019608 0.8313726 0.07843138 0.1098039 0.7294118 0.1607843 0.01176471 0.5372549 0.4509804 0.01176471 0.5568628 0.4313726 0.2705882 0.5176471 0.2117647 0.01176471 0.5882353 0.01176471 0.3882353 0.5176471 0.3607843 0.1215686 0.6784314 0.2509804 0.07058824 0.07058824 0.6705883 0.03921569 0.2196079 0.909804 0.09019608 0.9607844 0.03921569 0.9490197 0.0509804 0.909804 0.09019608 0.9490197 0.0509804 0.9607844 0.03921569 0.909804 0.09019608 0.6784314 0.2509804 0.07058824 0.5764706 0.3215686 0.1019608 0.2705882 0.5176471 0.2117647 0.1098039 0.7294118 0.1607843 0.09019608 0.8313726 0.07843138 0.0509804 0.8470589 0.1019608 0.01960784 0.5294118 0.4509804 0.01960784 0.5490196 0.4313726 0.01176471 0.5882353 0.01176471 0.3882353 0.07058824 0.6705883 0.03921569 0.2196079 0.909804 0.09019608 0.2784314 0.6313726 0.07058824 0.01960784 0.07843138 0.6627451 0.05882353 0.2 0.2588235 0.5019608 0.05882353 0.1803922 0.2 0.1686275 0.03137255 0.6 0.1294118 0.6117647 0.2 0.05882353 0.1294118 0.4431373 0.3686275 0.05882353 0.1019608 0.4980392 0.3607843 0.03921569 0.1686275 0.3019608 0.4901961 0.03921569 0.1686275 0.3019608 0.4784314 0.0509804 0.1607843 0.3019608 0.4980392 0.03921569 0.01176471 0.05882353 0.8784314 0.0509804 0.3607843 0.2392157 0.1490196 0.2509804 0.3607843 0.2392157 0.1490196 0.2509804 0.3607843 0.2392157 0.1607843 0.2392157 0.2705882 0.07058824 0.01176471 0.6470588 0.2784314 0.07843138 0.6431373 0.2705882 0.07058824 0.01176471 0.6470588 0.05882353 0.01176471 0.9294118 0.09019608 0.01960784 0.8901961 0.03921569 0.01176471 0.9490197 0.01960784 0.9803922 0.2588235 0.07058824 0.6705883 0.09019608 0.01960784 0.8901961 0.05882353 0.01176471 0.9294118 0.2784314 0.07843138 0.6431373 0.03921569 0.01176471 0.9490197 0.2705882 0.07058824 0.01176471 0.6470588 0.3607843 0.2392157 0.1490196 0.2509804 0.01960784 0.9803922 0.3607843 0.2392157 0.1490196 0.2509804 0.1686275 0.3019608 0.4784314 0.0509804 0.2705882 0.07058824 0.01176471 0.6470588 0.2588235 0.07058824 0.6705883 0.3607843 0.2392157 0.1607843 0.2392157 0.2509804 0.07058824 0.01176471 0.6666667 0.3607843 0.2392157 0.1607843 0.2392157 0.2509804 0.07058824 0.01176471 0.6666667 0.2901961 0.07058824 0.01176471 0.627451 0.3607843 0.2392157 0.1607843 0.2392157 0.3607843 0.2392157 0.1607843 0.2392157 0.3607843 0.2392157 0.1607843 0.2392157 0.1490196 0.3019608 0.509804 0.03921569 0.3607843 0.2392157 0.1607843 0.2392157 0.1411765 0.3019608 0.5176471 0.03921569 0.01176471 0.0509804 0.937255 0.1411765 0.3019608 0.5176471 0.03921569 0.01176471 0.03921569 0.9490197 0.01176471 0.0509804 0.937255 0.1411765 0.3019608 0.5176471 0.03921569 0.01176471 0.05882353 0.8784314 0.0509804 0.1490196 0.3019608 0.509804 0.03921569 0.1607843 0.3019608 0.4980392 0.03921569 0.1019608 0.4980392 0.3607843 0.03921569 0.2784314 0.6313726 0.07058824 0.01960784 0.07843138 0.6627451 0.05882353 0.2 0.2588235 0.5019608 0.05882353 0.1803922 0.1294118 0.4431373 0.3686275 0.05882353 0.1294118 0.6117647 0.2 0.05882353 0.2 0.1686275 0.03137255 0.6 0.1686275 0.3019608 0.4901961 0.03921569 0.09019608 0.01960784 0.8901961 0.01176471 0.9882354 0.09019608 0.01960784 0.8901961 0.2784314 0.07843138 0.6431373 0.01176471 0.9882354 0.1098039 0.01960784 0.8705883 0.2784314 0.07843138 0.6431373 0.3607843 0.2392157 0.1490196 0.2509804 0.3607843 0.2392157 0.1490196 0.2509804 0.2901961 0.09019608 0.01176471 0.6078432 0.1686275 0.3019608 0.4784314 0.0509804 0.1686275 0.3019608 0.4784314 0.0509804 0.1294118 0.6117647 0.2 0.05882353 0.3607843 0.2392157 0.1607843 0.2392157 0.2 0.1686275 0.03137255 0.6 0.07058824 0.4196079 0.4313726 0.07843138 0.1607843 0.4392157 0.3607843 0.03921569 0.03137255 0.5450981 0.01176471 0.4117647 0.1686275 0.3019608 0.4901961 0.03921569 0.01176471 0.3411765 0.5764706 0.07058824 0.0509804 0.5882353 0.03137255 0.3294118 0.03137255 0.1882353 0.6196079 0.1607843 0.4196079 0.5215687 0.03921569 0.01960784 0.05882353 0.6 0.3411765 0.0509804 0.7372549 0.2 0.01176471 0.1607843 0.3019608 0.4862745 0.0509804 0.03137255 0.1882353 0.7490196 0.03137255 0.3490196 0.2509804 0.1686275 0.2313726 0.1607843 0.3019608 0.4862745 0.0509804 0.2901961 0.09019608 0.01960784 0.6 0.3490196 0.2509804 0.1686275 0.2313726 0.2901961 0.09019608 0.01960784 0.6 0.1215686 0.01960784 0.8588236 0.1215686 0.03137255 0.8470589 0.01176471 0.9882354 0.1215686 0.01960784 0.8588236 0.01176471 0.9882354 0.09019608 0.01960784 0.8901961 0.09019608 0.01960784 0.8901961 0.2784314 0.07843138 0.6431373 0.1098039 0.01960784 0.8705883 0.2784314 0.07843138 0.6431373 0.3607843 0.2392157 0.1490196 0.2509804 0.3607843 0.2392157 0.1490196 0.2509804 0.2901961 0.09019608 0.01176471 0.6078432 0.2901961 0.09019608 0.01960784 0.6 0.3607843 0.2392157 0.1607843 0.2392157 0.3490196 0.2509804 0.1686275 0.2313726 0.1686275 0.3019608 0.4784314 0.0509804 0.1686275 0.3019608 0.4784314 0.0509804 0.1294118 0.6117647 0.2 0.05882353 0.07058824 0.4196079 0.4313726 0.07843138 0.2 0.1686275 0.03137255 0.6 0.1686275 0.3019608 0.4901961 0.03921569 0.1607843 0.4392157 0.3607843 0.03921569 0.03137255 0.5450981 0.01176471 0.4117647 0.1607843 0.3019608 0.4862745 0.0509804 0.03137255 0.1882353 0.6196079 0.1607843 0.01176471 0.3411765 0.5764706 0.07058824 0.0509804 0.5882353 0.03137255 0.3294118 0.03137255 0.1882353 0.7490196 0.03137255 0.0509804 0.7372549 0.2 0.01176471 0.4196079 0.5215687 0.03921569 0.01960784 0.05882353 0.6 0.3411765 0.03137255 0.1882353 0.7803922 0.01176471 0.05882353 0.8784314 0.0509804 0.8392158 0.1607843 0.3607843 0.5686275 0.01960784 0.0509804 0.01176471 0.5882353 0.4 0.8705883 0.1294118 0.9411765 0.05882353 0.1686275 0.7529413 0.07843138 0.01176471 0.5372549 0.4509804 0.0509804 0.8470589 0.1019608 0.09019608 0.8313726 0.07843138 0.2313726 0.6980392 0.07058824 0.5490196 0.4117647 0.03921569 0.8588236 0.1411765 0.9294118 0.07058824 0.01176471 0.05882353 0.9294118 0.9411765 0.05882353 0.9294118 0.07058824 0.01176471 0.05882353 0.8784314 0.0509804 0.8392158 0.1607843 0.8705883 0.1294118 0.8588236 0.1411765 0.5490196 0.4117647 0.03921569 0.3607843 0.5686275 0.01960784 0.0509804 0.03921569 0.5607843 0.4 0.2392157 0.6705883 0.09019608 0.2313726 0.6980392 0.07058824 0.01960784 0.5294118 0.4509804 0.09019608 0.8313726 0.07843138 0.0509804 0.8470589 0.1019608 0.4980392 0.5019608 0.4980392 0.5019608 0.4980392 0.5019608 0.4980392 0.5019608 0.4980392 0.5019608 0.4980392 0.5019608 0.4980392 0.5019608 0.4980392 0.5019608 0.4980392 0.5019608 0.4980392 0.5019608 0.4980392 0.5019608 0.4980392 0.5019608 0.4980392 0.5019608 0.4980392 0.5019608 0.4980392 0.5019608 0.4980392 0.5019608 0.4980392 0.5019608 0.4980392 0.5019608 0.4980392 0.5019608 0.4980392 0.5019608 0.4980392 0.5019608 0.4980392 0.5019608 0.4980392 0.5019608 0.4980392 0.5019608 0.4980392 0.5019608 0.4980392 0.5019608 0.4980392 0.5019608 0.4980392 0.5019608 0.4980392 0.5019608 0.4980392 0.5019608 0.4980392 0.5019608 0.4980392 0.5019608 0.4980392 0.5019608 0.4980392 0.5019608 0.4980392 0.5019608 0.4980392 0.5019608 0.4980392 0.5019608 0.4980392 0.5019608 0.4980392 0.5019608 0.4980392 0.5019608 0.4980392 0.5019608 0.4980392 0.5019608 0.4980392 0.5019608 0.4980392 0.5019608 0.4980392 0.5019608 0.4980392 0.5019608 0.4980392 0.5019608 0.4980392 0.5019608 0.4980392 0.5019608 0.4980392 0.5019608 0.4980392 0.5019608 0.4980392 0.5019608 0.4980392 0.5019608 0.4980392 0.5019608 0.4980392 0.5019608 0.4980392 0.5019608 0.4980392 0.5019608 0.4980392 0.5019608 0.4980392 0.5019608 0.4980392 0.5019608 0.4980392 0.5019608 0.4980392 0.5019608 0.4980392 0.5019608 0.4980392 0.5019608 0.4980392 0.5019608 0.4980392 0.5019608 0.4980392 0.5019608 0.4980392 0.5019608 0.4980392 0.5019608 0.4980392 0.5019608 0.1019608 0.8980393 0.1019608 0.8980393 0.1019608 0.8980393 0.1019608 0.8980393 0.1019608 0.8980393 0.1490196 0.8509805 0.1019608 0.8980393 0.2 0.8000001 0.2 0.8000001 0.1019608 0.8980393 0.2509804 0.7490196 0.2 0.8000001 0.3019608 0.6980392 0.3019608 0.6980392 0.2 0.8000001 0.3490196 0.6509804 0.3098039 0.6901961 0.4 0.6 0.4 0.6 0.3098039 0.6901961 0.1019608 0.8980393 0.1019608 0.8980393 0.1019608 0.8980393 0.1019608 0.8980393 0.1019608 0.8980393 0.1490196 0.8509805 0.2 0.8000001 0.1019608 0.8980393 0.1019608 0.8980393 0.2 0.8000001 0.4509804 0.5490196 0.4901961 0.509804 0.4117647 0.5882353 0.4117647 0.5882353 0.4901961 0.509804 0.3490196 0.6509804 0.4 0.6 0.3098039 0.6901961 0.3098039 0.6901961 0.4 0.6 0.2509804 0.7490196 0.3019608 0.6980392 0.2 0.8000001 0.2 0.8000001 0.3019608 0.6980392 0.4980392 0.5019608 0.4980392 0.5019608 0.4980392 0.5019608 0.4980392 0.5019608 0.4980392 0.5019608 0.4980392 0.5019608 0.4980392 0.5019608 0.4980392 0.5019608 0.4980392 0.5019608 0.4980392 0.5019608 0.4980392 0.5019608 0.4980392 0.5019608 0.4980392 0.5019608 0.4980392 0.5019608 0.4980392 0.5019608 0.4980392 0.5019608 0.4980392 0.5019608 0.4980392 0.5019608 0.4980392 0.5019608 0.4980392 0.5019608 0.4980392 0.5019608 0.4980392 0.5019608 0.4980392 0.5019608 0.4980392 0.5019608 0.4980392 0.5019608 0.4980392 0.5019608 0.4980392 0.5019608 0.4980392 0.5019608 0.4980392 0.5019608 0.4980392 0.5019608 0.4980392 0.5019608 0.4980392 0.5019608 0.4980392 0.5019608 0.4980392 0.5019608 0.4980392 0.5019608 0.4980392 0.5019608 0.4980392 0.5019608 0.4980392 0.5019608 0.4980392 0.5019608 0.4980392 0.5019608 0.4980392 0.5019608 0.4980392 0.5019608 0.4980392 0.5019608 0.4980392 0.5019608 0.4980392 0.5019608 0.4980392 0.5019608 0.4980392 0.5019608 0.4980392 0.5019608 0.4980392 0.5019608 0.4980392 0.5019608 0.4980392 0.5019608 0.4980392 0.5019608 0.4980392 0.5019608 0.4980392 0.5019608 0.4980392 0.5019608 0.4980392 0.5019608 0.4980392 0.5019608 0.4980392 0.5019608 0.4980392 0.5019608 0.4980392 0.5019608 0.4980392 0.5019608 0.4980392 0.5019608 0.4980392 0.5019608 0.4980392 0.5019608 0.4980392 0.5019608 0.4980392 0.5019608 0.4980392 0.5019608 0.4980392 0.5019608 0.4980392 0.5019608 0.4980392 0.5019608 0.4980392 0.5019608 0.4980392 0.5019608 0.4980392 0.5019608 0.4980392 0.5019608 0.4980392 0.5019608 0.4980392 0.5019608 0.4980392 0.5019608 0.4980392 0.5019608 0.4980392 0.5019608 0.4980392 0.5019608 0.4980392 0.5019608 0.4980392 0.5019608 0.4980392 0.5019608 0.4980392 0.5019608 0.4980392 0.5019608 0.4980392 0.5019608 0.4980392 0.5019608 0.4980392 0.5019608 0.4980392 0.5019608 0.4980392 0.5019608 0.4980392 0.5019608 0.4980392 0.5019608 0.4980392 0.5019608 0.4980392 0.5019608 0.4980392 0.5019608 0.4980392 0.5019608 0.4980392 0.5019608 0.4980392 0.5019608 0.4980392 0.5019608 0.4980392 0.5019608 0.4980392 0.5019608 0.4980392 0.5019608 0.4980392 0.5019608 0.4980392 0.5019608 0.4980392 0.5019608 0.4980392 0.5019608 0.4980392 0.5019608 0.4980392 0.5019608 0.4980392 0.5019608 0.4980392 0.5019608 0.4980392 0.5019608 0.4980392 0.5019608 0.4980392 0.5019608 0.4980392 0.5019608 0.4980392 0.5019608 0.4980392 0.5019608 0.4980392 0.5019608 0.07058824 0.1803922 0.7490196 0.6901961 0.03137255 0.2784314 0.6901961 0.03137255 0.2784314 0.7098039 0.03137255 0.2588235 0.7215686 0.03921569 0.2392157 0.7176471 0.03137255 0.2509804 0.7411765 0.03921569 0.2196079 0.7215686 0.03921569 0.2392157 0.7372549 0.0509804 0.2117647 0.7294118 0.03921569 0.2313726 0.7294118 0.03921569 0.2313726 0.7411765 0.03921569 0.2196079 0.07058824 0.1803922 0.7490196 0.6901961 0.03137255 0.2784314 0.6901961 0.03137255 0.2784314 0.7098039 0.03137255 0.2588235 0.7215686 0.03921569 0.2392157 0.7176471 0.03137255 0.2509804 0.7411765 0.03921569 0.2196079 0.7215686 0.03921569 0.2392157 0.7372549 0.0509804 0.2117647 0.7294118 0.03921569 0.2313726 0.7294118 0.03921569 0.2313726 0.7411765 0.03921569 0.2196079 0.4980392 0.5019608 0.4980392 0.5019608 0.4980392 0.5019608 0.4980392 0.5019608 0.4980392 0.5019608 0.4980392 0.5019608 0.4980392 0.5019608 0.4980392 0.5019608 0.4980392 0.5019608 0.4980392 0.5019608 0.4980392 0.5019608 0.4980392 0.5019608 0.4980392 0.5019608 0.4980392 0.5019608 0.4980392 0.5019608 0.4980392 0.5019608 0.4980392 0.5019608 0.4980392 0.5019608 0.4980392 0.5019608 0.4980392 0.5019608 0.4980392 0.5019608 0.4980392 0.5019608 0.4980392 0.5019608 0.4980392 0.5019608 0.4980392 0.5019608 0.4980392 0.5019608 0.4980392 0.5019608 0.4980392 0.5019608 0.4980392 0.5019608 0.4980392 0.5019608 0.4980392 0.5019608 0.4980392 0.5019608 0.4980392 0.5019608 0.4980392 0.5019608 0.1098039 0.8000001 0.03921569 0.0509804 0.01176471 0.9882354 0.8509805 0.1490196 0.8705883 0.1294118 0.9411765 0.05882353 0.6 0.3803922 0.01960784 0.3098039 0.6784314 0.01176471 0.9411765 0.05882353 0.2784314 0.7098039 0.01176471 0.8705883 0.1294118 0.4196079 0.5490196 0.03137255 0.6 0.3803922 0.01960784 0.6509804 0.3490196 0.3098039 0.6784314 0.01176471 0.8196079 0.1803922 0.2784314 0.7098039 0.01176471 0.9215687 0.07843138 0.4117647 0.5568628 0.03137255 0.9607844 0.03921569 0.6509804 0.3490196 0.9294118 0.07058824 0.8588236 0.1411765 0.4980392 0.5019608 0.4980392 0.5019608 0.4980392 0.5019608 0.4980392 0.5019608 0.4980392 0.5019608 0.4980392 0.5019608 0.4980392 0.5019608 0.4980392 0.5019608 0.4980392 0.5019608 0.4980392 0.5019608 0.4980392 0.5019608 0.4980392 0.5019608 0.4980392 0.5019608 0.4980392 0.5019608 0.4980392 0.5019608 0.4980392 0.5019608 0.4980392 0.5019608 0.4980392 0.5019608 0.4980392 0.5019608 0.4980392 0.5019608 0.4980392 0.5019608 0.4980392 0.5019608 0.4980392 0.5019608 0.4980392 0.5019608 0.4980392 0.5019608 0.4980392 0.5019608 0.4980392 0.5019608 0.4980392 0.5019608 0.4980392 0.5019608 0.4980392 0.5019608 0.4980392 0.5019608 0.4980392 0.5019608 0.4980392 0.5019608 0.4980392 0.5019608 0.4980392 0.5019608 0.4980392 0.5019608 0.4980392 0.5019608 0.4980392 0.5019608 0.4980392 0.5019608 0.4980392 0.5019608 0.4980392 0.5019608 0.4980392 0.5019608 0.4980392 0.5019608 0.4980392 0.5019608 0.4980392 0.5019608 0.4980392 0.5019608 0.4980392 0.5019608 0.4980392 0.5019608 0.4980392 0.5019608 0.4980392 0.5019608 0.4980392 0.5019608 0.4980392 0.5019608 0.4 0.6 0.4980392 0.5019608 0.4 0.6 0.4 0.6 0.4980392 0.5019608 0.4 0.6 0.4 0.6 0.3019608 0.6980392 0.4 0.6 0.3019608 0.6980392 0.3019608 0.6980392 0.3019608 0.6980392 0.3019608 0.6980392 0.2 0.8000001 0.3019608 0.6980392 0.2 0.8000001 0.2 0.8000001 0.4980392 0.5019608 0.4980392 0.5019608 0.4980392 0.5019608 0.4980392 0.5019608 0.4980392 0.5019608 0.4980392 0.5019608 0.4980392 0.5019608 0.4980392 0.5019608 0.4980392 0.5019608 0.4980392 0.5019608 0.4980392 0.5019608 0.4980392 0.5019608 0.4 0.6 0.4980392 0.5019608 0.4980392 0.5019608 0.4980392 0.5019608 0.4 0.6 0.4980392 0.5019608 0.4980392 0.5019608 0.4 0.6 0.4980392 0.5019608 0.4980392 0.5019608 0.4980392 0.5019608 0.4980392 0.5019608 0.4980392 0.5019608 0.4980392 0.5019608 0.4980392 0.5019608 0.4980392 0.5019608 0.4980392 0.5019608 0.4980392 0.5019608 0.4980392 0.5019608 0.4980392 0.5019608 0.4980392 0.5019608 0.4980392 0.5019608 0.4980392 0.5019608 0.4980392 0.5019608 0.4980392 0.5019608 0.4980392 0.5019608 0.4980392 0.5019608 0.4980392 0.5019608 0.4980392 0.5019608 0.4980392 0.5019608 0.4980392 0.5019608 0.4980392 0.5019608 0.4980392 0.5019608 0.4980392 0.5019608 0.4980392 0.5019608 0.4980392 0.5019608 0.4980392 0.5019608 0.4980392 0.5019608 0.4980392 0.5019608 0.4980392 0.5019608 0.4980392 0.5019608 0.4980392 0.5019608 0.4980392 0.5019608 0.4980392 0.5019608 0.4980392 0.5019608 0.4980392 0.5019608 0.4980392 0.5019608 0.4980392 0.5019608 0.4980392 0.5019608 0.4980392 0.5019608 0.4980392 0.5019608 0.4980392 0.5019608 0.4980392 0.5019608 0.4980392 0.5019608 0.4980392 0.5019608 0.4980392 0.5019608 0.4980392 0.5019608 0.4980392 0.5019608 0.4980392 0.5019608 0.4980392 0.5019608 0.4980392 0.5019608 0.4980392 0.5019608 0.4980392 0.5019608 0.4980392 0.5019608 0.4980392 0.5019608 0.4980392 0.5019608 0.4980392 0.5019608 0.4980392 0.5019608 0.4980392 0.5019608 0.4980392 0.5019608 0.4980392 0.5019608 0.4980392 0.5019608 0.4980392 0.5019608 0.4980392 0.5019608 0.4980392 0.5019608 0.4980392 0.5019608 0.4980392 0.5019608 0.4980392 0.5019608 0.4980392 0.5019608 0.4980392 0.5019608 0.4980392 0.5019608 0.4980392 0.5019608 0.4980392 0.5019608 0.4980392 0.5019608 0.4980392 0.5019608 0.4980392 0.5019608 0.4980392 0.5019608 0.4980392 0.5019608 0.4980392 0.5019608 0.4980392 0.5019608 0.4980392 0.5019608 0.4980392 0.5019608 0.4980392 0.5019608 0.4980392 0.5019608 0.4980392 0.5019608 0.4980392 0.5019608 0.4980392 0.5019608 0.4980392 0.5019608 0.4980392 0.5019608 0.4980392 0.5019608 0.4980392 0.5019608 0.4980392 0.5019608 0.4980392 0.5019608 0.4980392 0.5019608 0.4980392 0.5019608 0.4980392 0.5019608 0.4980392 0.5019608 0.4980392 0.5019608 0.4980392 0.5019608 0.4980392 0.5019608 0.4980392 0.5019608 0.4980392 0.5019608 0.4980392 0.5019608 0.4980392 0.5019608 0.4980392 0.5019608 0.4980392 0.5019608 0.4980392 0.5019608 0.4980392 0.5019608 0.4980392 0.5019608 0.4980392 0.5019608 0.2 0.8000001 0.3019608 0.6980392 0.2 0.8000001 0.3019608 0.6980392 0.3019608 0.6980392 0.2 0.8000001 0.3019608 0.6980392 0.4 0.6 0.3019608 0.6980392 0.4 0.6 0.4 0.6 0.3019608 0.6980392 0.4980392 0.5019608 0.4 0.6 0.4 0.6 0.4980392 0.5019608 0.4980392 0.5019608 0.4 0.6 0.4980392 0.5019608 0.4980392 0.5019608 0.4980392 0.5019608 0.4980392 0.5019608 0.4980392 0.5019608 0.4980392 0.5019608 0.4980392 0.5019608 0.4980392 0.5019608 0.4980392 0.5019608 0.4980392 0.5019608 0.4980392 0.5019608 0.4980392 0.5019608 0.4980392 0.5019608 0.4980392 0.5019608 0.4980392 0.5019608 0.4980392 0.5019608 0.4980392 0.5019608 0.4980392 0.5019608 0.4980392 0.5019608 0.4980392 0.5019608 0.4980392 0.5019608 0.4980392 0.5019608 0.4980392 0.5019608 0.4980392 0.5019608 0.4980392 0.5019608 0.4980392 0.5019608 0.4980392 0.5019608 0.4980392 0.5019608 0.4980392 0.5019608 0.4980392 0.5019608 0.4980392 0.5019608 0.4980392 0.5019608 0.4980392 0.5019608 0.4980392 0.5019608 0.4980392 0.5019608 0.4980392 0.5019608 0.4980392 0.5019608 0.4980392 0.5019608 0.4980392 0.5019608 0.4980392 0.5019608 0.4980392 0.5019608 0.4980392 0.5019608 0.4980392 0.5019608 0.4980392 0.5019608 0.4980392 0.5019608 0.4980392 0.5019608 0.4980392 0.5019608 0.4980392 0.5019608 0.4980392 0.5019608 0.4980392 0.5019608 0.4980392 0.5019608 0.4980392 0.5019608 0.4 0.6 0.4980392 0.5019608 0.4 0.6 0.4 0.6 0.4980392 0.5019608 0.3019608 0.6980392 0.3019608 0.6980392 0.4 0.6 0.3019608 0.6980392 0.4 0.6 0.4 0.6 0.4 0.6 0.4 0.6 0.4980392 0.5019608 0.4 0.6 0.4980392 0.5019608 0.4980392 0.5019608 0.4980392 0.5019608 0.4980392 0.5019608 0.4980392 0.5019608 0.4980392 0.5019608 0.4980392 0.5019608 0.4980392 0.5019608 0.4980392 0.5019608 0.4980392 0.5019608 0.4980392 0.5019608 0.4980392 0.5019608 0.4980392 0.5019608 0.4980392 0.5019608 0.4980392 0.5019608 0.4980392 0.5019608 0.4980392 0.5019608 0.4980392 0.5019608 0.4980392 0.5019608 0.4980392 0.5019608 0.4980392 0.5019608 0.4980392 0.5019608 0.4980392 0.5019608 0.4980392 0.5019608 0.4980392 0.5019608 0.4980392 0.5019608 0.4980392 0.5019608 0.4980392 0.5019608 0.4980392 0.5019608 0.4980392 0.5019608 0.4980392 0.5019608 0.4980392 0.5019608 0.4980392 0.5019608 0.4980392 0.5019608 0.4980392 0.5019608 0.4980392 0.5019608 0.4980392 0.5019608 0.4980392 0.5019608 0.4980392 0.5019608 0.4980392 0.5019608 0.4980392 0.5019608 0.4980392 0.5019608 0.4980392 0.5019608 0.4980392 0.5019608 0.4980392 0.5019608 0.4980392 0.5019608 0.4980392 0.5019608 0.8588236 0.1411765 0.6078432 0.3607843 0.03137255 0.5764706 0.3215686 0.1019608 0.9294118 0.07058824 0.8588236 0.1411765 0.909804 0.09019608 0.4980392 0.5019608 0.4980392 0.5019608 0.4980392 0.5019608 0.4980392 0.5019608 0.4980392 0.5019608 0.4980392 0.5019608 0.4980392 0.5019608 0.4980392 0.5019608 0.4980392 0.5019608 0.4980392 0.5019608 0.4980392 0.5019608 0.4980392 0.5019608 0.4980392 0.5019608 0.4980392 0.5019608 0.4980392 0.5019608 0.4980392 0.5019608 0.4980392 0.5019608 0.4980392 0.5019608 0.4980392 0.5019608 0.4980392 0.5019608 0.4980392 0.5019608 0.4980392 0.5019608 0.4980392 0.5019608 0.4980392 0.5019608 0.4980392 0.5019608 0.4980392 0.5019608 0.4980392 0.5019608 0.4980392 0.5019608 0.4980392 0.5019608 0.4980392 0.5019608 0.4980392 0.5019608 0.4980392 0.5019608 0.4980392 0.5019608 0.4980392 0.5019608 0.4980392 0.5019608 0.4980392 0.5019608 0.4980392 0.5019608 0.4980392 0.5019608 0.4980392 0.5019608 0.4980392 0.5019608 0.4980392 0.5019608 0.4980392 0.5019608 0.4980392 0.5019608 0.4980392 0.5019608 0.4980392 0.5019608 0.4980392 0.5019608 0.4980392 0.5019608 0.4980392 0.5019608 0.4980392 0.5019608 0.4980392 0.5019608 0.4980392 0.5019608 0.4980392 0.5019608 0.4980392 0.5019608 0.4980392 0.5019608 0.4980392 0.5019608 0.4980392 0.5019608 0.4980392 0.5019608 0.4980392 0.5019608 0.4980392 0.5019608 0.4980392 0.5019608 0.8509805 0.1490196 0.6078432 0.3607843 0.03137255 0.8588236 0.1411765 0.9294118 0.07058824 0.8509805 0.1490196 0.8588236 0.1411765 0.4980392 0.5019608 0.4980392 0.5019608 0.4980392 0.5019608 0.4980392 0.5019608 0.4980392 0.5019608 0.4980392 0.5019608 0.4980392 0.5019608 0.4980392 0.5019608 0.4980392 0.5019608 0.4980392 0.5019608 0.4980392 0.5019608 0.4980392 0.5019608 0.4980392 0.5019608 0.4980392 0.5019608 0.4980392 0.5019608 0.4980392 0.5019608 0.4980392 0.5019608 0.4980392 0.5019608 0.4980392 0.5019608 0.4980392 0.5019608 0.4980392 0.5019608 0.4 0.6 0.4 0.6 0.4980392 0.5019608 0.3019608 0.6980392 0.4 0.6 0.3019608 0.6980392 0.2 0.8000001 0.3019608 0.6980392 0.2 0.8000001 0.1019608 0.8980393 0.1019608 0.8980393 0.1019608 0.8980393 0.1019608 0.8980393 0.1019608 0.8980393 0.1019608 0.8980393 0.1019608 0.8980393 0.2 0.8000001 0.2 0.8000001 0.3019608 0.6980392 0.3019608 0.6980392 0.4 0.6 0.4 0.6 0.4980392 0.5019608 0.4980392 0.5019608 0.4980392 0.5019608 0.4980392 0.5019608 0.4980392 0.5019608 0.4980392 0.5019608 0.4980392 0.5019608 0.4980392 0.5019608 0.4980392 0.5019608 0.4980392 0.5019608 0.4980392 0.5019608 0.4980392 0.5019608 0.4980392 0.5019608 0.4980392 0.5019608 0.4980392 0.5019608 0.4980392 0.5019608 0.4980392 0.5019608 0.4980392 0.5019608 0.4980392 0.5019608 0.4980392 0.5019608 0.1098039 0.7294118 0.1607843 0.09019608 0.8313726 0.07843138 0.2588235 0.7215686 0.01960784 0.3803922 0.5686275 0.0509804 0.2588235 0.7215686 0.01960784 0.4196079 0.5490196 0.03137255 0.5176471 0.3607843 0.1215686 0.6509804 0.3490196 0.6078432 0.3607843 0.03137255 0.8196079 0.1803922 0.8196079 0.1803922 0.909804 0.09019608 0.8196079 0.1803922 0.8196079 0.1803922 0.9215687 0.07843138 0.9490197 0.0509804 0.9215687 0.07843138 0.8196079 0.1803922 0.9607844 0.03921569 0.9686275 0.03137255 0.9294118 0.07058824 0.909804 0.09019608 0.8588236 0.1411765 0.5764706 0.3215686 0.1019608 0.6078432 0.3607843 0.03137255 0.3607843 0.6 0.03921569 0.1098039 0.7294118 0.1607843 0.2588235 0.7215686 0.01960784 0.09019608 0.8313726 0.07843138 0.2588235 0.7215686 0.01960784 0.3607843 0.6 0.03921569 0.4117647 0.5568628 0.03137255 0.6078432 0.3607843 0.03137255 0.2588235 0.7215686 0.01960784 0.3019608 0.6862745 0.01176471 0.3098039 0.6784314 0.01176471 0.2313726 0.6980392 0.07058824 0.6 0.3803922 0.01960784 0.6117647 0.3686275 0.01960784 0.8705883 0.1294118 0.5490196 0.4117647 0.03921569 0.8588236 0.1411765 0.8705883 0.1294118 0.8705883 0.1294118 0.9411765 0.05882353 0.9294118 0.07058824 0.9411765 0.05882353 0.9411765 0.05882353 0.9411765 0.05882353 0.9411765 0.05882353 0.8588236 0.1411765 0.8705883 0.1294118 0.8705883 0.1294118 0.6 0.3803922 0.01960784 0.5490196 0.4117647 0.03921569 0.6 0.3803922 0.01960784 0.6 0.3803922 0.01960784 0.2313726 0.6980392 0.07058824 0.6 0.3803922 0.01960784 0.3019608 0.6784314 0.01960784 0.09019608 0.8313726 0.07843138 0.2588235 0.7215686 0.01960784 0.3019608 0.6784314 0.01960784 0.3098039 0.6784314 0.01176471 0.6 0.3803922 0.01960784 0.4980392 0.5019608 0.4980392 0.5019608 0.4980392 0.5019608 0.4980392 0.5019608 0.4980392 0.5019608 0.4980392 0.5019608 0.4980392 0.5019608 0.4980392 0.5019608 0.4980392 0.5019608 0.4980392 0.5019608 0.4980392 0.5019608 0.4980392 0.5019608 0.4980392 0.5019608 0.4980392 0.5019608 0.4980392 0.5019608 0.4980392 0.5019608 0.4980392 0.5019608 0.4980392 0.5019608 0.4980392 0.5019608 0.4980392 0.5019608 0.4980392 0.5019608 0.4980392 0.5019608 0.4980392 0.5019608 0.4980392 0.5019608 0.4980392 0.5019608 0.4980392 0.5019608 0.4980392 0.5019608 0.4980392 0.5019608 0.4980392 0.5019608 0.4980392 0.5019608 0.4980392 0.5019608 0.4980392 0.5019608 0.4980392 0.5019608 0.4980392 0.5019608 0.4980392 0.5019608 0.4980392 0.5019608 0.4980392 0.5019608 0.4980392 0.5019608 0.4980392 0.5019608 0.4980392 0.5019608 0.4980392 0.5019608 0.4980392 0.5019608 0.4980392 0.5019608 0.4980392 0.5019608 0.4980392 0.5019608 0.4980392 0.5019608 0.4980392 0.5019608 0.4980392 0.5019608 0.4980392 0.5019608 0.4980392 0.5019608 0.4980392 0.5019608 0.4980392 0.5019608 0.4980392 0.5019608 0.2 0.8000001 0.2 0.8000001 0.1019608 0.8980393 0.1019608 0.8980393 0.4980392 0.5019608 0.4980392 0.5019608 0.4980392 0.5019608 0.4980392 0.5019608 0.4980392 0.5019608 0.4980392 0.5019608 0.4 0.6 0.4 0.6 0.4980392 0.5019608 0.4980392 0.5019608 0.4980392 0.5019608 0.4980392 0.5019608 0.4980392 0.5019608 0.4980392 0.5019608 0.4980392 0.5019608 0.4980392 0.5019608 0.4980392 0.5019608 0.4980392 0.5019608 0.4980392 0.5019608 0.4980392 0.5019608 0.1019608 0.8980393 0.2 0.8000001 0.1019608 0.8980393 0.2 0.8000001 0.4980392 0.5019608 0.4980392 0.5019608 0.4980392 0.5019608 0.4980392 0.5019608 0.4980392 0.5019608 0.4980392 0.5019608 0.4980392 0.5019608 0.4980392 0.5019608 0.4980392 0.5019608 0.4980392 0.5019608 0.4980392 0.5019608 0.4980392 0.5019608 0.4 0.6 0.3019608 0.6980392 0.4 0.6 0.3019608 0.6980392 0.3019608 0.6980392 0.2 0.8000001 0.3019608 0.6980392 0.2 0.8000001 0.2 0.8000001 0.2 0.8000001 0.1019608 0.8980393 0.1019608 0.8980393 0.1019608 0.8980393 0.1019608 0.8980393 0.1019608 0.8980393 0.1019608 0.8980393 0.1019608 0.8980393 0.1019608 0.8980393 0.1019608 0.8980393 0.1019608 0.8980393 0.1019608 0.8980393 0.1019608 0.8980393 0.1019608 0.8980393 0.1019608 0.8980393 0.1019608 0.8980393 0.1019608 0.8980393 0.1019608 0.8980393 0.1019608 0.8980393 0.1019608 0.8980393 0.1019608 0.8980393 0.2 0.8000001 0.2 0.8000001 0.2 0.8000001 0.2 0.8000001 0.3019608 0.6980392 0.3019608 0.6980392 0.4980392 0.5019608 0.4980392 0.5019608 0.4980392 0.5019608 0.4980392 0.5019608 0.4980392 0.5019608 0.4980392 0.5019608 0.4980392 0.5019608 0.4980392 0.5019608 0.4980392 0.5019608 0.4980392 0.5019608 0.4 0.6 0.4 0.6 0.2 0.8000001 0.1019608 0.8980393 0.2 0.8000001 0.1019608 0.8980393 0.1019608 0.8980393 0.1019608 0.8980393 0.2 0.8000001 0.2 0.8000001 0.4 0.6 0.4980392 0.5019608 0.4 0.6 0.4980392 0.5019608 0.4980392 0.5019608 0.4980392 0.5019608 0.4980392 0.5019608 0.4980392 0.5019608 0.4980392 0.5019608 0.4980392 0.5019608 0.4980392 0.5019608 0.4980392 0.5019608 0.4980392 0.5019608 0.4980392 0.5019608 0.4980392 0.5019608 0.4980392 0.5019608 0.4980392 0.5019608 0.4980392 0.5019608 0.4980392 0.5019608 0.4980392 0.5019608 0.4980392 0.5019608 0.4980392 0.5019608 0.4980392 0.5019608 0.4980392 0.5019608 0.4980392 0.5019608 0.4980392 0.5019608 0.4980392 0.5019608 0.4980392 0.5019608 0.4980392 0.5019608 0.4980392 0.5019608 0.4980392 0.5019608 0.4980392 0.5019608 0.4980392 0.5019608 0.4980392 0.5019608 0.4980392 0.5019608 0.4980392 0.5019608 0.4980392 0.5019608 0.4980392 0.5019608 0.4980392 0.5019608 0.4980392 0.5019608 0.4980392 0.5019608 0.4980392 0.5019608 0.4980392 0.5019608 0.4980392 0.5019608 0.4980392 0.5019608 0.4980392 0.5019608 0.4980392 0.5019608 0.4980392 0.5019608 0.4980392 0.5019608 0.4980392 0.5019608 0.4980392 0.5019608 0.4980392 0.5019608 0.4980392 0.5019608 0.4980392 0.5019608 0.4980392 0.5019608 0.4980392 0.5019608 0.4980392 0.5019608 0.4980392 0.5019608 0.4980392 0.5019608 0.4980392 0.5019608 0.4980392 0.5019608 0.4980392 0.5019608 0.4980392 0.5019608 0.4980392 0.5019608 0.8509805 0.1490196 0.3098039 0.6784314 0.01176471 0.6 0.3803922 0.01960784 0.2588235 0.7215686 0.01960784 0.8509805 0.1490196 0.9411765 0.05882353 0.8705883 0.1294118 0.8509805 0.1490196 0.2588235 0.7215686 0.01960784 0.4117647 0.5568628 0.03137255 0.6078432 0.3607843 0.03137255 0.4980392 0.5019608 0.4980392 0.5019608 0.4980392 0.5019608 0.4980392 0.5019608 0.4980392 0.5019608 0.4980392 0.5019608 0.4980392 0.5019608 0.4980392 0.5019608 0.4980392 0.5019608 0.4980392 0.5019608 0.4980392 0.5019608 0.4980392 0.5019608 0.4980392 0.5019608 0.4980392 0.5019608 0.4980392 0.5019608 0.4980392 0.5019608 0.4980392 0.5019608 0.4980392 0.5019608 0.4980392 0.5019608 0.4980392 0.5019608 0.4980392 0.5019608 0.4980392 0.5019608 0.4980392 0.5019608 0.4980392 0.5019608 0.4980392 0.5019608 0.4980392 0.5019608 0.4980392 0.5019608 0.4980392 0.5019608 0.4980392 0.5019608 0.4980392 0.5019608 0.4980392 0.5019608 0.4980392 0.5019608 0.4980392 0.5019608 0.4980392 0.5019608 0.4980392 0.5019608 0.4980392 0.5019608 0.4980392 0.5019608 0.4980392 0.5019608 0.4980392 0.5019608 0.2 0.8000001 0.2 0.8000001 0.3019608 0.6980392 0.3019608 0.6980392 0.4 0.6 0.4 0.6 0.2 0.8000001 0.2 0.8000001 0.3019608 0.6980392 0.3019608 0.6980392 0.4 0.6 0.4 0.6 0.01960784 0.1019608 0.8392158 0.03921569 0.01176471 0.09019608 0.7960785 0.1019608 0.05882353 0.8196079 0.1215686 0.01176471 0.1019608 0.8862746 0.8784314 0.1215686 0.9294118 0.07058824 0.8784314 0.1215686 0.9294118 0.07058824 0.8784314 0.1215686 0.8784314 0.1215686 0.01176471 0.05882353 0.8078432 0.1215686 0.01960784 0.1019608 0.8392158 0.03921569 0.01176471 0.09019608 0.7960785 0.1019608 0.4980392 0.5019608 0.4980392 0.5019608 0.4980392 0.5019608 0.4980392 0.5019608 0.4980392 0.5019608 0.4980392 0.5019608 0.4980392 0.5019608 0.4980392 0.5019608 0.4980392 0.5019608 0.4980392 0.5019608 0.4980392 0.5019608 0.4980392 0.5019608 0.4980392 0.5019608 0.4980392 0.5019608 0.4980392 0.5019608 0.4980392 0.5019608 0.4980392 0.5019608 0.4980392 0.5019608 0.4980392 0.5019608 0.4980392 0.5019608 0.8509805 0.1490196 0.6 0.3803922 0.01960784 0.8705883 0.1294118 0.9411765 0.05882353 0.8509805 0.1490196 0.4196079 0.5490196 0.03137255 0.2588235 0.7215686 0.01960784 0.6509804 0.3490196 0.8196079 0.1803922 0.8509805 0.1490196 0.8705883 0.1294118 0.6 0.3803922 0.01960784 0.3098039 0.6784314 0.01176471 0.2588235 0.7215686 0.01960784 0.8509805 0.1490196 0.9215687 0.07843138 0.8196079 0.1803922 0.9607844 0.03921569 0.9294118 0.07058824 0.1019608 0.8980393 0.1019608 0.8980393 0.1019608 0.8980393 0.1019608 0.8980393 0.1019608 0.8980393 0.1019608 0.8980393 0.4980392 0.5019608 0.4980392 0.5019608 0.4980392 0.5019608 0.4980392 0.5019608 0.4980392 0.5019608 0.4980392 0.5019608 0.4980392 0.5019608 0.4980392 0.5019608 0.4980392 0.5019608 0.4980392 0.5019608 0.4980392 0.5019608 0.4980392 0.5019608 0.4980392 0.5019608 0.4980392 0.5019608 0.09019608 0.8313726 0.07843138 0.1098039 0.7294118 0.1607843 0.01176471 0.5372549 0.4509804 0.01176471 0.5568628 0.4313726 0.2705882 0.5176471 0.2117647 0.01176471 0.5882353 0.01176471 0.3882353 0.5176471 0.3607843 0.1215686 0.6784314 0.2509804 0.07058824 0.07058824 0.6705883 0.03921569 0.2196079 0.909804 0.09019608 0.909804 0.09019608 0.2784314 0.6313726 0.07058824 0.01960784 0.07843138 0.6627451 0.05882353 0.2 0.2588235 0.5019608 0.05882353 0.1803922 0.9490197 0.0509804 0.1294118 0.6117647 0.2 0.05882353 0.2 0.1686275 0.03137255 0.6 0.1294118 0.4431373 0.3686275 0.05882353 0.909804 0.09019608 0.1019608 0.4980392 0.3607843 0.03921569 0.1686275 0.3019608 0.4901961 0.03921569 0.1686275 0.3019608 0.4784314 0.0509804 0.1607843 0.3019608 0.4980392 0.03921569 0.01176471 0.05882353 0.8784314 0.0509804 0.3607843 0.2392157 0.1490196 0.2509804 0.3607843 0.2392157 0.1490196 0.2509804 0.3607843 0.2392157 0.1607843 0.2392157 0.2705882 0.07058824 0.01176471 0.6470588 0.2784314 0.07843138 0.6431373 0.2705882 0.07058824 0.01176471 0.6470588 0.05882353 0.01176471 0.9294118 0.09019608 0.01960784 0.8901961 0.03921569 0.01176471 0.9490197 0.01960784 0.9803922 0.01960784 0.9803922 0.03921569 0.01176471 0.9490197 0.2588235 0.07058824 0.6705883 0.2509804 0.07058824 0.01176471 0.6666667 0.2509804 0.07058824 0.01176471 0.6666667 0.2901961 0.07058824 0.01176471 0.627451 0.3607843 0.2392157 0.1607843 0.2392157 0.2588235 0.07058824 0.6705883 0.3607843 0.2392157 0.1607843 0.2392157 0.3607843 0.2392157 0.1607843 0.2392157 0.1490196 0.3019608 0.509804 0.03921569 0.1411765 0.3019608 0.5176471 0.03921569 0.3607843 0.2392157 0.1607843 0.2392157 0.3607843 0.2392157 0.1607843 0.2392157 0.1411765 0.3019608 0.5176471 0.03921569 0.1490196 0.3019608 0.509804 0.03921569 0.01176471 0.0509804 0.937255 0.01176471 0.0509804 0.937255 0.01176471 0.05882353 0.8784314 0.0509804 0.909804 0.09019608 0.1607843 0.3019608 0.4980392 0.03921569 0.6784314 0.2509804 0.07058824 0.5764706 0.3215686 0.1019608 0.1019608 0.4980392 0.3607843 0.03921569 0.2705882 0.5176471 0.2117647 0.1098039 0.7294118 0.1607843 0.09019608 0.8313726 0.07843138 0.01960784 0.5294118 0.4509804 0.01960784 0.5490196 0.4313726 0.01176471 0.5882353 0.01176471 0.3882353 0.07058824 0.6705883 0.03921569 0.2196079 0.2784314 0.6313726 0.07058824 0.01960784 0.07843138 0.6627451 0.05882353 0.2 0.2588235 0.5019608 0.05882353 0.1803922 0.1294118 0.4431373 0.3686275 0.05882353 0.2 0.1686275 0.03137255 0.6 0.1294118 0.6117647 0.2 0.05882353 0.1686275 0.3019608 0.4901961 0.03921569 0.1686275 0.3019608 0.4784314 0.0509804 0.3607843 0.2392157 0.1607843 0.2392157 0.3607843 0.2392157 0.1490196 0.2509804 0.3607843 0.2392157 0.1490196 0.2509804 0.2705882 0.07058824 0.01176471 0.6470588 0.2705882 0.07058824 0.01176471 0.6470588 0.2784314 0.07843138 0.6431373 0.05882353 0.01176471 0.9294118 0.09019608 0.01960784 0.8901961 0.7098039 0.03137255 0.2588235 0.7176471 0.03137255 0.2509804 0.7215686 0.03921569 0.2392157 0.7098039 0.03921569 0.2509804 0.7294118 0.03921569 0.2313726 0.01176471 0.5372549 0.4509804 0.7176471 0.03137255 0.2509804 0.7411765 0.03921569 0.2196079 0.01176471 0.5294118 0.4588236 0.07843138 0.09019608 0.8313726 0.01176471 0.5294118 0.4588236 0.09019608 0.03921569 0.8705883 0.2 0.1686275 0.03137255 0.6 0.07058824 0.4196079 0.4313726 0.07843138 0.01176471 0.1607843 0.8274511 0.03137255 0.5450981 0.01176471 0.4117647 0.1803922 0.8196079 0.0509804 0.5882353 0.03137255 0.3294118 0.05882353 0.6 0.3411765 0.01176471 0.5176471 0.4705883 0.2901961 0.7098039 0.03921569 0.5607843 0.4 0.7294118 0.03921569 0.2313726 0.7294118 0.03921569 0.2313726 0.01960784 0.4705883 0.509804 0.3098039 0.6901961 0.01960784 0.5294118 0.4509804 0.7294118 0.03921569 0.2313726 0.03137255 0.4392157 0.5294118 0.7294118 0.03921569 0.2313726 0.7372549 0.0509804 0.2117647 0.2313726 0.7686275 0.01960784 0.4705883 0.509804 0.7294118 0.03921569 0.2313726 0.7411765 0.03921569 0.2196079 0.7215686 0.03921569 0.2392157 0.7098039 0.03921569 0.2509804 0.6901961 0.03137255 0.2784314 0.01960784 0.4588236 0.5215687 0.6784314 0.03137255 0.2901961 0.6901961 0.03137255 0.2784314 0.2509804 0.7490196 0.01960784 0.5490196 0.4313726 0.01960784 0.4588236 0.5215687 0.6784314 0.01960784 0.3019608 0.7098039 0.03137255 0.2588235 0.2705882 0.7294118 0.01176471 0.5882353 0.01176471 0.3882353 0.07058824 0.6705883 0.03921569 0.2196079 0.01960784 0.4588236 0.5215687 0.6901961 0.03137255 0.2784314 0.7176471 0.03137255 0.2509804 0.7098039 0.03137255 0.2588235 0.2509804 0.7490196 0.07843138 0.6627451 0.05882353 0.2 0.2588235 0.5019608 0.05882353 0.1803922 0.01960784 0.4901961 0.4901961 0.01176471 0.5372549 0.4509804 0.07843138 0.09019608 0.8313726 0.09019608 0.2392157 0.01176471 0.6588235 0.2 0.1686275 0.03137255 0.6 0.7215686 0.03921569 0.2392157 0.7176471 0.03137255 0.2509804 0.7098039 0.03137255 0.2588235 0.7098039 0.03921569 0.2509804 0.7294118 0.03921569 0.2313726 0.01176471 0.5372549 0.4509804 0.7176471 0.03137255 0.2509804 0.7411765 0.03921569 0.2196079 0.01176471 0.5294118 0.4588236 0.07843138 0.09019608 0.8313726 0.01176471 0.5294118 0.4588236 0.09019608 0.03921569 0.8705883 0.2 0.1686275 0.03137255 0.6 0.07058824 0.4196079 0.4313726 0.07843138 0.01176471 0.1607843 0.8274511 0.03137255 0.5450981 0.01176471 0.4117647 0.1803922 0.8196079 0.0509804 0.5882353 0.03137255 0.3294118 0.05882353 0.6 0.3411765 0.01176471 0.5176471 0.4705883 0.2901961 0.7098039 0.01176471 0.5882353 0.4 0.7294118 0.03921569 0.2313726 0.7294118 0.03921569 0.2313726 0.01960784 0.4705883 0.509804 0.3098039 0.6901961 0.01176471 0.5372549 0.4509804 0.7294118 0.03921569 0.2313726 0.03137255 0.4392157 0.5294118 0.7294118 0.03921569 0.2313726 0.7372549 0.0509804 0.2117647 0.2313726 0.7686275 0.01960784 0.4705883 0.509804 0.7294118 0.03921569 0.2313726 0.7411765 0.03921569 0.2196079 0.7215686 0.03921569 0.2392157 0.7098039 0.03921569 0.2509804 0.6901961 0.03137255 0.2784314 0.01960784 0.4588236 0.5215687 0.6784314 0.03137255 0.2901961 0.6901961 0.03137255 0.2784314 0.2509804 0.7490196 0.01176471 0.5568628 0.4313726 0.01960784 0.4588236 0.5215687 0.6784314 0.01960784 0.3019608 0.7098039 0.03137255 0.2588235 0.2705882 0.7294118 0.01176471 0.5882353 0.01176471 0.3882353 0.07058824 0.6705883 0.03921569 0.2196079 0.01960784 0.4588236 0.5215687 0.6901961 0.03137255 0.2784314 0.7176471 0.03137255 0.2509804 0.7098039 0.03137255 0.2588235 0.2509804 0.7490196 0.07843138 0.6627451 0.05882353 0.2 0.2588235 0.5019608 0.05882353 0.1803922 0.01960784 0.4901961 0.4901961 0.01176471 0.5372549 0.4509804 0.07843138 0.09019608 0.8313726 0.09019608 0.2392157 0.01176471 0.6588235 0.2 0.1686275 0.03137255 0.6 0.4980392 0.5019608 0.4980392 0.5019608 0.4980392 0.5019608 0.4980392 0.5019608 0.4980392 0.5019608 0.4980392 0.5019608 0.4980392 0.5019608 0.4980392 0.5019608 0.4980392 0.5019608 0.4980392 0.5019608 0.4980392 0.5019608 0.4980392 0.5019608 0.4980392 0.5019608 0.4980392 0.5019608 0.4980392 0.5019608 0.4980392 0.5019608 0.4980392 0.5019608 0.4980392 0.5019608 0.4980392 0.5019608 0.4980392 0.5019608 0.4980392 0.5019608 0.4980392 0.5019608 0.4980392 0.5019608 0.4980392 0.5019608 0.4980392 0.5019608 0.4980392 0.5019608 0.4980392 0.5019608 0.4980392 0.5019608 0.4980392 0.5019608 0.4980392 0.5019608 0.09019608 0.01960784 0.8901961 0.01176471 0.9882354 0.09019608 0.01960784 0.8901961 0.2784314 0.07843138 0.6431373 0.01176471 0.9882354 0.1098039 0.01960784 0.8705883 0.2784314 0.07843138 0.6431373 0.3607843 0.2392157 0.1490196 0.2509804 0.3607843 0.2392157 0.1490196 0.2509804 0.2901961 0.09019608 0.01176471 0.6078432 0.1686275 0.3019608 0.4784314 0.0509804 0.1686275 0.3019608 0.4784314 0.0509804 0.1294118 0.6117647 0.2 0.05882353 0.3607843 0.2392157 0.1607843 0.2392157 0.2 0.1686275 0.03137255 0.6 0.07058824 0.4196079 0.4313726 0.07843138 0.1607843 0.4392157 0.3607843 0.03921569 0.03137255 0.5450981 0.01176471 0.4117647 0.1686275 0.3019608 0.4901961 0.03921569 0.01176471 0.3411765 0.5764706 0.07058824 0.0509804 0.5882353 0.03137255 0.3294118 0.03137255 0.1882353 0.6196079 0.1607843 0.4196079 0.5215687 0.03921569 0.01960784 0.05882353 0.6 0.3411765 0.0509804 0.7372549 0.2 0.01176471 0.1607843 0.3019608 0.4862745 0.0509804 0.3607843 0.5686275 0.01960784 0.0509804 0.03921569 0.5607843 0.4 0.3490196 0.2509804 0.1686275 0.2313726 0.03137255 0.1882353 0.7803922 0.1607843 0.3019608 0.4862745 0.0509804 0.2901961 0.09019608 0.01960784 0.6 0.1686275 0.3019608 0.4901961 0.03921569 0.1215686 0.01960784 0.8588236 0.2901961 0.09019608 0.01960784 0.6 0.3607843 0.2392157 0.1607843 0.2392157 0.1215686 0.01960784 0.8588236 0.2901961 0.09019608 0.01176471 0.6078432 0.01176471 0.9882354 0.01176471 0.9882354 0.1098039 0.01960784 0.8705883 0.09019608 0.01960784 0.8901961 0.09019608 0.01960784 0.8901961 0.2784314 0.07843138 0.6431373 0.2784314 0.07843138 0.6431373 0.3607843 0.2392157 0.1490196 0.2509804 0.3607843 0.2392157 0.1490196 0.2509804 0.1686275 0.3019608 0.4784314 0.0509804 0.1686275 0.3019608 0.4784314 0.0509804 0.1294118 0.6117647 0.2 0.05882353 0.07058824 0.4196079 0.4313726 0.07843138 0.2 0.1686275 0.03137255 0.6 0.1607843 0.4392157 0.3607843 0.03921569 0.03137255 0.5450981 0.01176471 0.4117647 0.03137255 0.1882353 0.6196079 0.1607843 0.01176471 0.3411765 0.5764706 0.07058824 0.0509804 0.5882353 0.03137255 0.3294118 0.4196079 0.5215687 0.03921569 0.01960784 0.05882353 0.6 0.3411765 0.0509804 0.7372549 0.2 0.01176471 0.01176471 0.05882353 0.9294118 0.8392158 0.1607843 0.8392158 0.1607843 0.8588236 0.1411765 0.9294118 0.07058824 0.5490196 0.4117647 0.03921569 0.8588236 0.1411765 0.2392157 0.6705883 0.09019608 0.2313726 0.6980392 0.07058824 0.09019608 0.8313726 0.07843138 0.01960784 0.5294118 0.4509804 0.3607843 0.5686275 0.01960784 0.0509804 0.5490196 0.4117647 0.03921569 0.01176471 0.5882353 0.4 0.1686275 0.7529413 0.07843138 0.2313726 0.6980392 0.07058824 0.01176471 0.5372549 0.4509804 0.09019608 0.8313726 0.07843138 0.1019608 0.8980393 0.1019608 0.8980393 0.1019608 0.8980393 0.1019608 0.8980393 0.1019608 0.8980393 0.1490196 0.8509805 0.1019608 0.8980393 0.2 0.8000001 0.2 0.8000001 0.1019608 0.8980393 0.2509804 0.7490196 0.2 0.8000001 0.3019608 0.6980392 0.3019608 0.6980392 0.2 0.8000001 0.3490196 0.6509804 0.3098039 0.6901961 0.4 0.6 0.4 0.6 0.3098039 0.6901961 0.1019608 0.8980393 0.1019608 0.8980393 0.1019608 0.8980393 0.1019608 0.8980393 0.1019608 0.8980393 0.1490196 0.8509805 0.2 0.8000001 0.1019608 0.8980393 0.1019608 0.8980393 0.2 0.8000001 0.4509804 0.5490196 0.4901961 0.509804 0.4117647 0.5882353 0.4117647 0.5882353 0.4901961 0.509804 0.3490196 0.6509804 0.4 0.6 0.3098039 0.6901961 0.3098039 0.6901961 0.4 0.6 0.2509804 0.7490196 0.3019608 0.6980392 0.2 0.8000001 0.2 0.8000001 0.3019608 0.6980392 0.4980392 0.5019608 0.4980392 0.5019608 0.4980392 0.5019608 0.4980392 0.5019608 0.4980392 0.5019608 0.4980392 0.5019608 0.4980392 0.5019608 0.4980392 0.5019608 0.4980392 0.5019608 0.4980392 0.5019608 0.4980392 0.5019608 0.4980392 0.5019608 0.4980392 0.5019608 0.4980392 0.5019608 0.4980392 0.5019608 0.4980392 0.5019608 0.07058824 0.1803922 0.7490196 0.6901961 0.03137255 0.2784314 0.6901961 0.03137255 0.2784314 0.7098039 0.03137255 0.2588235 0.7215686 0.03921569 0.2392157 0.7176471 0.03137255 0.2509804 0.7411765 0.03921569 0.2196079 0.7215686 0.03921569 0.2392157 0.7372549 0.0509804 0.2117647 0.7294118 0.03921569 0.2313726 0.7294118 0.03921569 0.2313726 0.7411765 0.03921569 0.2196079 0.07058824 0.1803922 0.7490196 0.6901961 0.03137255 0.2784314 0.6901961 0.03137255 0.2784314 0.7098039 0.03137255 0.2588235 0.7215686 0.03921569 0.2392157 0.7176471 0.03137255 0.2509804 0.7411765 0.03921569 0.2196079 0.7215686 0.03921569 0.2392157 0.7372549 0.0509804 0.2117647 0.7294118 0.03921569 0.2313726 0.7294118 0.03921569 0.2313726 0.7411765 0.03921569 0.2196079 0.1098039 0.8000001 0.03921569 0.0509804 0.01176471 0.9882354 0.4980392 0.5019608 0.4980392 0.5019608 0.4980392 0.5019608 0.4980392 0.5019608 0.4980392 0.5019608 0.4980392 0.5019608 0.4980392 0.5019608 0.4980392 0.5019608 0.4980392 0.5019608 0.4980392 0.5019608 0.4980392 0.5019608 0.4980392 0.5019608 0.4980392 0.5019608 0.4980392 0.5019608 0.4980392 0.5019608 0.4980392 0.5019608 0.4980392 0.5019608 0.4980392 0.5019608 0.4980392 0.5019608 0.4980392 0.5019608 0.4980392 0.5019608 0.4980392 0.5019608 0.4980392 0.5019608 0.4980392 0.5019608 0.4980392 0.5019608 0.4980392 0.5019608 0.4980392 0.5019608 0.4980392 0.5019608 0.4980392 0.5019608 0.4980392 0.5019608 0.4980392 0.5019608 0.4980392 0.5019608 0.4980392 0.5019608 0.4980392 0.5019608 0.4980392 0.5019608 0.4980392 0.5019608 0.3019608 0.6980392 0.3019608 0.6980392 0.4980392 0.5019608 0.3019608 0.6980392 0.3019608 0.6980392 0.2 0.8000001 0.2 0.8000001 0.2 0.8000001 0.3019608 0.6980392 0.2 0.8000001 0.4980392 0.5019608 0.3019608 0.6980392 0.3019608 0.6980392 0.4980392 0.5019608 0.4980392 0.5019608 0.4980392 0.5019608 0.4980392 0.5019608 0.4980392 0.5019608 0.4980392 0.5019608 0.4980392 0.5019608 0.4980392 0.5019608 0.4980392 0.5019608 0.4980392 0.5019608 0.4980392 0.5019608 0.4980392 0.5019608 0.4980392 0.5019608 0.4980392 0.5019608 0.4980392 0.5019608 0.4980392 0.5019608 0.4980392 0.5019608 0.4980392 0.5019608 0.4980392 0.5019608 0.4980392 0.5019608 0.4980392 0.5019608 0.4980392 0.5019608 0.4980392 0.5019608 0.4980392 0.5019608 0.4980392 0.5019608 0.4980392 0.5019608 0.4980392 0.5019608 0.4980392 0.5019608 0.4980392 0.5019608 0.4980392 0.5019608 0.4980392 0.5019608 0.4980392 0.5019608 0.4980392 0.5019608 0.4980392 0.5019608 0.4980392 0.5019608 0.4980392 0.5019608 0.4980392 0.5019608 0.4980392 0.5019608 0.4980392 0.5019608 0.4980392 0.5019608 0.4980392 0.5019608 0.4980392 0.5019608 0.4980392 0.5019608 0.4980392 0.5019608 0.4980392 0.5019608 0.4980392 0.5019608 0.4980392 0.5019608 0.4980392 0.5019608 0.4980392 0.5019608 0.4980392 0.5019608 0.4980392 0.5019608 0.4980392 0.5019608 0.4980392 0.5019608 0.4980392 0.5019608 0.4980392 0.5019608 0.4980392 0.5019608 0.4980392 0.5019608 0.4980392 0.5019608 0.4980392 0.5019608 0.1019608 0.8980393 0.2 0.8000001 0.1019608 0.8980393 0.1019608 0.8980393 0.1019608 0.8980393 0.1019608 0.8980393 0.1019608 0.8980393 0.1019608 0.8980393 0.2 0.8000001 0.2 0.8000001 0.4 0.6 0.4 0.6 0.4 0.6 0.4 0.6 0.4980392 0.5019608 0.4980392 0.5019608 0.4980392 0.5019608 0.4980392 0.5019608 0.4980392 0.5019608 0.4980392 0.5019608 0.4980392 0.5019608 0.4980392 0.5019608 0.4980392 0.5019608 0.4980392 0.5019608 0.2588235 0.7215686 0.01960784 0.1098039 0.7294118 0.1607843 0.3019608 0.6784314 0.01960784 0.5490196 0.4117647 0.03921569 0.6 0.3803922 0.01960784 0.3019608 0.6784314 0.01960784 0.8705883 0.1294118 0.6 0.3803922 0.01960784 0.5490196 0.4117647 0.03921569 0.8705883 0.1294118 0.9294118 0.07058824 0.8588236 0.1411765 0.8705883 0.1294118 0.8588236 0.1411765 0.6117647 0.3686275 0.01960784 0.8705883 0.1294118 0.6117647 0.3686275 0.01960784 0.2313726 0.6980392 0.07058824 0.3019608 0.6862745 0.01176471 0.3607843 0.6 0.03921569 0.3019608 0.6862745 0.01176471 0.1098039 0.7294118 0.1607843 0.3607843 0.6 0.03921569 0.1098039 0.7294118 0.1607843 0.6078432 0.3607843 0.03137255 0.6078432 0.3607843 0.03137255 0.1098039 0.7294118 0.1607843 0.2588235 0.7215686 0.01960784 0.6078432 0.3607843 0.03137255 0.9215687 0.07843138 0.909804 0.09019608 0.6078432 0.3607843 0.03137255 0.909804 0.09019608 0.9294118 0.07058824 0.4980392 0.5019608 0.4980392 0.5019608 0.4980392 0.5019608 0.4980392 0.5019608 0.4980392 0.5019608 0.4980392 0.5019608 0.4980392 0.5019608 0.4980392 0.5019608 0.4980392 0.5019608 0.4980392 0.5019608 0.4980392 0.5019608 0.4980392 0.5019608 0.8509805 0.1490196 0.8705883 0.1294118 0.8509805 0.1490196 0.6 0.3803922 0.01960784 0.8705883 0.1294118 0.8509805 0.1490196 0.3019608 0.6784314 0.01960784 0.6 0.3803922 0.01960784 0.8509805 0.1490196 0.2588235 0.7215686 0.01960784 0.3019608 0.6784314 0.01960784 0.8509805 0.1490196 0.8705883 0.1294118 0.8509805 0.1490196 0.8705883 0.1294118 0.6117647 0.3686275 0.01960784 0.8509805 0.1490196 0.6078432 0.3607843 0.03137255 0.2588235 0.7215686 0.01960784 0.8509805 0.1490196 0.6117647 0.3686275 0.01960784 0.3019608 0.6862745 0.01176471 0.8509805 0.1490196 0.9215687 0.07843138 0.6078432 0.3607843 0.03137255 0.8509805 0.1490196 0.3019608 0.6862745 0.01176471 0.3607843 0.6 0.03921569 0.9215687 0.07843138 0.8509805 0.1490196 0.9294118 0.07058824 0.8509805 0.1490196 0.3607843 0.6 0.03921569 0.6078432 0.3607843 0.03137255 0.8509805 0.1490196 0.6078432 0.3607843 0.03137255 0.9294118 0.07058824 0.4980392 0.5019608 0.4980392 0.5019608 0.4980392 0.5019608 0.4980392 0.5019608 0.4980392 0.5019608 0.4980392 0.5019608 0.4980392 0.5019608 0.4980392 0.5019608 0.4980392 0.5019608 0.4980392 0.5019608 0.3019608 0.6980392 0.2 0.8000001 0.3019608 0.6980392 0.1019608 0.8980393 0.1019608 0.8980393 0.1019608 0.8980393 0.1019608 0.8980393 0.1019608 0.8980393 0.2 0.8000001 0.1019608 0.8980393 0.1019608 0.8980393 0.1019608 0.8980393 0.1019608 0.8980393 0.2 0.8000001 0.2 0.8000001 0.3019608 0.6980392 0.9294118 0.07058824 0.8705883 0.1294118 0.5490196 0.4117647 0.03921569 0.8588236 0.1411765 0.2313726 0.6980392 0.07058824 0.6117647 0.3686275 0.01960784 0.3019608 0.6862745 0.01176471 0.1098039 0.7294118 0.1607843 0.9215687 0.07843138 0.9294118 0.07058824 0.01176471 0.0509804 0.937255 0.01176471 0.0509804 0.937255 0.01176471 0.0509804 0.937255 0.9215687 0.07843138 0.909804 0.09019608 0.1411765 0.3019608 0.5176471 0.03921569 0.909804 0.09019608 0.9294118 0.07058824 0.1098039 0.7294118 0.1607843 0.6078432 0.3607843 0.03137255 0.01176471 0.5568628 0.4313726 0.01176471 0.5372549 0.4509804 0.07058824 0.6705883 0.03921569 0.2196079 0.2588235 0.5019608 0.05882353 0.1803922 0.1294118 0.6117647 0.2 0.05882353 0.2 0.1686275 0.03137255 0.6 0.1019608 0.4980392 0.3607843 0.03921569 0.1294118 0.4431373 0.3686275 0.05882353 0.1490196 0.3019608 0.509804 0.03921569 0.1686275 0.3019608 0.4901961 0.03921569 0.1686275 0.3019608 0.4784314 0.0509804 0.3607843 0.2392157 0.1490196 0.2509804 0.3607843 0.2392157 0.1490196 0.2509804 0.3607843 0.2392157 0.1607843 0.2392157 0.2705882 0.07058824 0.01176471 0.6470588 0.2784314 0.07843138 0.6431373 0.3607843 0.2392157 0.1607843 0.2392157 0.2588235 0.07058824 0.6705883 0.2901961 0.07058824 0.01176471 0.627451 0.3607843 0.2392157 0.1607843 0.2392157 0.01960784 0.9803922 0.01960784 0.9803922 0.2784314 0.07843138 0.6431373 0.2705882 0.07058824 0.01176471 0.6470588 0.3607843 0.2392157 0.1490196 0.2509804 0.2588235 0.07058824 0.6705883 0.3607843 0.2392157 0.1490196 0.2509804 0.1686275 0.3019608 0.4784314 0.0509804 0.3607843 0.2392157 0.1607843 0.2392157 0.1686275 0.3019608 0.4901961 0.03921569 0.1294118 0.6117647 0.2 0.05882353 0.1490196 0.3019608 0.509804 0.03921569 0.1294118 0.4431373 0.3686275 0.05882353 0.2588235 0.5019608 0.05882353 0.1803922 0.2 0.1686275 0.03137255 0.6 0.1411765 0.3019608 0.5176471 0.03921569 0.1019608 0.4980392 0.3607843 0.03921569 0.07058824 0.6705883 0.03921569 0.2196079 0.1098039 0.7294118 0.1607843 0.6078432 0.3607843 0.03137255 0.01960784 0.5490196 0.4313726 0.01960784 0.5294118 0.4509804 0.4980392 0.5019608 0.4980392 0.5019608 0.4980392 0.5019608 0.4980392 0.5019608 0.4980392 0.5019608 0.4980392 0.5019608 0.4980392 0.5019608 0.4980392 0.5019608 0.4980392 0.5019608 0.4980392 0.5019608 0.4980392 0.5019608 0.4980392 0.5019608 0.4980392 0.5019608 0.4980392 0.5019608 0.4980392 0.5019608 0.4980392 0.5019608 0.4980392 0.5019608 0.4980392 0.5019608 0.4980392 0.5019608 0.4980392 0.5019608 0.4980392 0.5019608 0.4980392 0.5019608 0.4980392 0.5019608 0.4980392 0.5019608 0.4980392 0.5019608 0.4980392 0.5019608 0.4980392 0.5019608 0.4980392 0.5019608 0.4980392 0.5019608 0.4980392 0.5019608 0.4980392 0.5019608 0.4980392 0.5019608 0.4980392 0.5019608 0.4980392 0.5019608 0.4980392 0.5019608 0.1019608 0.8980393 0.2 0.8000001 0.2 0.8000001 0.2 0.8000001 0.4 0.6 0.4 0.6 0.4980392 0.5019608 0.4980392 0.5019608 0.4980392 0.5019608 0.4980392 0.5019608 0.4980392 0.5019608 0.4980392 0.5019608 0.4980392 0.5019608 0.4980392 0.5019608 0.4980392 0.5019608 0.4980392 0.5019608 0.4980392 0.5019608 0.4980392 0.5019608 0.4980392 0.5019608 0.4980392 0.5019608 0.4980392 0.5019608 0.4980392 0.5019608 0.4980392 0.5019608 0.4980392 0.5019608 0.4980392 0.5019608 0.4980392 0.5019608 0.4980392 0.5019608 0.4980392 0.5019608 0.4980392 0.5019608 0.4980392 0.5019608 0.4980392 0.5019608 0.4980392 0.5019608 0.4980392 0.5019608 0.4980392 0.5019608 0.4980392 0.5019608 0.4980392 0.5019608 0.4980392 0.5019608 0.4980392 0.5019608 0.4980392 0.5019608 0.4980392 0.5019608 0.4980392 0.5019608 0.4980392 0.5019608 0.4980392 0.5019608 0.4980392 0.5019608 0.4980392 0.5019608 0.4980392 0.5019608 0.4 0.6 0.4 0.6 0.2 0.8000001 0.4 0.6 0.4 0.6 0.2 0.8000001 0.2 0.8000001 0.1019608 0.8980393 0.1019608 0.8980393 0.2 0.8000001 0.1019608 0.8980393 0.1019608 0.8980393 0.1019608 0.8980393 0.1019608 0.8980393 0.2 0.8000001 0.2 0.8000001 0.4980392 0.5019608 0.4980392 0.5019608 0.4980392 0.5019608 0.4980392 0.5019608 0.4980392 0.5019608 0.4980392 0.5019608 0.4980392 0.5019608 0.4980392 0.5019608 0.4980392 0.5019608 0.4980392 0.5019608 0.4980392 0.5019608 0.4980392 0.5019608 0.4980392 0.5019608 0.4980392 0.5019608 0.4980392 0.5019608 0.4980392 0.5019608 0.4 0.6 0.4980392 0.5019608 0.4 0.6 0.4980392 0.5019608 0.7294118 0.03921569 0.2313726 0.7372549 0.0509804 0.2117647 0.7294118 0.03921569 0.2313726 0.7294118 0.03921569 0.2313726 0.7372549 0.0509804 0.2117647 0.7294118 0.03921569 0.2313726 0.7294118 0.03921569 0.2313726 0.7294118 0.03921569 0.2313726 0.1019608 0.8980393 0.1019608 0.8980393 0.1019608 0.8980393 0.1019608 0.8980393 0.2 0.8000001 0.1019608 0.8980393 0.2 0.8000001 0.1019608 0.8980393 0.2 0.8000001 0.3019608 0.6980392 0.2 0.8000001 0.3019608 0.6980392 0.3098039 0.6901961 0.4 0.6 0.4 0.6 0.3098039 0.6901961 0.1019608 0.8980393 0.1019608 0.8980393 0.1019608 0.8980393 0.1019608 0.8980393 0.2 0.8000001 0.1019608 0.8980393 0.1019608 0.8980393 0.2 0.8000001 0.4901961 0.509804 0.4117647 0.5882353 0.4901961 0.509804 0.4117647 0.5882353 0.4 0.6 0.3098039 0.6901961 0.4 0.6 0.3098039 0.6901961 0.3019608 0.6980392 0.2 0.8000001 0.2 0.8000001 0.3019608 0.6980392 0.07058824 0.1803922 0.7490196 0.7372549 0.0509804 0.2117647 0.7294118 0.03921569 0.2313726 0.7294118 0.03921569 0.2313726 0.07058824 0.1803922 0.7490196 0.7215686 0.03921569 0.2392157 0.6901961 0.03137255 0.2784314 0.6901961 0.03137255 0.2784314 0.7098039 0.03137255 0.2588235 0.7176471 0.03137255 0.2509804 0.7215686 0.03921569 0.2392157 0.7294118 0.03921569 0.2313726 0.7411765 0.03921569 0.2196079 0.7294118 0.03921569 0.2313726 0.07058824 0.1803922 0.7490196 0.7294118 0.03921569 0.2313726 0.7372549 0.0509804 0.2117647 0.7294118 0.03921569 0.2313726 0.07058824 0.1803922 0.7490196 0.7215686 0.03921569 0.2392157 0.6901961 0.03137255 0.2784314 0.6901961 0.03137255 0.2784314 0.7098039 0.03137255 0.2588235 0.7176471 0.03137255 0.2509804 0.7215686 0.03921569 0.2392157 0.7294118 0.03921569 0.2313726 0.7411765 0.03921569 0.2196079 0.7294118 0.03921569 0.2313726 0.4980392 0.5019608 0.4980392 0.5019608 0.4980392 0.5019608 0.4980392 0.5019608 0.01960784 0.1019608 0.8392158 0.03921569 0.01176471 0.09019608 0.7960785 0.1019608 0.05882353 0.8196079 0.1215686 0.01176471 0.1019608 0.8862746 0.8784314 0.1215686 0.9294118 0.07058824 0.8784314 0.1215686 0.8784314 0.1215686 0.9294118 0.07058824 0.8784314 0.1215686 0.01176471 0.05882353 0.8078432 0.1215686 0.01960784 0.1019608 0.8392158 0.03921569 0.01176471 0.09019608 0.7960785 0.1019608 0.1098039 0.7294118 0.1607843 0.2313726 0.6980392 0.07058824 0.01960784 0.5294118 0.4509804 0.03921569 0.5607843 0.4 0.05882353 0.6 0.3411765 0.8588236 0.1411765 0.4196079 0.5215687 0.03921569 0.01960784 0.03137255 0.5450981 0.01176471 0.4117647 0.9294118 0.07058824 0.1607843 0.4392157 0.3607843 0.03921569 0.07058824 0.4196079 0.4313726 0.07843138 0.1294118 0.6117647 0.2 0.05882353 0.2 0.1686275 0.03137255 0.6 0.03137255 0.1882353 0.6196079 0.1607843 0.1686275 0.3019608 0.4784314 0.0509804 0.1686275 0.3019608 0.4784314 0.0509804 0.3607843 0.2392157 0.1490196 0.2509804 0.03137255 0.1882353 0.7803922 0.1686275 0.3019608 0.4901961 0.03921569 0.0509804 0.7372549 0.2 0.01176471 0.3607843 0.2392157 0.1490196 0.2509804 0.2784314 0.07843138 0.6431373 0.3607843 0.2392157 0.1607843 0.2392157 0.2784314 0.07843138 0.6431373 0.2901961 0.09019608 0.01960784 0.6 0.01176471 0.9882354 0.3607843 0.2392157 0.1607843 0.2392157 0.01176471 0.9882354 0.1215686 0.01960784 0.8588236 0.2784314 0.07843138 0.6431373 0.2901961 0.09019608 0.01960784 0.6 0.2784314 0.07843138 0.6431373 0.3607843 0.2392157 0.1490196 0.2509804 0.3607843 0.2392157 0.1490196 0.2509804 0.1686275 0.3019608 0.4784314 0.0509804 0.1686275 0.3019608 0.4784314 0.0509804 0.1294118 0.6117647 0.2 0.05882353 0.07058824 0.4196079 0.4313726 0.07843138 0.2 0.1686275 0.03137255 0.6 0.1607843 0.4392157 0.3607843 0.03921569 0.03137255 0.5450981 0.01176471 0.4117647 0.1686275 0.3019608 0.4901961 0.03921569 0.3607843 0.5686275 0.01960784 0.0509804 0.05882353 0.6 0.3411765 0.01176471 0.5882353 0.4 0.5490196 0.4117647 0.03921569 0.1686275 0.7529413 0.07843138 0.3019608 0.6784314 0.01960784 0.01176471 0.5372549 0.4509804 0.1098039 0.7294118 0.1607843 0.3019608 0.6784314 0.01960784 0.7098039 0.03921569 0.2509804 0.7294118 0.03921569 0.2313726 0.7215686 0.03921569 0.2392157 0.6901961 0.03137255 0.2784314 0.6784314 0.03137255 0.2901961 0.6901961 0.03137255 0.2784314 0.01960784 0.4588236 0.5215687 0.6784314 0.01960784 0.3019608 0.7098039 0.03137255 0.2588235 0.01960784 0.4705883 0.509804 0.7294118 0.03921569 0.2313726 0.7294118 0.03921569 0.2313726 0.01960784 0.5490196 0.4313726 0.01960784 0.5294118 0.4509804 0.2705882 0.7294118 0.07058824 0.6705883 0.03921569 0.2196079 0.03137255 0.4392157 0.5294118 0.7294118 0.03921569 0.2313726 0.03921569 0.5607843 0.4 0.05882353 0.6 0.3411765 0.2509804 0.7490196 0.2588235 0.5019608 0.05882353 0.1803922 0.6901961 0.03137255 0.2784314 0.7176471 0.03137255 0.2509804 0.7098039 0.03137255 0.2588235 0.07843138 0.09019608 0.8313726 0.09019608 0.2392157 0.01176471 0.6588235 0.2 0.1686275 0.03137255 0.6 0.7294118 0.03921569 0.2313726 0.7294118 0.03921569 0.2313726 0.7411765 0.03921569 0.2196079 0.7294118 0.03921569 0.2313726 0.01176471 0.5176471 0.4705883 0.7176471 0.03137255 0.2509804 0.7294118 0.03921569 0.2313726 0.1803922 0.8196079 0.03137255 0.5450981 0.01176471 0.4117647 0.7098039 0.03921569 0.2509804 0.7215686 0.03921569 0.2392157 0.01176471 0.5294118 0.4588236 0.7098039 0.03137255 0.2588235 0.7176471 0.03137255 0.2509804 0.07843138 0.09019608 0.8313726 0.09019608 0.03921569 0.8705883 0.2 0.1686275 0.03137255 0.6 0.07058824 0.4196079 0.4313726 0.07843138 0.7294118 0.03921569 0.2313726 0.7098039 0.03921569 0.2509804 0.7215686 0.03921569 0.2392157 0.6901961 0.03137255 0.2784314 0.6784314 0.03137255 0.2901961 0.6901961 0.03137255 0.2784314 0.01960784 0.4588236 0.5215687 0.6784314 0.01960784 0.3019608 0.7098039 0.03137255 0.2588235 0.01960784 0.4588236 0.5215687 0.01960784 0.4705883 0.509804 0.7294118 0.03921569 0.2313726 0.7294118 0.03921569 0.2313726 0.01176471 0.5568628 0.4313726 0.01176471 0.5372549 0.4509804 0.03137255 0.4392157 0.5294118 0.7294118 0.03921569 0.2313726 0.01176471 0.5882353 0.4 0.2705882 0.7294118 0.07058824 0.6705883 0.03921569 0.2196079 0.01960784 0.4705883 0.509804 0.7294118 0.03921569 0.2313726 0.05882353 0.6 0.3411765 0.7294118 0.03921569 0.2313726 0.2509804 0.7490196 0.2588235 0.5019608 0.05882353 0.1803922 0.6901961 0.03137255 0.2784314 0.7176471 0.03137255 0.2509804 0.7098039 0.03137255 0.2588235 0.07843138 0.09019608 0.8313726 0.09019608 0.2392157 0.01176471 0.6588235 0.2 0.1686275 0.03137255 0.6 0.7294118 0.03921569 0.2313726 0.7411765 0.03921569 0.2196079 0.7176471 0.03137255 0.2509804 0.7294118 0.03921569 0.2313726 0.7098039 0.03921569 0.2509804 0.7215686 0.03921569 0.2392157 0.01176471 0.5294118 0.4588236 0.7098039 0.03137255 0.2588235 0.7176471 0.03137255 0.2509804 0.07843138 0.09019608 0.8313726 0.1803922 0.8196079 0.03137255 0.5450981 0.01176471 0.4117647 0.09019608 0.03921569 0.8705883 0.2 0.1686275 0.03137255 0.6 0.07058824 0.4196079 0.4313726 0.07843138 0.4980392 0.5019608 0.4980392 0.5019608 0.4980392 0.5019608 0.4980392 0.5019608 0.4980392 0.5019608 0.4980392 0.5019608 0.4980392 0.5019608 0.4980392 0.5019608 0.1098039 0.8000001 0.03921569 0.0509804</float_array>
          <technique_common>
            <accessor source="#geom-Clt_TES066_M__M_TES066_M-skin1-weights-array" count="7996" stride="1">
              <param name="WEIGHT" type="float"/>
            </accessor>
          </technique_common>
        </source>
        <joints>
          <input semantic="JOINT" source="#geom-Clt_TES066_M__M_TES066_M-skin1-joints"/>
          <input semantic="INV_BIND_MATRIX" source="#geom-Clt_TES066_M__M_TES066_M-skin1-bind_poses"/>
        </joints>
        <vertex_weights count="3590">
          <input semantic="JOINT" source="#geom-Clt_TES066_M__M_TES066_M-skin1-joints" offset="0"/>
          <input semantic="WEIGHT" source="#geom-Clt_TES066_M__M_TES066_M-skin1-weights" offset="1"/>
          <vcount>2 2 2 2 2 2 2 2 2 2 2 2 2 2 2 2 2 2 2 2 2 2 2 2 2 2 2 2 2 2 2 2 2 2 2 2 2 2 2 2 2 2 2 2 2 2 2 2 2 2 2 2 2 2 2 2 2 2 2 2 2 2 2 2 2 2 2 2 2 2 2 2 2 2 2 2 2 2 2 2 2 2 2 2 2 2 2 2 2 2 2 2 2 2 2 2 2 2 2 2 2 2 2 2 2 2 2 2 2 2 2 2 2 2 2 2 2 2 2 2 2 2 2 2 2 2 2 2 2 2 2 2 2 2 2 2 2 2 2 2 2 2 2 2 2 2 2 2 2 2 2 2 2 2 2 2 2 2 2 2 2 2 2 2 2 2 2 2 2 2 2 2 2 2 2 2 2 2 2 2 2 2 2 2 2 2 2 2 2 2 2 2 2 2 2 2 2 2 2 2 2 2 2 2 2 2 2 2 2 2 2 2 2 2 2 2 2 2 2 2 2 2 2 2 2 2 2 2 2 2 2 2 2 2 2 2 2 2 2 2 2 2 2 2 2 2 2 2 2 2 2 2 2 2 2 2 2 2 2 2 2 2 2 2 2 2 2 2 2 2 2 2 2 2 2 2 2 2 2 2 2 2 2 2 2 2 2 2 2 2 2 2 2 2 2 2 2 2 2 2 2 2 2 2 2 2 2 2 2 2 2 2 2 2 2 2 2 2 2 2 2 2 2 2 2 2 2 2 2 2 2 2 2 2 2 2 2 2 2 2 2 2 2 2 2 2 2 2 2 2 2 2 2 2 2 2 2 2 2 2 2 2 2 2 2 2 2 2 2 2 2 2 2 2 2 2 2 2 2 2 2 2 2 2 2 2 2 2 2 2 2 2 2 2 2 2 2 2 2 2 2 2 2 2 2 2 2 2 2 2 2 2 2 2 2 2 2 2 2 2 2 2 2 2 2 2 2 2 2 2 2 2 2 2 2 2 2 2 2 2 2 2 2 2 2 2 2 2 2 2 2 2 2 2 2 2 2 2 2 2 2 2 2 2 2 2 2 2 2 2 2 2 2 2 2 2 2 2 2 2 2 2 4 4 3 4 2 3 2 2 2 3 1 1 2 2 2 2 4 4 4 4 3 3 3 3 3 3 3 3 3 3 3 3 4 4 3 4 2 4 3 3 2 3 3 3 3 2 3 3 3 3 3 2 3 3 3 3 3 3 3 3 3 2 3 3 3 3 2 4 4 3 3 3 3 2 4 4 3 3 3 4 4 3 3 3 3 3 3 3 3 3 3 3 3 4 4 3 4 2 4 3 3 2 3 3 3 3 2 3 3 3 3 3 2 3 3 3 3 3 3 3 3 3 2 3 3 3 3 2 4 4 3 3 3 3 2 4 4 3 3 3 4 4 3 3 3 3 3 3 3 3 3 2 2 2 2 2 2 1 1 1 2 2 2 2 2 2 3 3 3 3 3 3 3 3 3 3 3 3 3 2 3 2 2 2 2 2 2 2 2 1 2 2 2 2 2 2 3 3 2 3 3 3 3 3 3 2 2 2 2 2 2 2 2 2 2 2 2 2 2 2 2 2 2 2 2 2 2 2 2 2 2 2 2 2 2 2 2 2 2 2 2 2 2 2 2 2 2 2 2 2 2 2 2 2 2 2 2 2 2 2 2 2 2 2 2 2 2 2 2 2 2 2 2 2 2 2 2 2 2 2 2 2 2 2 2 2 2 2 2 2 2 2 2 2 2 2 2 2 2 2 2 2 2 2 2 2 2 2 2 2 2 2 2 2 2 2 2 2 2 2 2 2 2 2 2 2 2 2 2 2 2 2 2 2 2 2 2 2 2 2 2 2 2 2 2 2 2 2 2 2 2 2 2 2 2 2 2 2 2 2 2 2 2 2 2 2 2 2 2 2 2 2 2 2 2 2 2 2 2 2 2 2 2 2 2 2 2 2 2 2 2 2 2 2 2 2 2 2 2 2 2 2 2 2 2 2 2 2 2 2 2 2 2 2 2 2 2 2 2 2 2 2 2 2 2 2 2 2 2 2 2 2 2 2 2 2 2 2 2 2 2 2 2 2 2 2 2 2 2 2 2 2 2 2 2 2 3 3 3 3 3 3 4 3 3 4 2 2 2 2 1 1 2 1 2 2 1 3 3 1 3 3 3 3 3 3 4 4 2 4 4 4 4 4 4 4 4 4 4 4 4 4 4 4 3 4 3 3 3 1 1 1 1 1 1 1 1 1 1 1 1 2 1 1 1 1 1 1 3 1 1 1 1 1 1 1 1 1 1 1 1 1 1 1 1 3 3 3 3 4 4 2 4 4 4 3 1 4 1 4 4 4 4 4 4 4 4 4 4 3 4 3 3 4 4 4 4 4 4 4 4 4 4 4 4 1 1 1 1 1 1 1 1 1 3 1 2 1 3 3 2 3 3 4 4 4 4 4 4 4 4 4 4 4 4 4 4 4 4 3 4 4 4 4 4 4 4 4 3 3 2 1 3 1 1 2 1 1 1 1 1 1 1 1 1 3 3 3 3 3 4 4 4 4 4 4 4 4 4 4 4 4 4 4 4 4 4 4 4 4 4 3 3 4 2 4 3 2 2 3 3 3 3 3 3 2 2 1 1 3 2 2 4 2 2 2 3 4 3 3 3 3 3 3 2 2 2 2 2 2 2 2 2 2 2 2 2 2 2 2 2 2 2 2 2 2 2 2 2 2 2 2 2 2 2 2 2 2 2 2 2 2 2 2 2 2 2 2 2 2 2 2 2 2 2 2 2 2 2 2 2 2 2 2 2 2 2 2 2 2 2 2 2 2 2 2 2 2 2 2 2 2 2 2 2 2 2 2 2 2 2 2 2 2 2 2 2 2 2 2 2 2 2 2 2 2 2 2 2 2 2 2 2 2 2 2 2 2 2 2 2 2 2 2 2 2 2 2 2 2 2 2 2 2 2 2 2 2 2 2 2 2 2 2 2 2 2 2 2 2 2 2 2 2 2 2 2 2 2 2 2 2 2 2 2 2 2 2 2 2 2 2 2 2 2 2 2 2 2 2 2 2 2 2 2 2 2 2 2 2 2 2 2 2 2 2 2 2 2 2 2 2 2 2 2 2 2 2 2 2 2 2 2 2 2 2 2 2 2 2 2 2 2 2 2 2 2 2 2 2 2 2 2 2 2 2 3 3 3 3 3 3 3 3 3 3 3 3 3 3 3 3 3 3 3 3 3 3 3 3 2 2 2 2 2 2 2 2 2 2 2 2 2 2 2 2 2 2 2 2 2 2 2 2 2 2 2 2 2 2 2 2 2 2 4 1 1 1 1 1 1 1 1 2 1 1 1 1 1 1 1 1 1 2 2 2 3 1 3 2 3 2 3 3 2 3 2 3 2 3 2 2 2 2 2 2 2 2 2 2 2 2 2 2 2 2 2 2 2 2 2 2 2 2 2 2 2 2 2 2 2 2 2 2 2 2 2 2 2 2 2 2 2 2 2 2 2 2 2 2 2 2 2 2 2 2 2 2 2 2 2 2 2 2 2 2 2 2 2 2 2 2 2 2 2 2 2 2 2 2 2 2 2 2 2 2 2 2 2 2 2 2 2 2 2 2 2 2 2 2 2 2 2 2 2 2 2 2 2 2 2 2 2 2 2 2 2 2 2 2 2 2 2 2 2 2 2 2 2 2 2 2 2 2 2 2 2 2 2 2 2 2 2 2 2 2 2 2 2 2 2 2 2 2 2 2 2 2 2 2 2 2 2 2 2 2 2 2 2 2 2 2 2 2 2 2 2 2 2 2 2 2 2 2 2 2 2 2 2 2 2 2 2 2 2 2 2 2 2 2 2 2 2 2 2 2 2 2 2 2 2 2 2 2 2 2 2 2 2 2 2 2 2 2 2 2 2 2 2 2 2 2 2 2 2 2 2 2 2 2 2 2 2 2 2 2 2 2 2 2 2 2 2 2 2 2 2 2 2 2 2 2 2 2 2 2 2 2 2 2 2 2 2 2 2 2 2 2 2 2 2 2 2 2 2 2 2 2 2 2 2 2 2 2 2 2 2 2 2 2 2 2 2 2 2 2 2 2 2 2 2 2 2 2 2 2 2 2 2 2 2 2 2 2 2 2 2 2 2 2 2 2 2 2 2 2 2 2 3 3 2 2 2 2 2 2 2 2 2 2 2 2 2 2 2 2 2 2 2 2 2 2 2 2 2 2 2 2 2 2 2 2 2 2 2 2 2 2 2 2 2 2 2 2 2 2 2 2 2 2 2 2 2 2 2 2 2 2 2 2 2 2 2 2 3 2 2 2 2 2 2 2 2 2 2 2 2 2 2 2 2 2 2 2 2 2 2 2 2 2 2 2 2 2 2 2 2 2 2 2 2 2 2 2 2 2 2 2 2 2 2 2 2 2 2 2 2 2 2 2 2 2 2 2 2 2 2 2 2 2 2 2 3 3 3 3 3 3 3 2 3 2 2 2 2 2 2 2 2 2 2 2 2 2 2 3 3 3 3 3 3 3 3 3 3 3 3 3 3 3 3 2 3 2 2 2 2 2 1 2 2 1 2 2 2 2 2 3 3 3 3 3 3 3 3 3 3 3 3 2 2 2 2 2 2 2 2 2 2 2 2 2 2 2 2 2 2 2 2 2 2 2 2 2 2 2 2 2 2 2 2 2 2 2 2 2 2 2 2 2 2 2 2 2 2 2 2 2 2 2 2 2 2 2 2 2 2 2 2 2 2 2 2 2 2 2 2 2 2 2 2 2 2 2 2 2 2 2 2 2 2 2 2 2 2 2 2 2 2 2 2 2 2 2 2 2 2 2 2 2 2 2 2 2 2 2 2 2 2 2 2 2 2 2 2 2 2 2 2 2 2 2 2 2 2 2 2 2 2 2 2 2 2 2 2 2 2 2 2 2 2 2 2 2 2 2 2 2 2 2 2 2 2 2 2 2 2 2 2 2 2 2 2 2 2 2 2 2 2 2 2 2 2 2 2 2 2 2 2 2 2 2 2 2 2 2 2 2 2 2 2 2 2 2 2 2 2 2 2 2 2 2 2 2 2 2 2 2 2 2 2 2 2 3 3 3 2 1 2 2 2 3 3 3 2 2 2 2 2 2 2 2 2 2 2 2 2 2 2 2 2 2 2 2 2 2 2 2 2 2 2 2 2 2 2 2 2 2 2 2 2 2 2 2 2 2 2 2 2 2 2 2 2 2 2 4 4 3 3 2 2 2 1 1 2 2 2 4 4 4 2 2 2 2 2 2 2 2 2 2 2 2 2 2 2 2 2 2 2 2 2 3 2 2 1 2 3 3 2 2 2 2 3 3 3 2 2 2 2 2 2 2 2 2 2 2 2 2 2 2 2 2 2 2 2 2 2 2 2 2 3 3 3 3 3 4 3 3 4 2 2 4 4 4 1 2 4 4 1 4 1 2 4 4 4 4 4 4 4 4 4 3 4 3 3 3 1 1 1 1 1 1 1 1 1 1 1 2 1 1 1 1 1 1 1 1 1 1 1 1 1 2 1 1 3 3 4 4 4 4 3 4 4 4 4 4 4 4 4 3 3 4 2 4 3 3 4 3 3 3 3 3 4 4 4 4 4 4 4 4 4 4 4 4 4 4 4 3 3 3 1 1 1 1 1 1 3 3 3 3 3 3 3 3 3 3 3 3 4 4 3 4 2 4 3 3 2 3 3 3 3 2 3 3 3 3 3 2 3 3 3 3 3 3 3 3 3 2 3 3 3 3 2 4 4 3 3 3 3 2 4 4 3 3 3 4 4 3 3 3 3 3 3 3 3 3 3 3 3 4 4 3 4 2 4 3 3 2 3 3 3 3 2 3 3 3 3 3 2 3 3 3 3 3 3 3 3 3 2 3 3 3 3 2 4 4 3 3 3 3 2 4 4 3 3 3 4 4 2 2 2 2 2 2 2 2 2 2 2 2 2 2 2 2 2 2 2 2 2 2 2 2 2 2 2 2 2 2 1 1 1 1 1 1 1 1 1 3 1 2 1 3 3 2 3 3 4 4 4 4 4 4 4 4 4 4 4 4 4 4 4 4 3 4 4 4 3 4 3 4 4 4 3 4 4 3 4 2 1 2 1 1 3 1 1 1 1 1 1 1 1 1 3 3 3 3 4 4 4 4 4 4 4 4 4 4 4 4 4 3 4 3 2 2 1 2 2 3 2 3 3 3 3 4 3 3 3 3 3 3 2 2 2 2 2 2 2 2 2 2 2 2 2 2 2 2 2 2 2 2 2 2 2 2 2 2 2 2 2 2 2 2 2 2 2 2 2 2 2 2 2 2 2 2 2 2 2 2 2 2 2 2 2 2 2 2 2 2 2 2 2 3 3 3 3 3 3 3 3 3 3 3 3 3 3 3 3 3 3 3 3 3 3 3 3 4 1 1 1 1 1 1 1 1 2 1 1 1 1 1 1 1 2 2 2 2 2 2 2 2 2 2 2 2 2 2 2 2 2 2 2 2 2 2 2 2 2 2 2 2 2 2 2 2 2 2 2 2 2 2 2 2 2 2 2 2 2 2 2 2 2 2 2 2 2 2 2 2 2 2 2 2 2 2 2 2 2 2 2 2 2 2 2 2 2 2 2 2 2 2 2 2 2 2 2 2 2 2 2 2 2 2 2 2 2 2 2 2 2 2 2 2 2 2 2 2 2 2 2 2 2 2 2 2 2 2 2 2 2 2 2 2 2 2 2 2 2 2 2 2 2 2 2 2 3 3 3 3 3 3 2 3 3 1 2 2 2 2 1 2 3 2 3 3 3 3 3 3 3 3 3 3 3 3 3 2 2 3 2 2 2 2 2 2 2 2 2 2 2 2 2 2 2 2 1 2 3 2 2 3 3 2 3 3 2 1 2 2 2 3 2 3 3 2 3 3 2 2 3 2 3 3 2 2 2 2 3 3 2 3 2 2 2 2 2 2 2 2 2 2 2 2 2 2 2 2 2 2 2 2 2 2 2 2 2 2 2 2 2 3 2 1 3 3 3 3 2 2 3 3 3 2 2 4 2 2 3 3 3 3 4 4 4 4 4 4 4 4 4 4 4 4 4 3 4 3 4 4 2 1 1 1 1 1 1 1 1 1 1 1 1 1 1 2 1 1 1 1 3 4 4 3 4 4 4 4 4 4 4 4 4 4 4 4 3 3 3 3 2 2 2 2 2 2 2 2 2 2 2 2 2 2 2 2 2 2 2 2 2 2 2 2 2 2 2 2 2 2 2 2 2 2 2 2 2 2 2 2 2 2 2 2 2 2 2 2 2 2 2 2 2 2 2 2 2 2 2 2 2 2 2 2 2 2 2 2 2 2 2 2 2 2 2 2 2 2 2 2 2 2 2 2 2 2 2 2 2 2 2 2 2 2 2 2 2 2 2 2 2 2 2 2 2 2 2 2 2 2 2 2 2 2 2 2 2 3 3 3 3 3 3 3 3 2 2 2 2 2 2 2 2 2 2 2 2 2 2 2 2 2 2 2 2 2 2 2 2 2 2 2 2 2 2 2 2 2 2 2 2 3 3 3 3 3 3 3 3 3 3 3 3 3 3 3 3 3 3 3 3 3 3 3 3 3 3 3 3 2 2 2 2 4 4 3 3 2 2 2 1 2 2 2 4 4 4 3 3 3 3 3 2 4 4 1 2 4 4 4 4 4 4 4 4 3 4 4 4 3 4 3 1 1 1 1 1 4 2 1 4 2 1 3 1 1 1 1 1 1 1 3 4 3 4 4 4 4 4 4 4 4 4 4 4 3 3 3 3 3 3 3 3 3 3 3 3 3 3 3 3 3 3 3 3 3 3 2 4 3 3 3 3 2 4 3 3 3 3 4 4 3 3 3 3 3 3 3 2 4 3 3 3 3 3 3 3 4 4 3 3 3 3 3 3 3 3 3 3 3 3 3 3 3 3 3 3 2 4 3 3 3 3 2 4 3 3 3 3 4 4 3 3 3 3 3 3 3 3 3 3 2 4 3 4 4 2 2 2 2 2 2 2 2 4 1 1 1 1 1 1 1 1 1 1 1 1 1 1 1</vcount>
          <v>3 1 20 2 3 3 20 4 3 5 20 6 3 7 20 8 3 9 20 10 3 11 20 12 3 13 20 14 3 15 20 16 3 17 20 18 3 19 20 20 3 21 20 22 3 23 20 24 3 25 20 26 3 27 20 28 3 29 20 30 3 31 20 32 3 33 20 34 3 35 20 36 3 37 20 38 3 39 20 40 3 41 20 42 3 43 20 44 3 45 20 46 3 47 20 48 3 49 20 50 3 51 20 52 3 53 20 54 3 55 20 56 3 57 20 58 3 59 20 60 3 61 20 62 3 63 20 64 3 65 20 66 3 67 20 68 3 69 20 70 3 71 20 72 3 73 20 74 3 75 20 76 3 77 20 78 3 79 20 80 3 81 20 82 3 83 20 84 3 85 20 86 3 87 20 88 3 89 20 90 3 91 20 92 3 93 20 94 3 95 20 96 3 97 20 98 3 99 20 100 3 101 20 102 3 103 20 104 3 105 20 106 3 107 20 108 3 109 20 110 3 111 20 112 3 113 20 114 3 115 20 116 3 117 20 118 3 119 20 120 3 121 20 122 3 123 20 124 3 125 20 126 3 127 20 128 3 129 20 130 3 131 20 132 3 133 20 134 3 135 20 136 3 137 20 138 3 139 20 140 3 141 20 142 3 143 20 144 3 145 20 146 3 147 20 148 3 149 20 150 3 151 20 152 3 153 20 154 3 155 20 156 3 157 20 158 3 159 20 160 3 161 20 162 3 163 20 164 3 165 20 166 3 167 20 168 3 169 20 170 3 171 20 172 3 173 20 174 3 175 20 176 3 177 20 178 3 179 20 180 3 181 20 182 3 183 20 184 3 185 20 186 3 187 20 188 3 189 20 190 3 191 20 192 3 193 20 194 3 195 20 196 3 197 20 198 3 199 20 200 3 201 20 202 3 203 20 204 3 205 20 206 3 207 20 208 3 209 20 210 3 211 20 212 3 213 20 214 3 215 20 216 3 217 20 218 3 219 20 220 3 221 20 222 3 223 20 224 3 225 20 226 3 227 20 228 3 229 20 230 3 231 20 232 3 233 20 234 3 235 20 236 3 237 20 238 3 239 20 240 3 241 20 242 3 243 20 244 3 245 20 246 3 247 20 248 3 249 20 250 3 251 20 252 3 253 20 254 3 255 20 256 3 257 20 258 3 259 20 260 3 261 20 262 3 263 20 264 3 265 20 266 3 267 20 268 3 269 20 270 3 271 20 272 3 273 20 274 3 275 20 276 3 277 20 278 3 279 20 280 3 281 20 282 3 283 20 284 3 285 20 286 3 287 20 288 3 289 20 290 3 291 20 292 3 293 20 294 3 295 20 296 3 297 20 298 3 299 20 300 3 301 20 302 3 303 20 304 3 305 20 306 3 307 20 308 3 309 20 310 3 311 20 312 3 313 20 314 3 315 20 316 3 317 20 318 3 319 20 320 3 321 20 322 3 323 20 324 3 325 20 326 3 327 20 328 3 329 20 330 3 331 20 332 3 333 20 334 3 335 20 336 3 337 20 338 3 339 20 340 3 341 20 342 3 343 20 344 3 345 20 346 3 347 20 348 3 349 20 350 3 351 20 352 3 353 20 354 3 355 20 356 3 357 20 358 3 359 20 360 3 361 20 362 3 363 20 364 3 365 20 366 3 367 20 368 3 369 20 370 3 371 20 372 3 373 20 374 3 375 20 376 3 377 20 378 3 379 20 380 3 381 20 382 3 383 20 384 3 385 20 386 3 387 20 388 3 389 20 390 3 391 20 392 3 393 20 394 3 395 20 396 3 397 20 398 3 399 20 400 3 401 20 402 3 403 20 404 3 405 20 406 3 407 20 408 3 409 20 410 3 411 20 412 3 413 20 414 3 415 20 416 3 417 20 418 3 419 20 420 3 421 20 422 3 423 20 424 3 425 20 426 3 427 20 428 3 429 20 430 3 431 20 432 3 433 20 434 3 435 20 436 3 437 20 438 3 439 20 440 3 441 20 442 3 443 20 444 3 445 20 446 3 447 20 448 3 449 20 450 3 451 20 452 3 453 20 454 3 455 20 456 3 457 20 458 3 459 20 460 3 461 20 462 3 463 20 464 3 465 20 466 3 467 20 468 3 469 20 470 3 471 20 472 3 473 20 474 3 475 20 476 3 477 20 478 3 479 20 480 3 481 20 482 3 483 20 484 3 485 20 486 3 487 20 488 3 489 20 490 3 491 20 492 3 493 20 494 3 495 20 496 3 497 20 498 3 499 20 500 3 501 20 502 3 503 20 504 3 505 20 506 3 507 20 508 3 509 20 510 3 511 20 512 3 513 20 514 3 515 20 516 3 517 20 518 3 519 20 520 3 521 20 522 3 523 20 524 3 525 20 526 3 527 20 528 3 529 20 530 3 531 20 532 3 533 20 534 3 535 20 536 3 537 20 538 3 539 20 540 3 541 20 542 3 543 20 544 3 545 20 546 3 547 20 548 3 549 20 550 3 551 20 552 3 553 20 554 3 555 20 556 3 557 20 558 3 559 20 560 3 561 20 562 3 563 20 564 3 565 20 566 3 567 20 568 3 569 20 570 3 571 20 572 3 573 20 574 3 575 20 576 3 577 20 578 3 579 20 580 3 581 20 582 3 583 20 584 3 585 20 586 3 587 20 588 3 589 20 590 3 591 20 592 3 593 20 594 3 595 20 596 3 597 20 598 3 599 20 600 3 601 20 602 3 603 20 604 3 605 20 606 3 607 20 608 3 609 20 610 3 611 20 612 3 613 20 614 3 615 20 616 3 617 20 618 3 619 20 620 3 621 20 622 3 623 20 624 3 625 20 626 3 627 20 628 3 629 20 630 3 631 20 632 3 633 20 634 3 635 20 636 3 637 20 638 3 639 20 640 3 641 20 642 3 643 20 644 3 645 20 646 3 647 20 648 3 649 20 650 3 651 20 652 3 653 20 654 3 655 20 656 3 657 20 658 3 659 20 660 3 661 20 662 3 663 20 664 3 665 20 666 3 667 20 668 3 669 20 670 3 671 20 672 3 673 20 674 3 675 20 676 3 677 20 678 3 679 20 680 3 681 20 682 3 683 20 684 3 685 20 686 3 687 20 688 3 689 20 690 3 691 20 692 3 693 20 694 3 695 20 696 3 697 20 698 3 699 20 700 3 701 20 702 3 703 20 704 3 705 20 706 3 707 20 708 3 709 20 710 3 711 20 712 3 713 20 714 3 715 20 716 3 717 20 718 3 719 20 720 3 721 20 722 3 723 20 724 3 725 20 726 3 727 20 728 3 729 20 730 3 731 20 732 3 733 20 734 3 735 20 736 3 737 20 738 3 739 20 740 3 741 20 742 3 743 20 744 3 745 20 746 3 747 20 748 3 749 20 750 3 751 20 752 3 753 20 754 3 755 20 756 3 757 20 758 3 759 20 760 3 761 20 762 3 763 20 764 3 765 20 766 3 767 20 768 3 769 20 770 3 771 20 772 3 773 20 774 3 775 20 776 3 777 20 778 3 779 20 780 3 781 20 782 3 783 20 784 3 785 20 786 3 787 20 788 3 789 20 790 3 791 20 792 3 793 20 794 3 795 20 796 3 797 20 798 3 799 20 800 3 801 20 802 3 803 20 804 3 805 20 806 3 807 20 808 3 809 20 810 3 811 20 812 3 813 20 814 3 815 20 816 3 817 20 818 3 819 20 820 3 821 20 822 3 823 20 824 3 825 20 826 3 827 20 828 3 829 20 830 3 831 20 832 3 833 20 834 3 835 20 836 3 837 20 838 3 839 20 840 3 841 20 842 3 843 20 844 3 845 20 846 3 847 20 848 3 849 20 850 3 851 20 852 3 853 20 854 3 855 20 856 3 857 20 858 3 859 20 860 3 861 20 862 3 863 20 864 3 865 20 866 3 867 20 868 3 869 20 870 3 871 20 872 3 873 20 874 3 875 20 876 3 877 20 878 3 879 20 880 3 881 20 882 3 883 20 884 3 885 20 886 3 887 20 888 3 889 20 890 3 891 20 892 3 893 20 894 3 895 20 896 3 897 20 898 3 899 20 900 3 901 20 902 3 903 20 904 3 905 20 906 3 907 20 908 3 909 20 910 3 911 20 912 3 913 20 914 3 915 20 916 3 917 20 918 3 919 20 920 3 921 20 922 3 923 20 924 3 925 20 926 3 927 20 928 3 929 20 930 3 931 20 932 3 933 20 934 3 935 20 936 3 937 20 938 3 939 20 940 3 941 20 942 3 943 20 944 3 945 20 946 3 947 20 948 3 949 20 950 3 951 20 952 3 953 20 954 3 955 20 956 3 957 20 958 3 959 20 960 3 961 20 962 3 963 20 964 1 965 2 966 3 967 12 968 1 969 2 970 3 971 12 972 2 973 3 974 12 975 1 976 2 977 3 978 12 979 3 980 12 981 1 982 2 983 3 984 3 985 12 986 3 987 12 988 3 989 12 990 1 991 2 992 3 993 3 0 3 0 3 994 4 995 3 996 4 997 3 998 4 999 3 1000 4 1001 1 1002 2 1003 3 1004 4 1005 1 1006 2 1007 3 1008 4 1009 1 1010 2 1011 3 1012 4 1013 1 1014 2 1015 3 1016 4 1017 13 1018 14 1019 19 1020 13 1021 14 1022 19 1023 13 1024 14 1025 19 1026 13 1027 14 1028 19 1029 13 1030 14 1031 19 1032 12 1033 13 1034 19 1035 13 1036 14 1037 19 1038 13 1039 14 1040 19 1041 12 1042 13 1043 19 1044 12 1045 13 1046 19 1047 12 1048 13 1049 19 1050 12 1051 13 1052 19 1053 3 1054 12 1055 13 1056 19 1057 2 1058 3 1059 12 1060 13 1061 3 1062 12 1063 19 1064 3 1065 12 1066 13 1067 19 1068 12 1069 19 1070 3 1071 12 1072 13 1073 19 1074 3 1075 12 1076 19 1077 12 1078 13 1079 19 1080 12 1081 19 1082 3 1083 12 1084 19 1085 13 1086 14 1087 19 1088 13 1089 14 1090 19 1091 12 1092 13 1093 19 1094 12 1095 19 1096 3 1097 12 1098 19 1099 13 1100 14 1101 19 1102 12 1103 13 1104 19 1105 13 1106 14 1107 19 1108 13 1109 14 1110 19 1111 12 1112 19 1113 12 1114 13 1115 19 1116 13 1117 14 1118 19 1119 13 1120 14 1121 19 1122 13 1123 14 1124 19 1125 13 1126 14 1127 19 1128 13 1129 14 1130 19 1131 12 1132 13 1133 19 1134 13 1135 14 1136 19 1137 13 1138 14 1139 19 1140 12 1141 19 1142 3 1143 12 1144 19 1145 12 1146 13 1147 19 1148 13 1149 14 1150 19 1151 13 1152 14 1153 19 1154 12 1155 19 1156 3 1157 12 1158 13 1159 19 1160 3 1161 12 1162 13 1163 19 1164 12 1165 13 1166 19 1167 13 1168 14 1169 19 1170 13 1171 14 1172 19 1173 13 1174 14 1175 19 1176 12 1177 19 1178 3 1179 12 1180 13 1181 19 1182 3 1183 12 1184 13 1185 19 1186 12 1187 13 1188 19 1189 12 1190 13 1191 19 1192 12 1193 13 1194 19 1195 3 1196 12 1197 13 1198 19 1199 3 1200 12 1201 13 1202 19 1203 5 1204 6 1205 11 1206 5 1207 6 1208 11 1209 5 1210 6 1211 11 1212 5 1213 6 1214 11 1215 5 1216 6 1217 11 1218 4 1219 5 1220 11 1221 5 1222 6 1223 11 1224 5 1225 6 1226 11 1227 4 1228 5 1229 11 1230 4 1231 5 1232 11 1233 4 1234 5 1235 11 1236 4 1237 5 1238 11 1239 3 1240 4 1241 5 1242 11 1243 2 1244 3 1245 4 1246 5 1247 3 1248 4 1249 11 1250 3 1251 4 1252 5 1253 11 1254 4 1255 11 1256 3 1257 4 1258 5 1259 11 1260 3 1261 4 1262 11 1263 4 1264 5 1265 11 1266 4 1267 11 1268 3 1269 4 1270 11 1271 5 1272 6 1273 11 1274 5 1275 6 1276 11 1277 4 1278 5 1279 11 1280 4 1281 11 1282 3 1283 4 1284 11 1285 5 1286 6 1287 11 1288 4 1289 5 1290 11 1291 5 1292 6 1293 11 1294 5 1295 6 1296 11 1297 4 1298 11 1299 4 1300 5 1301 11 1302 5 1303 6 1304 11 1305 5 1306 6 1307 11 1308 5 1309 6 1310 11 1311 5 1312 6 1313 11 1314 5 1315 6 1316 11 1317 4 1318 5 1319 11 1320 5 1321 6 1322 11 1323 5 1324 6 1325 11 1326 4 1327 11 1328 3 1329 4 1330 11 1331 4 1332 5 1333 11 1334 5 1335 6 1336 11 1337 5 1338 6 1339 11 1340 4 1341 11 1342 3 1343 4 1344 5 1345 11 1346 3 1347 4 1348 5 1349 11 1350 4 1351 5 1352 11 1353 5 1354 6 1355 11 1356 5 1357 6 1358 11 1359 5 1360 6 1361 11 1362 4 1363 11 1364 3 1365 4 1366 5 1367 11 1368 3 1369 4 1370 5 1371 11 1372 4 1373 5 1374 11 1375 4 1376 5 1377 11 1378 4 1379 5 1380 11 1381 3 1382 4 1383 5 1384 11 1385 3 1386 4 1387 5 1388 11 1389 3 1390 4 1391 11 1392 3 1393 4 1394 11 1395 3 1396 4 1397 11 1398 3 1399 4 1400 11 1401 3 1402 4 1403 11 1404 3 1405 4 1406 11 1407 3 1408 4 1409 11 1410 3 1411 4 1412 11 1413 3 1414 4 1415 11 1416 3 1417 4 1418 3 1419 4 1420 3 1421 4 1422 3 1423 4 1424 3 1425 4 1426 3 1427 4 1428 3 0 3 0 3 0 3 1429 12 1430 3 1431 12 1432 3 1433 12 1434 3 1435 12 1436 3 1437 12 1438 3 1439 12 1440 3 1441 12 1442 19 1443 3 1444 12 1445 19 1446 3 1447 12 1448 19 1449 3 1450 12 1451 19 1452 3 1453 12 1454 19 1455 3 1456 12 1457 19 1458 3 1459 12 1460 19 1461 3 1462 12 1463 19 1464 3 1465 12 1466 19 1467 3 1468 12 1469 19 1470 3 1471 12 1472 19 1473 3 1474 12 1475 19 1476 3 1477 12 1478 19 1479 3 1480 12 1481 3 1482 12 1483 19 1484 3 1485 12 1486 3 1487 12 1488 3 1489 12 1490 3 1491 12 1492 3 1493 12 1494 3 1495 12 1496 3 1497 4 1498 3 1499 4 1500 3 0 3 1501 4 1502 3 1503 4 1504 3 1505 4 1506 3 1507 4 1508 3 1509 4 1510 3 1511 4 1512 3 1513 4 1514 11 1515 3 1516 4 1517 11 1518 3 1519 4 1520 3 1521 4 1522 11 1523 3 1524 4 1525 11 1526 3 1527 4 1528 11 1529 3 1530 4 1531 11 1532 3 1533 4 1534 11 1535 3 1536 4 1537 11 1538 3 1539 20 1540 3 1541 20 1542 3 1543 20 1544 3 1545 20 1546 3 1547 20 1548 3 1549 20 1550 3 1551 20 1552 3 1553 20 1554 3 1555 20 1556 3 1557 20 1558 3 1559 20 1560 3 1561 20 1562 3 1563 20 1564 3 1565 20 1566 3 1567 20 1568 3 1569 20 1570 3 1571 20 1572 3 1573 20 1574 3 1575 20 1576 3 1577 20 1578 3 1579 20 1580 3 1581 20 1582 3 1583 20 1584 3 1585 20 1586 3 1587 20 1588 3 1589 20 1590 3 1591 20 1592 3 1593 20 1594 3 1595 20 1596 3 1597 20 1598 3 1599 20 1600 3 1601 20 1602 3 1603 20 1604 3 1605 20 1606 3 1607 20 1608 3 1609 20 1610 3 1611 20 1612 3 1613 20 1614 3 1615 20 1616 3 1617 20 1618 3 1619 20 1620 3 1621 20 1622 3 1623 20 1624 3 1625 20 1626 3 1627 20 1628 3 1629 20 1630 3 1631 20 1632 3 1633 20 1634 3 1635 20 1636 3 1637 20 1638 3 1639 20 1640 3 1641 20 1642 3 1643 20 1644 3 1645 20 1646 3 1647 20 1648 3 1649 20 1650 3 1651 20 1652 3 1653 20 1654 3 1655 20 1656 3 1657 20 1658 3 1659 20 1660 3 1661 20 1662 3 1663 20 1664 3 1665 20 1666 3 1667 20 1668 3 1669 20 1670 3 1671 20 1672 3 1673 20 1674 3 1675 20 1676 3 1677 20 1678 3 1679 20 1680 3 1681 20 1682 3 1683 20 1684 3 1685 20 1686 3 1687 20 1688 3 1689 20 1690 3 1691 20 1692 3 1693 20 1694 3 1695 20 1696 3 1697 20 1698 3 1699 20 1700 3 1701 20 1702 3 1703 20 1704 3 1705 20 1706 3 1707 20 1708 3 1709 20 1710 3 1711 20 1712 3 1713 20 1714 3 1715 20 1716 3 1717 20 1718 3 1719 20 1720 3 1721 20 1722 3 1723 20 1724 3 1725 20 1726 3 1727 20 1728 3 1729 20 1730 3 1731 20 1732 3 1733 20 1734 3 1735 20 1736 3 1737 20 1738 3 1739 20 1740 3 1741 20 1742 3 1743 20 1744 3 1745 20 1746 3 1747 20 1748 3 1749 20 1750 3 1751 20 1752 3 1753 20 1754 3 1755 20 1756 3 1757 20 1758 3 1759 20 1760 3 1761 20 1762 3 1763 20 1764 3 1765 20 1766 3 1767 20 1768 3 1769 20 1770 3 1771 20 1772 3 1773 20 1774 3 1775 20 1776 3 1777 20 1778 3 1779 20 1780 3 1781 20 1782 3 1783 20 1784 3 1785 20 1786 3 1787 20 1788 3 1789 20 1790 3 1791 20 1792 3 1793 20 1794 3 1795 20 1796 3 1797 20 1798 3 1799 20 1800 3 1801 20 1802 3 1803 20 1804 3 1805 20 1806 3 1807 20 1808 3 1809 20 1810 3 1811 20 1812 3 1813 20 1814 3 1815 20 1816 3 1817 20 1818 3 1819 20 1820 3 1821 20 1822 3 1823 20 1824 3 1825 20 1826 3 1827 20 1828 3 1829 20 1830 3 1831 20 1832 3 1833 20 1834 3 1835 20 1836 3 1837 20 1838 3 1839 20 1840 3 1841 20 1842 3 1843 20 1844 3 1845 20 1846 3 1847 20 1848 3 1849 20 1850 3 1851 20 1852 3 1853 20 1854 3 1855 20 1856 3 1857 20 1858 3 1859 20 1860 3 1861 20 1862 3 1863 20 1864 3 1865 20 1866 3 1867 20 1868 3 1869 20 1870 3 1871 20 1872 3 1873 20 1874 3 1875 20 1876 3 1877 20 1878 3 1879 20 1880 3 1881 20 1882 3 1883 20 1884 3 1885 20 1886 3 1887 20 1888 3 1889 20 1890 3 1891 20 1892 3 1893 20 1894 3 1895 20 1896 3 1897 20 1898 3 1899 20 1900 3 1901 20 1902 3 1903 20 1904 3 1905 20 1906 3 1907 20 1908 3 1909 20 1910 3 1911 20 1912 3 1913 20 1914 3 1915 20 1916 3 1917 20 1918 3 1919 20 1920 3 1921 20 1922 3 1923 20 1924 3 1925 20 1926 3 1927 20 1928 3 1929 20 1930 3 1931 20 1932 3 1933 20 1934 3 1935 20 1936 3 1937 20 1938 3 1939 20 1940 3 1941 20 1942 3 1943 20 1944 3 1945 20 1946 3 1947 20 1948 3 1949 20 1950 3 1951 20 1952 3 1953 20 1954 3 1955 20 1956 3 1957 20 1958 3 1959 20 1960 3 1961 20 1962 3 1963 20 1964 3 1965 20 1966 3 1967 20 1968 3 1969 20 1970 3 1971 20 1972 3 1973 20 1974 3 1975 20 1976 3 1977 20 1978 3 1979 20 1980 3 1981 20 1982 3 1983 20 1984 3 1985 20 1986 3 1987 20 1988 3 1989 20 1990 3 1991 20 1992 3 1993 20 1994 3 1995 20 1996 3 1997 20 1998 3 1999 20 2000 3 2001 20 2002 3 2003 20 2004 3 2005 20 2006 3 2007 20 2008 3 2009 20 2010 3 2011 20 2012 3 2013 20 2014 3 2015 20 2016 3 2017 20 2018 3 2019 20 2020 3 2021 20 2022 3 2023 20 2024 3 2025 20 2026 3 2027 20 2028 3 2029 20 2030 3 2031 20 2032 3 2033 20 2034 3 2035 20 2036 3 2037 20 2038 3 2039 20 2040 3 2041 4 2042 11 2043 3 2044 4 2045 11 2046 3 2047 4 2048 11 2049 3 2050 4 2051 11 2052 3 2053 4 2054 11 2055 3 2056 4 2057 11 2058 3 2059 4 2060 5 2061 11 2062 3 2063 4 2064 11 2065 3 2066 4 2067 11 2068 3 2069 4 2070 5 2071 11 2072 3 2073 4 2074 3 2075 4 2076 3 2077 4 2078 3 2079 4 2080 3 0 3 0 3 2081 12 2082 3 0 3 2083 12 2084 3 2085 12 2086 3 0 3 2087 12 2088 19 2089 3 2090 12 2091 19 2092 3 0 3 2093 12 2094 19 2095 3 2096 12 2097 19 2098 3 2099 12 2100 19 2101 3 2102 12 2103 19 2104 3 2105 12 2106 19 2107 3 2108 12 2109 19 2110 3 2111 12 2112 13 2113 19 2114 3 2115 12 2116 13 2117 19 2118 3 2119 12 2120 3 2121 12 2122 13 2123 19 2124 3 2125 12 2126 13 2127 19 2128 3 2129 12 2130 13 2131 19 2132 3 2133 12 2134 13 2135 19 2136 2 2137 3 2138 12 2139 13 2140 2 2141 3 2142 12 2143 13 2144 2 2145 3 2146 12 2147 13 2148 1 2149 2 2150 3 2151 21 2152 1 2153 2 2154 3 2155 21 2156 1 2157 2 2158 3 2159 21 2160 1 2161 2 2162 3 2163 12 2164 1 2165 2 2166 3 2167 21 2168 1 2169 2 2170 3 2171 21 2172 1 2173 2 2174 3 2175 21 2176 1 2177 2 2178 3 2179 21 2180 1 2181 2 2182 21 2183 1 2184 2 2185 3 2186 21 2187 1 2188 2 2189 21 2190 1 2191 2 2192 21 2193 1 2194 2 2195 21 2196 21 0 21 0 21 0 21 0 21 0 21 0 21 0 21 0 21 0 21 0 21 0 21 0 1 2197 21 2198 21 0 21 0 21 0 21 0 21 0 21 0 1 2199 2 2200 21 2201 21 0 21 0 21 0 21 0 21 0 21 0 21 0 21 0 21 0 21 0 21 0 21 0 21 0 21 0 21 0 21 0 1 2202 2 2203 21 2204 1 2205 2 2206 21 2207 1 2208 2 2209 21 2210 1 2211 2 2212 21 2213 1 2214 2 2215 3 2216 21 2217 1 2218 2 2219 3 2220 21 2221 1 2222 21 2223 1 2224 2 2225 3 2226 21 2227 1 2228 2 2229 3 2230 21 2231 1 2232 2 2233 3 2234 21 2235 1 2236 2 2237 21 2238 21 0 1 2239 2 2240 3 2241 21 2242 21 0 1 2243 2 2244 3 2245 21 2246 1 2247 2 2248 3 2249 21 2250 1 2251 2 2252 3 2253 21 2254 1 2255 2 2256 3 2257 21 2258 1 2259 2 2260 3 2261 21 2262 1 2263 2 2264 3 2265 21 2266 1 2267 2 2268 3 2269 21 2270 1 2271 2 2272 3 2273 21 2274 1 2275 2 2276 3 2277 21 2278 1 2279 2 2280 3 2281 21 2282 1 2283 2 2284 3 2285 1 2286 2 2287 3 2288 21 2289 1 2290 2 2291 3 2292 1 2293 2 2294 3 2295 1 2296 2 2297 3 2298 21 2299 1 2300 2 2301 3 2302 4 2303 1 2304 2 2305 3 2306 21 2307 1 2308 2 2309 3 2310 21 2311 2 2312 3 2313 4 2314 5 2315 3 2316 4 2317 5 2318 11 2319 3 2320 4 2321 5 2322 11 2323 3 2324 4 2325 5 2326 11 2327 2 2328 3 2329 4 2330 5 2331 2 2332 3 2333 4 2334 5 2335 3 2336 4 2337 5 2338 11 2339 1 2340 2 2341 3 2342 21 2343 21 0 21 0 21 0 21 0 21 0 21 0 21 0 21 0 21 0 1 2344 2 2345 21 2346 21 0 1 2347 21 2348 21 0 1 2349 2 2350 21 2351 1 2352 2 2353 21 2354 1 2355 21 2356 1 2357 2 2358 21 2359 1 2360 2 2361 21 2362 1 2363 2 2364 3 2365 21 2366 1 2367 2 2368 3 2369 21 2370 1 2371 2 2372 3 2373 21 2374 1 2375 2 2376 3 2377 21 2378 1 2379 2 2380 3 2381 21 2382 2 2383 3 2384 12 2385 13 2386 1 2387 2 2388 3 2389 21 2390 3 2391 12 2392 13 2393 19 2394 2 2395 3 2396 12 2397 13 2398 2 2399 3 2400 12 2401 13 2402 3 2403 12 2404 13 2405 19 2406 1 2407 2 2408 3 2409 21 2410 2 2411 3 2412 12 2413 13 2414 3 2415 12 2416 13 2417 19 2418 1 2419 2 2420 3 2421 12 2422 3 2423 12 2424 13 2425 19 2426 3 2427 12 2428 19 2429 2 2430 3 2431 12 2432 13 2433 1 2434 2 2435 3 2436 21 2437 1 2438 2 2439 3 2440 12 2441 1 2442 2 2443 3 2444 21 2445 1 2446 2 2447 3 2448 21 2449 1 2450 2 2451 3 2452 21 2453 1 2454 2 2455 3 2456 21 2457 1 2458 2 2459 3 2460 21 2461 1 2462 2 2463 21 2464 1 2465 2 2466 21 2467 1 2468 21 2469 21 0 1 2470 2 2471 21 2472 21 0 21 0 1 2473 21 2474 21 0 21 0 21 0 21 0 21 0 21 0 21 0 21 0 21 0 1 2475 2 2476 21 2477 1 2478 2 2479 21 2480 1 2481 2 2482 21 2483 1 2484 2 2485 21 2486 1 2487 2 2488 21 2489 1 2490 2 2491 3 2492 21 2493 1 2494 2 2495 3 2496 21 2497 1 2498 2 2499 3 2500 21 2501 1 2502 2 2503 3 2504 21 2505 1 2506 2 2507 3 2508 21 2509 1 2510 2 2511 3 2512 21 2513 1 2514 2 2515 3 2516 21 2517 1 2518 2 2519 3 2520 21 2521 2 2522 3 2523 4 2524 5 2525 2 2526 3 2527 4 2528 5 2529 3 2530 4 2531 5 2532 11 2533 1 2534 2 2535 3 2536 21 2537 2 2538 3 2539 4 2540 5 2541 3 2542 4 2543 5 2544 11 2545 1 2546 2 2547 3 2548 21 2549 1 2550 2 2551 3 2552 4 2553 2 2554 3 2555 4 2556 5 2557 3 2558 4 2559 5 2560 11 2561 1 2562 2 2563 3 2564 4 2565 2 2566 3 2567 4 2568 5 2569 3 2570 4 2571 5 2572 11 2573 3 2574 4 2575 11 2576 1 2577 2 2578 3 2579 1 2580 2 2581 3 2582 4 2583 3 2584 4 2585 3 2586 4 2587 5 2588 11 2589 3 2590 4 2591 11 2592 3 2593 4 2594 3 2595 4 2596 3 2597 4 2598 11 2599 3 2600 4 2601 11 2602 3 2603 4 2604 11 2605 3 2606 4 2607 11 2608 3 2609 4 2610 11 2611 3 2612 4 2613 11 2614 3 2615 4 2616 3 2617 4 2618 3 0 3 0 1 2619 2 2620 3 2621 3 2622 12 2623 3 2624 12 2625 1 2626 2 2627 3 2628 12 2629 3 2630 12 2631 3 2632 12 2633 3 2634 12 2635 3 2636 12 2637 19 2638 3 2639 12 2640 13 2641 19 2642 3 2643 12 2644 19 2645 3 2646 12 2647 19 2648 3 2649 12 2650 19 2651 3 2652 12 2653 19 2654 3 2655 12 2656 19 2657 3 2658 12 2659 19 2660 3 2661 20 2662 3 2663 20 2664 3 2665 20 2666 3 2667 20 2668 3 2669 20 2670 3 2671 20 2672 3 2673 20 2674 3 2675 20 2676 3 2677 20 2678 3 2679 20 2680 3 2681 20 2682 3 2683 20 2684 3 2685 20 2686 3 2687 20 2688 3 2689 20 2690 3 2691 20 2692 3 2693 20 2694 3 2695 20 2696 3 2697 20 2698 3 2699 20 2700 3 2701 20 2702 3 2703 20 2704 3 2705 20 2706 3 2707 20 2708 3 2709 20 2710 3 2711 20 2712 3 2713 20 2714 3 2715 20 2716 3 2717 20 2718 3 2719 20 2720 3 2721 20 2722 3 2723 20 2724 3 2725 20 2726 3 2727 20 2728 3 2729 20 2730 3 2731 20 2732 3 2733 20 2734 3 2735 20 2736 3 2737 20 2738 3 2739 20 2740 3 2741 20 2742 3 2743 20 2744 3 2745 20 2746 3 2747 20 2748 3 2749 20 2750 3 2751 20 2752 3 2753 20 2754 3 2755 20 2756 3 2757 20 2758 3 2759 20 2760 3 2761 20 2762 3 2763 20 2764 3 2765 20 2766 3 2767 20 2768 3 2769 20 2770 3 2771 20 2772 3 2773 20 2774 3 2775 20 2776 3 2777 20 2778 3 2779 20 2780 3 2781 20 2782 3 2783 20 2784 3 2785 20 2786 3 2787 20 2788 3 2789 20 2790 3 2791 20 2792 3 2793 20 2794 3 2795 20 2796 3 2797 20 2798 3 2799 20 2800 3 2801 20 2802 3 2803 20 2804 3 2805 20 2806 3 2807 20 2808 3 2809 20 2810 3 2811 20 2812 3 2813 20 2814 3 2815 20 2816 3 2817 20 2818 3 2819 20 2820 3 2821 20 2822 3 2823 20 2824 3 2825 20 2826 3 2827 20 2828 3 2829 20 2830 3 2831 20 2832 3 2833 20 2834 3 2835 20 2836 3 2837 20 2838 3 2839 20 2840 3 2841 20 2842 3 2843 20 2844 3 2845 20 2846 3 2847 20 2848 3 2849 20 2850 3 2851 20 2852 3 2853 20 2854 3 2855 20 2856 3 2857 20 2858 3 2859 20 2860 3 2861 20 2862 3 2863 20 2864 3 2865 20 2866 3 2867 20 2868 3 2869 20 2870 3 2871 20 2872 3 2873 20 2874 3 2875 20 2876 3 2877 20 2878 3 2879 20 2880 3 2881 20 2882 3 2883 20 2884 3 2885 20 2886 3 2887 20 2888 3 2889 20 2890 3 2891 20 2892 3 2893 20 2894 3 2895 20 2896 3 2897 20 2898 3 2899 20 2900 3 2901 20 2902 3 2903 20 2904 3 2905 20 2906 3 2907 20 2908 3 2909 20 2910 3 2911 20 2912 3 2913 20 2914 3 2915 20 2916 3 2917 20 2918 3 2919 20 2920 3 2921 20 2922 3 2923 20 2924 3 2925 20 2926 3 2927 20 2928 3 2929 20 2930 3 2931 20 2932 3 2933 20 2934 3 2935 20 2936 3 2937 20 2938 3 2939 20 2940 3 2941 20 2942 3 2943 20 2944 3 2945 20 2946 3 2947 20 2948 3 2949 20 2950 3 2951 20 2952 3 2953 20 2954 3 2955 20 2956 3 2957 20 2958 3 2959 20 2960 3 2961 20 2962 3 2963 20 2964 3 2965 20 2966 3 2967 20 2968 3 2969 20 2970 3 2971 20 2972 3 2973 20 2974 3 2975 20 2976 3 2977 20 2978 3 2979 20 2980 3 2981 20 2982 3 2983 20 2984 3 2985 20 2986 3 2987 20 2988 3 2989 20 2990 3 2991 20 2992 3 2993 20 2994 3 2995 20 2996 3 2997 20 2998 3 2999 20 3000 3 3001 20 3002 3 3003 20 3004 3 3005 20 3006 3 3007 20 3008 3 3009 20 3010 3 3011 20 3012 3 3013 20 3014 3 3015 20 3016 3 3017 20 3018 3 3019 20 3020 3 3021 20 3022 3 3023 20 3024 3 3025 20 3026 3 3027 20 3028 3 3029 20 3030 3 3031 20 3032 3 3033 20 3034 3 3035 20 3036 3 3037 20 3038 3 3039 20 3040 3 3041 20 3042 3 3043 20 3044 3 3045 20 3046 3 3047 20 3048 3 3049 20 3050 3 3051 20 3052 3 3053 20 3054 3 3055 20 3056 3 3057 20 3058 3 3059 20 3060 3 3061 20 3062 3 3063 20 3064 3 3065 20 3066 3 3067 20 3068 3 3069 20 3070 3 3071 20 3072 3 3073 20 3074 3 3075 20 3076 3 3077 20 3078 3 3079 20 3080 3 3081 20 3082 3 3083 20 3084 3 3085 20 3086 3 3087 20 3088 3 3089 20 3090 3 3091 20 3092 3 3093 20 3094 3 3095 20 3096 3 3097 20 3098 3 3099 20 3100 3 3101 20 3102 3 3103 20 3104 3 3105 20 3106 3 3107 20 3108 3 3109 20 3110 3 3111 20 3112 3 3113 20 3114 3 3115 20 3116 3 3117 20 3118 3 3119 20 3120 3 3121 20 3122 3 3123 20 3124 12 3125 13 3126 19 3127 13 3128 14 3129 19 3130 13 3131 14 3132 19 3133 13 3134 14 3135 19 3136 13 3137 14 3138 19 3139 13 3140 14 3141 19 3142 13 3143 14 3144 19 3145 13 3146 14 3147 19 3148 13 3149 14 3150 19 3151 13 3152 14 3153 19 3154 13 3155 14 3156 19 3157 13 3158 14 3159 19 3160 4 3161 5 3162 11 3163 5 3164 6 3165 11 3166 5 3167 6 3168 11 3169 5 3170 6 3171 11 3172 5 3173 6 3174 11 3175 5 3176 6 3177 11 3178 5 3179 6 3180 11 3181 5 3182 6 3183 11 3184 5 3185 6 3186 11 3187 5 3188 6 3189 11 3190 5 3191 6 3192 11 3193 5 3194 6 3195 11 3196 3 3197 20 3198 3 3199 20 3200 3 3201 20 3202 3 3203 20 3204 3 3205 20 3206 3 3207 20 3208 3 3209 20 3210 3 3211 20 3212 3 3213 20 3214 3 3215 20 3216 3 3217 20 3218 3 3219 20 3220 3 3221 20 3222 3 3223 20 3224 3 3225 20 3226 3 3227 20 3228 3 3229 20 3230 3 3231 20 3232 3 3233 20 3234 3 3235 20 3236 3 3237 20 3238 3 3239 20 3240 3 3241 20 3242 3 3243 20 3244 3 3245 20 3246 3 3247 20 3248 3 3249 20 3250 3 3251 20 3252 3 3253 20 3254 3 3255 20 3256 3 3257 20 3258 3 3259 20 3260 3 3261 20 3262 3 3263 20 3264 1 3265 21 3266 22 3267 23 3268 21 0 21 0 21 0 21 0 21 0 21 0 21 0 21 0 1 3269 21 3270 21 0 21 0 21 0 21 0 21 0 21 0 21 0 21 0 21 0 3 3271 4 3272 3 3273 4 3274 3 3275 4 3276 3 3277 4 3278 11 3279 3 0 3 3280 4 3281 11 3282 3 3283 12 3284 3 3285 4 3286 11 3287 3 3288 12 3289 3 3290 4 3291 11 3292 3 3293 12 3294 19 3295 3 3296 4 3297 3 3298 12 3299 19 3300 3 3301 4 3302 3 3303 12 3304 19 3305 3 3306 4 3307 3 3308 12 3309 19 3310 3 3311 4 3312 3 3313 12 3314 3 3315 12 3316 3 3317 12 3318 3 3319 20 3320 3 3321 20 3322 3 3323 20 3324 3 3325 20 3326 3 3327 20 3328 3 3329 20 3330 3 3331 20 3332 3 3333 20 3334 3 3335 20 3336 3 3337 20 3338 3 3339 20 3340 3 3341 20 3342 3 3343 20 3344 3 3345 20 3346 3 3347 20 3348 3 3349 20 3350 3 3351 20 3352 3 3353 20 3354 3 3355 20 3356 3 3357 20 3358 3 3359 20 3360 3 3361 20 3362 3 3363 20 3364 3 3365 20 3366 3 3367 20 3368 3 3369 20 3370 3 3371 20 3372 3 3373 20 3374 3 3375 20 3376 3 3377 20 3378 3 3379 20 3380 3 3381 20 3382 3 3383 20 3384 3 3385 20 3386 3 3387 20 3388 3 3389 20 3390 3 3391 20 3392 3 3393 20 3394 3 3395 20 3396 3 3397 20 3398 3 3399 20 3400 3 3401 20 3402 3 3403 20 3404 3 3405 20 3406 3 3407 20 3408 3 3409 20 3410 3 3411 20 3412 3 3413 20 3414 3 3415 20 3416 3 3417 20 3418 3 3419 20 3420 3 3421 20 3422 3 3423 20 3424 3 3425 20 3426 3 3427 20 3428 3 3429 20 3430 3 3431 20 3432 3 3433 20 3434 3 3435 20 3436 3 3437 20 3438 3 3439 20 3440 3 3441 20 3442 3 3443 20 3444 3 3445 20 3446 3 3447 20 3448 3 3449 20 3450 3 3451 20 3452 3 3453 20 3454 3 3455 20 3456 3 3457 20 3458 3 3459 20 3460 3 3461 20 3462 3 3463 20 3464 3 3465 20 3466 3 3467 20 3468 3 3469 20 3470 3 3471 20 3472 3 3473 20 3474 3 3475 20 3476 3 3477 20 3478 3 3479 20 3480 3 3481 20 3482 3 3483 20 3484 3 3485 20 3486 3 3487 20 3488 3 3489 20 3490 3 3491 20 3492 3 3493 20 3494 3 3495 20 3496 3 3497 20 3498 3 3499 20 3500 3 3501 20 3502 3 3503 20 3504 3 3505 20 3506 3 3507 20 3508 3 3509 20 3510 3 3511 20 3512 3 3513 20 3514 3 3515 20 3516 3 3517 20 3518 3 3519 20 3520 3 3521 20 3522 3 3523 20 3524 3 3525 20 3526 3 3527 20 3528 3 3529 20 3530 3 3531 20 3532 3 3533 20 3534 3 3535 20 3536 3 3537 20 3538 3 3539 20 3540 3 3541 20 3542 3 3543 20 3544 3 3545 20 3546 3 3547 20 3548 3 3549 20 3550 3 3551 20 3552 3 3553 20 3554 3 3555 20 3556 3 3557 20 3558 3 3559 20 3560 3 3561 20 3562 3 3563 20 3564 3 3565 20 3566 3 3567 20 3568 3 3569 20 3570 3 3571 20 3572 3 3573 20 3574 3 3575 20 3576 3 3577 20 3578 3 3579 20 3580 3 3581 20 3582 3 3583 20 3584 3 3585 20 3586 3 3587 20 3588 3 3589 20 3590 3 3591 20 3592 3 3593 20 3594 3 3595 20 3596 3 3597 20 3598 3 3599 20 3600 3 3601 20 3602 3 3603 20 3604 3 3605 20 3606 3 3607 20 3608 3 3609 20 3610 3 3611 20 3612 3 3613 20 3614 3 3615 20 3616 3 3617 20 3618 3 3619 20 3620 3 3621 20 3622 3 3623 20 3624 3 3625 20 3626 3 3627 20 3628 3 3629 20 3630 3 3631 20 3632 3 3633 20 3634 3 3635 20 3636 3 3637 20 3638 3 3639 20 3640 3 3641 20 3642 3 3643 20 3644 3 3645 20 3646 3 3647 20 3648 3 3649 20 3650 3 3651 20 3652 3 3653 20 3654 3 3655 20 3656 3 3657 20 3658 3 3659 20 3660 3 3661 20 3662 3 3663 20 3664 3 3665 20 3666 3 3667 20 3668 3 3669 20 3670 3 3671 20 3672 3 3673 20 3674 3 3675 20 3676 3 3677 20 3678 3 3679 20 3680 3 3681 20 3682 3 3683 20 3684 3 3685 20 3686 3 3687 20 3688 3 3689 20 3690 3 3691 20 3692 3 3693 20 3694 3 3695 20 3696 3 3697 20 3698 3 3699 20 3700 3 3701 20 3702 3 3703 20 3704 3 3705 20 3706 3 3707 20 3708 3 3709 20 3710 3 3711 20 3712 3 3713 20 3714 3 3715 20 3716 3 3717 20 3718 3 3719 20 3720 3 3721 20 3722 3 3723 20 3724 3 3725 20 3726 3 3727 20 3728 3 3729 20 3730 3 3731 20 3732 3 3733 20 3734 3 3735 20 3736 3 3737 20 3738 3 3739 20 3740 3 3741 20 3742 3 3743 20 3744 3 3745 20 3746 3 3747 20 3748 3 3749 20 3750 3 3751 20 3752 3 3753 20 3754 3 3755 20 3756 3 3757 20 3758 3 3759 20 3760 3 3761 20 3762 3 3763 20 3764 3 3765 20 3766 3 3767 20 3768 3 3769 20 3770 3 3771 20 3772 3 3773 20 3774 3 3775 20 3776 3 3777 20 3778 3 3779 20 3780 3 3781 20 3782 3 3783 20 3784 3 3785 20 3786 3 3787 20 3788 3 3789 20 3790 3 3791 20 3792 3 3793 20 3794 3 3795 20 3796 3 3797 20 3798 3 3799 20 3800 3 3801 20 3802 3 3803 20 3804 3 3805 20 3806 3 3807 20 3808 3 3809 20 3810 3 3811 20 3812 3 3813 20 3814 3 3815 20 3816 3 3817 20 3818 3 3819 20 3820 3 3821 20 3822 3 3823 20 3824 3 3825 20 3826 3 3827 20 3828 3 3829 20 3830 3 3831 20 3832 3 3833 20 3834 3 3835 20 3836 3 3837 20 3838 3 3839 20 3840 3 3841 20 3842 3 3843 20 3844 3 3845 20 3846 3 3847 20 3848 3 3849 20 3850 3 3851 20 3852 3 3853 20 3854 3 3855 20 3856 3 3857 20 3858 3 3859 20 3860 3 3861 20 3862 3 3863 20 3864 3 3865 20 3866 3 3867 20 3868 3 3869 20 3870 3 3871 20 3872 3 3873 20 3874 3 3875 20 3876 3 3877 20 3878 3 3879 20 3880 3 3881 20 3882 3 3883 20 3884 3 3885 20 3886 3 3887 20 3888 3 3889 20 3890 3 3891 20 3892 3 3893 20 3894 3 3895 20 3896 3 3897 20 3898 3 3899 20 3900 3 3901 20 3902 3 3903 20 3904 3 3905 20 3906 3 3907 20 3908 3 3909 20 3910 3 3911 20 3912 3 3913 20 3914 3 3915 20 3916 3 3917 20 3918 3 3919 20 3920 3 3921 20 3922 3 3923 20 3924 3 3925 20 3926 3 3927 20 3928 3 3929 20 3930 3 3931 20 3932 3 3933 20 3934 3 3935 20 3936 3 3937 20 3938 3 3939 20 3940 3 3941 20 3942 3 3943 20 3944 3 3945 20 3946 3 3947 20 3948 3 3949 20 3950 3 3951 20 3952 3 3953 20 3954 3 3955 20 3956 3 3957 20 3958 3 3959 20 3960 3 3961 20 3962 3 3963 20 3964 3 3965 20 3966 3 3967 20 3968 3 3969 20 3970 3 3971 20 3972 3 3973 20 3974 3 3975 20 3976 3 3977 20 3978 3 3979 20 3980 3 3981 20 3982 3 3983 20 3984 3 3985 12 3986 3 3987 12 3988 19 3989 3 3990 12 3991 19 3992 3 3993 12 3994 3 3995 12 3996 3 3997 12 3998 3 3999 20 4000 3 4001 20 4002 3 4003 20 4004 3 4005 20 4006 3 4007 20 4008 3 4009 20 4010 3 4011 20 4012 3 4013 20 4014 3 4015 20 4016 3 4017 20 4018 3 4019 20 4020 3 4021 20 4022 3 4023 20 4024 3 4025 20 4026 3 4027 20 4028 3 4029 20 4030 3 4031 20 4032 3 4033 20 4034 3 4035 20 4036 3 4037 20 4038 3 4039 20 4040 3 4041 20 4042 3 4043 20 4044 3 4045 20 4046 3 4047 20 4048 3 4049 20 4050 3 4051 20 4052 3 4053 20 4054 3 4055 20 4056 3 4057 20 4058 3 4059 20 4060 3 4061 20 4062 3 4063 20 4064 3 4065 20 4066 3 4067 20 4068 3 4069 20 4070 3 4071 20 4072 3 4073 20 4074 3 4075 20 4076 3 4077 20 4078 3 4079 20 4080 3 4081 20 4082 3 4083 20 4084 3 4085 20 4086 3 4087 20 4088 3 4089 20 4090 3 4091 20 4092 3 4093 20 4094 3 4095 20 4096 3 4097 20 4098 3 4099 20 4100 3 4101 20 4102 3 4103 20 4104 3 4105 20 4106 3 4107 20 4108 3 4109 20 4110 3 4111 20 4112 3 4113 20 4114 3 4115 20 4116 3 4117 20 4118 3 4119 4 4120 3 4121 12 4122 19 4123 3 4124 12 4125 3 4126 12 4127 3 4128 4 4129 3 4130 12 4131 3 4132 20 4133 3 4134 20 4135 3 4136 20 4137 3 4138 20 4139 3 4140 20 4141 3 4142 20 4143 3 4144 20 4145 3 4146 20 4147 3 4148 20 4149 3 4150 20 4151 3 4152 20 4153 3 4154 20 4155 3 4156 20 4157 3 4158 20 4159 3 4160 20 4161 3 4162 20 4163 3 4164 20 4165 3 4166 20 4167 3 4168 20 4169 3 4170 20 4171 3 4172 20 4173 3 4174 20 4175 3 4176 20 4177 3 4178 20 4179 3 4180 20 4181 3 4182 20 4183 3 4184 20 4185 3 4186 20 4187 3 4188 20 4189 3 4190 20 4191 3 4192 20 4193 3 4194 20 4195 3 4196 20 4197 3 4198 20 4199 3 4200 20 4201 3 4202 20 4203 3 4204 20 4205 3 4206 20 4207 3 4208 20 4209 3 4210 20 4211 3 4212 20 4213 3 4214 20 4215 3 4216 20 4217 3 4218 20 4219 3 4220 20 4221 3 4222 20 4223 3 4224 20 4225 3 4226 20 4227 3 4228 20 4229 3 4230 20 4231 3 4232 20 4233 3 4234 20 4235 3 4236 20 4237 3 4238 20 4239 3 4240 20 4241 3 4242 20 4243 3 4244 20 4245 3 4246 20 4247 3 4248 20 4249 3 4250 20 4251 3 4252 20 4253 3 4254 20 4255 3 4256 20 4257 3 4258 4 4259 11 4260 3 4261 4 4262 11 4263 3 4264 4 4265 11 4266 3 4267 4 4268 11 4269 3 4270 4 4271 11 4272 3 4273 4 4274 11 4275 3 4276 4 4277 11 4278 3 4279 4 4280 3 4281 4 4282 11 4283 3 4284 4 4285 3 4286 4 4287 3 4288 4 4289 3 4290 4 4291 3 4292 4 4293 3 4294 4 4295 3 4296 4 4297 3 4298 4 4299 3 4300 4 4301 3 4302 4 4303 3 4304 4 4305 3 4306 12 4307 3 4308 12 4309 3 4310 12 4311 3 4312 12 4313 19 4314 3 4315 12 4316 19 4317 3 4318 12 4319 19 4320 3 4321 12 4322 19 4323 3 4324 12 4325 19 4326 3 4327 12 4328 19 4329 3 4330 12 4331 19 4332 3 4333 12 4334 19 4335 3 4336 12 4337 19 4338 3 4339 12 4340 19 4341 3 4342 12 4343 19 4344 3 4345 12 4346 19 4347 3 4348 12 4349 19 4350 3 4351 12 4352 19 4353 3 4354 12 4355 19 4356 3 4357 12 4358 19 4359 3 4360 12 4361 3 4362 12 4363 19 4364 3 4365 12 4366 3 4367 12 4368 3 4369 12 4370 3 4371 12 4372 3 4373 4 4374 3 0 3 4375 12 4376 3 4377 12 4378 3 0 3 4379 4 4380 3 4381 4 4382 3 4383 4 4384 3 4385 4 4386 3 4387 4 4388 3 4389 4 4390 11 4391 3 4392 4 4393 11 4394 3 4395 4 4396 11 4397 3 4398 4 4399 11 4400 3 4401 4 4402 11 4403 3 4404 4 4405 11 4406 3 4407 4 4408 11 4409 3 4410 4 4411 11 4412 3 4413 4 4414 11 4415 3 4416 4 4417 11 4418 3 4419 4 4420 11 4421 3 4422 4 4423 11 4424 3 4425 20 4426 3 4427 20 4428 3 4429 20 4430 3 4431 20 4432 3 4433 20 4434 3 4435 20 4436 3 4437 20 4438 3 4439 20 4440 3 4441 20 4442 3 4443 20 4444 3 4445 20 4446 3 4447 20 4448 3 4449 20 4450 3 4451 20 4452 3 4453 20 4454 3 4455 20 4456 3 4457 20 4458 3 4459 20 4460 3 4461 20 4462 3 4463 20 4464 3 4465 20 4466 3 4467 20 4468 3 4469 20 4470 3 4471 20 4472 3 4473 20 4474 3 4475 20 4476 3 4477 20 4478 3 4479 20 4480 3 4481 20 4482 3 4483 20 4484 3 4485 20 4486 3 4487 20 4488 3 4489 20 4490 3 4491 20 4492 3 4493 20 4494 3 4495 20 4496 3 4497 20 4498 3 4499 20 4500 3 4501 20 4502 3 4503 20 4504 3 4505 20 4506 3 4507 20 4508 3 4509 20 4510 3 4511 20 4512 3 4513 20 4514 3 4515 20 4516 3 4517 20 4518 3 4519 20 4520 3 4521 20 4522 3 4523 20 4524 3 4525 20 4526 3 4527 20 4528 3 4529 20 4530 3 4531 20 4532 3 4533 20 4534 3 4535 20 4536 3 4537 20 4538 3 4539 20 4540 3 4541 20 4542 3 4543 20 4544 3 4545 20 4546 3 4547 20 4548 3 4549 20 4550 3 4551 20 4552 3 4553 20 4554 3 4555 20 4556 3 4557 20 4558 3 4559 20 4560 3 4561 20 4562 3 4563 20 4564 3 4565 20 4566 3 4567 20 4568 3 4569 20 4570 3 4571 20 4572 3 4573 20 4574 3 4575 20 4576 3 4577 20 4578 3 4579 20 4580 3 4581 20 4582 3 4583 20 4584 3 4585 20 4586 3 4587 20 4588 3 4589 20 4590 3 4591 20 4592 3 4593 20 4594 3 4595 20 4596 3 4597 20 4598 3 4599 20 4600 3 4601 20 4602 3 4603 20 4604 3 4605 20 4606 3 4607 20 4608 3 4609 20 4610 3 4611 20 4612 3 4613 20 4614 3 4615 20 4616 3 4617 20 4618 3 4619 20 4620 3 4621 20 4622 3 4623 20 4624 3 4625 20 4626 3 4627 20 4628 3 4629 20 4630 3 4631 20 4632 3 4633 20 4634 3 4635 20 4636 3 4637 20 4638 3 4639 20 4640 3 4641 20 4642 3 4643 20 4644 3 4645 20 4646 3 4647 20 4648 3 4649 20 4650 3 4651 20 4652 3 4653 20 4654 3 4655 20 4656 3 4657 20 4658 3 4659 20 4660 3 4661 20 4662 3 4663 20 4664 3 4665 20 4666 3 4667 20 4668 3 4669 20 4670 3 4671 20 4672 3 4673 20 4674 3 4675 20 4676 3 4677 20 4678 3 4679 20 4680 3 4681 20 4682 3 4683 20 4684 3 4685 20 4686 3 4687 20 4688 3 4689 20 4690 3 4691 20 4692 3 4693 20 4694 3 4695 20 4696 3 4697 20 4698 3 4699 20 4700 3 4701 20 4702 3 4703 20 4704 3 4705 20 4706 3 4707 20 4708 3 4709 20 4710 3 4711 20 4712 3 4713 20 4714 3 4715 20 4716 3 4717 20 4718 3 4719 20 4720 3 4721 20 4722 3 4723 20 4724 3 4725 20 4726 3 4727 20 4728 3 4729 20 4730 3 4731 20 4732 3 4733 20 4734 3 4735 20 4736 3 4737 20 4738 3 4739 20 4740 3 4741 20 4742 3 4743 20 4744 3 4745 20 4746 3 4747 20 4748 3 4749 20 4750 3 4751 20 4752 3 4753 20 4754 3 4755 20 4756 3 4757 20 4758 3 4759 20 4760 3 4761 20 4762 3 4763 20 4764 3 4765 20 4766 3 4767 20 4768 3 4769 20 4770 3 4771 20 4772 3 4773 20 4774 3 4775 20 4776 3 4777 20 4778 3 4779 20 4780 3 4781 20 4782 3 4783 20 4784 3 4785 20 4786 3 4787 20 4788 3 4789 20 4790 3 4791 20 4792 3 4793 20 4794 3 4795 20 4796 3 4797 20 4798 3 4799 20 4800 3 4801 20 4802 3 4803 20 4804 3 4805 20 4806 3 4807 20 4808 3 4809 20 4810 3 4811 20 4812 3 4813 20 4814 3 4815 20 4816 3 4817 20 4818 3 4819 20 4820 3 4821 20 4822 3 4823 20 4824 3 4825 20 4826 3 4827 20 4828 3 4829 20 4830 3 4831 20 4832 3 4833 20 4834 3 4835 20 4836 3 4837 20 4838 3 4839 20 4840 3 4841 20 4842 3 4843 20 4844 3 4845 20 4846 3 4847 20 4848 3 4849 20 4850 3 4851 4 4852 3 4853 4 4854 11 4855 3 4856 4 4857 11 4858 3 4859 4 4860 11 4861 3 4862 4 4863 3 0 3 4864 12 4865 3 4866 12 4867 3 4868 4 4869 3 4870 12 4871 19 4872 3 4873 12 4874 19 4875 3 4876 12 4877 19 4878 3 4879 20 4880 3 4881 20 4882 3 4883 20 4884 3 4885 20 4886 3 4887 20 4888 3 4889 20 4890 3 4891 20 4892 3 4893 20 4894 3 4895 20 4896 3 4897 20 4898 3 4899 20 4900 3 4901 20 4902 3 4903 20 4904 3 4905 20 4906 3 4907 20 4908 3 4909 20 4910 3 4911 20 4912 3 4913 20 4914 3 4915 20 4916 3 4917 20 4918 3 4919 20 4920 3 4921 20 4922 3 4923 20 4924 3 4925 20 4926 3 4927 20 4928 3 4929 20 4930 3 4931 20 4932 3 4933 20 4934 3 4935 20 4936 3 4937 20 4938 3 4939 20 4940 3 4941 20 4942 3 4943 20 4944 3 4945 20 4946 3 4947 20 4948 3 4949 20 4950 3 4951 20 4952 3 4953 20 4954 3 4955 20 4956 3 4957 20 4958 3 4959 20 4960 3 4961 20 4962 3 4963 20 4964 3 4965 20 4966 3 4967 20 4968 3 4969 20 4970 3 4971 20 4972 3 4973 20 4974 3 4975 20 4976 3 4977 20 4978 3 4979 20 4980 1 4981 2 4982 3 4983 12 4984 1 4985 2 4986 3 4987 12 4988 2 4989 3 4990 12 4991 1 4992 2 4993 3 4994 3 4995 12 4996 3 4997 12 4998 3 4999 12 5000 3 0 3 0 3 5001 4 5002 3 5003 4 5004 3 5005 4 5006 1 5007 2 5008 3 5009 4 5010 1 5011 2 5012 3 5013 4 5014 1 5015 2 5016 3 5017 4 5018 3 5019 20 5020 3 5021 20 5022 3 5023 20 5024 3 5025 20 5026 3 5027 20 5028 3 5029 20 5030 3 5031 20 5032 3 5033 20 5034 3 5035 20 5036 3 5037 20 5038 3 5039 20 5040 3 5041 20 5042 3 5043 20 5044 3 5045 20 5046 3 5047 20 5048 3 5049 20 5050 3 5051 20 5052 3 5053 20 5054 3 5055 20 5056 3 5057 20 5058 3 5059 4 5060 3 5061 4 5062 11 5063 3 5064 4 5065 3 5066 4 5067 3 0 3 5068 4 5069 3 5070 4 5071 11 5072 3 5073 4 5074 11 5075 3 5076 4 5077 3 5078 4 5079 3 5080 4 5081 3 5082 12 5083 3 5084 12 5085 19 5086 3 5087 12 5088 19 5089 3 5090 12 5091 19 5092 3 5093 4 5094 3 5095 4 5096 3 5097 4 5098 3 5099 4 5100 3 5101 12 5102 3 5103 20 5104 3 5105 20 5106 3 5107 20 5108 3 5109 20 5110 3 5111 20 5112 3 5113 20 5114 3 5115 20 5116 3 5117 20 5118 3 5119 20 5120 3 5121 20 5122 3 5123 20 5124 3 5125 20 5126 3 5127 20 5128 3 5129 20 5130 3 5131 20 5132 3 5133 20 5134 3 5135 20 5136 3 5137 20 5138 3 5139 20 5140 3 5141 20 5142 3 5143 4 5144 11 5145 3 5146 4 5147 11 5148 3 5149 4 5150 11 5151 3 5152 4 5153 11 5154 3 5155 4 5156 11 5157 3 5158 4 5159 5 5160 11 5161 3 5162 4 5163 11 5164 3 5165 4 5166 11 5167 3 5168 4 5169 5 5170 11 5171 3 5172 4 5173 3 5174 4 5175 3 5176 4 5177 5 5178 11 5179 3 5180 4 5181 5 5182 11 5183 3 5184 4 5185 5 5186 11 5187 3 0 3 5188 4 5189 2 5190 3 5191 4 5192 5 5193 3 5194 4 5195 5 5196 11 5197 3 0 2 5198 3 5199 4 5200 5 5201 3 0 3 5202 12 5203 2 5204 3 5205 4 5206 5 5207 1 5208 2 5209 3 5210 21 5211 1 5212 2 5213 3 5214 21 5215 1 5216 2 5217 3 5218 21 5219 1 5220 2 5221 3 5222 4 5223 1 5224 2 5225 3 5226 21 5227 1 5228 2 5229 3 5230 21 5231 1 5232 2 5233 3 5234 21 5235 1 5236 2 5237 3 5238 21 5239 1 5240 2 5241 21 5242 1 5243 2 5244 3 5245 21 5246 1 5247 2 5248 21 5249 1 5250 2 5251 21 5252 1 5253 2 5254 21 5255 21 0 21 0 21 0 21 0 21 0 21 0 21 0 21 0 21 0 21 0 21 0 1 5256 21 5257 21 0 21 0 21 0 21 0 21 0 21 0 21 0 21 0 21 0 21 0 21 0 21 0 21 0 1 5258 21 5259 21 0 21 0 1 5260 2 5261 21 5262 1 5263 2 5264 21 5265 1 5266 2 5267 3 5268 21 5269 1 5270 2 5271 3 5272 21 5273 1 5274 2 5275 3 5276 21 5277 1 5278 2 5279 3 5280 21 5281 1 5282 2 5283 21 5284 1 5285 2 5286 3 5287 21 5288 1 5289 2 5290 3 5291 21 5292 1 5293 2 5294 3 5295 21 5296 1 5297 2 5298 3 5299 21 5300 1 5301 2 5302 3 5303 21 5304 1 5305 2 5306 3 5307 21 5308 1 5309 2 5310 3 5311 21 5312 1 5313 2 5314 3 5315 21 5316 1 5317 2 5318 3 5319 1 5320 2 5321 3 5322 1 5323 2 5324 3 5325 12 5326 3 5327 12 5328 1 5329 2 5330 3 5331 21 5332 3 5333 12 5334 19 5335 3 5336 12 5337 19 5338 2 5339 3 5340 12 5341 13 5342 3 5343 12 5344 19 5345 3 5346 12 5347 19 5348 3 5349 12 5350 19 5351 3 5352 12 5353 19 5354 3 5355 12 5356 19 5357 3 5358 12 5359 13 5360 19 5361 3 5362 12 5363 13 5364 19 5365 3 5366 12 5367 13 5368 19 5369 3 5370 12 5371 13 5372 19 5373 3 5374 12 5375 13 5376 19 5377 2 5378 3 5379 12 5380 13 5381 3 5382 12 5383 13 5384 19 5385 2 5386 3 5387 12 5388 13 5389 1 5390 2 5391 3 5392 21 5393 1 5394 2 5395 3 5396 21 5397 1 5398 2 5399 3 5400 21 5401 1 5402 2 5403 3 5404 21 5405 1 5406 2 5407 3 5408 21 5409 1 5410 2 5411 3 5412 21 5413 1 5414 2 5415 3 5416 21 5417 1 5418 2 5419 21 5420 1 5421 2 5422 21 5423 1 5424 2 5425 21 5426 21 0 21 0 21 0 21 0 21 0 21 0 13 5427 14 5428 19 5429 13 5430 14 5431 19 5432 13 5433 14 5434 19 5435 13 5436 14 5437 19 5438 13 5439 14 5440 19 5441 12 5442 13 5443 19 5444 13 5445 14 5446 19 5447 13 5448 14 5449 19 5450 12 5451 13 5452 19 5453 12 5454 13 5455 19 5456 12 5457 13 5458 19 5459 12 5460 13 5461 19 5462 3 5463 12 5464 13 5465 19 5466 2 5467 3 5468 12 5469 13 5470 3 5471 12 5472 19 5473 3 5474 12 5475 13 5476 19 5477 12 5478 19 5479 3 5480 12 5481 13 5482 19 5483 3 5484 12 5485 19 5486 12 5487 13 5488 19 5489 12 5490 19 5491 3 5492 12 5493 19 5494 13 5495 14 5496 19 5497 13 5498 14 5499 19 5500 12 5501 13 5502 19 5503 12 5504 19 5505 3 5506 12 5507 19 5508 13 5509 14 5510 19 5511 12 5512 13 5513 19 5514 13 5515 14 5516 19 5517 13 5518 14 5519 19 5520 12 5521 19 5522 12 5523 13 5524 19 5525 13 5526 14 5527 19 5528 13 5529 14 5530 19 5531 13 5532 14 5533 19 5534 13 5535 14 5536 19 5537 13 5538 14 5539 19 5540 12 5541 13 5542 19 5543 13 5544 14 5545 19 5546 13 5547 14 5548 19 5549 12 5550 19 5551 3 5552 12 5553 19 5554 12 5555 13 5556 19 5557 13 5558 14 5559 19 5560 13 5561 14 5562 19 5563 12 5564 19 5565 3 5566 12 5567 13 5568 19 5569 3 5570 12 5571 13 5572 19 5573 12 5574 13 5575 19 5576 13 5577 14 5578 19 5579 13 5580 14 5581 19 5582 13 5583 14 5584 19 5585 12 5586 19 5587 3 5588 12 5589 13 5590 19 5591 3 5592 12 5593 13 5594 19 5595 12 5596 13 5597 19 5598 12 5599 13 5600 19 5601 12 5602 13 5603 19 5604 3 5605 12 5606 13 5607 19 5608 3 5609 12 5610 13 5611 19 5612 5 5613 6 5614 11 5615 5 5616 6 5617 11 5618 5 5619 6 5620 11 5621 5 5622 6 5623 11 5624 5 5625 6 5626 11 5627 4 5628 5 5629 11 5630 5 5631 6 5632 11 5633 5 5634 6 5635 11 5636 4 5637 5 5638 11 5639 4 5640 5 5641 11 5642 4 5643 5 5644 11 5645 4 5646 5 5647 11 5648 3 5649 4 5650 5 5651 11 5652 2 5653 3 5654 4 5655 5 5656 3 5657 4 5658 11 5659 3 5660 4 5661 5 5662 11 5663 4 5664 11 5665 3 5666 4 5667 5 5668 11 5669 3 5670 4 5671 11 5672 4 5673 5 5674 11 5675 4 5676 11 5677 3 5678 4 5679 11 5680 5 5681 6 5682 11 5683 5 5684 6 5685 11 5686 4 5687 5 5688 11 5689 4 5690 11 5691 3 5692 4 5693 11 5694 5 5695 6 5696 11 5697 4 5698 5 5699 11 5700 5 5701 6 5702 11 5703 5 5704 6 5705 11 5706 4 5707 11 5708 4 5709 5 5710 11 5711 5 5712 6 5713 11 5714 5 5715 6 5716 11 5717 5 5718 6 5719 11 5720 5 5721 6 5722 11 5723 5 5724 6 5725 11 5726 4 5727 5 5728 11 5729 5 5730 6 5731 11 5732 5 5733 6 5734 11 5735 4 5736 11 5737 3 5738 4 5739 11 5740 4 5741 5 5742 11 5743 5 5744 6 5745 11 5746 5 5747 6 5748 11 5749 4 5750 11 5751 3 5752 4 5753 5 5754 11 5755 3 5756 4 5757 5 5758 11 5759 4 5760 5 5761 11 5762 5 5763 6 5764 11 5765 5 5766 6 5767 11 5768 5 5769 6 5770 11 5771 4 5772 11 5773 3 5774 4 5775 5 5776 11 5777 3 5778 4 5779 5 5780 11 5781 4 5782 5 5783 11 5784 4 5785 5 5786 11 5787 4 5788 5 5789 11 5790 3 5791 4 5792 5 5793 11 5794 3 5795 4 5796 5 5797 11 5798 3 5799 20 5800 3 5801 20 5802 3 5803 20 5804 3 5805 20 5806 3 5807 20 5808 3 5809 20 5810 3 5811 20 5812 3 5813 20 5814 3 5815 20 5816 3 5817 20 5818 3 5819 20 5820 3 5821 20 5822 3 5823 20 5824 3 5825 20 5826 3 5827 20 5828 3 5829 20 5830 3 5831 20 5832 3 5833 20 5834 3 5835 20 5836 3 5837 20 5838 3 5839 20 5840 3 5841 20 5842 3 5843 20 5844 3 5845 20 5846 3 5847 20 5848 3 5849 20 5850 3 5851 20 5852 3 5853 20 5854 3 5855 20 5856 3 5857 20 5858 21 0 21 0 21 0 21 0 21 0 21 0 21 0 21 0 21 0 1 5859 2 5860 21 5861 21 0 1 5862 21 5863 21 0 1 5864 2 5865 21 5866 1 5867 2 5868 21 5869 1 5870 21 5871 1 5872 2 5873 21 5874 1 5875 2 5876 21 5877 1 5878 2 5879 3 5880 21 5881 1 5882 2 5883 3 5884 21 5885 1 5886 2 5887 3 5888 21 5889 1 5890 2 5891 3 5892 21 5893 1 5894 2 5895 3 5896 21 5897 2 5898 3 5899 12 5900 13 5901 1 5902 2 5903 3 5904 21 5905 3 5906 12 5907 13 5908 19 5909 2 5910 3 5911 12 5912 13 5913 2 5914 3 5915 12 5916 13 5917 3 5918 12 5919 13 5920 19 5921 1 5922 2 5923 3 5924 21 5925 2 5926 3 5927 12 5928 13 5929 3 5930 12 5931 13 5932 19 5933 1 5934 2 5935 3 5936 12 5937 3 5938 12 5939 13 5940 19 5941 3 5942 12 5943 19 5944 2 5945 3 5946 12 5947 13 5948 1 5949 2 5950 3 5951 21 5952 3 5953 12 5954 13 5955 19 5956 3 5957 12 5958 19 5959 1 5960 2 5961 3 5962 21 5963 1 5964 2 5965 3 5966 1 5967 2 5968 3 5969 21 5970 1 5971 2 5972 3 5973 21 5974 1 5975 2 5976 3 5977 21 5978 1 5979 2 5980 21 5981 1 5982 2 5983 3 5984 21 5985 1 5986 2 5987 3 5988 21 5989 1 5990 2 5991 21 5992 1 5993 2 5994 3 5995 21 5996 1 5997 21 5998 21 0 1 5999 21 6000 21 0 21 0 1 6001 2 6002 21 6003 21 0 21 0 21 0 21 0 21 0 21 0 21 0 21 0 21 0 1 6004 2 6005 21 6006 1 6007 2 6008 21 6009 1 6010 2 6011 21 6012 1 6013 2 6014 21 6015 1 6016 2 6017 3 6018 21 6019 1 6020 2 6021 3 6022 21 6023 1 6024 2 6025 3 6026 21 6027 1 6028 2 6029 3 6030 21 6031 2 6032 3 6033 4 6034 5 6035 2 6036 3 6037 4 6038 5 6039 3 6040 4 6041 5 6042 11 6043 2 6044 3 6045 4 6046 5 6047 3 6048 4 6049 5 6050 11 6051 1 6052 2 6053 3 6054 4 6055 2 6056 3 6057 4 6058 5 6059 3 6060 4 6061 5 6062 11 6063 3 6064 4 6065 5 6066 11 6067 3 6068 4 6069 11 6070 2 6071 3 6072 4 6073 5 6074 1 6075 2 6076 3 6077 3 6078 4 6079 3 6080 12 6081 3 0 3 6082 12 6083 3 6084 4 6085 3 6086 12 6087 19 6088 3 6089 4 6090 3 6091 12 6092 19 6093 3 6094 12 6095 19 6096 3 6097 12 6098 19 6099 3 6100 12 6101 19 6102 3 6103 4 6104 5 6105 11 6106 3 6107 4 6108 11 6109 3 6110 4 6111 11 6112 3 6113 4 6114 11 6115 3 6116 4 6117 11 6118 3 6119 4 6120 11 6121 3 6122 4 6123 11 6124 3 6125 20 6126 3 6127 20 6128 3 6129 20 6130 3 6131 20 6132 3 6133 20 6134 3 6135 20 6136 3 6137 20 6138 3 6139 20 6140 3 6141 20 6142 3 6143 20 6144 3 6145 20 6146 3 6147 20 6148 3 6149 20 6150 3 6151 20 6152 3 6153 20 6154 3 6155 20 6156 3 6157 20 6158 3 6159 20 6160 3 6161 20 6162 3 6163 20 6164 3 6165 20 6166 3 6167 20 6168 3 6169 20 6170 3 6171 20 6172 3 6173 20 6174 3 6175 20 6176 3 6177 20 6178 3 6179 20 6180 3 6181 20 6182 3 6183 20 6184 3 6185 20 6186 3 6187 20 6188 3 6189 20 6190 3 6191 20 6192 3 6193 20 6194 3 6195 20 6196 3 6197 20 6198 3 6199 20 6200 3 6201 20 6202 3 6203 20 6204 3 6205 20 6206 3 6207 20 6208 3 6209 20 6210 3 6211 20 6212 3 6213 20 6214 3 6215 20 6216 3 6217 20 6218 3 6219 20 6220 3 6221 20 6222 3 6223 20 6224 3 6225 20 6226 3 6227 20 6228 3 6229 20 6230 3 6231 20 6232 3 6233 20 6234 3 6235 20 6236 3 6237 20 6238 3 6239 20 6240 3 6241 20 6242 3 6243 20 6244 3 6245 20 6246 12 6247 13 6248 19 6249 13 6250 14 6251 19 6252 13 6253 14 6254 19 6255 13 6256 14 6257 19 6258 13 6259 14 6260 19 6261 13 6262 14 6263 19 6264 13 6265 14 6266 19 6267 13 6268 14 6269 19 6270 13 6271 14 6272 19 6273 13 6274 14 6275 19 6276 13 6277 14 6278 19 6279 13 6280 14 6281 19 6282 4 6283 5 6284 11 6285 5 6286 6 6287 11 6288 5 6289 6 6290 11 6291 5 6292 6 6293 11 6294 5 6295 6 6296 11 6297 5 6298 6 6299 11 6300 5 6301 6 6302 11 6303 5 6304 6 6305 11 6306 5 6307 6 6308 11 6309 5 6310 6 6311 11 6312 5 6313 6 6314 11 6315 5 6316 6 6317 11 6318 1 6319 21 6320 22 6321 23 6322 21 0 21 0 21 0 21 0 21 0 21 0 21 0 21 0 1 6323 21 6324 21 0 21 0 21 0 21 0 21 0 21 0 21 0 3 6325 20 6326 3 6327 20 6328 3 6329 20 6330 3 6331 20 6332 3 6333 20 6334 3 6335 20 6336 3 6337 20 6338 3 6339 20 6340 3 6341 20 6342 3 6343 20 6344 3 6345 20 6346 3 6347 20 6348 3 6349 20 6350 3 6351 20 6352 3 6353 20 6354 3 6355 20 6356 3 6357 20 6358 3 6359 20 6360 3 6361 20 6362 3 6363 20 6364 3 6365 20 6366 3 6367 20 6368 3 6369 20 6370 3 6371 20 6372 3 6373 20 6374 3 6375 20 6376 3 6377 20 6378 3 6379 20 6380 3 6381 20 6382 3 6383 20 6384 3 6385 20 6386 3 6387 20 6388 3 6389 20 6390 3 6391 20 6392 3 6393 20 6394 3 6395 20 6396 3 6397 20 6398 3 6399 20 6400 3 6401 20 6402 3 6403 20 6404 3 6405 20 6406 3 6407 20 6408 3 6409 20 6410 3 6411 20 6412 3 6413 20 6414 3 6415 20 6416 3 6417 20 6418 3 6419 20 6420 3 6421 20 6422 3 6423 20 6424 3 6425 20 6426 3 6427 20 6428 3 6429 20 6430 3 6431 20 6432 3 6433 20 6434 3 6435 20 6436 3 6437 20 6438 3 6439 20 6440 3 6441 20 6442 3 6443 20 6444 3 6445 20 6446 3 6447 20 6448 3 6449 20 6450 3 6451 20 6452 3 6453 20 6454 3 6455 20 6456 3 6457 20 6458 3 6459 20 6460 3 6461 20 6462 3 6463 20 6464 3 6465 20 6466 3 6467 20 6468 3 6469 20 6470 3 6471 20 6472 3 6473 20 6474 3 6475 20 6476 3 6477 20 6478 3 6479 20 6480 3 6481 20 6482 3 6483 20 6484 3 6485 20 6486 3 6487 20 6488 3 6489 20 6490 3 6491 20 6492 3 6493 20 6494 3 6495 20 6496 3 6497 20 6498 3 6499 20 6500 3 6501 20 6502 3 6503 20 6504 3 6505 20 6506 3 6507 20 6508 3 6509 20 6510 3 6511 20 6512 3 6513 20 6514 3 6515 20 6516 3 6517 20 6518 3 6519 20 6520 3 6521 20 6522 3 6523 20 6524 3 6525 20 6526 3 6527 20 6528 3 6529 20 6530 3 6531 20 6532 3 6533 20 6534 3 6535 20 6536 3 6537 20 6538 3 6539 20 6540 3 6541 20 6542 3 6543 20 6544 3 6545 20 6546 3 6547 20 6548 3 6549 20 6550 3 6551 20 6552 3 6553 20 6554 3 6555 20 6556 3 6557 20 6558 3 6559 20 6560 3 6561 20 6562 3 6563 20 6564 3 6565 20 6566 3 6567 20 6568 3 6569 20 6570 3 6571 20 6572 3 6573 20 6574 3 6575 20 6576 3 6577 20 6578 3 6579 20 6580 3 6581 20 6582 3 6583 20 6584 3 6585 20 6586 3 6587 20 6588 3 6589 4 6590 11 6591 3 6592 4 6593 11 6594 3 6595 4 6596 11 6597 3 6598 4 6599 11 6600 3 6601 4 6602 11 6603 3 6604 4 6605 11 6606 3 6607 4 6608 3 6609 4 6610 11 6611 3 6612 4 6613 11 6614 3 0 3 6615 4 6616 3 6617 4 6618 3 6619 12 6620 3 6621 12 6622 3 0 3 6623 12 6624 3 6625 12 6626 19 6627 3 6628 12 6629 3 6630 12 6631 19 6632 3 6633 12 6634 19 6635 3 6636 12 6637 19 6638 3 6639 12 6640 19 6641 3 6642 12 6643 19 6644 3 6645 12 6646 19 6647 3 6648 12 6649 19 6650 3 6651 12 6652 19 6653 3 6654 12 6655 19 6656 3 6657 4 6658 11 6659 3 6660 4 6661 11 6662 3 6663 4 6664 11 6665 3 6666 4 6667 11 6668 3 6669 4 6670 3 6671 4 6672 3 6673 12 6674 19 6675 3 6676 12 6677 3 6678 12 6679 3 6680 20 6681 3 6682 20 6683 3 6684 20 6685 3 6686 20 6687 3 6688 20 6689 3 6690 20 6691 3 6692 20 6693 3 6694 20 6695 3 6696 20 6697 3 6698 20 6699 3 6700 20 6701 3 6702 20 6703 3 6704 4 6705 3 6706 4 6707 3 0 3 6708 4 6709 3 6710 4 6711 11 6712 3 6713 4 6714 3 6715 4 6716 3 6717 4 6718 11 6719 3 6720 4 6721 11 6722 3 6723 4 6724 3 6725 4 6726 11 6727 3 6728 4 6729 11 6730 3 6731 4 6732 3 0 3 6733 12 6734 3 6735 4 6736 3 6737 12 6738 3 6739 12 6740 19 6741 3 6742 4 6743 3 6744 4 6745 11 6746 3 6747 4 6748 11 6749 3 6750 4 6751 3 6752 12 6753 19 6754 3 6755 12 6756 19 6757 3 6758 4 6759 3 6760 4 6761 3 6762 4 6763 11 6764 3 6765 4 6766 3 6767 12 6768 19 6769 3 6770 12 6771 19 6772 3 6773 4 6774 3 6775 4 6776 3 6777 12 6778 3 6779 4 6780 3 6781 12 6782 19 6783 3 6784 12 6785 19 6786 3 6787 4 6788 3 6789 12 6790 19 6791 3 6792 12 6793 3 6794 20 6795 3 6796 20 6797 3 6798 20 6799 3 6800 20 6801 3 6802 20 6803 3 6804 20 6805 3 6806 20 6807 3 6808 20 6809 3 6810 20 6811 3 6812 20 6813 3 6814 20 6815 3 6816 20 6817 3 6818 20 6819 3 6820 20 6821 3 6822 20 6823 3 6824 20 6825 3 6826 20 6827 3 6828 20 6829 3 6830 20 6831 3 6832 20 6833 3 6834 20 6835 3 6836 20 6837 3 6838 20 6839 3 6840 20 6841 3 6842 20 6843 3 6844 20 6845 3 6846 4 6847 3 6848 4 6849 3 6850 4 6851 11 6852 3 6853 12 6854 3 0 3 6855 12 6856 19 6857 3 6858 12 6859 19 6860 3 6861 12 6862 19 6863 3 6864 12 6865 19 6866 3 6867 4 6868 3 6869 12 6870 1 6871 2 6872 3 6873 1 6874 2 6875 3 6876 1 6877 2 6878 3 6879 3 6880 4 6881 3 6882 4 6883 1 6884 2 6885 3 6886 21 6887 3 6888 12 6889 3 6890 12 6891 3 6892 4 6893 11 6894 3 6895 4 6896 11 6897 3 6898 4 6899 11 6900 3 6901 4 6902 11 6903 3 6904 4 6905 5 6906 11 6907 3 6908 4 6909 5 6910 11 6911 2 6912 3 6913 4 6914 5 6915 3 6916 4 6917 5 6918 11 6919 2 6920 3 6921 4 6922 5 6923 2 6924 3 6925 4 6926 5 6927 1 6928 2 6929 3 6930 21 6931 1 6932 2 6933 3 6934 21 6935 1 6936 2 6937 3 6938 21 6939 1 6940 2 6941 3 6942 21 6943 1 6944 2 6945 3 6946 21 6947 1 6948 2 6949 3 6950 21 6951 1 6952 2 6953 3 6954 21 6955 1 6956 2 6957 21 6958 1 6959 2 6960 3 6961 21 6962 1 6963 2 6964 21 6965 1 6966 2 6967 3 6968 21 6969 1 6970 2 6971 3 6972 21 6973 1 6974 21 6975 21 0 21 0 21 0 21 0 21 0 21 0 21 0 21 0 21 0 21 0 21 0 21 0 21 0 21 0 1 6976 21 6977 21 0 21 0 21 0 21 0 1 6978 2 6979 21 6980 1 6981 2 6982 3 6983 21 6984 1 6985 2 6986 3 6987 21 6988 1 6989 2 6990 21 6991 1 6992 2 6993 3 6994 21 6995 1 6996 2 6997 3 6998 21 6999 1 7000 2 7001 3 7002 21 7003 1 7004 2 7005 3 7006 21 7007 2 7008 3 7009 12 7010 13 7011 1 7012 2 7013 3 7014 21 7015 2 7016 3 7017 12 7018 13 7019 3 7020 12 7021 13 7022 19 7023 3 7024 12 7025 13 7026 19 7027 1 7028 2 7029 3 7030 21 7031 2 7032 3 7033 12 7034 13 7035 3 7036 12 7037 13 7038 19 7039 3 7040 12 7041 19 7042 3 7043 12 7044 19 7045 3 7046 12 7047 19 7048 3 7049 12 7050 19 7051 3 7052 20 7053 3 7054 20 7055 3 7056 20 7057 3 7058 20 7059 3 7060 20 7061 3 7062 20 7063 3 7064 20 7065 3 7066 20 7067 3 7068 20 7069 3 7070 20 7071 3 7072 20 7073 3 7074 20 7075 3 7076 20 7077 3 7078 20 7079 3 7080 20 7081 3 7082 20 7083 3 7084 20 7085 3 7086 20 7087 3 7088 20 7089 3 7090 20 7091 3 7092 20 7093 3 7094 20 7095 3 7096 20 7097 3 7098 20 7099 3 7100 20 7101 3 7102 20 7103 3 7104 20 7105 3 7106 20 7107 3 7108 20 7109 3 7110 20 7111 3 7112 20 7113 3 7114 20 7115 3 7116 20 7117 3 7118 20 7119 3 7120 20 7121 3 7122 20 7123 3 7124 20 7125 3 7126 20 7127 3 7128 20 7129 3 7130 20 7131 3 7132 20 7133 3 7134 20 7135 3 7136 20 7137 3 7138 20 7139 3 7140 20 7141 3 7142 20 7143 3 7144 20 7145 3 7146 20 7147 3 7148 20 7149 3 7150 20 7151 3 7152 20 7153 3 7154 20 7155 3 7156 20 7157 3 7158 20 7159 3 7160 20 7161 3 7162 20 7163 3 7164 20 7165 3 7166 20 7167 3 7168 20 7169 3 7170 20 7171 3 7172 20 7173 3 7174 20 7175 3 7176 20 7177 3 7178 20 7179 3 7180 20 7181 3 7182 20 7183 3 7184 20 7185 3 7186 20 7187 3 7188 20 7189 3 7190 20 7191 3 7192 20 7193 3 7194 20 7195 3 7196 20 7197 3 7198 20 7199 3 7200 20 7201 3 7202 20 7203 3 7204 20 7205 3 7206 20 7207 3 7208 20 7209 3 7210 20 7211 3 7212 20 7213 3 7214 20 7215 3 7216 20 7217 3 7218 20 7219 3 7220 20 7221 3 7222 20 7223 3 7224 20 7225 3 7226 20 7227 3 7228 20 7229 3 7230 20 7231 3 7232 20 7233 3 7234 20 7235 3 7236 20 7237 3 7238 20 7239 3 7240 20 7241 3 7242 20 7243 3 7244 20 7245 3 7246 20 7247 3 7248 20 7249 3 7250 20 7251 3 7252 20 7253 3 7254 20 7255 3 7256 20 7257 3 7258 20 7259 3 7260 20 7261 3 7262 20 7263 3 7264 20 7265 3 7266 20 7267 3 7268 20 7269 3 7270 20 7271 3 7272 20 7273 3 7274 20 7275 3 7276 20 7277 3 7278 20 7279 3 7280 20 7281 3 7282 20 7283 3 7284 20 7285 13 7286 14 7287 19 7288 13 7289 14 7290 19 7291 13 7292 14 7293 19 7294 13 7295 14 7296 19 7297 5 7298 6 7299 11 7300 5 7301 6 7302 11 7303 5 7304 6 7305 11 7306 5 7307 6 7308 11 7309 3 7310 20 7311 3 7312 20 7313 3 7314 20 7315 3 7316 20 7317 3 7318 20 7319 3 7320 20 7321 3 7322 20 7323 3 7324 20 7325 3 7326 20 7327 3 7328 20 7329 3 7330 20 7331 3 7332 20 7333 3 7334 20 7335 3 7336 20 7337 3 7338 20 7339 3 7340 20 7341 3 7342 20 7343 3 7344 20 7345 3 7346 20 7347 3 7348 20 7349 3 7350 20 7351 3 7352 20 7353 3 7354 20 7355 3 7356 20 7357 3 7358 20 7359 3 7360 20 7361 3 7362 20 7363 3 7364 20 7365 3 7366 20 7367 3 7368 20 7369 3 7370 20 7371 3 7372 20 7373 3 7374 20 7375 3 7376 20 7377 3 7378 20 7379 3 7380 20 7381 12 7382 13 7383 19 7384 13 7385 14 7386 19 7387 13 7388 14 7389 19 7390 13 7391 14 7392 19 7393 12 7394 13 7395 19 7396 13 7397 14 7398 19 7399 13 7400 14 7401 19 7402 13 7403 14 7404 19 7405 13 7406 14 7407 19 7408 13 7409 14 7410 19 7411 13 7412 14 7413 19 7414 13 7415 14 7416 19 7417 13 7418 14 7419 19 7420 13 7421 14 7422 19 7423 4 7424 5 7425 11 7426 5 7427 6 7428 11 7429 5 7430 6 7431 11 7432 5 7433 6 7434 11 7435 4 7436 5 7437 11 7438 5 7439 6 7440 11 7441 5 7442 6 7443 11 7444 5 7445 6 7446 11 7447 5 7448 6 7449 11 7450 5 7451 6 7452 11 7453 5 7454 6 7455 11 7456 5 7457 6 7458 11 7459 5 7460 6 7461 11 7462 5 7463 6 7464 11 7465 3 7466 20 7467 3 7468 20 7469 3 7470 20 7471 3 7472 20 7473 1 7474 2 7475 3 7476 12 7477 1 7478 2 7479 3 7480 12 7481 2 7482 3 7483 12 7484 1 7485 2 7486 3 7487 3 7488 12 7489 3 7490 12 7491 3 7492 12 7493 3 0 3 7494 4 7495 3 7496 4 7497 3 7498 4 7499 1 7500 2 7501 3 7502 4 7503 1 7504 2 7505 3 7506 4 7507 1 7508 2 7509 3 7510 4 7511 3 7512 12 7513 19 7514 3 7515 12 7516 19 7517 3 7518 12 7519 19 7520 3 7521 12 7522 19 7523 3 7524 12 7525 19 7526 3 7527 12 7528 3 7529 12 7530 13 7531 19 7532 3 7533 12 7534 13 7535 19 7536 3 0 3 7537 4 7538 2 7539 3 7540 12 7541 13 7542 2 7543 3 7544 12 7545 13 7546 2 7547 3 7548 12 7549 13 7550 3 7551 12 7552 13 7553 19 7554 1 7555 2 7556 3 7557 12 7558 1 7559 2 7560 3 7561 21 7562 1 7563 2 7564 3 7565 21 7566 1 7567 2 7568 3 7569 21 7570 1 7571 2 7572 3 7573 1 7574 2 7575 3 7576 21 7577 2 7578 3 7579 4 7580 5 7581 1 7582 2 7583 3 7584 21 7585 1 7586 2 7587 21 7588 1 7589 2 7590 3 7591 21 7592 1 7593 2 7594 21 7595 21 0 21 0 21 0 21 0 21 0 1 7596 2 7597 3 7598 21 7599 1 7600 21 7601 21 0 1 7602 2 7603 3 7604 21 7605 1 7606 21 7607 21 0 1 7608 2 7609 21 7610 21 0 21 0 21 0 21 0 21 0 21 0 21 0 1 7611 2 7612 21 7613 1 7614 2 7615 3 7616 21 7617 1 7618 2 7619 21 7620 1 7621 2 7622 3 7623 21 7624 1 7625 2 7626 3 7627 21 7628 1 7629 2 7630 3 7631 21 7632 1 7633 2 7634 3 7635 21 7636 2 7637 3 7638 4 7639 5 7640 2 7641 3 7642 4 7643 5 7644 3 7645 4 7646 5 7647 11 7648 2 7649 3 7650 4 7651 5 7652 3 7653 4 7654 5 7655 11 7656 1 7657 2 7658 3 7659 21 7660 3 7661 4 7662 5 7663 11 7664 3 7665 4 7666 11 7667 3 7668 4 7669 11 7670 3 7671 4 7672 11 7673 3 7674 4 7675 11 7676 3 7677 4 7678 11 7679 3 7680 4 7681 11 7682 3 7683 4 7684 11 7685 3 7686 4 7687 11 7688 13 7689 14 7690 19 7691 13 7692 14 7693 19 7694 13 7695 14 7696 19 7697 13 7698 14 7699 19 7700 13 7701 14 7702 19 7703 13 7704 14 7705 19 7706 12 7707 13 7708 19 7709 13 7710 14 7711 19 7712 13 7713 14 7714 19 7715 12 7716 13 7717 19 7718 13 7719 14 7720 19 7721 13 7722 14 7723 19 7724 3 7725 12 7726 19 7727 3 7728 12 7729 19 7730 12 7731 19 7732 3 7733 12 7734 13 7735 19 7736 12 7737 13 7738 19 7739 13 7740 14 7741 19 7742 3 7743 12 7744 19 7745 3 7746 12 7747 19 7748 12 7749 19 7750 3 7751 12 7752 13 7753 19 7754 13 7755 14 7756 19 7757 13 7758 14 7759 19 7760 13 7761 14 7762 19 7763 12 7764 13 7765 19 7766 3 7767 12 7768 13 7769 19 7770 3 7771 12 7772 13 7773 19 7774 13 7775 14 7776 19 7777 13 7778 14 7779 19 7780 13 7781 14 7782 19 7783 13 7784 14 7785 19 7786 12 7787 13 7788 19 7789 13 7790 14 7791 19 7792 13 7793 14 7794 19 7795 12 7796 19 7797 3 7798 12 7799 13 7800 19 7801 13 7802 14 7803 19 7804 13 7805 14 7806 19 7807 12 7808 13 7809 19 7810 13 7811 14 7812 19 7813 13 7814 14 7815 19 7816 12 7817 13 7818 19 7819 12 7820 13 7821 19 7822 3 7823 12 7824 13 7825 19 7826 2 7827 3 7828 12 7829 13 7830 5 7831 6 7832 11 7833 5 7834 6 7835 11 7836 5 7837 6 7838 11 7839 5 7840 6 7841 11 7842 5 7843 6 7844 11 7845 5 7846 6 7847 11 7848 4 7849 5 7850 11 7851 5 7852 6 7853 11 7854 5 7855 6 7856 11 7857 4 7858 5 7859 11 7860 4 7861 5 7862 11 7863 5 7864 6 7865 11 7866 5 7867 6 7868 11 7869 3 7870 4 7871 11 7872 3 7873 4 7874 11 7875 4 7876 5 7877 11 7878 5 7879 6 7880 11 7881 3 7882 4 7883 11 7884 4 7885 11 7886 3 7887 4 7888 5 7889 11 7890 4 7891 5 7892 11 7893 5 7894 6 7895 11 7896 3 7897 4 7898 11 7899 5 7900 6 7901 11 7902 4 7903 11 7904 3 7905 4 7906 5 7907 11 7908 5 7909 6 7910 11 7911 5 7912 6 7913 11 7914 5 7915 6 7916 11 7917 4 7918 5 7919 11 7920 3 7921 4 7922 5 7923 11 7924 3 7925 4 7926 5 7927 11 7928 5 7929 6 7930 11 7931 5 7932 6 7933 11 7934 5 7935 6 7936 11 7937 5 7938 6 7939 11 7940 5 7941 6 7942 11 7943 5 7944 6 7945 11 7946 4 7947 5 7948 11 7949 5 7950 6 7951 11 7952 5 7953 6 7954 11 7955 4 7956 5 7957 11 7958 4 7959 11 7960 3 7961 4 7962 5 7963 11 7964 4 7965 5 7966 11 7967 3 7968 4 7969 5 7970 11 7971 2 7972 3 7973 4 7974 5 7975 3 7976 20 7977 3 7978 20 7979 3 7980 20 7981 3 7982 20 7983 3 7984 20 7985 3 7986 20 7987 3 7988 20 7989 3 7990 20 7991 1 7992 21 7993 22 7994 23 7995 21 0 21 0 21 0 21 0 21 0 21 0 21 0 21 0 21 0 21 0 21 0 21 0 21 0 21 0 21 0</v>
        </vertex_weights>
      </skin>
    </controller>
  </library_controllers>
  <library_lights>
    <light id="EnvironmentAmbientLight" name="EnvironmentAmbientLight">
      <technique_common>
        <ambient>
          <color>0 0 0</color>
        </ambient>
      </technique_common>
    </light>
  </library_lights>
  <library_images>
    <image id="M_TES066_M_Alb_png">
      <init_from>./M_TES066_M_Alb.png</init_from>
    </image>
    <image id="M_TES066_M_Nrm_png">
      <init_from>./M_TES066_M_Nrm.png</init_from>
    </image>
    <image id="M_TES066_M_Rgh_png">
      <init_from>./M_TES066_M_Rgh.png</init_from>
    </image>
  </library_images>
  <library_visual_scenes>
    <visual_scene id="MaxScene">
      <node name="EnvironmentAmbientLight">
        <instance_light url="#EnvironmentAmbientLight"/>
      </node>
      <node id="node-Skl_Root" name="Skl_Root" sid="joint0" type="JOINT">
        <rotate>-1 0 0 -90</rotate>
        <node id="node-Spine_1" name="Spine_1" sid="joint1" type="JOINT">
          <rotate>0.5773503 0.5773503 0.5773503 -240</rotate>
          <node id="node-Spine_2" name="Spine_2" sid="joint2" type="JOINT">
            <translate>0.1150019 0 0</translate>
            <node id="node-Spine_3" name="Spine_3" sid="joint3" type="JOINT">
              <translate>0.12 0 0</translate>
              <node id="node-Clavicle_L" name="Clavicle_L" sid="joint4" type="JOINT">
                <translate>0.095 0 0.028</translate>
                <rotate>1.02869e-7 1 1.02996e-7 -104</rotate>
                <node id="node-Arm_1_L" name="Arm_1_L" sid="joint5" type="JOINT">
                  <translate>0.08 2.98023e-8 5.96046e-8</translate>
                  <rotate>1.34812e-7 -1 -1.80224e-7 -14</rotate>
                  <node id="node-Arm_2_L" name="Arm_2_L" sid="joint6" type="JOINT">
                    <translate>0.232 0 0</translate>
                    <node id="node-Elbow_L" name="Elbow_L" sid="joint7" type="JOINT">
                      <extra>
                        <technique profile="OpenCOLLADA">
                          <cast_shadows sid="cast_shadows" type="bool">1</cast_shadows>
                          <receive_shadows sid="receive_shadows" type="bool">1</receive_shadows>
                          <primary_visibility sid="primary_visibility" type="bool">1</primary_visibility>
                          <secondary_visibility sid="secondary_visibility" type="bool">1</secondary_visibility>
                        </technique>
                      </extra>
                    </node>
                    <node id="node-Wrist_Assist_L" name="Wrist_Assist_L" sid="joint8" type="JOINT">
                      <translate>0.2070001 7.10543e-15 0</translate>
                      <extra>
                        <technique profile="OpenCOLLADA">
                          <cast_shadows sid="cast_shadows" type="bool">1</cast_shadows>
                          <receive_shadows sid="receive_shadows" type="bool">1</receive_shadows>
                          <primary_visibility sid="primary_visibility" type="bool">1</primary_visibility>
                          <secondary_visibility sid="secondary_visibility" type="bool">1</secondary_visibility>
                        </technique>
                      </extra>
                    </node>
                    <node id="node-Wrist_L" name="Wrist_L" sid="joint9" type="JOINT">
                      <translate>0.2375 0 5.96046e-8</translate>
                      <node id="node-Weapon_L" name="Weapon_L" sid="joint10" type="JOINT">
                        <translate>0.157 -0.02000001 0.03999999</translate>
                        <rotate>0.7071068 1.10118e-7 -0.7071068 -180</rotate>
                        <extra>
                          <technique profile="OpenCOLLADA">
                            <cast_shadows sid="cast_shadows" type="bool">1</cast_shadows>
                            <receive_shadows sid="receive_shadows" type="bool">1</receive_shadows>
                            <primary_visibility sid="primary_visibility" type="bool">1</primary_visibility>
                            <secondary_visibility sid="secondary_visibility" type="bool">1</secondary_visibility>
                          </technique>
                        </extra>
                      </node>
                      <extra>
                        <technique profile="OpenCOLLADA">
                          <cast_shadows sid="cast_shadows" type="bool">1</cast_shadows>
                          <receive_shadows sid="receive_shadows" type="bool">1</receive_shadows>
                          <primary_visibility sid="primary_visibility" type="bool">1</primary_visibility>
                          <secondary_visibility sid="secondary_visibility" type="bool">1</secondary_visibility>
                        </technique>
                      </extra>
                    </node>
                    <extra>
                      <technique profile="OpenCOLLADA">
                        <cast_shadows sid="cast_shadows" type="bool">1</cast_shadows>
                        <receive_shadows sid="receive_shadows" type="bool">1</receive_shadows>
                        <primary_visibility sid="primary_visibility" type="bool">1</primary_visibility>
                        <secondary_visibility sid="secondary_visibility" type="bool">1</secondary_visibility>
                      </technique>
                    </extra>
                  </node>
                  <node id="node-Arm_Assist_L" name="Arm_Assist_L" sid="joint11" type="JOINT">
                    <translate>0.02000001 0 0</translate>
                    <extra>
                      <technique profile="OpenCOLLADA">
                        <cast_shadows sid="cast_shadows" type="bool">1</cast_shadows>
                        <receive_shadows sid="receive_shadows" type="bool">1</receive_shadows>
                        <primary_visibility sid="primary_visibility" type="bool">1</primary_visibility>
                        <secondary_visibility sid="secondary_visibility" type="bool">1</secondary_visibility>
                      </technique>
                    </extra>
                  </node>
                  <extra>
                    <technique profile="OpenCOLLADA">
                      <cast_shadows sid="cast_shadows" type="bool">1</cast_shadows>
                      <receive_shadows sid="receive_shadows" type="bool">1</receive_shadows>
                      <primary_visibility sid="primary_visibility" type="bool">1</primary_visibility>
                      <secondary_visibility sid="secondary_visibility" type="bool">1</secondary_visibility>
                    </technique>
                  </extra>
                </node>
                <extra>
                  <technique profile="OpenCOLLADA">
                    <cast_shadows sid="cast_shadows" type="bool">1</cast_shadows>
                    <receive_shadows sid="receive_shadows" type="bool">1</receive_shadows>
                    <primary_visibility sid="primary_visibility" type="bool">1</primary_visibility>
                    <secondary_visibility sid="secondary_visibility" type="bool">1</secondary_visibility>
                  </technique>
                </extra>
              </node>
              <node id="node-Clavicle_R" name="Clavicle_R" sid="joint12" type="JOINT">
                <translate>0.09500352 0 -0.028</translate>
                <rotate>0.7880109 5.06797e-8 0.6156613 -180</rotate>
                <node id="node-Arm_1_R" name="Arm_1_R" sid="joint13" type="JOINT">
                  <translate>-0.08000001 0 5.96046e-8</translate>
                  <rotate>-3.47809e-7 -1 -7.69687e-8 -14</rotate>
                  <node id="node-Arm_2_R" name="Arm_2_R" sid="joint14" type="JOINT">
                    <translate>-0.232 2.98023e-8 0</translate>
                    <node id="node-Elbow_R" name="Elbow_R" sid="joint15" type="JOINT">
                      <extra>
                        <technique profile="OpenCOLLADA">
                          <cast_shadows sid="cast_shadows" type="bool">1</cast_shadows>
                          <receive_shadows sid="receive_shadows" type="bool">1</receive_shadows>
                          <primary_visibility sid="primary_visibility" type="bool">1</primary_visibility>
                          <secondary_visibility sid="secondary_visibility" type="bool">1</secondary_visibility>
                        </technique>
                      </extra>
                    </node>
                    <node id="node-Wrist_Assist_R" name="Wrist_Assist_R" sid="joint16" type="JOINT">
                      <translate>-0.2069999 7.10543e-15 0</translate>
                      <extra>
                        <technique profile="OpenCOLLADA">
                          <cast_shadows sid="cast_shadows" type="bool">1</cast_shadows>
                          <receive_shadows sid="receive_shadows" type="bool">1</receive_shadows>
                          <primary_visibility sid="primary_visibility" type="bool">1</primary_visibility>
                          <secondary_visibility sid="secondary_visibility" type="bool">1</secondary_visibility>
                        </technique>
                      </extra>
                    </node>
                    <node id="node-Wrist_R" name="Wrist_R" sid="joint17" type="JOINT">
                      <translate>-0.2374999 -7.10543e-15 0</translate>
                      <node id="node-Weapon_R" name="Weapon_R" sid="joint18" type="JOINT">
                        <translate>-0.1570001 0.02000001 -0.03999996</translate>
                        <rotate>0.7071068 8.19889e-8 -0.7071068 -180</rotate>
                        <extra>
                          <technique profile="OpenCOLLADA">
                            <cast_shadows sid="cast_shadows" type="bool">1</cast_shadows>
                            <receive_shadows sid="receive_shadows" type="bool">1</receive_shadows>
                            <primary_visibility sid="primary_visibility" type="bool">1</primary_visibility>
                            <secondary_visibility sid="secondary_visibility" type="bool">1</secondary_visibility>
                          </technique>
                        </extra>
                      </node>
                      <extra>
                        <technique profile="OpenCOLLADA">
                          <cast_shadows sid="cast_shadows" type="bool">1</cast_shadows>
                          <receive_shadows sid="receive_shadows" type="bool">1</receive_shadows>
                          <primary_visibility sid="primary_visibility" type="bool">1</primary_visibility>
                          <secondary_visibility sid="secondary_visibility" type="bool">1</secondary_visibility>
                        </technique>
                      </extra>
                    </node>
                    <extra>
                      <technique profile="OpenCOLLADA">
                        <cast_shadows sid="cast_shadows" type="bool">1</cast_shadows>
                        <receive_shadows sid="receive_shadows" type="bool">1</receive_shadows>
                        <primary_visibility sid="primary_visibility" type="bool">1</primary_visibility>
                        <secondary_visibility sid="secondary_visibility" type="bool">1</secondary_visibility>
                      </technique>
                    </extra>
                  </node>
                  <node id="node-Arm_Assist_R" name="Arm_Assist_R" sid="joint19" type="JOINT">
                    <translate>-0.02000002 7.10543e-15 0</translate>
                    <extra>
                      <technique profile="OpenCOLLADA">
                        <cast_shadows sid="cast_shadows" type="bool">1</cast_shadows>
                        <receive_shadows sid="receive_shadows" type="bool">1</receive_shadows>
                        <primary_visibility sid="primary_visibility" type="bool">1</primary_visibility>
                        <secondary_visibility sid="secondary_visibility" type="bool">1</secondary_visibility>
                      </technique>
                    </extra>
                  </node>
                  <extra>
                    <technique profile="OpenCOLLADA">
                      <cast_shadows sid="cast_shadows" type="bool">1</cast_shadows>
                      <receive_shadows sid="receive_shadows" type="bool">1</receive_shadows>
                      <primary_visibility sid="primary_visibility" type="bool">1</primary_visibility>
                      <secondary_visibility sid="secondary_visibility" type="bool">1</secondary_visibility>
                    </technique>
                  </extra>
                </node>
                <extra>
                  <technique profile="OpenCOLLADA">
                    <cast_shadows sid="cast_shadows" type="bool">1</cast_shadows>
                    <receive_shadows sid="receive_shadows" type="bool">1</receive_shadows>
                    <primary_visibility sid="primary_visibility" type="bool">1</primary_visibility>
                    <secondary_visibility sid="secondary_visibility" type="bool">1</secondary_visibility>
                  </technique>
                </extra>
              </node>
              <node id="node-Neck" name="Neck" sid="joint20" type="JOINT">
                <translate>0.123 0 0</translate>
                <extra>
                  <technique profile="OpenCOLLADA">
                    <cast_shadows sid="cast_shadows" type="bool">1</cast_shadows>
                    <receive_shadows sid="receive_shadows" type="bool">1</receive_shadows>
                    <primary_visibility sid="primary_visibility" type="bool">1</primary_visibility>
                    <secondary_visibility sid="secondary_visibility" type="bool">1</secondary_visibility>
                  </technique>
                </extra>
              </node>
              <extra>
                <technique profile="OpenCOLLADA">
                  <cast_shadows sid="cast_shadows" type="bool">1</cast_shadows>
                  <receive_shadows sid="receive_shadows" type="bool">1</receive_shadows>
                  <primary_visibility sid="primary_visibility" type="bool">1</primary_visibility>
                  <secondary_visibility sid="secondary_visibility" type="bool">1</secondary_visibility>
                </technique>
              </extra>
            </node>
            <extra>
              <technique profile="OpenCOLLADA">
                <cast_shadows sid="cast_shadows" type="bool">1</cast_shadows>
                <receive_shadows sid="receive_shadows" type="bool">1</receive_shadows>
                <primary_visibility sid="primary_visibility" type="bool">1</primary_visibility>
                <secondary_visibility sid="secondary_visibility" type="bool">1</secondary_visibility>
              </technique>
            </extra>
          </node>
          <extra>
            <technique profile="OpenCOLLADA">
              <cast_shadows sid="cast_shadows" type="bool">1</cast_shadows>
              <receive_shadows sid="receive_shadows" type="bool">1</receive_shadows>
              <primary_visibility sid="primary_visibility" type="bool">1</primary_visibility>
              <secondary_visibility sid="secondary_visibility" type="bool">1</secondary_visibility>
            </technique>
          </extra>
        </node>
        <node id="node-Waist" name="Waist" sid="joint21" type="JOINT">
          <rotate>-0.5399293 0.6457188 0.5399293 -114.2979</rotate>
          <node id="node-Leg_1_L" name="Leg_1_L" sid="joint22" type="JOINT">
            <translate>0.108 0 -0.09700002</translate>
            <extra>
              <technique profile="OpenCOLLADA">
                <cast_shadows sid="cast_shadows" type="bool">1</cast_shadows>
                <receive_shadows sid="receive_shadows" type="bool">1</receive_shadows>
                <primary_visibility sid="primary_visibility" type="bool">1</primary_visibility>
                <secondary_visibility sid="secondary_visibility" type="bool">1</secondary_visibility>
              </technique>
            </extra>
          </node>
          <node id="node-Leg_1_R" name="Leg_1_R" sid="joint23" type="JOINT">
            <translate>0.108 -1.86265e-9 0.09699999</translate>
            <rotate>-1.95178e-8 -4.05663e-8 1 -180</rotate>
            <extra>
              <technique profile="OpenCOLLADA">
                <cast_shadows sid="cast_shadows" type="bool">1</cast_shadows>
                <receive_shadows sid="receive_shadows" type="bool">1</receive_shadows>
                <primary_visibility sid="primary_visibility" type="bool">1</primary_visibility>
                <secondary_visibility sid="secondary_visibility" type="bool">1</secondary_visibility>
              </technique>
            </extra>
          </node>
          <extra>
            <technique profile="OpenCOLLADA">
              <cast_shadows sid="cast_shadows" type="bool">1</cast_shadows>
              <receive_shadows sid="receive_shadows" type="bool">1</receive_shadows>
              <primary_visibility sid="primary_visibility" type="bool">1</primary_visibility>
              <secondary_visibility sid="secondary_visibility" type="bool">1</secondary_visibility>
            </technique>
          </extra>
        </node>
        <extra>
          <technique profile="OpenCOLLADA">
            <cast_shadows sid="cast_shadows" type="bool">1</cast_shadows>
            <receive_shadows sid="receive_shadows" type="bool">1</receive_shadows>
            <primary_visibility sid="primary_visibility" type="bool">1</primary_visibility>
            <secondary_visibility sid="secondary_visibility" type="bool">1</secondary_visibility>
          </technique>
        </extra>
      </node>
      <node id="node-Clt_TES066_M__M_TES066_M" name="Clt_TES066_M__M_TES066_M">
        <instance_controller url="#geom-Clt_TES066_M__M_TES066_M-skin1">
          <skeleton>#node-Skl_Root</skeleton>
          <bind_material>
            <technique_common>
              <instance_material symbol="M_TES066_M" target="#M_TES066_M-material">
                <bind_vertex_input semantic="CHANNEL1" input_semantic="TEXCOORD" input_set="0"/>
                <bind_vertex_input semantic="CHANNEL1" input_semantic="TEXCOORD" input_set="0"/>
                <bind_vertex_input semantic="CHANNEL1" input_semantic="TEXCOORD" input_set="0"/>
                <bind_vertex_input semantic="CHANNEL1" input_semantic="TEXCOORD" input_set="0"/>
              </instance_material>
            </technique_common>
          </bind_material>
        </instance_controller>
        <extra>
          <technique profile="OpenCOLLADA">
            <cast_shadows sid="cast_shadows" type="bool">1</cast_shadows>
            <receive_shadows sid="receive_shadows" type="bool">1</receive_shadows>
            <primary_visibility sid="primary_visibility" type="bool">1</primary_visibility>
            <secondary_visibility sid="secondary_visibility" type="bool">1</secondary_visibility>
          </technique>
        </extra>
      </node>
    </visual_scene>
  </library_visual_scenes>
  <scene>
    <instance_visual_scene url="#MaxScene"/>
  </scene>
</COLLADA>