<?xml version="1.0" encoding="utf-8"?>
<COLLADA xmlns="http://www.collada.org/2005/11/COLLADASchema" version="1.4.1" xmlns:xsi="http://www.w3.org/2001/XMLSchema-instance">
  <asset>
    <contributor>
      <author>Centrixe</author>
      <authoring_tool>OpenCOLLADA for 3ds Max;  Version: 1.6;  Revision: 68</authoring_tool>
    </contributor>
    <created>2023-03-20T04:56:44</created>
    <modified>2023-03-20T04:56:44</modified>
    <unit name="inch" meter="0.0254"/>
    <up_axis>Z_UP</up_axis>
  </asset>
  <library_effects>
    <effect id="M_TES066_F">
      <profile_COMMON>
        <newparam sid="M_TES066_F_Alb_png-surface">
          <surface type="2D">
            <init_from>M_TES066_F_Alb_png</init_from>
          </surface>
        </newparam>
        <newparam sid="M_TES066_F_Alb_png-sampler">
          <sampler2D>
            <source>M_TES066_F_Alb_png-surface</source>
          </sampler2D>
        </newparam>
        <newparam sid="M_TES066_F_Rgh_png-surface">
          <surface type="2D">
            <init_from>M_TES066_F_Rgh_png</init_from>
          </surface>
        </newparam>
        <newparam sid="M_TES066_F_Rgh_png-sampler">
          <sampler2D>
            <source>M_TES066_F_Rgh_png-surface</source>
          </sampler2D>
        </newparam>
        <newparam sid="M_TES066_F_Nrm_png-surface">
          <surface type="2D">
            <init_from>M_TES066_F_Nrm_png</init_from>
          </surface>
        </newparam>
        <newparam sid="M_TES066_F_Nrm_png-sampler">
          <sampler2D>
            <source>M_TES066_F_Nrm_png-surface</source>
          </sampler2D>
        </newparam>
        <technique sid="common">
          <blinn>
            <emission>
              <color>0 0 0 1</color>
            </emission>
            <ambient>
              <color>0.588 0.588 0.588 1</color>
            </ambient>
            <diffuse>
              <texture texture="M_TES066_F_Alb_png-sampler" texcoord="CHANNEL1"/>
            </diffuse>
            <specular>
              <color>0 0 0 1</color>
            </specular>
            <shininess>
              <float>10</float>
            </shininess>
            <reflective>
              <color>0 0 0 1</color>
            </reflective>
            <transparent opaque="A_ONE">
              <texture texture="M_TES066_F_Alb_png-sampler" texcoord="CHANNEL1"/>
            </transparent>
            <transparency>
              <float>1</float>
            </transparency>
          </blinn>
          <extra>
            <technique profile="OpenCOLLADA3dsMax">
              <gloss>
                <texture texture="M_TES066_F_Rgh_png-sampler" texcoord="CHANNEL1"/>
              </gloss>
              <bump bumptype="HEIGHTFIELD">
                <texture texture="M_TES066_F_Nrm_png-sampler" texcoord="CHANNEL1"/>
              </bump>
            </technique>
          </extra>
        </technique>
      </profile_COMMON>
      <extra>
        <technique profile="OpenCOLLADA3dsMax">
          <extended_shader>
            <opacity_type sid="opacity_type" type="int">0</opacity_type>
            <falloff_type sid="falloff_type" type="int">0</falloff_type>
            <falloff sid="falloff" type="float">0</falloff>
            <index_of_refraction sid="index_of_refraction" type="float">1.5</index_of_refraction>
            <wire_size sid="wire_size" type="float">1</wire_size>
            <wire_units sid="wire_units" type="int">0</wire_units>
            <apply_reflection_dimming sid="apply_reflection_dimming" type="bool">0</apply_reflection_dimming>
            <dim_level sid="dim_level" type="float">0</dim_level>
            <reflection_level sid="reflection_level" type="float">3</reflection_level>
          </extended_shader>
          <shader>
            <ambient_diffuse_texture_lock sid="ambient_diffuse_texture_lock" type="bool">1</ambient_diffuse_texture_lock>
            <ambient_diffuse_lock sid="ambient_diffuse_lock" type="bool">1</ambient_diffuse_lock>
            <diffuse_specular_lock sid="diffuse_specular_lock" type="bool">0</diffuse_specular_lock>
            <use_self_illum_color sid="use_self_illum_color" type="bool">0</use_self_illum_color>
            <self_illumination sid="self_illumination" type="float">0</self_illumination>
            <specular_level sid="specular_level" type="float">0</specular_level>
            <soften sid="soften" type="float">0.1</soften>
          </shader>
        </technique>
      </extra>
    </effect>
  </library_effects>
  <library_materials>
    <material id="M_TES066_F-material" name="M_TES066_F">
      <instance_effect url="#M_TES066_F"/>
    </material>
  </library_materials>
  <library_geometries>
    <geometry id="geom-Clt_TES066_F__M_TES066_F" name="Clt_TES066_F__M_TES066_F">
      <mesh>
        <source id="geom-Clt_TES066_F__M_TES066_F-positions">
          <float_array id="geom-Clt_TES066_F__M_TES066_F-positions-array" count="11877">-0.006202698 -0.05630493 0.4099121 -0.006015778 -0.05447388 0.407959 -0.006202698 -0.05206299 0.3764648 -0.006015778 -0.05081177 0.3789063 0.04736328 -0.05130005 0.4082032 0.04736328 -0.04760743 0.3786621 0.04644776 -0.05032349 0.4106446 0.04644776 -0.04605103 0.3764648 0.0385437 -0.03515625 0.3803711 0.0385437 -0.03884888 0.409668 0.03942871 -0.03613281 0.3779297 0.03942871 -0.04040527 0.4118653 0.0276947 -0.04861451 0.4108887 0.02679443 -0.04702759 0.4086914 0.0276947 -0.04431152 0.376709 0.02679443 -0.04333496 0.3793946 -0.03863525 -0.0479126 0.4072266 -0.03869629 -0.04376221 0.3813477 -0.04324341 -0.0454712 0.3811035 -0.04315186 -0.04962159 0.4069825 -0.0449524 -0.04995728 0.3803711 -0.04489136 -0.05410767 0.40625 -0.04324341 -0.05441285 0.3798828 -0.04318237 -0.05859375 0.4055176 -0.03872681 -0.05612183 0.3793946 -0.03863525 -0.06027222 0.4052734 -0.03411865 -0.05859375 0.4055176 -0.03417969 -0.05441285 0.3796387 -0.03237915 -0.05410767 0.40625 -0.0324707 -0.04995728 0.3803711 -0.03411865 -0.04962159 0.4069825 -0.03417969 -0.0454712 0.3811035 -0.03863525 -0.0479126 0.4072266 -0.03869629 -0.04376221 0.3813477 -0.009033203 -0.05194092 0.3764648 -0.009414673 -0.04431152 0.3776856 -0.00932312 -0.04943848 0.4094238 -0.008941651 -0.05703735 0.4082032 -0.01136017 -0.04998779 0.4121094 -0.0109787 -0.05761719 0.4111328 -0.01447296 -0.05038453 0.4135742 -0.01408386 -0.0579834 0.4123535 -0.03662109 -0.05148316 0.4135742 -0.03622437 -0.05911255 0.4123535 -0.03933716 -0.059021 0.4108887 -0.03973389 -0.05142212 0.4121094 -0.04138184 -0.05868531 0.407959 -0.04177856 -0.05105591 0.4091797 -0.04147339 -0.05355835 0.3764648 -0.04187012 -0.04595948 0.3774414 -0.03945923 -0.05300904 0.3735352 -0.03982544 -0.04537964 0.3747559 -0.03634644 -0.0526123 0.3720703 -0.03671265 -0.04501343 0.373291 -0.0145874 -0.04391479 0.3735352 -0.0141983 -0.05151368 0.3723145 -0.01147461 -0.04397583 0.375 -0.01108551 -0.05157471 0.3737793 -0.009414673 -0.04431152 0.3776856 -0.009033203 -0.05194092 0.3764648 -0.03634644 -0.0578003 0.4042969 -0.03671265 -0.0501709 0.4052734 -0.03533936 -0.05044556 0.4074707 -0.03497314 -0.05807495 0.40625 -0.03323364 -0.05053711 0.4086914 -0.03283692 -0.05813599 0.4074707 -0.01800537 -0.04974365 0.4086914 -0.0176239 -0.05737305 0.4074707 -0.01550293 -0.05706787 0.40625 -0.0158844 -0.04946899 0.4074707 -0.01412201 -0.05667115 0.4042969 -0.01451111 -0.04904175 0.4055176 -0.01409149 -0.05282593 0.3803711 -0.01447296 -0.04519654 0.3815918 -0.006015778 -0.05081177 0.3789063 0.008239746 -0.05245972 0.3786621 0.008056641 -0.05374146 0.3762207 -0.006202698 -0.05206299 0.3764648 0.007610322 -0.05734253 0.3745117 -0.006645203 -0.05569458 0.3747559 -0.007183075 -0.06021119 0.3742676 0.007072449 -0.06188965 0.3740234 0.006629944 -0.06573486 0.3745117 -0.007629395 -0.06408691 0.3747559 0.006443024 -0.06756592 0.376709 -0.0078125 -0.06591797 0.3769532 0.006443024 -0.07122803 0.4057617 -0.0078125 -0.06958009 0.4060059 0.006629944 -0.07000732 0.4082032 -0.007629395 -0.06829834 0.4084473 0.007072449 -0.06634521 0.4099121 -0.007183075 -0.06469727 0.4101563 -0.006645203 -0.06018067 0.4106446 0.007610322 -0.06185913 0.4104004 0.008056641 -0.05795288 0.4099121 -0.006202698 -0.05630493 0.4099121 0.008239746 -0.05612183 0.4077148 -0.006015778 -0.05447388 0.407959 -0.006015778 -0.05081177 0.3789063 0.008239746 -0.05245972 0.3786621 0.006443024 -0.07122803 0.4057617 0.006443024 -0.06756592 0.376709 0.006629944 -0.06573486 0.3745117 0.006629944 -0.07000732 0.4082032 0.007072449 -0.06188965 0.3740234 0.007072449 -0.06634521 0.4099121 0.007610322 -0.05734253 0.3745117 0.007610322 -0.06185913 0.4104004 0.008056641 -0.05374146 0.3762207 0.008056641 -0.05795288 0.4099121 0.008239746 -0.05245972 0.3786621 0.008239746 -0.05612183 0.4077148 -0.006202698 -0.05630493 0.4099121 -0.006202698 -0.05206299 0.3764648 -0.006645203 -0.05569458 0.3747559 -0.006645203 -0.06018067 0.4106446 -0.007183075 -0.06021119 0.3742676 -0.007183075 -0.06469727 0.4101563 -0.007629395 -0.06408691 0.3747559 -0.007629395 -0.06829834 0.4084473 -0.0078125 -0.06591797 0.3769532 -0.0078125 -0.06958009 0.4060059 0.0385437 -0.03515625 0.3803711 0.02679443 -0.04333496 0.3793946 0.02679443 -0.04702759 0.4086914 0.0385437 -0.03884888 0.409668 0.0276947 -0.04861451 0.4108887 0.03942871 -0.04040527 0.4118653 0.02987671 -0.05181885 0.4116211 0.04162598 -0.04364014 0.4125977 0.04428101 -0.04736328 0.4121094 0.03253174 -0.05557251 0.4111328 0.04644776 -0.05032349 0.4106446 0.03469849 -0.0585022 0.409668 0.04736328 -0.05130005 0.4082032 0.03561401 -0.05950928 0.4072266 0.04736328 -0.04760743 0.3786621 0.03561401 -0.05578614 0.3776856 0.04644776 -0.04605103 0.3764648 0.03469849 -0.05422974 0.3754883 0.04428101 -0.04281617 0.3759766 0.03253174 -0.05099488 0.3747559 0.04162598 -0.0390625 0.3762207 0.02987671 -0.04727173 0.3752442 0.0276947 -0.04431152 0.376709 0.03942871 -0.03613281 0.3779297 0.02679443 -0.04333496 0.3793946 0.0385437 -0.03515625 0.3803711 0.0276947 -0.04861451 0.4108887 0.0276947 -0.04431152 0.376709 0.02987671 -0.04727173 0.3752442 0.02987671 -0.05181885 0.4116211 0.03253174 -0.05099488 0.3747559 0.03253174 -0.05557251 0.4111328 0.03253174 -0.05099488 0.3747559 0.03469849 -0.05422974 0.3754883 0.03469849 -0.0585022 0.409668 0.03561401 -0.05578614 0.3776856 0.03561401 -0.05950928 0.4072266 0.0453186 -0.04309082 0.4094238 0.06216431 -0.0239563 0.4121094 0.05566407 -0.02110291 0.4125977 0.06634522 0.006397248 0.4157715 0.05966187 0.006664277 0.4157715 0.05593872 0.03146362 0.4189453 0.06280518 0.03405762 0.4194336 0.04458618 0.05166627 0.4216309 0.04983521 0.05682373 0.4221192 0.02413941 0.06542969 0.4233399 0.02697754 0.07214356 0.4243165 -0.01963806 -0.05914307 0.4077148 -0.01963806 -0.05541993 0.3779297 -0.02442932 -0.0550232 0.4082032 -0.02372742 -0.05130005 0.378418 -0.02992249 -0.0458374 0.4086914 -0.02992249 -0.04211426 0.3789063 -0.04180909 -0.03759766 0.3798828 -0.04180909 -0.0413208 0.409668 -0.04885865 -0.03262329 0.3808594 -0.04885865 -0.03634644 0.4106446 -0.05819703 -0.01849365 0.3825684 -0.05819703 -0.02223206 0.4123535 -0.06222535 0.008674622 0.4160156 -0.06222535 0.01242066 0.3862305 -0.05706787 0.03649902 0.3894043 -0.05706787 0.03277588 0.4191895 -0.04452515 0.05538941 0.3918457 -0.04452515 0.05166627 0.4216309 -0.02409363 0.06915284 0.3935547 -0.02409363 0.06542969 0.4233399 0 0.07403565 0.3942871 0 0.07025147 0.4240723 0.02413941 0.06542969 0.4233399 0.02413941 0.06915284 0.3935547 0.04458618 0.05166627 0.4216309 0.04458618 0.05538941 0.3918457 0.05593872 0.03146362 0.4189453 0.05593872 0.03521729 0.3891602 0.05966187 0.006664277 0.4157715 0.05966187 0.01039886 0.3859864 0.05566407 -0.0173645 0.3828125 0.0574646 -0.01499939 0.3903809 0.05807495 -0.01485443 0.3981934 0.0574646 -0.01687622 0.4055176 0.05566407 -0.02110291 0.4125977 -0.03356934 -0.04788208 0.3781738 -0.02992249 -0.04211426 0.3789063 -0.02372742 -0.05130005 0.378418 -0.02624512 -0.05661011 0.3776856 -0.01963806 -0.05541993 0.3779297 7.80821e-5 -0.06561279 0.3764648 8.86917e-5 -0.05993652 0.3771973 0.01387024 -0.06427002 0.376709 0.0129776 -0.05862427 0.3774414 0.02761841 -0.05853272 0.3774414 0.02429199 -0.0531311 0.3781738 0.04525757 -0.03927612 0.3798828 0.04937745 -0.04476929 0.3791504 0.06137085 -0.0362854 0.3818359 0.06213379 -0.04193115 0.3803711 0.0737915 -0.03961182 0.3833008 0.07165527 -0.04449463 0.3825684 0.07501221 -0.04681396 0.3872071 0.07806396 -0.04269409 0.3876953 0.07641602 -0.04846192 0.3955078 0.07934571 -0.04449463 0.3959961 0.05566407 -0.02110291 0.4125977 0.05062867 -0.0186615 0.4125977 0.03942871 -0.0335083 0.4108887 0.0453186 -0.04309082 0.4094238 0.01977539 -0.04968262 0.4089356 0.02429199 -0.05685425 0.407959 0.01135254 -0.0534668 0.4084473 0.0129776 -0.06237793 0.4072266 8.87513e-5 -0.06365967 0.4069825 -7.93934e-5 -0.05215454 0.4084473 -0.01963806 -0.05914307 0.4077148 -0.01341248 -0.04388428 0.409668 -0.02114868 -0.04602051 0.4086914 -0.02323914 -0.05264282 0.4084473 0.05566407 -0.0173645 0.3828125 0.05062867 -0.01496887 0.3830567 0.0524292 -0.01259613 0.3908692 0.0574646 -0.01499939 0.3903809 0.05303955 -0.01244354 0.3984375 0.05807495 -0.01485443 0.3981934 0.0524292 -0.01446533 0.4057617 0.0574646 -0.01687622 0.4055176 0.05062867 -0.0186615 0.4125977 0.05566407 -0.02110291 0.4125977 0.07641602 -0.04846192 0.3955078 0.07934571 -0.04449463 0.3959961 0.07763672 -0.04449463 0.4042969 0.07458496 -0.04855347 0.4038086 0.07336426 -0.04269409 0.4084473 0.07128906 -0.04745484 0.407959 0.06182862 -0.0461731 0.4091797 0.0610962 -0.04064942 0.4099121 0.04937745 -0.04852295 0.4089356 0.0453186 -0.04309082 0.4094238 0.02761841 -0.06225586 0.4072266 0.02429199 -0.05685425 0.407959 0.0129776 -0.06237793 0.4072266 0.01387024 -0.06799316 0.4064942 8.87513e-5 -0.06365967 0.4069825 7.81417e-5 -0.06933594 0.40625 -0.01963806 -0.05914307 0.4077148 -0.02694702 -0.06033326 0.4074707 -0.02442932 -0.0550232 0.4082032 0.04525757 -0.03927612 0.3798828 0.0453186 -0.04309082 0.4094238 0.06137085 -0.0362854 0.3818359 0.0610962 -0.04064942 0.4099121 0.0737915 -0.03961182 0.3833008 0.07336426 -0.04269409 0.4084473 0.07934571 -0.04449463 0.3959961 0.07763672 -0.04449463 0.4042969 0.07806396 -0.04269409 0.3876953 -0.03634644 -0.0578003 0.4042969 -0.0362854 -0.05395508 0.3803711 -0.03671265 -0.0501709 0.4052734 -0.03668213 -0.04632568 0.3815918 -0.03491211 -0.05352784 0.3781738 -0.03530884 -0.04592896 0.3793946 -0.0328064 -0.05325318 0.3771973 -0.03317261 -0.04562378 0.3781738 -0.01759338 -0.05245972 0.3771973 -0.01797485 -0.04486084 0.378418 -0.01585388 -0.04492187 0.3793946 -0.01546478 -0.05255127 0.3781738 -0.01447296 -0.04519654 0.3815918 -0.01409149 -0.05282593 0.3803711 0.03942871 -0.04040527 0.4118653 0.04162598 -0.04364014 0.4125977 0.03942871 -0.03613281 0.3779297 0.04162598 -0.0390625 0.3762207 0.04428101 -0.04736328 0.4121094 0.04428101 -0.04281617 0.3759766 0.04644776 -0.04605103 0.3764648 0.04644776 -0.05032349 0.4106446 0.04428101 -0.04736328 0.4121094 0 -0.111023 0.3234863 0.009872437 -0.1096191 0.3249512 0 -0.1170044 0.3300781 0.009872437 -0.1155396 0.3312988 0.01823425 -0.1054688 0.3286133 0.01823425 -0.1114502 0.3352051 0.02383423 -0.09936523 0.3344727 0.02383423 -0.1053467 0.3408203 0.02580261 -0.09210205 0.3410645 0.02580261 -0.0980835 0.3476562 0.02383423 -0.08483887 0.3479004 0.02383423 -0.09082031 0.3542481 0.01823425 -0.07873536 0.3535156 0.01823425 -0.0847168 0.3598633 0.009872437 -0.08062744 0.3637696 0.009872437 -0.074646 0.3574219 0.006130219 -0.07702637 0.361084 0.004116058 -0.07476807 0.3591309 0.004051208 -0.07873536 0.3635254 0 -0.07318115 0.3586426 0 -0.0791626 0.3649902 0 -0.0734253 0.3588867 0 -0.07891846 0.3647461 -0.004123688 -0.07476807 0.3591309 -0.004051208 -0.07873536 0.3635254 -0.009872437 -0.074646 0.3574219 -0.009872437 -0.08062744 0.3637696 -0.006122589 -0.07702637 0.361084 -0.01823425 -0.07873536 0.3535156 -0.01823425 -0.0847168 0.3598633 -0.02383423 -0.08483887 0.3479004 -0.02383423 -0.09082031 0.3542481 -0.02580261 -0.09210205 0.3410645 -0.02580261 -0.0980835 0.3476562 -0.02383423 -0.09936523 0.3344727 -0.02383423 -0.1053467 0.3408203 -0.01823425 -0.1054688 0.3286133 -0.01823425 -0.1114502 0.3352051 -0.009872437 -0.1155396 0.3312988 -0.009872437 -0.1096191 0.3249512 0 -0.111023 0.3234863 0 -0.1170044 0.3300781 0.02697754 0.07586671 0.3945313 0.04983521 0.06054688 0.3925782 0.02413941 0.06915284 0.3935547 0.04458618 0.05538941 0.3918457 0.06280518 0.03781128 0.3896484 0.05593872 0.03521729 0.3891602 0.06634522 0.01013184 0.3859864 0.05966187 0.01039886 0.3859864 0.05566407 -0.0173645 0.3828125 0.06216431 -0.0202179 0.3823242 0.04525757 -0.03927612 0.3798828 0.03942871 -0.02978516 0.3811035 0.05062867 -0.01496887 0.3830567 0.01977539 -0.04595948 0.3791504 0.03942871 -0.02978516 0.3811035 0.04525757 -0.03927612 0.3798828 0.02429199 -0.0531311 0.3781738 0.01135254 -0.04974365 0.3786621 0.0129776 -0.05862427 0.3774414 8.86917e-5 -0.05993652 0.3771973 -7.9453e-5 -0.04840088 0.3786621 -0.01963806 -0.05541993 0.3779297 -0.01341248 -0.04013062 0.3798828 -0.02114868 -0.04229737 0.3791504 -0.02323914 -0.04891968 0.3786621 -0.01963806 -0.05914307 0.4077148 -0.02323914 -0.05264282 0.4084473 -0.01963806 -0.05541993 0.3779297 -0.02323914 -0.04891968 0.3786621 -0.02114868 -0.04602051 0.4086914 -0.02114868 -0.04229737 0.3791504 -0.01341248 -0.04013062 0.3798828 -0.01341248 -0.04388428 0.409668 -7.93934e-5 -0.05215454 0.4084473 -7.9453e-5 -0.04840088 0.3786621 0.01135254 -0.0534668 0.4084473 0.01135254 -0.04974365 0.3786621 0.01977539 -0.04595948 0.3791504 0.01977539 -0.04968262 0.4089356 0.03942871 -0.02978516 0.3811035 0.03942871 -0.0335083 0.4108887 0.0524292 -0.01446533 0.4057617 0.05062867 -0.0186615 0.4125977 0.05303955 -0.01244354 0.3984375 0.0524292 -0.01259613 0.3908692 0.05062867 -0.01496887 0.3830567 -0.04180909 -0.03759766 0.3798828 -0.02992249 -0.04211426 0.3789063 -0.03356934 -0.04788208 0.3781738 -0.04577637 -0.04345703 0.3791504 -0.04885865 -0.03262329 0.3808594 -0.05453492 -0.03729248 0.380127 -0.05819703 -0.01849365 0.3825684 -0.06506348 -0.02137756 0.3820801 -0.06964112 0.01234436 0.3862305 -0.06222535 0.01242066 0.3862305 -0.06390381 0.03927612 0.3896484 -0.05706787 0.03649902 0.3894043 -0.04980469 0.06054688 0.3925782 -0.04452515 0.05538941 0.3918457 -0.02409363 0.06915284 0.3935547 -0.02694703 0.07586671 0.3945313 0 0.07403565 0.3942871 0 0.08135988 0.3950196 0.02697754 0.07586671 0.3945313 0.02413941 0.06915284 0.3935547 0.02413941 0.06542969 0.4233399 0.02697754 0.07214356 0.4243165 0 0.07025147 0.4240723 0 0.07757569 0.4248047 -0.02694703 0.07214356 0.4243165 -0.02409363 0.06542969 0.4233399 -0.04980469 0.05682373 0.4221192 -0.04452515 0.05166627 0.4216309 -0.05706787 0.03277588 0.4191895 -0.06390381 0.03552246 0.4194336 -0.06222535 0.008674622 0.4160156 -0.06964112 0.008605958 0.4160156 -0.05819703 -0.02223206 0.4123535 -0.06506348 -0.02511597 0.4118653 -0.05453492 -0.04104614 0.4099121 -0.04885865 -0.03634644 0.4106446 -0.04577637 -0.04718018 0.4089356 -0.04180909 -0.0413208 0.409668 -0.03356934 -0.05163574 0.407959 -0.02992249 -0.0458374 0.4086914 -0.02442932 -0.0550232 0.4082032 -0.02694702 -0.06033326 0.4074707 0.04525757 -0.03927612 0.3798828 0.06216431 -0.0202179 0.3823242 0.0453186 -0.04309082 0.4094238 0.06216431 -0.0239563 0.4121094 0.06634522 0.006397248 0.4157715 0.06634522 0.01013184 0.3859864 0.06280518 0.03781128 0.3896484 0.06280518 0.03405762 0.4194336 0.04983521 0.06054688 0.3925782 0.04983521 0.05682373 0.4221192 0.02697754 0.07586671 0.3945313 0.02697754 0.07214356 0.4243165 0 0.08135988 0.3950196 0 0.07757569 0.4248047 -0.02694703 0.07214356 0.4243165 -0.02694703 0.07586671 0.3945313 -0.04980469 0.05682373 0.4221192 -0.04980469 0.06054688 0.3925782 -0.06390381 0.03552246 0.4194336 -0.06390381 0.03927612 0.3896484 -0.06964112 0.008605958 0.4160156 -0.06964112 0.01234436 0.3862305 -0.06506348 -0.02137756 0.3820801 -0.06506348 -0.02511597 0.4118653 -0.05453492 -0.04104614 0.4099121 -0.05453492 -0.03729248 0.380127 -0.04577637 -0.04718018 0.4089356 -0.04577637 -0.04345703 0.3791504 -0.03356934 -0.05163574 0.407959 -0.03356934 -0.04788208 0.3781738 -0.02624512 -0.05661011 0.3776856 -0.02694702 -0.06033326 0.4074707 7.81417e-5 -0.06933594 0.40625 7.80821e-5 -0.06561279 0.3764648 0.01387024 -0.06427002 0.376709 0.01387024 -0.06799316 0.4064942 0.02761841 -0.06225586 0.4072266 0.02761841 -0.05853272 0.3774414 0.04937745 -0.04852295 0.4089356 0.04937745 -0.04476929 0.3791504 0.06213379 -0.04193115 0.3803711 0.06182862 -0.0461731 0.4091797 0.07165527 -0.04449463 0.3825684 0.07128906 -0.04745484 0.407959 0.07641602 -0.04846192 0.3955078 0.07458496 -0.04855347 0.4038086 0.07501221 -0.04681396 0.3872071 0.05123902 0.1016846 0.2454834 0.03652954 0.1049194 0.2453613 0.05114746 0.105957 0.2543946 0.03637696 0.1089478 0.2539063 0.05081177 0.1158447 0.2980957 0 0.1074829 0.2456055 0.03500367 0.1181641 0.298584 0.05029297 0.1103516 0.3234864 0.03213501 0.1105957 0.3237305 0 0.1113281 0.2543946 0 0.1188965 0.2988281 0 0.1109619 0.3237305 -0.03213501 0.1105957 0.3237305 -0.03500367 0.1181641 0.298584 -0.05029297 0.1103516 0.3234864 -0.05081177 0.1158447 0.2980957 -0.03637696 0.1089478 0.2539063 -0.05114746 0.105957 0.2543945 -0.03652954 0.1049194 0.2453613 -0.05123902 0.1016846 0.2454834 0.1712646 0.01811218 0.251709 0.1712646 -0.01548767 0.2498779 0.1695557 -0.01730347 0.2410889 0.1694336 0.02128601 0.2429199 0.1744385 0.04507447 0.2683106 0.1512451 -0.01579285 0.2403564 0.1732178 0.05300903 0.2624512 0.1793213 0.06072999 0.296875 0.1506348 0.02366638 0.2426758 0.1446533 -0.01560974 0.2391358 0.1779785 0.07067872 0.2956543 0.1832276 0.06036378 0.328125 0.1436768 0.02462769 0.2418213 0.1380615 -0.01561737 0.2380371 0.1365967 0.02537537 0.2409668 0.1522217 0.05725098 0.2631836 0.1422119 0.05889893 0.2629395 0.1322021 0.06027222 0.2626953 0.1569824 0.07318116 0.2956543 0.144043 0.07415771 0.295166 0.1311035 0.07501221 0.2949219 0.1313477 0.07800293 0.3320312 0.1452637 0.07525635 0.331543 0.1318359 0.05484009 0.3632813 0.161499 0.07293702 0.3305664 0.1464844 0.05316162 0.3642578 0.1325684 0.00497818 0.3764648 0.1816406 0.06976319 0.3308106 0.1651611 0.05215454 0.3649903 0.1490479 0.00377655 0.3779297 0.1291504 -0.03323364 0.3630371 0.1861572 0.04974365 0.3664551 0.1870117 0.04254151 0.359375 0.1654053 0.003395081 0.3796387 0.1873779 9.28402e-4 0.3820801 0.1882325 6.23445e-16 0.3715821 0.1468506 -0.0362854 0.364502 0.1645508 -0.03839111 0.3657227 0.125 -0.06140137 0.3330078 0.1856689 -0.04199219 0.3676758 0.1865234 -0.03833008 0.3591309 0.1618652 -0.06762695 0.3337403 0.1813965 -0.0715332 0.3337403 0.1837158 -0.061615 0.3300782 0.1790772 -0.06591798 0.2973633 0.177002 -0.07531739 0.2966309 0.1732178 -0.05319214 0.2646485 0.1446533 -0.06524658 0.3334961 0.1429443 -0.06866455 0.3146973 0.1262207 -0.06726074 0.3081055 0.1582031 -0.07263184 0.296875 0.1425781 -0.07165527 0.2958984 0.1269531 -0.0703125 0.2949219 0.1340332 -0.05975342 0.2565918 0.1713867 -0.06042481 0.2583008 0.1522217 -0.05944825 0.2583008 0.1695557 -0.01730347 0.2410889 0.1712646 -0.01548767 0.2498779 0.1512451 -0.01579285 0.2403564 0.1431885 -0.05947876 0.2573242 0.1446533 -0.01560974 0.2391358 0.1380615 -0.01561737 0.2380371 -0.1695557 -0.01730347 0.2410889 -0.1712646 -0.01548767 0.2498779 -0.1712646 0.01811218 0.251709 -0.1694336 0.02128601 0.2429199 -0.1744385 0.04507446 0.2683106 -0.1512451 -0.01579285 0.2403564 -0.1732178 0.05300903 0.2624512 -0.1793213 0.06072998 0.296875 -0.1506348 0.02366638 0.2426758 -0.1446533 -0.01560974 0.2391357 -0.1779785 0.07067871 0.2956543 -0.1832276 0.06036377 0.328125 -0.1436768 0.02462769 0.2418213 -0.1380615 -0.01561737 0.2380371 -0.1365967 0.02537537 0.2409668 -0.1522217 0.05725098 0.2631836 -0.1422119 0.05889893 0.2629395 -0.1322022 0.06027222 0.2626953 -0.1569824 0.07318115 0.2956543 -0.144043 0.07415771 0.295166 -0.1311035 0.0750122 0.2949219 -0.1313477 0.07800293 0.3320312 -0.1452637 0.07525634 0.331543 -0.131836 0.05484009 0.3632812 -0.161499 0.07293701 0.3305664 -0.1464844 0.05316162 0.3642578 -0.1325684 0.004978178 0.3764648 -0.1816406 0.06976318 0.3308106 -0.1651611 0.05215454 0.3649903 -0.1490479 0.003776549 0.3779297 -0.1291504 -0.03323365 0.3630371 -0.1861573 0.04974365 0.3664551 -0.1870117 0.0425415 0.359375 -0.1654053 0.00339508 0.3796387 -0.1468506 -0.0362854 0.364502 -0.125 -0.06140137 0.3330078 -0.187378 9.28401e-4 0.3820801 -0.1882325 -4.20857e-10 0.3715821 -0.1645508 -0.03839111 0.3657227 -0.185669 -0.04199219 0.3676758 -0.1865235 -0.03833008 0.3591309 -0.1618652 -0.06762695 0.3337403 -0.1813965 -0.0715332 0.3337403 -0.1837158 -0.06161499 0.3300782 -0.1790772 -0.06591797 0.2973633 -0.177002 -0.07531738 0.2966309 -0.1732178 -0.05319214 0.2646485 -0.1446533 -0.06524658 0.3334961 -0.1429444 -0.06866455 0.3146973 -0.1262207 -0.06726074 0.3081055 -0.1582031 -0.07263184 0.296875 -0.1425781 -0.07165527 0.2958984 -0.1269532 -0.0703125 0.2949219 -0.1340332 -0.05975342 0.2565918 -0.1713867 -0.0604248 0.2583008 -0.1522217 -0.05944824 0.2583008 -0.1695557 -0.01730347 0.2410889 -0.1712646 -0.01548767 0.2498779 -0.1512451 -0.01579285 0.2403564 -0.1431885 -0.05947876 0.2573242 -0.1446533 -0.01560974 0.2391357 -0.1380615 -0.01561737 0.2380371 -0.02482605 -0.0531311 0.3911133 -0.02365112 -0.05590821 0.3898926 -0.02813721 -0.05474854 0.3908692 -0.0269928 -0.05755616 0.3894043 -0.02279663 -0.05825806 0.390625 -0.03201294 -0.05664063 0.390625 -0.02615357 -0.05990601 0.3903809 -0.03089905 -0.05935669 0.3891602 -0.03536987 -0.05789185 0.3903809 -0.0223999 -0.05960083 0.392334 -0.03530884 -0.06054688 0.3891602 -0.02575684 -0.0612793 0.3920898 -0.02969361 -0.06298828 0.3918457 -0.02612305 -0.06072998 0.3942871 -0.02275086 -0.05908203 0.3945313 -0.03848267 -0.05868531 0.3896484 -0.03796387 -0.05731202 0.390625 -0.03845215 -0.05682373 0.3925782 -0.02700806 -0.05865479 0.395752 -0.02365112 -0.05700684 0.3959961 -0.03994751 -0.06054688 0.3920898 -0.0383606 -0.05786133 0.3942871 -0.02482605 -0.05389404 0.3955078 -0.02816773 -0.05551148 0.3952637 -0.03201294 -0.05743409 0.3950196 -0.03091431 -0.06048584 0.3952637 -0.03533936 -0.05862427 0.3947754 -0.03536987 -0.06167603 0.3950196 -0.03546143 -0.06420898 0.3916016 -0.03900146 -0.05944824 0.3947754 -0.004123688 -0.07476807 0.3591309 -0.006122589 -0.07702637 0.361084 -0.005172729 -0.07672119 0.3613281 -0.003505707 -0.07476807 0.3596192 -0.002223969 -0.07501221 0.362793 0 -0.0734253 0.3588867 -0.001636505 -0.0737915 0.3615723 -0.002445221 -0.0748291 0.3630371 0 -0.07366943 0.359375 0.003498078 -0.07476807 0.3596192 0.004116058 -0.07476807 0.3591309 0.005176544 -0.07672119 0.3613281 0.006130219 -0.07702637 0.361084 0.002210617 -0.07501221 0.362793 0.001621246 -0.0737915 0.3615723 0.002450943 -0.07489014 0.3630371 0 -0.07336426 0.361084 0.002450943 -0.07312012 0.3625488 0.002725601 -0.07470703 0.3632812 0.001618385 -0.07250977 0.3620606 0.002725601 -0.07318115 0.362793 0.004859924 -0.07525635 0.362793 0.00485611 -0.07299805 0.3620606 0.002450943 -0.07183838 0.3637696 0.002723694 -0.07208252 0.3640137 0.004852295 -0.07128906 0.3637696 0.004852295 -0.07189941 0.3659668 0.002723694 -0.0723877 0.3654785 0.002450943 -0.07220459 0.3657227 0.001590729 -0.07202148 0.3657227 0.001444817 -0.0713501 0.3652344 0.001335144 -0.07122803 0.3632812 9.56535e-4 -0.07073975 0.364502 0 -0.07067871 0.3640137 0 -0.07214355 0.3618164 0 -0.07092285 0.3630371 -0.00135994 -0.07122803 0.3632812 -9.84192e-4 -0.07073975 0.364502 -0.001465798 -0.07141113 0.3649902 -0.001637459 -0.07250977 0.3620606 -0.002445221 -0.07183838 0.3637696 -0.001591682 -0.07208252 0.3657227 -0.002445221 -0.07305908 0.3625488 -0.002445221 -0.07220459 0.3657227 -0.002721787 -0.07312012 0.362793 -0.002721787 -0.074646 0.3632812 -0.002723694 -0.07202148 0.3640137 -0.002723694 -0.0723877 0.3654785 -0.004875183 -0.07299805 0.3620606 -0.004871368 -0.07525635 0.362793 -0.004882812 -0.07128906 0.3637696 -0.004882812 -0.07189941 0.3659668 -0.006122589 -0.07702637 0.361084 -0.004051208 -0.07873536 0.3635254 -0.005172729 -0.07672119 0.3613281 -0.003444672 -0.07824708 0.3632812 0 -0.07891846 0.3647461 -0.002223969 -0.07501221 0.362793 0 -0.07836915 0.364502 -0.001633644 -0.07623291 0.3642578 0.003444672 -0.07824708 0.3632812 0.004051208 -0.07873536 0.3635254 0.006130219 -0.07702637 0.361084 0.005176544 -0.07672119 0.3613281 0.002210617 -0.07501221 0.362793 0.0016222 -0.07623291 0.3642578 0.002450943 -0.07489014 0.3630371 0 -0.07672119 0.364502 0.002450943 -0.07525635 0.3647461 0.002725601 -0.07470703 0.3632812 0.001565933 -0.07580566 0.3652344 -0.001582146 -0.07580566 0.3652344 0.002725601 -0.07501221 0.3647461 0.004859924 -0.07525635 0.362793 0.004859924 -0.07580566 0.3649902 0.002450943 -0.07397461 0.3659668 0.002725601 -0.07391358 0.3657227 0.00485611 -0.07415771 0.3666992 0.004852295 -0.07189941 0.3659668 0.002723694 -0.0723877 0.3654785 0.002450943 -0.07220459 0.3657227 0.001590729 -0.07202148 0.3657227 0.0014925 -0.07281494 0.3664551 0.001282692 -0.07452393 0.3664551 9.55105e-4 -0.0734253 0.3671875 0 -0.0737915 0.3671875 0 -0.07617187 0.3654785 0 -0.07489014 0.3666992 -0.00130558 -0.07452393 0.3664551 -9.83238e-4 -0.0734253 0.3671875 -0.001473427 -0.07281494 0.3664551 -0.002445221 -0.07525635 0.3647461 -0.002445221 -0.0748291 0.3630371 -0.002721787 -0.074646 0.3632812 -0.002445221 -0.07397461 0.3659668 -0.001591682 -0.07208252 0.3657227 -0.002445221 -0.07220459 0.3657227 -0.002723694 -0.0723877 0.3654785 -0.002721787 -0.07501221 0.3647461 -0.004871368 -0.07525635 0.362793 -0.004875183 -0.07586671 0.3649902 -0.004878998 -0.07415771 0.3666992 -0.002723694 -0.07391358 0.3657227 -0.004882812 -0.07189941 0.3659668 -0.1884766 0.01634216 -0.05734253 -0.1844482 0.01538086 -0.05426025 -0.1820068 -0.04022217 -0.06536865 -0.1854248 -0.04083252 -0.06872559 -0.1583252 -0.07061768 -0.07592773 -0.1887207 -0.04162598 -0.0625 -0.1921387 0.01727295 -0.05093384 -0.1601563 -0.001709938 -0.003852845 -0.161377 -0.07287598 -0.07946777 -0.1546631 -0.04907227 -0.01145935 -0.1395264 -0.01104736 0.04370117 -0.1641846 -0.07495117 -0.07354736 -0.1356201 -0.04995728 0.03967286 -0.1258545 -0.01476288 0.09625245 -0.1328125 -0.07812501 -0.01832581 -0.1155396 -0.1065063 -0.08172607 -0.1142578 -0.1032715 -0.0871582 -0.1113892 -0.1015015 -0.08380127 -0.0991211 -0.1052246 -0.02400208 -0.05584717 -0.1253662 -0.09356689 -0.05508423 -0.1224365 -0.08990479 -0.05657959 -0.1281738 -0.08776855 -9.24608e-16 -0.130127 -0.09216309 -0.1149292 -0.07916261 0.0355835 -9.45424e-16 -0.1330566 -0.09588623 -0.1212769 -0.05410767 0.09436036 -0.1220093 -0.01660156 0.1536865 0.05584717 -0.1253662 -0.09356689 0.05508423 -0.1224365 -0.08990479 0.1113892 -0.1015015 -0.08380127 -9.64506e-16 -0.1357422 -0.09008789 0.1142578 -0.1032715 -0.0871582 0.1583252 -0.07061768 -0.07592773 0.05657959 -0.1281738 -0.08776855 -0.04956055 -0.1203003 -0.02937317 0.161377 -0.07287598 -0.07946777 -0.08508301 -0.1021729 0.03274536 0.1155396 -0.1065063 -0.08172607 0.1854248 -0.04083252 -0.06872559 0.1820068 -0.04019165 -0.06536865 0.1844482 0.01538086 -0.05426025 0.1884766 0.01634216 -0.05734253 0.1641846 -0.07495117 -0.07354736 0.1887207 -0.04162598 -0.0625 0.1921387 0.01727295 -0.05093384 0.1601563 -0.001709938 -0.003852845 0.1546631 -0.04742432 -0.01146698 0.1395264 -0.01104736 0.04370117 0.1328125 -0.07836914 -0.01831055 0.1356201 -0.04995728 0.03967286 0.1258545 -0.01476288 0.09625245 0.0991211 -0.1054077 -0.02400208 0.1149292 -0.07916261 0.0355835 0.1212769 -0.05410767 0.09436036 0.1220093 -0.01660156 0.1536865 0.04956055 -0.1203003 -0.02937317 0.08508301 -0.1021729 0.03274536 0.1049805 -0.08520509 0.09246827 0.1164551 -0.0567627 0.1536865 0.1290283 -0.01835633 0.2055664 0.07629395 -0.107544 0.09124757 0.1245117 -0.05905152 0.2088623 0.04321289 -0.1151123 0.03105164 0.09979248 -0.09075928 0.1536865 0.07305909 -0.1118775 0.1536865 0.03948975 -0.1187744 0.09033204 -8.51443e-16 -0.1273193 -0.03123474 -5.92738e-16 -0.1195068 0.03007507 -0.04321289 -0.1151123 0.03105164 -2.65314e-16 -0.1236572 0.08978272 -0.03948975 -0.1187744 0.09033204 -0.07629395 -0.107544 0.09124757 -0.1049805 -0.08520509 0.09246827 -0.07305909 -0.1118775 0.1536865 -0.1164551 -0.0567627 0.1536865 -0.1290283 -0.01835633 0.2055664 -0.09979248 -0.09075928 0.1536865 -0.1245117 -0.05905152 0.2088623 -0.1279297 -0.05874635 0.232666 -0.1380615 -0.01561737 0.2380371 -0.1340332 -0.05975342 0.2565918 -0.1079712 -0.09814453 0.2126465 -0.1125488 -0.1005249 0.2410889 -0.1155396 -0.09954835 0.2597656 -0.07928468 -0.1205444 0.2154541 -0.08343507 -0.1242676 0.237793 -0.08691407 -0.1247559 0.2568359 -0.04818726 -0.1351319 0.2420655 -0.04492188 -0.1315918 0.2172852 -0.0390625 -0.1245117 0.1536865 0 -0.1345215 0.2180176 0 -0.1293945 0.1536865 0.0390625 -0.1245117 0.1536865 0 -0.1379395 0.2438965 0.04492188 -0.1315918 0.2172852 0.07928468 -0.1205444 0.2154541 0.04818726 -0.1351319 0.2420655 0.1079712 -0.09814453 0.2126465 0.08343506 -0.1242676 0.237793 0.1125488 -0.1005249 0.2410889 0.1279297 -0.05874635 0.232666 0.1380615 -0.01561737 0.2380371 0.1340332 -0.05975342 0.2565918 0.08691407 -0.1247559 0.2568359 0.1155396 -0.09954834 0.2597657 0.1173096 -0.09484864 0.2788086 0.1269531 -0.0703125 0.2949219 0.08978272 -0.1227417 0.2761231 0.05105591 -0.1364746 0.2670898 0.1142578 -0.08026123 0.3122559 0.1262207 -0.06726074 0.3081055 0.125 -0.06140137 0.3330078 0.09179688 -0.1166382 0.2922364 0.05142212 -0.1329346 0.2832031 0 -0.1391602 0.2700195 0.05090332 -0.1245728 0.2978516 -0.05105591 -0.1364746 0.2670898 0 -0.135498 0.2856445 -0.05142212 -0.1329346 0.2832031 -0.08978272 -0.1227417 0.2761231 -0.05090332 -0.1245728 0.2978516 -0.1173096 -0.09484864 0.2788086 -0.1269532 -0.0703125 0.2949219 -0.09179688 -0.1166382 0.2922364 -0.1142578 -0.08026124 0.3122559 -0.1262207 -0.06726074 0.3081055 -0.125 -0.06140137 0.3330078 -0.09069826 -0.09155274 0.3186035 -0.09002687 -0.06848145 0.3381348 -0.1291504 -0.03323365 0.3630371 -0.0678711 -0.05438232 0.3535156 -0.0878296 -0.0262909 0.3671875 -0.1009522 0.004821775 0.376709 -0.1325684 0.004978178 0.3764648 -0.09606936 0.003746031 0.3764648 -0.04940796 -0.09515382 0.3239746 -0.04238892 -0.07177735 0.3439942 -0.02227784 -0.07824707 0.3408203 0 -0.1269531 0.3000488 0 -0.09814453 0.3256836 0 -0.08117676 0.3398437 0.02227783 -0.07824708 0.3408203 0.04940796 -0.09515382 0.3239746 0.04266358 -0.07177735 0.3439942 0.06811524 -0.05438232 0.3535157 0.09069825 -0.09155274 0.3186035 0.09002686 -0.06848145 0.3381348 0.08782959 -0.0262909 0.3671875 0.1291504 -0.03323364 0.3630371 0.1009522 0.004821777 0.376709 0.09606934 0.003746033 0.3764649 0.1325684 0.00497818 0.3764648 0.1290283 -0.01835633 0.2055664 0.1365967 0.02537537 0.2409668 0.1380615 -0.01561737 0.2380371 0.1237183 0.006839753 0.2049561 0.1220093 -0.01660156 0.1536865 0.1154175 0.04522705 0.2041016 0.1322021 0.06027222 0.2626953 0.1077881 0.025177 0.1536865 0.1078491 0.01979065 0.09735108 0.1258545 -0.01476288 0.09625245 0.1040649 0.08514405 0.2575684 0.1311035 0.07501221 0.2949219 0.1191406 0.02612305 0.04574585 0.1395264 -0.01104736 0.04370117 0.1601563 -0.001709938 -0.003852845 0.1381836 0.04440308 8.07285e-4 0.1921387 0.01727295 -0.05093384 0.08441163 0.05426025 0.04605103 0.07507324 0.04223633 0.0979004 0.07501221 0.04962159 0.1536865 0.0406189 0.06829834 0.04595947 0.07397461 0.07397461 0.2056885 0.03692627 0.05541993 0.0979004 0.03704834 0.08551025 0.2061768 0.03750611 0.06274415 0.1536865 0.07165528 0.100708 0.2553711 0 0.05957032 0.09777832 0 0.06622315 0.1536865 2.89896e-16 0.07275391 0.04605103 -0.03750611 0.06274415 0.1536865 -0.03692627 0.05541993 0.0979004 5.55112e-16 0.09765626 0.00135994 -0.0406189 0.06829834 0.04595947 -0.07501221 0.04962159 0.1536865 0.04739381 0.09393311 0.001369476 -0.03704834 0.08551025 0.2061768 0 0.08880615 0.2060547 0.09643555 0.07965089 0.001003265 0 0.1102295 0.2541504 0.1634521 0.07629395 -0.0440979 0.1154175 0.109375 -0.04266357 0.1602783 0.07348633 -0.05081177 0.1884766 0.01634216 -0.05734253 0.1844482 0.01538086 -0.05426025 0.1569824 0.07055664 -0.04788208 0.1123047 0.1013184 -0.04714966 0.1138916 0.1078491 -0.04959106 0.05801392 0.1165772 -0.04788208 0.05828857 0.1245117 -0.04278564 0.0581665 0.1230469 -0.05007935 8.66928e-16 0.1220093 -0.04776001 9.19403e-16 0.1293945 -0.043396 9.1073e-16 0.1281738 -0.05038452 -0.0581665 0.1230469 -0.05007935 -0.05801392 0.1165772 -0.04788208 -0.04739381 0.09393311 0.001369476 -0.05828857 0.1245117 -0.04278564 -0.1138916 0.1078491 -0.04959106 -0.1123047 0.1013184 -0.04714966 -0.09643555 0.07965089 0.001003265 -0.1602783 0.07348633 -0.05081177 -0.1569824 0.07055664 -0.04788208 -0.1844482 0.01538086 -0.05426025 -0.1884766 0.01634216 -0.05734253 -0.1921387 0.01727295 -0.05093384 -0.1154175 0.109375 -0.04266357 -0.1634521 0.07629395 -0.0440979 -0.1375732 0.04391479 2.36273e-4 -0.1601563 -0.001709938 -0.003852845 -0.1395264 -0.01104736 0.04370117 -0.08441163 0.05426025 0.04605103 -0.1191406 0.02612305 0.04574585 -0.1258545 -0.01476288 0.09625245 -0.07507324 0.04223633 0.0979004 -0.1078491 0.01979065 0.09735108 -0.1220093 -0.01660156 0.1536865 -0.1077881 0.025177 0.1536865 -0.1237183 0.006839753 0.2049561 -0.1290283 -0.01835633 0.2055664 -0.1154175 0.04522705 0.2041016 -0.1365967 0.02537537 0.2409668 -0.1380615 -0.01561737 0.2380371 -0.1322022 0.06027222 0.2626953 -0.07397461 0.07397461 0.2056885 -0.104065 0.08514404 0.2575684 -0.1311035 0.0750122 0.2949219 -0.07165528 0.100708 0.2553711 -0.03643799 0.1078491 0.2539063 -0.06939698 0.1116943 0.2976074 -0.03503418 0.1167603 0.298584 -0.1015015 0.09857178 0.2963867 -0.1313477 0.07800293 0.3320312 -0.06604005 0.1050415 0.3376465 -0.1026001 0.09191895 0.3342285 -0.131836 0.05484009 0.3632812 -0.02960205 0.1033936 0.3408203 -0.06262208 0.09503175 0.3476563 -0.08392336 0.07110596 0.3579102 0 0.1178589 0.2988281 0 0.1049805 0.3393555 0.02960205 0.1033936 0.3408203 -0.1033936 0.05007934 0.3676758 -0.09625247 0.04446411 0.3723145 -0.1325684 0.004978178 0.3764648 -0.09606936 0.003746031 0.3764648 -0.1009522 0.004821775 0.376709 0.03503418 0.1167603 0.298584 0.06604005 0.1050415 0.3376465 0.06262207 0.09503175 0.3476563 0.03643799 0.1078491 0.2539063 0.06939697 0.1116943 0.2976074 0.1015015 0.09857178 0.2963867 0.1313477 0.07800293 0.3320312 0.1026001 0.09191895 0.3342285 0.1318359 0.05484009 0.3632813 0.08392335 0.07110596 0.3579102 0.1033936 0.05007935 0.3676758 0.1325684 0.00497818 0.3764648 0.09625245 0.04446412 0.3723145 0.1009522 0.004821777 0.376709 0.09606934 0.003746033 0.3764649 0.08148194 9.28402e-4 0.3830567 0.07366943 -0.02368164 0.3764648 0.08526612 -2.32697e-4 0.3833008 0.07788087 -0.02615356 0.3764649 0.06573486 -0.03857422 0.3718262 0.08782959 -0.0262909 0.3671875 0.09606934 0.003746033 0.3764649 0.0692749 -0.04153443 0.3715821 0.05749512 -0.04919434 0.3666992 0.06811524 -0.05438232 0.3535157 0.06039429 -0.05267334 0.3664551 0.04803468 -0.05667115 0.3632813 0.05007935 -0.0605774 0.362793 0.04266358 -0.07177735 0.3439942 0.03762818 -0.06280518 0.3601075 0.03875732 -0.06719971 0.359375 0.02024841 -0.06872559 0.3581543 0.02116394 -0.07287598 0.3569336 0.02227783 -0.07824708 0.3408203 0 -0.07092285 0.3566895 0 -0.07519531 0.3554687 0 -0.08117676 0.3398437 -0.02227784 -0.07824707 0.3408203 -0.02116394 -0.07287598 0.3569336 -0.02024841 -0.06872559 0.3581543 -0.04238892 -0.07177735 0.3439942 -0.03848267 -0.06719971 0.359375 -0.03735352 -0.06280518 0.3601075 -0.05023194 -0.06060792 0.3625489 -0.0678711 -0.05438232 0.3535156 -0.04818726 -0.05667115 0.3630371 -0.06015015 -0.05267334 0.3664551 -0.05722047 -0.04919434 0.3666992 -0.06878664 -0.04150391 0.3710937 -0.0878296 -0.0262909 0.3671875 -0.06518556 -0.03857422 0.3710937 -0.07763673 -0.02615357 0.3764649 -0.07342531 -0.02368164 0.3764648 -0.08630373 -2.32698e-4 0.3833008 -0.09606936 0.003746031 0.3764648 -0.08251955 9.28401e-4 0.3830566 -0.08587649 0.04229736 0.3820801 -0.09625247 0.04446411 0.3723145 -0.08251955 0.04156494 0.3825684 -0.07495119 0.06884766 0.3703613 -0.08392336 0.07110596 0.3579102 -0.06964113 0.06713867 0.3720703 -0.05606079 0.09057618 0.3598633 -0.06262208 0.09503175 0.3476563 -0.05169678 0.08599854 0.3623047 -0.02960205 0.1033936 0.3408203 -0.02767945 0.09863282 0.3532715 -0.02613831 0.09405518 0.355957 0 0.1049805 0.3393555 0 0.09979248 0.3522949 0 0.09448242 0.3547363 0.02613831 0.09405518 0.355957 0.02767944 0.09863282 0.3532715 0.02960205 0.1033936 0.3408203 0.05169678 0.08599854 0.3623047 0.05606079 0.09057618 0.3598633 0.06262207 0.09503175 0.3476563 0.06964111 0.06713867 0.3720703 0.08392335 0.07110596 0.3579102 0.07495118 0.06884766 0.3703614 0.08178712 0.04156495 0.3825684 0.09625245 0.04446412 0.3723145 0.08514404 0.04229736 0.3820801 0.08148194 9.28402e-4 0.3830567 0.09606934 0.003746033 0.3764649 0.08526612 -2.32697e-4 0.3833008 0 -0.07012939 0.3640137 0 -0.07067871 0.3640137 -9.84192e-4 -0.07073975 0.364502 -0.001119614 -0.07012939 0.364502 0 -0.0670166 0.3649902 -0.00156498 -0.07043457 0.3649902 -0.001465798 -0.07141113 0.3649902 -0.001589775 -0.06762696 0.3659668 -0.001612663 -0.07189941 0.3659668 -0.001591682 -0.07208252 0.3657227 -0.001473427 -0.07281494 0.3664551 -0.00156498 -0.07287598 0.3674317 -9.83238e-4 -0.0734253 0.3671875 -0.001123428 -0.06719971 0.3654785 -0.001589775 -0.06610107 0.3674317 -0.001123428 -0.06530762 0.3669434 0 -0.06500244 0.3666992 0 -0.06451416 0.3696289 -0.001123428 -0.06488037 0.3696289 -0.001589775 -0.06573486 0.3693848 -0.001589775 -0.0666504 0.3713379 -0.001123428 -0.065979 0.3718262 0 -0.06573486 0.3723145 0 -0.06842041 0.373291 -0.001123428 -0.06842041 0.3730469 -0.001589775 -0.06854248 0.3720703 -0.001589775 -0.07061768 0.3715821 -0.001123428 -0.07104492 0.3723145 0 -0.07122803 0.3728027 0 -0.07312012 0.3706055 -0.001123428 -0.07281494 0.3703613 -0.001589775 -0.07214355 0.3698731 -0.001119614 -0.07354736 0.3676758 0 -0.07385254 0.3676758 0 -0.0737915 0.3671875 9.56535e-4 -0.07073975 0.364502 0 -0.07067871 0.3640137 0 -0.07012939 0.3640137 0.00109005 -0.07012939 0.364502 0 -0.0670166 0.3649902 0.001536369 -0.07043457 0.3649902 0.001444817 -0.0713501 0.3652344 0.001589775 -0.06762696 0.3659668 0.001627922 -0.07177734 0.3659668 0.001590729 -0.07202148 0.3657227 0.0014925 -0.07281494 0.3664551 0.001536369 -0.07287598 0.3674317 9.55105e-4 -0.0734253 0.3671875 0.001123428 -0.06719971 0.3654785 0.001589775 -0.06610107 0.3674317 0.001123428 -0.06530762 0.3669434 0 -0.06500244 0.3666992 0 -0.06451416 0.3696289 0.001123428 -0.06488037 0.3696289 0.001589775 -0.06573486 0.3693848 0.001589775 -0.0666504 0.3713379 0.001123428 -0.065979 0.3718262 0 -0.06573486 0.3723145 0 -0.06842041 0.373291 0.001123428 -0.06842041 0.3730469 0.001589775 -0.06854248 0.3720703 0.001589775 -0.07061768 0.3715821 0.001123428 -0.07104492 0.3723145 0 -0.07122803 0.3728027 0 -0.07312012 0.3706055 0.001123428 -0.07281494 0.3703613 0.001589775 -0.07214355 0.3698731 0.00109005 -0.07354736 0.3676758 0 -0.07385254 0.3676758 0 -0.0737915 0.3671875 -0.01528168 0.08593751 0.4106446 -9.40323e-4 0.08068848 0.3972168 -0.02574158 0.07562257 0.3967285 -0.02574158 0.07244874 0.4218751 -9.49383e-4 0.07751466 0.4223633 -0.04318238 0.07434083 0.4091797 -0.02729798 0.07507325 0.3964844 -0.0482483 0.06097413 0.3947754 -0.0482483 0.05783081 0.4199219 -0.02729798 0.07189942 0.4216309 -0.06451416 0.05334473 0.4067383 -0.049469 0.06008912 0.3947754 -0.06347656 0.03915405 0.3920898 -0.06347656 0.03601074 0.4172364 -0.049469 0.05694581 0.4199219 -0.07629395 0.02523804 0.4030762 -0.06420898 0.03710937 0.3918457 -0.06945802 0.0125351 0.3886719 -0.06951904 0.009391786 0.4138184 -0.06427002 0.03396606 0.4169922 0.01551819 0.08587647 0.4106446 0.0259552 0.07556153 0.3967285 0.001153946 0.08062744 0.3972168 0.001197815 0.07745362 0.4223633 0.02600098 0.07244874 0.4218751 0.04357911 0.07421876 0.4091797 0.04861451 0.06085206 0.3947754 0.02767945 0.07495118 0.3964844 0.0276947 0.07183839 0.4216309 0.04864502 0.05770875 0.4199219 0.0737915 -0.007675172 0.3989258 0.06256104 -0.01727295 0.3850098 0.06591797 0.007614136 0.3881836 0.06591797 0.00447464 0.4133301 0.06256104 -0.02041626 0.4101563 0.07409668 0.02275085 0.402832 0.06616211 0.01066589 0.3886719 0.06298828 0.0355835 0.3916016 0.06292725 0.03244019 0.4167481 0.06610107 0.007526398 0.4135742 0.0645752 0.05172729 0.4064941 0.0625 0.03762817 0.3918457 0.04995728 0.05947877 0.3947754 0.04995728 0.05633546 0.4196778 0.0625 0.03451538 0.4169922 -0.02482605 -0.05389404 0.3955078 -0.02496338 -0.05267334 0.3933106 -0.02827454 -0.05426026 0.3930664 -0.02482605 -0.0531311 0.3911133 -0.02816773 -0.05551148 0.3952637 -0.02813721 -0.05474854 0.3908692 -0.03213501 -0.05621338 0.3928223 -0.03201294 -0.05743409 0.3950196 -0.03201294 -0.05664063 0.390625 -0.03570557 -0.05755616 0.3925782 -0.03533936 -0.05862427 0.3947754 -0.03536987 -0.05789185 0.3903809 -0.0383606 -0.05786133 0.3942871 -0.03796387 -0.05731202 0.390625 -0.03845215 -0.05682373 0.3925782 -0.004882812 -0.07128906 0.3637696 -0.004875183 -0.07299805 0.3620606 -0.004878998 -0.07354736 0.3642578 -0.004882812 -0.07189941 0.3659668 -0.004871368 -0.07525635 0.362793 -0.004878998 -0.07415771 0.3666992 -0.004875183 -0.07586671 0.3649902 0.00485611 -0.07299805 0.3620606 0.004852295 -0.07128906 0.3637696 0.00485611 -0.07354736 0.3642578 0.004859924 -0.07525635 0.362793 0.004852295 -0.07189941 0.3659668 0.004859924 -0.07580566 0.3649902 0.00485611 -0.07415771 0.3666992 -0.03622437 -0.05911255 0.4123535 -0.03283692 -0.05813599 0.4074707 -0.0176239 -0.05737305 0.4074707 -0.03497314 -0.05807495 0.40625 -0.01408386 -0.0579834 0.4123535 -0.03933716 -0.059021 0.4108887 -0.01550293 -0.05706787 0.40625 -0.04138184 -0.05868531 0.407959 -0.0109787 -0.05761719 0.4111328 -0.03634644 -0.0578003 0.4042969 -0.008941651 -0.05703735 0.4082032 -0.04147339 -0.05355835 0.3764648 -0.01412201 -0.05667115 0.4042969 -0.0362854 -0.05395508 0.3803711 -0.01409149 -0.05282593 0.3803711 -0.03491211 -0.05352784 0.3781738 -0.009033203 -0.05194092 0.3764648 -0.03945923 -0.05300904 0.3735352 -0.01546478 -0.05255127 0.3781738 -0.03634644 -0.0526123 0.3720703 -0.01108551 -0.05157471 0.3737793 -0.0328064 -0.05325318 0.3771973 -0.0141983 -0.05151368 0.3723145 -0.01759338 -0.05245972 0.3771973 -0.01797485 -0.04486084 0.378418 -0.0145874 -0.04391479 0.3735352 -0.03317261 -0.04562378 0.3781738 -0.01585388 -0.04492187 0.3793946 -0.03671265 -0.04501343 0.373291 -0.01147461 -0.04397583 0.375 -0.03530884 -0.04592896 0.3793946 -0.009414673 -0.04431152 0.3776856 -0.03982544 -0.04537964 0.3747559 -0.01447296 -0.04519654 0.3815918 -0.04187012 -0.04595948 0.3774414 -0.00932312 -0.04943848 0.4094238 -0.03668213 -0.04632568 0.3815918 -0.01451111 -0.04904175 0.4055176 -0.03671265 -0.0501709 0.4052734 -0.0158844 -0.04946899 0.4074707 -0.04177856 -0.05105591 0.4091797 -0.01136017 -0.04998779 0.4121094 -0.03533936 -0.05044556 0.4074707 -0.01447296 -0.05038453 0.4135742 -0.03973389 -0.05142212 0.4121094 -0.01800537 -0.04974365 0.4086914 -0.03662109 -0.05148316 0.4135742 -0.03323364 -0.05053711 0.4086914 -0.03863525 -0.0479126 0.4072266 -0.03863525 -0.05410767 0.40625 -0.03411865 -0.04962159 0.4069825 -0.04315186 -0.04962159 0.4069825 -0.03237915 -0.05410767 0.40625 -0.04489136 -0.05410767 0.40625 -0.03411865 -0.05859375 0.4055176 -0.04318237 -0.05859375 0.4055176 -0.03863525 -0.06027222 0.4052734 -0.0324707 -0.04995728 0.3803711 -0.03872681 -0.04995728 0.3803711 -0.03417969 -0.0454712 0.3811035 -0.03417969 -0.05441285 0.3796387 -0.03869629 -0.04376221 0.3813477 -0.03872681 -0.05612183 0.3793946 -0.04324341 -0.0454712 0.3811035 -0.04324341 -0.05441285 0.3798828 -0.0449524 -0.04995728 0.3803711 -0.001560211 -0.06921387 0.3686523 -0.001589775 -0.06762696 0.3659668 -0.00156498 -0.07043457 0.3649902 -0.001612663 -0.07189941 0.3659668 -0.001589775 -0.06610107 0.3674317 -0.00156498 -0.07287598 0.3674317 -0.001589775 -0.06573486 0.3693848 -0.001589775 -0.07214355 0.3698731 -0.001589775 -0.0666504 0.3713379 -0.001589775 -0.07061768 0.3715821 -0.001589775 -0.06854248 0.3720703 0.001589775 -0.06762696 0.3659668 0.001560211 -0.06921387 0.3686523 0.001536369 -0.07043457 0.3649902 0.001627922 -0.07177734 0.3659668 0.001589775 -0.06610107 0.3674317 0.001536369 -0.07287598 0.3674317 0.001589775 -0.06573486 0.3693848 0.001589775 -0.07214355 0.3698731 0.001589775 -0.0666504 0.3713379 0.001589775 -0.07061768 0.3715821 0.001589775 -0.06854248 0.3720703 0.121582 -0.007553101 0.3000489 0.1837158 -0.061615 0.3300782 0.1790772 -0.06591798 0.2973633 0.1732178 -0.05319214 0.2646485 0.1865234 -0.03833008 0.3591309 0.1712646 -0.01548767 0.2498779 0.1882325 6.23445e-16 0.3715821 0.1712646 0.01811218 0.251709 0.1870117 0.04254151 0.359375 0.1744385 0.04507447 0.2683106 0.1832276 0.06036378 0.328125 0.1793213 0.06072999 0.296875 -0.121582 -0.007553102 0.3000488 -0.1790772 -0.06591797 0.2973633 -0.1837158 -0.06161499 0.3300782 -0.1732178 -0.05319214 0.2646485 -0.1865235 -0.03833008 0.3591309 -0.1712646 -0.01548767 0.2498779 -0.1882325 -4.20857e-10 0.3715821 -0.1712646 0.01811218 0.251709 -0.1870117 0.0425415 0.359375 -0.1744385 0.04507446 0.2683106 -0.1832276 0.06036377 0.328125 -0.1793213 0.06072998 0.296875 0 -0.08551025 0.3496094 -0.02580261 -0.09210205 0.3410645 -0.02383423 -0.08483887 0.3479004 -0.02383423 -0.09936523 0.3344727 -0.01823425 -0.07873536 0.3535156 -0.01823425 -0.1054688 0.3286133 -0.009872437 -0.074646 0.3574219 -0.009872437 -0.1096191 0.3249512 0 -0.07318115 0.3586426 0 -0.111023 0.3234863 0.009872437 -0.074646 0.3574219 0.009872437 -0.1096191 0.3249512 0.01823425 -0.07873536 0.3535156 0.01823425 -0.1054688 0.3286133 0.02383423 -0.08483887 0.3479004 0.02383423 -0.09936523 0.3344727 0.02580261 -0.09210205 0.3410645 -0.02580261 -0.0980835 0.3476562 0 -0.09521485 0.3493652 -0.02383423 -0.09082031 0.3542481 -0.02383423 -0.1053467 0.3408203 -0.01823425 -0.0847168 0.3598633 -0.01823425 -0.1114502 0.3352051 -0.009872437 -0.08062744 0.3637696 -0.009872437 -0.1155396 0.3312988 0 -0.0791626 0.3649902 0 -0.1170044 0.3300781 0.009872437 -0.08062744 0.3637696 0.009872437 -0.1155396 0.3312988 0.01823425 -0.0847168 0.3598633 0.01823425 -0.1114502 0.3352051 0.02383423 -0.09082031 0.3542481 0.02383423 -0.1053467 0.3408203 0.02580261 -0.0980835 0.3476562 -2.4428e-16 -0.03948975 0.00882721 -0.1820068 -0.04022217 -0.06536865 -0.1844482 0.01538086 -0.05426025 -0.1569824 0.07055664 -0.04788208 -0.1583252 -0.07061768 -0.07592773 -0.1123047 0.1013184 -0.04714966 -0.1113892 -0.1015015 -0.08380127 -0.05801392 0.1165772 -0.04788208 -0.05508423 -0.1224365 -0.08990479 8.66928e-16 0.1220093 -0.04776001 -9.24608e-16 -0.130127 -0.09216309 0.05801392 0.1165772 -0.04788208 0.05508423 -0.1224365 -0.08990479 0.1123047 0.1013184 -0.04714966 0.1113892 -0.1015015 -0.08380127 0.1569824 0.07055664 -0.04788208 0.1583252 -0.07061768 -0.07592773 0.1844482 0.01538086 -0.05426025 0.1820068 -0.04019165 -0.06536865 0 0.004051208 0.2687988 0.05169678 0.08599854 0.3623047 0.02613831 0.09405518 0.355957 0.06964111 0.06713867 0.3720703 0 0.09448242 0.3547363 0.08178712 0.04156495 0.3825684 -0.02613831 0.09405518 0.355957 0.08148194 9.28402e-4 0.3830567 -0.05169678 0.08599854 0.3623047 0.07366943 -0.02368164 0.3764648 -0.06964113 0.06713867 0.3720703 0.06573486 -0.03857422 0.3718262 -0.08251955 0.04156494 0.3825684 0.05749512 -0.04919434 0.3666992 -0.08251955 9.28401e-4 0.3830566 0.04803468 -0.05667115 0.3632813 -0.07342531 -0.02368164 0.3764648 0.03762818 -0.06280518 0.3601075 -0.06518556 -0.03857422 0.3710937 0.02024841 -0.06872559 0.3581543 -0.05722047 -0.04919434 0.3666992 0 -0.07092285 0.3566895 -0.04818726 -0.05667115 0.3630371 -0.02024841 -0.06872559 0.3581543 -0.03735352 -0.06280518 0.3601075 -7.57575e-5 -0.05926514 0.3793946 0.00292778 -0.06002808 0.3789063 -2.24948e-4 -0.06011963 0.3811035 0.003154755 -0.06094361 0.3806152 0.005111694 -0.06167603 0.3774414 -2.74181e-4 -0.05941773 0.3830567 0.005615234 -0.06280518 0.3789063 0.005893708 -0.06378174 0.3752442 0.004016876 -0.06051636 0.3823242 -1.94907e-4 -0.05761719 0.3837891 0.00649643 -0.06518555 0.3764648 0.005062103 -0.06573486 0.3728027 0.007137299 -0.06286621 0.380127 0.005004883 -0.05892945 0.3830567 0 -0.05578614 0.3830567 0.008255005 -0.06585693 0.3769532 0.005542755 -0.05718995 0.3823242 1.1611e-4 -0.05493164 0.3813477 0.008789062 -0.0617981 0.3803711 0.005317688 -0.0562439 0.3806152 1.65462e-4 -0.05563355 0.3793946 0.009605409 -0.0602417 0.3793946 0.01013947 -0.06542969 0.376709 0.004455566 -0.05670166 0.3789063 8.59499e-5 -0.05743409 0.3786621 0.009101868 -0.05911255 0.3779297 0.01105499 -0.06408691 0.3754883 0.003465653 -0.05825806 0.3781738 -7.57575e-5 -0.05926514 0.3793946 0.00292778 -0.06002808 0.3789063 0.007579804 -0.05905152 0.376709 0.005924225 -0.06011963 0.3764648 0.005111694 -0.06167603 0.3774414 0.01045227 -0.06274415 0.3742676 0.00868988 -0.06204224 0.3735352 0.00680542 -0.0625 0.3740234 0.005893708 -0.06378174 0.3752442 0.009010315 -0.06616211 0.3703613 0.00587082 -0.06469727 0.3713379 0.005062103 -0.06573486 0.3728027 0.007507325 -0.06488037 0.3703613 0.003370285 -0.06622314 0.3693848 0.00284195 -0.06707764 0.3710937 0.004333496 -0.06677246 0.36792 0.005168915 -0.06848145 0.3671875 0 -0.06658936 0.3686523 -1.75118e-4 -0.06744385 0.3703613 0 -0.06726074 0.3666992 0 -0.0690918 0.3659668 -0.003406525 -0.06573486 0.3691406 -0.003177643 -0.06671143 0.3708496 -0.004264832 -0.06622314 0.3674317 -0.005256653 -0.06774902 0.3666992 -0.005867005 -0.06390381 0.3708496 -0.005363464 -0.06506348 0.3723145 -0.007389069 -0.06384277 0.3696289 -0.009040833 -0.06494141 0.3693848 -0.006744385 -0.06155396 0.373291 -0.006145478 -0.06292725 0.3745117 -0.008506775 -0.06088257 0.3725586 -0.01039124 -0.06130982 0.3730469 -0.005809784 -0.05932618 0.3757325 -0.005313873 -0.06097412 0.376709 -0.00731659 -0.05804444 0.3759766 -0.008956909 -0.05786133 0.3769532 -0.00330925 -0.0578003 0.3776856 -0.003091812 -0.05963135 0.3786621 -0.004142761 -0.05612183 0.378418 8.59499e-5 -0.05743409 0.3786621 -7.57575e-5 -0.05926514 0.3793946 1.65462e-4 -0.05563355 0.3793946 1.1611e-4 -0.05493164 0.3813477 -0.00510788 -0.05554199 0.380127 0 -0.05578614 0.3830567 -0.005634308 -0.05639649 0.3818359 -1.94907e-4 -0.05761719 0.3837891 -0.009757996 -0.05889893 0.378418 -0.00541687 -0.05822754 0.3825684 -2.74181e-4 -0.05941773 0.3830567 -0.01130676 -0.06256104 0.3742676 -0.009262085 -0.06054688 0.3793946 -0.004585266 -0.05990601 0.3818359 -2.24948e-4 -0.06011963 0.3811035 -0.01070404 -0.06396484 0.3754883 -0.003620148 -0.06048584 0.3803711 -7.57575e-5 -0.05926514 0.3793946 -0.007759095 -0.06182862 0.3793946 -0.003091812 -0.05963135 0.3786621 -0.006122589 -0.06201172 0.378418 -0.005313873 -0.06097412 0.376709 -0.008941651 -0.06463623 0.3762207 -0.00705719 -0.06420898 0.3757325 -0.006145478 -0.06292725 0.3745117 -0.009353638 -0.06762696 0.3718262 -0.006175995 -0.06658936 0.373291 -0.005363464 -0.06506348 0.3723145 -0.007827759 -0.06768799 0.3730469 -0.003717423 -0.06842041 0.3715821 -0.003177643 -0.06671143 0.3708496 -0.004707336 -0.07000732 0.3708496 -3.36885e-4 -0.0692749 0.3710937 -1.75118e-4 -0.06744385 0.3703613 -4.16279e-4 -0.07110596 0.3703613 -0.005565644 -0.07049561 0.3691406 0.003059387 -0.06890869 0.3718262 0.00284195 -0.06707764 0.3710937 0.003892899 -0.07061768 0.3713379 0.005558014 -0.06738281 0.3740234 0.007068634 -0.06866455 0.3737793 0.008705139 -0.06884766 0.3728027 0.00485611 -0.07116699 0.3696289 0.009506226 -0.06781006 0.3713379 -3.66926e-4 -0.07177734 0.3684082 0.005382538 -0.0703125 0.36792 -2.17795e-4 -0.07092285 0.3666992 -0.005794525 -0.06951904 0.3674317 -0.009849549 -0.06646729 0.3701172 0.04736328 -0.04760743 0.3786621 0.04644776 -0.04605103 0.3764648 0.03942871 -0.04040527 0.4118653 -0.00932312 -0.04943848 0.4094238 -0.01408386 -0.0579834 0.4123535 -0.008941651 -0.05703735 0.4082032 -0.04138184 -0.05868531 0.407959 -0.03622437 -0.05911255 0.4123535 -0.04177856 -0.05105591 0.4091797 -0.04187012 -0.04595948 0.3774414 -0.03671265 -0.04501343 0.373291 -0.04147339 -0.05355835 0.3764648 -0.009033203 -0.05194092 0.3764648 -0.0145874 -0.04391479 0.3735352 -0.009414673 -0.04431152 0.3776856 0.006443024 -0.07122803 0.4057617 0.006443024 -0.06756592 0.376709 0.007610322 -0.05734253 0.3745117 0.006629944 -0.07000732 0.4082032 0.006443024 -0.07122803 0.4057617 0.007610322 -0.05734253 0.3745117 0.006629944 -0.07000732 0.4082032 0.007610322 -0.05734253 0.3745117 0.008239746 -0.05245972 0.3786621 0.008239746 -0.05612183 0.4077148 0.006629944 -0.07000732 0.4082032 0.008239746 -0.05245972 0.3786621 -0.006645203 -0.06018067 0.4106446 -0.006015778 -0.05447388 0.407959 -0.007629395 -0.06408691 0.3747559 -0.0078125 -0.06958009 0.4060059 -0.007629395 -0.06408691 0.3747559 -0.0078125 -0.06591797 0.3769532 0.02679443 -0.04702759 0.4086914 0.0276947 -0.04431152 0.376709 0.03561401 -0.05578614 0.3776856 0.03561401 -0.05950928 0.4072266 0.02679443 -0.04702759 0.4086914 0.03561401 -0.05578614 0.3776856 0.0453186 -0.04309082 0.4094238 0.06216431 -0.0239563 0.4121094 0.05566407 -0.02110291 0.4125977 0.06216431 -0.0239563 0.4121094 0.06634522 0.006397248 0.4157715 0.05566407 -0.02110291 0.4125977 0.06634522 0.006397248 0.4157715 0.05966187 0.006664277 0.4157715 0.05566407 -0.02110291 0.4125977 0.05966187 0.006664277 0.4157715 0.06634522 0.006397248 0.4157715 0.05593872 0.03146362 0.4189453 0.06634522 0.006397248 0.4157715 0.06280518 0.03405762 0.4194336 0.05593872 0.03146362 0.4189453 0.05593872 0.03146362 0.4189453 0.06280518 0.03405762 0.4194336 0.04458618 0.05166627 0.4216309 0.06280518 0.03405762 0.4194336 0.04983521 0.05682373 0.4221192 0.04458618 0.05166627 0.4216309 -0.01963806 -0.05914307 0.4077148 -0.01963806 -0.05541993 0.3779297 -0.02442932 -0.0550232 0.4082032 -0.01963806 -0.05541993 0.3779297 -0.02992249 -0.04211426 0.3789063 -0.02442932 -0.0550232 0.4082032 -0.02442932 -0.0550232 0.4082032 -0.02992249 -0.04211426 0.3789063 -0.02992249 -0.0458374 0.4086914 -0.02992249 -0.0458374 0.4086914 -0.02992249 -0.04211426 0.3789063 -0.04180909 -0.03759766 0.3798828 -0.04180909 -0.0413208 0.409668 -0.02992249 -0.0458374 0.4086914 -0.04180909 -0.03759766 0.3798828 0.05966187 0.01039886 0.3859864 0.05566407 -0.0173645 0.3828125 0.0574646 -0.01499939 0.3903809 0.0574646 -0.01687622 0.4055176 0.05966187 0.01039886 0.3859864 0.0574646 -0.01499939 0.3903809 0.05566407 -0.02110291 0.4125977 0.05966187 0.006664277 0.4157715 0.0574646 -0.01687622 0.4055176 -0.02624512 -0.05661011 0.3776856 -0.03356934 -0.04788208 0.3781738 -0.02992249 -0.04211426 0.3789063 -0.02624512 -0.05661011 0.3776856 -0.02992249 -0.04211426 0.3789063 -0.01963806 -0.05541993 0.3779297 7.80821e-5 -0.06561279 0.3764648 -0.02624512 -0.05661011 0.3776856 -0.01963806 -0.05541993 0.3779297 0.0129776 -0.05862427 0.3774414 7.80821e-5 -0.06561279 0.3764648 -0.01963806 -0.05541993 0.3779297 0.02761841 -0.05853272 0.3774414 7.80821e-5 -0.06561279 0.3764648 0.0129776 -0.05862427 0.3774414 0.02761841 -0.05853272 0.3774414 0.0129776 -0.05862427 0.3774414 0.04525757 -0.03927612 0.3798828 0.04937745 -0.04476929 0.3791504 0.02761841 -0.05853272 0.3774414 0.04525757 -0.03927612 0.3798828 0.04525757 -0.03927612 0.3798828 0.06137085 -0.0362854 0.3818359 0.04937745 -0.04476929 0.3791504 0.06137085 -0.0362854 0.3818359 0.06213379 -0.04193115 0.3803711 0.04937745 -0.04476929 0.3791504 0.06213379 -0.04193115 0.3803711 0.06137085 -0.0362854 0.3818359 0.0737915 -0.03961182 0.3833008 0.07165527 -0.04449463 0.3825684 0.06213379 -0.04193115 0.3803711 0.0737915 -0.03961182 0.3833008 0.07934571 -0.04449463 0.3959961 0.07165527 -0.04449463 0.3825684 0.0737915 -0.03961182 0.3833008 0.07641602 -0.04846192 0.3955078 0.07165527 -0.04449463 0.3825684 0.07934571 -0.04449463 0.3959961 0.05566407 -0.02110291 0.4125977 0.05062867 -0.0186615 0.4125977 0.03942871 -0.0335083 0.4108887 0.0453186 -0.04309082 0.4094238 0.05566407 -0.02110291 0.4125977 0.03942871 -0.0335083 0.4108887 0.0453186 -0.04309082 0.4094238 0.03942871 -0.0335083 0.4108887 0.01977539 -0.04968262 0.4089356 0.01387024 -0.06799316 0.4064942 0.0453186 -0.04309082 0.4094238 0.01977539 -0.04968262 0.4089356 0.01387024 -0.06799316 0.4064942 0.01977539 -0.04968262 0.4089356 0.01135254 -0.0534668 0.4084473 0.01135254 -0.0534668 0.4084473 -7.93934e-5 -0.05215454 0.4084473 0.01387024 -0.06799316 0.4064942 -0.01963806 -0.05914307 0.4077148 0.01387024 -0.06799316 0.4064942 -7.93934e-5 -0.05215454 0.4084473 -0.01341248 -0.04388428 0.409668 -0.01963806 -0.05914307 0.4077148 -7.93934e-5 -0.05215454 0.4084473 -0.01963806 -0.05914307 0.4077148 -0.01341248 -0.04388428 0.409668 -0.02114868 -0.04602051 0.4086914 0.0574646 -0.01687622 0.4055176 0.0574646 -0.01499939 0.3903809 0.0524292 -0.01259613 0.3908692 0.0574646 -0.01687622 0.4055176 0.0524292 -0.01259613 0.3908692 0.05062867 -0.0186615 0.4125977 0.05566407 -0.02110291 0.4125977 0.0574646 -0.01687622 0.4055176 0.05062867 -0.0186615 0.4125977 0.07128906 -0.04745484 0.407959 0.07641602 -0.04846192 0.3955078 0.07934571 -0.04449463 0.3959961 0.07128906 -0.04745484 0.407959 0.07934571 -0.04449463 0.3959961 0.07336426 -0.04269409 0.4084473 0.07128906 -0.04745484 0.407959 0.07336426 -0.04269409 0.4084473 0.06182862 -0.0461731 0.4091797 0.07336426 -0.04269409 0.4084473 0.0610962 -0.04064942 0.4099121 0.06182862 -0.0461731 0.4091797 0.06182862 -0.0461731 0.4091797 0.0610962 -0.04064942 0.4099121 0.04937745 -0.04852295 0.4089356 0.0610962 -0.04064942 0.4099121 0.0453186 -0.04309082 0.4094238 0.04937745 -0.04852295 0.4089356 0.01387024 -0.06799316 0.4064942 0.04937745 -0.04852295 0.4089356 0.0453186 -0.04309082 0.4094238 0.01387024 -0.06799316 0.4064942 -0.01963806 -0.05914307 0.4077148 7.81417e-5 -0.06933594 0.40625 7.81417e-5 -0.06933594 0.40625 -0.01963806 -0.05914307 0.4077148 -0.02694702 -0.06033326 0.4074707 -0.01963806 -0.05914307 0.4077148 -0.02442932 -0.0550232 0.4082032 -0.02694702 -0.06033326 0.4074707 0.04525757 -0.03927612 0.3798828 0.0453186 -0.04309082 0.4094238 0.06137085 -0.0362854 0.3818359 0.0453186 -0.04309082 0.4094238 0.0610962 -0.04064942 0.4099121 0.06137085 -0.0362854 0.3818359 0.06137085 -0.0362854 0.3818359 0.0610962 -0.04064942 0.4099121 0.0737915 -0.03961182 0.3833008 0.0610962 -0.04064942 0.4099121 0.07336426 -0.04269409 0.4084473 0.0737915 -0.03961182 0.3833008 0.07336426 -0.04269409 0.4084473 0.07934571 -0.04449463 0.3959961 0.0737915 -0.03961182 0.3833008 0.003444672 -0.07824708 0.3632812 0.009872437 -0.08062744 0.3637696 0 -0.07318115 0.3586426 -0.003444672 -0.07824708 0.3632812 0.009872437 -0.08062744 0.3637696 0.003444672 -0.07824708 0.3632812 -0.009872437 -0.074646 0.3574219 -0.01823425 -0.0847168 0.3598633 -0.003444672 -0.07824708 0.3632812 0.04983521 0.06054688 0.3925782 0.06280518 0.03781128 0.3896484 0.04458618 0.05538941 0.3918457 0.06280518 0.03781128 0.3896484 0.05593872 0.03521729 0.3891602 0.04458618 0.05538941 0.3918457 0.06280518 0.03781128 0.3896484 0.06634522 0.01013184 0.3859864 0.05593872 0.03521729 0.3891602 0.06634522 0.01013184 0.3859864 0.05966187 0.01039886 0.3859864 0.05593872 0.03521729 0.3891602 0.05566407 -0.0173645 0.3828125 0.05966187 0.01039886 0.3859864 0.06634522 0.01013184 0.3859864 0.06216431 -0.0202179 0.3823242 0.05566407 -0.0173645 0.3828125 0.06634522 0.01013184 0.3859864 0.04525757 -0.03927612 0.3798828 0.05566407 -0.0173645 0.3828125 0.06216431 -0.0202179 0.3823242 0.04525757 -0.03927612 0.3798828 0.03942871 -0.02978516 0.3811035 0.05566407 -0.0173645 0.3828125 0.03942871 -0.02978516 0.3811035 0.05062867 -0.01496887 0.3830567 0.05566407 -0.0173645 0.3828125 0.01977539 -0.04595948 0.3791504 0.03942871 -0.02978516 0.3811035 0.04525757 -0.03927612 0.3798828 0.0129776 -0.05862427 0.3774414 0.01977539 -0.04595948 0.3791504 0.04525757 -0.03927612 0.3798828 0.01135254 -0.04974365 0.3786621 0.01977539 -0.04595948 0.3791504 0.0129776 -0.05862427 0.3774414 -7.9453e-5 -0.04840088 0.3786621 0.01135254 -0.04974365 0.3786621 0.0129776 -0.05862427 0.3774414 0.0129776 -0.05862427 0.3774414 -0.01963806 -0.05541993 0.3779297 -7.9453e-5 -0.04840088 0.3786621 -0.01963806 -0.05541993 0.3779297 -0.01341248 -0.04013062 0.3798828 -7.9453e-5 -0.04840088 0.3786621 -0.01341248 -0.04013062 0.3798828 -0.01963806 -0.05541993 0.3779297 -0.02114868 -0.04229737 0.3791504 -0.01963806 -0.05914307 0.4077148 -0.02114868 -0.04229737 0.3791504 -0.01963806 -0.05541993 0.3779297 -0.01963806 -0.05914307 0.4077148 -0.02114868 -0.04602051 0.4086914 -0.02114868 -0.04229737 0.3791504 0.0524292 -0.01259613 0.3908692 0.03942871 -0.0335083 0.4108887 0.05062867 -0.0186615 0.4125977 0.03942871 -0.0335083 0.4108887 0.0524292 -0.01259613 0.3908692 0.03942871 -0.02978516 0.3811035 0.05062867 -0.01496887 0.3830567 0.03942871 -0.02978516 0.3811035 0.0524292 -0.01259613 0.3908692 -0.04180909 -0.03759766 0.3798828 -0.02992249 -0.04211426 0.3789063 -0.03356934 -0.04788208 0.3781738 -0.05453492 -0.03729248 0.380127 -0.04180909 -0.03759766 0.3798828 -0.03356934 -0.04788208 0.3781738 -0.04885865 -0.03262329 0.3808594 -0.04180909 -0.03759766 0.3798828 -0.05453492 -0.03729248 0.380127 -0.06506348 -0.02137756 0.3820801 -0.06964112 0.01234436 0.3862305 -0.05819703 -0.01849365 0.3825684 -0.06964112 0.01234436 0.3862305 -0.06222535 0.01242066 0.3862305 -0.05819703 -0.01849365 0.3825684 -0.05706787 0.03277588 0.4191895 -0.06390381 0.03552246 0.4194336 -0.06222535 0.008674622 0.4160156 -0.06390381 0.03552246 0.4194336 -0.06964112 0.008605958 0.4160156 -0.06222535 0.008674622 0.4160156 -0.06222535 0.008674622 0.4160156 -0.06964112 0.008605958 0.4160156 -0.05819703 -0.02223206 0.4123535 -0.06964112 0.008605958 0.4160156 -0.06506348 -0.02511597 0.4118653 -0.05819703 -0.02223206 0.4123535 -0.04180909 -0.0413208 0.409668 -0.04885865 -0.03634644 0.4106446 -0.05453492 -0.04104614 0.4099121 -0.04180909 -0.0413208 0.409668 -0.05453492 -0.04104614 0.4099121 -0.03356934 -0.05163574 0.407959 -0.02992249 -0.0458374 0.4086914 -0.04180909 -0.0413208 0.409668 -0.03356934 -0.05163574 0.407959 -0.02442932 -0.0550232 0.4082032 -0.02992249 -0.0458374 0.4086914 -0.03356934 -0.05163574 0.407959 -0.02694702 -0.06033326 0.4074707 -0.02442932 -0.0550232 0.4082032 -0.03356934 -0.05163574 0.407959 -0.05453492 -0.04104614 0.4099121 -0.05453492 -0.03729248 0.380127 -0.03356934 -0.05163574 0.407959 -0.05453492 -0.03729248 0.380127 -0.03356934 -0.04788208 0.3781738 -0.03356934 -0.05163574 0.407959 -0.03356934 -0.05163574 0.407959 -0.03356934 -0.04788208 0.3781738 -0.02624512 -0.05661011 0.3776856 -0.02694702 -0.06033326 0.4074707 -0.03356934 -0.05163574 0.407959 -0.02624512 -0.05661011 0.3776856 7.80821e-5 -0.06561279 0.3764648 0.01387024 -0.06799316 0.4064942 7.81417e-5 -0.06933594 0.40625 0.01387024 -0.06799316 0.4064942 0.02761841 -0.05853272 0.3774414 0.04937745 -0.04852295 0.4089356 0.04937745 -0.04852295 0.4089356 0.04937745 -0.04476929 0.3791504 0.06213379 -0.04193115 0.3803711 0.06182862 -0.0461731 0.4091797 0.04937745 -0.04852295 0.4089356 0.06213379 -0.04193115 0.3803711 0.06182862 -0.0461731 0.4091797 0.06213379 -0.04193115 0.3803711 0.07165527 -0.04449463 0.3825684 0.07128906 -0.04745484 0.407959 0.06182862 -0.0461731 0.4091797 0.07165527 -0.04449463 0.3825684 0.07128906 -0.04745484 0.407959 0.07165527 -0.04449463 0.3825684 0.07641602 -0.04846192 0.3955078 0 -0.07318115 0.3586426 -0.003444672 -0.07824708 0.3632812 -0.001636505 -0.0737915 0.3615723 -0.001636505 -0.0737915 0.3615723 0.0016222 -0.07623291 0.3642578 0.003444672 -0.07824708 0.3632812 -0.001636505 -0.0737915 0.3615723 0.003444672 -0.07824708 0.3632812 0 -0.07318115 0.3586426 0.001590729 -0.07202148 0.3657227 0.0016222 -0.07623291 0.3642578 -0.001636505 -0.0737915 0.3615723 -0.001636505 -0.0737915 0.3615723 -0.001591682 -0.07208252 0.3657227 0.001590729 -0.07202148 0.3657227 0.0016222 -0.07623291 0.3642578 -0.001591682 -0.07208252 0.3657227 -0.001636505 -0.0737915 0.3615723 0.001590729 -0.07202148 0.3657227 -0.001591682 -0.07208252 0.3657227 0.0016222 -0.07623291 0.3642578 0.004852295 -0.07189941 0.3659668 0.001590729 -0.07202148 0.3657227 0.004859924 -0.07580566 0.3649902 -0.001591682 -0.07208252 0.3657227 0 -0.06500244 0.3666992 0.001590729 -0.07202148 0.3657227 -0.02482605 -0.05389404 0.3955078 -0.02496338 -0.05267334 0.3933106 -0.02482605 -0.0531311 0.3911133 0.004852295 -0.07189941 0.3659668 0.004859924 -0.07580566 0.3649902 0.001590729 -0.07202148 0.3657227 -0.03622437 -0.05911255 0.4123535 -0.03283692 -0.05813599 0.4074707 -0.0176239 -0.05737305 0.4074707 -0.01408386 -0.0579834 0.4123535 -0.03622437 -0.05911255 0.4123535 -0.0176239 -0.05737305 0.4074707 -0.01408386 -0.0579834 0.4123535 -0.0176239 -0.05737305 0.4074707 -0.008941651 -0.05703735 0.4082032 -0.0176239 -0.05737305 0.4074707 -0.01412201 -0.05667115 0.4042969 -0.008941651 -0.05703735 0.4082032 -0.0328064 -0.05325318 0.3771973 -0.03634644 -0.0526123 0.3720703 -0.0141983 -0.05151368 0.3723145 -0.01759338 -0.05245972 0.3771973 -0.0328064 -0.05325318 0.3771973 -0.0141983 -0.05151368 0.3723145 -0.001123428 -0.07104492 0.3723145 0 -0.06500244 0.3666992 -0.001591682 -0.07208252 0.3657227 0 -0.06500244 0.3666992 0.001589775 -0.07061768 0.3715821 0.001590729 -0.07202148 0.3657227 0.001589775 -0.07061768 0.3715821 -0.001591682 -0.07208252 0.3657227 0.001590729 -0.07202148 0.3657227 -0.02383423 -0.08483887 0.3479004 0 -0.08551025 0.3496094 -0.02383423 -0.09936523 0.3344727 0 -0.08551025 0.3496094 -0.02383423 -0.08483887 0.3479004 -0.009872437 -0.074646 0.3574219 0 -0.08551025 0.3496094 -0.01823425 -0.1054688 0.3286133 -0.02383423 -0.09936523 0.3344727 0 -0.08551025 0.3496094 -0.009872437 -0.074646 0.3574219 0 -0.07318115 0.3586426 0 -0.08551025 0.3496094 0 -0.111023 0.3234863 -0.01823425 -0.1054688 0.3286133 0 -0.08551025 0.3496094 0.009872437 -0.1096191 0.3249512 0 -0.111023 0.3234863 0 -0.08551025 0.3496094 0 -0.07318115 0.3586426 0.01823425 -0.07873536 0.3535156 0 -0.08551025 0.3496094 0.02383423 -0.09936523 0.3344727 0.009872437 -0.1096191 0.3249512 0.007579804 -0.05905152 0.376709 0.005893708 -0.06378174 0.3752442 0.005615234 -0.06280518 0.3789063 0.007579804 -0.05905152 0.376709 0.005893708 -0.06378174 0.3752442 0.005615234 -0.06280518 0.3789063 0.003154755 -0.06094361 0.3806152 0.008789062 -0.0617981 0.3803711 0.005542755 -0.05718995 0.3823242 0.003154755 -0.06094361 0.3806152 0.008789062 -0.0617981 0.3803711 0.005542755 -0.05718995 0.3823242 0.01013947 -0.06542969 0.376709 0.00868988 -0.06204224 0.3735352 0.008789062 -0.0617981 0.3803711 0.01013947 -0.06542969 0.376709 0.00868988 -0.06204224 0.3735352 0.008789062 -0.0617981 0.3803711 -0.00510788 -0.05554199 0.380127 1.1611e-4 -0.05493164 0.3813477 -0.00731659 -0.05804444 0.3759766 -0.00510788 -0.05554199 0.380127 1.1611e-4 -0.05493164 0.3813477 -0.00731659 -0.05804444 0.3759766 -1.94907e-4 -0.05761719 0.3837891 1.1611e-4 -0.05493164 0.3813477 -0.00510788 -0.05554199 0.380127 -1.94907e-4 -0.05761719 0.3837891 1.1611e-4 -0.05493164 0.3813477 -0.00510788 -0.05554199 0.380127 -0.009757996 -0.05889893 0.378418 -0.00731659 -0.05804444 0.3759766 -0.008506775 -0.06088257 0.3725586 -0.009757996 -0.05889893 0.378418 -0.00731659 -0.05804444 0.3759766 -0.008506775 -0.06088257 0.3725586 -0.00541687 -0.05822754 0.3825684 -0.00510788 -0.05554199 0.380127 -0.009757996 -0.05889893 0.378418 -0.00541687 -0.05822754 0.3825684 -0.00510788 -0.05554199 0.380127 -0.009757996 -0.05889893 0.378418 8.59499e-5 -0.05743409 0.3786621 -1.94907e-4 -0.05761719 0.3837891 -0.003620148 -0.06048584 0.3803711 8.59499e-5 -0.05743409 0.3786621 -1.94907e-4 -0.05761719 0.3837891 -0.003620148 -0.06048584 0.3803711 -0.005363464 -0.06506348 0.3723145 -0.009353638 -0.06762696 0.3718262 -0.003717423 -0.06842041 0.3715821 -0.005363464 -0.06506348 0.3723145 -0.009353638 -0.06762696 0.3718262 -0.003717423 -0.06842041 0.3715821 -0.003406525 -0.06573486 0.3691406 -4.16279e-4 -0.07110596 0.3703613 0.003892899 -0.07061768 0.3713379 -0.003406525 -0.06573486 0.3691406 -4.16279e-4 -0.07110596 0.3703613 0.003892899 -0.07061768 0.3713379 0.01013947 -0.06542969 0.376709 0.003892899 -0.07061768 0.3713379 0.009506226 -0.06781006 0.3713379 0.01013947 -0.06542969 0.376709 0.003892899 -0.07061768 0.3713379 0.009506226 -0.06781006 0.3713379 0.01013947 -0.06542969 0.376709 0.009506226 -0.06781006 0.3713379 0.00868988 -0.06204224 0.3735352 0.01013947 -0.06542969 0.376709 0.009506226 -0.06781006 0.3713379 0.00868988 -0.06204224 0.3735352 0.003892899 -0.07061768 0.3713379 -4.16279e-4 -0.07110596 0.3703613 0.005382538 -0.0703125 0.36792 -4.16279e-4 -0.07110596 0.3703613 -0.005565644 -0.07049561 0.3691406 -2.17795e-4 -0.07092285 0.3666992 -4.16279e-4 -0.07110596 0.3703613 -0.005565644 -0.07049561 0.3691406 -2.17795e-4 -0.07092285 0.3666992 -0.009353638 -0.06762696 0.3718262 -0.01070404 -0.06396484 0.3754883 -0.007389069 -0.06384277 0.3696289 -0.009353638 -0.06762696 0.3718262 -0.01070404 -0.06396484 0.3754883 -0.007389069 -0.06384277 0.3696289 0.04736328 -0.05130005 0.4082032 0.04736328 -0.04760743 0.3786621 0.03942871 -0.04040527 0.4118653 0.04644776 -0.04605103 0.3764648 0.0385437 -0.03515625 0.3803711 -0.01408386 -0.0579834 0.4123535 -0.00932312 -0.04943848 0.4094238 -0.01447296 -0.05038453 0.4135742 -0.03662109 -0.05148316 0.4135742 -0.01408386 -0.0579834 0.4123535 -0.006015778 -0.05447388 0.407959 -0.006015778 -0.05081177 0.3789063 -0.007629395 -0.06408691 0.3747559 -0.0078125 -0.06958009 0.4060059 -0.006645203 -0.06018067 0.4106446 0.04736328 -0.05130005 0.4082032 0.03942871 -0.04040527 0.4118653 0.02679443 -0.04702759 0.4086914 0.04736328 -0.04760743 0.3786621 0.03561401 -0.05950928 0.4072266 0.04736328 -0.05130005 0.4082032 0.02679443 -0.04702759 0.4086914 0.03561401 -0.05578614 0.3776856 0.04644776 -0.04605103 0.3764648 0.0276947 -0.04431152 0.376709 0.0385437 -0.03515625 0.3803711 -0.04180909 -0.0413208 0.409668 -0.04180909 -0.03759766 0.3798828 -0.04885865 -0.03262329 0.3808594 -0.04885865 -0.03634644 0.4106446 -0.04885865 -0.03262329 0.3808594 0.05966187 0.006664277 0.4157715 0.05966187 0.01039886 0.3859864 0.0574646 -0.01687622 0.4055176 0.05593872 0.03521729 0.3891602 0.05966187 0.006664277 0.4157715 0.05593872 0.03146362 0.4189453 0.04458618 0.05538941 0.3918457 0.05593872 0.03146362 0.4189453 0.04458618 0.05166627 0.4216309 0.02413941 0.06915284 0.3935547 0.02413941 0.06542969 0.4233399 0 0.07403565 0.3942871 0.02413941 0.06542969 0.4233399 0 0.07025147 0.4240723 -0.02409363 0.06542969 0.4233399 -0.02409363 0.06915284 0.3935547 -0.04452515 0.05166627 0.4216309 -0.04452515 0.05538941 0.3918457 -0.05706787 0.03277588 0.4191895 -0.05706787 0.03649902 0.3894043 -0.06222535 0.008674622 0.4160156 -0.06222535 0.01242066 0.3862305 7.80821e-5 -0.06561279 0.3764648 0.02761841 -0.05853272 0.3774414 0.01387024 -0.06799316 0.4064942 0.04937745 -0.04476929 0.3791504 0.04937745 -0.04852295 0.4089356 -0.03570557 -0.05755616 0.3925782 -0.02482605 -0.05389404 0.3955078 -0.02482605 -0.0531311 0.3911133 -0.03530884 -0.06054688 0.3891602 -0.03994751 -0.06054688 0.3920898 0.004455566 -0.05670166 0.3789063 0.007579804 -0.05905152 0.376709 0.003154755 -0.06094361 0.3806152 0.004455566 -0.05670166 0.3789063 0.007579804 -0.05905152 0.376709 0.00868988 -0.06204224 0.3735352 0.007507325 -0.06488037 0.3703613 0.005893708 -0.06378174 0.3752442 0.00868988 -0.06204224 0.3735352 0.007507325 -0.06488037 0.3703613 -0.005565644 -0.07049561 0.3691406 -0.007389069 -0.06384277 0.3696289 -0.003406525 -0.06573486 0.3691406 -0.005565644 -0.07049561 0.3691406 -0.007389069 -0.06384277 0.3696289 -0.008506775 -0.06088257 0.3725586 -0.00731659 -0.05804444 0.3759766 -0.006145478 -0.06292725 0.3745117 -0.008506775 -0.06088257 0.3725586 -0.00731659 -0.05804444 0.3759766 -0.006122589 -0.06201172 0.378418 -0.009757996 -0.05889893 0.378418 -0.01070404 -0.06396484 0.3754883 -0.006122589 -0.06201172 0.378418 -0.01070404 -0.06396484 0.3754883 -0.003717423 -0.06842041 0.3715821 -0.005565644 -0.07049561 0.3691406 -4.16279e-4 -0.07110596 0.3703613 -0.005565644 -0.07049561 0.3691406 -4.16279e-4 -0.07110596 0.3703613 0.01135254 -0.0534668 0.4084473 0.01977539 -0.04968262 0.4089356 0.01977539 -0.04595948 0.3791504 0.01135254 -0.04974365 0.3786621 0.01977539 -0.04595948 0.3791504 -7.9453e-5 -0.04840088 0.3786621 -7.93934e-5 -0.05215454 0.4084473 -0.01341248 -0.04013062 0.3798828 -0.01341248 -0.04388428 0.409668 -0.04324341 -0.0454712 0.3811035 -0.04324341 -0.05441285 0.3798828 -0.04315186 -0.04962159 0.4069825 -0.04318237 -0.05859375 0.4055176 -0.04318237 -0.05859375 0.4055176 -0.04324341 -0.05441285 0.3798828 -0.03417969 -0.05441285 0.3796387 -0.03411865 -0.05859375 0.4055176 -0.03411865 -0.05859375 0.4055176 -0.03417969 -0.05441285 0.3796387 -0.03411865 -0.04962159 0.4069825 -0.03417969 -0.0454712 0.3811035 -0.03411865 -0.04962159 0.4069825 -0.03417969 -0.0454712 0.3811035 -0.04315186 -0.04962159 0.4069825 -0.04324341 -0.0454712 0.3811035 -0.009033203 -0.05194092 0.3764648 -0.009414673 -0.04431152 0.3776856 -0.00932312 -0.04943848 0.4094238 -0.008941651 -0.05703735 0.4082032 -0.03662109 -0.05148316 0.4135742 -0.03622437 -0.05911255 0.4123535 -0.01408386 -0.0579834 0.4123535 -0.04177856 -0.05105591 0.4091797 -0.04147339 -0.05355835 0.3764648 -0.04138184 -0.05868531 0.407959 -0.04177856 -0.05105591 0.4091797 -0.04187012 -0.04595948 0.3774414 -0.03634644 -0.0526123 0.3720703 -0.04147339 -0.05355835 0.3764648 -0.03671265 -0.04501343 0.373291 -0.0145874 -0.04391479 0.3735352 -0.0145874 -0.04391479 0.3735352 -0.0141983 -0.05151368 0.3723145 -0.03634644 -0.0526123 0.3720703 -0.009033203 -0.05194092 0.3764648 -0.03634644 -0.0578003 0.4042969 -0.03671265 -0.0501709 0.4052734 -0.03323364 -0.05053711 0.4086914 -0.03283692 -0.05813599 0.4074707 -0.03323364 -0.05053711 0.4086914 -0.01800537 -0.04974365 0.4086914 -0.03283692 -0.05813599 0.4074707 -0.0176239 -0.05737305 0.4074707 0.0385437 -0.03515625 0.3803711 0.0276947 -0.04431152 0.376709 0.02679443 -0.04702759 0.4086914 0.03942871 -0.04040527 0.4118653 0.04458618 0.05166627 0.4216309 0.04983521 0.05682373 0.4221192 0.02413941 0.06542969 0.4233399 0.02697754 0.07214356 0.4243165 -0.04885865 -0.03634644 0.4106446 -0.04885865 -0.03262329 0.3808594 -0.05819703 -0.01849365 0.3825684 -0.05819703 -0.02223206 0.4123535 -0.05819703 -0.02223206 0.4123535 -0.05819703 -0.01849365 0.3825684 -0.06222535 0.008674622 0.4160156 -0.06222535 0.01242066 0.3862305 0.05566407 -0.0173645 0.3828125 0.05062867 -0.01496887 0.3830567 0.0524292 -0.01259613 0.3908692 0.0574646 -0.01499939 0.3903809 -0.03317261 -0.04562378 0.3781738 -0.0328064 -0.05325318 0.3771973 -0.01759338 -0.05245972 0.3771973 -0.01797485 -0.04486084 0.378418 -0.01797485 -0.04486084 0.378418 -0.01759338 -0.05245972 0.3771973 -0.01447296 -0.04519654 0.3815918 -0.01409149 -0.05282593 0.3803711 0.02697754 0.07586671 0.3945313 0.04983521 0.06054688 0.3925782 0.02413941 0.06915284 0.3935547 0.04458618 0.05538941 0.3918457 -0.01341248 -0.04013062 0.3798828 -0.02114868 -0.04229737 0.3791504 -0.02114868 -0.04602051 0.4086914 -0.01341248 -0.04388428 0.409668 0.03942871 -0.02978516 0.3811035 0.01977539 -0.04595948 0.3791504 0.01977539 -0.04968262 0.4089356 0.03942871 -0.0335083 0.4108887 -0.04885865 -0.03262329 0.3808594 -0.05453492 -0.03729248 0.380127 -0.05819703 -0.01849365 0.3825684 -0.06506348 -0.02137756 0.3820801 -0.06964112 0.01234436 0.3862305 -0.06390381 0.03927612 0.3896484 -0.06222535 0.01242066 0.3862305 -0.05706787 0.03649902 0.3894043 -0.06390381 0.03927612 0.3896484 -0.04980469 0.06054688 0.3925782 -0.05706787 0.03649902 0.3894043 -0.04452515 0.05538941 0.3918457 -0.04452515 0.05538941 0.3918457 -0.04980469 0.06054688 0.3925782 -0.02409363 0.06915284 0.3935547 -0.02694703 0.07586671 0.3945313 -0.02409363 0.06915284 0.3935547 -0.02694703 0.07586671 0.3945313 0 0.07403565 0.3942871 0 0.08135988 0.3950196 0 0.08135988 0.3950196 0.02697754 0.07586671 0.3945313 0 0.07403565 0.3942871 0.02413941 0.06915284 0.3935547 0.02413941 0.06542969 0.4233399 0.02697754 0.07214356 0.4243165 0 0.07025147 0.4240723 0 0.07757569 0.4248047 0 0.07025147 0.4240723 0 0.07757569 0.4248047 -0.02694703 0.07214356 0.4243165 -0.02409363 0.06542969 0.4233399 -0.02409363 0.06542969 0.4233399 -0.02694703 0.07214356 0.4243165 -0.04980469 0.05682373 0.4221192 -0.04452515 0.05166627 0.4216309 -0.04452515 0.05166627 0.4216309 -0.04980469 0.05682373 0.4221192 -0.05706787 0.03277588 0.4191895 -0.06390381 0.03552246 0.4194336 -0.05819703 -0.02223206 0.4123535 -0.06506348 -0.02511597 0.4118653 -0.05453492 -0.04104614 0.4099121 -0.04885865 -0.03634644 0.4106446 0.04525757 -0.03927612 0.3798828 0.06216431 -0.0202179 0.3823242 0.0453186 -0.04309082 0.4094238 0.06216431 -0.0239563 0.4121094 0.06216431 -0.0239563 0.4121094 0.06216431 -0.0202179 0.3823242 0.06634522 0.006397248 0.4157715 0.06634522 0.01013184 0.3859864 0.04983521 0.06054688 0.3925782 0.02697754 0.07586671 0.3945313 0.04983521 0.05682373 0.4221192 0.02697754 0.07214356 0.4243165 -0.02694703 0.07214356 0.4243165 -0.02694703 0.07586671 0.3945313 -0.04980469 0.05682373 0.4221192 -0.04980469 0.06054688 0.3925782 -0.06964112 0.01234436 0.3862305 -0.06506348 -0.02137756 0.3820801 -0.06964112 0.008605958 0.4160156 -0.06506348 -0.02511597 0.4118653 -0.06506348 -0.02511597 0.4118653 -0.06506348 -0.02137756 0.3820801 -0.05453492 -0.04104614 0.4099121 -0.05453492 -0.03729248 0.380127 -0.02694702 -0.06033326 0.4074707 -0.02624512 -0.05661011 0.3776856 7.81417e-5 -0.06933594 0.40625 7.80821e-5 -0.06561279 0.3764648 -0.003444672 -0.07824708 0.3632812 0.003444672 -0.07824708 0.3632812 0.0016222 -0.07623291 0.3642578 -0.001636505 -0.0737915 0.3615723 -0.001123428 -0.07104492 0.3723145 0.001589775 -0.07061768 0.3715821 0 -0.06500244 0.3666992 -0.001591682 -0.07208252 0.3657227 -0.03634644 -0.0578003 0.4042969 -0.03283692 -0.05813599 0.4074707 -0.03622437 -0.05911255 0.4123535 -0.04138184 -0.05868531 0.407959 -0.03634644 -0.0578003 0.4042969 -0.04138184 -0.05868531 0.407959 -0.04147339 -0.05355835 0.3764648 -0.0362854 -0.05395508 0.3803711 -0.01412201 -0.05667115 0.4042969 -0.01409149 -0.05282593 0.3803711 -0.008941651 -0.05703735 0.4082032 -0.009033203 -0.05194092 0.3764648 -0.0362854 -0.05395508 0.3803711 -0.04147339 -0.05355835 0.3764648 -0.03634644 -0.0526123 0.3720703 -0.0328064 -0.05325318 0.3771973 -0.009033203 -0.05194092 0.3764648 -0.01409149 -0.05282593 0.3803711 -0.0141983 -0.05151368 0.3723145 -0.01759338 -0.05245972 0.3771973 -0.03411865 -0.05859375 0.4055176 -0.03411865 -0.04962159 0.4069825 -0.04315186 -0.04962159 0.4069825 -0.04318237 -0.05859375 0.4055176 -0.03417969 -0.0454712 0.3811035 -0.03417969 -0.05441285 0.3796387 -0.04324341 -0.0454712 0.3811035 -0.04324341 -0.05441285 0.3798828 0 -0.08551025 0.3496094 0.01823425 -0.07873536 0.3535156 0.02580261 -0.09210205 0.3410645 0.02383423 -0.09936523 0.3344727 0.005615234 -0.06280518 0.3789063 0.005893708 -0.06378174 0.3752442 0.008789062 -0.0617981 0.3803711 0.005893708 -0.06378174 0.3752442 0.005542755 -0.05718995 0.3823242 0.008789062 -0.0617981 0.3803711 0.004455566 -0.05670166 0.3789063 0.008789062 -0.0617981 0.3803711 -0.008506775 -0.06088257 0.3725586 -0.006145478 -0.06292725 0.3745117 -0.007389069 -0.06384277 0.3696289 -0.006145478 -0.06292725 0.3745117 1.1611e-4 -0.05493164 0.3813477 8.59499e-5 -0.05743409 0.3786621 -0.00731659 -0.05804444 0.3759766 -0.00731659 -0.05804444 0.3759766 -0.01070404 -0.06396484 0.3754883 -0.008506775 -0.06088257 0.3725586 -0.007389069 -0.06384277 0.3696289 -0.007389069 -0.06384277 0.3696289 -0.003620148 -0.06048584 0.3803711 -0.00541687 -0.05822754 0.3825684 -0.009757996 -0.05889893 0.378418 -0.009757996 -0.05889893 0.378418 0.005062103 -0.06573486 0.3728027 0.01013947 -0.06542969 0.376709 0.005893708 -0.06378174 0.3752442 0.01013947 -0.06542969 0.376709 -2.17795e-4 -0.07092285 0.3666992 0 -0.06726074 0.3666992 0.005382538 -0.0703125 0.36792 0 -0.06726074 0.3666992 -2.17795e-4 -0.07092285 0.3666992 -0.005565644 -0.07049561 0.3691406 0 -0.06726074 0.3666992 -0.005565644 -0.07049561 0.3691406 -0.009353638 -0.06762696 0.3718262 -0.007389069 -0.06384277 0.3696289 -0.005565644 -0.07049561 0.3691406 -0.007389069 -0.06384277 0.3696289 -0.03570557 -0.05755616 0.3925782 -0.02482605 -0.0531311 0.3911133 -0.03530884 -0.06054688 0.3891602 -0.02482605 -0.0531311 0.3911133 -0.02365112 -0.05590821 0.3898926 -0.02279663 -0.05825806 0.390625 -0.0223999 -0.05960083 0.392334 -0.03546143 -0.06420898 0.3916016 -0.02275086 -0.05908203 0.3945313 -0.03994751 -0.06054688 0.3920898 -0.02365112 -0.05700684 0.3959961 -0.03570557 -0.05755616 0.3925782 -0.02482605 -0.05389404 0.3955078 -0.006015778 -0.05081177 0.3789063 0.008239746 -0.05245972 0.3786621 0.007610322 -0.05734253 0.3745117 -0.007629395 -0.06408691 0.3747559 0.006443024 -0.06756592 0.376709 -0.0078125 -0.06591797 0.3769532 0.006443024 -0.07122803 0.4057617 -0.0078125 -0.06958009 0.4060059 0.006629944 -0.07000732 0.4082032 -0.006645203 -0.06018067 0.4106446 0.008239746 -0.05612183 0.4077148 -0.006015778 -0.05447388 0.407959 -0.006015778 -0.05081177 0.3789063 0.008239746 -0.05245972 0.3786621 -0.0328064 -0.05325318 0.3771973 -0.03317261 -0.04562378 0.3781738 -0.03668213 -0.04632568 0.3815918 -0.0362854 -0.05395508 0.3803711 -0.03671265 -0.0501709 0.4052734 -0.03634644 -0.0578003 0.4042969 0 -0.111023 0.3234863 0 -0.1170044 0.3300781 -0.009872437 -0.1155396 0.3312988 -0.01823425 -0.1054688 0.3286133 -0.02383423 -0.1053467 0.3408203 -0.02383423 -0.09936523 0.3344727 -0.02580261 -0.0980835 0.3476562 -0.02383423 -0.08483887 0.3479004 -0.01823425 -0.0847168 0.3598633 -0.009872437 -0.074646 0.3574219 0 -0.07318115 0.3586426 -0.003444672 -0.07824708 0.3632812 0.009872437 -0.08062744 0.3637696 0.01823425 -0.07873536 0.3535156 0.02383423 -0.09082031 0.3542481 0.02580261 -0.09210205 0.3410645 0.02383423 -0.1053467 0.3408203 0.02383423 -0.09936523 0.3344727 0.01823425 -0.1114502 0.3352051 0.009872437 -0.1096191 0.3249512 0 -0.1170044 0.3300781 0 -0.111023 0.3234863 0.04983521 0.06054688 0.3925782 0.04983521 0.05682373 0.4221192 0.06280518 0.03405762 0.4194336 0.06280518 0.03781128 0.3896484 0.06634522 0.006397248 0.4157715 0.06634522 0.01013184 0.3859864 -0.04980469 0.05682373 0.4221192 -0.04980469 0.06054688 0.3925782 -0.06390381 0.03552246 0.4194336 -0.06390381 0.03927612 0.3896484 -0.06964112 0.008605958 0.4160156 -0.06964112 0.01234436 0.3862305 0.05123902 0.1016846 0.2454834 0.03652954 0.1049194 0.2453613 0.05114746 0.105957 0.2543946 0 0.1074829 0.2456055 0.05081177 0.1158447 0.2980957 0.03213501 0.1105957 0.3237305 0.05029297 0.1103516 0.3234864 0 0.1188965 0.2988281 0 0.1109619 0.3237305 -0.03213501 0.1105957 0.3237305 -0.05081177 0.1158447 0.2980957 -0.05029297 0.1103516 0.3234864 -0.05114746 0.105957 0.2543945 -0.03652954 0.1049194 0.2453613 -0.05123902 0.1016846 0.2454834 -0.01451111 -0.04904175 0.4055176 -0.0176239 -0.05737305 0.4074707 -0.01800537 -0.04974365 0.4086914 -0.01412201 -0.05667115 0.4042969 -0.01409149 -0.05282593 0.3803711 -0.01447296 -0.04519654 0.3815918 0.02697754 0.07586671 0.3945313 0 0.08135988 0.3950196 0.02697754 0.07214356 0.4243165 0 0.07757569 0.4248047 -0.02694703 0.07214356 0.4243165 -0.02694703 0.07586671 0.3945313 -0.1291504 -0.03323365 0.3630371 -0.09606936 0.003746031 0.3764648 -0.1325684 0.004978178 0.3764648 -0.0878296 -0.0262909 0.3671875 -0.09002687 -0.06848145 0.3381348 -0.0678711 -0.05438232 0.3535156 -0.125 -0.06140137 0.3330078 -0.09069826 -0.09155274 0.3186035 -0.04238892 -0.07177735 0.3439942 -0.1142578 -0.08026124 0.3122559 -0.1269532 -0.0703125 0.2949219 -0.05090332 -0.1245728 0.2978516 -0.1173096 -0.09484864 0.2788086 -0.09179688 -0.1166382 0.2922364 -0.1340332 -0.05975342 0.2565918 -0.08978272 -0.1227417 0.2761231 -0.1155396 -0.09954835 0.2597656 -0.1279297 -0.05874635 0.232666 -0.1380615 -0.01561737 0.2380371 -0.1290283 -0.01835633 0.2055664 -0.08343507 -0.1242676 0.237793 -0.1125488 -0.1005249 0.2410889 -0.1245117 -0.05905152 0.2088623 -0.05105591 -0.1364746 0.2670898 -0.1079712 -0.09814453 0.2126465 -0.07928468 -0.1205444 0.2154541 -0.09979248 -0.09075928 0.1536865 -0.1164551 -0.0567627 0.1536865 -0.1220093 -0.01660156 0.1536865 -0.07305909 -0.1118775 0.1536865 -0.1212769 -0.05410767 0.09436036 -0.1258545 -0.01476288 0.09625245 -0.1049805 -0.08520509 0.09246827 -0.1356201 -0.04995728 0.03967286 -0.1395264 -0.01104736 0.04370117 -0.1149292 -0.07916261 0.0355835 -0.1546631 -0.04907227 -0.01145935 -0.1601563 -0.001709938 -0.003852845 -0.1328125 -0.07812501 -0.01832581 -0.1887207 -0.04162598 -0.0625 -0.1921387 0.01727295 -0.05093384 -0.1884766 0.01634216 -0.05734253 -0.1641846 -0.07495117 -0.07354736 -0.1854248 -0.04083252 -0.06872559 -0.1844482 0.01538086 -0.05426025 -0.1820068 -0.04022217 -0.06536865 -0.1583252 -0.07061768 -0.07592773 -0.161377 -0.07287598 -0.07946777 -0.1155396 -0.1065063 -0.08172607 -0.1142578 -0.1032715 -0.0871582 -0.1113892 -0.1015015 -0.08380127 -0.05584717 -0.1253662 -0.09356689 -0.0991211 -0.1052246 -0.02400208 -0.05657959 -0.1281738 -0.08776855 -0.08508301 -0.1021729 0.03274536 -0.04956055 -0.1203003 -0.02937317 -9.64506e-16 -0.1357422 -0.09008789 -9.45424e-16 -0.1330566 -0.09588623 0.05584717 -0.1253662 -0.09356689 -0.07629395 -0.107544 0.09124757 -0.04321289 -0.1151123 0.03105164 -0.03948975 -0.1187744 0.09033204 -8.51443e-16 -0.1273193 -0.03123474 -5.92738e-16 -0.1195068 0.03007507 -0.0390625 -0.1245117 0.1536865 0.04956055 -0.1203003 -0.02937317 -0.04492188 -0.1315918 0.2172852 -2.65314e-16 -0.1236572 0.08978272 0 -0.1391602 0.2700195 0 -0.1345215 0.2180176 0 -0.1293945 0.1536865 0.0390625 -0.1245117 0.1536865 0.03948975 -0.1187744 0.09033204 0.04321289 -0.1151123 0.03105164 0.04492188 -0.1315918 0.2172852 0.07305909 -0.1118775 0.1536865 0.07629395 -0.107544 0.09124757 0.08508301 -0.1021729 0.03274536 0.1049805 -0.08520509 0.09246827 0.07928468 -0.1205444 0.2154541 0.0991211 -0.1054077 -0.02400208 0.09979248 -0.09075928 0.1536865 0.05657959 -0.1281738 -0.08776855 0.1149292 -0.07916261 0.0355835 0.1142578 -0.1032715 -0.0871582 0.1113892 -0.1015015 -0.08380127 0.1583252 -0.07061768 -0.07592773 0.1155396 -0.1065063 -0.08172607 0.161377 -0.07287598 -0.07946777 0.1854248 -0.04083252 -0.06872559 0.1820068 -0.04019165 -0.06536865 0.1641846 -0.07495117 -0.07354736 0.1328125 -0.07836914 -0.01831055 0.1884766 0.01634216 -0.05734253 0.1844482 0.01538086 -0.05426025 0.1887207 -0.04162598 -0.0625 0.1921387 0.01727295 -0.05093384 0.1601563 -0.001709938 -0.003852845 0.1546631 -0.04742432 -0.01146698 0.1395264 -0.01104736 0.04370117 0.1356201 -0.04995728 0.03967286 0.1258545 -0.01476288 0.09625245 0.1212769 -0.05410767 0.09436036 0.1220093 -0.01660156 0.1536865 0.1164551 -0.0567627 0.1536865 0.1290283 -0.01835633 0.2055664 0.1245117 -0.05905152 0.2088623 0.1079712 -0.09814453 0.2126465 0.1279297 -0.05874635 0.232666 0.1380615 -0.01561737 0.2380371 0.1340332 -0.05975342 0.2565918 0.1155396 -0.09954834 0.2597657 0.08691407 -0.1247559 0.2568359 0.1173096 -0.09484864 0.2788086 0.1269531 -0.0703125 0.2949219 0.09179688 -0.1166382 0.2922364 0.05105591 -0.1364746 0.2670898 0.1142578 -0.08026123 0.3122559 0.125 -0.06140137 0.3330078 0.09069825 -0.09155274 0.3186035 0.05090332 -0.1245728 0.2978516 0 -0.1269531 0.3000488 0 -0.08117676 0.3398437 0.04266358 -0.07177735 0.3439942 0.06811524 -0.05438232 0.3535157 0.09002686 -0.06848145 0.3381348 0.08782959 -0.0262909 0.3671875 0.1291504 -0.03323364 0.3630371 0.09606934 0.003746033 0.3764649 0.1325684 0.00497818 0.3764648 0.1712646 0.01811218 0.251709 0.1712646 -0.01548767 0.2498779 0.1695557 -0.01730347 0.2410889 0.1694336 0.02128601 0.2429199 0.1744385 0.04507447 0.2683106 0.1512451 -0.01579285 0.2403564 0.1732178 0.05300903 0.2624512 0.1793213 0.06072999 0.296875 0.1506348 0.02366638 0.2426758 0.1365967 0.02537537 0.2409668 0.1380615 -0.01561737 0.2380371 0.1422119 0.05889893 0.2629395 0.1322021 0.06027222 0.2626953 0.1779785 0.07067872 0.2956543 0.1832276 0.06036378 0.328125 0.1569824 0.07318116 0.2956543 0.144043 0.07415771 0.295166 0.1311035 0.07501221 0.2949219 0.1313477 0.07800293 0.3320312 0.1452637 0.07525635 0.331543 0.1318359 0.05484009 0.3632813 0.161499 0.07293702 0.3305664 0.1816406 0.06976319 0.3308106 0.1651611 0.05215454 0.3649903 0.1861572 0.04974365 0.3664551 0.1870117 0.04254151 0.359375 0.1490479 0.00377655 0.3779297 0.1325684 0.00497818 0.3764648 0.1291504 -0.03323364 0.3630371 0.1873779 9.28402e-4 0.3820801 0.1882325 6.23445e-16 0.3715821 0.1468506 -0.0362854 0.364502 0.125 -0.06140137 0.3330078 0.1856689 -0.04199219 0.3676758 0.1865234 -0.03833008 0.3591309 0.1618652 -0.06762695 0.3337403 0.1813965 -0.0715332 0.3337403 0.1837158 -0.061615 0.3300782 0.1790772 -0.06591798 0.2973633 0.177002 -0.07531739 0.2966309 0.1732178 -0.05319214 0.2646485 0.1425781 -0.07165527 0.2958984 0.1269531 -0.0703125 0.2949219 0.1340332 -0.05975342 0.2565918 0.1582031 -0.07263184 0.296875 0.1713867 -0.06042481 0.2583008 0.1695557 -0.01730347 0.2410889 0.1712646 -0.01548767 0.2498779 0.1522217 -0.05944825 0.2583008 0.1512451 -0.01579285 0.2403564 0.1380615 -0.01561737 0.2380371 -0.1695557 -0.01730347 0.2410889 -0.1712646 -0.01548767 0.2498779 -0.1712646 0.01811218 0.251709 -0.1694336 0.02128601 0.2429199 -0.1744385 0.04507446 0.2683106 -0.1512451 -0.01579285 0.2403564 -0.1732178 0.05300903 0.2624512 -0.1793213 0.06072998 0.296875 -0.1506348 0.02366638 0.2426758 -0.1380615 -0.01561737 0.2380371 -0.1365967 0.02537537 0.2409668 -0.1322022 0.06027222 0.2626953 -0.1522217 0.05725098 0.2631836 -0.1779785 0.07067871 0.2956543 -0.1832276 0.06036377 0.328125 -0.144043 0.07415771 0.295166 -0.1311035 0.0750122 0.2949219 -0.1313477 0.07800293 0.3320312 -0.161499 0.07293701 0.3305664 -0.131836 0.05484009 0.3632812 -0.1816406 0.06976318 0.3308106 -0.1651611 0.05215454 0.3649903 -0.1861573 0.04974365 0.3664551 -0.1870117 0.0425415 0.359375 -0.1490479 0.003776549 0.3779297 -0.1325684 0.004978178 0.3764648 -0.1291504 -0.03323365 0.3630371 -0.187378 9.28401e-4 0.3820801 -0.1882325 -4.20857e-10 0.3715821 -0.1645508 -0.03839111 0.3657227 -0.125 -0.06140137 0.3330078 -0.185669 -0.04199219 0.3676758 -0.1865235 -0.03833008 0.3591309 -0.1618652 -0.06762695 0.3337403 -0.1813965 -0.0715332 0.3337403 -0.1837158 -0.06161499 0.3300782 -0.1790772 -0.06591797 0.2973633 -0.177002 -0.07531738 0.2966309 -0.1732178 -0.05319214 0.2646485 -0.1425781 -0.07165527 0.2958984 -0.1269532 -0.0703125 0.2949219 -0.1340332 -0.05975342 0.2565918 -0.1582031 -0.07263184 0.296875 -0.1512451 -0.01579285 0.2403564 -0.1380615 -0.01561737 0.2380371 -0.1522217 -0.05944824 0.2583008 -0.1695557 -0.01730347 0.2410889 -0.1712646 -0.01548767 0.2498779 -0.1713867 -0.0604248 0.2583008 0.003892899 -0.07061768 0.3713379 -4.16279e-4 -0.07110596 0.3703613 0.005382538 -0.0703125 0.36792 -2.17795e-4 -0.07092285 0.3666992 0.08148194 9.28402e-4 0.3830567 0.08526612 -2.32697e-4 0.3833008 0.08178712 0.04156495 0.3825684 0.09606934 0.003746033 0.3764649 0.09625245 0.04446412 0.3723145 0.07495118 0.06884766 0.3703614 0.06964111 0.06713867 0.3720703 0.08392335 0.07110596 0.3579102 0.05606079 0.09057618 0.3598633 0.06262207 0.09503175 0.3476563 0.05169678 0.08599854 0.3623047 0.02960205 0.1033936 0.3408203 0.02767944 0.09863282 0.3532715 0.02613831 0.09405518 0.355957 0 0.09979248 0.3522949 -0.02613831 0.09405518 0.355957 -0.02767945 0.09863282 0.3532715 -0.02960205 0.1033936 0.3408203 -0.05169678 0.08599854 0.3623047 -0.05606079 0.09057618 0.3598633 -0.06262208 0.09503175 0.3476563 -0.06964113 0.06713867 0.3720703 -0.08392336 0.07110596 0.3579102 -0.07495119 0.06884766 0.3703613 -0.08251955 0.04156494 0.3825684 -0.09625247 0.04446411 0.3723145 -0.08587649 0.04229736 0.3820801 -0.08251955 9.28401e-4 0.3830566 -0.09606936 0.003746031 0.3764648 -0.08630373 -2.32698e-4 0.3833008 -0.07342531 -0.02368164 0.3764648 -0.0878296 -0.0262909 0.3671875 -0.07763673 -0.02615357 0.3764649 -0.05722047 -0.04919434 0.3666992 -0.06015015 -0.05267334 0.3664551 -0.0678711 -0.05438232 0.3535156 -0.04818726 -0.05667115 0.3630371 -0.05023194 -0.06060792 0.3625489 -0.04238892 -0.07177735 0.3439942 -0.03735352 -0.06280518 0.3601075 -0.03848267 -0.06719971 0.359375 -0.02024841 -0.06872559 0.3581543 -0.02116394 -0.07287598 0.3569336 0 -0.08117676 0.3398437 0 -0.07092285 0.3566895 0 -0.07519531 0.3554687 0.02116394 -0.07287598 0.3569336 0.04266358 -0.07177735 0.3439942 0.02024841 -0.06872559 0.3581543 0.03875732 -0.06719971 0.359375 0.03762818 -0.06280518 0.3601075 0.05007935 -0.0605774 0.362793 0.06811524 -0.05438232 0.3535157 0.04803468 -0.05667115 0.3632813 0.06039429 -0.05267334 0.3664551 0.05749512 -0.04919434 0.3666992 0.0692749 -0.04153443 0.3715821 0.08782959 -0.0262909 0.3671875 0.07788087 -0.02615356 0.3764649 0.07366943 -0.02368164 0.3764648 0.08526612 -2.32697e-4 0.3833008 0.09606934 0.003746033 0.3764649 0.08148194 9.28402e-4 0.3830567 8.59499e-5 -0.05743409 0.3786621 0.003154755 -0.06094361 0.3806152 -1.94907e-4 -0.05761719 0.3837891 0.007579804 -0.05905152 0.376709 0.005615234 -0.06280518 0.3789063 0.003154755 -0.06094361 0.3806152 -1.94907e-4 -0.05761719 0.3837891 0.003154755 -0.06094361 0.3806152 1.1611e-4 -0.05493164 0.3813477 0.003154755 -0.06094361 0.3806152 0.005542755 -0.05718995 0.3823242 1.1611e-4 -0.05493164 0.3813477 0.005615234 -0.06280518 0.3789063 0.008789062 -0.0617981 0.3803711 0.003154755 -0.06094361 0.3806152 1.1611e-4 -0.05493164 0.3813477 0.005542755 -0.05718995 0.3823242 8.59499e-5 -0.05743409 0.3786621 0.005893708 -0.06378174 0.3752442 0.01013947 -0.06542969 0.376709 0.008789062 -0.0617981 0.3803711 0.005542755 -0.05718995 0.3823242 0.004455566 -0.05670166 0.3789063 8.59499e-5 -0.05743409 0.3786621 0.004455566 -0.05670166 0.3789063 0.003154755 -0.06094361 0.3806152 8.59499e-5 -0.05743409 0.3786621 0.008789062 -0.0617981 0.3803711 0.007579804 -0.05905152 0.376709 0.004455566 -0.05670166 0.3789063 0.008789062 -0.0617981 0.3803711 0.00868988 -0.06204224 0.3735352 0.007579804 -0.05905152 0.376709 0.00868988 -0.06204224 0.3735352 0.005893708 -0.06378174 0.3752442 0.007579804 -0.05905152 0.376709 0.007507325 -0.06488037 0.3703613 0.005062103 -0.06573486 0.3728027 0.005893708 -0.06378174 0.3752442 0.009506226 -0.06781006 0.3713379 0.007507325 -0.06488037 0.3703613 0.00868988 -0.06204224 0.3735352 0.007507325 -0.06488037 0.3703613 0.003370285 -0.06622314 0.3693848 0.005062103 -0.06573486 0.3728027 0.003370285 -0.06622314 0.3693848 0.003892899 -0.07061768 0.3713379 0.005062103 -0.06573486 0.3728027 0.009506226 -0.06781006 0.3713379 0.005382538 -0.0703125 0.36792 0.007507325 -0.06488037 0.3703613 0.005382538 -0.0703125 0.36792 0.003370285 -0.06622314 0.3693848 0.007507325 -0.06488037 0.3703613 0.003370285 -0.06622314 0.3693848 0 -0.06726074 0.3666992 0.003892899 -0.07061768 0.3713379 0 -0.06726074 0.3666992 -0.003406525 -0.06573486 0.3691406 0.003892899 -0.07061768 0.3713379 0.005382538 -0.0703125 0.36792 0 -0.06726074 0.3666992 0.003370285 -0.06622314 0.3693848 -0.005565644 -0.07049561 0.3691406 -0.003406525 -0.06573486 0.3691406 0 -0.06726074 0.3666992 -0.003406525 -0.06573486 0.3691406 -0.007389069 -0.06384277 0.3696289 -0.003717423 -0.06842041 0.3715821 -0.007389069 -0.06384277 0.3696289 -0.005363464 -0.06506348 0.3723145 -0.003717423 -0.06842041 0.3715821 -0.007389069 -0.06384277 0.3696289 -0.006145478 -0.06292725 0.3745117 -0.005363464 -0.06506348 0.3723145 -0.00731659 -0.05804444 0.3759766 -0.006122589 -0.06201172 0.378418 -0.006145478 -0.06292725 0.3745117 -0.00731659 -0.05804444 0.3759766 -0.003620148 -0.06048584 0.3803711 -0.006122589 -0.06201172 0.378418 -0.00731659 -0.05804444 0.3759766 8.59499e-5 -0.05743409 0.3786621 -0.003620148 -0.06048584 0.3803711 -0.009757996 -0.05889893 0.378418 -0.00510788 -0.05554199 0.380127 -0.00731659 -0.05804444 0.3759766 -0.00541687 -0.05822754 0.3825684 -1.94907e-4 -0.05761719 0.3837891 -0.00510788 -0.05554199 0.380127 -0.01070404 -0.06396484 0.3754883 -0.009757996 -0.05889893 0.378418 -0.008506775 -0.06088257 0.3725586 -0.003620148 -0.06048584 0.3803711 -1.94907e-4 -0.05761719 0.3837891 -0.00541687 -0.05822754 0.3825684 -0.006122589 -0.06201172 0.378418 -0.003620148 -0.06048584 0.3803711 -0.009757996 -0.05889893 0.378418 -0.006145478 -0.06292725 0.3745117 -0.006122589 -0.06201172 0.378418 -0.01070404 -0.06396484 0.3754883 -0.005363464 -0.06506348 0.3723145 -0.006145478 -0.06292725 0.3745117 -0.009353638 -0.06762696 0.3718262 -0.006145478 -0.06292725 0.3745117 -0.01070404 -0.06396484 0.3754883 -0.009353638 -0.06762696 0.3718262 -0.003406525 -0.06573486 0.3691406 -0.003717423 -0.06842041 0.3715821 -4.16279e-4 -0.07110596 0.3703613 -0.003717423 -0.06842041 0.3715821 -0.009353638 -0.06762696 0.3718262 -0.005565644 -0.07049561 0.3691406 0.005062103 -0.06573486 0.3728027 0.003892899 -0.07061768 0.3713379 0.01013947 -0.06542969 0.376709 0.003892899 -0.07061768 0.3713379 0.005382538 -0.0703125 0.36792 0.009506226 -0.06781006 0.3713379 0.02383423 -0.09082031 0.3542481 0.009872437 -0.08062744 0.3637696 0.02383423 -0.1053467 0.3408203 0.01823425 -0.1114502 0.3352051 0 -0.1170044 0.3300781 -0.009872437 -0.1155396 0.3312988 -0.02383423 -0.1053467 0.3408203 -0.02580261 -0.0980835 0.3476562 -0.01823425 -0.0847168 0.3598633 0.1290283 -0.01835633 0.2055664 0.1365967 0.02537537 0.2409668 0.1380615 -0.01561737 0.2380371 0.1154175 0.04522705 0.2041016 0.1322021 0.06027222 0.2626953 0.1077881 0.025177 0.1536865 0.1220093 -0.01660156 0.1536865 0.1040649 0.08514405 0.2575684 0.1311035 0.07501221 0.2949219 0.1078491 0.01979065 0.09735108 0.1258545 -0.01476288 0.09625245 0.1015015 0.09857178 0.2963867 0.1313477 0.07800293 0.3320312 0.1191406 0.02612305 0.04574585 0.1395264 -0.01104736 0.04370117 0.1601563 -0.001709938 -0.003852845 0.1381836 0.04440308 8.07285e-4 0.1921387 0.01727295 -0.05093384 0.08441163 0.05426025 0.04605103 0.07507324 0.04223633 0.0979004 0.07501221 0.04962159 0.1536865 0.0406189 0.06829834 0.04595947 0.07397461 0.07397461 0.2056885 0.03692627 0.05541993 0.0979004 0.03704834 0.08551025 0.2061768 0.07165528 0.100708 0.2553711 0.06939697 0.1116943 0.2976074 0.03643799 0.1078491 0.2539063 0.06604005 0.1050415 0.3376465 0.03503418 0.1167603 0.298584 -0.03643799 0.1078491 0.2539063 0.03750611 0.06274415 0.1536865 -0.03704834 0.08551025 0.2061768 0 0.05957032 0.09777832 -0.03750611 0.06274415 0.1536865 2.89896e-16 0.07275391 0.04605103 -0.03692627 0.05541993 0.0979004 -0.07501221 0.04962159 0.1536865 5.55112e-16 0.09765626 0.00135994 -0.0406189 0.06829834 0.04595947 -0.07507324 0.04223633 0.0979004 0.04739381 0.09393311 0.001369476 -0.04739381 0.09393311 0.001369476 0.09643555 0.07965089 0.001003265 9.19403e-16 0.1293945 -0.043396 0.05828857 0.1245117 -0.04278564 0.1634521 0.07629395 -0.0440979 0.1154175 0.109375 -0.04266357 0.1602783 0.07348633 -0.05081177 0.1884766 0.01634216 -0.05734253 0.1844482 0.01538086 -0.05426025 0.1569824 0.07055664 -0.04788208 0.1123047 0.1013184 -0.04714966 0.1138916 0.1078491 -0.04959106 0.05801392 0.1165772 -0.04788208 0.0581665 0.1230469 -0.05007935 8.66928e-16 0.1220093 -0.04776001 9.1073e-16 0.1281738 -0.05038452 -0.0581665 0.1230469 -0.05007935 -0.05801392 0.1165772 -0.04788208 -0.05828857 0.1245117 -0.04278564 -0.1138916 0.1078491 -0.04959106 -0.1123047 0.1013184 -0.04714966 -0.09643555 0.07965089 0.001003265 -0.1602783 0.07348633 -0.05081177 -0.1569824 0.07055664 -0.04788208 -0.1844482 0.01538086 -0.05426025 -0.1884766 0.01634216 -0.05734253 -0.1921387 0.01727295 -0.05093384 -0.1154175 0.109375 -0.04266357 -0.1634521 0.07629395 -0.0440979 -0.1375732 0.04391479 2.36273e-4 -0.1601563 -0.001709938 -0.003852845 -0.1395264 -0.01104736 0.04370117 -0.08441163 0.05426025 0.04605103 -0.1191406 0.02612305 0.04574585 -0.1258545 -0.01476288 0.09625245 -0.1078491 0.01979065 0.09735108 -0.1220093 -0.01660156 0.1536865 -0.1077881 0.025177 0.1536865 -0.1290283 -0.01835633 0.2055664 -0.1154175 0.04522705 0.2041016 -0.1380615 -0.01561737 0.2380371 -0.1365967 0.02537537 0.2409668 -0.1322022 0.06027222 0.2626953 -0.07397461 0.07397461 0.2056885 -0.104065 0.08514404 0.2575684 -0.1311035 0.0750122 0.2949219 -0.07165528 0.100708 0.2553711 -0.1015015 0.09857178 0.2963867 -0.1313477 0.07800293 0.3320312 -0.06939698 0.1116943 0.2976074 -0.03503418 0.1167603 0.298584 -0.06604005 0.1050415 0.3376465 -0.1026001 0.09191895 0.3342285 -0.131836 0.05484009 0.3632812 -0.02960205 0.1033936 0.3408203 -0.06262208 0.09503175 0.3476563 0.02960205 0.1033936 0.3408203 -0.08392336 0.07110596 0.3579102 0.06262207 0.09503175 0.3476563 -0.1033936 0.05007934 0.3676758 -0.09625247 0.04446411 0.3723145 -0.1325684 0.004978178 0.3764648 -0.09606936 0.003746031 0.3764648 0.1026001 0.09191895 0.3342285 0.08392335 0.07110596 0.3579102 0.1318359 0.05484009 0.3632813 0.1033936 0.05007935 0.3676758 0.09625245 0.04446412 0.3723145 0.1325684 0.00497818 0.3764648 0.09606934 0.003746033 0.3764649 -0.01528168 0.08593751 0.4106446 -9.40323e-4 0.08068848 0.3972168 -0.02574158 0.07562257 0.3967285 -0.02574158 0.07244874 0.4218751 -9.49383e-4 0.07751466 0.4223633 -0.04318238 0.07434083 0.4091797 -0.02729798 0.07507325 0.3964844 -0.0482483 0.06097413 0.3947754 -0.0482483 0.05783081 0.4199219 -0.02729798 0.07189942 0.4216309 -0.06451416 0.05334473 0.4067383 -0.049469 0.06008912 0.3947754 -0.06347656 0.03915405 0.3920898 -0.06347656 0.03601074 0.4172364 -0.049469 0.05694581 0.4199219 -0.07629395 0.02523804 0.4030762 -0.06420898 0.03710937 0.3918457 -0.06945802 0.0125351 0.3886719 -0.06951904 0.009391786 0.4138184 -0.06427002 0.03396606 0.4169922 0.01551819 0.08587647 0.4106446 0.0259552 0.07556153 0.3967285 0.001153946 0.08062744 0.3972168 0.001197815 0.07745362 0.4223633 0.02600098 0.07244874 0.4218751 0.04357911 0.07421876 0.4091797 0.04861451 0.06085206 0.3947754 0.02767945 0.07495118 0.3964844 0.0276947 0.07183839 0.4216309 0.04864502 0.05770875 0.4199219 0.0737915 -0.007675172 0.3989258 0.06256104 -0.01727295 0.3850098 0.06591797 0.007614136 0.3881836 0.06591797 0.00447464 0.4133301 0.06256104 -0.02041626 0.4101563 0.07409668 0.02275085 0.402832 0.06616211 0.01066589 0.3886719 0.06298828 0.0355835 0.3916016 0.06292725 0.03244019 0.4167481 0.06610107 0.007526398 0.4135742 0.0645752 0.05172729 0.4064941 0.0625 0.03762817 0.3918457 0.04995728 0.05947877 0.3947754 0.04995728 0.05633546 0.4196778 0.0625 0.03451538 0.4169922 -0.01797485 -0.04486084 0.378418 -0.0145874 -0.04391479 0.3735352 -0.03317261 -0.04562378 0.3781738 -0.01447296 -0.04519654 0.3815918 -0.03671265 -0.04501343 0.373291 -0.009414673 -0.04431152 0.3776856 -0.03668213 -0.04632568 0.3815918 -0.00932312 -0.04943848 0.4094238 -0.04187012 -0.04595948 0.3774414 -0.01451111 -0.04904175 0.4055176 -0.03671265 -0.0501709 0.4052734 -0.01447296 -0.05038453 0.4135742 -0.04177856 -0.05105591 0.4091797 -0.01800537 -0.04974365 0.4086914 -0.03662109 -0.05148316 0.4135742 -0.03323364 -0.05053711 0.4086914 0.121582 -0.007553101 0.3000489 0.1837158 -0.061615 0.3300782 0.1790772 -0.06591798 0.2973633 0.1732178 -0.05319214 0.2646485 0.1865234 -0.03833008 0.3591309 0.1712646 -0.01548767 0.2498779 0.1882325 6.23445e-16 0.3715821 0.1712646 0.01811218 0.251709 0.1870117 0.04254151 0.359375 0.1744385 0.04507447 0.2683106 0.1832276 0.06036378 0.328125 0.1793213 0.06072999 0.296875 -0.121582 -0.007553102 0.3000488 -0.1790772 -0.06591797 0.2973633 -0.1837158 -0.06161499 0.3300782 -0.1732178 -0.05319214 0.2646485 -0.1865235 -0.03833008 0.3591309 -0.1712646 -0.01548767 0.2498779 -0.1882325 -4.20857e-10 0.3715821 -0.1712646 0.01811218 0.251709 -0.1870117 0.0425415 0.359375 -0.1744385 0.04507446 0.2683106 -0.1832276 0.06036377 0.328125 -0.1793213 0.06072998 0.296875 -2.4428e-16 -0.03948975 0.00882721 -0.1820068 -0.04022217 -0.06536865 -0.1844482 0.01538086 -0.05426025 -0.1569824 0.07055664 -0.04788208 -0.1583252 -0.07061768 -0.07592773 -0.1123047 0.1013184 -0.04714966 -0.1113892 -0.1015015 -0.08380127 -0.05801392 0.1165772 -0.04788208 -0.05584717 -0.1253662 -0.09356689 8.66928e-16 0.1220093 -0.04776001 -9.45424e-16 -0.1330566 -0.09588623 0.05801392 0.1165772 -0.04788208 0.05584717 -0.1253662 -0.09356689 0.1123047 0.1013184 -0.04714966 0.1113892 -0.1015015 -0.08380127 0.1569824 0.07055664 -0.04788208 0.1583252 -0.07061768 -0.07592773 0.1844482 0.01538086 -0.05426025 0.1820068 -0.04019165 -0.06536865 0 0.004051208 0.2687988 0.05169678 0.08599854 0.3623047 0.02613831 0.09405518 0.355957 0.06964111 0.06713867 0.3720703 -0.02613831 0.09405518 0.355957 0.08178712 0.04156495 0.3825684 -0.05169678 0.08599854 0.3623047 0.08148194 9.28402e-4 0.3830567 -0.06964113 0.06713867 0.3720703 0.07366943 -0.02368164 0.3764648 -0.08251955 0.04156494 0.3825684 0.05749512 -0.04919434 0.3666992 -0.08251955 9.28401e-4 0.3830566 0.04803468 -0.05667115 0.3632813 -0.07342531 -0.02368164 0.3764648 0.03762818 -0.06280518 0.3601075 -0.05722047 -0.04919434 0.3666992 0.02024841 -0.06872559 0.3581543 -0.04818726 -0.05667115 0.3630371 0 -0.07092285 0.3566895 -0.03735352 -0.06280518 0.3601075 -0.02024841 -0.06872559 0.3581543 -0.04324341 -0.05441285 0.3798828 -0.04318237 -0.05859375 0.4055176 -0.04315186 -0.04962159 0.4069825 -0.04318237 -0.05859375 0.4055176 -0.04324341 -0.05441285 0.3798828 -0.03417969 -0.05441285 0.3796387 -0.04318237 -0.05859375 0.4055176 -0.03417969 -0.05441285 0.3796387 -0.03411865 -0.04962159 0.4069825 -0.03417969 -0.05441285 0.3796387 -0.03417969 -0.0454712 0.3811035 -0.03411865 -0.04962159 0.4069825 -0.03411865 -0.04962159 0.4069825 -0.03417969 -0.0454712 0.3811035 -0.04315186 -0.04962159 0.4069825 -0.03417969 -0.0454712 0.3811035 -0.04324341 -0.05441285 0.3798828 -0.04315186 -0.04962159 0.4069825 -0.01409149 -0.05282593 0.3803711 -0.009414673 -0.04431152 0.3776856 -0.01447296 -0.05038453 0.4135742 -0.0176239 -0.05737305 0.4074707 -0.01409149 -0.05282593 0.3803711 -0.01447296 -0.05038453 0.4135742 -0.01447296 -0.05038453 0.4135742 -0.04177856 -0.05105591 0.4091797 -0.0176239 -0.05737305 0.4074707 -0.04177856 -0.05105591 0.4091797 -0.03283692 -0.05813599 0.4074707 -0.0176239 -0.05737305 0.4074707 -0.04147339 -0.05355835 0.3764648 -0.03283692 -0.05813599 0.4074707 -0.04177856 -0.05105591 0.4091797 -0.03671265 -0.04501343 0.373291 -0.04147339 -0.05355835 0.3764648 -0.04177856 -0.05105591 0.4091797 -0.01409149 -0.05282593 0.3803711 -0.0145874 -0.04391479 0.3735352 -0.009414673 -0.04431152 0.3776856 -0.04177856 -0.05105591 0.4091797 -0.01447296 -0.05038453 0.4135742 -0.03283692 -0.05813599 0.4074707 -0.01447296 -0.05038453 0.4135742 -0.0176239 -0.05737305 0.4074707 -0.03283692 -0.05813599 0.4074707 -0.007629395 -0.06408691 0.3747559 -0.006015778 -0.05081177 0.3789063 0.007610322 -0.05734253 0.3745117 -0.007629395 -0.06408691 0.3747559 0.007610322 -0.05734253 0.3745117 0.006629944 -0.07000732 0.4082032 0.008239746 -0.05612183 0.4077148 0.006629944 -0.07000732 0.4082032 0.007610322 -0.05734253 0.3745117 -0.006015778 -0.05447388 0.407959 -0.006015778 -0.05081177 0.3789063 -0.007629395 -0.06408691 0.3747559 -0.0078125 -0.06958009 0.4060059 -0.006015778 -0.05447388 0.407959 -0.007629395 -0.06408691 0.3747559 0.06634522 0.006397248 0.4157715 0.05966187 0.006664277 0.4157715 0.05566407 -0.02110291 0.4125977 0.05966187 0.006664277 0.4157715 0.06634522 0.006397248 0.4157715 0.05593872 0.03146362 0.4189453 0.06634522 0.006397248 0.4157715 0.06280518 0.03405762 0.4194336 0.05593872 0.03146362 0.4189453 0.05593872 0.03146362 0.4189453 0.06280518 0.03405762 0.4194336 0.04458618 0.05166627 0.4216309 0.04458618 0.05166627 0.4216309 0.02697754 0.07214356 0.4243165 0.02413941 0.06542969 0.4233399 0.04937745 -0.04476929 0.3791504 0.01387024 -0.06427002 0.376709 0.04525757 -0.03927612 0.3798828 0.04937745 -0.04476929 0.3791504 0.04525757 -0.03927612 0.3798828 0.0737915 -0.03961182 0.3833008 0.07934571 -0.04449463 0.3959961 0.04937745 -0.04476929 0.3791504 0.0737915 -0.03961182 0.3833008 0.01387024 -0.06799316 0.4064942 0.0453186 -0.04309082 0.4094238 0.05566407 -0.02110291 0.4125977 0.01387024 -0.06799316 0.4064942 0.05566407 -0.02110291 0.4125977 0.01135254 -0.0534668 0.4084473 0.01135254 -0.0534668 0.4084473 -0.02114868 -0.04602051 0.4086914 0.01387024 -0.06799316 0.4064942 -0.01963806 -0.05914307 0.4077148 0.01387024 -0.06799316 0.4064942 -0.02114868 -0.04602051 0.4086914 0.07934571 -0.04449463 0.3959961 0.07336426 -0.04269409 0.4084473 0.04937745 -0.04852295 0.4089356 0.07336426 -0.04269409 0.4084473 0.0453186 -0.04309082 0.4094238 0.04937745 -0.04852295 0.4089356 0.01387024 -0.06799316 0.4064942 0.04937745 -0.04852295 0.4089356 0.0453186 -0.04309082 0.4094238 0.01387024 -0.06799316 0.4064942 -0.01963806 -0.05914307 0.4077148 -0.05453492 -0.04104614 0.4099121 0.04525757 -0.03927612 0.3798828 0.0453186 -0.04309082 0.4094238 0.0737915 -0.03961182 0.3833008 0.0453186 -0.04309082 0.4094238 0.07336426 -0.04269409 0.4084473 0.0737915 -0.03961182 0.3833008 0.07336426 -0.04269409 0.4084473 0.07934571 -0.04449463 0.3959961 0.0737915 -0.03961182 0.3833008 -0.04147339 -0.05355835 0.3764648 -0.0328064 -0.05325318 0.3771973 -0.03671265 -0.04501343 0.373291 0.02580261 -0.09210205 0.3410645 -0.002721787 -0.07501221 0.3647461 0.009872437 -0.08062744 0.3637696 -0.002721787 -0.07501221 0.3647461 -0.02383423 -0.08483887 0.3479004 0.009872437 -0.08062744 0.3637696 0.04983521 0.06054688 0.3925782 0.05593872 0.03521729 0.3891602 0.04458618 0.05538941 0.3918457 0.06216431 -0.0202179 0.3823242 0.05566407 -0.0173645 0.3828125 0.05966187 0.01039886 0.3859864 0.04525757 -0.03927612 0.3798828 0.05566407 -0.0173645 0.3828125 0.06216431 -0.0202179 0.3823242 0.04525757 -0.03927612 0.3798828 0.03942871 -0.02978516 0.3811035 0.05566407 -0.0173645 0.3828125 0.01135254 -0.04974365 0.3786621 0.03942871 -0.02978516 0.3811035 0.04525757 -0.03927612 0.3798828 0.01387024 -0.06427002 0.376709 0.01135254 -0.04974365 0.3786621 0.04525757 -0.03927612 0.3798828 0.01387024 -0.06427002 0.376709 -0.01963806 -0.05541993 0.3779297 0.01135254 -0.04974365 0.3786621 0.01135254 -0.04974365 0.3786621 -0.01963806 -0.05541993 0.3779297 -0.02114868 -0.04229737 0.3791504 -0.01963806 -0.05914307 0.4077148 -0.02114868 -0.04229737 0.3791504 -0.01963806 -0.05541993 0.3779297 -0.01963806 -0.05914307 0.4077148 -0.02114868 -0.04602051 0.4086914 -0.02114868 -0.04229737 0.3791504 0.05566407 -0.02110291 0.4125977 0.05566407 -0.0173645 0.3828125 0.03942871 -0.02978516 0.3811035 0.02697754 0.07586671 0.3945313 0.02413941 0.06915284 0.3935547 0 0.07403565 0.3942871 -0.05706787 0.03277588 0.4191895 -0.06390381 0.03552246 0.4194336 -0.06222535 0.008674622 0.4160156 -0.06390381 0.03552246 0.4194336 -0.06964112 0.008605958 0.4160156 -0.06222535 0.008674622 0.4160156 -0.06222535 0.008674622 0.4160156 -0.06964112 0.008605958 0.4160156 -0.05819703 -0.02223206 0.4123535 -0.06964112 0.008605958 0.4160156 -0.06506348 -0.02511597 0.4118653 -0.05819703 -0.02223206 0.4123535 -0.01963806 -0.05914307 0.4077148 -0.04885865 -0.03634644 0.4106446 -0.05453492 -0.04104614 0.4099121 0 0.07403565 0.3942871 0 0.07757569 0.4248047 0.02697754 0.07214356 0.4243165 -0.05453492 -0.03729248 0.380127 -0.01963806 -0.05541993 0.3779297 -0.05453492 -0.04104614 0.4099121 0.07934571 -0.04449463 0.3959961 0.04937745 -0.04852295 0.4089356 0.04937745 -0.04476929 0.3791504 -0.02482605 -0.05389404 0.3955078 -0.02496338 -0.05267334 0.3933106 -0.02482605 -0.0531311 0.3911133 -0.03546143 -0.06420898 0.3916016 -0.02482605 -0.05389404 0.3955078 -0.02482605 -0.0531311 0.3911133 -0.04318237 -0.05859375 0.4055176 -0.03411865 -0.04962159 0.4069825 -0.04315186 -0.04962159 0.4069825 -0.03417969 -0.0454712 0.3811035 -0.03417969 -0.05441285 0.3796387 -0.04324341 -0.05441285 0.3798828 -0.02383423 -0.08483887 0.3479004 -0.002721787 -0.07501221 0.3647461 0.02580261 -0.09210205 0.3410645 -0.0078125 -0.06958009 0.4060059 -0.007629395 -0.06408691 0.3747559 0.006629944 -0.07000732 0.4082032 0.006629944 -0.07000732 0.4082032 -0.006015778 -0.05447388 0.407959 -0.04885865 -0.03634644 0.4106446 -0.01963806 -0.05541993 0.3779297 -0.05453492 -0.03729248 0.380127 -0.01963806 -0.05914307 0.4077148 -0.04885865 -0.03634644 0.4106446 -0.05453492 -0.03729248 0.380127 -0.06506348 -0.02137756 0.3820801 -0.05819703 -0.02223206 0.4123535 -0.03283692 -0.05813599 0.4074707 -0.04147339 -0.05355835 0.3764648 -0.04177856 -0.05105591 0.4091797 -0.03671265 -0.04501343 0.373291 -0.04177856 -0.05105591 0.4091797 -0.03671265 -0.04501343 0.373291 -0.0328064 -0.05325318 0.3771973 -0.01759338 -0.05245972 0.3771973 -0.0145874 -0.04391479 0.3735352 -0.03671265 -0.04501343 0.373291 -0.0145874 -0.04391479 0.3735352 -0.01759338 -0.05245972 0.3771973 -0.009414673 -0.04431152 0.3776856 -0.01409149 -0.05282593 0.3803711 -0.009414673 -0.04431152 0.3776856 0.009872437 -0.1096191 0.3249512 0.01823425 -0.1114502 0.3352051 -0.009872437 -0.1155396 0.3312988 0.02580261 -0.09210205 0.3410645 0.01823425 -0.1114502 0.3352051 0.009872437 -0.08062744 0.3637696 0.01823425 -0.1114502 0.3352051 -0.02383423 -0.08483887 0.3479004 -0.02580261 -0.0980835 0.3476562 0.009872437 -0.08062744 0.3637696 -0.01823425 -0.1054688 0.3286133 -0.02580261 -0.0980835 0.3476562 -0.009872437 -0.1155396 0.3312988 -0.02580261 -0.0980835 0.3476562 0.009872437 -0.1096191 0.3249512 0.02697754 0.07586671 0.3945313 0.02697754 0.07214356 0.4243165 0.04458618 0.05166627 0.4216309 0.04983521 0.06054688 0.3925782 0.04458618 0.05166627 0.4216309 0.04983521 0.06054688 0.3925782 0.06280518 0.03405762 0.4194336 0.05593872 0.03521729 0.3891602 0.04983521 0.06054688 0.3925782 0.06634522 0.006397248 0.4157715 0.05966187 0.01039886 0.3859864 0.02697754 0.07586671 0.3945313 0 0.07403565 0.3942871 0.02697754 0.07214356 0.4243165 0 0.07757569 0.4248047 -0.02694703 0.07214356 0.4243165 -0.02409363 0.06915284 0.3935547 -0.05453492 -0.04104614 0.4099121 -0.01963806 -0.05541993 0.3779297 0.01387024 -0.06799316 0.4064942 -0.01963806 -0.05541993 0.3779297 0.01387024 -0.06427002 0.376709 0.04937745 -0.04476929 0.3791504 0.04937745 -0.04852295 0.4089356 0.04736328 -0.05130005 0.4082032 0.04644776 -0.04605103 0.3764648 0.03942871 -0.04040527 0.4118653 0.0385437 -0.03515625 0.3803711 -0.0328064 -0.05325318 0.3771973 -0.04147339 -0.05355835 0.3764648 -0.03671265 -0.04501343 0.373291 -0.0145874 -0.04391479 0.3735352 -0.0145874 -0.04391479 0.3735352 -0.01759338 -0.05245972 0.3771973 -0.0328064 -0.05325318 0.3771973 -0.01409149 -0.05282593 0.3803711 -0.0176239 -0.05737305 0.4074707 -0.01447296 -0.05038453 0.4135742 -0.01409149 -0.05282593 0.3803711 -0.009414673 -0.04431152 0.3776856 0.0385437 -0.03515625 0.3803711 0.0276947 -0.04431152 0.376709 0.02679443 -0.04702759 0.4086914 0.03942871 -0.04040527 0.4118653 0.02679443 -0.04702759 0.4086914 0.03469849 -0.0585022 0.409668 0.03942871 -0.04040527 0.4118653 0.04736328 -0.05130005 0.4082032 0.03561401 -0.05578614 0.3776856 0.03469849 -0.0585022 0.409668 0.04644776 -0.04605103 0.3764648 0.0276947 -0.04431152 0.376709 0.04644776 -0.04605103 0.3764648 0.0385437 -0.03515625 0.3803711 0.03469849 -0.0585022 0.409668 0.02679443 -0.04702759 0.4086914 0.0276947 -0.04431152 0.376709 0.03561401 -0.05578614 0.3776856 -0.05819703 -0.02223206 0.4123535 -0.06506348 -0.02137756 0.3820801 -0.06222535 0.008674622 0.4160156 -0.06964112 0.01234436 0.3862305 0.05966187 0.01039886 0.3859864 0.05566407 -0.0173645 0.3828125 0.05566407 -0.02110291 0.4125977 0.05966187 0.006664277 0.4157715 0.02697754 0.07586671 0.3945313 0.04983521 0.06054688 0.3925782 0.02413941 0.06915284 0.3935547 0.04458618 0.05538941 0.3918457 0.01135254 -0.04974365 0.3786621 -0.02114868 -0.04229737 0.3791504 -0.02114868 -0.04602051 0.4086914 0.01135254 -0.0534668 0.4084473 0.01135254 -0.0534668 0.4084473 0.05566407 -0.02110291 0.4125977 0.01135254 -0.04974365 0.3786621 0.03942871 -0.02978516 0.3811035 0.02413941 0.06542969 0.4233399 0.02697754 0.07214356 0.4243165 0 0.07025147 0.4240723 0 0.07757569 0.4248047 0 0.07025147 0.4240723 0 0.07757569 0.4248047 -0.02694703 0.07214356 0.4243165 -0.02409363 0.06542969 0.4233399 -0.02409363 0.06542969 0.4233399 -0.02694703 0.07214356 0.4243165 -0.04980469 0.05682373 0.4221192 -0.04452515 0.05166627 0.4216309 -0.04452515 0.05166627 0.4216309 -0.04980469 0.05682373 0.4221192 -0.05706787 0.03277588 0.4191895 -0.06390381 0.03552246 0.4194336 -0.05819703 -0.02223206 0.4123535 -0.06506348 -0.02511597 0.4118653 -0.05453492 -0.04104614 0.4099121 -0.04885865 -0.03634644 0.4106446 0.04525757 -0.03927612 0.3798828 0.06216431 -0.0202179 0.3823242 0.0453186 -0.04309082 0.4094238 0.05566407 -0.02110291 0.4125977 0.05566407 -0.02110291 0.4125977 0.06216431 -0.0202179 0.3823242 0.06634522 0.006397248 0.4157715 0.05966187 0.01039886 0.3859864 -0.02694703 0.07214356 0.4243165 -0.02409363 0.06915284 0.3935547 -0.04980469 0.05682373 0.4221192 -0.04452515 0.05538941 0.3918457 -0.06964112 0.01234436 0.3862305 -0.06506348 -0.02137756 0.3820801 -0.06964112 0.008605958 0.4160156 -0.06506348 -0.02511597 0.4118653 -0.06506348 -0.02511597 0.4118653 -0.06506348 -0.02137756 0.3820801 -0.05453492 -0.04104614 0.4099121 -0.05453492 -0.03729248 0.380127 -9.40323e-4 0.08068848 0.3972168 -0.02574158 0.07562257 0.3967285 -0.02574158 0.07244874 0.4218751 -9.49383e-4 0.07751466 0.4223633 -0.0482483 0.05783081 0.4199219 -0.02729798 0.07507325 0.3964844 -0.0482483 0.06097413 0.3947754 -0.02729798 0.07189942 0.4216309 -0.06347656 0.03601074 0.4172364 -0.049469 0.06008912 0.3947754 -0.06347656 0.03915405 0.3920898 -0.049469 0.05694581 0.4199219 -0.06427002 0.03396606 0.4169922 -0.06420898 0.03710937 0.3918457 -0.06945802 0.0125351 0.3886719 -0.06951904 0.009391786 0.4138184 0.02600098 0.07244874 0.4218751 0.0259552 0.07556153 0.3967285 0.001153946 0.08062744 0.3972168 0.001197815 0.07745362 0.4223633 0.04861451 0.06085206 0.3947754 0.02767945 0.07495118 0.3964844 0.04864502 0.05770875 0.4199219 0.0276947 0.07183839 0.4216309 0.06256104 -0.01727295 0.3850098 0.06591797 0.007614136 0.3881836 0.06591797 0.00447464 0.4133301 0.06256104 -0.02041626 0.4101563 0.06292725 0.03244019 0.4167481 0.06616211 0.01066589 0.3886719 0.06298828 0.0355835 0.3916016 0.06610107 0.007526398 0.4135742 0.0625 0.03762817 0.3918457 0.04995728 0.05947877 0.3947754 0.0625 0.03451538 0.4169922 0.04995728 0.05633546 0.4196778 -0.02383423 -0.08483887 0.3479004 0.009872437 -0.1096191 0.3249512 -0.01823425 -0.1054688 0.3286133 0.02580261 -0.09210205 0.3410645 -0.009872437 -0.1155396 0.3312988 0.009872437 -0.08062744 0.3637696 -0.02580261 -0.0980835 0.3476562 0.01823425 -0.1114502 0.3352051 -0.006015778 -0.05447388 0.407959 0.006629944 -0.07000732 0.4082032 0.008239746 -0.05612183 0.4077148 -0.006015778 -0.05081177 0.3789063 0.007610322 -0.05734253 0.3745117 -0.04980469 0.05682373 0.4221192 -0.04452515 0.05538941 0.3918457 -0.06390381 0.03552246 0.4194336 -0.06964112 0.01234436 0.3862305 -0.06964112 0.008605958 0.4160156 0.05123902 0.1016846 0.2454834 0.03652954 0.1049194 0.2453613 0.05114746 0.105957 0.2543946 0 0.1074829 0.2456055 0.05081177 0.1158447 0.2980957 0.03213501 0.1105957 0.3237305 0.05029297 0.1103516 0.3234864 0 0.1109619 0.3237305 -0.03213501 0.1105957 0.3237305 -0.05081177 0.1158447 0.2980957 -0.05029297 0.1103516 0.3234864 -0.05114746 0.105957 0.2543945 -0.03652954 0.1049194 0.2453613 -0.05123902 0.1016846 0.2454834 0.1325684 0.00497818 0.3764648 0.09606934 0.003746033 0.3764649 0.1291504 -0.03323364 0.3630371 0.08782959 -0.0262909 0.3671875 0.125 -0.06140137 0.3330078 0.09069825 -0.09155274 0.3186035 0.1269531 -0.0703125 0.2949219 0.04266358 -0.07177735 0.3439942 0.09179688 -0.1166382 0.2922364 0.1155396 -0.09954834 0.2597657 0.1340332 -0.05975342 0.2565918 -0.05090332 -0.1245728 0.2978516 0 -0.08117676 0.3398437 -0.04238892 -0.07177735 0.3439942 0.1279297 -0.05874635 0.232666 0.1380615 -0.01561737 0.2380371 0.1290283 -0.01835633 0.2055664 0.1220093 -0.01660156 0.1536865 0.1079712 -0.09814453 0.2126465 0.09979248 -0.09075928 0.1536865 0.1212769 -0.05410767 0.09436036 0.1258545 -0.01476288 0.09625245 0.07305909 -0.1118775 0.1536865 0.08691407 -0.1247559 0.2568359 0.04492188 -0.1315918 0.2172852 0.05105591 -0.1364746 0.2670898 0 -0.1293945 0.1536865 -0.04492188 -0.1315918 0.2172852 -0.05105591 -0.1364746 0.2670898 -0.09179688 -0.1166382 0.2922364 -0.08343507 -0.1242676 0.237793 -0.07305909 -0.1118775 0.1536865 -2.65314e-16 -0.1236572 0.08978272 0.07629395 -0.107544 0.09124757 -0.07629395 -0.107544 0.09124757 0.08508301 -0.1021729 0.03274536 -5.92738e-16 -0.1195068 0.03007507 -0.08508301 -0.1021729 0.03274536 -0.1049805 -0.08520509 0.09246827 -0.09979248 -0.09075928 0.1536865 -0.1155396 -0.09954835 0.2597656 -0.1220093 -0.01660156 0.1536865 -0.1258545 -0.01476288 0.09625245 -0.1279297 -0.05874635 0.232666 -0.1290283 -0.01835633 0.2055664 -0.1380615 -0.01561737 0.2380371 -0.1340332 -0.05975342 0.2565918 -0.1269532 -0.0703125 0.2949219 -0.1142578 -0.08026124 0.3122559 -0.125 -0.06140137 0.3330078 -0.09002687 -0.06848145 0.3381348 -0.0678711 -0.05438232 0.3535156 -0.0878296 -0.0262909 0.3671875 -0.1291504 -0.03323365 0.3630371 -0.09606936 0.003746031 0.3764648 -0.1325684 0.004978178 0.3764648 -0.1356201 -0.04995728 0.03967286 -0.1395264 -0.01104736 0.04370117 -0.1328125 -0.07812501 -0.01832581 -0.1601563 -0.001709938 -0.003852845 -0.1887207 -0.04162598 -0.0625 -0.1921387 0.01727295 -0.05093384 -0.1884766 0.01634216 -0.05734253 -0.1854248 -0.04083252 -0.06872559 -0.1641846 -0.07495117 -0.07354736 -0.1583252 -0.07061768 -0.07592773 -0.1155396 -0.1065063 -0.08172607 -0.1142578 -0.1032715 -0.0871582 -0.1113892 -0.1015015 -0.08380127 -0.05584717 -0.1253662 -0.09356689 -8.51443e-16 -0.1273193 -0.03123474 -9.64506e-16 -0.1357422 -0.09008789 -9.45424e-16 -0.1330566 -0.09588623 0.05584717 -0.1253662 -0.09356689 0.1155396 -0.1065063 -0.08172607 0.1142578 -0.1032715 -0.0871582 0.0991211 -0.1054077 -0.02400208 0.1641846 -0.07495117 -0.07354736 0.1583252 -0.07061768 -0.07592773 0.1854248 -0.04083252 -0.06872559 0.1356201 -0.04995728 0.03967286 0.1395264 -0.01104736 0.04370117 0.1546631 -0.04742432 -0.01146698 0.1601563 -0.001709938 -0.003852845 0.1887207 -0.04162598 -0.0625 0.1921387 0.01727295 -0.05093384 0.1884766 0.01634216 -0.05734253 0.07366943 -0.02368164 0.3764648 0.09606934 0.003746033 0.3764649 0.08178712 0.04156495 0.3825684 0.1033936 0.05007935 0.3676758 0.06964111 0.06713867 0.3720703 0.06262207 0.09503175 0.3476563 0.05169678 0.08599854 0.3623047 0.02613831 0.09405518 0.355957 0.02960205 0.1033936 0.3408203 0 0.09979248 0.3522949 -0.02767945 0.09863282 0.3532715 -0.02613831 0.09405518 0.355957 -0.05169678 0.08599854 0.3623047 -0.05706787 0.03277588 0.4191895 -0.06222535 0.008674622 0.4160156 -0.06964112 0.01234436 0.3862305 -0.04452515 0.05538941 0.3918457 -0.04452515 0.05166627 0.4216309 -0.02409363 0.06915284 0.3935547 -0.02409363 0.06542969 0.4233399 0 0.07403565 0.3942871 0 0.07025147 0.4240723 0.02413941 0.06542969 0.4233399 0.02413941 0.06915284 0.3935547 0.02413941 0.06542969 0.4233399 0.04458618 0.05166627 0.4216309 0.04458618 0.05538941 0.3918457 0.05593872 0.03146362 0.4189453 0.05593872 0.03521729 0.3891602 0.05966187 0.006664277 0.4157715 0.05966187 0.01039886 0.3859864 0.08782959 -0.0262909 0.3671875 0.09606934 0.003746033 0.3764649 0.07366943 -0.02368164 0.3764648 0.04803468 -0.05667115 0.3632813 0.04266358 -0.07177735 0.3439942 0.03875732 -0.06719971 0.359375 0.03875732 -0.06719971 0.359375 0.02116394 -0.07287598 0.3569336 0.02024841 -0.06872559 0.3581543 0 -0.08117676 0.3398437 0 -0.07092285 0.3566895 -0.02116394 -0.07287598 0.3569336 -0.02024841 -0.06872559 0.3581543 -0.03848267 -0.06719971 0.359375 -0.04238892 -0.07177735 0.3439942 -0.05023194 -0.06060792 0.3625489 -0.03848267 -0.06719971 0.359375 -0.0678711 -0.05438232 0.3535156 -0.05722047 -0.04919434 0.3666992 -0.03848267 -0.06719971 0.359375 -0.0878296 -0.0262909 0.3671875 -0.07342531 -0.02368164 0.3764648 -0.09606936 0.003746031 0.3764648 -0.08587649 0.04229736 0.3820801 -0.1033936 0.05007934 0.3676758 -0.06964113 0.06713867 0.3720703 -0.05169678 0.08599854 0.3623047 -0.09606936 0.003746031 0.3764648 -0.1033936 0.05007934 0.3676758 -0.1325684 0.004978178 0.3764648 -0.131836 0.05484009 0.3632812 -0.1313477 0.07800293 0.3320312 -0.05169678 0.08599854 0.3623047 -0.05169678 0.08599854 0.3623047 -0.1015015 0.09857178 0.2963867 -0.1311035 0.0750122 0.2949219 -0.1322022 0.06027222 0.2626953 -0.1154175 0.04522705 0.2041016 -0.1365967 0.02537537 0.2409668 -0.1290283 -0.01835633 0.2055664 -0.1380615 -0.01561737 0.2380371 -0.1077881 0.025177 0.1536865 -0.1220093 -0.01660156 0.1536865 -0.07397461 0.07397461 0.2056885 -0.05169678 0.08599854 0.3623047 -0.06939698 0.1116943 0.2976074 -0.1078491 0.01979065 0.09735108 -0.1258545 -0.01476288 0.09625245 -0.03643799 0.1078491 0.2539063 -0.05169678 0.08599854 0.3623047 -0.02767945 0.09863282 0.3532715 0.06939697 0.1116943 0.2976074 0.02960205 0.1033936 0.3408203 0.06262207 0.09503175 0.3476563 0.07165528 0.100708 0.2553711 0.1015015 0.09857178 0.2963867 0.03704834 0.08551025 0.2061768 0.1040649 0.08514405 0.2575684 0.1313477 0.07800293 0.3320312 0.1033936 0.05007935 0.3676758 0.1322021 0.06027222 0.2626953 0.1318359 0.05484009 0.3632813 0.1325684 0.00497818 0.3764648 0.09606934 0.003746033 0.3764649 0.1154175 0.04522705 0.2041016 0.1365967 0.02537537 0.2409668 0.1290283 -0.01835633 0.2055664 0.1380615 -0.01561737 0.2380371 0.03750611 0.06274415 0.1536865 0.1077881 0.025177 0.1536865 0.1220093 -0.01660156 0.1536865 -0.03750611 0.06274415 0.1536865 0.1078491 0.01979065 0.09735108 0.1258545 -0.01476288 0.09625245 0.1395264 -0.01104736 0.04370117 0.03692627 0.05541993 0.0979004 -0.03692627 0.05541993 0.0979004 0.0406189 0.06829834 0.04595947 0.08441163 0.05426025 0.04605103 -0.1191406 0.02612305 0.04574585 -0.1395264 -0.01104736 0.04370117 -0.1601563 -0.001709938 -0.003852845 -0.0406189 0.06829834 0.04595947 0.04739381 0.09393311 0.001369476 -0.09643555 0.07965089 0.001003265 -0.1634521 0.07629395 -0.0440979 -0.1921387 0.01727295 -0.05093384 -0.1884766 0.01634216 -0.05734253 -0.1602783 0.07348633 -0.05081177 -0.1154175 0.109375 -0.04266357 -0.1138916 0.1078491 -0.04959106 -0.0581665 0.1230469 -0.05007935 8.66928e-16 0.1220093 -0.04776001 9.19403e-16 0.1293945 -0.043396 0.0581665 0.1230469 -0.05007935 0.1123047 0.1013184 -0.04714966 0.1154175 0.109375 -0.04266357 0.1602783 0.07348633 -0.05081177 0.1381836 0.04440308 8.07285e-4 0.1601563 -0.001709938 -0.003852845 0.1921387 0.01727295 -0.05093384 0.1884766 0.01634216 -0.05734253 0.1634521 0.07629395 -0.0440979 0 0.004051208 0.2687988 0.02024841 -0.06872559 0.3581543 0.03875732 -0.06719971 0.359375 0 -0.07092285 0.3566895 -0.02024841 -0.06872559 0.3581543 -0.03848267 -0.06719971 0.359375 0.1380615 -0.01561737 0.2380371 0.1695557 -0.01730347 0.2410889 0.1340332 -0.05975342 0.2565918 0.1713867 -0.06042481 0.2583008 0.1732178 -0.05319214 0.2646485 0.1269531 -0.0703125 0.2949219 0.177002 -0.07531739 0.2966309 0.1790772 -0.06591798 0.2973633 0.1813965 -0.0715332 0.3337403 0.125 -0.06140137 0.3330078 0.1837158 -0.061615 0.3300782 0.1291504 -0.03323364 0.3630371 0.1865234 -0.03833008 0.3591309 0.1856689 -0.04199219 0.3676758 0.1882325 6.23445e-16 0.3715821 0.1873779 9.28402e-4 0.3820801 0.1325684 0.00497818 0.3764648 0.1870117 0.04254151 0.359375 0.1861572 0.04974365 0.3664551 0.1318359 0.05484009 0.3632813 0.1832276 0.06036378 0.328125 0.1816406 0.06976319 0.3308106 0.1313477 0.07800293 0.3320312 0.1779785 0.07067872 0.2956543 0.1793213 0.06072999 0.296875 0.1322021 0.06027222 0.2626953 0.1732178 0.05300903 0.2624512 0.1744385 0.04507447 0.2683106 0.1365967 0.02537537 0.2409668 0.1694336 0.02128601 0.2429199 0.1712646 0.01811218 0.251709 0.1695557 -0.01730347 0.2410889 0.1380615 -0.01561737 0.2380371 -0.1695557 -0.01730347 0.2410889 -0.1380615 -0.01561737 0.2380371 -0.1340332 -0.05975342 0.2565918 -0.1713867 -0.0604248 0.2583008 -0.1732178 -0.05319214 0.2646485 -0.1269532 -0.0703125 0.2949219 -0.177002 -0.07531738 0.2966309 -0.1790772 -0.06591797 0.2973633 -0.1813965 -0.0715332 0.3337403 -0.125 -0.06140137 0.3330078 -0.1837158 -0.06161499 0.3300782 -0.1291504 -0.03323365 0.3630371 -0.1865235 -0.03833008 0.3591309 -0.185669 -0.04199219 0.3676758 -0.1882325 -4.20857e-10 0.3715821 -0.187378 9.28401e-4 0.3820801 -0.1325684 0.004978178 0.3764648 -0.1870117 0.0425415 0.359375 -0.131836 0.05484009 0.3632812 -0.1861573 0.04974365 0.3664551 -0.1832276 0.06036377 0.328125 -0.1816406 0.06976318 0.3308106 -0.1313477 0.07800293 0.3320312 -0.1311035 0.0750122 0.2949219 -0.1779785 0.07067871 0.2956543 -0.1793213 0.06072998 0.296875 -0.1732178 0.05300903 0.2624512 -0.1322022 0.06027222 0.2626953 -0.1744385 0.04507446 0.2683106 -0.1365967 0.02537537 0.2409668 -0.1694336 0.02128601 0.2429199 -0.1712646 0.01811218 0.251709 -0.1695557 -0.01730347 0.2410889 -0.1380615 -0.01561737 0.2380371 0 0.004051208 0.2687988 -0.05169678 0.08599854 0.3623047 -0.06964113 0.06713867 0.3720703 -0.08587649 0.04229736 0.3820801 -0.07342531 -0.02368164 0.3764648 -0.05722047 -0.04919434 0.3666992 -0.03848267 -0.06719971 0.359375 -0.03546143 -0.06420898 0.3916016 -0.02482605 -0.0531311 0.3911133 -0.02365112 -0.05590821 0.3898926 -0.02279663 -0.05825806 0.390625 -0.0223999 -0.05960083 0.392334 -0.02275086 -0.05908203 0.3945313 -0.02365112 -0.05700684 0.3959961 -0.02482605 -0.05389404 0.3955078 0 0.004051208 0.2687988 -0.02613831 0.09405518 0.355957 -0.05169678 0.08599854 0.3623047 0.02613831 0.09405518 0.355957 0.05169678 0.08599854 0.3623047 0.06964111 0.06713867 0.3720703 0.08178712 0.04156495 0.3825684 0.07366943 -0.02368164 0.3764648 0.04803468 -0.05667115 0.3632813 0.03875732 -0.06719971 0.359375 0.121582 -0.007553101 0.3000489 0.1837158 -0.061615 0.3300782 0.1790772 -0.06591798 0.2973633 0.1732178 -0.05319214 0.2646485 0.1865234 -0.03833008 0.3591309 0.1695557 -0.01730347 0.2410889 0.1882325 6.23445e-16 0.3715821 0.1712646 0.01811218 0.251709 0.1870117 0.04254151 0.359375 0.1744385 0.04507447 0.2683106 0.1832276 0.06036378 0.328125 0.1793213 0.06072999 0.296875 -0.121582 -0.007553102 0.3000488 -0.1790772 -0.06591797 0.2973633 -0.1837158 -0.06161499 0.3300782 -0.1732178 -0.05319214 0.2646485 -0.1865235 -0.03833008 0.3591309 -0.1695557 -0.01730347 0.2410889 -0.1882325 -4.20857e-10 0.3715821 -0.1712646 0.01811218 0.251709 -0.1870117 0.0425415 0.359375 -0.1744385 0.04507446 0.2683106 -0.1832276 0.06036377 0.328125 -0.1793213 0.06072998 0.296875 -2.4428e-16 -0.03948975 0.00882721 -0.1854248 -0.04083252 -0.06872559 -0.1884766 0.01634216 -0.05734253 -0.1602783 0.07348633 -0.05081177 -0.1583252 -0.07061768 -0.07592773 -0.1138916 0.1078491 -0.04959106 -0.1113892 -0.1015015 -0.08380127 8.66928e-16 0.1220093 -0.04776001 -0.05584717 -0.1253662 -0.09356689 0.1123047 0.1013184 -0.04714966 -9.45424e-16 -0.1330566 -0.09588623 0.1602783 0.07348633 -0.05081177 0.05584717 -0.1253662 -0.09356689 0.1884766 0.01634216 -0.05734253 0.1142578 -0.1032715 -0.0871582 0.1854248 -0.04083252 -0.06872559 0.1583252 -0.07061768 -0.07592773</float_array>
          <technique_common>
            <accessor source="#geom-Clt_TES066_F__M_TES066_F-positions-array" count="3959" stride="3">
              <param name="X" type="float"/>
              <param name="Y" type="float"/>
              <param name="Z" type="float"/>
            </accessor>
          </technique_common>
        </source>
        <source id="geom-Clt_TES066_F__M_TES066_F-normals">
          <float_array id="geom-Clt_TES066_F__M_TES066_F-normals-array" count="4653">-0.9932036 0.1155794 0.01371205 -0.9932036 0.1155798 0.01371205 -0.9932035 0.1155798 0.01371503 -0.9932036 0.1155798 0.01371205 0.8176343 0.5711707 0.07237493 0.8176343 0.5711703 0.07237791 0.8176343 0.5711707 0.07237493 0.8176343 0.5711703 0.07237791 0.8176345 0.57117 0.07237789 0.8176345 0.5711702 0.07237788 0.8176346 0.57117 0.0723779 0.8176346 0.5711702 0.07237491 -0.8176347 -0.5711701 -0.07237494 -0.8176343 -0.5711708 -0.07237493 -0.8176346 -0.5711707 -0.07237195 -0.8176343 -0.5711708 -0.07237493 0 0.9873302 0.1586794 0 0.9873301 0.1586794 -0.7062821 0.6984564 0.1154303 -0.7083837 0.6966428 0.1134961 -0.9999904 0.001956522 0.003916025 -0.9999962 -0.001957268 0.001958013 -0.7086933 -0.6969467 -0.1096308 -0.7065958 -0.6987668 -0.1115679 0 -0.9873301 -0.1586796 0 -0.9873301 -0.1586796 0.7062823 -0.6984562 -0.1154304 0.7083834 -0.6966426 -0.1134991 0.9999904 -0.001957267 -0.003913044 0.9999962 0.001956523 -0.001955033 0.7086932 0.6969475 0.1096279 0.7065963 0.6987668 0.111565 0 0.9873302 0.1586794 0 0.9873301 0.1586794 0.9968712 0.05875419 -0.0528753 0.9968711 0.05875455 -0.05287827 0.9971954 0.04106088 0.06257294 0.9971956 0.04106051 0.06256997 0.6413726 -0.08408275 0.7626083 0.6402194 -0.08418781 0.7635651 0.05875668 -0.1488503 0.9871126 0.05875668 -0.1488507 0.9871125 -0.05481974 -0.1527108 0.9867494 -0.05481969 -0.1527117 0.9867492 -0.6359479 -0.1487139 0.7572679 -0.6380548 -0.1487491 0.7554865 -0.996871 -0.05875451 0.05287825 -0.9968709 -0.05875414 0.05288123 -0.997316 -0.04106573 -0.06061792 -0.9971956 -0.04106087 -0.06256995 -0.6413728 0.08408235 -0.7626082 -0.6402212 0.08418797 -0.7635635 -0.05875698 0.1488495 -0.9871128 -0.0587564 0.1488503 -0.9871126 0.05481928 0.1527104 -0.9867495 0.05481951 0.1527117 -0.9867492 0.6359479 0.1487139 -0.7572678 0.6380545 0.1487488 -0.7554867 0.9968711 0.05875455 -0.05287827 0.9968711 0.05875418 -0.0528753 0.9974626 0.0567183 -0.0430286 0.9974627 0.05671791 -0.04302561 0.680824 0.1447729 -0.717997 0.6788141 0.1447614 -0.7198998 0.06065357 0.1545698 -0.9861183 0.0606543 0.1545707 -0.9861181 -0.07047515 0.1468225 -0.9866491 -0.07047517 0.1468233 -0.986649 -0.6831816 0.07634387 -0.726247 -0.6842253 0.07624201 -0.7252744 -0.9973158 -0.04106612 -0.06062092 -0.997316 -0.04106649 -0.06061795 -0.9975445 -0.05672312 0.04107951 -0.9975446 -0.05672313 0.04107653 0.117426 0.9902934 0.07436572 0.1174262 0.9902931 0.07436871 0.06266899 0.6306067 -0.7735683 0.06266904 0.6306067 -0.7735683 0.01565924 0.2544624 -0.966956 0.01565919 0.2544624 -0.966956 -0.01565365 -0.001956526 -0.9998757 -0.01565365 -0.001956898 -0.9998757 -0.06266551 -0.4171171 -0.9066898 -0.0626656 -0.4171171 -0.9066898 -0.1173668 -0.9780566 -0.1721354 -0.1173668 -0.978056 -0.1721383 -0.117426 -0.9902934 -0.0743657 -0.1174262 -0.9902934 -0.07436575 -0.06266885 -0.6306059 0.773569 -0.06266876 -0.6306059 0.773569 -0.01565919 -0.2544623 0.9669559 -0.01565919 -0.2544616 0.9669561 0.01565356 0.00195652 0.9998757 0.0156536 0.00195652 0.9998757 0.06266547 0.4171163 0.9066901 0.06266534 0.417116 0.9066903 0.1173667 0.9780555 0.1721411 0.1173667 0.9780561 0.1721382 0.117426 0.9902934 0.07436572 0.1174262 0.9902931 0.07436871 0.9932035 -0.1155809 -0.01370907 0.9932035 -0.1155809 -0.01370907 0.9932034 -0.1155809 -0.01370907 0.9932035 -0.1155809 -0.01371205 0.9932034 -0.1155809 -0.01370907 0.9932035 -0.1155809 -0.01371205 0.9932037 -0.1155798 -0.01370907 0.9932035 -0.1155805 -0.01371205 0.9932037 -0.1155798 -0.01370907 0.9932037 -0.1155798 -0.01371205 0.9932036 -0.1155798 -0.01370907 0.9932036 -0.1155798 -0.01370907 -0.9932037 0.1155794 0.01371205 -0.9932035 0.1155798 0.01371503 -0.9932036 0.1155798 0.01371503 -0.9932037 0.1155798 0.01371205 -0.9932036 0.1155798 0.01371503 -0.9932036 0.1155801 0.01371205 -0.9932036 0.1155794 0.01371503 -0.9932037 0.1155794 0.01371205 -0.9932037 0.1155794 0.01371205 -0.9932035 0.1155801 0.01371503 -0.5741045 0.8170708 0.05290807 -0.574105 0.8170708 0.05290212 -0.5751606 0.8040511 0.1506388 -0.5751606 0.8040507 0.1506417 -0.3111038 0.3326268 0.8902662 -0.3111033 0.3326265 0.8902664 -0.07443441 -0.01958789 0.9970335 -0.07443464 -0.01958832 0.9970335 0.07432657 -0.2308035 0.9701573 0.07432694 -0.2308039 0.9701573 0.3109137 -0.5455658 0.7782614 0.3109129 -0.5455647 0.7782623 0.5741049 -0.8170708 -0.05290508 0.5741052 -0.8170705 -0.05290508 0.5751604 -0.8040512 -0.1506388 0.5751609 -0.8040509 -0.1506387 0.3111044 -0.3326277 -0.8902656 0.3111032 -0.3326252 -0.890267 0.07443465 0.01958795 -0.9970335 0.07443523 0.019588 -0.9970335 -0.0743268 0.2308039 -0.9701573 -0.07432658 0.2308032 -0.9701574 -0.3109144 0.5455667 -0.7782604 -0.3109144 0.5455667 -0.7782604 -0.5741051 0.8170709 0.05290212 -0.5741045 0.8170708 0.05290807 -0.8176348 -0.5711702 -0.07237495 -0.8176346 -0.5711707 -0.07237195 -0.8176344 -0.5711706 -0.0723749 -0.8176348 -0.5711704 -0.07237196 -0.8176346 -0.5711707 -0.07237199 -0.8176343 -0.5711708 -0.07237493 -0.8176346 -0.5711707 -0.07237199 -0.8176345 -0.5711706 -0.07237495 -0.8176346 -0.5711706 -0.07237198 -0.8176345 -0.5711704 -0.07237494 -0.8176347 -0.5711702 -0.07237495 -0.001958759 -0.13319 0.9910886 0 -0.1233121 0.992368 0 -0.1233121 0.9923679 0 -0.1233122 0.992368 0 -0.1233122 0.992368 0 -0.1271644 0.9918816 0 -0.127164 0.9918817 0 -0.1271644 0.9918816 0 -0.1271644 0.9918816 0 -0.1271644 0.9918817 0 -0.1271644 0.9918817 0.6816913 0.7247867 0.0999063 0.6816915 0.7247869 0.09990335 0.7904085 0.6065015 0.08608401 0.7922086 0.6044256 0.08411405 0.6141477 0.7823535 0.1036614 0.612927 0.7832936 0.1037865 0.4522344 0.884891 0.1115889 0.4561277 0.8828908 0.1115858 0.7610751 0.6436852 0.08021297 0.7628535 0.6415789 0.08019508 0.9588325 0.2817791 0.03522635 0.9588325 0.2817793 0.03522337 0.9998067 -0.0195656 -0.001955033 0.9998067 -0.01956569 -0.001955033 0.925551 -0.3756994 -0.04696252 0.9255511 -0.3756993 -0.04695954 0.7063147 -0.7024017 -0.08804203 0.7063143 -0.7024018 -0.08804496 0.3877332 -0.9145025 -0.1155347 0.3877331 -0.9145021 -0.1155376 0 -0.9921271 -0.1252354 0 -0.9921267 -0.1252382 -0.3877331 -0.9145021 -0.1155376 -0.3877332 -0.9145025 -0.1155347 -0.7324185 -0.6756272 -0.08420943 -0.7324187 -0.6756269 -0.08420946 -0.9489306 -0.3130492 -0.03913045 -0.9489306 -0.3130488 -0.03913343 -0.9975313 -0.06845803 -0.01564622 -0.9973711 -0.07235817 -0.003913044 -0.9846973 0.1076706 0.1370341 -0.9846969 0.1076706 0.137037 -0.9963818 0.08221632 0.02153516 -0.9950137 0.09401704 -0.03329516 -0.974851 0.1585598 -0.1566022 0.003912308 0.1271642 -0.991874 0 0.1310107 -0.9913809 0.03521877 0.1213087 -0.9919899 0.02938269 0.1292833 -0.9911724 0.005865851 0.131009 -0.9913639 0 0.1271636 -0.9918818 -0.001956362 0.127163 -0.9918799 -0.0019569 0.1252386 -0.9921247 -0.001956241 0.1271638 -0.9918799 -0.001956888 0.1252382 -0.9921248 -0.003911744 0.1290874 -0.9916255 0.003912657 0.140872 -0.9900202 0.02543433 0.1643451 -0.9860749 0.1175249 0.205669 -0.9715391 0.1291931 0.20162 -0.970906 0.3955653 0.005874769 -0.9184191 0.3776921 0.02348394 -0.9256335 0.7555951 -0.4482673 -0.4776322 0.7609892 -0.4597233 -0.4577664 0.8025343 -0.5950501 -0.04306139 0.8025343 -0.5950501 -0.04305841 0.08413462 0.07043821 0.9939617 0.07822628 0.05475843 0.9954306 0.001955779 -0.1290881 0.9916312 0.001956146 -0.1290877 0.9916313 0.005866223 -0.131009 0.9913639 0.003911756 -0.1290878 0.9916255 0.001956427 -0.1271638 0.9918798 0.001956433 -0.1271649 0.9918798 0 -0.1271655 0.9918815 0 -0.1271647 0.9918816 -0.005867689 -0.1290858 0.9916161 -0.007829146 -0.1233083 0.9923376 -0.05672074 -0.09779376 0.993589 0.08407246 -0.08016258 0.9932299 0.03329549 0.1997721 -0.9792765 0.07822467 0.3070328 -0.9484786 0.4087362 0.8878762 -0.211212 0.4090707 0.8886038 -0.2074718 0.4326363 0.8946368 0.1115829 0.4325407 0.8944393 0.11352 0.40298 0.811828 0.4225429 0.4026466 0.8111567 0.4241467 0.07822628 0.05475843 0.9954306 0.08413462 0.07043821 0.9939617 0.8025343 -0.5950501 -0.04306139 0.8025343 -0.5950501 -0.04305841 0.7359596 -0.5578411 0.3836364 0.7266092 -0.5503433 0.4112923 0.2917704 -0.2604393 0.9203485 0.2623614 -0.2427821 0.9339291 0.04113304 -0.1410268 0.9891509 0.03324342 -0.1407957 0.9894804 -0.001956151 -0.1290881 0.9916312 0.001956146 -0.1290877 0.9916313 0.001956894 -0.1252383 0.9921249 0.003911756 -0.1290878 0.9916255 0.001956433 -0.1271649 0.9918798 0.001956807 -0.1252393 0.9921247 0 -0.1271655 0.9918815 0 -0.1271651 0.9918817 -0.005867689 -0.1290858 0.9916161 -0.02738588 -0.1251916 0.9917545 -0.03523511 -0.1174503 0.9924535 -0.1761649 0.9747782 0.1370162 -0.1761644 0.9747779 0.1370191 -0.02934411 0.989872 0.1388967 -0.02152323 0.9900692 0.1389235 0.2467572 0.9596098 0.1351297 0.2366351 0.9621831 0.1349361 0.4930428 0.8628272 0.1115262 0.4697692 0.8769019 0.1017838 0.4930436 0.8628271 0.1115233 0.9974626 0.0567183 -0.0430286 0.9973156 0.04106648 0.06062388 0.9974628 0.05671792 -0.04302561 0.9973158 0.04106574 0.0606209 0.684222 -0.07624207 0.7252775 0.6831828 -0.07634368 0.7262457 0.07047514 -0.1468225 0.986649 0.07047514 -0.1468232 0.986649 -0.0606543 -0.1545707 0.9861181 -0.06065394 -0.1545702 0.9861182 -0.6788172 -0.1447619 0.7198967 -0.6808227 -0.1447725 0.7179982 -0.9975446 -0.05672313 0.04107653 -0.9975445 -0.05672312 0.04107951 0.8176346 0.5711702 0.07237491 0.8176345 0.5711704 0.07237494 0.8176346 0.57117 0.0723779 0.8176345 0.5711701 0.07237792 0.8176345 0.5711704 0.07237494 0.8176343 0.5711707 0.07237493 0.8176343 0.5711703 0.07237791 0.8176343 0.5711707 0.07237493 0.8176345 0.5711704 0.07237494 0 -0.7339786 -0.6791727 0.3835236 -0.6770368 -0.628117 0 -0.7339792 -0.6791719 0.3835241 -0.6770384 -0.6281149 0.7065371 -0.5186492 -0.4814649 0.7065381 -0.51865 -0.4814627 0.9240309 -0.279951 -0.2603738 0.9240309 -0.279951 -0.2603738 1 0 0 1 0 0 0.9240312 0.2799496 0.2603739 0.9240312 0.2799496 0.2603739 0.706538 0.51865 0.4814626 0.706539 0.5186508 0.4814604 0.5009865 0.6340611 0.5890492 0.4849666 0.6414075 0.5944778 0.2054033 0.7179325 0.6651184 0.2132613 0.7297835 0.6495659 0.2191999 0.694785 0.6850002 0 0.733002 0.6802266 0 0.733002 0.6802266 -0.00195685 0.7749134 0.6320644 0 0.6952581 0.7187602 -0.2132613 0.7297835 0.6495659 -0.2191999 0.694785 0.6850002 -0.4849666 0.6414075 0.5944778 -0.5009865 0.6340611 0.5890492 -0.2054033 0.7179325 0.6651184 -0.7065381 0.51865 0.4814627 -0.7065391 0.5186508 0.4814604 -0.9240312 0.2799496 0.2603739 -0.9240312 0.2799496 0.2603739 -1 0 0 -1 0 0 -0.9240309 -0.279951 -0.2603738 -0.9240309 -0.279951 -0.2603738 -0.706537 -0.5186492 -0.4814649 -0.706538 -0.51865 -0.4814626 -0.3835241 -0.6770384 -0.6281148 -0.3835236 -0.6770368 -0.628117 0 -0.7339786 -0.6791727 0 -0.7339792 -0.6791719 0 0.1271644 -0.9918817 0 0.1271644 -0.9918816 0 0.1271644 -0.9918817 0 0.1271644 -0.9918816 0 0.1271644 -0.9918816 0 0.1271644 -0.9918816 0 0.1233121 -0.992368 0 0.1233122 -0.992368 0.03329549 0.1997721 -0.9792766 0 0.1233123 -0.992368 -0.005872923 0.1370323 -0.9905492 -0.005872551 0.1370326 -0.9905492 0.07822467 0.3070328 -0.9484786 -0.005865834 0.1310086 -0.9913639 -0.005875529 0.1331877 -0.9910734 0.003912657 0.140872 -0.9900202 -0.003911744 0.1290874 -0.9916255 -0.001956334 0.1271634 -0.9918799 -0.001956241 0.1271638 -0.9918798 -0.001956362 0.127163 -0.9918799 -0.001956369 0.1271638 -0.9918799 0.005865851 0.131009 -0.9913638 0.007830839 0.12138 -0.9925752 0.05869205 0.09390736 -0.9938494 -0.07436608 0.07828006 -0.9941539 -0.8765781 -0.4774224 -0.06065368 -0.9922463 -0.1232974 -0.01566112 -0.8765783 -0.4774221 -0.06065369 -0.9945082 -0.1037579 -0.01370311 -0.6700102 0.7366195 0.09207725 -0.6679614 0.7384793 0.09206534 0.2719818 0.9548719 0.1193554 0.285653 0.9508719 0.1193523 0.3641736 0.9241393 0.1155168 0.3641733 0.9241391 0.1155197 -0.1233287 0.9846727 0.1233279 -0.1233287 0.9846723 0.123331 -0.583024 0.8060601 0.1017362 -0.5830241 0.80606 0.1017362 -0.700556 0.708384 0.08610192 -0.6943906 0.713951 0.08997622 -0.8082502 0.5792786 0.105679 -0.7976409 0.5845454 0.1485795 -0.816183 0.573481 0.07046162 -0.8155894 0.5750203 0.06454292 -0.7981167 0.6024996 0.001952051 -0.02151692 0.1408407 -0.9897985 0 0.1310107 -0.9913809 0.003912308 0.1271642 -0.991874 -0.01956222 0.140846 -0.9898383 -0.003910795 0.131009 -0.9913735 -0.003911186 0.1290874 -0.9916255 0 0.1233125 -0.992368 0 0.1233125 -0.992368 0 0.1233124 -0.9923679 0 0.1233124 -0.9923679 0 0.1271644 -0.9918816 0 0.1271648 -0.9918816 0 0.1271644 -0.9918817 0 0.1271644 -0.9918817 0 0.1271644 -0.9918816 0 0.1271644 -0.9918816 0 0.1271644 -0.9918817 0 0.1271636 -0.9918818 0 0.1271644 -0.9918817 0 0.1271644 -0.9918817 0 -0.1271644 0.9918817 0 -0.1271644 0.9918817 0 -0.1271644 0.9918817 0 -0.1271644 0.9918817 0 -0.1271644 0.9918816 0 -0.1271644 0.9918816 0 -0.1271644 0.9918817 0 -0.1271644 0.9918817 0 -0.1271644 0.9918816 0 -0.1271648 0.9918816 0 -0.1233117 0.992368 0 -0.1233118 0.992368 0 -0.1233121 0.992368 0 -0.1233123 0.992368 0.00391157 -0.1290878 0.9916255 0.003910818 -0.1310105 0.9913734 0.02151729 -0.140841 0.9897984 0.02151163 -0.1427568 0.989524 -0.003913041 -0.1271638 0.991874 0.001955408 -0.1310112 0.991379 -0.03523512 -0.1174503 0.9924536 -0.02738588 -0.1251916 0.9917545 0.7518417 -0.653946 -0.08419449 0.9214506 -0.3854053 -0.04890563 0.7518423 -0.6539458 -0.08419153 0.9214504 -0.3854051 -0.04890861 0.9999503 -0.009784253 -0.001958015 0.9999503 -0.0097843 -0.001958015 0.9508506 0.3071677 0.03913045 0.9508506 0.3071677 0.03913045 0.7314503 0.6766896 0.08409326 0.7314498 0.6766894 0.08409915 0.3877334 0.9145024 0.1155347 0.3877334 0.9145024 0.1155347 0 0.9921271 0.1252354 0 0.9921267 0.1252384 -0.3877332 0.9145025 0.1155347 -0.3877332 0.9145025 0.1155347 -0.7063146 0.7024015 0.08804499 -0.706315 0.7024016 0.08804206 -0.9255511 0.3756994 0.04695954 -0.925551 0.3756994 0.04696252 -0.999843 0.01760975 0.001960995 -0.999843 0.01760975 0.001960995 -0.9570701 -0.2877082 -0.03522634 -0.9570701 -0.2877082 -0.03522931 -0.7555796 -0.6498771 -0.08221564 -0.7546192 -0.6510059 -0.08210542 -0.457676 -0.8821017 -0.1114875 -0.4537899 -0.8841068 -0.1114905 -0.5689552 -0.8153074 -0.1075357 -0.5676315 -0.8162142 -0.107652 -0.4675445 -0.8764018 -0.1154213 -0.4660144 -0.8772026 -0.1155257 -0.1877968 -0.9741962 -0.1251966 -0.1877969 -0.9741966 -0.1251937 0.2503991 -0.9605159 -0.1212836 0.250399 -0.9605154 -0.1212865 0.484715 -0.867797 -0.1094519 0.4847151 -0.8677969 -0.109452 0.4340327 -0.893482 -0.1153499 0.4363783 -0.8923253 -0.1154542 0.06462596 -0.9889841 -0.1331687 0.05476066 -0.9896034 -0.1329899 -0.2173901 -0.9674885 -0.1292587 -0.2113804 -0.9688299 -0.1291782 -0.4461804 -0.8884473 -0.1076311 -0.4321544 -0.895596 -0.1055956 -0.4461797 -0.8884478 -0.1076311 0.1955356 0.8896872 -0.4125803 0.1016688 0.9052474 -0.4125417 0.174304 0.9537745 -0.2448111 0.08416211 0.968848 -0.232917 0.1388779 0.989751 -0.03325637 0 0.9109678 -0.4124777 0.06650046 0.9975103 -0.02347228 0.07825275 0.9644633 0.2523632 0.03522227 0.9588329 0.2817781 0 0.9743578 -0.2250044 0 0.9998775 -0.01565219 0 0.9553126 0.2955975 -0.03522227 0.9588329 0.2817781 -0.06650046 0.9975104 -0.02346931 -0.07825312 0.9644633 0.2523632 -0.1388779 0.989751 -0.03325637 -0.08416211 0.968848 -0.232917 -0.1743042 0.9537751 -0.2448083 -0.1016688 0.9052474 -0.4125417 -0.1955356 0.8896872 -0.4125803 0.8729103 -0.2015915 0.4442843 0.8569204 0.1134733 0.5028035 0.3385144 -0.1800199 -0.9235805 0.3560915 0.2582638 -0.8980527 0.8758287 -0.430095 0.2189576 0.04890859 -0.1819413 -0.9820923 0.3973111 0.6380467 -0.6595759 0.8721036 -0.4888482 -0.02150837 0.08410662 0.316867 -0.9447336 0.1408785 -0.1956652 -0.970499 0.4384235 0.863146 -0.2505273 0.8655405 -0.434729 -0.2486976 0.1467762 0.3326931 -0.9315428 0.8294842 -0.1271615 -0.543862 0.7847047 0.2935306 -0.5459656 0.1154228 0.7394919 -0.6631964 0.12324 0.7570472 -0.6416318 0.6006532 0.6750001 -0.4284745 0.1291126 0.9624811 -0.238663 0.1174063 0.9686006 -0.2191545 0.4576729 0.8664499 -0.1994998 0.3461564 0.8898364 0.2972658 0.1134559 0.9467732 0.3012447 0.07436895 0.5225391 0.8493658 0.111538 0.9529721 0.2817866 0.00979601 0.5387493 0.8424093 -0.03714854 -0.01955221 0.9991185 0.4286407 0.8729365 0.232914 0.01565067 0.5809815 0.8137664 -0.0841783 -0.005872907 0.9964334 -0.04495087 -0.5277056 0.8482372 0.3269961 0.5345539 0.7793111 0.8709326 -0.2368156 -0.430575 -0.08610626 0.0195696 0.9960938 0.2526499 -0.009792622 0.9675083 0.8429375 -0.01369042 -0.5378373 -0.1311481 -0.5422064 0.8299472 -0.1409456 -0.5305026 0.8358836 0.07825042 -0.7942478 0.6025341 0.2054926 -0.5460185 0.8121802 0.8390552 0.2425233 -0.487 -0.1584946 -0.8531439 0.4970161 0.1938326 -0.8888966 0.4150804 0.8434941 0.4364258 -0.3131302 0.849981 0.5209561 -0.0783413 0.2502963 -0.9581633 -0.1388341 0.8913859 0.389859 0.2311736 -0.1546605 -0.8085451 0.5677456 -0.1368732 -0.9737546 0.1818449 0.1839845 -0.9590603 0.2152978 -0.1036779 -0.9859372 -0.1310677 -0.04303012 -0.9857962 -0.1623394 0.5537352 -0.8315796 0.04304343 0.7551799 -0.579102 -0.3071551 0.2641825 -0.6829626 -0.6810064 -0.01566115 -0.7282273 -0.6851568 0.3385144 -0.1800199 -0.9235805 0.8569204 0.1134733 0.5028035 0.04890859 -0.1819413 -0.9820923 0.04893995 -0.7810787 -0.6225118 0.1408785 -0.1956652 -0.9704991 0.8294842 -0.1271615 -0.543862 -0.3385144 -0.1800199 -0.9235805 -0.8569204 0.1134733 0.5028035 -0.8729107 -0.2015913 0.4442837 -0.3560916 0.2582636 -0.8980528 -0.875829 -0.4300944 0.2189576 -0.0489071 -0.1819413 -0.9820924 -0.3973098 0.638047 -0.6595762 -0.8721035 -0.4888485 -0.02150836 -0.08410649 0.3168666 -0.9447336 -0.1408788 -0.1956655 -0.970499 -0.4384222 0.8631465 -0.2505274 -0.8655405 -0.434729 -0.2486976 -0.1467776 0.3326931 -0.9315427 -0.8294842 -0.1271614 -0.543862 -0.7847053 0.2935302 -0.5459649 -0.1154228 0.7394919 -0.6631964 -0.1232401 0.7570469 -0.6416322 -0.6006527 0.6749991 -0.4284771 -0.1291126 0.9624811 -0.238663 -0.1174063 0.9686006 -0.2191545 -0.4576715 0.86645 -0.1995028 -0.3461564 0.8898364 0.2972658 -0.113456 0.9467731 0.3012449 -0.07436877 0.5225372 0.8493669 -0.1115395 0.9529718 0.2817865 -0.0097975 0.5387493 0.8424093 0.03714865 -0.01955226 0.9991185 -0.4286395 0.8729371 0.2329142 -0.01564918 0.5809815 0.8137664 0.0841783 -0.005872907 0.9964334 0.04495236 -0.5277053 0.8482373 -0.3269961 0.5345539 0.7793111 -0.8709326 -0.2368156 -0.430575 0.08610626 0.0195696 0.9960938 0.1311496 -0.5422063 0.8299471 -0.07824894 -0.794248 0.6025342 -0.2526485 -0.009792631 0.9675086 -0.8429375 -0.01369042 -0.5378373 0.1409457 -0.5305023 0.8358838 -0.2054912 -0.5460186 0.8121805 -0.8390545 0.2425239 -0.4870006 0.1584962 -0.8531436 0.4970162 -0.1938342 -0.8888962 0.4150805 -0.8434941 0.4364255 -0.3131302 -0.8499808 0.5209562 -0.07834142 -0.2502949 -0.9581637 -0.1388342 -0.8913859 0.389859 0.2311736 0.1546605 -0.8085451 0.5677456 0.1368732 -0.9737546 0.1818449 -0.1839832 -0.9590604 0.215298 0.1036793 -0.9859371 -0.1310677 0.0430301 -0.9857957 -0.1623423 -0.5537341 -0.8315802 0.04304643 -0.7551796 -0.579101 -0.3071579 -0.2641826 -0.6829624 -0.6810066 0.01566112 -0.7282258 -0.6851584 -0.3385144 -0.1800199 -0.9235805 -0.8569204 0.1134733 0.5028035 -0.0489071 -0.1819413 -0.9820924 -0.04893994 -0.7810788 -0.6225117 -0.1408788 -0.1956655 -0.970499 -0.8294842 -0.1271614 -0.543862 -0.279755 0.6847153 -0.67298 0.01370924 0.1331775 -0.9909974 -0.275764 0.6708308 -0.6884331 0.0215145 0.02542624 -0.9994453 0.2953981 -0.4636388 -0.8353316 -0.2444941 0.6748034 -0.6963211 0.2310517 -0.4875584 -0.8419632 0.05868054 -0.1799537 -0.9819232 -0.08221592 0.7007892 -0.7086149 0.4479387 -0.8724046 -0.1956046 -0.1077443 -0.3447826 -0.9324785 0.4342202 -0.8801766 -0.1916825 0.2387751 -0.9570577 -0.1643987 0.2329454 -0.7321143 0.6401135 0.3053936 -0.7067119 0.6381952 -0.541963 -0.1076098 -0.8334844 -0.3287977 0.7691506 -0.5479959 -0.4757554 0.8751543 0.08810165 0.01957634 -0.2818993 0.9592444 0.01956595 -0.1760957 0.9841787 -0.7952908 -0.5954877 -0.1136095 -0.3801932 0.5957661 0.7074715 -0.272123 0.4404867 0.8555236 -0.2700755 0.4188129 0.8669804 -0.2445838 0.42264 0.8726708 0.05286054 -0.4737863 0.8790519 -0.1037585 0.4385249 0.8927095 -0.1410425 -0.6151004 0.775731 -0.1329727 -0.9777397 -0.1623064 -0.6091594 -0.3349393 0.7188467 -0.2132613 0.7297835 0.6495659 -0.2054033 0.7179325 0.6651184 -0.5440069 0.6144531 0.5714052 -0.4878288 0.8267618 0.280157 -0.7810592 0.4521918 0.4306611 -0.00195685 0.7749134 0.6320644 -0.5638329 0.8202985 -0.09593069 -0.8031991 -0.4153131 -0.4270671 0 0.999931 0.0117451 0.4870393 0.8273796 0.2797067 0.2132613 0.7297835 0.6495659 0.5440069 0.6144531 0.5714052 0.2054033 0.7179325 0.6651184 0.780328 0.45568 0.4283036 0.5594513 0.8235275 -0.09389817 0.7846609 -0.4441844 -0.4324437 -0.001957054 0.9080734 -0.4188066 0.7257004 0.2855856 -0.6259391 -0.2232058 -0.6989872 -0.6794086 0.4344846 0.5382125 -0.7221844 -0.2328661 0.2446065 -0.9412444 -0.3502096 -0.6710729 -0.6534634 -0.3540918 0.2328006 -0.905772 0.6616657 0.7066901 -0.2505748 -0.2329257 0.9336601 -0.2720742 -0.3559105 0.897598 -0.260088 -0.3519248 0.6706126 0.6530143 -0.2250656 0.6986819 0.6791092 0.4343694 0.6437275 0.6300303 0.872532 0.3560546 0.3345343 0.8337957 0.5519482 0.0117451 0.4538868 0.774737 -0.4401925 0.552012 0.7575477 -0.3484313 0 0.8179433 -0.575299 0 0.586775 -0.80975 0 0.8259798 -0.5636997 -0.4465706 0.7775811 -0.4426538 -0.5481464 0.7576162 -0.3543351 -0.8396832 0.5421728 0.03131926 -0.4242293 0.5395724 -0.727249 -0.6570311 0.7117838 -0.2483427 -0.8607289 0.3560289 0.3638535 -0.7261037 0.2837865 -0.6262896 -0.4047377 0.6686965 0.6237246 0.2231455 0.2525057 -0.9415131 0.2481841 -0.691789 -0.6781097 0.2053582 0.940735 -0.269899 0.2095467 0.7030578 0.6795586 0.3462993 0.228909 -0.9097679 0.3639755 -0.6712021 -0.6457628 0.3308728 0.9064736 -0.2623527 0.3324523 0.6727273 0.6609942 -0.2054033 0.7179325 0.6651184 -0.2191999 0.694785 0.6850002 -0.5440069 0.6144531 0.5714052 -0.4839984 0.3468335 0.8034004 0 0.6952581 0.7187602 -0.7810593 0.4521918 0.4306611 0 0.1153662 0.993323 -0.5671882 -0.01760275 0.8234001 0.4836684 0.3485542 0.8028542 0.2191999 0.694785 0.6850002 0.2054033 0.7179325 0.6651184 0.5440069 0.6144531 0.5714052 0.780328 0.45568 0.4283036 0.5649275 -0.01954738 0.824909 0.7846609 -0.4441844 -0.4324437 0 -0.3191628 0.9476999 0.6765504 -0.6530863 0.3402321 -0.2232058 -0.6989872 -0.6794086 0.4107945 -0.6944389 0.5907643 -0.4241887 -0.6900399 0.5864375 -0.2307733 -0.934828 0.2698896 -0.3502096 -0.6710729 -0.6534634 -0.3520459 -0.8996729 0.2581713 0.6026068 -0.2797817 0.7473869 -0.2307903 -0.2483927 0.9407641 -0.353929 -0.2346492 0.9053584 -0.3519248 0.6706126 0.6530143 -0.2250656 0.6986819 0.6791092 0.4343694 0.6437275 0.6300303 0.872532 0.3560546 0.3345343 0.8323115 -0.00979155 0.5542217 0.4226004 -0.4734697 0.7728102 0.5279891 -0.4478128 0.7215894 0.001956027 -0.6689616 0.7432944 0.001957543 -0.7810606 0.6244521 0.00195464 -0.5981199 0.8014044 -0.4361034 -0.4713054 0.7666062 -0.538262 -0.4501829 0.7124671 -0.8352889 -0.01173765 0.5496861 -0.7021226 -0.6317148 0.3285733 -0.8031991 -0.4153131 -0.4270671 0.2481841 -0.691789 -0.6781097 -0.6188321 -0.2682917 0.7382861 -0.8607289 0.3560289 0.3638535 -0.4047377 0.6686965 0.6237247 0.2095467 0.7030578 0.6795586 0.2581685 -0.9270597 0.2718624 0.3639755 -0.6712021 -0.6457628 0.3717657 -0.8922371 0.2563267 0.355771 -0.2404391 0.9031147 0.2428759 -0.2389587 0.9401649 0.3324524 0.6727274 0.6609942 -0.4581199 0.2192706 -0.8614213 0.3581434 0.06262659 -0.9315639 0.3739074 0.307348 -0.8750603 -0.4895558 0.03133158 -0.8714089 0.3093943 0.5639598 -0.7656531 -0.8545625 -0.3461272 0.3871934 -0.8597639 0.1155488 0.4974482 -0.845866 0.08419501 0.5267085 -0.3663124 -0.1900122 -0.9108845 -0.8286652 -0.3878857 0.4035576 -0.9274722 0.1408818 0.3463347 -0.6522772 -0.7267107 0.2154669 -0.8999907 -0.3482575 0.2621709 -0.9767168 0.1526733 0.1507157 -0.6365823 -0.7286417 0.2526742 -0.4422657 -0.8904025 0.1076311 -0.2467668 -0.2781017 -0.9283134 0.2448919 0.6504332 -0.7190025 -0.4230119 -0.8910663 0.1645045 -0.1563736 -0.357704 -0.9206493 0.142834 0.7219963 -0.6769933 -0.2307349 -0.9698681 0.07821476 5.3076e-15 0.746978 -0.6648487 -0.7046639 -0.6929202 0.1526774 -2.86256e-15 -0.4028693 -0.9152576 -0.9416361 -0.313226 0.1233324 -0.9959946 0.0821844 -0.03522188 0.1563736 -0.357704 -0.9206493 -0.142834 0.7219963 -0.6769933 -0.2448919 0.6504332 -0.7190025 -7.07903e-15 -0.9962846 0.08612279 0.2467668 -0.2781017 -0.9283134 -0.3093943 0.5639598 -0.7656531 0.228917 -0.9704507 0.07630593 -0.2113809 -0.9688299 0.1291771 0.3663124 -0.1900122 -0.9108845 -0.438905 -0.8954432 0.07445706 0.4423583 -0.8905883 0.1056962 0.4895558 0.03133158 -0.8714089 -0.3739074 0.307348 -0.8750603 -0.3581434 0.06262659 -0.9315639 0.4596651 0.2190739 -0.8606479 0.6561757 -0.7208139 0.2232954 0.8516862 -0.3504641 0.3896222 0.8626371 0.1134537 0.4929356 0.8474294 0.08219874 0.5245063 0.8298725 -0.3836208 0.4051502 0.9270961 0.1388687 0.3481498 0.6415559 -0.7237059 0.2542748 0.9002919 -0.3503319 0.2583451 0.9767168 0.1526733 0.1507157 0.4224093 -0.8917536 0.1623149 0.7085363 -0.6889622 0.152668 0.9416361 -0.313226 0.1233324 0.9959946 0.0821844 -0.03522188 0.2113809 -0.9688299 0.1291771 0.4380718 -0.8956985 0.07627124 0.769627 -0.6364602 0.05091662 0.955811 -0.2898759 -0.04896364 0.9817935 -0.05476135 -0.1818864 0.4320739 -0.9012955 -0.03128125 0.9459883 -0.2859506 -0.1527695 0.2016089 -0.9786835 0.03914721 0.822196 -0.5637928 -0.07830411 0.4342508 -0.8958853 -0.09389229 0.2092262 -0.975736 -0.06452802 -6.62982e-15 -0.9913809 0.1310107 -4.95713e-15 -0.9994472 0.0332499 -0.2016089 -0.9786835 0.03914721 -2.13931e-15 -0.9970889 -0.0762477 -0.2092262 -0.975736 -0.06452802 -0.4320739 -0.9012955 -0.03128125 -0.769627 -0.6364602 0.05091662 -0.4342508 -0.8958853 -0.09389229 -0.955811 -0.2898759 -0.04896364 -0.9817933 -0.05476134 -0.1818879 -0.822196 -0.5637928 -0.07830411 -0.9459883 -0.2859506 -0.1527695 -0.9367678 -0.3089967 -0.1642782 -0.8294842 -0.1271614 -0.543862 -0.7551796 -0.579101 -0.3071579 -0.8083479 -0.5617324 -0.176154 -0.8435953 -0.5186853 -0.1389696 -0.8454531 -0.530365 -0.0626266 -0.4425375 -0.8772436 -0.1860218 -0.4581218 -0.8731734 -0.1664116 -0.4777742 -0.8772249 -0.04699228 -0.1506675 -0.9822728 -0.1115322 -0.1703733 -0.9752398 -0.1409978 -0.2152204 -0.9724092 -0.09000284 0 -0.9935451 -0.113438 -4.99696e-16 -0.9962846 -0.08612279 0.2152204 -0.9724092 -0.09000284 0 -0.9959413 -0.09000599 0.1703733 -0.9752398 -0.1409978 0.4425375 -0.8772436 -0.1860218 0.1506675 -0.9822728 -0.1115322 0.8083479 -0.5617329 -0.1761526 0.4581218 -0.8731734 -0.1664116 0.8435958 -0.5186848 -0.1389682 0.9367678 -0.3089967 -0.1642782 0.8294842 -0.1271615 -0.543862 0.75518 -0.579102 -0.3071551 0.4777742 -0.8772249 -0.04699228 0.8454531 -0.530365 -0.0626266 0.8205608 -0.5620555 0.1037955 0.5537352 -0.8315796 0.04304343 0.4970914 -0.8434896 0.2035319 0.1623564 -0.9858767 0.04107944 0.6299106 -0.6651229 0.4010289 0.1839845 -0.9590603 0.2152978 0.07825042 -0.7942478 0.6025341 0.4598112 -0.768961 0.4441538 0.1605149 -0.9102372 0.381711 0 -0.9980374 0.06262059 0.1369905 -0.7769319 0.6145003 -0.1623564 -0.9858767 0.04107944 0 -0.9080743 0.4188092 -0.1605149 -0.9102372 0.381711 -0.4970914 -0.8434896 0.2035319 -0.1369905 -0.7769319 0.6145003 -0.8205608 -0.5620555 0.1037955 -0.5537341 -0.8315802 0.04304644 -0.4598118 -0.7689608 0.4441537 -0.6299106 -0.6651229 0.4010289 -0.1839832 -0.9590605 0.215298 -0.07824894 -0.794248 0.6025342 -0.2442981 -0.6547198 0.7153043 -0.1525713 -0.6259297 0.7648098 0.04495236 -0.5277053 0.8482373 -0.2269217 -0.6338145 0.7394497 -0.1819537 -0.4891209 0.8530262 -0.007822378 -0.07235675 0.9973482 0.03714865 -0.01955226 0.9991184 -0.5518293 -0.08414411 0.8297012 -0.1155239 -0.6422338 0.7577533 -0.1545554 -0.6827831 0.7140867 -0.09782672 -0.7454421 0.6593528 0 -0.7669383 0.641721 0 -0.657535 0.753424 0 -0.8377276 0.5460883 0.09782701 -0.7454414 0.6593535 0.1153782 -0.6433792 0.7568032 0.1545554 -0.6827831 0.7140867 0.2291061 -0.6344506 0.7382296 0.2446402 -0.6556358 0.714348 0.1525713 -0.6259297 0.7648098 0.184021 -0.4874568 0.8535351 -0.04495087 -0.5277056 0.8482372 0.007823145 -0.07235692 0.9973482 0.5306565 -0.07832576 0.8439602 -0.03714854 -0.01955221 0.9991185 0.9817936 -0.05476136 -0.1818864 0.7847047 0.2935306 -0.5459656 0.8294842 -0.1271615 -0.543862 0.935693 0.2172844 -0.2779677 0.9959946 0.0821844 -0.03522188 0.7260201 0.5733793 -0.3796457 0.6006532 0.6750001 -0.4284745 0.7941759 0.5946533 -0.1251891 0.7694735 0.6285019 0.1135611 0.9767168 0.1526733 0.1507157 0.5339124 0.7705526 -0.348118 0.4576729 0.8664498 -0.1994998 0.7181939 0.5753382 0.3913867 0.9270961 0.1388687 0.3481498 0.8474294 0.08219874 0.5245063 0.653657 0.4775213 0.5871166 0.8626371 0.1134537 0.4929356 0.4325636 0.8044519 0.4071191 0.4598757 0.8845265 0.07827652 0.4522921 0.8673847 -0.2075464 0.1917928 0.8982937 0.3953277 0.3994067 0.8164331 -0.4170265 0.2193512 0.9733711 0.06658812 0.1723524 0.8950596 -0.4112943 0.2154721 0.9519951 -0.2174331 0.3167998 0.8897778 -0.3285322 1.91887e-15 0.9980373 0.06262216 4.89126e-16 0.9752098 -0.2212823 3.67994e-15 0.9235395 0.3835033 -0.2154721 0.9519951 -0.2174331 -0.2193512 0.9733711 0.06658812 4.76702e-15 0.8386226 0.544713 -0.1917928 0.8982937 0.3953277 -0.4522921 0.8673847 -0.2075464 0.1526189 0.8159267 0.5576479 -0.1723524 0.8950596 -0.4112943 0 0.9159779 -0.4012289 0.3721512 0.7168798 0.589565 0 0.9504296 -0.3109401 0.6617932 0.5071132 0.5521467 0.3855714 0.743741 0.5460622 0.3682256 0.3721416 -0.8520097 0.4596651 0.2190739 -0.8606479 -0.3581434 0.06262659 -0.9315639 -0.2700627 -0.1369886 -0.9530479 -0.1408629 -0.2758555 -0.9508215 0.2249868 0.5047532 -0.8334298 -0.05672612 -0.3227517 -0.9447822 0.1546386 0.8456199 0.5108952 0.1016945 0.5436749 -0.8331122 -2.36338e-15 -0.3326156 -0.9430625 6.17351e-15 0.8688447 0.4950849 3.9478e-15 0.5556032 -0.8314475 -0.1016945 0.5436749 -0.8331122 0.05672612 -0.3227517 -0.9447822 -0.1526189 0.8159267 0.5576479 -0.1546386 0.8456199 0.5108952 -0.2249868 0.5047532 -0.8334298 0.1408629 -0.2758555 -0.9508215 -0.3756102 0.7140502 0.590804 -0.3676115 0.3715223 -0.852545 0.2700627 -0.1369886 -0.9530479 0.3581434 0.06262659 -0.9315639 -0.4581199 0.2192706 -0.8614213 -0.8597639 0.1155488 0.4974482 -0.3875293 0.7398278 0.5499781 -0.6580842 0.5053145 0.5581958 -0.6536577 0.4775211 0.5871159 -0.845866 0.08419502 0.5267085 -0.9274722 0.1408818 0.3463347 -0.4367702 0.8030296 0.405432 -0.7199672 0.5771484 0.385418 -0.9767168 0.1526733 0.1507157 -0.4598757 0.8845265 0.07827652 -0.7694735 0.6285019 0.1135611 -0.9959946 0.0821844 -0.03522188 -0.7941759 0.5946533 -0.1251891 -0.9356926 0.2172845 -0.2779693 -0.9817933 -0.05476134 -0.1818879 -0.7260206 0.5733798 -0.3796445 -0.7847052 0.2935302 -0.5459649 -0.8294842 -0.1271614 -0.543862 -0.6006527 0.6749991 -0.4284771 -0.3994067 0.8164331 -0.4170265 -0.5339122 0.7705518 -0.3481203 -0.4576715 0.86645 -0.1995028 -0.3168003 0.8897778 -0.328532 -0.129268 0.9401348 -0.3153355 -0.211417 0.9768295 0.0332743 -0.06846999 0.9918339 0.1075981 -0.4659435 0.8809854 -0.08222757 -0.3461564 0.8898364 0.2972658 -0.1896783 0.8936388 0.4067331 -0.3442422 0.8175732 0.4615963 -0.07436877 0.5225372 0.8493669 -0.05679532 0.9498574 0.307482 -0.2919121 0.6994112 0.652389 -0.3757745 0.6262878 0.6830499 0 0.9905664 0.137034 0 0.9484887 0.3168111 0.0567955 0.9498574 0.307482 -0.1037579 0.4385225 0.8927106 -0.5500445 0.2309804 0.8025579 0.03714865 -0.01955226 0.9991184 -0.5518293 -0.08414412 0.8297014 -0.007822377 -0.07235675 0.9973482 0.06847001 0.9918343 0.1075952 0.1896777 0.8936402 0.4067304 0.2919114 0.6994102 0.6523904 0.129268 0.9401348 -0.3153355 0.2114177 0.9768292 0.03327727 0.465944 0.8809855 -0.08222453 0.3461564 0.8898364 0.2972658 0.3442411 0.8175724 0.4615988 0.07436895 0.5225391 0.8493658 0.3757744 0.6262897 0.6830482 0.1037592 0.4385245 0.8927096 -0.03714854 -0.01955221 0.9991185 0.5323133 0.2250589 0.8160828 0.007823145 -0.07235692 0.9973481 0.5306565 -0.07832576 0.8439602 -0.7805766 0.03521396 0.6240674 -0.767257 0.154626 0.6224208 0.50261 -0.1642773 0.8487616 0.4402256 -0.3873984 0.8100148 -0.7499751 0.2388957 0.6168193 0.184021 -0.4874568 0.8535351 0.5306565 -0.07832576 0.8439602 0.4615503 -0.602361 0.6512547 -0.7238825 0.2856402 0.6280158 0.2291061 -0.6344506 0.7382296 0.3266892 -0.6494672 0.6866341 -0.5634032 0.4792835 0.6729518 0.334375 -0.768477 0.5455607 0.1545554 -0.6827831 0.7140867 -0.405585 0.5976015 0.6916453 0.2171376 -0.8196442 0.530127 -0.2170269 0.6804093 0.699959 0.1388365 -0.8623507 0.4869042 0.09782701 -0.7454414 0.6593535 0 0.7100347 0.7041667 0 -0.8752615 0.48365 0 -0.8377276 0.5460883 -0.09782672 -0.7454421 0.6593528 -0.1409908 -0.8616116 0.4875931 0.2173161 0.6793579 0.7008898 -0.1545554 -0.6827831 0.7140867 -0.2172594 -0.8181484 0.5323829 0.3975945 0.6032472 0.6913838 -0.3384091 -0.7707127 0.53989 -0.2269217 -0.6338145 0.7394497 0.566898 0.4730666 0.6744143 -0.3343688 -0.6374519 0.6941561 0.7265064 0.2819863 0.6266357 -0.4466798 -0.5994911 0.6641443 -0.1819537 -0.4891209 0.8530262 0.7496218 0.2407399 0.6165318 -0.4360848 -0.4008844 0.8056809 0.7634326 0.1722617 0.6224923 -0.5206604 -0.1742058 0.8358021 -0.5518293 -0.08414411 0.8297013 0.7768889 0.04305175 0.6281641 -0.4949408 0.1936722 0.8470683 -0.5500445 0.2309804 0.8025578 0.7620946 -0.03526397 0.6465047 -0.4304685 0.616352 0.6593991 -0.3757745 0.6262878 0.6830499 0.7083957 -0.1624222 0.6868731 -0.2855536 0.76669 0.5750179 -0.2919121 0.6994112 0.652389 0.5384409 -0.3563502 0.7636072 -0.05679532 0.9498574 0.307482 -0.06657702 0.8498346 0.5228276 0.2250986 -0.5637252 0.7946978 0 0.9484887 0.3168111 0 0.8476683 0.5305266 0 -0.624457 0.7810593 -0.2250984 -0.5637252 0.7946979 0.06657731 0.849836 0.5228254 0.0567955 0.9498574 0.307482 -0.5384409 -0.3563502 0.7636072 0.2855532 0.7666901 0.5750179 0.2919114 0.6994102 0.6523904 -0.712383 -0.1526532 0.6849872 0.3757744 0.6262897 0.6830482 0.4320208 0.6138238 0.6607408 -0.7666489 -0.02738085 0.6414824 0.5323133 0.2250589 0.8160828 0.4756609 0.1879157 0.8593221 -0.7805766 0.03521396 0.6240674 0.5306565 -0.07832576 0.8439602 0.50261 -0.1642773 0.8487616 0 0.2388475 -0.9710571 0 0.8179432 -0.575299 -0.5481464 0.7576162 -0.3543351 -0.5475908 0.2112139 -0.8096499 0 0.4620308 -0.8868639 -0.9804069 0.04500899 -0.1917721 -0.8396832 0.5421728 0.03131926 -0.9743863 0.09978636 -0.2015292 -0.999755 -0.01565218 -0.01565516 -0.8607289 0.3560289 0.3638535 -0.8352889 -0.01173765 0.5496861 -0.9811581 -0.1899645 0.03524721 -0.538262 -0.4501829 0.7124671 -0.5403372 0.3856752 -0.7478572 -0.97075 0.209415 -0.1174301 -0.5418179 0.7354636 -0.40685 0 0.876548 -0.4813146 0 0.9910906 0.1331896 -0.54161 0.832945 0.1134068 -0.9729719 0.2290487 0.02936423 -0.9729064 0.1605205 0.1663923 -0.5421612 0.5813059 0.6067493 0 0.6912656 0.7226008 0 0.09388632 0.9955829 -0.5438492 0.08020818 0.8353411 -0.9727275 0.02152919 0.2309501 -0.9710845 -0.1213863 0.2055734 -0.5455644 -0.4262843 0.7215547 0 -0.5072777 0.8617827 0 -0.8856395 0.4643735 -0.54169 -0.745069 0.3891582 -0.975148 -0.1977711 0.09986458 -0.5423321 -0.8223089 0.1722903 0 -0.9818386 0.1897185 0.001956027 -0.6689616 0.7432944 0.552012 0.7575477 -0.3484313 0 0.8179432 -0.575299 0 0.2388475 -0.9710571 0.5496293 0.2053774 -0.8097703 0 0.4620308 -0.8868639 0.9774838 0.04887431 -0.2052724 0.8337957 0.5519482 0.0117451 0.9745538 0.09393316 -0.203523 0.9998085 -0.01173913 -0.01565516 0.872532 0.3560546 0.3345343 0.8323115 -0.00979155 0.5542217 0.9796018 -0.1974851 0.03714859 0.5279891 -0.4478128 0.7215894 0.5421291 0.3835996 -0.7476279 0.97075 0.209415 -0.1174301 0.5418179 0.7354636 -0.40685 0 0.876548 -0.4813146 0 0.9910906 0.1331896 0.54161 0.832945 0.1134068 0.9729719 0.2290487 0.02936423 0.9729064 0.1605205 0.1663923 0.5421612 0.5813059 0.6067493 0 0.6912656 0.7226008 0 0.09388632 0.9955829 0.5438492 0.08020818 0.8353411 0.9727275 0.02152919 0.2309501 0.9710845 -0.1213863 0.2055734 0.5455644 -0.4262843 0.7215547 0 -0.5072777 0.8617827 0 -0.8856395 0.4643735 0.545649 -0.7431778 0.3872388 0.9747599 -0.2016068 0.0959069 0.5440743 -0.8219826 0.1683087 0 -0.9818386 0.1897185 0.001956027 -0.6689616 0.7432944 -0.2014342 0.9719684 0.1212508 0.1506338 0.9644473 -0.2171431 -0.5052611 0.8303514 -0.2350062 -0.5051179 0.7478873 0.4307212 0.1507575 0.8810503 0.4483553 -0.561266 0.8213646 0.1016885 -0.2172463 0.9511866 -0.2191992 -0.7715747 0.5777024 -0.2663314 -0.77142 0.4953539 0.3994192 -0.2170878 0.8683513 0.4459137 -0.8336914 0.5479661 0.06849763 -0.547924 0.8023175 -0.2367825 -0.9187866 0.2482678 -0.3069107 -0.9191953 0.1642816 0.3578991 -0.5484785 0.7188989 0.4270314 -0.9783836 0.2054608 0.02348423 -0.7913052 0.5484297 -0.2702981 -0.9302498 -0.101838 -0.3525117 -0.9313639 -0.1858815 0.3130643 -0.7926421 0.4657993 0.3933822 0.2014341 0.9719684 0.1212507 0.5052611 0.8303514 -0.2350062 -0.1506336 0.9644474 -0.2171428 -0.1507575 0.8810503 0.4483553 0.5065745 0.7471485 0.4302922 0.5621688 0.8207268 0.1018526 0.7715749 0.5777022 -0.2663314 0.2172461 0.9511867 -0.2191991 0.2189509 0.8679826 0.4457208 0.7729586 0.4931279 0.3991991 0.9909689 -0.1331736 -0.01566708 0.8280089 -0.405196 -0.3875791 0.9176758 0.2543665 -0.3052358 0.9170357 0.1720662 0.3597761 0.8278323 -0.4873055 0.2778979 0.9919728 0.1252195 0.01761318 0.9164252 -0.1781937 -0.3583459 0.8318604 0.4815002 -0.2759815 0.8318356 0.3973241 0.3875348 0.9155096 -0.2621331 0.3051699 0.8688179 0.4911559 0.06262062 0.9307919 0.1857675 -0.3148287 0.5988363 0.7632226 -0.2426654 0.5993071 0.6796067 0.4230434 0.9311504 0.1017224 0.3501594 -0.272123 0.4404867 0.8555236 -0.4404041 0.8847231 0.1526743 -0.4440494 0.8822304 0.156492 -0.279755 0.6847153 -0.67298 -0.2700755 0.4188129 0.8669804 -0.275764 0.6708308 -0.6884331 -0.4107854 0.897859 0.158444 -0.2445838 0.42264 0.8726708 -0.2444941 0.6748034 -0.6963211 -0.09593738 0.9789535 0.1801281 -0.1037585 0.4385249 0.8927095 -0.08221592 0.7007892 -0.7086149 -0.3801931 0.5957661 0.7074715 -0.3287977 0.7691506 -0.5479959 -0.4757554 0.8751543 0.08810164 -0.9999982 -0.001958013 0 -0.9999982 -0.001958013 0 -0.9999982 -0.001958013 0 -0.9999982 -0.001958013 0 -0.9999982 -0.001958013 0 -0.9999982 -0.001958013 0 -0.9999982 -0.001957268 0 0.9999982 0.001956522 0 0.9999982 0.001956522 0 0.9999982 0.001956522 0 0.9999982 0.001956522 0 0.9999982 0.001956522 0 0.9999982 0.001956522 0 0.9999982 0.001956522 0 0.0508677 -0.9860521 -0.1584738 0.05086772 -0.9860526 -0.1584709 0.05086772 -0.9860526 -0.1584709 0.05086732 -0.9860521 -0.1584738 0.05086767 -0.9860521 -0.1584737 0.05086732 -0.9860521 -0.1584738 0.0508677 -0.9860521 -0.1584738 0.05086732 -0.9860521 -0.1584738 0.0508677 -0.9860521 -0.1584738 0.05086732 -0.9860521 -0.1584738 0.05086777 -0.9860521 -0.1584737 0.05086734 -0.9860525 -0.1584708 0.0508677 -0.9860521 -0.1584738 0.05086734 -0.9860525 -0.1584708 0.05086772 -0.9860526 -0.1584709 0.05086734 -0.9860525 -0.1584708 0.05086772 -0.9860526 -0.1584709 0.05086732 -0.9860521 -0.1584738 0.05086772 -0.9860526 -0.1584709 0.0508673 -0.986052 -0.1584737 0.05086771 -0.986052 -0.1584738 0.05086732 -0.9860521 -0.1584738 0.05086773 -0.9860525 -0.1584709 0.05086773 -0.986052 -0.1584739 -0.05086769 0.9860516 0.1584767 -0.05086771 0.986052 0.1584738 -0.05086806 0.9860515 0.1584767 -0.05086771 0.986052 0.1584738 -0.05086771 0.986052 0.1584738 -0.0508677 0.9860521 0.1584738 -0.05086806 0.986052 0.1584737 -0.05086771 0.986052 0.1584738 -0.05086806 0.9860516 0.1584767 -0.05086769 0.9860521 0.1584738 -0.05086808 0.986052 0.1584738 -0.05086767 0.9860516 0.1584767 -0.05086808 0.986052 0.1584738 -0.05086769 0.9860516 0.1584767 -0.05086768 0.9860515 0.1584767 -0.05086769 0.9860516 0.1584767 -0.05086806 0.9860515 0.1584767 -0.05086771 0.986052 0.1584738 -0.05086806 0.9860516 0.1584767 -0.05086768 0.9860515 0.1584767 -0.05086808 0.986052 0.1584738 -0.0508679 0.986052 0.1584738 -0.05086804 0.9860516 0.1584767 -0.05086806 0.986052 0.1584737 0.001957267 -0.1507327 0.9885727 0.001957273 -0.1507335 0.9885726 0.001957267 -0.1507327 0.9885727 0.001957267 -0.1507327 0.9885727 0.001957273 -0.1507335 0.9885725 0.001957273 -0.1507335 0.9885725 0.001957261 -0.1507322 0.9885727 0.001957261 -0.1507322 0.9885727 0.001957261 -0.1507322 0.9885727 -0.001958012 0.1507327 -0.9885727 -0.001958013 0.1507327 -0.9885727 -0.001958012 0.150733 -0.9885726 -0.001958007 0.1507322 -0.9885727 -0.00195764 0.150733 -0.9885726 -0.001958012 0.1507327 -0.9885727 -0.00195764 0.150733 -0.9885726 -0.001957634 0.1507322 -0.9885727 -0.00195764 0.1507327 -0.9885727 -0.9999962 -0.001958012 -0.001955032 -0.9743863 0.09978636 -0.2015292 -0.9804069 0.04500899 -0.1917721 -0.999755 -0.01565218 -0.01565516 -0.97075 0.209415 -0.1174301 -0.9811581 -0.1899645 0.03524721 -0.9729719 0.2290487 0.02936423 -0.975148 -0.1977712 0.09986459 -0.9729064 0.1605205 0.1663923 -0.9710845 -0.1213863 0.2055734 -0.9727275 0.02152919 0.2309501 0.9745538 0.09393317 -0.203523 0.9999847 -0.003914535 -0.003910065 0.9774838 0.04887431 -0.2052724 0.9998085 -0.01173913 -0.01565516 0.97075 0.209415 -0.1174301 0.9796018 -0.1974851 0.03714859 0.9729719 0.2290487 0.02936423 0.9747598 -0.2016068 0.09590688 0.9729064 0.1605205 0.1663923 0.9710845 -0.1213863 0.2055734 0.9727275 0.02152919 0.2309501 0.9932184 0.03910308 -0.1094908 0.8434941 0.4364258 -0.3131302 0.8499808 0.520956 -0.07834129 0.8913859 0.389859 0.2311736 0.8390552 0.2425233 -0.4870001 0.8569204 0.1134733 0.5028035 0.8429375 -0.01369042 -0.5378373 0.8729104 -0.2015916 0.4442843 0.8709326 -0.2368156 -0.430575 0.8758287 -0.430095 0.2189575 0.8655405 -0.434729 -0.2486976 0.8721037 -0.4888482 -0.02150837 -0.9932187 0.03910321 -0.1094879 -0.8499808 0.5209562 -0.07834142 -0.8434941 0.4364255 -0.3131302 -0.8913859 0.389859 0.2311736 -0.8390546 0.2425239 -0.4870006 -0.8569204 0.1134733 0.5028035 -0.8429375 -0.01369042 -0.5378373 -0.8729107 -0.2015913 0.4442837 -0.8709326 -0.2368156 -0.430575 -0.875829 -0.4300944 0.2189576 -0.8655405 -0.434729 -0.2486976 -0.8721035 -0.4888485 -0.02150836 0 0.6689644 -0.7432945 0.0685467 0.6815499 -0.7285541 0.07622486 0.6586597 -0.7485701 0.05288137 0.6972484 -0.7148764 0.07046615 0.6302788 -0.7731643 0.03713881 0.707594 -0.7056426 0.04696959 0.6027759 -0.7965268 0.0176007 0.713809 -0.7001193 0 0.5889865 -0.8081429 0 0.7148988 -0.699228 -0.04696959 0.6027759 -0.7965268 -0.0176007 0.713809 -0.7001193 -0.07046615 0.6302788 -0.7731643 -0.03713881 0.707594 -0.7056426 -0.07622486 0.6586597 -0.7485701 -0.05288137 0.6972484 -0.7148764 -0.0685467 0.6815499 -0.7285541 0.02152505 -0.6790147 0.7338091 0 -0.6811996 0.7320979 0.02150255 -0.6861205 0.7271702 0.01956207 -0.672934 0.7394438 0.01759806 -0.6921802 0.7215102 0.01369096 -0.6689002 0.7432262 0.009792207 -0.6972135 0.7167966 0.007832955 -0.6657995 0.7460896 0 -0.6982487 0.7158552 0 -0.6648496 0.7469773 -0.009792207 -0.6972135 0.7167966 -0.007832955 -0.6657995 0.7460896 -0.01759806 -0.6921802 0.7215102 -0.01369096 -0.6689002 0.7432262 -0.02150255 -0.6861205 0.7271702 -0.01956207 -0.672934 0.7394438 -0.02152505 -0.6790147 0.7338091 1.2457e-15 0.2013772 -0.9795138 0.3739074 0.307348 -0.8750603 0.3581434 0.06262659 -0.9315639 0.2700627 -0.1369886 -0.9530479 0.3093943 0.5639598 -0.7656531 0.1408629 -0.2758555 -0.9508215 0.2448919 0.6504332 -0.7190025 0.05672612 -0.3227518 -0.9447823 0.142834 0.7219963 -0.6769933 -2.36338e-15 -0.3326156 -0.9430625 5.3076e-15 0.746978 -0.6648487 -0.05672612 -0.3227518 -0.9447823 -0.142834 0.7219963 -0.6769933 -0.1408629 -0.2758555 -0.9508215 -0.2448919 0.6504332 -0.7190025 -0.2700627 -0.1369886 -0.9530479 -0.3093943 0.5639598 -0.7656531 -0.3581434 0.06262659 -0.9315639 -0.3739074 0.307348 -0.8750603 0 -0.04301367 0.9990745 -0.5384409 -0.3563502 0.7636072 -0.2250984 -0.5637252 0.7946979 -0.712383 -0.1526532 0.6849872 0 -0.624457 0.7810593 -0.766649 -0.02738085 0.6414824 0.2250986 -0.5637252 0.7946978 -0.7805766 0.03521396 0.6240674 0.5384409 -0.3563502 0.7636072 -0.767257 0.154626 0.6224208 0.7083956 -0.1624222 0.6868731 -0.7499752 0.2388957 0.6168194 0.7620946 -0.03526397 0.6465048 -0.7238825 0.2856402 0.6280158 0.7768889 0.04305175 0.6281642 -0.5634032 0.4792835 0.6729518 0.7634326 0.1722617 0.6224923 -0.405585 0.5976015 0.6916453 0.7496218 0.2407399 0.6165318 -0.2170269 0.6804093 0.6999589 0.7265064 0.2819863 0.6266357 0 0.7100347 0.7041667 0.566898 0.4730666 0.6744143 0.2173161 0.6793579 0.7008898 0.3975945 0.6032472 0.6913838 -0.007827982 -0.6771201 -0.735831 -0.5049993 -0.5519758 -0.66355 -0.07050689 -0.9968882 0.0352532 -0.3916391 -0.9164356 0.08224841 -0.8667645 -0.2797911 -0.4128394 -0.08422167 -0.6581034 0.7482022 -0.626176 -0.7396709 0.2465575 -0.9963514 0.06851107 -0.05089343 -0.03133097 -0.6716585 0.7401981 -0.04893674 0.03131959 0.9983107 -0.7105867 -0.5148336 0.4795967 -0.8590431 0.3972337 0.3228781 0.005867732 -0.7002137 0.7139093 0.3267379 -0.06260842 0.9430389 0.007827976 0.6771204 0.7358306 0.01959278 -0.7366878 0.6759492 0.5050003 0.551977 0.6635482 0.06255624 0.9911252 0.117293 0.6006432 -0.268039 0.7532483 0.4385409 0.8966597 0.06068945 0.08612133 0.8005369 -0.5930632 0.8667645 0.2797907 0.4128394 0.6989046 -0.5305415 0.4796437 0.1370831 0.7872483 -0.6012058 0.05876078 0.1194804 -0.9910962 0.7118655 0.6903532 -0.1290739 0.9963514 -0.06851107 0.05089343 -0.2623478 0.2016551 -0.9436678 -0.007827982 -0.6771201 -0.735831 -0.5049993 -0.5519758 -0.66355 0.1761514 0.7594084 -0.6263143 -0.4972124 0.3778031 -0.7810537 -0.8667645 -0.2797911 -0.4128394 0.809772 0.428358 -0.4009726 0.1898056 0.7220436 -0.6653022 -0.5814438 0.6029786 -0.546205 -0.9963514 0.06851107 -0.05089343 0.7043068 0.1799896 -0.6866992 -0.491387 0.8163683 -0.3034498 -0.8590431 0.3972337 0.3228781 0.1743015 0.6874139 -0.7050398 -0.2542373 0.9602341 -0.1153857 -0.4908756 0.6199501 0.61213 0.1369664 0.6633078 -0.7357059 0.4267109 0.01174363 -0.9043118 0.07050687 0.9968883 -0.03525022 0.00782798 0.6771201 0.735831 0.08422184 0.6581051 -0.7482008 0.04893659 -0.03131911 -0.9983107 0.3916395 0.9164359 -0.08224254 0.5049995 0.5519756 0.66355 0.03133108 0.6716596 -0.7401971 -0.3267388 0.06260896 -0.9430386 0.6261768 0.7396711 -0.2465548 0.8667647 0.2797901 0.4128395 -0.005867732 0.7002137 -0.7139093 -0.6006417 0.2680383 -0.7532496 0.7105868 0.5148333 -0.4795969 0.9963513 -0.06851105 0.05089639 -0.01959283 0.7366889 -0.675948 -0.6989068 0.5305428 -0.4796391 0.6215721 0.3010128 -0.7232148 0.8590446 -0.3972351 -0.3228727 -0.00587367 0.7714087 -0.636313 -0.5943475 0.7800809 -0.1955121 0.3836189 0.1565793 -0.9101206 0.4908774 -0.6199521 -0.6121264 0.0332615 0.7943634 -0.6065316 0.05876078 0.1194804 -0.9910962 -0.007827982 -0.6771201 -0.735831 0.08612133 0.8005369 -0.5930632 0.06255624 0.9911252 0.117293 -0.3149804 0.9488541 0.02152324 0.007827976 0.6771204 0.7358306 -0.4908754 0.6199504 0.6121299 -0.04893674 0.03131959 0.9983107 -0.8590429 0.3972344 0.322878 -0.4267087 -0.01174431 0.904313 -0.08422167 -0.6581034 0.7482022 -0.9963516 0.06851108 -0.05089045 -0.7043082 -0.1799897 0.6866977 -0.1369663 -0.6633081 0.7357056 -0.07050689 -0.9968882 0.0352532 -0.8097728 -0.4283585 0.40097 0.2542369 -0.9602339 0.1153885 -0.007827982 -0.6771201 -0.735831 -0.1743016 -0.6874141 0.7050396 0.4908774 -0.6199521 -0.6121264 0.4913873 -0.8163681 0.30345 0.8590446 -0.3972351 -0.3228727 -0.1898055 -0.7220439 0.6653019 0.5814438 -0.6029786 0.546205 0.9963513 -0.06851105 0.05089639 -0.711866 -0.6903527 0.129074 0.4972137 -0.3778036 0.7810525 0.8667647 0.2797901 0.4128395 -0.1761508 -0.7594056 0.6263179 0.2623484 -0.2016567 0.9436673 0.5049995 0.5519756 0.66355 -0.1370828 -0.7872469 0.6012077 -0.05876042 -0.11948 0.9910962 0.00782798 0.6771201 0.735831 -0.0861212 -0.8005353 0.5930653 -0.4385414 -0.8966597 -0.06068653 -0.3836209 -0.1565802 0.9101195 -0.4908756 0.6199501 0.61213 -0.03326148 -0.7943622 0.6065332 -0.6215718 -0.3010134 0.7232147 0.005873718 -0.7714087 0.636313 0.5943472 -0.780081 0.195512 0.3149805 -0.9488541 -0.02152026 0.8590435 -0.3972351 -0.3228753 -0.06255622 -0.9911255 -0.11729 0.4908755 -0.6199501 -0.61213 -0.007827975 -0.6771202 -0.7358308 -0.5049992 -0.5519762 -0.6635497 -0.8667654 -0.2797918 -0.4128369</float_array>
          <technique_common>
            <accessor source="#geom-Clt_TES066_F__M_TES066_F-normals-array" count="1551" stride="3">
              <param name="X" type="float"/>
              <param name="Y" type="float"/>
              <param name="Z" type="float"/>
            </accessor>
          </technique_common>
        </source>
        <source id="geom-Clt_TES066_F__M_TES066_F-map-2">
          <float_array id="geom-Clt_TES066_F__M_TES066_F-map-2-array" count="11877">1 1 1 1 1 1 1 1 1 1 1 1 1 1 1 1 1 1 1 1 1 1 1 1 1 1 1 1 1 1 1 1 1 1 1 1 1 1 1 1 1 1 1 1 1 1 1 1 1 1 1 1 1 1 1 1 1 1 1 1 1 1 1 1 1 1 1 1 1 1 1 1 1 1 1 1 1 1 1 1 1 1 1 1 1 1 1 1 1 1 1 1 1 1 1 1 1 1 1 1 1 1 1 1 1 1 1 1 1 1 1 1 1 1 1 1 1 1 1 1 1 1 1 1 1 1 1 1 1 1 1 1 1 1 1 1 1 1 1 1 1 1 1 1 1 1 1 1 1 1 1 1 1 1 1 1 1 1 1 1 1 1 1 1 1 1 1 1 1 1 1 1 1 1 1 1 1 1 1 1 1 1 1 1 1 1 1 1 1 1 1 1 1 1 1 1 1 1 1 1 1 1 1 1 1 1 1 1 1 1 1 1 1 1 1 1 1 1 1 1 1 1 1 1 1 1 1 1 1 1 1 1 1 1 1 1 1 1 1 1 1 1 1 1 1 1 1 1 1 1 1 1 1 1 1 1 1 1 1 1 1 1 1 1 1 1 1 1 1 1 1 1 1 1 1 1 1 1 1 1 1 1 1 1 1 1 1 1 1 1 1 1 1 1 1 1 1 1 1 1 1 1 1 1 1 1 1 1 1 1 1 1 1 1 1 1 1 1 1 1 1 1 1 1 1 1 1 1 1 1 1 1 1 1 1 1 1 1 1 1 1 1 1 1 1 1 1 1 1 1 1 1 1 1 1 1 1 1 1 1 1 1 1 1 1 1 1 1 1 1 1 1 1 1 1 1 1 1 1 1 1 1 1 1 1 1 1 1 1 1 1 1 1 1 1 1 1 1 1 1 1 1 1 1 1 1 1 1 1 1 1 1 1 1 1 1 1 1 1 1 1 1 1 1 1 1 1 1 1 1 1 1 1 1 1 1 1 1 1 1 1 1 1 1 1 1 1 1 1 1 1 1 1 1 1 1 1 1 1 1 1 1 1 1 1 1 1 1 1 1 1 1 1 1 1 1 1 1 1 1 1 1 1 1 1 1 1 1 1 1 1 1 1 1 1 1 1 1 1 1 1 1 1 1 1 1 1 1 1 1 1 1 1 1 1 1 1 1 1 1 1 1 1 1 1 1 1 1 1 1 1 1 1 1 1 1 1 1 1 1 1 1 1 1 1 1 1 1 1 1 1 1 1 1 1 1 1 1 1 1 1 1 1 1 1 1 1 1 1 1 1 1 1 1 1 1 1 1 1 1 1 1 1 1 1 1 1 1 1 1 1 1 1 1 1 1 1 1 1 1 1 1 1 1 1 1 1 1 1 1 1 1 1 1 1 1 1 1 1 1 1 1 1 1 1 1 1 1 1 1 1 1 1 1 1 1 1 1 1 1 1 1 1 1 1 1 1 1 1 1 1 1 1 1 1 1 1 1 1 1 1 1 1 1 1 1 1 1 1 1 1 1 1 1 1 1 1 1 1 1 1 1 1 1 1 1 1 1 1 1 1 1 1 1 1 1 1 1 1 1 1 1 1 1 1 1 1 1 1 1 1 1 1 1 1 1 1 1 1 1 1 1 1 1 1 1 1 1 1 1 1 1 1 1 1 1 1 1 1 1 1 1 1 1 1 1 1 1 1 1 1 1 1 1 1 1 1 1 1 1 1 1 1 1 1 1 1 1 1 1 1 1 1 1 1 1 1 1 1 1 1 1 1 1 1 1 1 1 1 1 1 1 1 1 1 1 1 1 1 1 1 1 1 1 1 1 1 1 1 1 1 1 1 1 1 1 1 1 1 1 1 1 1 1 1 1 1 1 1 1 1 1 1 1 1 1 1 1 1 1 1 1 1 1 1 1 1 1 1 1 1 1 1 1 1 1 1 1 1 1 1 1 1 1 1 1 1 1 1 1 1 1 1 1 1 1 1 1 1 1 1 1 1 1 1 1 1 1 1 1 1 1 1 1 1 1 1 1 1 1 1 1 1 1 1 1 1 1 1 1 1 1 1 1 1 1 1 1 1 1 1 1 1 1 1 1 1 1 1 1 1 1 1 1 1 1 1 1 1 1 1 1 1 1 1 1 1 1 1 1 1 1 1 1 1 1 1 1 1 1 1 1 1 1 1 1 1 1 1 1 1 1 1 1 1 1 1 1 1 1 1 1 1 1 1 1 1 1 1 1 1 1 1 1 1 1 1 1 1 1 1 1 1 1 1 1 1 1 1 1 1 1 1 1 1 1 1 1 1 1 1 1 1 1 1 1 1 1 1 1 1 1 1 1 1 1 1 1 1 1 1 1 1 1 1 1 1 1 1 1 1 1 1 1 1 1 1 1 1 1 1 1 1 1 1 1 1 1 1 1 1 1 1 1 1 1 1 1 1 1 1 1 1 1 1 1 1 1 1 1 1 1 1 1 1 1 1 1 1 1 1 1 1 1 1 1 1 1 1 1 1 1 1 1 1 1 1 1 1 1 1 1 1 1 1 1 1 1 1 1 1 1 1 1 1 1 1 1 1 1 1 1 1 1 1 1 1 1 1 1 1 1 1 1 1 1 1 1 1 1 1 1 1 1 1 1 1 1 1 1 1 1 1 1 1 1 1 1 1 1 1 1 1 1 1 1 1 1 1 1 1 1 1 1 1 1 1 1 1 1 1 1 1 1 1 1 1 1 1 1 1 1 1 1 1 1 1 1 1 1 1 1 1 1 1 1 1 1 1 1 1 1 1 1 1 1 1 1 1 1 1 1 1 1 1 1 1 1 1 1 1 1 1 1 1 1 1 1 1 1 1 1 1 1 1 1 1 1 1 1 1 1 1 1 1 1 1 1 1 1 1 1 1 1 1 1 1 1 1 1 1 1 1 1 1 1 1 1 1 1 1 1 1 1 1 1 1 1 1 1 1 1 1 1 1 1 1 1 1 1 1 1 1 1 1 1 1 1 1 1 1 1 1 1 1 1 1 1 1 1 1 1 1 1 1 1 1 1 1 1 1 1 1 1 1 1 1 1 1 1 1 1 1 1 1 1 1 1 1 1 1 1 1 1 1 1 1 1 1 1 1 1 1 1 1 1 1 1 1 1 1 1 1 1 1 1 1 1 1 1 1 1 1 1 1 1 1 1 1 1 1 1 1 1 1 1 1 1 1 1 1 1 1 1 1 1 1 1 1 1 1 1 1 1 1 1 1 1 1 1 1 1 1 1 1 1 1 1 1 1 1 1 1 1 1 1 1 1 1 1 1 1 1 1 1 1 1 1 1 1 1 1 1 1 1 1 1 1 1 1 1 1 1 1 1 1 1 1 1 1 1 1 1 1 1 1 1 1 1 1 1 1 1 1 1 1 1 1 1 1 1 1 1 1 1 1 1 1 1 1 1 1 1 1 1 1 1 1 1 1 1 1 1 1 1 1 1 1 1 1 1 1 1 1 1 1 1 1 1 1 1 1 1 1 1 1 1 1 1 1 1 1 1 1 1 1 1 1 1 1 1 1 1 1 1 1 1 1 1 1 1 1 1 1 1 1 1 1 1 1 1 1 1 1 1 1 1 1 1 1 1 1 1 1 1 1 1 1 1 1 1 1 1 1 1 1 1 1 1 1 1 1 1 1 1 1 1 1 1 1 1 1 1 1 1 1 1 1 1 1 1 1 1 1 1 1 1 1 1 1 1 1 1 1 1 1 1 1 1 1 1 1 1 1 1 1 1 1 1 1 1 1 1 1 1 1 1 1 1 1 1 1 1 1 1 1 1 1 1 1 1 1 1 1 1 1 1 1 1 1 1 1 1 1 1 1 1 1 1 1 1 1 1 1 1 1 1 1 1 1 1 1 1 1 1 1 1 1 1 1 1 1 1 1 1 1 1 1 1 1 1 1 1 1 1 1 1 1 1 1 1 1 1 1 1 1 1 1 1 1 1 1 1 1 1 1 1 1 1 1 1 1 1 1 1 1 1 1 1 1 1 1 1 1 1 1 1 1 1 1 1 1 1 1 1 1 1 1 1 1 1 1 1 1 1 1 1 1 1 1 1 1 1 1 1 1 1 1 1 1 1 1 1 1 1 1 1 1 1 1 1 1 1 1 1 1 1 1 1 1 1 1 1 1 1 1 1 1 1 1 1 1 1 1 1 1 1 1 1 1 1 1 1 1 1 1 1 1 1 1 1 1 1 1 1 1 1 1 1 1 1 1 1 1 1 1 1 1 1 1 1 1 1 1 1 1 1 1 1 1 1 1 1 1 1 1 1 1 1 1 1 1 1 1 1 1 1 1 1 1 1 1 1 1 1 1 1 1 1 1 1 1 1 1 1 1 1 1 1 1 1 1 1 1 1 1 1 1 1 1 1 1 1 1 1 1 1 1 1 1 1 1 1 1 1 1 1 1 1 1 1 1 1 1 1 1 1 1 1 1 1 1 1 1 1 1 1 1 1 1 1 1 1 1 1 1 1 1 1 1 1 1 1 1 1 1 1 1 1 1 1 1 1 1 1 1 1 1 1 1 1 1 1 1 1 1 1 1 1 1 1 1 1 1 1 1 1 1 1 1 1 1 1 1 1 1 1 1 1 1 1 1 1 1 1 1 1 1 1 1 1 1 1 1 1 1 1 1 1 1 1 1 1 1 1 1 1 1 1 1 1 1 1 1 1 1 1 1 1 1 1 1 1 1 1 1 1 1 1 1 1 1 1 1 1 1 1 1 1 1 1 1 1 1 1 1 1 1 1 1 1 1 1 1 1 1 1 1 1 1 1 1 1 1 1 1 1 1 1 1 1 1 1 1 1 1 1 1 1 1 1 1 1 1 1 1 1 1 1 1 1 1 1 1 1 1 1 1 1 1 1 1 1 1 1 1 1 1 1 1 1 1 1 1 1 1 1 1 1 1 1 1 1 1 1 1 1 1 1 1 1 1 1 1 1 1 1 1 1 1 1 1 1 1 1 1 1 1 1 1 1 1 1 1 1 1 1 1 1 1 1 1 1 1 1 1 1 1 1 1 1 1 1 1 1 1 1 1 1 1 1 1 1 1 1 1 1 1 1 1 1 1 1 1 1 1 1 1 1 1 1 1 1 1 1 1 1 1 1 1 1 1 1 1 1 1 1 1 1 1 1 1 1 1 1 1 1 1 1 1 1 1 1 1 1 1 1 1 1 1 1 1 1 1 1 1 1 1 1 1 1 1 1 1 1 1 1 1 1 1 1 1 1 1 1 1 1 1 1 1 1 1 1 1 1 1 1 1 1 1 1 1 1 1 1 1 1 1 1 1 1 1 1 1 1 1 1 1 1 1 1 1 1 1 1 1 1 1 1 1 1 1 1 1 1 1 1 1 1 1 1 1 1 1 1 1 1 1 1 1 1 1 1 1 1 1 1 1 1 1 1 1 1 1 1 1 1 1 1 1 1 1 1 1 1 1 1 1 1 1 1 1 1 1 1 1 1 1 1 1 1 1 1 1 1 1 1 1 1 1 1 1 1 1 1 1 1 1 1 1 1 1 1 1 1 1 1 1 1 1 1 1 1 1 1 1 1 1 1 1 1 1 1 1 1 1 1 1 1 1 1 1 1 1 1 1 1 1 1 1 1 1 1 1 1 1 1 1 1 1 1 1 1 1 1 1 1 1 1 1 1 1 1 1 1 1 1 1 1 1 1 1 1 1 1 1 1 1 1 1 1 1 1 1 1 1 1 1 1 1 1 1 1 1 1 1 1 1 1 1 1 1 1 1 1 1 1 1 1 1 1 1 1 1 1 1 1 1 1 1 1 1 1 1 1 1 1 1 1 1 1 1 1 1 1 1 1 1 1 1 1 1 1 1 1 1 1 1 1 1 1 1 1 1 1 1 1 1 1 1 1 1 1 1 1 1 1 1 1 1 1 1 1 1 1 1 1 1 1 1 1 1 1 1 1 1 1 1 1 1 1 1 1 1 1 1 1 1 1 1 1 1 1 1 1 1 1 1 1 1 1 1 1 1 1 1 1 1 1 1 1 1 1 1 1 1 1 1 1 1 1 1 1 1 1 1 1 1 1 1 1 1 1 1 1 1 1 1 1 1 1 1 1 1 1 1 1 1 1 1 1 1 1 1 1 1 1 1 1 1 1 1 1 1 1 1 1 1 1 1 1 1 1 1 1 1 1 1 1 1 1 1 1 1 1 1 1 1 1 1 1 1 1 1 1 1 1 1 1 1 1 1 1 1 1 1 1 1 1 1 1 1 1 1 1 1 1 1 1 1 1 1 1 1 1 1 1 1 1 1 1 1 1 1 1 1 1 1 1 1 1 1 1 1 1 1 1 1 1 1 1 1 1 1 1 1 1 1 1 1 1 1 1 1 1 1 1 1 1 1 1 1 1 1 1 1 1 1 1 1 1 1 1 1 1 1 1 1 1 1 1 1 1 1 1 1 1 1 1 1 1 1 1 1 1 1 1 1 1 1 1 1 1 1 1 1 1 1 1 1 1 1 1 1 1 1 1 1 1 1 1 1 1 1 1 1 1 1 1 1 1 1 1 1 1 1 1 1 1 1 1 1 1 1 1 1 1 1 1 1 1 1 1 1 1 1 1 1 1 1 1 1 1 1 1 1 1 1 1 1 1 1 1 1 1 1 1 1 1 1 1 1 1 1 1 1 1 1 1 1 1 1 1 1 1 1 1 1 1 1 1 1 1 1 1 1 1 1 1 1 1 1 1 1 1 1 1 1 1 1 1 1 1 1 1 1 1 1 1 1 1 1 1 1 1 1 1 1 1 1 1 1 1 1 1 1 1 1 1 1 1 1 1 1 1 1 1 1 1 1 1 1 1 1 1 1 1 1 1 1 1 1 1 1 1 1 1 1 1 1 1 1 1 1 1 1 1 1 1 1 1 1 1 1 1 1 1 1 1 1 1 1 1 1 1 1 1 1 1 1 1 1 1 1 1 1 1 1 1 1 1 1 1 1 1 1 1 1 1 1 1 1 1 1 1 1 1 1 1 1 1 1 1 1 1 1 1 1 1 1 1 1 1 1 1 1 1 1 1 1 1 1 1 1 1 1 1 1 1 1 1 1 1 1 1 1 1 1 1 1 1 1 1 1 1 1 1 1 1 1 1 1 1 1 1 1 1 1 1 1 1 1 1 1 1 1 1 1 1 1 1 1 1 1 1 1 1 1 1 1 1 1 1 1 1 1 1 1 1 1 1 1 1 1 1 1 1 1 1 1 1 1 1 1 1 1 1 1 1 1 1 1 1 1 1 1 1 1 1 1 1 1 1 1 1 1 1 1 1 1 1 1 1 1 1 1 1 1 1 1 1 1 1 1 1 1 1 1 1 1 1 1 1 1 1 1 1 1 1 1 1 1 1 1 1 1 1 1 1 1 1 1 1 1 1 1 1 1 1 1 1 1 1 1 1 1 1 1 1 1 1 1 1 1 1 1 1 1 1 1 1 1 1 1 1 1 1 1 1 1 1 1 1 1 1 1 1 1 1 1 1 1 1 1 1 1 1 1 1 1 1 1 1 1 1 1 1 1 1 1 1 1 1 1 1 1 1 1 1 1 1 1 1 1 1 1 1 1 1 1 1 1 1 1 1 1 1 1 1 1 1 1 1 1 1 1 1 1 1 1 1 1 1 1 1 1 1 1 1 1 1 1 1 1 1 1 1 1 1 1 1 1 1 1 1 1 1 1 1 1 1 1 1 1 1 1 1 1 1 1 1 1 1 1 1 1 1 1 1 1 1 1 1 1 1 1 1 1 1 1 1 1 1 1 1 1 1 1 1 1 1 1 1 1 1 1 1 1 1 1 1 1 1 1 1 1 1 1 1 1 1 1 1 1 1 1 1 1 1 1 1 1 1 1 1 1 1 1 1 1 1 1 1 1 1 1 1 1 1 1 1 1 1 1 1 1 1 1 1 1 1 1 1 1 1 1 1 1 1 1 1 1 1 1 1 1 1 1 1 1 1 1 1 1 1 1 1 1 1 1 1 1 1 1 1 1 1 1 1 1 1 1 1 1 1 1 1 1 1 1 1 1 1 1 1 1 1 1 1 1 1 1 1 1 1 1 1 1 1 1 1 1 1 1 1 1 1 1 1 1 1 1 1 1 1 1 1 1 1 1 1 1 1 1 1 1 1 1 1 1 1 1 1 1 1 1 1 1 1 1 1 1 1 1 1 1 1 1 1 1 1 1 1 1 1 1 1 1 1 1 1 1 1 1 1 1 1 1 1 1 1 1 1 1 1 1 1 1 1 1 1 1 1 1 1 1 1 1 1 1 1 1 1 1 1 1 1 1 1 1 1 1 1 1 1 1 1 1 1 1 1 1 1 1 1 1 1 1 1 1 1 1 1 1 1 1 1 1 1 1 1 1 1 1 1 1 1 1 1 1 1 1 1 1 1 1 1 1 1 1 1 1 1 1 1 1 1 1 1 1 1 1 1 1 1 1 1 1 1 1 1 1 1 1 1 1 1 1 1 1 1 1 1 1 1 1 1 1 1 1 1 1 1 1 1 1 1 1 1 1 1 1 1 1 1 1 1 1 1 1 1 1 1 1 1 1 1 1 1 1 1 1 1 1 1 1 1 1 1 1 1 1 1 1 1 1 1 1 1 1 1 1 1 1 1 1 1 1 1 1 1 1 1 1 1 1 1 1 1 1 1 1 1 1 1 1 1 1 1 1 1 1 1 1 1 1 1 1 1 1 1 1 1 1 1 1 1 1 1 1 1 1 1 1 1 1 1 1 1 1 1 1 1 1 1 1 1 1 1 1 1 1 1 1 1 1 1 1 1 1 1 1 1 1 1 1 1 1 1 1 1 1 1 1 1 1 1 1 1 1 1 1 1 1 1 1 1 1 1 1 1 1 1 1 1 1 1 1 1 1 1 1 1 1 1 1 1 1 1 1 1 1 1 1 1 1 1 1 1 1 1 1 1 1 1 1 1 1 1 1 1 1 1 1 1 1 1 1 1 1 1 1 1 1 1 1 1 1 1 1 1 1 1 1 1 1 1 1 1 1 1 1 1 1 1 1 1 1 1 1 1 1 1 1 1 1 1 1 1 1 1 1 1 1 1 1 1 1 1 1 1 1 1 1 1 1 1 1 1 1 1 1 1 1 1 1 1 1 1 1 1 1 1 1 1 1 1 1 1 1 1 1 1 1 1 1 1 1 1 1 1 1 1 1 1 1 1 1 1 1 1 1 1 1 1 1 1 1 1 1 1 1 1 1 1 1 1 1 1 1 1 1 1 1 1 1 1 1 1 1 1 1 1 1 1 1 1 1 1 1 1 1 1 1 1 1 1 1 1 1 1 1 1 1 1 1 1 1 1 1 1 1 1 1 1 1 1 1 1 1 1 1 1 1 1 1 1 1 1 1 1 1 1 1 1 1 1 1 1 1 1 1 1 1 1 1 1 1 1 1 1 1 1 1 1 1 1 1 1 1 1 1 1 1 1 1 1 1 1 1 1 1 1 1 1 1 1 1 1 1 1 1 1 1 1 1 1 1 1 1 1 1 1 1 1 1 1 1 1 1 1 1 1 1 1 1 1 1 1 1 1 1 1 1 1 1 1 1 1 1 1 1 1 1 1 1 1 1 1 1 1 1 1 1 1 1 1 1 1 1 1 1 1 1 1 1 1 1 1 1 1 1 1 1 1 1 1 1 1 1 1 1 1 1 1 1 1 1 1 1 1 1 1 1 1 1 1 1 1 1 1 1 1 1 1 1 1 1 1 1 1 1 1 1 1 1 1 1 1 1 1 1 1 1 1 1 1 1 1 1 1 1 1 1 1 1 1 1 1 1 1 1 1 1 1 1 1 1 1 1 1 1 1 1 1 1 1 1 1 1 1 1 1 1 1 1 1 1 1 1 1 1 1 1 1 1 1 1 1 1 1 1 1 1 1 1 1 1 1 1 1 1 1 1 1 1 1 1 1 1 1 1 1 1 1 1 1 1 1 1 1 1 1 1 1 1 1 1 1 1 1 1 1 1 1 1 1 1 1 1 1 1 1 1 1 1 1 1 1 1 1 1 1 1 1 1 1 1 1 1 1 1 1 1 1 1 1 1 1 1 1 1 1 1 1 1 1 1 1 1 1 1 1 1 1 1 1 1 1 1 1 1 1 1 1 1 1 1 1 1 1 1 1 1 1 1 1 1 1 1 1 1 1 1 1 1 1 1 1 1 1 1 1 1 1 1 1 1 1 1 1 1 1 1 1 1 1 1 1 1 1 1 1 1 1 1 1 1 1 1 1 1 1 1 1 1 1 1 1 1 1 1 1 1 1 1 1 1 1 1 1 1 1 1 1 1 1 1 1 1 1 1 1 1 1 1 1 1 1 1 1 1 1 1 1 1 1 1 1 1 1 1 1 1 1 1 1 1 1 1 1 1 1 1 1 1 1 1 1 1 1 1 1 1 1 1 1 1 1 1 1 1 1 1 1 1 1 1 1 1 1 1 1 1 1 1 1 1 1 1 1 1 1 1 1 1 1 1 1 1 1 1 1 1 1 1 1 1 1 1 1 1 1 1 1 1 1 1 1 1 1 1 1 1 1 1 1 1 1 1 1 1 1 1 1 1 1 1 1 1 1 1 1 1 1 1 1 1 1 1 1 1 1 1 1 1 1 1 1 1 1 1 1 1 1 1 1 1 1 1 1 1 1 1 1 1 1 1 1 1 1 1 1 1 1 1 1 1 1 1 1 1 1 1 1 1 1 1 1 1 1 1 1 1 1 1 1 1 1 1 1 1 1 1 1 1 1 1 1 1 1 1 1 1 1 1 1 1 1 1 1 1 1 1 1 1 1 1 1 1 1 1 1 1 1 1 1 1 1 1 1 1 1 1 1 1 1 1 1 1 1 1 1 1 1 1 1 1 1 1 1 1 1 1 1 1 1 1 1 1 1 1 1 1 1 1 1 1 1 1 1 1 1 1 1 1 1 1 1 1 1 1 1 1 1 1 1 1 1 1 1 1 1 1 1 1 1 1 1 1 1 1 1 1 1 1 1 1 1 1 1 1 1 1 1 1 1 1 1 1 1 1 1 1 1 1 1 1 1 1 1 1 1 1 1 1 1 1 1 1 1 1 1 1 1 1 1 1 1 1 1 1 1 1 1 1 1 1 1 1 1 1 1 1 1 1 1 1 1 1 1 1 1 1 1 1 1 1 1 1 1 1 1 1 1 1 1 1 1 1 1 1 1 1 1 1 1 1 1 1 1 1 1 1 1 1 1 1 1 1 1 1 1 1 1 1 1 1 1 1 1 1 1 1 1 1 1 1 1 1 1 1 1 1 1 1 1 1 1 1 1 1 1 1 1 1 1 1 1 1 1 1 1 1 1 1 1 1 1 1 1 1 1 1 1 1 1 1 1 1 1 1 1 1 1 1 1 1 1 1 1 1 1 1 1 1 1 1 1 1 1 1 1 1 1 1 1 1 1 1 1 1 1 1 1 1 1 1 1 1 1 1 1 1 1 1 1 1 1 1 1 1 1 1 1 1 1 1 1 1 1 1 1 1 1 1 1 1 1 1 1 1 1 1 1 1 1 1 1 1 1 1 1 1 1 1 1 1 1 1 1 1 1 1 1 1 1 1 1 1 1 1 1 1 1 1 1 1 1 1 1 1 1 1 1 1 1 1 1 1 1 1 1 1 1 1 1 1 1 1 1 1 1 1 1 1 1 1 1 1 1 1 1 1 1 1 1 1 1 1 1 1 1 1 1 1 1 1 1 1 1 1 1 1 1 1 1 1 1 1 1 1 1 1 1 1 1 1 1 1 1 1 1 1 1 1 1 1 1 1 1 1 1 1 1 1 1 1 1 1 1 1 1 1 1 1 1 1 1 1 1 1 1 1 1 1 1 1 1 1 1 1 1 1 1 1 1 1 1 1 1 1 1 1 1 1 1 1 1 1 1 1 1 1 1 1 1 1 1 1 1 1 1 1 1 1 1 1 1 1 1 1 1 1 1 1 1 1 1 1 1 1 1 1 1 1 1 1 1 1 1 1 1 1 1 1 1 1 1 1 1 1 1 1 1 1 1 1 1 1 1 1 1 1 1 1 1 1 1 1 1 1 1 1 1 1 1 1 1 1 1 1 1 1 1 1 1 1 1 1 1 1 1 1 1 1 1 1 1 1 1 1 1 1 1 1 1 1 1 1 1 1 1 1 1 1 1 1 1 1 1 1 1 1 1 1 1 1 1 1 1 1 1 1 1 1 1 1 1 1 1 1 1 1 1 1 1 1 1 1 1 1 1 1 1 1 1 1 1 1 1 1 1 1 1 1 1 1 1 1 1 1 1 1 1 1 1 1 1 1 1 1 1 1 1 1 1 1 1 1 1 1 1 1 1 1 1 1 1 1 1 1 1 1 1 1 1 1 1 1 1 1 1 1 1 1 1 1 1 1 1 1 1 1 1 1 1 1 1 1 1 1 1 1 1 1 1 1 1 1 1 1 1 1 1 1 1 1 1 1 1 1 1 1 1 1 1 1 1 1 1 1 1 1 1 1 1 1 1 1 1 1 1 1 1 1 1 1 1 1 1 1 1 1 1 1 1 1 1 1 1 1 1 1 1 1 1 1 1 1 1 1 1 1 1 1 1 1 1 1 1 1 1 1 1 1 1 1 1 1 1 1 1 1 1 1 1 1 1 1 1 1 1 1 1 1 1 1 1 1 1 1 1 1 1 1 1 1 1 1 1 1 1 1 1 1 1 1 1 1 1 1 1 1 1 1 1 1 1 1 1 1 1 1 1 1 1 1 1 1 1 1 1 1 1 1 1 1 1 1 1 1 1 1 1 1 1 1 1 1 1 1 1 1 1 1 1 1 1 1 1 1 1 1 1 1 1 1 1 1 1 1 1 1 1 1 1 1 1 1 1 1 1 1 1 1 1 1 1 1 1 1 1 1 1 1 1 1 1 1 1 1 1 1 1 1 1 1 1 1 1 1 1 1 1 1 1 1 1 1 1 1 1 1 1 1 1 1 1 1 1 1 1 1 1 1 1 1 1 1 1 1 1 1 1 1 1 1 1 1 1 1 1 1 1 1 1 1 1 1 1 1 1 1 1 1 1 1 1 1 1 1 1 1 1 1 1 1 1 1 1 1 1 1 1 1 1 1 1 1 1 1 1 1 1 1 1 1 1 1 1 1 1 1 1 1 1 1 1 1 1 1 1 1 1 1 1 1 1 1 1 1 1 1 1 1 1 1 1 1 1 1 1 1 1 1 1 1 1 1 1 1 1 1 1 1 1 1 1 1 1 1 1 1 1 1 1 1 1 1 1 1 1 1 1 1 1 1 1 1 1 1 1 1 1 1 1 1 1 1 1 1 1 1 1 1 1 1 1 1 1 1 1 1 1 1 1 1 1 1 1 1 1 1 1 1 1 1 1 1 1 1 1 1 1 1 1 1 1 1 1 1 1 1 1 1 1 1 1 1 1 1 1 1 1 1 1 1 1 1 1 1 1 1 1 1 1 1 1 1 1 1 1 1 1 1 1 1 1 1 1 1 1 1 1 1 1 1 1 1 1 1 1 1 1 1 1 1 1 1 1 1 1 1 1 1 1 1 1 1 1 1 1 1 1 1 1 1 1 1 1 1 1 1 1 1 1 1 1 1 1 1 1 1 1 1 1 1 1 1 1 1 1 1 1 1 1 1 1 1 1 1 1 1 1 1 1 1 1 1 1 1 1 1 1 1 1 1 1 1 1 1 1 1 1 1 1 1 1 1 1 1 1 1 1 1 1 1 1 1 1 1 1 1 1 1 1 1 1 1 1 1 1 1 1 1 1 1 1 1 1 1 1 1 1 1 1 1 1 1 1 1 1 1 1 1 1 1 1 1 1 1 1 1 1 1 1 1 1 1 1 1 1 1 1 1 1 1 1 1 1 1 1 1 1 1 1 1 1 1 1 1 1 1 1 1 1 1 1 1 1 1 1 1 1 1 1 1 1 1 1 1 1 1 1 1 1 1 1 1 1 1 1 1 1 1 1 1 1 1 1 1 1 1 1 1 1 1 1 1 1 1 1 1 1 1 1 1 1 1 1 1 1 1 1 1 1 1 1 1 1 1 1 1 1 1 1 1 1 1 1 1 1 1 1 1 1 1 1 1 1 1 1 1 1 1 1 1 1 1 1 1 1 1 1 1 1 1 1 1 1 1 1 1 1 1 1 1 1 1 1 1 1 1 1 1 1 1 1 1 1 1 1 1 1 1 1 1 1 1 1 1 1 1 1 1 1 1 1 1 1 1 1 1 1 1 1 1 1 1 1 1 1 1 1 1 1 1 1 1 1 1 1 1 1 1 1 1 1 1 1 1 1 1 1 1 1 1 1 1 1 1 1 1 1 1 1 1 1 1 1 1 1 1 1 1 1 1 1 1 1 1 1 1 1 1 1 1 1 1 1 1 1 1 1 1 1 1 1 1 1 1 1 1 1 1 1 1 1 1 1 1 1 1 1 1 1 1 1 1 1 1 1 1 1 1 1 1 1 1 1 1 1 1 1 1 1 1 1 1 1 1 1 1 1 1 1 1 1 1 1 1 1 1 1 1 1 1 1 1 1 1 1 1 1 1 1 1 1 1 1 1 1 1 1 1 1 1 1 1 1 1 1 1 1 1 1 1 1 1 1 1 1 1 1 1 1 1 1 1 1 1 1 1 1 1 1 1 1 1 1 1 1 1 1 1 1 1 1 1 1 1 1 1 1 1 1 1 1 1 1 1 1 1 1 1 1 1 1 1 1 1 1 1 1 1 1 1 1 1 1 1 1 1 1 1 1 1 1 1 1 1 1 1 1 1 1 1 1 1 1 1 1 1 1 1 1 1 1 1 1 1 1 1 1 1 1 1 1 1 1 1 1 1 1 1 1 1 1 1 1 1 1 1 1 1 1 1 1 1 1 1 1 1 1 1 1 1 1 1 1 1 1 1 1 1 1 1 1 1 1 1 1 1 1 1 1 1 1 1 1 1 1 1 1 1 1 1 1 1 1 1 1 1 1 1 1 1 1 1 1 1 1 1 1 1 1 1 1 1 1 1 1 1 1 1 1 1 1 1 1 1 1 1 1 1 1 1 1 1 1 1 1 1 1 1 1 1 1 1 1 1 1 1 1 1 1 1 1 1 1 1 1 1 1 1 1 1 1 1 1 1 1 1 1 1 1 1 1 1 1 1 1 1 1 1 1 1 1 1 1 1 1 1 1 1 1 1 1 1 1 1 1 1 1 1 1 1 1 1 1 1 1 1 1 1 1 1 1 1 1 1 1 1 1 1 1 1 1 1 1 1 1 1 1 1 1 1 1 1 1 1 1 1 1 1 1 1 1 1 1 1 1 1 1 1 1 1 1 1 1 1 1 1 1 1 1 1 1 1 1 1 1 1 1 1 1 1 1 1 1 1 1 1 1 1 1 1 1 1 1 1 1 1 1 1 1 1 1 1 1 1 1 1 1 1 1 1 1 1 1 1 1 1 1 1 1 1 1 1 1 1 1 1 1 1 1 1 1 1 1 1 1 1 1 1 1 1 1 1 1 1 1 1 1 1 1 1 1 1 1 1 1 1 1 1 1 1 1 1 1 1 1 1 1 1 1 1 1 1 1 1 1 1 1 1 1 1 1 1 1 1 1 1 1 1 1 1 1 1 1 1 1 1 1 1 1 1 1 1 1 1 1 1 1 1 1 1 1 1 1 1 1 1 1 1 1 1 1 1 1 1 1 1 1 1 1 1 1 1 1 1 1 1 1 1 1 1 1 1 1 1 1 1 1 1 1 1 1 1 1 1 1 1 1 1 1 1 1 1 1 1 1 1 1 1 1 1 1 1 1 1 1 1 1 1 1 1 1 1 1 1 1 1 1 1 1 1 1 1 1 1 1 1 1 1 1 1 1 1 1 1 1 1 1 1 1 1 1 1 1 1 1 1 1 1 1 1 1 1 1 1 1 1 1 1 1 1 1 1 1 1 1 1 1 1 1 1 1 1 1 1 1 1 1 1 1 1 1 1 1 1 1 1 1 1 1 1 1 1 1 1 1 1 1 1 1 1 1 1 1 1 1 1 1 1 1 1 1 1 1 1 1 1 1 1 1 1 1 1 1 1 1 1 1 1 1 1 1 1 1 1 1 1 1 1 1 1 1 1 1 1 1 1 1 1 1 1 1 1 1 1 1 1 1 1 1 1 1 1 1 1 1 1 1 1 1 1 1 1 1 1 1 1 1 1 1 1 1 1 1 1 1 1 1 1 1 1 1 1 1 1 1 1 1 1 1 1 1 1 1 1 1 1 1 1 1 1 1 1 1 1 1 1 1 1 1 1 1 1 1 1 1 1 1 1 1 1 1 1 1 1 1 1 1 1 1 1 1 1 1 1 1 1 1 1 1 1 1 1 1 1 1 1 1 1 1 1 1 1 1 1 1 1 1 1 1 1 1 1 1 1 1 1 1 1 1 1 1 1 1 1 1 1 1 1 1 1 1 1 1 1 1 1 1 1 1 1 1 1 1 1 1 1 1 1 1 1 1 1 1 1 1 1 1 1 1 1 1 1 1 1 1 1 1 1 1 1 1 1 1 1 1 1 1 1 1 1 1 1 1 1 1 1 1 1 1 1 1 1 1 1 1 1 1 1 1 1 1 1 1 1 1 1 1 1 1 1 1 1 1 1 1 1 1 1 1 1 1 1 1 1 1 1 1 1 1 1 1 1 1 1 1 1 1 1 1 1 1 1 1 1 1 1 1 1 1 1 1 1 1 1 1 1 1 1 1 1 1 1 1 1 1 1 1 1 1 1 1 1 1 1 1 1 1 1 1 1 1 1 1 1 1 1 1 1 1 1 1 1 1 1 1 1 1 1 1 1 1 1 1 1 1 1 1 1 1 1 1 1 1 1 1 1 1 1 1 1 1 1 1 1 1 1 1 1 1 1 1 1 1 1 1 1 1 1 1 1 1 1 1 1 1 1 1 1 1 1 1 1 1 1 1 1 1 1 1 1 1 1 1 1 1 1 1 1 1 1 1 1 1 1 1 1 1 1 1 1 1 1 1 1 1 1 1 1 1 1 1 1 1 1 1 1 1 1 1 1 1 1 1 1 1 1 1 1 1 1 1 1 1 1 1 1 1 1 1 1 1 1 1 1 1 1 1 1 1 1 1 1 1 1 1 1 1 1 1 1 1 1 1 1 1 1 1 1 1 1 1 1 1 1 1 1 1 1 1 1 1 1 1 1 1 1 1 1 1 1 1 1 1 1 1 1 1 1 1 1 1 1 1 1 1 1 1 1 1 1 1 1 1 1 1 1 1 1 1 1 1 1 1 1 1 1 1 1 1 1 1 1 1 1 1 1 1 1 1 1 1 1 1 1 1 1 1 1 1 1 1 1 1 1 1 1 1 1 1 1 1 1 1 1 1 1 1 1 1 1 1 1 1 1 1 1 1 1 1 1 1 1 1 1 1 1 1 1 1 1 1 1 1 1 1 1 1 1 1 1 1 1 1 1 1 1 1 1 1 1 1 1 1 1 1 1 1 1 1 1 1 1 1 1 1 1 1 1 1 1 1 1 1 1 1 1 1 1 1 1 1 1 1 1 1 1 1 1 1 1 1 1 1 1 1 1 1 1 1 1 1 1 1 1 1 1 1 1 1 1 1 1 1 1 1 1 1 1 1 1 1 1 1 1 1 1 1 1 1 1 1 1 1 1 1 1 1 1 1 1 1 1 1 1 1 1 1 1 1 1 1 1 1 1 1 1 1 1 1 1 1 1 1 1 1 1 1 1 1 1 1 1 1 1 1 1 1 1 1 1 1 1 1 1 1 1 1 1 1 1 1 1 1 1 1 1 1 1 1 1 1 1 1 1 1 1 1 1 1 1 1 1 1 1 1 1 1 1 1 1 1 1 1 1 1 1 1 1 1 1 1 1 1 1 1 1 1 1 1 1 1 1 1 1 1 1 1 1 1 1 1 1 1 1 1 1 1 1 1 1 1 1 1 1 1 1 1 1 1 1 1 1 1 1 1 1 1 1 1 1 1 1 1 1 1 1 1 1 1 1 1 1 1 1 1 1 1 1 1 1 1 1 1 1 1 1 1 1 1 1 1 1 1 1 1 1 1 1 1 1 1 1 1 1 1 1 1 1 1 1 1 1 1 1 1 1 1 1 1 1 1 1 1 1 1 1 1 1 1 1 1 1 1 1 1 1 1 1 1 1 1 1 1 1 1 1 1 1 1 1 1 1 1 1 1 1 1 1 1 1 1 1 1 1 1 1 1 1 1 1 1 1 1 1 1 1 1 1 1 1 1 1 1 1 1 1 1 1 1 1 1 1 1 1 1 1 1 1 1 1 1 1 1 1 1 1 1 1 1 1 1 1 1 1 1 1 1 1 1 1 1 1 1 1 1 1 1 1 1 1 1 1 1 1 1 1 1 1 1 1 1 1 1 1 1 1 1 1 1 1 1 1 1 1 1 1 1 1 1 1 1 1 1 1 1 1 1 1 1 1 1 1 1 1 1 1 1 1 1 1 1 1 1 1 1 1 1 1 1 1 1 1 1 1 1 1 1 1 1 1 1 1 1 1 1 1 1 1 1 1 1 1 1 1 1 1 1 1 1 1 1 1 1 1 1 1 1 1 1 1 1 1 1 1 1 1 1 1 1 1 1 1 1 1 1 1 1 1 1 1 1 1 1 1 1 1 1 1 1 1 1 1 1 1 1 1 1 1 1 1 1 1 1 1 1 1 1 1 1 1 1 1 1 1 1 1 1 1 1 1 1 1 1 1 1 1 1 1 1 1 1 1 1 1 1 1 1 1 1 1 1 1 1 1 1 1 1 1 1 1 1 1 1 1 1 1 1 1 1 1 1 1 1 1 1 1 1 1 1 1 1 1 1 1 1 1 1 1 1 1 1 1 1 1 1 1 1 1 1 1 1 1 1 1 1 1 1 1 1 1 1 1 1 1 1 1 1 1 1 1 1 1 1 1 1 1 1 1 1 1 1 1 1 1 1 1 1 1 1 1 1 1 1 1 1 1 1 1 1 1 1 1 1 1 1 1 1 1 1 1 1 1 1 1 1 1 1 1 1 1 1 1 1 1 1 1 1 1 1 1 1 1 1 1 1 1 1 1 1 1 1 1 1 1 1 1 1 1 1 1 1 1 1 1 1 1 1 1 1 1 1 1 1 1 1 1 1 1 1 1 1 1 1 1 1 1 1 1 1 1 1 1 1 1 1 1 1 1 1 1 1 1 1 1 1 1 1 1 1 1 1 1 1 1 1 1 1 1 1 1 1 1 1 1 1 1 1 1 1 1 1 1 1 1 1 1 1 1 1 1 1 1 1 1 1 1 1 1 1 1 1 1 1 1 1 1 1 1 1 1 1 1 1 1 1 1 1 1 1 1 1 1 1 1 1 1 1 1 1 1 1 1 1 1 1 1 1 1 1 1 1 1 1 1 1 1 1 1 1 1 1 1 1 1 1 1 1 1 1 1 1 1 1 1 1 1 1 1 1 1 1 1 1 1 1 1 1 1 1 1 1 1 1 1 1 1 1 1 1 1 1 1 1 1 1 1 1 1 1 1 1 1 1 1 1 1 1 1 1 1 1 1 1 1 1 1 1 1 1 1 1 1 1 1 1 1 1 1 1 1 1 1 1 1 1 1 1 1 1 1 1 1 1 1 1 1 1 1 1 1 1 1 1 1 1 1 1 1 1 1 1 1 1 1 1 1 1 1 1 1 1 1 1 1 1 1 1 1 1 1 1 1 1 1 1 1 1 1 1 1 1 1 1 1 1 1 1 1 1 1 1 1 1 1 1 1 1 1 1 1 1 1 1 1 1 1 1 1 1 1 1 1 1 1 1 1 1 1 1 1 1 1 1 1 1 1 1 1 1 1 1 1 1 1 1 1 1 1 1 1 1 1 1 1 1 1 1 1 1 1 1 1 1 1 1 1 1 1 1 1 1 1 1 1 1 1 1 1 1 1 1 1 1 1 1 1 1 1 1 1 1 1 1 1 1 1 1 1 1 1 1 1 1 1 1 1 1 1 1 1 1 1 1 1 1 1 1 1 1 1 1 1 1 1 1 1 1 1 1 1 1 1 1 1 1 1 1 1 1 1 1 1 1 1 1 1 1 1 1 1 1 1 1 1 1 1 1 1 1 1 1 1 1 1 1 1 1 1 1 1 1 1 1 1 1 1 1 1 1 1 1 1 1 1 1 1 1 1 1 1 1 1 1 1 1 1 1 1 1 1 1 1 1 1 1 1 1 1 1 1 1 1 1 1 1 1 1 1 1 1 1 1 1 1 1 1 1 1 1 1 1 1 1 1 1 1 1 1 1 1 1 1 1 1 1 1 1 1 1 1 1 1 1 1 1 1 1 1 1 1 1 1 1 1 1 1 1 1 1 1 1 1 1 1 1 1 1 1 1 1 1 1 1 1 1 1 1 1 1 1 1 1 1 1 1 1 1 1 1 1 1 1 1 1 1 1 1 1 1 1 1 1 1 1 1 1 1 1 1 1 1 1 1 1 1 1 1 1 1 1 1 1 1 1 1 1 1 1 1 1 1 1 1 1 1 1 1 1 1 1 1 1 1 1 1 1 1 1 1 1 1 1 1 1 1 1 1 1 1 1 1 1 1 1 1 1 1 1 1 1 1 1 1 1 1 1 1 1 1 1 1 1 1 1 1 1 1 1 1 1 1 1 1 1 1 1 1 1 1 1 1 1 1 1 1 1 1 1 1 1 1 1 1 1 1 1 1 1 1 1 1 1 1 1 1 1 1 1 1 1 1 1 1 1 1 1 1 1 1 1 1 1 1 1 1 1 1 1 1 1 1 1 1 1 1 1 1 1 1 1 1 1 1 1 1 1 1 1 1 1 1 1 1 1 1 1 1 1 1 1 1 1 1 1 1 1 1 1 1 1 1 1 1 1 1 1 1 1 1 1 1 1 1 1 1 1 1 1 1 1 1 1 1 1 1 1 1 1 1 1 1 1 1 1 1 1 1 1 1 1 1 1 1 1 1 1 1 1 1 1 1 1 1 1 1 1 1 1 1 1 1 1 1 1 1 1 1 1 1 1 1 1 1 1 1 1 1 1 1 1 1 1 1 1 1 1 1 1 1 1 1 1 1 1 1 1 1 1 1 1 1 1 1 1 1 1 1 1 1 1 1 1 1 1 1 1 1 1 1 1 1 1 1 1 1 1 1 1 1 1 1 1 1 1 1 1 1 1 1 1 1 1 1 1 1 1 1 1 1 1 1 1 1 1 1 1 1 1 1 1 1 1 1 1 1 1 1 1 1 1 1 1 1 1 1 1 1 1 1 1 1 1 1 1 1 1 1 1 1 1 1 1 1 1 1 1 1 1 1 1 1 1 1 1 1 1 1 1 1 1 1 1 1 1 1 1 1 1 1 1 1 1 1 1 1 1 1 1 1 1 1 1 1 1 1 1 1 1 1 1 1 1 1 1 1 1 1 1 1 1 1 1 1 1 1 1 1 1 1 1 1 1 1 1 1 1 1 1 1 1 1 1 1 1 1 1 1 1 1 1 1 1 1 1 1 1 1 1 1 1 1 1 1 1 1 1 1 1 1 1 1 1 1 1 1 1 1 1 1 1 1 1 1 1 1 1 1 1 1 1 1 1 1 1 1 1 1 1 1 1 1 1 1 1 1 1 1 1 1 1 1 1 1 1 1 1 1 1 1 1 1 1 1 1 1 1 1 1 1 1 1 1 1 1 1 1 1 1 1 1 1 1 1 1 1 1 1 1 1 1 1 1 1 1 1 1 1 1 1 1 1 1 1 1 1 1 1 1 1 1 1 1 1 1 1 1 1 1 1 1 1 1 1 1 1 1 1 1 1 1 1 1 1 1 1 1 1 1 1 1 1 1 1 1 1 1 1 1 1 1 1 1 1 1 1 1 1 1 1 1 1 1 1 1 1 1 1 1 1 1 1 1 1 1 1 1 1 1 1 1 1 1 1 1 1 1 1 1 1 1 1 1 1 1 1 1 1 1 1 1 1 1 1 1 1 1 1 1 1 1 1 1 1 1 1 1 1 1 1 1 1 1 1 1 1 1 1 1 1 1 1 1 1 1 1 1 1 1 1 1 1 1 1 1 1 1 1 1 1 1 1 1 1 1 1 1 1 1 1 1 1 1 1 1 1 1 1 1 1 1 1 1 1 1 1 1 1 1 1 1 1 1 1 1 1 1 1 1 1 1 1 1 1 1 1 1 1 1 1 1 1 1 1 1 1 1 1 1 1 1 1 1 1 1 1 1 1 1 1 1 1 1 1 1 1 1 1 1 1 1 1 1 1 1 1 1 1 1 1 1 1 1 1 1 1 1 1 1 1 1 1 1 1 1 1 1 1 1 1 1 1 1 1 1 1 1 1 1 1 1 1 1 1 1 1 1 1 1 1 1 1 1 1 1 1 1 1 1 1 1 1 1 1 1 1 1 1 1 1 1 1 1 1 1 1 1 1 1 1 1 1 1 1 1 1 1 1 1 1 1 1 1 1 1 1 1 1 1 1 1 1 1 1 1 1 1 1 1 1 1 1 1 1 1 1 1 1 1 1 1 1 1 1 1 1 1 1 1 1 1 1 1 1 1 1 1 1 1 1 1 1 1 1 1 1 1 1 1 1 1 1 1 1 1 1 1 1 1 1 1 1 1 1 1 1 1 1 1 1 1 1 1 1 1 1 1 1 1 1 1 1 1 1 1 1 1 1 1 1 1 1 1 1 1 1 1 1 1 1 1 1 1 1 1 1 1 1 1 1 1 1 1 1 1 1 1 1 1 1 1 1 1 1 1 1 1 1 1 1 1 1 1 1 1 1 1 1 1 1 1 1 1 1 1 1 1 1 1 1 1 1 1 1 1 1 1 1 1 1 1 1 1 1 1 1 1 1 1 1 1 1 1 1 1 1 1 1 1 1 1 1 1 1 1 1 1 1 1 1 1 1 1 1 1 1 1 1 1 1 1 1 1 1 1 1 1 1 1 1 1 1 1 1 1 1 1 1 1 1 1 1 1 1 1 1 1 1 1 1 1 1 1 1 1 1 1 1 1 1 1 1 1 1 1 1 1 1 1 1 1 1 1 1 1 1 1 1 1 1 1 1 1 1 1 1 1 1 1 1 1 1 1 1 1 1 1 1 1 1 1 1 1 1 1 1 1 1 1 1 1 1 1 1 1 1 1 1 1 1 1 1 1 1 1 1 1 1 1 1 1 1 1 1 1 1 1 1 1 1 1 1 1 1 1 1 1 1 1 1 1 1 1 1 1 1 1 1 1 1 1 1 1 1 1 1 1 1 1 1 1 1 1 1 1 1 1 1 1 1 1 1 1 1 1 1 1 1 1 1 1 1 1 1 1 1 1 1 1 1 1 1 1 1 1 1 1 1 1 1 1 1 1 1 1 1 1 1 1 1 1 1 1 1 1 1 1 1 1 1 1 1 1 1 1 1 1 1 1 1 1 1 1 1 1 1 1 1 1 1 1 1 1 1 1 1 1 1 1 1 1 1 1 1 1 1 1 1 1 1 1 1 1 1 1 1 1 1 1 1 1 1 1 1 1 1 1 1 1 1 1 1 1 1 1 1 1 1 1 1 1 1 1 1 1 1 1 1 1 1 1 1 1 1 1 1 1 1 1 1 1 1 1 1 1 1 1 1 1 1 1 1 1 1 1 1 1 1 1 1 1 1 1 1 1 1 1 1 1 1 1 1 1 1 1 1 1 1 1 1 1 1 1 1 1 1 1 1 1 1 1 1 1 1 1 1 1 1 1 1 1 1 1 1 1 1 1 1 1 1 1 1 1 1 1 1 1 1 1 1 1 1 1 1 1 1 1 1 1 1 1 1 1 1 1 1 1 1 1 1 1 1 1 1 1 1 1 1 1 1 1 1 1 1 1 1 1 1 1 1 1 1 1 1 1 1 1 1 1 1 1 1 1 1 1 1 1 1 1 1 1 1 1 1 1 1 1 1 1 1 1 1 1 1 1 1 1 1 1 1 1 1 1 1 1 1 1 1 1 1 1 1 1 1 1 1 1 1 1 1 1 1 1 1 1 1 1 1 1 1 1 1 1 1 1 1 1 1 1 1 1 1 1 1 1 1 1 1 1 1 1 1 1 1 1 1 1 1 1 1 1 1 1 1 1 1 1 1 1 1 1 1 1 1 1 1 1 1 1 1 1 1 1 1 1 1 1 1 1 1 1 1 1 1 1 1 1 1 1 1 1 1 1 1 1 1 1 1 1 1 1 1 1 1 1 1 1 1 1 1 1 1 1 1 1 1 1 1 1 1 1 1 1 1 1 1 1 1 1 1 1 1 1 1 1 1 1 1 1 1 1 1 1 1 1 1 1 1 1 1 1 1 1 1 1 1 1 1 1 1 1 1 1 1 1 1 1 1 1 1 1 1 1 1 1 1 1 1 1 1 1 1 1 1 1 1 1 1 1 1 1 1 1 1 1 1 1 1 1 1 1 1 1 1 1 1 1 1 1 1 1 1 1 1 1 1 1 1 1 1 1 1 1 1 1 1 1 1 1 1 1 1 1 1 1 1 1 1 1 1 1 1 1 1 1 1 1 1 1 1 1 1 1 1 1 1 1 1 1 1 1 1 1 1 1 1 1 1 1 1 1 1 1 1 1 1 1 1 1 1 1 1 1 1 1 1 1 1 1 1 1 1 1 1 1 1 1 1 1 1 1 1 1 1 1 1 1 1 1 1 1 1 1 1 1 1 1 1 1 1 1 1 1 1 1 1 1 1 1 1 1 1 1 1 1 1 1 1 1 1 1 1 1 1 1 1 1 1 1 1 1 1 1 1 1 1 1 1 1 1 1 1 1 1 1 1 1 1 1 1 1 1 1 1 1 1 1 1 1 1 1 1 1 1 1 1 1 1 1 1 1 1 1 1 1 1 1 1 1 1 1 1 1 1 1 1 1 1 1 1 1 1 1 1 1 1 1 1 1 1 1 1 1 1 1 1 1 1 1 1 1 1 1 1 1 1 1 1 1 1 1 1 1 1 1 1 1 1 1 1 1 1 1 1 1 1 1 1 1 1 1 1 1 1 1 1 1 1 1 1 1 1 1 1 1 1 1 1 1 1 1 1 1 1 1 1 1 1 1 1 1 1 1 1 1 1 1 1 1 1 1 1 1 1 1 1 1 1 1 1 1 1 1 1 1 1 1 1 1 1 1 1 1 1 1 1 1 1 1 1 1 1 1 1 1 1 1 1 1 1 1 1 1 1 1 1 1 1 1 1 1 1 1 1 1 1 1 1 1 1 1 1 1 1 1 1 1 1 1 1 1 1 1 1 1 1 1 1 1 1 1 1 1 1 1 1 1 1 1 1 1 1 1 1 1 1 1 1 1 1 1 1 1 1 1 1 1 1 1 1 1 1 1 1 1 1 1 1 1 1 1 1 1 1 1 1 1 1 1 1 1 1 1 1 1 1 1 1 1 1 1 1 1 1 1 1 1 1 1 1 1 1 1 1 1 1 1 1 1 1 1 1 1 1 1 1 1 1 1 1 1 1 1 1 1 1 1 1 1 1 1 1 1 1 1 1 1 1 1 1 1 1 1 1 1 1 1 1 1 1 1 1 1 1 1 1 1 1 1 1 1 1 1 1 1 1 1 1 1 1 1 1 1 1 1 1 1 1 1 1 1 1 1 1 1 1 1 1 1 1 1 1 1 1 1 1 1 1 1 1 1 1 1 1 1 1 1 1 1 1 1 1 1 1 1 1 1 1 1 1 1 1 1 1 1 1 1 1 1 1 1 1 1 1 1 1 1 1 1 1 1 1 1 1 1 1 1 1 1 1 1 1 1 1 1 1 1 1 1 1 1 1 1 1 1 1 1 1 1 1 1 1 1 1 1 1 1 1 1 1 1 1 1 1 1 1 1 1 1 1 1 1 1 1 1 1 1 1 1 1 1 1 1 1 1 1 1 1 1 1 1 1 1 1 1 1 1 1 1 1 1 1 1 1 1 1 1 1 1 1 1 1 1 1 1 1 1 1 1 1 1 1 1 1 1 1 1 1 1 1 1 1 1 1 1 1 1 1 1 1 1 1 1 1 1 1 1 1 1 1 1 1 1 1 1 1 1 1 1 1 1 1 1 1 1 1 1 1 1 1 1 1 1 1 1 1 1 1 1 1 1 1 1 1 1 1 1 1 1 1 1 1 1 1 1 1 1 1 1 1 1 1 1 1 1 1 1 1 1 1 1 1 1 1 1 1 1 1 1 1 1 1 1 1 1 1 1 1 1 1 1 1 1 1 1 1 1 1 1 1 1 1 1 1 1 1 1 1 1 1 1 1 1 1 1 1 1 1 1 1 1 1 1 1 1 1 1 1 1 1 1 1 1 1 1 1 1 1 1 1 1 1 1 1 1 1 1 1 1 1 1 1 1 1 1 1 1 1 1 1 1 1 1 1 1 1 1 1 1 1 1 1 1 1 1 1 1 1 1 1 1 1 1 1 1 1 1 1 1 1 1 1 1 1 1 1 1 1 1 1 1 1 1 1 1 1 1 1 1 1 1 1 1 1 1 1 1 1 1 1 1 1 1 1 1 1 1 1 1 1 1 1 1 1 1 1 1 1 1 1 1 1 1 1 1 1 1 1 1 1 1 1 1 1 1 1 1 1 1 1</float_array>
          <technique_common>
            <accessor source="#geom-Clt_TES066_F__M_TES066_F-map-2-array" count="3959" stride="3">
              <param name="R" type="float"/>
              <param name="G" type="float"/>
              <param name="B" type="float"/>
            </accessor>
          </technique_common>
        </source>
        <source id="geom-Clt_TES066_F__M_TES066_F-map0">
          <float_array id="geom-Clt_TES066_F__M_TES066_F-map0-array" count="11877">1 1 1 1 1 1 1 1 1 1 1 1 1 1 1 1 1 1 1 1 1 1 1 1 1 1 1 1 1 1 1 1 1 1 1 1 1 1 1 1 1 1 1 1 1 1 1 1 1 1 1 1 1 1 1 1 1 1 1 1 1 1 1 1 1 1 1 1 1 1 1 1 1 1 1 1 1 1 1 1 1 1 1 1 1 1 1 1 1 1 1 1 1 1 1 1 1 1 1 1 1 1 1 1 1 1 1 1 1 1 1 1 1 1 1 1 1 1 1 1 1 1 1 1 1 1 1 1 1 1 1 1 1 1 1 1 1 1 1 1 1 1 1 1 1 1 1 1 1 1 1 1 1 1 1 1 1 1 1 1 1 1 1 1 1 1 1 1 1 1 1 1 1 1 1 1 1 1 1 1 1 1 1 1 1 1 1 1 1 1 1 1 1 1 1 1 1 1 1 1 1 1 1 1 1 1 1 1 1 1 1 1 1 1 1 1 1 1 1 1 1 1 1 1 1 1 1 1 1 1 1 1 1 1 1 1 1 1 1 1 1 1 1 1 1 1 1 1 1 1 1 1 1 1 1 1 1 1 1 1 1 1 1 1 1 1 1 1 1 1 1 1 1 1 1 1 1 1 1 1 1 1 1 1 1 1 1 1 1 1 1 1 1 1 1 1 1 1 1 1 1 1 1 1 1 1 1 1 1 1 1 1 1 1 1 1 1 1 1 1 1 1 1 1 1 1 1 1 1 1 1 1 1 1 1 1 1 1 1 1 1 1 1 1 1 1 1 1 1 1 1 1 1 1 1 1 1 1 1 1 1 1 1 1 1 1 1 1 1 1 1 1 1 1 1 1 1 1 1 1 1 1 1 1 1 1 1 1 1 1 1 1 1 1 1 1 1 1 1 1 1 1 1 1 1 1 1 1 1 1 1 1 1 1 1 1 1 1 1 1 1 1 1 1 1 1 1 1 1 1 1 1 1 1 1 1 1 1 1 1 1 1 1 1 1 1 1 1 1 1 1 1 1 1 1 1 1 1 1 1 1 1 1 1 1 1 1 1 1 1 1 1 1 1 1 1 1 1 1 1 1 1 1 1 1 1 1 1 1 1 1 1 1 1 1 1 1 1 1 1 1 1 1 1 1 1 1 1 1 1 1 1 1 1 1 1 1 1 1 1 1 1 1 1 1 1 1 1 1 1 1 1 1 1 1 1 1 1 1 1 1 1 1 1 1 1 1 1 1 1 1 1 1 1 1 1 1 1 1 1 1 1 1 1 1 1 1 1 1 1 1 1 1 1 1 1 1 1 1 1 1 1 1 1 1 1 1 1 1 1 1 1 1 1 1 1 1 1 1 1 1 1 1 1 1 1 1 1 1 1 1 1 1 1 1 1 1 1 1 1 1 1 1 1 1 1 1 1 1 1 1 1 1 1 1 1 1 1 1 1 1 1 1 1 1 1 1 1 1 1 1 1 1 1 1 1 1 1 1 1 1 1 1 1 1 1 1 1 1 1 1 1 1 1 1 1 1 1 1 1 1 1 1 1 1 1 1 1 1 1 1 1 1 1 1 1 1 1 1 1 1 1 1 1 1 1 1 1 1 1 1 1 1 1 1 1 1 1 1 1 1 1 1 1 1 1 1 1 1 1 1 1 1 1 1 1 1 1 1 1 1 1 1 1 1 1 1 1 1 1 1 1 1 1 1 1 1 1 1 1 1 1 1 1 1 1 1 1 1 1 1 1 1 1 1 1 1 1 1 1 1 1 1 1 1 1 1 1 1 1 1 1 1 1 1 1 1 1 1 1 1 1 1 1 1 1 1 1 1 1 1 1 1 1 1 1 1 1 1 1 1 1 1 1 1 1 1 1 1 1 1 1 1 1 1 1 1 1 1 1 1 1 1 1 1 1 1 1 1 1 1 1 1 1 1 1 1 1 1 1 1 1 1 1 1 1 1 1 1 1 1 1 1 1 1 1 1 1 1 1 1 1 1 1 1 1 1 1 1 1 1 1 1 1 1 1 1 1 1 1 1 1 1 1 1 1 1 1 1 1 1 1 1 1 1 1 1 1 1 1 1 1 1 1 1 1 1 1 1 1 1 1 1 1 1 1 1 1 1 1 1 1 1 1 1 1 1 1 1 1 1 1 1 1 1 1 1 1 1 1 1 1 1 1 1 1 1 1 1 1 1 1 1 1 1 1 1 1 1 1 1 1 1 1 1 1 1 1 1 1 1 1 1 1 1 1 1 1 1 1 1 1 1 1 1 1 1 1 1 1 1 1 1 1 1 1 1 1 1 1 1 1 1 1 1 1 1 1 1 1 1 1 1 1 1 1 1 1 1 1 1 1 1 1 1 1 1 1 1 1 1 1 1 1 1 1 1 1 1 1 1 1 1 1 1 1 1 1 1 1 1 1 1 1 1 1 1 1 1 1 1 1 1 1 1 1 1 1 1 1 1 1 1 1 1 1 1 1 1 1 1 1 1 1 1 1 1 1 1 1 1 1 1 1 1 1 1 1 1 1 1 1 1 1 1 1 1 1 1 1 1 1 1 1 1 1 1 1 1 1 1 1 1 1 1 1 1 1 1 1 1 1 1 1 1 1 1 1 1 1 1 1 1 1 1 1 1 1 1 1 1 1 1 1 1 1 1 1 1 1 1 1 1 1 1 1 1 1 1 1 1 1 1 1 1 1 1 1 1 1 1 1 1 1 1 1 1 1 1 1 1 1 1 1 1 1 1 1 1 1 1 1 1 1 1 1 1 1 1 1 1 1 1 1 1 1 1 1 1 1 1 1 1 1 1 1 1 1 1 1 1 1 1 1 1 1 1 1 1 1 1 1 1 1 1 1 1 1 1 1 1 1 1 1 1 1 1 1 1 1 1 1 1 1 1 1 1 1 1 1 1 1 1 1 1 1 1 1 1 1 1 1 1 1 1 1 1 1 1 1 1 1 1 1 1 1 1 1 1 1 1 1 1 1 1 1 1 1 1 1 1 1 1 1 1 1 1 1 1 1 1 1 1 1 1 1 1 1 1 1 1 1 1 1 1 1 1 1 1 1 1 1 1 1 1 1 1 1 1 1 1 1 1 1 1 1 1 1 1 1 1 1 1 1 1 1 1 1 1 1 1 1 1 1 1 1 1 1 1 1 1 1 1 1 1 1 1 1 1 1 1 1 1 1 1 1 1 1 1 1 1 1 1 1 1 1 1 1 1 1 1 1 1 1 1 1 1 1 1 1 1 1 1 1 1 1 1 1 1 1 1 1 1 1 1 1 1 1 1 1 1 1 1 1 1 1 1 1 1 1 1 1 1 1 1 1 1 1 1 1 1 1 1 1 1 1 1 1 1 1 1 1 1 1 1 1 1 1 1 1 1 1 1 1 1 1 1 1 1 1 1 1 1 1 1 1 1 1 1 1 1 1 1 1 1 1 1 1 1 1 1 1 1 1 1 1 1 1 1 1 1 1 1 1 1 1 1 1 1 1 1 1 1 1 1 1 1 1 1 1 1 1 1 1 1 1 1 1 1 1 1 1 1 1 1 1 1 1 1 1 1 1 1 1 1 1 1 1 1 1 1 1 1 1 1 1 1 1 1 1 1 1 1 1 1 1 1 1 1 1 1 1 1 1 1 1 1 1 1 1 1 1 1 1 1 1 1 1 1 1 1 1 1 1 1 1 1 1 1 1 1 1 1 1 1 1 1 1 1 1 1 1 1 1 1 1 1 1 1 1 1 1 1 1 1 1 1 1 1 1 1 1 1 1 1 1 1 1 1 1 1 1 1 1 1 1 1 1 1 1 1 1 1 1 1 1 1 1 1 1 1 1 1 1 1 1 1 1 1 1 1 1 1 1 1 1 1 1 1 1 1 1 1 1 1 1 1 1 1 1 1 1 1 1 1 1 1 1 1 1 1 1 1 1 1 1 1 1 1 1 1 1 1 1 1 1 1 1 1 1 1 1 1 1 1 1 1 1 1 1 1 1 1 1 1 1 1 1 1 1 1 1 1 1 1 1 1 1 1 1 1 1 1 1 1 1 1 1 1 1 1 1 1 1 1 1 1 1 1 1 1 1 1 1 1 1 1 1 1 1 1 1 1 1 1 1 1 1 1 1 1 1 1 1 1 1 1 1 1 1 1 1 1 1 1 1 1 1 1 1 1 1 1 1 1 1 1 1 1 1 1 1 1 1 1 1 1 1 1 1 1 1 1 1 1 1 1 1 1 1 1 1 1 1 1 1 1 1 1 1 1 1 1 1 1 1 1 1 1 1 1 1 1 1 1 1 1 1 1 1 1 1 1 1 1 1 1 1 1 1 1 1 1 1 1 1 1 1 1 1 1 1 1 1 1 1 1 1 1 1 1 1 1 1 1 1 1 1 1 1 1 1 1 1 1 1 1 1 1 1 1 1 1 1 1 1 1 1 1 1 1 1 1 1 1 1 1 1 1 1 1 1 1 1 1 1 1 1 1 1 1 1 1 1 1 1 1 1 1 1 1 1 1 1 1 1 1 1 1 1 1 1 1 1 1 1 1 1 1 1 1 1 1 1 1 1 1 1 1 1 1 1 1 1 1 1 1 1 1 1 1 1 1 1 1 1 1 1 1 1 1 1 1 1 1 1 1 1 1 1 1 1 1 1 1 1 1 1 1 1 1 1 1 1 1 1 1 1 1 1 1 1 1 1 1 1 1 1 1 1 1 1 1 1 1 1 1 1 1 1 1 1 1 1 1 1 1 1 1 1 1 1 1 1 1 1 1 1 1 1 1 1 1 1 1 1 1 1 1 1 1 1 1 1 1 1 1 1 1 1 1 1 1 1 1 1 1 1 1 1 1 1 1 1 1 1 1 1 1 1 1 1 1 1 1 1 1 1 1 1 1 1 1 1 1 1 1 1 1 1 1 1 1 1 1 1 1 1 1 1 1 1 1 1 1 1 1 1 1 1 1 1 1 1 1 1 1 1 1 1 1 1 1 1 1 1 1 1 1 1 1 1 1 1 1 1 1 1 1 1 1 1 1 1 1 1 1 1 1 1 1 1 1 1 1 1 1 1 1 1 1 1 1 1 1 1 1 1 1 1 1 1 1 1 1 1 1 1 1 1 1 1 1 1 1 1 1 1 1 1 1 1 1 1 1 1 1 1 1 1 1 1 1 1 1 1 1 1 1 1 1 1 1 1 1 1 1 1 1 1 1 1 1 1 1 1 1 1 1 1 1 1 1 1 1 1 1 1 1 1 1 1 1 1 1 1 1 1 1 1 1 1 1 1 1 1 1 1 1 1 1 1 1 1 1 1 1 1 1 1 1 1 1 1 1 1 1 1 1 1 1 1 1 1 1 1 1 1 1 1 1 1 1 1 1 1 1 1 1 1 1 1 1 1 1 1 1 1 1 1 1 1 1 1 1 1 1 1 1 1 1 1 1 1 1 1 1 1 1 1 1 1 1 1 1 1 1 1 1 1 1 1 1 1 1 1 1 1 1 1 1 1 1 1 1 1 1 1 1 1 1 1 1 1 1 1 1 1 1 1 1 1 1 1 1 1 1 1 1 1 1 1 1 1 1 1 1 1 1 1 1 1 1 1 1 1 1 1 1 1 1 1 1 1 1 1 1 1 1 1 1 1 1 1 1 1 1 1 1 1 1 1 1 1 1 1 1 1 1 1 1 1 1 1 1 1 1 1 1 1 1 1 1 1 1 1 1 1 1 1 1 1 1 1 1 1 1 1 1 1 1 1 1 1 1 1 1 1 1 1 1 1 1 1 1 1 1 1 1 1 1 1 1 1 1 1 1 1 1 1 1 1 1 1 1 1 1 1 1 1 1 1 1 1 1 1 1 1 1 1 1 1 1 1 1 1 1 1 1 1 1 1 1 1 1 1 1 1 1 1 1 1 1 1 1 1 1 1 1 1 1 1 1 1 1 1 1 1 1 1 1 1 1 1 1 1 1 1 1 1 1 1 1 1 1 1 1 1 1 1 1 1 1 1 1 1 1 1 1 1 1 1 1 1 1 1 1 1 1 1 1 1 1 1 1 1 1 1 1 1 1 1 1 1 1 1 1 1 1 1 1 1 1 1 1 1 1 1 1 1 1 1 1 1 1 1 1 1 1 1 1 1 1 1 1 1 1 1 1 1 1 1 1 1 1 1 1 1 1 1 1 1 1 1 1 1 1 1 1 1 1 1 1 1 1 1 1 1 1 1 1 1 1 1 1 1 1 1 1 1 1 1 1 1 1 1 1 1 1 1 1 1 1 1 1 1 1 1 1 1 1 1 1 1 1 1 1 1 1 1 1 1 1 1 1 1 1 1 1 1 1 1 1 1 1 1 1 1 1 1 1 1 1 1 1 1 1 1 1 1 1 1 1 1 1 1 1 1 1 1 1 1 1 1 1 1 1 1 1 1 1 1 1 1 1 1 1 1 1 1 1 1 1 1 1 1 1 1 1 1 1 1 1 1 1 1 1 1 1 1 1 1 1 1 1 1 1 1 1 1 1 1 1 1 1 1 1 1 1 1 1 1 1 1 1 1 1 1 1 1 1 1 1 1 1 1 1 1 1 1 1 1 1 1 1 1 1 1 1 1 1 1 1 1 1 1 1 1 1 1 1 1 1 1 1 1 1 1 1 1 1 1 1 1 1 1 1 1 1 1 1 1 1 1 1 1 1 1 1 1 1 1 1 1 1 1 1 1 1 1 1 1 1 1 1 1 1 1 1 1 1 1 1 1 1 1 1 1 1 1 1 1 1 1 1 1 1 1 1 1 1 1 1 1 1 1 1 1 1 1 1 1 1 1 1 1 1 1 1 1 1 1 1 1 1 1 1 1 1 1 1 1 1 1 1 1 1 1 1 1 1 1 1 1 1 1 1 1 1 1 1 1 1 1 1 1 1 1 1 1 1 1 1 1 1 1 1 1 1 1 1 1 1 1 1 1 1 1 1 1 1 1 1 1 1 1 1 1 1 1 1 1 1 1 1 1 1 1 1 1 1 1 1 1 1 1 1 1 1 1 1 1 1 1 1 1 1 1 1 1 1 1 1 1 1 1 1 1 1 1 1 1 1 1 1 1 1 1 1 1 1 1 1 1 1 1 1 1 1 1 1 1 1 1 1 1 1 1 1 1 1 1 1 1 1 1 1 1 1 1 1 1 1 1 1 1 1 1 1 1 1 1 1 1 1 1 1 1 1 1 1 1 1 1 1 1 1 1 1 1 1 1 1 1 1 1 1 1 1 1 1 1 1 1 1 1 1 1 1 1 1 1 1 1 1 1 1 1 1 1 1 1 1 1 1 1 1 1 1 1 1 1 1 1 1 1 1 1 1 1 1 1 1 1 1 1 1 1 1 1 1 1 1 1 1 1 1 1 1 1 1 1 1 1 1 1 1 1 1 1 1 1 1 1 1 1 1 1 1 1 1 1 1 1 1 1 1 1 1 1 1 1 1 1 1 1 1 1 1 1 1 1 1 1 1 1 1 1 1 1 1 1 1 1 1 1 1 1 1 1 1 1 1 1 1 1 1 1 1 1 1 1 1 1 1 1 1 1 1 1 1 1 1 1 1 1 1 1 1 1 1 1 1 1 1 1 1 1 1 1 1 1 1 1 1 1 1 1 1 1 1 1 1 1 1 1 1 1 1 1 1 1 1 1 1 1 1 1 1 1 1 1 1 1 1 1 1 1 1 1 1 1 1 1 1 1 1 1 1 1 1 1 1 1 1 1 1 1 1 1 1 1 1 1 1 1 1 1 1 1 1 1 1 1 1 1 1 1 1 1 1 1 1 1 1 1 1 1 1 1 1 1 1 1 1 1 1 1 1 1 1 1 1 1 1 1 1 1 1 1 1 1 1 1 1 1 1 1 1 1 1 1 1 1 1 1 1 1 1 1 1 1 1 1 1 1 1 1 1 1 1 1 1 1 1 1 1 1 1 1 1 1 1 1 1 1 1 1 1 1 1 1 1 1 1 1 1 1 1 1 1 1 1 1 1 1 1 1 1 1 1 1 1 1 1 1 1 1 1 1 1 1 1 1 1 1 1 1 1 1 1 1 1 1 1 1 1 1 1 1 1 1 1 1 1 1 1 1 1 1 1 1 1 1 1 1 1 1 1 1 1 1 1 1 1 1 1 1 1 1 1 1 1 1 1 1 1 1 1 1 1 1 1 1 1 1 1 1 1 1 1 1 1 1 1 1 1 1 1 1 1 1 1 1 1 1 1 1 1 1 1 1 1 1 1 1 1 1 1 1 1 1 1 1 1 1 1 1 1 1 1 1 1 1 1 1 1 1 1 1 1 1 1 1 1 1 1 1 1 1 1 1 1 1 1 1 1 1 1 1 1 1 1 1 1 1 1 1 1 1 1 1 1 1 1 1 1 1 1 1 1 1 1 1 1 1 1 1 1 1 1 1 1 1 1 1 1 1 1 1 1 1 1 1 1 1 1 1 1 1 1 1 1 1 1 1 1 1 1 1 1 1 1 1 1 1 1 1 1 1 1 1 1 1 1 1 1 1 1 1 1 1 1 1 1 1 1 1 1 1 1 1 1 1 1 1 1 1 1 1 1 1 1 1 1 1 1 1 1 1 1 1 1 1 1 1 1 1 1 1 1 1 1 1 1 1 1 1 1 1 1 1 1 1 1 1 1 1 1 1 1 1 1 1 1 1 1 1 1 1 1 1 1 1 1 1 1 1 1 1 1 1 1 1 1 1 1 1 1 1 1 1 1 1 1 1 1 1 1 1 1 1 1 1 1 1 1 1 1 1 1 1 1 1 1 1 1 1 1 1 1 1 1 1 1 1 1 1 1 1 1 1 1 1 1 1 1 1 1 1 1 1 1 1 1 1 1 1 1 1 1 1 1 1 1 1 1 1 1 1 1 1 1 1 1 1 1 1 1 1 1 1 1 1 1 1 1 1 1 1 1 1 1 1 1 1 1 1 1 1 1 1 1 1 1 1 1 1 1 1 1 1 1 1 1 1 1 1 1 1 1 1 1 1 1 1 1 1 1 1 1 1 1 1 1 1 1 1 1 1 1 1 1 1 1 1 1 1 1 1 1 1 1 1 1 1 1 1 1 1 1 1 1 1 1 1 1 1 1 1 1 1 1 1 1 1 1 1 1 1 1 1 1 1 1 1 1 1 1 1 1 1 1 1 1 1 1 1 1 1 1 1 1 1 1 1 1 1 1 1 1 1 1 1 1 1 1 1 1 1 1 1 1 1 1 1 1 1 1 1 1 1 1 1 1 1 1 1 1 1 1 1 1 1 1 1 1 1 1 1 1 1 1 1 1 1 1 1 1 1 1 1 1 1 1 1 1 1 1 1 1 1 1 1 1 1 1 1 1 1 1 1 1 1 1 1 1 1 1 1 1 1 1 1 1 1 1 1 1 1 1 1 1 1 1 1 1 1 1 1 1 1 1 1 1 1 1 1 1 1 1 1 1 1 1 1 1 1 1 1 1 1 1 1 1 1 1 1 1 1 1 1 1 1 1 1 1 1 1 1 1 1 1 1 1 1 1 1 1 1 1 1 1 1 1 1 1 1 1 1 1 1 1 1 1 1 1 1 1 1 1 1 1 1 1 1 1 1 1 1 1 1 1 1 1 1 1 1 1 1 1 1 1 1 1 1 1 1 1 1 1 1 1 1 1 1 1 1 1 1 1 1 1 1 1 1 1 1 1 1 1 1 1 1 1 1 1 1 1 1 1 1 1 1 1 1 1 1 1 1 1 1 1 1 1 1 1 1 1 1 1 1 1 1 1 1 1 1 1 1 1 1 1 1 1 1 1 1 1 1 1 1 1 1 1 1 1 1 1 1 1 1 1 1 1 1 1 1 1 1 1 1 1 1 1 1 1 1 1 1 1 1 1 1 1 1 1 1 1 1 1 1 1 1 1 1 1 1 1 1 1 1 1 1 1 1 1 1 1 1 1 1 1 1 1 1 1 1 1 1 1 1 1 1 1 1 1 1 1 1 1 1 1 1 1 1 1 1 1 1 1 1 1 1 1 1 1 1 1 1 1 1 1 1 1 1 1 1 1 1 1 1 1 1 1 1 1 1 1 1 1 1 1 1 1 1 1 1 1 1 1 1 1 1 1 1 1 1 1 1 1 1 1 1 1 1 1 1 1 1 1 1 1 1 1 1 1 1 1 1 1 1 1 1 1 1 1 1 1 1 1 1 1 1 1 1 1 1 1 1 1 1 1 1 1 1 1 1 1 1 1 1 1 1 1 1 1 1 1 1 1 1 1 1 1 1 1 1 1 1 1 1 1 1 1 1 1 1 1 1 1 1 1 1 1 1 1 1 1 1 1 1 1 1 1 1 1 1 1 1 1 1 1 1 1 1 1 1 1 1 1 1 1 1 1 1 1 1 1 1 1 1 1 1 1 1 1 1 1 1 1 1 1 1 1 1 1 1 1 1 1 1 1 1 1 1 1 1 1 1 1 1 1 1 1 1 1 1 1 1 1 1 1 1 1 1 1 1 1 1 1 1 1 1 1 1 1 1 1 1 1 1 1 1 1 1 1 1 1 1 1 1 1 1 1 1 1 1 1 1 1 1 1 1 1 1 1 1 1 1 1 1 1 1 1 1 1 1 1 1 1 1 1 1 1 1 1 1 1 1 1 1 1 1 1 1 1 1 1 1 1 1 1 1 1 1 1 1 1 1 1 1 1 1 1 1 1 1 1 1 1 1 1 1 1 1 1 1 1 1 1 1 1 1 1 1 1 1 1 1 1 1 1 1 1 1 1 1 1 1 1 1 1 1 1 1 1 1 1 1 1 1 1 1 1 1 1 1 1 1 1 1 1 1 1 1 1 1 1 1 1 1 1 1 1 1 1 1 1 1 1 1 1 1 1 1 1 1 1 1 1 1 1 1 1 1 1 1 1 1 1 1 1 1 1 1 1 1 1 1 1 1 1 1 1 1 1 1 1 1 1 1 1 1 1 1 1 1 1 1 1 1 1 1 1 1 1 1 1 1 1 1 1 1 1 1 1 1 1 1 1 1 1 1 1 1 1 1 1 1 1 1 1 1 1 1 1 1 1 1 1 1 1 1 1 1 1 1 1 1 1 1 1 1 1 1 1 1 1 1 1 1 1 1 1 1 1 1 1 1 1 1 1 1 1 1 1 1 1 1 1 1 1 1 1 1 1 1 1 1 1 1 1 1 1 1 1 1 1 1 1 1 1 1 1 1 1 1 1 1 1 1 1 1 1 1 1 1 1 1 1 1 1 1 1 1 1 1 1 1 1 1 1 1 1 1 1 1 1 1 1 1 1 1 1 1 1 1 1 1 1 1 1 1 1 1 1 1 1 1 1 1 1 1 1 1 1 1 1 1 1 1 1 1 1 1 1 1 1 1 1 1 1 1 1 1 1 1 1 1 1 1 1 1 1 1 1 1 1 1 1 1 1 1 1 1 1 1 1 1 1 1 1 1 1 1 1 1 1 1 1 1 1 1 1 1 1 1 1 1 1 1 1 1 1 1 1 1 1 1 1 1 1 1 1 1 1 1 1 1 1 1 1 1 1 1 1 1 1 1 1 1 1 1 1 1 1 1 1 1 1 1 1 1 1 1 1 1 1 1 1 1 1 1 1 1 1 1 1 1 1 1 1 1 1 1 1 1 1 1 1 1 1 1 1 1 1 1 1 1 1 1 1 1 1 1 1 1 1 1 1 1 1 1 1 1 1 1 1 1 1 1 1 1 1 1 1 1 1 1 1 1 1 1 1 1 1 1 1 1 1 1 1 1 1 1 1 1 1 1 1 1 1 1 1 1 1 1 1 1 1 1 1 1 1 1 1 1 1 1 1 1 1 1 1 1 1 1 1 1 1 1 1 1 1 1 1 1 1 1 1 1 1 1 1 1 1 1 1 1 1 1 1 1 1 1 1 1 1 1 1 1 1 1 1 1 1 1 1 1 1 1 1 1 1 1 1 1 1 1 1 1 1 1 1 1 1 1 1 1 1 1 1 1 1 1 1 1 1 1 1 1 1 1 1 1 1 1 1 1 1 1 1 1 1 1 1 1 1 1 1 1 1 1 1 1 1 1 1 1 1 1 1 1 1 1 1 1 1 1 1 1 1 1 1 1 1 1 1 1 1 1 1 1 1 1 1 1 1 1 1 1 1 1 1 1 1 1 1 1 1 1 1 1 1 1 1 1 1 1 1 1 1 1 1 1 1 1 1 1 1 1 1 1 1 1 1 1 1 1 1 1 1 1 1 1 1 1 1 1 1 1 1 1 1 1 1 1 1 1 1 1 1 1 1 1 1 1 1 1 1 1 1 1 1 1 1 1 1 1 1 1 1 1 1 1 1 1 1 1 1 1 1 1 1 1 1 1 1 1 1 1 1 1 1 1 1 1 1 1 1 1 1 1 1 1 1 1 1 1 1 1 1 1 1 1 1 1 1 1 1 1 1 1 1 1 1 1 1 1 1 1 1 1 1 1 1 1 1 1 1 1 1 1 1 1 1 1 1 1 1 1 1 1 1 1 1 1 1 1 1 1 1 1 1 1 1 1 1 1 1 1 1 1 1 1 1 1 1 1 1 1 1 1 1 1 1 1 1 1 1 1 1 1 1 1 1 1 1 1 1 1 1 1 1 1 1 1 1 1 1 1 1 1 1 1 1 1 1 1 1 1 1 1 1 1 1 1 1 1 1 1 1 1 1 1 1 1 1 1 1 1 1 1 1 1 1 1 1 1 1 1 1 1 1 1 1 1 1 1 1 1 1 1 1 1 1 1 1 1 1 1 1 1 1 1 1 1 1 1 1 1 1 1 1 1 1 1 1 1 1 1 1 1 1 1 1 1 1 1 1 1 1 1 1 1 1 1 1 1 1 1 1 1 1 1 1 1 1 1 1 1 1 1 1 1 1 1 1 1 1 1 1 1 1 1 1 1 1 1 1 1 1 1 1 1 1 1 1 1 1 1 1 1 1 1 1 1 1 1 1 1 1 1 1 1 1 1 1 1 1 1 1 1 1 1 1 1 1 1 1 1 1 1 1 1 1 1 1 1 1 1 1 1 1 1 1 1 1 1 1 1 1 1 1 1 1 1 1 1 1 1 1 1 1 1 1 1 1 1 1 1 1 1 1 1 1 1 1 1 1 1 1 1 1 1 1 1 1 1 1 1 1 1 1 1 1 1 1 1 1 1 1 1 1 1 1 1 1 1 1 1 1 1 1 1 1 1 1 1 1 1 1 1 1 1 1 1 1 1 1 1 1 1 1 1 1 1 1 1 1 1 1 1 1 1 1 1 1 1 1 1 1 1 1 1 1 1 1 1 1 1 1 1 1 1 1 1 1 1 1 1 1 1 1 1 1 1 1 1 1 1 1 1 1 1 1 1 1 1 1 1 1 1 1 1 1 1 1 1 1 1 1 1 1 1 1 1 1 1 1 1 1 1 1 1 1 1 1 1 1 1 1 1 1 1 1 1 1 1 1 1 1 1 1 1 1 1 1 1 1 1 1 1 1 1 1 1 1 1 1 1 1 1 1 1 1 1 1 1 1 1 1 1 1 1 1 1 1 1 1 1 1 1 1 1 1 1 1 1 1 1 1 1 1 1 1 1 1 1 1 1 1 1 1 1 1 1 1 1 1 1 1 1 1 1 1 1 1 1 1 1 1 1 1 1 1 1 1 1 1 1 1 1 1 1 1 1 1 1 1 1 1 1 1 1 1 1 1 1 1 1 1 1 1 1 1 1 1 1 1 1 1 1 1 1 1 1 1 1 1 1 1 1 1 1 1 1 1 1 1 1 1 1 1 1 1 1 1 1 1 1 1 1 1 1 1 1 1 1 1 1 1 1 1 1 1 1 1 1 1 1 1 1 1 1 1 1 1 1 1 1 1 1 1 1 1 1 1 1 1 1 1 1 1 1 1 1 1 1 1 1 1 1 1 1 1 1 1 1 1 1 1 1 1 1 1 1 1 1 1 1 1 1 1 1 1 1 1 1 1 1 1 1 1 1 1 1 1 1 1 1 1 1 1 1 1 1 1 1 1 1 1 1 1 1 1 1 1 1 1 1 1 1 1 1 1 1 1 1 1 1 1 1 1 1 1 1 1 1 1 1 1 1 1 1 1 1 1 1 1 1 1 1 1 1 1 1 1 1 1 1 1 1 1 1 1 1 1 1 1 1 1 1 1 1 1 1 1 1 1 1 1 1 1 1 1 1 1 1 1 1 1 1 1 1 1 1 1 1 1 1 1 1 1 1 1 1 1 1 1 1 1 1 1 1 1 1 1 1 1 1 1 1 1 1 1 1 1 1 1 1 1 1 1 1 1 1 1 1 1 1 1 1 1 1 1 1 1 1 1 1 1 1 1 1 1 1 1 1 1 1 1 1 1 1 1 1 1 1 1 1 1 1 1 1 1 1 1 1 1 1 1 1 1 1 1 1 1 1 1 1 1 1 1 1 1 1 1 1 1 1 1 1 1 1 1 1 1 1 1 1 1 1 1 1 1 1 1 1 1 1 1 1 1 1 1 1 1 1 1 1 1 1 1 1 1 1 1 1 1 1 1 1 1 1 1 1 1 1 1 1 1 1 1 1 1 1 1 1 1 1 1 1 1 1 1 1 1 1 1 1 1 1 1 1 1 1 1 1 1 1 1 1 1 1 1 1 1 1 1 1 1 1 1 1 1 1 1 1 1 1 1 1 1 1 1 1 1 1 1 1 1 1 1 1 1 1 1 1 1 1 1 1 1 1 1 1 1 1 1 1 1 1 1 1 1 1 1 1 1 1 1 1 1 1 1 1 1 1 1 1 1 1 1 1 1 1 1 1 1 1 1 1 1 1 1 1 1 1 1 1 1 1 1 1 1 1 1 1 1 1 1 1 1 1 1 1 1 1 1 1 1 1 1 1 1 1 1 1 1 1 1 1 1 1 1 1 1 1 1 1 1 1 1 1 1 1 1 1 1 1 1 1 1 1 1 1 1 1 1 1 1 1 1 1 1 1 1 1 1 1 1 1 1 1 1 1 1 1 1 1 1 1 1 1 1 1 1 1 1 1 1 1 1 1 1 1 1 1 1 1 1 1 1 1 1 1 1 1 1 1 1 1 1 1 1 1 1 1 1 1 1 1 1 1 1 1 1 1 1 1 1 1 1 1 1 1 1 1 1 1 1 1 1 1 1 1 1 1 1 1 1 1 1 1 1 1 1 1 1 1 1 1 1 1 1 1 1 1 1 1 1 1 1 1 1 1 1 1 1 1 1 1 1 1 1 1 1 1 1 1 1 1 1 1 1 1 1 1 1 1 1 1 1 1 1 1 1 1 1 1 1 1 1 1 1 1 1 1 1 1 1 1 1 1 1 1 1 1 1 1 1 1 1 1 1 1 1 1 1 1 1 1 1 1 1 1 1 1 1 1 1 1 1 1 1 1 1 1 1 1 1 1 1 1 1 1 1 1 1 1 1 1 1 1 1 1 1 1 1 1 1 1 1 1 1 1 1 1 1 1 1 1 1 1 1 1 1 1 1 1 1 1 1 1 1 1 1 1 1 1 1 1 1 1 1 1 1 1 1 1 1 1 1 1 1 1 1 1 1 1 1 1 1 1 1 1 1 1 1 1 1 1 1 1 1 1 1 1 1 1 1 1 1 1 1 1 1 1 1 1 1 1 1 1 1 1 1 1 1 1 1 1 1 1 1 1 1 1 1 1 1 1 1 1 1 1 1 1 1 1 1 1 1 1 1 1 1 1 1 1 1 1 1 1 1 1 1 1 1 1 1 1 1 1 1 1 1 1 1 1 1 1 1 1 1 1 1 1 1 1 1 1 1 1 1 1 1 1 1 1 1 1 1 1 1 1 1 1 1 1 1 1 1 1 1 1 1 1 1 1 1 1 1 1 1 1 1 1 1 1 1 1 1 1 1 1 1 1 1 1 1 1 1 1 1 1 1 1 1 1 1 1 1 1 1 1 1 1 1 1 1 1 1 1 1 1 1 1 1 1 1 1 1 1 1 1 1 1 1 1 1 1 1 1 1 1 1 1 1 1 1 1 1 1 1 1 1 1 1 1 1 1 1 1 1 1 1 1 1 1 1 1 1 1 1 1 1 1 1 1 1 1 1 1 1 1 1 1 1 1 1 1 1 1 1 1 1 1 1 1 1 1 1 1 1 1 1 1 1 1 1 1 1 1 1 1 1 1 1 1 1 1 1 1 1 1 1 1 1 1 1 1 1 1 1 1 1 1 1 1 1 1 1 1 1 1 1 1 1 1 1 1 1 1 1 1 1 1 1 1 1 1 1 1 1 1 1 1 1 1 1 1 1 1 1 1 1 1 1 1 1 1 1 1 1 1 1 1 1 1 1 1 1 1 1 1 1 1 1 1 1 1 1 1 1 1 1 1 1 1 1 1 1 1 1 1 1 1 1 1 1 1 1 1 1 1 1 1 1 1 1 1 1 1 1 1 1 1 1 1 1 1 1 1 1 1 1 1 1 1 1 1 1 1 1 1 1 1 1 1 1 1 1 1 1 1 1 1 1 1 1 1 1 1 1 1 1 1 1 1 1 1 1 1 1 1 1 1 1 1 1 1 1 1 1 1 1 1 1 1 1 1 1 1 1 1 1 1 1 1 1 1 1 1 1 1 1 1 1 1 1 1 1 1 1 1 1 1 1 1 1 1 1 1 1 1 1 1 1 1 1 1 1 1 1 1 1 1 1 1 1 1 1 1 1 1 1 1 1 1 1 1 1 1 1 1 1 1 1 1 1 1 1 1 1 1 1 1 1 1 1 1 1 1 1 1 1 1 1 1 1 1 1 1 1 1 1 1 1 1 1 1 1 1 1 1 1 1 1 1 1 1 1 1 1 1 1 1 1 1 1 1 1 1 1 1 1 1 1 1 1 1 1 1 1 1 1 1 1 1 1 1 1 1 1 1 1 1 1 1 1 1 1 1 1 1 1 1 1 1 1 1 1 1 1 1 1 1 1 1 1 1 1 1 1 1 1 1 1 1 1 1 1 1 1 1 1 1 1 1 1 1 1 1 1 1 1 1 1 1 1 1 1 1 1 1 1 1 1 1 1 1 1 1 1 1 1 1 1 1 1 1 1 1 1 1 1 1 1 1 1 1 1 1 1 1 1 1 1 1 1 1 1 1 1 1 1 1 1 1 1 1 1 1 1 1 1 1 1 1 1 1 1 1 1 1 1 1 1 1 1 1 1 1 1 1 1 1 1 1 1 1 1 1 1 1 1 1 1 1 1 1 1 1 1 1 1 1 1 1 1 1 1 1 1 1 1 1 1 1 1 1 1 1 1 1 1 1 1 1 1 1 1 1 1 1 1 1 1 1 1 1 1 1 1 1 1 1 1 1 1 1 1 1 1 1 1 1 1 1 1 1 1 1 1 1 1 1 1 1 1 1 1 1 1 1 1 1 1 1 1 1 1 1 1 1 1 1 1 1 1 1 1 1 1 1 1 1 1 1 1 1 1 1 1 1 1 1 1 1 1 1 1 1 1 1 1 1 1 1 1 1 1 1 1 1 1 1 1 1 1 1 1 1 1 1 1 1 1 1 1 1 1 1 1 1 1 1 1 1 1 1 1 1 1 1 1 1 1 1 1 1 1 1 1 1 1 1 1 1 1 1 1 1 1 1 1 1 1 1 1 1 1 1 1 1 1 1 1 1 1 1 1 1 1 1 1 1 1 1 1 1 1 1 1 1 1 1 1 1 1 1 1 1 1 1 1 1 1 1 1 1 1 1 1 1 1 1 1 1 1 1 1 1 1 1 1 1 1 1 1 1 1 1 1 1 1 1 1 1 1 1 1 1 1 1 1 1 1 1 1 1 1 1 1 1 1 1 1 1 1 1 1 1 1 1 1 1 1 1 1 1 1 1 1 1 1 1 1 1 1 1 1 1 1 1 1 1 1 1 1 1 1 1 1 1 1 1 1 1 1 1 1 1 1 1 1 1 1 1 1 1 1 1 1 1 1 1 1 1 1 1 1 1 1 1 1 1 1 1 1 1 1 1 1 1 1 1 1 1 1 1 1 1 1 1 1 1 1 1 1 1 1 1 1 1 1 1 1 1 1 1 1 1 1 1 1 1 1 1 1 1 1 1 1 1 1 1 1 1 1 1 1 1 1 1 1 1 1 1 1 1 1 1 1 1 1 1 1 1 1 1 1 1 1 1 1 1 1 1 1 1 1 1 1 1 1 1 1 1 1 1 1 1 1 1 1 1 1 1 1 1 1 1 1 1 1 1 1 1 1 1 1 1 1 1 1 1 1 1 1 1 1 1 1 1 1 1 1 1 1 1 1 1 1 1 1 1 1 1 1 1 1 1 1 1 1 1 1 1 1 1 1 1 1 1 1 1 1 1 1 1 1 1 1 1 1 1 1 1 1 1 1 1 1 1 1 1 1 1 1 1 1 1 1 1 1 1 1 1 1 1 1 1 1 1 1 1 1 1 1 1 1 1 1 1 1 1 1 1 1 1 1 1 1 1 1 1 1 1 1 1 1 1 1 1 1 1 1 1 1 1 1 1 1 1 1 1 1 1 1 1 1 1 1 1 1 1 1 1 1 1 1 1 1 1 1 1 1 1 1 1 1 1 1 1 1 1 1 1 1 1 1 1 1 1 1 1 1 1 1 1 1 1 1 1 1 1 1 1 1 1 1 1 1 1 1 1 1 1 1 1 1 1 1 1 1 1 1 1 1 1 1 1 1 1 1 1 1 1 1 1 1 1 1 1 1 1 1 1 1 1 1 1 1 1 1 1 1 1 1 1 1 1 1 1 1 1 1 1 1 1 1 1 1 1 1 1 1 1 1 1 1 1 1 1 1 1 1 1 1 1 1 1 1 1 1 1 1 1 1 1 1 1 1 1 1 1 1 1 1 1 1 1 1 1 1 1 1 1 1 1 1 1 1 1 1 1 1 1 1 1 1 1 1 1 1 1 1 1 1 1 1 1 1 1 1 1 1 1 1 1 1 1 1 1 1 1 1 1 1 1 1 1 1 1 1 1 1 1 1 1 1 1 1 1 1 1 1 1 1 1 1 1 1 1 1 1 1 1 1 1 1 1 1 1 1 1 1 1 1 1 1 1 1 1 1 1 1 1 1 1 1 1 1 1 1 1 1 1 1 1 1 1 1 1 1 1 1 1 1 1 1 1 1 1 1 1 1 1 1 1 1 1 1 1 1 1 1 1 1 1 1 1 1 1 1 1 1 1 1 1 1 1 1 1 1 1 1 1 1 1 1 1 1 1 1 1 1 1 1 1 1 1 1 1 1 1 1 1 1 1 1 1 1 1 1 1 1 1 1 1 1 1 1 1 1 1 1 1 1 1 1 1 1 1 1 1 1 1 1 1 1 1 1 1 1 1 1 1 1 1 1 1 1 1 1 1 1 1 1 1 1 1 1 1 1 1 1 1 1 1 1 1 1 1 1 1 1 1 1 1 1 1 1 1 1 1 1 1 1 1 1 1 1 1 1 1 1 1 1 1 1 1 1 1 1 1 1 1 1 1 1 1 1 1 1 1 1 1 1 1 1 1 1 1 1 1 1 1 1 1 1 1 1 1 1 1 1 1 1 1 1 1 1 1 1 1 1 1 1 1 1 1 1 1 1 1 1 1 1 1 1 1 1 1 1 1 1 1 1 1 1 1 1 1 1 1 1 1 1 1 1 1 1 1 1 1 1 1 1 1 1 1 1 1 1 1 1 1 1 1 1 1 1 1 1 1 1 1 1 1 1 1 1 1 1 1 1 1 1 1 1 1 1 1 1 1 1 1 1 1 1 1 1 1 1 1 1 1 1 1 1 1 1 1 1 1 1 1 1 1 1 1 1 1 1 1 1 1 1 1 1 1 1 1 1 1 1 1 1 1 1 1 1 1 1 1 1 1 1 1 1 1 1 1 1 1 1 1 1 1 1 1 1 1 1 1 1 1 1 1 1 1 1 1 1 1 1 1 1 1 1 1 1 1 1 1 1 1 1 1 1 1 1 1 1 1 1 1 1 1 1 1 1 1 1 1 1 1 1 1 1 1 1 1 1 1 1 1 1 1 1 1 1 1 1 1 1 1 1 1 1 1 1 1 1 1 1 1 1 1 1 1 1 1 1 1 1 1 1 1 1 1 1 1 1 1 1 1 1 1 1 1 1 1 1 1 1 1 1 1 1 1 1 1 1 1 1 1 1 1 1 1 1 1 1 1 1 1 1 1 1 1 1 1 1 1 1 1 1 1 1 1 1 1 1 1 1 1 1 1 1 1 1 1 1 1 1 1 1 1 1 1 1 1 1 1 1 1 1 1 1 1 1 1 1 1 1 1 1 1 1 1 1 1 1 1 1 1 1 1 1 1 1 1 1 1 1 1 1 1 1 1 1 1 1 1 1 1 1 1 1 1 1 1 1 1 1 1 1 1 1 1 1 1 1 1 1 1 1 1 1 1 1 1 1 1 1 1 1 1 1 1 1 1 1 1 1 1 1 1 1 1 1 1 1 1 1 1 1 1 1 1 1 1 1 1 1 1 1 1 1 1 1 1 1 1 1 1 1 1 1 1 1 1 1 1 1 1 1 1 1 1 1 1 1 1 1 1 1 1 1 1 1 1 1 1 1 1 1 1 1 1 1 1 1 1 1 1 1 1 1 1 1 1 1 1 1 1 1 1 1 1 1 1 1 1 1 1 1 1 1 1 1 1 1 1 1 1 1 1 1 1 1 1 1 1 1 1 1 1 1 1 1 1 1 1 1 1 1 1 1 1 1 1 1 1 1 1 1 1 1 1 1 1 1 1 1 1 1 1 1 1 1 1 1 1 1 1 1 1 1 1 1 1 1 1 1 1 1 1 1 1 1 1 1 1 1 1 1 1 1 1 1 1 1 1 1 1 1 1 1 1 1 1 1 1 1 1 1 1 1 1 1 1 1 1 1 1 1 1 1 1 1 1 1 1 1 1 1 1 1 1 1 1 1 1 1 1 1 1 1 1 1 1 1 1 1 1 1 1 1 1 1 1 1 1 1 1 1 1 1 1 1 1 1 1 1 1 1 1 1 1 1 1 1 1 1 1 1 1 1 1 1 1 1 1 1 1 1 1 1 1 1 1 1 1 1 1 1 1 1 1 1 1 1 1 1 1 1 1 1 1 1 1 1 1 1 1 1 1 1 1 1 1 1 1 1 1 1 1 1 1 1 1 1 1 1 1 1 1 1 1 1 1 1 1 1 1 1 1 1 1 1 1 1 1 1 1 1 1 1 1 1 1 1 1 1 1 1 1 1 1 1 1 1 1 1 1 1 1 1 1 1 1 1 1 1 1 1 1 1 1 1 1 1 1 1 1 1 1 1 1 1 1 1 1 1 1 1 1 1 1 1 1 1 1 1 1 1 1 1 1 1 1 1 1 1 1 1 1 1 1 1 1 1 1 1 1 1 1 1 1 1 1 1 1 1 1 1 1 1 1 1 1 1 1 1 1 1 1 1 1 1 1 1 1 1 1 1 1 1 1 1 1 1 1 1 1 1 1 1 1 1 1 1 1 1 1 1 1 1 1 1 1 1 1 1 1 1 1 1 1 1 1 1 1 1 1 1 1 1 1 1 1 1 1 1 1 1 1 1 1 1 1 1 1 1 1 1 1 1 1 1 1 1 1 1 1 1 1 1 1 1 1 1 1 1 1 1 1 1 1 1 1 1 1 1 1 1 1 1 1 1 1 1 1 1 1 1 1 1 1 1 1 1 1 1 1 1 1 1 1 1 1 1 1 1 1 1 1 1 1 1 1 1 1 1 1 1 1 1 1 1 1 1 1 1 1 1 1 1 1 1 1 1 1 1 1 1 1 1 1 1 1 1 1 1 1 1 1 1 1 1 1 1 1 1 1 1 1 1 1 1 1 1 1 1 1 1 1 1 1 1 1 1 1 1 1 1 1 1 1 1 1 1 1 1 1 1 1 1 1 1 1 1 1 1 1 1 1 1 1 1 1 1 1 1 1 1 1 1 1 1 1 1 1 1 1 1 1 1 1 1 1 1 1 1 1 1 1 1 1 1 1 1 1 1 1 1 1 1 1 1 1 1 1 1 1 1 1 1 1 1 1 1 1 1 1 1 1 1 1 1 1 1 1 1 1 1 1 1 1 1 1 1 1 1 1 1 1 1 1 1 1 1 1 1 1 1 1 1 1 1 1 1 1 1 1 1 1 1 1 1 1 1 1 1 1 1 1 1 1 1 1 1 1 1 1 1 1 1 1 1 1 1 1 1 1 1 1 1 1 1 1 1 1 1 1 1 1 1 1 1 1 1 1 1 1 1 1 1 1 1 1 1 1 1 1 1 1 1 1 1 1 1 1 1 1 1 1 1 1 1 1 1 1 1 1 1 1 1 1 1 1 1 1 1 1 1 1 1 1 1 1 1 1 1 1 1 1 1 1 1 1 1 1 1 1 1 1 1 1 1 1 1 1 1 1 1 1 1 1 1 1 1 1 1 1 1 1 1 1 1 1 1 1 1 1 1 1 1 1 1 1 1 1 1 1 1 1 1 1 1 1 1 1 1 1 1 1 1 1 1 1 1 1 1 1 1 1 1 1 1 1 1 1 1 1 1 1 1 1 1 1 1 1 1 1 1 1 1 1 1 1 1 1 1 1 1 1 1 1 1 1 1 1 1 1 1 1 1 1 1 1 1 1 1 1 1 1 1 1 1 1 1 1 1 1 1 1 1 1 1 1 1 1 1 1 1 1 1 1 1 1 1 1 1 1 1 1 1 1 1 1 1 1 1 1 1 1 1 1 1 1 1 1 1 1 1 1 1 1 1 1 1 1 1 1 1 1 1 1 1 1 1 1 1 1 1 1 1 1 1 1 1 1 1 1 1 1 1 1 1 1 1 1 1 1 1 1 1 1 1 1 1 1 1 1 1 1 1 1 1 1 1 1 1 1 1 1 1 1 1 1 1 1 1 1 1 1 1 1 1 1 1 1 1 1 1 1 1 1 1 1 1 1 1 1 1 1 1 1 1 1 1 1 1 1 1 1 1 1 1 1 1 1 1 1 1 1 1 1 1 1 1 1 1 1 1 1 1 1 1 1 1 1 1 1 1 1 1 1 1 1 1 1 1 1 1 1 1 1 1 1 1 1 1 1 1 1 1 1 1 1 1 1 1 1 1 1 1 1 1 1 1 1 1 1 1 1 1 1 1 1 1 1 1 1 1 1 1 1 1 1 1 1 1 1 1 1 1 1 1 1 1 1 1 1 1 1 1 1 1 1 1 1 1 1 1 1 1 1 1 1 1 1 1 1 1 1 1 1 1 1 1 1 1 1 1 1 1 1 1 1 1 1 1 1 1 1 1 1 1 1 1 1 1 1 1 1 1 1 1 1 1 1 1 1 1 1 1 1 1 1 1 1 1 1 1 1 1 1 1 1 1 1 1 1 1 1 1 1 1 1 1 1 1 1 1 1 1 1 1 1 1 1 1 1 1 1 1 1 1 1 1 1 1 1 1 1 1 1 1 1 1 1 1 1 1 1 1 1 1 1 1 1 1 1 1 1 1 1 1 1 1 1 1 1 1 1 1 1 1 1 1 1 1 1 1 1 1 1 1 1 1 1 1 1 1 1 1 1 1 1 1 1 1 1 1 1 1 1 1 1 1 1 1 1 1 1 1 1 1 1 1 1 1 1 1 1 1 1 1 1 1 1 1 1 1 1 1 1 1 1 1 1 1 1 1 1 1 1 1 1 1 1 1 1 1 1 1 1 1 1 1 1 1 1 1 1 1 1 1 1 1 1 1 1 1 1 1 1 1 1 1 1 1 1 1 1 1 1 1 1 1 1 1 1 1 1 1 1 1 1 1 1 1 1 1 1 1 1 1 1 1 1 1 1 1 1 1 1 1 1 1 1 1 1 1 1 1 1 1 1 1 1 1 1 1 1 1 1 1 1 1 1 1 1 1 1 1 1 1 1 1 1 1 1 1 1 1 1 1 1 1 1 1 1 1 1 1 1 1 1 1 1 1 1 1 1 1 1 1 1 1 1 1 1 1 1 1 1 1 1 1 1 1 1 1 1 1 1 1 1 1 1 1 1 1 1 1 1 1 1 1 1 1 1 1 1 1 1 1 1 1 1 1 1 1 1 1 1 1 1 1 1 1 1 1 1 1 1 1 1 1 1 1 1 1 1 1 1 1 1 1 1 1 1 1 1 1 1 1 1 1 1 1 1 1 1 1 1 1 1 1 1 1 1 1 1 1 1 1 1 1 1 1 1 1 1 1 1 1 1 1 1 1 1 1 1 1 1 1 1 1 1 1 1 1 1 1 1 1 1 1 1 1 1 1 1 1 1 1 1 1 1 1 1 1 1 1 1 1 1 1 1 1 1 1 1 1 1 1 1 1 1 1 1 1 1 1 1 1 1 1 1 1 1 1 1 1 1 1 1 1 1 1 1 1 1 1 1 1 1 1 1 1 1 1 1 1 1 1 1 1 1 1 1 1 1 1 1 1 1 1 1 1 1 1 1 1 1 1 1 1 1 1 1 1 1 1 1 1 1 1 1 1 1 1 1 1 1 1 1 1 1 1 1 1 1 1 1 1 1 1 1 1 1 1 1 1 1 1 1 1 1 1 1 1 1 1 1 1 1 1 1 1 1 1 1 1 1 1 1 1 1 1 1 1 1 1 1 1 1 1 1 1 1 1 1 1 1 1 1 1 1 1 1 1 1 1 1 1 1 1 1 1 1 1 1 1 1 1 1 1 1 1 1 1 1 1 1 1 1 1 1 1 1 1 1 1 1 1 1 1 1 1 1 1 1 1 1 1 1 1 1 1 1 1 1 1 1 1 1 1 1 1 1 1 1 1 1 1 1 1 1 1 1 1 1 1 1 1 1 1 1 1 1 1 1 1 1 1 1 1 1 1 1 1 1 1 1 1 1 1 1 1 1 1 1 1 1 1 1 1 1 1 1 1 1 1 1 1 1 1 1 1 1 1 1 1 1 1 1 1 1 1 1 1 1 1 1 1 1 1 1 1 1 1 1 1 1 1 1 1 1 1 1 1 1 1 1 1 1 1 1 1 1 1 1 1 1 1 1 1 1 1 1 1 1 1 1 1 1 1 1 1 1 1 1 1 1 1 1 1 1 1 1 1 1 1 1 1 1 1 1 1 1 1 1 1 1 1 1 1 1 1 1 1 1 1 1 1 1 1 1 1 1 1 1 1 1 1 1 1 1 1 1 1 1 1 1 1 1 1 1 1 1 1 1 1 1 1 1 1 1 1 1 1 1 1 1 1 1 1 1 1 1 1 1 1 1 1 1 1 1 1 1 1 1 1 1 1 1 1 1 1 1 1 1 1 1 1 1 1 1 1 1 1 1 1 1 1 1 1 1 1 1 1 1 1 1 1 1 1 1 1 1 1 1 1 1 1 1 1 1 1 1 1 1 1 1 1 1 1 1 1 1 1 1 1 1 1 1 1 1 1 1 1 1 1 1 1 1 1 1 1 1 1 1 1 1 1 1 1 1 1 1 1 1 1 1 1 1 1 1 1 1 1 1 1 1 1 1 1 1 1 1 1 1 1 1 1 1 1 1 1 1 1 1 1 1 1 1 1 1 1 1 1 1 1 1 1 1 1 1 1 1 1 1 1 1 1 1 1 1 1 1 1 1 1 1 1 1 1 1 1 1 1 1 1 1 1 1 1 1 1 1 1 1 1 1 1 1 1 1 1 1 1 1 1 1 1 1 1 1 1 1 1 1 1 1 1 1 1 1 1 1 1 1 1 1 1 1 1 1 1 1 1 1 1 1 1 1 1 1 1 1 1 1 1 1 1 1 1 1 1 1 1 1 1 1 1 1 1 1 1 1 1 1 1 1 1 1 1 1 1 1 1 1 1 1 1 1 1 1 1 1 1 1 1 1 1 1 1 1 1 1 1 1 1 1 1 1 1 1 1 1 1 1 1 1 1 1 1 1 1 1 1 1 1 1 1 1 1 1 1 1 1 1 1 1 1 1 1 1 1 1 1 1 1 1 1 1 1 1 1 1 1 1 1 1 1 1 1 1 1 1 1 1 1 1 1 1 1 1 1 1 1 1 1 1 1 1 1 1 1 1 1 1 1 1 1 1 1 1 1 1 1 1 1 1 1 1 1 1 1 1 1 1 1 1 1 1 1 1 1 1 1 1 1 1 1 1 1 1 1 1 1 1 1 1 1 1 1 1 1 1 1 1 1 1 1 1 1 1 1 1 1 1 1 1 1 1 1 1 1 1 1 1 1 1 1 1 1 1 1 1 1 1 1 1 1 1 1 1 1 1 1 1 1 1 1 1 1 1 1 1 1 1 1 1 1 1 1 1 1 1 1 1 1 1 1 1 1 1 1 1 1 1 1 1 1 1 1 1 1 1 1 1 1 1 1 1 1 1 1 1 1 1 1 1 1 1 1 1 1 1 1 1 1 1 1 1 1 1 1 1 1 1 1 1 1 1 1 1 1 1 1 1 1 1 1 1 1 1 1 1 1 1 1 1 1 1 1 1 1 1 1 1 1 1 1 1 1 1 1 1 1 1 1 1 1 1 1 1 1 1 1 1 1 1 1 1 1 1 1 1 1 1 1 1 1 1 1 1 1 1 1 1 1 1 1 1 1 1 1 1 1 1 1 1 1 1 1 1 1 1 1 1 1 1 1 1 1 1 1 1 1 1 1 1 1</float_array>
          <technique_common>
            <accessor source="#geom-Clt_TES066_F__M_TES066_F-map0-array" count="3959" stride="3">
              <param name="R" type="float"/>
              <param name="G" type="float"/>
              <param name="B" type="float"/>
            </accessor>
          </technique_common>
        </source>
        <source id="geom-Clt_TES066_F__M_TES066_F-map1">
          <float_array id="geom-Clt_TES066_F__M_TES066_F-map1-array" count="11877">0.4179294 0.8606088 0 0.4221561 0.8690623 0 0.4179294 0.9855344 0 0.4221561 0.9770504 0 0.4806134 0.8691691 0 0.4806134 0.9771725 0 0.4763714 0.8607004 0 0.4763714 0.985626 0 0.4393072 0.9770504 0 0.4393072 0.8690623 0 0.4435492 0.9855344 0 0.4435492 0.8606088 0 0.4179294 0.8606088 0 0.4221561 0.8690623 0 0.4179294 0.9855344 0 0.4221561 0.9770504 0 0.005645838 0.996231 0 0.005859464 0.9224231 0 0.01593042 0.9224231 0 0.01573205 0.996231 0 0.02598611 0.9224231 0 0.02581827 0.996231 0 0.03602655 0.9224231 0 0.035935 0.996231 0 0.04605173 0.9224231 0 0.04605173 0.996231 0 0.05618372 0.996231 0 0.05607691 0.9224231 0 0.06628519 0.996231 0 0.0661326 0.9224231 0 0.0763714 0.996231 0 0.0761883 0.9224231 0 0.08645762 0.996231 0 0.08625925 0.9224231 0 0.8077516 0.5530175 0 0.8231785 0.5531853 0 0.8231785 0.6404974 0 0.8077516 0.6403449 0 0.8231785 0.6492409 0 0.8077516 0.6491493 0 0.8231785 0.6565804 0 0.8077516 0.6565347 0 0.8231785 0.7009079 0 0.8077516 0.7009537 0 0.8077516 0.7083544 0 0.8231785 0.7082323 0 0.8077516 0.7171588 0 0.8231785 0.7169909 0 0.8077516 0.8044709 0 0.8231785 0.8043183 0 0.8077516 0.8132296 0 0.8231785 0.8131227 0 0.8077516 0.8205692 0 0.8231785 0.8205234 0 0.8231785 0.8649119 0 0.8077516 0.8648814 0 0.8231785 0.8722972 0 0.8077516 0.8722362 0 0.8231785 0.8810865 0 0.8077516 0.8810102 0 0.8681315 0.4562905 0 0.8681315 0.4405127 0 0.8747387 0.4405127 0 0.8746319 0.4562905 0 0.8800946 0.4405127 0 0.8800336 0.4562905 0 0.9112077 0.4405127 0 0.9112688 0.4562905 0 0.9167163 0.4562905 0 0.9165942 0.4405127 0 0.9233234 0.4562905 0 0.9231861 0.4405127 0 0.9904631 0.4562905 0 0.9904631 0.4405127 0 0.9964904 0.9693599 0 0.9964904 0.994934 0 0.9902037 0.994934 0 0.9902189 0.9693599 0 0.9829252 0.994934 0 0.9829252 0.9693599 0 0.9747158 0.9693599 0 0.9747158 0.994934 0 0.9674525 0.994934 0 0.9674525 0.9693599 0 0.961181 0.9949493 0 0.961181 0.9693599 0 0.8896315 0.9949645 0 0.8896315 0.9693904 0 0.88336 0.9949645 0 0.88336 0.9693904 0 0.8760662 0.9949798 0 0.8760662 0.9693904 0 0.8678569 0.9693904 0 0.8678569 0.9949798 0 0.8605936 0.9949798 0 0.8605783 0.9693904 0 0.8543221 0.9949645 0 0.8543069 0.9693904 0 0.7827573 0.9693599 0 0.7827573 0.9949493 0 0.4806134 0.8691691 0 0.4806134 0.9771725 0 0.4763714 0.985626 0 0.4763714 0.8607004 0 0.4661631 0.9896238 0 0.4661631 0.8566262 0 0.4537575 0.9895933 0 0.4537575 0.8565957 0 0.4435492 0.9855344 0 0.4435492 0.8606088 0 0.4393072 0.9770504 0 0.4393072 0.8690623 0 0.4179294 0.8606088 0 0.4179294 0.9855344 0 0.4077058 0.9895933 0 0.4077058 0.8565957 0 0.3953155 0.9896238 0 0.3953155 0.8566415 0 0.3850919 0.985626 0 0.3850919 0.8607004 0 0.3808499 0.9771725 0 0.3808499 0.8691691 0 0.7827573 0.9949493 0 0.7827573 0.9693599 0 0.8543069 0.9693904 0 0.8543221 0.9949645 0 0.8605783 0.9693904 0 0.8605936 0.9949798 0 0.8678569 0.9693904 0 0.8678569 0.9949798 0 0.8760662 0.9949798 0 0.8760662 0.9693904 0 0.88336 0.9949645 0 0.88336 0.9693904 0 0.8896315 0.9949645 0 0.8896315 0.9693904 0 0.961181 0.9949493 0 0.961181 0.9693599 0 0.9674525 0.994934 0 0.9674525 0.9693599 0 0.9747158 0.994934 0 0.9747158 0.9693599 0 0.9829252 0.994934 0 0.9829252 0.9693599 0 0.9902189 0.9693599 0 0.9902037 0.994934 0 0.9964904 0.9693599 0 0.9964904 0.994934 0 0.4179294 0.8606088 0 0.4179294 0.9855344 0 0.4077058 0.9895933 0 0.4077058 0.8565957 0 0.3953155 0.9896238 0 0.3953155 0.8566415 0 0.3953155 0.9896238 0 0.3850919 0.985626 0 0.3850919 0.8607004 0 0.3808499 0.9771725 0 0.3808499 0.8691691 0 0.3907225 0.3125658 0 0.4473487 0.3125658 0 0.4473487 0.3318685 0 0.517113 0.3125658 0 0.5172045 0.3318685 0 0.586511 0.3318685 0 0.5875028 0.3125658 0 0.6467842 0.3318685 0 0.6470131 0.3125658 0 0.7136034 0.3318685 0 0.7136797 0.3125658 0 0.617258 0.04422063 0 0.6170291 0.1041276 0 0.6080415 0.04422063 0 0.608423 0.1041276 0 0.5921874 0.04422063 0 0.5923095 0.1041276 0 0.573785 0.1041276 0 0.5731899 0.04422063 0 0.561059 0.1041276 0 0.5605555 0.04422063 0 0.5359731 0.1041276 0 0.5356527 0.04422063 0 0.4998093 0.04422063 0 0.5000381 0.1041276 0 0.4635691 0.1041276 0 0.463386 0.04422063 0 0.4300908 0.1041276 0 0.4299535 0.04422063 0 0.3938048 0.1041276 0 0.3937438 0.04422063 0 0.3576562 0.1041276 0 0.3576562 0.04422063 0 0.3215534 0.04422063 0 0.3214923 0.1041276 0 0.2853437 0.04422063 0 0.2852216 0.1041276 0 0.2529793 0.04422063 0 0.2528267 0.1041276 0 0.2169528 0.04422063 0 0.2167239 0.1041276 0 0.182208 0.1041276 0 0.1875486 0.08918899 0 0.1893797 0.07396048 0 0.1878538 0.05874723 0 0.1828031 0.04422063 0 0.7073625 0.2354925 0 0.7087968 0.2544747 0 0.6782025 0.2544747 0 0.6724803 0.2354925 0 0.6502937 0.2544747 0 0.5642023 0.2354925 0 0.5672083 0.2544747 0 0.523888 0.2354925 0 0.5221485 0.2544747 0 0.4811475 0.2354925 0 0.4817426 0.2544747 0 0.4103914 0.2544747 0 0.409781 0.2354925 0 0.3670405 0.2544747 0 0.3660792 0.2354925 0 0.3329213 0.2544747 0 0.3323415 0.2354925 0 0.3062791 0.2354925 0 0.306508 0.2544747 0 0.2618448 0.2354925 0 0.2618296 0.2544747 0 0.4473487 0.3318685 0 0.4473487 0.3420768 0 0.3969024 0.3420768 0 0.3907225 0.3125658 0 0.3177539 0.3420768 0 0.317937 0.3125658 0 0.2829633 0.3420768 0 0.2819104 0.3125658 0 0.2509193 0.3125658 0 0.2459297 0.3420768 0 0.2097963 0.3125658 0 0.2129549 0.3420768 0 0.2 0.3374075 0 0.2 0.3228046 0 0.5571374 0.338201 0 0.5572442 0.3515068 0 0.5315938 0.3515068 0 0.5316854 0.338201 0 0.506981 0.3515068 0 0.5067521 0.338201 0 0.4822614 0.3515068 0 0.4821393 0.338201 0 0.4567483 0.3515068 0 0.4567483 0.338201 0 0.6912947 0.2618448 0 0.6912795 0.280827 0 0.6462348 0.280827 0 0.6465248 0.2618448 0 0.6231174 0.280827 0 0.6237431 0.2618448 0 0.5862669 0.2618448 0 0.5850462 0.280827 0 0.5427939 0.2618448 0 0.5412223 0.280827 0 0.4664073 0.2618448 0 0.4657664 0.280827 0 0.4231479 0.280827 0 0.4213016 0.2618448 0 0.3757687 0.280827 0 0.37879 0.2618448 0 0.2904402 0.280827 0 0.2619364 0.2618448 0 0.2619364 0.280827 0 0.2552072 0.1738002 0 0.2552072 0.2531014 0 0.2281834 0.1738002 0 0.2284428 0.2531014 0 0.2084535 0.178439 0 0.2062715 0.24654 0 0.1976654 0.2134585 0 0.1997864 0.2362859 0 0.2 0.1904631 0 0.9904631 0.4796521 0 0.923125 0.4796521 0 0.9904631 0.463859 0 0.9232776 0.463859 0 0.9165637 0.4796521 0 0.9166552 0.463859 0 0.9111772 0.4796521 0 0.911223 0.463859 0 0.8800183 0.4796521 0 0.8800183 0.463859 0 0.8746166 0.463859 0 0.8746624 0.4796521 0 0.8681315 0.463859 0 0.8681315 0.4796521 0 0.4435492 0.8606088 0 0.4537575 0.8565957 0 0.4435492 0.9855344 0 0.4537575 0.9895933 0 0.4661631 0.8566262 0 0.4661631 0.9896238 0 0.4763714 0.985626 0 0.4763714 0.8607004 0 0.4661631 0.8566262 0 0.6554055 0.4316778 0 0.6285344 0.4316778 0 0.655375 0.4081941 0 0.6285039 0.4081941 0 0.601648 0.4316778 0 0.6016175 0.4081941 0 0.5747768 0.4316778 0 0.5747463 0.4081941 0 0.5478904 0.4316778 0 0.5478752 0.4081941 0 0.5210193 0.4316778 0 0.5209888 0.4081941 0 0.4941329 0.4316778 0 0.4941176 0.4081941 0 0.4672312 0.4081941 0 0.4672618 0.4316778 0 0.4570535 0.4200504 0 0.4515907 0.427924 0 0.4513924 0.4121615 0 0.4403754 0.4316778 0 0.4403601 0.4081941 0 0.4403754 0.4307469 0 0.4403601 0.409247 0 0.4291447 0.427924 0 0.4293278 0.4121767 0 0.4135042 0.4316778 0 0.4134737 0.4081941 0 0.4236973 0.4200656 0 0.3866178 0.4316778 0 0.3866026 0.4081941 0 0.3597467 0.4316778 0 0.3597162 0.4081941 0 0.3328603 0.4316778 0 0.332845 0.4081941 0 0.3059892 0.4316778 0 0.3059587 0.4081941 0 0.2791028 0.4316778 0 0.2790875 0.4081941 0 0.2522164 0.4081941 0 0.2522316 0.4316778 0 0.2253605 0.4316778 0 0.22533 0.4081941 0 0.2619364 0.1738002 0 0.3281605 0.1738002 0 0.2619974 0.1927367 0 0.3283894 0.1927367 0 0.3873655 0.1738002 0 0.3883574 0.1927367 0 0.4577859 0.1738002 0 0.4577096 0.1927367 0 0.527657 0.1927367 0 0.527657 0.1738002 0 0.5844206 0.1738002 0 0.5782712 0.2030671 0 0.527657 0.2030671 0 0.6577554 0.2030671 0 0.5782712 0.2030671 0 0.5844206 0.1738002 0 0.657618 0.1738002 0 0.6926222 0.2030671 0 0.6936752 0.1738002 0 0.7247425 0.1738002 0 0.729778 0.2030671 0 0.765774 0.1738002 0 0.7631189 0.2030671 0 0.775433 0.1974365 0 0.7759365 0.1835355 0 0.617258 0.04422063 0 0.6281376 0.04422063 0 0.6170291 0.1041276 0 0.6280919 0.1041276 0 0.6383764 0.04422063 0 0.6381781 0.1041276 0 0.6499275 0.1041276 0 0.6502937 0.04422063 0 0.6732738 0.04422063 0 0.673106 0.1041276 0 0.6901198 0.04422063 0 0.6900435 0.1041276 0 0.7036393 0.1041276 0 0.7036698 0.04422063 0 0.741207 0.1041276 0 0.7410544 0.04422063 0 0.7739681 0.05853361 0 0.7682918 0.04422063 0 0.7760128 0.07360953 0 0.7744106 0.08868545 0 0.7689784 0.1041276 0 0.2953689 0.2289006 0 0.2619364 0.2289006 0 0.2619364 0.2099184 0 0.2953689 0.2099184 0 0.3195087 0.2289006 0 0.3200122 0.2099184 0 0.3640803 0.2289006 0 0.3630121 0.2099184 0 0.4262913 0.2099184 0 0.4262913 0.2287938 0 0.48925 0.2099184 0 0.4893721 0.2288548 0 0.5511559 0.2099184 0 0.5513085 0.2288548 0 0.6184024 0.2288548 0 0.6184634 0.2099184 0 0.6847638 0.2288548 0 0.6847333 0.2099184 0 0.7507744 0.2099184 0 0.7508354 0.2288548 0 0.1999237 0.3059586 0 0.2 0.2866407 0 0.2665598 0.3059586 0 0.2665598 0.2866407 0 0.3329824 0.2866407 0 0.3329976 0.3059586 0 0.399527 0.2866407 0 0.3993744 0.3059586 0 0.460502 0.3059586 0 0.4606394 0.2866407 0 0.5266041 0.3059586 0 0.5271992 0.2866407 0 0.5917143 0.3059586 0 0.5928588 0.2866407 0 0.6376593 0.2866407 0 0.6381323 0.3059586 0 0.66186 0.2866407 0 0.6634928 0.3059586 0 0.6972305 0.2866407 0 0.6972305 0.3059586 0 0.7290303 0.3060044 0 0.7290303 0.2866407 0 0.1719234 0.1113909 0 0.2054169 0.1113909 0 0.1719234 0.1650416 0 0.2057527 0.1650416 0 0.2401923 0.1650416 0 0.2399939 0.1113909 0 0.2759899 0.1113909 0 0.2761272 0.1650416 0 0.3088121 0.1113909 0 0.3089189 0.1650416 0 0.3451133 0.1113909 0 0.3451743 0.1650416 0 0.3813077 0.1113909 0 0.3813077 0.1650416 0 0.4174411 0.1650416 0 0.4175021 0.1113909 0 0.4536965 0.1650416 0 0.4538033 0.1113909 0 0.4874495 0.1650416 0 0.4875868 0.1113909 0 0.5238727 0.1650416 0 0.5240558 0.1113909 0 0.5600519 0.1113909 0 0.5597925 0.1650416 0 0.5849546 0.1650416 0 0.5853819 0.1113909 0 0.5990234 0.1650416 0 0.5995269 0.1113909 0 0.6163119 0.1650416 0 0.6164492 0.1113909 0 0.6312963 0.1113909 0 0.6308232 0.1650416 0 0.668162 0.1650416 0 0.6680095 0.1113909 0 0.6862745 0.1113909 0 0.686305 0.1650416 0 0.7058671 0.1650416 0 0.7059129 0.1113909 0 0.7397879 0.1650416 0 0.7398184 0.1113909 0 0.7582971 0.1113909 0 0.7580835 0.1650416 0 0.7710231 0.1157244 0 0.7715572 0.1603571 0 0.7783932 0.1386282 0 0.7761196 0.1537346 0 0.7760128 0.1235371 0 0.7825437 0.007110715 0 0.8120699 0.007110715 0 0.7825437 0.02598614 0 0.8131685 0.02624553 0 0.7825437 0.1163195 0 0.8881056 0.007110715 0 0.8158999 0.1176623 0 0.7825437 0.1710079 0 0.8211185 0.1710079 0 0.8880751 0.02694744 0 0.8881208 0.1183032 0 0.8881208 0.1710079 0 0.9551385 0.1710079 0 0.9603266 0.1176623 0 0.9936675 0.1710079 0 0.9936675 0.1163195 0 0.9630579 0.02624553 0 0.9936675 0.02598614 0 0.9641108 0.007110715 0 0.9936675 0.007110715 0 0.8321965 0.8440375 0 0.8321965 0.8810865 0 0.8385748 0.8810865 0 0.8385748 0.8440375 0 0.8321965 0.8183719 0 0.8615091 0.8810865 0 0.8385748 0.8183719 0 0.8321965 0.7878233 0 0.8615091 0.8440375 0 0.9028763 0.8810865 0 0.8385748 0.7878233 0 0.8321965 0.7553674 0 0.906508 0.8440375 0 0.9519494 0.8810865 0 0.9592127 0.8440375 0 0.8615091 0.8183719 0 0.9097734 0.8150759 0 0.9657435 0.81178 0 0.8615091 0.7878233 0 0.9116197 0.7877318 0 0.9694362 0.7876402 0 0.9727321 0.7553674 0 0.9132677 0.7553674 0 0.9754025 0.7154498 0 0.8615091 0.7553674 0 0.9145952 0.7154498 0 0.9761654 0.6781262 0 0.8385748 0.7553674 0 0.8615091 0.7154498 0 0.9149767 0.6781262 0 0.9768826 0.6411383 0 0.8385748 0.7154498 0 0.8321965 0.7154498 0 0.8615091 0.6781262 0 0.8385748 0.6782788 0 0.8321965 0.6789197 0 0.9153429 0.6411383 0 0.8615091 0.6411383 0 0.9742885 0.6 0 0.8385748 0.6411383 0 0.8321965 0.6411383 0 0.8615091 0.6 0 0.8385748 0.6 0 0.8321965 0.6 0 0.8321965 0.5651331 0 0.8385748 0.5651331 0 0.8321965 0.5383841 0 0.9140459 0.6 0 0.9128252 0.5808041 0 0.972076 0.5750515 0 0.8615091 0.5651331 0 0.9115892 0.5616083 0 0.9693751 0.5580835 0 0.9587243 0.5391775 0 0.8385748 0.5381705 0 0.8615091 0.5380636 0 0.8385748 0.5049211 0 0.8321965 0.5049211 0 0.8615091 0.5049211 0 0.9062638 0.5386282 0 0.9028763 0.5049211 0 0.9519494 0.5049211 0 0.8385748 0.8810865 0 0.8321965 0.8810865 0 0.8321965 0.8440375 0 0.8385748 0.8440375 0 0.8321965 0.8183719 0 0.8615091 0.8810865 0 0.8385748 0.8183719 0 0.8321965 0.7878233 0 0.8615091 0.8440375 0 0.9028763 0.8810865 0 0.8385748 0.7878233 0 0.8321965 0.7553674 0 0.906508 0.8440375 0 0.9519494 0.8810865 0 0.9592127 0.8440375 0 0.8615091 0.8183719 0 0.9097734 0.8150759 0 0.9657435 0.81178 0 0.8615091 0.7878233 0 0.9116197 0.7877318 0 0.9694362 0.7876402 0 0.9727321 0.7553674 0 0.9132677 0.7553674 0 0.9754025 0.7154498 0 0.8615091 0.7553674 0 0.9145952 0.7154498 0 0.9761654 0.6781262 0 0.8385748 0.7553674 0 0.8615091 0.7154498 0 0.9149767 0.6781262 0 0.9768826 0.6411383 0 0.8385748 0.7154498 0 0.8321965 0.7154498 0 0.8615091 0.6781262 0 0.9153429 0.6411383 0 0.9742885 0.6 0 0.8385748 0.6782788 0 0.8321965 0.6789197 0 0.8615091 0.6411383 0 0.8385748 0.6411383 0 0.8321965 0.6411383 0 0.8615091 0.6 0 0.8385748 0.6 0 0.8321965 0.6 0 0.8321965 0.5651331 0 0.8385748 0.5651331 0 0.8321965 0.5383841 0 0.9140459 0.6 0 0.9128252 0.5808041 0 0.972076 0.5750515 0 0.8615091 0.5651331 0 0.9115892 0.5616083 0 0.9693751 0.5580835 0 0.9587243 0.5391775 0 0.8385748 0.5381705 0 0.8615091 0.5380636 0 0.8385748 0.5049211 0 0.8321965 0.5049211 0 0.8615091 0.5049211 0 0.9062638 0.5386282 0 0.9028763 0.5049211 0 0.9519494 0.5049211 0 0.007705806 0.8867475 0 0.006942855 0.879881 0 0.01867704 0.88542 0 0.01757839 0.8787518 0 0.006301976 0.8738689 0 0.02970931 0.8835737 0 0.01684596 0.8731365 0 0.02720684 0.8776684 0 0.0396582 0.8800793 0 0.005645838 0.8678416 0 0.0364538 0.8755474 0 0.01611353 0.8675212 0 0.02455177 0.8672618 0 0.01647974 0.8618754 0 0.005889982 0.861799 0 0.04353399 0.8730907 0 0.04597543 0.8736248 0 0.05021744 0.8670939 0 0.0168307 0.8562142 0 0.006118868 0.8557565 0 0.0433051 0.8668956 0 0.04615854 0.8603342 0 0.006469825 0.8487983 0 0.01751736 0.8494545 0 0.02862592 0.8505684 0 0.02645914 0.8566872 0 0.03868162 0.853376 0 0.03570611 0.8581827 0 0.03480583 0.8669413 0 0.04374762 0.8607309 0 0.5673152 0.3575342 0 0.5758755 0.3575342 0 0.5746548 0.3600976 0 0.5662776 0.3601129 0 0.5714809 0.3679713 0 0.5528497 0.3575342 0 0.5635004 0.3689479 0 0.5715572 0.3691463 0 0.5528649 0.3606927 0 0.539498 0.3601434 0 0.5384604 0.3575342 0 0.5312581 0.3599756 0 0.5300679 0.3575342 0 0.5342947 0.3678492 0 0.5422294 0.3690089 0 0.5338827 0.3684291 0 0.5528802 0.3685206 0 0.5370412 0.3762569 0 0.5333028 0.3692226 0 0.5437095 0.3765621 0 0.5347829 0.3768826 0 0.5242237 0.366949 0 0.5242237 0.3760586 0 0.537087 0.3860685 0 0.5349203 0.3856718 0 0.5242237 0.3848783 0 0.5242237 0.3944915 0 0.5340047 0.3944915 0 0.5353475 0.3944915 0 0.5374686 0.3944915 0 0.53991 0.3944915 0 0.5449607 0.3867094 0 0.5453575 0.3944915 0 0.5528344 0.3944915 0 0.5528649 0.3769283 0 0.5528649 0.3872892 0 0.5608454 0.3867247 0 0.5604333 0.3944915 0 0.5658961 0.3944915 0 0.5620356 0.3765469 0 0.5683833 0.3861601 0 0.5682917 0.3944915 0 0.5683833 0.3762112 0 0.5701991 0.3944915 0 0.5706569 0.3768978 0 0.5719844 0.3696956 0 0.5705959 0.3858396 0 0.5715572 0.3944915 0 0.5813535 0.37644 0 0.5813535 0.3659724 0 0.5813535 0.3850614 0 0.5813535 0.3944915 0 0.4571908 0.3577783 0 0.465919 0.3577783 0 0.4583963 0.360296 0 0.4669108 0.3602808 0 0.4805066 0.3577783 0 0.4614328 0.3681849 0 0.4805066 0.3607996 0 0.4696727 0.3689784 0 0.4940261 0.3602808 0 0.4950027 0.3577783 0 0.503563 0.3577783 0 0.5023881 0.3602502 0 0.4994736 0.3680629 0 0.4913558 0.3690089 0 0.4999313 0.3688716 0 0.4805066 0.3683985 0 0.496437 0.3765316 0 0.5004501 0.3698787 0 0.4899519 0.3760738 0 0.4711223 0.3760433 0 0.4986801 0.3772946 0 0.508751 0.3685206 0 0.508751 0.377203 0 0.4964065 0.3862669 0 0.4985122 0.3858702 0 0.508751 0.3855345 0 0.508751 0.3942626 0 0.4994431 0.3942626 0 0.498146 0.3942626 0 0.4961776 0.3942626 0 0.4939956 0.3942626 0 0.4886244 0.3864195 0 0.4881971 0.3942626 0 0.4805982 0.3942626 0 0.4805219 0.3753414 0 0.4805524 0.3861448 0 0.4724193 0.3864042 0 0.4728771 0.3942626 0 0.4670939 0.3942626 0 0.4645151 0.3765926 0 0.4608988 0.3691157 0 0.460441 0.3700466 0 0.4645762 0.3864042 0 0.4648966 0.3942626 0 0.4628672 0.3942626 0 0.4616464 0.3942626 0 0.4623331 0.3774472 0 0.4522774 0.3691463 0 0.4522774 0.377966 0 0.4522774 0.3860685 0 0.4625315 0.3859922 0 0.4522774 0.3942626 0 0.007843137 0.4923323 0 0.007843137 0.4877852 0 0.05500877 0.4877852 0 0.05499351 0.4923323 0 0.1035172 0.4877852 0 0.05461204 0.4972762 0 0.007843137 0.4972762 0 0.007843137 0.5481651 0 0.1035477 0.4923323 0 0.05438315 0.5467918 0 0.007827878 0.5981689 0 0.1032731 0.4972762 0 0.05726711 0.5951171 0 0.007843137 0.6572061 0 0.1013504 0.5467002 0 0.1403983 0.4972762 0 0.1413901 0.4923323 0 0.1415274 0.4877852 0 0.1412833 0.5467155 0 0.1818112 0.4923323 0 0.1818265 0.4877852 0 0.1811551 0.4972762 0 0.2264744 0.4877852 0 0.1029679 0.5927062 0 0.2264744 0.4923323 0 0.06060883 0.6518654 0 0.0081178 0.737148 0 0.2711223 0.4923323 0 0.271107 0.4877852 0 0.3114214 0.4877852 0 0.2264744 0.4972762 0 0.3115435 0.4923323 0 0.3494163 0.4877852 0 0.2717784 0.4972762 0 0.1816739 0.5467613 0 0.3494011 0.4923323 0 0.1430533 0.5922332 0 0.3125353 0.4972762 0 0.3979553 0.4923323 0 0.39794 0.4877852 0 0.4450904 0.4877852 0 0.4450904 0.4923323 0 0.3496605 0.4972762 0 0.3983215 0.4972762 0 0.4450904 0.4972762 0 0.4450904 0.5481651 0 0.3985504 0.5467918 0 0.4450752 0.5981994 0 0.3515984 0.5467308 0 0.3956512 0.5951171 0 0.4450904 0.6577859 0 0.3116655 0.546746 0 0.3499657 0.592752 0 0.3923247 0.6518044 0 0.4448005 0.7374838 0 0.2712749 0.5467308 0 0.3098802 0.5922637 0 0.3460899 0.6557717 0 0.3930571 0.7244984 0 0.4445258 0.8137026 0 0.3092241 0.6538186 0 0.3933928 0.7966735 0 0.2677043 0.5925536 0 0.3318532 0.7341268 0 0.295903 0.735256 0 0.2680247 0.6546273 0 0.2264744 0.546746 0 0.2264744 0.5926909 0 0.1852445 0.5925384 0 0.2265812 0.6546273 0 0.185153 0.6545205 0 0.1441062 0.6535592 0 0.1060197 0.6552224 0 0.1568933 0.7351949 0 0.0598764 0.7245136 0 0.008316167 0.8137026 0 0.1208515 0.7340505 0 0.05952545 0.7961395 0 0.05897612 0.8181583 0 0.007248036 0.8306401 0 0.06178378 0.8405585 0 0.1088579 0.7890288 0 0.1094835 0.8136873 0 0.1100023 0.829282 0 0.1485924 0.7877165 0 0.1478599 0.8058137 0 0.1471885 0.8209964 0 0.1827268 0.8065003 0 0.1841764 0.7869078 0 0.1914702 0.7346151 0 0.2263066 0.786801 0 0.2264134 0.7343557 0 0.2613565 0.7346609 0 0.2262913 0.8071107 0 0.2684062 0.7869231 0 0.3039292 0.787747 0 0.2697948 0.8065308 0 0.3436637 0.7891356 0 0.3045396 0.8058137 0 0.3424582 0.8135805 0 0.3913023 0.8179599 0 0.4450752 0.8306401 0 0.3893187 0.8405585 0 0.3051652 0.8210269 0 0.3420005 0.8292515 0 0.3410849 0.8450141 0 0.3574578 0.8593576 0 0.3058366 0.8364385 0 0.2706493 0.8263371 0 0.3369192 0.8792096 0 0.3510338 0.8812848 0 0.3503319 0.908339 0 0.3074845 0.8500801 0 0.2704051 0.8390631 0 0.2262913 0.8276951 0 0.2702067 0.8523384 0 0.181857 0.8262913 0 0.2263066 0.8406653 0 0.1821317 0.8390021 0 0.1465782 0.8363775 0 0.1823911 0.8522469 0 0.1110857 0.8450446 0 0.09477378 0.8597543 0 0.145037 0.8499886 0 0.1164263 0.879057 0 0.1033188 0.880644 0 0.1037156 0.9085069 0 0.1421073 0.8793927 0 0.1386587 0.9058213 0 0.09909209 0.9405661 0 0.1568017 0.9244373 0 0.1396048 0.9511254 0 0.1278248 0.9947051 0 0.09198138 0.9935454 0 0.1335775 0.9934233 0 0.1815518 0.8831311 0 0.1874876 0.9087968 0 0.2058137 0.9052567 0 0.2263218 0.8541085 0 0.2263829 0.8847181 0 0.2264439 0.9043412 0 0.2469368 0.9053941 0 0.2711986 0.883238 0 0.2651713 0.9090105 0 0.2960861 0.9243458 0 0.3108873 0.8794842 0 0.3145342 0.9057908 0 0.3135271 0.9511101 0 0.354406 0.9404898 0 0.3248951 0.9947967 0 0.3190356 0.9935454 0 0.3609522 0.9935454 0 0.4702678 0.8138704 0 0.5073167 0.8231022 0 0.4768902 0.8325475 0 0.4908827 0.7971313 0 0.4702678 0.7379568 0 0.5260701 0.7885252 0 0.5211719 0.8449225 0 0.5145648 0.7336538 0 0.5109026 0.6649424 0 0.4702678 0.6584573 0 0.5499504 0.8408636 0 0.5231556 0.8735943 0 0.5097887 0.6038452 0 0.4702373 0.5981537 0 0.4702678 0.5481651 0 0.5098497 0.5522546 0 0.4702678 0.4972762 0 0.5516441 0.606714 0 0.5524529 0.6668345 0 0.5559472 0.7295339 0 0.5947661 0.607599 0 0.567956 0.7864042 0 0.5945525 0.6669871 0 0.6012207 0.7843595 0 0.5955901 0.7280384 0 0.5775387 0.8375067 0 0.6332341 0.6664988 0 0.6332341 0.7270314 0 0.6332341 0.6075838 0 0.6708629 0.7280384 0 0.6719005 0.6669871 0 0.6332341 0.5534295 0 0.6717021 0.607599 0 0.7105058 0.7295339 0 0.5944762 0.5529107 0 0.6652323 0.7843748 0 0.6332341 0.7843137 0 0.5531853 0.5510796 0 0.6332341 0.8343481 0 0.5090867 0.4972762 0 0.5501488 0.4972762 0 0.5076524 0.4923323 0 0.4702678 0.4923323 0 0.4702678 0.4877852 0 0.5068742 0.4877852 0 0.5500115 0.4877852 0 0.5508049 0.4923323 0 0.5909514 0.4877852 0 0.5914244 0.4972762 0 0.5915312 0.4923323 0 0.6332189 0.4877852 0 0.6332189 0.4972762 0 0.6332189 0.4923323 0 0.6749218 0.4923323 0 0.6755016 0.4877852 0 0.6720073 0.5529107 0 0.6750134 0.4972762 0 0.7156481 0.4923323 0 0.7164416 0.4877852 0 0.713344 0.5510796 0 0.7588006 0.4923323 0 0.7595788 0.4877852 0 0.7961853 0.4877852 0 0.7961853 0.4923323 0 0.7961853 0.4972762 0 0.7163042 0.4972762 0 0.7573816 0.4972762 0 0.7566339 0.5521935 0 0.7961853 0.5481651 0 0.79617 0.5981537 0 0.7148241 0.6067293 0 0.7566644 0.6039215 0 0.7961853 0.6584573 0 0.7140002 0.6668497 0 0.7555504 0.6649576 0 0.7961853 0.7379568 0 0.7518883 0.733669 0 0.7755551 0.7971313 0 0.7961853 0.8138704 0 0.740383 0.7885252 0 0.7591363 0.8231022 0 0.7895476 0.8325475 0 0.7452812 0.8449225 0 0.698497 0.7864042 0 0.7165026 0.8408636 0 0.7432669 0.8736095 0 0.6889296 0.8375067 0 0.6613718 0.8348364 0 0.6862135 0.8740063 0 0.6595865 0.8736553 0 0.7136492 0.8743725 0 0.7490196 0.9060655 0 0.6794842 0.908217 0 0.7155566 0.9050584 0 0.7592584 0.9365377 0 0.6543679 0.9087663 0 0.6748913 0.9156634 0 0.6962539 0.9271229 0 0.6332341 0.8736401 0 0.6332189 0.9077134 0 0.6120852 0.9087663 0 0.7222858 0.9472038 0 0.7126421 0.954757 0 0.7692378 0.9941558 0 0.7296864 0.9941252 0 0.733547 0.9931945 0 0.6068818 0.8736401 0 0.5870603 0.9082017 0 0.5915617 0.9156634 0 0.6050813 0.8348364 0 0.5802549 0.873991 0 0.5528039 0.8743725 0 0.5174181 0.9060655 0 0.550927 0.9050584 0 0.5071794 0.9365377 0 0.5701991 0.9271229 0 0.5441672 0.9472038 0 0.4972152 0.9941558 0 0.5528954 0.954757 0 0.5328908 0.993225 0 0.5363393 0.9941558 0 0.8564431 0.4699931 0 0.8203403 0.4699931 0 0.8564431 0.4614633 0 0.8203403 0.4614633 0 0.8028229 0.4699931 0 0.8248722 0.4410926 0 0.8564431 0.4410926 0 0.8028229 0.4614633 0 0.7853208 0.4699931 0 0.7831388 0.4410926 0 0.7853208 0.4614633 0 0.7699092 0.4699931 0 0.7702144 0.4614633 0 0.754345 0.4410926 0 0.7551079 0.4699931 0 0.7551079 0.4614633 0 0.7318379 0.4699931 0 0.7312276 0.4614633 0 0.7296101 0.4410926 0 0.7033494 0.4699931 0 0.7033341 0.4614633 0 0.7033341 0.4410926 0 0.6770733 0.4410926 0 0.6754559 0.4614633 0 0.6748455 0.4699931 0 0.6523384 0.4410926 0 0.6515755 0.4614633 0 0.6515755 0.4699931 0 0.6364691 0.4614633 0 0.6235447 0.4410926 0 0.6367132 0.4699931 0 0.6213626 0.4614633 0 0.6213626 0.4699931 0 0.6038606 0.4614633 0 0.5818112 0.4410926 0 0.6038606 0.4699931 0 0.5863432 0.4614633 0 0.5863432 0.4699931 0 0.5481803 0.4614633 0 0.5457237 0.4410926 0 0.5481803 0.4699931 0 0.5097123 0.4614633 0 0.5062791 0.4410926 0 0.5097123 0.4699931 0 0.4757153 0.4614633 0 0.4720226 0.4410926 0 0.4757153 0.4699931 0 0.4455024 0.4614633 0 0.4449226 0.4410926 0 0.4455024 0.4699931 0 0.4209659 0.4410926 0 0.4218204 0.4614633 0 0.4218204 0.4699931 0 0.3961395 0.4410926 0 0.3961395 0.4614633 0 0.3963531 0.4699931 0 0.3704585 0.4699931 0 0.3704585 0.4614633 0 0.371313 0.4410926 0 0.3467765 0.4699931 0 0.3467765 0.4614633 0 0.3473411 0.4410926 0 0.3165637 0.4699931 0 0.3202564 0.4410926 0 0.3165637 0.4614633 0 0.2825666 0.4699931 0 0.2859998 0.4410926 0 0.2825666 0.4614633 0 0.2479438 0.4699931 0 0.2479438 0.4410926 0 0.2479438 0.4614633 0 0.2314183 0.3521935 0 0.2320745 0.3508812 0 0.2374456 0.3508812 0 0.2367132 0.3540856 0 0.2246433 0.3671931 0 0.2414282 0.3545281 0 0.2443275 0.3508812 0 0.235172 0.3687037 0 0.2506752 0.352697 0 0.2506294 0.3508812 0 0.2569162 0.3508812 0 0.260029 0.3544976 0 0.2640269 0.3508812 0 0.2305791 0.3681544 0 0.2345617 0.3788357 0 0.2299382 0.3803158 0 0.2245212 0.3820401 0 0.2340581 0.3959869 0 0.2377508 0.3911192 0 0.2405585 0.3872587 0 0.2500191 0.3904326 0 0.2500191 0.3954681 0 0.2500191 0.4011597 0 0.266041 0.3959563 0 0.2623636 0.3910735 0 0.2595254 0.3872129 0 0.2655833 0.3787442 0 0.2702678 0.3802395 0 0.2757 0.3820249 0 0.2761425 0.3659724 0 0.2701915 0.3667964 0 0.2655985 0.3672999 0 0.2646983 0.3539025 0 0.2700084 0.3521172 0 0.2693675 0.3508812 0 0.331136 0.3508049 0 0.3365377 0.3508049 0 0.3371634 0.3523155 0 0.3319448 0.3541314 0 0.3435874 0.3675898 0 0.3272908 0.354696 0 0.324239 0.3508049 0 0.3329366 0.3687953 0 0.3181354 0.3524376 0 0.3179065 0.3508049 0 0.3114366 0.3508049 0 0.3079728 0.3546502 0 0.3041581 0.3508049 0 0.3376059 0.3683528 0 0.3335317 0.378912 0 0.3381094 0.3805295 0 0.3434806 0.3824216 0 0.3338064 0.3960479 0 0.33019 0.3910887 0 0.3274128 0.3871366 0 0.3181048 0.3905699 0 0.3180591 0.3955444 0 0.3180133 0.401236 0 0.3022507 0.3957732 0 0.3059434 0.3908751 0 0.3088121 0.3869688 0 0.3027848 0.3786221 0 0.2981155 0.3801633 0 0.2926986 0.3820249 0 0.2923018 0.3660792 0 0.2982834 0.3668116 0 0.3029221 0.3672389 0 0.3033951 0.3539178 0 0.2981766 0.3521782 0 0.2988327 0.3508049 0 0.03350881 0.2861677 0 0.007583734 0.2602274 0 0.05944915 0.2602274 0 0.05944915 0.312108 0 0.007583734 0.312108 0 0.03350881 0.2861677 0 0.007583734 0.2602274 0 0.05944915 0.2602274 0 0.05944915 0.312108 0 0.007583734 0.312108 0 0.03350881 0.2861677 0 0.007583734 0.2602274 0 0.05944915 0.2602274 0 0.05944915 0.312108 0 0.007583734 0.312108 0 0.03350881 0.2861677 0 0.007583734 0.2602274 0 0.05944915 0.2602274 0 0.05944915 0.312108 0 0.007583734 0.312108 0 0.03350881 0.2861677 0 0.007583734 0.2602274 0 0.05944915 0.2602274 0 0.05944915 0.312108 0 0.007583734 0.312108 0 0.03350881 0.2861677 0 0.007583734 0.2602274 0 0.05944915 0.2602274 0 0.05944915 0.312108 0 0.007583734 0.312108 0 0.03350881 0.2861677 0 0.007583734 0.2602274 0 0.05944915 0.2602274 0 0.05944915 0.312108 0 0.007583734 0.312108 0 0.03350881 0.2861677 0 0.007583734 0.2602274 0 0.05944915 0.2602274 0 0.05944915 0.312108 0 0.007583734 0.312108 0 0.03350881 0.2861677 0 0.007583734 0.2602274 0 0.05944915 0.2602274 0 0.05944915 0.312108 0 0.007583734 0.312108 0 0.05467308 0.87393 0 0.05467308 0.8677806 0 0.06372167 0.8677806 0 0.05467308 0.8616159 0 0.06420997 0.87393 0 0.06424049 0.8616159 0 0.07232776 0.8677806 0 0.07263295 0.87393 0 0.07278553 0.8616159 0 0.08021668 0.8678569 0 0.07937744 0.87393 0 0.07992676 0.8616159 0 0.08592355 0.87393 0 0.08592355 0.8616159 0 0.08592355 0.8676738 0 0.603479 0.3862516 0 0.5976349 0.375906 0 0.6095216 0.3760128 0 0.6153659 0.3863737 0 0.6036775 0.3656672 0 0.6214084 0.3761349 0 0.6155642 0.365774 0 0.6494545 0.3657283 0 0.6554055 0.3760128 0 0.6435187 0.3760128 0 0.6375677 0.3657283 0 0.6494545 0.3863127 0 0.631632 0.3760128 0 0.6375677 0.3863127 0 0.1709773 0.9376669 0 0.1845121 0.9444114 0 0.1849241 0.9748989 0 0.1875639 0.9401847 0 0.1712673 0.9820248 0 0.1748836 0.9314107 0 0.1880827 0.9791867 0 0.18262 0.9273213 0 0.1752193 0.9882353 0 0.1933318 0.9374533 0 0.1830014 0.9923247 0 0.2699321 0.927306 0 0.1939117 0.9819486 0 0.2590219 0.9376822 0 0.259617 0.9821774 0 0.2648661 0.9404441 0 0.2703136 0.9923095 0 0.2777142 0.9313954 0 0.2653697 0.9794461 0 0.2816815 0.9376211 0 0.2780499 0.98822 0 0.2680247 0.9447318 0 0.2819562 0.9819638 0 0.2684214 0.9752194 0 0.6754406 0.9444419 0 0.6889601 0.9376211 0 0.6753796 0.9749142 0 0.6723278 0.9401999 0 0.6890364 0.9819791 0 0.6849927 0.9313954 0 0.6722362 0.9791867 0 0.6772106 0.927306 0 0.6850843 0.98822 0 0.6664988 0.9374533 0 0.677348 0.9923095 0 0.5899443 0.9273213 0 0.6664378 0.9819486 0 0.6008545 0.9376822 0 0.6007782 0.9821774 0 0.5950561 0.9404441 0 0.5900969 0.9923247 0 0.582208 0.9314107 0 0.5949798 0.9794309 0 0.5782712 0.9376516 0 0.5822995 0.9882353 0 0.5919127 0.9447166 0 0.5783322 0.9820096 0 0.5918517 0.9751889 0 0.01815824 0.8918288 0 0.01815824 0.9043412 0 0.009109636 0.8952773 0 0.02720684 0.8952773 0 0.005645838 0.9043412 0 0.03067063 0.9043412 0 0.009109636 0.9133898 0 0.02720684 0.9133898 0 0.01815824 0.9168383 0 0.05986114 0.9043412 0 0.04734875 0.9043412 0 0.05639734 0.8952773 0 0.05639734 0.9133898 0 0.04734875 0.8918288 0 0.04734875 0.9168383 0 0.03830015 0.8952773 0 0.03830015 0.9133898 0 0.03483635 0.9043412 0 0.3743191 0.3767147 0 0.3613489 0.3682154 0 0.3719997 0.3576868 0 0.380499 0.3587854 0 0.3571679 0.3776303 0 0.3881437 0.362829 0 0.3601739 0.3879759 0 0.3903868 0.3760891 0 0.3683681 0.3943542 0 0.3872892 0.3872282 0 0.37879 0.3939117 0 0.4319829 0.3668727 0 0.4200809 0.3768063 0 0.4201877 0.357641 0 0.412314 0.359823 0 0.4372168 0.3757229 0 0.4047455 0.3646143 0 0.4354315 0.3863432 0 0.4040589 0.3780575 0 0.4280461 0.393637 0 0.4084077 0.3887541 0 0.4176394 0.3943999 0 0.1210346 0.07309073 0 0.09343099 0.01631188 0 0.1318532 0.01519799 0 0.1622034 0.02967882 0 0.06076143 0.0379492 0 0.1776455 0.05999845 0 0.04632639 0.07467765 0 0.1772335 0.09701687 0 0.06056306 0.1101396 0 0.1589685 0.1202564 0 0.09288166 0.1290913 0 0.1284657 0.1325704 0 0.1210346 0.07309073 0 0.1318532 0.01519799 0 0.09343099 0.01631188 0 0.1622034 0.02967882 0 0.06076143 0.0379492 0 0.1776455 0.05999845 0 0.04632639 0.07467765 0 0.1772335 0.09701687 0 0.06056306 0.1101396 0 0.1589685 0.1202564 0 0.09288166 0.1290913 0 0.1284657 0.1325704 0 0.7039597 0.3893492 0 0.7446098 0.3893492 0 0.7415122 0.4049134 0 0.7415122 0.3738003 0 0.7326925 0.4180972 0 0.7326925 0.3606012 0 0.7195086 0.4269016 0 0.7195086 0.3517967 0 0.7039597 0.4299992 0 0.7039597 0.3486992 0 0.6883955 0.4269016 0 0.6883955 0.3517967 0 0.6752117 0.4180972 0 0.6752117 0.3606012 0 0.6664073 0.4049134 0 0.6664073 0.3738003 0 0.6633097 0.3893492 0 0.7350881 0.3040208 0 0.8617838 0.3040208 0 0.7447318 0.3524987 0 0.7447318 0.2555428 0 0.7721981 0.3936065 0 0.7721981 0.214435 0 0.8133059 0.4210727 0 0.8133059 0.1869688 0 0.8617838 0.4307164 0 0.8617838 0.1773251 0 0.9102617 0.4210727 0 0.9102617 0.1869688 0 0.9513695 0.3936065 0 0.9513695 0.214435 0 0.9788358 0.3524987 0 0.9788358 0.2555428 0 0.9884794 0.3040208 0 0.1150073 0.2072175 0 0.1862821 0.1978485 0 0.1870604 0.2277561 0 0.1798581 0.2467842 0 0.173434 0.1752651 0 0.1603876 0.2619974 0 0.1590143 0.1618982 0 0.138613 0.2715648 0 0.1395285 0.1536431 0 0.1150073 0.2746319 0 0.1150073 0.1501487 0 0.09140154 0.2715648 0 0.09050126 0.1536431 0 0.06964218 0.2619974 0 0.07100023 0.1618982 0 0.05017167 0.2467842 0 0.05659571 0.1752651 0 0.04296941 0.2277561 0 0.04374762 0.1978485 0 0.1145953 0.3969787 0 0.07440299 0.3079881 0 0.09604029 0.300557 0 0.05088884 0.323415 0 0.1145953 0.2986038 0 0.03144884 0.3522393 0 0.1331502 0.300557 0 0.02441444 0.3876402 0 0.1547875 0.3079881 0 0.03196765 0.4212711 0 0.1783017 0.323415 0 0.04162661 0.4340581 0 0.1977569 0.3522393 0 0.05128557 0.4468604 0 0.2047761 0.3876402 0 0.06572061 0.4558328 0 0.1972229 0.4212711 0 0.08014038 0.4647898 0 0.1875639 0.4340581 0 0.0975967 0.4667429 0 0.1779049 0.4468604 0 0.1145953 0.4697185 0 0.1634852 0.4558328 0 0.1315938 0.4667429 0 0.1490501 0.4647898 0 0.9827878 0.9596094 0 0.9688869 0.9596094 0 0.9856107 0.9521019 0 0.9697871 0.9506676 0 0.9518578 0.9596094 0 0.9903411 0.9442741 0 0.9521477 0.9507591 0 0.9340505 0.9596094 0 0.9715267 0.9422598 0 0.9945831 0.935607 0 0.9341115 0.9508659 0 0.9160143 0.9596094 0 0.9527733 0.9423209 0 0.9728237 0.9339895 0 0.9964904 0.9259785 0 0.9344015 0.9424277 0 0.9732357 0.9255512 0 0.9952545 0.9161516 0 0.9532158 0.9339742 0 0.9728389 0.9170977 0 0.9914092 0.9070268 0 0.9532616 0.9253834 0 0.9345846 0.93402 0 0.9718166 0.9087053 0 0.9867857 0.8987411 0 0.9530938 0.9168078 0 0.9345235 0.9253376 0 0.9704127 0.9000839 0 0.9839933 0.8910811 0 0.969543 0.8910811 0 0.9528801 0.9084458 0 0.9525597 0.8999618 0 0.9521782 0.8910811 0 0.9344015 0.9166705 0 0.9344015 0.9082627 0 0.9344015 0.8998245 0 0.9342031 0.8910811 0 0.9160754 0.91664 0 0.916228 0.8997787 0 0.9161059 0.8910811 0 0.9161364 0.9082017 0 0.8980697 0.8997635 0 0.8979934 0.8910811 0 0.8979477 0.9081864 0 0.8978866 0.9166247 0 0.8799573 0.8997635 0 0.879881 0.8910811 0 0.8798199 0.9081864 0 0.8797436 0.91664 0 0.8618448 0.8997635 0 0.8617838 0.8910811 0 0.8616922 0.9082017 0 0.8616007 0.91664 0 0.8437324 0.8997787 0 0.8437171 0.8910811 0 0.8435493 0.908217 0 0.8434424 0.9166552 0 0.8256199 0.8998245 0 0.8256962 0.8910811 0 0.8253452 0.9082627 0 0.8251469 0.9166858 0 0.807599 0.8999313 0 0.8078889 0.8910811 0 0.8069734 0.9083848 0 0.8065308 0.9167315 0 0.7899748 0.9000229 0 0.7908751 0.8910811 0 0.7882353 0.9084458 0 0.7741665 0.8985733 0 0.7770199 0.8910811 0 0.7694209 0.9064012 0 0.7651789 0.915053 0 0.786923 0.916701 0 0.763241 0.9246815 0 0.7864957 0.9251392 0 0.764477 0.9345083 0 0.8064851 0.9253071 0 0.7868925 0.933608 0 0.7682918 0.9436485 0 0.8252231 0.9253529 0 0.8066376 0.9338827 0 0.7878996 0.9419852 0 0.7729152 0.9519341 0 0.82533 0.93402 0 0.7893034 0.9506065 0 0.7756771 0.9596094 0 0.8068513 0.9422598 0 0.7901579 0.9596094 0 0.8071565 0.9507439 0 0.807538 0.9596094 0 0.82533 0.942443 0 0.82533 0.9508812 0 0.8255283 0.9596094 0 0.8436561 0.9340658 0 0.8435187 0.950927 0 0.8436408 0.9596094 0 0.8436103 0.942504 0 0.8616617 0.9509422 0 0.861738 0.9596094 0 0.8617838 0.9425192 0 0.8797894 0.9509422 0 0.8798504 0.9596094 0 0.8799267 0.942504 0 0.8618448 0.9340658 0 0.8979019 0.950927 0 0.8979477 0.9596094 0 0.8980545 0.942504 0 0.9160143 0.9509117 0 0.9161975 0.9424735 0 0.9163043 0.9340352 0 0.8981308 0.9340505 0 0.9161975 0.9253376 0 0.8799878 0.9340658 0 0.8980087 0.9253376 0 0.8798657 0.9253529 0 0.8617228 0.9253529 0 0.843534 0.9253681 0 0.4806134 0.9771725 0 0.4763714 0.985626 0 0.4435492 0.8606088 0 0.8231785 0.6404974 0 0.8077516 0.6565347 0 0.8077516 0.6403449 0 0.8077516 0.7171588 0 0.8077516 0.7009537 0 0.8231785 0.7169909 0 0.8231785 0.8043183 0 0.8231785 0.8205234 0 0.8077516 0.8044709 0 0.8077516 0.8810102 0 0.8231785 0.8649119 0 0.8231785 0.8810865 0 0.4806134 0.8691691 0 0.4806134 0.9771725 0 0.4537575 0.9895933 0 0.4763714 0.8607004 0 0.4806134 0.8691691 0 0.4537575 0.9895933 0 0.4763714 0.8607004 0 0.4537575 0.9895933 0 0.4393072 0.9770504 0 0.4393072 0.8690623 0 0.4763714 0.8607004 0 0.4393072 0.9770504 0 0.4077058 0.8565957 0 0.4221561 0.8690623 0 0.3850919 0.985626 0 0.3808499 0.8691691 0 0.3850919 0.985626 0 0.3808499 0.9771725 0 0.4221561 0.8690623 0 0.4179294 0.9855344 0 0.3808499 0.9771725 0 0.3808499 0.8691691 0 0.4221561 0.8690623 0 0.3808499 0.9771725 0 0.3907225 0.3125658 0 0.4473487 0.3125658 0 0.4473487 0.3318685 0 0.4473487 0.3125658 0 0.517113 0.3125658 0 0.4473487 0.3318685 0 0.517113 0.3125658 0 0.5172045 0.3318685 0 0.4473487 0.3318685 0 0.5172045 0.3318685 0 0.517113 0.3125658 0 0.586511 0.3318685 0 0.517113 0.3125658 0 0.5875028 0.3125658 0 0.586511 0.3318685 0 0.586511 0.3318685 0 0.5875028 0.3125658 0 0.6467842 0.3318685 0 0.5875028 0.3125658 0 0.6470131 0.3125658 0 0.6467842 0.3318685 0 0.617258 0.04422063 0 0.6170291 0.1041276 0 0.6080415 0.04422063 0 0.6170291 0.1041276 0 0.5923095 0.1041276 0 0.6080415 0.04422063 0 0.6080415 0.04422063 0 0.5923095 0.1041276 0 0.5921874 0.04422063 0 0.5921874 0.04422063 0 0.5923095 0.1041276 0 0.573785 0.1041276 0 0.5731899 0.04422063 0 0.5921874 0.04422063 0 0.573785 0.1041276 0 0.2167239 0.1041276 0 0.182208 0.1041276 0 0.1875486 0.08918899 0 0.1878538 0.05874723 0 0.2167239 0.1041276 0 0.1875486 0.08918899 0 0.1828031 0.04422063 0 0.2169528 0.04422063 0 0.1878538 0.05874723 0 0.6724803 0.2354925 0 0.7073625 0.2354925 0 0.7087968 0.2544747 0 0.6724803 0.2354925 0 0.7087968 0.2544747 0 0.6502937 0.2544747 0 0.5642023 0.2354925 0 0.6724803 0.2354925 0 0.6502937 0.2544747 0 0.5221485 0.2544747 0 0.5642023 0.2354925 0 0.6502937 0.2544747 0 0.4811475 0.2354925 0 0.5642023 0.2354925 0 0.5221485 0.2544747 0 0.4811475 0.2354925 0 0.5221485 0.2544747 0 0.4103914 0.2544747 0 0.409781 0.2354925 0 0.4811475 0.2354925 0 0.4103914 0.2544747 0 0.4103914 0.2544747 0 0.3670405 0.2544747 0 0.409781 0.2354925 0 0.3670405 0.2544747 0 0.3660792 0.2354925 0 0.409781 0.2354925 0 0.3660792 0.2354925 0 0.3670405 0.2544747 0 0.3329213 0.2544747 0 0.3323415 0.2354925 0 0.3660792 0.2354925 0 0.3329213 0.2544747 0 0.2618296 0.2544747 0 0.3323415 0.2354925 0 0.3329213 0.2544747 0 0.2618448 0.2354925 0 0.3323415 0.2354925 0 0.2618296 0.2544747 0 0.4473487 0.3318685 0 0.4473487 0.3420768 0 0.3969024 0.3420768 0 0.3907225 0.3125658 0 0.4473487 0.3318685 0 0.3969024 0.3420768 0 0.3907225 0.3125658 0 0.3969024 0.3420768 0 0.3177539 0.3420768 0 0.2819104 0.3125658 0 0.3907225 0.3125658 0 0.3177539 0.3420768 0 0.2819104 0.3125658 0 0.3177539 0.3420768 0 0.2829633 0.3420768 0 0.2829633 0.3420768 0 0.2459297 0.3420768 0 0.2819104 0.3125658 0 0.2097963 0.3125658 0 0.2819104 0.3125658 0 0.2459297 0.3420768 0 0.2129549 0.3420768 0 0.2097963 0.3125658 0 0.2459297 0.3420768 0 0.2097963 0.3125658 0 0.2129549 0.3420768 0 0.2 0.3374075 0 0.4821393 0.338201 0 0.5316854 0.338201 0 0.5315938 0.3515068 0 0.4821393 0.338201 0 0.5315938 0.3515068 0 0.4567483 0.3515068 0 0.4567483 0.338201 0 0.4821393 0.338201 0 0.4567483 0.3515068 0 0.6237431 0.2618448 0 0.6912947 0.2618448 0 0.6912795 0.280827 0 0.6237431 0.2618448 0 0.6912795 0.280827 0 0.6231174 0.280827 0 0.6237431 0.2618448 0 0.6231174 0.280827 0 0.5862669 0.2618448 0 0.6231174 0.280827 0 0.5850462 0.280827 0 0.5862669 0.2618448 0 0.5862669 0.2618448 0 0.5850462 0.280827 0 0.5427939 0.2618448 0 0.5850462 0.280827 0 0.5412223 0.280827 0 0.5427939 0.2618448 0 0.4213016 0.2618448 0 0.5427939 0.2618448 0 0.5412223 0.280827 0 0.4213016 0.2618448 0 0.2904402 0.280827 0 0.37879 0.2618448 0 0.37879 0.2618448 0 0.2904402 0.280827 0 0.2619364 0.2618448 0 0.2904402 0.280827 0 0.2619364 0.280827 0 0.2619364 0.2618448 0 0.2552072 0.1738002 0 0.2552072 0.2531014 0 0.2281834 0.1738002 0 0.2552072 0.2531014 0 0.2284428 0.2531014 0 0.2281834 0.1738002 0 0.2281834 0.1738002 0 0.2284428 0.2531014 0 0.2084535 0.178439 0 0.2284428 0.2531014 0 0.2062715 0.24654 0 0.2084535 0.178439 0 0.2062715 0.24654 0 0.1976654 0.2134585 0 0.2084535 0.178439 0 0.4513924 0.4121615 0 0.4672312 0.4081941 0 0.4403754 0.4316778 0 0.4293278 0.4121767 0 0.4672312 0.4081941 0 0.4513924 0.4121615 0 0.4135042 0.4316778 0 0.3866026 0.4081941 0 0.4293278 0.4121767 0 0.3281605 0.1738002 0 0.3873655 0.1738002 0 0.3283894 0.1927367 0 0.3873655 0.1738002 0 0.3883574 0.1927367 0 0.3283894 0.1927367 0 0.3873655 0.1738002 0 0.4577859 0.1738002 0 0.3883574 0.1927367 0 0.4577859 0.1738002 0 0.4577096 0.1927367 0 0.3883574 0.1927367 0 0.527657 0.1927367 0 0.4577096 0.1927367 0 0.4577859 0.1738002 0 0.527657 0.1738002 0 0.527657 0.1927367 0 0.4577859 0.1738002 0 0.5844206 0.1738002 0 0.527657 0.1927367 0 0.527657 0.1738002 0 0.5844206 0.1738002 0 0.5782712 0.2030671 0 0.527657 0.1927367 0 0.5782712 0.2030671 0 0.527657 0.2030671 0 0.527657 0.1927367 0 0.6577554 0.2030671 0 0.5782712 0.2030671 0 0.5844206 0.1738002 0 0.6936752 0.1738002 0 0.6577554 0.2030671 0 0.5844206 0.1738002 0 0.6926222 0.2030671 0 0.6577554 0.2030671 0 0.6936752 0.1738002 0 0.729778 0.2030671 0 0.6926222 0.2030671 0 0.6936752 0.1738002 0 0.6936752 0.1738002 0 0.765774 0.1738002 0 0.729778 0.2030671 0 0.765774 0.1738002 0 0.7631189 0.2030671 0 0.729778 0.2030671 0 0.7631189 0.2030671 0 0.765774 0.1738002 0 0.775433 0.1974365 0 0.617258 0.04422063 0 0.6381781 0.1041276 0 0.6170291 0.1041276 0 0.617258 0.04422063 0 0.6383764 0.04422063 0 0.6381781 0.1041276 0 0.7744106 0.08868545 0 0.7410544 0.04422063 0 0.7682918 0.04422063 0 0.7410544 0.04422063 0 0.7744106 0.08868545 0 0.741207 0.1041276 0 0.7689784 0.1041276 0 0.741207 0.1041276 0 0.7744106 0.08868545 0 0.2953689 0.2289006 0 0.2619364 0.2289006 0 0.2619364 0.2099184 0 0.3200122 0.2099184 0 0.2953689 0.2289006 0 0.2619364 0.2099184 0 0.3195087 0.2289006 0 0.2953689 0.2289006 0 0.3200122 0.2099184 0 0.3630121 0.2099184 0 0.4262913 0.2099184 0 0.3640803 0.2289006 0 0.4262913 0.2099184 0 0.4262913 0.2287938 0 0.3640803 0.2289006 0 0.460502 0.3059586 0 0.4606394 0.2866407 0 0.5266041 0.3059586 0 0.4606394 0.2866407 0 0.5271992 0.2866407 0 0.5266041 0.3059586 0 0.5266041 0.3059586 0 0.5271992 0.2866407 0 0.5917143 0.3059586 0 0.5271992 0.2866407 0 0.5928588 0.2866407 0 0.5917143 0.3059586 0 0.6634928 0.3059586 0 0.6381323 0.3059586 0 0.6376593 0.2866407 0 0.6634928 0.3059586 0 0.6376593 0.2866407 0 0.6972305 0.2866407 0 0.6972305 0.3059586 0 0.6634928 0.3059586 0 0.6972305 0.2866407 0 0.7290303 0.3060044 0 0.6972305 0.3059586 0 0.6972305 0.2866407 0 0.7290303 0.2866407 0 0.7290303 0.3060044 0 0.6972305 0.2866407 0 0.5849546 0.1650416 0 0.5853819 0.1113909 0 0.6163119 0.1650416 0 0.5853819 0.1113909 0 0.6164492 0.1113909 0 0.6163119 0.1650416 0 0.6163119 0.1650416 0 0.6164492 0.1113909 0 0.6312963 0.1113909 0 0.6308232 0.1650416 0 0.6163119 0.1650416 0 0.6312963 0.1113909 0 0.6680095 0.1113909 0 0.686305 0.1650416 0 0.668162 0.1650416 0 0.686305 0.1650416 0 0.7059129 0.1113909 0 0.7397879 0.1650416 0 0.7397879 0.1650416 0 0.7398184 0.1113909 0 0.7582971 0.1113909 0 0.7580835 0.1650416 0 0.7397879 0.1650416 0 0.7582971 0.1113909 0 0.7580835 0.1650416 0 0.7582971 0.1113909 0 0.7710231 0.1157244 0 0.7715572 0.1603571 0 0.7580835 0.1650416 0 0.7710231 0.1157244 0 0.7715572 0.1603571 0 0.7710231 0.1157244 0 0.7783932 0.1386282 0 0.5528497 0.3575342 0 0.5746548 0.3600976 0 0.5635004 0.3689479 0 0.5635004 0.3689479 0 0.5342947 0.3678492 0 0.5384604 0.3575342 0 0.5635004 0.3689479 0 0.5384604 0.3575342 0 0.5528497 0.3575342 0 0.5340047 0.3944915 0 0.5342947 0.3678492 0 0.5635004 0.3689479 0 0.5635004 0.3689479 0 0.5682917 0.3944915 0 0.5340047 0.3944915 0 0.4913558 0.3690089 0 0.4648966 0.3942626 0 0.4614328 0.3681849 0 0.4961776 0.3942626 0 0.4648966 0.3942626 0 0.4913558 0.3690089 0 0.508751 0.3942626 0 0.4961776 0.3942626 0 0.508751 0.377203 0 0.3365377 0.3508049 0 0.3434806 0.3824216 0 0.3179065 0.3508049 0 0.05467308 0.87393 0 0.05467308 0.8677806 0 0.07278553 0.8616159 0 0.6494545 0.3863127 0 0.631632 0.3760128 0 0.6494545 0.3657283 0 0.1709773 0.9376669 0 0.1845121 0.9444114 0 0.1849241 0.9748989 0 0.1712673 0.9820248 0 0.1709773 0.9376669 0 0.1849241 0.9748989 0 0.1712673 0.9820248 0 0.1849241 0.9748989 0 0.1830014 0.9923247 0 0.1849241 0.9748989 0 0.1939117 0.9819486 0 0.1830014 0.9923247 0 0.2680247 0.9447318 0 0.2816815 0.9376211 0 0.2819562 0.9819638 0 0.2684214 0.9752194 0 0.2680247 0.9447318 0 0.2819562 0.9819638 0 0.3872892 0.3872282 0 0.3613489 0.3682154 0 0.380499 0.3587854 0 0.4372168 0.3757229 0 0.4084077 0.3887541 0 0.412314 0.359823 0 0.4084077 0.3887541 0 0.4047455 0.3646143 0 0.412314 0.359823 0 0.7415122 0.4049134 0 0.7039597 0.3893492 0 0.7415122 0.3738003 0 0.7039597 0.3893492 0 0.7415122 0.4049134 0 0.7195086 0.4269016 0 0.7039597 0.3893492 0 0.7326925 0.3606012 0 0.7415122 0.3738003 0 0.7039597 0.3893492 0 0.7195086 0.4269016 0 0.7039597 0.4299992 0 0.7039597 0.3893492 0 0.7039597 0.3486992 0 0.7326925 0.3606012 0 0.7039597 0.3893492 0 0.6883955 0.3517967 0 0.7039597 0.3486992 0 0.7039597 0.3893492 0 0.7039597 0.4299992 0 0.6752117 0.4180972 0 0.7039597 0.3893492 0 0.6664073 0.3738003 0 0.6883955 0.3517967 0 0.9518578 0.9596094 0 0.9340505 0.9596094 0 0.9521477 0.9507591 0 0.9518578 0.9596094 0 0.9340505 0.9596094 0 0.9521477 0.9507591 0 0.9697871 0.9506676 0 0.9532158 0.9339742 0 0.9732357 0.9255512 0 0.9697871 0.9506676 0 0.9532158 0.9339742 0 0.9732357 0.9255512 0 0.9345846 0.93402 0 0.9344015 0.9082627 0 0.9532158 0.9339742 0 0.9345846 0.93402 0 0.9344015 0.9082627 0 0.9532158 0.9339742 0 0.786923 0.916701 0 0.7651789 0.915053 0 0.8069734 0.9083848 0 0.786923 0.916701 0 0.7651789 0.915053 0 0.8069734 0.9083848 0 0.764477 0.9345083 0 0.7651789 0.915053 0 0.786923 0.916701 0 0.764477 0.9345083 0 0.7651789 0.915053 0 0.786923 0.916701 0 0.8064851 0.9253071 0 0.8069734 0.9083848 0 0.8253452 0.9082627 0 0.8064851 0.9253071 0 0.8069734 0.9083848 0 0.8253452 0.9082627 0 0.7868925 0.933608 0 0.786923 0.916701 0 0.8064851 0.9253071 0 0.7868925 0.933608 0 0.786923 0.916701 0 0.8064851 0.9253071 0 0.7756771 0.9596094 0 0.764477 0.9345083 0 0.7893034 0.9506065 0 0.7756771 0.9596094 0 0.764477 0.9345083 0 0.7893034 0.9506065 0 0.8436408 0.9596094 0 0.8436561 0.9340658 0 0.8616617 0.9509422 0 0.8436408 0.9596094 0 0.8436561 0.9340658 0 0.8616617 0.9509422 0 0.8798504 0.9596094 0 0.8799267 0.942504 0 0.8980545 0.942504 0 0.8798504 0.9596094 0 0.8799267 0.942504 0 0.8980545 0.942504 0 0.9345846 0.93402 0 0.8980545 0.942504 0 0.9161975 0.9253376 0 0.9345846 0.93402 0 0.8980545 0.942504 0 0.9161975 0.9253376 0 0.9345846 0.93402 0 0.9161975 0.9253376 0 0.9344015 0.9082627 0 0.9345846 0.93402 0 0.9161975 0.9253376 0 0.9344015 0.9082627 0 0.8980545 0.942504 0 0.8799267 0.942504 0 0.8980087 0.9253376 0 0.8799267 0.942504 0 0.8618448 0.9340658 0 0.8798657 0.9253529 0 0.8799267 0.942504 0 0.8618448 0.9340658 0 0.8798657 0.9253529 0 0.8436561 0.9340658 0 0.82533 0.93402 0 0.8435493 0.908217 0 0.8436561 0.9340658 0 0.82533 0.93402 0 0.8435493 0.908217 0 0.4806134 0.8691691 0 0.4806134 0.9771725 0 0.4435492 0.8606088 0 0.4763714 0.985626 0 0.4393072 0.9770504 0 0.8077516 0.6565347 0 0.8231785 0.6404974 0 0.8231785 0.6565804 0 0.8231785 0.7009079 0 0.8077516 0.6565347 0 0.4221561 0.8690623 0 0.4221561 0.9770504 0 0.3850919 0.985626 0 0.3808499 0.8691691 0 0.4077058 0.8565957 0 0.8896315 0.9949645 0 0.8605936 0.9949798 0 0.8543069 0.9693904 0 0.961181 0.9949493 0 0.8896315 0.9693904 0 0.8896315 0.9949645 0 0.8543069 0.9693904 0 0.961181 0.9693599 0 0.9674525 0.994934 0 0.9902189 0.9693599 0 0.9964904 0.994934 0 0.5731899 0.04422063 0 0.573785 0.1041276 0 0.561059 0.1041276 0 0.5605555 0.04422063 0 0.561059 0.1041276 0 0.2169528 0.04422063 0 0.2167239 0.1041276 0 0.1878538 0.05874723 0 0.2528267 0.1041276 0 0.2169528 0.04422063 0 0.2529793 0.04422063 0 0.2852216 0.1041276 0 0.2529793 0.04422063 0 0.2853437 0.04422063 0 0.3214923 0.1041276 0 0.3215534 0.04422063 0 0.3576562 0.1041276 0 0.3215534 0.04422063 0 0.3576562 0.04422063 0 0.3937438 0.04422063 0 0.3938048 0.1041276 0 0.4299535 0.04422063 0 0.4300908 0.1041276 0 0.463386 0.04422063 0 0.4635691 0.1041276 0 0.4998093 0.04422063 0 0.5000381 0.1041276 0 0.6680095 0.1113909 0 0.7059129 0.1113909 0 0.686305 0.1650416 0 0.7398184 0.1113909 0 0.7397879 0.1650416 0 0.08021668 0.8678569 0 0.05467308 0.87393 0 0.05467308 0.8616159 0 0.08592355 0.8676738 0 0.08592355 0.87393 0 0.9718166 0.9087053 0 0.9528801 0.9084458 0 0.969543 0.8910811 0 0.9718166 0.9087053 0 0.9528801 0.9084458 0 0.9344015 0.9082627 0 0.9161364 0.9082017 0 0.9342031 0.8910811 0 0.9344015 0.9082627 0 0.9161364 0.9082017 0 0.8618448 0.9340658 0 0.8435493 0.908217 0 0.8618448 0.8997635 0 0.8618448 0.9340658 0 0.8435493 0.908217 0 0.8253452 0.9082627 0 0.8069734 0.9083848 0 0.8256962 0.8910811 0 0.8253452 0.9082627 0 0.8069734 0.9083848 0 0.8071565 0.9507439 0 0.8064851 0.9253071 0 0.82533 0.93402 0 0.8071565 0.9507439 0 0.82533 0.93402 0 0.8616617 0.9509422 0 0.8618448 0.9340658 0 0.8799267 0.942504 0 0.8618448 0.9340658 0 0.8799267 0.942504 0 0.6901198 0.04422063 0 0.7036698 0.04422063 0 0.7036393 0.1041276 0 0.6900435 0.1041276 0 0.7036393 0.1041276 0 0.673106 0.1041276 0 0.6732738 0.04422063 0 0.6499275 0.1041276 0 0.6502937 0.04422063 0 0.01593042 0.9224231 0 0.03602655 0.9224231 0 0.01573205 0.996231 0 0.035935 0.996231 0 0.035935 0.996231 0 0.03602655 0.9224231 0 0.05607691 0.9224231 0 0.05618372 0.996231 0 0.05618372 0.996231 0 0.05607691 0.9224231 0 0.0763714 0.996231 0 0.0761883 0.9224231 0 0.0763714 0.996231 0 0.0761883 0.9224231 0 0.08645762 0.996231 0 0.08625925 0.9224231 0 0.8077516 0.5530175 0 0.8231785 0.5531853 0 0.8231785 0.6404974 0 0.8077516 0.6403449 0 0.8231785 0.7009079 0 0.8077516 0.7009537 0 0.8077516 0.6565347 0 0.8231785 0.7169909 0 0.8077516 0.8044709 0 0.8077516 0.7171588 0 0.8231785 0.7169909 0 0.8231785 0.8043183 0 0.8077516 0.8205692 0 0.8077516 0.8044709 0 0.8231785 0.8205234 0 0.8231785 0.8649119 0 0.8231785 0.8649119 0 0.8077516 0.8648814 0 0.8077516 0.8205692 0 0.8077516 0.8810102 0 0.8681315 0.4562905 0 0.8681315 0.4405127 0 0.8800946 0.4405127 0 0.8800336 0.4562905 0 0.8800946 0.4405127 0 0.9112077 0.4405127 0 0.8800336 0.4562905 0 0.9112688 0.4562905 0 0.7827573 0.9949493 0 0.7827573 0.9693599 0 0.8543069 0.9693904 0 0.8605936 0.9949798 0 0.6467842 0.3318685 0 0.6470131 0.3125658 0 0.7136034 0.3318685 0 0.7136797 0.3125658 0 0.5605555 0.04422063 0 0.561059 0.1041276 0 0.5359731 0.1041276 0 0.5356527 0.04422063 0 0.5356527 0.04422063 0 0.5359731 0.1041276 0 0.4998093 0.04422063 0 0.5000381 0.1041276 0 0.5571374 0.338201 0 0.5572442 0.3515068 0 0.5315938 0.3515068 0 0.5316854 0.338201 0 0.911223 0.463859 0 0.9111772 0.4796521 0 0.8800183 0.4796521 0 0.8800183 0.463859 0 0.8800183 0.463859 0 0.8800183 0.4796521 0 0.8681315 0.463859 0 0.8681315 0.4796521 0 0.2619364 0.1738002 0 0.3281605 0.1738002 0 0.2619974 0.1927367 0 0.3283894 0.1927367 0 0.6499275 0.1041276 0 0.6381781 0.1041276 0 0.6383764 0.04422063 0 0.6502937 0.04422063 0 0.741207 0.1041276 0 0.7036393 0.1041276 0 0.7036698 0.04422063 0 0.7410544 0.04422063 0 0.3195087 0.2289006 0 0.3200122 0.2099184 0 0.3640803 0.2289006 0 0.3630121 0.2099184 0 0.4262913 0.2099184 0 0.48925 0.2099184 0 0.4262913 0.2287938 0 0.4893721 0.2288548 0 0.48925 0.2099184 0 0.5511559 0.2099184 0 0.4893721 0.2288548 0 0.5513085 0.2288548 0 0.5513085 0.2288548 0 0.5511559 0.2099184 0 0.6184024 0.2288548 0 0.6184634 0.2099184 0 0.6184024 0.2288548 0 0.6184634 0.2099184 0 0.6847638 0.2288548 0 0.6847333 0.2099184 0 0.6847333 0.2099184 0 0.7507744 0.2099184 0 0.6847638 0.2288548 0 0.7508354 0.2288548 0 0.1999237 0.3059586 0 0.2 0.2866407 0 0.2665598 0.3059586 0 0.2665598 0.2866407 0 0.2665598 0.3059586 0 0.2665598 0.2866407 0 0.3329824 0.2866407 0 0.3329976 0.3059586 0 0.3329976 0.3059586 0 0.3329824 0.2866407 0 0.399527 0.2866407 0 0.3993744 0.3059586 0 0.3993744 0.3059586 0 0.399527 0.2866407 0 0.460502 0.3059586 0 0.4606394 0.2866407 0 0.5917143 0.3059586 0 0.5928588 0.2866407 0 0.6376593 0.2866407 0 0.6381323 0.3059586 0 0.1719234 0.1113909 0 0.2054169 0.1113909 0 0.1719234 0.1650416 0 0.2057527 0.1650416 0 0.2057527 0.1650416 0 0.2054169 0.1113909 0 0.2401923 0.1650416 0 0.2399939 0.1113909 0 0.3088121 0.1113909 0 0.3451133 0.1113909 0 0.3089189 0.1650416 0 0.3451743 0.1650416 0 0.4174411 0.1650416 0 0.4175021 0.1113909 0 0.4536965 0.1650416 0 0.4538033 0.1113909 0 0.5240558 0.1113909 0 0.5600519 0.1113909 0 0.5238727 0.1650416 0 0.5597925 0.1650416 0 0.5597925 0.1650416 0 0.5600519 0.1113909 0 0.5849546 0.1650416 0 0.5853819 0.1113909 0 0.6308232 0.1650416 0 0.6312963 0.1113909 0 0.668162 0.1650416 0 0.6680095 0.1113909 0 0.4669108 0.3602808 0 0.4940261 0.3602808 0 0.4913558 0.3690089 0 0.4614328 0.3681849 0 0.2926986 0.3820249 0 0.3027848 0.3786221 0 0.3180133 0.401236 0 0.3079728 0.3546502 0 0.1933318 0.9374533 0 0.1845121 0.9444114 0 0.1709773 0.9376669 0 0.18262 0.9273213 0 0.1933318 0.9374533 0 0.18262 0.9273213 0 0.2699321 0.927306 0 0.2590219 0.9376822 0 0.1939117 0.9819486 0 0.259617 0.9821774 0 0.1830014 0.9923247 0 0.2703136 0.9923095 0 0.2590219 0.9376822 0 0.2699321 0.927306 0 0.2816815 0.9376211 0 0.2680247 0.9447318 0 0.2703136 0.9923095 0 0.259617 0.9821774 0 0.2819562 0.9819638 0 0.2684214 0.9752194 0 0.009109636 0.9133898 0 0.009109636 0.8952773 0 0.02720684 0.8952773 0 0.02720684 0.9133898 0 0.05639734 0.8952773 0 0.05639734 0.9133898 0 0.03830015 0.8952773 0 0.03830015 0.9133898 0 0.7039597 0.3893492 0 0.6752117 0.4180972 0 0.6633097 0.3893492 0 0.6664073 0.3738003 0 0.9521477 0.9507591 0 0.9340505 0.9596094 0 0.9532158 0.9339742 0 0.9340505 0.9596094 0 0.9732357 0.9255512 0 0.9532158 0.9339742 0 0.9718166 0.9087053 0 0.9532158 0.9339742 0 0.8253452 0.9082627 0 0.8256962 0.8910811 0 0.8435493 0.908217 0 0.8256962 0.8910811 0 0.7651789 0.915053 0 0.7741665 0.8985733 0 0.8069734 0.9083848 0 0.8069734 0.9083848 0 0.82533 0.93402 0 0.8253452 0.9082627 0 0.8435493 0.908217 0 0.8435493 0.908217 0 0.7893034 0.9506065 0 0.7868925 0.933608 0 0.8064851 0.9253071 0 0.8064851 0.9253071 0 0.9160143 0.9596094 0 0.9345846 0.93402 0 0.9340505 0.9596094 0 0.9345846 0.93402 0 0.8798657 0.9253529 0 0.8798199 0.9081864 0 0.8980087 0.9253376 0 0.8798199 0.9081864 0 0.8798657 0.9253529 0 0.8618448 0.9340658 0 0.8798199 0.9081864 0 0.8618448 0.9340658 0 0.8436561 0.9340658 0 0.8435493 0.908217 0 0.8618448 0.9340658 0 0.8435493 0.908217 0 0.0396582 0.8800793 0 0.007705806 0.8867475 0 0.0364538 0.8755474 0 0.007705806 0.8867475 0 0.006942855 0.879881 0 0.006301976 0.8738689 0 0.005645838 0.8678416 0 0.03480583 0.8669413 0 0.005889982 0.861799 0 0.0433051 0.8668956 0 0.006118868 0.8557565 0 0.03868162 0.853376 0 0.006469825 0.8487983 0 0.9964904 0.9693599 0 0.9964904 0.994934 0 0.9829252 0.994934 0 0.9674525 0.9693599 0 0.961181 0.9949493 0 0.961181 0.9693599 0 0.8896315 0.9949645 0 0.8896315 0.9693904 0 0.88336 0.9949645 0 0.8678569 0.9693904 0 0.8543221 0.9949645 0 0.8543069 0.9693904 0 0.7827573 0.9693599 0 0.7827573 0.9949493 0 0.9111772 0.4796521 0 0.911223 0.463859 0 0.9232776 0.463859 0 0.923125 0.4796521 0 0.9904631 0.463859 0 0.9904631 0.4796521 0 0.2253605 0.4316778 0 0.22533 0.4081941 0 0.2522164 0.4081941 0 0.2791028 0.4316778 0 0.3059587 0.4081941 0 0.3059892 0.4316778 0 0.332845 0.4081941 0 0.3597467 0.4316778 0 0.3866026 0.4081941 0 0.4135042 0.4316778 0 0.4403754 0.4316778 0 0.4293278 0.4121767 0 0.4672312 0.4081941 0 0.4941329 0.4316778 0 0.5209888 0.4081941 0 0.5478904 0.4316778 0 0.5747463 0.4081941 0 0.5747768 0.4316778 0 0.6016175 0.4081941 0 0.6285344 0.4316778 0 0.655375 0.4081941 0 0.6554055 0.4316778 0 0.3088121 0.1113909 0 0.3089189 0.1650416 0 0.2761272 0.1650416 0 0.2759899 0.1113909 0 0.2401923 0.1650416 0 0.2399939 0.1113909 0 0.4536965 0.1650416 0 0.4538033 0.1113909 0 0.4874495 0.1650416 0 0.4875868 0.1113909 0 0.5238727 0.1650416 0 0.5240558 0.1113909 0 0.7825437 0.007110715 0 0.8120699 0.007110715 0 0.7825437 0.02598614 0 0.8881056 0.007110715 0 0.7825437 0.1163195 0 0.8211185 0.1710079 0 0.7825437 0.1710079 0 0.8881208 0.1183032 0 0.8881208 0.1710079 0 0.9551385 0.1710079 0 0.9936675 0.1163195 0 0.9936675 0.1710079 0 0.9936675 0.02598614 0 0.9641108 0.007110715 0 0.9936675 0.007110715 0 0.9231861 0.4405127 0 0.9112688 0.4562905 0 0.9112077 0.4405127 0 0.9233234 0.4562905 0 0.9904631 0.4562905 0 0.9904631 0.4405127 0 0.3451133 0.1113909 0 0.3813077 0.1113909 0 0.3451743 0.1650416 0 0.3813077 0.1650416 0 0.4174411 0.1650416 0 0.4175021 0.1113909 0 0.09909209 0.9405661 0 0.1335775 0.9934233 0 0.09198138 0.9935454 0 0.1396048 0.9511254 0 0.1386587 0.9058213 0 0.1568017 0.9244373 0 0.1037156 0.9085069 0 0.1421073 0.8793927 0 0.1874876 0.9087968 0 0.1164263 0.879057 0 0.09477378 0.8597543 0 0.1823911 0.8522469 0 0.1110857 0.8450446 0 0.145037 0.8499886 0 0.06178378 0.8405585 0 0.1465782 0.8363775 0 0.1100023 0.829282 0 0.05897612 0.8181583 0 0.007248036 0.8306401 0 0.008316167 0.8137026 0 0.1478599 0.8058137 0 0.1094835 0.8136873 0 0.05952545 0.7961395 0 0.181857 0.8262913 0 0.1088579 0.7890288 0 0.1485924 0.7877165 0 0.1208515 0.7340505 0 0.0598764 0.7245136 0 0.0081178 0.737148 0 0.1568933 0.7351949 0 0.06060883 0.6518654 0 0.007843137 0.6572061 0 0.1060197 0.6552224 0 0.05726711 0.5951171 0 0.007827878 0.5981689 0 0.1029679 0.5927062 0 0.05438315 0.5467918 0 0.007843137 0.5481651 0 0.1013504 0.5467002 0 0.05461204 0.4972762 0 0.007843137 0.4972762 0 0.007843137 0.4923323 0 0.1032731 0.4972762 0 0.05499351 0.4923323 0 0.007843137 0.4877852 0 0.05500877 0.4877852 0 0.1035172 0.4877852 0 0.1035477 0.4923323 0 0.1403983 0.4972762 0 0.1413901 0.4923323 0 0.1415274 0.4877852 0 0.1818112 0.4923323 0 0.1412833 0.5467155 0 0.1811551 0.4972762 0 0.1430533 0.5922332 0 0.1816739 0.5467613 0 0.2264744 0.4972762 0 0.2264744 0.4923323 0 0.2711223 0.4923323 0 0.1441062 0.6535592 0 0.1852445 0.5925384 0 0.185153 0.6545205 0 0.2264744 0.546746 0 0.2264744 0.5926909 0 0.1914702 0.7346151 0 0.2712749 0.5467308 0 0.1841764 0.7869078 0 0.2265812 0.6546273 0 0.2262913 0.8276951 0 0.2263066 0.786801 0 0.2264134 0.7343557 0 0.2613565 0.7346609 0 0.2680247 0.6546273 0 0.2677043 0.5925536 0 0.2684062 0.7869231 0 0.295903 0.735256 0 0.3092241 0.6538186 0 0.3098802 0.5922637 0 0.3460899 0.6557717 0 0.3039292 0.787747 0 0.3116655 0.546746 0 0.3318532 0.7341268 0 0.2717784 0.4972762 0 0.3499657 0.592752 0 0.3115435 0.4923323 0 0.3114214 0.4877852 0 0.3494163 0.4877852 0 0.3125353 0.4972762 0 0.3494011 0.4923323 0 0.3979553 0.4923323 0 0.39794 0.4877852 0 0.3496605 0.4972762 0 0.3515984 0.5467308 0 0.4450904 0.4923323 0 0.4450904 0.4877852 0 0.3983215 0.4972762 0 0.4450904 0.4972762 0 0.4450904 0.5481651 0 0.3985504 0.5467918 0 0.4450752 0.5981994 0 0.3956512 0.5951171 0 0.4450904 0.6577859 0 0.3923247 0.6518044 0 0.4448005 0.7374838 0 0.3930571 0.7244984 0 0.4445258 0.8137026 0 0.3933928 0.7966735 0 0.3436637 0.7891356 0 0.3913023 0.8179599 0 0.4450752 0.8306401 0 0.3893187 0.8405585 0 0.3420005 0.8292515 0 0.3051652 0.8210269 0 0.3410849 0.8450141 0 0.3574578 0.8593576 0 0.3074845 0.8500801 0 0.2706493 0.8263371 0 0.3369192 0.8792096 0 0.3503319 0.908339 0 0.3108873 0.8794842 0 0.2702067 0.8523384 0 0.2263218 0.8541085 0 0.2264439 0.9043412 0 0.2651713 0.9090105 0 0.2960861 0.9243458 0 0.3145342 0.9057908 0 0.3135271 0.9511101 0 0.354406 0.9404898 0 0.3190356 0.9935454 0 0.3609522 0.9935454 0 0.8321965 0.8440375 0 0.8321965 0.8810865 0 0.8385748 0.8810865 0 0.8385748 0.8440375 0 0.8321965 0.8183719 0 0.8615091 0.8810865 0 0.8385748 0.8183719 0 0.8321965 0.7878233 0 0.8615091 0.8440375 0 0.9592127 0.8440375 0 0.9519494 0.8810865 0 0.9097734 0.8150759 0 0.9657435 0.81178 0 0.8385748 0.7878233 0 0.8321965 0.7553674 0 0.8615091 0.7878233 0 0.9116197 0.7877318 0 0.9694362 0.7876402 0 0.9727321 0.7553674 0 0.9132677 0.7553674 0 0.9754025 0.7154498 0 0.8615091 0.7553674 0 0.8385748 0.7553674 0 0.8615091 0.7154498 0 0.8385748 0.7154498 0 0.8321965 0.7154498 0 0.9149767 0.6781262 0 0.9761654 0.6781262 0 0.9768826 0.6411383 0 0.8385748 0.6782788 0 0.8321965 0.6789197 0 0.9153429 0.6411383 0 0.9742885 0.6 0 0.8385748 0.6411383 0 0.8321965 0.6411383 0 0.8615091 0.6 0 0.8385748 0.6 0 0.8321965 0.6 0 0.8321965 0.5651331 0 0.8385748 0.5651331 0 0.8321965 0.5383841 0 0.9115892 0.5616083 0 0.9693751 0.5580835 0 0.9587243 0.5391775 0 0.8615091 0.5651331 0 0.8385748 0.5381705 0 0.8385748 0.5049211 0 0.8321965 0.5049211 0 0.8615091 0.5380636 0 0.8615091 0.5049211 0 0.9519494 0.5049211 0 0.8385748 0.8810865 0 0.8321965 0.8810865 0 0.8321965 0.8440375 0 0.8385748 0.8440375 0 0.8321965 0.8183719 0 0.8615091 0.8810865 0 0.8385748 0.8183719 0 0.8321965 0.7878233 0 0.8615091 0.8440375 0 0.9519494 0.8810865 0 0.9592127 0.8440375 0 0.9657435 0.81178 0 0.8615091 0.8183719 0 0.8385748 0.7878233 0 0.8321965 0.7553674 0 0.9116197 0.7877318 0 0.9694362 0.7876402 0 0.9727321 0.7553674 0 0.8615091 0.7553674 0 0.9754025 0.7154498 0 0.8385748 0.7553674 0 0.8615091 0.7154498 0 0.8385748 0.7154498 0 0.8321965 0.7154498 0 0.9149767 0.6781262 0 0.9761654 0.6781262 0 0.9768826 0.6411383 0 0.8385748 0.6782788 0 0.8321965 0.6789197 0 0.8615091 0.6411383 0 0.9742885 0.6 0 0.8385748 0.6411383 0 0.8321965 0.6411383 0 0.8615091 0.6 0 0.8385748 0.6 0 0.8321965 0.6 0 0.8321965 0.5651331 0 0.8385748 0.5651331 0 0.8321965 0.5383841 0 0.9115892 0.5616083 0 0.9693751 0.5580835 0 0.9587243 0.5391775 0 0.8615091 0.5651331 0 0.8615091 0.5049211 0 0.9519494 0.5049211 0 0.8615091 0.5380636 0 0.8385748 0.5049211 0 0.8321965 0.5049211 0 0.8385748 0.5381705 0 0.8980545 0.942504 0 0.8799267 0.942504 0 0.8980087 0.9253376 0 0.8798657 0.9253529 0 0.2479438 0.4699931 0 0.2479438 0.4614633 0 0.2825666 0.4699931 0 0.2479438 0.4410926 0 0.2859998 0.4410926 0 0.3165637 0.4614633 0 0.3165637 0.4699931 0 0.3202564 0.4410926 0 0.3467765 0.4614633 0 0.3473411 0.4410926 0 0.3467765 0.4699931 0 0.371313 0.4410926 0 0.3704585 0.4614633 0 0.3704585 0.4699931 0 0.3961395 0.4614633 0 0.4218204 0.4699931 0 0.4218204 0.4614633 0 0.4209659 0.4410926 0 0.4455024 0.4699931 0 0.4455024 0.4614633 0 0.4449226 0.4410926 0 0.4757153 0.4699931 0 0.4720226 0.4410926 0 0.4757153 0.4614633 0 0.5097123 0.4699931 0 0.5062791 0.4410926 0 0.5097123 0.4614633 0 0.5481803 0.4699931 0 0.5457237 0.4410926 0 0.5481803 0.4614633 0 0.5863432 0.4699931 0 0.5818112 0.4410926 0 0.5863432 0.4614633 0 0.6213626 0.4699931 0 0.6213626 0.4614633 0 0.6235447 0.4410926 0 0.6367132 0.4699931 0 0.6364691 0.4614633 0 0.6523384 0.4410926 0 0.6515755 0.4699931 0 0.6515755 0.4614633 0 0.6748455 0.4699931 0 0.6754559 0.4614633 0 0.7033341 0.4410926 0 0.7033494 0.4699931 0 0.7033341 0.4614633 0 0.7312276 0.4614633 0 0.754345 0.4410926 0 0.7318379 0.4699931 0 0.7551079 0.4614633 0 0.7551079 0.4699931 0 0.7702144 0.4614633 0 0.7831388 0.4410926 0 0.7699092 0.4699931 0 0.7853208 0.4614633 0 0.7853208 0.4699931 0 0.8028229 0.4614633 0 0.8248722 0.4410926 0 0.8203403 0.4614633 0 0.8203403 0.4699931 0 0.8564431 0.4614633 0 0.8564431 0.4410926 0 0.8564431 0.4699931 0 0.9827878 0.9596094 0 0.9697871 0.9506676 0 0.9945831 0.935607 0 0.9518578 0.9596094 0 0.9521477 0.9507591 0 0.9697871 0.9506676 0 0.9945831 0.935607 0 0.9697871 0.9506676 0 0.9952545 0.9161516 0 0.9697871 0.9506676 0 0.9732357 0.9255512 0 0.9952545 0.9161516 0 0.9521477 0.9507591 0 0.9532158 0.9339742 0 0.9697871 0.9506676 0 0.9952545 0.9161516 0 0.9732357 0.9255512 0 0.9867857 0.8987411 0 0.9340505 0.9596094 0 0.9345846 0.93402 0 0.9532158 0.9339742 0 0.9732357 0.9255512 0 0.9718166 0.9087053 0 0.9867857 0.8987411 0 0.9718166 0.9087053 0 0.969543 0.8910811 0 0.9867857 0.8987411 0 0.9532158 0.9339742 0 0.9528801 0.9084458 0 0.9718166 0.9087053 0 0.9532158 0.9339742 0 0.9344015 0.9082627 0 0.9528801 0.9084458 0 0.9344015 0.9082627 0 0.9342031 0.8910811 0 0.9528801 0.9084458 0 0.9161364 0.9082017 0 0.9161059 0.8910811 0 0.9342031 0.8910811 0 0.9161975 0.9253376 0 0.9161364 0.9082017 0 0.9344015 0.9082627 0 0.9161364 0.9082017 0 0.8980697 0.8997635 0 0.9161059 0.8910811 0 0.8980697 0.8997635 0 0.8979934 0.8910811 0 0.9161059 0.8910811 0 0.9161975 0.9253376 0 0.8980087 0.9253376 0 0.9161364 0.9082017 0 0.8980087 0.9253376 0 0.8980697 0.8997635 0 0.9161364 0.9082017 0 0.8980697 0.8997635 0 0.8798199 0.9081864 0 0.8979934 0.8910811 0 0.8798199 0.9081864 0 0.8618448 0.8997635 0 0.8979934 0.8910811 0 0.8980087 0.9253376 0 0.8798199 0.9081864 0 0.8980697 0.8997635 0 0.8618448 0.9340658 0 0.8618448 0.8997635 0 0.8798199 0.9081864 0 0.8618448 0.8997635 0 0.8435493 0.908217 0 0.8617838 0.8910811 0 0.8435493 0.908217 0 0.8437171 0.8910811 0 0.8617838 0.8910811 0 0.8435493 0.908217 0 0.8256962 0.8910811 0 0.8437171 0.8910811 0 0.8069734 0.9083848 0 0.8078889 0.8910811 0 0.8256962 0.8910811 0 0.8069734 0.9083848 0 0.7908751 0.8910811 0 0.8078889 0.8910811 0 0.8069734 0.9083848 0 0.7741665 0.8985733 0 0.7908751 0.8910811 0 0.8064851 0.9253071 0 0.786923 0.916701 0 0.8069734 0.9083848 0 0.7868925 0.933608 0 0.764477 0.9345083 0 0.786923 0.916701 0 0.82533 0.93402 0 0.8064851 0.9253071 0 0.8253452 0.9082627 0 0.7893034 0.9506065 0 0.764477 0.9345083 0 0.7868925 0.933608 0 0.8071565 0.9507439 0 0.7893034 0.9506065 0 0.8064851 0.9253071 0 0.8255283 0.9596094 0 0.8071565 0.9507439 0 0.82533 0.93402 0 0.8436408 0.9596094 0 0.8255283 0.9596094 0 0.8436561 0.9340658 0 0.8255283 0.9596094 0 0.82533 0.93402 0 0.8436561 0.9340658 0 0.8798504 0.9596094 0 0.8616617 0.9509422 0 0.8799267 0.942504 0 0.8616617 0.9509422 0 0.8436561 0.9340658 0 0.8618448 0.9340658 0 0.9160143 0.9596094 0 0.8980545 0.942504 0 0.9345846 0.93402 0 0.8980545 0.942504 0 0.8980087 0.9253376 0 0.9161975 0.9253376 0 0.9788358 0.3524987 0 0.9102617 0.4210727 0 0.9788358 0.2555428 0 0.9513695 0.214435 0 0.8617838 0.1773251 0 0.8133059 0.1869688 0 0.7447318 0.2555428 0 0.7350881 0.3040208 0 0.7721981 0.3936065 0 0.4702678 0.8138704 0 0.5073167 0.8231022 0 0.4768902 0.8325475 0 0.5260701 0.7885252 0 0.5211719 0.8449225 0 0.5145648 0.7336538 0 0.4702678 0.7379568 0 0.5499504 0.8408636 0 0.5231556 0.8735943 0 0.5109026 0.6649424 0 0.4702678 0.6584573 0 0.5528039 0.8743725 0 0.5174181 0.9060655 0 0.5097887 0.6038452 0 0.4702373 0.5981537 0 0.4702678 0.5481651 0 0.5098497 0.5522546 0 0.4702678 0.4972762 0 0.5516441 0.606714 0 0.5524529 0.6668345 0 0.5559472 0.7295339 0 0.5947661 0.607599 0 0.567956 0.7864042 0 0.5945525 0.6669871 0 0.6012207 0.7843595 0 0.5775387 0.8375067 0 0.5802549 0.873991 0 0.6050813 0.8348364 0 0.5870603 0.9082017 0 0.6068818 0.8736401 0 0.6613718 0.8348364 0 0.5955901 0.7280384 0 0.6652323 0.7843748 0 0.6332341 0.6664988 0 0.6708629 0.7280384 0 0.6332341 0.6075838 0 0.6719005 0.6669871 0 0.7105058 0.7295339 0 0.6332341 0.5534295 0 0.6717021 0.607599 0 0.7140002 0.6668497 0 0.5944762 0.5529107 0 0.6720073 0.5529107 0 0.5531853 0.5510796 0 0.6332189 0.4972762 0 0.5914244 0.4972762 0 0.5090867 0.4972762 0 0.5501488 0.4972762 0 0.5076524 0.4923323 0 0.4702678 0.4923323 0 0.4702678 0.4877852 0 0.5068742 0.4877852 0 0.5500115 0.4877852 0 0.5508049 0.4923323 0 0.5909514 0.4877852 0 0.5915312 0.4923323 0 0.6332189 0.4877852 0 0.6332189 0.4923323 0 0.6749218 0.4923323 0 0.6755016 0.4877852 0 0.6750134 0.4972762 0 0.7156481 0.4923323 0 0.7164416 0.4877852 0 0.713344 0.5510796 0 0.7588006 0.4923323 0 0.7595788 0.4877852 0 0.7961853 0.4877852 0 0.7961853 0.4923323 0 0.7961853 0.4972762 0 0.7163042 0.4972762 0 0.7573816 0.4972762 0 0.7566339 0.5521935 0 0.7961853 0.5481651 0 0.79617 0.5981537 0 0.7148241 0.6067293 0 0.7566644 0.6039215 0 0.7961853 0.6584573 0 0.7555504 0.6649576 0 0.7961853 0.7379568 0 0.7518883 0.733669 0 0.7961853 0.8138704 0 0.740383 0.7885252 0 0.7895476 0.8325475 0 0.7591363 0.8231022 0 0.7452812 0.8449225 0 0.698497 0.7864042 0 0.7165026 0.8408636 0 0.7432669 0.8736095 0 0.6889296 0.8375067 0 0.7136492 0.8743725 0 0.7490196 0.9060655 0 0.6862135 0.8740063 0 0.6595865 0.8736553 0 0.6794842 0.908217 0 0.7155566 0.9050584 0 0.7592584 0.9365377 0 0.6543679 0.9087663 0 0.6748913 0.9156634 0 0.6120852 0.9087663 0 0.6962539 0.9271229 0 0.5915617 0.9156634 0 0.7222858 0.9472038 0 0.7126421 0.954757 0 0.7692378 0.9941558 0 0.7296864 0.9941252 0 0.550927 0.9050584 0 0.5701991 0.9271229 0 0.5071794 0.9365377 0 0.5441672 0.9472038 0 0.5528954 0.954757 0 0.4972152 0.9941558 0 0.5363393 0.9941558 0 0.03350881 0.2861677 0 0.007583734 0.2602274 0 0.05944915 0.2602274 0 0.05944915 0.312108 0 0.007583734 0.312108 0 0.03350881 0.2861677 0 0.007583734 0.2602274 0 0.05944915 0.2602274 0 0.05944915 0.312108 0 0.007583734 0.312108 0 0.03350881 0.2861677 0 0.007583734 0.2602274 0 0.05944915 0.2602274 0 0.05944915 0.312108 0 0.007583734 0.312108 0 0.03350881 0.2861677 0 0.007583734 0.2602274 0 0.05944915 0.2602274 0 0.05944915 0.312108 0 0.007583734 0.312108 0 0.03350881 0.2861677 0 0.007583734 0.2602274 0 0.05944915 0.2602274 0 0.05944915 0.312108 0 0.007583734 0.312108 0 0.03350881 0.2861677 0 0.007583734 0.2602274 0 0.05944915 0.2602274 0 0.05944915 0.312108 0 0.007583734 0.312108 0 0.03350881 0.2861677 0 0.007583734 0.2602274 0 0.05944915 0.2602274 0 0.05944915 0.312108 0 0.007583734 0.312108 0 0.03350881 0.2861677 0 0.007583734 0.2602274 0 0.05944915 0.2602274 0 0.05944915 0.312108 0 0.007583734 0.312108 0 0.03350881 0.2861677 0 0.007583734 0.2602274 0 0.05944915 0.2602274 0 0.05944915 0.312108 0 0.007583734 0.312108 0 0.6754406 0.9444419 0 0.6889601 0.9376211 0 0.6753796 0.9749142 0 0.6664988 0.9374533 0 0.6890364 0.9819791 0 0.6772106 0.927306 0 0.6664378 0.9819486 0 0.5899443 0.9273213 0 0.677348 0.9923095 0 0.6008545 0.9376822 0 0.6007782 0.9821774 0 0.5782712 0.9376516 0 0.5900969 0.9923247 0 0.5919127 0.9447166 0 0.5783322 0.9820096 0 0.5918517 0.9751889 0 0.1210346 0.07309073 0 0.09343099 0.01631188 0 0.1318532 0.01519799 0 0.1622034 0.02967882 0 0.06076143 0.0379492 0 0.1776455 0.05999845 0 0.04632639 0.07467765 0 0.1772335 0.09701687 0 0.06056306 0.1101396 0 0.1589685 0.1202564 0 0.09288166 0.1290913 0 0.1284657 0.1325704 0 0.1210346 0.07309073 0 0.1318532 0.01519799 0 0.09343099 0.01631188 0 0.1622034 0.02967882 0 0.06076143 0.0379492 0 0.1776455 0.05999845 0 0.04632639 0.07467765 0 0.1772335 0.09701687 0 0.06056306 0.1101396 0 0.1589685 0.1202564 0 0.09288166 0.1290913 0 0.1284657 0.1325704 0 0.1150073 0.2072175 0 0.1862821 0.1978485 0 0.1870604 0.2277561 0 0.1798581 0.2467842 0 0.173434 0.1752651 0 0.1603876 0.2619974 0 0.1590143 0.1618982 0 0.138613 0.2715648 0 0.1395285 0.1536431 0 0.1150073 0.2746319 0 0.1150073 0.1501487 0 0.09140154 0.2715648 0 0.09050126 0.1536431 0 0.06964218 0.2619974 0 0.07100023 0.1618982 0 0.05017167 0.2467842 0 0.05659571 0.1752651 0 0.04296941 0.2277561 0 0.04374762 0.1978485 0 0.1145953 0.3969787 0 0.07440299 0.3079881 0 0.09604029 0.300557 0 0.05088884 0.323415 0 0.1331502 0.300557 0 0.03144884 0.3522393 0 0.1547875 0.3079881 0 0.02441444 0.3876402 0 0.1783017 0.323415 0 0.03196765 0.4212711 0 0.1977569 0.3522393 0 0.05128557 0.4468604 0 0.2047761 0.3876402 0 0.06572061 0.4558328 0 0.1972229 0.4212711 0 0.08014038 0.4647898 0 0.1779049 0.4468604 0 0.0975967 0.4667429 0 0.1634852 0.4558328 0 0.1145953 0.4697185 0 0.1490501 0.4647898 0 0.1315938 0.4667429 0 0.03602655 0.9224231 0 0.035935 0.996231 0 0.01573205 0.996231 0 0.035935 0.996231 0 0.03602655 0.9224231 0 0.05607691 0.9224231 0 0.035935 0.996231 0 0.05607691 0.9224231 0 0.0763714 0.996231 0 0.05607691 0.9224231 0 0.0761883 0.9224231 0 0.0763714 0.996231 0 0.0763714 0.996231 0 0.0761883 0.9224231 0 0.08645762 0.996231 0 0.0761883 0.9224231 0 0.08625925 0.9224231 0 0.08645762 0.996231 0 0.8077516 0.5530175 0 0.8231785 0.5531853 0 0.8231785 0.6565804 0 0.8077516 0.6565347 0 0.8077516 0.5530175 0 0.8231785 0.6565804 0 0.8231785 0.6565804 0 0.8231785 0.7169909 0 0.8077516 0.6565347 0 0.8231785 0.7169909 0 0.8077516 0.7009537 0 0.8077516 0.6565347 0 0.8077516 0.8044709 0 0.8077516 0.7009537 0 0.8231785 0.7169909 0 0.8231785 0.8205234 0 0.8077516 0.8044709 0 0.8231785 0.7169909 0 0.8077516 0.8810102 0 0.8231785 0.8649119 0 0.8231785 0.8810865 0 0.8681315 0.4405127 0 0.9112077 0.4405127 0 0.8800336 0.4562905 0 0.9112077 0.4405127 0 0.9112688 0.4562905 0 0.8800336 0.4562905 0 0.9674525 0.9693599 0 0.9964904 0.9693599 0 0.9829252 0.994934 0 0.9674525 0.9693599 0 0.9829252 0.994934 0 0.88336 0.9949645 0 0.4393072 0.8690623 0 0.4763714 0.8607004 0 0.4537575 0.9895933 0 0.4221561 0.8690623 0 0.4221561 0.9770504 0 0.3850919 0.985626 0 0.3808499 0.8691691 0 0.4221561 0.8690623 0 0.3850919 0.985626 0 0.517113 0.3125658 0 0.5172045 0.3318685 0 0.4473487 0.3318685 0 0.5172045 0.3318685 0 0.517113 0.3125658 0 0.586511 0.3318685 0 0.517113 0.3125658 0 0.5875028 0.3125658 0 0.586511 0.3318685 0 0.586511 0.3318685 0 0.5875028 0.3125658 0 0.6467842 0.3318685 0 0.6467842 0.3318685 0 0.7136797 0.3125658 0 0.7136034 0.3318685 0 0.409781 0.2354925 0 0.523888 0.2354925 0 0.4103914 0.2544747 0 0.409781 0.2354925 0 0.4103914 0.2544747 0 0.3329213 0.2544747 0 0.2618296 0.2544747 0 0.409781 0.2354925 0 0.3329213 0.2544747 0 0.2819104 0.3125658 0 0.3907225 0.3125658 0 0.4473487 0.3318685 0 0.2819104 0.3125658 0 0.4473487 0.3318685 0 0.2829633 0.3420768 0 0.2829633 0.3420768 0 0.2 0.3374075 0 0.2819104 0.3125658 0 0.2097963 0.3125658 0 0.2819104 0.3125658 0 0.2 0.3374075 0 0.6912795 0.280827 0 0.6231174 0.280827 0 0.5427939 0.2618448 0 0.6231174 0.280827 0 0.5412223 0.280827 0 0.5427939 0.2618448 0 0.4213016 0.2618448 0 0.5427939 0.2618448 0 0.5412223 0.280827 0 0.4213016 0.2618448 0 0.2904402 0.280827 0 0.2619364 0.2618448 0 0.2552072 0.1738002 0 0.2552072 0.2531014 0 0.2084535 0.178439 0 0.2552072 0.2531014 0 0.2062715 0.24654 0 0.2084535 0.178439 0 0.2062715 0.24654 0 0.1976654 0.2134585 0 0.2084535 0.178439 0 0.923125 0.4796521 0 0.9111772 0.4796521 0 0.911223 0.463859 0 0.5478904 0.4316778 0 0.4403754 0.4316778 0 0.4672312 0.4081941 0 0.4403754 0.4316778 0 0.3597467 0.4316778 0 0.4672312 0.4081941 0 0.3281605 0.1738002 0 0.3883574 0.1927367 0 0.3283894 0.1927367 0 0.527657 0.1738002 0 0.527657 0.1927367 0 0.4577096 0.1927367 0 0.5844206 0.1738002 0 0.527657 0.1927367 0 0.527657 0.1738002 0 0.5844206 0.1738002 0 0.5782712 0.2030671 0 0.527657 0.1927367 0 0.6926222 0.2030671 0 0.5782712 0.2030671 0 0.5844206 0.1738002 0 0.6936752 0.1738002 0 0.6926222 0.2030671 0 0.5844206 0.1738002 0 0.6936752 0.1738002 0 0.765774 0.1738002 0 0.6926222 0.2030671 0 0.6926222 0.2030671 0 0.765774 0.1738002 0 0.775433 0.1974365 0 0.617258 0.04422063 0 0.6381781 0.1041276 0 0.6170291 0.1041276 0 0.617258 0.04422063 0 0.6383764 0.04422063 0 0.6381781 0.1041276 0 0.7682918 0.04422063 0 0.7744106 0.08868545 0 0.741207 0.1041276 0 0.7507744 0.2099184 0 0.7508354 0.2288548 0 0.6847638 0.2288548 0 0.460502 0.3059586 0 0.4606394 0.2866407 0 0.5266041 0.3059586 0 0.4606394 0.2866407 0 0.5271992 0.2866407 0 0.5266041 0.3059586 0 0.5266041 0.3059586 0 0.5271992 0.2866407 0 0.5917143 0.3059586 0 0.5271992 0.2866407 0 0.5928588 0.2866407 0 0.5917143 0.3059586 0 0.7290303 0.3060044 0 0.6381323 0.3059586 0 0.6376593 0.2866407 0 0.3813077 0.1113909 0 0.3813077 0.1650416 0 0.3451743 0.1650416 0 0.5853819 0.1113909 0 0.6312963 0.1113909 0 0.5849546 0.1650416 0 0.7783932 0.1386282 0 0.7397879 0.1650416 0 0.7398184 0.1113909 0 0.05467308 0.87393 0 0.05467308 0.8677806 0 0.07278553 0.8616159 0 0.08021668 0.8678569 0 0.05467308 0.87393 0 0.05467308 0.8616159 0 0.02720684 0.9133898 0 0.009109636 0.8952773 0 0.02720684 0.8952773 0 0.05639734 0.8952773 0 0.05639734 0.9133898 0 0.03830015 0.9133898 0 0.7415122 0.4049134 0 0.7039597 0.4299992 0 0.6633097 0.3893492 0 0.8896315 0.9693904 0 0.9674525 0.9693599 0 0.88336 0.9949645 0 0.88336 0.9949645 0 0.8543069 0.9693904 0 0.5605555 0.04422063 0 0.6170291 0.1041276 0 0.561059 0.1041276 0 0.617258 0.04422063 0 0.5605555 0.04422063 0 0.561059 0.1041276 0 0.5359731 0.1041276 0 0.5356527 0.04422063 0 0.9904631 0.4796521 0 0.923125 0.4796521 0 0.9904631 0.463859 0 0.911223 0.463859 0 0.9904631 0.463859 0 0.911223 0.463859 0 0.9111772 0.4796521 0 0.8800183 0.4796521 0 0.8800183 0.463859 0 0.911223 0.463859 0 0.8800183 0.463859 0 0.8800183 0.4796521 0 0.8681315 0.463859 0 0.8681315 0.4796521 0 0.8681315 0.463859 0 0.6285344 0.4316778 0 0.6016175 0.4081941 0 0.655375 0.4081941 0 0.5478904 0.4316778 0 0.6016175 0.4081941 0 0.4672312 0.4081941 0 0.6016175 0.4081941 0 0.3597467 0.4316778 0 0.332845 0.4081941 0 0.4672312 0.4081941 0 0.2791028 0.4316778 0 0.332845 0.4081941 0 0.2522164 0.4081941 0 0.332845 0.4081941 0 0.2253605 0.4316778 0 0.3451133 0.1113909 0 0.3451743 0.1650416 0 0.3089189 0.1650416 0 0.3088121 0.1113909 0 0.3089189 0.1650416 0 0.3088121 0.1113909 0 0.2761272 0.1650416 0 0.2759899 0.1113909 0 0.3088121 0.1113909 0 0.2401923 0.1650416 0 0.2399939 0.1113909 0 0.3451133 0.1113909 0 0.3813077 0.1113909 0 0.3451743 0.1650416 0 0.3813077 0.1650416 0 0.4174411 0.1650416 0 0.4175021 0.1113909 0 0.5849546 0.1650416 0 0.6312963 0.1113909 0 0.686305 0.1650416 0 0.6312963 0.1113909 0 0.6862745 0.1113909 0 0.7398184 0.1113909 0 0.7397879 0.1650416 0 0.4806134 0.8691691 0 0.4763714 0.985626 0 0.4435492 0.8606088 0 0.4393072 0.9770504 0 0.8077516 0.8205692 0 0.8077516 0.8044709 0 0.8231785 0.8205234 0 0.8231785 0.8649119 0 0.8231785 0.8649119 0 0.8077516 0.8648814 0 0.8077516 0.8205692 0 0.8077516 0.8810102 0 0.9112688 0.4562905 0 0.9112077 0.4405127 0 0.9904631 0.4562905 0 0.9904631 0.4405127 0 0.7827573 0.9949493 0 0.7827573 0.9693599 0 0.8543069 0.9693904 0 0.8605936 0.9949798 0 0.8543069 0.9693904 0 0.88336 0.9693904 0 0.8605936 0.9949798 0 0.8896315 0.9949645 0 0.961181 0.9693599 0 0.88336 0.9693904 0 0.9674525 0.994934 0 0.9902189 0.9693599 0 0.9674525 0.994934 0 0.9964904 0.994934 0 0.3850919 0.8607004 0 0.4221561 0.8690623 0 0.4179294 0.9855344 0 0.3808499 0.9771725 0 0.5356527 0.04422063 0 0.5359731 0.1041276 0 0.4998093 0.04422063 0 0.5000381 0.1041276 0 0.2167239 0.1041276 0 0.182208 0.1041276 0 0.1828031 0.04422063 0 0.2169528 0.04422063 0 0.2619364 0.1738002 0 0.3281605 0.1738002 0 0.2619974 0.1927367 0 0.3283894 0.1927367 0 0.6900435 0.1041276 0 0.6381781 0.1041276 0 0.6383764 0.04422063 0 0.6901198 0.04422063 0 0.6901198 0.04422063 0 0.7682918 0.04422063 0 0.6900435 0.1041276 0 0.741207 0.1041276 0 0.1999237 0.3059586 0 0.2 0.2866407 0 0.2665598 0.3059586 0 0.2665598 0.2866407 0 0.2665598 0.3059586 0 0.2665598 0.2866407 0 0.3329824 0.2866407 0 0.3329976 0.3059586 0 0.3329976 0.3059586 0 0.3329824 0.2866407 0 0.399527 0.2866407 0 0.3993744 0.3059586 0 0.3993744 0.3059586 0 0.399527 0.2866407 0 0.460502 0.3059586 0 0.4606394 0.2866407 0 0.5917143 0.3059586 0 0.5928588 0.2866407 0 0.6376593 0.2866407 0 0.6381323 0.3059586 0 0.1719234 0.1113909 0 0.2054169 0.1113909 0 0.1719234 0.1650416 0 0.2057527 0.1650416 0 0.2057527 0.1650416 0 0.2054169 0.1113909 0 0.2401923 0.1650416 0 0.2399939 0.1113909 0 0.4174411 0.1650416 0 0.4175021 0.1113909 0 0.4536965 0.1650416 0 0.4538033 0.1113909 0 0.5240558 0.1113909 0 0.5600519 0.1113909 0 0.5238727 0.1650416 0 0.5597925 0.1650416 0 0.5597925 0.1650416 0 0.5600519 0.1113909 0 0.5849546 0.1650416 0 0.5853819 0.1113909 0 0.007583734 0.2602274 0 0.05944915 0.2602274 0 0.05944915 0.312108 0 0.007583734 0.312108 0 0.05944915 0.312108 0 0.007583734 0.2602274 0 0.05944915 0.2602274 0 0.007583734 0.312108 0 0.05944915 0.312108 0 0.007583734 0.2602274 0 0.05944915 0.2602274 0 0.007583734 0.312108 0 0.007583734 0.312108 0 0.007583734 0.2602274 0 0.05944915 0.2602274 0 0.05944915 0.312108 0 0.007583734 0.312108 0 0.007583734 0.2602274 0 0.05944915 0.2602274 0 0.05944915 0.312108 0 0.007583734 0.2602274 0 0.05944915 0.2602274 0 0.007583734 0.312108 0 0.05944915 0.312108 0 0.007583734 0.2602274 0 0.05944915 0.2602274 0 0.05944915 0.312108 0 0.007583734 0.312108 0 0.05944915 0.312108 0 0.007583734 0.2602274 0 0.05944915 0.2602274 0 0.007583734 0.312108 0 0.007583734 0.2602274 0 0.05944915 0.2602274 0 0.007583734 0.312108 0 0.05944915 0.312108 0 0.7415122 0.4049134 0 0.6883955 0.3517967 0 0.7326925 0.3606012 0 0.6633097 0.3893492 0 0.8133059 0.1869688 0 0.9102617 0.4210727 0 0.7350881 0.3040208 0 0.9513695 0.214435 0 0.8543069 0.9693904 0 0.88336 0.9949645 0 0.8543221 0.9949645 0 0.7827573 0.9693599 0 0.7827573 0.9949493 0 0.4536965 0.1650416 0 0.4538033 0.1113909 0 0.4874495 0.1650416 0 0.5240558 0.1113909 0 0.5238727 0.1650416 0 0.7825437 0.007110715 0 0.8120699 0.007110715 0 0.7825437 0.02598614 0 0.8881056 0.007110715 0 0.7825437 0.1163195 0 0.8211185 0.1710079 0 0.7825437 0.1710079 0 0.8881208 0.1710079 0 0.9551385 0.1710079 0 0.9936675 0.1163195 0 0.9936675 0.1710079 0 0.9936675 0.02598614 0 0.9641108 0.007110715 0 0.9936675 0.007110715 0 0.3609522 0.9935454 0 0.3190356 0.9935454 0 0.354406 0.9404898 0 0.3135271 0.9511101 0 0.3503319 0.908339 0 0.3108873 0.8794842 0 0.3574578 0.8593576 0 0.2651713 0.9090105 0 0.3074845 0.8500801 0 0.3420005 0.8292515 0 0.3893187 0.8405585 0 0.1823911 0.8522469 0 0.2264439 0.9043412 0 0.1874876 0.9087968 0 0.3913023 0.8179599 0 0.4450752 0.8306401 0 0.4445258 0.8137026 0 0.4448005 0.7374838 0 0.3436637 0.7891356 0 0.3318532 0.7341268 0 0.3923247 0.6518044 0 0.4450904 0.6577859 0 0.295903 0.735256 0 0.3051652 0.8210269 0 0.2684062 0.7869231 0 0.2706493 0.8263371 0 0.2264134 0.7343557 0 0.1841764 0.7869078 0 0.181857 0.8262913 0 0.145037 0.8499886 0 0.1478599 0.8058137 0 0.1568933 0.7351949 0 0.2265812 0.6546273 0 0.3092241 0.6538186 0 0.1441062 0.6535592 0 0.3098802 0.5922637 0 0.2264744 0.5926909 0 0.1430533 0.5922332 0 0.1060197 0.6552224 0 0.1208515 0.7340505 0 0.1100023 0.829282 0 0.0081178 0.737148 0 0.007843137 0.6572061 0 0.05897612 0.8181583 0 0.008316167 0.8137026 0 0.007248036 0.8306401 0 0.06178378 0.8405585 0 0.09477378 0.8597543 0 0.1164263 0.879057 0 0.1037156 0.9085069 0 0.1386587 0.9058213 0 0.1568017 0.9244373 0 0.1396048 0.9511254 0 0.09909209 0.9405661 0 0.1335775 0.9934233 0 0.09198138 0.9935454 0 0.05726711 0.5951171 0 0.007827878 0.5981689 0 0.1013504 0.5467002 0 0.007843137 0.5481651 0 0.05461204 0.4972762 0 0.007843137 0.4972762 0 0.007843137 0.4923323 0 0.05499351 0.4923323 0 0.1032731 0.4972762 0 0.1035172 0.4877852 0 0.1403983 0.4972762 0 0.1413901 0.4923323 0 0.1415274 0.4877852 0 0.1818112 0.4923323 0 0.2264744 0.546746 0 0.2264744 0.4972762 0 0.2264744 0.4923323 0 0.2711223 0.4923323 0 0.3125353 0.4972762 0 0.3115435 0.4923323 0 0.3116655 0.546746 0 0.3496605 0.4972762 0 0.3494163 0.4877852 0 0.3979553 0.4923323 0 0.3956512 0.5951171 0 0.4450752 0.5981994 0 0.3985504 0.5467918 0 0.4450904 0.5481651 0 0.3983215 0.4972762 0 0.4450904 0.4972762 0 0.4450904 0.4923323 0 0.2479438 0.4699931 0 0.2479438 0.4410926 0 0.2825666 0.4699931 0 0.2859998 0.4410926 0 0.3165637 0.4699931 0 0.3473411 0.4410926 0 0.3467765 0.4699931 0 0.3704585 0.4699931 0 0.371313 0.4410926 0 0.3961395 0.4614633 0 0.4218204 0.4614633 0 0.4218204 0.4699931 0 0.4455024 0.4699931 0 0.463386 0.04422063 0 0.4998093 0.04422063 0 0.5000381 0.1041276 0 0.4300908 0.1041276 0 0.4299535 0.04422063 0 0.3938048 0.1041276 0 0.3937438 0.04422063 0 0.3576562 0.1041276 0 0.3576562 0.04422063 0 0.3215534 0.04422063 0 0.3214923 0.1041276 0 0.3215534 0.04422063 0 0.2853437 0.04422063 0 0.2852216 0.1041276 0 0.2529793 0.04422063 0 0.2528267 0.1041276 0 0.2169528 0.04422063 0 0.2167239 0.1041276 0 0.8248722 0.4410926 0 0.8564431 0.4410926 0 0.8203403 0.4699931 0 0.7699092 0.4699931 0 0.754345 0.4410926 0 0.7551079 0.4614633 0 0.7551079 0.4614633 0 0.7312276 0.4614633 0 0.7318379 0.4699931 0 0.7033341 0.4410926 0 0.7033494 0.4699931 0 0.6754559 0.4614633 0 0.6748455 0.4699931 0 0.6515755 0.4614633 0 0.6523384 0.4410926 0 0.6364691 0.4614633 0 0.6515755 0.4614633 0 0.6235447 0.4410926 0 0.6213626 0.4699931 0 0.6515755 0.4614633 0 0.5818112 0.4410926 0 0.5863432 0.4699931 0 0.5457237 0.4410926 0 0.5097123 0.4614633 0 0.5062791 0.4410926 0 0.4757153 0.4699931 0 0.4455024 0.4699931 0 0.7296864 0.9941252 0 0.7222858 0.9472038 0 0.7692378 0.9941558 0 0.7592584 0.9365377 0 0.7490196 0.9060655 0 0.6748913 0.9156634 0 0.6748913 0.9156634 0 0.7136492 0.8743725 0 0.7432669 0.8736095 0 0.7452812 0.8449225 0 0.740383 0.7885252 0 0.7591363 0.8231022 0 0.7961853 0.8138704 0 0.7895476 0.8325475 0 0.7518883 0.733669 0 0.7961853 0.7379568 0 0.698497 0.7864042 0 0.6748913 0.9156634 0 0.6862135 0.8740063 0 0.7555504 0.6649576 0 0.7961853 0.6584573 0 0.6613718 0.8348364 0 0.6748913 0.9156634 0 0.6543679 0.9087663 0 0.5802549 0.873991 0 0.6120852 0.9087663 0 0.5915617 0.9156634 0 0.5775387 0.8375067 0 0.5528039 0.8743725 0 0.6012207 0.7843595 0 0.5499504 0.8408636 0 0.5174181 0.9060655 0 0.5441672 0.9472038 0 0.5211719 0.8449225 0 0.5071794 0.9365377 0 0.4972152 0.9941558 0 0.5363393 0.9941558 0 0.5260701 0.7885252 0 0.5073167 0.8231022 0 0.4702678 0.8138704 0 0.4768902 0.8325475 0 0.5955901 0.7280384 0 0.5145648 0.7336538 0 0.4702678 0.7379568 0 0.6708629 0.7280384 0 0.5109026 0.6649424 0 0.4702678 0.6584573 0 0.4702373 0.5981537 0 0.5945525 0.6669871 0 0.6719005 0.6669871 0 0.5947661 0.607599 0 0.5516441 0.606714 0 0.7566644 0.6039215 0 0.79617 0.5981537 0 0.7961853 0.5481651 0 0.6717021 0.607599 0 0.5944762 0.5529107 0 0.713344 0.5510796 0 0.7573816 0.4972762 0 0.7961853 0.4972762 0 0.7961853 0.4923323 0 0.7588006 0.4923323 0 0.7163042 0.4972762 0 0.7156481 0.4923323 0 0.6749218 0.4923323 0 0.6332189 0.4877852 0 0.6332189 0.4972762 0 0.5915312 0.4923323 0 0.5500115 0.4877852 0 0.5501488 0.4972762 0 0.5076524 0.4923323 0 0.5098497 0.5522546 0 0.4702678 0.5481651 0 0.4702678 0.4972762 0 0.4702678 0.4923323 0 0.5090867 0.4972762 0 0.1145953 0.3969787 0 0.0975967 0.4667429 0 0.08014038 0.4647898 0 0.1145953 0.4697185 0 0.1315938 0.4667429 0 0.1490501 0.4647898 0 0.9519494 0.5049211 0 0.8385748 0.5049211 0 0.9587243 0.5391775 0 0.8385748 0.5381705 0 0.8321965 0.5383841 0 0.9693751 0.5580835 0 0.8385748 0.5651331 0 0.8321965 0.5651331 0 0.8385748 0.6 0 0.9742885 0.6 0 0.8321965 0.6 0 0.9768826 0.6411383 0 0.8321965 0.6411383 0 0.8385748 0.6411383 0 0.8321965 0.6789197 0 0.8385748 0.6782788 0 0.9761654 0.6781262 0 0.8321965 0.7154498 0 0.8385748 0.7154498 0 0.9754025 0.7154498 0 0.8321965 0.7553674 0 0.8385748 0.7553674 0 0.9727321 0.7553674 0 0.8385748 0.7878233 0 0.8321965 0.7878233 0 0.9657435 0.81178 0 0.8385748 0.8183719 0 0.8321965 0.8183719 0 0.9592127 0.8440375 0 0.8385748 0.8440375 0 0.8321965 0.8440375 0 0.8385748 0.8810865 0 0.9519494 0.8810865 0 0.8385748 0.5049211 0 0.9519494 0.5049211 0 0.9587243 0.5391775 0 0.8385748 0.5381705 0 0.8321965 0.5383841 0 0.9693751 0.5580835 0 0.8385748 0.5651331 0 0.8321965 0.5651331 0 0.8385748 0.6 0 0.9742885 0.6 0 0.8321965 0.6 0 0.9768826 0.6411383 0 0.8321965 0.6411383 0 0.8385748 0.6411383 0 0.8321965 0.6789197 0 0.8385748 0.6782788 0 0.9761654 0.6781262 0 0.8321965 0.7154498 0 0.9754025 0.7154498 0 0.8385748 0.7154498 0 0.8321965 0.7553674 0 0.8385748 0.7553674 0 0.9727321 0.7553674 0 0.9694362 0.7876402 0 0.8385748 0.7878233 0 0.8321965 0.7878233 0 0.8385748 0.8183719 0 0.9657435 0.81178 0 0.8321965 0.8183719 0 0.9592127 0.8440375 0 0.8385748 0.8440375 0 0.8321965 0.8440375 0 0.8385748 0.8810865 0 0.9519494 0.8810865 0 0.1145953 0.3969787 0 0.1547875 0.3079881 0 0.1783017 0.323415 0 0.1977569 0.3522393 0 0.1972229 0.4212711 0 0.1779049 0.4468604 0 0.1490501 0.4647898 0 0.03480583 0.8669413 0 0.007705806 0.8867475 0 0.006942855 0.879881 0 0.006301976 0.8738689 0 0.005645838 0.8678416 0 0.005889982 0.861799 0 0.006118868 0.8557565 0 0.006469825 0.8487983 0 0.1145953 0.3969787 0 0.1331502 0.300557 0 0.1547875 0.3079881 0 0.09604029 0.300557 0 0.07440299 0.3079881 0 0.05088884 0.323415 0 0.03144884 0.3522393 0 0.03196765 0.4212711 0 0.06572061 0.4558328 0 0.08014038 0.4647898 0 0.1210346 0.07309073 0 0.09343099 0.01631188 0 0.1318532 0.01519799 0 0.1622034 0.02967882 0 0.06076143 0.0379492 0 0.1776455 0.05999845 0 0.04632639 0.07467765 0 0.1772335 0.09701687 0 0.06056306 0.1101396 0 0.1589685 0.1202564 0 0.09288166 0.1290913 0 0.1284657 0.1325704 0 0.1210346 0.07309073 0 0.1318532 0.01519799 0 0.09343099 0.01631188 0 0.1622034 0.02967882 0 0.06076143 0.0379492 0 0.1776455 0.05999845 0 0.04632639 0.07467765 0 0.1772335 0.09701687 0 0.06056306 0.1101396 0 0.1589685 0.1202564 0 0.09288166 0.1290913 0 0.1284657 0.1325704 0 0.1150073 0.2072175 0 0.1862821 0.1978485 0 0.1870604 0.2277561 0 0.1798581 0.2467842 0 0.173434 0.1752651 0 0.1603876 0.2619974 0 0.1590143 0.1618982 0 0.1150073 0.2746319 0 0.1395285 0.1536431 0 0.06964218 0.2619974 0 0.1150073 0.1501487 0 0.05017167 0.2467842 0 0.09050126 0.1536431 0 0.04296941 0.2277561 0 0.07100023 0.1618982 0 0.04374762 0.1978485 0 0.05659571 0.1752651 0</float_array>
          <technique_common>
            <accessor source="#geom-Clt_TES066_F__M_TES066_F-map1-array" count="3959" stride="3">
              <param name="S" type="float"/>
              <param name="T" type="float"/>
              <param name="P" type="float"/>
            </accessor>
          </technique_common>
        </source>
        <vertices id="geom-Clt_TES066_F__M_TES066_F-vertices">
          <input semantic="POSITION" source="#geom-Clt_TES066_F__M_TES066_F-positions"/>
        </vertices>
        <triangles material="M_TES066_F" count="2058">
          <input semantic="VERTEX" source="#geom-Clt_TES066_F__M_TES066_F-vertices" offset="0"/>
          <input semantic="NORMAL" source="#geom-Clt_TES066_F__M_TES066_F-normals" offset="1"/>
          <input semantic="COLOR" source="#geom-Clt_TES066_F__M_TES066_F-map0" offset="2" set="0"/>
          <input semantic="TEXCOORD" source="#geom-Clt_TES066_F__M_TES066_F-map1" offset="3" set="0"/>
          <p>0 0 0 0 1 1 1 1 2 2 2 2 1 1 1 1 3 3 3 3 2 2 2 2 4 4 4 4 5 5 5 5 6 6 6 6 5 5 5 5 7 7 7 7 6 6 6 6 8 8 8 8 9 9 9 9 10 10 10 10 9 9 9 9 11 11 11 11 10 10 10 10 12 12 12 12 13 13 13 13 14 14 14 14 13 13 13 13 15 15 15 15 14 14 14 14 16 16 16 16 17 17 17 17 18 18 18 18 19 19 19 19 16 16 16 16 18 18 18 18 19 19 19 19 18 18 18 18 20 20 20 20 21 21 21 21 19 19 19 19 20 20 20 20 20 20 20 20 22 22 22 22 21 21 21 21 22 22 22 22 23 23 23 23 21 21 21 21 23 23 23 23 22 22 22 22 24 24 24 24 25 25 25 25 23 23 23 23 24 24 24 24 25 25 25 25 24 24 24 24 26 26 26 26 24 24 24 24 27 27 27 27 26 26 26 26 26 26 26 26 27 27 27 27 28 28 28 28 27 27 27 27 29 29 29 29 28 28 28 28 28 28 28 28 29 29 29 29 30 30 30 30 29 29 29 29 31 31 31 31 30 30 30 30 30 30 30 30 31 31 31 31 32 32 32 32 31 31 31 31 33 33 33 33 32 32 32 32 34 34 34 34 35 35 35 35 36 36 36 36 37 37 37 37 34 34 34 34 36 36 36 36 36 36 36 36 38 38 38 38 37 37 37 37 38 38 38 38 39 39 39 39 37 37 37 37 39 39 39 39 38 38 38 38 40 40 40 40 41 41 41 41 39 39 39 39 40 40 40 40 40 40 40 40 42 42 42 42 41 41 41 41 42 42 42 42 43 43 43 43 41 41 41 41 43 43 43 43 42 42 42 42 44 44 44 44 42 42 42 42 45 45 45 45 44 44 44 44 46 46 46 46 44 44 44 44 45 45 45 45 47 47 47 47 46 46 46 46 45 45 45 45 48 48 48 48 46 46 46 46 47 47 47 47 49 49 49 49 48 48 48 48 47 47 47 47 48 48 48 48 49 49 49 49 50 50 50 50 49 49 49 49 51 51 51 51 50 50 50 50 52 52 52 52 50 50 50 50 51 51 51 51 53 53 53 53 52 52 52 52 51 51 51 51 53 53 53 53 54 54 54 54 52 52 52 52 54 54 54 54 55 55 55 55 52 52 52 52 54 54 54 54 56 56 56 56 55 55 55 55 56 56 56 56 57 57 57 57 55 55 55 55 57 57 57 57 56 56 56 56 58 58 58 58 59 59 59 59 57 57 57 57 58 58 58 58 60 60 60 60 61 61 61 61 62 62 62 62 63 63 63 63 60 60 60 60 62 62 62 62 63 63 63 63 62 62 62 62 64 64 64 64 65 65 65 65 63 63 63 63 64 64 64 64 64 64 64 64 66 66 66 66 65 65 65 65 66 66 66 66 67 67 67 67 65 65 65 65 68 68 68 68 67 67 67 67 66 66 66 66 69 69 69 69 68 68 68 68 66 66 66 66 68 68 68 68 69 69 69 69 70 70 70 70 69 69 69 69 71 71 71 71 70 70 70 70 70 70 70 70 71 71 71 71 72 72 72 72 71 71 71 71 73 73 73 73 72 72 72 72 74 74 74 74 75 75 75 75 76 76 76 76 77 77 77 77 74 74 74 74 76 76 76 76 77 77 77 77 76 76 76 76 78 78 78 78 79 79 79 79 77 77 77 77 78 78 78 78 79 79 79 79 78 78 78 78 80 80 80 80 78 78 78 78 81 81 81 81 80 80 80 80 80 80 80 80 81 81 81 81 82 82 82 82 83 83 83 83 80 80 80 80 82 82 82 82 83 83 83 83 82 82 82 82 84 84 84 84 85 85 85 85 83 83 83 83 84 84 84 84 84 84 84 84 86 86 86 86 85 85 85 85 86 86 86 86 87 87 87 87 85 85 85 85 87 87 87 87 86 86 86 86 88 88 88 88 89 89 89 89 87 87 87 87 88 88 88 88 89 89 89 89 88 88 88 88 90 90 90 90 91 91 91 91 89 89 89 89 90 90 90 90 91 91 91 91 90 90 90 90 92 92 92 92 90 90 90 90 93 93 93 93 92 92 92 92 92 92 92 92 93 93 93 93 94 94 94 94 95 95 95 95 92 92 92 92 94 94 94 94 95 95 95 95 94 94 94 94 96 96 96 96 97 97 97 97 95 95 95 95 96 96 96 96 97 97 97 97 96 96 96 96 98 98 98 98 96 96 96 96 99 99 99 99 98 98 98 98 100 100 100 100 101 101 101 101 102 102 102 102 103 103 103 103 100 100 100 100 102 102 102 102 103 103 103 103 102 102 102 102 104 104 104 104 105 105 105 105 103 103 103 103 104 104 104 104 105 105 105 105 104 104 104 104 106 106 106 106 107 107 107 107 105 105 105 105 106 106 106 106 107 107 107 107 106 106 106 106 108 108 108 108 109 109 109 109 107 107 107 107 108 108 108 108 109 109 109 109 108 108 108 108 110 110 110 110 111 111 111 111 109 109 109 109 110 110 110 110 112 112 112 112 113 113 113 113 114 114 114 114 115 115 115 115 112 112 112 112 114 114 114 114 115 115 115 115 114 114 114 114 116 116 116 116 117 117 117 117 115 115 115 115 116 116 116 116 117 117 117 117 116 116 116 116 118 118 118 118 119 119 119 119 117 117 117 117 118 118 118 118 119 119 119 119 118 118 118 118 120 120 120 120 121 121 121 121 119 119 119 119 120 120 120 120 122 122 122 122 123 123 123 123 124 124 124 124 125 125 125 125 122 122 122 122 124 124 124 124 124 124 124 124 126 126 126 126 125 125 125 125 126 126 126 126 127 127 127 127 125 125 125 125 126 126 126 126 128 128 128 128 127 127 127 127 128 128 128 128 129 129 129 129 127 127 127 127 130 130 130 130 129 129 129 129 128 128 128 128 131 131 131 131 130 130 130 130 128 128 128 128 132 132 132 132 130 130 130 130 131 131 131 131 133 133 133 133 132 132 132 132 131 131 131 131 134 134 134 134 132 132 132 132 133 133 133 133 135 135 135 135 134 134 134 134 133 133 133 133 136 136 136 136 134 134 134 134 135 135 135 135 137 137 137 137 136 136 136 136 135 135 135 135 138 138 138 138 136 136 136 136 137 137 137 137 139 139 139 139 138 138 138 138 137 137 137 137 140 140 140 140 138 138 138 138 139 139 139 139 141 141 141 141 140 140 140 140 139 139 139 139 142 142 142 142 140 140 140 140 141 141 141 141 143 143 143 143 142 142 142 142 141 141 141 141 143 143 143 143 144 144 144 144 142 142 142 142 144 144 144 144 145 145 145 145 142 142 142 142 144 144 144 144 146 146 146 146 145 145 145 145 146 146 146 146 147 147 147 147 145 145 145 145 148 148 148 148 149 149 149 149 150 150 150 150 151 151 151 151 148 148 148 148 150 150 150 150 151 151 151 151 150 150 150 150 152 152 152 152 153 153 153 153 151 151 151 151 152 152 152 152 153 153 153 153 154 154 154 154 155 155 155 155 156 156 156 156 153 153 153 153 155 155 155 155 156 156 156 156 155 155 155 155 157 157 157 157 158 158 158 158 156 156 156 156 157 157 157 157 159 159 159 159 160 160 160 160 161 161 161 161 160 160 160 160 162 162 162 162 161 161 161 161 162 162 162 162 163 163 163 163 161 161 161 161 163 163 163 163 162 162 162 162 164 164 164 164 162 162 162 162 165 165 165 165 164 164 164 164 164 164 164 164 165 165 165 165 166 166 166 166 165 165 165 165 167 167 167 167 166 166 166 166 166 166 166 166 167 167 167 167 168 168 168 168 167 167 167 167 169 169 169 169 168 168 168 168 170 170 170 170 171 171 171 171 172 172 172 172 171 171 171 171 173 173 173 173 172 172 172 172 172 172 172 172 173 173 173 173 174 174 174 174 173 173 173 173 175 175 175 175 174 174 174 174 174 174 174 174 175 175 175 175 176 176 176 176 177 177 177 177 174 174 174 174 176 176 176 176 177 177 177 177 176 176 176 176 178 178 178 178 179 179 179 179 177 177 177 177 178 178 178 178 179 179 179 179 178 178 178 178 180 180 180 180 181 181 181 181 179 179 179 179 180 180 180 180 181 181 181 181 180 180 180 180 182 182 182 182 180 180 180 180 183 183 183 183 182 182 182 182 182 182 182 182 183 183 183 183 184 184 184 184 185 185 185 185 182 182 182 182 184 184 184 184 185 185 185 185 184 184 184 184 186 186 186 186 187 187 187 187 185 185 185 185 186 186 186 186 187 187 187 187 186 186 186 186 188 188 188 188 189 189 189 189 187 187 187 187 188 188 188 188 189 189 189 189 188 188 188 188 190 190 190 190 191 191 191 191 189 189 189 189 190 190 190 190 191 191 191 191 190 190 190 190 192 192 192 192 190 190 190 190 193 193 193 193 192 192 192 192 192 192 192 192 193 193 193 193 194 194 194 194 193 193 193 193 195 195 195 195 194 194 194 194 194 194 194 194 195 195 195 195 196 196 196 196 195 195 195 195 197 197 197 197 196 196 196 196 196 196 196 196 197 197 197 197 198 198 198 198 197 197 197 197 199 199 199 199 198 198 198 198 199 199 199 199 200 200 200 200 201 201 201 201 202 202 202 202 199 199 199 199 201 201 201 201 198 198 198 198 199 199 199 199 202 202 202 202 203 203 203 203 198 198 198 198 202 202 202 202 204 204 204 204 198 198 198 198 203 203 203 203 205 205 205 205 206 206 206 206 207 207 207 207 208 208 208 208 205 205 205 205 207 207 207 207 208 208 208 208 207 207 207 207 209 209 209 209 210 210 210 210 208 208 208 208 209 209 209 209 211 211 211 211 210 210 210 210 209 209 209 209 212 212 212 212 210 210 210 210 211 211 211 211 213 213 213 213 212 212 212 212 211 211 211 211 214 214 214 214 212 212 212 212 213 213 213 213 215 215 215 215 214 214 214 214 213 213 213 213 214 214 214 214 215 215 215 215 216 216 216 216 217 217 217 217 214 214 214 214 216 216 216 216 216 216 216 216 218 218 218 218 217 217 217 217 218 218 218 218 219 219 219 219 217 217 217 217 219 219 219 219 218 218 218 218 220 220 220 220 221 221 221 221 219 219 219 219 220 220 220 220 222 222 222 222 221 221 221 221 220 220 220 220 223 223 223 223 222 222 222 222 220 220 220 220 224 224 224 224 222 222 222 222 223 223 223 223 225 225 225 225 224 224 224 224 223 223 223 223 226 226 226 226 227 227 227 227 228 228 228 228 229 229 229 229 226 226 226 226 228 228 228 228 229 229 229 229 228 228 228 228 230 230 230 230 231 231 231 231 229 229 229 229 230 230 230 230 231 231 231 231 230 230 230 230 232 232 232 232 233 233 233 233 231 231 231 231 232 232 232 232 233 233 233 233 232 232 232 232 234 234 234 234 232 232 232 232 235 235 235 235 234 234 234 234 236 236 236 236 234 234 234 234 235 235 235 235 237 237 237 237 236 236 236 236 235 235 235 235 236 236 236 236 237 237 237 237 238 238 238 238 239 239 239 239 236 236 236 236 238 238 238 238 240 240 240 240 241 241 241 241 242 242 242 242 243 243 243 243 240 240 240 240 242 242 242 242 243 243 243 243 242 242 242 242 244 244 244 244 245 245 245 245 243 243 243 243 244 244 244 244 245 245 245 245 244 244 244 244 246 246 246 246 247 247 247 247 245 245 245 245 246 246 246 246 247 247 247 247 246 246 246 246 248 248 248 248 249 249 249 249 247 247 247 247 248 248 248 248 250 250 250 250 251 251 251 251 252 252 252 252 253 253 253 253 250 250 250 250 252 252 252 252 253 253 253 253 252 252 252 252 254 254 254 254 255 255 255 255 253 253 253 253 254 254 254 254 255 255 255 255 254 254 254 254 256 256 256 256 254 254 254 254 257 257 257 257 256 256 256 256 256 256 256 256 257 257 257 257 258 258 258 258 257 257 257 257 259 259 259 259 258 258 258 258 260 260 260 260 258 258 258 258 259 259 259 259 261 261 261 261 260 260 260 260 259 259 259 259 261 261 261 261 262 262 262 262 260 260 260 260 262 262 262 262 263 263 263 263 260 260 260 260 262 262 262 262 264 264 264 264 263 263 263 263 264 264 264 264 265 265 265 265 263 263 263 263 264 264 264 264 266 266 266 266 265 265 265 265 265 265 265 265 266 266 266 266 267 267 267 267 266 266 266 266 268 268 268 268 267 267 267 267 269 269 269 269 270 270 270 270 271 271 271 271 270 270 270 270 272 272 272 272 271 271 271 271 271 271 271 271 272 272 272 272 273 273 273 273 272 272 272 272 274 274 274 274 273 273 273 273 274 274 274 274 275 275 275 275 273 273 273 273 275 275 275 275 274 274 274 274 276 276 276 276 275 275 275 275 277 277 277 277 273 273 273 273 278 278 278 278 279 279 279 279 280 280 280 280 279 279 279 279 281 281 281 281 280 280 280 280 279 279 279 279 282 282 282 282 281 281 281 281 282 282 282 282 283 283 283 283 281 281 281 281 282 282 282 282 284 284 284 284 283 283 283 283 284 284 284 284 285 285 285 285 283 283 283 283 285 285 285 285 284 284 284 284 286 286 286 286 287 287 287 287 285 285 285 285 286 286 286 286 287 287 287 287 286 286 286 286 288 288 288 288 286 286 286 286 289 289 289 289 288 288 288 288 288 288 288 288 289 289 289 289 290 290 290 290 289 289 289 289 291 291 291 291 290 290 290 290 292 292 292 292 293 293 293 293 294 294 294 294 293 293 293 293 295 295 295 295 294 294 294 294 293 293 293 293 296 296 296 296 295 295 295 295 296 296 296 296 297 297 297 297 295 295 295 295 298 298 298 298 297 297 297 297 299 299 299 299 297 297 297 297 300 300 300 300 299 299 299 299 301 301 301 301 302 302 302 302 303 303 303 303 302 302 302 302 304 304 304 304 303 303 303 303 302 302 302 302 305 305 305 305 304 304 304 304 305 305 305 305 306 306 306 306 304 304 304 304 305 305 305 305 307 307 307 307 306 306 306 306 307 307 307 307 308 308 308 308 306 306 306 306 307 307 307 307 309 309 309 309 308 308 308 308 309 309 309 309 310 310 310 310 308 308 308 308 309 309 309 309 311 311 311 311 310 310 310 310 311 311 311 311 312 312 312 312 310 310 310 310 311 311 311 311 313 313 313 313 312 312 312 312 313 313 313 313 314 314 314 314 312 312 312 312 314 314 314 314 313 313 313 313 315 315 315 315 313 313 313 313 316 316 316 316 315 315 315 315 317 317 317 317 315 315 315 315 316 316 316 316 318 318 318 318 317 317 317 317 316 316 316 316 315 315 315 315 317 317 317 317 319 319 319 319 318 318 318 318 316 316 316 316 320 320 320 320 321 321 321 321 315 315 315 315 319 319 319 319 322 322 322 322 318 318 318 318 320 320 320 320 323 323 323 323 321 321 321 321 319 319 319 319 324 324 324 324 322 322 322 322 320 320 320 320 323 323 323 323 325 325 325 325 321 321 321 321 326 326 326 326 324 324 324 324 320 320 320 320 325 325 325 325 327 327 327 327 321 321 321 321 324 324 324 324 326 326 326 326 328 328 328 328 327 327 327 327 325 325 325 325 328 328 328 328 326 326 326 326 327 327 327 327 328 328 328 328 326 326 326 326 329 329 329 329 327 327 327 327 329 329 329 329 330 330 330 330 327 327 327 327 329 329 329 329 331 331 331 331 330 330 330 330 331 331 331 331 332 332 332 332 330 330 330 330 331 331 331 331 333 333 333 333 332 332 332 332 333 333 333 333 334 334 334 334 332 332 332 332 333 333 333 333 335 335 335 335 334 334 334 334 335 335 335 335 336 336 336 336 334 334 334 334 335 335 335 335 337 337 337 337 336 336 336 336 337 337 337 337 338 338 338 338 336 336 336 336 338 338 338 338 337 337 337 337 339 339 339 339 337 337 337 337 340 340 340 340 339 339 339 339 340 340 340 340 341 341 341 341 339 339 339 339 341 341 341 341 342 342 342 342 339 339 339 339 343 343 343 343 344 344 344 344 345 345 345 345 344 344 344 344 346 346 346 346 345 345 345 345 344 344 344 344 347 347 347 347 346 346 346 346 347 347 347 347 348 348 348 348 346 346 346 346 347 347 347 347 349 349 349 349 348 348 348 348 349 349 349 349 350 350 350 350 348 348 348 348 351 351 351 351 350 350 350 350 349 349 349 349 352 352 352 352 351 351 351 351 349 349 349 349 353 353 353 353 351 351 351 351 352 352 352 352 353 353 353 353 354 354 354 354 351 351 351 351 354 354 354 354 355 355 355 355 351 351 351 351 356 356 356 356 357 357 357 357 358 358 358 358 359 359 359 359 356 356 356 356 358 358 358 358 360 360 360 360 356 356 356 356 359 359 359 359 361 361 361 361 360 360 360 360 359 359 359 359 360 360 360 360 361 361 361 361 362 362 362 362 363 363 363 363 360 360 360 360 362 362 362 362 362 362 362 362 364 364 364 364 363 363 363 363 364 364 364 364 365 365 365 365 363 363 363 363 365 365 365 365 364 364 364 364 366 366 366 366 367 367 367 367 366 366 366 366 364 364 364 364 368 368 368 368 369 369 369 369 370 370 370 370 369 369 369 369 371 371 371 371 370 370 370 370 369 369 369 369 372 372 372 372 371 371 371 371 372 372 372 372 373 373 373 373 371 371 371 371 374 374 374 374 373 373 373 373 372 372 372 372 375 375 375 375 374 374 374 374 372 372 372 372 375 375 375 375 376 376 376 376 374 374 374 374 376 376 376 376 377 377 377 377 374 374 374 374 376 376 376 376 378 378 378 378 377 377 377 377 378 378 378 378 379 379 379 379 377 377 377 377 379 379 379 379 378 378 378 378 380 380 380 380 378 378 378 378 381 381 381 381 380 380 380 380 382 382 382 382 380 380 380 380 381 381 381 381 383 383 383 383 382 382 382 382 381 381 381 381 384 384 384 384 383 383 383 383 385 385 385 385 386 386 386 386 383 383 383 383 384 384 384 384 383 383 383 383 386 386 386 386 382 382 382 382 386 386 386 386 387 387 387 387 382 382 382 382 388 388 388 388 382 382 382 382 387 387 387 387 389 389 389 389 390 390 390 390 391 391 391 391 392 392 392 392 389 389 389 389 391 391 391 391 393 393 393 393 389 389 389 389 392 392 392 392 394 394 394 394 393 393 393 393 392 392 392 392 393 393 393 393 394 394 394 394 395 395 395 395 394 394 394 394 396 396 396 396 395 395 395 395 396 396 396 396 397 397 397 397 395 395 395 395 397 397 397 397 398 398 398 398 395 395 395 395 397 397 397 397 399 399 399 399 398 398 398 398 399 399 399 399 400 400 400 400 398 398 398 398 399 399 399 399 401 401 401 401 400 400 400 400 401 401 401 401 402 402 402 402 400 400 400 400 402 402 402 402 401 401 401 401 403 403 403 403 401 401 401 401 404 404 404 404 403 403 403 403 403 403 403 403 404 404 404 404 405 405 405 405 404 404 404 404 406 406 406 406 405 405 405 405 406 406 406 406 407 407 407 407 405 405 405 405 407 407 407 407 408 408 408 408 405 405 405 405 409 409 409 409 410 410 410 410 411 411 411 411 410 410 410 410 412 412 412 412 411 411 411 411 411 411 411 411 412 412 412 412 413 413 413 413 414 414 414 414 411 411 411 411 413 413 413 413 414 414 414 414 413 413 413 413 415 415 415 415 416 416 416 416 414 414 414 414 415 415 415 415 416 416 416 416 415 415 415 415 417 417 417 417 415 415 415 415 418 418 418 418 417 417 417 417 417 417 417 417 418 418 418 418 419 419 419 419 418 418 418 418 420 420 420 420 419 419 419 419 419 419 419 419 420 420 420 420 421 421 421 421 420 420 420 420 422 422 422 422 421 421 421 421 421 421 421 421 422 422 422 422 423 423 423 423 424 424 424 424 421 421 421 421 423 423 423 423 424 424 424 424 423 423 423 423 425 425 425 425 426 426 426 426 424 424 424 424 425 425 425 425 426 426 426 426 425 425 425 425 427 427 427 427 428 428 428 428 426 426 426 426 427 427 427 427 429 429 429 429 428 428 428 428 427 427 427 427 430 430 430 430 429 429 429 429 427 427 427 427 431 431 431 431 432 432 432 432 433 433 433 433 432 432 432 432 434 434 434 434 433 433 433 433 434 434 434 434 432 432 432 432 435 435 435 435 432 432 432 432 436 436 436 436 435 435 435 435 436 436 436 436 437 437 437 437 435 435 435 435 437 437 437 437 438 438 438 438 435 435 435 435 437 437 437 437 439 439 439 439 438 438 438 438 439 439 439 439 440 440 440 440 438 438 438 438 439 439 439 439 441 441 441 441 440 440 440 440 441 441 441 441 442 442 442 442 440 440 440 440 441 441 441 441 443 443 443 443 442 442 442 442 443 443 443 443 444 444 444 444 442 442 442 442 444 444 444 444 443 443 443 443 445 445 445 445 443 443 443 443 446 446 446 446 445 445 445 445 445 445 445 445 446 446 446 446 447 447 447 447 446 446 446 446 448 448 448 448 447 447 447 447 447 447 447 447 448 448 448 448 449 449 449 449 448 448 448 448 450 450 450 450 449 449 449 449 449 449 449 449 450 450 450 450 451 451 451 451 450 450 450 450 452 452 452 452 451 451 451 451 452 452 452 452 453 453 453 453 451 451 451 451 453 453 453 453 454 454 454 454 451 451 451 451 454 454 454 454 453 453 453 453 455 455 455 455 453 453 453 453 456 456 456 456 455 455 455 455 455 455 455 455 456 456 456 456 457 457 457 457 456 456 456 456 458 458 458 458 457 457 457 457 457 457 457 457 458 458 458 458 459 459 459 459 458 458 458 458 460 460 460 460 459 459 459 459 459 459 459 459 460 460 460 460 461 461 461 461 462 462 462 462 459 459 459 459 461 461 461 461 462 462 462 462 461 461 461 461 463 463 463 463 461 461 461 461 464 464 464 464 463 463 463 463 464 464 464 464 465 465 465 465 463 463 463 463 465 465 465 465 466 466 466 466 463 463 463 463 466 466 466 466 465 465 465 465 467 467 467 467 465 465 465 465 468 468 468 468 467 467 467 467 467 467 467 467 468 468 468 468 469 469 469 469 468 468 468 468 470 470 470 470 469 469 469 469 469 469 469 469 470 470 470 470 471 471 471 471 472 472 472 472 469 469 469 469 471 471 471 471 472 472 472 472 471 471 471 471 473 473 473 473 474 474 474 474 472 472 472 472 473 473 473 473 474 474 474 474 473 473 473 473 475 475 475 475 476 476 476 476 474 474 474 474 475 475 475 475 473 473 473 473 477 477 477 477 475 475 475 475 478 478 478 478 479 479 479 479 480 480 480 480 479 479 479 479 481 481 481 481 480 480 480 480 480 480 480 480 481 481 481 481 482 482 482 482 479 479 479 479 483 483 483 483 481 481 481 481 481 481 481 481 484 484 484 484 482 482 482 482 485 485 485 485 482 482 482 482 484 484 484 484 486 486 486 486 485 485 485 485 484 484 484 484 483 483 483 483 487 487 487 487 481 481 481 481 484 484 484 484 481 481 481 481 487 487 487 487 486 486 486 486 484 484 484 484 488 488 488 488 488 488 488 488 484 484 484 484 487 487 487 487 489 489 489 489 486 486 486 486 488 488 488 488 489 489 489 489 488 488 488 488 490 490 490 490 488 488 488 488 491 491 491 491 490 490 490 490 488 488 488 488 487 487 487 487 491 491 491 491 492 492 492 492 490 490 490 490 491 491 491 491 493 493 493 493 492 492 492 492 491 491 491 491 487 487 487 487 494 494 494 494 491 491 491 491 491 491 491 491 494 494 494 494 493 493 493 493 487 487 487 487 483 483 483 483 494 494 494 494 494 494 494 494 495 495 495 495 493 493 493 493 483 483 483 483 496 496 496 496 494 494 494 494 495 495 495 495 494 494 494 494 496 496 496 496 497 497 497 497 495 495 495 495 496 496 496 496 498 498 498 498 499 499 499 499 500 500 500 500 501 501 501 501 498 498 498 498 500 500 500 500 502 502 502 502 498 498 498 498 501 501 501 501 500 500 500 500 503 503 503 503 501 501 501 501 504 504 504 504 502 502 502 502 501 501 501 501 505 505 505 505 502 502 502 502 504 504 504 504 503 503 503 503 506 506 506 506 501 501 501 501 501 501 501 501 506 506 506 506 504 504 504 504 506 506 506 506 503 503 503 503 507 507 507 507 508 508 508 508 505 505 505 505 504 504 504 504 509 509 509 509 505 505 505 505 508 508 508 508 510 510 510 510 506 506 506 506 507 507 507 507 510 510 510 510 507 507 507 507 511 511 511 511 512 512 512 512 510 510 510 510 511 511 511 511 506 506 506 506 513 513 513 513 504 504 504 504 513 513 513 513 506 506 506 506 510 510 510 510 514 514 514 514 510 510 510 510 512 512 512 512 514 514 514 514 513 513 513 513 510 510 510 510 515 515 515 515 514 514 514 514 512 512 512 512 504 504 504 504 513 513 513 513 516 516 516 516 508 508 508 508 504 504 504 504 516 516 516 516 513 513 513 513 514 514 514 514 517 517 517 517 514 514 514 514 515 515 515 515 517 517 517 517 516 516 516 516 513 513 513 513 517 517 517 517 515 515 515 515 518 518 518 518 517 517 517 517 517 517 517 517 518 518 518 518 519 519 519 519 520 520 520 520 517 517 517 517 519 519 519 519 517 517 517 517 520 520 520 520 516 516 516 516 519 519 519 519 521 521 521 521 520 520 520 520 520 520 520 520 522 522 522 522 516 516 516 516 508 508 508 508 516 516 516 516 522 522 522 522 521 521 521 521 523 523 523 523 520 520 520 520 520 520 520 520 523 523 523 523 522 522 522 522 521 521 521 521 524 524 524 524 523 523 523 523 525 525 525 525 508 508 508 508 522 522 522 522 525 525 525 525 509 509 509 509 508 508 508 508 523 523 523 523 526 526 526 526 522 522 522 522 525 525 525 525 522 522 522 522 526 526 526 526 524 524 524 524 527 527 527 527 523 523 523 523 523 523 523 523 527 527 527 527 526 526 526 526 524 524 524 524 528 528 528 528 527 527 527 527 509 509 509 509 525 525 525 525 529 529 529 529 529 529 529 529 525 525 525 525 526 526 526 526 530 530 530 530 509 509 509 509 529 529 529 529 527 527 527 527 531 531 531 531 526 526 526 526 529 529 529 529 526 526 526 526 531 531 531 531 529 529 529 529 532 532 532 532 530 530 530 530 532 532 532 532 529 529 529 529 531 531 531 531 532 532 532 532 533 533 533 533 530 530 530 530 527 527 527 527 534 534 534 534 531 531 531 531 528 528 528 528 534 534 534 534 527 527 527 527 532 532 532 532 531 531 531 531 535 535 535 535 534 534 534 534 535 535 535 535 531 531 531 531 528 528 528 528 536 536 536 536 534 534 534 534 533 533 533 533 532 532 532 532 537 537 537 537 537 537 537 537 532 532 532 532 535 535 535 535 538 538 538 538 533 533 533 533 537 537 537 537 535 535 535 535 534 534 534 534 539 539 539 539 537 537 537 537 535 535 535 535 539 539 539 539 538 538 538 538 537 537 537 537 540 540 540 540 540 540 540 540 537 537 537 537 539 539 539 539 541 541 541 541 538 538 538 538 540 540 540 540 542 542 542 542 541 541 541 541 540 540 540 540 543 543 543 543 542 542 542 542 540 540 540 540 540 540 540 540 539 539 539 539 543 543 543 543 544 544 544 544 542 542 542 542 543 543 543 543 534 534 534 534 545 545 545 545 539 539 539 539 536 536 536 536 545 545 545 545 534 534 534 534 545 545 545 545 536 536 536 536 546 546 546 546 539 539 539 539 545 545 545 545 546 546 546 546 536 536 536 536 547 547 547 547 546 546 546 546 539 539 539 539 548 548 548 548 543 543 543 543 548 548 548 548 539 539 539 539 546 546 546 546 546 546 546 546 547 547 547 547 549 549 549 549 549 549 549 549 548 548 548 548 546 546 546 546 547 547 547 547 550 550 550 550 549 549 549 549 549 549 549 549 550 550 550 550 551 551 551 551 543 543 543 543 548 548 548 548 552 552 552 552 552 552 552 552 544 544 544 544 543 543 543 543 553 553 553 553 548 548 548 548 549 549 549 549 548 548 548 548 553 553 553 553 552 552 552 552 552 552 552 552 554 554 554 554 544 544 544 544 554 554 554 554 555 555 555 555 544 544 544 544 552 552 552 552 553 553 553 553 554 554 554 554 553 553 553 553 556 556 556 556 554 554 554 554 557 557 557 557 553 553 553 553 549 549 549 549 553 553 553 553 557 557 557 557 556 556 556 556 557 557 557 557 549 549 549 549 551 551 551 551 557 557 557 557 558 558 558 558 556 556 556 556 551 551 551 551 559 559 559 559 557 557 557 557 559 559 559 559 558 558 558 558 557 557 557 557 560 560 560 560 561 561 561 561 562 562 562 562 563 563 563 563 560 560 560 560 562 562 562 562 563 563 563 563 562 562 562 562 564 564 564 564 565 565 565 565 560 560 560 560 563 563 563 563 566 566 566 566 563 563 563 563 564 564 564 564 566 566 566 566 564 564 564 564 567 567 567 567 568 568 568 568 565 565 565 565 563 563 563 563 568 568 568 568 563 563 563 563 566 566 566 566 569 569 569 569 565 565 565 565 568 568 568 568 570 570 570 570 566 566 566 566 567 567 567 567 570 570 570 570 567 567 567 567 571 571 571 571 572 572 572 572 569 569 569 569 568 568 568 568 573 573 573 573 569 569 569 569 572 572 572 572 574 574 574 574 573 573 573 573 572 572 572 572 575 575 575 575 568 568 568 568 566 566 566 566 572 572 572 572 568 568 568 568 575 575 575 575 572 572 572 572 576 576 576 576 574 574 574 574 576 576 576 576 572 572 572 572 575 575 575 575 576 576 576 576 577 577 577 577 574 574 574 574 578 578 578 578 575 575 575 575 566 566 566 566 570 570 570 570 578 578 578 578 566 566 566 566 579 579 579 579 576 576 576 576 575 575 575 575 576 576 576 576 579 579 579 579 577 577 577 577 578 578 578 578 579 579 579 579 575 575 575 575 579 579 579 579 580 580 580 580 577 577 577 577 580 580 580 580 579 579 579 579 581 581 581 581 579 579 579 579 582 582 582 582 581 581 581 581 579 579 579 579 578 578 578 578 582 582 582 582 581 581 581 581 582 582 582 582 583 583 583 583 578 578 578 578 584 584 584 584 582 582 582 582 584 584 584 584 578 578 578 578 570 570 570 570 582 582 582 582 585 585 585 585 583 583 583 583 582 582 582 582 584 584 584 584 585 585 585 585 586 586 586 586 583 583 583 583 585 585 585 585 587 587 587 587 584 584 584 584 570 570 570 570 587 587 587 587 570 570 570 570 571 571 571 571 584 584 584 584 588 588 588 588 585 585 585 585 588 588 588 588 584 584 584 584 587 587 587 587 589 589 589 589 586 586 586 586 585 585 585 585 589 589 589 589 585 585 585 585 588 588 588 588 586 586 586 586 589 589 589 589 590 590 590 590 587 587 587 587 571 571 571 571 591 591 591 591 591 591 591 591 588 588 588 588 587 587 587 587 571 571 571 571 592 592 592 592 591 591 591 591 593 593 593 593 589 589 589 589 588 588 588 588 593 593 593 593 588 588 588 588 591 591 591 591 589 589 589 589 594 594 594 594 590 590 590 590 589 589 589 589 593 593 593 593 594 594 594 594 595 595 595 595 590 590 590 590 594 594 594 594 591 591 591 591 592 592 592 592 596 596 596 596 596 596 596 596 593 593 593 593 591 591 591 591 592 592 592 592 597 597 597 597 596 596 596 596 598 598 598 598 593 593 593 593 596 596 596 596 593 593 593 593 598 598 598 598 594 594 594 594 599 599 599 599 596 596 596 596 597 597 597 597 599 599 599 599 598 598 598 598 596 596 596 596 600 600 600 600 599 599 599 599 597 597 597 597 598 598 598 598 601 601 601 601 594 594 594 594 601 601 601 601 598 598 598 598 599 599 599 599 599 599 599 599 600 600 600 600 602 602 602 602 602 602 602 602 601 601 601 601 599 599 599 599 600 600 600 600 603 603 603 603 602 602 602 602 603 603 603 603 604 604 604 604 602 602 602 602 604 604 604 604 605 605 605 605 602 602 602 602 601 601 601 601 602 602 602 602 605 605 605 605 604 604 604 604 606 606 606 606 605 605 605 605 601 601 601 601 607 607 607 607 594 594 594 594 607 607 607 607 595 595 595 595 594 594 594 594 607 607 607 607 608 608 608 608 595 595 595 595 608 608 608 608 607 607 607 607 601 601 601 601 608 608 608 608 609 609 609 609 595 595 595 595 610 610 610 610 601 601 601 601 605 605 605 605 610 610 610 610 608 608 608 608 601 601 601 601 608 608 608 608 611 611 611 611 609 609 609 609 611 611 611 611 608 608 608 608 610 610 610 610 611 611 611 611 612 612 612 612 609 609 609 609 613 613 613 613 612 612 612 612 611 611 611 611 610 610 610 610 605 605 605 605 614 614 614 614 606 606 606 606 614 614 614 614 605 605 605 605 610 610 610 610 615 615 615 615 611 611 611 611 615 615 615 615 610 610 610 610 614 614 614 614 614 614 614 614 606 606 606 606 616 616 616 616 615 615 615 615 614 614 614 614 616 616 616 616 606 606 606 606 617 617 617 617 616 616 616 616 618 618 618 618 615 615 615 615 616 616 616 616 615 615 615 615 619 619 619 619 611 611 611 611 615 615 615 615 618 618 618 618 619 619 619 619 619 619 619 619 613 613 613 613 611 611 611 611 618 618 618 618 620 620 620 620 619 619 619 619 621 621 621 621 613 613 613 613 619 619 619 619 620 620 620 620 621 621 621 621 619 619 619 619 622 622 622 622 623 623 623 623 624 624 624 624 623 623 623 623 625 625 625 625 624 624 624 624 625 625 625 625 623 623 623 623 626 626 626 626 627 627 627 627 624 624 624 624 625 625 625 625 628 628 628 628 625 625 625 625 626 626 626 626 629 629 629 629 627 627 627 627 625 625 625 625 625 625 625 625 628 628 628 628 629 629 629 629 630 630 630 630 627 627 627 627 629 629 629 629 628 628 628 628 626 626 626 626 631 631 631 631 632 632 632 632 630 630 630 630 629 629 629 629 633 633 633 633 628 628 628 628 631 631 631 631 628 628 628 628 634 634 634 634 629 629 629 629 634 634 634 634 628 628 628 628 633 633 633 633 632 632 632 632 629 629 629 629 634 634 634 634 635 635 635 635 633 633 633 633 631 631 631 631 635 635 635 635 634 634 634 634 633 633 633 633 636 636 636 636 635 635 635 635 631 631 631 631 630 630 630 630 632 632 632 632 637 637 637 637 638 638 638 638 630 630 630 630 637 637 637 637 639 639 639 639 638 638 638 638 637 637 637 637 635 635 635 635 636 636 636 636 640 640 640 640 636 636 636 636 641 641 641 641 640 640 640 640 642 642 642 642 639 639 639 639 637 637 637 637 642 642 642 642 637 637 637 637 632 632 632 632 643 643 643 643 639 639 639 639 642 642 642 642 641 641 641 641 644 644 644 644 645 645 645 645 640 640 640 640 641 641 641 641 645 645 645 645 645 645 645 645 646 646 646 646 640 640 640 640 646 646 646 646 647 647 647 647 640 640 640 640 640 640 640 640 647 647 647 647 635 635 635 635 647 647 647 647 634 634 634 634 635 635 635 635 647 647 647 647 646 646 646 646 648 648 648 648 647 647 647 647 649 649 649 649 634 634 634 634 649 649 649 649 647 647 647 647 648 648 648 648 650 650 650 650 632 632 632 632 634 634 634 634 649 649 649 649 650 650 650 650 634 634 634 634 650 650 650 650 642 642 642 642 632 632 632 632 650 650 650 650 649 649 649 649 642 642 642 642 649 649 649 649 648 648 648 648 651 651 651 651 649 649 649 649 651 651 651 651 642 642 642 642 648 648 648 648 643 643 643 643 651 651 651 651 651 651 651 651 643 643 643 643 642 642 642 642 652 652 652 652 653 653 653 653 654 654 654 654 655 655 655 655 652 652 652 652 654 654 654 654 655 655 655 655 654 654 654 654 656 656 656 656 652 652 652 652 655 655 655 655 657 657 657 657 658 658 658 658 655 655 655 655 656 656 656 656 658 658 658 658 656 656 656 656 659 659 659 659 655 655 655 655 660 660 660 660 657 657 657 657 655 655 655 655 658 658 658 658 660 660 660 660 660 660 660 660 661 661 661 661 657 657 657 657 661 661 661 661 662 662 662 662 657 657 657 657 663 663 663 663 664 664 664 664 662 662 662 662 661 661 661 661 663 663 663 663 662 662 662 662 665 665 665 665 663 663 663 663 661 661 661 661 666 666 666 666 665 665 665 665 661 661 661 661 666 666 666 666 661 661 661 661 660 660 660 660 667 667 667 667 665 665 665 665 666 666 666 666 668 668 668 668 666 666 666 666 660 660 660 660 658 658 658 658 668 668 668 668 660 660 660 660 669 669 669 669 667 667 667 667 666 666 666 666 667 667 667 667 669 669 669 669 670 670 670 670 666 666 666 666 668 668 668 668 671 671 671 671 666 666 666 666 671 671 671 671 669 669 669 669 669 669 669 669 672 672 672 672 670 670 670 670 670 670 670 670 672 672 672 672 673 673 673 673 672 672 672 672 674 674 674 674 673 673 673 673 669 669 669 669 675 675 675 675 672 672 672 672 669 669 669 669 671 671 671 671 675 675 675 675 672 672 672 672 676 676 676 676 674 674 674 674 675 675 675 675 676 676 676 676 672 672 672 672 676 676 676 676 677 677 677 677 674 674 674 674 677 677 677 677 676 676 676 676 678 678 678 678 676 676 676 676 679 679 679 679 678 678 678 678 676 676 676 676 675 675 675 675 679 679 679 679 675 675 675 675 680 680 680 680 679 679 679 679 680 680 680 680 675 675 675 675 681 681 681 681 681 681 681 681 675 675 675 675 682 682 682 682 682 682 682 682 675 675 675 675 683 683 683 683 671 671 671 671 683 683 683 683 675 675 675 675 684 684 684 684 682 682 682 682 683 683 683 683 685 685 685 685 684 684 684 684 683 683 683 683 671 671 671 671 686 686 686 686 683 683 683 683 668 668 668 668 686 686 686 686 671 671 671 671 687 687 687 687 685 685 685 685 683 683 683 683 686 686 686 686 687 687 687 687 683 683 683 683 687 687 687 687 688 688 688 688 685 685 685 685 688 688 688 688 687 687 687 687 686 686 686 686 688 688 688 688 689 689 689 689 685 685 685 685 689 689 689 689 688 688 688 688 690 690 690 690 691 691 691 691 686 686 686 686 668 668 668 668 691 691 691 691 688 688 688 688 686 686 686 686 658 658 658 658 691 691 691 691 668 668 668 668 688 688 688 688 692 692 692 692 690 690 690 690 692 692 692 692 688 688 688 688 691 691 691 691 692 692 692 692 693 693 693 693 690 690 690 690 658 658 658 658 694 694 694 694 691 691 691 691 694 694 694 694 692 692 692 692 691 691 691 691 694 694 694 694 658 658 658 658 659 659 659 659 695 695 695 695 693 693 693 693 692 692 692 692 696 696 696 696 694 694 694 694 659 659 659 659 694 694 694 694 696 696 696 696 692 692 692 692 697 697 697 697 696 696 696 696 659 659 659 659 695 695 695 695 692 692 692 692 698 698 698 698 696 696 696 696 698 698 698 698 692 692 692 692 699 699 699 699 695 695 695 695 698 698 698 698 700 700 700 700 696 696 696 696 697 697 697 697 701 701 701 701 700 700 700 700 697 697 697 697 696 696 696 696 700 700 700 700 702 702 702 702 698 698 698 698 696 696 696 696 702 702 702 702 699 699 699 699 698 698 698 698 702 702 702 702 703 703 703 703 699 699 699 699 702 702 702 702 704 704 704 704 705 705 705 705 706 706 706 706 705 705 705 705 707 707 707 707 706 706 706 706 705 705 705 705 708 708 708 708 707 707 707 707 709 709 709 709 706 706 706 706 707 707 707 707 708 708 708 708 710 710 710 710 707 707 707 707 711 711 711 711 709 709 709 709 707 707 707 707 711 711 711 711 707 707 707 707 710 710 710 710 710 710 710 710 708 708 708 708 712 712 712 712 708 708 708 708 713 713 713 713 712 712 712 712 714 714 714 714 715 715 715 715 713 713 713 713 715 715 715 715 712 712 712 712 713 713 713 713 712 712 712 712 715 715 715 715 716 716 716 716 717 717 717 717 712 712 712 712 716 716 716 716 710 710 710 710 712 712 712 712 717 717 717 717 716 716 716 716 718 718 718 718 717 717 717 717 719 719 719 719 710 710 710 710 717 717 717 717 719 719 719 719 711 711 711 711 710 710 710 710 718 718 718 718 720 720 720 720 717 717 717 717 720 720 720 720 718 718 718 718 721 721 721 721 717 717 717 717 722 722 722 722 719 719 719 719 720 720 720 720 722 722 722 722 717 717 717 717 711 711 711 711 719 719 719 719 723 723 723 723 724 724 724 724 720 720 720 720 721 721 721 721 724 724 724 724 721 721 721 721 725 725 725 725 726 726 726 726 724 724 724 724 725 725 725 725 727 727 727 727 720 720 720 720 724 724 724 724 722 722 722 722 720 720 720 720 727 727 727 727 728 728 728 728 724 724 724 724 726 726 726 726 728 728 728 728 727 727 727 727 724 724 724 724 729 729 729 729 728 728 728 728 726 726 726 726 728 728 728 728 729 729 729 729 730 730 730 730 731 731 731 731 728 728 728 728 730 730 730 730 728 728 728 728 731 731 731 731 727 727 727 727 731 731 731 731 732 732 732 732 727 727 727 727 733 733 733 733 727 727 727 727 732 732 732 732 734 734 734 734 727 727 727 727 733 733 733 733 727 727 727 727 734 734 734 734 735 735 735 735 735 735 735 735 722 722 722 722 727 727 727 727 734 734 734 734 736 736 736 736 735 735 735 735 735 735 735 735 736 736 736 736 737 737 737 737 722 722 722 722 735 735 735 735 738 738 738 738 722 722 722 722 738 738 738 738 719 719 719 719 719 719 719 719 738 738 738 738 723 723 723 723 739 739 739 739 735 735 735 735 737 737 737 737 735 735 735 735 739 739 739 739 738 738 738 738 739 739 739 739 737 737 737 737 740 740 740 740 738 738 738 738 739 739 739 739 740 740 740 740 723 723 723 723 738 738 738 738 740 740 740 740 737 737 737 737 741 741 741 741 740 740 740 740 740 740 740 740 741 741 741 741 742 742 742 742 743 743 743 743 723 723 723 723 740 740 740 740 723 723 723 723 743 743 743 743 711 711 711 711 709 709 709 709 711 711 711 711 743 743 743 743 744 744 744 744 709 709 709 709 743 743 743 743 745 745 745 745 744 744 744 744 743 743 743 743 746 746 746 746 740 740 740 740 742 742 742 742 746 746 746 746 743 743 743 743 740 740 740 740 742 742 742 742 747 747 747 747 746 746 746 746 746 746 746 746 747 747 747 747 748 748 748 748 748 748 748 748 749 749 749 749 746 746 746 746 750 750 750 750 745 745 745 745 743 743 743 743 750 750 750 750 743 743 743 743 746 746 746 746 751 751 751 751 745 745 745 745 750 750 750 750 752 752 752 752 751 751 751 751 750 750 750 750 752 752 752 752 750 750 750 750 753 753 753 753 749 749 749 749 754 754 754 754 746 746 746 746 754 754 754 754 750 750 750 750 746 746 746 746 750 750 750 750 754 754 754 754 753 753 753 753 749 749 749 749 755 755 755 755 754 754 754 754 755 755 755 755 753 753 753 753 754 754 754 754 756 756 756 756 757 757 757 757 758 758 758 758 759 759 759 759 756 756 756 756 758 758 758 758 758 758 758 758 760 760 760 760 759 759 759 759 756 756 756 756 759 759 759 759 761 761 761 761 762 762 762 762 756 756 756 756 761 761 761 761 763 763 763 763 762 762 762 762 761 761 761 761 760 760 760 760 764 764 764 764 759 759 759 759 765 765 765 765 763 763 763 763 761 761 761 761 766 766 766 766 763 763 763 763 765 765 765 765 761 761 761 761 759 759 759 759 767 767 767 767 761 761 761 761 767 767 767 767 765 765 765 765 759 759 759 759 764 764 764 764 767 767 767 767 768 768 768 768 766 766 766 766 765 765 765 765 769 769 769 769 766 766 766 766 768 768 768 768 767 767 767 767 770 770 770 770 765 765 765 765 768 768 768 768 765 765 765 765 770 770 770 770 771 771 771 771 767 767 767 767 764 764 764 764 767 767 767 767 771 771 771 771 770 770 770 770 772 772 772 772 764 764 764 764 760 760 760 760 772 772 772 772 771 771 771 771 764 764 764 764 773 773 773 773 772 772 772 772 760 760 760 760 771 771 771 771 774 774 774 774 770 770 770 770 775 775 775 775 772 772 772 772 773 773 773 773 776 776 776 776 775 775 775 775 773 773 773 773 777 777 777 777 771 771 771 771 772 772 772 772 775 775 775 775 777 777 777 777 772 772 772 772 774 774 774 774 771 771 771 771 777 777 777 777 776 776 776 776 778 778 778 778 775 775 775 775 779 779 779 779 770 770 770 770 774 774 774 774 779 779 779 779 768 768 768 768 770 770 770 770 778 778 778 778 780 780 780 780 775 775 775 775 781 781 781 781 768 768 768 768 779 779 779 779 781 781 781 781 769 769 769 769 768 768 768 768 782 782 782 782 769 769 769 769 781 781 781 781 783 783 783 783 780 780 780 780 778 778 778 778 784 784 784 784 783 783 783 783 778 778 778 778 783 783 783 783 784 784 784 784 785 785 785 785 780 780 780 780 786 786 786 786 775 775 775 775 780 780 780 780 783 783 783 783 786 786 786 786 786 786 786 786 777 777 777 777 775 775 775 775 787 787 787 787 783 783 783 783 785 785 785 785 787 787 787 787 785 785 785 785 788 788 788 788 783 783 783 783 789 789 789 789 786 786 786 786 783 783 783 783 787 787 787 787 789 789 789 789 777 777 777 777 786 786 786 786 790 790 790 790 790 790 790 790 774 774 774 774 777 777 777 777 791 791 791 791 787 787 787 787 788 788 788 788 774 774 774 774 790 790 790 790 792 792 792 792 792 792 792 792 779 779 779 779 774 774 774 774 787 787 787 787 791 791 791 791 793 793 793 793 787 787 787 787 793 793 793 793 789 789 789 789 791 791 791 791 788 788 788 788 794 794 794 794 788 788 788 788 795 795 795 795 794 794 794 794 795 795 795 795 796 796 796 796 797 797 797 797 794 794 794 794 795 795 795 795 797 797 797 797 798 798 798 798 791 791 791 791 794 794 794 794 791 791 791 791 798 798 798 798 793 793 793 793 794 794 794 794 797 797 797 797 799 799 799 799 799 799 799 799 798 798 798 798 794 794 794 794 797 797 797 797 800 800 800 800 799 799 799 799 799 799 799 799 800 800 800 800 801 801 801 801 802 802 802 802 799 799 799 799 801 801 801 801 799 799 799 799 802 802 802 802 798 798 798 798 801 801 801 801 803 803 803 803 802 802 802 802 802 802 802 802 804 804 804 804 798 798 798 798 798 798 798 798 804 804 804 804 793 793 793 793 803 803 803 803 805 805 805 805 802 802 802 802 802 802 802 802 805 805 805 805 804 804 804 804 803 803 803 803 806 806 806 806 805 805 805 805 804 804 804 804 807 807 807 807 793 793 793 793 789 789 789 789 793 793 793 793 807 807 807 807 805 805 805 805 808 808 808 808 804 804 804 804 807 807 807 807 804 804 804 804 808 808 808 808 806 806 806 806 809 809 809 809 805 805 805 805 808 808 808 808 805 805 805 805 809 809 809 809 806 806 806 806 810 810 810 810 809 809 809 809 811 811 811 811 789 789 789 789 807 807 807 807 789 789 789 789 811 811 811 811 786 786 786 786 812 812 812 812 807 807 807 807 808 808 808 808 811 811 811 811 807 807 807 807 812 812 812 812 813 813 813 813 808 808 808 808 809 809 809 809 812 812 812 812 808 808 808 808 813 813 813 813 810 810 810 810 814 814 814 814 809 809 809 809 813 813 813 813 809 809 809 809 814 814 814 814 810 810 810 810 815 815 815 815 814 814 814 814 816 816 816 816 812 812 812 812 813 813 813 813 815 815 815 815 817 817 817 817 814 814 814 814 812 812 812 812 816 816 816 816 818 818 818 818 818 818 818 818 811 811 811 811 812 812 812 812 819 819 819 819 813 813 813 813 814 814 814 814 819 819 819 819 814 814 814 814 817 817 817 817 813 813 813 813 820 820 820 820 816 816 816 816 819 819 819 819 820 820 820 820 813 813 813 813 816 816 816 816 821 821 821 821 818 818 818 818 821 821 821 821 816 816 816 816 820 820 820 820 811 811 811 811 818 818 818 818 822 822 822 822 811 811 811 811 822 822 822 822 786 786 786 786 786 786 786 786 822 822 822 822 790 790 790 790 818 818 818 818 823 823 823 823 822 822 822 822 818 818 818 818 821 821 821 821 823 823 823 823 790 790 790 790 822 822 822 822 824 824 824 824 822 822 822 822 823 823 823 823 824 824 824 824 790 790 790 790 824 824 824 824 792 792 792 792 821 821 821 821 825 825 825 825 823 823 823 823 826 826 826 826 824 824 824 824 823 823 823 823 825 825 825 825 826 826 826 826 823 823 823 823 827 827 827 827 792 792 792 792 824 824 824 824 826 826 826 826 827 827 827 827 824 824 824 824 827 827 827 827 828 828 828 828 792 792 792 792 828 828 828 828 779 779 779 779 792 792 792 792 828 828 828 828 781 781 781 781 779 779 779 779 829 829 829 829 827 827 827 827 826 826 826 826 827 827 827 827 829 829 829 829 828 828 828 828 830 830 830 830 781 781 781 781 828 828 828 828 830 830 830 830 782 782 782 782 781 781 781 781 782 782 782 782 830 830 830 830 831 831 831 831 832 832 832 832 830 830 830 830 828 828 828 828 828 828 828 828 829 829 829 829 832 832 832 832 830 830 830 830 833 833 833 833 831 831 831 831 833 833 833 833 830 830 830 830 832 832 832 832 834 834 834 834 831 831 831 831 833 833 833 833 834 834 834 834 835 835 835 835 831 831 831 831 834 834 834 834 836 836 836 836 835 835 835 835 837 837 837 837 833 833 833 833 832 832 832 832 834 834 834 834 833 833 833 833 838 838 838 838 838 838 838 838 833 833 833 833 837 837 837 837 834 834 834 834 839 839 839 839 836 836 836 836 839 839 839 839 834 834 834 834 838 838 838 838 832 832 832 832 840 840 840 840 837 837 837 837 829 829 829 829 840 840 840 840 832 832 832 832 838 838 838 838 837 837 837 837 841 841 841 841 841 841 841 841 837 837 837 837 840 840 840 840 838 838 838 838 841 841 841 841 842 842 842 842 838 838 838 838 842 842 842 842 839 839 839 839 841 841 841 841 840 840 840 840 843 843 843 843 841 841 841 841 843 843 843 843 842 842 842 842 829 829 829 829 844 844 844 844 840 840 840 840 843 843 843 843 840 840 840 840 844 844 844 844 845 845 845 845 844 844 844 844 829 829 829 829 845 845 845 845 829 829 829 829 826 826 826 826 826 826 826 826 825 825 825 825 845 845 845 845 845 845 845 845 846 846 846 846 844 844 844 844 825 825 825 825 847 847 847 847 845 845 845 845 847 847 847 847 846 846 846 846 845 845 845 845 847 847 847 847 825 825 825 825 848 848 848 848 848 848 848 848 846 846 846 846 847 847 847 847 825 825 825 825 821 821 821 821 848 848 848 848 848 848 848 848 821 821 821 821 820 820 820 820 846 846 846 846 849 849 849 849 844 844 844 844 844 844 844 844 849 849 849 849 843 843 843 843 850 850 850 850 846 846 846 846 848 848 848 848 848 848 848 848 820 820 820 820 850 850 850 850 846 846 846 846 850 850 850 850 849 849 849 849 850 850 850 850 820 820 820 820 851 851 851 851 820 820 820 820 819 819 819 819 851 851 851 851 849 849 849 849 850 850 850 850 852 852 852 852 851 851 851 851 852 852 852 852 850 850 850 850 851 851 851 851 819 819 819 819 853 853 853 853 853 853 853 853 819 819 819 819 817 817 817 817 853 853 853 853 854 854 854 854 851 851 851 851 854 854 854 854 852 852 852 852 851 851 851 851 855 855 855 855 853 853 853 853 817 817 817 817 853 853 853 853 855 855 855 855 854 854 854 854 817 817 817 817 856 856 856 856 855 855 855 855 815 815 815 815 856 856 856 856 817 817 817 817 857 857 857 857 856 856 856 856 815 815 815 815 857 857 857 857 858 858 858 858 856 856 856 856 854 854 854 854 855 855 855 855 859 859 859 859 854 854 854 854 859 859 859 859 852 852 852 852 856 856 856 856 860 860 860 860 855 855 855 855 856 856 856 856 858 858 858 858 860 860 860 860 855 855 855 855 860 860 860 860 859 859 859 859 858 858 858 858 861 861 861 861 860 860 860 860 861 861 861 861 858 858 858 858 862 862 862 862 859 859 859 859 860 860 860 860 863 863 863 863 860 860 860 860 861 861 861 861 863 863 863 863 852 852 852 852 859 859 859 859 864 864 864 864 863 863 863 863 864 864 864 864 859 859 859 859 865 865 865 865 861 861 861 861 862 862 862 862 866 866 866 866 865 865 865 865 862 862 862 862 866 866 866 866 867 867 867 867 865 865 865 865 861 861 861 861 868 868 868 868 863 863 863 863 868 868 868 868 861 861 861 861 865 865 865 865 869 869 869 869 864 864 864 864 863 863 863 863 869 869 869 869 863 863 863 863 868 868 868 868 870 870 870 870 852 852 852 852 864 864 864 864 869 869 869 869 870 870 870 870 864 864 864 864 849 849 849 849 852 852 852 852 870 870 870 870 849 849 849 849 870 870 870 870 843 843 843 843 871 871 871 871 869 869 869 869 868 868 868 868 843 843 843 843 870 870 870 870 872 872 872 872 842 842 842 842 843 843 843 843 872 872 872 872 873 873 873 873 870 870 870 870 869 869 869 869 873 873 873 873 869 869 869 869 871 871 871 871 872 872 872 872 870 870 870 870 874 874 874 874 874 874 874 874 870 870 870 870 873 873 873 873 842 842 842 842 872 872 872 872 875 875 875 875 875 875 875 875 872 872 872 872 874 874 874 874 839 839 839 839 842 842 842 842 875 875 875 875 874 874 874 874 873 873 873 873 876 876 876 876 839 839 839 839 875 875 875 875 877 877 877 877 839 839 839 839 877 877 877 877 836 836 836 836 877 877 877 877 878 878 878 878 836 836 836 836 875 875 875 875 874 874 874 874 879 879 879 879 875 875 875 875 879 879 879 879 877 877 877 877 874 874 874 874 876 876 876 876 879 879 879 879 880 880 880 880 878 878 878 878 877 877 877 877 879 879 879 879 880 880 880 880 877 877 877 877 881 881 881 881 878 878 878 878 880 880 880 880 881 881 881 881 880 880 880 880 882 882 882 882 879 879 879 879 883 883 883 883 880 880 880 880 882 882 882 882 880 880 880 880 883 883 883 883 876 876 876 876 883 883 883 883 879 879 879 879 882 882 882 882 883 883 883 883 884 884 884 884 882 882 882 882 884 884 884 884 885 885 885 885 884 884 884 884 883 883 883 883 886 886 886 886 885 885 885 885 884 884 884 884 887 887 887 887 884 884 884 884 886 886 886 886 887 887 887 887 885 885 885 885 887 887 887 887 888 888 888 888 885 885 885 885 888 888 888 888 889 889 889 889 890 890 890 890 888 888 888 888 887 887 887 887 886 886 886 886 883 883 883 883 891 891 891 891 891 891 891 891 883 883 883 883 876 876 876 876 892 892 892 892 886 886 886 886 891 891 891 891 892 892 892 892 891 891 891 891 893 893 893 893 876 876 876 876 894 894 894 894 891 891 891 891 873 873 873 873 894 894 894 894 876 876 876 876 894 894 894 894 873 873 873 873 871 871 871 871 891 891 891 891 895 895 895 895 893 893 893 893 891 891 891 891 894 894 894 894 895 895 895 895 893 893 893 893 895 895 895 895 896 896 896 896 895 895 895 895 897 897 897 897 896 896 896 896 894 894 894 894 898 898 898 898 895 895 895 895 895 895 895 895 898 898 898 898 897 897 897 897 871 871 871 871 898 898 898 898 894 894 894 894 898 898 898 898 899 899 899 899 897 897 897 897 900 900 900 900 899 899 899 899 898 898 898 898 871 871 871 871 901 901 901 901 898 898 898 898 901 901 901 901 900 900 900 900 898 898 898 898 868 868 868 868 901 901 901 901 871 871 871 871 868 868 868 868 865 865 865 865 901 901 901 901 867 867 867 867 901 901 901 901 865 865 865 865 902 902 902 902 900 900 900 900 901 901 901 901 867 867 867 867 902 902 902 902 901 901 901 901 902 902 902 902 903 903 903 903 900 900 900 900 867 867 867 867 904 904 904 904 902 902 902 902 904 904 904 904 903 903 903 903 902 902 902 902 905 905 905 905 903 903 903 903 904 904 904 904 905 905 905 905 906 906 906 906 903 903 903 903 907 907 907 907 905 905 905 905 904 904 904 904 908 908 908 908 909 909 909 909 910 910 910 910 908 908 908 908 911 911 911 911 909 909 909 909 912 912 912 912 911 911 911 911 908 908 908 908 909 909 909 909 911 911 911 911 913 913 913 913 913 913 913 913 914 914 914 914 909 909 909 909 915 915 915 915 911 911 911 911 912 912 912 912 915 915 915 915 913 913 913 913 911 911 911 911 916 916 916 916 915 915 915 915 912 912 912 912 917 917 917 917 916 916 916 916 912 912 912 912 913 913 913 913 918 918 918 918 914 914 914 914 918 918 918 918 919 919 919 919 914 914 914 914 920 920 920 920 916 916 916 916 917 917 917 917 921 921 921 921 920 920 920 920 917 917 917 917 921 921 921 921 922 922 922 922 920 920 920 920 922 922 922 922 923 923 923 923 920 920 920 920 922 922 922 922 924 924 924 924 923 923 923 923 920 920 920 920 925 925 925 925 916 916 916 916 925 925 925 925 920 920 920 920 923 923 923 923 916 916 916 916 926 926 926 926 915 915 915 915 925 925 925 925 926 926 926 926 916 916 916 916 926 926 926 926 927 927 927 927 915 915 915 915 915 915 915 915 927 927 927 927 913 913 913 913 925 925 925 925 928 928 928 928 926 926 926 926 913 913 913 913 927 927 927 927 929 929 929 929 929 929 929 929 918 918 918 918 913 913 913 913 926 926 926 926 930 930 930 930 927 927 927 927 928 928 928 928 930 930 930 930 926 926 926 926 929 929 929 929 927 927 927 927 931 931 931 931 930 930 930 930 932 932 932 932 927 927 927 927 931 931 931 931 927 927 927 927 932 932 932 932 933 933 933 933 918 918 918 918 929 929 929 929 929 929 929 929 931 931 931 931 933 933 933 933 930 930 930 930 934 934 934 934 932 932 932 932 932 932 932 932 935 935 935 935 931 931 931 931 934 934 934 934 935 935 935 935 932 932 932 932 936 936 936 936 934 934 934 934 930 930 930 930 928 928 928 928 936 936 936 936 930 930 930 930 937 937 937 937 935 935 935 935 934 934 934 934 938 938 938 938 934 934 934 934 936 936 936 936 938 938 938 938 937 937 937 937 934 934 934 934 936 936 936 936 928 928 928 928 939 939 939 939 940 940 940 940 938 938 938 938 936 936 936 936 936 936 936 936 939 939 939 939 940 940 940 940 937 937 937 937 938 938 938 938 941 941 941 941 928 928 928 928 942 942 942 942 939 939 939 939 928 928 928 928 925 925 925 925 942 942 942 942 943 943 943 943 935 935 935 935 937 937 937 937 941 941 941 941 943 943 943 943 937 937 937 937 944 944 944 944 935 935 935 935 943 943 943 943 931 931 931 931 935 935 935 935 944 944 944 944 925 925 925 925 945 945 945 945 942 942 942 942 945 945 945 945 925 925 925 925 923 923 923 923 944 944 944 944 946 946 946 946 931 931 931 931 944 944 944 944 943 943 943 943 946 946 946 946 945 945 945 945 923 923 923 923 947 947 947 947 924 924 924 924 947 947 947 947 923 923 923 923 948 948 948 948 945 945 945 945 947 947 947 947 949 949 949 949 947 947 947 947 924 924 924 924 947 947 947 947 949 949 949 949 948 948 948 948 950 950 950 950 949 949 949 949 924 924 924 924 949 949 949 949 950 950 950 950 951 951 951 951 952 952 952 952 949 949 949 949 951 951 951 951 949 949 949 949 952 952 952 952 953 953 953 953 954 954 954 954 949 949 949 949 953 953 953 953 949 949 949 949 954 954 954 954 948 948 948 948 953 953 953 953 955 955 955 955 954 954 954 954 945 945 945 945 948 948 948 948 956 956 956 956 948 948 948 948 954 954 954 954 956 956 956 956 942 942 942 942 945 945 945 945 956 956 956 956 955 955 955 955 957 957 957 957 954 954 954 954 954 954 954 954 957 957 957 957 956 956 956 956 955 955 955 955 958 958 958 958 957 957 957 957 942 942 942 942 956 956 956 956 959 959 959 959 956 956 956 956 957 957 957 957 959 959 959 959 939 939 939 939 942 942 942 942 959 959 959 959 958 958 958 958 960 960 960 960 957 957 957 957 957 957 957 957 960 960 960 960 959 959 959 959 960 960 960 960 958 958 958 958 961 961 961 961 959 959 959 959 960 960 960 960 961 961 961 961 958 958 958 958 962 962 962 962 961 961 961 961 963 963 963 963 939 939 939 939 959 959 959 959 939 939 939 939 963 963 963 963 940 940 940 940 964 964 964 964 959 959 959 959 961 961 961 961 964 964 964 964 963 963 963 963 959 959 959 959 961 961 961 961 962 962 962 962 965 965 965 965 964 964 964 964 961 961 961 961 965 965 965 965 962 962 962 962 966 966 966 966 965 965 965 965 967 967 967 967 963 963 963 963 964 964 964 964 965 965 965 965 966 966 966 966 968 968 968 968 966 966 966 966 969 969 969 969 968 968 968 968 969 969 969 969 970 970 970 970 968 968 968 968 970 970 970 970 971 971 971 971 968 968 968 968 971 971 971 971 972 972 972 972 968 968 968 968 973 973 973 973 964 964 964 964 965 965 965 965 965 965 965 965 968 968 968 968 973 973 973 973 973 973 973 973 967 967 967 967 964 964 964 964 968 968 968 968 974 974 974 974 973 973 973 973 973 973 973 973 974 974 974 974 967 967 967 967 972 972 972 972 974 974 974 974 968 968 968 968 975 975 975 975 974 974 974 974 972 972 972 972 974 974 974 974 975 975 975 975 967 967 967 967 976 976 976 976 975 975 975 975 972 972 972 972 975 975 975 975 976 976 976 976 977 977 977 977 967 967 967 967 975 975 975 975 978 978 978 978 967 967 967 967 978 978 978 978 963 963 963 963 978 978 978 978 940 940 940 940 963 963 963 963 979 979 979 979 975 975 975 975 977 977 977 977 975 975 975 975 979 979 979 979 978 978 978 978 979 979 979 979 977 977 977 977 980 980 980 980 978 978 978 978 981 981 981 981 940 940 940 940 981 981 981 981 938 938 938 938 940 940 940 940 978 978 978 978 979 979 979 979 982 982 982 982 982 982 982 982 979 979 979 979 980 980 980 980 981 981 981 981 978 978 978 978 982 982 982 982 980 980 980 980 983 983 983 983 982 982 982 982 938 938 938 938 981 981 981 981 941 941 941 941 981 981 981 981 982 982 982 982 984 984 984 984 983 983 983 983 984 984 984 984 982 982 982 982 941 941 941 941 981 981 981 981 984 984 984 984 984 984 984 984 983 983 983 983 985 985 985 985 985 985 985 985 983 983 983 983 986 986 986 986 987 987 987 987 941 941 941 941 984 984 984 984 984 984 984 984 985 985 985 985 987 987 987 987 986 986 986 986 988 988 988 988 985 985 985 985 986 986 986 986 989 989 989 989 988 988 988 988 988 988 988 988 987 987 987 987 985 985 985 985 987 987 987 987 988 988 988 988 990 990 990 990 991 991 991 991 941 941 941 941 987 987 987 987 991 991 991 991 943 943 943 943 941 941 941 941 987 987 987 987 990 990 990 990 992 992 992 992 987 987 987 987 992 992 992 992 991 991 991 991 992 992 992 992 990 990 990 990 993 993 993 993 994 994 994 994 943 943 943 943 991 991 991 991 991 991 991 991 992 992 992 992 994 994 994 994 995 995 995 995 943 943 943 943 994 994 994 994 946 946 946 946 943 943 943 943 995 995 995 995 992 992 992 992 996 996 996 996 994 994 994 994 995 995 995 995 994 994 994 994 997 997 997 997 997 997 997 997 994 994 994 994 996 996 996 996 997 997 997 997 946 946 946 946 995 995 995 995 992 992 992 992 993 993 993 993 998 998 998 998 998 998 998 998 996 996 996 996 992 992 992 992 993 993 993 993 999 999 999 999 998 998 998 998 998 998 998 998 1000 1000 1000 1000 996 996 996 996 996 996 996 996 1000 1000 1000 1000 997 997 997 997 998 998 998 998 999 999 999 999 1001 1001 1001 1001 1001 1001 1001 1001 1000 1000 1000 1000 998 998 998 998 1001 1001 1001 1001 999 999 999 999 1002 1002 1002 1002 1000 1000 1000 1000 1003 1003 1003 1003 997 997 997 997 1000 1000 1000 1000 1001 1001 1001 1001 1004 1004 1004 1004 1003 1003 1003 1003 1000 1000 1000 1000 1004 1004 1004 1004 1001 1001 1001 1001 1005 1005 1005 1005 1004 1004 1004 1004 1006 1006 1006 1006 997 997 997 997 1003 1003 1003 1003 1006 1006 1006 1006 946 946 946 946 997 997 997 997 1007 1007 1007 1007 1006 1006 1006 1006 1003 1003 1003 1003 1007 1007 1007 1007 1008 1008 1008 1008 1006 1006 1006 1006 1005 1005 1005 1005 1001 1001 1001 1001 1009 1009 1009 1009 1001 1001 1001 1001 1002 1002 1002 1002 1009 1009 1009 1009 1005 1005 1005 1005 1009 1009 1009 1009 1010 1010 1010 1010 1009 1009 1009 1009 1002 1002 1002 1002 1011 1011 1011 1011 1012 1012 1012 1012 1010 1010 1010 1010 1009 1009 1009 1009 1013 1013 1013 1013 1009 1009 1009 1009 1011 1011 1011 1011 1012 1012 1012 1012 1009 1009 1009 1009 1013 1013 1013 1013 1008 1008 1008 1008 1014 1014 1014 1014 1006 1006 1006 1006 1006 1006 1006 1006 1014 1014 1014 1014 946 946 946 946 1008 1008 1008 1008 1015 1015 1015 1015 1014 1014 1014 1014 1008 1008 1008 1008 1016 1016 1016 1016 1015 1015 1015 1015 946 946 946 946 1014 1014 1014 1014 1017 1017 1017 1017 931 931 931 931 946 946 946 946 1017 1017 1017 1017 933 933 933 933 931 931 931 931 1017 1017 1017 1017 1017 1017 1017 1017 1014 1014 1014 1014 933 933 933 933 933 933 933 933 1014 1014 1014 1014 1018 1018 1018 1018 1015 1015 1015 1015 1018 1018 1018 1018 1014 1014 1014 1014 1018 1018 1018 1018 918 918 918 918 933 933 933 933 1019 1019 1019 1019 918 918 918 918 1018 1018 1018 1018 1019 1019 1019 1019 1018 1018 1018 1018 1015 1015 1015 1015 918 918 918 918 1019 1019 1019 1019 919 919 919 919 919 919 919 919 1019 1019 1019 1019 1020 1020 1020 1020 1021 1021 1021 1021 1019 1019 1019 1019 1015 1015 1015 1015 1019 1019 1019 1019 1021 1021 1021 1021 1020 1020 1020 1020 1015 1015 1015 1015 1016 1016 1016 1016 1021 1021 1021 1021 1021 1021 1021 1021 1022 1022 1022 1022 1020 1020 1020 1020 1016 1016 1016 1016 1023 1023 1023 1023 1021 1021 1021 1021 1021 1021 1021 1021 1024 1024 1024 1024 1022 1022 1022 1022 1023 1023 1023 1023 1024 1024 1024 1024 1021 1021 1021 1021 1024 1024 1024 1024 1025 1025 1025 1025 1022 1022 1022 1022 1023 1023 1023 1023 1026 1026 1026 1026 1024 1024 1024 1024 1024 1024 1024 1024 1027 1027 1027 1027 1025 1025 1025 1025 1028 1028 1028 1028 1024 1024 1024 1024 1026 1026 1026 1026 1027 1027 1027 1027 1024 1024 1024 1024 1028 1028 1028 1028 1029 1029 1029 1029 1030 1030 1030 1030 1031 1031 1031 1031 1030 1030 1030 1030 1032 1032 1032 1032 1031 1031 1031 1031 1032 1032 1032 1032 1030 1030 1030 1030 1033 1033 1033 1033 1034 1034 1034 1034 1035 1035 1035 1035 1031 1031 1031 1031 1032 1032 1032 1032 1034 1034 1034 1034 1031 1031 1031 1031 1036 1036 1036 1036 1032 1032 1032 1032 1033 1033 1033 1033 1034 1034 1034 1034 1032 1032 1032 1032 1036 1036 1036 1036 1033 1033 1033 1033 1037 1037 1037 1037 1036 1036 1036 1036 1038 1038 1038 1038 1034 1034 1034 1034 1036 1036 1036 1036 1037 1037 1037 1037 1039 1039 1039 1039 1036 1036 1036 1036 1036 1036 1036 1036 1039 1039 1039 1039 1038 1038 1038 1038 1039 1039 1039 1039 1037 1037 1037 1037 1040 1040 1040 1040 1038 1038 1038 1038 1039 1039 1039 1039 1041 1041 1041 1041 1041 1041 1041 1041 1039 1039 1039 1039 1040 1040 1040 1040 1042 1042 1042 1042 1038 1038 1038 1038 1041 1041 1041 1041 1040 1040 1040 1040 1043 1043 1043 1043 1041 1041 1041 1041 1043 1043 1043 1043 1044 1044 1044 1044 1041 1041 1041 1041 1041 1041 1041 1041 1044 1044 1044 1044 1042 1042 1042 1042 1044 1044 1044 1044 1043 1043 1043 1043 1045 1045 1045 1045 1042 1042 1042 1042 1044 1044 1044 1044 1046 1046 1046 1046 1046 1046 1046 1046 1044 1044 1044 1044 1045 1045 1045 1045 1047 1047 1047 1047 1042 1042 1042 1042 1046 1046 1046 1046 1045 1045 1045 1045 1048 1048 1048 1048 1046 1046 1046 1046 1046 1046 1046 1046 1049 1049 1049 1049 1047 1047 1047 1047 1048 1048 1048 1048 1049 1049 1049 1049 1046 1046 1046 1046 1049 1049 1049 1049 1050 1050 1050 1050 1047 1047 1047 1047 1051 1051 1051 1051 1050 1050 1050 1050 1049 1049 1049 1049 1052 1052 1052 1052 1049 1049 1049 1049 1048 1048 1048 1048 1052 1052 1052 1052 1051 1051 1051 1051 1049 1049 1049 1049 1053 1053 1053 1053 1052 1052 1052 1052 1048 1048 1048 1048 1051 1051 1051 1051 1052 1052 1052 1052 1054 1054 1054 1054 1052 1052 1052 1052 1053 1053 1053 1053 1055 1055 1055 1055 1052 1052 1052 1052 1055 1055 1055 1055 1054 1054 1054 1054 1053 1053 1053 1053 1056 1056 1056 1056 1055 1055 1055 1055 1057 1057 1057 1057 1054 1054 1054 1054 1055 1055 1055 1055 1055 1055 1055 1055 1056 1056 1056 1056 1057 1057 1057 1057 1054 1054 1054 1054 1057 1057 1057 1057 1058 1058 1058 1058 1056 1056 1056 1056 1059 1059 1059 1059 1057 1057 1057 1057 1060 1060 1060 1060 1057 1057 1057 1057 1059 1059 1059 1059 1058 1058 1058 1058 1057 1057 1057 1057 1060 1060 1060 1060 1061 1061 1061 1061 1060 1060 1060 1060 1059 1059 1059 1059 1062 1062 1062 1062 1058 1058 1058 1058 1060 1060 1060 1060 1060 1060 1060 1060 1061 1061 1061 1061 1062 1062 1062 1062 1058 1058 1058 1058 1062 1062 1062 1062 1063 1063 1063 1063 1061 1061 1061 1061 1064 1064 1064 1064 1062 1062 1062 1062 1065 1065 1065 1065 1062 1062 1062 1062 1064 1064 1064 1064 1063 1063 1063 1063 1062 1062 1062 1062 1065 1065 1065 1065 1066 1066 1066 1066 1065 1065 1065 1065 1064 1064 1064 1064 1063 1063 1063 1063 1065 1065 1065 1065 1067 1067 1067 1067 1067 1067 1067 1067 1065 1065 1065 1065 1066 1066 1066 1066 1068 1068 1068 1068 1063 1063 1063 1063 1067 1067 1067 1067 1069 1069 1069 1069 1067 1067 1067 1067 1066 1066 1066 1066 1067 1067 1067 1067 1070 1070 1070 1070 1068 1068 1068 1068 1067 1067 1067 1067 1069 1069 1069 1069 1070 1070 1070 1070 1070 1070 1070 1070 1071 1071 1071 1071 1068 1068 1068 1068 1069 1069 1069 1069 1072 1072 1072 1072 1070 1070 1070 1070 1073 1073 1073 1073 1071 1071 1071 1071 1070 1070 1070 1070 1070 1070 1070 1070 1072 1072 1072 1072 1073 1073 1073 1073 1074 1074 1074 1074 1071 1071 1071 1071 1073 1073 1073 1073 1072 1072 1072 1072 1075 1075 1075 1075 1073 1073 1073 1073 1074 1074 1074 1074 1073 1073 1073 1073 1076 1076 1076 1076 1073 1073 1073 1073 1075 1075 1075 1075 1076 1076 1076 1076 1077 1077 1077 1077 1074 1074 1074 1074 1076 1076 1076 1076 1075 1075 1075 1075 1078 1078 1078 1078 1076 1076 1076 1076 1077 1077 1077 1077 1076 1076 1076 1076 1079 1079 1079 1079 1076 1076 1076 1076 1078 1078 1078 1078 1080 1080 1080 1080 1076 1076 1076 1076 1080 1080 1080 1080 1079 1079 1079 1079 1078 1078 1078 1078 1081 1081 1081 1081 1080 1080 1080 1080 1079 1079 1079 1079 1080 1080 1080 1080 1082 1082 1082 1082 1083 1083 1083 1083 1080 1080 1080 1080 1081 1081 1081 1081 1080 1080 1080 1080 1083 1083 1083 1083 1082 1082 1082 1082 1084 1084 1084 1084 1083 1083 1083 1083 1081 1081 1081 1081 1084 1084 1084 1084 1085 1085 1085 1085 1083 1083 1083 1083 1083 1083 1083 1083 1086 1086 1086 1086 1082 1082 1082 1082 1085 1085 1085 1085 1086 1086 1086 1086 1083 1083 1083 1083 1086 1086 1086 1086 1087 1087 1087 1087 1082 1082 1082 1082 1085 1085 1085 1085 1088 1088 1088 1088 1086 1086 1086 1086 1086 1086 1086 1086 1089 1089 1089 1089 1087 1087 1087 1087 1088 1088 1088 1088 1089 1089 1089 1089 1086 1086 1086 1086 1089 1089 1089 1089 1090 1090 1090 1090 1087 1087 1087 1087 1088 1088 1088 1088 1091 1091 1091 1091 1089 1089 1089 1089 1090 1090 1090 1090 1089 1089 1089 1089 1092 1092 1092 1092 1091 1091 1091 1091 1093 1093 1093 1093 1089 1089 1089 1089 1089 1089 1089 1089 1093 1093 1093 1093 1092 1092 1092 1092 1091 1091 1091 1091 1094 1094 1094 1094 1093 1093 1093 1093 1092 1092 1092 1092 1093 1093 1093 1093 1095 1095 1095 1095 1094 1094 1094 1094 1096 1096 1096 1096 1093 1093 1093 1093 1093 1093 1093 1093 1096 1096 1096 1096 1095 1095 1095 1095 1094 1094 1094 1094 1097 1097 1097 1097 1096 1096 1096 1096 1098 1098 1098 1098 1095 1095 1095 1095 1096 1096 1096 1096 1097 1097 1097 1097 1099 1099 1099 1099 1096 1096 1096 1096 1099 1099 1099 1099 1098 1098 1098 1098 1096 1096 1096 1096 1100 1100 1100 1100 1101 1101 1101 1101 1102 1102 1102 1102 1103 1103 1103 1103 1100 1100 1100 1100 1102 1102 1102 1102 1104 1104 1104 1104 1100 1100 1100 1100 1103 1103 1103 1103 1105 1105 1105 1105 1103 1103 1103 1103 1102 1102 1102 1102 1106 1106 1106 1106 1105 1105 1105 1105 1102 1102 1102 1102 1105 1105 1105 1105 1107 1107 1107 1107 1103 1103 1103 1103 1105 1105 1105 1105 1106 1106 1106 1106 1108 1108 1108 1108 1106 1106 1106 1106 1109 1109 1109 1109 1108 1108 1108 1108 1109 1109 1109 1109 1110 1110 1110 1110 1108 1108 1108 1108 1110 1110 1110 1110 1111 1111 1111 1111 1108 1108 1108 1108 1111 1111 1111 1111 1110 1110 1110 1110 1112 1112 1112 1112 1107 1107 1107 1107 1113 1113 1113 1113 1103 1103 1103 1103 1113 1113 1113 1113 1104 1104 1104 1104 1103 1103 1103 1103 1107 1107 1107 1107 1114 1114 1114 1114 1113 1113 1113 1113 1113 1113 1113 1113 1115 1115 1115 1115 1104 1104 1104 1104 1114 1114 1114 1114 1115 1115 1115 1115 1113 1113 1113 1113 1115 1115 1115 1115 1116 1116 1116 1116 1104 1104 1104 1104 1117 1117 1117 1117 1116 1116 1116 1116 1115 1115 1115 1115 1118 1118 1118 1118 1115 1115 1115 1115 1114 1114 1114 1114 1118 1118 1118 1118 1117 1117 1117 1117 1115 1115 1115 1115 1119 1119 1119 1119 1118 1118 1118 1118 1114 1114 1114 1114 1119 1119 1119 1119 1120 1120 1120 1120 1118 1118 1118 1118 1118 1118 1118 1118 1121 1121 1121 1121 1117 1117 1117 1117 1120 1120 1120 1120 1121 1121 1121 1121 1118 1118 1118 1118 1121 1121 1121 1121 1122 1122 1122 1122 1117 1117 1117 1117 1123 1123 1123 1123 1122 1122 1122 1122 1121 1121 1121 1121 1124 1124 1124 1124 1121 1121 1121 1121 1120 1120 1120 1120 1124 1124 1124 1124 1123 1123 1123 1123 1121 1121 1121 1121 1125 1125 1125 1125 1124 1124 1124 1124 1120 1120 1120 1120 1125 1125 1125 1125 1126 1126 1126 1126 1124 1124 1124 1124 1124 1124 1124 1124 1127 1127 1127 1127 1123 1123 1123 1123 1126 1126 1126 1126 1127 1127 1127 1127 1124 1124 1124 1124 1127 1127 1127 1127 1128 1128 1128 1128 1123 1123 1123 1123 1128 1128 1128 1128 1127 1127 1127 1127 1129 1129 1129 1129 1127 1127 1127 1127 1126 1126 1126 1126 1130 1130 1130 1130 1127 1127 1127 1127 1130 1130 1130 1130 1129 1129 1129 1129 1126 1126 1126 1126 1131 1131 1131 1131 1130 1130 1130 1130 1130 1130 1130 1130 1132 1132 1132 1132 1129 1129 1129 1129 1132 1132 1132 1132 1130 1130 1130 1130 1131 1131 1131 1131 1111 1111 1111 1111 1132 1132 1132 1132 1131 1131 1131 1131 1132 1132 1132 1132 1133 1133 1133 1133 1129 1129 1129 1129 1112 1112 1112 1112 1132 1132 1132 1132 1111 1111 1111 1111 1132 1132 1132 1132 1112 1112 1112 1112 1133 1133 1133 1133 1112 1112 1112 1112 1134 1134 1134 1134 1133 1133 1133 1133 1135 1135 1135 1135 1136 1136 1136 1136 1137 1137 1137 1137 1138 1138 1138 1138 1135 1135 1135 1135 1137 1137 1137 1137 1138 1138 1138 1138 1137 1137 1137 1137 1139 1139 1139 1139 1140 1140 1140 1140 1135 1135 1135 1135 1138 1138 1138 1138 1140 1140 1140 1140 1141 1141 1141 1141 1135 1135 1135 1135 1142 1142 1142 1142 1140 1140 1140 1140 1138 1138 1138 1138 1141 1141 1141 1141 1140 1140 1140 1140 1143 1143 1143 1143 1144 1144 1144 1144 1141 1141 1141 1141 1143 1143 1143 1143 1145 1145 1145 1145 1144 1144 1144 1144 1143 1143 1143 1143 1146 1146 1146 1146 1145 1145 1145 1145 1143 1143 1143 1143 1147 1147 1147 1147 1145 1145 1145 1145 1146 1146 1146 1146 1148 1148 1148 1148 1142 1142 1142 1142 1138 1138 1138 1138 1148 1148 1148 1148 1138 1138 1138 1138 1139 1139 1139 1139 1149 1149 1149 1149 1142 1142 1142 1142 1148 1148 1148 1148 1150 1150 1150 1150 1148 1148 1148 1148 1139 1139 1139 1139 1150 1150 1150 1150 1149 1149 1149 1149 1148 1148 1148 1148 1151 1151 1151 1151 1150 1150 1150 1150 1139 1139 1139 1139 1151 1151 1151 1151 1152 1152 1152 1152 1150 1150 1150 1150 1150 1150 1150 1150 1153 1153 1153 1153 1149 1149 1149 1149 1152 1152 1152 1152 1153 1153 1153 1153 1150 1150 1150 1150 1153 1153 1153 1153 1154 1154 1154 1154 1149 1149 1149 1149 1155 1155 1155 1155 1154 1154 1154 1154 1153 1153 1153 1153 1156 1156 1156 1156 1153 1153 1153 1153 1152 1152 1152 1152 1156 1156 1156 1156 1155 1155 1155 1155 1153 1153 1153 1153 1157 1157 1157 1157 1156 1156 1156 1156 1152 1152 1152 1152 1157 1157 1157 1157 1158 1158 1158 1158 1156 1156 1156 1156 1156 1156 1156 1156 1159 1159 1159 1159 1155 1155 1155 1155 1158 1158 1158 1158 1159 1159 1159 1159 1156 1156 1156 1156 1159 1159 1159 1159 1160 1160 1160 1160 1155 1155 1155 1155 1161 1161 1161 1161 1160 1160 1160 1160 1159 1159 1159 1159 1162 1162 1162 1162 1159 1159 1159 1159 1158 1158 1158 1158 1162 1162 1162 1162 1161 1161 1161 1161 1159 1159 1159 1159 1163 1163 1163 1163 1162 1162 1162 1162 1158 1158 1158 1158 1163 1163 1163 1163 1164 1164 1164 1164 1162 1162 1162 1162 1161 1161 1161 1161 1162 1162 1162 1162 1165 1165 1165 1165 1164 1164 1164 1164 1165 1165 1165 1165 1162 1162 1162 1162 1166 1166 1166 1166 1161 1161 1161 1161 1165 1165 1165 1165 1167 1167 1167 1167 1165 1165 1165 1165 1164 1164 1164 1164 1166 1166 1166 1166 1165 1165 1165 1165 1167 1167 1167 1167 1146 1146 1146 1146 1166 1166 1166 1166 1167 1167 1167 1167 1168 1168 1168 1168 1167 1167 1167 1167 1164 1164 1164 1164 1147 1147 1147 1147 1146 1146 1146 1146 1167 1167 1167 1167 1167 1167 1167 1167 1168 1168 1168 1168 1147 1147 1147 1147 1168 1168 1168 1168 1169 1169 1169 1169 1147 1147 1147 1147 1170 1170 1170 1170 1171 1171 1171 1171 1172 1172 1172 1172 1170 1170 1170 1170 1172 1172 1172 1172 1173 1173 1173 1173 1171 1171 1171 1171 1170 1170 1170 1170 1174 1174 1174 1174 1173 1173 1173 1173 1174 1174 1174 1174 1170 1170 1170 1170 1175 1175 1175 1175 1176 1176 1176 1176 1177 1177 1177 1177 1175 1175 1175 1175 1177 1177 1177 1177 1178 1178 1178 1178 1176 1176 1176 1176 1175 1175 1175 1175 1179 1179 1179 1179 1178 1178 1178 1178 1179 1179 1179 1179 1175 1175 1175 1175 1180 1180 1180 1180 1181 1181 1181 1181 1182 1182 1182 1182 1180 1180 1180 1180 1182 1182 1182 1182 1183 1183 1183 1183 1181 1181 1181 1181 1180 1180 1180 1180 1184 1184 1184 1184 1183 1183 1183 1183 1184 1184 1184 1184 1180 1180 1180 1180 1185 1185 1185 1185 1186 1186 1186 1186 1187 1187 1187 1187 1185 1185 1185 1185 1187 1187 1187 1187 1188 1188 1188 1188 1186 1186 1186 1186 1185 1185 1185 1185 1189 1189 1189 1189 1188 1188 1188 1188 1189 1189 1189 1189 1185 1185 1185 1185 1190 1190 1190 1190 1191 1191 1191 1191 1192 1192 1192 1192 1190 1190 1190 1190 1192 1192 1192 1192 1193 1193 1193 1193 1191 1191 1191 1191 1190 1190 1190 1190 1194 1194 1194 1194 1193 1193 1193 1193 1194 1194 1194 1194 1190 1190 1190 1190 1195 1195 1195 1195 1196 1196 1196 1196 1197 1197 1197 1197 1195 1195 1195 1195 1197 1197 1197 1197 1198 1198 1198 1198 1196 1196 1196 1196 1195 1195 1195 1195 1199 1199 1199 1199 1198 1198 1198 1198 1199 1199 1199 1199 1195 1195 1195 1195 1200 1200 1200 1200 1201 1201 1201 1201 1202 1202 1202 1202 1200 1200 1200 1200 1202 1202 1202 1202 1203 1203 1203 1203 1201 1201 1201 1201 1200 1200 1200 1200 1204 1204 1204 1204 1203 1203 1203 1203 1204 1204 1204 1204 1200 1200 1200 1200 1205 1205 1205 1205 1206 1206 1206 1206 1207 1207 1207 1207 1205 1205 1205 1205 1207 1207 1207 1207 1208 1208 1208 1208 1206 1206 1206 1206 1205 1205 1205 1205 1209 1209 1209 1209 1208 1208 1208 1208 1209 1209 1209 1209 1205 1205 1205 1205 1210 1210 1210 1210 1211 1211 1211 1211 1212 1212 1212 1212 1210 1210 1210 1210 1212 1212 1212 1212 1213 1213 1213 1213 1211 1211 1211 1211 1210 1210 1210 1210 1214 1214 1214 1214 1213 1213 1213 1213 1214 1214 1214 1214 1210 1210 1210 1210 1215 1215 1215 1215 1216 1216 1216 1216 1217 1217 1217 1217 1216 1216 1216 1216 1218 1218 1218 1218 1217 1217 1217 1217 1219 1219 1219 1219 1215 1215 1215 1215 1217 1217 1217 1217 1218 1218 1218 1218 1220 1220 1220 1220 1217 1217 1217 1217 1219 1219 1219 1219 1217 1217 1217 1217 1221 1221 1221 1221 1217 1217 1217 1217 1220 1220 1220 1220 1221 1221 1221 1221 1222 1222 1222 1222 1219 1219 1219 1219 1221 1221 1221 1221 1220 1220 1220 1220 1223 1223 1223 1223 1221 1221 1221 1221 1221 1221 1221 1221 1224 1224 1224 1224 1222 1222 1222 1222 1224 1224 1224 1224 1221 1221 1221 1221 1223 1223 1223 1223 1224 1224 1224 1224 1225 1225 1225 1225 1222 1222 1222 1222 1226 1226 1226 1226 1224 1224 1224 1224 1223 1223 1223 1223 1227 1227 1227 1227 1225 1225 1225 1225 1224 1224 1224 1224 1226 1226 1226 1226 1228 1228 1228 1228 1224 1224 1224 1224 1229 1229 1229 1229 1227 1227 1227 1227 1224 1224 1224 1224 1228 1228 1228 1228 1229 1229 1229 1229 1224 1224 1224 1224 1230 1230 1230 1230 1231 1231 1231 1231 1232 1232 1232 1232 1233 1233 1233 1233 1230 1230 1230 1230 1232 1232 1232 1232 1231 1231 1231 1231 1234 1234 1234 1234 1232 1232 1232 1232 1235 1235 1235 1235 1233 1233 1233 1233 1232 1232 1232 1232 1234 1234 1234 1234 1236 1236 1236 1236 1232 1232 1232 1232 1236 1236 1236 1236 1235 1235 1235 1235 1232 1232 1232 1232 1237 1237 1237 1237 1238 1238 1238 1238 1239 1239 1239 1239 1240 1240 1240 1240 1237 1237 1237 1237 1239 1239 1239 1239 1238 1238 1238 1238 1241 1241 1241 1241 1239 1239 1239 1239 1242 1242 1242 1242 1240 1240 1240 1240 1239 1239 1239 1239 1241 1241 1241 1241 1243 1243 1243 1243 1239 1239 1239 1239 1243 1243 1243 1243 1242 1242 1242 1242 1239 1239 1239 1239 1244 1244 1244 1244 1245 1245 1245 1245 1246 1246 1246 1246 1247 1247 1247 1247 1245 1245 1245 1245 1244 1244 1244 1244 1248 1248 1248 1248 1244 1244 1244 1244 1246 1246 1246 1246 1249 1249 1249 1249 1247 1247 1247 1247 1244 1244 1244 1244 1246 1246 1246 1246 1250 1250 1250 1250 1248 1248 1248 1248 1247 1247 1247 1247 1249 1249 1249 1249 1251 1251 1251 1251 1250 1250 1250 1250 1252 1252 1252 1252 1248 1248 1248 1248 1253 1253 1253 1253 1247 1247 1247 1247 1251 1251 1251 1251 1252 1252 1252 1252 1250 1250 1250 1250 1254 1254 1254 1254 1253 1253 1253 1253 1251 1251 1251 1251 1255 1255 1255 1255 1250 1250 1250 1250 1256 1256 1256 1256 1254 1254 1254 1254 1257 1257 1257 1257 1253 1253 1253 1253 1255 1255 1255 1255 1256 1256 1256 1256 1258 1258 1258 1258 1254 1254 1254 1254 1259 1259 1259 1259 1257 1257 1257 1257 1255 1255 1255 1255 1258 1258 1258 1258 1260 1260 1260 1260 1254 1254 1254 1254 1261 1261 1261 1261 1259 1259 1259 1259 1255 1255 1255 1255 1258 1258 1258 1258 1262 1262 1262 1262 1260 1260 1260 1260 1259 1259 1259 1259 1261 1261 1261 1261 1263 1263 1263 1263 1262 1262 1262 1262 1264 1264 1264 1264 1260 1260 1260 1260 1265 1265 1265 1265 1259 1259 1259 1259 1263 1263 1263 1263 1264 1264 1264 1264 1262 1262 1262 1262 1266 1266 1266 1266 1265 1265 1265 1265 1263 1263 1263 1263 1266 1266 1266 1266 1262 1262 1262 1262 1267 1267 1267 1267 1266 1266 1266 1266 1267 1267 1267 1267 1265 1265 1265 1265 1266 1266 1266 1266 1268 1268 1268 1268 1269 1269 1269 1269 1270 1270 1270 1270 1268 1268 1268 1268 1271 1271 1271 1271 1269 1269 1269 1269 1269 1269 1269 1269 1272 1272 1272 1272 1270 1270 1270 1270 1271 1271 1271 1271 1273 1273 1273 1273 1269 1269 1269 1269 1270 1270 1270 1270 1272 1272 1272 1272 1274 1274 1274 1274 1275 1275 1275 1275 1273 1273 1273 1273 1271 1271 1271 1271 1272 1272 1272 1272 1276 1276 1276 1276 1274 1274 1274 1274 1277 1277 1277 1277 1275 1275 1275 1275 1271 1271 1271 1271 1274 1274 1274 1274 1276 1276 1276 1276 1278 1278 1278 1278 1279 1279 1279 1279 1275 1275 1275 1275 1277 1277 1277 1277 1280 1280 1280 1280 1274 1274 1274 1274 1278 1278 1278 1278 1281 1281 1281 1281 1279 1279 1279 1279 1277 1277 1277 1277 1280 1280 1280 1280 1278 1278 1278 1278 1282 1282 1282 1282 1281 1281 1281 1281 1283 1283 1283 1283 1279 1279 1279 1279 1278 1278 1278 1278 1284 1284 1284 1284 1282 1282 1282 1282 1283 1283 1283 1283 1285 1285 1285 1285 1279 1279 1279 1279 1282 1282 1282 1282 1284 1284 1284 1284 1286 1286 1286 1286 1287 1287 1287 1287 1285 1285 1285 1285 1283 1283 1283 1283 1284 1284 1284 1284 1288 1288 1288 1288 1286 1286 1286 1286 1289 1289 1289 1289 1287 1287 1287 1287 1283 1283 1283 1283 1286 1286 1286 1286 1288 1288 1288 1288 1290 1290 1290 1290 1287 1287 1287 1287 1289 1289 1289 1289 1290 1290 1290 1290 1291 1291 1291 1291 1286 1286 1286 1286 1290 1290 1290 1290 1289 1289 1289 1289 1291 1291 1291 1291 1290 1290 1290 1290 1292 1292 1292 1292 1293 1293 1293 1293 1294 1294 1294 1294 1292 1292 1292 1292 1295 1295 1295 1295 1293 1293 1293 1293 1296 1296 1296 1296 1294 1294 1294 1294 1293 1293 1293 1293 1295 1295 1295 1295 1297 1297 1297 1297 1293 1293 1293 1293 1298 1298 1298 1298 1296 1296 1296 1296 1293 1293 1293 1293 1297 1297 1297 1297 1299 1299 1299 1299 1293 1293 1293 1293 1300 1300 1300 1300 1298 1298 1298 1298 1293 1293 1293 1293 1299 1299 1299 1299 1300 1300 1300 1300 1293 1293 1293 1293 1301 1301 1301 1301 1302 1302 1302 1302 1303 1303 1303 1303 1301 1301 1301 1301 1304 1304 1304 1304 1302 1302 1302 1302 1305 1305 1305 1305 1303 1303 1303 1303 1302 1302 1302 1302 1304 1304 1304 1304 1306 1306 1306 1306 1302 1302 1302 1302 1307 1307 1307 1307 1305 1305 1305 1305 1302 1302 1302 1302 1306 1306 1306 1306 1308 1308 1308 1308 1302 1302 1302 1302 1309 1309 1309 1309 1307 1307 1307 1307 1302 1302 1302 1302 1308 1308 1308 1308 1309 1309 1309 1309 1302 1302 1302 1302 1310 1310 1310 1310 1311 1311 1311 1311 1312 1312 1312 1312 1310 1310 1310 1310 1312 1312 1312 1312 1313 1313 1313 1313 1310 1310 1310 1310 1314 1314 1314 1314 1311 1311 1311 1311 1315 1315 1315 1315 1310 1310 1310 1310 1313 1313 1313 1313 1310 1310 1310 1310 1316 1316 1316 1316 1314 1314 1314 1314 1310 1310 1310 1310 1315 1315 1315 1315 1317 1317 1317 1317 1310 1310 1310 1310 1318 1318 1318 1318 1316 1316 1316 1316 1319 1319 1319 1319 1310 1310 1310 1310 1317 1317 1317 1317 1318 1318 1318 1318 1310 1310 1310 1310 1320 1320 1320 1320 1310 1310 1310 1310 1319 1319 1319 1319 1320 1320 1320 1320 1321 1321 1321 1321 1322 1322 1322 1322 1323 1323 1323 1323 1323 1323 1323 1323 1322 1322 1322 1322 1324 1324 1324 1324 1321 1321 1321 1321 1325 1325 1325 1325 1322 1322 1322 1322 1322 1322 1322 1322 1326 1326 1326 1326 1324 1324 1324 1324 1325 1325 1325 1325 1327 1327 1327 1327 1322 1322 1322 1322 1326 1326 1326 1326 1322 1322 1322 1322 1328 1328 1328 1328 1327 1327 1327 1327 1329 1329 1329 1329 1322 1322 1322 1322 1322 1322 1322 1322 1330 1330 1330 1330 1328 1328 1328 1328 1322 1322 1322 1322 1329 1329 1329 1329 1331 1331 1331 1331 1331 1331 1331 1331 1330 1330 1330 1330 1322 1322 1322 1322 1332 1332 1332 1332 1333 1333 1333 1333 1334 1334 1334 1334 1334 1334 1334 1334 1335 1335 1335 1335 1332 1332 1332 1332 1332 1332 1332 1332 1336 1336 1336 1336 1333 1333 1333 1333 1335 1335 1335 1335 1337 1337 1337 1337 1332 1332 1332 1332 1332 1332 1332 1332 1338 1338 1338 1338 1336 1336 1336 1336 1332 1332 1332 1332 1337 1337 1337 1337 1339 1339 1339 1339 1332 1332 1332 1332 1340 1340 1340 1340 1338 1338 1338 1338 1332 1332 1332 1332 1339 1339 1339 1339 1341 1341 1341 1341 1332 1332 1332 1332 1342 1342 1342 1342 1340 1340 1340 1340 1332 1332 1332 1332 1341 1341 1341 1341 1343 1343 1343 1343 1332 1332 1332 1332 1343 1343 1343 1343 1342 1342 1342 1342 1344 1344 1344 1344 1345 1345 1345 1345 1346 1346 1346 1346 1345 1345 1345 1345 1344 1344 1344 1344 1347 1347 1347 1347 1344 1344 1344 1344 1346 1346 1346 1346 1348 1348 1348 1348 1347 1347 1347 1347 1344 1344 1344 1344 1349 1349 1349 1349 1344 1344 1344 1344 1348 1348 1348 1348 1350 1350 1350 1350 1344 1344 1344 1344 1351 1351 1351 1351 1349 1349 1349 1349 1344 1344 1344 1344 1350 1350 1350 1350 1352 1352 1352 1352 1344 1344 1344 1344 1353 1353 1353 1353 1351 1351 1351 1351 1344 1344 1344 1344 1352 1352 1352 1352 1354 1354 1354 1354 1344 1344 1344 1344 1355 1355 1355 1355 1353 1353 1353 1353 1344 1344 1344 1344 1354 1354 1354 1354 1355 1355 1355 1355 1356 1356 1356 1356 1357 1357 1357 1357 1358 1358 1358 1358 1357 1357 1357 1357 1356 1356 1356 1356 1359 1359 1359 1359 1356 1356 1356 1356 1358 1358 1358 1358 1360 1360 1360 1360 1356 1356 1356 1356 1361 1361 1361 1361 1359 1359 1359 1359 1356 1356 1356 1356 1360 1360 1360 1360 1362 1362 1362 1362 1356 1356 1356 1356 1363 1363 1363 1363 1361 1361 1361 1361 1356 1356 1356 1356 1362 1362 1362 1362 1364 1364 1364 1364 1356 1356 1356 1356 1365 1365 1365 1365 1363 1363 1363 1363 1356 1356 1356 1356 1364 1364 1364 1364 1366 1366 1366 1366 1356 1356 1356 1356 1367 1367 1367 1367 1365 1365 1365 1365 1356 1356 1356 1356 1366 1366 1366 1366 1368 1368 1368 1368 1356 1356 1356 1356 1369 1369 1369 1369 1367 1367 1367 1367 1356 1356 1356 1356 1368 1368 1368 1368 1370 1370 1370 1370 1356 1356 1356 1356 1371 1371 1371 1371 1369 1369 1369 1369 1356 1356 1356 1356 1370 1370 1370 1370 1372 1372 1372 1372 1356 1356 1356 1356 1372 1372 1372 1372 1371 1371 1371 1371 1373 1373 1373 1373 1374 1374 1374 1374 1375 1375 1375 1375 1376 1376 1376 1376 1374 1374 1374 1374 1373 1373 1373 1373 1375 1375 1375 1375 1374 1374 1374 1374 1377 1377 1377 1377 1378 1378 1378 1378 1374 1374 1374 1374 1376 1376 1376 1376 1377 1377 1377 1377 1374 1374 1374 1374 1379 1379 1379 1379 1380 1380 1380 1380 1374 1374 1374 1374 1378 1378 1378 1378 1379 1379 1379 1379 1374 1374 1374 1374 1381 1381 1381 1381 1382 1382 1382 1382 1374 1374 1374 1374 1380 1380 1380 1380 1381 1381 1381 1381 1374 1374 1374 1374 1383 1383 1383 1383 1384 1384 1384 1384 1374 1374 1374 1374 1382 1382 1382 1382 1383 1383 1383 1383 1374 1374 1374 1374 1385 1385 1385 1385 1386 1386 1386 1386 1374 1374 1374 1374 1384 1384 1384 1384 1385 1385 1385 1385 1374 1374 1374 1374 1387 1387 1387 1387 1388 1388 1388 1388 1374 1374 1374 1374 1386 1386 1386 1386 1387 1387 1387 1387 1374 1374 1374 1374 1389 1389 1389 1389 1389 1389 1389 1389 1374 1374 1374 1374 1388 1388 1388 1388 1390 1390 1390 1390 1391 1391 1391 1391 1392 1392 1392 1392 1390 1390 1390 1390 1392 1392 1392 1392 1393 1393 1393 1393 1390 1390 1390 1390 1394 1394 1394 1394 1391 1391 1391 1391 1390 1390 1390 1390 1393 1393 1393 1393 1395 1395 1395 1395 1390 1390 1390 1390 1396 1396 1396 1396 1394 1394 1394 1394 1390 1390 1390 1390 1395 1395 1395 1395 1397 1397 1397 1397 1390 1390 1390 1390 1398 1398 1398 1398 1396 1396 1396 1396 1399 1399 1399 1399 1390 1390 1390 1390 1397 1397 1397 1397 1390 1390 1390 1390 1400 1400 1400 1400 1398 1398 1398 1398 1399 1399 1399 1399 1401 1401 1401 1401 1390 1390 1390 1390 1390 1390 1390 1390 1402 1402 1402 1402 1400 1400 1400 1400 1390 1390 1390 1390 1401 1401 1401 1401 1403 1403 1403 1403 1390 1390 1390 1390 1404 1404 1404 1404 1402 1402 1402 1402 1390 1390 1390 1390 1403 1403 1403 1403 1405 1405 1405 1405 1390 1390 1390 1390 1406 1406 1406 1406 1404 1404 1404 1404 1390 1390 1390 1390 1405 1405 1405 1405 1407 1407 1407 1407 1390 1390 1390 1390 1408 1408 1408 1408 1406 1406 1406 1406 1390 1390 1390 1390 1407 1407 1407 1407 1408 1408 1408 1408 1409 1409 1409 1409 1410 1410 1410 1410 1411 1411 1411 1411 1409 1409 1409 1409 1412 1412 1412 1412 1410 1410 1410 1410 1409 1409 1409 1409 1411 1411 1411 1411 1413 1413 1413 1413 1409 1409 1409 1409 1414 1414 1414 1414 1412 1412 1412 1412 1409 1409 1409 1409 1413 1413 1413 1413 1415 1415 1415 1415 1409 1409 1409 1409 1416 1416 1416 1416 1414 1414 1414 1414 1409 1409 1409 1409 1415 1415 1415 1415 1417 1417 1417 1417 1409 1409 1409 1409 1418 1418 1418 1418 1416 1416 1416 1416 1409 1409 1409 1409 1417 1417 1417 1417 1419 1419 1419 1419 1420 1420 1420 1420 1418 1418 1418 1418 1409 1409 1409 1409 1409 1409 1409 1409 1419 1419 1419 1419 1421 1421 1421 1421 1422 1422 1422 1422 1420 1420 1420 1420 1409 1409 1409 1409 1409 1409 1409 1409 1421 1421 1421 1421 1423 1423 1423 1423 1409 1409 1409 1409 1424 1424 1424 1424 1422 1422 1422 1422 1409 1409 1409 1409 1423 1423 1423 1423 1425 1425 1425 1425 1409 1409 1409 1409 1426 1426 1426 1426 1424 1424 1424 1424 1425 1425 1425 1425 1427 1427 1427 1427 1409 1409 1409 1409 1409 1409 1409 1409 1428 1428 1428 1428 1426 1426 1426 1426 1427 1427 1427 1427 1429 1429 1429 1429 1409 1409 1409 1409 1428 1428 1428 1428 1409 1409 1409 1409 1430 1430 1430 1430 1409 1409 1409 1409 1429 1429 1429 1429 1431 1431 1431 1431 1409 1409 1409 1409 1432 1432 1432 1432 1430 1430 1430 1430 1409 1409 1409 1409 1431 1431 1431 1431 1433 1433 1433 1433 1432 1432 1432 1432 1409 1409 1409 1409 1433 1433 1433 1433 1434 1434 1434 1434 1435 1435 1435 1435 1436 1436 1436 1436 1434 1434 1434 1434 1435 1435 1435 1435 1436 1436 1436 1436 1435 1435 1435 1435 1437 1437 1437 1437 1436 1436 1436 1436 1435 1435 1435 1435 1437 1437 1437 1437 1436 1436 1436 1436 1435 1435 1435 1435 1438 1438 1438 1438 1437 1437 1437 1437 1435 1435 1435 1435 1438 1438 1438 1438 1437 1437 1437 1437 1436 1436 1436 1436 1437 1437 1437 1437 1439 1439 1439 1439 1436 1436 1436 1436 1437 1437 1437 1437 1439 1439 1439 1439 1438 1438 1438 1438 1440 1440 1440 1440 1437 1437 1437 1437 1438 1438 1438 1438 1440 1440 1440 1440 1437 1437 1437 1437 1438 1438 1438 1438 1441 1441 1441 1441 1440 1440 1440 1440 1438 1438 1438 1438 1441 1441 1441 1441 1440 1440 1440 1440 1437 1437 1437 1437 1442 1442 1442 1442 1439 1439 1439 1439 1437 1437 1437 1437 1442 1442 1442 1442 1439 1439 1439 1439 1437 1437 1437 1437 1440 1440 1440 1440 1442 1442 1442 1442 1437 1437 1437 1437 1440 1440 1440 1440 1442 1442 1442 1442 1439 1439 1439 1439 1442 1442 1442 1442 1443 1443 1443 1443 1439 1439 1439 1439 1442 1442 1442 1442 1443 1443 1443 1443 1441 1441 1441 1441 1444 1444 1444 1444 1440 1440 1440 1440 1441 1441 1441 1441 1444 1444 1444 1444 1440 1440 1440 1440 1441 1441 1441 1441 1445 1445 1445 1445 1444 1444 1444 1444 1441 1441 1441 1441 1445 1445 1445 1445 1444 1444 1444 1444 1440 1440 1440 1440 1446 1446 1446 1446 1442 1442 1442 1442 1440 1440 1440 1440 1446 1446 1446 1446 1442 1442 1442 1442 1440 1440 1440 1440 1444 1444 1444 1444 1446 1446 1446 1446 1440 1440 1440 1440 1444 1444 1444 1444 1446 1446 1446 1446 1442 1442 1442 1442 1447 1447 1447 1447 1443 1443 1443 1443 1442 1442 1442 1442 1447 1447 1447 1447 1443 1443 1443 1443 1442 1442 1442 1442 1446 1446 1446 1446 1447 1447 1447 1447 1442 1442 1442 1442 1446 1446 1446 1446 1447 1447 1447 1447 1443 1443 1443 1443 1447 1447 1447 1447 1448 1448 1448 1448 1443 1443 1443 1443 1447 1447 1447 1447 1448 1448 1448 1448 1444 1444 1444 1444 1449 1449 1449 1449 1446 1446 1446 1446 1444 1444 1444 1444 1449 1449 1449 1449 1446 1446 1446 1446 1447 1447 1447 1447 1450 1450 1450 1450 1448 1448 1448 1448 1447 1447 1447 1447 1450 1450 1450 1450 1448 1448 1448 1448 1448 1448 1448 1448 1450 1450 1450 1450 1451 1451 1451 1451 1448 1448 1448 1448 1450 1450 1450 1450 1451 1451 1451 1451 1446 1446 1446 1446 1452 1452 1452 1452 1447 1447 1447 1447 1446 1446 1446 1446 1452 1452 1452 1452 1447 1447 1447 1447 1447 1447 1447 1447 1452 1452 1452 1452 1450 1450 1450 1450 1447 1447 1447 1447 1452 1452 1452 1452 1450 1450 1450 1450 1446 1446 1446 1446 1449 1449 1449 1449 1452 1452 1452 1452 1446 1446 1446 1446 1449 1449 1449 1449 1452 1452 1452 1452 1450 1450 1450 1450 1453 1453 1453 1453 1451 1451 1451 1451 1450 1450 1450 1450 1453 1453 1453 1453 1451 1451 1451 1451 1451 1451 1451 1451 1453 1453 1453 1453 1454 1454 1454 1454 1451 1451 1451 1451 1453 1453 1453 1453 1454 1454 1454 1454 1452 1452 1452 1452 1455 1455 1455 1455 1450 1450 1450 1450 1450 1450 1450 1450 1455 1455 1455 1455 1453 1453 1453 1453 1452 1452 1452 1452 1455 1455 1455 1455 1450 1450 1450 1450 1450 1450 1450 1450 1455 1455 1455 1455 1453 1453 1453 1453 1449 1449 1449 1449 1456 1456 1456 1456 1452 1452 1452 1452 1452 1452 1452 1452 1456 1456 1456 1456 1455 1455 1455 1455 1449 1449 1449 1449 1456 1456 1456 1456 1452 1452 1452 1452 1452 1452 1452 1452 1456 1456 1456 1456 1455 1455 1455 1455 1453 1453 1453 1453 1457 1457 1457 1457 1454 1454 1454 1454 1453 1453 1453 1453 1457 1457 1457 1457 1454 1454 1454 1454 1454 1454 1454 1454 1457 1457 1457 1457 1458 1458 1458 1458 1454 1454 1454 1454 1457 1457 1457 1457 1458 1458 1458 1458 1455 1455 1455 1455 1459 1459 1459 1459 1453 1453 1453 1453 1453 1453 1453 1453 1459 1459 1459 1459 1457 1457 1457 1457 1455 1455 1455 1455 1459 1459 1459 1459 1453 1453 1453 1453 1453 1453 1453 1453 1459 1459 1459 1459 1457 1457 1457 1457 1456 1456 1456 1456 1460 1460 1460 1460 1455 1455 1455 1455 1455 1455 1455 1455 1460 1460 1460 1460 1459 1459 1459 1459 1456 1456 1456 1456 1460 1460 1460 1460 1455 1455 1455 1455 1455 1455 1455 1455 1460 1460 1460 1460 1459 1459 1459 1459 1457 1457 1457 1457 1461 1461 1461 1461 1458 1458 1458 1458 1457 1457 1457 1457 1461 1461 1461 1461 1458 1458 1458 1458 1458 1458 1458 1458 1461 1461 1461 1461 1462 1462 1462 1462 1458 1458 1458 1458 1461 1461 1461 1461 1462 1462 1462 1462 1461 1461 1461 1461 1463 1463 1463 1463 1462 1462 1462 1462 1461 1461 1461 1461 1463 1463 1463 1463 1462 1462 1462 1462 1459 1459 1459 1459 1464 1464 1464 1464 1457 1457 1457 1457 1457 1457 1457 1457 1464 1464 1464 1464 1461 1461 1461 1461 1459 1459 1459 1459 1464 1464 1464 1464 1457 1457 1457 1457 1457 1457 1457 1457 1464 1464 1464 1464 1461 1461 1461 1461 1461 1461 1461 1461 1465 1465 1465 1465 1463 1463 1463 1463 1461 1461 1461 1461 1465 1465 1465 1465 1463 1463 1463 1463 1464 1464 1464 1464 1465 1465 1465 1465 1461 1461 1461 1461 1464 1464 1464 1464 1465 1465 1465 1465 1461 1461 1461 1461 1465 1465 1465 1465 1466 1466 1466 1466 1463 1463 1463 1463 1465 1465 1465 1465 1466 1466 1466 1466 1463 1463 1463 1463 1459 1459 1459 1459 1467 1467 1467 1467 1464 1464 1464 1464 1459 1459 1459 1459 1467 1467 1467 1467 1464 1464 1464 1464 1460 1460 1460 1460 1467 1467 1467 1467 1459 1459 1459 1459 1460 1460 1460 1460 1467 1467 1467 1467 1459 1459 1459 1459 1464 1464 1464 1464 1468 1468 1468 1468 1465 1465 1465 1465 1467 1467 1467 1467 1468 1468 1468 1468 1464 1464 1464 1464 1464 1464 1464 1464 1468 1468 1468 1468 1465 1465 1465 1465 1467 1467 1467 1467 1468 1468 1468 1468 1464 1464 1464 1464 1465 1465 1465 1465 1469 1469 1469 1469 1466 1466 1466 1466 1465 1465 1465 1465 1469 1469 1469 1469 1466 1466 1466 1466 1468 1468 1468 1468 1469 1469 1469 1469 1465 1465 1465 1465 1468 1468 1468 1468 1469 1469 1469 1469 1465 1465 1465 1465 1469 1469 1469 1469 1470 1470 1470 1470 1466 1466 1466 1466 1469 1469 1469 1469 1470 1470 1470 1470 1466 1466 1466 1466 1467 1467 1467 1467 1471 1471 1471 1471 1468 1468 1468 1468 1467 1467 1467 1467 1471 1471 1471 1471 1468 1468 1468 1468 1469 1469 1469 1469 1472 1472 1472 1472 1470 1470 1470 1470 1469 1469 1469 1469 1472 1472 1472 1472 1470 1470 1470 1470 1472 1472 1472 1472 1473 1473 1473 1473 1470 1470 1470 1470 1472 1472 1472 1472 1473 1473 1473 1473 1470 1470 1470 1470 1468 1468 1468 1468 1474 1474 1474 1474 1469 1469 1469 1469 1468 1468 1468 1468 1474 1474 1474 1474 1469 1469 1469 1469 1474 1474 1474 1474 1472 1472 1472 1472 1469 1469 1469 1469 1474 1474 1474 1474 1472 1472 1472 1472 1469 1469 1469 1469 1471 1471 1471 1471 1474 1474 1474 1474 1468 1468 1468 1468 1471 1471 1471 1471 1474 1474 1474 1474 1468 1468 1468 1468 1472 1472 1472 1472 1475 1475 1475 1475 1473 1473 1473 1473 1472 1472 1472 1472 1475 1475 1475 1475 1473 1473 1473 1473 1475 1475 1475 1475 1476 1476 1476 1476 1473 1473 1473 1473 1475 1475 1475 1475 1476 1476 1476 1476 1473 1473 1473 1473 1474 1474 1474 1474 1477 1477 1477 1477 1472 1472 1472 1472 1477 1477 1477 1477 1475 1475 1475 1475 1472 1472 1472 1472 1474 1474 1474 1474 1477 1477 1477 1477 1472 1472 1472 1472 1477 1477 1477 1477 1475 1475 1475 1475 1472 1472 1472 1472 1471 1471 1471 1471 1478 1478 1478 1478 1474 1474 1474 1474 1478 1478 1478 1478 1477 1477 1477 1477 1474 1474 1474 1474 1471 1471 1471 1471 1478 1478 1478 1478 1474 1474 1474 1474 1478 1478 1478 1478 1477 1477 1477 1477 1474 1474 1474 1474 1475 1475 1475 1475 1479 1479 1479 1479 1476 1476 1476 1476 1475 1475 1475 1475 1479 1479 1479 1479 1476 1476 1476 1476 1479 1479 1479 1479 1480 1480 1480 1480 1476 1476 1476 1476 1479 1479 1479 1479 1480 1480 1480 1480 1476 1476 1476 1476 1477 1477 1477 1477 1481 1481 1481 1481 1475 1475 1475 1475 1481 1481 1481 1481 1479 1479 1479 1479 1475 1475 1475 1475 1477 1477 1477 1477 1481 1481 1481 1481 1475 1475 1475 1475 1481 1481 1481 1481 1479 1479 1479 1479 1475 1475 1475 1475 1478 1478 1478 1478 1482 1482 1482 1482 1477 1477 1477 1477 1482 1482 1482 1482 1481 1481 1481 1481 1477 1477 1477 1477 1478 1478 1478 1478 1482 1482 1482 1482 1477 1477 1477 1477 1482 1482 1482 1482 1481 1481 1481 1481 1477 1477 1477 1477 1479 1479 1479 1479 1483 1483 1483 1483 1480 1480 1480 1480 1479 1479 1479 1479 1483 1483 1483 1483 1480 1480 1480 1480 1483 1483 1483 1483 1484 1484 1484 1484 1480 1480 1480 1480 1483 1483 1483 1483 1484 1484 1484 1484 1480 1480 1480 1480 1481 1481 1481 1481 1485 1485 1485 1485 1479 1479 1479 1479 1485 1485 1485 1485 1483 1483 1483 1483 1479 1479 1479 1479 1481 1481 1481 1481 1485 1485 1485 1485 1479 1479 1479 1479 1485 1485 1485 1485 1483 1483 1483 1483 1479 1479 1479 1479 1482 1482 1482 1482 1486 1486 1486 1486 1481 1481 1481 1481 1486 1486 1486 1486 1485 1485 1485 1485 1481 1481 1481 1481 1482 1482 1482 1482 1486 1486 1486 1486 1481 1481 1481 1481 1486 1486 1486 1486 1485 1485 1485 1485 1481 1481 1481 1481 1483 1483 1483 1483 1487 1487 1487 1487 1484 1484 1484 1484 1483 1483 1483 1483 1487 1487 1487 1487 1484 1484 1484 1484 1487 1487 1487 1487 1488 1488 1488 1488 1484 1484 1484 1484 1487 1487 1487 1487 1488 1488 1488 1488 1484 1484 1484 1484 1485 1485 1485 1485 1489 1489 1489 1489 1483 1483 1483 1483 1489 1489 1489 1489 1487 1487 1487 1487 1483 1483 1483 1483 1485 1485 1485 1485 1489 1489 1489 1489 1483 1483 1483 1483 1489 1489 1489 1489 1487 1487 1487 1487 1483 1483 1483 1483 1486 1486 1486 1486 1490 1490 1490 1490 1485 1485 1485 1485 1490 1490 1490 1490 1489 1489 1489 1489 1485 1485 1485 1485 1486 1486 1486 1486 1490 1490 1490 1490 1485 1485 1485 1485 1490 1490 1490 1490 1489 1489 1489 1489 1485 1485 1485 1485 1487 1487 1487 1487 1491 1491 1491 1491 1488 1488 1488 1488 1487 1487 1487 1487 1491 1491 1491 1491 1488 1488 1488 1488 1491 1491 1491 1491 1492 1492 1492 1492 1488 1488 1488 1488 1491 1491 1491 1491 1492 1492 1492 1492 1488 1488 1488 1488 1489 1489 1489 1489 1493 1493 1493 1493 1487 1487 1487 1487 1493 1493 1493 1493 1491 1491 1491 1491 1487 1487 1487 1487 1489 1489 1489 1489 1493 1493 1493 1493 1487 1487 1487 1487 1493 1493 1493 1493 1491 1491 1491 1491 1487 1487 1487 1487 1490 1490 1490 1490 1494 1494 1494 1494 1489 1489 1489 1489 1494 1494 1494 1494 1493 1493 1493 1493 1489 1489 1489 1489 1490 1490 1490 1490 1494 1494 1494 1494 1489 1489 1489 1489 1494 1494 1494 1494 1493 1493 1493 1493 1489 1489 1489 1489 1491 1491 1491 1491 1495 1495 1495 1495 1492 1492 1492 1492 1491 1491 1491 1491 1495 1495 1495 1495 1492 1492 1492 1492 1495 1495 1495 1495 1496 1496 1496 1496 1492 1492 1492 1492 1495 1495 1495 1495 1496 1496 1496 1496 1492 1492 1492 1492 1493 1493 1493 1493 1497 1497 1497 1497 1491 1491 1491 1491 1497 1497 1497 1497 1495 1495 1495 1495 1491 1491 1491 1491 1493 1493 1493 1493 1497 1497 1497 1497 1491 1491 1491 1491 1497 1497 1497 1497 1495 1495 1495 1495 1491 1491 1491 1491 1494 1494 1494 1494 1498 1498 1498 1498 1493 1493 1493 1493 1498 1498 1498 1498 1497 1497 1497 1497 1493 1493 1493 1493 1494 1494 1494 1494 1498 1498 1498 1498 1493 1493 1493 1493 1498 1498 1498 1498 1497 1497 1497 1497 1493 1493 1493 1493 1495 1495 1495 1495 1499 1499 1499 1499 1496 1496 1496 1496 1495 1495 1495 1495 1499 1499 1499 1499 1496 1496 1496 1496 1499 1499 1499 1499 1500 1500 1500 1500 1496 1496 1496 1496 1499 1499 1499 1499 1500 1500 1500 1500 1496 1496 1496 1496 1497 1497 1497 1497 1501 1501 1501 1501 1495 1495 1495 1495 1501 1501 1501 1501 1499 1499 1499 1499 1495 1495 1495 1495 1497 1497 1497 1497 1501 1501 1501 1501 1495 1495 1495 1495 1501 1501 1501 1501 1499 1499 1499 1499 1495 1495 1495 1495 1499 1499 1499 1499 1502 1502 1502 1502 1500 1500 1500 1500 1499 1499 1499 1499 1502 1502 1502 1502 1500 1500 1500 1500 1502 1502 1502 1502 1503 1503 1503 1503 1500 1500 1500 1500 1502 1502 1502 1502 1503 1503 1503 1503 1500 1500 1500 1500 1504 1504 1504 1504 1502 1502 1502 1502 1499 1499 1499 1499 1504 1504 1504 1504 1502 1502 1502 1502 1499 1499 1499 1499 1501 1501 1501 1501 1504 1504 1504 1504 1499 1499 1499 1499 1501 1501 1501 1501 1504 1504 1504 1504 1499 1499 1499 1499 1505 1505 1505 1505 1504 1504 1504 1504 1501 1501 1501 1501 1505 1505 1505 1505 1504 1504 1504 1504 1501 1501 1501 1501 1506 1506 1506 1506 1501 1501 1501 1501 1497 1497 1497 1497 1506 1506 1506 1506 1505 1505 1505 1505 1501 1501 1501 1501 1506 1506 1506 1506 1501 1501 1501 1501 1497 1497 1497 1497 1506 1506 1506 1506 1505 1505 1505 1505 1501 1501 1501 1501 1498 1498 1498 1498 1506 1506 1506 1506 1497 1497 1497 1497 1498 1498 1498 1498 1506 1506 1506 1506 1497 1497 1497 1497 1507 1507 1507 1507 1505 1505 1505 1505 1506 1506 1506 1506 1507 1507 1507 1507 1505 1505 1505 1505 1506 1506 1506 1506 1508 1508 1508 1508 1506 1506 1506 1506 1498 1498 1498 1498 1508 1508 1508 1508 1507 1507 1507 1507 1506 1506 1506 1506 1508 1508 1508 1508 1507 1507 1507 1507 1506 1506 1506 1506 1508 1508 1508 1508 1506 1506 1506 1506 1498 1498 1498 1498 1509 1509 1509 1509 1507 1507 1507 1507 1508 1508 1508 1508 1509 1509 1509 1509 1507 1507 1507 1507 1508 1508 1508 1508 1510 1510 1510 1510 1508 1508 1508 1508 1498 1498 1498 1498 1510 1510 1510 1510 1508 1508 1508 1508 1498 1498 1498 1498 1510 1510 1510 1510 1498 1498 1498 1498 1494 1494 1494 1494 1510 1510 1510 1510 1498 1498 1498 1498 1494 1494 1494 1494 1511 1511 1511 1511 1509 1509 1509 1509 1508 1508 1508 1508 1511 1511 1511 1511 1509 1509 1509 1509 1508 1508 1508 1508 1511 1511 1511 1511 1508 1508 1508 1508 1510 1510 1510 1510 1511 1511 1511 1511 1508 1508 1508 1508 1510 1510 1510 1510 1512 1512 1512 1512 1509 1509 1509 1509 1511 1511 1511 1511 1512 1512 1512 1512 1509 1509 1509 1509 1511 1511 1511 1511 1513 1513 1513 1513 1510 1510 1510 1510 1494 1494 1494 1494 1513 1513 1513 1513 1510 1510 1510 1510 1494 1494 1494 1494 1513 1513 1513 1513 1494 1494 1494 1494 1490 1490 1490 1490 1513 1513 1513 1513 1494 1494 1494 1494 1490 1490 1490 1490 1514 1514 1514 1514 1511 1511 1511 1511 1510 1510 1510 1510 1514 1514 1514 1514 1510 1510 1510 1510 1513 1513 1513 1513 1514 1514 1514 1514 1511 1511 1511 1511 1510 1510 1510 1510 1514 1514 1514 1514 1510 1510 1510 1510 1513 1513 1513 1513 1515 1515 1515 1515 1512 1512 1512 1512 1511 1511 1511 1511 1515 1515 1515 1515 1512 1512 1512 1512 1511 1511 1511 1511 1515 1515 1515 1515 1511 1511 1511 1511 1514 1514 1514 1514 1515 1515 1515 1515 1511 1511 1511 1511 1514 1514 1514 1514 1516 1516 1516 1516 1512 1512 1512 1512 1515 1515 1515 1515 1516 1516 1516 1516 1512 1512 1512 1512 1515 1515 1515 1515 1517 1517 1517 1517 1514 1514 1514 1514 1513 1513 1513 1513 1517 1517 1517 1517 1514 1514 1514 1514 1513 1513 1513 1513 1518 1518 1518 1518 1516 1516 1516 1516 1515 1515 1515 1515 1518 1518 1518 1518 1516 1516 1516 1516 1515 1515 1515 1515 1519 1519 1519 1519 1516 1516 1516 1516 1518 1518 1518 1518 1519 1519 1519 1519 1516 1516 1516 1516 1518 1518 1518 1518 1520 1520 1520 1520 1515 1515 1515 1515 1514 1514 1514 1514 1520 1520 1520 1520 1515 1515 1515 1515 1514 1514 1514 1514 1518 1518 1518 1518 1515 1515 1515 1515 1520 1520 1520 1520 1518 1518 1518 1518 1515 1515 1515 1515 1520 1520 1520 1520 1520 1520 1520 1520 1514 1514 1514 1514 1517 1517 1517 1517 1520 1520 1520 1520 1514 1514 1514 1514 1517 1517 1517 1517 1521 1521 1521 1521 1519 1519 1519 1519 1518 1518 1518 1518 1521 1521 1521 1521 1519 1519 1519 1519 1518 1518 1518 1518 1522 1522 1522 1522 1518 1518 1518 1518 1520 1520 1520 1520 1521 1521 1521 1521 1518 1518 1518 1518 1522 1522 1522 1522 1521 1521 1521 1521 1518 1518 1518 1518 1522 1522 1522 1522 1522 1522 1522 1522 1518 1518 1518 1518 1520 1520 1520 1520 1523 1523 1523 1523 1521 1521 1521 1521 1522 1522 1522 1522 1523 1523 1523 1523 1521 1521 1521 1521 1522 1522 1522 1522 1522 1522 1522 1522 1520 1520 1520 1520 1524 1524 1524 1524 1522 1522 1522 1522 1520 1520 1520 1520 1524 1524 1524 1524 1524 1524 1524 1524 1520 1520 1520 1520 1517 1517 1517 1517 1524 1524 1524 1524 1520 1520 1520 1520 1517 1517 1517 1517 1523 1523 1523 1523 1522 1522 1522 1522 1525 1525 1525 1525 1523 1523 1523 1523 1522 1522 1522 1522 1525 1525 1525 1525 1525 1525 1525 1525 1522 1522 1522 1522 1524 1524 1524 1524 1525 1525 1525 1525 1522 1522 1522 1522 1524 1524 1524 1524 1526 1526 1526 1526 1523 1523 1523 1523 1525 1525 1525 1525 1526 1526 1526 1526 1523 1523 1523 1523 1525 1525 1525 1525 1524 1524 1524 1524 1517 1517 1517 1517 1527 1527 1527 1527 1524 1524 1524 1524 1517 1517 1517 1517 1527 1527 1527 1527 1526 1526 1526 1526 1525 1525 1525 1525 1528 1528 1528 1528 1526 1526 1526 1526 1525 1525 1525 1525 1528 1528 1528 1528 1529 1529 1529 1529 1526 1526 1526 1526 1528 1528 1528 1528 1529 1529 1529 1529 1526 1526 1526 1526 1528 1528 1528 1528 1525 1525 1525 1525 1524 1524 1524 1524 1530 1530 1530 1530 1525 1525 1525 1525 1524 1524 1524 1524 1530 1530 1530 1530 1528 1528 1528 1528 1525 1525 1525 1525 1530 1530 1530 1530 1528 1528 1528 1528 1525 1525 1525 1525 1530 1530 1530 1530 1530 1530 1530 1530 1524 1524 1524 1524 1527 1527 1527 1527 1530 1530 1530 1530 1524 1524 1524 1524 1527 1527 1527 1527 1529 1529 1529 1529 1528 1528 1528 1528 1531 1531 1531 1531 1529 1529 1529 1529 1528 1528 1528 1528 1531 1531 1531 1531 1532 1532 1532 1532 1529 1529 1529 1529 1531 1531 1531 1531 1532 1532 1532 1532 1529 1529 1529 1529 1531 1531 1531 1531 1528 1528 1528 1528 1530 1530 1530 1530 1533 1533 1533 1533 1528 1528 1528 1528 1530 1530 1530 1530 1533 1533 1533 1533 1531 1531 1531 1531 1528 1528 1528 1528 1533 1533 1533 1533 1531 1531 1531 1531 1528 1528 1528 1528 1533 1533 1533 1533 1532 1532 1532 1532 1531 1531 1531 1531 1534 1534 1534 1534 1532 1532 1532 1532 1531 1531 1531 1531 1534 1534 1534 1534 1535 1535 1535 1535 1532 1532 1532 1532 1534 1534 1534 1534 1535 1535 1535 1535 1532 1532 1532 1532 1534 1534 1534 1534 1531 1531 1531 1531 1533 1533 1533 1533 1536 1536 1536 1536 1534 1534 1534 1534 1531 1531 1531 1531 1536 1536 1536 1536 1531 1531 1531 1531 1533 1533 1533 1533 1536 1536 1536 1536 1534 1534 1534 1534 1531 1531 1531 1531 1536 1536 1536 1536 1533 1533 1533 1533 1530 1530 1530 1530 1537 1537 1537 1537 1533 1533 1533 1533 1530 1530 1530 1530 1537 1537 1537 1537 1530 1530 1530 1530 1527 1527 1527 1527 1537 1537 1537 1537 1530 1530 1530 1530 1527 1527 1527 1527 1537 1537 1537 1537 1535 1535 1535 1535 1534 1534 1534 1534 1538 1538 1538 1538 1535 1535 1535 1535 1534 1534 1534 1534 1538 1538 1538 1538 1539 1539 1539 1539 1535 1535 1535 1535 1538 1538 1538 1538 1539 1539 1539 1539 1535 1535 1535 1535 1538 1538 1538 1538 1538 1538 1538 1538 1534 1534 1534 1534 1540 1540 1540 1540 1538 1538 1538 1538 1534 1534 1534 1534 1540 1540 1540 1540 1534 1534 1534 1534 1536 1536 1536 1536 1540 1540 1540 1540 1534 1534 1534 1534 1536 1536 1536 1536 1540 1540 1540 1540 1539 1539 1539 1539 1538 1538 1538 1538 1541 1541 1541 1541 1539 1539 1539 1539 1538 1538 1538 1538 1541 1541 1541 1541 1445 1445 1445 1445 1539 1539 1539 1539 1541 1541 1541 1541 1445 1445 1445 1445 1539 1539 1539 1539 1541 1541 1541 1541 1445 1445 1445 1445 1541 1541 1541 1541 1444 1444 1444 1444 1445 1445 1445 1445 1541 1541 1541 1541 1444 1444 1444 1444 1444 1444 1444 1444 1541 1541 1541 1541 1449 1449 1449 1449 1444 1444 1444 1444 1541 1541 1541 1541 1449 1449 1449 1449 1541 1541 1541 1541 1538 1538 1538 1538 1542 1542 1542 1542 1541 1541 1541 1541 1542 1542 1542 1542 1449 1449 1449 1449 1541 1541 1541 1541 1538 1538 1538 1538 1542 1542 1542 1542 1541 1541 1541 1541 1542 1542 1542 1542 1449 1449 1449 1449 1538 1538 1538 1538 1540 1540 1540 1540 1542 1542 1542 1542 1538 1538 1538 1538 1540 1540 1540 1540 1542 1542 1542 1542 1449 1449 1449 1449 1542 1542 1542 1542 1456 1456 1456 1456 1449 1449 1449 1449 1542 1542 1542 1542 1456 1456 1456 1456 1542 1542 1542 1542 1540 1540 1540 1540 1543 1543 1543 1543 1542 1542 1542 1542 1543 1543 1543 1543 1456 1456 1456 1456 1542 1542 1542 1542 1543 1543 1543 1543 1456 1456 1456 1456 1542 1542 1542 1542 1540 1540 1540 1540 1543 1543 1543 1543 1456 1456 1456 1456 1543 1543 1543 1543 1460 1460 1460 1460 1456 1456 1456 1456 1543 1543 1543 1543 1460 1460 1460 1460 1540 1540 1540 1540 1544 1544 1544 1544 1543 1543 1543 1543 1540 1540 1540 1540 1544 1544 1544 1544 1543 1543 1543 1543 1540 1540 1540 1540 1536 1536 1536 1536 1544 1544 1544 1544 1540 1540 1540 1540 1536 1536 1536 1536 1544 1544 1544 1544 1543 1543 1543 1543 1545 1545 1545 1545 1460 1460 1460 1460 1543 1543 1543 1543 1545 1545 1545 1545 1460 1460 1460 1460 1543 1543 1543 1543 1544 1544 1544 1544 1545 1545 1545 1545 1543 1543 1543 1543 1544 1544 1544 1544 1545 1545 1545 1545 1460 1460 1460 1460 1545 1545 1545 1545 1467 1467 1467 1467 1460 1460 1460 1460 1545 1545 1545 1545 1467 1467 1467 1467 1545 1545 1545 1545 1471 1471 1471 1471 1467 1467 1467 1467 1545 1545 1545 1545 1471 1471 1471 1471 1467 1467 1467 1467 1536 1536 1536 1536 1546 1546 1546 1546 1544 1544 1544 1544 1536 1536 1536 1536 1546 1546 1546 1546 1544 1544 1544 1544 1536 1536 1536 1536 1533 1533 1533 1533 1546 1546 1546 1546 1536 1536 1536 1536 1533 1533 1533 1533 1546 1546 1546 1546 1533 1533 1533 1533 1537 1537 1537 1537 1546 1546 1546 1546 1533 1533 1533 1533 1537 1537 1537 1537 1546 1546 1546 1546 1544 1544 1544 1544 1547 1547 1547 1547 1545 1545 1545 1545 1544 1544 1544 1544 1547 1547 1547 1547 1545 1545 1545 1545 1545 1545 1545 1545 1547 1547 1547 1547 1471 1471 1471 1471 1545 1545 1545 1545 1547 1547 1547 1547 1471 1471 1471 1471 1544 1544 1544 1544 1546 1546 1546 1546 1547 1547 1547 1547 1544 1544 1544 1544 1546 1546 1546 1546 1547 1547 1547 1547 1547 1547 1547 1547 1478 1478 1478 1478 1471 1471 1471 1471 1547 1547 1547 1547 1478 1478 1478 1478 1471 1471 1471 1471 1546 1546 1546 1546 1548 1548 1548 1548 1547 1547 1547 1547 1547 1547 1547 1547 1548 1548 1548 1548 1478 1478 1478 1478 1546 1546 1546 1546 1548 1548 1548 1548 1547 1547 1547 1547 1547 1547 1547 1547 1548 1548 1548 1548 1478 1478 1478 1478 1546 1546 1546 1546 1537 1537 1537 1537 1548 1548 1548 1548 1546 1546 1546 1546 1537 1537 1537 1537 1548 1548 1548 1548 1548 1548 1548 1548 1482 1482 1482 1482 1478 1478 1478 1478 1548 1548 1548 1548 1482 1482 1482 1482 1478 1478 1478 1478 1537 1537 1537 1537 1549 1549 1549 1549 1548 1548 1548 1548 1548 1548 1548 1548 1549 1549 1549 1549 1482 1482 1482 1482 1537 1537 1537 1537 1549 1549 1549 1549 1548 1548 1548 1548 1548 1548 1548 1548 1549 1549 1549 1549 1482 1482 1482 1482 1537 1537 1537 1537 1527 1527 1527 1527 1549 1549 1549 1549 1537 1537 1537 1537 1527 1527 1527 1527 1549 1549 1549 1549 1549 1549 1549 1549 1486 1486 1486 1486 1482 1482 1482 1482 1549 1549 1549 1549 1486 1486 1486 1486 1482 1482 1482 1482 1527 1527 1527 1527 1550 1550 1550 1550 1549 1549 1549 1549 1549 1549 1549 1549 1550 1550 1550 1550 1486 1486 1486 1486 1527 1527 1527 1527 1550 1550 1550 1550 1549 1549 1549 1549 1549 1549 1549 1549 1550 1550 1550 1550 1486 1486 1486 1486 1527 1527 1527 1527 1517 1517 1517 1517 1550 1550 1550 1550 1527 1527 1527 1527 1517 1517 1517 1517 1550 1550 1550 1550 1550 1550 1550 1550 1490 1490 1490 1490 1486 1486 1486 1486 1550 1550 1550 1550 1490 1490 1490 1490 1486 1486 1486 1486 1517 1517 1517 1517 1513 1513 1513 1513 1550 1550 1550 1550 1517 1517 1517 1517 1513 1513 1513 1513 1550 1550 1550 1550 1550 1550 1550 1550 1513 1513 1513 1513 1490 1490 1490 1490 1550 1550 1550 1550 1513 1513 1513 1513 1490 1490 1490 1490</p>
        </triangles>
      </mesh>
    </geometry>
  </library_geometries>
  <library_controllers>
    <controller id="geom-Clt_TES066_F__M_TES066_F-skin1">
      <skin source="#geom-Clt_TES066_F__M_TES066_F">
        <bind_shape_matrix>1 0 0 0 0 1 0 0 0 0 1 0 0 0 0 1</bind_shape_matrix>
        <source id="geom-Clt_TES066_F__M_TES066_F-skin1-joints">
          <Name_array id="geom-Clt_TES066_F__M_TES066_F-skin1-joints-array" count="22">joint0 joint1 joint2 joint3 joint4 joint5 joint6 joint7 joint8 joint9 joint10 joint11 joint12 joint13 joint14 joint15 joint16 joint17 joint18 joint19 joint20 joint21</Name_array>
          <technique_common>
            <accessor source="#geom-Clt_TES066_F__M_TES066_F-skin1-joints-array" count="22" stride="1">
              <param name="JOINT" type="name"/>
            </accessor>
          </technique_common>
        </source>
        <source id="geom-Clt_TES066_F__M_TES066_F-skin1-bind_poses">
          <float_array id="geom-Clt_TES066_F__M_TES066_F-skin1-bind_poses-array" count="352">1 0 0 0 0 0 1 0 0 -1 0 0 0 0 0 1 0 0 1 0 0 -1 0 0 1 0 0 0 0 0 0 1 0 0 1 -0.1150019 0 -1 0 0 1 0 0 0 0 0 0 1 0 0 1 -0.2350019 0 -1 0 0 1 0 0 0 0 0 0 1 0.9702957 -2.76401e-8 -0.2419225 0.0526666 2.82595e-8 -1 2.29073e-7 -7.63859e-8 -0.2419225 -2.26348e-7 -0.9702955 0.3269732 0 0 0 1 1 1.74185e-8 -6.70552e-7 -0.1056234 -4.04105e-8 -0.9999999 2.68919e-7 -1.11313e-7 -5.69969e-7 -2.624e-7 -0.9999998 0.3106481 0 0 0 1 1 2.09478e-8 -6.66827e-7 -0.3376234 -3.05093e-8 -1 2.36425e-7 -1.04562e-7 -5.83008e-7 -2.30153e-7 -0.9999999 0.3106481 0 0 0 1 5.96049e-8 -1 3.57628e-7 -1.72638e-7 -1 -1.19209e-7 6.55651e-7 0.3376234 -6.55651e-7 -3.27826e-7 -0.9999999 0.3106481 0 0 0 1 1 1.78934e-8 -6.66711e-7 -0.5446236 -2.54623e-8 -1 1.69371e-7 -8.64802e-8 -5.82892e-7 -1.63096e-7 -1 0.3106481 0 0 0 1 1 1.78934e-8 -6.66711e-7 -0.5751235 -2.54623e-8 -1 1.69371e-7 -8.66341e-8 -5.82892e-7 -1.63096e-7 -1 0.3106481 0 0 0 1 5.36442e-7 1.19209e-7 1 -0.2706481 2.38419e-7 1 -8.94072e-8 -0.0200001 -1 2.68221e-7 7.15256e-7 0.7321235 0 0 0 1 1 2.09478e-8 -6.66827e-7 -0.1256234 -3.05093e-8 -1 2.36425e-7 -1.02463e-7 -5.83008e-7 -2.30153e-7 -0.9999999 0.3106481 0 0 0 1 0.9702955 -3.24419e-8 0.2419226 -0.05266749 -3.24346e-8 1 1.45487e-7 -4.89195e-8 -0.2419225 -1.33967e-7 0.9702955 -0.3269766 0 0 0 1 0.9999999 2.23516e-8 7.30157e-7 0.1056234 -6.8918e-8 1 1.93715e-7 -6.77553e-8 -5.81145e-7 -2.5332e-7 0.9999999 -0.3106517 0 0 0 1 1 1.07563e-7 7.15256e-7 0.3376235 -1.1861e-8 1 1.83149e-7 -7.50115e-8 -5.96046e-7 -1.6006e-7 1 -0.3106517 0 0 0 1 1 1.65775e-7 7.15256e-7 0.3376236 3.72528e-8 1 1.75089e-7 -5.59255e-8 -5.36442e-7 -1.82539e-7 1 -0.3106517 0 0 0 1 1 1.65775e-7 7.15256e-7 0.5446235 3.72528e-8 1 1.75089e-7 -4.5759e-8 -5.36442e-7 -1.82539e-7 1 -0.3106517 0 0 0 1 1 1.65775e-7 7.15256e-7 0.5751235 3.72528e-8 1 1.75089e-7 -4.4261e-8 -5.36442e-7 -1.82539e-7 1 -0.3106517 0 0 0 1 4.91739e-7 1.71363e-7 -1 0.2706517 -2.98024e-8 1 2.12342e-7 -0.02000012 1 1.19209e-7 7.74861e-7 0.7321236 0 0 0 1 1 1.07563e-7 7.15256e-7 0.1256235 -1.1861e-8 1 1.83149e-7 -5.73053e-8 -5.96046e-7 -1.6006e-7 1 -0.3106517 0 0 0 1 0 0 1 -0.3580019 0 -1 0 0 1 0 0 0 0 0 0 1 -1.78814e-7 1.49012e-7 -1 0 -1.78814e-7 -1 -5.96046e-8 0 -1 8.94069e-8 2.68221e-7 0 0 0 0 1</float_array>
          <technique_common>
            <accessor source="#geom-Clt_TES066_F__M_TES066_F-skin1-bind_poses-array" count="22" stride="16">
              <param name="TRANSFORM" type="float4x4"/>
            </accessor>
          </technique_common>
        </source>
        <source id="geom-Clt_TES066_F__M_TES066_F-skin1-weights">
          <float_array id="geom-Clt_TES066_F__M_TES066_F-skin1-weights-array" count="8743">1 0.4980392 0.5019608 0.4980392 0.5019608 0.4980392 0.5019608 0.4980392 0.5019608 0.4980392 0.5019608 0.4980392 0.5019608 0.4980392 0.5019608 0.4980392 0.5019608 0.4980392 0.5019608 0.4980392 0.5019608 0.4980392 0.5019608 0.4980392 0.5019608 0.4980392 0.5019608 0.4980392 0.5019608 0.4980392 0.5019608 0.4980392 0.5019608 0.4980392 0.5019608 0.4980392 0.5019608 0.4980392 0.5019608 0.4980392 0.5019608 0.4980392 0.5019608 0.4980392 0.5019608 0.4980392 0.5019608 0.4980392 0.5019608 0.4980392 0.5019608 0.4980392 0.5019608 0.4980392 0.5019608 0.4980392 0.5019608 0.4980392 0.5019608 0.4980392 0.5019608 0.4980392 0.5019608 0.4980392 0.5019608 0.4980392 0.5019608 0.4980392 0.5019608 0.4980392 0.5019608 0.4980392 0.5019608 0.4980392 0.5019608 0.4980392 0.5019608 0.4980392 0.5019608 0.4980392 0.5019608 0.4980392 0.5019608 0.4980392 0.5019608 0.4980392 0.5019608 0.4980392 0.5019608 0.4980392 0.5019608 0.4980392 0.5019608 0.4980392 0.5019608 0.4980392 0.5019608 0.4980392 0.5019608 0.4980392 0.5019608 0.4980392 0.5019608 0.4980392 0.5019608 0.4980392 0.5019608 0.4980392 0.5019608 0.4980392 0.5019608 0.4980392 0.5019608 0.4980392 0.5019608 0.4980392 0.5019608 0.4980392 0.5019608 0.4980392 0.5019608 0.4980392 0.5019608 0.4980392 0.5019608 0.4980392 0.5019608 0.4980392 0.5019608 0.4980392 0.5019608 0.4980392 0.5019608 0.4980392 0.5019608 0.4980392 0.5019608 0.4980392 0.5019608 0.4980392 0.5019608 0.4980392 0.5019608 0.4980392 0.5019608 0.4980392 0.5019608 0.4980392 0.5019608 0.4980392 0.5019608 0.4980392 0.5019608 0.4980392 0.5019608 0.4980392 0.5019608 0.4980392 0.5019608 0.4980392 0.5019608 0.4980392 0.5019608 0.4980392 0.5019608 0.4980392 0.5019608 0.4980392 0.5019608 0.4980392 0.5019608 0.4980392 0.5019608 0.4980392 0.5019608 0.4980392 0.5019608 0.4980392 0.5019608 0.4980392 0.5019608 0.4980392 0.5019608 0.4980392 0.5019608 0.4980392 0.5019608 0.4980392 0.5019608 0.4980392 0.5019608 0.4980392 0.5019608 0.4980392 0.5019608 0.4980392 0.5019608 0.4980392 0.5019608 0.4980392 0.5019608 0.4980392 0.5019608 0.4980392 0.5019608 0.4980392 0.5019608 0.4980392 0.5019608 0.4980392 0.5019608 0.4980392 0.5019608 0.4980392 0.5019608 0.4980392 0.5019608 0.4980392 0.5019608 0.4980392 0.5019608 0.4980392 0.5019608 0.4980392 0.5019608 0.4980392 0.5019608 0.4980392 0.5019608 0.4980392 0.5019608 0.4980392 0.5019608 0.4980392 0.5019608 0.4980392 0.5019608 0.4980392 0.5019608 0.4980392 0.5019608 0.4980392 0.5019608 0.4980392 0.5019608 0.4980392 0.5019608 0.4980392 0.5019608 0.4980392 0.5019608 0.4980392 0.5019608 0.4980392 0.5019608 0.4980392 0.5019608 0.4980392 0.5019608 0.4980392 0.5019608 0.4980392 0.5019608 0.4980392 0.5019608 0.4980392 0.5019608 0.4980392 0.5019608 0.4980392 0.5019608 0.4980392 0.5019608 0.4980392 0.5019608 0.4980392 0.5019608 0.4980392 0.5019608 0.4980392 0.5019608 0.4980392 0.5019608 0.4980392 0.5019608 0.4980392 0.5019608 0.4980392 0.5019608 0.4980392 0.5019608 0.4980392 0.5019608 0.4980392 0.5019608 0.4980392 0.5019608 0.4980392 0.5019608 0.4980392 0.5019608 0.4980392 0.5019608 0.4980392 0.5019608 0.4980392 0.5019608 0.4980392 0.5019608 0.4980392 0.5019608 0.4980392 0.5019608 0.4980392 0.5019608 0.4980392 0.5019608 0.4980392 0.5019608 0.4980392 0.5019608 0.4980392 0.5019608 0.4980392 0.5019608 0.4117647 0.5882353 0.4117647 0.5882353 0.3098039 0.6901961 0.3098039 0.6901961 0.2 0.8000001 0.2 0.8000001 0.2 0.8000001 0.2 0.8000001 0.4980392 0.5019608 0.4980392 0.5019608 0.4980392 0.5019608 0.4980392 0.5019608 0.4980392 0.5019608 0.4980392 0.5019608 0.4980392 0.5019608 0.4980392 0.5019608 0.4980392 0.5019608 0.4980392 0.5019608 0.4980392 0.5019608 0.4980392 0.5019608 0.4 0.6 0.4 0.6 0.3019608 0.6980392 0.3019608 0.6980392 0.2 0.8000001 0.2 0.8000001 0.2 0.8000001 0.2 0.8000001 0.2 0.8000001 0.2 0.8000001 0.2 0.8000001 0.2 0.8000001 0.2 0.8000001 0.2 0.8000001 0.3098039 0.6901961 0.3098039 0.6901961 0.4117647 0.5882353 0.4117647 0.5882353 0.4980392 0.5019608 0.4980392 0.5019608 0.4980392 0.5019608 0.4980392 0.5019608 0.4980392 0.5019608 0.4980392 0.5019608 0.4980392 0.5019608 0.4980392 0.5019608 0.4980392 0.5019608 0.4980392 0.5019608 0.4980392 0.5019608 0.4980392 0.5019608 0.4980392 0.5019608 0.4980392 0.5019608 0.4980392 0.5019608 0.4980392 0.5019608 0.4980392 0.5019608 0.4980392 0.5019608 0.4980392 0.5019608 0.4980392 0.5019608 0.4980392 0.5019608 0.4980392 0.5019608 0.4980392 0.5019608 0.4980392 0.5019608 0.4980392 0.5019608 0.4980392 0.5019608 0.4980392 0.5019608 0.4980392 0.5019608 0.4980392 0.5019608 0.4980392 0.5019608 0.4980392 0.5019608 0.4980392 0.5019608 0.4980392 0.5019608 0.4980392 0.5019608 0.4980392 0.5019608 0.4980392 0.5019608 0.4980392 0.5019608 0.4980392 0.5019608 0.4980392 0.5019608 0.4980392 0.5019608 0.4980392 0.5019608 0.4980392 0.5019608 0.4980392 0.5019608 0.4980392 0.5019608 0.4980392 0.5019608 0.4980392 0.5019608 0.4980392 0.5019608 0.4980392 0.5019608 0.4980392 0.5019608 0.4980392 0.5019608 0.4980392 0.5019608 0.4980392 0.5019608 0.4980392 0.5019608 0.4980392 0.5019608 0.4980392 0.5019608 0.4980392 0.5019608 0.4980392 0.5019608 0.4980392 0.5019608 0.4980392 0.5019608 0.4980392 0.5019608 0.4980392 0.5019608 0.4980392 0.5019608 0.4980392 0.5019608 0.4980392 0.5019608 0.4980392 0.5019608 0.4980392 0.5019608 0.4980392 0.5019608 0.4980392 0.5019608 0.4980392 0.5019608 0.4980392 0.5019608 0.4980392 0.5019608 0.4980392 0.5019608 0.4980392 0.5019608 0.4980392 0.5019608 0.4980392 0.5019608 0.4980392 0.5019608 0.4980392 0.5019608 0.4980392 0.5019608 0.4980392 0.5019608 0.4980392 0.5019608 0.4980392 0.5019608 0.4980392 0.5019608 0.4980392 0.5019608 0.4980392 0.5019608 0.4980392 0.5019608 0.4980392 0.5019608 0.4980392 0.5019608 0.4980392 0.5019608 0.4980392 0.5019608 0.4980392 0.5019608 0.4980392 0.5019608 0.4980392 0.5019608 0.4980392 0.5019608 0.4980392 0.5019608 0.4980392 0.5019608 0.4980392 0.5019608 0.4980392 0.5019608 0.4980392 0.5019608 0.4980392 0.5019608 0.4980392 0.5019608 0.4980392 0.5019608 0.4980392 0.5019608 0.4980392 0.5019608 0.4980392 0.5019608 0.4980392 0.5019608 0.4980392 0.5019608 0.4980392 0.5019608 0.4980392 0.5019608 0.4980392 0.5019608 0.4980392 0.5019608 0.4980392 0.5019608 0.4980392 0.5019608 0.4980392 0.5019608 0.4980392 0.5019608 0.4980392 0.5019608 0.4980392 0.5019608 0.4980392 0.5019608 0.4980392 0.5019608 0.4980392 0.5019608 0.4980392 0.5019608 0.4980392 0.5019608 0.4980392 0.5019608 0.4980392 0.5019608 0.4980392 0.5019608 0.4980392 0.5019608 0.4980392 0.5019608 0.4980392 0.5019608 0.4980392 0.5019608 0.4980392 0.5019608 0.4980392 0.5019608 0.4980392 0.5019608 0.4980392 0.5019608 0.4980392 0.5019608 0.4980392 0.5019608 0.4980392 0.5019608 0.4980392 0.5019608 0.4980392 0.5019608 0.4980392 0.5019608 0.4980392 0.5019608 0.4980392 0.5019608 0.4980392 0.5019608 0.4980392 0.5019608 0.4980392 0.5019608 0.2 0.8000001 0.2 0.8000001 0.2 0.8000001 0.2 0.8000001 0.3098039 0.6901961 0.3098039 0.6901961 0.4117647 0.5882353 0.4117647 0.5882353 0.4980392 0.5019608 0.4980392 0.5019608 0.4980392 0.5019608 0.4980392 0.5019608 0.4980392 0.5019608 0.4980392 0.5019608 0.4980392 0.5019608 0.4980392 0.5019608 0.4980392 0.5019608 0.4980392 0.5019608 0.4980392 0.5019608 0.4980392 0.5019608 0.4980392 0.5019608 0.4980392 0.5019608 0.4980392 0.5019608 0.4980392 0.5019608 0.4980392 0.5019608 0.4980392 0.5019608 0.4980392 0.5019608 0.4980392 0.5019608 0.4980392 0.5019608 0.4980392 0.5019608 0.4980392 0.5019608 0.4980392 0.5019608 0.4980392 0.5019608 0.4980392 0.5019608 0.4980392 0.5019608 0.4980392 0.5019608 0.4980392 0.5019608 0.4980392 0.5019608 0.4980392 0.5019608 0.4980392 0.5019608 0.4980392 0.5019608 0.4980392 0.5019608 0.4980392 0.5019608 0.4980392 0.5019608 0.4980392 0.5019608 0.4980392 0.5019608 0.4980392 0.5019608 0.4980392 0.5019608 0.4980392 0.5019608 0.4980392 0.5019608 0.4980392 0.5019608 0.4980392 0.5019608 0.4980392 0.5019608 0.4980392 0.5019608 0.4 0.6 0.4 0.6 0.3019608 0.6980392 0.3019608 0.6980392 0.2 0.8000001 0.2 0.8000001 0.2 0.8000001 0.2 0.8000001 0.2 0.8000001 0.2 0.8000001 0.2 0.8000001 0.2 0.8000001 0.2 0.8000001 0.2 0.8000001 0.2 0.8000001 0.2 0.8000001 0.2 0.8000001 0.2 0.8000001 0.2 0.8000001 0.2 0.8000001 0.3019608 0.6980392 0.3019608 0.6980392 0.4 0.6 0.4 0.6 0.4980392 0.5019608 0.4980392 0.5019608 0.4980392 0.5019608 0.4980392 0.5019608 0.4980392 0.5019608 0.4980392 0.5019608 0.4980392 0.5019608 0.4980392 0.5019608 0.4980392 0.5019608 0.4980392 0.5019608 0.4980392 0.5019608 0.4980392 0.5019608 0.4980392 0.5019608 0.4980392 0.5019608 0.4117647 0.5882353 0.4117647 0.5882353 0.3098039 0.6901961 0.3098039 0.6901961 0.2 0.8000001 0.2 0.8000001 0.2 0.8000001 0.2 0.8000001 0.2 0.8000001 0.2 0.8000001 0.2 0.8000001 0.2 0.8000001 0.2 0.8000001 0.2 0.8000001 0.3019608 0.6980392 0.3019608 0.6980392 0.4 0.6 0.4 0.6 0.4980392 0.5019608 0.4980392 0.5019608 0.4980392 0.5019608 0.4980392 0.5019608 0.4980392 0.5019608 0.4980392 0.5019608 0.4980392 0.5019608 0.4980392 0.5019608 0.4980392 0.5019608 0.4980392 0.5019608 0.4980392 0.5019608 0.4980392 0.5019608 0.4980392 0.5019608 0.4980392 0.5019608 0.4980392 0.5019608 0.4980392 0.5019608 0.4980392 0.5019608 0.4980392 0.5019608 0.4980392 0.5019608 0.4980392 0.5019608 0.4980392 0.5019608 0.4980392 0.5019608 0.4980392 0.5019608 0.4980392 0.5019608 0.4980392 0.5019608 0.01176471 0.09019608 0.7882354 0.1098039 0.01176471 0.09019608 0.8470589 0.0509804 0.0509804 0.8156863 0.1215686 0.01176471 0.01176471 0.05882353 0.8784314 0.0509804 0.8470589 0.1411765 0.01176471 0.01960784 0.09019608 0.8901961 0.9294118 0.07058824 0.8313726 0.1686275 0.9294118 0.07058824 0.01176471 0.05882353 0.9294118 0.9294118 0.07058824 0.9294118 0.07058824 0.8313726 0.1686275 0.8470589 0.1411765 0.01176471 0.01176471 0.05882353 0.8784314 0.0509804 0.0509804 0.8156863 0.1215686 0.01176471 0.01176471 0.09019608 0.8470589 0.0509804 0.01176471 0.09019608 0.7882354 0.1098039 0.07058824 0.1803922 0.7490196 0.07058824 0.1882353 0.7411765 0.07058824 0.1803922 0.7490196 0.07058824 0.1607843 0.7686275 0.07058824 0.1686275 0.7607844 0.1607843 0.09019608 0.7490196 0.07058824 0.1607843 0.7686275 0.07058824 0.1490196 0.7803922 0.05882353 0.1607843 0.01176471 0.7686275 0.1803922 0.2117647 0.6078432 0.07058824 0.1490196 0.7803922 0.07843138 0.1098039 0.8117648 0.1490196 0.1882353 0.6627451 0.3607843 0.2313726 0.05882353 0.3490196 0.3215686 0.3686275 0.0509804 0.2588235 0.2196079 0.7803922 0.01176471 0.2901961 0.6980392 0.01960784 0.5294118 0.01176471 0.4392157 0.07058824 0.1490196 0.7803922 0.3294118 0.6705883 0.0509804 0.5764706 0.01176471 0.3607843 0.0509804 0.509804 0.4392157 0.3215686 0.6784314 0.03137255 0.5294118 0.4392157 0.09019608 0.07843138 0.8313726 0.3019608 0.6980392 0.01176471 0.4901961 0.4980392 0.09019608 0.07843138 0.8313726 0.09019608 0.07058824 0.8392158 0.2509804 0.7490196 0.01176471 0.5176471 0.4705883 0.09019608 0.07058824 0.8392158 0.07843138 0.09019608 0.8313726 0.09019608 0.07843138 0.8313726 0.09019608 0.07843138 0.8313726 0.07843138 0.1019608 0.8196079 0.2392157 0.7607844 0.07843138 0.09019608 0.8313726 0.01960784 0.5176471 0.01176471 0.4509804 0.07843138 0.09019608 0.8313726 0.07843138 0.1019608 0.8196079 0.07843138 0.1019608 0.8196079 0.07843138 0.1019608 0.8196079 0.07843138 0.1294118 0.7921569 0.07843138 0.1294118 0.7921569 0.07843138 0.1215686 0.8000001 0.07058824 0.1490196 0.7803922 0.2509804 0.7490196 0.3098039 0.6901961 0.03921569 0.6 0.01960784 0.3411765 0.07843138 0.1215686 0.8000001 0.3215686 0.6784314 0.03921569 0.6 0.03137255 0.3294118 0.1882353 0.5019608 0.0509804 0.2588235 0.07843138 0.1215686 0.8000001 0.03921569 0.1607843 0.01176471 0.7882354 0.07058824 0.1803922 0.7490196 0.07058824 0.1882353 0.7411765 0.1607843 0.09019608 0.7490196 0.09019608 0.2784314 0.6313726 0.1803922 0.2117647 0.6078432 0.3607843 0.2313726 0.05882353 0.3490196 0.07058824 0.1803922 0.7490196 0.07058824 0.1882353 0.7411765 0.07058824 0.1803922 0.7490196 0.07058824 0.1607843 0.7686275 0.07058824 0.1686275 0.7607844 0.1607843 0.09019608 0.7490196 0.07058824 0.1607843 0.7686275 0.07058824 0.1490196 0.7803922 0.05882353 0.1607843 0.01176471 0.7686275 0.1803922 0.2196079 0.03137255 0.5686275 0.07058824 0.1490196 0.7803922 0.07843138 0.1098039 0.8117648 0.1607843 0.2509804 0.03137255 0.5568628 0.3607843 0.2313726 0.05882353 0.3490196 0.3215686 0.3686275 0.0509804 0.2588235 0.07058824 0.1490196 0.7803922 0.01176471 0.3019608 0.6862745 0.01960784 0.5294118 0.01176471 0.4392157 0.07058824 0.1490196 0.7803922 0.3294118 0.6705883 0.0509804 0.5764706 0.01176471 0.3607843 0.0509804 0.509804 0.4392157 0.3215686 0.6784314 0.03137255 0.5176471 0.4509804 0.09019608 0.07843138 0.8313726 0.3019608 0.6980392 0.01176471 0.4784314 0.509804 0.09019608 0.07843138 0.8313726 0.09019608 0.07058824 0.8392158 0.2509804 0.7490196 0.03137255 0.4980392 0.4705883 0.09019608 0.07058824 0.8392158 0.07843138 0.09019608 0.8313726 0.09019608 0.07058824 0.8392158 0.2392157 0.7607844 0.01960784 0.5176471 0.01176471 0.4509804 0.09019608 0.07843138 0.8313726 0.07843138 0.1019608 0.8196079 0.07843138 0.09019608 0.8313726 0.07843138 0.09019608 0.8313726 0.07843138 0.1019608 0.8196079 0.07843138 0.1019608 0.8196079 0.07843138 0.1019608 0.8196079 0.07843138 0.1294118 0.7921569 0.07843138 0.1294118 0.7921569 0.07843138 0.1215686 0.8000001 0.07058824 0.1490196 0.7803922 0.2509804 0.7490196 0.3019608 0.6980392 0.03921569 0.6 0.01960784 0.3411765 0.07843138 0.1215686 0.8000001 0.3215686 0.6784314 0.03921569 0.6 0.03137255 0.3294118 0.1882353 0.5019608 0.0509804 0.2588235 0.07843138 0.1215686 0.8000001 0.03921569 0.1686275 0.7921569 0.07058824 0.1803922 0.7490196 0.07058824 0.1882353 0.7411765 0.1607843 0.09019608 0.7490196 0.09019608 0.2784314 0.01176471 0.6196079 0.1803922 0.2196079 0.03137255 0.5686275 0.3607843 0.2313726 0.05882353 0.3490196 0.4980392 0.5019608 0.4980392 0.5019608 0.4980392 0.5019608 0.4980392 0.5019608 0.4980392 0.5019608 0.4980392 0.5019608 0.4980392 0.5019608 0.4980392 0.5019608 0.4980392 0.5019608 0.4980392 0.5019608 0.4980392 0.5019608 0.4980392 0.5019608 0.4980392 0.5019608 0.4980392 0.5019608 0.4980392 0.5019608 0.4980392 0.5019608 0.4980392 0.5019608 0.4980392 0.5019608 0.4980392 0.5019608 0.4980392 0.5019608 0.4980392 0.5019608 0.4980392 0.5019608 0.4980392 0.5019608 0.4980392 0.5019608 0.4980392 0.5019608 0.4980392 0.5019608 0.4980392 0.5019608 0.4980392 0.5019608 0.4980392 0.5019608 0.4980392 0.5019608 0.4980392 0.5019608 0.4980392 0.5019608 0.4980392 0.5019608 0.4980392 0.5019608 0.4980392 0.5019608 0.4980392 0.5019608 0.4980392 0.5019608 0.4980392 0.5019608 0.4980392 0.5019608 0.4980392 0.5019608 0.4980392 0.5019608 0.4980392 0.5019608 0.4980392 0.5019608 0.4980392 0.5019608 0.4980392 0.5019608 0.4980392 0.5019608 0.4980392 0.5019608 0.4980392 0.5019608 0.4980392 0.5019608 0.4980392 0.5019608 0.4980392 0.5019608 0.4980392 0.5019608 0.4980392 0.5019608 0.4980392 0.5019608 0.4980392 0.5019608 0.4980392 0.5019608 0.4980392 0.5019608 0.4980392 0.5019608 0.4980392 0.5019608 0.4980392 0.5019608 0.4980392 0.5019608 0.4980392 0.5019608 0.4980392 0.5019608 0.4980392 0.5019608 0.4980392 0.5019608 0.4980392 0.5019608 0.4980392 0.5019608 0.4980392 0.5019608 0.4980392 0.5019608 0.4980392 0.5019608 0.4980392 0.5019608 0.4980392 0.5019608 0.4980392 0.5019608 0.4980392 0.5019608 0.4980392 0.5019608 0.4980392 0.5019608 0.4980392 0.5019608 0.4980392 0.5019608 0.4980392 0.5019608 0.4980392 0.5019608 0.4980392 0.5019608 0.4980392 0.5019608 0.4980392 0.5019608 0.4980392 0.5019608 0.4980392 0.5019608 0.4980392 0.5019608 0.4980392 0.5019608 0.4980392 0.5019608 0.4980392 0.5019608 0.4980392 0.5019608 0.4980392 0.5019608 0.4980392 0.5019608 0.4980392 0.5019608 0.4980392 0.5019608 0.4980392 0.5019608 0.4980392 0.5019608 0.4980392 0.5019608 0.4980392 0.5019608 0.4980392 0.5019608 0.4980392 0.5019608 0.4980392 0.5019608 0.4980392 0.5019608 0.4980392 0.5019608 0.4980392 0.5019608 0.4980392 0.5019608 0.4980392 0.5019608 0.4980392 0.5019608 0.4980392 0.5019608 0.4980392 0.5019608 0.4980392 0.5019608 0.4980392 0.5019608 0.4980392 0.5019608 0.4980392 0.5019608 0.4980392 0.5019608 0.4980392 0.5019608 0.4980392 0.5019608 0.4980392 0.5019608 0.4980392 0.5019608 0.4980392 0.5019608 0.4980392 0.5019608 0.4980392 0.5019608 0.4980392 0.5019608 0.4980392 0.5019608 0.4980392 0.5019608 0.4980392 0.5019608 0.4980392 0.5019608 0.4980392 0.5019608 0.4980392 0.5019608 0.4980392 0.5019608 0.4980392 0.5019608 0.4980392 0.5019608 0.4980392 0.5019608 0.4980392 0.5019608 0.4980392 0.5019608 0.1490196 0.03137255 0.8196079 0.1294118 0.01960784 0.8509805 0.2901961 0.09019608 0.01960784 0.6 0.2784314 0.07843138 0.01176471 0.6313726 0.3686275 0.2313726 0.1215686 0.2784314 0.1098039 0.01960784 0.8705883 0.09019608 0.01176471 0.8980393 0.2705882 0.07058824 0.01176471 0.6470588 0.3803922 0.2196079 0.1098039 0.2901961 0.2509804 0.3019608 0.3686275 0.07843138 0.07058824 0.01176471 0.9176471 0.2588235 0.05882353 0.682353 0.1490196 0.03137255 0.8196079 0.1294118 0.01960784 0.8509805 0.2901961 0.09019608 0.01960784 0.6 0.1098039 0.01960784 0.8705883 0.2784314 0.07843138 0.01176471 0.6313726 0.3686275 0.2313726 0.1215686 0.2784314 0.09019608 0.01176471 0.8980393 0.2705882 0.07058824 0.01176471 0.6470588 0.3803922 0.2196079 0.1098039 0.2901961 0.2509804 0.3019608 0.3686275 0.07843138 0.07058824 0.01176471 0.9176471 0.2588235 0.05882353 0.682353 0.3803922 0.2196079 0.1098039 0.2901961 0.2509804 0.3019608 0.3686275 0.07843138 0.03921569 0.2313726 0.6 0.1294118 0.3764706 0.2196079 0.1019608 0.3019608 0.0509804 0.2705882 0.6470588 0.03137255 0.2588235 0.05882353 0.682353 0.2509804 0.3019608 0.3686275 0.07843138 0.2509804 0.3019608 0.3764706 0.07058824 0.3764706 0.2196079 0.1019608 0.3019608 0.05882353 0.9411765 0.2509804 0.0509804 0.6980392 0.2588235 0.05882353 0.682353 0.3764706 0.2196079 0.1019608 0.3019608 0.3764706 0.2196079 0.1019608 0.3019608 0.3764706 0.2196079 0.1019608 0.3019608 0.3803922 0.2196079 0.1098039 0.2901961 0.2509804 0.3019608 0.3764706 0.07058824 0.2509804 0.3019608 0.3686275 0.07843138 0.03921569 0.2313726 0.6 0.1294118 0.2509804 0.3019608 0.3686275 0.07843138 0.0509804 0.2705882 0.6470588 0.03137255 0.1215686 0.4313726 0.3882353 0.05882353 0.3607843 0.2313726 0.05882353 0.3490196 0.1882353 0.5019608 0.0509804 0.2588235 0.03921569 0.2196079 0.6313726 0.1098039 0.09019608 0.5686275 0.3098039 0.03137255 0.01176471 0.4509804 0.4784314 0.05882353 0.03137255 0.2117647 0.7372549 0.01960784 0.01960784 0.1019608 0.8392158 0.03921569 0.01176471 0.9176471 0.07058824 0.01176471 0.07843138 0.909804 0.03137255 0.2 0.7686275 0.2509804 0.3019608 0.3764706 0.07058824 0.03137255 0.2 0.7686275 0.2509804 0.3019608 0.3764706 0.07058824 0.2509804 0.3019608 0.3764706 0.07058824 0.01176471 0.07058824 0.9176471 0.03137255 0.2 0.7686275 0.03137255 0.2117647 0.7372549 0.01960784 0.01176471 0.07843138 0.909804 0.03921569 0.2196079 0.6313726 0.1098039 0.01960784 0.1019608 0.8392158 0.03921569 0.09019608 0.5686275 0.3098039 0.03137255 0.1215686 0.4313726 0.3882353 0.05882353 0.3607843 0.2313726 0.05882353 0.3490196 0.1882353 0.5019608 0.0509804 0.2588235 0.01176471 0.9176471 0.07058824 0.01176471 0.4509804 0.4784314 0.05882353 0.4 0.509804 0.05882353 0.03137255 0.03921569 0.6 0.03137255 0.3294118 0.9215687 0.07843138 0.1686275 0.6509804 0.03921569 0.1411765 0.03921569 0.6 0.01960784 0.3411765 0.01960784 0.5176471 0.01176471 0.4509804 0.909804 0.09019608 0.9215687 0.07843138 0.4 0.509804 0.05882353 0.03137255 0.03921569 0.6 0.03137255 0.3294118 0.909804 0.09019608 0.1686275 0.6509804 0.03921569 0.1411765 0.03921569 0.6 0.01960784 0.3411765 0.01960784 0.5176471 0.01176471 0.4509804 0.4980392 0.3803922 0.1215686 0.2784314 0.5215687 0.2 0.03137255 0.4980392 0.4705883 0.5607843 0.3607843 0.07843138 0.2901961 0.5607843 0.1490196 0.1098039 0.7882354 0.1019608 0.01176471 0.4784314 0.509804 0.2117647 0.7098039 0.07843138 0.9411765 0.05882353 0.8509805 0.1490196 0.9411765 0.05882353 0.9294118 0.07058824 0.9411765 0.05882353 0.8509805 0.1490196 0.5607843 0.3803922 0.05882353 0.4980392 0.3803922 0.1215686 0.2784314 0.5215687 0.2 0.2901961 0.6196079 0.09019608 0.01176471 0.5176471 0.4705883 0.1098039 0.8117648 0.07843138 0.2 0.7411765 0.05882353 0.01176471 0.4901961 0.4980392 0.03921569 0.2313726 0.6 0.1294118 0.3215686 0.3686275 0.0509804 0.2588235 0.3607843 0.2313726 0.05882353 0.3490196 0.03921569 0.2313726 0.6 0.1294118 0.2509804 0.3019608 0.3686275 0.07843138 0.03921569 0.2392157 0.5607843 0.1607843 0.01960784 0.5294118 0.01176471 0.4392157 0.2509804 0.3019608 0.3686275 0.07843138 0.3686275 0.2313726 0.1215686 0.2784314 0.3686275 0.2313726 0.1215686 0.2784314 0.01176471 0.3098039 0.6 0.07843138 0.0509804 0.5764706 0.01176471 0.3607843 0.3098039 0.1098039 0.01176471 0.5686275 0.2901961 0.09019608 0.01960784 0.6 0.1490196 0.03137255 0.8196079 0.1607843 0.03137255 0.8078432 0.3215686 0.1215686 0.01960784 0.5372549 0.3686275 0.2313726 0.1294118 0.2705882 0.2509804 0.3019608 0.3686275 0.07843138 0.3098039 0.1215686 0.01960784 0.5490196 0.03921569 0.2509804 0.6196079 0.09019608 0.3686275 0.2313726 0.1294118 0.2705882 0.03921569 0.2588235 0.6901961 0.01176471 0.2509804 0.3019608 0.3764706 0.07058824 0.03921569 0.7294118 0.2117647 0.01960784 0.3686275 0.2313726 0.1294118 0.2705882 0.2509804 0.3019608 0.3764706 0.07058824 0.3098039 0.1098039 0.01960784 0.5607843 0.2509804 0.3019608 0.3764706 0.07058824 0.3686275 0.2313726 0.1294118 0.2705882 0.1686275 0.03137255 0.8000001 0.3098039 0.1215686 0.01960784 0.5490196 0.2509804 0.3019608 0.3686275 0.07843138 0.1686275 0.03137255 0.8000001 0.03921569 0.2588235 0.6901961 0.01176471 0.03921569 0.2588235 0.7019608 0.1686275 0.03137255 0.8000001 0.01176471 0.05882353 0.9294118 0.01176471 0.9882354 0.01176471 0.9882354 0.01176471 0.9882354 0.1686275 0.03137255 0.8000001 0.01176471 0.9882354 0.1686275 0.03137255 0.8000001 0.1607843 0.03137255 0.8078432 0.1490196 0.03137255 0.8196079 0.2901961 0.09019608 0.01960784 0.6 0.3215686 0.1215686 0.01960784 0.5372549 0.3098039 0.1098039 0.01176471 0.5686275 0.3686275 0.2313726 0.1215686 0.2784314 0.3686275 0.2313726 0.1294118 0.2705882 0.3686275 0.2313726 0.1215686 0.2784314 0.2509804 0.3019608 0.3686275 0.07843138 0.2509804 0.3019608 0.3686275 0.07843138 0.03921569 0.2313726 0.6 0.1294118 0.03921569 0.2313726 0.6 0.1294118 0.03921569 0.2392157 0.5607843 0.1607843 0.3215686 0.3686275 0.0509804 0.2588235 0.3607843 0.2313726 0.05882353 0.3490196 0.01960784 0.5294118 0.01176471 0.4392157 0.03921569 0.2509804 0.6196079 0.09019608 0.01176471 0.3098039 0.6 0.07843138 0.0509804 0.5764706 0.01176471 0.3607843 0.03921569 0.7294118 0.2117647 0.01960784 0.01176471 0.05882353 0.8784314 0.0509804 0.7450981 0.2313726 0.01176471 0.01176471 0.9294118 0.07058824 0.3803922 0.5490196 0.0509804 0.01960784 0.0509804 0.509804 0.4392157 0.7568628 0.2313726 0.01176471 0.3294118 0.6 0.01176471 0.05882353 0.03137255 0.5176471 0.4509804 0.9294118 0.07058824 0.7764707 0.2117647 0.01176471 0.4588236 0.4901961 0.0509804 0.9294118 0.07058824 0.1686275 0.7411765 0.09019608 0.2117647 0.7098039 0.07843138 0.01176471 0.4784314 0.509804 0.2117647 0.7098039 0.07843138 0.1098039 0.7882354 0.1019608 0.9294118 0.07058824 0.7568628 0.2313726 0.01176471 0.7764707 0.2117647 0.01176471 0.01176471 0.05882353 0.8784314 0.0509804 0.7450981 0.2313726 0.01176471 0.01176471 0.3803922 0.5490196 0.0509804 0.01960784 0.0509804 0.509804 0.4392157 0.3294118 0.6 0.01176471 0.05882353 0.03137255 0.5294118 0.4392157 0.4588236 0.4901961 0.0509804 0.1686275 0.7529413 0.07843138 0.01176471 0.4901961 0.4980392 0.2117647 0.7176471 0.07058824 0.1098039 0.8117648 0.07843138 0.2 0.7411765 0.05882353 0.2784314 0.7098039 0.01176471 0.4509804 0.5490196 0.2509804 0.7294118 0.01960784 0.4 0.5803922 0.01960784 0.5686275 0.4313726 0.2901961 0.6196079 0.09019608 0.2 0.7411765 0.05882353 0.5294118 0.4509804 0.01960784 0.6784314 0.3215686 0.5607843 0.3803922 0.05882353 0.6980392 0.3019608 0.7803922 0.2196079 0.8000001 0.2 0.8509805 0.1490196 0.8784314 0.1215686 0.8705883 0.1294118 0.909804 0.09019608 0.909804 0.09019608 0.9294118 0.07058824 0.9411765 0.05882353 0.9215687 0.07843138 0.9215687 0.07843138 0.8509805 0.1490196 0.8705883 0.1294118 0.8784314 0.1215686 0.8000001 0.2 0.5607843 0.3607843 0.07843138 0.7803922 0.2196079 0.6980392 0.3019608 0.6784314 0.3215686 0.5294118 0.4313726 0.03921569 0.2901961 0.5607843 0.1490196 0.5686275 0.4313726 0.4 0.5411765 0.05882353 0.4509804 0.5490196 0.2509804 0.6980392 0.0509804 0.2117647 0.7098039 0.07843138 0.2705882 0.6980392 0.03137255 0.2705882 0.6705883 0.05882353 0.2117647 0.7098039 0.07843138 0.2901961 0.6705883 0.03921569 0.5490196 0.4117647 0.03921569 0.4588236 0.4901961 0.0509804 0.5568628 0.4117647 0.03137255 0.8392158 0.1607843 0.7764707 0.2117647 0.01176471 0.8509805 0.1490196 0.9294118 0.07058824 0.9294118 0.07058824 0.9294118 0.07058824 0.9294118 0.07058824 0.9294118 0.07058824 0.9294118 0.07058824 0.8509805 0.1490196 0.8392158 0.1607843 0.7764707 0.2117647 0.01176471 0.5607843 0.4196079 0.01960784 0.4588236 0.4901961 0.0509804 0.5490196 0.4196079 0.03137255 0.2901961 0.6901961 0.01960784 0.2117647 0.7176471 0.07058824 0.2705882 0.6980392 0.03137255 0.2784314 0.7098039 0.01176471 0.2 0.7411765 0.05882353 0.2509804 0.7294118 0.01960784 0.4980392 0.5019608 0.4980392 0.5019608 0.4980392 0.5019608 0.4980392 0.5019608 0.4980392 0.5019608 0.4980392 0.5019608 0.4980392 0.5019608 0.4980392 0.5019608 0.4980392 0.5019608 0.4980392 0.5019608 0.4980392 0.5019608 0.4980392 0.5019608 0.4980392 0.5019608 0.4980392 0.5019608 0.4980392 0.5019608 0.4980392 0.5019608 0.4980392 0.5019608 0.4980392 0.5019608 0.4980392 0.5019608 0.4980392 0.5019608 0.4980392 0.5019608 0.4980392 0.5019608 0.4980392 0.5019608 0.4980392 0.5019608 0.4980392 0.5019608 0.4980392 0.5019608 0.4980392 0.5019608 0.4980392 0.5019608 0.4980392 0.5019608 0.4980392 0.5019608 0.4980392 0.5019608 0.4980392 0.5019608 0.4980392 0.5019608 0.4980392 0.5019608 0.4980392 0.5019608 0.4980392 0.5019608 0.4980392 0.5019608 0.4980392 0.5019608 0.4980392 0.5019608 0.4980392 0.5019608 0.4980392 0.5019608 0.4980392 0.5019608 0.4980392 0.5019608 0.4980392 0.5019608 0.4980392 0.5019608 0.4980392 0.5019608 0.4980392 0.5019608 0.4980392 0.5019608 0.4980392 0.5019608 0.4980392 0.5019608 0.4980392 0.5019608 0.4980392 0.5019608 0.4980392 0.5019608 0.4980392 0.5019608 0.4980392 0.5019608 0.4980392 0.5019608 0.4980392 0.5019608 0.4980392 0.5019608 0.4980392 0.5019608 0.4980392 0.5019608 0.4980392 0.5019608 0.4980392 0.5019608 0.4980392 0.5019608 0.4980392 0.5019608 0.4980392 0.5019608 0.4980392 0.5019608 0.4980392 0.5019608 0.4980392 0.5019608 0.4980392 0.5019608 0.4980392 0.5019608 0.2 0.8000001 0.2 0.8000001 0.2 0.8000001 0.2 0.8000001 0.2 0.8000001 0.2 0.8000001 0.2 0.8000001 0.2 0.8000001 0.2 0.8000001 0.2 0.8000001 0.2509804 0.7490196 0.2 0.8000001 0.3019608 0.6980392 0.3019608 0.6980392 0.2 0.8000001 0.3490196 0.6509804 0.3098039 0.6901961 0.4 0.6 0.4 0.6 0.3098039 0.6901961 0.2 0.8000001 0.2 0.8000001 0.2 0.8000001 0.2 0.8000001 0.2 0.8000001 0.2 0.8000001 0.2 0.8000001 0.2 0.8000001 0.2 0.8000001 0.2 0.8000001 0.4509804 0.5490196 0.4901961 0.509804 0.4117647 0.5882353 0.4117647 0.5882353 0.4901961 0.509804 0.3607843 0.6392157 0.4117647 0.5882353 0.3098039 0.6901961 0.3098039 0.6901961 0.4117647 0.5882353 0.2509804 0.7490196 0.3098039 0.6901961 0.2 0.8000001 0.2 0.8000001 0.3098039 0.6901961 0.4980392 0.5019608 0.4980392 0.5019608 0.4980392 0.5019608 0.4980392 0.5019608 0.4980392 0.5019608 0.4980392 0.5019608 0.4980392 0.5019608 0.4980392 0.5019608 0.4980392 0.5019608 0.4980392 0.5019608 0.4980392 0.5019608 0.4980392 0.5019608 0.4980392 0.5019608 0.4980392 0.5019608 0.4980392 0.5019608 0.4980392 0.5019608 0.4980392 0.5019608 0.4980392 0.5019608 0.4980392 0.5019608 0.4980392 0.5019608 0.4980392 0.5019608 0.4980392 0.5019608 0.4980392 0.5019608 0.4980392 0.5019608 0.4980392 0.5019608 0.4980392 0.5019608 0.4980392 0.5019608 0.4980392 0.5019608 0.4980392 0.5019608 0.4980392 0.5019608 0.4980392 0.5019608 0.4980392 0.5019608 0.4980392 0.5019608 0.4980392 0.5019608 0.4980392 0.5019608 0.4980392 0.5019608 0.4980392 0.5019608 0.4980392 0.5019608 0.4980392 0.5019608 0.4980392 0.5019608 0.4980392 0.5019608 0.4980392 0.5019608 0.4980392 0.5019608 0.4980392 0.5019608 0.4980392 0.5019608 0.4980392 0.5019608 0.4980392 0.5019608 0.4980392 0.5019608 0.4980392 0.5019608 0.4980392 0.5019608 0.4980392 0.5019608 0.4980392 0.5019608 0.4980392 0.5019608 0.4980392 0.5019608 0.4980392 0.5019608 0.4980392 0.5019608 0.4980392 0.5019608 0.4980392 0.5019608 0.4980392 0.5019608 0.4980392 0.5019608 0.4980392 0.5019608 0.4980392 0.5019608 0.4980392 0.5019608 0.4980392 0.5019608 0.4980392 0.5019608 0.4980392 0.5019608 0.4980392 0.5019608 0.4980392 0.5019608 0.4980392 0.5019608 0.4980392 0.5019608 0.4980392 0.5019608 0.4980392 0.5019608 0.4980392 0.5019608 0.4980392 0.5019608 0.4980392 0.5019608 0.4980392 0.5019608 0.4980392 0.5019608 0.4980392 0.5019608 0.4980392 0.5019608 0.4980392 0.5019608 0.4980392 0.5019608 0.4980392 0.5019608 0.4980392 0.5019608 0.4980392 0.5019608 0.4980392 0.5019608 0.4980392 0.5019608 0.4980392 0.5019608 0.4980392 0.5019608 0.4980392 0.5019608 0.4980392 0.5019608 0.4980392 0.5019608 0.4980392 0.5019608 0.4980392 0.5019608 0.4980392 0.5019608 0.4980392 0.5019608 0.4980392 0.5019608 0.4980392 0.5019608 0.4980392 0.5019608 0.4980392 0.5019608 0.4980392 0.5019608 0.4980392 0.5019608 0.4980392 0.5019608 0.4980392 0.5019608 0.4980392 0.5019608 0.4980392 0.5019608 0.4980392 0.5019608 0.4980392 0.5019608 0.4980392 0.5019608 0.4980392 0.5019608 0.4980392 0.5019608 0.4980392 0.5019608 0.4980392 0.5019608 0.4980392 0.5019608 0.4980392 0.5019608 0.4980392 0.5019608 0.4980392 0.5019608 0.4980392 0.5019608 0.1686275 0.2117647 0.01960784 0.6 0.07843138 0.1294118 0.7921569 0.07843138 0.1294118 0.7921569 0.07058824 0.1490196 0.7803922 0.07843138 0.1019608 0.8196079 0.07058824 0.1882353 0.7411765 0.07843138 0.1019608 0.8196079 0.07058824 0.1803922 0.7490196 0.07843138 0.09019608 0.8313726 0.07058824 0.1686275 0.7607844 0.07843138 0.1098039 0.8117648 0.07058824 0.1490196 0.7803922 0.1686275 0.2117647 0.01960784 0.6 0.07843138 0.1294118 0.7921569 0.07843138 0.1294118 0.7921569 0.07058824 0.1490196 0.7803922 0.07843138 0.1019608 0.8196079 0.07058824 0.1882353 0.7411765 0.07843138 0.1019608 0.8196079 0.07058824 0.1803922 0.7490196 0.07843138 0.09019608 0.8313726 0.07058824 0.1686275 0.7607844 0.07843138 0.1098039 0.8117648 0.07058824 0.1490196 0.7803922 0.4980392 0.5019608 0.4980392 0.5019608 0.4980392 0.5019608 0.4980392 0.5019608 0.4980392 0.5019608 0.4980392 0.5019608 0.4980392 0.5019608 0.4980392 0.5019608 0.4980392 0.5019608 0.4980392 0.5019608 0.4980392 0.5019608 0.4980392 0.5019608 0.4980392 0.5019608 0.4980392 0.5019608 0.4980392 0.5019608 0.4980392 0.5019608 0.4980392 0.5019608 0.4980392 0.5019608 0.4980392 0.5019608 0.4980392 0.5019608 0.4980392 0.5019608 0.4980392 0.5019608 0.4980392 0.5019608 0.4980392 0.5019608 0.4980392 0.5019608 0.4980392 0.5019608 0.4980392 0.5019608 0.4980392 0.5019608 0.4980392 0.5019608 0.4980392 0.5019608 0.4980392 0.5019608 0.4980392 0.5019608 0.4980392 0.5019608 0.4980392 0.5019608 0.1294118 0.8705883 0.01176471 0.9882354 0.01176471 0.9882354 0.01176471 0.9882354 0.01176471 0.9882354 0.8509805 0.1490196 0.9294118 0.07058824 0.5607843 0.4196079 0.01960784 0.2901961 0.6901961 0.01960784 0.9294118 0.07058824 0.2784314 0.7098039 0.01176471 0.8509805 0.1490196 0.4509804 0.5490196 0.5568628 0.4117647 0.03137255 0.5686275 0.4313726 0.2901961 0.6705883 0.03921569 0.6784314 0.3215686 0.2705882 0.6980392 0.03137255 0.7803922 0.2196079 0.4509804 0.5490196 0.8784314 0.1215686 0.5686275 0.4313726 0.909804 0.09019608 0.6784314 0.3215686 0.7803922 0.2196079 0.9215687 0.07843138 0.8784314 0.1215686 0.4980392 0.5019608 0.4980392 0.5019608 0.4980392 0.5019608 0.4980392 0.5019608 0.4980392 0.5019608 0.4980392 0.5019608 0.4980392 0.5019608 0.4980392 0.5019608 0.4980392 0.5019608 0.4980392 0.5019608 0.4980392 0.5019608 0.4980392 0.5019608 0.4980392 0.5019608 0.4980392 0.5019608 0.4980392 0.5019608 0.4980392 0.5019608 0.4980392 0.5019608 0.4980392 0.5019608 0.4980392 0.5019608 0.4980392 0.5019608 0.4980392 0.5019608 0.4980392 0.5019608 0.4980392 0.5019608 0.4980392 0.5019608 0.4980392 0.5019608 0.4980392 0.5019608 0.4980392 0.5019608 0.4980392 0.5019608 0.4980392 0.5019608 0.4980392 0.5019608 0.4980392 0.5019608 0.4980392 0.5019608 0.4980392 0.5019608 0.4980392 0.5019608 0.4980392 0.5019608 0.4980392 0.5019608 0.4980392 0.5019608 0.4980392 0.5019608 0.4980392 0.5019608 0.4980392 0.5019608 0.4980392 0.5019608 0.4980392 0.5019608 0.4980392 0.5019608 0.4980392 0.5019608 0.4980392 0.5019608 0.4980392 0.5019608 0.4980392 0.5019608 0.4980392 0.5019608 0.4980392 0.5019608 0.4980392 0.5019608 0.4980392 0.5019608 0.4980392 0.5019608 0.4980392 0.5019608 0.4980392 0.5019608 0.4980392 0.5019608 0.4980392 0.5019608 0.4980392 0.5019608 0.4980392 0.5019608 0.4980392 0.5019608 0.4980392 0.5019608 0.4980392 0.5019608 0.4980392 0.5019608 0.4980392 0.5019608 0.4980392 0.5019608 0.4980392 0.5019608 0.4980392 0.5019608 0.4980392 0.5019608 0.4980392 0.5019608 0.4980392 0.5019608 0.4980392 0.5019608 0.4980392 0.5019608 0.4980392 0.5019608 0.4980392 0.5019608 0.4980392 0.5019608 0.4980392 0.5019608 0.4980392 0.5019608 0.4980392 0.5019608 0.4980392 0.5019608 0.4980392 0.5019608 0.4980392 0.5019608 0.4980392 0.5019608 0.4980392 0.5019608 0.4980392 0.5019608 0.4980392 0.5019608 0.4980392 0.5019608 0.4980392 0.5019608 0.4980392 0.5019608 0.4980392 0.5019608 0.4980392 0.5019608 0.4980392 0.5019608 0.4980392 0.5019608 0.4980392 0.5019608 0.4980392 0.5019608 0.4980392 0.5019608 0.4980392 0.5019608 0.4980392 0.5019608 0.4980392 0.5019608 0.4980392 0.5019608 0.4980392 0.5019608 0.4980392 0.5019608 0.4980392 0.5019608 0.4980392 0.5019608 0.4980392 0.5019608 0.4980392 0.5019608 0.4980392 0.5019608 0.4980392 0.5019608 0.4980392 0.5019608 0.4980392 0.5019608 0.4980392 0.5019608 0.4980392 0.5019608 0.4980392 0.5019608 0.4980392 0.5019608 0.4980392 0.5019608 0.4980392 0.5019608 0.4980392 0.5019608 0.4980392 0.5019608 0.4980392 0.5019608 0.4980392 0.5019608 0.4980392 0.5019608 0.4980392 0.5019608 0.4980392 0.5019608 0.4980392 0.5019608 0.4980392 0.5019608 0.4980392 0.5019608 0.4980392 0.5019608 0.4980392 0.5019608 0.4980392 0.5019608 0.4980392 0.5019608 0.4980392 0.5019608 0.4980392 0.5019608 0.4980392 0.5019608 0.4980392 0.5019608 0.4980392 0.5019608 0.4980392 0.5019608 0.4980392 0.5019608 0.4980392 0.5019608 0.4980392 0.5019608 0.4980392 0.5019608 0.4980392 0.5019608 0.4980392 0.5019608 0.4980392 0.5019608 0.4980392 0.5019608 0.4980392 0.5019608 0.4980392 0.5019608 0.4980392 0.5019608 0.4980392 0.5019608 0.4980392 0.5019608 0.4980392 0.5019608 0.4980392 0.5019608 0.4980392 0.5019608 0.4980392 0.5019608 0.4980392 0.5019608 0.4980392 0.5019608 0.4980392 0.5019608 0.4980392 0.5019608 0.4980392 0.5019608 0.4980392 0.5019608 0.4980392 0.5019608 0.4980392 0.5019608 0.4980392 0.5019608 0.4117647 0.5882353 0.4980392 0.5019608 0.4117647 0.5882353 0.4117647 0.5882353 0.4980392 0.5019608 0.4117647 0.5882353 0.4117647 0.5882353 0.3098039 0.6901961 0.4117647 0.5882353 0.3098039 0.6901961 0.3098039 0.6901961 0.3098039 0.6901961 0.3098039 0.6901961 0.2 0.8000001 0.3098039 0.6901961 0.2 0.8000001 0.2 0.8000001 0.4980392 0.5019608 0.4980392 0.5019608 0.4980392 0.5019608 0.4980392 0.5019608 0.4980392 0.5019608 0.4980392 0.5019608 0.4980392 0.5019608 0.4980392 0.5019608 0.4980392 0.5019608 0.4980392 0.5019608 0.4980392 0.5019608 0.4980392 0.5019608 0.4980392 0.5019608 0.4980392 0.5019608 0.4980392 0.5019608 0.4117647 0.5882353 0.4980392 0.5019608 0.4980392 0.5019608 0.4980392 0.5019608 0.4117647 0.5882353 0.4980392 0.5019608 0.4980392 0.5019608 0.4117647 0.5882353 0.4980392 0.5019608 0.4980392 0.5019608 0.4980392 0.5019608 0.4980392 0.5019608 0.4980392 0.5019608 0.4980392 0.5019608 0.4980392 0.5019608 0.4980392 0.5019608 0.4980392 0.5019608 0.4980392 0.5019608 0.4980392 0.5019608 0.4980392 0.5019608 0.4980392 0.5019608 0.4980392 0.5019608 0.4980392 0.5019608 0.4980392 0.5019608 0.4980392 0.5019608 0.4980392 0.5019608 0.4980392 0.5019608 0.4980392 0.5019608 0.4980392 0.5019608 0.4980392 0.5019608 0.4980392 0.5019608 0.4980392 0.5019608 0.4980392 0.5019608 0.4980392 0.5019608 0.4980392 0.5019608 0.4980392 0.5019608 0.4980392 0.5019608 0.4980392 0.5019608 0.4980392 0.5019608 0.4980392 0.5019608 0.4980392 0.5019608 0.4980392 0.5019608 0.4980392 0.5019608 0.4980392 0.5019608 0.4980392 0.5019608 0.4980392 0.5019608 0.4980392 0.5019608 0.4980392 0.5019608 0.4980392 0.5019608 0.4980392 0.5019608 0.4980392 0.5019608 0.4980392 0.5019608 0.4980392 0.5019608 0.4980392 0.5019608 0.4980392 0.5019608 0.4980392 0.5019608 0.4980392 0.5019608 0.4980392 0.5019608 0.4980392 0.5019608 0.4980392 0.5019608 0.4980392 0.5019608 0.4980392 0.5019608 0.4980392 0.5019608 0.4980392 0.5019608 0.4980392 0.5019608 0.4980392 0.5019608 0.4980392 0.5019608 0.4980392 0.5019608 0.4980392 0.5019608 0.4980392 0.5019608 0.4980392 0.5019608 0.4980392 0.5019608 0.4980392 0.5019608 0.4980392 0.5019608 0.4980392 0.5019608 0.4980392 0.5019608 0.4980392 0.5019608 0.4980392 0.5019608 0.4980392 0.5019608 0.4980392 0.5019608 0.4980392 0.5019608 0.4980392 0.5019608 0.4980392 0.5019608 0.4980392 0.5019608 0.4980392 0.5019608 0.4980392 0.5019608 0.4980392 0.5019608 0.4980392 0.5019608 0.4980392 0.5019608 0.4980392 0.5019608 0.4980392 0.5019608 0.4980392 0.5019608 0.4980392 0.5019608 0.4980392 0.5019608 0.4980392 0.5019608 0.4980392 0.5019608 0.4980392 0.5019608 0.4980392 0.5019608 0.4980392 0.5019608 0.4980392 0.5019608 0.4980392 0.5019608 0.4980392 0.5019608 0.4980392 0.5019608 0.4980392 0.5019608 0.4980392 0.5019608 0.4980392 0.5019608 0.4980392 0.5019608 0.4980392 0.5019608 0.4980392 0.5019608 0.4980392 0.5019608 0.4980392 0.5019608 0.4980392 0.5019608 0.4980392 0.5019608 0.4980392 0.5019608 0.4980392 0.5019608 0.4980392 0.5019608 0.4980392 0.5019608 0.4980392 0.5019608 0.4980392 0.5019608 0.4980392 0.5019608 0.4980392 0.5019608 0.4980392 0.5019608 0.4980392 0.5019608 0.4980392 0.5019608 0.4980392 0.5019608 0.4980392 0.5019608 0.4980392 0.5019608 0.4980392 0.5019608 0.4980392 0.5019608 0.4980392 0.5019608 0.4980392 0.5019608 0.4980392 0.5019608 0.4980392 0.5019608 0.4980392 0.5019608 0.4980392 0.5019608 0.4980392 0.5019608 0.4980392 0.5019608 0.4980392 0.5019608 0.2 0.8000001 0.3098039 0.6901961 0.2 0.8000001 0.3098039 0.6901961 0.3098039 0.6901961 0.2 0.8000001 0.3098039 0.6901961 0.4117647 0.5882353 0.3098039 0.6901961 0.4117647 0.5882353 0.4117647 0.5882353 0.3098039 0.6901961 0.4980392 0.5019608 0.4117647 0.5882353 0.4117647 0.5882353 0.4980392 0.5019608 0.4980392 0.5019608 0.4117647 0.5882353 0.4980392 0.5019608 0.4980392 0.5019608 0.4980392 0.5019608 0.4980392 0.5019608 0.4980392 0.5019608 0.4980392 0.5019608 0.4980392 0.5019608 0.4980392 0.5019608 0.4980392 0.5019608 0.4980392 0.5019608 0.4980392 0.5019608 0.4980392 0.5019608 0.4980392 0.5019608 0.4980392 0.5019608 0.4980392 0.5019608 0.4980392 0.5019608 0.4980392 0.5019608 0.4980392 0.5019608 0.4980392 0.5019608 0.4980392 0.5019608 0.4980392 0.5019608 0.4980392 0.5019608 0.4980392 0.5019608 0.4980392 0.5019608 0.4980392 0.5019608 0.4980392 0.5019608 0.4980392 0.5019608 0.4980392 0.5019608 0.4980392 0.5019608 0.4980392 0.5019608 0.4980392 0.5019608 0.4980392 0.5019608 0.4980392 0.5019608 0.4980392 0.5019608 0.4980392 0.5019608 0.4980392 0.5019608 0.4980392 0.5019608 0.4980392 0.5019608 0.4980392 0.5019608 0.4980392 0.5019608 0.4980392 0.5019608 0.4980392 0.5019608 0.4980392 0.5019608 0.4980392 0.5019608 0.4980392 0.5019608 0.4980392 0.5019608 0.4980392 0.5019608 0.4980392 0.5019608 0.4980392 0.5019608 0.4980392 0.5019608 0.4980392 0.5019608 0.4980392 0.5019608 0.4980392 0.5019608 0.4980392 0.5019608 0.4980392 0.5019608 0.4 0.6 0.4980392 0.5019608 0.4 0.6 0.4 0.6 0.4980392 0.5019608 0.3019608 0.6980392 0.3019608 0.6980392 0.4 0.6 0.3019608 0.6980392 0.4 0.6 0.4 0.6 0.4 0.6 0.4 0.6 0.4980392 0.5019608 0.4 0.6 0.4980392 0.5019608 0.4980392 0.5019608 0.4980392 0.5019608 0.4980392 0.5019608 0.4980392 0.5019608 0.4980392 0.5019608 0.4980392 0.5019608 0.4980392 0.5019608 0.4980392 0.5019608 0.4980392 0.5019608 0.4980392 0.5019608 0.4980392 0.5019608 0.4980392 0.5019608 0.4980392 0.5019608 0.4980392 0.5019608 0.4980392 0.5019608 0.4980392 0.5019608 0.4980392 0.5019608 0.4980392 0.5019608 0.4980392 0.5019608 0.4980392 0.5019608 0.4980392 0.5019608 0.4980392 0.5019608 0.4980392 0.5019608 0.4980392 0.5019608 0.4980392 0.5019608 0.4980392 0.5019608 0.4980392 0.5019608 0.4980392 0.5019608 0.4980392 0.5019608 0.4980392 0.5019608 0.4980392 0.5019608 0.4980392 0.5019608 0.4980392 0.5019608 0.4980392 0.5019608 0.4980392 0.5019608 0.4980392 0.5019608 0.4980392 0.5019608 0.4980392 0.5019608 0.4980392 0.5019608 0.4980392 0.5019608 0.4980392 0.5019608 0.4980392 0.5019608 0.4980392 0.5019608 0.4980392 0.5019608 0.4980392 0.5019608 0.4980392 0.5019608 0.4980392 0.5019608 0.4980392 0.5019608 0.4980392 0.5019608 0.4980392 0.5019608 0.4980392 0.5019608 0.4980392 0.5019608 0.4980392 0.5019608 0.4980392 0.5019608 0.4980392 0.5019608 0.4980392 0.5019608 0.4980392 0.5019608 0.4980392 0.5019608 0.4980392 0.5019608 0.4980392 0.5019608 0.4980392 0.5019608 0.4980392 0.5019608 0.4980392 0.5019608 0.4980392 0.5019608 0.4980392 0.5019608 0.4980392 0.5019608 0.4980392 0.5019608 0.4980392 0.5019608 0.4980392 0.5019608 0.4980392 0.5019608 0.4980392 0.5019608 0.4980392 0.5019608 0.4980392 0.5019608 0.4980392 0.5019608 0.4980392 0.5019608 0.4980392 0.5019608 0.4980392 0.5019608 0.4980392 0.5019608 0.4980392 0.5019608 0.4980392 0.5019608 0.4980392 0.5019608 0.4980392 0.5019608 0.4980392 0.5019608 0.4980392 0.5019608 0.4980392 0.5019608 0.4980392 0.5019608 0.4980392 0.5019608 0.4980392 0.5019608 0.4980392 0.5019608 0.4980392 0.5019608 0.4980392 0.5019608 0.4980392 0.5019608 0.4980392 0.5019608 0.4980392 0.5019608 0.4980392 0.5019608 0.4980392 0.5019608 0.4980392 0.5019608 0.4980392 0.5019608 0.4980392 0.5019608 0.4980392 0.5019608 0.4980392 0.5019608 0.4980392 0.5019608 0.4980392 0.5019608 0.4980392 0.5019608 0.4980392 0.5019608 0.4980392 0.5019608 0.4980392 0.5019608 0.4980392 0.5019608 0.4980392 0.5019608 0.4980392 0.5019608 0.4980392 0.5019608 0.4980392 0.5019608 0.4980392 0.5019608 0.4980392 0.5019608 0.4980392 0.5019608 0.4980392 0.5019608 0.4980392 0.5019608 0.4980392 0.5019608 0.4980392 0.5019608 0.4980392 0.5019608 0.4980392 0.5019608 0.4980392 0.5019608 0.4980392 0.5019608 0.4980392 0.5019608 0.4980392 0.5019608 0.4980392 0.5019608 0.4980392 0.5019608 0.4980392 0.5019608 0.4980392 0.5019608 0.4980392 0.5019608 0.4980392 0.5019608 0.4980392 0.5019608 0.4980392 0.5019608 0.4980392 0.5019608 0.4980392 0.5019608 0.4980392 0.5019608 0.4980392 0.5019608 0.4980392 0.5019608 0.4980392 0.5019608 0.4980392 0.5019608 0.4980392 0.5019608 0.4980392 0.5019608 0.4980392 0.5019608 0.4980392 0.5019608 0.4980392 0.5019608 0.4980392 0.5019608 0.4980392 0.5019608 0.4980392 0.5019608 0.4980392 0.5019608 0.4980392 0.5019608 0.4980392 0.5019608 0.4980392 0.5019608 0.4980392 0.5019608 0.4980392 0.5019608 0.4980392 0.5019608 0.4980392 0.5019608 0.4980392 0.5019608 0.4980392 0.5019608 0.4980392 0.5019608 0.4980392 0.5019608 0.4980392 0.5019608 0.4980392 0.5019608 0.4980392 0.5019608 0.4980392 0.5019608 0.4980392 0.5019608 0.4980392 0.5019608 0.4980392 0.5019608 0.4980392 0.5019608 0.4980392 0.5019608 0.4980392 0.5019608 0.4980392 0.5019608 0.4980392 0.5019608 0.4980392 0.5019608 0.4980392 0.5019608 0.4980392 0.5019608 0.4980392 0.5019608 0.4980392 0.5019608 0.4980392 0.5019608 0.4980392 0.5019608 0.4980392 0.5019608 0.4980392 0.5019608 0.4980392 0.5019608 0.4980392 0.5019608 0.4980392 0.5019608 0.4980392 0.5019608 0.4980392 0.5019608 0.4980392 0.5019608 0.4980392 0.5019608 0.4980392 0.5019608 0.4980392 0.5019608 0.4980392 0.5019608 0.4980392 0.5019608 0.4980392 0.5019608 0.4980392 0.5019608 0.4980392 0.5019608 0.4980392 0.5019608 0.4980392 0.5019608 0.4980392 0.5019608 0.4980392 0.5019608 0.4980392 0.5019608 0.4980392 0.5019608 0.4980392 0.5019608 0.4980392 0.5019608 0.4980392 0.5019608 0.4980392 0.5019608 0.4980392 0.5019608 0.4980392 0.5019608 0.4980392 0.5019608 0.4980392 0.5019608 0.4980392 0.5019608 0.4980392 0.5019608 0.4980392 0.5019608 0.4980392 0.5019608 0.4980392 0.5019608 0.4980392 0.5019608 0.4980392 0.5019608 0.4980392 0.5019608 0.4980392 0.5019608 0.4980392 0.5019608 0.4980392 0.5019608 0.4980392 0.5019608 0.4980392 0.5019608 0.4980392 0.5019608 0.4980392 0.5019608 0.4980392 0.5019608 0.4980392 0.5019608 0.4980392 0.5019608 0.4980392 0.5019608 0.4980392 0.5019608 0.4980392 0.5019608 0.4980392 0.5019608 0.4980392 0.5019608 0.4980392 0.5019608 0.4980392 0.5019608 0.4980392 0.5019608 0.4980392 0.5019608 0.4980392 0.5019608 0.4980392 0.5019608 0.4980392 0.5019608 0.4980392 0.5019608 0.4980392 0.5019608 0.4980392 0.5019608 0.4980392 0.5019608 0.4980392 0.5019608 0.4980392 0.5019608 0.4980392 0.5019608 0.4980392 0.5019608 0.4980392 0.5019608 0.4980392 0.5019608 0.4980392 0.5019608 0.4980392 0.5019608 0.4117647 0.5882353 0.4117647 0.5882353 0.4980392 0.5019608 0.3098039 0.6901961 0.4117647 0.5882353 0.3098039 0.6901961 0.2 0.8000001 0.3098039 0.6901961 0.2 0.8000001 0.2 0.8000001 0.2 0.8000001 0.2 0.8000001 0.2 0.8000001 0.2 0.8000001 0.2 0.8000001 0.2 0.8000001 0.2 0.8000001 0.2 0.8000001 0.3019608 0.6980392 0.3019608 0.6980392 0.4 0.6 0.4 0.6 0.4980392 0.5019608 0.4980392 0.5019608 0.4980392 0.5019608 0.4980392 0.5019608 0.4980392 0.5019608 0.4980392 0.5019608 0.4980392 0.5019608 0.4980392 0.5019608 0.4980392 0.5019608 0.4980392 0.5019608 0.4980392 0.5019608 0.4980392 0.5019608 0.4980392 0.5019608 0.4980392 0.5019608 0.4980392 0.5019608 0.4980392 0.5019608 0.4980392 0.5019608 0.4980392 0.5019608 0.4980392 0.5019608 0.4980392 0.5019608 0.4980392 0.5019608 0.4980392 0.5019608 0.4980392 0.5019608 0.4980392 0.5019608 0.4980392 0.5019608 0.4980392 0.5019608 0.4980392 0.5019608 0.4980392 0.5019608 0.4980392 0.5019608 0.4980392 0.5019608 0.4980392 0.5019608 0.4980392 0.5019608 0.4980392 0.5019608 0.4980392 0.5019608 0.4980392 0.5019608 0.4980392 0.5019608 0.4980392 0.5019608 0.4980392 0.5019608 0.4980392 0.5019608 0.4980392 0.5019608 0.4980392 0.5019608 0.4980392 0.5019608 0.4980392 0.5019608 0.4980392 0.5019608 0.4980392 0.5019608 0.4980392 0.5019608 0.4980392 0.5019608 0.4980392 0.5019608 0.4980392 0.5019608 0.4980392 0.5019608 0.4980392 0.5019608 0.4980392 0.5019608 0.4980392 0.5019608 0.4980392 0.5019608 0.4980392 0.5019608 0.4980392 0.5019608 0.4980392 0.5019608 0.4980392 0.5019608 0.4980392 0.5019608 0.4980392 0.5019608 0.4980392 0.5019608 0.4980392 0.5019608 0.4980392 0.5019608 0.4980392 0.5019608 0.4980392 0.5019608 0.4980392 0.5019608 0.4980392 0.5019608 0.4980392 0.5019608 0.4980392 0.5019608 0.4980392 0.5019608 0.4980392 0.5019608 0.4980392 0.5019608 0.4980392 0.5019608 0.4980392 0.5019608 0.4980392 0.5019608 0.4980392 0.5019608 0.4980392 0.5019608 0.4980392 0.5019608 0.4980392 0.5019608 0.4980392 0.5019608 0.4980392 0.5019608 0.4980392 0.5019608 0.4980392 0.5019608 0.4980392 0.5019608 0.4980392 0.5019608 0.4980392 0.5019608 0.4980392 0.5019608 0.4980392 0.5019608 0.4980392 0.5019608 0.4980392 0.5019608 0.4980392 0.5019608 0.4980392 0.5019608 0.4980392 0.5019608 0.4980392 0.5019608 0.4980392 0.5019608 0.4980392 0.5019608 0.4980392 0.5019608 0.2 0.8000001 0.2 0.8000001 0.2 0.8000001 0.2 0.8000001 0.4980392 0.5019608 0.4980392 0.5019608 0.4980392 0.5019608 0.4980392 0.5019608 0.4980392 0.5019608 0.4980392 0.5019608 0.4 0.6 0.4 0.6 0.4980392 0.5019608 0.4980392 0.5019608 0.4980392 0.5019608 0.4980392 0.5019608 0.4980392 0.5019608 0.4980392 0.5019608 0.4980392 0.5019608 0.4980392 0.5019608 0.4980392 0.5019608 0.4980392 0.5019608 0.4980392 0.5019608 0.4980392 0.5019608 0.2 0.8000001 0.2 0.8000001 0.2 0.8000001 0.2 0.8000001 0.4980392 0.5019608 0.4980392 0.5019608 0.4980392 0.5019608 0.4980392 0.5019608 0.4980392 0.5019608 0.4980392 0.5019608 0.4980392 0.5019608 0.4980392 0.5019608 0.4980392 0.5019608 0.4980392 0.5019608 0.4980392 0.5019608 0.4980392 0.5019608 0.4 0.6 0.3019608 0.6980392 0.4 0.6 0.3019608 0.6980392 0.3019608 0.6980392 0.2 0.8000001 0.3019608 0.6980392 0.2 0.8000001 0.2 0.8000001 0.2 0.8000001 0.2 0.8000001 0.2 0.8000001 0.2 0.8000001 0.2 0.8000001 0.2 0.8000001 0.2 0.8000001 0.2 0.8000001 0.2 0.8000001 0.2 0.8000001 0.2 0.8000001 0.2 0.8000001 0.2 0.8000001 0.2 0.8000001 0.2 0.8000001 0.2 0.8000001 0.2 0.8000001 0.2 0.8000001 0.2 0.8000001 0.2 0.8000001 0.2 0.8000001 0.2 0.8000001 0.2 0.8000001 0.2 0.8000001 0.2 0.8000001 0.3019608 0.6980392 0.3019608 0.6980392 0.4980392 0.5019608 0.4980392 0.5019608 0.4980392 0.5019608 0.4980392 0.5019608 0.4980392 0.5019608 0.4980392 0.5019608 0.4980392 0.5019608 0.4980392 0.5019608 0.4980392 0.5019608 0.4980392 0.5019608 0.4117647 0.5882353 0.4117647 0.5882353 0.2 0.8000001 0.2 0.8000001 0.2 0.8000001 0.2 0.8000001 0.2 0.8000001 0.2 0.8000001 0.2 0.8000001 0.2 0.8000001 0.4 0.6 0.4980392 0.5019608 0.4 0.6 0.4980392 0.5019608 0.4980392 0.5019608 0.4980392 0.5019608 0.4980392 0.5019608 0.4980392 0.5019608 0.4980392 0.5019608 0.4980392 0.5019608 0.4980392 0.5019608 0.4980392 0.5019608 0.4980392 0.5019608 0.4980392 0.5019608 0.4980392 0.5019608 0.4980392 0.5019608 0.4980392 0.5019608 0.4980392 0.5019608 0.4980392 0.5019608 0.4980392 0.5019608 0.4980392 0.5019608 0.4980392 0.5019608 0.4980392 0.5019608 0.4980392 0.5019608 0.4980392 0.5019608 0.4980392 0.5019608 0.4980392 0.5019608 0.4980392 0.5019608 0.4980392 0.5019608 0.4980392 0.5019608 0.4980392 0.5019608 0.4980392 0.5019608 0.4980392 0.5019608 0.4980392 0.5019608 0.4980392 0.5019608 0.4980392 0.5019608 0.4980392 0.5019608 0.4980392 0.5019608 0.4980392 0.5019608 0.4980392 0.5019608 0.4980392 0.5019608 0.4980392 0.5019608 0.4980392 0.5019608 0.4980392 0.5019608 0.4980392 0.5019608 0.4980392 0.5019608 0.4980392 0.5019608 0.4980392 0.5019608 0.4980392 0.5019608 0.4980392 0.5019608 0.4980392 0.5019608 0.4980392 0.5019608 0.4980392 0.5019608 0.4980392 0.5019608 0.4980392 0.5019608 0.4980392 0.5019608 0.4980392 0.5019608 0.4980392 0.5019608 0.4980392 0.5019608 0.4980392 0.5019608 0.4980392 0.5019608 0.4980392 0.5019608 0.4980392 0.5019608 0.4980392 0.5019608 0.4980392 0.5019608 0.4980392 0.5019608 0.4980392 0.5019608 0.4980392 0.5019608 0.4980392 0.5019608 0.4980392 0.5019608 0.4980392 0.5019608 0.4980392 0.5019608 0.4980392 0.5019608 0.4980392 0.5019608 0.4980392 0.5019608 0.4980392 0.5019608 0.4980392 0.5019608 0.4980392 0.5019608 0.4980392 0.5019608 0.4980392 0.5019608 0.4980392 0.5019608 0.4980392 0.5019608 0.4980392 0.5019608 0.4980392 0.5019608 0.4980392 0.5019608 0.4980392 0.5019608 0.4980392 0.5019608 0.4980392 0.5019608 0.4980392 0.5019608 0.4980392 0.5019608 0.4980392 0.5019608 0.4980392 0.5019608 0.4980392 0.5019608 0.4980392 0.5019608 0.4980392 0.5019608 0.4980392 0.5019608 0.4980392 0.5019608 0.4980392 0.5019608 0.4980392 0.5019608 0.4980392 0.5019608 0.4980392 0.5019608 0.4980392 0.5019608 0.4980392 0.5019608 0.4980392 0.5019608 0.4980392 0.5019608 0.4980392 0.5019608 0.4980392 0.5019608 0.4980392 0.5019608 0.4980392 0.5019608 0.4980392 0.5019608 0.4980392 0.5019608 0.4980392 0.5019608 0.4980392 0.5019608 0.4980392 0.5019608 0.4980392 0.5019608 0.4980392 0.5019608 0.4980392 0.5019608 0.4980392 0.5019608 0.4980392 0.5019608 0.4980392 0.5019608 0.4980392 0.5019608 0.4980392 0.5019608 0.4980392 0.5019608 0.4980392 0.5019608 0.4980392 0.5019608 0.4980392 0.5019608 0.4980392 0.5019608 0.4980392 0.5019608 0.4980392 0.5019608 0.4980392 0.5019608 0.4980392 0.5019608 0.4980392 0.5019608 0.4980392 0.5019608 0.4980392 0.5019608 0.4980392 0.5019608 0.4980392 0.5019608 0.4980392 0.5019608 0.4980392 0.5019608 0.4980392 0.5019608 0.4980392 0.5019608 0.4980392 0.5019608 0.4980392 0.5019608 0.4980392 0.5019608 0.4980392 0.5019608 0.4980392 0.5019608 0.4980392 0.5019608 0.4980392 0.5019608 0.2 0.8000001 0.2 0.8000001 0.3098039 0.6901961 0.3098039 0.6901961 0.4117647 0.5882353 0.4117647 0.5882353 0.2 0.8000001 0.2 0.8000001 0.3019608 0.6980392 0.3019608 0.6980392 0.4 0.6 0.4 0.6 0.01176471 0.09019608 0.7882354 0.1098039 0.01176471 0.09019608 0.8470589 0.0509804 0.0509804 0.8156863 0.1215686 0.01176471 0.01960784 0.09019608 0.8901961 0.8470589 0.1411765 0.01176471 0.9294118 0.07058824 0.8313726 0.1686275 0.9294118 0.07058824 0.8470589 0.1411765 0.01176471 0.8313726 0.1686275 0.0509804 0.8156863 0.1215686 0.01176471 0.01176471 0.09019608 0.8470589 0.0509804 0.01176471 0.09019608 0.7882354 0.1098039 0.4980392 0.5019608 0.4980392 0.5019608 0.4980392 0.5019608 0.4980392 0.5019608 0.4980392 0.5019608 0.4980392 0.5019608 0.2 0.8000001 0.2 0.8000001 0.2 0.8000001 0.2 0.8000001 0.2 0.8000001 0.2 0.8000001 0.03137255 0.4980392 0.4705883 0.2117647 0.7098039 0.07843138 0.01176471 0.4784314 0.509804 0.2901961 0.5607843 0.1490196 0.2784314 0.5215687 0.2 0.5607843 0.3607843 0.07843138 0.01960784 0.5176471 0.01176471 0.4509804 0.4980392 0.3803922 0.1215686 0.8509805 0.1490196 0.1686275 0.6509804 0.03921569 0.1411765 0.03921569 0.6 0.03137255 0.3294118 0.4 0.509804 0.05882353 0.03137255 0.909804 0.09019608 0.1882353 0.5019608 0.0509804 0.2588235 0.9215687 0.07843138 0.01176471 0.4509804 0.4784314 0.05882353 0.1215686 0.4313726 0.3882353 0.05882353 0.3607843 0.2313726 0.05882353 0.3490196 0.03921569 0.2313726 0.6 0.1294118 0.01960784 0.1019608 0.8392158 0.03921569 0.09019608 0.5686275 0.3098039 0.03137255 0.0509804 0.2705882 0.6470588 0.03137255 0.03921569 0.2196079 0.6313726 0.1098039 0.03137255 0.2117647 0.7372549 0.01960784 0.2509804 0.3019608 0.3686275 0.07843138 0.2509804 0.3019608 0.3686275 0.07843138 0.2509804 0.3019608 0.3686275 0.07843138 0.2509804 0.3019608 0.3764706 0.07058824 0.3803922 0.2196079 0.1098039 0.2901961 0.3686275 0.2313726 0.1215686 0.2784314 0.3803922 0.2196079 0.1098039 0.2901961 0.2784314 0.07843138 0.01176471 0.6313726 0.2901961 0.09019608 0.01960784 0.6 0.2705882 0.07058824 0.01176471 0.6470588 0.1294118 0.01960784 0.8509805 0.1490196 0.03137255 0.8196079 0.1098039 0.01960784 0.8705883 0.09019608 0.01176471 0.8980393 0.2588235 0.05882353 0.682353 0.07058824 0.01176471 0.9176471 0.3764706 0.2196079 0.1019608 0.3019608 0.2588235 0.05882353 0.682353 0.3764706 0.2196079 0.1019608 0.3019608 0.05882353 0.9411765 0.2509804 0.0509804 0.6980392 0.2509804 0.3019608 0.3764706 0.07058824 0.07058824 0.01176471 0.9176471 0.03137255 0.2 0.7686275 0.3764706 0.2196079 0.1019608 0.3019608 0.03137255 0.2 0.7686275 0.2509804 0.3019608 0.3764706 0.07058824 0.2509804 0.3019608 0.3764706 0.07058824 0.3764706 0.2196079 0.1019608 0.3019608 0.2588235 0.05882353 0.682353 0.03137255 0.2 0.7686275 0.2509804 0.3019608 0.3764706 0.07058824 0.3764706 0.2196079 0.1019608 0.3019608 0.2588235 0.05882353 0.682353 0.3803922 0.2196079 0.1098039 0.2901961 0.03137255 0.2117647 0.7372549 0.01960784 0.09019608 0.01176471 0.8980393 0.2509804 0.3019608 0.3686275 0.07843138 0.2705882 0.07058824 0.01176471 0.6470588 0.1098039 0.01960784 0.8705883 0.1490196 0.03137255 0.8196079 0.1294118 0.01960784 0.8509805 0.2901961 0.09019608 0.01960784 0.6 0.2784314 0.07843138 0.01176471 0.6313726 0.3686275 0.2313726 0.1215686 0.2784314 0.3803922 0.2196079 0.1098039 0.2901961 0.2509804 0.3019608 0.3686275 0.07843138 0.2509804 0.3019608 0.3686275 0.07843138 0.03921569 0.2313726 0.6 0.1294118 0.0509804 0.2705882 0.6470588 0.03137255 0.03921569 0.2196079 0.6313726 0.1098039 0.1215686 0.4313726 0.3882353 0.05882353 0.3607843 0.2313726 0.05882353 0.3490196 0.1882353 0.5019608 0.0509804 0.2588235 0.01176471 0.4509804 0.4784314 0.05882353 0.01176471 0.9176471 0.07058824 0.4 0.509804 0.05882353 0.03137255 0.03921569 0.6 0.03137255 0.3294118 0.909804 0.09019608 0.1686275 0.6509804 0.03921569 0.1411765 0.01960784 0.5176471 0.01176471 0.4509804 0.4980392 0.3803922 0.1215686 0.8509805 0.1490196 0.5607843 0.3803922 0.05882353 0.2784314 0.5215687 0.2 0.2901961 0.6196079 0.09019608 0.01176471 0.5176471 0.4705883 0.2 0.7411765 0.05882353 0.01176471 0.4901961 0.4980392 0.07058824 0.1803922 0.7490196 0.07058824 0.1882353 0.7411765 0.07058824 0.1803922 0.7490196 0.07058824 0.1607843 0.7686275 0.07058824 0.1686275 0.7607844 0.1607843 0.09019608 0.7490196 0.07058824 0.1607843 0.7686275 0.07058824 0.1490196 0.7803922 0.05882353 0.1607843 0.01176471 0.7686275 0.3215686 0.3686275 0.0509804 0.2588235 0.3607843 0.2313726 0.05882353 0.3490196 0.01176471 0.2901961 0.6980392 0.01960784 0.5294118 0.01176471 0.4392157 0.07058824 0.1490196 0.7803922 0.07843138 0.1098039 0.8117648 0.07058824 0.1490196 0.7803922 0.3294118 0.6705883 0.0509804 0.5764706 0.01176471 0.3607843 0.0509804 0.509804 0.4392157 0.3215686 0.6784314 0.03137255 0.5294118 0.4392157 0.09019608 0.07843138 0.8313726 0.09019608 0.07843138 0.8313726 0.09019608 0.07058824 0.8392158 0.09019608 0.07058824 0.8392158 0.07843138 0.09019608 0.8313726 0.2509804 0.7490196 0.01176471 0.4901961 0.4980392 0.01176471 0.5176471 0.4705883 0.09019608 0.07843138 0.8313726 0.07843138 0.1019608 0.8196079 0.2392157 0.7607844 0.01960784 0.5176471 0.01176471 0.4509804 0.07843138 0.09019608 0.8313726 0.07843138 0.1019608 0.8196079 0.07843138 0.1019608 0.8196079 0.07843138 0.1019608 0.8196079 0.07843138 0.1294118 0.7921569 0.07843138 0.1294118 0.7921569 0.07843138 0.1215686 0.8000001 0.07058824 0.1490196 0.7803922 0.3215686 0.6784314 0.03921569 0.6 0.03137255 0.3294118 0.1882353 0.5019608 0.0509804 0.2588235 0.07843138 0.1215686 0.8000001 0.07843138 0.1215686 0.8000001 0.07058824 0.1803922 0.7490196 0.07058824 0.1882353 0.7411765 0.03921569 0.1607843 0.01176471 0.7882354 0.1607843 0.09019608 0.7490196 0.3607843 0.2313726 0.05882353 0.3490196 0.07058824 0.1803922 0.7490196 0.07058824 0.1882353 0.7411765 0.07058824 0.1803922 0.7490196 0.07058824 0.1607843 0.7686275 0.07058824 0.1686275 0.7607844 0.1607843 0.09019608 0.7490196 0.07058824 0.1607843 0.7686275 0.07058824 0.1490196 0.7803922 0.05882353 0.1607843 0.01176471 0.7686275 0.3607843 0.2313726 0.05882353 0.3490196 0.3215686 0.3686275 0.0509804 0.2588235 0.01960784 0.5294118 0.01176471 0.4392157 0.07058824 0.1490196 0.7803922 0.07058824 0.1490196 0.7803922 0.07843138 0.1098039 0.8117648 0.3294118 0.6705883 0.0509804 0.5764706 0.01176471 0.3607843 0.0509804 0.509804 0.4392157 0.09019608 0.07843138 0.8313726 0.03137255 0.5176471 0.4509804 0.09019608 0.07843138 0.8313726 0.09019608 0.07058824 0.8392158 0.09019608 0.07058824 0.8392158 0.07843138 0.09019608 0.8313726 0.2509804 0.7490196 0.01176471 0.4784314 0.509804 0.03137255 0.4980392 0.4705883 0.09019608 0.07843138 0.8313726 0.07843138 0.1019608 0.8196079 0.07843138 0.09019608 0.8313726 0.01960784 0.5176471 0.01176471 0.4509804 0.07843138 0.09019608 0.8313726 0.07843138 0.1019608 0.8196079 0.07843138 0.1019608 0.8196079 0.07843138 0.1019608 0.8196079 0.07843138 0.1294118 0.7921569 0.07843138 0.1294118 0.7921569 0.07843138 0.1215686 0.8000001 0.07058824 0.1490196 0.7803922 0.3215686 0.6784314 0.03921569 0.6 0.03137255 0.3294118 0.1882353 0.5019608 0.0509804 0.2588235 0.07843138 0.1215686 0.8000001 0.1607843 0.09019608 0.7490196 0.3607843 0.2313726 0.05882353 0.3490196 0.03921569 0.1686275 0.7921569 0.07058824 0.1803922 0.7490196 0.07058824 0.1882353 0.7411765 0.07843138 0.1215686 0.8000001 0.4980392 0.5019608 0.4980392 0.5019608 0.4980392 0.5019608 0.4980392 0.5019608 0.2784314 0.7098039 0.01176471 0.2509804 0.7294118 0.01960784 0.2901961 0.6901961 0.01960784 0.2 0.7411765 0.05882353 0.2117647 0.7176471 0.07058824 0.5490196 0.4196079 0.03137255 0.5607843 0.4196079 0.01960784 0.4588236 0.4901961 0.0509804 0.8392158 0.1607843 0.7764707 0.2117647 0.01176471 0.8509805 0.1490196 0.9294118 0.07058824 0.9294118 0.07058824 0.9294118 0.07058824 0.9294118 0.07058824 0.9294118 0.07058824 0.9294118 0.07058824 0.8509805 0.1490196 0.8392158 0.1607843 0.7764707 0.2117647 0.01176471 0.5568628 0.4117647 0.03137255 0.4588236 0.4901961 0.0509804 0.5490196 0.4117647 0.03921569 0.2901961 0.6705883 0.03921569 0.2117647 0.7098039 0.07843138 0.2705882 0.6705883 0.05882353 0.2705882 0.6980392 0.03137255 0.2117647 0.7098039 0.07843138 0.2509804 0.6980392 0.0509804 0.4509804 0.5490196 0.2901961 0.5607843 0.1490196 0.4 0.5411765 0.05882353 0.6784314 0.3215686 0.6980392 0.3019608 0.5607843 0.3607843 0.07843138 0.7803922 0.2196079 0.8000001 0.2 0.8509805 0.1490196 0.8784314 0.1215686 0.8705883 0.1294118 0.9215687 0.07843138 0.9215687 0.07843138 0.909804 0.09019608 0.8509805 0.1490196 0.909804 0.09019608 0.8705883 0.1294118 0.8784314 0.1215686 0.8000001 0.2 0.5607843 0.3803922 0.05882353 0.7803922 0.2196079 0.6980392 0.3019608 0.6784314 0.3215686 0.5294118 0.4509804 0.01960784 0.2901961 0.6196079 0.09019608 0.4 0.5803922 0.01960784 0.4509804 0.5490196 0.2509804 0.7294118 0.01960784 0.2 0.7411765 0.05882353 0.2784314 0.7098039 0.01176471 0.4980392 0.5019608 0.4980392 0.5019608 0.4980392 0.5019608 0.4980392 0.5019608 0.4980392 0.5019608 0.4980392 0.5019608 0.4980392 0.5019608 0.4980392 0.5019608 0.4980392 0.5019608 0.4980392 0.5019608 0.4980392 0.5019608 0.4980392 0.5019608 0.4980392 0.5019608 0.4980392 0.5019608 0.4980392 0.5019608 0.4980392 0.5019608 0.4980392 0.5019608 0.4980392 0.5019608 0.4980392 0.5019608 0.4980392 0.5019608 0.4980392 0.5019608 0.4980392 0.5019608 0.4980392 0.5019608 0.4980392 0.5019608 0.4980392 0.5019608 0.4980392 0.5019608 0.4980392 0.5019608 0.4980392 0.5019608 0.4980392 0.5019608 0.4980392 0.5019608 0.4980392 0.5019608 0.4980392 0.5019608 0.4980392 0.5019608 0.4980392 0.5019608 0.4980392 0.5019608 0.4980392 0.5019608 0.4980392 0.5019608 0.4980392 0.5019608 0.4980392 0.5019608 0.4980392 0.5019608 0.4980392 0.5019608 0.4980392 0.5019608 0.4980392 0.5019608 0.4980392 0.5019608 0.4980392 0.5019608 0.4980392 0.5019608 0.4980392 0.5019608 0.4980392 0.5019608 0.4980392 0.5019608 0.4980392 0.5019608 0.4980392 0.5019608 0.4980392 0.5019608 0.4980392 0.5019608 0.4980392 0.5019608 0.4980392 0.5019608 0.4980392 0.5019608 0.4980392 0.5019608 0.4980392 0.5019608 0.4980392 0.5019608 0.4980392 0.5019608 0.4980392 0.5019608 0.4980392 0.5019608 0.4980392 0.5019608 0.4980392 0.5019608 0.4980392 0.5019608 0.4980392 0.5019608 0.4980392 0.5019608 0.4980392 0.5019608 0.4980392 0.5019608 0.4980392 0.5019608 0.4980392 0.5019608 0.4980392 0.5019608 0.4980392 0.5019608 0.4980392 0.5019608 0.4980392 0.5019608 0.4980392 0.5019608 0.4980392 0.5019608 0.4980392 0.5019608 0.4980392 0.5019608 0.4980392 0.5019608 0.4980392 0.5019608 0.4980392 0.5019608 0.4980392 0.5019608 0.4980392 0.5019608 0.4980392 0.5019608 0.4980392 0.5019608 0.4980392 0.5019608 0.4980392 0.5019608 0.4980392 0.5019608 0.4980392 0.5019608 0.4980392 0.5019608 0.4980392 0.5019608 0.4980392 0.5019608 0.4980392 0.5019608 0.4980392 0.5019608 0.4980392 0.5019608 0.4980392 0.5019608 0.4980392 0.5019608 0.4980392 0.5019608 0.4980392 0.5019608 0.4980392 0.5019608 0.4980392 0.5019608 0.4980392 0.5019608 0.4980392 0.5019608 0.4980392 0.5019608 0.4980392 0.5019608 0.4980392 0.5019608 0.4980392 0.5019608 0.4980392 0.5019608 0.4980392 0.5019608 0.4980392 0.5019608 0.4980392 0.5019608 0.4980392 0.5019608 0.4980392 0.5019608 0.4980392 0.5019608 0.4980392 0.5019608 0.4980392 0.5019608 0.4980392 0.5019608 0.4980392 0.5019608 0.4980392 0.5019608 0.4980392 0.5019608 0.4980392 0.5019608 0.4980392 0.5019608 0.4980392 0.5019608 0.4980392 0.5019608 0.4980392 0.5019608 0.4980392 0.5019608 0.4980392 0.5019608 0.4980392 0.5019608 0.03921569 0.2313726 0.6 0.1294118 0.3215686 0.3686275 0.0509804 0.2588235 0.3607843 0.2313726 0.05882353 0.3490196 0.03921569 0.2392157 0.5607843 0.1607843 0.01960784 0.5294118 0.01176471 0.4392157 0.2509804 0.3019608 0.3686275 0.07843138 0.2509804 0.3019608 0.3686275 0.07843138 0.01176471 0.3098039 0.6 0.07843138 0.0509804 0.5764706 0.01176471 0.3607843 0.3686275 0.2313726 0.1215686 0.2784314 0.3686275 0.2313726 0.1215686 0.2784314 0.3803922 0.5490196 0.0509804 0.01960784 0.0509804 0.509804 0.4392157 0.3098039 0.1098039 0.01176471 0.5686275 0.2901961 0.09019608 0.01960784 0.6 0.1490196 0.03137255 0.8196079 0.1607843 0.03137255 0.8078432 0.3215686 0.1215686 0.01960784 0.5372549 0.3686275 0.2313726 0.1294118 0.2705882 0.2509804 0.3019608 0.3686275 0.07843138 0.3098039 0.1215686 0.01960784 0.5490196 0.03921569 0.2509804 0.6196079 0.09019608 0.3686275 0.2313726 0.1294118 0.2705882 0.03921569 0.2588235 0.6901961 0.01176471 0.03921569 0.7294118 0.2117647 0.01960784 0.7450981 0.2313726 0.01176471 0.01176471 0.01176471 0.05882353 0.8784314 0.0509804 0.7568628 0.2313726 0.01176471 0.9294118 0.07058824 0.01176471 0.05882353 0.8784314 0.0509804 0.2509804 0.3019608 0.3764706 0.07058824 0.03921569 0.2588235 0.6901961 0.01176471 0.3686275 0.2313726 0.1294118 0.2705882 0.2509804 0.3019608 0.3764706 0.07058824 0.3098039 0.1098039 0.01960784 0.5607843 0.3686275 0.2313726 0.1294118 0.2705882 0.2509804 0.3019608 0.3686275 0.07843138 0.1686275 0.03137255 0.8000001 0.3098039 0.1215686 0.01960784 0.5490196 0.3686275 0.2313726 0.1294118 0.2705882 0.1686275 0.03137255 0.8000001 0.1686275 0.03137255 0.8000001 0.1686275 0.03137255 0.8000001 0.01176471 0.9882354 0.01176471 0.9882354 0.01176471 0.9882354 0.01176471 0.9882354 0.1686275 0.03137255 0.8000001 0.1607843 0.03137255 0.8078432 0.1490196 0.03137255 0.8196079 0.2901961 0.09019608 0.01960784 0.6 0.3215686 0.1215686 0.01960784 0.5372549 0.3098039 0.1098039 0.01176471 0.5686275 0.3686275 0.2313726 0.1215686 0.2784314 0.3686275 0.2313726 0.1215686 0.2784314 0.2509804 0.3019608 0.3686275 0.07843138 0.2509804 0.3019608 0.3686275 0.07843138 0.03921569 0.2313726 0.6 0.1294118 0.03921569 0.2392157 0.5607843 0.1607843 0.3607843 0.2313726 0.05882353 0.3490196 0.3215686 0.3686275 0.0509804 0.2588235 0.01960784 0.5294118 0.01176471 0.4392157 0.03921569 0.2509804 0.6196079 0.09019608 0.01176471 0.3098039 0.6 0.07843138 0.0509804 0.5764706 0.01176471 0.3607843 0.03921569 0.7294118 0.2117647 0.01960784 0.3803922 0.5490196 0.0509804 0.01960784 0.0509804 0.509804 0.4392157 0.7450981 0.2313726 0.01176471 0.01176471 0.9294118 0.07058824 0.7568628 0.2313726 0.01176471 0.3294118 0.6 0.01176471 0.05882353 0.03137255 0.5176471 0.4509804 0.9294118 0.07058824 0.7764707 0.2117647 0.01176471 0.9294118 0.07058824 0.4588236 0.4901961 0.0509804 0.7764707 0.2117647 0.01176471 0.1686275 0.7411765 0.09019608 0.2117647 0.7098039 0.07843138 0.01176471 0.4784314 0.509804 0.2117647 0.7098039 0.07843138 0.3294118 0.6 0.01176471 0.05882353 0.4588236 0.4901961 0.0509804 0.03137255 0.5294118 0.4392157 0.1686275 0.7529413 0.07843138 0.2117647 0.7176471 0.07058824 0.01176471 0.4901961 0.4980392 0.2 0.7411765 0.05882353 0.2 0.8000001 0.2 0.8000001 0.2 0.8000001 0.2 0.8000001 0.2 0.8000001 0.2 0.8000001 0.2 0.8000001 0.2 0.8000001 0.2 0.8000001 0.2 0.8000001 0.2509804 0.7490196 0.2 0.8000001 0.3019608 0.6980392 0.3019608 0.6980392 0.2 0.8000001 0.3490196 0.6509804 0.3098039 0.6901961 0.4 0.6 0.4 0.6 0.3098039 0.6901961 0.2 0.8000001 0.2 0.8000001 0.2 0.8000001 0.2 0.8000001 0.2 0.8000001 0.2 0.8000001 0.2 0.8000001 0.2 0.8000001 0.2 0.8000001 0.2 0.8000001 0.4509804 0.5490196 0.4901961 0.509804 0.4117647 0.5882353 0.4117647 0.5882353 0.4901961 0.509804 0.3607843 0.6392157 0.4117647 0.5882353 0.3098039 0.6901961 0.3098039 0.6901961 0.4117647 0.5882353 0.2509804 0.7490196 0.3098039 0.6901961 0.2 0.8000001 0.2 0.8000001 0.3098039 0.6901961 0.4980392 0.5019608 0.4980392 0.5019608 0.4980392 0.5019608 0.4980392 0.5019608 0.4980392 0.5019608 0.4980392 0.5019608 0.4980392 0.5019608 0.4980392 0.5019608 0.4980392 0.5019608 0.4980392 0.5019608 0.4980392 0.5019608 0.4980392 0.5019608 0.4980392 0.5019608 0.4980392 0.5019608 0.4980392 0.5019608 0.4980392 0.5019608 0.1686275 0.2117647 0.01960784 0.6 0.07843138 0.1294118 0.7921569 0.07843138 0.1294118 0.7921569 0.07058824 0.1490196 0.7803922 0.07843138 0.1019608 0.8196079 0.07058824 0.1882353 0.7411765 0.07843138 0.1019608 0.8196079 0.07058824 0.1803922 0.7490196 0.07843138 0.09019608 0.8313726 0.07058824 0.1686275 0.7607844 0.07843138 0.1098039 0.8117648 0.07058824 0.1490196 0.7803922 0.1686275 0.2117647 0.01960784 0.6 0.07843138 0.1294118 0.7921569 0.07843138 0.1294118 0.7921569 0.07058824 0.1490196 0.7803922 0.07843138 0.1019608 0.8196079 0.07058824 0.1882353 0.7411765 0.07843138 0.1019608 0.8196079 0.07058824 0.1803922 0.7490196 0.07843138 0.09019608 0.8313726 0.07058824 0.1686275 0.7607844 0.07843138 0.1098039 0.8117648 0.07058824 0.1490196 0.7803922 0.1294118 0.8705883 0.01176471 0.9882354 0.01176471 0.9882354 0.01176471 0.9882354 0.01176471 0.9882354 0.8509805 0.1490196 0.9294118 0.07058824 0.5607843 0.4196079 0.01960784 0.9294118 0.07058824 0.2901961 0.6901961 0.01960784 0.8509805 0.1490196 0.2784314 0.7098039 0.01176471 0.5568628 0.4117647 0.03137255 0.4509804 0.5490196 0.2901961 0.6705883 0.03921569 0.6784314 0.3215686 0.2705882 0.6980392 0.03137255 0.7803922 0.2196079 0.4509804 0.5490196 0.8784314 0.1215686 0.6784314 0.3215686 0.909804 0.09019608 0.7803922 0.2196079 0.8784314 0.1215686 0.9215687 0.07843138 0.4980392 0.5019608 0.4980392 0.5019608 0.4980392 0.5019608 0.4980392 0.5019608 0.4980392 0.5019608 0.4980392 0.5019608 0.4980392 0.5019608 0.4980392 0.5019608 0.4980392 0.5019608 0.4980392 0.5019608 0.4980392 0.5019608 0.4980392 0.5019608 0.4980392 0.5019608 0.4980392 0.5019608 0.4980392 0.5019608 0.4980392 0.5019608 0.4980392 0.5019608 0.4980392 0.5019608 0.4980392 0.5019608 0.4980392 0.5019608 0.4980392 0.5019608 0.4980392 0.5019608 0.4980392 0.5019608 0.4980392 0.5019608 0.4980392 0.5019608 0.4980392 0.5019608 0.4980392 0.5019608 0.4980392 0.5019608 0.4980392 0.5019608 0.4980392 0.5019608 0.4980392 0.5019608 0.4980392 0.5019608 0.4980392 0.5019608 0.4980392 0.5019608 0.4980392 0.5019608 0.4980392 0.5019608 0.4980392 0.5019608 0.4980392 0.5019608 0.4980392 0.5019608 0.4980392 0.5019608 0.4980392 0.5019608 0.4980392 0.5019608 0.4980392 0.5019608 0.4980392 0.5019608 0.4980392 0.5019608 0.4980392 0.5019608 0.4980392 0.5019608 0.4980392 0.5019608 0.4980392 0.5019608 0.4980392 0.5019608 0.4980392 0.5019608 0.4980392 0.5019608 0.4980392 0.5019608 0.4980392 0.5019608 0.4980392 0.5019608 0.4980392 0.5019608 0.4980392 0.5019608 0.4980392 0.5019608 0.4980392 0.5019608 0.4980392 0.5019608 0.4117647 0.5882353 0.4117647 0.5882353 0.4980392 0.5019608 0.4117647 0.5882353 0.4117647 0.5882353 0.3098039 0.6901961 0.4117647 0.5882353 0.3098039 0.6901961 0.3098039 0.6901961 0.3098039 0.6901961 0.3098039 0.6901961 0.2 0.8000001 0.2 0.8000001 0.2 0.8000001 0.2 0.8000001 0.4980392 0.5019608 0.4980392 0.5019608 0.4980392 0.5019608 0.4980392 0.5019608 0.4980392 0.5019608 0.4980392 0.5019608 0.4980392 0.5019608 0.4980392 0.5019608 0.4980392 0.5019608 0.4980392 0.5019608 0.4980392 0.5019608 0.4980392 0.5019608 0.4980392 0.5019608 0.4980392 0.5019608 0.4980392 0.5019608 0.4980392 0.5019608 0.4980392 0.5019608 0.4980392 0.5019608 0.4980392 0.5019608 0.4980392 0.5019608 0.4980392 0.5019608 0.4980392 0.5019608 0.4980392 0.5019608 0.4980392 0.5019608 0.4980392 0.5019608 0.4980392 0.5019608 0.4980392 0.5019608 0.4980392 0.5019608 0.4980392 0.5019608 0.4980392 0.5019608 0.4980392 0.5019608 0.4980392 0.5019608 0.4980392 0.5019608 0.4980392 0.5019608 0.4980392 0.5019608 0.4980392 0.5019608 0.4980392 0.5019608 0.4980392 0.5019608 0.4980392 0.5019608 0.4980392 0.5019608 0.4980392 0.5019608 0.4980392 0.5019608 0.4980392 0.5019608 0.4980392 0.5019608 0.4980392 0.5019608 0.4980392 0.5019608 0.4980392 0.5019608 0.4980392 0.5019608 0.4980392 0.5019608 0.4980392 0.5019608 0.4980392 0.5019608 0.2 0.8000001 0.3098039 0.6901961 0.2 0.8000001 0.4980392 0.5019608 0.4980392 0.5019608 0.4117647 0.5882353 0.4980392 0.5019608 0.4980392 0.5019608 0.4980392 0.5019608 0.4980392 0.5019608 0.4980392 0.5019608 0.4980392 0.5019608 0.4980392 0.5019608 0.4980392 0.5019608 0.4980392 0.5019608 0.4980392 0.5019608 0.4980392 0.5019608 0.4980392 0.5019608 0.4980392 0.5019608 0.4980392 0.5019608 0.4980392 0.5019608 0.4980392 0.5019608 0.4980392 0.5019608 0.4980392 0.5019608 0.4980392 0.5019608 0.4980392 0.5019608 0.4980392 0.5019608 0.4980392 0.5019608 0.4980392 0.5019608 0.4980392 0.5019608 0.4980392 0.5019608 0.4980392 0.5019608 0.4980392 0.5019608 0.2 0.8000001 0.2 0.8000001 0.2 0.8000001 0.3019608 0.6980392 0.3019608 0.6980392 0.4 0.6 0.3019608 0.6980392 0.4 0.6 0.4 0.6 0.4 0.6 0.4 0.6 0.4980392 0.5019608 0.4 0.6 0.4980392 0.5019608 0.4980392 0.5019608 0.4980392 0.5019608 0.4980392 0.5019608 0.4980392 0.5019608 0.2 0.8000001 0.2 0.8000001 0.2 0.8000001 0.4980392 0.5019608 0.4980392 0.5019608 0.4980392 0.5019608 0.4980392 0.5019608 0.4980392 0.5019608 0.4980392 0.5019608 0.4980392 0.5019608 0.4980392 0.5019608 0.4980392 0.5019608 0.4980392 0.5019608 0.4980392 0.5019608 0.4980392 0.5019608 0.4980392 0.5019608 0.4980392 0.5019608 0.4980392 0.5019608 0.4980392 0.5019608 0.4980392 0.5019608 0.4980392 0.5019608 0.4980392 0.5019608 0.4980392 0.5019608 0.4980392 0.5019608 0.4980392 0.5019608 0.4980392 0.5019608 0.4980392 0.5019608 0.4980392 0.5019608 0.4980392 0.5019608 0.4980392 0.5019608 0.4980392 0.5019608 0.4980392 0.5019608 0.4980392 0.5019608 0.4980392 0.5019608 0.4980392 0.5019608 0.4980392 0.5019608 0.4980392 0.5019608 0.4980392 0.5019608 0.4980392 0.5019608 0.4980392 0.5019608 0.4980392 0.5019608 0.4980392 0.5019608 0.4980392 0.5019608 0.4980392 0.5019608 0.4980392 0.5019608 0.4980392 0.5019608 0.4980392 0.5019608 0.4980392 0.5019608 0.4980392 0.5019608 0.4980392 0.5019608 0.4980392 0.5019608 0.4980392 0.5019608 0.4980392 0.5019608 0.4980392 0.5019608 0.4980392 0.5019608 0.4980392 0.5019608 0.4980392 0.5019608 0.4980392 0.5019608 0.4980392 0.5019608 0.4980392 0.5019608 0.4980392 0.5019608 0.4980392 0.5019608 0.4980392 0.5019608 0.4980392 0.5019608 0.4980392 0.5019608 0.4980392 0.5019608 0.4980392 0.5019608 0.2 0.8000001 0.2 0.8000001 0.2 0.8000001 0.2 0.8000001 0.2 0.8000001 0.2 0.8000001 0.3098039 0.6901961 0.3098039 0.6901961 0.2 0.8000001 0.4117647 0.5882353 0.4117647 0.5882353 0.2 0.8000001 0.2 0.8000001 0.2 0.8000001 0.2 0.8000001 0.2 0.8000001 0.2 0.8000001 0.4980392 0.5019608 0.4980392 0.5019608 0.4980392 0.5019608 0.4980392 0.5019608 0.4980392 0.5019608 0.4980392 0.5019608 0.4980392 0.5019608 0.4980392 0.5019608 0.4980392 0.5019608 0.4980392 0.5019608 0.4980392 0.5019608 0.4980392 0.5019608 0.4980392 0.5019608 0.4980392 0.5019608 0.4980392 0.5019608 0.4980392 0.5019608 0.4980392 0.5019608 0.4980392 0.5019608 0.4980392 0.5019608 0.4980392 0.5019608 0.4980392 0.5019608 0.4980392 0.5019608 0.4980392 0.5019608 0.4980392 0.5019608 0.4980392 0.5019608 0.4980392 0.5019608 0.4980392 0.5019608 0.4980392 0.5019608 0.4980392 0.5019608 0.4980392 0.5019608 0.4980392 0.5019608 0.4980392 0.5019608 0.4980392 0.5019608 0.4980392 0.5019608 0.4980392 0.5019608 0.4980392 0.5019608 0.4980392 0.5019608 0.4980392 0.5019608 0.4980392 0.5019608 0.4980392 0.5019608 0.4980392 0.5019608 0.4980392 0.5019608 0.4980392 0.5019608 0.4 0.6 0.4 0.6 0.4117647 0.5882353 0.4980392 0.5019608 0.4980392 0.5019608 0.4117647 0.5882353 0.2 0.8000001 0.2 0.8000001 0.2 0.8000001 0.2 0.8000001 0.4980392 0.5019608 0.4980392 0.5019608 0.4980392 0.5019608 0.4980392 0.5019608 0.4980392 0.5019608 0.4980392 0.5019608 0.4980392 0.5019608 0.4980392 0.5019608 0.2 0.8000001 0.2 0.8000001 0.2 0.8000001 0.2 0.8000001 0.2 0.8000001 0.2 0.8000001 0.2 0.8000001 0.2 0.8000001 0.2 0.8000001 0.2 0.8000001 0.2 0.8000001 0.2 0.8000001 0.2 0.8000001 0.2 0.8000001 0.3019608 0.6980392 0.3019608 0.6980392 0.4980392 0.5019608 0.4980392 0.5019608 0.4980392 0.5019608 0.4980392 0.5019608 0.4980392 0.5019608 0.4980392 0.5019608 0.4980392 0.5019608 0.4980392 0.5019608 0.4980392 0.5019608 0.4980392 0.5019608 0.4117647 0.5882353 0.4117647 0.5882353 0.2 0.8000001 0.2 0.8000001 0.2 0.8000001 0.2 0.8000001 0.4 0.6 0.4980392 0.5019608 0.4 0.6 0.4980392 0.5019608 0.4980392 0.5019608 0.4980392 0.5019608 0.4980392 0.5019608 0.4980392 0.5019608 0.2 0.8000001 0.2 0.8000001 0.2 0.8000001 0.2 0.8000001 0.2 0.8000001 0.2 0.8000001 0.2 0.8000001 0.2 0.8000001 0.3019608 0.6980392 0.2 0.8000001 0.3019608 0.6980392 0.2 0.8000001 0.3098039 0.6901961 0.3098039 0.6901961 0.4 0.6 0.4 0.6 0.2 0.8000001 0.2 0.8000001 0.2 0.8000001 0.2 0.8000001 0.2 0.8000001 0.2 0.8000001 0.2 0.8000001 0.2 0.8000001 0.4901961 0.509804 0.4117647 0.5882353 0.4117647 0.5882353 0.4901961 0.509804 0.3098039 0.6901961 0.4117647 0.5882353 0.3098039 0.6901961 0.4117647 0.5882353 0.3098039 0.6901961 0.2 0.8000001 0.3098039 0.6901961 0.2 0.8000001 0.4980392 0.5019608 0.4980392 0.5019608 0.4980392 0.5019608 0.4980392 0.5019608 0.4980392 0.5019608 0.4980392 0.5019608 0.4980392 0.5019608 0.4980392 0.5019608 0.4980392 0.5019608 0.4980392 0.5019608 0.4980392 0.5019608 0.4980392 0.5019608 0.4980392 0.5019608 0.2 0.8000001 0.2 0.8000001 0.3019608 0.6980392 0.4 0.6 0.4 0.6 0.01176471 0.09019608 0.7882354 0.1098039 0.01176471 0.09019608 0.8470589 0.0509804 0.0509804 0.8156863 0.1215686 0.01176471 0.01960784 0.09019608 0.8901961 0.8470589 0.1411765 0.01176471 0.9294118 0.07058824 0.8313726 0.1686275 0.9294118 0.07058824 0.8470589 0.1411765 0.01176471 0.8313726 0.1686275 0.0509804 0.8156863 0.1215686 0.01176471 0.01176471 0.09019608 0.8470589 0.0509804 0.01176471 0.09019608 0.7882354 0.1098039 0.01176471 0.4901961 0.4980392 0.2 0.7411765 0.05882353 0.01176471 0.5176471 0.4705883 0.2901961 0.6196079 0.09019608 0.01960784 0.5176471 0.01176471 0.4509804 0.4980392 0.3803922 0.1215686 0.03921569 0.6 0.03137255 0.3294118 0.8509805 0.1490196 0.909804 0.09019608 0.01176471 0.4509804 0.4784314 0.05882353 0.1882353 0.5019608 0.0509804 0.2588235 0.8509805 0.1490196 0.1215686 0.4313726 0.3882353 0.05882353 0.3607843 0.2313726 0.05882353 0.3490196 0.03921569 0.2313726 0.6 0.1294118 0.2509804 0.3019608 0.3686275 0.07843138 0.03921569 0.2196079 0.6313726 0.1098039 0.2509804 0.3019608 0.3686275 0.07843138 0.3803922 0.2196079 0.1098039 0.2901961 0.3686275 0.2313726 0.1215686 0.2784314 0.2509804 0.3019608 0.3764706 0.07058824 0.01176471 0.9176471 0.07058824 0.03137255 0.2 0.7686275 0.2509804 0.3019608 0.3764706 0.07058824 0.03137255 0.2 0.7686275 0.909804 0.09019608 0.01960784 0.1019608 0.8392158 0.03921569 0.2509804 0.3019608 0.3764706 0.07058824 0.3764706 0.2196079 0.1019608 0.3019608 0.3764706 0.2196079 0.1019608 0.3019608 0.3764706 0.2196079 0.1019608 0.3019608 0.2588235 0.05882353 0.682353 0.2509804 0.0509804 0.6980392 0.2588235 0.05882353 0.682353 0.3803922 0.2196079 0.1098039 0.2901961 0.2509804 0.3019608 0.3686275 0.07843138 0.01176471 0.4509804 0.4784314 0.05882353 0.2509804 0.3019608 0.3686275 0.07843138 0.3686275 0.2313726 0.1215686 0.2784314 0.1215686 0.4313726 0.3882353 0.05882353 0.03921569 0.2313726 0.6 0.1294118 0.3607843 0.2313726 0.05882353 0.3490196 0.1882353 0.5019608 0.0509804 0.2588235 0.03921569 0.6 0.03137255 0.3294118 0.1686275 0.6509804 0.03921569 0.1411765 0.01960784 0.5176471 0.01176471 0.4509804 0.2784314 0.5215687 0.2 0.5607843 0.3607843 0.07843138 0.2901961 0.5607843 0.1490196 0.03137255 0.4980392 0.4705883 0.2117647 0.7098039 0.07843138 0.01176471 0.4784314 0.509804 0.2784314 0.07843138 0.01176471 0.6313726 0.2901961 0.09019608 0.01960784 0.6 0.1098039 0.01960784 0.8705883 0.1490196 0.03137255 0.8196079 0.05882353 0.9411765 0.09019608 0.01176471 0.8980393 0.2784314 0.07843138 0.01176471 0.6313726 0.2901961 0.09019608 0.01960784 0.6 0.1294118 0.01960784 0.8509805 0.1490196 0.03137255 0.8196079 0.4509804 0.5490196 0.2 0.7411765 0.05882353 0.2901961 0.6901961 0.01960784 0.1686275 0.7529413 0.07843138 0.5607843 0.4196079 0.01960784 0.7764707 0.2117647 0.01176471 0.8509805 0.1490196 0.9294118 0.07058824 0.9294118 0.07058824 0.9294118 0.07058824 0.9294118 0.07058824 0.8509805 0.1490196 0.3019608 0.6980392 0.4 0.6 0.4 0.6 0.2 0.8000001 0.2 0.8000001 0.2 0.8000001 0.2 0.8000001 0.2 0.8000001 0.2 0.8000001 0.2 0.8000001 0.2 0.8000001 0.2 0.8000001 0.2 0.8000001 0.2 0.8000001 0.3098039 0.6901961 0.3098039 0.6901961 0.4117647 0.5882353 0.4117647 0.5882353 0.2901961 0.6196079 0.09019608 0.2 0.7411765 0.05882353 0.4509804 0.5490196 0.7803922 0.2196079 0.8509805 0.1490196 0.8705883 0.1294118 0.8705883 0.1294118 0.909804 0.09019608 0.909804 0.09019608 0.9215687 0.07843138 0.9215687 0.07843138 0.8705883 0.1294118 0.8509805 0.1490196 0.8000001 0.2 0.8705883 0.1294118 0.5607843 0.3607843 0.07843138 0.6784314 0.3215686 0.8705883 0.1294118 0.2901961 0.5607843 0.1490196 0.4509804 0.5490196 0.2117647 0.7098039 0.07843138 0.2705882 0.6705883 0.05882353 0.1686275 0.7411765 0.09019608 0.5568628 0.4117647 0.03137255 0.8509805 0.1490196 0.2117647 0.7098039 0.07843138 0.1686275 0.7411765 0.09019608 0.01176471 0.4784314 0.509804 0.03137255 0.5176471 0.4509804 0.0509804 0.509804 0.4392157 0.8509805 0.1490196 0.8509805 0.1490196 0.3803922 0.5490196 0.0509804 0.01960784 0.0509804 0.5764706 0.01176471 0.3607843 0.01960784 0.5294118 0.01176471 0.4392157 0.03921569 0.2392157 0.5607843 0.1607843 0.3215686 0.3686275 0.0509804 0.2588235 0.03921569 0.2313726 0.6 0.1294118 0.3607843 0.2313726 0.05882353 0.3490196 0.2509804 0.3019608 0.3686275 0.07843138 0.2509804 0.3019608 0.3686275 0.07843138 0.03921569 0.2509804 0.6196079 0.09019608 0.8509805 0.1490196 0.7450981 0.2313726 0.01176471 0.01176471 0.3686275 0.2313726 0.1215686 0.2784314 0.3686275 0.2313726 0.1215686 0.2784314 0.01176471 0.05882353 0.8784314 0.0509804 0.8509805 0.1490196 0.9294118 0.07058824 0.7450981 0.2313726 0.01176471 0.01176471 0.9294118 0.07058824 0.7764707 0.2117647 0.01176471 0.03921569 0.7294118 0.2117647 0.01960784 0.3803922 0.5490196 0.0509804 0.01960784 0.03921569 0.2588235 0.6901961 0.01176471 0.01176471 0.3098039 0.6 0.07843138 0.0509804 0.509804 0.4392157 0.1686275 0.7529413 0.07843138 0.01960784 0.5294118 0.01176471 0.4392157 0.03137255 0.5294118 0.4392157 0.01176471 0.4901961 0.4980392 0.2 0.7411765 0.05882353 0.03921569 0.2392157 0.5607843 0.1607843 0.3215686 0.3686275 0.0509804 0.2588235 0.03921569 0.2313726 0.6 0.1294118 0.3607843 0.2313726 0.05882353 0.3490196 0.2509804 0.3019608 0.3764706 0.07058824 0.2509804 0.3019608 0.3686275 0.07843138 0.2509804 0.3019608 0.3686275 0.07843138 0.2509804 0.3019608 0.3764706 0.07058824 0.3686275 0.2313726 0.1215686 0.2784314 0.3686275 0.2313726 0.1215686 0.2784314 0.2901961 0.09019608 0.01960784 0.6 0.3686275 0.2313726 0.1294118 0.2705882 0.3686275 0.2313726 0.1294118 0.2705882 0.3098039 0.1215686 0.01960784 0.5490196 0.3215686 0.1215686 0.01960784 0.5372549 0.3098039 0.1098039 0.01176471 0.5686275 0.2901961 0.09019608 0.01960784 0.6 0.1490196 0.03137255 0.8196079 0.3098039 0.1215686 0.01960784 0.5490196 0.1686275 0.03137255 0.8000001 0.1686275 0.03137255 0.8000001 0.01176471 0.9882354 0.1607843 0.03137255 0.8078432 0.1490196 0.03137255 0.8196079 0.909804 0.09019608 0.8705883 0.1294118 0.9215687 0.07843138 0.8705883 0.1294118 0.3607843 0.2313726 0.05882353 0.3490196 0.07058824 0.1803922 0.7490196 0.1882353 0.5019608 0.0509804 0.2588235 0.07843138 0.1215686 0.8000001 0.07058824 0.1490196 0.7803922 0.03921569 0.6 0.03137255 0.3294118 0.07843138 0.1215686 0.8000001 0.07843138 0.1294118 0.7921569 0.07843138 0.1019608 0.8196079 0.01960784 0.5176471 0.01176471 0.4509804 0.07843138 0.1294118 0.7921569 0.01176471 0.5176471 0.4705883 0.07843138 0.1019608 0.8196079 0.07843138 0.09019608 0.8313726 0.07843138 0.1019608 0.8196079 0.09019608 0.07843138 0.8313726 0.01176471 0.4901961 0.4980392 0.07843138 0.09019608 0.8313726 0.09019608 0.07058824 0.8392158 0.03137255 0.5294118 0.4392157 0.07843138 0.1098039 0.8117648 0.09019608 0.07843138 0.8313726 0.0509804 0.509804 0.4392157 0.07058824 0.1490196 0.7803922 0.07058824 0.1490196 0.7803922 0.01960784 0.5294118 0.01176471 0.4392157 0.07058824 0.1607843 0.7686275 0.07058824 0.1686275 0.7607844 0.3215686 0.3686275 0.0509804 0.2588235 0.07058824 0.1607843 0.7686275 0.07058824 0.1803922 0.7490196 0.07058824 0.1803922 0.7490196 0.3607843 0.2313726 0.05882353 0.3490196 0.07058824 0.1803922 0.7490196 0.3607843 0.2313726 0.05882353 0.3490196 0.1882353 0.5019608 0.0509804 0.2588235 0.07843138 0.1215686 0.8000001 0.07058824 0.1490196 0.7803922 0.03921569 0.6 0.03137255 0.3294118 0.07843138 0.1215686 0.8000001 0.07843138 0.1294118 0.7921569 0.07843138 0.1019608 0.8196079 0.01960784 0.5176471 0.01176471 0.4509804 0.07843138 0.1294118 0.7921569 0.03137255 0.4980392 0.4705883 0.07843138 0.1019608 0.8196079 0.07843138 0.09019608 0.8313726 0.07843138 0.1019608 0.8196079 0.09019608 0.07843138 0.8313726 0.01176471 0.4784314 0.509804 0.07843138 0.09019608 0.8313726 0.03137255 0.5176471 0.4509804 0.09019608 0.07058824 0.8392158 0.07843138 0.1098039 0.8117648 0.09019608 0.07843138 0.8313726 0.0509804 0.509804 0.4392157 0.0509804 0.5764706 0.01176471 0.3607843 0.07058824 0.1490196 0.7803922 0.07058824 0.1490196 0.7803922 0.07058824 0.1607843 0.7686275 0.01960784 0.5294118 0.01176471 0.4392157 0.07058824 0.1686275 0.7607844 0.3215686 0.3686275 0.0509804 0.2588235 0.07058824 0.1607843 0.7686275 0.07058824 0.1803922 0.7490196 0.07058824 0.1803922 0.7490196 0.3607843 0.2313726 0.05882353 0.3490196 0.8509805 0.1490196 0.5568628 0.4117647 0.03137255 0.2705882 0.6705883 0.05882353 0.4509804 0.5490196 0.6784314 0.3215686 0.8705883 0.1294118 0.4980392 0.5019608 0.4980392 0.5019608 0.4980392 0.5019608 0.4980392 0.5019608 0.4980392 0.5019608 0.4980392 0.5019608 0.4980392 0.5019608 0.4980392 0.5019608 0.9294118 0.07058824 0.8509805 0.1490196 0.9294118 0.07058824 0.8509805 0.1490196 0.5607843 0.4196079 0.01960784 0.2901961 0.6901961 0.01960784 0.4509804 0.5490196 0.7803922 0.2196079 0.8705883 0.1294118 0.1686275 0.2117647 0.01960784 0.6 0.07843138 0.1294118 0.7921569 0.07843138 0.1294118 0.7921569 0.07058824 0.1490196 0.7803922 0.07843138 0.1019608 0.8196079 0.07058824 0.1803922 0.7490196 0.07843138 0.1019608 0.8196079 0.07058824 0.1803922 0.7490196 0.07843138 0.09019608 0.8313726 0.07058824 0.1686275 0.7607844 0.07843138 0.1098039 0.8117648 0.07058824 0.1490196 0.7803922 0.1686275 0.2117647 0.01960784 0.6 0.07843138 0.1294118 0.7921569 0.07843138 0.1294118 0.7921569 0.07058824 0.1490196 0.7803922 0.07843138 0.1019608 0.8196079 0.07058824 0.1803922 0.7490196 0.07843138 0.1019608 0.8196079 0.07058824 0.1803922 0.7490196 0.07843138 0.09019608 0.8313726 0.07058824 0.1686275 0.7607844 0.07843138 0.1098039 0.8117648 0.07058824 0.1490196 0.7803922 0.1294118 0.8705883 0.01176471 0.9882354</float_array>
          <technique_common>
            <accessor source="#geom-Clt_TES066_F__M_TES066_F-skin1-weights-array" count="8743" stride="1">
              <param name="WEIGHT" type="float"/>
            </accessor>
          </technique_common>
        </source>
        <joints>
          <input semantic="JOINT" source="#geom-Clt_TES066_F__M_TES066_F-skin1-joints"/>
          <input semantic="INV_BIND_MATRIX" source="#geom-Clt_TES066_F__M_TES066_F-skin1-bind_poses"/>
        </joints>
        <vertex_weights count="3959">
          <input semantic="JOINT" source="#geom-Clt_TES066_F__M_TES066_F-skin1-joints" offset="0"/>
          <input semantic="WEIGHT" source="#geom-Clt_TES066_F__M_TES066_F-skin1-weights" offset="1"/>
          <vcount>2 2 2 2 2 2 2 2 2 2 2 2 2 2 2 2 2 2 2 2 2 2 2 2 2 2 2 2 2 2 2 2 2 2 2 2 2 2 2 2 2 2 2 2 2 2 2 2 2 2 2 2 2 2 2 2 2 2 2 2 2 2 2 2 2 2 2 2 2 2 2 2 2 2 2 2 2 2 2 2 2 2 2 2 2 2 2 2 2 2 2 2 2 2 2 2 2 2 2 2 2 2 2 2 2 2 2 2 2 2 2 2 2 2 2 2 2 2 2 2 2 2 2 2 2 2 2 2 2 2 2 2 2 2 2 2 2 2 2 2 2 2 2 2 2 2 2 2 2 2 2 2 2 2 2 2 2 2 2 2 2 2 2 2 2 2 2 2 2 2 2 2 2 2 2 2 2 2 2 2 2 2 2 2 2 2 2 2 2 2 2 2 2 2 2 2 2 2 2 2 2 2 2 2 2 2 2 2 2 2 2 2 2 2 2 2 2 2 2 2 2 2 2 2 2 2 2 2 2 2 2 2 2 2 2 2 2 2 2 2 2 2 2 2 2 2 2 2 2 2 2 2 2 2 2 2 2 2 2 2 2 2 2 2 2 2 2 2 2 2 2 2 2 2 2 2 2 2 2 2 2 2 2 2 2 2 2 2 2 2 2 2 2 2 2 2 2 2 2 2 2 2 2 2 2 2 2 2 2 2 2 2 2 2 2 2 2 2 2 2 2 2 2 2 2 2 2 2 2 2 2 2 2 2 2 2 2 2 2 2 2 2 2 2 2 2 2 2 2 2 2 2 2 2 2 2 2 2 2 2 2 2 2 2 2 2 2 2 2 2 2 2 2 2 2 2 2 2 2 2 2 2 2 2 2 2 2 2 2 2 2 2 2 2 2 2 2 2 2 2 2 2 2 2 2 2 2 2 2 2 2 2 2 2 2 2 2 2 2 2 2 2 2 2 2 2 2 2 2 2 2 2 2 2 2 2 2 2 2 2 2 2 2 2 2 2 2 2 2 2 2 2 2 2 2 2 2 2 2 2 2 2 2 2 2 2 2 2 2 2 2 2 2 2 2 2 2 2 4 4 4 4 3 3 2 2 2 3 1 1 2 2 2 3 4 4 4 4 3 3 3 3 3 3 3 3 4 3 3 3 3 4 4 2 3 4 3 2 4 3 2 3 3 2 3 3 3 2 3 3 3 3 3 3 2 3 4 3 3 3 3 3 3 3 3 2 2 4 3 2 4 4 3 4 3 3 3 3 3 4 3 3 3 3 3 3 3 3 4 4 3 3 4 4 4 3 3 4 3 2 4 3 2 3 3 2 3 3 3 2 3 3 3 3 2 4 3 3 3 3 3 3 3 3 3 3 3 2 2 4 3 2 4 4 3 3 3 3 3 4 4 4 2 2 2 2 2 2 2 2 2 2 2 2 2 2 2 2 2 2 2 2 2 2 2 2 2 2 2 2 2 2 2 2 2 2 2 2 2 2 2 2 2 2 2 2 2 2 2 2 2 2 2 2 2 2 2 2 2 2 2 2 2 2 2 2 2 2 2 2 2 2 2 2 2 2 2 2 2 2 2 2 2 2 2 2 2 2 2 2 2 2 2 2 2 2 2 2 2 2 2 2 2 2 2 2 2 2 2 2 2 2 2 2 2 2 2 2 2 2 2 2 2 2 2 2 2 2 2 2 2 2 2 2 2 2 1 1 1 1 1 1 1 3 1 3 4 1 4 4 3 1 1 1 3 1 1 1 1 4 1 4 4 1 1 1 1 1 1 1 3 1 3 1 1 1 1 1 1 1 1 3 3 4 3 4 4 3 4 4 4 3 3 4 4 4 4 4 3 4 4 4 2 3 3 4 4 4 4 4 4 4 4 4 4 4 4 4 4 4 4 4 3 3 3 4 3 4 4 3 3 4 3 4 4 4 4 4 4 3 4 4 4 2 1 4 4 4 2 1 1 1 1 1 1 2 1 4 4 2 4 4 4 3 3 3 3 3 3 3 3 2 2 2 1 1 1 2 2 2 3 3 3 3 3 3 3 3 4 4 4 4 4 4 4 4 4 4 4 4 4 4 3 3 1 4 4 4 4 4 4 4 4 4 4 4 4 4 4 3 4 4 3 4 3 3 3 1 1 1 1 1 1 2 1 2 1 1 1 1 1 1 2 3 1 1 2 3 1 1 1 1 1 1 1 3 3 4 4 4 4 4 4 4 4 4 4 4 4 4 4 4 4 4 4 4 4 2 4 3 3 4 3 2 3 3 1 1 2 3 3 3 3 3 2 3 3 4 4 4 3 4 3 3 3 3 3 3 3 3 2 3 3 2 3 3 3 2 3 2 2 2 2 2 2 2 2 2 1 1 1 2 2 2 2 2 2 2 3 2 2 2 3 3 2 3 2 3 3 3 3 3 3 3 3 3 2 3 2 2 2 2 1 1 1 2 2 2 2 2 3 3 3 3 3 3 3 3 3 3 2 2 2 2 2 2 2 2 2 2 2 2 2 2 2 2 2 2 2 2 2 2 2 2 2 2 2 2 2 2 2 2 2 2 2 2 2 2 2 2 2 2 2 2 2 2 2 2 2 2 2 2 2 2 2 2 2 2 2 2 2 2 2 2 2 2 2 2 2 2 2 2 2 2 2 2 2 2 2 2 2 2 2 2 2 2 2 2 2 2 2 2 2 2 2 2 2 2 2 2 2 2 2 2 2 2 2 2 2 2 2 2 2 2 2 2 2 2 2 2 2 2 2 2 2 2 2 2 2 2 2 2 2 2 2 2 2 2 2 2 2 2 2 2 2 2 2 2 2 2 2 2 2 2 2 2 2 2 2 2 2 2 2 2 2 2 2 2 2 2 2 2 2 2 2 2 2 2 2 2 2 2 2 2 2 2 2 2 2 2 2 2 2 2 2 2 2 2 2 2 2 2 2 2 2 2 2 2 2 2 2 2 2 2 2 2 2 2 2 2 2 2 2 2 2 2 2 2 2 2 2 2 4 3 3 3 3 3 3 3 3 3 3 3 4 3 3 3 3 3 3 3 3 3 3 3 2 2 2 2 2 2 2 2 2 2 2 2 2 2 2 2 2 2 2 2 2 2 2 2 2 2 2 2 2 2 2 2 2 2 2 1 1 1 1 2 1 2 1 1 1 2 1 2 1 1 1 1 1 1 2 2 3 1 3 2 3 2 2 3 2 3 2 3 2 2 2 2 2 2 1 2 2 2 2 2 2 2 2 2 2 2 2 2 2 2 2 2 2 2 2 2 2 2 2 2 2 2 2 2 2 2 2 2 2 2 2 2 2 2 2 2 2 2 2 2 2 2 2 2 2 2 2 2 2 2 2 2 2 2 2 2 2 2 2 2 2 2 2 2 2 2 2 2 2 2 2 2 2 2 2 2 2 2 2 2 2 2 2 2 2 2 2 2 2 2 2 2 2 2 2 2 2 2 2 2 2 2 2 2 2 2 2 2 2 2 2 2 2 2 2 2 2 2 2 2 2 2 2 2 2 2 2 2 2 2 2 2 2 2 2 2 2 2 2 2 2 2 2 2 2 2 2 2 2 2 2 2 2 2 2 2 2 2 2 2 2 2 2 2 2 2 2 2 2 2 2 2 2 2 2 2 2 2 2 2 2 2 2 2 2 2 2 2 2 2 2 2 2 2 2 2 2 2 2 2 2 2 2 2 2 2 2 2 2 2 2 2 2 2 2 2 2 2 2 2 2 2 2 2 2 2 2 2 2 2 2 2 2 2 2 2 2 2 2 2 2 2 2 2 2 2 2 2 2 2 2 2 2 2 2 2 2 2 2 2 2 2 2 2 2 2 2 2 2 2 2 2 2 2 2 2 2 2 2 2 2 2 2 2 2 2 2 2 2 2 2 2 2 2 2 2 2 2 2 2 2 2 2 2 2 2 2 2 2 2 2 2 2 2 2 2 2 2 2 2 2 2 2 2 2 2 2 2 2 2 2 2 2 2 2 2 2 2 2 2 2 2 2 2 2 2 2 2 2 2 2 2 2 2 2 2 2 2 2 2 2 2 2 2 2 2 2 2 2 2 2 2 2 2 2 2 2 2 2 2 2 2 2 2 2 2 2 2 2 2 2 2 2 2 2 2 2 2 2 2 2 2 2 2 2 2 2 2 2 2 2 2 2 2 2 2 2 2 2 2 2 2 2 2 2 2 2 2 2 2 2 2 2 2 2 2 2 2 2 2 2 2 2 2 2 2 2 2 2 2 2 2 2 2 2 2 2 2 2 2 2 2 2 2 2 2 2 2 2 2 2 2 2 2 2 2 2 2 2 2 2 2 2 2 2 2 2 2 2 2 2 2 2 2 2 2 2 2 2 2 2 2 2 2 2 2 2 2 2 2 2 2 2 2 2 2 2 2 2 2 2 2 2 2 2 2 2 2 2 2 2 2 2 2 2 2 2 2 2 2 2 2 2 2 2 2 2 2 2 2 2 2 2 2 2 2 2 2 2 2 2 2 2 2 2 2 2 2 2 2 2 2 2 2 2 2 2 2 2 2 2 2 2 2 2 2 2 2 2 2 2 2 2 2 2 2 2 2 2 2 2 2 2 2 2 2 2 2 2 2 2 2 2 2 2 2 2 2 2 2 2 2 2 2 2 2 2 2 2 2 2 2 2 2 2 2 2 2 2 2 2 2 2 2 2 2 2 2 2 2 2 2 2 2 2 2 2 2 2 2 2 2 2 2 2 2 2 2 2 2 2 2 2 2 2 2 2 2 2 2 2 2 2 2 2 2 2 2 2 2 2 2 2 2 2 2 2 2 2 2 2 2 2 2 2 2 2 2 2 2 2 2 2 2 2 2 2 2 2 2 2 2 2 2 2 2 2 2 2 2 2 2 2 2 2 2 2 2 2 2 2 2 2 2 2 2 2 2 2 2 2 2 2 2 2 2 2 2 2 2 2 2 2 2 2 2 2 2 2 2 2 2 2 2 2 2 2 2 2 2 2 2 2 2 2 2 2 2 2 2 2 2 2 2 2 2 2 2 2 2 2 2 2 2 2 2 2 2 2 2 2 2 2 2 2 2 2 2 2 2 2 2 2 2 2 2 2 2 2 2 2 2 2 2 2 2 2 2 2 2 2 2 2 2 2 2 2 2 2 2 2 2 2 2 2 2 2 2 2 2 2 2 2 2 2 2 2 2 2 2 2 2 2 2 2 2 2 2 2 2 2 2 2 2 2 2 2 2 2 2 2 2 2 2 2 2 2 2 2 2 2 2 2 2 2 2 2 2 2 2 2 2 2 2 2 2 2 2 2 2 2 2 2 2 2 2 2 2 2 2 2 2 2 2 2 2 2 2 2 2 2 2 2 2 2 2 2 2 2 2 2 2 2 2 2 2 2 2 2 2 2 2 2 2 2 2 2 2 2 2 2 2 2 2 2 2 2 2 2 2 2 2 2 2 2 2 2 2 2 2 2 2 2 2 2 2 2 2 2 2 2 2 2 2 2 2 2 2 2 2 2 2 2 2 2 2 2 2 2 2 2 2 2 2 2 2 2 2 2 2 2 2 2 2 2 2 2 2 2 2 2 2 4 4 4 3 3 2 2 1 1 2 3 2 4 4 4 2 2 2 2 2 2 2 2 2 2 2 2 3 3 3 3 3 3 4 3 2 4 4 1 4 2 4 2 4 4 4 4 4 4 4 1 4 4 4 4 4 4 4 4 4 4 4 4 3 3 3 1 1 1 1 1 1 1 1 1 1 1 1 1 3 1 3 3 1 1 1 4 3 4 2 3 4 3 3 4 1 3 4 4 4 3 3 4 4 3 4 4 3 4 1 4 1 1 1 1 1 1 1 1 3 1 1 1 1 3 3 4 4 4 4 4 4 4 4 4 4 4 4 4 3 4 4 2 1 4 4 3 1 1 1 2 3 3 3 3 3 3 3 3 3 3 3 3 3 3 4 4 4 3 4 3 3 3 2 4 3 2 3 3 3 3 3 3 2 3 3 3 3 2 4 3 3 3 3 3 3 3 3 2 4 4 3 3 3 3 4 3 4 3 3 3 3 3 3 3 3 4 4 4 4 3 3 3 2 4 3 3 3 3 3 3 3 2 3 3 3 3 3 4 3 3 3 3 3 3 3 3 2 4 4 3 3 4 3 3 3 3 2 2 2 2 3 3 3 3 3 3 3 3 2 3 2 2 2 2 1 2 2 2 2 2 3 3 3 3 3 3 3 3 3 3 2 3 3 2 2 3 2 2 2 2 2 2 2 1 1 1 2 2 2 2 2 2 3 2 2 2 3 3 3 2 3 3 3 2 2 2 2 2 2 2 2 2 2 2 2 2 2 2 2 2 2 2 2 2 2 2 2 2 2 2 2 2 2 2 2 2 2 2 2 2 2 2 2 2 2 2 2 2 2 2 2 2 2 2 2 2 2 2 2 2 2 2 2 2 2 2 2 2 2 2 2 2 2 2 2 2 2 2 2 2 2 2 2 2 2 2 2 2 2 2 2 2 2 2 2 2 2 2 2 2 2 2 2 2 2 2 2 2 2 2 2 2 2 2 2 2 2 2 2 2 2 2 2 2 2 2 2 2 2 2 2 2 4 4 4 4 4 4 4 4 4 4 4 4 3 4 4 3 3 1 4 4 4 4 4 4 4 4 4 4 3 2 4 4 4 4 4 4 4 4 3 4 4 3 3 3 1 1 1 1 1 1 1 1 2 1 2 1 1 1 1 2 1 1 2 3 1 1 1 1 1 1 1 3 3 4 4 4 4 4 4 4 4 4 4 4 4 4 4 4 4 4 3 4 2 3 4 3 2 3 2 3 3 3 3 3 3 4 3 3 3 3 3 3 2 2 2 2 2 2 2 2 2 2 2 2 2 2 2 2 2 2 2 2 2 2 2 2 2 2 2 2 2 2 2 2 2 2 2 2 2 2 2 2 2 2 2 2 2 2 2 2 2 2 2 2 2 2 2 2 2 2 2 2 2 4 3 3 3 3 3 3 3 3 3 3 3 4 3 3 3 3 3 3 3 3 3 3 3 2 1 1 1 1 2 1 2 1 1 1 2 1 2 1 1 1 1 1 1 2 2 3 2 3 2 3 3 2 3 2 3 2 2 2 2 2 2 1 2 2 2 2 2 2 2 2 2 2 2 2 2 2 2 2 2 2 2 2 2 2 2 2 2 2 2 2 2 2 2 2 2 2 2 2 2 2 2 2 2 2 2 2 2 2 2 2 2 2 2 2 2 2 2 2 2 2 2 2 2 2 2 2 2 2 2 2 2 2 2 2 2 2 2 2 2 2 2 2 2 2 2 2 2 2 2 2 2 2 2 2 2 2 2 2 2 2 2 2 2 2 2 2 2 2 2 2 2 2 2 2 2 2 2 2 2 2 2 2 2 2 2 2 2 2 2 2 2 2 2 2 2 2 2 2 2 2 2 2 2 2 2 2 2 2 2 2 2 2 2 2 2 2 2 2 2 2 2 2 2 2 2 2 2 2 2 2 2 2 2 2 2 2 2 2 2 2 2 2 2 2 2 2 2 2 2 2 2 2 2 2 2 2 2 2 2 2 2 2 2 2 2 2 2 2 2 2 2 2 2 2 2 2 2 2 2 2 2 2 2 2 2 2 2 2 2 2 2 2 2 2 2 2 2 2 2 2 2 2 2 2 2 2 2 2 2 2 2 2 2 2 2 2 2 2 2 2 2 2 2 2 2 2 2 2 2 2 2 2 2 2 2 2 2 2 2 2 2 2 2 2 2 2 2 2 2 2 2 2 2 2 2 2 2 2 2 2 2 2 2 2 2 2 2 2 2 2 2 2 2 2 2 2 2 2 2 2 2 2 2 2 2 2 2 2 2 2 2 2 2 2 2 2 2 2 2 2 2 2 2 2 2 2 2 2 2 2 2 2 2 2 2 2 2 2 2 2 2 2 2 2 2 2 2 2 2 2 2 2 2 2 2 2 2 2 2 2 2 2 2 2 2 2 2 2 2 2 2 2 2 2 2 2 2 2 2 2 2 2 2 2 2 2 2 2 2 2 2 2 2 2 2 2 2 2 2 2 4 4 4 3 3 2 2 1 2 3 2 4 4 4 3 3 3 3 4 3 4 2 2 4 4 1 1 2 4 4 4 4 4 4 4 4 4 3 3 1 4 3 1 2 4 4 4 4 4 3 3 3 4 4 4 4 4 4 4 4 4 4 4 4 3 3 3 3 3 3 4 4 3 3 1 1 1 1 1 1 1 1 1 1 2 1 1 1 1 1 3 1 1 1 4 4 3 3 1 1 1 2 3 3 3 3 3 2 2 2 1 2 2 2 2 2 2 2 2 2 2 2 2 2 2 2 2 2 2 2 2 2 3 3 2 2 2 2 2 2 2 1 1 2 2 2 2 2 2 3 2 2 3 2 3 3 3 3 2 3 3 3 3 3 2 2 4 4 4 4 4 4 4 4 4 4 2 4 4 4 4 2 2 4 2 3 4 4 4 4 3 3 4 3 3 3 4 4 4 4 4 4 4 4 4 4 4 4 4 4 4 4 4 3 4 3 3 1 1 1 1 1 1 1 1 1 1 2 1 1 3 3 1 1 1 1 2 2 1 2 2 4 3 4 3 3 4 3 3 3 4 3 3 3 3 3 3 3 3 3 3 3 3 3 3 3 4 3 3 4 3 3 3 4 3 4 4 3 3 4 3 3 3 4 3 3 3 3 3 3 3 3 3 3 3 3 3 4 3 3 3 4 3 4 3 3 3 4 1 2 3 3 2 2 2 2 2 2 2 2 2 2 2 1 2 2 2 2 3 3 2 2 2 4 3 3 3 3 3 3 3 3 3 3 3 4 3 3 3 3 3 3 3 3 3 3 3 2 1 1 1 1 1 1 1 1 2 1 1 1 1 1 1 1</vcount>
          <v>3 1 20 2 3 3 20 4 3 5 20 6 3 7 20 8 3 9 20 10 3 11 20 12 3 13 20 14 3 15 20 16 3 17 20 18 3 19 20 20 3 21 20 22 3 23 20 24 3 25 20 26 3 27 20 28 3 29 20 30 3 31 20 32 3 33 20 34 3 35 20 36 3 37 20 38 3 39 20 40 3 41 20 42 3 43 20 44 3 45 20 46 3 47 20 48 3 49 20 50 3 51 20 52 3 53 20 54 3 55 20 56 3 57 20 58 3 59 20 60 3 61 20 62 3 63 20 64 3 65 20 66 3 67 20 68 3 69 20 70 3 71 20 72 3 73 20 74 3 75 20 76 3 77 20 78 3 79 20 80 3 81 20 82 3 83 20 84 3 85 20 86 3 87 20 88 3 89 20 90 3 91 20 92 3 93 20 94 3 95 20 96 3 97 20 98 3 99 20 100 3 101 20 102 3 103 20 104 3 105 20 106 3 107 20 108 3 109 20 110 3 111 20 112 3 113 20 114 3 115 20 116 3 117 20 118 3 119 20 120 3 121 20 122 3 123 20 124 3 125 20 126 3 127 20 128 3 129 20 130 3 131 20 132 3 133 20 134 3 135 20 136 3 137 20 138 3 139 20 140 3 141 20 142 3 143 20 144 3 145 20 146 3 147 20 148 3 149 20 150 3 151 20 152 3 153 20 154 3 155 20 156 3 157 20 158 3 159 20 160 3 161 20 162 3 163 20 164 3 165 20 166 3 167 20 168 3 169 20 170 3 171 20 172 3 173 20 174 3 175 20 176 3 177 20 178 3 179 20 180 3 181 20 182 3 183 20 184 3 185 20 186 3 187 20 188 3 189 20 190 3 191 20 192 3 193 20 194 3 195 20 196 3 197 20 198 3 199 20 200 3 201 20 202 3 203 20 204 3 205 20 206 3 207 20 208 3 209 20 210 3 211 20 212 3 213 20 214 3 215 20 216 3 217 20 218 3 219 20 220 3 221 20 222 3 223 20 224 3 225 20 226 3 227 20 228 3 229 20 230 3 231 20 232 3 233 20 234 3 235 20 236 3 237 20 238 3 239 20 240 3 241 20 242 3 243 20 244 3 245 20 246 3 247 20 248 3 249 20 250 3 251 20 252 3 253 20 254 3 255 20 256 3 257 20 258 3 259 20 260 3 261 20 262 3 263 20 264 3 265 20 266 3 267 20 268 3 269 20 270 3 271 20 272 3 273 20 274 3 275 20 276 3 277 20 278 3 279 20 280 3 281 20 282 3 283 20 284 3 285 20 286 3 287 20 288 3 289 20 290 3 291 20 292 3 293 20 294 3 295 20 296 3 297 20 298 3 299 20 300 3 301 20 302 3 303 20 304 3 305 20 306 3 307 20 308 3 309 20 310 3 311 20 312 3 313 20 314 3 315 20 316 3 317 20 318 3 319 20 320 3 321 20 322 3 323 20 324 3 325 20 326 3 327 20 328 3 329 20 330 3 331 20 332 3 333 20 334 3 335 20 336 3 337 20 338 3 339 20 340 3 341 20 342 3 343 20 344 3 345 20 346 3 347 20 348 3 349 20 350 3 351 20 352 3 353 20 354 3 355 20 356 3 357 20 358 3 359 20 360 3 361 20 362 3 363 20 364 3 365 20 366 3 367 20 368 3 369 20 370 3 371 20 372 3 373 20 374 3 375 20 376 3 377 20 378 3 379 20 380 3 381 20 382 3 383 20 384 3 385 20 386 3 387 20 388 3 389 20 390 3 391 20 392 3 393 20 394 3 395 20 396 3 397 20 398 3 399 20 400 3 401 20 402 3 403 20 404 3 405 20 406 3 407 20 408 3 409 20 410 3 411 20 412 3 413 20 414 3 415 20 416 3 417 20 418 3 419 20 420 3 421 20 422 3 423 20 424 3 425 20 426 3 427 20 428 3 429 20 430 3 431 20 432 3 433 20 434 3 435 20 436 3 437 20 438 3 439 20 440 3 441 20 442 3 443 20 444 3 445 20 446 3 447 20 448 3 449 20 450 3 451 20 452 3 453 20 454 3 455 20 456 3 457 20 458 3 459 20 460 3 461 20 462 3 463 20 464 3 465 20 466 3 467 20 468 3 469 20 470 3 471 20 472 3 473 20 474 3 475 20 476 3 477 20 478 3 479 20 480 3 481 20 482 3 483 20 484 3 485 20 486 3 487 20 488 3 489 20 490 3 491 20 492 3 493 20 494 3 495 20 496 3 497 20 498 3 499 20 500 3 501 20 502 3 503 20 504 3 505 20 506 3 507 20 508 3 509 20 510 3 511 20 512 3 513 20 514 3 515 20 516 3 517 20 518 3 519 20 520 3 521 20 522 3 523 20 524 3 525 20 526 3 527 20 528 3 529 20 530 3 531 20 532 3 533 20 534 3 535 20 536 3 537 20 538 3 539 20 540 3 541 20 542 3 543 20 544 3 545 20 546 3 547 20 548 3 549 20 550 3 551 20 552 3 553 20 554 3 555 20 556 3 557 20 558 3 559 20 560 3 561 20 562 3 563 20 564 3 565 20 566 3 567 20 568 3 569 20 570 3 571 20 572 3 573 20 574 3 575 20 576 3 577 20 578 3 579 20 580 3 581 20 582 3 583 20 584 3 585 20 586 3 587 20 588 3 589 20 590 3 591 20 592 3 593 20 594 3 595 20 596 3 597 20 598 3 599 20 600 3 601 20 602 3 603 20 604 3 605 20 606 3 607 20 608 3 609 20 610 3 611 20 612 3 613 20 614 3 615 20 616 3 617 20 618 3 619 20 620 3 621 20 622 3 623 20 624 3 625 20 626 3 627 20 628 3 629 20 630 3 631 20 632 3 633 20 634 3 635 20 636 3 637 20 638 3 639 20 640 3 641 20 642 3 643 20 644 3 645 20 646 3 647 20 648 3 649 20 650 3 651 20 652 3 653 20 654 3 655 20 656 3 657 20 658 3 659 20 660 3 661 20 662 3 663 20 664 3 665 20 666 3 667 20 668 3 669 20 670 3 671 20 672 3 673 20 674 3 675 20 676 3 677 20 678 3 679 20 680 3 681 20 682 3 683 20 684 3 685 20 686 3 687 20 688 3 689 20 690 3 691 20 692 3 693 20 694 3 695 20 696 3 697 20 698 3 699 20 700 3 701 20 702 3 703 20 704 3 705 20 706 3 707 20 708 3 709 20 710 3 711 20 712 3 713 20 714 3 715 20 716 3 717 20 718 3 719 20 720 3 721 20 722 3 723 20 724 3 725 20 726 3 727 20 728 3 729 20 730 3 731 20 732 3 733 20 734 3 735 20 736 3 737 20 738 3 739 20 740 3 741 20 742 3 743 20 744 3 745 20 746 3 747 20 748 3 749 20 750 3 751 20 752 3 753 20 754 3 755 20 756 3 757 20 758 3 759 20 760 3 761 20 762 3 763 20 764 3 765 20 766 3 767 20 768 3 769 20 770 3 771 20 772 3 773 20 774 3 775 20 776 3 777 20 778 3 779 20 780 3 781 20 782 3 783 20 784 3 785 20 786 3 787 20 788 3 789 20 790 3 791 20 792 3 793 20 794 3 795 20 796 3 797 20 798 3 799 20 800 3 801 20 802 3 803 20 804 3 805 20 806 3 807 20 808 3 809 20 810 3 811 20 812 3 813 20 814 3 815 20 816 3 817 20 818 3 819 20 820 3 821 20 822 3 823 20 824 3 825 20 826 3 827 20 828 3 829 20 830 3 831 20 832 3 833 20 834 3 835 20 836 3 837 20 838 3 839 20 840 3 841 20 842 3 843 20 844 3 845 20 846 3 847 20 848 3 849 20 850 3 851 20 852 3 853 20 854 3 855 20 856 3 857 20 858 3 859 20 860 3 861 20 862 3 863 20 864 3 865 20 866 3 867 20 868 3 869 20 870 3 871 20 872 3 873 20 874 3 875 20 876 3 877 20 878 3 879 20 880 3 881 20 882 3 883 20 884 3 885 20 886 3 887 20 888 3 889 20 890 3 891 20 892 3 893 20 894 3 895 20 896 3 897 20 898 3 899 20 900 3 901 20 902 3 903 20 904 3 905 20 906 3 907 20 908 3 909 20 910 3 911 20 912 3 913 20 914 3 915 20 916 3 917 20 918 3 919 20 920 3 921 20 922 3 923 20 924 3 925 20 926 3 927 20 928 3 929 20 930 3 931 20 932 3 933 20 934 3 935 20 936 3 937 20 938 3 939 20 940 3 941 20 942 3 943 20 944 3 945 20 946 3 947 20 948 3 949 20 950 3 951 20 952 3 953 20 954 3 955 20 956 1 957 2 958 3 959 4 960 1 961 2 962 3 963 4 964 2 965 3 966 4 967 5 968 1 969 2 970 3 971 4 972 3 973 4 974 5 975 1 976 2 977 3 978 3 979 4 980 3 981 4 982 3 983 4 984 1 985 2 986 3 987 3 0 3 0 3 988 12 989 3 990 12 991 3 992 12 993 3 994 12 995 13 996 1 997 2 998 3 999 12 1000 2 1001 3 1002 12 1003 13 1004 1 1005 2 1006 3 1007 12 1008 1 1009 2 1010 3 1011 12 1012 4 1013 5 1014 11 1015 4 1016 5 1017 11 1018 4 1019 5 1020 11 1021 4 1022 5 1023 11 1024 4 1025 5 1026 11 1027 4 1028 5 1029 11 1030 4 1031 5 1032 11 1033 4 1034 5 1035 11 1036 3 1037 4 1038 5 1039 11 1040 3 1041 4 1042 11 1043 4 1044 5 1045 11 1046 4 1047 5 1048 11 1049 3 1050 4 1051 11 1052 3 1053 4 1054 5 1055 11 1056 3 1057 4 1058 5 1059 11 1060 4 1061 11 1062 3 1063 4 1064 11 1065 3 1066 4 1067 5 1068 11 1069 4 1070 5 1071 11 1072 4 1073 11 1074 3 1075 4 1076 5 1077 11 1078 3 1079 4 1080 11 1081 4 1082 11 1083 3 1084 4 1085 11 1086 4 1087 5 1088 11 1089 4 1090 11 1091 3 1092 4 1093 11 1094 4 1095 5 1096 11 1097 4 1098 5 1099 11 1100 4 1101 11 1102 3 1103 4 1104 11 1105 4 1106 5 1107 11 1108 4 1109 5 1110 11 1111 4 1112 5 1113 11 1114 4 1115 5 1116 11 1117 4 1118 5 1119 11 1120 4 1121 11 1122 4 1123 5 1124 11 1125 3 1126 4 1127 5 1128 11 1129 4 1130 5 1131 11 1132 4 1133 5 1134 11 1135 4 1136 5 1137 11 1138 4 1139 5 1140 11 1141 4 1142 5 1143 11 1144 4 1145 5 1146 11 1147 4 1148 5 1149 11 1150 4 1151 5 1152 11 1153 4 1154 11 1155 4 1156 11 1157 3 1158 4 1159 5 1160 11 1161 4 1162 5 1163 11 1164 4 1165 11 1166 3 1167 4 1168 5 1169 11 1170 3 1171 4 1172 5 1173 11 1174 4 1175 5 1176 11 1177 3 1178 4 1179 5 1180 11 1181 4 1182 5 1183 11 1184 4 1185 5 1186 11 1187 4 1188 5 1189 11 1190 3 1191 4 1192 11 1193 3 1194 4 1195 11 1196 3 1197 4 1198 5 1199 11 1200 12 1201 13 1202 19 1203 12 1204 13 1205 19 1206 12 1207 13 1208 19 1209 12 1210 13 1211 19 1212 12 1213 13 1214 19 1215 12 1216 13 1217 19 1218 12 1219 13 1220 19 1221 12 1222 13 1223 19 1224 3 1225 12 1226 13 1227 19 1228 3 1229 12 1230 13 1231 19 1232 12 1233 13 1234 19 1235 12 1236 13 1237 19 1238 3 1239 12 1240 13 1241 19 1242 3 1243 12 1244 13 1245 19 1246 3 1247 12 1248 13 1249 19 1250 12 1251 13 1252 19 1253 3 1254 12 1255 19 1256 3 1257 12 1258 13 1259 19 1260 12 1261 13 1262 19 1263 12 1264 19 1265 3 1266 12 1267 13 1268 19 1269 3 1270 12 1271 19 1272 12 1273 19 1274 3 1275 12 1276 19 1277 12 1278 13 1279 19 1280 12 1281 19 1282 3 1283 12 1284 19 1285 12 1286 13 1287 19 1288 12 1289 13 1290 19 1291 12 1292 19 1293 3 1294 12 1295 19 1296 12 1297 13 1298 19 1299 12 1300 13 1301 19 1302 12 1303 13 1304 19 1305 12 1306 19 1307 3 1308 12 1309 13 1310 19 1311 12 1312 13 1313 19 1314 12 1315 13 1316 19 1317 12 1318 13 1319 19 1320 12 1321 13 1322 19 1323 12 1324 13 1325 19 1326 12 1327 13 1328 19 1329 12 1330 13 1331 19 1332 12 1333 13 1334 19 1335 12 1336 13 1337 19 1338 12 1339 13 1340 19 1341 12 1342 13 1343 19 1344 12 1345 19 1346 12 1347 19 1348 3 1349 12 1350 13 1351 19 1352 12 1353 13 1354 19 1355 12 1356 19 1357 3 1358 12 1359 13 1360 19 1361 3 1362 12 1363 13 1364 19 1365 12 1366 13 1367 19 1368 3 1369 12 1370 19 1371 12 1372 13 1373 19 1374 12 1375 13 1376 19 1377 12 1378 13 1379 19 1380 3 1381 12 1382 13 1383 19 1384 3 1385 12 1386 13 1387 19 1388 3 1389 12 1390 13 1391 19 1392 3 1393 20 1394 3 1395 20 1396 3 1397 20 1398 3 1399 20 1400 3 1401 20 1402 3 1403 20 1404 3 1405 20 1406 3 1407 20 1408 3 1409 20 1410 3 1411 20 1412 3 1413 20 1414 3 1415 20 1416 3 1417 20 1418 3 1419 20 1420 3 1421 20 1422 3 1423 20 1424 3 1425 20 1426 3 1427 20 1428 3 1429 20 1430 3 1431 20 1432 3 1433 20 1434 3 1435 20 1436 3 1437 20 1438 3 1439 20 1440 3 1441 20 1442 3 1443 20 1444 3 1445 20 1446 3 1447 20 1448 3 1449 20 1450 3 1451 20 1452 3 1453 20 1454 3 1455 20 1456 3 1457 20 1458 3 1459 20 1460 3 1461 20 1462 3 1463 20 1464 3 1465 20 1466 3 1467 20 1468 3 1469 20 1470 3 1471 20 1472 3 1473 20 1474 3 1475 20 1476 3 1477 20 1478 3 1479 20 1480 3 1481 20 1482 3 1483 20 1484 3 1485 20 1486 3 1487 20 1488 3 1489 20 1490 3 1491 20 1492 3 1493 20 1494 3 1495 20 1496 3 1497 20 1498 3 1499 20 1500 3 1501 20 1502 3 1503 20 1504 3 1505 20 1506 3 1507 20 1508 3 1509 20 1510 3 1511 20 1512 3 1513 20 1514 3 1515 20 1516 3 1517 20 1518 3 1519 20 1520 3 1521 20 1522 3 1523 20 1524 3 1525 20 1526 3 1527 20 1528 3 1529 20 1530 3 1531 20 1532 3 1533 20 1534 3 1535 20 1536 3 1537 20 1538 3 1539 20 1540 3 1541 20 1542 3 1543 20 1544 3 1545 20 1546 3 1547 20 1548 3 1549 20 1550 3 1551 20 1552 3 1553 20 1554 3 1555 20 1556 3 1557 20 1558 3 1559 20 1560 3 1561 20 1562 3 1563 20 1564 3 1565 20 1566 3 1567 20 1568 3 1569 20 1570 3 1571 20 1572 3 1573 20 1574 3 1575 20 1576 3 1577 20 1578 3 1579 20 1580 3 1581 20 1582 3 1583 20 1584 3 1585 20 1586 3 1587 20 1588 3 1589 20 1590 3 1591 20 1592 3 1593 20 1594 3 1595 20 1596 3 1597 20 1598 3 1599 20 1600 3 1601 20 1602 3 1603 20 1604 3 1605 20 1606 3 1607 20 1608 3 1609 20 1610 3 1611 20 1612 3 1613 20 1614 3 1615 20 1616 3 1617 20 1618 3 1619 20 1620 3 1621 20 1622 3 1623 20 1624 3 1625 20 1626 3 1627 20 1628 3 1629 20 1630 3 1631 20 1632 3 1633 20 1634 3 1635 20 1636 3 1637 20 1638 3 1639 20 1640 3 1641 20 1642 3 1643 20 1644 3 1645 20 1646 3 1647 20 1648 3 1649 20 1650 3 1651 20 1652 3 1653 20 1654 3 1655 20 1656 3 1657 20 1658 3 1659 20 1660 21 0 21 0 21 0 21 0 21 0 21 0 21 0 1 1661 2 1662 21 1663 21 0 1 1664 2 1665 21 1666 1 1667 2 1668 3 1669 21 1670 21 0 1 1671 2 1672 3 1673 21 1674 1 1675 2 1676 3 1677 21 1678 1 1679 2 1680 21 1681 21 0 21 0 21 0 1 1682 2 1683 21 1684 21 0 21 0 21 0 21 0 1 1685 2 1686 3 1687 21 1688 21 0 1 1689 2 1690 3 1691 21 1692 1 1693 2 1694 3 1695 21 1696 21 0 21 0 21 0 21 0 21 0 21 0 21 0 1 1697 2 1698 21 1699 21 0 1 1700 2 1701 21 1702 21 0 21 0 21 0 21 0 21 0 21 0 21 0 21 0 1 1703 2 1704 21 1705 1 1706 2 1707 21 1708 1 1709 2 1710 3 1711 21 1712 1 1713 2 1714 21 1715 1 1716 2 1717 3 1718 21 1719 1 1720 2 1721 3 1722 21 1723 1 1724 2 1725 21 1726 1 1727 2 1728 3 1729 21 1730 1 1731 2 1732 3 1733 21 1734 1 1735 2 1736 3 1737 21 1738 1 1739 2 1740 21 1741 1 1742 2 1743 21 1744 1 1745 2 1746 3 1747 21 1748 1 1749 2 1750 3 1751 21 1752 1 1753 2 1754 3 1755 4 1756 1 1757 2 1758 3 1759 21 1760 1 1761 2 1762 3 1763 5 1764 1 1765 2 1766 21 1767 1 1768 2 1769 3 1770 21 1771 1 1772 2 1773 3 1774 21 1775 1 1776 2 1777 3 1778 21 1779 1 1780 21 1781 1 1782 2 1783 21 1784 1 1785 2 1786 21 1787 1 1788 2 1789 3 1790 21 1791 1 1792 2 1793 3 1794 21 1795 1 1796 2 1797 3 1798 21 1799 1 1800 2 1801 3 1802 21 1803 1 1804 2 1805 3 1806 21 1807 1 1808 2 1809 3 1810 21 1811 1 1812 2 1813 3 1814 12 1815 1 1816 2 1817 3 1818 21 1819 1 1820 2 1821 3 1822 13 1823 2 1824 3 1825 12 1826 13 1827 3 1828 12 1829 13 1830 19 1831 3 1832 12 1833 13 1834 19 1835 1 1836 2 1837 3 1838 12 1839 2 1840 3 1841 12 1842 13 1843 2 1844 3 1845 12 1846 13 1847 1 1848 2 1849 3 1850 12 1851 1 1852 2 1853 3 1854 12 1855 2 1856 3 1857 12 1858 1 1859 2 1860 3 1861 1 1862 2 1863 3 1864 1 1865 2 1866 3 1867 21 1868 1 1869 2 1870 3 1871 1 1872 2 1873 3 1874 21 1875 1 1876 2 1877 3 1878 21 1879 1 1880 2 1881 3 1882 1 1883 2 1884 3 1885 1 1886 2 1887 3 1888 4 1889 1 1890 2 1891 3 1892 1 1893 2 1894 3 1895 4 1896 1 1897 2 1898 3 1899 4 1900 2 1901 3 1902 4 1903 5 1904 2 1905 3 1906 4 1907 5 1908 3 1909 4 1910 5 1911 11 1912 3 1913 4 1914 5 1915 11 1916 2 1917 3 1918 4 1919 2 1920 3 1921 4 1922 5 1923 3 1924 4 1925 5 1926 11 1927 3 1928 4 1929 5 1930 11 1931 3 1932 4 1933 3 0 3 1934 4 1935 5 1936 11 1937 3 1938 4 1939 5 1940 11 1941 3 1942 4 1943 5 1944 11 1945 3 1946 4 1947 3 0 3 0 3 0 3 0 3 0 3 0 3 1948 12 1949 3 0 3 1950 12 1951 13 1952 19 1953 3 1954 12 1955 13 1956 19 1957 3 1958 12 1959 3 1960 12 1961 13 1962 19 1963 3 1964 12 1965 13 1966 19 1967 3 1968 12 1969 13 1970 19 1971 3 1972 12 1973 19 1974 3 1975 12 1976 19 1977 3 1978 12 1979 19 1980 3 1981 12 1982 19 1983 3 1984 12 1985 19 1986 3 1987 12 1988 19 1989 3 1990 12 1991 19 1992 3 1993 12 1994 19 1995 3 1996 12 1997 3 1998 12 1999 3 2000 12 2001 3 0 3 0 3 0 3 2002 4 2003 3 2004 4 2005 3 2006 4 2007 3 2008 4 2009 11 2010 3 2011 4 2012 11 2013 3 2014 4 2015 11 2016 3 2017 4 2018 11 2019 3 2020 4 2021 11 2022 3 2023 4 2024 11 2025 3 2026 4 2027 11 2028 3 2029 4 2030 11 2031 1 2032 2 2033 3 2034 4 2035 3 2036 4 2037 5 2038 11 2039 3 2040 4 2041 5 2042 11 2043 1 2044 2 2045 3 2046 4 2047 1 2048 2 2049 3 2050 21 2051 1 2052 2 2053 3 2054 4 2055 3 2056 4 2057 5 2058 11 2059 1 2060 2 2061 3 2062 21 2063 1 2064 2 2065 3 2066 21 2067 1 2068 2 2069 3 2070 21 2071 2 2072 3 2073 4 2074 5 2075 3 2076 4 2077 5 2078 11 2079 1 2080 2 2081 3 2082 21 2083 1 2084 2 2085 3 2086 21 2087 1 2088 2 2089 21 2090 1 2091 2 2092 21 2093 21 0 1 2094 2 2095 3 2096 21 2097 1 2098 2 2099 3 2100 21 2101 1 2102 2 2103 3 2104 21 2105 1 2106 2 2107 3 2108 21 2109 1 2110 2 2111 3 2112 4 2113 1 2114 2 2115 3 2116 21 2117 1 2118 2 2119 3 2120 4 2121 1 2122 2 2123 3 2124 21 2125 2 2126 3 2127 4 2128 5 2129 1 2130 2 2131 3 2132 21 2133 1 2134 2 2135 3 2136 21 2137 1 2138 2 2139 3 2140 21 2141 1 2142 2 2143 3 2144 21 2145 1 2146 2 2147 3 2148 21 2149 1 2150 2 2151 21 2152 1 2153 2 2154 3 2155 21 2156 1 2157 2 2158 3 2159 21 2160 1 2161 2 2162 21 2163 1 2164 2 2165 3 2166 12 2167 1 2168 2 2169 3 2170 1 2171 2 2172 21 2173 1 2174 2 2175 3 2176 21 0 21 0 21 0 21 0 21 0 21 0 1 2177 21 2178 21 0 1 2179 21 2180 21 0 21 0 21 0 21 0 21 0 21 0 1 2181 21 2182 1 2183 2 2184 21 2185 21 0 21 0 1 2186 21 2187 1 2188 2 2189 21 2190 21 0 21 0 21 0 21 0 21 0 21 0 21 0 1 2191 2 2192 21 2193 1 2194 2 2195 21 2196 1 2197 2 2198 3 2199 21 2200 1 2201 2 2202 3 2203 21 2204 1 2205 2 2206 3 2207 21 2208 1 2209 2 2210 3 2211 21 2212 1 2213 2 2214 3 2215 21 2216 1 2217 2 2218 3 2219 21 2220 1 2221 2 2222 3 2223 21 2224 1 2225 2 2226 3 2227 21 2228 1 2229 2 2230 3 2231 12 2232 1 2233 2 2234 3 2235 12 2236 1 2237 2 2238 3 2239 12 2240 3 2241 12 2242 13 2243 19 2244 3 2245 12 2246 13 2247 19 2248 3 2249 12 2250 13 2251 19 2252 1 2253 2 2254 3 2255 12 2256 2 2257 3 2258 12 2259 13 2260 3 2261 12 2262 13 2263 19 2264 2 2265 3 2266 12 2267 13 2268 1 2269 2 2270 3 2271 12 2272 3 2273 12 2274 13 2275 19 2276 3 2277 12 2278 3 2279 12 2280 13 2281 19 2282 3 2283 12 2284 19 2285 3 2286 12 2287 19 2288 3 2289 12 2290 13 2291 19 2292 3 2293 12 2294 19 2295 3 2296 12 2297 3 2298 12 2299 19 2300 3 2301 12 2302 19 2303 3 0 3 0 3 2304 4 2305 3 2306 12 2307 19 2308 3 2309 12 2310 19 2311 3 2312 12 2313 19 2314 3 2315 12 2316 19 2317 3 2318 12 2319 19 2320 3 2321 4 2322 3 2323 4 2324 11 2325 3 2326 4 2327 11 2328 1 2329 2 2330 3 2331 4 2332 3 2333 4 2334 5 2335 11 2336 3 2337 4 2338 5 2339 11 2340 3 2341 4 2342 11 2343 3 2344 4 2345 5 2346 11 2347 3 2348 4 2349 11 2350 3 2351 4 2352 11 2353 3 2354 4 2355 11 2356 3 2357 4 2358 11 2359 3 2360 4 2361 11 2362 3 2363 4 2364 11 2365 3 2366 4 2367 11 2368 3 2369 4 2370 11 2371 3 2372 4 2373 3 2374 4 2375 11 2376 3 2377 4 2378 11 2379 3 2380 4 2381 3 2382 4 2383 11 2384 3 2385 4 2386 11 2387 3 2388 4 2389 11 2390 3 2391 4 2392 3 2393 4 2394 11 2395 3 2396 4 2397 3 2398 4 2399 3 2400 4 2401 3 2402 4 2403 3 2404 4 2405 3 2406 4 2407 3 2408 4 2409 3 2410 4 2411 3 2412 4 2413 3 0 3 0 3 0 3 2414 12 2415 3 2416 12 2417 3 2418 12 2419 3 2420 12 2421 3 2422 12 2423 3 2424 12 2425 3 2426 12 2427 3 2428 12 2429 19 2430 3 2431 12 2432 3 2433 12 2434 3 2435 12 2436 3 2437 12 2438 19 2439 3 2440 12 2441 19 2442 3 2443 12 2444 3 2445 12 2446 19 2447 3 2448 12 2449 3 2450 12 2451 19 2452 3 2453 12 2454 19 2455 3 2456 12 2457 19 2458 3 2459 12 2460 19 2461 3 2462 12 2463 19 2464 3 2465 12 2466 19 2467 3 2468 12 2469 19 2470 3 2471 12 2472 19 2473 3 2474 12 2475 19 2476 3 2477 12 2478 3 2479 12 2480 19 2481 3 2482 12 2483 3 2484 12 2485 3 2486 12 2487 3 2488 12 2489 3 0 3 0 3 0 3 2490 4 2491 3 2492 4 2493 3 2494 4 2495 3 2496 4 2497 3 2498 4 2499 3 2500 4 2501 11 2502 3 2503 4 2504 11 2505 3 2506 4 2507 11 2508 3 2509 4 2510 11 2511 3 2512 4 2513 11 2514 3 2515 4 2516 11 2517 3 2518 4 2519 11 2520 3 2521 4 2522 11 2523 3 2524 4 2525 11 2526 3 2527 4 2528 11 2529 3 2530 20 2531 3 2532 20 2533 3 2534 20 2535 3 2536 20 2537 3 2538 20 2539 3 2540 20 2541 3 2542 20 2543 3 2544 20 2545 3 2546 20 2547 3 2548 20 2549 3 2550 20 2551 3 2552 20 2553 3 2554 20 2555 3 2556 20 2557 3 2558 20 2559 3 2560 20 2561 3 2562 20 2563 3 2564 20 2565 3 2566 20 2567 3 2568 20 2569 3 2570 20 2571 3 2572 20 2573 3 2574 20 2575 3 2576 20 2577 3 2578 20 2579 3 2580 20 2581 3 2582 20 2583 3 2584 20 2585 3 2586 20 2587 3 2588 20 2589 3 2590 20 2591 3 2592 20 2593 3 2594 20 2595 3 2596 20 2597 3 2598 20 2599 3 2600 20 2601 3 2602 20 2603 3 2604 20 2605 3 2606 20 2607 3 2608 20 2609 3 2610 20 2611 3 2612 20 2613 3 2614 20 2615 3 2616 20 2617 3 2618 20 2619 3 2620 20 2621 3 2622 20 2623 3 2624 20 2625 3 2626 20 2627 3 2628 20 2629 3 2630 20 2631 3 2632 20 2633 3 2634 20 2635 3 2636 20 2637 3 2638 20 2639 3 2640 20 2641 3 2642 20 2643 3 2644 20 2645 3 2646 20 2647 3 2648 20 2649 3 2650 20 2651 3 2652 20 2653 3 2654 20 2655 3 2656 20 2657 3 2658 20 2659 3 2660 20 2661 3 2662 20 2663 3 2664 20 2665 3 2666 20 2667 3 2668 20 2669 3 2670 20 2671 3 2672 20 2673 3 2674 20 2675 3 2676 20 2677 3 2678 20 2679 3 2680 20 2681 3 2682 20 2683 3 2684 20 2685 3 2686 20 2687 3 2688 20 2689 3 2690 20 2691 3 2692 20 2693 3 2694 20 2695 3 2696 20 2697 3 2698 20 2699 3 2700 20 2701 3 2702 20 2703 3 2704 20 2705 3 2706 20 2707 3 2708 20 2709 3 2710 20 2711 3 2712 20 2713 3 2714 20 2715 3 2716 20 2717 3 2718 20 2719 3 2720 20 2721 3 2722 20 2723 3 2724 20 2725 3 2726 20 2727 3 2728 20 2729 3 2730 20 2731 3 2732 20 2733 3 2734 20 2735 3 2736 20 2737 3 2738 20 2739 3 2740 20 2741 3 2742 20 2743 3 2744 20 2745 3 2746 20 2747 3 2748 20 2749 3 2750 20 2751 3 2752 20 2753 3 2754 20 2755 3 2756 20 2757 3 2758 20 2759 3 2760 20 2761 3 2762 20 2763 3 2764 20 2765 3 2766 20 2767 3 2768 20 2769 3 2770 20 2771 3 2772 20 2773 3 2774 20 2775 3 2776 20 2777 3 2778 20 2779 3 2780 20 2781 3 2782 20 2783 3 2784 20 2785 3 2786 20 2787 3 2788 20 2789 3 2790 20 2791 3 2792 20 2793 3 2794 20 2795 3 2796 20 2797 3 2798 20 2799 3 2800 20 2801 3 2802 20 2803 3 2804 20 2805 3 2806 20 2807 3 2808 20 2809 3 2810 20 2811 3 2812 20 2813 3 2814 20 2815 3 2816 20 2817 3 2818 20 2819 3 2820 20 2821 3 2822 20 2823 3 2824 20 2825 3 2826 20 2827 3 2828 20 2829 3 2830 20 2831 3 2832 20 2833 3 2834 20 2835 3 2836 20 2837 3 2838 20 2839 3 2840 20 2841 3 2842 20 2843 3 2844 20 2845 3 2846 20 2847 3 2848 20 2849 3 2850 20 2851 3 2852 20 2853 3 2854 20 2855 3 2856 20 2857 3 2858 20 2859 3 2860 20 2861 3 2862 20 2863 3 2864 20 2865 3 2866 20 2867 3 2868 20 2869 3 2870 20 2871 3 2872 20 2873 3 2874 20 2875 3 2876 20 2877 3 2878 20 2879 3 2880 20 2881 3 2882 20 2883 3 2884 20 2885 3 2886 20 2887 3 2888 20 2889 3 2890 20 2891 3 2892 20 2893 3 2894 20 2895 3 2896 20 2897 3 2898 20 2899 3 2900 20 2901 3 2902 20 2903 3 2904 20 2905 3 2906 20 2907 3 2908 20 2909 3 2910 20 2911 3 2912 20 2913 3 2914 20 2915 3 2916 20 2917 3 2918 20 2919 3 2920 20 2921 3 2922 20 2923 3 2924 20 2925 3 2926 20 2927 3 2928 20 2929 3 2930 20 2931 3 2932 20 2933 3 2934 20 2935 3 2936 20 2937 3 2938 20 2939 3 2940 20 2941 3 2942 20 2943 3 2944 20 2945 3 2946 20 2947 3 2948 20 2949 3 2950 20 2951 3 2952 20 2953 3 2954 20 2955 3 2956 20 2957 3 2958 20 2959 3 2960 20 2961 3 2962 20 2963 3 2964 20 2965 3 2966 20 2967 3 2968 20 2969 3 2970 20 2971 3 2972 20 2973 3 2974 20 2975 3 2976 20 2977 3 2978 20 2979 3 2980 20 2981 3 2982 20 2983 3 2984 20 2985 3 2986 20 2987 3 2988 20 2989 3 2990 20 2991 3 2992 20 2993 3 2994 4 2995 5 2996 11 2997 4 2998 5 2999 11 3000 4 3001 5 3002 11 3003 4 3004 5 3005 11 3006 4 3007 5 3008 11 3009 4 3010 5 3011 11 3012 4 3013 5 3014 11 3015 4 3016 5 3017 11 3018 4 3019 5 3020 11 3021 4 3022 5 3023 11 3024 4 3025 5 3026 11 3027 4 3028 5 3029 11 3030 3 3031 12 3032 13 3033 19 3034 12 3035 13 3036 19 3037 12 3038 13 3039 19 3040 12 3041 13 3042 19 3043 12 3044 13 3045 19 3046 12 3047 13 3048 19 3049 12 3050 13 3051 19 3052 12 3053 13 3054 19 3055 12 3056 13 3057 19 3058 12 3059 13 3060 19 3061 12 3062 13 3063 19 3064 12 3065 13 3066 19 3067 3 3068 20 3069 3 3070 20 3071 3 3072 20 3073 3 3074 20 3075 3 3076 20 3077 3 3078 20 3079 3 3080 20 3081 3 3082 20 3083 3 3084 20 3085 3 3086 20 3087 3 3088 20 3089 3 3090 20 3091 3 3092 20 3093 3 3094 20 3095 3 3096 20 3097 3 3098 20 3099 3 3100 20 3101 3 3102 20 3103 3 3104 20 3105 3 3106 20 3107 3 3108 20 3109 3 3110 20 3111 3 3112 20 3113 3 3114 20 3115 3 3116 20 3117 3 3118 20 3119 3 3120 20 3121 3 3122 20 3123 3 3124 20 3125 3 3126 20 3127 3 3128 20 3129 3 3130 20 3131 3 3132 20 3133 3 3134 20 3135 1 3136 21 3137 21 0 21 0 21 0 21 0 1 3138 21 3139 21 0 1 3140 21 3141 21 0 21 0 21 0 1 3142 21 3143 21 0 1 3144 21 3145 21 0 21 0 21 0 21 0 21 0 3 0 3 3146 4 3147 3 3148 4 3149 3 3150 4 3151 11 3152 3 0 3 3153 4 3154 11 3155 3 3156 12 3157 3 3158 4 3159 11 3160 3 3161 12 3162 3 3163 4 3164 3 3165 12 3166 19 3167 3 3168 4 3169 3 3170 12 3171 19 3172 3 3173 4 3174 3 3175 12 3176 19 3177 3 3178 4 3179 3 3180 12 3181 3 3182 4 3183 3 3184 12 3185 3 3186 4 3187 3 3188 12 3189 3 0 3 3190 12 3191 3 3192 12 3193 3 3194 12 3195 3 3196 20 3197 3 3198 20 3199 3 3200 20 3201 3 3202 20 3203 3 3204 20 3205 3 3206 20 3207 3 3208 20 3209 3 3210 20 3211 3 3212 20 3213 3 3214 20 3215 3 3216 20 3217 3 3218 20 3219 3 3220 20 3221 3 3222 20 3223 3 3224 20 3225 3 3226 20 3227 3 3228 20 3229 3 3230 20 3231 3 3232 20 3233 3 3234 20 3235 3 3236 20 3237 3 3238 20 3239 3 3240 20 3241 3 3242 20 3243 3 3244 20 3245 3 3246 20 3247 3 3248 20 3249 3 3250 20 3251 3 3252 20 3253 3 3254 20 3255 3 3256 20 3257 3 3258 20 3259 3 3260 20 3261 3 3262 20 3263 3 3264 20 3265 3 3266 20 3267 3 3268 20 3269 3 3270 20 3271 3 3272 20 3273 3 3274 20 3275 3 3276 20 3277 3 3278 20 3279 3 3280 20 3281 3 3282 20 3283 3 3284 20 3285 3 3286 20 3287 3 3288 20 3289 3 3290 20 3291 3 3292 20 3293 3 3294 20 3295 3 3296 20 3297 3 3298 20 3299 3 3300 20 3301 3 3302 20 3303 3 3304 20 3305 3 3306 20 3307 3 3308 20 3309 3 3310 20 3311 3 3312 20 3313 3 3314 20 3315 3 3316 20 3317 3 3318 20 3319 3 3320 20 3321 3 3322 20 3323 3 3324 20 3325 3 3326 20 3327 3 3328 20 3329 3 3330 20 3331 3 3332 20 3333 3 3334 20 3335 3 3336 20 3337 3 3338 20 3339 3 3340 20 3341 3 3342 20 3343 3 3344 20 3345 3 3346 20 3347 3 3348 20 3349 3 3350 20 3351 3 3352 20 3353 3 3354 20 3355 3 3356 20 3357 3 3358 20 3359 3 3360 20 3361 3 3362 20 3363 3 3364 20 3365 3 3366 20 3367 3 3368 20 3369 3 3370 20 3371 3 3372 20 3373 3 3374 20 3375 3 3376 20 3377 3 3378 20 3379 3 3380 20 3381 3 3382 20 3383 3 3384 20 3385 3 3386 20 3387 3 3388 20 3389 3 3390 20 3391 3 3392 20 3393 3 3394 20 3395 3 3396 20 3397 3 3398 20 3399 3 3400 20 3401 3 3402 20 3403 3 3404 20 3405 3 3406 20 3407 3 3408 20 3409 3 3410 20 3411 3 3412 20 3413 3 3414 20 3415 3 3416 20 3417 3 3418 20 3419 3 3420 20 3421 3 3422 20 3423 3 3424 20 3425 3 3426 20 3427 3 3428 20 3429 3 3430 20 3431 3 3432 20 3433 3 3434 20 3435 3 3436 20 3437 3 3438 20 3439 3 3440 20 3441 3 3442 20 3443 3 3444 20 3445 3 3446 20 3447 3 3448 20 3449 3 3450 20 3451 3 3452 20 3453 3 3454 20 3455 3 3456 20 3457 3 3458 20 3459 3 3460 20 3461 3 3462 20 3463 3 3464 20 3465 3 3466 20 3467 3 3468 20 3469 3 3470 20 3471 3 3472 20 3473 3 3474 20 3475 3 3476 20 3477 3 3478 20 3479 3 3480 20 3481 3 3482 20 3483 3 3484 20 3485 3 3486 20 3487 3 3488 20 3489 3 3490 20 3491 3 3492 20 3493 3 3494 20 3495 3 3496 20 3497 3 3498 20 3499 3 3500 20 3501 3 3502 20 3503 3 3504 20 3505 3 3506 20 3507 3 3508 20 3509 3 3510 20 3511 3 3512 20 3513 3 3514 20 3515 3 3516 20 3517 3 3518 20 3519 3 3520 20 3521 3 3522 20 3523 3 3524 20 3525 3 3526 20 3527 3 3528 20 3529 3 3530 20 3531 3 3532 20 3533 3 3534 20 3535 3 3536 20 3537 3 3538 20 3539 3 3540 20 3541 3 3542 20 3543 3 3544 20 3545 3 3546 20 3547 3 3548 20 3549 3 3550 20 3551 3 3552 20 3553 3 3554 20 3555 3 3556 20 3557 3 3558 20 3559 3 3560 20 3561 3 3562 20 3563 3 3564 20 3565 3 3566 20 3567 3 3568 20 3569 3 3570 20 3571 3 3572 20 3573 3 3574 20 3575 3 3576 20 3577 3 3578 20 3579 3 3580 20 3581 3 3582 20 3583 3 3584 20 3585 3 3586 20 3587 3 3588 20 3589 3 3590 20 3591 3 3592 20 3593 3 3594 20 3595 3 3596 20 3597 3 3598 20 3599 3 3600 20 3601 3 3602 20 3603 3 3604 20 3605 3 3606 20 3607 3 3608 20 3609 3 3610 20 3611 3 3612 20 3613 3 3614 20 3615 3 3616 20 3617 3 3618 20 3619 3 3620 20 3621 3 3622 20 3623 3 3624 20 3625 3 3626 20 3627 3 3628 20 3629 3 3630 20 3631 3 3632 20 3633 3 3634 20 3635 3 3636 20 3637 3 3638 20 3639 3 3640 20 3641 3 3642 20 3643 3 3644 20 3645 3 3646 20 3647 3 3648 20 3649 3 3650 20 3651 3 3652 20 3653 3 3654 20 3655 3 3656 20 3657 3 3658 20 3659 3 3660 20 3661 3 3662 20 3663 3 3664 20 3665 3 3666 20 3667 3 3668 20 3669 3 3670 20 3671 3 3672 20 3673 3 3674 20 3675 3 3676 20 3677 3 3678 20 3679 3 3680 20 3681 3 3682 20 3683 3 3684 20 3685 3 3686 20 3687 3 3688 20 3689 3 3690 20 3691 3 3692 20 3693 3 3694 20 3695 3 3696 20 3697 3 3698 20 3699 3 3700 20 3701 3 3702 20 3703 3 3704 20 3705 3 3706 20 3707 3 3708 20 3709 3 3710 20 3711 3 3712 20 3713 3 3714 20 3715 3 3716 20 3717 3 3718 20 3719 3 3720 20 3721 3 3722 20 3723 3 3724 20 3725 3 3726 20 3727 3 3728 20 3729 3 3730 20 3731 3 3732 20 3733 3 3734 20 3735 3 3736 20 3737 3 3738 20 3739 3 3740 20 3741 3 3742 20 3743 3 3744 20 3745 3 3746 20 3747 3 3748 20 3749 3 3750 20 3751 3 3752 20 3753 3 3754 20 3755 3 3756 20 3757 3 3758 20 3759 3 3760 20 3761 3 3762 20 3763 3 3764 20 3765 3 3766 20 3767 3 3768 20 3769 3 3770 20 3771 3 3772 20 3773 3 3774 20 3775 3 3776 20 3777 3 3778 20 3779 3 3780 20 3781 3 3782 20 3783 3 3784 20 3785 3 3786 20 3787 3 3788 20 3789 3 3790 20 3791 3 3792 20 3793 3 3794 20 3795 3 3796 20 3797 3 3798 20 3799 3 3800 20 3801 3 3802 20 3803 3 3804 20 3805 3 3806 20 3807 3 3808 20 3809 3 3810 20 3811 3 3812 20 3813 3 3814 20 3815 3 3816 20 3817 3 3818 20 3819 3 3820 20 3821 3 3822 20 3823 3 3824 20 3825 3 3826 20 3827 3 3828 20 3829 3 3830 20 3831 3 3832 20 3833 3 3834 20 3835 3 3836 20 3837 3 3838 20 3839 3 3840 20 3841 3 3842 20 3843 3 3844 20 3845 3 3846 20 3847 3 3848 20 3849 3 3850 20 3851 3 3852 20 3853 3 3854 20 3855 3 3856 20 3857 3 3858 20 3859 3 3860 20 3861 3 3862 20 3863 3 3864 20 3865 3 3866 20 3867 3 3868 20 3869 3 3870 20 3871 3 3872 20 3873 3 3874 20 3875 3 3876 20 3877 3 3878 20 3879 3 3880 20 3881 3 3882 20 3883 3 3884 20 3885 3 3886 20 3887 3 3888 20 3889 3 3890 20 3891 3 3892 20 3893 3 3894 20 3895 3 3896 20 3897 3 3898 20 3899 3 3900 20 3901 3 3902 20 3903 3 3904 20 3905 3 3906 20 3907 3 3908 20 3909 3 3910 20 3911 3 3912 20 3913 3 3914 20 3915 3 3916 20 3917 3 3918 20 3919 3 3920 20 3921 3 3922 20 3923 3 3924 20 3925 3 3926 20 3927 3 3928 20 3929 3 3930 20 3931 3 3932 20 3933 3 3934 20 3935 3 3936 20 3937 3 3938 20 3939 3 3940 20 3941 3 3942 20 3943 3 3944 20 3945 3 3946 20 3947 3 3948 20 3949 3 3950 20 3951 3 3952 20 3953 3 3954 20 3955 3 3956 20 3957 3 3958 20 3959 3 3960 20 3961 3 3962 20 3963 3 3964 20 3965 3 3966 20 3967 3 3968 20 3969 3 3970 20 3971 3 3972 20 3973 3 3974 20 3975 3 3976 20 3977 3 3978 20 3979 3 3980 20 3981 3 3982 20 3983 3 3984 20 3985 3 3986 20 3987 3 3988 20 3989 3 3990 20 3991 3 3992 20 3993 3 3994 20 3995 3 3996 20 3997 3 3998 20 3999 3 4000 20 4001 3 4002 20 4003 3 4004 20 4005 3 4006 20 4007 3 4008 20 4009 3 4010 20 4011 3 4012 20 4013 3 4014 20 4015 3 4016 20 4017 3 4018 20 4019 3 4020 20 4021 3 4022 20 4023 3 4024 20 4025 3 4026 20 4027 3 4028 20 4029 3 4030 20 4031 3 4032 20 4033 3 4034 20 4035 3 4036 20 4037 3 4038 20 4039 3 4040 20 4041 3 4042 20 4043 3 4044 20 4045 3 4046 20 4047 3 4048 20 4049 3 4050 20 4051 3 4052 20 4053 3 4054 20 4055 3 4056 20 4057 3 4058 20 4059 3 4060 20 4061 3 4062 20 4063 3 4064 20 4065 3 4066 20 4067 3 4068 20 4069 3 4070 20 4071 3 4072 20 4073 3 4074 20 4075 3 4076 20 4077 3 4078 20 4079 3 4080 20 4081 3 4082 20 4083 3 4084 20 4085 3 4086 20 4087 3 4088 20 4089 3 4090 20 4091 3 4092 20 4093 3 4094 20 4095 3 4096 20 4097 3 4098 20 4099 3 4100 20 4101 3 4102 20 4103 3 4104 20 4105 3 4106 20 4107 3 4108 20 4109 3 4110 20 4111 3 4112 20 4113 3 4114 20 4115 3 4116 20 4117 3 4118 20 4119 3 4120 20 4121 3 4122 20 4123 3 4124 20 4125 3 4126 20 4127 3 4128 20 4129 3 4130 20 4131 3 4132 20 4133 3 4134 20 4135 3 4136 20 4137 3 4138 20 4139 3 4140 20 4141 3 4142 20 4143 3 4144 20 4145 3 4146 20 4147 3 4148 20 4149 3 4150 20 4151 3 4152 20 4153 3 4154 20 4155 3 4156 20 4157 3 4158 20 4159 3 4160 20 4161 3 4162 20 4163 3 4164 20 4165 3 4166 20 4167 3 4168 20 4169 3 4170 20 4171 3 4172 20 4173 3 4174 20 4175 3 4176 20 4177 3 4178 20 4179 3 4180 20 4181 3 4182 20 4183 3 4184 20 4185 3 4186 20 4187 3 4188 20 4189 3 4190 20 4191 3 4192 20 4193 3 4194 20 4195 3 4196 20 4197 3 4198 20 4199 3 4200 20 4201 3 4202 20 4203 3 4204 20 4205 3 4206 20 4207 3 4208 20 4209 3 4210 20 4211 3 4212 20 4213 3 4214 20 4215 3 4216 20 4217 3 4218 20 4219 3 4220 20 4221 3 4222 20 4223 3 4224 20 4225 3 4226 20 4227 3 4228 20 4229 3 4230 20 4231 3 4232 20 4233 3 4234 20 4235 3 4236 20 4237 3 4238 20 4239 3 4240 20 4241 3 4242 20 4243 3 4244 20 4245 3 4246 20 4247 3 4248 20 4249 3 4250 20 4251 3 4252 20 4253 3 4254 20 4255 3 4256 20 4257 3 4258 20 4259 3 4260 20 4261 3 4262 20 4263 3 4264 20 4265 3 4266 20 4267 3 4268 20 4269 3 4270 20 4271 3 4272 20 4273 3 4274 20 4275 3 4276 20 4277 3 4278 20 4279 3 4280 20 4281 3 4282 20 4283 3 4284 20 4285 3 4286 20 4287 3 4288 20 4289 3 4290 20 4291 3 4292 20 4293 3 4294 20 4295 3 4296 20 4297 3 4298 20 4299 3 4300 20 4301 3 4302 20 4303 3 4304 20 4305 3 4306 20 4307 3 4308 20 4309 3 4310 20 4311 3 4312 20 4313 3 4314 20 4315 3 4316 20 4317 3 4318 20 4319 3 4320 20 4321 3 4322 20 4323 3 4324 20 4325 3 4326 20 4327 3 4328 20 4329 3 4330 20 4331 3 4332 20 4333 3 4334 20 4335 3 4336 20 4337 3 4338 20 4339 3 4340 20 4341 3 4342 20 4343 3 4344 20 4345 3 4346 20 4347 3 4348 20 4349 3 4350 20 4351 3 4352 20 4353 3 4354 20 4355 3 4356 20 4357 3 4358 20 4359 3 4360 20 4361 3 4362 20 4363 3 4364 20 4365 3 4366 20 4367 3 4368 20 4369 3 4370 20 4371 3 4372 20 4373 3 4374 20 4375 3 4376 20 4377 3 4378 20 4379 3 4380 20 4381 3 4382 20 4383 3 4384 20 4385 3 4386 20 4387 3 4388 20 4389 3 4390 20 4391 3 4392 20 4393 3 4394 20 4395 3 4396 20 4397 3 4398 20 4399 3 4400 20 4401 3 4402 20 4403 3 4404 20 4405 3 4406 20 4407 3 4408 20 4409 3 4410 20 4411 3 4412 20 4413 3 4414 20 4415 3 4416 20 4417 3 4418 20 4419 3 4420 20 4421 3 4422 20 4423 3 4424 20 4425 3 4426 20 4427 3 4428 20 4429 3 4430 20 4431 3 4432 20 4433 3 4434 20 4435 3 4436 20 4437 3 4438 20 4439 3 4440 20 4441 3 4442 20 4443 3 4444 20 4445 3 4446 20 4447 3 4448 20 4449 3 4450 20 4451 3 4452 20 4453 3 4454 20 4455 3 4456 20 4457 3 4458 20 4459 3 4460 20 4461 3 4462 20 4463 3 4464 20 4465 3 4466 20 4467 3 4468 20 4469 3 4470 20 4471 3 4472 20 4473 3 4474 20 4475 3 4476 20 4477 3 4478 20 4479 3 4480 20 4481 3 4482 20 4483 3 4484 20 4485 3 4486 20 4487 3 4488 20 4489 3 4490 20 4491 3 4492 20 4493 3 4494 20 4495 3 4496 20 4497 3 4498 20 4499 3 4500 20 4501 3 4502 20 4503 3 4504 20 4505 3 4506 20 4507 3 4508 20 4509 3 4510 20 4511 3 4512 20 4513 3 4514 20 4515 3 4516 20 4517 3 4518 20 4519 3 4520 20 4521 3 4522 20 4523 3 4524 20 4525 3 4526 20 4527 3 4528 20 4529 3 4530 20 4531 3 4532 20 4533 3 4534 20 4535 3 4536 20 4537 3 4538 20 4539 3 4540 20 4541 3 4542 20 4543 3 4544 20 4545 3 4546 20 4547 3 4548 20 4549 3 4550 20 4551 3 4552 20 4553 3 4554 20 4555 3 4556 20 4557 3 4558 20 4559 3 4560 20 4561 3 4562 20 4563 3 4564 20 4565 3 4566 20 4567 3 4568 20 4569 3 4570 20 4571 3 4572 20 4573 3 4574 20 4575 3 4576 20 4577 3 4578 20 4579 3 4580 20 4581 3 4582 20 4583 3 4584 20 4585 3 4586 20 4587 3 4588 20 4589 3 4590 20 4591 3 4592 20 4593 3 4594 20 4595 3 4596 20 4597 3 4598 20 4599 3 4600 20 4601 3 4602 20 4603 3 4604 20 4605 3 4606 20 4607 3 4608 20 4609 3 4610 20 4611 3 4612 20 4613 3 4614 20 4615 3 4616 20 4617 3 4618 20 4619 3 4620 20 4621 3 4622 20 4623 3 4624 20 4625 3 4626 20 4627 3 4628 20 4629 3 4630 20 4631 3 4632 20 4633 3 4634 20 4635 3 4636 20 4637 3 4638 20 4639 3 4640 20 4641 3 4642 20 4643 3 4644 20 4645 3 4646 20 4647 3 4648 20 4649 3 4650 20 4651 3 4652 20 4653 3 4654 20 4655 3 4656 20 4657 3 4658 20 4659 3 4660 20 4661 3 4662 20 4663 3 4664 20 4665 3 4666 20 4667 3 4668 20 4669 3 4670 20 4671 3 4672 20 4673 3 4674 20 4675 3 4676 20 4677 3 4678 20 4679 3 4680 20 4681 3 4682 20 4683 3 4684 20 4685 3 4686 20 4687 3 4688 20 4689 3 4690 20 4691 3 4692 20 4693 3 4694 20 4695 3 4696 20 4697 3 4698 20 4699 3 4700 20 4701 3 4702 20 4703 3 4704 20 4705 3 4706 20 4707 3 4708 20 4709 3 4710 20 4711 3 4712 20 4713 3 4714 20 4715 3 4716 20 4717 3 4718 20 4719 3 4720 20 4721 3 4722 20 4723 3 4724 20 4725 3 4726 20 4727 3 4728 20 4729 3 4730 20 4731 3 4732 20 4733 3 4734 20 4735 3 4736 20 4737 3 4738 20 4739 3 4740 20 4741 3 4742 20 4743 3 4744 20 4745 3 4746 20 4747 3 4748 20 4749 3 4750 20 4751 3 4752 20 4753 3 4754 20 4755 3 4756 20 4757 3 4758 20 4759 3 4760 20 4761 3 4762 20 4763 3 4764 20 4765 3 4766 20 4767 3 4768 20 4769 3 4770 20 4771 3 4772 20 4773 3 4774 20 4775 3 4776 20 4777 3 4778 20 4779 3 4780 20 4781 3 4782 20 4783 3 4784 20 4785 3 4786 20 4787 3 4788 20 4789 3 4790 20 4791 3 4792 20 4793 3 4794 20 4795 3 4796 20 4797 3 4798 20 4799 3 4800 20 4801 3 4802 20 4803 3 4804 20 4805 3 4806 20 4807 3 4808 20 4809 3 4810 20 4811 3 4812 20 4813 3 4814 20 4815 3 4816 20 4817 3 4818 20 4819 3 4820 20 4821 3 4822 20 4823 3 4824 20 4825 3 4826 20 4827 3 4828 20 4829 3 4830 20 4831 3 4832 20 4833 3 4834 20 4835 3 4836 20 4837 3 4838 20 4839 3 4840 20 4841 3 4842 20 4843 3 4844 20 4845 3 4846 20 4847 3 4848 20 4849 3 4850 20 4851 3 4852 20 4853 3 4854 20 4855 3 4856 20 4857 3 4858 20 4859 3 4860 20 4861 3 4862 20 4863 3 4864 20 4865 3 4866 20 4867 3 4868 20 4869 3 4870 20 4871 3 4872 20 4873 3 4874 20 4875 3 4876 20 4877 3 4878 20 4879 3 4880 20 4881 3 4882 20 4883 3 4884 20 4885 3 4886 20 4887 3 4888 20 4889 3 4890 20 4891 3 4892 20 4893 3 4894 20 4895 3 4896 20 4897 3 4898 20 4899 3 4900 20 4901 3 4902 20 4903 3 4904 20 4905 3 4906 20 4907 3 4908 20 4909 3 4910 20 4911 3 4912 20 4913 3 4914 20 4915 3 4916 20 4917 3 4918 20 4919 3 4920 20 4921 3 4922 20 4923 3 4924 20 4925 3 4926 20 4927 3 4928 20 4929 3 4930 20 4931 3 4932 20 4933 3 4934 20 4935 3 4936 20 4937 3 4938 20 4939 3 4940 20 4941 3 4942 20 4943 3 4944 20 4945 3 4946 20 4947 3 4948 20 4949 3 4950 20 4951 3 4952 20 4953 3 4954 20 4955 3 4956 20 4957 3 4958 20 4959 3 4960 20 4961 3 4962 20 4963 3 4964 20 4965 3 4966 20 4967 3 4968 20 4969 3 4970 20 4971 3 4972 20 4973 3 4974 20 4975 3 4976 20 4977 3 4978 20 4979 3 4980 20 4981 3 4982 20 4983 3 4984 20 4985 3 4986 20 4987 3 4988 20 4989 3 4990 20 4991 3 4992 20 4993 3 4994 20 4995 3 4996 20 4997 3 4998 20 4999 3 5000 20 5001 3 5002 20 5003 3 5004 20 5005 3 5006 20 5007 3 5008 20 5009 3 5010 20 5011 3 5012 20 5013 3 5014 20 5015 3 5016 20 5017 3 5018 20 5019 3 5020 20 5021 3 5022 20 5023 3 5024 20 5025 3 5026 20 5027 3 5028 20 5029 3 5030 20 5031 3 5032 20 5033 3 5034 20 5035 3 5036 20 5037 3 5038 20 5039 3 5040 20 5041 3 5042 20 5043 3 5044 20 5045 3 5046 20 5047 3 5048 20 5049 3 5050 20 5051 3 5052 20 5053 3 5054 20 5055 3 5056 20 5057 3 5058 20 5059 3 5060 20 5061 3 5062 20 5063 3 5064 20 5065 3 5066 20 5067 3 5068 20 5069 3 5070 20 5071 3 5072 20 5073 3 5074 20 5075 3 5076 20 5077 3 5078 20 5079 3 5080 20 5081 3 5082 20 5083 3 5084 20 5085 3 5086 20 5087 3 5088 20 5089 3 5090 20 5091 3 5092 20 5093 3 5094 20 5095 3 5096 20 5097 3 5098 20 5099 3 5100 20 5101 3 5102 20 5103 3 5104 20 5105 3 5106 20 5107 3 5108 20 5109 3 5110 20 5111 3 5112 20 5113 3 5114 20 5115 3 5116 20 5117 3 5118 20 5119 3 5120 20 5121 3 5122 20 5123 3 5124 20 5125 3 5126 20 5127 3 5128 20 5129 3 5130 20 5131 3 5132 20 5133 3 5134 20 5135 3 5136 20 5137 3 5138 20 5139 3 5140 20 5141 3 5142 20 5143 3 5144 20 5145 3 5146 20 5147 3 5148 20 5149 3 5150 20 5151 3 5152 20 5153 3 5154 20 5155 3 5156 20 5157 3 5158 20 5159 3 5160 20 5161 3 5162 20 5163 3 5164 20 5165 3 5166 20 5167 3 5168 20 5169 3 5170 20 5171 3 5172 20 5173 3 5174 20 5175 3 5176 20 5177 3 5178 20 5179 3 5180 20 5181 3 5182 20 5183 3 5184 20 5185 3 5186 20 5187 3 5188 20 5189 3 5190 20 5191 3 5192 20 5193 3 5194 20 5195 3 5196 20 5197 3 5198 20 5199 3 5200 20 5201 3 5202 20 5203 3 5204 20 5205 3 5206 20 5207 3 5208 20 5209 3 5210 20 5211 3 5212 20 5213 3 5214 20 5215 3 5216 20 5217 3 5218 20 5219 3 5220 20 5221 3 5222 20 5223 3 5224 20 5225 3 5226 20 5227 3 5228 20 5229 3 5230 20 5231 3 5232 20 5233 3 5234 20 5235 3 5236 20 5237 3 5238 20 5239 3 5240 20 5241 3 5242 20 5243 3 5244 20 5245 3 5246 20 5247 3 5248 20 5249 3 5250 20 5251 3 5252 20 5253 3 5254 20 5255 3 5256 20 5257 3 5258 20 5259 3 5260 20 5261 3 5262 20 5263 3 5264 20 5265 3 5266 20 5267 3 5268 20 5269 3 5270 20 5271 3 5272 20 5273 3 5274 20 5275 3 5276 20 5277 3 5278 20 5279 3 5280 20 5281 3 5282 20 5283 1 5284 2 5285 3 5286 4 5287 1 5288 2 5289 3 5290 4 5291 2 5292 3 5293 4 5294 5 5295 1 5296 2 5297 3 5298 3 5299 4 5300 5 5301 3 5302 4 5303 3 5304 4 5305 3 0 3 0 3 5306 12 5307 3 5308 12 5309 13 5310 3 5311 12 5312 2 5313 3 5314 12 5315 13 5316 1 5317 2 5318 3 5319 12 5320 1 5321 2 5322 3 5323 12 5324 3 5325 20 5326 3 5327 20 5328 3 5329 20 5330 3 5331 20 5332 3 5333 20 5334 3 5335 20 5336 3 5337 20 5338 3 5339 20 5340 3 5341 20 5342 3 5343 20 5344 3 5345 20 5346 3 5347 20 5348 3 5349 12 5350 19 5351 3 5352 12 5353 19 5354 3 5355 12 5356 19 5357 3 5358 12 5359 19 5360 3 5361 12 5362 19 5363 3 5364 12 5365 19 5366 3 5367 12 5368 13 5369 19 5370 3 5371 12 5372 19 5373 3 5374 12 5375 3 5376 12 5377 13 5378 19 5379 3 5380 12 5381 13 5382 19 5383 3 0 3 5384 12 5385 13 5386 19 5387 3 5388 12 5389 3 5390 12 5391 13 5392 19 5393 3 5394 12 5395 2 5396 3 5397 12 5398 13 5399 2 5400 3 5401 12 5402 13 5403 3 5404 12 5405 13 5406 19 5407 1 5408 2 5409 3 5410 12 5411 1 5412 2 5413 3 5414 12 5415 2 5416 3 5417 12 5418 13 5419 1 5420 2 5421 3 5422 13 5423 3 0 1 5424 2 5425 3 5426 12 5427 1 5428 2 5429 3 5430 12 5431 1 5432 2 5433 3 5434 21 5435 1 5436 2 5437 3 5438 21 5439 1 5440 2 5441 3 5442 21 5443 1 5444 2 5445 3 5446 21 5447 1 5448 2 5449 3 5450 21 5451 1 5452 2 5453 3 5454 21 5455 1 5456 2 5457 3 5458 21 5459 1 5460 2 5461 3 5462 21 5463 1 5464 2 5465 3 5466 21 5467 1 5468 2 5469 3 5470 21 5471 1 5472 2 5473 21 5474 1 5475 2 5476 21 5477 1 5478 2 5479 21 5480 21 0 21 0 21 0 21 0 21 0 21 0 21 0 21 0 21 0 21 0 21 0 21 0 21 0 1 5481 2 5482 21 5483 21 0 1 5484 2 5485 21 5486 1 5487 2 5488 21 5489 21 0 21 0 21 0 1 5490 2 5491 3 5492 21 5493 1 5494 2 5495 21 5496 1 5497 2 5498 3 5499 21 5500 1 5501 21 5502 1 5503 2 5504 21 5505 1 5506 2 5507 3 5508 21 5509 1 5510 2 5511 21 5512 1 5513 2 5514 3 5515 1 5516 2 5517 3 5518 21 5519 3 0 1 5520 2 5521 3 5522 1 5523 2 5524 3 5525 21 5526 1 5527 2 5528 3 5529 21 5530 1 5531 2 5532 3 5533 21 5534 1 5535 2 5536 21 5537 1 5538 2 5539 3 5540 1 5541 2 5542 3 5543 21 5544 1 5545 2 5546 3 5547 21 5548 1 5549 2 5550 21 5551 1 5552 2 5553 3 5554 21 5555 1 5556 2 5557 3 5558 4 5559 1 5560 2 5561 21 5562 1 5563 2 5564 3 5565 21 5566 21 0 1 5567 2 5568 3 5569 21 5570 21 0 21 0 21 0 21 0 21 0 21 0 21 0 21 0 1 5571 2 5572 21 5573 21 0 21 0 21 0 21 0 1 5574 2 5575 21 5576 1 5577 2 5578 21 5579 1 5580 2 5581 3 5582 21 5583 1 5584 2 5585 3 5586 21 5587 1 5588 2 5589 3 5590 21 5591 1 5592 2 5593 3 5594 21 5595 1 5596 2 5597 3 5598 21 5599 1 5600 2 5601 3 5602 21 5603 1 5604 2 5605 3 5606 4 5607 1 5608 2 5609 3 5610 5 5611 1 5612 2 5613 3 5614 4 5615 2 5616 3 5617 4 5618 5 5619 3 5620 4 5621 5 5622 11 5623 3 5624 4 5625 5 5626 11 5627 2 5628 3 5629 4 5630 5 5631 2 5632 3 5633 4 5634 3 5635 4 5636 5 5637 11 5638 3 5639 4 5640 5 5641 11 5642 3 5643 4 5644 3 0 3 5645 4 5646 5 5647 11 5648 3 5649 4 5650 5 5651 11 5652 3 5653 4 5654 11 5655 3 0 3 0 3 0 3 5656 4 5657 3 5658 4 5659 11 5660 3 5661 4 5662 11 5663 3 5664 4 5665 11 5666 3 5667 4 5668 11 5669 3 5670 4 5671 11 5672 3 5673 4 5674 11 5675 4 5676 5 5677 11 5678 4 5679 5 5680 11 5681 4 5682 5 5683 11 5684 4 5685 5 5686 11 5687 4 5688 5 5689 11 5690 4 5691 5 5692 11 5693 4 5694 5 5695 11 5696 4 5697 5 5698 11 5699 3 5700 4 5701 5 5702 11 5703 3 5704 4 5705 5 5706 11 5707 3 5708 4 5709 5 5710 11 5711 3 5712 4 5713 11 5714 3 5715 4 5716 5 5717 11 5718 4 5719 5 5720 11 5721 4 5722 5 5723 11 5724 4 5725 5 5726 11 5727 4 5728 11 5729 3 5730 4 5731 5 5732 11 5733 3 5734 4 5735 11 5736 4 5737 11 5738 3 5739 4 5740 11 5741 4 5742 5 5743 11 5744 4 5745 5 5746 11 5747 4 5748 5 5749 11 5750 4 5751 5 5752 11 5753 4 5754 5 5755 11 5756 4 5757 11 5758 3 5759 4 5760 11 5761 3 5762 4 5763 11 5764 4 5765 5 5766 11 5767 4 5768 5 5769 11 5770 4 5771 11 5772 3 5773 4 5774 5 5775 11 5776 4 5777 5 5778 11 5779 4 5780 5 5781 11 5782 4 5783 5 5784 11 5785 4 5786 5 5787 11 5788 4 5789 5 5790 11 5791 4 5792 5 5793 11 5794 4 5795 5 5796 11 5797 4 5798 5 5799 11 5800 4 5801 11 5802 3 5803 4 5804 5 5805 11 5806 3 5807 4 5808 5 5809 11 5810 4 5811 5 5812 11 5813 4 5814 5 5815 11 5816 4 5817 5 5818 11 5819 4 5820 5 5821 11 5822 3 5823 4 5824 5 5825 11 5826 4 5827 5 5828 11 5829 3 5830 4 5831 5 5832 11 5833 12 5834 13 5835 19 5836 12 5837 13 5838 19 5839 12 5840 13 5841 19 5842 12 5843 13 5844 19 5845 12 5846 13 5847 19 5848 12 5849 13 5850 19 5851 12 5852 13 5853 19 5854 12 5855 13 5856 19 5857 3 5858 12 5859 13 5860 19 5861 3 5862 12 5863 13 5864 19 5865 3 5866 12 5867 13 5868 19 5869 3 5870 12 5871 13 5872 19 5873 12 5874 13 5875 19 5876 12 5877 13 5878 19 5879 12 5880 13 5881 19 5882 12 5883 19 5884 3 5885 12 5886 13 5887 19 5888 3 5889 12 5890 19 5891 12 5892 13 5893 19 5894 3 5895 12 5896 19 5897 12 5898 13 5899 19 5900 12 5901 13 5902 19 5903 12 5904 13 5905 19 5906 12 5907 13 5908 19 5909 12 5910 19 5911 3 5912 12 5913 19 5914 3 5915 12 5916 19 5917 12 5918 13 5919 19 5920 12 5921 13 5922 19 5923 12 5924 13 5925 19 5926 3 5927 12 5928 13 5929 19 5930 12 5931 13 5932 19 5933 12 5934 13 5935 19 5936 12 5937 13 5938 19 5939 12 5940 13 5941 19 5942 12 5943 13 5944 19 5945 12 5946 13 5947 19 5948 12 5949 13 5950 19 5951 12 5952 13 5953 19 5954 12 5955 19 5956 3 5957 12 5958 13 5959 19 5960 3 5961 12 5962 13 5963 19 5964 12 5965 13 5966 19 5967 12 5968 13 5969 19 5970 3 5971 12 5972 13 5973 19 5974 3 5975 12 5976 19 5977 12 5978 13 5979 19 5980 12 5981 13 5982 19 5983 12 5984 13 5985 19 5986 3 5987 20 5988 3 5989 20 5990 3 5991 20 5992 3 5993 20 5994 3 5995 4 5996 11 5997 3 5998 4 5999 11 6000 3 6001 4 6002 11 6003 3 6004 4 6005 11 6006 3 6007 4 6008 11 6009 3 6010 4 6011 11 6012 3 6013 4 6014 11 6015 3 6016 4 6017 11 6018 3 6019 4 6020 3 6021 4 6022 11 6023 3 6024 4 6025 3 6026 4 6027 3 6028 4 6029 3 6030 4 6031 3 0 3 6032 12 6033 3 6034 12 6035 3 6036 12 6037 3 6038 12 6039 3 6040 12 6041 3 6042 12 6043 19 6044 3 6045 12 6046 19 6047 3 6048 12 6049 19 6050 3 6051 12 6052 19 6053 3 6054 12 6055 19 6056 3 6057 12 6058 19 6059 3 6060 12 6061 19 6062 3 6063 12 6064 19 6065 3 6066 12 6067 19 6068 3 6069 12 6070 19 6071 3 6072 12 6073 3 6074 12 6075 19 6076 3 6077 12 6078 19 6079 3 6080 12 6081 3 6082 12 6083 3 6084 12 6085 19 6086 3 6087 12 6088 3 6089 12 6090 3 6091 12 6092 3 6093 12 6094 3 6095 12 6096 3 6097 12 6098 3 6099 12 6100 3 0 3 0 3 0 3 6101 4 6102 3 6103 4 6104 3 6105 4 6106 3 6107 4 6108 3 6109 4 6110 3 6111 4 6112 3 6113 4 6114 11 6115 3 6116 4 6117 3 6118 4 6119 3 6120 4 6121 3 6122 4 6123 11 6124 3 6125 4 6126 11 6127 3 6128 4 6129 11 6130 3 6131 4 6132 3 6133 4 6134 11 6135 3 6136 4 6137 11 6138 3 6139 4 6140 11 6141 3 6142 20 6143 3 6144 20 6145 3 6146 20 6147 3 6148 20 6149 3 6150 20 6151 3 6152 20 6153 3 6154 20 6155 3 6156 20 6157 3 6158 20 6159 3 6160 20 6161 3 6162 20 6163 3 6164 20 6165 3 6166 20 6167 3 6168 20 6169 3 6170 20 6171 3 6172 20 6173 3 6174 20 6175 3 6176 20 6177 3 6178 20 6179 3 6180 20 6181 3 6182 20 6183 3 6184 20 6185 3 6186 20 6187 3 6188 20 6189 3 6190 20 6191 3 6192 20 6193 3 6194 20 6195 3 6196 20 6197 3 6198 20 6199 3 6200 20 6201 3 6202 20 6203 3 6204 20 6205 3 6206 20 6207 3 6208 20 6209 3 6210 20 6211 3 6212 20 6213 3 6214 20 6215 3 6216 20 6217 3 6218 20 6219 3 6220 20 6221 3 6222 20 6223 3 6224 20 6225 3 6226 20 6227 3 6228 20 6229 3 6230 20 6231 3 6232 20 6233 3 6234 20 6235 3 6236 20 6237 3 6238 20 6239 3 6240 20 6241 3 6242 20 6243 3 6244 20 6245 3 6246 20 6247 3 6248 20 6249 3 6250 20 6251 3 6252 20 6253 3 6254 20 6255 3 6256 20 6257 3 6258 20 6259 3 6260 20 6261 3 6262 20 6263 3 6264 20 6265 3 6266 20 6267 3 6268 20 6269 3 6270 20 6271 3 6272 20 6273 3 6274 20 6275 3 6276 20 6277 3 6278 20 6279 3 6280 20 6281 3 6282 20 6283 3 6284 20 6285 3 6286 20 6287 3 6288 20 6289 3 6290 20 6291 3 6292 20 6293 3 6294 20 6295 3 6296 20 6297 3 6298 20 6299 3 6300 20 6301 3 6302 20 6303 3 6304 20 6305 3 6306 20 6307 3 6308 20 6309 3 6310 20 6311 3 6312 20 6313 3 6314 20 6315 3 6316 20 6317 3 6318 20 6319 3 6320 20 6321 3 6322 20 6323 3 6324 20 6325 3 6326 20 6327 3 6328 20 6329 3 6330 20 6331 3 6332 20 6333 3 6334 20 6335 3 6336 20 6337 3 6338 20 6339 3 6340 20 6341 3 6342 20 6343 3 6344 20 6345 3 6346 20 6347 3 6348 20 6349 3 6350 20 6351 3 6352 20 6353 3 6354 20 6355 3 6356 20 6357 3 6358 20 6359 3 6360 20 6361 3 6362 20 6363 3 6364 20 6365 3 6366 20 6367 3 6368 20 6369 3 6370 20 6371 3 6372 20 6373 3 6374 20 6375 3 6376 20 6377 3 6378 20 6379 3 6380 20 6381 3 6382 20 6383 3 6384 20 6385 3 6386 20 6387 3 6388 20 6389 3 6390 20 6391 3 6392 20 6393 3 6394 20 6395 3 6396 20 6397 3 6398 20 6399 1 6400 2 6401 3 6402 4 6403 3 6404 4 6405 5 6406 11 6407 3 6408 4 6409 5 6410 11 6411 1 6412 2 6413 3 6414 4 6415 3 6416 4 6417 5 6418 11 6419 1 6420 2 6421 3 6422 21 6423 1 6424 2 6425 3 6426 21 6427 2 6428 3 6429 4 6430 5 6431 3 6432 4 6433 5 6434 11 6435 1 6436 2 6437 3 6438 21 6439 1 6440 2 6441 3 6442 21 6443 3 6444 4 6445 5 6446 11 6447 3 6448 4 6449 11 6450 1 6451 2 6452 3 6453 21 6454 1 6455 2 6456 3 6457 21 6458 1 6459 2 6460 21 6461 1 6462 2 6463 21 6464 21 0 1 6465 2 6466 3 6467 21 6468 1 6469 2 6470 3 6471 21 6472 1 6473 2 6474 3 6475 21 6476 1 6477 2 6478 3 6479 21 6480 1 6481 2 6482 3 6483 4 6484 1 6485 2 6486 3 6487 21 6488 1 6489 2 6490 3 6491 4 6492 2 6493 3 6494 4 6495 5 6496 3 6497 4 6498 5 6499 11 6500 1 6501 2 6502 3 6503 4 6504 3 6505 4 6506 11 6507 3 6508 4 6509 1 6510 2 6511 3 6512 12 6513 1 6514 2 6515 3 6516 21 6517 1 6518 2 6519 3 6520 12 6521 1 6522 2 6523 3 6524 21 6525 1 6526 2 6527 3 6528 21 6529 1 6530 2 6531 3 6532 21 6533 1 6534 2 6535 3 6536 21 6537 1 6538 2 6539 3 6540 21 6541 1 6542 2 6543 21 6544 1 6545 2 6546 3 6547 21 6548 1 6549 2 6550 3 6551 21 6552 1 6553 2 6554 21 6555 1 6556 2 6557 21 6558 1 6559 2 6560 21 6561 21 0 21 0 21 0 21 0 21 0 21 0 21 0 21 0 1 6562 21 6563 21 0 1 6564 21 6565 21 0 21 0 21 0 21 0 1 6566 21 6567 21 0 21 0 1 6568 21 6569 1 6570 2 6571 21 6572 21 0 21 0 21 0 21 0 21 0 21 0 21 0 1 6573 2 6574 21 6575 1 6576 2 6577 21 6578 1 6579 2 6580 3 6581 21 6582 1 6583 2 6584 3 6585 21 6586 1 6587 2 6588 3 6589 21 6590 1 6591 2 6592 3 6593 21 6594 1 6595 2 6596 3 6597 21 6598 1 6599 2 6600 3 6601 21 6602 1 6603 2 6604 3 6605 21 6606 1 6607 2 6608 3 6609 12 6610 1 6611 2 6612 3 6613 12 6614 3 6615 12 6616 13 6617 19 6618 3 6619 12 6620 13 6621 19 6622 3 6623 12 6624 13 6625 19 6626 1 6627 2 6628 3 6629 12 6630 2 6631 3 6632 12 6633 13 6634 3 6635 12 6636 13 6637 19 6638 2 6639 3 6640 12 6641 13 6642 3 6643 12 6644 13 6645 19 6646 3 6647 12 6648 19 6649 3 6650 12 6651 13 6652 19 6653 3 6654 12 6655 3 6656 12 6657 19 6658 3 6659 12 6660 13 6661 19 6662 3 6663 12 6664 19 6665 3 6666 12 6667 3 6668 12 6669 19 6670 3 6671 4 6672 3 6673 12 6674 19 6675 3 6676 4 6677 11 6678 3 6679 12 6680 19 6681 3 6682 12 6683 19 6684 3 6685 12 6686 19 6687 3 6688 12 6689 19 6690 3 6691 4 6692 5 6693 11 6694 3 6695 4 6696 11 6697 3 6698 4 6699 11 6700 3 6701 4 6702 11 6703 3 6704 4 6705 11 6706 3 6707 4 6708 11 6709 3 6710 4 6711 11 6712 3 6713 20 6714 3 6715 20 6716 3 6717 20 6718 3 6719 20 6720 3 6721 20 6722 3 6723 20 6724 3 6725 20 6726 3 6727 20 6728 3 6729 20 6730 3 6731 20 6732 3 6733 20 6734 3 6735 20 6736 3 6737 20 6738 3 6739 20 6740 3 6741 20 6742 3 6743 20 6744 3 6745 20 6746 3 6747 20 6748 3 6749 20 6750 3 6751 20 6752 3 6753 20 6754 3 6755 20 6756 3 6757 20 6758 3 6759 20 6760 3 6761 20 6762 3 6763 20 6764 3 6765 20 6766 3 6767 20 6768 3 6769 20 6770 3 6771 20 6772 3 6773 20 6774 3 6775 20 6776 3 6777 20 6778 3 6779 20 6780 3 6781 20 6782 3 6783 20 6784 3 6785 20 6786 3 6787 20 6788 3 6789 20 6790 3 6791 20 6792 3 6793 20 6794 3 6795 20 6796 3 6797 20 6798 3 6799 20 6800 3 6801 20 6802 3 6803 20 6804 3 6805 20 6806 3 6807 20 6808 3 6809 20 6810 3 6811 20 6812 3 6813 20 6814 3 6815 20 6816 3 6817 20 6818 3 6819 20 6820 3 6821 20 6822 3 6823 20 6824 3 6825 20 6826 3 6827 20 6828 3 6829 20 6830 3 6831 20 6832 3 6833 20 6834 3 6835 4 6836 5 6837 11 6838 4 6839 5 6840 11 6841 4 6842 5 6843 11 6844 4 6845 5 6846 11 6847 4 6848 5 6849 11 6850 4 6851 5 6852 11 6853 4 6854 5 6855 11 6856 4 6857 5 6858 11 6859 4 6860 5 6861 11 6862 4 6863 5 6864 11 6865 4 6866 5 6867 11 6868 4 6869 5 6870 11 6871 3 6872 12 6873 13 6874 19 6875 12 6876 13 6877 19 6878 12 6879 13 6880 19 6881 12 6882 13 6883 19 6884 12 6885 13 6886 19 6887 12 6888 13 6889 19 6890 12 6891 13 6892 19 6893 12 6894 13 6895 19 6896 12 6897 13 6898 19 6899 12 6900 13 6901 19 6902 12 6903 13 6904 19 6905 12 6906 13 6907 19 6908 1 6909 21 6910 21 0 21 0 21 0 21 0 1 6911 21 6912 21 0 1 6913 21 6914 21 0 21 0 21 0 1 6915 21 6916 21 0 1 6917 21 6918 21 0 21 0 21 0 21 0 21 0 3 0 3 6919 4 6920 3 6921 4 6922 3 6923 4 6924 11 6925 3 6926 12 6927 3 6928 4 6929 11 6930 3 6931 12 6932 3 6933 4 6934 11 6935 3 6936 12 6937 19 6938 3 6939 4 6940 3 6941 12 6942 19 6943 3 6944 4 6945 3 6946 12 6947 19 6948 3 6949 4 6950 3 6951 12 6952 3 6953 4 6954 3 6955 12 6956 3 6957 4 6958 3 6959 12 6960 3 0 3 6961 12 6962 3 6963 12 6964 3 6965 20 6966 3 6967 20 6968 3 6969 20 6970 3 6971 20 6972 3 6973 20 6974 3 6975 20 6976 3 6977 20 6978 3 6979 20 6980 3 6981 20 6982 3 6983 20 6984 3 6985 20 6986 3 6987 20 6988 3 6989 20 6990 3 6991 20 6992 3 6993 20 6994 3 6995 20 6996 3 6997 20 6998 3 6999 20 7000 3 7001 20 7002 3 7003 20 7004 3 7005 20 7006 3 7007 20 7008 3 7009 20 7010 3 7011 20 7012 3 7013 20 7014 3 7015 20 7016 3 7017 20 7018 3 7019 20 7020 3 7021 20 7022 3 7023 20 7024 3 7025 20 7026 3 7027 20 7028 3 7029 20 7030 3 7031 20 7032 3 7033 20 7034 3 7035 20 7036 3 7037 20 7038 3 7039 20 7040 3 7041 20 7042 3 7043 20 7044 3 7045 20 7046 3 7047 20 7048 3 7049 20 7050 3 7051 20 7052 3 7053 20 7054 3 7055 20 7056 3 7057 20 7058 3 7059 20 7060 3 7061 20 7062 3 7063 20 7064 3 7065 20 7066 3 7067 20 7068 3 7069 20 7070 3 7071 20 7072 3 7073 20 7074 3 7075 20 7076 3 7077 20 7078 3 7079 20 7080 3 7081 20 7082 3 7083 20 7084 3 7085 20 7086 3 7087 20 7088 3 7089 20 7090 3 7091 20 7092 3 7093 20 7094 3 7095 20 7096 3 7097 20 7098 3 7099 20 7100 3 7101 20 7102 3 7103 20 7104 3 7105 20 7106 3 7107 20 7108 3 7109 20 7110 3 7111 20 7112 3 7113 20 7114 3 7115 20 7116 3 7117 20 7118 3 7119 20 7120 3 7121 20 7122 3 7123 20 7124 3 7125 20 7126 3 7127 20 7128 3 7129 20 7130 3 7131 20 7132 3 7133 20 7134 3 7135 20 7136 3 7137 20 7138 3 7139 20 7140 3 7141 20 7142 3 7143 20 7144 3 7145 20 7146 3 7147 20 7148 3 7149 20 7150 3 7151 20 7152 3 7153 20 7154 3 7155 20 7156 3 7157 20 7158 3 7159 20 7160 3 7161 20 7162 3 7163 20 7164 3 7165 20 7166 3 7167 20 7168 3 7169 20 7170 3 7171 20 7172 3 7173 20 7174 3 7175 20 7176 3 7177 20 7178 3 7179 20 7180 3 7181 20 7182 3 7183 20 7184 3 7185 20 7186 3 7187 20 7188 3 7189 20 7190 3 7191 20 7192 3 7193 20 7194 3 7195 20 7196 3 7197 20 7198 3 7199 20 7200 3 7201 20 7202 3 7203 20 7204 3 7205 20 7206 3 7207 20 7208 3 7209 20 7210 3 7211 20 7212 3 7213 20 7214 3 7215 20 7216 3 7217 20 7218 3 7219 20 7220 3 7221 20 7222 3 7223 20 7224 3 7225 20 7226 3 7227 20 7228 3 7229 20 7230 3 7231 20 7232 3 7233 20 7234 3 7235 20 7236 3 7237 20 7238 3 7239 20 7240 3 7241 20 7242 3 7243 20 7244 3 7245 20 7246 3 7247 20 7248 3 7249 20 7250 3 7251 20 7252 3 7253 20 7254 3 7255 20 7256 3 7257 20 7258 3 7259 20 7260 3 7261 20 7262 3 7263 20 7264 3 7265 20 7266 3 7267 20 7268 3 7269 20 7270 3 7271 20 7272 3 7273 20 7274 3 7275 20 7276 3 7277 20 7278 3 7279 20 7280 3 7281 20 7282 3 7283 20 7284 3 7285 20 7286 3 7287 20 7288 3 7289 20 7290 3 7291 20 7292 3 7293 20 7294 3 7295 20 7296 3 7297 20 7298 3 7299 20 7300 3 7301 20 7302 3 7303 20 7304 3 7305 20 7306 3 7307 20 7308 3 7309 20 7310 3 7311 20 7312 3 7313 20 7314 3 7315 20 7316 3 7317 20 7318 3 7319 20 7320 3 7321 20 7322 3 7323 20 7324 3 7325 20 7326 3 7327 20 7328 3 7329 20 7330 3 7331 20 7332 3 7333 20 7334 3 7335 20 7336 3 7337 20 7338 3 7339 20 7340 3 7341 20 7342 3 7343 20 7344 3 7345 20 7346 3 7347 20 7348 3 7349 20 7350 3 7351 20 7352 3 7353 20 7354 3 7355 20 7356 3 7357 20 7358 3 7359 20 7360 3 7361 20 7362 3 7363 20 7364 3 7365 20 7366 3 7367 20 7368 3 7369 20 7370 3 7371 20 7372 3 7373 20 7374 3 7375 20 7376 3 7377 20 7378 3 7379 20 7380 3 7381 20 7382 3 7383 20 7384 3 7385 20 7386 3 7387 20 7388 3 7389 20 7390 3 7391 20 7392 3 7393 20 7394 3 7395 20 7396 3 7397 20 7398 3 7399 20 7400 3 7401 20 7402 3 7403 20 7404 3 7405 20 7406 3 7407 20 7408 3 7409 20 7410 3 7411 20 7412 3 7413 20 7414 3 7415 20 7416 3 7417 20 7418 3 7419 20 7420 3 7421 20 7422 3 7423 20 7424 3 7425 20 7426 3 7427 20 7428 3 7429 20 7430 3 7431 20 7432 3 7433 20 7434 3 7435 20 7436 3 7437 20 7438 3 7439 20 7440 3 7441 20 7442 3 7443 20 7444 3 7445 20 7446 3 7447 20 7448 3 7449 20 7450 3 7451 20 7452 3 7453 20 7454 3 7455 20 7456 3 7457 20 7458 3 7459 20 7460 3 7461 20 7462 3 7463 20 7464 3 7465 20 7466 3 7467 20 7468 3 7469 20 7470 3 7471 20 7472 3 7473 20 7474 3 7475 20 7476 3 7477 20 7478 3 7479 20 7480 3 7481 20 7482 3 7483 20 7484 3 7485 20 7486 3 7487 20 7488 3 7489 20 7490 3 7491 20 7492 3 7493 20 7494 3 7495 20 7496 3 7497 20 7498 3 7499 20 7500 3 7501 20 7502 3 7503 20 7504 3 7505 20 7506 3 7507 20 7508 3 7509 20 7510 3 7511 20 7512 3 7513 20 7514 3 7515 20 7516 3 7517 20 7518 3 7519 20 7520 3 7521 20 7522 3 7523 20 7524 3 7525 20 7526 3 7527 20 7528 3 7529 20 7530 3 7531 20 7532 3 7533 20 7534 3 7535 20 7536 3 7537 20 7538 3 7539 20 7540 3 7541 20 7542 3 7543 20 7544 3 7545 20 7546 3 7547 20 7548 3 7549 20 7550 3 7551 20 7552 3 7553 20 7554 3 7555 20 7556 3 7557 20 7558 3 7559 20 7560 3 7561 20 7562 3 7563 20 7564 3 7565 20 7566 3 7567 20 7568 3 7569 20 7570 3 7571 20 7572 3 7573 20 7574 3 7575 20 7576 3 7577 20 7578 3 7579 20 7580 3 7581 20 7582 3 7583 20 7584 3 7585 20 7586 3 7587 20 7588 3 7589 20 7590 3 7591 20 7592 3 7593 20 7594 3 7595 20 7596 3 7597 20 7598 3 7599 20 7600 3 7601 20 7602 3 7603 20 7604 3 7605 20 7606 3 7607 20 7608 3 7609 20 7610 3 7611 20 7612 3 7613 20 7614 3 7615 20 7616 3 7617 20 7618 3 7619 20 7620 3 7621 20 7622 3 7623 20 7624 3 7625 20 7626 3 7627 20 7628 3 7629 20 7630 3 7631 20 7632 3 7633 20 7634 3 7635 20 7636 3 7637 20 7638 3 7639 20 7640 3 7641 20 7642 3 7643 20 7644 3 7645 20 7646 3 7647 20 7648 3 7649 20 7650 3 7651 20 7652 3 7653 20 7654 3 7655 20 7656 3 7657 20 7658 3 7659 20 7660 3 7661 20 7662 3 7663 20 7664 3 7665 20 7666 3 7667 20 7668 3 7669 20 7670 3 7671 20 7672 3 7673 20 7674 3 7675 20 7676 3 7677 20 7678 3 7679 20 7680 3 7681 20 7682 3 7683 20 7684 3 7685 20 7686 3 7687 20 7688 3 7689 20 7690 3 7691 20 7692 3 7693 20 7694 3 7695 20 7696 3 7697 20 7698 3 7699 20 7700 3 7701 20 7702 3 7703 20 7704 3 7705 20 7706 3 7707 20 7708 3 7709 20 7710 3 7711 20 7712 3 7713 20 7714 3 7715 20 7716 3 7717 20 7718 3 7719 20 7720 3 7721 20 7722 3 7723 20 7724 3 7725 20 7726 3 7727 20 7728 3 7729 20 7730 3 7731 20 7732 3 7733 20 7734 3 7735 20 7736 3 7737 20 7738 3 7739 20 7740 3 7741 20 7742 3 7743 20 7744 3 7745 20 7746 3 7747 20 7748 3 7749 20 7750 3 7751 20 7752 3 7753 20 7754 3 7755 20 7756 3 7757 20 7758 3 7759 20 7760 3 7761 20 7762 3 7763 20 7764 3 7765 20 7766 3 7767 20 7768 3 7769 20 7770 3 7771 20 7772 3 7773 20 7774 3 7775 20 7776 3 7777 20 7778 3 7779 20 7780 3 7781 20 7782 3 7783 20 7784 3 7785 20 7786 3 7787 20 7788 3 7789 20 7790 3 7791 20 7792 3 7793 20 7794 3 7795 20 7796 1 7797 2 7798 3 7799 4 7800 1 7801 2 7802 3 7803 4 7804 2 7805 3 7806 4 7807 5 7808 1 7809 2 7810 3 7811 3 7812 4 7813 5 7814 3 7815 4 7816 3 7817 4 7818 3 0 3 7819 12 7820 3 7821 12 7822 13 7823 3 7824 12 7825 2 7826 3 7827 12 7828 13 7829 1 7830 2 7831 3 7832 12 7833 1 7834 2 7835 3 7836 12 7837 3 7838 4 7839 11 7840 3 7841 4 7842 11 7843 3 7844 4 7845 11 7846 3 7847 4 7848 11 7849 3 7850 4 7851 5 7852 11 7853 3 7854 4 7855 11 7856 3 7857 4 7858 5 7859 11 7860 3 7861 4 7862 3 7863 4 7864 2 7865 3 7866 4 7867 5 7868 3 7869 4 7870 5 7871 11 7872 3 0 3 0 3 7873 12 7874 2 7875 3 7876 4 7877 5 7878 3 7879 4 7880 5 7881 11 7882 1 7883 2 7884 3 7885 4 7886 1 7887 2 7888 3 7889 21 7890 1 7891 2 7892 3 7893 4 7894 1 7895 2 7896 3 7897 21 7898 1 7899 2 7900 3 7901 21 7902 1 7903 2 7904 3 7905 21 7906 1 7907 2 7908 3 7909 21 7910 2 7911 3 7912 4 7913 1 7914 2 7915 3 7916 3 0 1 7917 2 7918 3 7919 21 7920 1 7921 2 7922 3 7923 3 0 3 7924 12 7925 1 7926 2 7927 3 7928 12 7929 1 7930 2 7931 3 7932 21 7933 1 7934 2 7935 3 7936 21 7937 1 7938 2 7939 3 7940 21 7941 1 7942 2 7943 3 7944 21 7945 1 7946 2 7947 21 7948 1 7949 2 7950 21 7951 1 7952 2 7953 21 7954 1 7955 2 7956 3 7957 21 7958 1 7959 2 7960 3 7961 21 7962 2 7963 3 7964 12 7965 13 7966 1 7967 2 7968 3 7969 21 7970 1 7971 2 7972 3 7973 21 7974 2 7975 3 7976 12 7977 13 7978 1 7979 2 7980 3 7981 12 7982 3 7983 12 7984 13 7985 19 7986 3 7987 12 7988 13 7989 19 7990 3 7991 12 7992 13 7993 19 7994 3 7995 12 7996 13 7997 19 7998 3 7999 12 8000 13 8001 19 8002 3 8003 12 8004 19 8005 3 8006 12 8007 19 8008 3 8009 12 8010 19 8011 3 8012 12 8013 19 8014 3 8015 12 8016 19 8017 3 8018 12 8019 19 8020 1 8021 2 8022 3 8023 21 8024 1 8025 2 8026 3 8027 21 8028 1 8029 2 8030 21 8031 1 8032 2 8033 21 8034 21 0 21 0 21 0 21 0 21 0 21 0 21 0 21 0 21 0 21 0 1 8035 21 8036 21 0 21 0 21 0 21 0 21 0 1 8037 2 8038 21 8039 21 0 21 0 21 0 1 8040 2 8041 3 8042 21 8043 1 8044 2 8045 3 8046 21 8047 1 8048 2 8049 21 8050 1 8051 2 8052 21 8053 21 0 21 0 21 0 3 8054 4 8055 3 8056 4 8057 11 8058 3 8059 4 8060 11 8061 3 8062 4 8063 11 8064 3 8065 4 8066 11 8067 3 8068 4 8069 11 8070 3 8071 4 8072 3 8073 4 8074 3 8075 4 8076 3 0 3 8077 12 8078 3 8079 12 8080 3 8081 12 8082 3 8083 20 8084 3 8085 20 8086 3 8087 20 8088 3 8089 20 8090 3 8091 20 8092 3 8093 20 8094 3 8095 20 8096 3 8097 20 8098 3 8099 20 8100 3 8101 20 8102 3 8103 20 8104 3 8105 20 8106 3 8107 20 8108 3 8109 20 8110 3 8111 20 8112 3 8113 20 8114 3 8115 20 8116 3 8117 20 8118 3 8119 4 8120 11 8121 3 8122 4 8123 11 8124 3 8125 4 8126 3 8127 4 8128 3 8129 4 8130 3 8131 4 8132 3 8133 4 8134 3 8135 4 8136 3 8137 4 8138 3 0 3 0 3 8139 12 8140 3 8141 12 8142 3 8143 12 8144 3 8145 12 8146 3 8147 12 8148 3 8149 12 8150 3 8151 12 8152 19 8153 3 8154 12 8155 3 8156 12 8157 3 8158 12 8159 19 8160 3 8161 12 8162 3 8163 12 8164 19 8165 3 8166 12 8167 19 8168 3 8169 12 8170 19 8171 3 8172 12 8173 19 8174 3 8175 12 8176 3 8177 12 8178 19 8179 3 8180 12 8181 19 8182 3 8183 12 8184 19 8185 3 8186 12 8187 19 8188 3 8189 12 8190 19 8191 3 8192 12 8193 3 8194 12 8195 3 8196 12 8197 13 8198 19 8199 3 8200 12 8201 13 8202 19 8203 3 8204 12 8205 13 8206 19 8207 1 8208 2 8209 3 8210 12 8211 3 8212 12 8213 13 8214 19 8215 1 8216 2 8217 3 8218 12 8219 3 8220 12 8221 13 8222 19 8223 1 8224 2 8225 3 8226 21 8227 1 8228 2 8229 3 8230 21 8231 1 8232 2 8233 3 8234 12 8235 3 8236 12 8237 3 8238 12 8239 13 8240 19 8241 1 8242 2 8243 3 8244 21 8245 1 8246 2 8247 3 8248 21 8249 1 8250 2 8251 3 8252 12 8253 3 8254 12 8255 3 8256 12 8257 3 8258 4 8259 5 8260 11 8261 3 8262 4 8263 3 8264 4 8265 11 8266 2 8267 3 8268 4 8269 5 8270 3 8271 4 8272 5 8273 11 8274 1 8275 2 8276 3 8277 4 8278 2 8279 3 8280 4 8281 5 8282 3 8283 4 8284 11 8285 3 8286 4 8287 11 8288 3 8289 4 8290 5 8291 11 8292 3 8293 4 8294 11 8295 3 8296 4 8297 11 8298 3 8299 4 8300 11 8301 1 8302 2 8303 3 8304 4 8305 3 8306 4 8307 5 8308 11 8309 1 8310 2 8311 3 8312 4 8313 3 8314 4 8315 5 8316 11 8317 1 8318 2 8319 3 8320 21 8321 1 8322 2 8323 3 8324 21 8325 1 8326 2 8327 3 8328 21 8329 1 8330 2 8331 3 8332 21 8333 1 8334 2 8335 3 8336 21 8337 1 8338 2 8339 3 8340 21 8341 1 8342 2 8343 3 8344 21 8345 1 8346 2 8347 3 8348 21 8349 1 8350 2 8351 3 8352 21 8353 1 8354 2 8355 3 8356 21 8357 1 8358 2 8359 3 8360 21 8361 1 8362 2 8363 3 8364 21 8365 1 8366 2 8367 3 8368 21 8369 1 8370 2 8371 21 8372 1 8373 2 8374 3 8375 21 8376 1 8377 2 8378 21 8379 1 8380 2 8381 21 8382 21 0 21 0 21 0 21 0 21 0 21 0 21 0 21 0 21 0 21 0 1 8383 21 8384 21 0 21 0 1 8385 2 8386 21 8387 1 8388 2 8389 21 8390 21 0 21 0 21 0 3 0 3 8391 4 8392 3 8393 4 8394 3 0 3 8395 12 8396 3 8397 12 8398 3 8399 4 8400 5 8401 11 8402 4 8403 5 8404 11 8405 3 8406 4 8407 5 8408 11 8409 4 8410 5 8411 11 8412 4 8413 5 8414 11 8415 3 8416 4 8417 5 8418 11 8419 4 8420 5 8421 11 8422 4 8423 5 8424 11 8425 4 8426 5 8427 11 8428 3 8429 4 8430 5 8431 11 8432 4 8433 5 8434 11 8435 3 8436 4 8437 11 8438 4 8439 5 8440 11 8441 4 8442 5 8443 11 8444 4 8445 5 8446 11 8447 4 8448 5 8449 11 8450 3 8451 4 8452 11 8453 4 8454 5 8455 11 8456 4 8457 5 8458 11 8459 3 8460 4 8461 11 8462 4 8463 5 8464 11 8465 4 8466 5 8467 11 8468 3 8469 4 8470 11 8471 4 8472 5 8473 11 8474 4 8475 5 8476 11 8477 3 8478 4 8479 5 8480 11 8481 4 8482 5 8483 11 8484 4 8485 5 8486 11 8487 3 8488 4 8489 5 8490 11 8491 4 8492 5 8493 11 8494 4 8495 5 8496 11 8497 4 8498 5 8499 11 8500 3 8501 4 8502 5 8503 11 8504 12 8505 13 8506 19 8507 3 8508 12 8509 13 8510 19 8511 3 8512 12 8513 13 8514 19 8515 12 8516 13 8517 19 8518 12 8519 13 8520 19 8521 3 8522 12 8523 13 8524 19 8525 12 8526 13 8527 19 8528 12 8529 13 8530 19 8531 12 8532 13 8533 19 8534 3 8535 12 8536 13 8537 19 8538 12 8539 13 8540 19 8541 3 8542 12 8543 19 8544 12 8545 13 8546 19 8547 12 8548 13 8549 19 8550 12 8551 13 8552 19 8553 12 8554 13 8555 19 8556 3 8557 12 8558 19 8559 12 8560 13 8561 19 8562 3 8563 12 8564 19 8565 12 8566 13 8567 19 8568 12 8569 13 8570 19 8571 12 8572 13 8573 19 8574 3 8575 12 8576 19 8577 3 8578 12 8579 13 8580 19 8581 12 8582 13 8583 19 8584 12 8585 13 8586 19 8587 12 8588 13 8589 19 8590 3 8591 12 8592 13 8593 19 8594 12 8595 13 8596 19 8597 3 8598 12 8599 13 8600 19 8601 12 8602 13 8603 19 8604 12 8605 13 8606 19 8607 12 8608 13 8609 19 8610 3 8611 12 8612 13 8613 19 8614 3 0 3 8615 12 8616 3 8617 12 8618 19 8619 3 8620 12 8621 19 8622 3 8623 12 8624 3 8625 12 8626 3 8627 12 8628 3 8629 20 8630 3 8631 20 8632 3 8633 20 8634 3 8635 20 8636 3 8637 20 8638 3 8639 20 8640 3 8641 20 8642 3 8643 20 8644 3 0 3 8645 12 8646 3 8647 12 8648 3 8649 4 8650 3 8651 4 8652 3 8653 4 8654 11 8655 3 8656 4 8657 11 8658 3 8659 4 8660 3 8661 4 8662 3 8663 4 8664 3 8665 4 8666 5 8667 11 8668 4 8669 5 8670 11 8671 4 8672 5 8673 11 8674 4 8675 5 8676 11 8677 4 8678 5 8679 11 8680 4 8681 5 8682 11 8683 4 8684 5 8685 11 8686 4 8687 5 8688 11 8689 4 8690 5 8691 11 8692 4 8693 5 8694 11 8695 4 8696 5 8697 11 8698 4 8699 5 8700 11 8701 3 8702 12 8703 13 8704 19 8705 12 8706 13 8707 19 8708 12 8709 13 8710 19 8711 12 8712 13 8713 19 8714 12 8715 13 8716 19 8717 12 8718 13 8719 19 8720 12 8721 13 8722 19 8723 12 8724 13 8725 19 8726 12 8727 13 8728 19 8729 12 8730 13 8731 19 8732 12 8733 13 8734 19 8735 12 8736 13 8737 19 8738 1 8739 21 8740 21 0 21 0 21 0 21 0 21 0 21 0 21 0 21 0 1 8741 21 8742 21 0 21 0 21 0 21 0 21 0 21 0 21 0</v>
        </vertex_weights>
      </skin>
    </controller>
  </library_controllers>
  <library_lights>
    <light id="EnvironmentAmbientLight" name="EnvironmentAmbientLight">
      <technique_common>
        <ambient>
          <color>0 0 0</color>
        </ambient>
      </technique_common>
    </light>
  </library_lights>
  <library_images>
    <image id="M_TES066_F_Alb_png">
      <init_from>./M_TES066_F_Alb.png</init_from>
    </image>
    <image id="M_TES066_F_Nrm_png">
      <init_from>./M_TES066_F_Nrm.png</init_from>
    </image>
    <image id="M_TES066_F_Rgh_png">
      <init_from>./M_TES066_F_Rgh.png</init_from>
    </image>
  </library_images>
  <library_visual_scenes>
    <visual_scene id="MaxScene">
      <node name="EnvironmentAmbientLight">
        <instance_light url="#EnvironmentAmbientLight"/>
      </node>
      <node id="node-Skl_Root" name="Skl_Root" sid="joint0" type="JOINT">
        <rotate>-1 0 0 -90</rotate>
        <node id="node-Spine_1" name="Spine_1" sid="joint1" type="JOINT">
          <rotate>0.5773503 0.5773503 0.5773503 -240</rotate>
          <node id="node-Spine_2" name="Spine_2" sid="joint2" type="JOINT">
            <translate>0.1150019 0 0</translate>
            <node id="node-Spine_3" name="Spine_3" sid="joint3" type="JOINT">
              <translate>0.12 0 0</translate>
              <node id="node-Clavicle_L" name="Clavicle_L" sid="joint4" type="JOINT">
                <translate>0.095 0 0.028</translate>
                <rotate>1.02869e-7 1 1.02996e-7 -104</rotate>
                <node id="node-Arm_1_L" name="Arm_1_L" sid="joint5" type="JOINT">
                  <translate>0.08 2.98023e-8 5.96046e-8</translate>
                  <rotate>1.34812e-7 -1 -1.80224e-7 -14</rotate>
                  <node id="node-Arm_2_L" name="Arm_2_L" sid="joint6" type="JOINT">
                    <translate>0.232 0 0</translate>
                    <node id="node-Elbow_L" name="Elbow_L" sid="joint7" type="JOINT">
                      <rotate>7.00857e-8 -3.9352e-8 -1 -89.99998</rotate>
                      <extra>
                        <technique profile="OpenCOLLADA">
                          <cast_shadows sid="cast_shadows" type="bool">1</cast_shadows>
                          <receive_shadows sid="receive_shadows" type="bool">1</receive_shadows>
                          <primary_visibility sid="primary_visibility" type="bool">1</primary_visibility>
                          <secondary_visibility sid="secondary_visibility" type="bool">1</secondary_visibility>
                        </technique>
                      </extra>
                    </node>
                    <node id="node-Wrist_Assist_L" name="Wrist_Assist_L" sid="joint8" type="JOINT">
                      <translate>0.2070001 7.10543e-15 0</translate>
                      <extra>
                        <technique profile="OpenCOLLADA">
                          <cast_shadows sid="cast_shadows" type="bool">1</cast_shadows>
                          <receive_shadows sid="receive_shadows" type="bool">1</receive_shadows>
                          <primary_visibility sid="primary_visibility" type="bool">1</primary_visibility>
                          <secondary_visibility sid="secondary_visibility" type="bool">1</secondary_visibility>
                        </technique>
                      </extra>
                    </node>
                    <node id="node-Wrist_L" name="Wrist_L" sid="joint9" type="JOINT">
                      <translate>0.2375 0 5.96046e-8</translate>
                      <node id="node-Weapon_L" name="Weapon_L" sid="joint10" type="JOINT">
                        <translate>0.157 -0.02000001 0.03999999</translate>
                        <rotate>0.7071068 1.10118e-7 -0.7071068 -180</rotate>
                        <extra>
                          <technique profile="OpenCOLLADA">
                            <cast_shadows sid="cast_shadows" type="bool">1</cast_shadows>
                            <receive_shadows sid="receive_shadows" type="bool">1</receive_shadows>
                            <primary_visibility sid="primary_visibility" type="bool">1</primary_visibility>
                            <secondary_visibility sid="secondary_visibility" type="bool">1</secondary_visibility>
                          </technique>
                        </extra>
                      </node>
                      <extra>
                        <technique profile="OpenCOLLADA">
                          <cast_shadows sid="cast_shadows" type="bool">1</cast_shadows>
                          <receive_shadows sid="receive_shadows" type="bool">1</receive_shadows>
                          <primary_visibility sid="primary_visibility" type="bool">1</primary_visibility>
                          <secondary_visibility sid="secondary_visibility" type="bool">1</secondary_visibility>
                        </technique>
                      </extra>
                    </node>
                    <extra>
                      <technique profile="OpenCOLLADA">
                        <cast_shadows sid="cast_shadows" type="bool">1</cast_shadows>
                        <receive_shadows sid="receive_shadows" type="bool">1</receive_shadows>
                        <primary_visibility sid="primary_visibility" type="bool">1</primary_visibility>
                        <secondary_visibility sid="secondary_visibility" type="bool">1</secondary_visibility>
                      </technique>
                    </extra>
                  </node>
                  <node id="node-Arm_Assist_L" name="Arm_Assist_L" sid="joint11" type="JOINT">
                    <translate>0.02000001 0 0</translate>
                    <extra>
                      <technique profile="OpenCOLLADA">
                        <cast_shadows sid="cast_shadows" type="bool">1</cast_shadows>
                        <receive_shadows sid="receive_shadows" type="bool">1</receive_shadows>
                        <primary_visibility sid="primary_visibility" type="bool">1</primary_visibility>
                        <secondary_visibility sid="secondary_visibility" type="bool">1</secondary_visibility>
                      </technique>
                    </extra>
                  </node>
                  <extra>
                    <technique profile="OpenCOLLADA">
                      <cast_shadows sid="cast_shadows" type="bool">1</cast_shadows>
                      <receive_shadows sid="receive_shadows" type="bool">1</receive_shadows>
                      <primary_visibility sid="primary_visibility" type="bool">1</primary_visibility>
                      <secondary_visibility sid="secondary_visibility" type="bool">1</secondary_visibility>
                    </technique>
                  </extra>
                </node>
                <extra>
                  <technique profile="OpenCOLLADA">
                    <cast_shadows sid="cast_shadows" type="bool">1</cast_shadows>
                    <receive_shadows sid="receive_shadows" type="bool">1</receive_shadows>
                    <primary_visibility sid="primary_visibility" type="bool">1</primary_visibility>
                    <secondary_visibility sid="secondary_visibility" type="bool">1</secondary_visibility>
                  </technique>
                </extra>
              </node>
              <node id="node-Clavicle_R" name="Clavicle_R" sid="joint12" type="JOINT">
                <translate>0.09500352 0 -0.028</translate>
                <rotate>0.7880109 5.06797e-8 0.6156613 -180</rotate>
                <node id="node-Arm_1_R" name="Arm_1_R" sid="joint13" type="JOINT">
                  <translate>-0.08000001 0 5.96046e-8</translate>
                  <rotate>-3.47809e-7 -1 -7.69687e-8 -14</rotate>
                  <node id="node-Arm_2_R" name="Arm_2_R" sid="joint14" type="JOINT">
                    <translate>-0.232 2.98023e-8 0</translate>
                    <node id="node-Elbow_R" name="Elbow_R" sid="joint15" type="JOINT">
                      <extra>
                        <technique profile="OpenCOLLADA">
                          <cast_shadows sid="cast_shadows" type="bool">1</cast_shadows>
                          <receive_shadows sid="receive_shadows" type="bool">1</receive_shadows>
                          <primary_visibility sid="primary_visibility" type="bool">1</primary_visibility>
                          <secondary_visibility sid="secondary_visibility" type="bool">1</secondary_visibility>
                        </technique>
                      </extra>
                    </node>
                    <node id="node-Wrist_Assist_R" name="Wrist_Assist_R" sid="joint16" type="JOINT">
                      <translate>-0.2069999 7.10543e-15 0</translate>
                      <extra>
                        <technique profile="OpenCOLLADA">
                          <cast_shadows sid="cast_shadows" type="bool">1</cast_shadows>
                          <receive_shadows sid="receive_shadows" type="bool">1</receive_shadows>
                          <primary_visibility sid="primary_visibility" type="bool">1</primary_visibility>
                          <secondary_visibility sid="secondary_visibility" type="bool">1</secondary_visibility>
                        </technique>
                      </extra>
                    </node>
                    <node id="node-Wrist_R" name="Wrist_R" sid="joint17" type="JOINT">
                      <translate>-0.2374999 -7.10543e-15 0</translate>
                      <node id="node-Weapon_R" name="Weapon_R" sid="joint18" type="JOINT">
                        <translate>-0.1570001 0.02000001 -0.03999996</translate>
                        <rotate>-1.39698e-9 -1 -1.16415e-8 -90</rotate>
                        <extra>
                          <technique profile="OpenCOLLADA">
                            <cast_shadows sid="cast_shadows" type="bool">1</cast_shadows>
                            <receive_shadows sid="receive_shadows" type="bool">1</receive_shadows>
                            <primary_visibility sid="primary_visibility" type="bool">1</primary_visibility>
                            <secondary_visibility sid="secondary_visibility" type="bool">1</secondary_visibility>
                          </technique>
                        </extra>
                      </node>
                      <extra>
                        <technique profile="OpenCOLLADA">
                          <cast_shadows sid="cast_shadows" type="bool">1</cast_shadows>
                          <receive_shadows sid="receive_shadows" type="bool">1</receive_shadows>
                          <primary_visibility sid="primary_visibility" type="bool">1</primary_visibility>
                          <secondary_visibility sid="secondary_visibility" type="bool">1</secondary_visibility>
                        </technique>
                      </extra>
                    </node>
                    <extra>
                      <technique profile="OpenCOLLADA">
                        <cast_shadows sid="cast_shadows" type="bool">1</cast_shadows>
                        <receive_shadows sid="receive_shadows" type="bool">1</receive_shadows>
                        <primary_visibility sid="primary_visibility" type="bool">1</primary_visibility>
                        <secondary_visibility sid="secondary_visibility" type="bool">1</secondary_visibility>
                      </technique>
                    </extra>
                  </node>
                  <node id="node-Arm_Assist_R" name="Arm_Assist_R" sid="joint19" type="JOINT">
                    <translate>-0.02000002 7.10543e-15 0</translate>
                    <extra>
                      <technique profile="OpenCOLLADA">
                        <cast_shadows sid="cast_shadows" type="bool">1</cast_shadows>
                        <receive_shadows sid="receive_shadows" type="bool">1</receive_shadows>
                        <primary_visibility sid="primary_visibility" type="bool">1</primary_visibility>
                        <secondary_visibility sid="secondary_visibility" type="bool">1</secondary_visibility>
                      </technique>
                    </extra>
                  </node>
                  <extra>
                    <technique profile="OpenCOLLADA">
                      <cast_shadows sid="cast_shadows" type="bool">1</cast_shadows>
                      <receive_shadows sid="receive_shadows" type="bool">1</receive_shadows>
                      <primary_visibility sid="primary_visibility" type="bool">1</primary_visibility>
                      <secondary_visibility sid="secondary_visibility" type="bool">1</secondary_visibility>
                    </technique>
                  </extra>
                </node>
                <extra>
                  <technique profile="OpenCOLLADA">
                    <cast_shadows sid="cast_shadows" type="bool">1</cast_shadows>
                    <receive_shadows sid="receive_shadows" type="bool">1</receive_shadows>
                    <primary_visibility sid="primary_visibility" type="bool">1</primary_visibility>
                    <secondary_visibility sid="secondary_visibility" type="bool">1</secondary_visibility>
                  </technique>
                </extra>
              </node>
              <node id="node-Neck" name="Neck" sid="joint20" type="JOINT">
                <translate>0.123 0 0</translate>
                <extra>
                  <technique profile="OpenCOLLADA">
                    <cast_shadows sid="cast_shadows" type="bool">1</cast_shadows>
                    <receive_shadows sid="receive_shadows" type="bool">1</receive_shadows>
                    <primary_visibility sid="primary_visibility" type="bool">1</primary_visibility>
                    <secondary_visibility sid="secondary_visibility" type="bool">1</secondary_visibility>
                  </technique>
                </extra>
              </node>
              <extra>
                <technique profile="OpenCOLLADA">
                  <cast_shadows sid="cast_shadows" type="bool">1</cast_shadows>
                  <receive_shadows sid="receive_shadows" type="bool">1</receive_shadows>
                  <primary_visibility sid="primary_visibility" type="bool">1</primary_visibility>
                  <secondary_visibility sid="secondary_visibility" type="bool">1</secondary_visibility>
                </technique>
              </extra>
            </node>
            <extra>
              <technique profile="OpenCOLLADA">
                <cast_shadows sid="cast_shadows" type="bool">1</cast_shadows>
                <receive_shadows sid="receive_shadows" type="bool">1</receive_shadows>
                <primary_visibility sid="primary_visibility" type="bool">1</primary_visibility>
                <secondary_visibility sid="secondary_visibility" type="bool">1</secondary_visibility>
              </technique>
            </extra>
          </node>
          <extra>
            <technique profile="OpenCOLLADA">
              <cast_shadows sid="cast_shadows" type="bool">1</cast_shadows>
              <receive_shadows sid="receive_shadows" type="bool">1</receive_shadows>
              <primary_visibility sid="primary_visibility" type="bool">1</primary_visibility>
              <secondary_visibility sid="secondary_visibility" type="bool">1</secondary_visibility>
            </technique>
          </extra>
        </node>
        <node id="node-Waist" name="Waist" sid="joint21" type="JOINT">
          <rotate>-0.5773502 0.5773503 0.5773503 -120</rotate>
          <extra>
            <technique profile="OpenCOLLADA">
              <cast_shadows sid="cast_shadows" type="bool">1</cast_shadows>
              <receive_shadows sid="receive_shadows" type="bool">1</receive_shadows>
              <primary_visibility sid="primary_visibility" type="bool">1</primary_visibility>
              <secondary_visibility sid="secondary_visibility" type="bool">1</secondary_visibility>
            </technique>
          </extra>
        </node>
        <extra>
          <technique profile="OpenCOLLADA">
            <cast_shadows sid="cast_shadows" type="bool">1</cast_shadows>
            <receive_shadows sid="receive_shadows" type="bool">1</receive_shadows>
            <primary_visibility sid="primary_visibility" type="bool">1</primary_visibility>
            <secondary_visibility sid="secondary_visibility" type="bool">1</secondary_visibility>
          </technique>
        </extra>
      </node>
      <node id="node-Clt_TES066_F__M_TES066_F" name="Clt_TES066_F__M_TES066_F">
        <instance_controller url="#geom-Clt_TES066_F__M_TES066_F-skin1">
          <skeleton>#node-Skl_Root</skeleton>
          <bind_material>
            <technique_common>
              <instance_material symbol="M_TES066_F" target="#M_TES066_F-material">
                <bind_vertex_input semantic="CHANNEL1" input_semantic="TEXCOORD" input_set="0"/>
                <bind_vertex_input semantic="CHANNEL1" input_semantic="TEXCOORD" input_set="0"/>
                <bind_vertex_input semantic="CHANNEL1" input_semantic="TEXCOORD" input_set="0"/>
                <bind_vertex_input semantic="CHANNEL1" input_semantic="TEXCOORD" input_set="0"/>
              </instance_material>
            </technique_common>
          </bind_material>
        </instance_controller>
        <extra>
          <technique profile="OpenCOLLADA">
            <cast_shadows sid="cast_shadows" type="bool">1</cast_shadows>
            <receive_shadows sid="receive_shadows" type="bool">1</receive_shadows>
            <primary_visibility sid="primary_visibility" type="bool">1</primary_visibility>
            <secondary_visibility sid="secondary_visibility" type="bool">1</secondary_visibility>
          </technique>
        </extra>
      </node>
    </visual_scene>
  </library_visual_scenes>
  <scene>
    <instance_visual_scene url="#MaxScene"/>
  </scene>
</COLLADA>