<?xml version="1.0" encoding="utf-8"?>
<COLLADA xmlns="http://www.collada.org/2005/11/COLLADASchema" version="1.4.1" xmlns:xsi="http://www.w3.org/2001/XMLSchema-instance">
  <asset>
    <contributor>
      <author>Centrixe</author>
      <authoring_tool>OpenCOLLADA for 3ds Max;  Version: 1.6;  Revision: 68</authoring_tool>
    </contributor>
    <created>2022-12-23T20:10:06</created>
    <modified>2022-12-23T20:10:06</modified>
    <unit name="inch" meter="0.0254"/>
    <up_axis>Z_UP</up_axis>
  </asset>
  <library_effects>
    <effect id="M_AMB008">
      <profile_COMMON>
        <newparam sid="M_AMB008_Alb_png-surface">
          <surface type="2D">
            <init_from>M_AMB008_Alb_png</init_from>
          </surface>
        </newparam>
        <newparam sid="M_AMB008_Alb_png-sampler">
          <sampler2D>
            <source>M_AMB008_Alb_png-surface</source>
          </sampler2D>
        </newparam>
        <newparam sid="M_AMB008_Rgh_png-surface">
          <surface type="2D">
            <init_from>M_AMB008_Rgh_png</init_from>
          </surface>
        </newparam>
        <newparam sid="M_AMB008_Rgh_png-sampler">
          <sampler2D>
            <source>M_AMB008_Rgh_png-surface</source>
          </sampler2D>
        </newparam>
        <newparam sid="M_AMB008_Nrm_png-surface">
          <surface type="2D">
            <init_from>M_AMB008_Nrm_png</init_from>
          </surface>
        </newparam>
        <newparam sid="M_AMB008_Nrm_png-sampler">
          <sampler2D>
            <source>M_AMB008_Nrm_png-surface</source>
          </sampler2D>
        </newparam>
        <technique sid="common">
          <blinn>
            <emission>
              <color>0 0 0 1</color>
            </emission>
            <ambient>
              <color>0.588 0.588 0.588 1</color>
            </ambient>
            <diffuse>
              <texture texture="M_AMB008_Alb_png-sampler" texcoord="CHANNEL1"/>
            </diffuse>
            <specular>
              <color>0 0 0 1</color>
            </specular>
            <shininess>
              <float>10</float>
            </shininess>
            <reflective>
              <color>0 0 0 1</color>
            </reflective>
            <transparent opaque="A_ONE">
              <texture texture="M_AMB008_Alb_png-sampler" texcoord="CHANNEL1"/>
            </transparent>
            <transparency>
              <float>1</float>
            </transparency>
          </blinn>
          <extra>
            <technique profile="OpenCOLLADA3dsMax">
              <gloss>
                <texture texture="M_AMB008_Rgh_png-sampler" texcoord="CHANNEL1"/>
              </gloss>
              <bump bumptype="HEIGHTFIELD">
                <texture texture="M_AMB008_Nrm_png-sampler" texcoord="CHANNEL1"/>
              </bump>
            </technique>
          </extra>
        </technique>
      </profile_COMMON>
      <extra>
        <technique profile="OpenCOLLADA3dsMax">
          <extended_shader>
            <opacity_type sid="opacity_type" type="int">0</opacity_type>
            <falloff_type sid="falloff_type" type="int">0</falloff_type>
            <falloff sid="falloff" type="float">0</falloff>
            <index_of_refraction sid="index_of_refraction" type="float">1.5</index_of_refraction>
            <wire_size sid="wire_size" type="float">1</wire_size>
            <wire_units sid="wire_units" type="int">0</wire_units>
            <apply_reflection_dimming sid="apply_reflection_dimming" type="bool">0</apply_reflection_dimming>
            <dim_level sid="dim_level" type="float">0</dim_level>
            <reflection_level sid="reflection_level" type="float">3</reflection_level>
          </extended_shader>
          <shader>
            <ambient_diffuse_texture_lock sid="ambient_diffuse_texture_lock" type="bool">1</ambient_diffuse_texture_lock>
            <ambient_diffuse_lock sid="ambient_diffuse_lock" type="bool">1</ambient_diffuse_lock>
            <diffuse_specular_lock sid="diffuse_specular_lock" type="bool">0</diffuse_specular_lock>
            <use_self_illum_color sid="use_self_illum_color" type="bool">0</use_self_illum_color>
            <self_illumination sid="self_illumination" type="float">0</self_illumination>
            <specular_level sid="specular_level" type="float">0</specular_level>
            <soften sid="soften" type="float">0.1</soften>
          </shader>
        </technique>
      </extra>
    </effect>
    <effect id="M_AMB008_Lining">
      <profile_COMMON>
        <newparam sid="M_AMB008_Lining_Tcl_png-surface">
          <surface type="2D">
            <init_from>M_AMB008_Lining_Tcl_png</init_from>
          </surface>
        </newparam>
        <newparam sid="M_AMB008_Lining_Tcl_png-sampler">
          <sampler2D>
            <source>M_AMB008_Lining_Tcl_png-surface</source>
          </sampler2D>
        </newparam>
        <newparam sid="M_AMB008_Lining_Nrm_png-surface">
          <surface type="2D">
            <init_from>M_AMB008_Lining_Nrm_png</init_from>
          </surface>
        </newparam>
        <newparam sid="M_AMB008_Lining_Nrm_png-sampler">
          <sampler2D>
            <source>M_AMB008_Lining_Nrm_png-surface</source>
          </sampler2D>
        </newparam>
        <technique sid="common">
          <blinn>
            <emission>
              <color>0 0 0 1</color>
            </emission>
            <ambient>
              <color>0.588 0.588 0.588 1</color>
            </ambient>
            <diffuse>
              <texture texture="M_AMB008_Lining_Tcl_png-sampler" texcoord="CHANNEL1"/>
            </diffuse>
            <specular>
              <color>0 0 0 1</color>
            </specular>
            <shininess>
              <float>10</float>
            </shininess>
            <reflective>
              <color>0 0 0 1</color>
            </reflective>
            <transparent opaque="A_ONE">
              <color>1 1 1 1</color>
            </transparent>
            <transparency>
              <float>1</float>
            </transparency>
          </blinn>
          <extra>
            <technique profile="OpenCOLLADA3dsMax">
              <bump bumptype="HEIGHTFIELD">
                <texture texture="M_AMB008_Lining_Nrm_png-sampler" texcoord="CHANNEL1"/>
              </bump>
            </technique>
          </extra>
        </technique>
      </profile_COMMON>
      <extra>
        <technique profile="OpenCOLLADA3dsMax">
          <extended_shader>
            <opacity_type sid="opacity_type" type="int">0</opacity_type>
            <falloff_type sid="falloff_type" type="int">0</falloff_type>
            <falloff sid="falloff" type="float">0</falloff>
            <index_of_refraction sid="index_of_refraction" type="float">1.5</index_of_refraction>
            <wire_size sid="wire_size" type="float">1</wire_size>
            <wire_units sid="wire_units" type="int">0</wire_units>
            <apply_reflection_dimming sid="apply_reflection_dimming" type="bool">0</apply_reflection_dimming>
            <dim_level sid="dim_level" type="float">0</dim_level>
            <reflection_level sid="reflection_level" type="float">3</reflection_level>
          </extended_shader>
          <shader>
            <ambient_diffuse_texture_lock sid="ambient_diffuse_texture_lock" type="bool">1</ambient_diffuse_texture_lock>
            <ambient_diffuse_lock sid="ambient_diffuse_lock" type="bool">1</ambient_diffuse_lock>
            <diffuse_specular_lock sid="diffuse_specular_lock" type="bool">0</diffuse_specular_lock>
            <use_self_illum_color sid="use_self_illum_color" type="bool">0</use_self_illum_color>
            <self_illumination sid="self_illumination" type="float">0</self_illumination>
            <specular_level sid="specular_level" type="float">0</specular_level>
            <soften sid="soften" type="float">0.1</soften>
          </shader>
        </technique>
      </extra>
    </effect>
  </library_effects>
  <library_materials>
    <material id="M_AMB008-material" name="M_AMB008">
      <instance_effect url="#M_AMB008"/>
    </material>
    <material id="M_AMB008_Lining-material" name="M_AMB008_Lining">
      <instance_effect url="#M_AMB008_Lining"/>
    </material>
  </library_materials>
  <library_geometries>
    <geometry id="geom-Shs_AMB008__M_AMB008" name="Shs_AMB008__M_AMB008">
      <mesh>
        <source id="geom-Shs_AMB008__M_AMB008-positions">
          <float_array id="geom-Shs_AMB008__M_AMB008-positions-array" count="4056">0.08905034 -0.03317258 -0.4543457 0.08703618 -0.02848813 -0.4699707 0.08544926 0.02494815 -0.451416 0.08337408 0.02494815 -0.4699707 0.07800297 0.0680542 -0.4501953 0.07617193 0.0680542 -0.4699707 0.05819707 0.1026001 -0.4697266 0.05841069 0.1049194 -0.4492187 0.03738408 0.1170654 -0.46875 0.03750615 0.1193848 -0.4489746 0.01361089 0.1205444 -0.4689941 0.01361089 0.1228638 -0.4492187 -0.01339717 0.1193848 -0.4489746 -0.01328272 0.1170654 -0.46875 -0.03503413 0.1039429 -0.4492187 -0.03485102 0.1016846 -0.4697266 -0.04849238 0.0680542 -0.4501953 -0.04650873 0.0680542 -0.4699707 -0.05236811 0.02366638 -0.451416 -0.05035394 0.02366638 -0.4699707 -0.04394525 -0.03097534 -0.4699707 -0.04382318 -0.03567505 -0.4543457 0.03738408 0.1170654 -0.46875 -0.01328272 0.1170654 -0.46875 0.01361089 0.1205444 -0.4689941 -0.03485102 0.1016846 -0.4697266 0.05819707 0.1026001 -0.4697266 -0.04650873 0.0680542 -0.4699707 0.07617193 0.0680542 -0.4699707 -0.05035394 0.02366638 -0.4699707 0.08337408 0.02494815 -0.4699707 0.06298833 -0.01753232 -0.4699707 0.08703618 -0.02848813 -0.4699707 0.02204901 -0.01005551 -0.4699707 -0.01910394 -0.0175781 -0.4699707 -0.04394525 -0.03097534 -0.4699707 0.08905034 -0.03317258 -0.4543457 0.06494145 -0.02285764 -0.4543457 0.08703618 -0.02848813 -0.4699707 0.06298833 -0.01753232 -0.4699707 0.02325445 -0.01538083 -0.4543457 0.02204901 -0.01005551 -0.4699707 -0.01834101 -0.02290344 -0.4543457 -0.01910394 -0.0175781 -0.4699707 -0.04394525 -0.03097534 -0.4699707 -0.04382318 -0.03567505 -0.4543457 0.1015625 -0.09100339 -0.4589844 0.06494145 -0.02285764 -0.4543457 0.08905034 -0.03317258 -0.4543457 0.02325445 -0.01538083 -0.4543457 -0.04843133 -0.09124756 -0.4589844 -0.01834101 -0.02290344 -0.4543457 -0.04382318 -0.03567505 -0.4543457 0.1106568 -0.1298828 -0.4626465 -0.05993646 -0.130127 -0.4626465 0.1190186 -0.1677246 -0.4660645 -0.07055657 -0.1680908 -0.4660645 0.1217042 -0.2021484 -0.467041 -0.07641596 -0.2026367 -0.4667969 0.1185914 -0.2349854 -0.4655762 -0.07824701 -0.2355957 -0.4655762 0.1141968 -0.2758789 -0.4621582 -0.07604974 -0.2761231 -0.4624024 0.1069947 -0.3200684 -0.4519043 -0.07012933 -0.3237305 -0.4519043 0.09893805 -0.3666992 -0.4260254 -0.0648803 -0.3703613 -0.4265137 0.09118658 -0.3950195 -0.4016113 -0.05780023 -0.3959961 -0.4013672 0.07916265 -0.4152832 -0.3630371 -0.04632562 -0.4152832 -0.3632812 0.06164555 -0.418457 -0.3249512 -0.02943415 -0.418457 -0.3249512 0.04483036 -0.407959 -0.2895508 -0.01421352 -0.4082031 -0.2897949 0.02139286 -0.3779297 -0.2514648 0.00698475 -0.3776855 -0.2521973 0.01388554 -0.373291 -0.2471924 0.01785282 -0.375 -0.2486572 0.009971657 -0.3752441 -0.2493896 0.01306157 0.1216431 -0.4250488 0.03555302 0.1171265 -0.4248047 0.01361089 0.1235962 -0.4291992 0.03790288 0.1201172 -0.4291992 0.05487065 0.105957 -0.4250488 0.03750615 0.1193848 -0.4489746 0.01361089 0.1228638 -0.4492187 0.05908208 0.1056519 -0.4289551 0.07482915 0.0669556 -0.425293 0.05841069 0.1049194 -0.4492187 0.07867436 0.06805423 -0.4299316 0.08410649 0.02481082 -0.4277344 0.07800297 0.0680542 -0.4501953 0.08612065 0.02494815 -0.4326172 0.08544926 0.02494815 -0.451416 0.08856206 -0.03283688 -0.4394531 0.08679204 -0.03540036 -0.4333496 0.08905034 -0.03317258 -0.4543457 0.1025391 -0.09106442 -0.4428711 0.1071778 -0.09106442 -0.4504395 0.1015625 -0.09100339 -0.4589844 0.114563 -0.1298828 -0.4482422 0.1195679 -0.1300049 -0.4555664 0.123169 -0.1679687 -0.4533691 0.1146851 -0.1297607 -0.46167 0.1106568 -0.1298828 -0.4626465 0.1190186 -0.1677246 -0.4660645 0.1276856 -0.1679687 -0.4597168 0.1234131 -0.1677246 -0.4650879 0.1217042 -0.2021484 -0.467041 0.1259766 -0.2022705 -0.4536133 0.1260987 -0.2021484 -0.4660645 0.1185914 -0.2349854 -0.4655762 0.1298829 -0.2021484 -0.4609375 0.1269532 -0.2354736 -0.4597168 0.1227418 -0.2357178 -0.4521485 0.1228638 -0.236084 -0.4648438 0.1141968 -0.2758789 -0.4621582 0.1224366 -0.2756348 -0.4570313 0.1182252 -0.2751465 -0.4497071 0.1184083 -0.2766113 -0.4614258 0.1069947 -0.3200684 -0.4519043 0.1152955 -0.3222656 -0.4467774 0.1122437 -0.3203125 -0.4406739 0.111023 -0.3205567 -0.4509278 0.1029664 -0.3664551 -0.425293 0.09893805 -0.3666992 -0.4260254 0.1068116 -0.3669434 -0.4226074 0.1038819 -0.3632812 -0.4174805 0.09503179 -0.3945312 -0.4013672 0.09118658 -0.3950195 -0.4016113 0.09997564 -0.3918457 -0.3986816 0.09710699 -0.3869629 -0.3945312 0.08270269 -0.4147949 -0.3630371 0.07916265 -0.4152832 -0.3630371 0.08642583 -0.4123535 -0.3620605 0.08447271 -0.4069824 -0.3591309 0.06475835 -0.4177246 -0.3249512 0.06164555 -0.418457 -0.3249512 0.06921391 -0.4145508 -0.3254395 0.06817631 -0.4094238 -0.3244629 0.04751591 -0.4069824 -0.2897949 0.04483036 -0.407959 -0.2895508 0.05072026 -0.4050293 -0.2897949 0.05041508 -0.401123 -0.291748 0.02336124 -0.3774414 -0.251709 0.02139286 -0.3779297 -0.2514648 0.02539066 -0.3754883 -0.2526855 0.0249329 -0.373291 -0.2539062 0.01878361 -0.3735352 -0.2479248 0.01785282 -0.375 -0.2486572 0.02114872 -0.371582 -0.248291 0.02140812 -0.3701172 -0.2502441 0.01388554 -0.373291 -0.2471924 0.01337437 -0.3671875 -0.2468262 0.01348881 -0.371582 -0.2460937 0.01337437 -0.3686523 -0.2453613 0.008262672 -0.3737793 -0.2489014 0.009971657 -0.3752441 -0.2493896 0.00698475 -0.3776855 -0.2521973 0.004909554 -0.3723145 -0.25 0.004581491 -0.3708496 -0.2519531 0.001472513 -0.3745117 -0.2565918 0.003736536 -0.3779297 -0.253418 -0.01421352 -0.4082031 -0.2897949 6.83348e-4 -0.3771973 -0.2556152 -0.01974483 -0.4018555 -0.2927246 -0.01718135 -0.4072266 -0.2900391 -0.02943415 -0.418457 -0.3249512 -0.01985164 -0.4052734 -0.2895508 -0.03277583 -0.4174805 -0.3249512 -0.04632562 -0.4152832 -0.3632812 -0.03643794 -0.4147949 -0.3249512 -0.03549189 -0.4099121 -0.324707 -0.05114741 -0.4072266 -0.3591309 -0.05004877 -0.4147949 -0.3630371 -0.05780023 -0.3959961 -0.4013672 -0.05294794 -0.4125977 -0.3620605 -0.0636596 -0.3869629 -0.3942871 -0.06176751 -0.3955078 -0.4008789 -0.0648803 -0.3703613 -0.4265137 -0.06616204 -0.392334 -0.3989258 -0.0706176 -0.3632812 -0.4172363 -0.06903069 -0.369873 -0.4255371 -0.07012933 -0.3237305 -0.4519043 -0.0726928 -0.3674316 -0.4226074 -0.07629388 -0.3203125 -0.4406739 -0.07440178 -0.3234864 -0.4509278 -0.07604974 -0.2761231 -0.4624024 -0.078247 -0.3225098 -0.4470215 -0.08184808 -0.2751465 -0.449463 -0.0805053 -0.2761231 -0.46167 -0.07824701 -0.2355957 -0.4655762 -0.08410639 -0.2758789 -0.4570313 -0.08380121 -0.2357178 -0.4519044 -0.08685297 -0.2362061 -0.4597168 -0.08270258 -0.2354736 -0.4645996 -0.08520502 -0.2026367 -0.4606934 -0.08160394 -0.2022705 -0.4538575 -0.08081049 -0.2027588 -0.4660645 -0.07641596 -0.2026367 -0.4667969 -0.0791015 -0.1682129 -0.4597168 -0.07403558 -0.1679687 -0.4533692 -0.07495111 -0.1685791 -0.4650879 -0.07055657 -0.1680908 -0.4660645 -0.06805414 -0.130127 -0.4558106 -0.06341547 -0.1298828 -0.4482422 -0.06372064 -0.1300049 -0.4619141 -0.05993646 -0.130127 -0.4626465 -0.04843133 -0.09124756 -0.4589844 -0.05279535 -0.09088135 -0.4494629 -0.04843134 -0.09106445 -0.4428711 -0.04382318 -0.03567505 -0.4543457 -0.04455561 -0.03338623 -0.4394531 -0.04113764 -0.03411865 -0.4333496 -0.05236811 0.02366638 -0.451416 -0.05191034 0.02261353 -0.4277344 -0.05288691 0.02366638 -0.4326172 -0.04849238 0.0680542 -0.4501953 -0.04702754 0.06414795 -0.4250488 -0.04928584 0.0680542 -0.4299316 -0.03503413 0.1039429 -0.4492187 -0.03010554 0.1051025 -0.4250488 -0.03570551 0.1046753 -0.4291992 -0.01339717 0.1193848 -0.4489746 -0.01376338 0.1201172 -0.4291992 -0.0119781 0.1172485 -0.425293 0.01361089 0.1235962 -0.4291992 0.01361089 0.1228638 -0.4492187 0.01306157 0.1216431 -0.4250488 0.1190186 0.01885987 -0.08026122 0.1136475 0.01882935 -0.0784912 0.1162109 -0.01686096 -0.08538817 0.1121826 0.01956177 -0.1190186 0.1107178 -0.01647949 -0.08355711 0.1124268 -0.01765442 -0.1248779 0.1067505 0.02020264 -0.1474609 0.09490968 -0.04656982 -0.104126 0.09063721 -0.04528809 -0.1030273 0.06933594 -0.06384278 -0.1230469 0.1068115 -0.01760864 -0.1530762 0.09625246 0.01908875 -0.189209 0.09497072 -0.04858398 -0.1417236 0.07244875 -0.06671143 -0.126709 0.03588869 -0.07513428 -0.1502686 0.09417725 -0.04821777 -0.1616211 0.03823854 -0.07818604 -0.1525879 0.02169801 -0.07806397 -0.1654053 0.06781007 -0.065979 -0.1713867 0.02375795 -0.08215333 -0.1696777 0.01285555 -0.07708741 -0.1778564 0.03295901 -0.07427979 -0.196167 0.08941652 -0.04614258 -0.1888428 0.06549075 -0.06341553 -0.1943359 0.09747317 -0.01583862 -0.1879883 0.05477908 -0.0552063 -0.2470703 0.0706177 -0.01237487 -0.2663575 0.07019046 0.0180359 -0.2658692 0.06561282 -0.03912353 -0.2595215 0.07812503 0.01904298 -0.2966309 0.07299808 -0.0455017 -0.284668 0.07873538 -0.01540374 -0.2963867 0.07202151 -0.01540375 -0.326416 0.0714722 0.01904297 -0.3276367 0.09021 0.02500919 -0.3649902 0.06689456 -0.04550171 -0.3095703 0.09106449 -0.03475952 -0.3710937 0.09259037 0.02595523 -0.3930664 0.05282596 -0.07788086 -0.293457 0.09277347 -0.03329465 -0.3994141 0.08410649 0.02481082 -0.4277344 0.08679204 -0.03540036 -0.4333496 0.05694584 -0.06842041 -0.2697754 0.1048584 -0.09069821 -0.407959 0.1025391 -0.09106442 -0.4428711 0.09918217 -0.08996582 -0.3789062 0.1172486 -0.1314697 -0.4145508 0.114563 -0.1298828 -0.4482422 0.1083375 -0.1333008 -0.3876953 0.08709721 -0.09246826 -0.3457031 0.09057622 -0.1347656 -0.3630371 0.1244507 -0.1687012 -0.4206543 0.123169 -0.1679687 -0.4533691 0.1146241 -0.1696777 -0.394043 0.1257325 -0.2022705 -0.423584 0.1259766 -0.2022705 -0.4536133 0.1227418 -0.2357178 -0.4521485 0.1170044 -0.2022705 -0.3967285 0.1232911 -0.2357178 -0.4248047 0.1182252 -0.2751465 -0.4497071 0.116211 -0.2357178 -0.3979492 0.1168824 -0.2729492 -0.4223633 0.1098633 -0.310791 -0.4155274 0.1122437 -0.3203125 -0.4406739 0.1038819 -0.3632812 -0.4174805 0.1102906 -0.2697754 -0.3937989 0.1024781 -0.3457031 -0.3950195 0.09954838 -0.2357178 -0.3813477 0.1034546 -0.3027344 -0.3896485 0.09326178 -0.2678223 -0.3781739 0.1007691 -0.2022705 -0.3793946 0.06109624 -0.2357178 -0.3625489 0.09729008 -0.1702881 -0.3740234 0.0620728 -0.2022705 -0.3537598 0.06298833 -0.1726074 -0.3461914 0.06390385 -0.137085 -0.328125 0.01308446 -0.2022705 -0.3444825 0.05221561 -0.1016235 -0.3110352 0.04101567 -0.138916 -0.3134766 0.03704838 -0.08679198 -0.2873535 0.03533939 -0.1070557 -0.2990723 0.01510625 -0.1717529 -0.3256836 0.01510624 -0.1090698 -0.2937012 0.01510624 -0.1376953 -0.3049316 -0.01004024 -0.1396485 -0.3144532 0.01435093 -0.09301758 -0.2851562 -0.00717159 -0.100769 -0.3029785 -0.03041072 -0.1723633 -0.3479004 -0.03018184 -0.1379395 -0.3320312 -0.006332359 -0.08581543 -0.2888184 -0.02670283 -0.2022705 -0.3571777 -0.009551967 -0.07922363 -0.2626953 0.01308446 -0.2357178 -0.3537598 -0.02532955 -0.07275391 -0.2966309 0.01308446 -0.2644043 -0.3557129 -0.02848812 -0.07049561 -0.270752 -0.02523799 -0.0892334 -0.3178711 -0.04290768 -0.04559326 -0.284668 -0.03707882 -0.04559326 -0.3095703 -0.03884883 -0.07647705 -0.342041 -0.05050655 -0.1348877 -0.3583985 -0.05026241 -0.03805542 -0.3686523 -0.05758662 -0.1704102 -0.3708496 -0.04724116 -0.09039307 -0.3771973 -0.0601501 -0.1331787 -0.3869629 -0.06060786 -0.2028809 -0.3752442 -0.07043451 -0.1697998 -0.3979492 -0.04867548 -0.09014893 -0.4077148 -0.02839655 -0.2357178 -0.3632813 -0.06481928 -0.1317139 -0.4162598 -0.07611078 -0.2017822 -0.4003907 -0.04843134 -0.09106445 -0.4428711 -0.06341547 -0.1298828 -0.4482422 -0.04113764 -0.03411865 -0.4333496 -0.07470696 -0.1688232 -0.4223633 -0.07403558 -0.1679687 -0.4533692 -0.05117793 -0.03619385 -0.3969727 -0.05191034 0.02261353 -0.4277344 -0.05935664 0.02357483 -0.3916016 -0.05694575 0.02122498 -0.3632812 -0.04501339 -0.01568604 -0.326416 -0.04489132 0.01702881 -0.3276367 -0.0516357 0.01702881 -0.2966309 -0.05175778 -0.01568603 -0.2963867 -0.0436401 -0.01263427 -0.2663575 -0.04357907 0.01611329 -0.265625 -0.03588864 -0.03921509 -0.2595215 -0.06860349 -0.01567078 -0.1914062 -0.06927488 0.01707458 -0.1884766 -0.02522275 -0.05776978 -0.2440186 -0.05755613 -0.04571534 -0.1955566 -0.07836913 -0.01867676 -0.1525879 -0.07934569 0.01792907 -0.1500244 -0.06192014 -0.04830933 -0.1640625 -0.08471679 -0.016922 -0.1226196 -0.08435058 0.01708984 -0.1182251 -0.06268309 -0.04873658 -0.1420898 -0.03955076 -0.06378175 -0.1741943 -0.08911131 -0.01632691 -0.08514404 -0.09344481 0.01686096 -0.07891846 -0.08862303 0.01678466 -0.07739258 -0.08435057 -0.01573182 -0.08355713 -0.06249999 -0.04522706 -0.107727 -0.06475829 -0.04699708 -0.1099243 -0.03988646 -0.06051636 -0.12854 -0.04333495 -0.06234742 -0.1304932 -0.01321409 -0.07647706 -0.1530762 -0.01009367 -0.07318116 -0.1506348 0.003904361 -0.07702637 -0.1655273 0.001953144 -0.08062746 -0.1691895 -0.009521461 -0.07293702 -0.1954346 0.01297762 -0.0820923 -0.18396 0.01295474 -0.07556152 -0.2069092 -0.03674314 -0.06106568 -0.1981201 -0.005672425 -0.06530762 -0.2373047 0.03369143 -0.06616211 -0.2369385 0.01329044 -0.06793213 -0.2349854 0.01377109 -0.08587646 -0.2592773 0.0379639 -0.07971191 -0.2585449 -0.08319086 -0.2022705 -0.423584 -0.08160394 -0.2022705 -0.4538575 -0.08380121 -0.2357178 -0.4519044 -0.08630365 -0.2357178 -0.421875 -0.08184808 -0.2751465 -0.449463 -0.07934564 -0.2357178 -0.395752 -0.08312982 -0.272461 -0.4191895 -0.06286615 -0.2357178 -0.3789062 -0.07641596 -0.2692871 -0.3913575 -0.07733148 -0.3088379 -0.4106446 -0.07629388 -0.3203125 -0.4406739 -0.06112666 -0.267334 -0.3747559 -0.07104486 -0.3027344 -0.3876953 -0.07232659 -0.3439941 -0.3928223 -0.0706176 -0.3632812 -0.4172363 -0.06787103 -0.3342285 -0.3796387 -0.06561273 -0.3671875 -0.3759766 -0.0636596 -0.3869629 -0.3942871 -0.06185907 -0.354248 -0.3654785 -0.05239863 -0.3828125 -0.3520508 -0.05114741 -0.4072266 -0.3591309 -0.05187983 -0.324707 -0.3674316 -0.03710932 -0.3864746 -0.3261719 -0.03549189 -0.4099121 -0.324707 -0.04855341 -0.3679199 -0.347168 -0.0480041 -0.342041 -0.3564453 -0.05541987 -0.2978516 -0.3730469 -0.02520747 -0.3188477 -0.3598633 -0.02803035 -0.2661133 -0.3647461 -0.0257873 -0.2939453 -0.3620606 0.01325994 -0.2922363 -0.3571777 0.01272588 -0.3151855 -0.355957 0.05593877 -0.2949219 -0.3637695 0.05972296 -0.2661133 -0.3652344 0.08898932 -0.2988282 -0.3769532 0.05718999 -0.3200684 -0.361084 0.08477788 -0.3273926 -0.3718262 0.09631353 -0.3352051 -0.3818359 0.08160406 -0.3466797 -0.3605957 0.05133061 -0.3371582 -0.3525391 0.09106451 -0.3564453 -0.3676758 0.09637456 -0.369873 -0.3779297 0.09710699 -0.3869629 -0.3945312 0.08447271 -0.4069824 -0.3591309 0.08325201 -0.385498 -0.3527832 0.06817631 -0.4094238 -0.3244629 0.07818609 -0.369873 -0.3479004 0.06768803 -0.3884277 -0.3259277 0.06732183 -0.3581543 -0.3452148 0.06445317 -0.373291 -0.3271484 0.05038457 -0.3852539 -0.2973633 0.05041508 -0.401123 -0.291748 0.0249329 -0.373291 -0.2539062 0.05538945 -0.3623047 -0.3295898 0.02529911 -0.3652344 -0.2570801 0.02140812 -0.3701172 -0.2502441 0.04809574 -0.3718262 -0.3010254 0.02471928 -0.3596191 -0.2631836 0.02172855 -0.3608398 -0.2521973 0.01337437 -0.3671875 -0.2468262 0.02157597 -0.355957 -0.2583008 0.0128632 -0.3588867 -0.2502441 0.01290135 -0.3547363 -0.2561035 0.004261056 -0.3608398 -0.2541504 0.004581491 -0.3708496 -0.2519531 0.01290898 -0.354248 -0.2717285 0.001010935 -0.3640137 -0.2583008 0.001472513 -0.3745117 -0.2565918 0.004455606 -0.355957 -0.260498 -0.02096553 -0.3840332 -0.2978516 -0.01974483 -0.4018555 -0.2927246 0.001327556 -0.3591309 -0.2648926 -0.01930232 -0.3708496 -0.3017578 0.00618748 -0.3554687 -0.2734375 3.50519e-4 -0.3588867 -0.2839355 -0.03488154 -0.371582 -0.3273926 -0.01221461 -0.3625488 -0.3081055 0.01287083 -0.3554687 -0.284668 -0.001835777 -0.359375 -0.3100586 -0.02505488 -0.3583984 -0.3291016 -0.03549189 -0.3535156 -0.3432617 -0.005348157 -0.3522949 -0.3291016 -0.01264948 -0.3469238 -0.3405762 -0.02220149 -0.3364258 -0.3513184 0.01210027 -0.3305664 -0.3483887 0.01339727 -0.3447266 -0.338623 0.04034428 -0.3476562 -0.342041 0.01367192 -0.3503418 -0.3293457 0.03234868 -0.3527832 -0.3300781 0.04061894 -0.3649902 -0.3076172 0.02841191 -0.3596191 -0.3105469 0.01347356 -0.3574219 -0.3105469 0.02478031 -0.359375 -0.282959 0.01947025 -0.355957 -0.2731934 0.1136475 0.01882935 -0.0784912 0.1190186 0.01885987 -0.08026122 0.1060181 0.04452515 -0.08441161 0.1010132 0.04431153 -0.08264159 0.1121826 0.01956177 -0.1190186 0.0904541 0.06512451 -0.0949707 0.08575439 0.06420898 -0.09350584 0.1018677 0.04647828 -0.125 0.1067505 0.02020264 -0.1474609 0.07495117 0.08575439 -0.1143188 0.07055664 0.08404541 -0.1132202 0.03555299 0.1050415 -0.1481934 0.07403564 0.08770753 -0.1506348 0.09881593 0.04647828 -0.1516113 0.09625246 0.01908875 -0.189209 0.03701783 0.1083984 -0.1525879 0.01947022 0.1099243 -0.1668701 0.09008791 0.04431153 -0.19104 0.07019046 0.0180359 -0.2658692 0.07293702 0.08660889 -0.1721191 0.03811647 0.1036377 -0.2004395 0.02053834 0.1131592 -0.1716309 0.01286317 0.1089478 -0.1760254 0.06964114 0.08374025 -0.1965332 0.06640627 0.04055788 -0.2646484 0.05191043 0.07800294 -0.260498 0.07385257 0.04400636 -0.2944336 0.07812503 0.01904298 -0.2966309 0.05734256 0.08441164 -0.2849121 0.06762698 0.04400635 -0.3244629 0.0714722 0.01904297 -0.3276367 0.09021 0.02500919 -0.3649902 0.05282596 0.08282471 -0.3093262 0.03366091 0.09808351 -0.2797852 0.08563236 0.06329346 -0.3598633 0.03161624 0.09643555 -0.300293 0.05972293 0.097229 -0.3286133 0.03442386 0.1135864 -0.3208008 0.08648685 0.06842041 -0.3876953 0.09259037 0.02595523 -0.3930664 0.06268314 0.109436 -0.3518066 0.03509525 0.1265869 -0.3461914 0.08038335 0.06811523 -0.4172363 0.08410649 0.02481082 -0.4277344 0.07482915 0.0669556 -0.425293 0.05487065 0.105957 -0.4250488 0.0599976 0.1134644 -0.4074707 0.03555302 0.1171265 -0.4248047 0.06179813 0.114563 -0.3811035 0.03689579 0.1286621 -0.4033203 0.01306157 0.1216431 -0.4250488 0.03591923 0.1309814 -0.3771973 0.01303105 0.1330566 -0.4025879 0.01293949 0.1347656 -0.3754883 -0.0137176 0.1287842 -0.4035645 -0.0119781 0.1172485 -0.425293 -0.01306148 0.1312256 -0.3762207 0.01306919 0.1300049 -0.3442383 -0.03570552 0.1123657 -0.4077148 -0.03010554 0.1051025 -0.4250488 -0.03790279 0.1135254 -0.3798828 -0.01171108 0.1258545 -0.3449707 -0.03793331 0.1082153 -0.3508301 -0.05828853 0.06536865 -0.3874512 -0.05255122 0.06500244 -0.4169922 -0.04702754 0.06414795 -0.4250488 -0.05191034 0.02261353 -0.4277344 -0.05935664 0.02357483 -0.3916016 -0.05603023 0.05966187 -0.3591309 -0.05694575 0.02122498 -0.3632812 -0.03433224 0.09661865 -0.328125 -0.04129024 0.04458618 -0.3244629 -0.04489132 0.01702881 -0.3276367 -0.0516357 0.01702881 -0.2966309 -0.01000973 0.1132202 -0.3200684 -0.02632137 0.08270264 -0.3093262 -0.04760738 0.04458619 -0.2944336 -0.04357907 0.01611329 -0.265625 0.01314548 0.1168213 -0.3181152 -0.006061519 0.09637451 -0.300293 0.01314548 0.09973145 -0.2978516 -0.03092953 0.0843506 -0.2849121 -0.008323638 0.09796144 -0.2797852 0.01309207 0.1013794 -0.2785645 -0.04000852 0.04107667 -0.2646485 -0.0253906 0.07794191 -0.260498 -0.06396482 0.04483032 -0.1901855 -0.06927488 0.01707458 -0.1884766 -0.04296874 0.08300782 -0.1955566 -0.005599949 0.09008791 -0.2590332 -0.01323698 0.1034546 -0.2009277 -0.04693602 0.0847168 -0.1722412 -0.07250975 0.04730224 -0.1516113 -0.07934569 0.01792907 -0.1500244 -0.04818725 0.08563232 -0.1517334 -0.07714842 0.04464721 -0.1219482 -0.08435058 0.01708984 -0.1182251 -0.08288573 0.04495239 -0.08453369 -0.09344481 0.01686096 -0.07891846 -0.08862303 0.01678466 -0.07739258 -0.07824706 0.04464721 -0.08288574 -0.06585693 0.06530762 -0.09503174 -0.0614624 0.06433105 -0.09368896 -0.04885864 0.08569335 -0.1142578 -0.04464721 0.08404541 -0.1132202 -0.01087951 0.1052856 -0.1481934 -0.01233672 0.1083374 -0.1523437 0.005676279 0.1100464 -0.1668701 0.004699717 0.112854 -0.1712646 0.01284791 0.1124268 -0.180542 0.01295473 0.1071167 -0.2115479 0.0131531 0.09307863 -0.2595215 0.03118899 0.09014893 -0.2590332 0.01306917 -0.08154298 -0.18396 0.01306917 -0.08343507 -0.1888428 -5.74091e-4 -0.07971192 -0.1871338 0.02671816 -0.07971192 -0.1871338 -5.74091e-4 -0.07781983 -0.182251 -0.009048441 -0.0755005 -0.1815186 0.02671816 -0.07781983 -0.182251 0.03518679 -0.07550049 -0.1815186 -5.74092e-4 -0.08197022 -0.1789551 0.02671816 -0.08197022 -0.1789551 0.02671816 -0.08386231 -0.1838379 0.02671816 -0.07971192 -0.1871338 0.01306917 -0.08569337 -0.1806641 0.01306917 -0.08343507 -0.1888428 0.01306917 -0.08758546 -0.1855469 -5.74091e-4 -0.08386231 -0.1838379 -5.74091e-4 -0.07971192 -0.1871338 0.01306918 -0.0767212 -0.1986084 0.01306918 -0.07849122 -0.2033691 8.55947e-4 -0.07604981 -0.2028809 0.02528384 -0.0760498 -0.2028809 8.55946e-4 -0.07427979 -0.197998 -0.006729102 -0.07293702 -0.1975098 0.02528384 -0.07427979 -0.197998 0.03286745 -0.07293701 -0.1975098 8.55946e-4 -0.07855225 -0.1947021 0.02528384 -0.07855225 -0.1947021 0.02528384 -0.08032227 -0.199585 0.02528384 -0.0760498 -0.2028809 0.01306918 -0.08099366 -0.1953125 0.01306918 -0.07849122 -0.2033691 0.01306918 -0.08276368 -0.2000733 8.55947e-4 -0.08032227 -0.199585 8.55947e-4 -0.07604981 -0.2028809 -5.741e-4 0.1120606 -0.1867676 0.01306916 0.1158447 -0.1884766 0.01306916 0.1139526 -0.1835937 0.02671815 0.1120606 -0.1867676 -5.74101e-4 0.1101685 -0.1817627 -0.00904845 0.1078491 -0.1811523 0.02671815 0.1101685 -0.1817627 0.03518678 0.1078491 -0.1811523 -5.74101e-4 0.1143188 -0.1785889 0.02671815 0.1143188 -0.1785889 0.02671815 0.1162109 -0.1834717 0.02671815 0.1120606 -0.1867676 0.01306916 0.118042 -0.1802979 0.01306916 0.1158447 -0.1884766 0.01306916 0.1199341 -0.1851807 -5.74101e-4 0.1162109 -0.1834717 -5.741e-4 0.1120606 -0.1867676 8.55938e-4 0.1082764 -0.2020264 0.01306917 0.1107788 -0.2026367 0.01306917 0.1090088 -0.197876 0.02528383 0.1082764 -0.2020264 8.55937e-4 0.1065063 -0.1972656 -0.006729111 0.1051636 -0.1966553 0.02528383 0.1065063 -0.1972656 0.03286744 0.1051636 -0.1966553 8.55937e-4 0.1107788 -0.1939697 0.02528382 0.1107788 -0.1939697 0.02528382 0.1125488 -0.1987305 0.02528383 0.1082764 -0.2020264 0.01306917 0.1132812 -0.194458 0.01306917 0.1107788 -0.2026367 0.01306917 0.1150513 -0.1993408 8.55937e-4 0.1125488 -0.1987305 8.55938e-4 0.1082764 -0.2020264 0.01306917 -0.08355714 -0.1888428 -5.87919e-4 -0.07971192 -0.1871338 -5.94596e-4 -0.0820923 -0.1789551 0.02673342 -0.0820923 -0.1789551 0.02673342 -0.07971192 -0.1871338 0.01306917 -0.08355714 -0.1888428 0.01306917 -0.08355714 -0.1888428 0.02673342 -0.07971192 -0.1871338 0.02673342 -0.0820923 -0.1789551 -5.87919e-4 -0.07971192 -0.1871338 0.01306917 -0.08355714 -0.1888428 -5.94596e-4 -0.0820923 -0.1789551 -5.87919e-4 -0.07971192 -0.1871338 -0.009040812 -0.0755005 -0.1815186 -5.94596e-4 -0.0820923 -0.1789551 -5.87919e-4 -0.07971192 -0.1871338 0.03518679 -0.07550049 -0.1815186 0.02673342 -0.07971192 -0.1871338 0.02673342 -0.0820923 -0.1789551 0.02673342 -0.07971192 -0.1871338 -5.94596e-4 -0.0820923 -0.1789551 0.02673342 -0.0820923 -0.1789551 0.01306917 -0.08355714 -0.1888428 0.01306917 -0.08355714 -0.1888428 0.08892827 -0.03274533 -0.4538574 0.08703618 -0.02848813 -0.4699707 0.08557133 0.02496341 -0.451416 0.08337408 0.02494815 -0.4699707 0.07818608 0.06811523 -0.4499512 0.07617193 0.0680542 -0.4699707 0.05819707 0.1026001 -0.4697266 0.05850224 0.1049805 -0.4489746 0.03738408 0.1170654 -0.46875 0.03756718 0.1195068 -0.4489746 0.01361089 0.1205444 -0.4689941 0.01361089 0.1228638 -0.4492187 -0.01343531 0.1195068 -0.4489746 -0.01328272 0.1170654 -0.46875 -0.03524775 0.104126 -0.4489746 -0.03485102 0.1016846 -0.4697266 -0.04861445 0.0680542 -0.4499512 -0.04650873 0.0680542 -0.4699707 -0.05245966 0.02365112 -0.451416 -0.05035394 0.02366638 -0.4699707 -0.04394525 -0.03097534 -0.4699707 -0.04403681 -0.03567505 -0.4543457 0.03738408 0.1170654 -0.46875 -0.01328272 0.1170654 -0.46875 0.01361089 0.1205444 -0.4689941 -0.03485102 0.1016846 -0.4697266 0.05819707 0.1026001 -0.4697266 -0.04650873 0.0680542 -0.4699707 0.07617193 0.0680542 -0.4699707 -0.05035394 0.02366638 -0.4699707 0.08337408 0.02494815 -0.4699707 0.06304937 -0.01737973 -0.4699707 0.08703618 -0.02848813 -0.4699707 0.02204901 -0.01005551 -0.4699707 -0.01910394 -0.0175781 -0.4699707 -0.04394525 -0.03097534 -0.4699707 0.08892827 -0.03274533 -0.4538574 0.06304937 -0.01737973 -0.4699707 0.08703618 -0.02848813 -0.4699707 0.02331548 -0.01518247 -0.4543457 0.02204901 -0.01005551 -0.4699707 -0.01834101 -0.02290344 -0.4543457 -0.01910394 -0.0175781 -0.4699707 -0.04394525 -0.03097534 -0.4699707 -0.04403681 -0.03567505 -0.4543457 0.01794437 -0.3752441 -0.2484131 0.01337437 -0.3686523 -0.2453613 0.006931345 -0.3776855 -0.2521973 -0.01435847 -0.4082031 -0.2895508 0.04483036 -0.407959 -0.2893066 -0.02944941 -0.418457 -0.3249512 0.06164555 -0.418457 -0.3249512 -0.04632562 -0.4152832 -0.3632812 0.07916265 -0.4152832 -0.3630371 -0.05780023 -0.3962402 -0.4013672 0.09118658 -0.3952637 -0.4016113 -0.06512444 -0.3703613 -0.4267578 0.09899908 -0.3666992 -0.4260254 -0.07031243 -0.3237305 -0.4519043 0.1069947 -0.3200684 -0.4519043 -0.07629388 -0.2761231 -0.4624024 0.1142579 -0.2758789 -0.4624024 -0.07843012 -0.2355957 -0.4658203 0.1218873 -0.2021484 -0.4672852 -0.07086175 -0.1680908 -0.4665527 0.1189576 -0.1678467 -0.4663086 -0.0485534 -0.09118652 -0.4589844 0.02331548 -0.01518247 -0.4543457 0.08892827 -0.03274533 -0.4538574 -0.01834101 -0.02290344 -0.4543457 -0.04403681 -0.03567505 -0.4543457 0.03756718 0.1195068 -0.4489746 0.01361089 0.1228638 -0.4492187 0.01360326 0.1230469 -0.4291992 0.03570561 0.1174927 -0.4248047 0.0552979 0.1063232 -0.4248047 0.05850224 0.1049805 -0.4489746 0.07641606 0.06756595 -0.4255371 0.07818608 0.06811523 -0.4499512 0.0844727 0.02484134 -0.4277344 0.08557133 0.02496341 -0.451416 0.08703618 -0.03536984 -0.4333496 0.08892827 -0.03274533 -0.4538574 0.1072998 -0.09100339 -0.4506836 0.1025391 -0.09106442 -0.4428711 0.1189576 -0.1678467 -0.4663086 0.114563 -0.1298828 -0.4482422 0.1195679 -0.1300049 -0.4555664 0.123169 -0.1679687 -0.4533691 0.1276856 -0.1679687 -0.4597168 0.1218873 -0.2021484 -0.4672852 0.1259766 -0.2022705 -0.4536133 0.1300049 -0.2021484 -0.4609375 0.1233521 -0.2358398 -0.4519044 0.1225587 -0.2756348 -0.4570313 0.1142579 -0.2758789 -0.4624024 0.1188355 -0.2751465 -0.4497071 0.1152955 -0.3222656 -0.4470215 0.1069947 -0.3200684 -0.4519043 0.1122437 -0.3203125 -0.4406739 0.09899908 -0.3666992 -0.4260254 0.1068116 -0.3669434 -0.4226074 0.1039429 -0.3632812 -0.4174805 0.09118658 -0.3952637 -0.4016113 0.09997564 -0.3918457 -0.3986816 0.09710699 -0.3869629 -0.3945312 0.08642583 -0.4123535 -0.3620605 0.08471685 -0.4069824 -0.3588867 0.07916265 -0.4152832 -0.3630371 0.06939702 -0.4147949 -0.3251953 0.06164555 -0.418457 -0.3249512 0.05075077 -0.4050293 -0.2897949 0.04483036 -0.407959 -0.2893066 0.0253754 -0.3754883 -0.2524414 0.01794437 -0.3752441 -0.2484131 0.01337437 -0.3686523 -0.2453613 0.004406014 -0.3708496 -0.2519531 0.006931345 -0.3776855 -0.2521973 -0.01435847 -0.4082031 -0.2895508 -0.01992793 -0.4020996 -0.2927246 -0.03631587 -0.4147949 -0.3251953 -0.02944941 -0.418457 -0.3249512 -0.04632562 -0.4152832 -0.3632812 -0.05294794 -0.4125977 -0.3620605 -0.05169672 -0.4072266 -0.3588867 -0.05780023 -0.3962402 -0.4013672 -0.0636596 -0.3869629 -0.3942871 -0.06622308 -0.392334 -0.3989258 -0.06512444 -0.3703613 -0.4267578 -0.07104485 -0.3635254 -0.4172363 -0.07745355 -0.3205567 -0.4406739 -0.07031243 -0.3237305 -0.4519043 -0.07629388 -0.2761231 -0.4624024 -0.08416741 -0.2753907 -0.449463 -0.08734125 -0.236084 -0.4602051 -0.07843012 -0.2355957 -0.4658203 -0.08184808 -0.2022705 -0.4536133 -0.07086175 -0.1680908 -0.4665527 -0.0792846 -0.1682129 -0.4597168 -0.07403558 -0.1679687 -0.4533692 -0.06811517 -0.130127 -0.4558106 -0.06341547 -0.1298828 -0.4482422 -0.0485534 -0.09118652 -0.4589844 -0.04895014 -0.09094238 -0.442627 -0.04403681 -0.03567505 -0.4543457 -0.0415954 -0.03411865 -0.4333496 -0.05245966 0.02365112 -0.451416 -0.05212397 0.02261353 -0.4277344 -0.04861445 0.0680542 -0.4499512 -0.04861445 0.0645752 -0.425293 -0.03524775 0.104126 -0.4489746 -0.03060908 0.1055298 -0.4248047 -0.01343531 0.1195068 -0.4489746 -0.01213069 0.1176147 -0.4250488 0.01360326 0.1230469 -0.4291992 0.01361089 0.1228638 -0.4492187 0.09259037 0.02595523 -0.3930664 0.0844727 0.02484134 -0.4277344 0.07641606 0.06756595 -0.4255371 0.08666996 0.06854248 -0.3876953 0.09021 0.02500919 -0.3649902 0.06048588 0.1139526 -0.4074707 0.0552979 0.1063232 -0.4248047 0.03570561 0.1174927 -0.4248047 0.08563236 0.06329346 -0.3598633 0.07208255 0.0191803 -0.3276367 0.06317142 0.1098633 -0.3518066 0.03723149 0.1304932 -0.4035645 0.01360326 0.1230469 -0.4291992 0.059845 0.097229 -0.3286133 0.03527835 0.1269531 -0.3461914 -0.01399989 0.1304932 -0.4038086 -0.01213069 0.1176147 -0.4250488 0.01309971 0.1313477 -0.3439941 0.03442386 0.1135864 -0.3208008 0.05316165 0.08288574 -0.3093262 0.07983401 0.01931764 -0.296875 0.03161624 0.09643555 -0.300293 0.05783084 0.08459473 -0.2849121 0.06640627 0.04055788 -0.2646484 0.07019046 0.0180359 -0.2658692 0.03366091 0.09808351 -0.2797852 0.09008791 0.04431153 -0.19104 0.09643558 0.01910401 -0.1893311 0.05191043 0.07800294 -0.260498 0.09899902 0.04656983 -0.1516113 0.1124878 0.01960755 -0.1190796 0.07067873 0.08459474 -0.1967773 0.1062622 0.04476929 -0.08428954 0.1190186 0.01885987 -0.08026122 0.1136475 0.01882935 -0.0784912 0.1010742 0.04434204 -0.08264159 0.08581543 0.06433105 -0.09332274 0.07452393 0.08734131 -0.1127319 0.03573609 0.1063843 -0.1479492 0.03811647 0.1037598 -0.2004395 0.01284028 0.114563 -0.1806641 0.01948548 0.1099243 -0.1668701 0.01286317 0.1089478 -0.1760254 0.005664835 0.1100464 -0.1668701 -0.0110321 0.1065063 -0.1479492 0.03118899 0.09088136 -0.2590332 -0.01325224 0.1035767 -0.2008057 0.01309207 0.1013794 -0.2785645 -0.005599949 0.09075929 -0.2590332 0.01314548 0.1001587 -0.2973633 -0.008323638 0.09796144 -0.2797852 -0.0253906 0.07794191 -0.260498 -0.04385374 0.08361817 -0.1958008 -0.0482788 0.08691406 -0.1126709 -0.03092953 0.0843506 -0.2849121 -0.08294676 0.04507446 -0.08441162 -0.06149292 0.06451415 -0.09344482 -0.07830809 0.04464721 -0.08294678 -0.08862303 0.01678466 -0.07739258 -0.09344481 0.01686096 -0.07891846 -0.08435058 0.01708984 -0.1182251 -0.07244872 0.04724121 -0.1516113 -0.07934569 0.01792907 -0.1500244 -0.06927488 0.01707458 -0.1884766 -0.06396482 0.04483032 -0.1901855 -0.04357907 0.01611329 -0.265625 -0.04000852 0.04107667 -0.2646485 -0.04760738 0.04458619 -0.2944336 -0.05255124 0.01690674 -0.2966309 -0.04129024 0.04458618 -0.3244629 -0.04489132 0.01702881 -0.3276367 -0.05694575 0.02122498 -0.3632812 -0.02632137 0.08270264 -0.3093262 -0.05603023 0.05966187 -0.3591309 -0.05935664 0.02357483 -0.3916016 -0.03433224 0.09661865 -0.328125 -0.006061519 0.09637451 -0.300293 -0.01000973 0.1132202 -0.3200684 -0.01200863 0.1264648 -0.3447266 -0.03845211 0.1087036 -0.3508301 -0.0363769 0.1129761 -0.4077148 -0.03060908 0.1055298 -0.4248047 -0.04861445 0.0645752 -0.425293 -0.05212397 0.02261353 -0.4277344 -0.05850215 0.06542969 -0.3874512 0.03286745 -0.07287598 -0.1975098 0.02526858 -0.07598877 -0.2028809 0.02526858 -0.07855225 -0.1947021 0.01306918 -0.0767212 -0.1987305 0.02528384 -0.08032227 -0.199585 0.02526858 -0.07598877 -0.2028809 0.01306918 -0.0767212 -0.1987305 8.56424e-4 -0.08038331 -0.199585 8.64053e-4 -0.07598878 -0.2028809 0.02526858 -0.07855225 -0.1947021 -0.006725288 -0.07287598 -0.1975098 8.64052e-4 -0.07849122 -0.1947021 8.64053e-4 -0.07598878 -0.2028809 0.02526857 0.1082764 -0.2020264 0.02526857 0.1107788 -0.1939697 0.01306917 0.1090088 -0.197876 0.03286744 0.1051636 -0.1966553 0.02528382 0.1126099 -0.1988525 0.02526857 0.1082764 -0.2020264 0.01306917 0.1090088 -0.197876 8.56414e-4 0.1126099 -0.1988525 8.64044e-4 0.1082764 -0.2020264 0.02526857 0.1107788 -0.1939697 -0.006725296 0.1051636 -0.1966553 8.64043e-4 0.1107788 -0.1939697 8.64044e-4 0.1082764 -0.2020264 -0.09344481 0.01686096 -0.07891846 -0.08911131 -0.01632691 -0.08514404 -0.08862303 0.01678466 -0.07739258 -0.08435057 -0.01573182 -0.08355713 -0.08435058 0.01708984 -0.1182251 -0.06329345 -0.04672242 -0.1073608 -0.08471679 -0.01695252 -0.1226196 -0.07934569 0.01792907 -0.1500244 -0.07836913 -0.01867676 -0.1525879 -0.06927488 0.01707458 -0.1884766 -0.06216429 -0.04858399 -0.1640625 -0.06860349 -0.01567078 -0.1914062 -0.04357907 0.01611329 -0.265625 -0.03976438 -0.06433106 -0.1741943 -0.01044462 -0.07501221 -0.1501465 -0.05758665 -0.04571534 -0.1955566 -0.0436401 -0.01263427 -0.2663575 -0.05255124 0.01690674 -0.2966309 -0.03588864 -0.03921509 -0.2595215 -0.02526852 -0.05780029 -0.2441406 -0.04391476 -0.04571533 -0.284668 -0.02868649 -0.07092285 -0.270752 -0.005767792 -0.06567383 -0.2373047 0.01290133 -0.08367921 -0.1835937 0.003904361 -0.07702637 -0.1655273 0.01285555 -0.07708741 -0.1778564 0.02169801 -0.07806397 -0.1654053 0.03588869 -0.07556153 -0.1502686 0.06964112 -0.06530762 -0.1225586 0.06811524 -0.06640625 -0.1715088 0.03372195 -0.06640625 -0.2368164 0.0956421 -0.04943848 -0.1617431 0.0911255 -0.04626465 -0.102478 0.05490115 -0.05535889 -0.2470703 0.01361087 -0.08618164 -0.2592773 0.0379639 -0.07971191 -0.2585449 0.05694584 -0.06842041 -0.2697754 0.03704838 -0.08679198 -0.2873535 0.01410679 -0.09338379 -0.2849121 0.06591799 -0.03927612 -0.2597657 -0.02554317 -0.07305908 -0.2963867 0.09863283 -0.01600647 -0.1882324 -0.03707882 -0.04559326 -0.3095703 0.1178589 -0.01721191 -0.08563231 0.1107178 -0.01647949 -0.08355711 0.1136475 0.01882935 -0.0784912 0.1190186 0.01885987 -0.08026122 0.1124878 0.01960755 -0.1190796 0.09643558 0.01910401 -0.1893311 0.0706177 -0.01237487 -0.2663575 0.07019046 0.0180359 -0.2658692 0.07983401 0.01931764 -0.296875 0.07379153 -0.04559325 -0.284668 0.07220462 -0.01543427 -0.326416 0.07208255 0.0191803 -0.3276367 0.09021 0.02500919 -0.3649902 0.05282596 -0.07788086 -0.293457 0.06689456 -0.04550171 -0.3095703 0.09106449 -0.03475952 -0.3710937 0.09259037 0.02595523 -0.3930664 0.05242924 -0.1017456 -0.3105469 0.08709721 -0.09246826 -0.3457031 0.09277347 -0.03329465 -0.3994141 0.0844727 0.02484134 -0.4277344 0.08703618 -0.03536984 -0.4333496 0.09918217 -0.08996582 -0.3789062 0.1048584 -0.09069821 -0.407959 0.1025391 -0.09106442 -0.4428711 0.09057622 -0.1347656 -0.3630371 0.1172486 -0.1314697 -0.4145508 0.114563 -0.1298828 -0.4482422 0.1083375 -0.1333008 -0.3876953 0.1244507 -0.1687012 -0.4206543 0.123169 -0.1679687 -0.4533691 0.1146241 -0.1696777 -0.394043 0.1262207 -0.2022705 -0.4233398 0.1259766 -0.2022705 -0.4536133 0.1233521 -0.2358398 -0.4519044 0.1172486 -0.2022705 -0.3967285 0.1115113 -0.2700195 -0.3935547 0.1188355 -0.2751465 -0.4497071 0.1007691 -0.2022705 -0.3793946 0.1098633 -0.310791 -0.4155274 0.1122437 -0.3203125 -0.4406739 0.1039429 -0.3632812 -0.4174805 0.09344488 -0.2678223 -0.3774415 0.1033936 -0.3027344 -0.3896485 0.0966187 -0.3696289 -0.3776855 0.09710699 -0.3869629 -0.3945312 0.08471685 -0.4069824 -0.3588867 0.08477788 -0.3273926 -0.3720703 0.07867437 -0.369873 -0.3476562 0.06939702 -0.4147949 -0.3251953 0.06726079 -0.3579102 -0.345459 0.04824833 -0.3718262 -0.3010254 0.05075077 -0.4050293 -0.2897949 0.0253754 -0.3754883 -0.2524414 0.05718999 -0.3200684 -0.3613281 0.02178959 -0.3605957 -0.2521973 0.01337437 -0.3686523 -0.2453613 0.01294712 -0.354248 -0.2561035 0.02842717 -0.3591309 -0.3103027 0.01339727 -0.3444824 -0.3383789 -0.01219936 -0.3623047 -0.3078613 0.004116098 -0.3605957 -0.2541504 0.004406014 -0.3708496 -0.2519531 -0.01992793 -0.4020996 -0.2927246 -0.02096553 -0.3840332 -0.2978516 -0.03631587 -0.4147949 -0.3251953 -0.01921077 -0.3708496 -0.3017578 -0.03704829 -0.3864746 -0.3261719 -0.05169672 -0.4072266 -0.3588867 -0.04940791 -0.3679199 -0.3466797 -0.07366937 -0.3439941 -0.3920898 -0.0636596 -0.3869629 -0.3942871 -0.07104485 -0.3635254 -0.4172363 -0.07745355 -0.3205567 -0.4406739 -0.03546137 -0.3535156 -0.3430176 -0.05239863 -0.3244629 -0.3666992 -0.07275384 -0.3029785 -0.3874512 -0.08416741 -0.2753907 -0.449463 0.01264959 -0.3151855 -0.3562012 0.01313787 -0.2644043 -0.3549805 -0.0610351 -0.267334 -0.3747559 -0.08062738 -0.2358399 -0.3955078 -0.08392328 -0.2022705 -0.423584 -0.08184808 -0.2022705 -0.4536133 -0.07403558 -0.1679687 -0.4533692 -0.07611078 -0.2017822 -0.4003907 -0.07470696 -0.1688232 -0.4223633 -0.06341547 -0.1298828 -0.4482422 -0.06060786 -0.2028809 -0.3754883 -0.06481928 -0.1317139 -0.4162598 -0.04895014 -0.09094238 -0.442627 -0.07043451 -0.1697998 -0.3979492 -0.04867548 -0.09014893 -0.4077148 -0.0415954 -0.03411865 -0.4333496 -0.0601501 -0.1331787 -0.3869629 -0.05117793 -0.03619385 -0.3969727 -0.05212397 0.02261353 -0.4277344 -0.05935664 0.02357483 -0.3916016 -0.04724116 -0.09039307 -0.3771973 -0.05026241 -0.03805542 -0.3686523 -0.05694575 0.02122498 -0.3632812 -0.05050655 -0.1348877 -0.3583985 -0.04531856 -0.01571655 -0.326416 -0.04489132 0.01702881 -0.3276367 -0.03884883 -0.07647705 -0.342041 -0.02523799 -0.0892334 -0.3178711 -0.03018184 -0.1379395 -0.3320312 -0.00717159 -0.100769 -0.3029785 -0.03041072 -0.1723633 -0.3479004 0.01535801 -0.1099854 -0.2919922 -0.01004024 -0.1396485 -0.3144532 0.01309209 -0.2026367 -0.3435059 0.04104618 -0.138916 -0.3134766 0.06390385 -0.137085 -0.328125 0.06298833 -0.1726074 -0.3461914 0.09729008 -0.1702881 -0.3740234 0.0620728 -0.2022705 -0.3537598 0.06109624 -0.2357178 -0.3625489 0.01308446 -0.2357178 -0.3537598 -0.02839655 -0.2357178 -0.3632813 -0.02670283 -0.2022705 -0.3571777 -0.05758662 -0.1704102 -0.3708496 -0.04415888 -0.0302887 -0.4702148 -0.04443354 -0.03414917 -0.453125 -0.05349726 0.02377319 -0.451416 -0.05154413 0.02391052 -0.4707031 -0.03848261 0.1057129 -0.4492187 -0.03713984 0.1021118 -0.4709473 -0.01329798 0.1174927 -0.4689941 0.01381688 0.1257324 -0.4492187 0.03738408 0.1174316 -0.4689941 0.05874638 0.1060181 -0.4489746 0.06011968 0.1032715 -0.4709473 0.08032231 0.06848145 -0.4506836 0.08477788 0.02543643 -0.4709473 0.08966069 -0.03244016 -0.4541016 0.08715826 -0.02801511 -0.4702148 -0.05804437 -0.3964844 -0.4013672 -0.05358881 -0.4150391 -0.3625488 -0.07232659 -0.3637695 -0.4174805 -0.0650634 -0.3703613 -0.4267578 -0.07739251 -0.3208008 -0.440918 -0.07031243 -0.3237305 -0.4519043 -0.0770263 -0.2761231 -0.4636231 -0.08959955 -0.2359619 -0.4536133 -0.07177728 -0.1679687 -0.4675293 -0.0749511 -0.1676025 -0.4533692 -0.06622308 -0.1306152 -0.4562989 -0.04843133 -0.09118652 -0.4587402 -0.04916376 -0.09088135 -0.442627 -0.04443354 -0.03414917 -0.453125 -0.04318232 -0.03433228 -0.4335937 -0.05349726 0.02377319 -0.451416 -0.05371088 0.02275085 -0.4277344 -0.03848261 0.1057129 -0.4492187 -0.03640742 0.1088257 -0.4260254 0.01381688 0.1257324 -0.4492187 0.01357274 0.1237793 -0.4289551 -0.03713984 0.1021118 -0.4709473 -0.01329798 0.1174927 -0.4689941 0.03738408 0.1174316 -0.4689941 0.06011968 0.1032715 -0.4709473 -0.05154413 0.02391052 -0.4707031 0.08477788 0.02543643 -0.4709473 0.02197271 -0.009269685 -0.4697266 -0.04415888 -0.0302887 -0.4702148 0.08715826 -0.02801511 -0.4702148 0.01933292 -0.375 -0.2467041 0.01335148 -0.3686523 -0.2453613 0.003425637 -0.3710937 -0.2509766 -0.01530452 -0.4086914 -0.2888184 0.05117802 -0.4067383 -0.2885742 -0.0368957 -0.4174805 -0.324707 0.06994633 -0.4174805 -0.324707 -0.05358881 -0.4150391 -0.3625488 0.08837896 -0.4140625 -0.3598633 -0.05804437 -0.3964844 -0.4013672 0.09252935 -0.3964844 -0.402832 -0.0650634 -0.3703613 -0.4267578 0.1078492 -0.3210449 -0.4538575 -0.07031243 -0.3237305 -0.4519043 -0.0770263 -0.2761231 -0.4636231 0.1229859 -0.2021484 -0.4694825 -0.07177728 -0.1679687 -0.4675293 -0.04843133 -0.09118652 -0.4587402 0.02322393 -0.0150604 -0.4541016 -0.04443354 -0.03414917 -0.453125 0.08966069 -0.03244016 -0.4541016 0.05874638 0.1060181 -0.4489746 0.01381688 0.1257324 -0.4492187 0.01357274 0.1237793 -0.4289551 0.061554 0.1099854 -0.4257812 0.08032231 0.06848145 -0.4506836 0.08593754 0.025116 -0.4274902 0.08966069 -0.03244016 -0.4541016 0.08709721 -0.03540036 -0.4333496 0.1188355 -0.130127 -0.4570313 0.1024781 -0.09112546 -0.4428711 0.1229859 -0.2021484 -0.4694825 0.126709 -0.2021484 -0.4536133 0.1224366 -0.2756348 -0.4577637 0.1142579 -0.3208008 -0.4406739 0.1078492 -0.3210449 -0.4538575 0.1050416 -0.362793 -0.4172363 0.09252935 -0.3964844 -0.402832 0.08837896 -0.4140625 -0.3598633 0.08966069 -0.03244016 -0.4541016 0.02197271 -0.009269685 -0.4697266 0.08715826 -0.02801511 -0.4702148 0.02322393 -0.0150604 -0.4541016 -0.04443354 -0.03414917 -0.453125 -0.04415888 -0.0302887 -0.4702148 -0.07189939 0.01766968 -0.1898193 -0.09191893 0.01646423 -0.07568359 -0.08227538 0.04577636 -0.08087158 -0.04611205 0.0845337 -0.1970215 -0.04644775 0.08709717 -0.1108398 -0.01157378 0.1065674 -0.1483154 -0.04553219 0.01625062 -0.2658692 0.01293946 0.1175537 -0.1795654 -0.02610776 0.07818605 -0.260498 -0.00564954 0.09411622 -0.2590332 -0.03216549 0.08697511 -0.284668 -0.05615231 0.01649476 -0.2971191 0.0539551 0.08062746 -0.260498 -0.02699276 0.08319092 -0.309082 -0.04693599 0.01701355 -0.3273926 0.03314212 0.1011963 -0.2792969 0.01312259 0.1034546 -0.295166 -0.04306026 0.111084 -0.3496094 -0.06420893 0.02386475 -0.3913574 -0.03640742 0.1088257 -0.4260254 -0.05371088 0.02275085 -0.4277344 -0.01435847 0.1314697 -0.4040527 0.01357274 0.1237793 -0.4289551 0.01342777 0.1345215 -0.3430176 0.03765873 0.1313477 -0.4038086 0.061554 0.1099854 -0.4257812 0.0645142 0.1115723 -0.3513184 0.09436039 0.02645877 -0.3933105 0.08593754 0.025116 -0.4274902 0.08752445 0.06384277 -0.3601074 0.09021 0.02500919 -0.3649902 0.07171634 0.01902771 -0.3278809 0.05505374 0.08398437 -0.309082 0.08081058 0.01965333 -0.296875 0.07110599 0.0179596 -0.2658692 0.07275392 0.08526613 -0.197998 0.09796146 0.01945496 -0.1900635 0.03616333 0.1064453 -0.1481934 0.1190796 0.01913452 -0.07757567 0.07299805 0.08758546 -0.111084 0.1036377 0.04528809 -0.07928466 0.03567506 -0.0755005 -0.1499023 0.01292421 -0.08544923 -0.1815186 0.06988526 -0.06640626 -0.1217041 0.0968628 -0.05133056 -0.1623535 0.1160278 -0.01824951 -0.08142088 0.09899905 -0.01567077 -0.1890869 0.1190796 0.01913452 -0.07757567 0.09796146 0.01945496 -0.1900635 0.0706177 -0.01237487 -0.2663575 0.07110599 0.0179596 -0.2658692 0.08081058 0.01965333 -0.296875 0.06665042 -0.0397644 -0.2595215 0.07409671 -0.04568481 -0.284668 0.03530887 -0.06866455 -0.2365723 0.05746463 -0.069458 -0.2692871 0.07226565 -0.01544952 -0.326416 0.07171634 0.01902771 -0.3278809 0.09021 0.02500919 -0.3649902 0.09106449 -0.03475952 -0.3710937 0.09436039 0.02645877 -0.3933105 0.06781009 -0.04553223 -0.309082 0.05328373 -0.07843018 -0.293457 0.09277347 -0.03329465 -0.3994141 0.08593754 0.025116 -0.4274902 0.08709721 -0.03540036 -0.4333496 0.09973148 -0.09002686 -0.3786621 0.1048584 -0.09069821 -0.407959 0.1024781 -0.09112546 -0.4428711 0.09216313 -0.1348877 -0.3620606 0.1168213 -0.1314697 -0.4145508 0.1188355 -0.130127 -0.4570313 0.1083375 -0.1333008 -0.3876953 0.1271973 -0.1689453 -0.4199219 0.126709 -0.2021484 -0.4536133 0.1142579 -0.3208008 -0.4406739 0.1166382 -0.1699219 -0.3925781 0.1099854 -0.2687988 -0.394043 0.1050416 -0.362793 -0.4172363 0.08837896 -0.4140625 -0.3598633 0.06268315 -0.2022705 -0.3535156 0.09350592 -0.2680664 -0.3769532 0.08551031 -0.3266602 -0.3703613 0.05331425 -0.1019287 -0.3100586 0.01301579 -0.2025147 -0.3444825 0.01418308 -0.09490967 -0.2817383 0.01335149 -0.2641602 -0.3562012 -0.02781672 -0.2354736 -0.3640137 0.07910161 -0.3681641 -0.3466797 0.06994633 -0.4174805 -0.324707 -0.03123469 -0.1727295 -0.347168 0.04855351 -0.3713379 -0.3010254 0.05117802 -0.4067383 -0.2885742 0.01933292 -0.375 -0.2467041 0.02851872 -0.3581543 -0.3103027 0.01308445 -0.3520508 -0.2546387 0.01335148 -0.3686523 -0.2453613 0.003425637 -0.3710937 -0.2509766 0.01356511 -0.3430176 -0.3374023 -0.02090449 -0.3693848 -0.3010254 -0.01530452 -0.4086914 -0.2888184 -0.0368957 -0.4174805 -0.324707 -0.05010981 -0.3659668 -0.3449707 -0.05358881 -0.4150391 -0.3625488 0.01212316 -0.314209 -0.3532715 -0.07055657 -0.3337402 -0.3774414 -0.07232659 -0.3637695 -0.4174805 -0.07739251 -0.3208008 -0.440918 -0.08959955 -0.2359619 -0.4536133 -0.06088252 -0.2670898 -0.3740235 -0.08020014 -0.2358399 -0.395752 -0.05786128 -0.1702881 -0.3710937 -0.07678216 -0.168335 -0.4216309 -0.0749511 -0.1676025 -0.4533692 -0.06622308 -0.1306152 -0.4562989 -0.06457514 -0.131836 -0.4162598 -0.04916376 -0.09088135 -0.442627 -0.0601501 -0.1331787 -0.3869629 -0.04867548 -0.09014893 -0.4077148 -0.04318232 -0.03433228 -0.4335937 -0.05090328 -0.1350098 -0.3581543 -0.04724116 -0.09039307 -0.3771973 -0.05191036 -0.03817749 -0.3688965 -0.05371088 0.02275085 -0.4277344 -0.06420893 0.02386475 -0.3913574 -0.03933711 -0.07666016 -0.3417969 -0.008834798 -0.1013184 -0.3017578 -0.04632564 -0.01599121 -0.3261719 -0.04693599 0.01701355 -0.3273926 -0.02632137 -0.07330322 -0.2966309 -0.05615231 0.01649476 -0.2971191 -0.03213497 -0.07196045 -0.2705078 -0.02763364 -0.05981446 -0.2446289 -0.04553219 0.01625062 -0.2658692 0.01431278 -0.08721924 -0.2587891 -0.07025144 -0.0158844 -0.1922607 -0.07189939 0.01766968 -0.1898193 -0.09191893 0.01646423 -0.07568359 -0.08886717 -0.01734925 -0.08239746 -0.06433103 -0.05096436 -0.1647949 -0.01044462 -0.07543946 -0.1497803 -0.06311034 -0.0465088 -0.1073608</float_array>
          <technique_common>
            <accessor source="#geom-Shs_AMB008__M_AMB008-positions-array" count="1352" stride="3">
              <param name="X" type="float"/>
              <param name="Y" type="float"/>
              <param name="Z" type="float"/>
            </accessor>
          </technique_common>
        </source>
        <source id="geom-Shs_AMB008__M_AMB008-normals">
          <float_array id="geom-Shs_AMB008__M_AMB008-normals-array" count="1992">0.986634 0.127244 -0.1017958 0.9919652 0.06652177 -0.1076102 0.9919102 0.1115144 -0.06065072 0.9878913 0.1154155 -0.1036823 0.9457514 0.3191704 -0.06070128 0.9431856 0.3209175 -0.08609893 0.7905389 0.6066042 -0.08414073 0.7804815 0.6220374 -0.06259385 0.3775714 0.919477 -0.1095531 0.3676091 0.9268486 -0.07625788 0 0.9933233 -0.1153648 9.31319e-8 0.9970773 -0.07640091 -0.3578026 0.9306787 -0.07625221 -0.3678057 0.9234261 -0.1095594 -0.8205422 0.5679208 -0.0646262 -0.8335882 0.5459401 -0.08414393 -0.975857 0.209254 -0.06257889 -0.974291 0.2073795 -0.08803906 -0.9977853 -0.03130138 -0.0586927 -0.9959108 -0.02739131 -0.08608995 -0.9889612 -0.1292497 -0.0724584 -0.9935055 -0.04693568 -0.1036525 0 0.05091728 -0.9987029 9.31323e-8 0.05286635 -0.9986016 9.31323e-8 -0.07834138 -0.9969267 0 0.01761319 -0.9998449 0 0.01761319 -0.9998449 0 0.003916022 -0.9999923 0 0.003916022 -0.9999923 0 0 -1 0 -2.98024e-6 -1 0 0 -1 0 0 -1 1.86265e-7 0 -1 1.86265e-7 0 -1 0 0 -1 -0.3934993 -0.8888016 -0.2349252 -0.269899 -0.9231371 -0.2738113 -0.3934994 -0.8888018 -0.2349253 -0.2428157 -0.9281852 -0.28198 -0.00783204 -0.9476709 -0.3191527 0.00783204 -0.9476709 -0.3191527 0.2856246 -0.905782 -0.3130138 0.2761115 -0.9086223 -0.3133178 0.442097 -0.8509376 -0.2836469 0.442097 -0.8509376 -0.2836469 7.45057e-7 0.08417948 -0.9964507 0.0156693 0.07638626 -0.9969552 0.03715752 0.08800324 -0.9954269 1.86264e-7 0.0626206 -0.9980375 -0.001957632 0.08418227 -0.9964485 -0.01759529 0.07429419 -0.9970812 -0.04302152 0.08604528 -0.995362 7.45061e-7 0.09000638 -0.9959413 0 0.09000638 -0.9959413 0 0.05482133 -0.9984962 7.45058e-7 0.05286784 -0.9986016 7.45057e-7 -0.00587105 -0.9999828 7.45059e-7 -0.009785599 -0.9999521 7.45061e-7 -0.06067327 -0.9981577 1.49012e-6 -0.06262376 -0.9980373 0.001958753 -0.1488176 -0.9888628 0.001958013 -0.1507312 -0.9885728 0.005871793 -0.3425265 -0.9394898 0.007822356 -0.3500428 -0.936701 0.01174953 -0.5483165 -0.8361883 0.01174362 -0.5519487 -0.8337954 0.007832817 -0.7793149 -0.6265836 0.007829822 -0.7810362 -0.6244367 0.001957267 -0.9373692 -0.3483324 0.001958381 -0.9380054 -0.3466152 0 -0.9998087 0.01956225 0 -0.9997244 0.02347826 -0.001957643 -0.9258882 0.3777927 -0.001956056 -0.9252009 0.3794729 -0.00979027 -0.7793026 0.6265713 -0.009790316 -0.7793026 0.6265713 -0.04694368 -0.7237121 0.6885036 -0.0646107 -0.7381271 0.6715608 -0.04889809 -0.7217337 0.6904414 -0.007831781 0.8438777 0.5364783 0.2779834 0.7791407 0.5618407 0.00195587 0.997516 0.07041391 0.3718157 0.9256297 0.07044645 0.5758499 0.5249287 0.626775 0.3676091 0.9268486 -0.07625788 9.31319e-8 0.9970772 -0.07640091 0.7905085 0.6007079 0.1193584 0.7602496 0.2442956 0.6019471 0.7804815 0.6220374 -0.06259385 0.9423743 0.3173916 0.1057982 0.9029956 0.0626803 0.4250531 0.9457514 0.3191704 -0.06070128 0.9909139 0.09987355 0.09008349 0.9919102 0.1115144 -0.06065072 0.9889215 0.1272857 0.07637142 0.9045858 0.1194357 0.4092185 0.986634 0.127244 -0.1017958 0.8596365 0.186026 0.4758356 0.9614031 0.264335 0.07636257 0.9154029 0.2894849 -0.2797067 0.8254318 0.1584366 0.5418121 0.968081 0.2307744 0.09778741 0.8318164 0.08807504 0.5480186 0.5930266 0.2250763 -0.7730849 0.1917396 0.1330438 -0.9723864 0.1896766 0.08995074 -0.9777176 0.9894673 0.1447038 0.003907086 0.6027153 0.1448094 -0.7847067 0.1878267 -0.007826112 -0.9821711 0.8653111 -0.007829077 0.5011742 0.5968443 -0.007826078 -0.8023189 0.1819519 -0.07825784 -0.9801884 0.9999675 -0.0078261 0.001958015 0.9945709 -0.1037659 0.007832065 0.8716806 -0.06464123 0.4857927 0.5630399 -0.1094802 -0.819146 0.1703353 -0.1781673 -0.9691452 0.9898134 -0.1388878 -0.0312984 0.8723309 -0.04302869 0.4870188 0.5170438 -0.2075998 -0.8304023 0.1564177 -0.3812717 -0.9111342 0.967186 -0.2310276 -0.1057237 0.8874198 0.02351104 0.4603623 0.4262566 -0.3793276 -0.8212282 0.3520226 -0.5612807 -0.7490288 0.1545936 -0.5792379 -0.8003651 0.958346 -0.2757697 -0.07432397 0.8980291 0.09978118 0.4284711 0.3892975 -0.7805516 -0.4890673 0.1603468 -0.8212828 -0.5475249 0.9354426 -0.3522577 0.02935531 0.9019432 0.1389118 0.4089033 0.4105506 -0.9032124 -0.125122 0.1877189 -0.9659709 -0.1779378 0.8856623 -0.4183922 0.2013715 0.9021205 0.111541 0.4168178 0.4088889 -0.868643 0.2797666 0.2660627 -0.929264 0.2562793 0.813219 -0.4085634 0.4144285 0.8935788 0.1407831 0.4262593 0.4244945 -0.6944494 0.5809857 0.2993106 -0.7414301 0.6005785 0.7790462 -0.2662065 0.5676454 0.8858783 0.2464027 0.3930718 0.403123 -0.5596762 0.7240541 0.28161 -0.6434007 0.7118506 0.780463 -0.09388921 0.6181119 0.873367 0.3211499 0.3661872 0.3054522 -0.3309073 0.8928602 0.1681598 -0.5240334 0.8349319 0.5806797 0.1720521 0.7957445 0.6620517 0.540611 0.5190639 -0.05279111 -0.5200886 0.8524793 -0.1349749 0.7218229 0.6787884 -0.08215964 -0.3051633 0.9487492 -0.115435 0.3658713 0.9234788 -0.3638751 -0.3873497 0.8470863 -0.2230344 -0.5595417 0.7982286 -0.2545398 -0.6578882 0.7087966 -0.668964 0.1075805 0.7354683 -0.7518253 0.4816377 0.4503155 -0.8978521 0.3384054 0.2816797 -0.3403488 -0.6141916 0.7119912 -0.2660144 -0.7647899 0.5867986 -0.8072278 -0.1097201 0.5799525 -0.902519 0.277999 0.3289014 -0.391235 -0.7276958 0.5633775 -0.2486237 -0.9396802 0.2349201 -0.8182957 -0.2212133 0.5305251 -0.3990985 -0.8803644 0.2562793 -0.1897351 -0.966278 -0.1740903 -0.8436242 -0.3523265 0.405172 -0.9036019 0.1701592 0.3931281 -0.9114971 0.09975725 0.399026 -0.4266051 -0.8962626 -0.1213312 -0.1839713 -0.8337423 -0.5206039 -0.9045018 -0.3621932 0.2251503 -0.924564 0.09010722 0.370219 -0.4697104 -0.7750232 -0.4227424 -0.205438 -0.5850082 -0.7845767 -0.9505109 -0.3051013 0.05867184 -0.9446768 0.05867489 0.3227119 -0.5085655 -0.5515994 -0.6611349 -0.195796 -0.3739744 -0.9065358 -0.9693121 -0.2271533 -0.09399651 -0.9534477 -0.005874037 0.3015011 -0.5168922 -0.3543824 -0.7792532 -0.18012 -0.1683742 -0.9691269 -0.9717919 -0.1798898 -0.1525134 -0.9473284 -0.04501633 0.3170843 -0.5435284 -0.1740071 -0.8211567 -0.1780394 -0.0606538 -0.9821523 -0.9843575 -0.1154632 -0.1330735 -0.929063 0.01369269 0.3696683 -0.9956421 -0.01565218 -0.09193422 -0.5639366 -0.04895186 -0.824366 -0.9918818 0.1173824 -0.0489086 -0.8722557 0.1153886 0.4752426 -0.5773143 0.06262346 -0.814117 -0.1821295 0.01762361 -0.9831166 -0.9733918 0.2291473 -2.98024e-6 -0.8176078 0.1584365 0.5535481 -0.598672 0.1878194 -0.7786629 -0.1957275 0.1076501 -0.9747319 -0.9521839 0.2874152 0.1036257 -0.8174657 0.2112131 0.5358536 -0.6067776 0.264242 -0.7496647 -0.2052625 0.1466158 -0.9676628 -0.942221 0.1978486 -0.2703249 -0.9780838 0.1858383 0.0938952 -0.8472927 0.105667 0.520509 -0.9935055 -0.04693568 -0.1036525 -0.9945501 -0.05873144 0.08614362 -0.8923265 -0.06848868 0.4461644 -0.9977853 -0.03130139 -0.0586927 -0.9321517 -0.09791555 0.348577 -0.9973158 -0.04106465 0.06062096 -0.975857 0.209254 -0.06257889 -0.8582134 0.1469552 0.4918067 -0.9688334 0.2211689 0.111562 -0.8205422 0.5679208 -0.0646262 -0.5853004 0.4658932 0.6636016 -0.8295146 0.541925 0.1349925 -0.3578026 0.9306787 -0.07625221 -0.3620666 0.9296317 0.06850354 -0.2838548 0.7713024 0.5696657 0.00195587 0.997516 0.07041391 9.31319e-8 0.9970772 -0.07640091 -0.007831781 0.8438777 0.5364783 0.9882792 0.1526452 0.001956524 0.3093176 0.05285834 0.9494887 0.9680923 -0.2483792 0.03324671 0.9763674 0.1604451 -0.1447901 0.2171839 -0.4089319 0.8863441 0.9629011 -0.2465963 -0.1095987 0.9687315 0.1330781 -0.2094029 0.7490619 -0.6571407 0.08409767 0.06660297 -0.6836596 0.7267556 -0.09197515 -0.7710254 0.6301274 0.969985 -0.1271147 -0.2072945 0.9511124 0.1017648 -0.2915977 0.7669059 -0.6397405 -0.05086659 0.4755262 -0.8786475 0.04305246 -0.2623777 -0.7773427 0.5717484 0.8459909 -0.5052447 -0.1703739 0.2658963 -0.9638748 -0.01563877 -0.4952025 -0.7124655 0.4971594 0.4459376 -0.8899187 -0.09583538 0.1701563 -0.9818219 -0.08409917 -0.05090025 -0.8202788 0.5696945 0.2974839 -0.9394209 -0.1702697 0.8402743 -0.4642069 -0.280091 0.5202854 -0.8254161 -0.2190692 0.9487253 -0.1017191 -0.2992885 0.6394667 -0.7665772 -0.05866585 0.9856505 -0.07627041 -0.150585 0.9824551 0.0880689 -0.1643957 0.9228244 -0.3636551 -0.1270829 0.9968787 0.07834024 0.009793042 0.9436408 -0.3249884 0.06264747 0.995924 -0.09000485 -0.005871056 0.9766473 -0.02544224 0.2133369 0.9703132 0.03912748 0.238666 0.9606217 0.03325938 0.2758621 0.9502031 -0.1525014 0.2717674 0.9610725 0.06655156 0.2681613 0.9936574 0.07237197 -0.08606615 0.8025264 -0.4149645 0.4286676 0.99233 0.11352 -0.04893243 0.9726533 0.08219481 -0.2172321 0.9732217 0.1605719 -0.164488 0.7749624 -0.5949219 0.2133103 0.9720933 0.2327533 0.02933742 0.9555635 0.2780528 -0.09790366 0.9445455 0.1056045 0.3109364 0.9705989 0.2172119 0.1037154 0.9643096 0.2581921 -0.05868369 0.9045967 0.07831903 0.4190118 0.8720653 -0.02346188 0.4888268 0.7904629 -0.1095698 0.60263 0.9848629 0.1155231 0.1292263 0.9890975 0.1429784 -0.03526216 0.8754848 0.03721412 0.4818106 0.9902306 -0.01174212 0.1389445 0.9999005 -0.007826088 -0.01173913 0.993515 -0.1134324 0.007823129 0.8737311 -0.02350809 0.4858409 0.9855717 -0.109509 0.1290593 0.9887033 -0.1370491 0.06069248 0.8835288 -0.0861972 0.4603771 0.978489 -0.1408998 0.1506869 0.9746656 -0.121346 0.1878886 0.9844335 -0.1252532 0.1232982 0.9807272 -0.119409 0.1546472 0.8769804 -0.1096248 0.4678544 0.9692878 -0.08420044 0.2310662 0.5598468 -0.08613187 0.8241074 0.8709605 -0.0763298 0.485388 0.5008798 -0.03521738 0.8648002 0.6161768 -0.1056298 0.7804925 0.315238 -0.1448942 0.9378864 0.7028452 -0.1096339 0.7028437 0.3773666 -0.2502737 0.8916039 0.5145063 -0.3032271 0.8020827 0.6965019 -0.2015157 0.6886774 -0.03128567 -0.3382765 0.9405266 0.7217537 -0.2229797 0.6552494 0.4302229 -0.3872016 0.815465 0.4560049 -0.7534856 0.4736233 0.4601997 -0.3662005 0.8087728 -0.01173869 -0.4812861 0.876485 -0.09396502 -0.4287152 0.8985398 -0.01174731 -0.4463994 0.8947567 -0.5247351 -0.3289386 0.785145 -0.058762 -0.8442135 0.5327762 -0.6125346 -0.31703 0.7240811 -0.5284178 -0.3092218 0.7906684 -0.7554585 -0.131129 0.6419405 -0.5167227 -0.7711686 0.3718826 -0.3914814 -0.2388021 0.8886596 -0.4087474 -0.8468312 0.3402977 -0.01173843 -0.16629 0.986007 -0.8337442 -0.5206003 0.1839727 0.005866009 -0.03910945 0.9992177 -0.7612917 -0.6223414 0.1820059 -0.8269831 -0.1935482 0.5278618 -0.9348769 -0.3500894 0.05867481 -0.9540411 -0.2912939 0.07038118 -0.9422121 -0.08814929 0.3232121 -0.8839424 0.01368969 0.4673956 -0.9843675 -0.1056776 0.1408995 -0.7928836 -0.0548183 0.6069025 -0.9840693 0.07238686 0.1623809 -0.952871 0.2034874 0.2250107 -0.6659925 -0.04897101 0.7443492 -0.93765 0.1507283 0.3131987 -0.987455 0.1564294 -0.02150834 -0.3189359 -0.09391893 0.9431114 -0.9532504 0.2975241 0.05284846 -0.9103398 0.1155048 0.3974168 -0.9738214 0.2111912 -0.08408427 -0.9483401 0.3167673 -0.01759826 -0.9816584 -0.03324151 -0.1877278 -0.9694323 0.2350123 0.07050043 -0.9683143 0.2484365 -0.02543031 -0.9940627 -0.06653073 -0.08609893 -0.970884 -0.07633867 -0.227061 -0.9934902 -0.06453693 -0.09387433 -0.9822448 -0.05282764 0.1800122 -0.9905189 -0.1154959 0.0743866 -0.9935453 0 0.1134366 -0.9977375 0.06651579 0.009781119 -0.989751 -0.1427901 -0.001955032 -0.9823202 -0.1232792 -0.1408875 -0.9846875 0.07243212 -0.1585692 -0.9173691 -0.3853343 -0.09975731 -0.9454807 -0.1487713 -0.2897128 -0.9545667 0.07824325 -0.2875419 -0.6358371 -0.7708308 -0.03913045 -0.8294293 -0.4890504 -0.2699568 -0.9588751 -0.2074302 -0.1937301 -0.973591 0.09579515 -0.2072291 -0.8275403 -0.5379986 -0.16042 -0.9500569 -0.2840375 -0.1292854 -0.9789256 0.1096395 -0.1722903 -0.7404196 -0.6699036 -0.05484524 -0.4775065 -0.8747754 -0.08219187 -0.9610358 -0.2759799 -0.01565815 -0.9933155 0.1036333 -0.05083902 -0.3030971 0.03519822 0.9523095 -0.2212627 -0.4953938 0.8400166 -0.08412081 -0.7257915 0.6827521 -0.7334704 -0.6787049 0.03716276 0.1114915 -0.7589235 0.6415644 -0.45815 -0.8869321 0.0587374 -0.3226517 -0.946445 0.01173318 0.2330012 -0.7518695 0.6167681 0.4501249 -0.7241142 0.5225383 -0.1859122 -0.9804418 -0.06457868 -0.3191607 -0.935944 -0.1488134 -0.0802026 -0.987863 -0.1330198 -0.02545414 -0.9770534 -0.2114682 -0.5383235 -0.8162939 -0.2094567 -0.3346609 -0.9393994 0.07436869 0.3328922 -0.9418887 0.04503874 -0.04108675 -0.9899936 0.1349984 -0.03325427 -0.9154707 0.4010082 0.4111731 -0.8184301 0.4013838 -0.9845459 0.1546309 0.08220973 -0.9864525 0.1565799 -0.04893244 -0.9980376 0 -0.06261767 -0.9964027 0.009790071 0.08417673 -0.9939104 -0.1056521 -0.03130135 -0.8953685 0.03714559 0.4437742 -0.9911056 -0.09793635 0.09010132 -0.5775292 0.001959507 0.8163677 -0.8852062 -0.05287833 0.462184 -0.9885434 -0.1096247 0.1037507 -0.9913505 -0.131008 0.00782013 -0.5110116 0.009787098 0.8595182 -0.8718245 -0.03322962 0.48869 -0.9850088 -0.1096636 0.1331598 -0.9862559 -0.1565486 0.05283655 -0.8626977 0.07042295 0.5007927 -0.9523757 -0.1623155 0.258136 -0.9598624 -0.2115608 0.1841367 -0.8160414 0.1095893 0.5675091 -0.9074472 -0.1192987 0.4028739 -0.9182918 -0.1683861 0.3583103 -0.5102125 0.2072128 0.8347132 -0.8777152 0.01563731 0.4789273 -0.8886105 -0.04893253 0.456045 -0.7747141 0.1721592 0.6084237 -0.5067673 0.3698024 0.7787382 -0.4955094 0.04113326 0.867628 -0.224927 0.2307952 0.9466474 -0.2641106 0 0.9644924 -0.2288523 0.05085474 0.9721319 0.01759881 0.0351967 0.9992255 0.01958699 0.2193775 0.9754434 0.2542987 0.03911865 0.9663343 0.2799358 -0.03915141 0.9592201 0.4964235 0.02345742 0.8677635 0.2758026 0.2229899 0.9349911 0.5201204 0.1798922 0.8349333 0.868471 0.02934041 0.494871 0.5286613 0.3583158 0.7694979 0.2678751 0.4634045 0.8446888 0.8281915 0.1253066 0.5462576 0.9457702 -0.07832362 0.3152525 0.9626832 -0.1310974 0.2367585 0.9191455 -0.08213514 0.3852603 0.9013984 -0.02737342 0.4321245 0.8820418 0.0410706 0.4693778 0.7828628 0.2113731 0.5851899 0.8673744 0.0998555 0.4875354 0.4797373 0.5404388 0.6912149 0.7629924 0.3912773 0.5145336 0.8649446 0.1917752 0.4637814 0.8709127 0.1311271 0.4736212 0.8685908 0.1584589 0.4695115 0.4638692 0.753545 0.4658277 0.8683004 0.2327207 0.4380589 0.6180696 0.2190618 0.7549848 0.7619424 0.5327708 0.368238 0.8067311 0.5149781 0.2897978 0.5735072 0.4521497 0.683118 -0.105736 0.2819625 0.9535812 0.4637823 0.8649442 0.1917751 -0.1153748 0.5318961 0.8389132 -0.02348131 0.9568587 0.2896036 -0.6343426 0.4091897 0.655876 -0.6853137 0.158602 0.7107676 0.01956476 0.9997607 -0.009781123 -0.8857718 0.1642496 0.4340859 -0.8805113 0.0645697 0.469607 -0.4501753 0.8729471 0.187898 -0.8826956 0.113517 0.4560288 -0.8842227 0.03716949 0.4655842 -0.8349497 0.469294 0.2874403 -0.792448 0.4774241 0.3795951 -0.3776529 0.925542 -0.02739433 -0.4482433 0.8925714 0.04893247 -0.7729514 0.3483177 0.5303027 -0.4891952 0.8198913 0.297433 0.01566841 0.9988623 -0.0450433 -0.1997462 0.9576077 0.207579 -0.4774356 0.7259368 0.4950463 -0.481317 0.5243631 0.7024083 -0.1781191 0.8866803 0.4266985 -0.2036711 0.6913072 0.6932622 -0.2190389 0.494793 0.840953 0.01370981 0.4935589 0.8696043 0.02737344 0.7019374 0.7117125 0.2619626 0.6685908 0.6959612 0.02350047 0.9067305 0.4210552 0.2484815 0.8687088 0.4284878 0.4653651 0.8466512 0.258103 0.2641639 0.9392483 0.2191576 0.01956753 0.9862054 0.1643656 0.4264449 0.9037496 0.03716946 0.4032175 0.9140903 -0.04306433 0.3093176 0.05285834 0.9494887 0.9882792 0.1526452 0.001956524 0.8839377 0.4654363 0.04497916 0.240577 0.463554 0.8527839 0.9763674 0.1604451 -0.1447901 0.7581915 0.6386828 0.1312628 0.0743188 0.6493137 0.7568807 0.8904042 0.4461803 -0.09002011 0.9687315 0.1330781 -0.2094029 0.5320121 0.8371378 0.1271359 -0.09003656 0.7613989 0.642001 -0.1663528 0.7965356 0.5812555 0.6515229 0.7571744 -0.0469565 0.9058291 0.3912867 -0.1623839 0.9511124 0.1017648 -0.2915977 0.4068262 0.913403 0.01369119 -0.3814986 0.7903871 0.4793195 0.9057525 0.326697 -0.2699657 0.9824551 0.0880689 -0.1643957 0.8038123 0.5749909 -0.1525491 0.4146956 0.8919871 -0.1799628 0.2249475 0.9702075 -0.08997928 -0.02349511 0.8497381 0.5266812 0.7927878 0.5520154 -0.2583923 0.9417241 0.3054239 -0.1409678 0.8023362 0.5831612 -0.1271994 0.9550908 0.2955305 0.02152918 0.9968787 0.07834024 0.009793042 0.8255114 0.5594687 0.07433595 0.9485942 0.1936316 0.2503513 0.9703132 0.03912748 0.238666 0.9606217 0.03325938 0.2758621 0.86208 0.4417949 0.2482649 0.3815803 0.9138345 0.1389355 0.9340842 0.2310752 0.2721965 0.4380807 0.8448712 0.3070471 0.7734791 0.4073022 0.4856286 0.4202855 0.7408763 0.5238917 0.9462785 0.318685 -0.05474386 0.9936574 0.07237197 -0.08606615 0.7585473 0.6177866 0.2072332 0.3972384 0.8727497 0.2837422 0.9124562 0.317207 -0.2584636 0.9726533 0.08219481 -0.2172321 0.7810521 0.3778031 -0.4972147 0.6517812 0.5891495 -0.4775816 0.752719 0.6158619 -0.2326548 0.3073298 0.8319439 -0.4619718 0.7810526 0.6244529 0.003916018 0.3522176 0.9059834 -0.2348122 0.003911648 0.8840175 -0.4674376 0.3837375 0.9221441 0.04894737 0.001956525 0.9665889 -0.2563242 -0.001958295 0.9987011 0.05091436 -0.358444 0.9029659 -0.237003 -0.3092614 0.8279573 -0.4678077 -0.3876072 0.920075 0.05677062 0 0.9542016 0.2991645 -0.7966074 0.5578241 -0.2329137 -0.6947098 0.5361977 -0.4794481 -0.8283387 0.5600598 0.01370906 -0.3970101 0.86834 0.2972687 -0.8029451 0.5542276 0.219342 -0.9734342 0.225243 -0.04112722 -0.9420639 0.227192 -0.2467781 -0.8120129 0.3091542 -0.4950341 -0.970884 -0.07633867 -0.227061 -0.9934902 -0.06453693 -0.09387434 -0.9564621 0.1623453 0.2425374 -0.9822448 -0.05282764 0.1800122 -0.7981409 0.3775536 0.4694937 -0.9663043 0.1760482 0.1877844 -0.9935453 0 0.1134366 -0.9977375 0.06651579 0.009781119 -0.4148148 0.7337538 0.5380838 -0.8726443 0.4324105 0.2269654 -0.9579805 0.2860229 0.02155005 -0.9846875 0.07243211 -0.1585692 0.001956242 0.8353438 0.5497245 -0.4347482 0.8420815 0.3192064 0.00195559 0.9367282 0.3500519 -0.8279351 0.55587 0.07437766 -0.3856038 0.9121381 0.1389743 -0.001957826 0.9867076 0.1624941 -0.9454429 0.2955733 -0.1370193 -0.8059413 0.5790253 -0.1232415 -0.9099368 0.3130967 -0.2720027 -0.9545667 0.07824325 -0.2875419 -0.7943091 0.5517123 -0.2543359 -0.4204784 0.901585 -0.1016974 -0.4310827 0.8837192 -0.1822307 -0.8031193 0.5758948 -0.1527891 -0.9116353 0.3775657 -0.1623735 -0.973591 0.09579515 -0.2072291 -0.6707541 0.7391981 -0.06062239 -0.9117088 0.3912911 -0.1252128 -0.9789256 0.1096395 -0.1722903 -0.9214048 0.3873415 -0.0313006 -0.9933155 0.1036333 -0.05083902 -0.3030971 0.03519822 0.9523095 -0.2347042 0.4557162 0.8586249 -0.7601283 0.6445422 0.08228197 -0.06264746 0.6519281 0.7556885 -0.5556464 0.8256435 0.09782612 0.08416738 0.7653344 0.638106 0.1565409 0.8042304 0.573331 -0.447982 0.8940083 -0.007824597 0.3638953 0.8021352 0.4734548 -0.2170474 0.9718254 -0.09190135 -0.02348926 0.996338 -0.0822127 -9.31323e-8 0.9733915 -0.2291485 -0.001956336 0.9957619 -0.0919491 0.409289 0.9067047 -0.1018286 0 0.9686275 0.2485171 9.31323e-8 0.1175232 -0.9930702 -0.1447131 0.307027 -0.9406342 0.1447135 0.3070276 -0.9406339 0.2834782 0.9208161 0.2678393 -0.9907314 0.1311838 0.03524422 -0.2834783 0.9208161 0.2678393 0.9907314 0.1311838 0.03524422 -0.07041246 -0.2151486 0.9740397 0.07041234 -0.2151486 0.9740397 0.3856778 -0.8927355 -0.2329723 0.1447135 0.3070276 -0.940634 -1.86264e-7 -0.3988689 0.917008 9.31323e-8 0.1175232 -0.9930702 9.31324e-8 -0.9588971 -0.2837543 -0.3856775 -0.8927357 -0.2329723 -0.1447131 0.307027 -0.9406342 -9.31323e-8 0.9547584 0.2973827 0 0.1370355 -0.9905661 -0.1290358 0.2561164 -0.9579948 0.1290359 0.2561164 -0.9579948 0.1994486 0.9385817 0.2815753 -0.9912086 0.1251228 0.04301071 -0.1994489 0.9385817 0.2815753 0.9912087 0.1251221 0.0430107 -0.1272787 -0.2193107 0.9673174 0.1272784 -0.2193115 0.9673173 0.3269745 -0.9026055 -0.279984 0.1290359 0.2561165 -0.9579949 -9.31322e-8 -0.3384425 0.9409872 0 0.1370355 -0.9905661 0 -0.9576647 -0.2878861 -0.3269742 -0.9026057 -0.2799839 -0.1290358 0.2561165 -0.9579949 -0.144713 -0.3070276 -0.940634 1.86265e-7 -0.1175225 -0.9930702 0 -0.9686275 0.2485171 0.1447133 -0.3070263 -0.9406344 0.2834786 -0.920816 0.2678395 -0.9907315 -0.1311831 0.03524274 -0.2834786 -0.9208159 0.2678395 0.9907316 -0.1311832 0.03524275 -0.07041249 0.2151493 0.9740395 0.07041196 0.2151493 0.9740395 0.3856768 0.892736 -0.2329718 0.1447132 -0.3070263 -0.9406343 -1.86264e-7 0.3988695 0.9170077 1.86265e-7 -0.1175225 -0.9930702 0 0.9588972 -0.2837539 -0.3856773 0.8927357 -0.2329722 -0.144713 -0.3070276 -0.940634 -0.1290362 -0.2561172 -0.9579946 0 -0.1370346 -0.9905663 0 -0.9547579 0.2973841 0.1290367 -0.2561172 -0.9579946 0.1994487 -0.9385817 0.2815753 -0.9912086 -0.1251221 0.04301072 -0.1994485 -0.9385817 0.2815753 0.9912086 -0.1251228 0.04301072 -0.1272787 0.2193107 0.9673174 0.1272786 0.21931 0.9673176 0.3269743 0.9026057 -0.2799839 0.1290367 -0.2561172 -0.9579946 0 0.3384425 0.9409872 0 -0.1370346 -0.9905663 0 0.9576645 -0.2878869 -0.326974 0.9026058 -0.2799836 -0.1290362 -0.2561172 -0.9579946</float_array>
          <technique_common>
            <accessor source="#geom-Shs_AMB008__M_AMB008-normals-array" count="664" stride="3">
              <param name="X" type="float"/>
              <param name="Y" type="float"/>
              <param name="Z" type="float"/>
            </accessor>
          </technique_common>
        </source>
        <source id="geom-Shs_AMB008__M_AMB008-map-2">
          <float_array id="geom-Shs_AMB008__M_AMB008-map-2-array" count="4056">1 1 1 1 1 1 1 1 1 1 1 1 1 1 1 1 1 1 1 1 1 1 1 1 1 1 1 1 1 1 1 1 1 1 1 1 1 1 1 1 1 1 1 1 1 1 1 1 1 1 1 1 1 1 1 1 1 1 1 1 1 1 1 1 1 1 1 1 1 1 1 1 1 1 1 1 1 1 1 1 1 1 1 1 1 1 1 1 1 1 1 1 1 1 1 1 1 1 1 1 1 1 1 1 1 1 1 1 1 1 1 1 1 1 1 1 1 1 1 1 1 1 1 1 1 1 1 1 1 1 1 1 1 1 1 1 1 1 1 1 1 1 1 1 1 1 1 1 1 1 1 1 1 1 1 1 1 1 1 1 1 1 1 1 1 1 1 1 1 1 1 1 1 1 1 1 1 1 1 1 1 1 1 1 1 1 1 1 1 1 1 1 1 1 1 1 1 1 1 1 1 1 1 1 1 1 1 1 1 1 1 1 1 1 1 1 1 1 1 1 1 1 1 1 1 1 1 1 1 1 1 1 1 1 1 1 1 1 1 1 1 1 1 1 1 1 1 1 1 1 1 1 1 1 1 1 1 1 1 1 1 1 1 1 1 1 1 1 1 1 1 1 1 1 1 1 1 1 1 1 1 1 1 1 1 1 1 1 1 1 1 1 1 1 1 1 1 1 1 1 1 1 1 1 1 1 1 1 1 1 1 1 1 1 1 1 1 1 1 1 1 1 1 1 1 1 1 1 1 1 1 1 1 1 1 1 1 1 1 1 1 1 1 1 1 1 1 1 1 1 1 1 1 1 1 1 1 1 1 1 1 1 1 1 1 1 1 1 1 1 1 1 1 1 1 1 1 1 1 1 1 1 1 1 1 1 1 1 1 1 1 1 1 1 1 1 1 1 1 1 1 1 1 1 1 1 1 1 1 1 1 1 1 1 1 1 1 1 1 1 1 1 1 1 1 1 1 1 1 1 1 1 1 1 1 1 1 1 1 1 1 1 1 1 1 1 1 1 1 1 1 1 1 1 1 1 1 1 1 1 1 1 1 1 1 1 1 1 1 1 1 1 1 1 1 1 1 1 1 1 1 1 1 1 1 1 1 1 1 1 1 1 1 1 1 1 1 1 1 1 1 1 1 1 1 1 1 1 1 1 1 1 1 1 1 1 1 1 1 1 1 1 1 1 1 1 1 1 1 1 1 1 1 1 1 1 1 1 1 1 1 1 1 1 1 1 1 1 1 1 1 1 1 1 1 1 1 1 1 1 1 1 1 1 1 1 1 1 1 1 1 1 1 1 1 1 1 1 1 1 1 1 1 1 1 1 1 1 1 1 1 1 1 1 1 1 1 1 1 1 1 1 1 1 1 1 1 1 1 1 1 1 1 1 1 1 1 1 1 1 1 1 1 1 1 1 1 1 1 1 1 1 1 1 1 1 1 1 1 1 1 1 1 1 1 1 1 1 1 1 1 1 1 1 1 1 1 1 1 1 1 1 1 1 1 1 1 1 1 1 1 1 1 1 1 1 1 1 1 1 1 1 1 1 1 1 1 1 1 1 1 1 1 1 1 1 1 1 1 1 1 1 1 1 1 1 1 1 1 1 1 1 1 1 1 1 1 1 1 1 1 1 1 1 1 1 1 1 1 1 1 1 1 1 1 1 1 1 1 1 1 1 1 1 1 1 1 1 1 1 1 1 1 1 1 1 1 1 1 1 1 1 1 1 1 1 1 1 1 1 1 1 1 1 1 1 1 1 1 1 1 1 1 1 1 1 1 1 1 1 1 1 1 1 1 1 1 1 1 1 1 1 1 1 1 1 1 1 1 1 1 1 1 1 1 1 1 1 1 1 1 1 1 1 1 1 1 1 1 1 1 1 1 1 1 1 1 1 1 1 1 1 1 1 1 1 1 1 1 1 1 1 1 1 1 1 1 1 1 1 1 1 1 1 1 1 1 1 1 1 1 1 1 1 1 1 1 1 1 1 1 1 1 1 1 1 1 1 1 1 1 1 1 1 1 1 1 1 1 1 1 1 1 1 1 1 1 1 1 1 1 1 1 1 1 1 1 1 1 1 1 1 1 1 1 1 1 1 1 1 1 1 1 1 1 1 1 1 1 1 1 1 1 1 1 1 1 1 1 1 1 1 1 1 1 1 1 1 1 1 1 1 1 1 1 1 1 1 1 1 1 1 1 1 1 1 1 1 1 1 1 1 1 1 1 1 1 1 1 1 1 1 1 1 1 1 1 1 1 1 1 1 1 1 1 1 1 1 1 1 1 1 1 1 1 1 1 1 1 1 1 1 1 1 1 1 1 1 1 1 1 1 1 1 1 1 1 1 1 1 1 1 1 1 1 1 1 1 1 1 1 1 1 1 1 1 1 1 1 1 1 1 1 1 1 1 1 1 1 1 1 1 1 1 1 1 1 1 1 1 1 1 1 1 1 1 1 1 1 1 1 1 1 1 1 1 1 1 1 1 1 1 1 1 1 1 1 1 1 1 1 1 1 1 1 1 1 1 1 1 1 1 1 1 1 1 1 1 1 1 1 1 1 1 1 1 1 1 1 1 1 1 1 1 1 1 1 1 1 1 1 1 1 1 1 1 1 1 1 1 1 1 1 1 1 1 1 1 1 1 1 1 1 1 1 1 1 1 1 1 1 1 1 1 1 1 1 1 1 1 1 1 1 1 1 1 1 1 1 1 1 1 1 1 1 1 1 1 1 1 1 1 1 1 1 1 1 1 1 1 1 1 1 1 1 1 1 1 1 1 1 1 1 1 1 1 1 1 1 1 1 1 1 1 1 1 1 1 1 1 1 1 1 1 1 1 1 1 1 1 1 1 1 1 1 1 1 1 1 1 1 1 1 1 1 1 1 1 1 1 1 1 1 1 1 1 1 1 1 1 1 1 1 1 1 1 1 1 1 1 1 1 1 1 1 1 1 1 1 1 1 1 1 1 1 1 1 1 1 1 1 1 1 1 1 1 1 1 1 1 1 1 1 1 1 1 1 1 1 1 1 1 1 1 1 1 1 1 1 1 1 1 1 1 1 1 1 1 1 1 1 1 1 1 1 1 1 1 1 1 1 1 1 1 1 1 1 1 1 1 1 1 1 1 1 1 1 1 1 1 1 1 1 1 1 1 1 1 1 1 1 1 1 1 1 1 1 1 1 1 1 1 1 1 1 1 1 1 1 1 1 1 1 1 1 1 1 1 1 1 1 1 1 1 1 1 1 1 1 1 1 1 1 1 1 1 1 1 1 1 1 1 1 1 1 1 1 1 1 1 1 1 1 1 1 1 1 1 1 1 1 1 1 1 1 1 1 1 1 1 1 1 1 1 1 1 1 1 1 1 1 1 1 1 1 1 1 1 1 1 1 1 1 1 1 1 1 1 1 1 1 1 1 1 1 1 1 1 1 1 1 1 1 1 1 1 1 1 1 1 1 1 1 1 1 1 1 1 1 1 1 1 1 1 1 1 1 1 1 1 1 1 1 1 1 1 1 1 1 1 1 1 1 1 1 1 1 1 1 1 1 1 1 1 1 1 1 1 1 1 1 1 1 1 1 1 1 1 1 1 1 1 1 1 1 1 1 1 1 1 1 1 1 1 1 1 1 1 1 1 1 1 1 1 1 1 1 1 1 1 1 1 1 1 1 1 1 1 1 1 1 1 1 1 1 1 1 1 1 1 1 1 1 1 1 1 1 1 1 1 1 1 1 1 1 1 1 1 1 1 1 1 1 1 1 1 1 1 1 1 1 1 1 1 1 1 1 1 1 1 1 1 1 1 1 1 1 1 1 1 1 1 1 1 1 1 1 1 1 1 1 1 1 1 1 1 1 1 1 1 1 1 1 1 1 1 1 1 1 1 1 1 1 1 1 1 1 1 1 1 1 1 1 1 1 1 1 1 1 1 1 1 1 1 1 1 1 1 1 1 1 1 1 1 1 1 1 1 1 1 1 1 1 1 1 1 1 1 1 1 1 1 1 1 1 1 1 1 1 1 1 1 1 1 1 1 1 1 1 1 1 1 1 1 1 1 1 1 1 1 1 1 1 1 1 1 1 1 1 1 1 1 1 1 1 1 1 1 1 1 1 1 1 1 1 1 1 1 1 1 1 1 1 1 1 1 1 1 1 1 1 1 1 1 1 1 1 1 1 1 1 1 1 1 1 1 1 1 1 1 1 1 1 1 1 1 1 1 1 1 1 1 1 1 1 1 1 1 1 1 1 1 1 1 1 1 1 1 1 1 1 1 1 1 1 1 1 1 1 1 1 1 1 1 1 1 1 1 1 1 1 1 1 1 1 1 1 1 1 1 1 1 1 1 1 1 1 1 1 1 1 1 1 1 1 1 1 1 1 1 1 1 1 1 1 1 1 1 1 1 1 1 1 1 1 1 1 1 1 1 1 1 1 1 1 1 1 1 1 1 1 1 1 1 1 1 1 1 1 1 1 1 1 1 1 1 1 1 1 1 1 1 1 1 1 1 1 1 1 1 1 1 1 1 1 1 1 1 1 1 1 1 1 1 1 1 1 1 1 1 1 1 1 1 1 1 1 1 1 1 1 1 1 1 1 1 1 1 1 1 1 1 1 1 1 1 1 1 1 1 1 1 1 1 1 1 1 1 1 1 1 1 1 1 1 1 1 1 1 1 1 1 1 1 1 1 1 1 1 1 1 1 1 1 1 1 1 1 1 1 1 1 1 1 1 1 1 1 1 1 1 1 1 1 1 1 1 1 1 1 1 1 1 1 1 1 1 1 1 1 1 1 1 1 1 1 1 1 1 1 1 1 1 1 1 1 1 1 1 1 1 1 1 1 1 1 1 1 1 1 1 1 1 1 1 1 1 1 1 1 1 1 1 1 1 1 1 1 1 1 1 1 1 1 1 1 1 1 1 1 1 1 1 1 1 1 1 1 1 1 1 1 1 1 1 1 1 1 1 1 1 1 1 1 1 1 1 1 1 1 1 1 1 1 1 1 1 1 1 1 1 1 1 1 1 1 1 1 1 1 1 1 1 1 1 1 1 1 1 1 1 1 1 1 1 1 1 1 1 1 1 1 1 1 1 1 1 1 1 1 1 1 1 1 1 1 1 1 1 1 1 1 1 1 1 1 1 1 1 1 1 1 1 1 1 1 1 1 1 1 1 1 1 1 1 1 1 1 1 1 1 1 1 1 1 1 1 1 1 1 1 1 1 1 1 1 1 1 1 1 1 1 1 1 1 1 1 1 1 1 1 1 1 1 1 1 1 1 1 1 1 1 1 1 1 1 1 1 1 1 1 1 1 1 1 1 1 1 1 1 1 1 1 1 1 1 1 1 1 1 1 1 1 1 1 1 1 1 1 1 1 1 1 1 1 1 1 1 1 1 1 1 1 1 1 1 1 1 1 1 1 1 1 1 1 1 1 1 1 1 1 1 1 1 1 1 1 1 1 1 1 1 1 1 1 1 1 1 1 1 1 1 1 1 1 1 1 1 1 1 1 1 1 1 1 1 1 1 1 1 1 1 1 1 1 1 1 1 1 1 1 1 1 1 1 1 1 1 1 1 1 1 1 1 1 1 1 1 1 1 1 1 1 1 1 1 1 1 1 1 1 1 1 1 1 1 1 1 1 1 1 1 1 1 1 1 1 1 1 1 1 1 1 1 1 1 1 1 1 1 1 1 1 1 1 1 1 1 1 1 1 1 1 1 1 1 1 1 1 1 1 1 1 1 1 1 1 1 1 1 1 1 1 1 1 1 1 1 1 1 1 1 1 1 1 1 1 1 1 1 1 1 1 1 1 1 1 1 1 1 1 1 1 1 1 1 1 1 1 1 1 1 1 1 1 1 1 1 1 1 1 1 1 1 1 1 1 1 1 1 1 1 1 1 1 1 1 1 1 1 1 1 1 1 1 1 1 1 1 1 1 1 1 1 1 1 1 1 1 1 1 1 1 1 1 1 1 1 1 1 1 1 1 1 1 1 1 1 1 1 1 1 1 1 1 1 1 1 1 1 1 1 1 1 1 1 1 1 1 1 1 1 1 1 1 1 1 1 1 1 1 1 1 1 1 1 1 1 1 1 1 1 1 1 1 1 1 1 1 1 1 1 1 1 1 1 1 1 1 1 1 1 1 1 1 1 1 1 1 1 1 1 1 1 1 1 1 1 1 1 1 1 1 1 1 1 1 1 1 1 1 1 1 1 1 1 1 1 1 1 1 1 1 1 1 1 1 1 1 1 1 1 1 1 1 1 1 1 1 1 1 1 1 1 1 1 1 1 1 1 1 1 1 1 1 1 1 1 1 1 1 1 1 1 1 1 1 1 1 1 1 1 1 1 1 1 1 1 1 1 1 1 1 1 1 1 1 1 1 1 1 1 1 1 1 1 1 1 1 1 1 1 1 1 1 1 1 1 1 1 1 1 1 1 1 1 1 1 1 1 1 1 1 1 1 1 1 1 1 1 1 1 1 1 1 1 1 1 1 1 1 1 1 1 1 1 1 1 1 1 1 1 1 1 1 1 1 1 1 1 1 1 1 1 1 1 1 1 1 1 1 1 1 1 1 1 1 1 1 1 1 1 1 1 1 1 1 1 1 1 1 1 1 1 1 1 1 1 1 1 1 1 1 1 1 1 1 1 1 1 1 1 1 1 1 1 1 1 1 1 1 1 1 1 1 1 1 1 1 1 1 1 1 1 1 1 1 1 1 1 1 1 1 1 1 1 1 1 1 1 1 1 1 1 1 1 1 1 1 1 1 1 1 1 1 1 1 1 1 1 1 1 1 1 1 1 1 1 1 1 1 1 1 1 1 1 1 1 1 1 1 1 1 1 1 1 1 1 1 1 1 1 1 1 1 1 1 1 1 1 1 1 1 1 1 1 1 1 1 1 1 1 1 1 1 1 1 1 1 1 1 1 1 1 1 1 1 1 1 1 1 1 1 1 1 1 1 1 1 1 1 1 1 1 1 1 1 1 1 1 1 1 1 1 1 1 1 1 1 1 1 1 1 1 1 1 1 1 1 1 1 1 1 1 1 1 1 1 1 1 1 1 1 1 1 1 1 1 1 1 1 1 1 1 1 1 1 1 1 1 1 1 1 1 1 1 1 1 1 1 1 1 1 1 1 1 1 1 1 1 1 1 1 1 1 1 1 1 1 1 1 1 1 1 1 1 1 1 1 1 1 1 1 1 1 1 1 1 1 1 1 1 1 1 1 1 1 1 1 1 1 1 1 1 1 1 1 1 1 1 1 1 1 1 1 1 1 1 1 1 1 1 1 1 1 1 1 1 1 1 1 1 1 1 1 1 1 1 1 1 1 1 1 1 1 1 1 1 1 1 1 1 1 1 1 1 1 1 1 1 1 1 1 1 1 1 1 1 1 1 1 1 1 1 1 1 1 1 1 1 1 1 1 1 1 1 1 1 1 1 1 1 1 1 1 1 1 1 1 1 1 1 1 1 1 1 1 1 1 1 1 1 1 1 1 1 1 1 1 1 1 1 1 1 1 1 1 1 1 1 1 1 1 1 1 1 1 1 1 1 1 1 1 1 1 1 1 1 1 1 1 1 1 1 1 1 1 1 1 1 1 1 1 1 1 1 1 1 1 1 1 1 1 1 1 1 1 1 1 1 1 1 1 1 1 1 1 1 1 1 1 1 1 1 1 1 1 1 1 1 1 1 1 1 1 1 1 1 1 1 1 1 1 1 1 1 1 1 1 1 1 1 1 1 1 1 1 1 1 1 1 1 1 1 1 1 1 1 1 1 1 1 1 1 1 1 1 1 1 1 1 1 1 1 1 1 1 1 1 1 1 1 1 1 1 1 1 1 1 1 1 1 1 1 1 1 1 1 1 1 1 1 1 1 1 1 1 1 1 1 1 1 1 1 1 1 1 1 1 1 1 1 1 1 1 1 1 1 1 1 1 1 1 1 1 1 1 1 1 1 1 1 1 1 1 1 1 1 1 1 1 1 1 1 1 1 1 1 1 1 1 1 1 1 1 1 1 1 1 1 1 1 1 1 1 1 1 1 1 1 1 1 1 1 1 1 1 1 1 1 1 1 1 1 1 1 1 1 1 1 1 1 1 1 1 1 1 1 1 1 1 1 1 1 1 1 1 1 1 1 1 1 1 1 1 1 1 1 1 1 1 1 1 1 1 1 1 1 1 1 1 1 1 1 1 1 1 1 1 1 1 1 1 1 1 1 1 1 1 1 1 1 1 1 1 1 1 1 1 1 1 1 1 1 1 1 1 1 1 1 1 1 1 1 1 1 1 1 1 1 1 1 1 1 1 1 1 1 1 1 1 1 1 1 1 1 1 1 1 1 1 1 1 1 1 1 1 1 1 1 1 1 1 1 1 1 1 1 1 1 1 1 1 1 1 1 1 1 1 1 1 1 1 1 1 1 1 1 1 1 1 1 1 1 1 1 1 1 1 1 1 1 1 1 1 1 1 1 1 1 1 1 1 1 1 1 1 1 1 1 1 1 1 1 1 1 1 1 1 1 1 1 1 1 1 1 1 1 1 1 1 1 1 1 1 1 1 1 1 1 1 1 1 1 1 1 1 1 1 1 1 1 1 1 1 1 1 1 1 1 1 1 1 1 1 1 1 1 1 1 1 1 1 1 1 1 1 1 1 1 1 1 1 1 1 1 1 1 1 1 1 1 1 1 1 1 1 1 1 1 1 1 1 1 1 1 1 1 1 1 1 1 1 1 1 1 1 1 1 1 1 1 1 1 1 1 1 1 1 1 1 1 1 1 1 1 1 1 1 1 1 1 1 1 1 1 1 1 1 1 1 1 1 1 1 1 1 1 1 1 1 1 1 1 1 1 1 1 1 1 1 1 1 1 1 1 1 1 1 1 1 1 1 1 1 1 1 1 1 1 1 1 1 1 1 1 1 1 1 1 1 1 1 1 1 1 1 1 1 1 1 1 1 1 1 1 1 1 1 1 1 1 1 1 1 1 1 1 1 1 1 1 1 1 1 1 1 1 1 1 1 1 1 1 1 1 1 1 1 1 1 1 1 1 1 1 1 1 1 1 1 1 1 1 1 1 1 1 1 1 1 1 1 1 1 1 1 1 1 1 1 1 1 1 1 1 1 1 1 1 1 1 1 1 1 1</float_array>
          <technique_common>
            <accessor source="#geom-Shs_AMB008__M_AMB008-map-2-array" count="1352" stride="3">
              <param name="R" type="float"/>
              <param name="G" type="float"/>
              <param name="B" type="float"/>
            </accessor>
          </technique_common>
        </source>
        <source id="geom-Shs_AMB008__M_AMB008-map0">
          <float_array id="geom-Shs_AMB008__M_AMB008-map0-array" count="4056">1 1 1 1 1 1 1 1 1 1 1 1 1 1 1 1 1 1 1 1 1 1 1 1 1 1 1 1 1 1 1 1 1 1 1 1 1 1 1 1 1 1 1 1 1 1 1 1 1 1 1 1 1 1 1 1 1 1 1 1 1 1 1 1 1 1 1 1 1 1 1 1 1 1 1 1 1 1 1 1 1 1 1 1 1 1 1 1 1 1 1 1 1 1 1 1 1 1 1 1 1 1 1 1 1 1 1 1 1 1 1 1 1 1 1 1 1 1 1 1 1 1 1 1 1 1 1 1 1 1 1 1 1 1 1 1 1 1 1 1 1 1 1 1 1 1 1 1 1 1 1 1 1 1 1 1 1 1 1 1 1 1 1 1 1 1 1 1 1 1 1 1 1 1 1 1 1 1 1 1 1 1 1 1 1 1 1 1 1 1 1 1 1 1 1 1 1 1 1 1 1 1 1 1 1 1 1 1 1 1 1 1 1 1 1 1 1 1 1 1 1 1 1 1 1 1 1 1 1 1 1 1 1 1 1 1 1 1 1 1 1 1 1 1 1 1 1 1 1 1 1 1 1 1 1 1 1 1 1 1 1 1 1 1 1 1 1 1 1 1 1 1 1 1 1 1 1 1 1 1 1 1 1 1 1 1 1 1 1 1 1 1 1 1 1 1 1 1 1 1 1 1 1 1 1 1 1 1 1 1 1 1 1 1 1 1 1 1 1 1 1 1 1 1 1 1 1 1 1 1 1 1 1 1 1 1 1 1 1 1 1 1 1 1 1 1 1 1 1 1 1 1 1 1 1 1 1 1 1 1 1 1 1 1 1 1 1 1 1 1 1 1 1 1 1 1 1 1 1 1 1 1 1 1 1 1 1 1 1 1 1 1 1 1 1 1 1 1 1 1 1 1 1 1 1 1 1 1 1 1 1 1 1 1 1 1 1 1 1 1 1 1 1 1 1 1 1 1 1 1 1 1 1 1 1 1 1 1 1 1 1 1 1 1 1 1 1 1 1 1 1 1 1 1 1 1 1 1 1 1 1 1 1 1 1 1 1 1 1 1 1 1 1 1 1 1 1 1 1 1 1 1 1 1 1 1 1 1 1 1 1 1 1 1 1 1 1 1 1 1 1 1 1 1 1 1 1 1 1 1 1 1 1 1 1 1 1 1 1 1 1 1 1 1 1 1 1 1 1 1 1 1 1 1 1 1 1 1 1 1 1 1 1 1 1 1 1 1 1 1 1 1 1 1 1 1 1 1 1 1 1 1 1 1 1 1 1 1 1 1 1 1 1 1 1 1 1 1 1 1 1 1 1 1 1 1 1 1 1 1 1 1 1 1 1 1 1 1 1 1 1 1 1 1 1 1 1 1 1 1 1 1 1 1 1 1 1 1 1 1 1 1 1 1 1 1 1 1 1 1 1 1 1 1 1 1 1 1 1 1 1 1 1 1 1 1 1 1 1 1 1 1 1 1 1 1 1 1 1 1 1 1 1 1 1 1 1 1 1 1 1 1 1 1 1 1 1 1 1 1 1 1 1 1 1 1 1 1 1 1 1 1 1 1 1 1 1 1 1 1 1 1 1 1 1 1 1 1 1 1 1 1 1 1 1 1 1 1 1 1 1 1 1 1 1 1 1 1 1 1 1 1 1 1 1 1 1 1 1 1 1 1 1 1 1 1 1 1 1 1 1 1 1 1 1 1 1 1 1 1 1 1 1 1 1 1 1 1 1 1 1 1 1 1 1 1 1 1 1 1 1 1 1 1 1 1 1 1 1 1 1 1 1 1 1 1 1 1 1 1 1 1 1 1 1 1 1 1 1 1 1 1 1 1 1 1 1 1 1 1 1 1 1 1 1 1 1 1 1 1 1 1 1 1 1 1 1 1 1 1 1 1 1 1 1 1 1 1 1 1 1 1 1 1 1 1 1 1 1 1 1 1 1 1 1 1 1 1 1 1 1 1 1 1 1 1 1 1 1 1 1 1 1 1 1 1 1 1 1 1 1 1 1 1 1 1 1 1 1 1 1 1 1 1 1 1 1 1 1 1 1 1 1 1 1 1 1 1 1 1 1 1 1 1 1 1 1 1 1 1 1 1 1 1 1 1 1 1 1 1 1 1 1 1 1 1 1 1 1 1 1 1 1 1 1 1 1 1 1 1 1 1 1 1 1 1 1 1 1 1 1 1 1 1 1 1 1 1 1 1 1 1 1 1 1 1 1 1 1 1 1 1 1 1 1 1 1 1 1 1 1 1 1 1 1 1 1 1 1 1 1 1 1 1 1 1 1 1 1 1 1 1 1 1 1 1 1 1 1 1 1 1 1 1 1 1 1 1 1 1 1 1 1 1 1 1 1 1 1 1 1 1 1 1 1 1 1 1 1 1 1 1 1 1 1 1 1 1 1 1 1 1 1 1 1 1 1 1 1 1 1 1 1 1 1 1 1 1 1 1 1 1 1 1 1 1 1 1 1 1 1 1 1 1 1 1 1 1 1 1 1 1 1 1 1 1 1 1 1 1 1 1 1 1 1 1 1 1 1 1 1 1 1 1 1 1 1 1 1 1 1 1 1 1 1 1 1 1 1 1 1 1 1 1 1 1 1 1 1 1 1 1 1 1 1 1 1 1 1 1 1 1 1 1 1 1 1 1 1 1 1 1 1 1 1 1 1 1 1 1 1 1 1 1 1 1 1 1 1 1 1 1 1 1 1 1 1 1 1 1 1 1 1 1 1 1 1 1 1 1 1 1 1 1 1 1 1 1 1 1 1 1 1 1 1 1 1 1 1 1 1 1 1 1 1 1 1 1 1 1 1 1 1 1 1 1 1 1 1 1 1 1 1 1 1 1 1 1 1 1 1 1 1 1 1 1 1 1 1 1 1 1 1 1 1 1 1 1 1 1 1 1 1 1 1 1 1 1 1 1 1 1 1 1 1 1 1 1 1 1 1 1 1 1 1 1 1 1 1 1 1 1 1 1 1 1 1 1 1 1 1 1 1 1 1 1 1 1 1 1 1 1 1 1 1 1 1 1 1 1 1 1 1 1 1 1 1 1 1 1 1 1 1 1 1 1 1 1 1 1 1 1 1 1 1 1 1 1 1 1 1 1 1 1 1 1 1 1 1 1 1 1 1 1 1 1 1 1 1 1 1 1 1 1 1 1 1 1 1 1 1 1 1 1 1 1 1 1 1 1 1 1 1 1 1 1 1 1 1 1 1 1 1 1 1 1 1 1 1 1 1 1 1 1 1 1 1 1 1 1 1 1 1 1 1 1 1 1 1 1 1 1 1 1 1 1 1 1 1 1 1 1 1 1 1 1 1 1 1 1 1 1 1 1 1 1 1 1 1 1 1 1 1 1 1 1 1 1 1 1 1 1 1 1 1 1 1 1 1 1 1 1 1 1 1 1 1 1 1 1 1 1 1 1 1 1 1 1 1 1 1 1 1 1 1 1 1 1 1 1 1 1 1 1 1 1 1 1 1 1 1 1 1 1 1 1 1 1 1 1 1 1 1 1 1 1 1 1 1 1 1 1 1 1 1 1 1 1 1 1 1 1 1 1 1 1 1 1 1 1 1 1 1 1 1 1 1 1 1 1 1 1 1 1 1 1 1 1 1 1 1 1 1 1 1 1 1 1 1 1 1 1 1 1 1 1 1 1 1 1 1 1 1 1 1 1 1 1 1 1 1 1 1 1 1 1 1 1 1 1 1 1 1 1 1 1 1 1 1 1 1 1 1 1 1 1 1 1 1 1 1 1 1 1 1 1 1 1 1 1 1 1 1 1 1 1 1 1 1 1 1 1 1 1 1 1 1 1 1 1 1 1 1 1 1 1 1 1 1 1 1 1 1 1 1 1 1 1 1 1 1 1 1 1 1 1 1 1 1 1 1 1 1 1 1 1 1 1 1 1 1 1 1 1 1 1 1 1 1 1 1 1 1 1 1 1 1 1 1 1 1 1 1 1 1 1 1 1 1 1 1 1 1 1 1 1 1 1 1 1 1 1 1 1 1 1 1 1 1 1 1 1 1 1 1 1 1 1 1 1 1 1 1 1 1 1 1 1 1 1 1 1 1 1 1 1 1 1 1 1 1 1 1 1 1 1 1 1 1 1 1 1 1 1 1 1 1 1 1 1 1 1 1 1 1 1 1 1 1 1 1 1 1 1 1 1 1 1 1 1 1 1 1 1 1 1 1 1 1 1 1 1 1 1 1 1 1 1 1 1 1 1 1 1 1 1 1 1 1 1 1 1 1 1 1 1 1 1 1 1 1 1 1 1 1 1 1 1 1 1 1 1 1 1 1 1 1 1 1 1 1 1 1 1 1 1 1 1 1 1 1 1 1 1 1 1 1 1 1 1 1 1 1 1 1 1 1 1 1 1 1 1 1 1 1 1 1 1 1 1 1 1 1 1 1 1 1 1 1 1 1 1 1 1 1 1 1 1 1 1 1 1 1 1 1 1 1 1 1 1 1 1 1 1 1 1 1 1 1 1 1 1 1 1 1 1 1 1 1 1 1 1 1 1 1 1 1 1 1 1 1 1 1 1 1 1 1 1 1 1 1 1 1 1 1 1 1 1 1 1 1 1 1 1 1 1 1 1 1 1 1 1 1 1 1 1 1 1 1 1 1 1 1 1 1 1 1 1 1 1 1 1 1 1 1 1 1 1 1 1 1 1 1 1 1 1 1 1 1 1 1 1 1 1 1 1 1 1 1 1 1 1 1 1 1 1 1 1 1 1 1 1 1 1 1 1 1 1 1 1 1 1 1 1 1 1 1 1 1 1 1 1 1 1 1 1 1 1 1 1 1 1 1 1 1 1 1 1 1 1 1 1 1 1 1 1 1 1 1 1 1 1 1 1 1 1 1 1 1 1 1 1 1 1 1 1 1 1 1 1 1 1 1 1 1 1 1 1 1 1 1 1 1 1 1 1 1 1 1 1 1 1 1 1 1 1 1 1 1 1 1 1 1 1 1 1 1 1 1 1 1 1 1 1 1 1 1 1 1 1 1 1 1 1 1 1 1 1 1 1 1 1 1 1 1 1 1 1 1 1 1 1 1 1 1 1 1 1 1 1 1 1 1 1 1 1 1 1 1 1 1 1 1 1 1 1 1 1 1 1 1 1 1 1 1 1 1 1 1 1 1 1 1 1 1 1 1 1 1 1 1 1 1 1 1 1 1 1 1 1 1 1 1 1 1 1 1 1 1 1 1 1 1 1 1 1 1 1 1 1 1 1 1 1 1 1 1 1 1 1 1 1 1 1 1 1 1 1 1 1 1 1 1 1 1 1 1 1 1 1 1 1 1 1 1 1 1 1 1 1 1 1 1 1 1 1 1 1 1 1 1 1 1 1 1 1 1 1 1 1 1 1 1 1 1 1 1 1 1 1 1 1 1 1 1 1 1 1 1 1 1 1 1 1 1 1 1 1 1 1 1 1 1 1 1 1 1 1 1 1 1 1 1 1 1 1 1 1 1 1 1 1 1 1 1 1 1 1 1 1 1 1 1 1 1 1 1 1 1 1 1 1 1 1 1 1 1 1 1 1 1 1 1 1 1 1 1 1 1 1 1 1 1 1 1 1 1 1 1 1 1 1 1 1 1 1 1 1 1 1 1 1 1 1 1 1 1 1 1 1 1 1 1 1 1 1 1 1 1 1 1 1 1 1 1 1 1 1 1 1 1 1 1 1 1 1 1 1 1 1 1 1 1 1 1 1 1 1 1 1 1 1 1 1 1 1 1 1 1 1 1 1 1 1 1 1 1 1 1 1 1 1 1 1 1 1 1 1 1 1 1 1 1 1 1 1 1 1 1 1 1 1 1 1 1 1 1 1 1 1 1 1 1 1 1 1 1 1 1 1 1 1 1 1 1 1 1 1 1 1 1 1 1 1 1 1 1 1 1 1 1 1 1 1 1 1 1 1 1 1 1 1 1 1 1 1 1 1 1 1 1 1 1 1 1 1 1 1 1 1 1 1 1 1 1 1 1 1 1 1 1 1 1 1 1 1 1 1 1 1 1 1 1 1 1 1 1 1 1 1 1 1 1 1 1 1 1 1 1 1 1 1 1 1 1 1 1 1 1 1 1 1 1 1 1 1 1 1 1 1 1 1 1 1 1 1 1 1 1 1 1 1 1 1 1 1 1 1 1 1 1 1 1 1 1 1 1 1 1 1 1 1 1 1 1 1 1 1 1 1 1 1 1 1 1 1 1 1 1 1 1 1 1 1 1 1 1 1 1 1 1 1 1 1 1 1 1 1 1 1 1 1 1 1 1 1 1 1 1 1 1 1 1 1 1 1 1 1 1 1 1 1 1 1 1 1 1 1 1 1 1 1 1 1 1 1 1 1 1 1 1 1 1 1 1 1 1 1 1 1 1 1 1 1 1 1 1 1 1 1 1 1 1 1 1 1 1 1 1 1 1 1 1 1 1 1 1 1 1 1 1 1 1 1 1 1 1 1 1 1 1 1 1 1 1 1 1 1 1 1 1 1 1 1 1 1 1 1 1 1 1 1 1 1 1 1 1 1 1 1 1 1 1 1 1 1 1 1 1 1 1 1 1 1 1 1 1 1 1 1 1 1 1 1 1 1 1 1 1 1 1 1 1 1 1 1 1 1 1 1 1 1 1 1 1 1 1 1 1 1 1 1 1 1 1 1 1 1 1 1 1 1 1 1 1 1 1 1 1 1 1 1 1 1 1 1 1 1 1 1 1 1 1 1 1 1 1 1 1 1 1 1 1 1 1 1 1 1 1 1 1 1 1 1 1 1 1 1 1 1 1 1 1 1 1 1 1 1 1 1 1 1 1 1 1 1 1 1 1 1 1 1 1 1 1 1 1 1 1 1 1 1 1 1 1 1 1 1 1 1 1 1 1 1 1 1 1 1 1 1 1 1 1 1 1 1 1 1 1 1 1 1 1 1 1 1 1 1 1 1 1 1 1 1 1 1 1 1 1 1 1 1 1 1 1 1 1 1 1 1 1 1 1 1 1 1 1 1 1 1 1 1 1 1 1 1 1 1 1 1 1 1 1 1 1 1 1 1 1 1 1 1 1 1 1 1 1 1 1 1 1 1 1 1 1 1 1 1 1 1 1 1 1 1 1 1 1 1 1 1 1 1 1 1 1 1 1 1 1 1 1 1 1 1 1 1 1 1 1 1 1 1 1 1 1 1 1 1 1 1 1 1 1 1 1 1 1 1 1 1 1 1 1 1 1 1 1 1 1 1 1 1 1 1 1 1 1 1 1 1 1 1 1 1 1 1 1 1 1 1 1 1 1 1 1 1 1 1 1 1 1 1 1 1 1 1 1 1 1 1 1 1 1 1 1 1 1 1 1 1 1 1 1 1 1 1 1 1 1 1 1 1 1 1 1 1 1 1 1 1 1 1 1 1 1 1 1 1 1 1 1 1 1 1 1 1 1 1 1 1 1 1 1 1 1 1 1 1 1 1 1 1 1 1 1 1 1 1 1 1 1 1 1 1 1 1 1 1 1 1 1 1 1 1 1 1 1 1 1 1 1 1 1 1 1 1 1 1 1 1 1 1 1 1 1 1 1 1 1 1 1 1 1 1 1 1 1 1 1 1 1 1 1 1 1 1 1 1 1 1 1 1 1 1 1 1 1 1 1 1 1 1 1 1 1 1 1 1 1 1 1 1 1 1 1 1 1 1 1 1 1 1 1 1 1 1 1 1 1 1 1 1 1 1 1 1 1 1 1 1 1 1 1 1 1 1 1 1 1 1 1 1 1 1 1 1 1 1 1 1 1 1 1 1 1 1 1 1 1 1 1 1 1 1 1 1 1 1 1 1 1 1 1 1 1 1 1 1 1 1 1 1 1 1 1 1 1 1 1 1 1 1 1 1 1 1 1 1 1 1 1 1 1 1 1 1 1 1 1 1 1 1 1 1 1 1 1 1 1 1 1 1 1 1 1 1 1 1 1 1 1 1 1 1 1 1 1 1 1 1 1 1 1 1 1 1 1 1 1 1 1 1 1 1 1 1 1 1 1 1 1 1 1 1 1 1 1 1 1 1 1 1 1 1 1 1 1 1 1 1 1 1 1 1 1 1 1 1 1 1 1 1 1 1 1 1 1 1 1 1 1 1 1 1 1 1 1 1 1 1 1 1 1 1 1 1 1 1 1 1 1 1 1 1 1 1 1 1 1 1 1 1 1 1 1 1 1 1 1 1 1 1 1 1 1 1 1 1 1 1 1 1 1 1 1 1 1 1 1 1 1 1 1 1 1 1 1 1 1 1 1 1 1 1 1 1 1 1 1 1 1 1 1 1 1 1 1 1 1 1 1 1 1 1 1 1 1 1 1 1 1 1 1 1 1 1 1 1 1 1 1 1 1 1 1 1 1 1 1 1 1 1 1 1 1 1 1 1 1 1 1 1 1 1 1 1 1 1 1 1 1 1 1 1 1 1 1 1 1 1 1 1 1 1 1 1 1 1 1 1 1 1 1 1 1 1 1 1 1 1 1 1 1 1 1 1 1 1 1 1 1 1 1 1 1 1 1 1 1 1 1 1 1 1 1 1 1 1 1 1 1 1 1 1 1 1 1 1 1 1 1 1 1 1 1 1 1 1 1 1 1 1 1 1 1 1 1 1 1 1 1 1 1 1 1 1 1 1 1 1 1 1 1 1 1 1 1 1 1 1 1 1 1 1 1 1 1 1 1 1 1 1 1 1 1 1 1 1 1 1 1 1 1 1 1 1 1 1 1 1 1 1 1 1 1 1 1 1 1 1 1 1 1 1 1 1 1 1 1 1 1 1 1 1 1 1 1 1 1 1 1 1 1 1 1 1 1 1 1 1 1 1 1 1 1 1 1 1 1 1 1 1 1 1 1 1 1 1 1 1 1 1 1 1 1 1 1 1 1 1 1 1 1 1 1 1 1 1 1 1 1 1 1 1 1 1 1 1 1 1 1 1 1 1 1 1 1 1 1 1 1 1 1 1 1 1 1 1 1 1 1 1 1 1 1 1 1 1 1 1 1 1 1 1 1 1 1 1 1 1 1 1 1 1 1 1 1 1 1 1 1 1 1 1 1 1 1 1 1 1 1 1 1 1 1 1 1 1 1 1 1 1 1 1 1 1</float_array>
          <technique_common>
            <accessor source="#geom-Shs_AMB008__M_AMB008-map0-array" count="1352" stride="3">
              <param name="R" type="float"/>
              <param name="G" type="float"/>
              <param name="B" type="float"/>
            </accessor>
          </technique_common>
        </source>
        <source id="geom-Shs_AMB008__M_AMB008-map1">
          <float_array id="geom-Shs_AMB008__M_AMB008-map1-array" count="4056">0.007858397 0.1020676 0 0.01846342 0.08404672 0 0.06759746 0.1020676 0 0.07307546 0.08404672 0 0.1356374 0.1020676 0 0.1415885 0.08404672 0 0.1910582 0.08404672 0 0.1884184 0.1020676 0 0.2233921 0.08404672 0 0.2208438 0.1020676 0 0.2544442 0.08404672 0 0.2518807 0.1020676 0 0.2868696 0.1020676 0 0.2895094 0.08404672 0 0.3211414 0.1020676 0 0.3239796 0.08404672 0 0.3705959 0.1020676 0 0.3702297 0.08404672 0 0.4417945 0.1020676 0 0.4419318 0.08404672 0 0.5000839 0.08404672 0 0.5058976 0.1020676 0 0.6901961 0.7829556 0 0.6301213 0.7801328 0 0.6621958 0.7775387 0 0.603708 0.7972381 0 0.7140307 0.8013123 0 0.588037 0.836408 0 0.7334096 0.8432441 0 0.5792935 0.9012436 0 0.7391317 0.9087511 0 0.7130389 0.9439536 0 0.7407492 0.9611353 0 0.6649119 0.9328145 0 0.6157321 0.9394369 0 0.5855345 0.9539177 0 0.6801404 0.1020676 0 0.6463569 0.1020676 0 0.6733043 0.08404672 0 0.6392767 0.08404672 0 0.5923095 0.1020676 0 0.5860075 0.08404672 0 0.5398489 0.1020676 0 0.5339132 0.08404672 0 0.5000839 0.08404672 0 0.5058976 0.1020676 0 0.9662623 0.3805905 0 0.9215991 0.2956436 0 0.951339 0.308629 0 0.8700542 0.2859846 0 0.780499 0.3793393 0 0.8184482 0.2948348 0 0.7867551 0.310338 0 0.9771115 0.4289769 0 0.7658503 0.427573 0 0.9870451 0.4762036 0 0.7522851 0.4746929 0 0.9900358 0.5187305 0 0.7447166 0.5173724 0 0.9858091 0.5593652 0 0.7420768 0.5581445 0 0.9799954 0.6102846 0 0.7443504 0.6085908 0 0.9705958 0.6662241 0 0.7512016 0.6690166 0 0.9603266 0.7322042 0 0.757351 0.7346151 0 0.9505607 0.7786221 0 0.7660639 0.7792783 0 0.935729 0.8324102 0 0.7802854 0.8322728 0 0.9140154 0.8798199 0 0.8012207 0.8797284 0 0.8931869 0.9255055 0 0.8200961 0.925124 0 0.8642405 0.9853055 0 0.8463874 0.9850461 0 0.8549172 0.9931945 0 0.8598459 0.9906005 0 0.8500801 0.9897154 0 0.9920653 0.06378269 0 0.9786832 0.06378269 0 0.9951171 0.05827421 0 0.9781643 0.05693144 0 0.9633326 0.06378269 0 0.979202 0.03620964 0 0.9955139 0.03620964 0 0.9615625 0.05746549 0 0.9351491 0.06378269 0 0.96289 0.03620964 0 0.9350728 0.05690092 0 0.9005722 0.06378269 0 0.9353933 0.03620964 0 0.9003738 0.0589456 0 0.9001144 0.03620964 0 0.8699321 0.05731291 0 0.8686198 0.06378269 0 0.8689402 0.03620964 0 0.8312047 0.06378269 0 0.8299382 0.05107194 0 0.8302587 0.03620964 0 0.8047456 0.06378269 0 0.803357 0.05239946 0 0.778973 0.06378269 0 0.8039826 0.04209965 0 0.8044556 0.03620964 0 0.7792172 0.03620964 0 0.7784085 0.05284202 0 0.7788357 0.04293889 0 0.7567559 0.03620964 0 0.7563134 0.06378269 0 0.7566644 0.0430457 0 0.735317 0.03620964 0 0.7565576 0.05214006 0 0.7351034 0.05188066 0 0.7342947 0.06378269 0 0.7346761 0.04275578 0 0.7087815 0.03620964 0 0.7090868 0.05171281 0 0.7082933 0.06378269 0 0.7085679 0.04283208 0 0.6796979 0.03620964 0 0.6780194 0.05227739 0 0.67747 0.06378269 0 0.6794995 0.0430457 0 0.6461738 0.04338139 0 0.645716 0.03620964 0 0.6451667 0.05159074 0 0.6447547 0.06378269 0 0.6223544 0.04245061 0 0.6216525 0.03620964 0 0.6227817 0.05229264 0 0.621973 0.06378269 0 0.5940642 0.04299992 0 0.5932097 0.03620964 0 0.5948882 0.05159074 0 0.5934081 0.06378269 0 0.5679255 0.04249638 0 0.5670558 0.03620964 0 0.5692226 0.05299461 0 0.5680171 0.06378269 0 0.5424125 0.04328984 0 0.5418326 0.03620964 0 0.5428092 0.05291831 0 0.5427939 0.06378269 0 0.5080186 0.04347295 0 0.5074693 0.03620964 0 0.5083543 0.05458152 0 0.5079423 0.06378269 0 0.5034409 0.04274052 0 0.5033951 0.03620964 0 0.5039445 0.05482566 0 0.5042344 0.06378269 0 0.4995804 0.03620964 0 0.499382 0.06378269 0 0.4994888 0.04446477 0 0.4993973 0.05569541 0 0.4951248 0.04283208 0 0.4956588 0.03620964 0 0.4919509 0.03620964 0 0.4939651 0.0554055 0 0.493492 0.06378269 0 0.4894026 0.06378269 0 0.4897536 0.04542613 0 0.4580453 0.03620964 0 0.4883955 0.05577171 0 0.4565347 0.06378269 0 0.4574807 0.044007 0 0.4334325 0.03620964 0 0.4572976 0.05226213 0 0.4325933 0.04327458 0 0.4074769 0.03620964 0 0.4317235 0.05275047 0 0.4325017 0.06378269 0 0.4073091 0.06378269 0 0.4066072 0.04371709 0 0.3795376 0.03620964 0 0.4061036 0.05119401 0 0.378912 0.06378269 0 0.3789883 0.04277104 0 0.3565576 0.03620964 0 0.3781491 0.05195695 0 0.3558862 0.06378269 0 0.3562676 0.04335088 0 0.323125 0.03620964 0 0.355642 0.05218583 0 0.3232166 0.06378269 0 0.3229267 0.04328984 0 0.2921645 0.03620964 0 0.3228809 0.05242997 0 0.2924239 0.06378269 0 0.2919967 0.04319829 0 0.2658885 0.03620964 0 0.2920577 0.05214006 0 0.2664988 0.06378269 0 0.2665141 0.05217057 0 0.2658885 0.04299992 0 0.2449989 0.05262834 0 0.2445106 0.06378269 0 0.2447547 0.04295415 0 0.2443275 0.03620964 0 0.2227207 0.05261308 0 0.2215915 0.06378269 0 0.2224155 0.04272527 0 0.2215 0.03620964 0 0.1971313 0.05232316 0 0.1953765 0.06378269 0 0.196582 0.04196233 0 0.1960784 0.03620964 0 0.1701533 0.03620964 0 0.169543 0.05183488 0 0.1684749 0.06378269 0 0.1337911 0.03620964 0 0.1314412 0.05674833 0 0.1317464 0.06378269 0 0.1013046 0.03620964 0 0.1012131 0.06378269 0 0.1009384 0.05932707 0 0.06602579 0.03620964 0 0.06746013 0.06378269 0 0.0654612 0.05711454 0 0.04026856 0.03620964 0 0.03860532 0.06378269 0 0.04090944 0.05677885 0 0.02258335 0.03620964 0 0.02436866 0.05697721 0 0.02458228 0.06378269 0 0.004486152 0.05716032 0 0.006225681 0.03620964 0 0.007461661 0.06378269 0 0.01017777 0.1295949 0 0.01017777 0.1252308 0 0.04753185 0.1174945 0 0.01017777 0.1662471 0 0.04847791 0.1106126 0 0.05654994 0.158938 0 0.01017777 0.1954376 0 0.09753567 0.1259632 0 0.1008164 0.1214771 0 0.1431296 0.1435722 0 0.06027314 0.1889372 0 0.01017777 0.2309911 0 0.1035172 0.1708858 0 0.1408103 0.1499809 0 0.193637 0.1783627 0 0.1045243 0.1937133 0 0.1907988 0.1828489 0 0.2153201 0.1961089 0 0.1472953 0.2049897 0 0.2129396 0.2030976 0 0.2307927 0.2094606 0 0.1993439 0.236698 0 0.1062181 0.223621 0 0.1482567 0.232227 0 0.0608835 0.2248417 0 0.1470665 0.2972915 0 0.06115816 0.3050126 0 0.01017777 0.2987869 0 0.1090562 0.3049973 0 0.01017777 0.323415 0 0.1064469 0.334493 0 0.05934234 0.3346609 0 0.05354391 0.3622339 0 0.01017777 0.3501488 0 0.01017777 0.3848936 0 0.09916838 0.3614557 0 0.05714504 0.4093843 0 0.01017777 0.4125277 0 0.1576867 0.3636683 0 0.04766918 0.4281377 0 0.01017777 0.4473945 0 0.04077211 0.4465095 0 0.1529564 0.3303273 0 0.07087816 0.4579538 0 0.05210956 0.467689 0 0.08900587 0.4443885 0 0.0771191 0.486595 0 0.05384909 0.4883345 0 0.09938201 0.4807507 0 0.115465 0.42533 0 0.1254902 0.4703288 0 0.07418936 0.514931 0 0.04682994 0.5111162 0 0.09964141 0.5135729 0 0.06921493 0.5442588 0 0.0386511 0.5401694 0 0.03553826 0.5757382 0 0.09799344 0.5447013 0 0.06593423 0.5775998 0 0.03736934 0.6185397 0 0.09689479 0.5788052 0 0.06840619 0.6171511 0 0.07472343 0.65803 0 0.04574655 0.665629 0 0.06381323 0.7112535 0 0.102388 0.6153811 0 0.09228656 0.697673 0 0.1235218 0.5791104 0 0.1072862 0.6525521 0 0.1299001 0.6149539 0 0.1231708 0.5428855 0 0.1727626 0.5775082 0 0.1251545 0.5087968 0 0.1731136 0.5355459 0 0.1706722 0.4984818 0 0.1674372 0.4504616 0 0.2310826 0.5307698 0 0.1688411 0.3990692 0 0.1968414 0.4402075 0 0.1893034 0.3630579 0 0.1982452 0.3931487 0 0.2283818 0.4842298 0 0.2286259 0.3900359 0 0.2281376 0.4323797 0 0.2583352 0.4420386 0 0.2298772 0.3646753 0 0.2664225 0.3895781 0 0.2840619 0.4988022 0 0.2869917 0.4532998 0 0.2672923 0.3627527 0 0.2798199 0.536492 0 0.2681163 0.3269398 0 0.2313726 0.5761807 0 0.3067521 0.3615168 0 0.2315404 0.6132296 0 0.3018387 0.3302358 0 0.3034256 0.3944152 0 0.3488823 0.3332265 0 0.3552148 0.3597314 0 0.3399252 0.4064088 0 0.3191272 0.4677348 0 0.390631 0.4073548 0 0.3208514 0.5072099 0 0.3567254 0.4403144 0 0.3449455 0.4779736 0 0.3223774 0.5422141 0 0.3494011 0.5119402 0 0.3754635 0.455848 0 0.2824598 0.5778744 0 0.3671016 0.4842603 0 0.3537346 0.5426871 0 0.3913023 0.469337 0 0.38645 0.4858472 0 0.4097963 0.4506599 0 0.371725 0.511162 0 0.3961395 0.5042344 0 0.4007629 0.4279851 0 0.442771 0.4473945 0 0.442771 0.4125277 0 0.442771 0.3848936 0 0.4011597 0.3618067 0 0.442771 0.3501488 0 0.442771 0.323415 0 0.3964752 0.3336232 0 0.3947814 0.3041276 0 0.442771 0.2987869 0 0.3466697 0.3042039 0 0.3946441 0.2288091 0 0.442771 0.2309911 0 0.3039445 0.2937362 0 0.3476005 0.2319829 0 0.3939574 0.1885252 0 0.442771 0.1954376 0 0.3482109 0.1971618 0 0.4004883 0.1576104 0 0.442771 0.1662471 0 0.3489281 0.171664 0 0.3111925 0.2090486 0 0.4095064 0.1190051 0 0.442771 0.1295949 0 0.442771 0.1252308 0 0.4084535 0.1130846 0 0.3550012 0.1291676 0 0.3557336 0.1335469 0 0.3140459 0.1519493 0 0.317586 0.1558862 0 0.2716106 0.1842374 0 0.2681163 0.1792783 0 0.2464942 0.1968566 0 0.2485084 0.2029145 0 0.265507 0.2356908 0 0.2301671 0.2194247 0 0.2303197 0.2499123 0 0.3101091 0.2372168 0 0.2646067 0.2897536 0 0.1931487 0.2900282 0 0.2302281 0.2882124 0 0.2295415 0.327657 0 0.1901579 0.3232624 0 0.3791104 0.5408255 0 0.4092317 0.5328145 0 0.4164645 0.5686275 0 0.383093 0.5742885 0 0.4189364 0.6120546 0 0.3533074 0.577615 0 0.3841459 0.613077 0 0.3265583 0.5783474 0 0.3509575 0.6136721 0 0.3787137 0.6531166 0 0.4139925 0.6607919 0 0.3244221 0.6141604 0 0.3492943 0.6511329 0 0.3666896 0.6935836 0 0.398352 0.708217 0 0.3473259 0.6873121 0 0.3562676 0.7231098 0 0.3823301 0.7380331 0 0.3382925 0.7141985 0 0.3372397 0.7501793 0 0.3564507 0.7702296 0 0.3197376 0.6825207 0 0.3131304 0.7705653 0 0.3286335 0.7910277 0 0.3213398 0.7385672 0 0.3140612 0.7071794 0 0.321706 0.6496986 0 0.2829175 0.6807355 0 0.283238 0.6148318 0 0.2816358 0.6492714 0 0.2315099 0.649012 0 0.2324712 0.6792859 0 0.1763333 0.6506599 0 0.1729915 0.6148318 0 0.1314717 0.6511787 0 0.1731441 0.6823224 0 0.1337911 0.685359 0 0.1126726 0.6901655 0 0.1390555 0.7114671 0 0.1807431 0.7064775 0 0.1215534 0.7181048 0 0.10309 0.7278706 0 0.07969787 0.7401999 0 0.1062028 0.7722133 0 0.1237049 0.7545434 0 0.1353323 0.792874 0 0.1401541 0.742153 0 0.14934 0.7743801 0 0.1584344 0.732723 0 0.1620508 0.7606623 0 0.1756161 0.7972534 0 0.164004 0.8125582 0 0.2122072 0.8426337 0 0.1763943 0.7498131 0 0.216846 0.8337072 0 0.2200198 0.8455634 0 0.187274 0.7850919 0 0.219852 0.8233768 0 0.2247044 0.8364996 0 0.2341802 0.8476844 0 0.2257725 0.8272526 0 0.2346532 0.8374456 0 0.2345464 0.8290532 0 0.244831 0.834165 0 0.2506447 0.8438087 0 0.2341192 0.8110933 0 0.2512093 0.8310216 0 0.2589151 0.8398566 0 0.243061 0.8247654 0 0.2890211 0.7945526 0 0.3026932 0.8106203 0 0.2485084 0.8208438 0 0.2772412 0.78233 0 0.2421607 0.8095216 0 0.2500191 0.7977722 0 0.3007706 0.7572747 0 0.2661021 0.7706874 0 0.2339971 0.7961395 0 0.2526436 0.7661707 0 0.28336 0.7453575 0 0.2982071 0.7284352 0 0.2570077 0.7406729 0 0.2670024 0.7249409 0 0.2795758 0.7055161 0 0.2334783 0.7020066 0 0.2320745 0.7248646 0 0.1956817 0.7252461 0 0.2319829 0.7389486 0 0.2073396 0.7407035 0 0.1974517 0.7733883 0 0.2133822 0.766537 0 0.2327306 0.7645533 0 0.2187076 0.7994812 0 0.2261082 0.8100863 0 0.7341268 0.1263447 0 0.7341268 0.1310292 0 0.7088731 0.1294881 0 0.7065232 0.1244678 0 0.7341268 0.1669337 0 0.6845044 0.1368429 0 0.6812238 0.1327688 0 0.7066301 0.1683223 0 0.7341268 0.1933013 0 0.6600595 0.1543756 0 0.6561837 0.1512322 0 0.6173953 0.1839475 0 0.6592813 0.1891203 0 0.7066301 0.1935149 0 0.7341268 0.2319219 0 0.6186007 0.1895934 0 0.6006714 0.2021515 0 0.706569 0.2302892 0 0.7341268 0.2991531 0 0.6594797 0.2094911 0 0.6207828 0.2360876 0 0.602533 0.2079194 0 0.5939116 0.2104982 0 0.6594949 0.2325933 0 0.7044175 0.2980697 0 0.6506752 0.2957046 0 0.7040055 0.3244221 0 0.7341268 0.3235981 0 0.6508431 0.3195239 0 0.7049363 0.3512017 0 0.7341268 0.3500878 0 0.7341268 0.3890135 0 0.6523232 0.3428245 0 0.6185549 0.3160906 0 0.6953841 0.3922942 0 0.6184787 0.3359731 0 0.6487831 0.366659 0 0.6169375 0.3614252 0 0.6935226 0.4192874 0 0.7341268 0.4162967 0 0.6454414 0.3916686 0 0.6149386 0.3885404 0 0.694194 0.4486153 0 0.7341268 0.4501716 0 0.6946822 0.4585946 0 0.6474708 0.4649882 0 0.6445563 0.4464027 0 0.6213779 0.4676433 0 0.6438544 0.4202945 0 0.6175784 0.4441901 0 0.5937285 0.4688334 0 0.6154422 0.4183719 0 0.5938201 0.4436256 0 0.5939574 0.4170291 0 0.5672083 0.4438392 0 0.5628443 0.4671092 0 0.5698329 0.4170291 0 0.5942016 0.3869078 0 0.5405966 0.4456397 0 0.5373007 0.4639506 0 0.5418326 0.4182803 0 0.570901 0.3872129 0 0.5412223 0.3901885 0 0.4923171 0.4172122 0 0.4906386 0.4462806 0 0.4897536 0.456199 0 0.4522774 0.4473945 0 0.4522774 0.4125277 0 0.4908827 0.389395 0 0.4522774 0.3848936 0 0.5388113 0.3659114 0 0.4843214 0.3513237 0 0.4522774 0.3501488 0 0.4522774 0.323415 0 0.5698787 0.3607996 0 0.5362783 0.3425956 0 0.485359 0.3243763 0 0.4522774 0.2987869 0 0.5943542 0.3591821 0 0.5691768 0.3358968 0 0.5943389 0.3340505 0 0.5378042 0.3193713 0 0.5689632 0.3160143 0 0.5942626 0.3151751 0 0.4850233 0.2978256 0 0.5381094 0.2955673 0 0.4824445 0.2289159 0 0.4522774 0.2309911 0 0.5287251 0.2315251 0 0.5691768 0.2952011 0 0.5662165 0.2363318 0 0.5275349 0.2093996 0 0.4826276 0.1928282 0 0.4522774 0.1954376 0 0.5275044 0.1899291 0 0.4797437 0.1648737 0 0.4522774 0.1662471 0 0.4786755 0.1290761 0 0.4522774 0.1295949 0 0.4522774 0.1252308 0 0.4807202 0.124361 0 0.5034257 0.1364004 0 0.5066148 0.1325704 0 0.5284809 0.153872 0 0.5322499 0.150866 0 0.5696803 0.1839933 0 0.5684291 0.1892881 0 0.5866483 0.2022583 0 0.5849546 0.2074311 0 0.5939574 0.2164187 0 0.594049 0.2466163 0 0.5943236 0.2957962 0 0.6184329 0.2952926 0 0.6635691 0.7195239 0 0.6635691 0.7368581 0 0.616022 0.7351491 0 0.7111162 0.7351491 0 0.6155185 0.7185321 0 0.5880064 0.7069657 0 0.7116197 0.7185321 0 0.7391317 0.7069657 0 0.6205387 0.7034409 0 0.7066148 0.7034409 0 0.7062944 0.687007 0 0.7156023 0.6736705 0 0.6635691 0.7014115 0 0.6635691 0.6660563 0 0.6635691 0.6838178 0 0.6208438 0.687007 0 0.6115358 0.6736705 0 0.6635844 0.6356908 0 0.6635844 0.6521706 0 0.6202335 0.6497902 0 0.7069352 0.6497902 0 0.6214084 0.6334935 0 0.5975738 0.6216831 0 0.705745 0.6334935 0 0.7295796 0.6216831 0 0.6268711 0.6180972 0 0.7002975 0.6180972 0 0.7010605 0.6025025 0 0.7103075 0.5889067 0 0.6635844 0.6171664 0 0.6635844 0.5817197 0 0.6635844 0.600351 0 0.6261082 0.6025025 0 0.6168612 0.5889067 0 0.5485923 0.7332723 0 0.5000076 0.737148 0 0.5000076 0.7196307 0 0.4514076 0.7332723 0 0.5486381 0.7165942 0 0.5759823 0.7039139 0 0.4513619 0.7165942 0 0.4240177 0.7039139 0 0.5429007 0.7023118 0 0.4570993 0.7023118 0 0.4582437 0.6859999 0 0.4495308 0.6723735 0 0.4999924 0.7013505 0 0.5000076 0.6652018 0 0.5000076 0.6832227 0 0.5417563 0.6859999 0 0.5504692 0.6723735 0 0.5439078 0.6486458 0 0.4994278 0.6521859 0 0.4994278 0.6358435 0 0.4549477 0.6486458 0 0.5422904 0.6327916 0 0.5658503 0.6198977 0 0.4565499 0.6327916 0 0.4330053 0.6198977 0 0.5365377 0.617792 0 0.4623026 0.617792 0 0.4623789 0.6021057 0 0.4531014 0.5886015 0 0.4994278 0.6172274 0 0.4994278 0.5814298 0 0.4994278 0.5996033 0 0.5364767 0.6021057 0 0.5457542 0.5886015 0 0.6635691 0.7368581 0 0.616022 0.7351491 0 0.6205387 0.7034409 0 0.7066148 0.7034409 0 0.7111162 0.7351491 0 0.6635691 0.7368581 0 0.6635691 0.6660563 0 0.7156023 0.6736705 0 0.7066148 0.7034409 0 0.6115358 0.6736705 0 0.6635691 0.6660563 0 0.6205387 0.7034409 0 0.616022 0.7351491 0 0.5880064 0.7069657 0 0.6205387 0.7034409 0 0.6115358 0.6736705 0 0.7391317 0.7069657 0 0.7111162 0.7351491 0 0.7066148 0.7034409 0 0.7156023 0.6736705 0 0.6205387 0.7034409 0 0.7066148 0.7034409 0 0.6635691 0.7368581 0 0.6635691 0.6660563 0 0.007858397 0.1020676 0 0.01846342 0.08404672 0 0.06759746 0.1020676 0 0.07307546 0.08404672 0 0.1356374 0.1020676 0 0.1415885 0.08404672 0 0.1910582 0.08404672 0 0.1884184 0.1020676 0 0.2233921 0.08404672 0 0.2208438 0.1020676 0 0.2544442 0.08404672 0 0.2518807 0.1020676 0 0.2868696 0.1020676 0 0.2895094 0.08404672 0 0.3211414 0.1020676 0 0.3239796 0.08404672 0 0.3705959 0.1020676 0 0.3702297 0.08404672 0 0.4417945 0.1020676 0 0.4419318 0.08404672 0 0.5000839 0.08404672 0 0.5058976 0.1020676 0 0.6901961 0.7829556 0 0.6301213 0.7801328 0 0.6621958 0.7775387 0 0.603708 0.7972381 0 0.7140307 0.8013123 0 0.588037 0.836408 0 0.7334096 0.8432441 0 0.5792935 0.9012436 0 0.7391317 0.9087511 0 0.7130389 0.9439536 0 0.7407492 0.9611353 0 0.6649119 0.9328145 0 0.6157321 0.9394369 0 0.5855345 0.9539177 0 0.6801404 0.1020676 0 0.6392767 0.08404672 0 0.6733043 0.08404672 0 0.5923095 0.1020676 0 0.5860075 0.08404672 0 0.5398489 0.1020676 0 0.5339132 0.08404672 0 0.5000839 0.08404672 0 0.5058976 0.1020676 0 0.8598459 0.9906005 0 0.8549172 0.9931945 0 0.8463874 0.9850461 0 0.8200961 0.925124 0 0.8931869 0.9255055 0 0.8012207 0.8797284 0 0.9140154 0.8798199 0 0.7802854 0.8322728 0 0.935729 0.8324102 0 0.7660639 0.7792783 0 0.9505607 0.7786221 0 0.757351 0.7346151 0 0.9603266 0.7322042 0 0.7512016 0.6690166 0 0.9705958 0.6662241 0 0.7443504 0.6085908 0 0.9799954 0.6102846 0 0.7420768 0.5581445 0 0.9900358 0.5187305 0 0.7522851 0.4746929 0 0.9870451 0.4762036 0 0.780499 0.3793393 0 0.8700542 0.2859846 0 0.951339 0.308629 0 0.8184482 0.2948348 0 0.7867551 0.310338 0 0.979202 0.03620964 0 0.9955139 0.03620964 0 0.9951171 0.05827421 0 0.9786832 0.06378269 0 0.9633326 0.06378269 0 0.96289 0.03620964 0 0.9351491 0.06378269 0 0.9353933 0.03620964 0 0.9005722 0.06378269 0 0.9001144 0.03620964 0 0.8686198 0.06378269 0 0.8689402 0.03620964 0 0.8299382 0.05107194 0 0.8312047 0.06378269 0 0.7792172 0.03620964 0 0.8047456 0.06378269 0 0.803357 0.05239946 0 0.778973 0.06378269 0 0.7784085 0.05284202 0 0.7567559 0.03620964 0 0.7563134 0.06378269 0 0.7565576 0.05214006 0 0.7342947 0.06378269 0 0.7090868 0.05171281 0 0.7087815 0.03620964 0 0.7082933 0.06378269 0 0.6780194 0.05227739 0 0.6796979 0.03620964 0 0.67747 0.06378269 0 0.645716 0.03620964 0 0.6451667 0.05159074 0 0.6447547 0.06378269 0 0.6216525 0.03620964 0 0.6227817 0.05229264 0 0.621973 0.06378269 0 0.5948882 0.05159074 0 0.5934081 0.06378269 0 0.5932097 0.03620964 0 0.5692226 0.05299461 0 0.5670558 0.03620964 0 0.5428092 0.05291831 0 0.5418326 0.03620964 0 0.5083543 0.05458152 0 0.5033951 0.03620964 0 0.4993973 0.05569541 0 0.493492 0.06378269 0 0.4919509 0.03620964 0 0.4580453 0.03620964 0 0.4565347 0.06378269 0 0.4317235 0.05275047 0 0.4334325 0.03620964 0 0.4074769 0.03620964 0 0.4061036 0.05119401 0 0.4073091 0.06378269 0 0.3795376 0.03620964 0 0.378912 0.06378269 0 0.3781491 0.05195695 0 0.3565576 0.03620964 0 0.3558862 0.06378269 0 0.3232166 0.06378269 0 0.323125 0.03620964 0 0.2921645 0.03620964 0 0.2924239 0.06378269 0 0.2665141 0.05217057 0 0.2658885 0.03620964 0 0.2445106 0.06378269 0 0.2215 0.03620964 0 0.2227207 0.05261308 0 0.2215915 0.06378269 0 0.1971313 0.05232316 0 0.1953765 0.06378269 0 0.1701533 0.03620964 0 0.1684749 0.06378269 0 0.1337911 0.03620964 0 0.1317464 0.06378269 0 0.1013046 0.03620964 0 0.1012131 0.06378269 0 0.06602579 0.03620964 0 0.06746013 0.06378269 0 0.04026856 0.03620964 0 0.03860532 0.06378269 0 0.02258335 0.03620964 0 0.02458228 0.06378269 0 0.004486152 0.05716032 0 0.006225681 0.03620964 0 0.7341268 0.4162967 0 0.7341268 0.4501716 0 0.6946822 0.4585946 0 0.6935226 0.4192874 0 0.7341268 0.3890135 0 0.6445563 0.4464027 0 0.6474708 0.4649882 0 0.6213779 0.4676433 0 0.6953841 0.3922942 0 0.7341268 0.3500878 0 0.6454414 0.3916686 0 0.6175784 0.4441901 0 0.5937285 0.4688334 0 0.6487831 0.366659 0 0.6149386 0.3885404 0 0.5672083 0.4438392 0 0.5628443 0.4671092 0 0.5942016 0.3869078 0 0.6169375 0.3614252 0 0.6523232 0.3428245 0 0.7341268 0.3235981 0 0.6184787 0.3359731 0 0.6508431 0.3195239 0 0.7044175 0.2980697 0 0.7341268 0.2991531 0 0.6185549 0.3160906 0 0.706569 0.2302892 0 0.7341268 0.2319219 0 0.6506752 0.2957046 0 0.7066301 0.1935149 0 0.7341268 0.1669337 0 0.6594949 0.2325933 0 0.7088731 0.1294881 0 0.7341268 0.1310292 0 0.7341268 0.1263447 0 0.7065232 0.1244678 0 0.6812238 0.1327688 0 0.6600595 0.1543756 0 0.6173953 0.1839475 0 0.6207828 0.2360876 0 0.5939574 0.2164187 0 0.6006714 0.2021515 0 0.5939116 0.2104982 0 0.5866483 0.2022583 0 0.5696803 0.1839933 0 0.6184329 0.2952926 0 0.5662165 0.2363318 0 0.5942626 0.3151751 0 0.5691768 0.2952011 0 0.5943389 0.3340505 0 0.5689632 0.3160143 0 0.5381094 0.2955673 0 0.5287251 0.2315251 0 0.5284809 0.153872 0 0.5378042 0.3193713 0 0.4786755 0.1290761 0 0.5066148 0.1325704 0 0.4807202 0.124361 0 0.4522774 0.1252308 0 0.4522774 0.1295949 0 0.4522774 0.1662471 0 0.4826276 0.1928282 0 0.4522774 0.1954376 0 0.4522774 0.2309911 0 0.4824445 0.2289159 0 0.4522774 0.2987869 0 0.4850233 0.2978256 0 0.485359 0.3243763 0 0.4522774 0.323415 0 0.4843214 0.3513237 0 0.4522774 0.3501488 0 0.4522774 0.3848936 0 0.5362783 0.3425956 0 0.4908827 0.389395 0 0.4522774 0.4125277 0 0.5388113 0.3659114 0 0.5691768 0.3358968 0 0.5698787 0.3607996 0 0.570901 0.3872129 0 0.5412223 0.3901885 0 0.5405966 0.4456397 0 0.5373007 0.4639506 0 0.4897536 0.456199 0 0.4522774 0.4473945 0 0.4923171 0.4172122 0 0.7295796 0.6216831 0 0.7069352 0.6497902 0 0.7002975 0.6180972 0 0.6635844 0.6356908 0 0.7010605 0.6025025 0 0.7103075 0.5889067 0 0.6635844 0.5817197 0 0.6261082 0.6025025 0 0.6168612 0.5889067 0 0.7002975 0.6180972 0 0.5975738 0.6216831 0 0.6268711 0.6180972 0 0.6202335 0.6497902 0 0.4549477 0.6486458 0 0.4623026 0.617792 0 0.4994278 0.6358435 0 0.4330053 0.6198977 0 0.4623789 0.6021057 0 0.4531014 0.5886015 0 0.4994278 0.5814298 0 0.5364767 0.6021057 0 0.5457542 0.5886015 0 0.4623026 0.617792 0 0.5658503 0.6198977 0 0.5365377 0.617792 0 0.5439078 0.6486458 0 0.442771 0.1295949 0 0.4095064 0.1190051 0 0.442771 0.1252308 0 0.4084535 0.1130846 0 0.442771 0.1662471 0 0.3550012 0.1291676 0 0.4004883 0.1576104 0 0.442771 0.1954376 0 0.3939574 0.1885252 0 0.442771 0.2309911 0 0.3482109 0.1971618 0 0.3946441 0.2288091 0 0.442771 0.2987869 0 0.3111925 0.2090486 0 0.2681163 0.1792783 0 0.3476005 0.2319829 0 0.3947814 0.3041276 0 0.442771 0.323415 0 0.3466697 0.3042039 0 0.3039445 0.2937362 0 0.3488823 0.3332265 0 0.3018387 0.3302358 0 0.2646067 0.2897536 0 0.2301671 0.2194247 0 0.2464942 0.1968566 0 0.2307927 0.2094606 0 0.2153201 0.1961089 0 0.193637 0.1783627 0 0.1431296 0.1435722 0 0.1472953 0.2049897 0 0.1931487 0.2900282 0 0.1045243 0.1937133 0 0.1008164 0.1214771 0 0.1470665 0.2972915 0 0.2295415 0.327657 0 0.1901579 0.3232624 0 0.1529564 0.3303273 0 0.1893034 0.3630579 0 0.2298772 0.3646753 0 0.1090562 0.3049973 0 0.3067521 0.3615168 0 0.0608835 0.2248417 0 0.3552148 0.3597314 0 0.04753185 0.1174945 0 0.04847791 0.1106126 0 0.01017777 0.1252308 0 0.01017777 0.1295949 0 0.01017777 0.1662471 0 0.01017777 0.2309911 0 0.06115816 0.3050126 0 0.01017777 0.2987869 0 0.01017777 0.323415 0 0.1064469 0.334493 0 0.05354391 0.3622339 0 0.01017777 0.3501488 0 0.01017777 0.3848936 0 0.1576867 0.3636683 0 0.09916838 0.3614557 0 0.05714504 0.4093843 0 0.01017777 0.4125277 0 0.1688411 0.3990692 0 0.115465 0.42533 0 0.04766918 0.4281377 0 0.01017777 0.4473945 0 0.04077211 0.4465095 0 0.08900587 0.4443885 0 0.07087816 0.4579538 0 0.05210956 0.467689 0 0.1254902 0.4703288 0 0.0771191 0.486595 0 0.05384909 0.4883345 0 0.09938201 0.4807507 0 0.07418936 0.514931 0 0.04682994 0.5111162 0 0.09964141 0.5135729 0 0.06921493 0.5442588 0 0.0386511 0.5401694 0 0.03553826 0.5757382 0 0.09799344 0.5447013 0 0.102388 0.6153811 0 0.03736934 0.6185397 0 0.1231708 0.5428855 0 0.07472343 0.65803 0 0.04574655 0.665629 0 0.06381323 0.7112535 0 0.1299001 0.6149539 0 0.1072862 0.6525521 0 0.10309 0.7278706 0 0.07969787 0.7401999 0 0.1062028 0.7722133 0 0.1337911 0.685359 0 0.1401541 0.742153 0 0.1353323 0.792874 0 0.1584344 0.732723 0 0.187274 0.7850919 0 0.164004 0.8125582 0 0.2122072 0.8426337 0 0.1731441 0.6823224 0 0.2247044 0.8364996 0 0.2341802 0.8476844 0 0.2345464 0.8290532 0 0.2133822 0.766537 0 0.2320745 0.7248646 0 0.2661021 0.7706874 0 0.244831 0.834165 0 0.2506447 0.8438087 0 0.3026932 0.8106203 0 0.2890211 0.7945526 0 0.3286335 0.7910277 0 0.2772412 0.78233 0 0.3131304 0.7705653 0 0.3564507 0.7702296 0 0.3213398 0.7385672 0 0.3666896 0.6935836 0 0.3823301 0.7380331 0 0.398352 0.708217 0 0.4139925 0.6607919 0 0.2982071 0.7284352 0 0.3197376 0.6825207 0 0.3492943 0.6511329 0 0.4189364 0.6120546 0 0.2324712 0.6792859 0 0.2315404 0.6132296 0 0.3244221 0.6141604 0 0.3533074 0.577615 0 0.3791104 0.5408255 0 0.4092317 0.5328145 0 0.3961395 0.5042344 0 0.3537346 0.5426871 0 0.371725 0.511162 0 0.38645 0.4858472 0 0.3223774 0.5422141 0 0.3671016 0.4842603 0 0.3913023 0.469337 0 0.3494011 0.5119402 0 0.3754635 0.455848 0 0.4097963 0.4506599 0 0.3449455 0.4779736 0 0.4007629 0.4279851 0 0.442771 0.4473945 0 0.442771 0.4125277 0 0.3567254 0.4403144 0 0.390631 0.4073548 0 0.442771 0.3848936 0 0.3191272 0.4677348 0 0.4011597 0.3618067 0 0.442771 0.3501488 0 0.3399252 0.4064088 0 0.3034256 0.3944152 0 0.2869917 0.4532998 0 0.2664225 0.3895781 0 0.2840619 0.4988022 0 0.2286259 0.3900359 0 0.2583352 0.4420386 0 0.2310826 0.5307698 0 0.1968414 0.4402075 0 0.1674372 0.4504616 0 0.1706722 0.4984818 0 0.1251545 0.5087968 0 0.1731136 0.5355459 0 0.1727626 0.5775082 0 0.2313726 0.5761807 0 0.2824598 0.5778744 0 0.2798199 0.536492 0 0.3208514 0.5072099 0 0.5000839 0.08404672 0 0.5058976 0.1020676 0 0.4417945 0.1020676 0 0.4419318 0.08404672 0 0.3211414 0.1020676 0 0.3239796 0.08404672 0 0.2895094 0.08404672 0 0.2518807 0.1020676 0 0.2233921 0.08404672 0 0.1884184 0.1020676 0 0.1910582 0.08404672 0 0.1356374 0.1020676 0 0.07307546 0.08404672 0 0.007858397 0.1020676 0 0.01846342 0.08404672 0 0.3795376 0.03620964 0 0.4061036 0.05119401 0 0.3558862 0.06378269 0 0.3565576 0.03620964 0 0.3232166 0.06378269 0 0.323125 0.03620964 0 0.2921645 0.03620964 0 0.2664988 0.06378269 0 0.2215 0.03620964 0 0.2215915 0.06378269 0 0.1971313 0.05232316 0 0.1701533 0.03620964 0 0.1684749 0.06378269 0 0.1337911 0.03620964 0 0.1317464 0.06378269 0 0.1013046 0.03620964 0 0.1012131 0.06378269 0 0.04026856 0.03620964 0 0.03860532 0.06378269 0 0.006225681 0.03620964 0 0.004486152 0.05716032 0 0.603708 0.7972381 0 0.6301213 0.7801328 0 0.6901961 0.7829556 0 0.7140307 0.8013123 0 0.5792935 0.9012436 0 0.7391317 0.9087511 0 0.6649119 0.9328145 0 0.5855345 0.9539177 0 0.7407492 0.9611353 0 0.8598459 0.9906005 0 0.8549172 0.9931945 0 0.8463874 0.9850461 0 0.8200961 0.925124 0 0.8931869 0.9255055 0 0.8012207 0.8797284 0 0.9140154 0.8798199 0 0.7802854 0.8322728 0 0.935729 0.8324102 0 0.7660639 0.7792783 0 0.9505607 0.7786221 0 0.757351 0.7346151 0 0.9705958 0.6662241 0 0.7512016 0.6690166 0 0.7443504 0.6085908 0 0.9900358 0.5187305 0 0.7522851 0.4746929 0 0.780499 0.3793393 0 0.8700542 0.2859846 0 0.7867551 0.310338 0 0.951339 0.308629 0 0.96289 0.03620964 0 0.9955139 0.03620964 0 0.9951171 0.05827421 0 0.9633326 0.06378269 0 0.9353933 0.03620964 0 0.9005722 0.06378269 0 0.8689402 0.03620964 0 0.8686198 0.06378269 0 0.803357 0.05239946 0 0.8312047 0.06378269 0 0.7567559 0.03620964 0 0.7563134 0.06378269 0 0.7090868 0.05171281 0 0.67747 0.06378269 0 0.6796979 0.03620964 0 0.6447547 0.06378269 0 0.6216525 0.03620964 0 0.5934081 0.06378269 0 0.6801404 0.1020676 0 0.5860075 0.08404672 0 0.6733043 0.08404672 0 0.5923095 0.1020676 0 0.5058976 0.1020676 0 0.5000839 0.08404672 0 0.4522774 0.2309911 0 0.4522774 0.1295949 0 0.4786755 0.1290761 0 0.5287251 0.2315251 0 0.5284809 0.153872 0 0.5696803 0.1839933 0 0.4522774 0.2987869 0 0.5939574 0.2164187 0 0.5381094 0.2955673 0 0.5691768 0.2952011 0 0.5378042 0.3193713 0 0.4522774 0.323415 0 0.6506752 0.2957046 0 0.5362783 0.3425956 0 0.4522774 0.3501488 0 0.6185549 0.3160906 0 0.5943389 0.3340505 0 0.5412223 0.3901885 0 0.4522774 0.4125277 0 0.5373007 0.4639506 0 0.4522774 0.4473945 0 0.5672083 0.4438392 0 0.5937285 0.4688334 0 0.5942016 0.3869078 0 0.6175784 0.4441901 0 0.6474708 0.4649882 0 0.6454414 0.3916686 0 0.7341268 0.4162967 0 0.7341268 0.4501716 0 0.6953841 0.3922942 0 0.7341268 0.3890135 0 0.7341268 0.3500878 0 0.6523232 0.3428245 0 0.7341268 0.3235981 0 0.7341268 0.2991531 0 0.6594949 0.2325933 0 0.7341268 0.2319219 0 0.6173953 0.1839475 0 0.7341268 0.1310292 0 0.6600595 0.1543756 0 0.7088731 0.1294881 0 0.193637 0.1783627 0 0.2301671 0.2194247 0 0.1431296 0.1435722 0 0.1045243 0.1937133 0 0.04753185 0.1174945 0 0.0608835 0.2248417 0 0.01017777 0.1295949 0 0.01017777 0.2309911 0 0.06115816 0.3050126 0 0.01017777 0.2987869 0 0.01017777 0.323415 0 0.1090562 0.3049973 0 0.1064469 0.334493 0 0.1931487 0.2900282 0 0.1529564 0.3303273 0 0.05354391 0.3622339 0 0.01017777 0.3501488 0 0.01017777 0.3848936 0 0.05714504 0.4093843 0 0.01017777 0.4125277 0 0.09916838 0.3614557 0 0.1576867 0.3636683 0 0.04766918 0.4281377 0 0.01017777 0.4473945 0 0.04077211 0.4465095 0 0.08900587 0.4443885 0 0.07087816 0.4579538 0 0.05210956 0.467689 0 0.1254902 0.4703288 0 0.0771191 0.486595 0 0.05384909 0.4883345 0 0.09938201 0.4807507 0 0.07418936 0.514931 0 0.0386511 0.5401694 0 0.04574655 0.665629 0 0.09964141 0.5135729 0 0.102388 0.6153811 0 0.06381323 0.7112535 0 0.1062028 0.7722133 0 0.1731136 0.5355459 0 0.1299001 0.6149539 0 0.1337911 0.685359 0 0.1688411 0.3990692 0 0.2310826 0.5307698 0 0.2298772 0.3646753 0 0.2315404 0.6132296 0 0.2824598 0.5778744 0 0.1401541 0.742153 0 0.1353323 0.792874 0 0.2840619 0.4988022 0 0.187274 0.7850919 0 0.164004 0.8125582 0 0.2122072 0.8426337 0 0.2133822 0.766537 0 0.2345464 0.8290532 0 0.2341802 0.8476844 0 0.2506447 0.8438087 0 0.2320745 0.7248646 0 0.2772412 0.78233 0 0.3026932 0.8106203 0 0.3286335 0.7910277 0 0.3213398 0.7385672 0 0.3564507 0.7702296 0 0.2324712 0.6792859 0 0.3473259 0.6873121 0 0.398352 0.708217 0 0.4139925 0.6607919 0 0.4164645 0.5686275 0 0.3244221 0.6141604 0 0.3533074 0.577615 0 0.3208514 0.5072099 0 0.371725 0.511162 0 0.3961395 0.5042344 0 0.38645 0.4858472 0 0.3671016 0.4842603 0 0.3913023 0.469337 0 0.3449455 0.4779736 0 0.3754635 0.455848 0 0.4097963 0.4506599 0 0.3191272 0.4677348 0 0.3567254 0.4403144 0 0.390631 0.4073548 0 0.442771 0.4473945 0 0.442771 0.4125277 0 0.3399252 0.4064088 0 0.2664225 0.3895781 0 0.4011597 0.3618067 0 0.442771 0.3501488 0 0.3067521 0.3615168 0 0.442771 0.323415 0 0.3018387 0.3302358 0 0.3039445 0.2937362 0 0.442771 0.2987869 0 0.2295415 0.327657 0 0.3946441 0.2288091 0 0.442771 0.2309911 0 0.442771 0.1295949 0 0.4095064 0.1190051 0 0.3482109 0.1971618 0 0.2681163 0.1792783 0 0.3550012 0.1291676 0</float_array>
          <technique_common>
            <accessor source="#geom-Shs_AMB008__M_AMB008-map1-array" count="1352" stride="3">
              <param name="S" type="float"/>
              <param name="T" type="float"/>
              <param name="P" type="float"/>
            </accessor>
          </technique_common>
        </source>
        <vertices id="geom-Shs_AMB008__M_AMB008-vertices">
          <input semantic="POSITION" source="#geom-Shs_AMB008__M_AMB008-positions"/>
        </vertices>
        <triangles material="M_AMB008" count="1006">
          <input semantic="VERTEX" source="#geom-Shs_AMB008__M_AMB008-vertices" offset="0"/>
          <input semantic="NORMAL" source="#geom-Shs_AMB008__M_AMB008-normals" offset="1"/>
          <input semantic="COLOR" source="#geom-Shs_AMB008__M_AMB008-map0" offset="2" set="0"/>
          <input semantic="TEXCOORD" source="#geom-Shs_AMB008__M_AMB008-map1" offset="3" set="0"/>
          <p>0 0 0 0 1 1 1 1 2 2 2 2 1 1 1 1 3 3 3 3 2 2 2 2 2 2 2 2 3 3 3 3 4 4 4 4 3 3 3 3 5 5 5 5 4 4 4 4 4 4 4 4 5 5 5 5 6 6 6 6 7 7 7 7 4 4 4 4 6 6 6 6 7 7 7 7 6 6 6 6 8 8 8 8 9 9 9 9 7 7 7 7 8 8 8 8 9 9 9 9 8 8 8 8 10 10 10 10 11 11 11 11 9 9 9 9 10 10 10 10 11 11 11 11 10 10 10 10 12 12 12 12 10 10 10 10 13 13 13 13 12 12 12 12 12 12 12 12 13 13 13 13 14 14 14 14 13 13 13 13 15 15 15 15 14 14 14 14 16 16 16 16 14 14 14 14 15 15 15 15 17 17 17 17 16 16 16 16 15 15 15 15 16 16 16 16 17 17 17 17 18 18 18 18 17 17 17 17 19 19 19 19 18 18 18 18 19 19 19 19 20 20 20 20 18 18 18 18 20 20 20 20 21 21 21 21 18 18 18 18 22 22 22 22 23 23 23 23 24 24 24 24 25 25 25 25 23 23 23 23 22 22 22 22 26 26 26 26 25 25 25 25 22 22 22 22 27 27 27 27 25 25 25 25 26 26 26 26 28 28 28 28 27 27 27 27 26 26 26 26 29 29 29 29 27 27 27 27 28 28 28 28 30 30 30 30 29 29 29 29 28 28 28 28 31 31 31 31 30 30 30 30 32 32 32 32 33 33 33 33 30 30 30 30 31 31 31 31 29 29 29 29 30 30 30 30 33 33 33 33 34 34 34 34 29 29 29 29 33 33 33 33 35 35 35 35 29 29 29 29 34 34 34 34 36 36 36 36 37 37 37 37 38 38 38 38 37 37 37 37 39 39 39 39 38 38 38 38 37 37 37 37 40 40 40 40 39 39 39 39 40 40 40 40 41 41 41 41 39 39 39 39 40 40 40 40 42 42 42 42 41 41 41 41 42 42 42 42 43 43 43 43 41 41 41 41 43 43 43 43 42 42 42 42 44 44 44 44 42 42 42 42 45 45 45 45 44 44 44 44 46 46 46 46 47 47 47 47 48 48 48 48 46 46 46 46 49 49 49 49 47 47 47 47 50 50 50 50 49 49 49 49 46 46 46 46 49 49 49 49 50 50 50 50 51 51 51 51 51 51 51 51 50 50 50 50 52 52 52 52 50 50 50 50 46 46 46 46 53 53 53 53 54 54 54 54 50 50 50 50 53 53 53 53 54 54 54 54 53 53 53 53 55 55 55 55 56 56 56 56 54 54 54 54 55 55 55 55 56 56 56 56 55 55 55 55 57 57 57 57 58 58 58 58 56 56 56 56 57 57 57 57 58 58 58 58 57 57 57 57 59 59 59 59 60 60 60 60 58 58 58 58 59 59 59 59 60 60 60 60 59 59 59 59 61 61 61 61 62 62 62 62 60 60 60 60 61 61 61 61 62 62 62 62 61 61 61 61 63 63 63 63 64 64 64 64 62 62 62 62 63 63 63 63 63 63 63 63 65 65 65 65 64 64 64 64 65 65 65 65 66 66 66 66 64 64 64 64 65 65 65 65 67 67 67 67 66 66 66 66 67 67 67 67 68 68 68 68 66 66 66 66 68 68 68 68 67 67 67 67 69 69 69 69 70 70 70 70 68 68 68 68 69 69 69 69 69 69 69 69 71 71 71 71 70 70 70 70 71 71 71 71 72 72 72 72 70 70 70 70 71 71 71 71 73 73 73 73 72 72 72 72 73 73 73 73 74 74 74 74 72 72 72 72 74 74 74 74 73 73 73 73 75 75 75 75 76 76 76 76 74 74 74 74 75 75 75 75 75 75 75 75 77 77 77 77 76 76 76 76 78 78 78 78 77 77 77 77 75 75 75 75 76 76 76 76 77 77 77 77 79 79 79 79 80 80 80 80 81 81 81 81 82 82 82 82 81 81 81 81 83 83 83 83 82 82 82 82 81 81 81 81 84 84 84 84 83 83 83 83 85 85 85 85 86 86 86 86 82 82 82 82 83 83 83 83 85 85 85 85 82 82 82 82 84 84 84 84 87 87 87 87 83 83 83 83 85 85 85 85 83 83 83 83 87 87 87 87 84 84 84 84 88 88 88 88 87 87 87 87 89 89 89 89 85 85 85 85 87 87 87 87 88 88 88 88 90 90 90 90 87 87 87 87 89 89 89 89 87 87 87 87 90 90 90 90 88 88 88 88 91 91 91 91 90 90 90 90 92 92 92 92 89 89 89 89 90 90 90 90 92 92 92 92 90 90 90 90 93 93 93 93 91 91 91 91 93 93 93 93 90 90 90 90 94 94 94 94 92 92 92 92 93 93 93 93 95 95 95 95 93 93 93 93 91 91 91 91 94 94 94 94 93 93 93 93 95 95 95 95 96 96 96 96 95 95 95 95 91 91 91 91 97 97 97 97 94 94 94 94 95 95 95 95 96 96 96 96 98 98 98 98 95 95 95 95 95 95 95 95 99 99 99 99 97 97 97 97 98 98 98 98 99 99 99 99 95 95 95 95 99 99 99 99 100 100 100 100 97 97 97 97 98 98 98 98 101 101 101 101 99 99 99 99 101 101 101 101 102 102 102 102 99 99 99 99 102 102 102 102 100 100 100 100 99 99 99 99 101 101 101 101 103 103 103 103 102 102 102 102 102 102 102 102 104 104 104 104 100 100 100 100 104 104 104 104 105 105 105 105 100 100 100 100 105 105 105 105 104 104 104 104 106 106 106 106 103 103 103 103 107 107 107 107 102 102 102 102 104 104 104 104 108 108 108 108 106 106 106 106 108 108 108 108 104 104 104 104 102 102 102 102 107 107 107 107 108 108 108 108 102 102 102 102 109 109 109 109 106 106 106 106 108 108 108 108 103 103 103 103 110 110 110 110 107 107 107 107 111 111 111 111 109 109 109 109 108 108 108 108 111 111 111 111 108 108 108 108 107 107 107 107 112 112 112 112 109 109 109 109 111 111 111 111 110 110 110 110 113 113 113 113 107 107 107 107 113 113 113 113 111 111 111 111 107 107 107 107 114 114 114 114 113 113 113 113 110 110 110 110 111 111 111 111 113 113 113 113 114 114 114 114 115 115 115 115 114 114 114 114 110 110 110 110 116 116 116 116 112 112 112 112 111 111 111 111 116 116 116 116 111 111 111 111 114 114 114 114 117 117 117 117 112 112 112 112 116 116 116 116 118 118 118 118 114 114 114 114 115 115 115 115 116 116 116 116 114 114 114 114 118 118 118 118 119 119 119 119 118 118 118 118 115 115 115 115 120 120 120 120 117 117 117 117 116 116 116 116 120 120 120 120 116 116 116 116 118 118 118 118 117 117 117 117 120 120 120 120 121 121 121 121 122 122 122 122 118 118 118 118 119 119 119 119 123 123 123 123 122 122 122 122 119 119 119 119 124 124 124 124 120 120 120 120 118 118 118 118 120 120 120 120 124 124 124 124 121 121 121 121 122 122 122 122 124 124 124 124 118 118 118 118 121 121 121 121 124 124 124 124 125 125 125 125 124 124 124 124 122 122 122 122 125 125 125 125 126 126 126 126 121 121 121 121 125 125 125 125 122 122 122 122 123 123 123 123 127 127 127 127 122 122 122 122 127 127 127 127 125 125 125 125 123 123 123 123 128 128 128 128 127 127 127 127 125 125 125 125 129 129 129 129 126 126 126 126 125 125 125 125 127 127 127 127 129 129 129 129 129 129 129 129 130 130 130 130 126 126 126 126 127 127 127 127 128 128 128 128 131 131 131 131 127 127 127 127 131 131 131 131 129 129 129 129 128 128 128 128 132 132 132 132 131 131 131 131 129 129 129 129 133 133 133 133 130 130 130 130 133 133 133 133 134 134 134 134 130 130 130 130 129 129 129 129 131 131 131 131 135 135 135 135 131 131 131 131 132 132 132 132 135 135 135 135 133 133 133 133 129 129 129 129 135 135 135 135 132 132 132 132 136 136 136 136 135 135 135 135 134 134 134 134 133 133 133 133 137 137 137 137 138 138 138 138 134 134 134 134 137 137 137 137 133 133 133 133 135 135 135 135 139 139 139 139 135 135 135 135 136 136 136 136 139 139 139 139 137 137 137 137 133 133 133 133 139 139 139 139 136 136 136 136 140 140 140 140 139 139 139 139 137 137 137 137 141 141 141 141 138 138 138 138 141 141 141 141 142 142 142 142 138 138 138 138 137 137 137 137 139 139 139 139 143 143 143 143 139 139 139 139 140 140 140 140 143 143 143 143 141 141 141 141 137 137 137 137 143 143 143 143 140 140 140 140 144 144 144 144 143 143 143 143 142 142 142 142 141 141 141 141 145 145 145 145 146 146 146 146 142 142 142 142 145 145 145 145 143 143 143 143 147 147 147 147 141 141 141 141 147 147 147 147 143 143 143 143 144 144 144 144 147 147 147 147 145 145 145 145 141 141 141 141 148 148 148 148 147 147 147 147 144 144 144 144 146 146 146 146 145 145 145 145 149 149 149 149 150 150 150 150 146 146 146 146 149 149 149 149 147 147 147 147 151 151 151 151 145 145 145 145 151 151 151 151 147 147 147 147 148 148 148 148 151 151 151 151 149 149 149 149 145 145 145 145 152 152 152 152 151 151 151 151 148 148 148 148 150 150 150 150 149 149 149 149 153 153 153 153 151 151 151 151 152 152 152 152 154 154 154 154 149 149 149 149 155 155 155 155 153 153 153 153 149 149 149 149 151 151 151 151 156 156 156 156 155 155 155 155 149 149 149 149 156 156 156 156 156 156 156 156 151 151 151 151 154 154 154 154 155 155 155 155 157 157 157 157 153 153 153 153 155 155 155 155 156 156 156 156 157 157 157 157 157 157 157 157 158 158 158 158 153 153 153 153 159 159 159 159 158 158 158 158 157 157 157 157 156 156 156 156 154 154 154 154 160 160 160 160 156 156 156 156 160 160 160 160 157 157 157 157 154 154 154 154 161 161 161 161 160 160 160 160 160 160 160 160 161 161 161 161 162 162 162 162 163 163 163 163 159 159 159 159 157 157 157 157 157 157 157 157 160 160 160 160 163 163 163 163 159 159 159 159 163 163 163 163 164 164 164 164 165 165 165 165 160 160 160 160 162 162 162 162 160 160 160 160 165 165 165 165 163 163 163 163 165 165 165 165 162 162 162 162 166 166 166 166 163 163 163 163 167 167 167 167 164 164 164 164 163 163 163 163 165 165 165 165 167 167 167 167 168 168 168 168 164 164 164 164 167 167 167 167 169 169 169 169 165 165 165 165 166 166 166 166 165 165 165 165 169 169 169 169 167 167 167 167 170 170 170 170 168 168 168 168 167 167 167 167 167 167 167 167 169 169 169 169 170 170 170 170 168 168 168 168 170 170 170 170 171 171 171 171 169 169 169 169 166 166 166 166 172 172 172 172 169 169 169 169 172 172 172 172 170 170 170 170 166 166 166 166 173 173 173 173 172 172 172 172 172 172 172 172 173 173 173 173 174 174 174 174 170 170 170 170 175 175 175 175 171 171 171 171 170 170 170 170 172 172 172 172 175 175 175 175 176 176 176 176 171 171 171 171 175 175 175 175 177 177 177 177 172 172 172 172 174 174 174 174 172 172 172 172 177 177 177 177 175 175 175 175 177 177 177 177 174 174 174 174 178 178 178 178 179 179 179 179 176 176 176 176 175 175 175 175 175 175 175 175 177 177 177 177 179 179 179 179 180 180 180 180 176 176 176 176 179 179 179 179 181 181 181 181 177 177 177 177 178 178 178 178 177 177 177 177 181 181 181 181 179 179 179 179 181 181 181 181 178 178 178 178 182 182 182 182 183 183 183 183 180 180 180 180 179 179 179 179 183 183 183 183 179 179 179 179 181 181 181 181 180 180 180 180 183 183 183 183 184 184 184 184 185 185 185 185 181 181 181 181 182 182 182 182 185 185 185 185 183 183 183 183 181 181 181 181 185 185 185 185 182 182 182 182 186 186 186 186 183 183 183 183 187 187 187 187 184 184 184 184 187 187 187 187 183 183 183 183 185 185 185 185 188 188 188 188 184 184 184 184 187 187 187 187 189 189 189 189 185 185 185 185 186 186 186 186 189 189 189 189 187 187 187 187 185 185 185 185 189 189 189 189 186 186 186 186 190 190 190 190 191 191 191 191 188 188 188 188 187 187 187 187 187 187 187 187 189 189 189 189 191 191 191 191 188 188 188 188 191 191 191 191 192 192 192 192 193 193 193 193 189 189 189 189 190 190 190 190 189 189 189 189 193 193 193 193 191 191 191 191 193 193 193 193 190 190 190 190 194 194 194 194 191 191 191 191 193 193 193 193 195 195 195 195 195 195 195 195 193 193 193 193 194 194 194 194 191 191 191 191 196 196 196 196 192 192 192 192 196 196 196 196 191 191 191 191 195 195 195 195 195 195 195 195 194 194 194 194 197 197 197 197 196 196 196 196 195 195 195 195 197 197 197 197 194 194 194 194 198 198 198 198 197 197 197 197 196 196 196 196 199 199 199 199 192 192 192 192 199 199 199 199 196 196 196 196 197 197 197 197 199 199 199 199 200 200 200 200 192 192 192 192 201 201 201 201 197 197 197 197 198 198 198 198 197 197 197 197 201 201 201 201 199 199 199 199 202 202 202 202 201 201 201 201 198 198 198 198 199 199 199 199 203 203 203 203 200 200 200 200 201 201 201 201 203 203 203 203 199 199 199 199 203 203 203 203 204 204 204 204 200 200 200 200 201 201 201 201 202 202 202 202 205 205 205 205 201 201 201 201 205 205 205 205 203 203 203 203 202 202 202 202 206 206 206 206 205 205 205 205 204 204 204 204 203 203 203 203 207 207 207 207 205 205 205 205 207 207 207 207 203 203 203 203 208 208 208 208 204 204 204 204 207 207 207 207 208 208 208 208 207 207 207 207 209 209 209 209 205 205 205 205 209 209 209 209 207 207 207 207 205 205 205 205 206 206 206 206 210 210 210 210 205 205 205 205 210 210 210 210 209 209 209 209 206 206 206 206 211 211 211 211 210 210 210 210 209 209 209 209 210 210 210 210 212 212 212 212 210 210 210 210 211 211 211 211 213 213 213 213 210 210 210 210 213 213 213 213 212 212 212 212 211 211 211 211 214 214 214 214 213 213 213 213 212 212 212 212 213 213 213 213 215 215 215 215 213 213 213 213 214 214 214 214 216 216 216 216 213 213 213 213 217 217 217 217 215 215 215 215 217 217 217 217 213 213 213 213 216 216 216 216 218 218 218 218 215 215 215 215 217 217 217 217 216 216 216 216 219 219 219 219 217 217 217 217 220 220 220 220 218 218 218 218 217 217 217 217 219 219 219 219 220 220 220 220 217 217 217 217 218 218 218 218 220 220 220 220 221 221 221 221 220 220 220 220 219 219 219 219 222 222 222 222 220 220 220 220 223 223 223 223 221 221 221 221 223 223 223 223 220 220 220 220 222 222 222 222 224 224 224 224 221 221 221 221 223 223 223 223 225 225 225 225 223 223 223 223 222 222 222 222 225 225 225 225 224 224 224 224 223 223 223 223 226 226 226 226 225 225 225 225 222 222 222 222 224 224 224 224 225 225 225 225 227 227 227 227 225 225 225 225 226 226 226 226 227 227 227 227 228 228 228 228 224 224 224 224 227 227 227 227 226 226 226 226 229 229 229 229 227 227 227 227 230 230 230 230 231 231 231 231 232 232 232 232 233 233 233 233 230 230 230 230 232 232 232 232 231 231 231 231 234 234 234 234 232 232 232 232 235 235 235 235 233 233 233 233 232 232 232 232 236 236 236 236 233 233 233 233 235 235 235 235 232 232 232 232 234 234 234 234 237 237 237 237 235 235 235 235 232 232 232 232 237 237 237 237 234 234 234 234 238 238 238 238 237 237 237 237 237 237 237 237 238 238 238 238 239 239 239 239 240 240 240 240 236 236 236 236 235 235 235 235 241 241 241 241 236 236 236 236 240 240 240 240 242 242 242 242 235 235 235 235 237 237 237 237 240 240 240 240 235 235 235 235 242 242 242 242 243 243 243 243 237 237 237 237 239 239 239 239 242 242 242 242 237 237 237 237 243 243 243 243 239 239 239 239 244 244 244 244 243 243 243 243 245 245 245 245 240 240 240 240 242 242 242 242 244 244 244 244 246 246 246 246 243 243 243 243 246 246 246 246 244 244 244 244 247 247 247 247 248 248 248 248 242 242 242 242 243 243 243 243 248 248 248 248 243 243 243 243 246 246 246 246 248 248 248 248 245 245 245 245 242 242 242 242 249 249 249 249 246 246 246 246 247 247 247 247 249 249 249 249 247 247 247 247 250 250 250 250 251 251 251 251 248 248 248 248 246 246 246 246 251 251 251 251 246 246 246 246 249 249 249 249 245 245 245 245 248 248 248 248 252 252 252 252 251 251 251 251 253 253 253 253 248 248 248 248 248 248 248 248 253 253 253 253 252 252 252 252 254 254 254 254 240 240 240 240 245 245 245 245 252 252 252 252 254 254 254 254 245 245 245 245 254 254 254 254 241 241 241 241 240 240 240 240 252 252 252 252 253 253 253 253 255 255 255 255 241 241 241 241 254 254 254 254 256 256 256 256 257 257 257 257 241 241 241 241 256 256 256 256 254 254 254 254 252 252 252 252 258 258 258 258 256 256 256 256 254 254 254 254 258 258 258 258 258 258 258 258 252 252 252 252 255 255 255 255 259 259 259 259 257 257 257 257 256 256 256 256 256 256 256 256 258 258 258 258 260 260 260 260 261 261 261 261 259 259 259 259 256 256 256 256 261 261 261 261 256 256 256 256 260 260 260 260 259 259 259 259 261 261 261 261 262 262 262 262 263 263 263 263 259 259 259 259 262 262 262 262 264 264 264 264 263 263 263 263 262 262 262 262 262 262 262 262 261 261 261 261 265 265 265 265 261 261 261 261 260 260 260 260 265 265 265 265 266 266 266 266 264 264 264 264 262 262 262 262 265 265 265 265 266 266 266 266 262 262 262 262 264 264 264 264 266 266 266 266 267 267 267 267 265 265 265 265 260 260 260 260 268 268 268 268 266 266 266 266 269 269 269 269 267 267 267 267 267 267 267 267 269 269 269 269 270 270 270 270 269 269 269 269 271 271 271 271 270 270 270 270 260 260 260 260 258 258 258 258 272 272 272 272 260 260 260 260 272 272 272 272 268 268 268 268 258 258 258 258 255 255 255 255 272 272 272 272 269 269 269 269 273 273 273 273 271 271 271 271 273 273 273 273 274 274 274 274 271 271 271 271 266 266 266 266 275 275 275 275 269 269 269 269 275 275 275 275 273 273 273 273 269 269 269 269 273 273 273 273 276 276 276 276 274 274 274 274 276 276 276 276 277 277 277 277 274 274 274 274 275 275 275 275 278 278 278 278 273 273 273 273 278 278 278 278 276 276 276 276 273 273 273 273 275 275 275 275 266 266 266 266 279 279 279 279 266 266 266 266 265 265 265 265 279 279 279 279 278 278 278 278 275 275 275 275 280 280 280 280 275 275 275 275 279 279 279 279 280 280 280 280 276 276 276 276 281 281 281 281 277 277 277 277 281 281 281 281 282 282 282 282 277 277 277 277 278 278 278 278 283 283 283 283 276 276 276 276 283 283 283 283 281 281 281 281 276 276 276 276 281 281 281 281 284 284 284 284 282 282 282 282 284 284 284 284 285 285 285 285 282 282 282 282 286 286 286 286 285 285 285 285 284 284 284 284 283 283 283 283 287 287 287 287 281 281 281 281 287 287 287 287 284 284 284 284 281 281 281 281 288 288 288 288 286 286 286 286 284 284 284 284 289 289 289 289 286 286 286 286 288 288 288 288 284 284 284 284 287 287 287 287 290 290 290 290 288 288 288 288 284 284 284 284 290 290 290 290 291 291 291 291 289 289 289 289 288 288 288 288 291 291 291 291 288 288 288 288 290 290 290 290 289 289 289 289 291 291 291 291 292 292 292 292 293 293 293 293 289 289 289 289 292 292 292 292 293 293 293 293 292 292 292 292 294 294 294 294 295 295 295 295 291 291 291 291 290 290 290 290 292 292 292 292 296 296 296 296 294 294 294 294 290 290 290 290 297 297 297 297 295 295 295 295 297 297 297 297 290 290 290 290 287 287 287 287 291 291 291 291 295 295 295 295 298 298 298 298 292 292 292 292 291 291 291 291 298 298 298 298 297 297 297 297 299 299 299 299 295 295 295 295 295 295 295 295 299 299 299 299 298 298 298 298 300 300 300 300 297 297 297 297 287 287 287 287 300 300 300 300 287 287 287 287 283 283 283 283 297 297 297 297 301 301 301 301 299 299 299 299 297 297 297 297 300 300 300 300 301 301 301 301 302 302 302 302 300 300 300 300 283 283 283 283 302 302 302 302 283 283 283 283 278 278 278 278 280 280 280 280 302 302 302 302 278 278 278 278 300 300 300 300 302 302 302 302 303 303 303 303 300 300 300 300 303 303 303 303 301 301 301 301 304 304 304 304 302 302 302 302 280 280 280 280 302 302 302 302 304 304 304 304 303 303 303 303 305 305 305 305 304 304 304 304 280 280 280 280 305 305 305 305 280 280 280 280 279 279 279 279 303 303 303 303 304 304 304 304 306 306 306 306 307 307 307 307 305 305 305 305 279 279 279 279 279 279 279 279 265 265 265 265 307 307 307 307 265 265 265 265 268 268 268 268 307 307 307 307 308 308 308 308 304 304 304 304 305 305 305 305 308 308 308 308 305 305 305 305 307 307 307 307 307 307 307 307 268 268 268 268 309 309 309 309 268 268 268 268 272 272 272 272 309 309 309 309 310 310 310 310 308 308 308 308 307 307 307 307 310 310 310 310 307 307 307 307 309 309 309 309 311 311 311 311 304 304 304 304 308 308 308 308 304 304 304 304 311 311 311 311 306 306 306 306 312 312 312 312 308 308 308 308 310 310 310 310 311 311 311 311 308 308 308 308 313 313 313 313 313 313 313 313 308 308 308 308 312 312 312 312 314 314 314 314 311 311 311 311 313 313 313 313 312 312 312 312 314 314 314 314 313 313 313 313 312 312 312 312 310 310 310 310 315 315 315 315 310 310 310 310 309 309 309 309 315 315 315 315 316 316 316 316 314 314 314 314 312 312 312 312 312 312 312 312 315 315 315 315 316 316 316 316 317 317 317 317 311 311 311 311 314 314 314 314 311 311 311 311 317 317 317 317 306 306 306 306 318 318 318 318 314 314 314 314 316 316 316 316 317 317 317 317 314 314 314 314 318 318 318 318 315 315 315 315 319 319 319 319 316 316 316 316 317 317 317 317 320 320 320 320 306 306 306 306 319 319 319 319 315 315 315 315 321 321 321 321 322 322 322 322 306 306 306 306 320 320 320 320 303 303 303 303 306 306 306 306 322 322 322 322 301 301 301 301 303 303 303 303 322 322 322 322 319 319 319 319 323 323 323 323 316 316 316 316 301 301 301 301 322 322 322 322 324 324 324 324 323 323 323 323 319 319 319 319 325 325 325 325 319 319 319 319 321 321 321 321 325 325 325 325 323 323 323 323 326 326 326 326 316 316 316 316 326 326 326 326 318 318 318 318 316 316 316 316 323 323 323 323 325 325 325 325 327 327 327 327 323 323 323 323 328 328 328 328 326 326 326 326 328 328 328 328 323 323 323 323 327 327 327 327 318 318 318 318 326 326 326 326 329 329 329 329 328 328 328 328 329 329 329 329 326 326 326 326 330 330 330 330 318 318 318 318 329 329 329 329 317 317 317 317 318 318 318 318 330 330 330 330 329 329 329 329 328 328 328 328 331 331 331 331 332 332 332 332 317 317 317 317 330 330 330 330 320 320 320 320 317 317 317 317 332 332 332 332 330 330 330 330 329 329 329 329 333 333 333 333 333 333 333 333 329 329 329 329 331 331 331 331 332 332 332 332 330 330 330 330 334 334 334 334 334 334 334 334 330 330 330 330 333 333 333 333 335 335 335 335 320 320 320 320 332 332 332 332 336 336 336 336 332 332 332 332 334 334 334 334 335 335 335 335 332 332 332 332 336 336 336 336 334 334 334 334 333 333 333 333 337 337 337 337 320 320 320 320 335 335 335 335 338 338 338 338 338 338 338 338 322 322 322 322 320 320 320 320 322 322 322 322 338 338 338 338 324 324 324 324 334 334 334 334 339 339 339 339 336 336 336 336 339 339 339 339 334 334 334 334 337 337 337 337 340 340 340 340 335 335 335 335 336 336 336 336 339 339 339 339 337 337 337 337 341 341 341 341 342 342 342 342 339 339 339 339 341 341 341 341 343 343 343 343 341 341 341 341 337 337 337 337 344 344 344 344 339 339 339 339 342 342 342 342 339 339 339 339 344 344 344 344 336 336 336 336 340 340 340 340 336 336 336 336 344 344 344 344 345 345 345 345 344 344 344 344 342 342 342 342 346 346 346 346 343 343 343 343 337 337 337 337 337 337 337 337 333 333 333 333 346 346 346 346 343 343 343 343 346 346 346 346 347 347 347 347 333 333 333 333 331 331 331 331 346 346 346 346 346 346 346 346 348 348 348 348 347 347 347 347 346 346 346 346 331 331 331 331 348 348 348 348 331 331 331 331 349 349 349 349 348 348 348 348 331 331 331 331 350 350 350 350 349 349 349 349 350 350 350 350 351 351 351 351 349 349 349 349 350 350 350 350 331 331 331 331 328 328 328 328 351 351 351 351 350 350 350 350 352 352 352 352 350 350 350 350 328 328 328 328 353 353 353 353 350 350 350 350 353 353 353 353 352 352 352 352 328 328 328 328 327 327 327 327 353 353 353 353 353 353 353 353 354 354 354 354 352 352 352 352 353 353 353 353 327 327 327 327 354 354 354 354 354 354 354 354 355 355 355 355 352 352 352 352 327 327 327 327 356 356 356 356 354 354 354 354 327 327 327 327 325 325 325 325 356 356 356 356 354 354 354 354 357 357 357 357 355 355 355 355 354 354 354 354 356 356 356 356 357 357 357 357 357 357 357 357 358 358 358 358 355 355 355 355 325 325 325 325 359 359 359 359 356 356 356 356 325 325 325 325 321 321 321 321 359 359 359 359 356 356 356 356 360 360 360 360 357 357 357 357 356 356 356 356 359 359 359 359 360 360 360 360 357 357 357 357 361 361 361 361 358 358 358 358 361 361 361 361 362 362 362 362 358 358 358 358 360 360 360 360 363 363 363 363 357 357 357 357 363 363 363 363 361 361 361 361 357 357 357 357 362 362 362 362 361 361 361 361 364 364 364 364 365 365 365 365 362 362 362 362 364 364 364 364 361 361 361 361 363 363 363 363 366 366 366 366 364 364 364 364 361 361 361 361 366 366 366 366 367 367 367 367 363 363 363 363 360 360 360 360 367 367 367 367 366 366 366 366 363 363 363 363 364 364 364 364 368 368 368 368 365 365 365 365 368 368 368 368 369 369 369 369 365 365 365 365 369 369 369 369 368 368 368 368 370 370 370 370 368 368 368 368 371 371 371 371 370 370 370 370 372 372 372 372 371 371 371 371 368 368 368 368 373 373 373 373 368 368 368 368 364 364 364 364 373 373 373 373 372 372 372 372 368 368 368 368 366 366 366 366 373 373 373 373 364 364 364 364 374 374 374 374 372 372 372 372 373 373 373 373 375 375 375 375 373 373 373 373 366 366 366 366 375 375 375 375 374 374 374 374 373 373 373 373 367 367 367 367 375 375 375 375 366 366 366 366 374 374 374 374 375 375 375 375 376 376 376 376 376 376 376 376 375 375 375 375 367 367 367 367 377 377 377 377 374 374 374 374 376 376 376 376 377 377 377 377 376 376 376 376 378 378 378 378 376 376 376 376 379 379 379 379 378 378 378 378 378 378 378 378 379 379 379 379 250 250 250 250 380 380 380 380 376 376 376 376 367 367 367 367 376 376 376 376 380 380 380 380 379 379 379 379 379 379 379 379 381 381 381 381 250 250 250 250 381 381 381 381 249 249 249 249 250 250 250 250 379 379 379 379 382 382 382 382 381 381 381 381 382 382 382 382 249 249 249 249 381 381 381 381 380 380 380 380 382 382 382 382 379 379 379 379 382 382 382 382 251 251 251 251 249 249 249 249 383 383 383 383 380 380 380 380 367 367 367 367 383 383 383 383 367 367 367 367 360 360 360 360 359 359 359 359 383 383 383 383 360 360 360 360 384 384 384 384 380 380 380 380 383 383 383 383 359 359 359 359 384 384 384 384 383 383 383 383 382 382 382 382 380 380 380 380 384 384 384 384 321 321 321 321 384 384 384 384 359 359 359 359 385 385 385 385 251 251 251 251 382 382 382 382 253 253 253 253 251 251 251 251 385 385 385 385 255 255 255 255 253 253 253 253 385 385 385 385 386 386 386 386 382 382 382 382 384 384 384 384 386 386 386 386 385 385 385 385 382 382 382 382 321 321 321 321 387 387 387 387 384 384 384 384 387 387 387 387 386 386 386 386 384 384 384 384 385 385 385 385 386 386 386 386 387 387 387 387 315 315 315 315 387 387 387 387 321 321 321 321 315 315 315 315 309 309 309 309 387 387 387 387 255 255 255 255 385 385 385 385 388 388 388 388 388 388 388 388 385 385 385 385 387 387 387 387 309 309 309 309 388 388 388 388 387 387 387 387 272 272 272 272 255 255 255 255 388 388 388 388 272 272 272 272 388 388 388 388 309 309 309 309 344 344 344 344 345 345 345 345 389 389 389 389 345 345 345 345 390 390 390 390 389 389 389 389 390 390 390 390 391 391 391 391 389 389 389 389 389 389 389 389 340 340 340 340 344 344 344 344 391 391 391 391 392 392 392 392 389 389 389 389 389 389 389 389 392 392 392 392 340 340 340 340 391 391 391 391 393 393 393 393 392 392 392 392 392 392 392 392 394 394 394 394 340 340 340 340 393 393 393 393 395 395 395 395 392 392 392 392 392 392 392 392 395 395 395 395 394 394 394 394 394 394 394 394 396 396 396 396 340 340 340 340 396 396 396 396 335 335 335 335 340 340 340 340 335 335 335 335 396 396 396 396 338 338 338 338 395 395 395 395 397 397 397 397 394 394 394 394 396 396 396 396 394 394 394 394 397 397 397 397 398 398 398 398 395 395 395 395 393 393 393 393 395 395 395 395 398 398 398 398 397 397 397 397 399 399 399 399 398 398 398 398 393 393 393 393 400 400 400 400 396 396 396 396 397 397 397 397 396 396 396 396 400 400 400 400 338 338 338 338 398 398 398 398 401 401 401 401 397 397 397 397 397 397 397 397 401 401 401 401 400 400 400 400 402 402 402 402 398 398 398 398 399 399 399 399 403 403 403 403 402 402 402 402 399 399 399 399 401 401 401 401 398 398 398 398 404 404 404 404 398 398 398 398 402 402 402 402 404 404 404 404 405 405 405 405 402 402 402 402 403 403 403 403 406 406 406 406 405 405 405 405 403 403 403 403 404 404 404 404 402 402 402 402 407 407 407 407 402 402 402 402 405 405 405 405 407 407 407 407 408 408 408 408 405 405 405 405 406 406 406 406 405 405 405 405 408 408 408 408 407 407 407 407 409 409 409 409 408 408 408 408 406 406 406 406 410 410 410 410 404 404 404 404 407 407 407 407 401 401 401 401 404 404 404 404 410 410 410 410 411 411 411 411 408 408 408 408 409 409 409 409 412 412 412 412 411 411 411 411 409 409 409 409 408 408 408 408 413 413 413 413 407 407 407 407 413 413 413 413 408 408 408 408 411 411 411 411 414 414 414 414 410 410 410 410 407 407 407 407 407 407 407 407 413 413 413 413 414 414 414 414 415 415 415 415 401 401 401 401 410 410 410 410 401 401 401 401 415 415 415 415 400 400 400 400 410 410 410 410 414 414 414 414 416 416 416 416 410 410 410 410 416 416 416 416 415 415 415 415 400 400 400 400 415 415 415 415 417 417 417 417 400 400 400 400 417 417 417 417 338 338 338 338 338 338 338 338 417 417 417 417 324 324 324 324 415 415 415 415 418 418 418 418 417 417 417 417 417 417 417 417 418 418 418 418 324 324 324 324 416 416 416 416 418 418 418 418 415 415 415 415 418 418 418 418 419 419 419 419 324 324 324 324 416 416 416 416 420 420 420 420 418 418 418 418 420 420 420 420 419 419 419 419 418 418 418 418 419 419 419 419 421 421 421 421 324 324 324 324 421 421 421 421 419 419 419 419 420 420 420 420 421 421 421 421 422 422 422 422 324 324 324 324 422 422 422 422 301 301 301 301 324 324 324 324 301 301 301 301 422 422 422 422 299 299 299 299 423 423 423 423 299 299 299 299 422 422 422 422 421 421 421 421 423 423 423 423 422 422 422 422 299 299 299 299 423 423 423 423 298 298 298 298 423 423 423 423 421 421 421 421 424 424 424 424 424 424 424 424 421 421 421 421 420 420 420 420 298 298 298 298 423 423 423 423 425 425 425 425 425 425 425 425 423 423 423 423 424 424 424 424 426 426 426 426 298 298 298 298 425 425 425 425 298 298 298 298 426 426 426 426 292 292 292 292 426 426 426 426 296 296 296 296 292 292 292 292 425 425 425 425 424 424 424 424 427 427 427 427 426 426 426 426 425 425 425 425 427 427 427 427 424 424 424 424 420 420 420 420 428 428 428 428 424 424 424 424 428 428 428 428 427 427 427 427 426 426 426 426 429 429 429 429 296 296 296 296 429 429 429 429 426 426 426 426 427 427 427 427 429 429 429 429 430 430 430 430 296 296 296 296 294 294 294 294 296 296 296 296 430 430 430 430 431 431 431 431 294 294 294 294 430 430 430 430 431 431 431 431 430 430 430 430 432 432 432 432 430 430 430 430 433 433 433 433 432 432 432 432 430 430 430 430 429 429 429 429 433 433 433 433 432 432 432 432 433 433 433 433 434 434 434 434 429 429 429 429 435 435 435 435 433 433 433 433 429 429 429 429 427 427 427 427 435 435 435 435 433 433 433 433 436 436 436 436 434 434 434 434 436 436 436 436 433 433 433 433 435 435 435 435 427 427 427 427 437 437 437 437 435 435 435 435 437 437 437 437 427 427 427 427 428 428 428 428 438 438 438 438 436 436 436 436 435 435 435 435 435 435 435 435 437 437 437 437 438 438 438 438 434 434 434 434 436 436 436 436 439 439 439 439 439 439 439 439 436 436 436 436 438 438 438 438 440 440 440 440 434 434 434 434 439 439 439 439 441 441 441 441 440 440 440 440 439 439 439 439 437 437 437 437 442 442 442 442 438 438 438 438 443 443 443 443 441 441 441 441 439 439 439 439 444 444 444 444 441 441 441 441 443 443 443 443 445 445 445 445 439 439 439 439 438 438 438 438 438 438 438 438 442 442 442 442 445 445 445 445 443 443 443 443 439 439 439 439 446 446 446 446 439 439 439 439 445 445 445 445 446 446 446 446 447 447 447 447 444 444 444 444 443 443 443 443 448 448 448 448 444 444 444 444 447 447 447 447 443 443 443 443 446 446 446 446 449 449 449 449 447 447 447 447 443 443 443 443 449 449 449 449 450 450 450 450 448 448 448 448 447 447 447 447 449 449 449 449 451 451 451 451 447 447 447 447 451 451 451 451 450 450 450 450 447 447 447 447 448 448 448 448 450 450 450 450 452 452 452 452 450 450 450 450 451 451 451 451 452 452 452 452 453 453 453 453 448 448 448 448 452 452 452 452 451 451 451 451 449 449 449 449 454 454 454 454 453 453 453 453 452 452 452 452 455 455 455 455 456 456 456 456 453 453 453 453 455 455 455 455 451 451 451 451 457 457 457 457 452 452 452 452 452 452 452 452 457 457 457 457 455 455 455 455 451 451 451 451 454 454 454 454 457 457 457 457 456 456 456 456 455 455 455 455 458 458 458 458 459 459 459 459 456 456 456 456 458 458 458 458 459 459 459 459 458 458 458 458 412 412 412 412 458 458 458 458 411 411 411 411 412 412 412 412 457 457 457 457 460 460 460 460 455 455 455 455 455 455 455 455 460 460 460 460 458 458 458 458 411 411 411 411 458 458 458 458 461 461 461 461 460 460 460 460 461 461 461 461 458 458 458 458 457 457 457 457 462 462 462 462 460 460 460 460 454 454 454 454 462 462 462 462 457 457 457 457 460 460 460 460 463 463 463 463 461 461 461 461 462 462 462 462 463 463 463 463 460 460 460 460 464 464 464 464 411 411 411 411 461 461 461 461 464 464 464 464 413 413 413 413 411 411 411 411 463 463 463 463 465 465 465 465 461 461 461 461 461 461 461 461 465 465 465 465 464 464 464 464 466 466 466 466 463 463 463 463 462 462 462 462 466 466 466 466 462 462 462 462 454 454 454 454 467 467 467 467 465 465 465 465 463 463 463 463 463 463 463 463 466 466 466 466 467 467 467 467 465 465 465 465 468 468 468 468 464 464 464 464 413 413 413 413 464 464 464 464 469 469 469 469 464 464 464 464 468 468 468 468 469 469 469 469 413 413 413 413 469 469 469 469 414 414 414 414 468 468 468 468 465 465 465 465 470 470 470 470 465 465 465 465 467 467 467 467 470 470 470 470 469 469 469 469 468 468 468 468 471 471 471 471 468 468 468 468 470 470 470 470 471 471 471 471 472 472 472 472 414 414 414 414 469 469 469 469 471 471 471 471 472 472 472 472 469 469 469 469 414 414 414 414 472 472 472 472 416 416 416 416 472 472 472 472 473 473 473 473 416 416 416 416 472 472 472 472 471 471 471 471 473 473 473 473 473 473 473 473 420 420 420 420 416 416 416 416 420 420 420 420 473 473 473 473 428 428 428 428 471 471 471 471 474 474 474 474 473 473 473 473 471 471 471 471 470 470 470 470 474 474 474 474 428 428 428 428 473 473 473 473 475 475 475 475 473 473 473 473 474 474 474 474 475 475 475 475 475 475 475 475 437 437 437 437 428 428 428 428 437 437 437 437 475 475 475 475 442 442 442 442 470 470 470 470 476 476 476 476 474 474 474 474 470 470 470 470 467 467 467 467 476 476 476 476 475 475 475 475 474 474 474 474 477 477 477 477 475 475 475 475 477 477 477 477 442 442 442 442 474 474 474 474 476 476 476 476 477 477 477 477 442 442 442 442 477 477 477 477 478 478 478 478 442 442 442 442 478 478 478 478 445 445 445 445 477 477 477 477 476 476 476 476 479 479 479 479 477 477 477 477 479 479 479 479 478 478 478 478 467 467 467 467 480 480 480 480 476 476 476 476 476 476 476 476 480 480 480 480 479 479 479 479 466 466 466 466 480 480 480 480 467 467 467 467 478 478 478 478 479 479 479 479 481 481 481 481 481 481 481 481 479 479 479 479 480 480 480 480 445 445 445 445 478 478 478 478 481 481 481 481 466 466 466 466 481 481 481 481 480 480 480 480 446 446 446 446 445 445 445 445 481 481 481 481 481 481 481 481 466 466 466 466 482 482 482 482 446 446 446 446 481 481 481 481 482 482 482 482 466 466 466 466 454 454 454 454 482 482 482 482 449 449 449 449 446 446 446 446 482 482 482 482 449 449 449 449 482 482 482 482 454 454 454 454 483 483 483 483 484 484 484 484 485 485 485 485 486 486 486 486 483 483 483 483 485 485 485 485 485 485 485 485 484 484 484 484 487 487 487 487 486 486 486 486 485 485 485 485 488 488 488 488 489 489 489 489 486 486 486 486 488 488 488 488 490 490 490 490 485 485 485 485 487 487 487 487 490 490 490 490 488 488 488 488 485 485 485 485 487 487 487 487 491 491 491 491 490 490 490 490 489 489 489 489 488 488 488 488 492 492 492 492 493 493 493 493 489 489 489 489 492 492 492 492 494 494 494 494 493 493 493 493 492 492 492 492 490 490 490 490 495 495 495 495 488 488 488 488 488 488 488 488 495 495 495 495 492 492 492 492 491 491 491 491 496 496 496 496 490 490 490 490 490 490 490 490 496 496 496 496 495 495 495 495 496 496 496 496 491 491 491 491 497 497 497 497 498 498 498 498 494 494 494 494 492 492 492 492 498 498 498 498 492 492 492 492 495 495 495 495 499 499 499 499 494 494 494 494 498 498 498 498 500 500 500 500 496 496 496 496 497 497 497 497 500 500 500 500 497 497 497 497 501 501 501 501 496 496 496 496 502 502 502 502 495 495 495 495 502 502 502 502 496 496 496 496 500 500 500 500 503 503 503 503 498 498 498 498 495 495 495 495 503 503 503 503 495 495 495 495 502 502 502 502 504 504 504 504 499 499 499 499 498 498 498 498 504 504 504 504 498 498 498 498 503 503 503 503 499 499 499 499 504 504 504 504 505 505 505 505 506 506 506 506 502 502 502 502 500 500 500 500 503 503 503 503 502 502 502 502 506 506 506 506 506 506 506 506 500 500 500 500 507 507 507 507 507 507 507 507 500 500 500 500 501 501 501 501 503 503 503 503 506 506 506 506 508 508 508 508 508 508 508 508 506 506 506 506 507 507 507 507 509 509 509 509 507 507 507 507 501 501 501 501 510 510 510 510 509 509 509 509 501 501 501 501 511 511 511 511 508 508 508 508 507 507 507 507 509 509 509 509 511 511 511 511 507 507 507 507 512 512 512 512 509 509 509 509 510 510 510 510 513 513 513 513 512 512 512 512 510 510 510 510 513 513 513 513 514 514 514 514 512 512 512 512 515 515 515 515 511 511 511 511 509 509 509 509 512 512 512 512 515 515 515 515 509 509 509 509 511 511 511 511 516 516 516 516 508 508 508 508 514 514 514 514 517 517 517 517 512 512 512 512 515 515 515 515 518 518 518 518 511 511 511 511 518 518 518 518 516 516 516 516 511 511 511 511 519 519 519 519 515 515 515 515 512 512 512 512 517 517 517 517 519 519 519 519 512 512 512 512 518 518 518 518 515 515 515 515 520 520 520 520 515 515 515 515 519 519 519 519 520 520 520 520 517 517 517 517 514 514 514 514 521 521 521 521 514 514 514 514 522 522 522 522 521 521 521 521 519 519 519 519 517 517 517 517 523 523 523 523 517 517 517 517 521 521 521 521 523 523 523 523 520 520 520 520 519 519 519 519 524 524 524 524 519 519 519 519 523 523 523 523 524 524 524 524 521 521 521 521 522 522 522 522 525 525 525 525 522 522 522 522 526 526 526 526 525 525 525 525 525 525 525 525 526 526 526 526 527 527 527 527 525 525 525 525 527 527 527 527 528 528 528 528 529 529 529 529 525 525 525 525 528 528 528 528 521 521 521 521 525 525 525 525 529 529 529 529 528 528 528 528 530 530 530 530 529 529 529 529 531 531 531 531 521 521 521 521 529 529 529 529 521 521 521 521 531 531 531 531 523 523 523 523 530 530 530 530 532 532 532 532 529 529 529 529 529 529 529 529 532 532 532 532 531 531 531 531 530 530 530 530 533 533 533 533 532 532 532 532 531 531 531 531 534 534 534 534 523 523 523 523 532 532 532 532 534 534 534 534 531 531 531 531 534 534 534 534 524 524 524 524 523 523 523 523 533 533 533 533 535 535 535 535 532 532 532 532 532 532 532 532 535 535 535 535 534 534 534 534 534 534 534 534 536 536 536 536 524 524 524 524 535 535 535 535 536 536 536 536 534 534 534 534 537 537 537 537 535 535 535 535 533 533 533 533 538 538 538 538 537 537 537 537 533 533 533 533 539 539 539 539 536 536 536 536 535 535 535 535 537 537 537 537 539 539 539 539 535 535 535 535 536 536 536 536 540 540 540 540 524 524 524 524 524 524 524 524 540 540 540 540 520 520 520 520 537 537 537 537 538 538 538 538 541 541 541 541 538 538 538 538 542 542 542 542 541 541 541 541 539 539 539 539 537 537 537 537 543 543 543 543 537 537 537 537 541 541 541 541 543 543 543 543 539 539 539 539 544 544 544 544 536 536 536 536 544 544 544 544 540 540 540 540 536 536 536 536 539 539 539 539 543 543 543 543 545 545 545 545 544 544 544 544 539 539 539 539 545 545 545 545 546 546 546 546 543 543 543 543 541 541 541 541 543 543 543 543 546 546 546 546 545 545 545 545 547 547 547 547 541 541 541 541 542 542 542 542 547 547 547 547 546 546 546 546 541 541 541 541 548 548 548 548 547 547 547 547 542 542 542 542 549 549 549 549 547 547 547 547 548 548 548 548 547 547 547 547 549 549 549 549 550 550 550 550 546 546 546 546 547 547 547 547 550 550 550 550 551 551 551 551 546 546 546 546 550 550 550 550 546 546 546 546 551 551 551 551 545 545 545 545 552 552 552 552 551 551 551 551 550 550 550 550 545 545 545 545 551 551 551 551 553 553 553 553 545 545 545 545 553 553 553 553 544 544 544 544 551 551 551 551 552 552 552 552 554 554 554 554 551 551 551 551 554 554 554 554 553 553 553 553 552 552 552 552 555 555 555 555 554 554 554 554 555 555 555 555 556 556 556 556 554 554 554 554 553 553 553 553 557 557 557 557 544 544 544 544 544 544 544 544 557 557 557 557 540 540 540 540 554 554 554 554 558 558 558 558 553 553 553 553 553 553 553 553 558 558 558 558 557 557 557 557 556 556 556 556 559 559 559 559 554 554 554 554 554 554 554 554 559 559 559 559 558 558 558 558 556 556 556 556 560 560 560 560 559 559 559 559 557 557 557 557 561 561 561 561 540 540 540 540 540 540 540 540 561 561 561 561 520 520 520 520 520 520 520 520 561 561 561 561 518 518 518 518 557 557 557 557 562 562 562 562 561 561 561 561 558 558 558 558 562 562 562 562 557 557 557 557 561 561 561 561 563 563 563 563 518 518 518 518 562 562 562 562 563 563 563 563 561 561 561 561 518 518 518 518 563 563 563 563 516 516 516 516 558 558 558 558 564 564 564 564 562 562 562 562 559 559 559 559 564 564 564 564 558 558 558 558 562 562 562 562 565 565 565 565 563 563 563 563 564 564 564 564 565 565 565 565 562 562 562 562 563 563 563 563 566 566 566 566 516 516 516 516 565 565 565 565 566 566 566 566 563 563 563 563 559 559 559 559 567 567 567 567 564 564 564 564 560 560 560 560 567 567 567 567 559 559 559 559 564 564 564 564 568 568 568 568 565 565 565 565 567 567 567 567 568 568 568 568 564 564 564 564 567 567 567 567 560 560 560 560 569 569 569 569 560 560 560 560 570 570 570 570 569 569 569 569 568 568 568 568 567 567 567 567 571 571 571 571 567 567 567 567 569 569 569 569 571 571 571 571 568 568 568 568 572 572 572 572 565 565 565 565 565 565 565 565 572 572 572 572 566 566 566 566 568 568 568 568 571 571 571 571 573 573 573 573 572 572 572 572 568 568 568 568 573 573 573 573 571 571 571 571 569 569 569 569 574 574 574 574 574 574 574 574 573 573 573 573 571 571 571 571 569 569 569 569 570 570 570 570 575 575 575 575 569 569 569 569 575 575 575 575 574 574 574 574 570 570 570 570 576 576 576 576 575 575 575 575 574 574 574 574 575 575 575 575 577 577 577 577 573 573 573 573 574 574 574 574 577 577 577 577 575 575 575 575 576 576 576 576 578 578 578 578 575 575 575 575 578 578 578 578 577 577 577 577 576 576 576 576 579 579 579 579 578 578 578 578 578 578 578 578 579 579 579 579 580 580 580 580 579 579 579 579 581 581 581 581 580 580 580 580 581 581 581 581 582 582 582 582 580 580 580 580 582 582 582 582 583 583 583 583 580 580 580 580 584 584 584 584 578 578 578 578 580 580 580 580 580 580 580 580 583 583 583 583 584 584 584 584 577 577 577 577 578 578 578 578 584 584 584 584 583 583 583 583 585 585 585 585 584 584 584 584 584 584 584 584 585 585 585 585 586 586 586 586 577 577 577 577 584 584 584 584 586 586 586 586 585 585 585 585 587 587 587 587 586 586 586 586 586 586 586 586 587 587 587 587 588 588 588 588 577 577 577 577 586 586 586 586 589 589 589 589 589 589 589 589 586 586 586 586 588 588 588 588 573 573 573 573 577 577 577 577 589 589 589 589 589 589 589 589 588 588 588 588 590 590 590 590 591 591 591 591 589 589 589 589 590 590 590 590 573 573 573 573 589 589 589 589 591 591 591 591 591 591 591 591 590 590 590 590 505 505 505 505 592 592 592 592 591 591 591 591 505 505 505 505 504 504 504 504 592 592 592 592 505 505 505 505 593 593 593 593 573 573 573 573 591 591 591 591 593 593 593 593 591 591 591 591 592 592 592 592 504 504 504 504 593 593 593 593 592 592 592 592 572 572 572 572 573 573 573 573 593 593 593 593 593 593 593 593 504 504 504 504 503 503 503 503 594 594 594 594 572 572 572 572 593 593 593 593 572 572 572 572 594 594 594 594 566 566 566 566 593 593 593 593 503 503 503 503 595 595 595 595 594 594 594 594 593 593 593 593 595 595 595 595 566 566 566 566 594 594 594 594 595 595 595 595 595 595 595 595 503 503 503 503 508 508 508 508 516 516 516 516 566 566 566 566 595 595 595 595 516 516 516 516 595 595 595 595 508 508 508 508 596 596 596 596 597 597 597 597 598 598 598 598 597 597 597 597 596 596 596 596 599 599 599 599 600 600 600 600 596 596 596 596 598 598 598 598 600 600 600 600 598 598 598 598 601 601 601 601 596 596 596 596 602 602 602 602 599 599 599 599 599 599 599 599 602 602 602 602 603 603 603 603 600 600 600 600 601 601 601 601 604 604 604 604 596 596 596 596 600 600 600 600 604 604 604 604 603 603 603 603 602 602 602 602 605 605 605 605 605 605 605 605 602 602 602 602 596 596 596 596 606 606 606 606 603 603 603 603 605 605 605 605 607 607 607 607 603 603 603 603 606 606 606 606 608 608 608 608 605 605 605 605 596 596 596 596 608 608 608 608 596 596 596 596 604 604 604 604 606 606 606 606 605 605 605 605 608 608 608 608 609 609 609 609 607 607 607 607 606 606 606 606 610 610 610 610 606 606 606 606 608 608 608 608 610 610 610 610 609 609 609 609 606 606 606 606 608 608 608 608 604 604 604 604 611 611 611 611 610 610 610 610 608 608 608 608 611 611 611 611 609 609 609 609 610 610 610 610 611 611 611 611 604 604 604 604 601 601 601 601 611 611 611 611 612 612 612 612 609 609 609 609 611 611 611 611 611 611 611 611 601 601 601 601 612 612 612 612 613 613 613 613 614 614 614 614 615 615 615 615 614 614 614 614 613 613 613 613 616 616 616 616 617 617 617 617 613 613 613 613 615 615 615 615 617 617 617 617 615 615 615 615 618 618 618 618 613 613 613 613 619 619 619 619 616 616 616 616 616 616 616 616 619 619 619 619 620 620 620 620 617 617 617 617 618 618 618 618 621 621 621 621 613 613 613 613 617 617 617 617 621 621 621 621 620 620 620 620 619 619 619 619 622 622 622 622 622 622 622 622 619 619 619 619 613 613 613 613 623 623 623 623 620 620 620 620 622 622 622 622 624 624 624 624 620 620 620 620 623 623 623 623 625 625 625 625 622 622 622 622 613 613 613 613 625 625 625 625 613 613 613 613 621 621 621 621 623 623 623 623 622 622 622 622 625 625 625 625 626 626 626 626 624 624 624 624 623 623 623 623 627 627 627 627 623 623 623 623 625 625 625 625 627 627 627 627 626 626 626 626 623 623 623 623 625 625 625 625 621 621 621 621 628 628 628 628 627 627 627 627 625 625 625 625 628 628 628 628 626 626 626 626 627 627 627 627 628 628 628 628 621 621 621 621 618 618 618 618 628 628 628 628 629 629 629 629 626 626 626 626 628 628 628 628 628 628 628 628 618 618 618 618 629 629 629 629 630 630 630 630 631 631 631 631 632 632 632 632 631 631 631 631 633 633 633 633 632 632 632 632 634 634 634 634 630 630 630 630 632 632 632 632 634 634 634 634 635 635 635 635 630 630 630 630 633 633 633 633 636 636 636 636 632 632 632 632 633 633 633 633 637 637 637 637 636 636 636 636 634 634 634 634 638 638 638 638 635 635 635 635 634 634 634 634 632 632 632 632 638 638 638 638 637 637 637 637 639 639 639 639 636 636 636 636 636 636 636 636 639 639 639 639 632 632 632 632 640 640 640 640 639 639 639 639 637 637 637 637 641 641 641 641 640 640 640 640 637 637 637 637 639 639 639 639 642 642 642 642 632 632 632 632 642 642 642 642 639 639 639 639 640 640 640 640 632 632 632 632 642 642 642 642 638 638 638 638 640 640 640 640 641 641 641 641 643 643 643 643 644 644 644 644 642 642 642 642 640 640 640 640 644 644 644 644 640 640 640 640 643 643 643 643 638 638 638 638 642 642 642 642 645 645 645 645 642 642 642 642 644 644 644 644 645 645 645 645 645 645 645 645 644 644 644 644 643 643 643 643 638 638 638 638 645 645 645 645 635 635 635 635 646 646 646 646 645 645 645 645 643 643 643 643 645 645 645 645 646 646 646 646 635 635 635 635 647 647 647 647 648 648 648 648 649 649 649 649 648 648 648 648 650 650 650 650 649 649 649 649 651 651 651 651 647 647 647 647 649 649 649 649 651 651 651 651 652 652 652 652 647 647 647 647 650 650 650 650 653 653 653 653 649 649 649 649 650 650 650 650 654 654 654 654 653 653 653 653 651 651 651 651 655 655 655 655 652 652 652 652 651 651 651 651 649 649 649 649 655 655 655 655 654 654 654 654 656 656 656 656 653 653 653 653 653 653 653 653 656 656 656 656 649 649 649 649 657 657 657 657 656 656 656 656 654 654 654 654 658 658 658 658 657 657 657 657 654 654 654 654 656 656 656 656 659 659 659 659 649 649 649 649 659 659 659 659 656 656 656 656 657 657 657 657 649 649 649 649 659 659 659 659 655 655 655 655 657 657 657 657 658 658 658 658 660 660 660 660 661 661 661 661 659 659 659 659 657 657 657 657 661 661 661 661 657 657 657 657 660 660 660 660 655 655 655 655 659 659 659 659 662 662 662 662 659 659 659 659 661 661 661 661 662 662 662 662 662 662 662 662 661 661 661 661 660 660 660 660 655 655 655 655 662 662 662 662 652 652 652 652 663 663 663 663 662 662 662 662 660 660 660 660 662 662 662 662 663 663 663 663 652 652 652 652</p>
        </triangles>
      </mesh>
    </geometry>
    <geometry id="geom-Shs_AMB008__M_AMB008_Lining" name="Shs_AMB008__M_AMB008_Lining">
      <mesh>
        <source id="geom-Shs_AMB008__M_AMB008_Lining-positions">
          <float_array id="geom-Shs_AMB008__M_AMB008_Lining-positions-array" count="300">-0.0614624 0.06433105 -0.09368896 -0.01588438 0.04962158 -0.1829834 -0.04464721 0.08404541 -0.1132202 -0.01087951 0.1052856 -0.1481934 -0.02679442 0.02992249 -0.1760254 -0.07824706 0.04464721 -0.08288574 9.88024e-4 0.06024171 -0.1920166 0.005676279 0.1100464 -0.1668701 -0.0292816 0.01319885 -0.1750488 -0.08862303 0.01678466 -0.07739258 -0.08435057 -0.01573182 -0.08355713 0.01286318 0.06329346 -0.1973877 0.01286317 0.1089478 -0.1760254 0.01947022 0.1099243 -0.1668701 -0.02952574 -0.002590181 -0.1763916 -0.06249999 -0.04522706 -0.107727 0.02421571 0.06015015 -0.1920166 0.03555299 0.1050415 -0.1481934 -0.02481077 -0.01502228 -0.1817627 -0.03988646 -0.06051636 -0.12854 0.04168702 0.04962158 -0.1829834 0.07055664 0.08404541 -0.1132202 0.08575439 0.06420898 -0.09350584 -0.01351164 -0.02264404 -0.1877441 -0.01009367 -0.07318116 -0.1506348 0.05255128 0.0297699 -0.1760254 0.1010132 0.04431153 -0.08264159 0.001381896 -0.0289917 -0.1915283 0.003904361 -0.07702637 -0.1655273 0.05523683 0.01486206 -0.1750488 0.1136475 0.01882935 -0.0784912 0.1107178 -0.01647949 -0.08355711 0.01285555 -0.03286743 -0.1953125 0.01285555 -0.07708741 -0.1778564 0.02169801 -0.07806397 -0.1654053 0.05529787 -0.003158568 -0.1763916 0.09063721 -0.04528809 -0.1030273 0.0243683 -0.02998352 -0.1915283 0.03588869 -0.07513428 -0.1502686 0.05175783 -0.01505279 -0.1806641 0.06933594 -0.06384278 -0.1230469 0.04183962 -0.02497864 -0.1865234 0.02046206 0.01799012 -0.1925049 0.06964112 -0.06530762 -0.1225586 0.0911255 -0.04626465 -0.102478 0.05233766 -0.01530456 -0.1815186 0.03588869 -0.07556153 -0.1502686 0.1107178 -0.01647949 -0.08355711 0.02471926 -0.03019714 -0.1920166 0.02169801 -0.07806397 -0.1654053 0.05566408 0.01495362 -0.175293 0.1136475 0.01882935 -0.0784912 0.1010742 0.04434204 -0.08264159 0.01285555 -0.03286743 -0.1953125 0.01285555 -0.07708741 -0.1778564 0.003904361 -0.07702637 -0.1655273 0.02046206 0.01799012 -0.1925049 0.001202606 -0.02908325 -0.1918945 -0.01044462 -0.07501221 -0.1501465 -0.02525328 -0.01512909 -0.182251 -0.06329345 -0.04672242 -0.1073608 -0.08435057 -0.01573182 -0.08355713 -0.02986143 0.01327515 -0.175415 -0.08862303 0.01678466 -0.07739258 -0.07830809 0.04464721 -0.08294678 -0.01623533 0.04974365 -0.1833496 -0.06149292 0.06451415 -0.09344482 -0.0482788 0.08691406 -0.1126709 -0.0110321 0.1065063 -0.1479492 0.005664835 0.1100464 -0.1668701 0.01282503 0.06341553 -0.197876 0.01286317 0.1089478 -0.1760254 0.01948548 0.1099243 -0.1668701 0.04193117 0.04974366 -0.1832275 0.03573609 0.1063843 -0.1479492 0.07452393 0.08734131 -0.1127319 0.08581543 0.06433105 -0.09332274 -0.08227538 0.04577636 -0.08087158 -0.03161619 0.01379395 -0.1766357 -0.04644775 0.08709717 -0.1108398 -0.09191893 0.01646423 -0.07568359 -0.01157378 0.1065674 -0.1483154 -0.08886717 -0.01734925 -0.08239746 0.01270296 0.0645752 -0.201416 0.01293946 0.1175537 -0.1795654 0.03616333 0.1064453 -0.1481934 -0.02523802 -0.01528931 -0.182251 -0.06311034 -0.0465088 -0.1073608 -0.01044462 -0.07543946 -0.1497803 0.02046206 0.01799012 -0.1925049 0.05731203 0.01548004 -0.1763916 0.07299805 0.08758546 -0.111084 0.1036377 0.04528809 -0.07928466 0.1190796 0.01913452 -0.07757567 0.1160278 -0.01824951 -0.08142088 0.05242921 -0.01555633 -0.1817627 0.06988526 -0.06640626 -0.1217041 0.03567506 -0.0755005 -0.1499023 0.01304629 -0.03323364 -0.1964111 0.01292421 -0.08544923 -0.1815186</float_array>
          <technique_common>
            <accessor source="#geom-Shs_AMB008__M_AMB008_Lining-positions-array" count="100" stride="3">
              <param name="X" type="float"/>
              <param name="Y" type="float"/>
              <param name="Z" type="float"/>
            </accessor>
          </technique_common>
        </source>
        <source id="geom-Shs_AMB008__M_AMB008_Lining-normals">
          <float_array id="geom-Shs_AMB008__M_AMB008_Lining-normals-array" count="129">0.8008441 -0.3504909 0.4855975 0.7208414 -0.2957802 0.6268188 0.7944291 -0.32873 0.5107044 0.7180558 -0.4030507 0.567403 0.7813651 -0.1742895 0.5992426 0.8333321 -0.2210482 0.506651 0.6750098 -0.3150051 0.6671833 0.6634699 -0.3777288 0.6458551 0.809661 -0.08409523 0.5808418 0.854486 -0.086035 0.5123003 0.8556892 0.05091068 0.5149799 0.007826275 -0.3834914 0.9235113 -0.00391137 -0.4243807 0.9054754 -0.6804811 -0.3715263 0.6315962 0.8182732 0.06068533 0.5716172 0.8181794 0.2309695 0.5265316 -0.6776266 -0.3544807 0.6443335 -0.7092404 -0.4173155 0.5681776 0.7587053 0.238562 0.6061802 0.6787771 0.4440414 0.5848838 -0.7277889 -0.3345481 0.598666 -0.800881 -0.315261 0.5091169 -0.8260789 -0.3112478 0.469807 0.6045753 0.3756586 0.7024025 0.5928367 0.4813134 0.6456642 -0.7986917 -0.2349092 0.5539938 -0.8264219 -0.278085 0.4895872 0.5460781 0.3660094 0.7535488 0.6484188 0.3722042 0.6640911 -0.8249894 -0.1153422 0.5532528 -0.8531379 -0.1154475 0.5087511 -0.8548259 0.0508592 0.5164166 0.02737521 0.3695652 0.9288015 -0.01174434 0.3679874 0.9297567 -0.6306048 0.3818879 0.6756473 -0.8299037 0.06654885 0.5539233 -0.8212346 0.234638 0.5201143 -0.5398496 0.3951075 0.7432715 -0.5750518 0.5026817 0.6454661 -0.7828444 0.2368103 0.5753917 -0.710355 0.4109502 0.5714155 -0.6284006 0.3993571 0.6675526 -0.04700654 0.001958567 0.9988927</float_array>
          <technique_common>
            <accessor source="#geom-Shs_AMB008__M_AMB008_Lining-normals-array" count="43" stride="3">
              <param name="X" type="float"/>
              <param name="Y" type="float"/>
              <param name="Z" type="float"/>
            </accessor>
          </technique_common>
        </source>
        <source id="geom-Shs_AMB008__M_AMB008_Lining-map-2">
          <float_array id="geom-Shs_AMB008__M_AMB008_Lining-map-2-array" count="300">1 1 1 1 1 1 1 1 1 1 1 1 1 1 1 1 1 1 1 1 1 1 1 1 1 1 1 1 1 1 1 1 1 1 1 1 1 1 1 1 1 1 1 1 1 1 1 1 1 1 1 1 1 1 1 1 1 1 1 1 1 1 1 1 1 1 1 1 1 1 1 1 1 1 1 1 1 1 1 1 1 1 1 1 1 1 1 1 1 1 1 1 1 1 1 1 1 1 1 1 1 1 1 1 1 1 1 1 1 1 1 1 1 1 1 1 1 1 1 1 1 1 1 1 1 1 1 1 1 1 1 1 1 1 1 1 1 1 1 1 1 1 1 1 1 1 1 1 1 1 1 1 1 1 1 1 1 1 1 1 1 1 1 1 1 1 1 1 1 1 1 1 1 1 1 1 1 1 1 1 1 1 1 1 1 1 1 1 1 1 1 1 1 1 1 1 1 1 1 1 1 1 1 1 1 1 1 1 1 1 1 1 1 1 1 1 1 1 1 1 1 1 1 1 1 1 1 1 1 1 1 1 1 1 1 1 1 1 1 1 1 1 1 1 1 1 1 1 1 1 1 1 1 1 1 1 1 1 1 1 1 1 1 1 1 1 1 1 1 1 1 1 1 1 1 1 1 1 1 1 1 1 1 1 1 1 1 1 1 1 1 1 1 1 1 1 1 1 1 1</float_array>
          <technique_common>
            <accessor source="#geom-Shs_AMB008__M_AMB008_Lining-map-2-array" count="100" stride="3">
              <param name="R" type="float"/>
              <param name="G" type="float"/>
              <param name="B" type="float"/>
            </accessor>
          </technique_common>
        </source>
        <source id="geom-Shs_AMB008__M_AMB008_Lining-map0">
          <float_array id="geom-Shs_AMB008__M_AMB008_Lining-map0-array" count="300">1 1 1 1 1 1 1 1 1 1 1 1 1 1 1 1 1 1 1 1 1 1 1 1 1 1 1 1 1 1 1 1 1 1 1 1 1 1 1 1 1 1 1 1 1 1 1 1 1 1 1 1 1 1 1 1 1 1 1 1 1 1 1 1 1 1 1 1 1 1 1 1 1 1 1 1 1 1 1 1 1 1 1 1 1 1 1 1 1 1 1 1 1 1 1 1 1 1 1 1 1 1 1 1 1 1 1 1 1 1 1 1 1 1 1 1 1 1 1 1 1 1 1 1 1 1 1 1 1 1 1 1 1 1 1 1 1 1 1 1 1 1 1 1 1 1 1 1 1 1 1 1 1 1 1 1 1 1 1 1 1 1 1 1 1 1 1 1 1 1 1 1 1 1 1 1 1 1 1 1 1 1 1 1 1 1 1 1 1 1 1 1 1 1 1 1 1 1 1 1 1 1 1 1 1 1 1 1 1 1 1 1 1 1 1 1 1 1 1 1 1 1 1 1 1 1 1 1 1 1 1 1 1 1 1 1 1 1 1 1 1 1 1 1 1 1 1 1 1 1 1 1 1 1 1 1 1 1 1 1 1 1 1 1 1 1 1 1 1 1 1 1 1 1 1 1 1 1 1 1 1 1 1 1 1 1 1 1 1 1 1 1 1 1 1 1 1 1 1 1</float_array>
          <technique_common>
            <accessor source="#geom-Shs_AMB008__M_AMB008_Lining-map0-array" count="100" stride="3">
              <param name="R" type="float"/>
              <param name="G" type="float"/>
              <param name="B" type="float"/>
            </accessor>
          </technique_common>
        </source>
        <source id="geom-Shs_AMB008__M_AMB008_Lining-map1">
          <float_array id="geom-Shs_AMB008__M_AMB008_Lining-map1-array" count="300">0.1004959 0.6951095 0 0.4002899 0.6403601 0 0.1645991 0.7921569 0 0.3608148 0.8894026 0 0.3616083 0.5601282 0 0.03639277 0.5980621 0 0.4581979 0.6808423 0 0.4274357 0.8912337 0 0.3523918 0.4751202 0 0.01359579 0.4016327 0 0.05624475 0.2984817 0 0.4970474 0.6890669 0 0.4940566 0.8930648 0 0.5594568 0.8945296 0 0.3616083 0.4280766 0 0.1539788 0.2003357 0 0.5348135 0.6823682 0 0.6248569 0.8959945 0 0.3854734 0.3805142 0 0.2775311 0.1509575 0 0.5952544 0.6449836 0 0.8261082 0.8089723 0 0.8935226 0.7149004 0 0.4235142 0.3513848 0 0.4008698 0.1061723 0 0.6363623 0.5660639 0 0.9609369 0.6208133 0 0.4675364 0.3264515 0 0.4539711 0.1050889 0 0.6479744 0.4820935 0 0.9864042 0.4272678 0 0.9506218 0.3169299 0 0.5021744 0.3150378 0 0.5070878 0.1040055 0 0.5596094 0.1047532 0 0.6404059 0.4323797 0 0.873457 0.2165255 0 0.5367056 0.3225605 0 0.6121157 0.1055161 0 0.622446 0.3855955 0 0.755581 0.14168 0 0.5884337 0.3465934 0 0.4997177 0.5064317 0 0.755581 0.14168 0 0.873457 0.2165255 0 0.622446 0.3855955 0 0.6121157 0.1055161 0 0.9506218 0.3169299 0 0.5367056 0.3225605 0 0.5596094 0.1047532 0 0.6479744 0.4820935 0 0.9864042 0.4272678 0 0.9609369 0.6208133 0 0.5021744 0.3150378 0 0.5070878 0.1040055 0 0.4539711 0.1050889 0 0.4997177 0.5064317 0 0.4675364 0.3264515 0 0.4008698 0.1061723 0 0.3854734 0.3805142 0 0.1539788 0.2003357 0 0.05624475 0.2984817 0 0.3523918 0.4751202 0 0.01359579 0.4016327 0 0.03639277 0.5980621 0 0.4002899 0.6403601 0 0.1004959 0.6951095 0 0.1645991 0.7921569 0 0.3608148 0.8894026 0 0.4274357 0.8912337 0 0.4970474 0.6890669 0 0.4940566 0.8930648 0 0.5594568 0.8945296 0 0.5952544 0.6449836 0 0.6248569 0.8959945 0 0.8261082 0.8089723 0 0.8935226 0.7149004 0 0.03639277 0.5980621 0 0.3523918 0.4751202 0 0.1645991 0.7921569 0 0.01359579 0.4016327 0 0.3608148 0.8894026 0 0.05624475 0.2984817 0 0.4970474 0.6890669 0 0.4940566 0.8930648 0 0.6248569 0.8959945 0 0.3854734 0.3805142 0 0.1539788 0.2003357 0 0.4008698 0.1061723 0 0.4997177 0.5064317 0 0.6479744 0.4820935 0 0.8261082 0.8089723 0 0.9609369 0.6208133 0 0.9864042 0.4272678 0 0.9506218 0.3169299 0 0.622446 0.3855955 0 0.755581 0.14168 0 0.6121157 0.1055161 0 0.5021744 0.3150378 0 0.5070878 0.1040055 0</float_array>
          <technique_common>
            <accessor source="#geom-Shs_AMB008__M_AMB008_Lining-map1-array" count="100" stride="3">
              <param name="S" type="float"/>
              <param name="T" type="float"/>
              <param name="P" type="float"/>
            </accessor>
          </technique_common>
        </source>
        <vertices id="geom-Shs_AMB008__M_AMB008_Lining-vertices">
          <input semantic="POSITION" source="#geom-Shs_AMB008__M_AMB008_Lining-positions"/>
        </vertices>
        <triangles material="M_AMB008_Lining" count="60">
          <input semantic="VERTEX" source="#geom-Shs_AMB008__M_AMB008_Lining-vertices" offset="0"/>
          <input semantic="NORMAL" source="#geom-Shs_AMB008__M_AMB008_Lining-normals" offset="1"/>
          <input semantic="COLOR" source="#geom-Shs_AMB008__M_AMB008_Lining-map0" offset="2" set="0"/>
          <input semantic="TEXCOORD" source="#geom-Shs_AMB008__M_AMB008_Lining-map1" offset="3" set="0"/>
          <p>0 0 0 0 1 1 1 1 2 2 2 2 2 2 2 2 1 1 1 1 3 3 3 3 0 0 0 0 4 4 4 4 1 1 1 1 5 5 5 5 4 4 4 4 0 0 0 0 1 1 1 1 6 6 6 6 3 3 3 3 3 3 3 3 6 6 6 6 7 7 7 7 8 8 8 8 4 4 4 4 5 5 5 5 9 9 9 9 8 8 8 8 5 5 5 5 8 8 8 8 9 9 9 9 10 10 10 10 6 6 6 6 11 11 11 11 7 7 7 7 7 7 7 7 11 11 11 11 12 12 12 12 11 11 11 11 13 13 13 13 12 12 12 12 14 14 14 14 8 8 8 8 10 10 10 10 14 14 14 14 10 10 10 10 15 15 15 15 11 11 11 11 16 16 16 16 13 13 13 13 16 16 16 16 17 17 17 17 13 13 13 13 18 18 18 18 14 14 14 14 15 15 15 15 18 18 18 18 15 15 15 15 19 19 19 19 16 16 16 16 20 20 20 20 17 17 17 17 20 20 20 20 21 21 21 21 17 17 17 17 20 20 20 20 22 22 22 22 21 21 21 21 23 23 23 23 18 18 18 18 19 19 19 19 23 23 23 23 19 19 19 19 24 24 24 24 20 20 20 20 25 25 25 25 22 22 22 22 22 22 22 22 25 25 25 25 26 26 26 26 27 27 27 27 23 23 23 23 24 24 24 24 27 27 27 27 24 24 24 24 28 28 28 28 25 25 25 25 29 29 29 29 26 26 26 26 29 29 29 29 30 30 30 30 26 26 26 26 31 31 31 31 30 30 30 30 29 29 29 29 32 32 32 32 27 27 27 27 28 28 28 28 33 33 33 33 32 32 32 32 28 28 28 28 34 34 34 34 32 32 32 32 33 33 33 33 35 35 35 35 31 31 31 31 29 29 29 29 36 36 36 36 31 31 31 31 35 35 35 35 37 37 37 37 32 32 32 32 34 34 34 34 38 38 38 38 37 37 37 37 34 34 34 34 39 39 39 39 36 36 36 36 35 35 35 35 40 40 40 40 36 36 36 36 39 39 39 39 40 40 40 40 41 41 41 41 38 38 38 38 41 41 41 41 40 40 40 40 39 39 39 39 41 41 41 41 37 37 37 37 38 38 38 38 42 42 42 42 39 39 39 39 35 35 35 35 42 42 42 42 41 41 41 41 39 39 39 39 37 37 37 37 41 41 41 41 42 42 42 42 42 42 42 42 35 35 35 35 29 29 29 29 32 32 32 32 37 37 37 37 42 42 42 42 42 42 42 42 29 29 29 29 25 25 25 25 27 27 27 27 32 32 32 32 42 42 42 42 42 42 42 42 25 25 25 25 20 20 20 20 23 23 23 23 27 27 27 27 42 42 42 42 42 42 42 42 20 20 20 20 16 16 16 16 18 18 18 18 23 23 23 23 42 42 42 42 42 42 42 42 16 16 16 16 11 11 11 11 14 14 14 14 18 18 18 18 42 42 42 42 11 11 11 11 6 6 6 6 42 42 42 42 8 8 8 8 14 14 14 14 42 42 42 42 6 6 6 6 1 1 1 1 42 42 42 42 4 4 4 4 8 8 8 8 42 42 42 42 1 1 1 1 4 4 4 4 42 42 42 42</p>
        </triangles>
      </mesh>
    </geometry>
  </library_geometries>
  <library_controllers>
    <controller id="geom-Shs_AMB008__M_AMB008-skin1">
      <skin source="#geom-Shs_AMB008__M_AMB008">
        <bind_shape_matrix>1 0 0 0 0 1 0 0 0 0 1 0 0 0 0 1</bind_shape_matrix>
        <source id="geom-Shs_AMB008__M_AMB008-skin1-joints">
          <Name_array id="geom-Shs_AMB008__M_AMB008-skin1-joints-array" count="4">joint0 joint1 joint2 joint3</Name_array>
          <technique_common>
            <accessor source="#geom-Shs_AMB008__M_AMB008-skin1-joints-array" count="4" stride="1">
              <param name="JOINT" type="name"/>
            </accessor>
          </technique_common>
        </source>
        <source id="geom-Shs_AMB008__M_AMB008-skin1-bind_poses">
          <float_array id="geom-Shs_AMB008__M_AMB008-skin1-bind_poses-array" count="64">-1.78814e-7 -4.21468e-8 -1 0 -4.21468e-8 -1 4.21468e-8 0 -1 4.21468e-8 1.19209e-7 0 0 0 0 1 -8.9407e-8 2.98023e-8 -1 -0.225 1.3411e-7 -1 1.04308e-7 1.39863e-8 -1 -6.70552e-8 2.38419e-7 2.68221e-8 0 0 0 1 9.68576e-8 -1 8.94069e-8 9.95254e-9 2.38419e-7 -7.45058e-9 1 0.2707 -1 7.45058e-9 2.68221e-7 3.48896e-8 0 0 0 1 4.7323e-8 -1 7.17277e-8 -0.184 2.98023e-7 6.10885e-9 1 0.3807 -1 2.15008e-8 2.98023e-7 4.88205e-8 0 0 0 1</float_array>
          <technique_common>
            <accessor source="#geom-Shs_AMB008__M_AMB008-skin1-bind_poses-array" count="4" stride="16">
              <param name="TRANSFORM" type="float4x4"/>
            </accessor>
          </technique_common>
        </source>
        <source id="geom-Shs_AMB008__M_AMB008-skin1-weights">
          <float_array id="geom-Shs_AMB008__M_AMB008-skin1-weights-array" count="1436">1 0.8901961 0.1098039 0.8901961 0.1098039 0.6784314 0.3215686 0.6901961 0.3098039 0.4980392 0.5019608 0.4980392 0.5019608 0.4 0.6 0.4 0.6 0.2 0.8000001 0.2 0.8000001 0.1019608 0.8980393 0.1019608 0.8980393 0.8901961 0.1098039 0.8901961 0.1098039 0.6901961 0.3098039 0.8901961 0.1098039 0.8901961 0.1098039 0.6784314 0.3215686 0.6784314 0.3215686 0.6784314 0.3215686 0.4980392 0.5019608 0.4980392 0.5019608 0.4980392 0.5019608 0.4 0.6 0.4980392 0.5019608 0.4 0.6 0.4 0.6 0.4 0.6 0.2 0.8000001 0.2 0.8000001 0.2 0.8000001 0.2 0.8000001 0.1019608 0.8980393 0.1019608 0.8980393 0.1019608 0.8980393 0.1019608 0.8980393 0.1019608 0.8980393 0.1019608 0.8980393 0.1019608 0.8980393 0.2 0.8000001 0.1019608 0.8980393 0.2 0.8000001 0.2 0.8000001 0.4 0.6 0.2 0.8000001 0.4 0.6 0.4 0.6 0.4 0.6 0.4980392 0.5019608 0.4980392 0.5019608 0.4980392 0.5019608 0.4980392 0.5019608 0.6901961 0.3098039 0.6980392 0.3019608 0.6901961 0.3098039 0.6901961 0.3098039 0.8901961 0.1098039 0.8980393 0.1019608 0.8901961 0.1098039 0.8901961 0.1098039 0.6196079 0.3803922 0.6196079 0.3803922 0.5882353 0.4117647 0.4705883 0.5294118 0.5882353 0.4117647 0.4705883 0.5294118 0.3490196 0.6509804 0.5411765 0.4588236 0.5607843 0.4392157 0.4980392 0.5019608 0.3490196 0.6509804 0.2 0.8000001 0.4588236 0.5411765 0.4980392 0.5019608 0.4 0.6 0.3490196 0.6509804 0.4 0.6 0.4 0.6 0.3490196 0.6509804 0.4 0.6 0.4 0.6 0.2 0.8000001 0.2 0.8000001 0.2 0.8000001 0.2 0.8000001 0.09019608 0.8078432 0.1019608 0.07058824 0.8274511 0.1019608 0.07058824 0.8274511 0.1019608 0.07843138 0.8196079 0.1019608 0.03921569 0.3607843 0.6 0.03921569 0.3607843 0.6 0.03921569 0.3607843 0.6 0.01176471 0.0509804 0.937255 0.0509804 0.3490196 0.6 0.8901961 0.1098039 0.8901961 0.1098039 0.8901961 0.1098039 0.8901961 0.1098039 0.6901961 0.3098039 0.6901961 0.3098039 0.6901961 0.3098039 0.4980392 0.5019608 0.4980392 0.5019608 0.4 0.6 0.4980392 0.5019608 0.4 0.6 0.2 0.8000001 0.4 0.6 0.2 0.8000001 0.1019608 0.8980393 0.1019608 0.8980393 0.2 0.8000001 0.4 0.6 0.1019608 0.8980393 0.2 0.8000001 0.4980392 0.5019608 0.4 0.6 0.6901961 0.3098039 0.4980392 0.5019608 0.6980392 0.3019608 0.8980393 0.1019608 0.4980392 0.5019608 0.8980393 0.1019608 0.01960784 0.9803922 0.8901961 0.1098039 0.8980393 0.1019608 0.6980392 0.3019608 0.8980393 0.1019608 0.4980392 0.5019608 0.03921569 0.3607843 0.6 0.4 0.6 0.01176471 0.9882354 0.2 0.8000001 0.03137255 0.3686275 0.6 0.01960784 0.3803922 0.6 0.8980393 0.1019608 0.01960784 0.1686275 0.8117648 0.6980392 0.3019608 0.8980393 0.1019608 0.4980392 0.5019608 0.6980392 0.3019608 0.4 0.6 0.8980393 0.1019608 0.4980392 0.5019608 0.8980393 0.1019608 0.6980392 0.3019608 0.6980392 0.3019608 0.01960784 0.3803922 0.6 0.01960784 0.3803922 0.6 0.01960784 0.8784314 0.1019608 0.01960784 0.8784314 0.1019608 0.03137255 0.8666667 0.1019608 0.2 0.8000001 0.2 0.8000001 0.05882353 0.8392158 0.1019608 0.2 0.8000001 0.3490196 0.6509804 0.3490196 0.6509804 0.3490196 0.6509804 0.4784314 0.5215687 0.4901961 0.509804 0.4588236 0.5411765 0.3490196 0.6509804 0.6392157 0.3607843 0.6901961 0.3098039 0.6901961 0.3098039 0.6392157 0.3607843 0.5803922 0.4196079 0.5490196 0.4509804 0.4980392 0.5019608 0.4980392 0.5019608 0.4784314 0.5215687 0.4784314 0.5215687 0.4392157 0.5607843 0.4392157 0.5607843 0.2 0.8000001 0.4 0.6 0.2 0.8000001 0.2 0.8000001 0.07843138 0.8196079 0.1019608 0.1019608 0.7960785 0.1019608 0.1019608 0.7960785 0.1019608 0.0509804 0.3490196 0.6 0.0509804 0.3490196 0.6 0.4980392 0.5019608 0.4980392 0.5019608 0.4 0.6 0.4 0.6 0.2 0.8000001 0.4 0.6 0.2 0.8000001 0.4 0.6 0.2 0.8000001 0.1019608 0.8980393 0.1019608 0.8980393 0.2 0.8000001 0.1019608 0.8980393 0.1019608 0.8980393 0.2 0.8000001 0.1019608 0.8980393 0.1019608 0.8980393 0.1019608 0.8980393 0.2 0.8000001 0.1019608 0.8980393 0.6196079 0.3803922 0.6196079 0.3803922 0.6 0.4 0.6 0.4 0.4705883 0.5294118 0.6 0.4 0.6313726 0.3686275 0.4705883 0.5294118 0.3490196 0.6509804 0.5215687 0.4784314 0.5215687 0.4784314 0.4901961 0.509804 0.4509804 0.5490196 0.3490196 0.6509804 0.2 0.8000001 0.4901961 0.509804 0.4392157 0.5607843 0.2 0.8000001 0.07058824 0.8274511 0.1019608 0.3490196 0.6509804 0.2 0.8000001 0.4392157 0.5607843 0.4 0.6 0.2 0.8000001 0.07843138 0.8196079 0.1019608 0.1215686 0.7764707 0.1019608 0.03921569 0.3607843 0.6 0.03921569 0.3607843 0.6 0.05882353 0.3411765 0.6 0.05882353 0.3411765 0.6 0.01960784 0.3803922 0.6 0.03137255 0.3686275 0.6 0.01960784 0.8784314 0.1019608 0.03921569 0.3607843 0.6 0.0509804 0.3490196 0.6 0.05882353 0.3411765 0.6 0.03921569 0.8588236 0.1019608 0.09019608 0.8078432 0.1019608 0.2 0.8000001 0.2 0.8000001 0.2 0.8000001 0.1098039 0.7882354 0.1019608 0.2 0.8000001 0.3490196 0.6509804 0.3490196 0.6509804 0.3490196 0.6509804 0.4588236 0.5411765 0.4784314 0.5215687 0.4901961 0.509804 0.6392157 0.3607843 0.6901961 0.3098039 0.6901961 0.3098039 0.6392157 0.3607843 0.6392157 0.3607843 0.6980392 0.3019608 0.6980392 0.3019608 0.6980392 0.3019608 0.4901961 0.509804 0.4901961 0.509804 0.4196079 0.5803922 0.4196079 0.5803922 0.4 0.6 0.2 0.8000001 0.1215686 0.7764707 0.1019608 0.1294118 0.7686275 0.1019608 0.4 0.6 0.4 0.6 0.4 0.6 0.4 0.6 0.4 0.6 0.4 0.6 0.4 0.6 0.4 0.6 0.4 0.6 0.4 0.6 0.4 0.6 0.4 0.6 0.4 0.6 0.4 0.6 0.4 0.6 0.4 0.6 0.4 0.6 0.2 0.8000001 0.2 0.8000001 0.2 0.8000001 0.2 0.8000001 0.2 0.8000001 0.2 0.8000001 0.2 0.8000001 0.2 0.8000001 0.2 0.8000001 0.2 0.8000001 0.2 0.8000001 0.2 0.8000001 0.2 0.8000001 0.2 0.8000001 0.2 0.8000001 0.2 0.8000001 0.2 0.8000001 0.4 0.6 0.4 0.6 0.4 0.6 0.4 0.6 0.4 0.6 0.4 0.6 0.4 0.6 0.4 0.6 0.4 0.6 0.4 0.6 0.4 0.6 0.4 0.6 0.4 0.6 0.4 0.6 0.4 0.6 0.4 0.6 0.4 0.6 0.3019608 0.6980392 0.3019608 0.6980392 0.3019608 0.6980392 0.3019608 0.6980392 0.3019608 0.6980392 0.3019608 0.6980392 0.3019608 0.6980392 0.3019608 0.6980392 0.3019608 0.6980392 0.3019608 0.6980392 0.3019608 0.6980392 0.3019608 0.6980392 0.3019608 0.6980392 0.3019608 0.6980392 0.3019608 0.6980392 0.3019608 0.6980392 0.3019608 0.6980392 0.4 0.6 0.4 0.6 0.4 0.6 0.4 0.6 0.4 0.6 0.4 0.6 0.4 0.6 0.4 0.6 0.4 0.6 0.4 0.6 0.4 0.6 0.4 0.6 0.4 0.6 0.4 0.6 0.4 0.6 0.4 0.6 0.4 0.6 0.4 0.6 0.4 0.6 0.4 0.6 0.4 0.6 0.4 0.6 0.4 0.6 0.4 0.6 0.1019608 0.8980393 0.1019608 0.8980393 0.2 0.8000001 0.2 0.8000001 0.4 0.6 0.4980392 0.5019608 0.6901961 0.3098039 0.6784314 0.3215686 0.6784314 0.3215686 0.8901961 0.1098039 0.8901961 0.1098039 0.6901961 0.3098039 0.6784314 0.3215686 0.4980392 0.5019608 0.4980392 0.5019608 0.4980392 0.5019608 0.4 0.6 0.2 0.8000001 0.2 0.8000001 0.2 0.8000001 0.1019608 0.8980393 0.1019608 0.8980393 0.1019608 0.8980393 0.1019608 0.8980393 0.1019608 0.8980393 0.2 0.8000001 0.2 0.8000001 0.4 0.6 0.4 0.6 0.4980392 0.5019608 0.6901961 0.3098039 0.6901961 0.3098039 0.6980392 0.3019608 0.8901961 0.1098039 0.8980393 0.1019608 0.03921569 0.3607843 0.6 0.05882353 0.3411765 0.6 0.07843138 0.8196079 0.1019608 0.07058824 0.8274511 0.1019608 0.05882353 0.3411765 0.6 0.2 0.8000001 0.2 0.8000001 0.1215686 0.7764707 0.1019608 0.3490196 0.6509804 0.4705883 0.5294118 0.2 0.8000001 0.6 0.4 0.6196079 0.3803922 0.6196079 0.3803922 0.6 0.4 0.6313726 0.3686275 0.5215687 0.4784314 0.4901961 0.509804 0.2 0.8000001 0.4 0.6 0.4392157 0.5607843 0.4 0.6 0.4196079 0.5803922 0.4901961 0.509804 0.1294118 0.7686275 0.1019608 0.2 0.8000001 0.05882353 0.3411765 0.6 0.1098039 0.7882354 0.1019608 0.0509804 0.3490196 0.6 0.09019608 0.8078432 0.1019608 0.2 0.8000001 0.6980392 0.3019608 0.03921569 0.3607843 0.6 0.6392157 0.3607843 0.6980392 0.3019608 0.6392157 0.3607843 0.6901961 0.3098039 0.6901961 0.3098039 0.4901961 0.509804 0.3490196 0.6509804 0.3490196 0.6509804 0.2 0.8000001 0.2 0.8000001 0.01960784 0.8784314 0.1019608 0.03921569 0.8588236 0.1019608 0.03137255 0.3686275 0.6 0.01960784 0.3803922 0.6 0.2 0.8000001 0.2 0.8000001 0.2 0.8000001 0.2 0.8000001 0.2 0.8000001 0.2 0.8000001 0.2 0.8000001 0.2 0.8000001 0.2 0.8000001 0.2 0.8000001 0.2 0.8000001 0.2 0.8000001 0.2 0.8000001 0.3019608 0.6980392 0.3019608 0.6980392 0.3019608 0.6980392 0.3019608 0.6980392 0.3019608 0.6980392 0.3019608 0.6980392 0.3019608 0.6980392 0.3019608 0.6980392 0.3019608 0.6980392 0.3019608 0.6980392 0.3019608 0.6980392 0.3019608 0.6980392 0.3019608 0.6980392 0.6901961 0.3098039 0.6392157 0.3607843 0.6901961 0.3098039 0.6392157 0.3607843 0.4901961 0.509804 0.5803922 0.4196079 0.4784314 0.5215687 0.3490196 0.6509804 0.3490196 0.6509804 0.2 0.8000001 0.3490196 0.6509804 0.2 0.8000001 0.01960784 0.8784314 0.1019608 0.3490196 0.6509804 0.4784314 0.5215687 0.2 0.8000001 0.01960784 0.8784314 0.1019608 0.01960784 0.3803922 0.6 0.03137255 0.8666667 0.1019608 0.05882353 0.8392158 0.1019608 0.01960784 0.3803922 0.6 0.03137255 0.3686275 0.6 0.07843138 0.8196079 0.1019608 0.4 0.6 0.4392157 0.5607843 0.4 0.6 0.4 0.6 0.4 0.6 0.4980392 0.5019608 0.3490196 0.6509804 0.1019608 0.7960785 0.1019608 0.3490196 0.6509804 0.5607843 0.4392157 0.09019608 0.8078432 0.1019608 0.0509804 0.3490196 0.6 0.0509804 0.3490196 0.6 0.0509804 0.3490196 0.6 0.01960784 0.9803922 0.07843138 0.8196079 0.1019608 0.01176471 0.9882354 0.2 0.8000001 0.5882353 0.4117647 0.5882353 0.4117647 0.6196079 0.3803922 0.6196079 0.3803922 0.4705883 0.5294118 0.2 0.8000001 0.07058824 0.8274511 0.1019608 0.07058824 0.8274511 0.1019608 0.03921569 0.3607843 0.6 0.03921569 0.3607843 0.6 0.01176471 0.0509804 0.937255 0.8901961 0.1098039 0.8901961 0.1098039 0.8901961 0.1098039 0.8901961 0.1098039 0.6901961 0.3098039 0.6901961 0.3098039 0.6901961 0.3098039 0.4980392 0.5019608 0.4980392 0.5019608 0.4 0.6 0.4980392 0.5019608 0.2 0.8000001 0.2 0.8000001 0.4980392 0.5019608 0.1019608 0.8980393 0.1019608 0.8980393 0.2 0.8000001 0.1019608 0.8980393 0.1019608 0.8980393 0.1019608 0.8980393 0.2 0.8000001 0.2 0.8000001 0.2 0.8000001 0.4 0.6 0.4980392 0.5019608 0.4980392 0.5019608 0.6980392 0.3019608 0.4980392 0.5019608 0.6980392 0.3019608 0.8980393 0.1019608 0.4980392 0.5019608 0.8980393 0.1019608 0.6980392 0.3019608 0.8980393 0.1019608 0.01960784 0.1686275 0.8117648 0.8980393 0.1019608 0.8980393 0.1019608 0.6980392 0.3019608 0.8980393 0.1019608 0.4980392 0.5019608 0.8980393 0.1019608 0.8980393 0.1019608 0.6980392 0.3019608 0.6901961 0.3098039 0.4980392 0.5019608 0.4 0.6 0.4 0.6 0.4 0.6 0.4980392 0.5019608 0.6980392 0.3019608 0.1019608 0.8980393 0.1019608 0.8980393 0.2 0.8000001 0.4 0.6 0.6901961 0.3098039 0.6980392 0.3019608 0.8901961 0.1098039 0.1019608 0.8980393 0.1019608 0.8980393 0.2 0.8000001 0.4980392 0.5019608 0.6901961 0.3098039 0.8901961 0.1098039 0.4980392 0.5019608 0.4980392 0.5019608 0.2 0.8000001 0.1019608 0.8980393 0.1019608 0.8980393 0.2 0.8000001 0.6901961 0.3098039 0.6392157 0.3607843 0.2 0.8000001 0.6980392 0.3019608 0.4901961 0.509804 0.01960784 0.8784314 0.1019608 0.4 0.6 0.09019608 0.8078432 0.1019608 0.1098039 0.7882354 0.1019608 0.03921569 0.3607843 0.6 0.01960784 0.3803922 0.6 0.1215686 0.7764707 0.1019608 0.05882353 0.3411765 0.6 0.03921569 0.3607843 0.6 0.07058824 0.8274511 0.1019608 0.2 0.8000001 0.2 0.8000001 0.4901961 0.509804 0.6196079 0.3803922 0.5215687 0.4784314 0.6 0.4 0.4 0.6 0.4 0.6 0.4980392 0.5019608 0.3490196 0.6509804 0.5882353 0.4117647 0.2 0.8000001 0.6196079 0.3803922 0.2 0.8000001 0.07058824 0.8274511 0.1019608 0.07058824 0.8274511 0.1019608 0.03921569 0.3607843 0.6 0.07843138 0.8196079 0.1019608 0.03921569 0.3607843 0.6 0.1019608 0.7960785 0.1019608 0.0509804 0.3490196 0.6 0.01176471 0.0509804 0.937255 0.8901961 0.1098039 0.8901961 0.1098039 0.8901961 0.1098039 0.8901961 0.1098039 0.6901961 0.3098039 0.4980392 0.5019608 0.1019608 0.8980393 0.6901961 0.3098039 0.2 0.8000001 0.4980392 0.5019608 0.2 0.8000001 0.4980392 0.5019608 0.2 0.8000001 0.4 0.6 0.6980392 0.3019608 0.1019608 0.8980393 0.4 0.6 0.2 0.8000001 0.4 0.6 0.6980392 0.3019608 0.6980392 0.3019608 0.6980392 0.3019608 0.8901961 0.1098039 0.8980393 0.1019608 0.8980393 0.1019608 0.8980393 0.1019608 0.01960784 0.1686275 0.8117648 0.01176471 0.9882354 0.01960784 0.3803922 0.6 0.03137255 0.3686275 0.6 0.05882353 0.8392158 0.1019608 0.01960784 0.8784314 0.1019608 0.0509804 0.3490196 0.6 0.2 0.8000001 0.2 0.8000001 0.6901961 0.3098039 0.6392157 0.3607843 0.3490196 0.6509804 0.4784314 0.5215687 0.5803922 0.4196079</float_array>
          <technique_common>
            <accessor source="#geom-Shs_AMB008__M_AMB008-skin1-weights-array" count="1436" stride="1">
              <param name="WEIGHT" type="float"/>
            </accessor>
          </technique_common>
        </source>
        <joints>
          <input semantic="JOINT" source="#geom-Shs_AMB008__M_AMB008-skin1-joints"/>
          <input semantic="INV_BIND_MATRIX" source="#geom-Shs_AMB008__M_AMB008-skin1-bind_poses"/>
        </joints>
        <vertex_weights count="1352">
          <input semantic="JOINT" source="#geom-Shs_AMB008__M_AMB008-skin1-joints" offset="0"/>
          <input semantic="WEIGHT" source="#geom-Shs_AMB008__M_AMB008-skin1-weights" offset="1"/>
          <vcount>1 1 1 1 1 1 1 1 1 1 1 1 1 1 1 1 1 1 1 1 1 1 1 1 1 1 1 1 1 1 1 1 1 1 1 1 1 1 1 1 1 1 1 1 1 1 1 1 1 1 1 1 1 2 2 2 2 2 2 2 2 2 2 2 2 1 1 1 1 1 1 1 1 1 1 1 1 1 1 1 1 1 1 1 1 1 1 1 1 1 1 1 1 1 1 1 1 1 1 1 1 2 2 2 2 2 2 2 2 2 2 2 2 2 2 2 2 2 2 2 2 2 2 2 2 1 1 1 1 1 1 1 1 1 1 1 1 1 1 1 1 1 1 1 1 1 1 1 1 1 1 1 1 1 1 1 1 1 1 1 1 1 1 1 1 1 1 1 1 1 1 1 1 1 1 1 1 1 1 1 1 1 1 1 2 1 2 2 2 2 2 2 2 2 2 2 2 2 2 2 2 2 2 2 2 2 2 2 2 1 1 1 1 1 1 1 1 1 1 1 1 1 1 1 1 1 1 1 1 1 2 2 2 2 2 2 2 2 2 2 2 2 2 2 2 2 2 2 2 2 2 2 2 2 2 3 3 3 3 3 3 3 1 1 1 1 1 1 3 1 1 1 3 1 1 1 2 2 2 1 2 2 2 2 2 2 2 2 2 2 2 2 2 2 1 2 1 2 2 2 2 2 2 2 2 2 2 1 2 2 1 2 1 1 2 1 1 2 2 1 2 3 2 2 2 3 1 3 1 1 2 3 2 1 2 2 2 1 2 2 2 1 2 1 2 2 1 1 1 1 1 1 3 3 3 3 3 2 2 3 2 2 2 2 2 2 2 2 2 2 2 2 2 2 2 2 2 2 2 2 2 2 2 2 3 3 3 3 3 2 2 2 2 2 2 2 2 2 2 2 2 2 1 1 1 1 1 1 1 1 1 1 1 1 1 2 1 2 2 2 1 2 2 2 1 1 1 1 1 1 1 1 1 1 1 1 1 1 1 1 1 1 1 1 1 1 1 1 1 1 1 1 1 1 1 1 1 1 1 1 1 1 1 1 1 1 1 1 1 1 1 1 1 1 1 1 1 1 1 1 1 1 1 2 2 2 2 2 2 2 2 2 2 2 2 2 2 2 2 2 2 3 2 2 2 2 2 3 3 3 3 3 1 1 1 1 3 1 1 1 1 1 1 1 1 1 1 1 1 1 1 1 1 1 1 1 1 1 1 1 1 1 1 1 1 1 1 1 1 1 1 1 1 1 1 1 3 1 1 3 3 1 1 1 3 3 3 3 3 2 2 2 3 2 2 2 2 2 2 2 2 2 2 2 2 2 2 2 2 2 2 2 2 2 3 3 2 2 2 2 2 2 2 2 2 2 2 2 2 2 2 2 2 2 2 2 2 2 2 2 2 2 2 2 2 2 2 2 2 2 2 2 2 2 2 2 2 2 2 2 2 2 2 2 2 2 2 2 2 2 2 2 2 2 2 2 2 2 2 2 2 2 2 2 2 2 2 2 2 2 2 2 2 2 2 2 2 2 2 2 2 2 2 2 2 2 2 2 1 1 1 1 1 1 1 1 1 1 1 1 1 1 1 1 1 1 1 1 1 1 1 1 1 1 1 1 1 1 1 1 1 1 1 1 1 1 1 1 1 1 1 1 1 1 1 1 1 1 1 1 1 1 1 1 1 1 2 2 2 2 2 2 2 2 1 1 1 1 1 1 1 1 1 1 1 1 1 1 1 1 1 1 1 2 2 2 2 2 2 2 2 2 2 2 2 2 2 2 1 1 1 1 1 1 1 1 1 1 1 1 1 1 1 1 1 1 1 1 1 1 1 1 1 1 1 1 1 1 2 2 2 2 2 2 2 2 2 2 2 2 1 1 1 1 1 1 1 1 1 1 1 1 1 1 1 1 1 1 1 1 1 1 1 1 1 1 1 1 1 1 1 1 1 1 3 1 3 3 3 3 2 2 3 2 2 2 2 2 2 2 2 2 2 2 2 2 2 2 2 3 2 3 3 1 3 3 2 2 3 2 2 2 2 2 2 2 2 2 2 3 3 3 3 1 1 1 1 1 1 1 1 1 1 1 1 1 1 1 1 2 2 2 2 2 2 2 2 2 2 2 2 2 2 2 2 2 2 2 2 2 2 2 2 2 2 2 2 2 2 2 2 2 2 2 2 2 2 3 2 2 2 3 3 3 3 3 3 3 2 2 2 2 2 2 2 3 2 2 3 3 3 3 2 1 3 2 2 1 2 2 2 2 2 2 3 3 3 3 1 1 1 3 1 1 1 1 1 1 1 1 1 1 1 2 2 2 2 2 2 2 2 2 2 2 2 2 2 2 2 1 2 2 1 1 1 1 1 1 1 1 1 1 1 1 1 1 1 1 1 1 1 1 1 1 1 1 1 1 1 1 1 2 1 1 2 2 1 2 2 2 2 2 2 2 2 2 2 2 1 2 1 1 2 1 1 1 1 3 1 2 1 1 1 1 2 1 2 1 2 2 2 2 2 2 2 2 2 2 2 2 1 1 1 1 1 1 1 1 1 1 1 1 1 1 1 1 1 1 1 2 2 2 2 2 2 2 1 1 1 1 1 1 1 1 1 1 1 1 1 1 1 1 1 1 1 1 1 1 1 1 1 1 1 1 1 1 1 2 2 2 2 2 1 1 1 1 1 1 1 1 1 1 1 1 2 1 2 2 2 2 2 1 1 1 1 1 1 1 1 1 2 2 2 2 2 2 3 2 3 3 3 3 3 1 1 3 1 1 1 1 1 1 1 1 1 1 1 1 1 1 1 1 1 3 3 2 2 2 2 2 2 2 2 2 2 2 2 2 2 3 3 3 3 3 3 3 1 1 1 1 1 1 3 1 1 1 1 1 1 2 2 2 2 2 2 2 2 2 1 1 2 2 1 1 2 1 2 2 1 1 2 1 1 1 1 1 1 1 1 1 1 1 1 1 1 1 1 2 2 2 2 2 2 2 2 2 1 2 1 1 2 1 3 1 1 1 1 1 1 2 3 3 3 3 3 2 2 2 2 2 2 2</vcount>
          <v>2 0 2 0 2 0 2 0 2 0 2 0 2 0 2 0 2 0 2 0 2 0 2 0 2 0 2 0 2 0 2 0 2 0 2 0 2 0 2 0 2 0 2 0 2 0 2 0 2 0 2 0 2 0 2 0 2 0 2 0 2 0 2 0 2 0 2 0 2 0 2 0 2 0 2 0 2 0 2 0 2 0 2 0 2 0 2 0 2 0 2 0 2 0 2 0 2 0 2 0 2 0 2 0 2 0 2 1 3 2 2 3 3 4 2 5 3 6 2 7 3 8 2 9 3 10 2 11 3 12 2 13 3 14 2 15 3 16 2 17 3 18 2 19 3 20 2 21 3 22 2 23 3 24 3 0 3 0 3 0 3 0 3 0 3 0 3 0 3 0 3 0 3 0 3 0 3 0 3 0 3 0 3 0 2 0 2 0 2 0 2 0 2 0 2 0 2 0 2 0 2 0 2 0 2 0 2 0 2 0 2 0 2 0 2 0 2 0 2 0 2 0 2 0 2 0 2 25 3 26 2 27 3 28 2 29 3 30 2 31 3 32 2 33 3 34 2 35 3 36 2 37 3 38 2 39 3 40 2 41 3 42 2 43 3 44 2 45 3 46 2 47 3 48 2 49 3 50 2 51 3 52 2 53 3 54 2 55 3 56 2 57 3 58 2 59 3 60 2 61 3 62 2 63 3 64 2 65 3 66 2 67 3 68 2 69 3 70 2 71 3 72 3 0 3 0 3 0 3 0 3 0 3 0 3 0 3 0 3 0 3 0 3 0 3 0 3 0 3 0 3 0 3 0 3 0 3 0 3 0 3 0 3 0 3 0 3 0 3 0 3 0 3 0 3 0 3 0 3 0 3 0 3 0 3 0 3 0 3 0 3 0 3 0 3 0 3 0 3 0 3 0 3 0 3 0 3 0 3 0 3 0 3 0 3 0 3 0 3 0 3 0 3 0 3 0 3 0 3 0 3 0 3 0 3 0 3 0 3 0 2 73 3 74 3 0 2 75 3 76 2 77 3 78 2 79 3 80 2 81 3 82 2 83 3 84 2 85 3 86 2 87 3 88 2 89 3 90 2 91 3 92 2 93 3 94 2 95 3 96 2 97 3 98 2 99 3 100 2 101 3 102 2 103 3 104 2 105 3 106 2 107 3 108 2 109 3 110 2 111 3 112 2 113 3 114 2 115 3 116 2 117 3 118 2 119 3 120 2 0 2 0 2 0 2 0 2 0 2 0 2 0 2 0 2 0 2 0 2 0 2 0 2 0 2 0 2 0 2 0 2 0 2 0 2 0 2 0 2 0 0 121 1 122 0 123 1 124 0 125 1 126 0 127 1 128 0 129 1 130 0 131 1 132 0 133 1 134 0 135 1 136 0 137 1 138 0 139 1 140 0 141 1 142 0 143 1 144 0 145 1 146 0 147 1 148 0 149 1 150 0 151 1 152 0 153 1 154 0 155 1 156 0 157 1 158 0 159 1 160 0 161 1 162 0 163 1 164 0 165 1 166 0 167 1 168 0 169 1 170 0 171 1 172 2 173 0 174 1 175 2 176 0 177 1 178 2 179 0 180 1 181 2 182 0 183 1 184 2 185 0 186 1 187 2 188 0 189 1 190 2 191 2 0 2 0 2 0 2 0 2 0 2 0 0 192 1 193 2 194 2 0 2 0 2 0 0 195 1 196 2 197 2 0 2 0 2 0 2 198 3 199 2 200 3 201 2 202 3 203 2 0 2 204 3 205 2 206 3 207 2 208 3 209 2 210 3 211 2 212 3 213 2 214 3 215 2 216 3 217 2 218 3 219 2 220 3 221 2 222 3 223 2 224 3 225 2 226 3 227 2 228 3 229 2 230 3 231 3 0 2 232 3 233 3 0 2 234 3 235 2 236 3 237 2 238 3 239 2 240 3 241 2 242 3 243 2 244 3 245 2 246 3 247 2 248 3 249 2 250 3 251 2 252 3 253 2 0 2 254 3 255 1 256 2 257 2 0 2 258 3 259 2 0 2 0 2 260 3 261 2 0 2 0 2 262 3 263 2 264 3 265 2 0 2 266 3 267 0 268 1 269 2 270 2 271 3 272 1 273 2 274 2 275 3 276 0 277 1 278 2 279 2 0 0 280 1 281 2 282 2 0 2 0 2 283 3 284 0 285 1 286 2 287 2 288 3 289 2 0 2 290 3 291 2 292 3 293 2 294 3 295 2 0 2 296 3 297 2 298 3 299 2 300 3 301 2 0 2 302 3 303 2 0 2 304 3 305 2 306 3 307 2 0 2 0 2 0 2 0 2 0 2 0 0 308 1 309 2 310 0 311 1 312 2 313 0 314 1 315 2 316 0 317 1 318 2 319 0 320 1 321 2 322 0 323 1 324 0 325 1 326 0 327 1 328 2 329 0 330 1 331 0 332 1 333 0 334 1 335 0 336 1 337 0 338 1 339 0 340 1 341 0 342 1 343 0 344 1 345 0 346 1 347 0 348 1 349 0 350 1 351 0 352 1 353 0 354 1 355 0 356 1 357 0 358 1 359 0 360 1 361 0 362 1 363 0 364 1 365 0 366 1 367 0 368 1 369 0 370 1 371 0 372 1 373 0 374 1 375 0 376 1 377 0 378 1 379 2 380 0 381 1 382 2 383 0 384 1 385 2 386 0 387 1 388 2 389 0 390 1 391 2 392 2 393 3 394 2 395 3 396 2 397 3 398 2 399 3 400 2 401 3 402 2 403 3 404 2 405 3 406 2 407 3 408 2 409 3 410 2 411 3 412 2 413 3 414 2 415 3 416 2 417 3 418 3 0 3 0 3 0 3 0 3 0 3 0 3 0 3 0 3 0 3 0 3 0 3 0 3 0 2 419 3 420 3 0 2 421 3 422 2 423 3 424 2 425 3 426 3 0 2 427 3 428 2 429 3 430 2 431 3 432 3 0 3 0 3 0 3 0 3 0 3 0 3 0 3 0 3 0 3 0 3 0 3 0 3 0 3 0 3 0 3 0 3 0 3 0 3 0 3 0 3 0 3 0 3 0 3 0 3 0 3 0 3 0 3 0 3 0 3 0 3 0 3 0 3 0 3 0 3 0 3 0 3 0 3 0 3 0 3 0 3 0 3 0 3 0 3 0 3 0 3 0 3 0 3 0 3 0 3 0 3 0 3 0 3 0 3 0 3 0 3 0 3 0 3 0 3 0 0 433 1 434 0 435 1 436 0 437 1 438 0 439 1 440 0 441 1 442 0 443 1 444 0 445 1 446 0 447 1 448 0 449 1 450 0 451 1 452 0 453 1 454 0 455 1 456 0 457 1 458 0 459 1 460 0 461 1 462 0 463 1 464 0 465 1 466 0 467 1 468 0 469 1 470 2 471 0 472 1 473 0 474 1 475 0 476 1 477 0 478 1 479 0 480 1 481 0 482 1 483 2 484 0 485 1 486 2 487 0 488 1 489 2 490 0 491 1 492 2 493 0 494 1 495 2 496 2 0 2 0 2 0 2 0 0 497 1 498 2 499 2 0 2 0 2 0 2 0 2 0 2 0 2 0 2 0 2 0 2 0 2 0 2 0 2 0 2 0 2 0 2 0 2 0 2 0 2 0 2 0 2 0 2 0 2 0 2 0 2 0 2 0 2 0 2 0 2 0 2 0 2 0 2 0 2 0 2 0 2 0 2 0 2 0 2 0 2 0 0 500 1 501 2 502 2 0 2 0 0 503 1 504 2 505 0 506 1 507 2 508 2 0 2 0 2 0 0 509 1 510 2 511 0 512 1 513 2 514 0 515 1 516 2 517 0 518 1 519 2 520 0 521 1 522 2 523 0 524 1 525 0 526 1 527 0 528 1 529 0 530 1 531 2 532 0 533 1 534 0 535 1 536 0 537 1 538 0 539 1 540 0 541 1 542 0 543 1 544 0 545 1 546 0 547 1 548 0 549 1 550 0 551 1 552 0 553 1 554 0 555 1 556 0 557 1 558 0 559 1 560 0 561 1 562 0 563 1 564 0 565 1 566 0 567 1 568 0 569 1 570 0 571 1 572 0 573 1 574 0 575 1 576 2 577 0 578 1 579 2 580 0 581 1 582 0 583 1 584 0 585 1 586 0 587 1 588 0 589 1 590 0 591 1 592 0 593 1 594 0 595 1 596 0 597 1 598 0 599 1 600 0 601 1 602 0 603 1 604 0 605 1 606 0 607 1 608 0 609 1 610 0 611 1 612 0 613 1 614 0 615 1 616 0 617 1 618 0 619 1 620 0 621 1 622 0 623 1 624 0 625 1 626 0 627 1 628 0 629 1 630 0 631 1 632 0 633 1 634 0 635 1 636 0 637 1 638 0 639 1 640 0 641 1 642 0 643 1 644 0 645 1 646 0 647 1 648 0 649 1 650 0 651 1 652 0 653 1 654 0 655 1 656 0 657 1 658 0 659 1 660 0 661 1 662 0 663 1 664 0 665 1 666 0 667 1 668 0 669 1 670 0 671 1 672 0 673 1 674 0 675 1 676 0 677 1 678 0 679 1 680 0 681 1 682 0 683 1 684 0 685 1 686 0 687 1 688 0 689 1 690 0 691 1 692 0 693 1 694 0 695 1 696 0 697 1 698 0 699 1 700 0 701 1 702 0 703 1 704 0 705 1 706 0 707 1 708 0 709 1 710 0 711 1 712 0 713 1 714 0 715 1 716 0 717 1 718 0 719 1 720 0 721 1 722 0 723 1 724 0 725 1 726 0 727 1 728 0 729 1 730 0 731 1 732 0 733 1 734 0 735 1 736 0 737 1 738 0 739 1 740 0 741 1 742 0 743 1 744 0 745 1 746 0 747 1 748 0 749 1 750 0 751 1 752 0 753 1 754 0 755 1 756 0 757 1 758 0 759 1 760 0 761 1 762 0 763 1 764 2 0 2 0 2 0 2 0 2 0 2 0 2 0 2 0 2 0 2 0 2 0 2 0 2 0 2 0 2 0 2 0 2 0 2 0 2 0 2 0 2 0 2 0 2 0 2 0 2 0 2 0 2 0 2 0 2 0 2 0 2 0 2 0 2 0 2 0 2 0 2 0 2 0 2 0 2 0 2 0 2 0 2 0 2 0 2 0 2 0 3 0 3 0 3 0 3 0 3 0 3 0 3 0 3 0 3 0 3 0 3 0 3 0 3 0 2 765 3 766 2 767 3 768 2 769 3 770 2 771 3 772 2 773 3 774 2 775 3 776 2 777 3 778 2 779 3 780 2 0 2 0 2 0 2 0 2 0 2 0 2 0 2 0 2 0 2 0 2 0 2 0 2 0 2 0 2 0 2 0 2 0 2 0 2 0 2 781 3 782 2 783 3 784 2 785 3 786 2 787 3 788 2 789 3 790 2 791 3 792 2 793 3 794 2 795 3 796 2 797 3 798 2 799 3 800 2 801 3 802 2 803 3 804 2 805 3 806 2 807 3 808 2 809 3 810 3 0 3 0 3 0 3 0 3 0 3 0 3 0 3 0 3 0 3 0 3 0 3 0 3 0 3 0 3 0 3 0 3 0 3 0 3 0 3 0 3 0 3 0 3 0 3 0 3 0 3 0 3 0 3 0 3 0 3 0 2 811 3 812 2 813 3 814 2 815 3 816 2 817 3 818 2 819 3 820 2 821 3 822 2 823 3 824 2 825 3 826 2 827 3 828 2 829 3 830 2 831 3 832 2 833 3 834 2 0 2 0 2 0 2 0 2 0 2 0 2 0 2 0 2 0 2 0 2 0 2 0 2 0 2 0 2 0 2 0 2 0 2 0 2 0 2 0 2 0 2 0 2 0 2 0 2 0 2 0 2 0 2 0 2 0 2 0 2 0 2 0 2 0 2 0 0 835 1 836 2 837 2 0 0 838 1 839 2 840 0 841 1 842 2 843 0 844 1 845 2 846 0 847 1 848 2 849 0 850 1 851 0 852 1 853 0 854 1 855 2 856 0 857 1 858 0 859 1 860 0 861 1 862 0 863 1 864 0 865 1 866 0 867 1 868 0 869 1 870 0 871 1 872 0 873 1 874 0 875 1 876 0 877 1 878 0 879 1 880 0 881 1 882 0 883 1 884 0 885 1 886 0 887 1 888 0 889 1 890 2 891 0 892 1 893 0 894 1 895 2 896 0 897 1 898 2 899 2 0 0 900 1 901 2 902 0 903 1 904 2 905 0 906 1 907 0 908 1 909 0 910 1 911 2 912 0 913 1 914 0 915 1 916 0 917 1 918 0 919 1 920 0 921 1 922 0 923 1 924 0 925 1 926 0 927 1 928 0 929 1 930 0 931 1 932 0 933 1 934 2 935 0 936 1 937 2 938 0 939 1 940 2 941 0 942 1 943 2 944 2 0 2 0 2 0 2 0 2 0 2 0 2 0 2 0 2 0 2 0 2 0 2 0 2 0 2 0 2 0 2 0 0 945 1 946 0 947 1 948 0 949 1 950 0 951 1 952 0 953 1 954 0 955 1 956 0 957 1 958 0 959 1 960 0 961 1 962 0 963 1 964 0 965 1 966 0 967 1 968 0 969 1 970 0 971 1 972 0 973 1 974 0 975 1 976 0 977 1 978 0 979 1 980 0 981 1 982 0 983 1 984 0 985 1 986 0 987 1 988 0 989 1 990 0 991 1 992 0 993 1 994 0 995 1 996 0 997 1 998 0 999 1 1000 0 1001 1 1002 0 1003 1 1004 0 1005 1 1006 0 1007 1 1008 0 1009 1 1010 0 1011 1 1012 0 1013 1 1014 0 1015 1 1016 0 1017 1 1018 0 1019 1 1020 0 1021 1 1022 2 1023 0 1024 1 1025 0 1026 1 1027 0 1028 1 1029 0 1030 1 1031 2 1032 0 1033 1 1034 2 1035 0 1036 1 1037 2 1038 0 1039 1 1040 2 1041 0 1042 1 1043 2 1044 0 1045 1 1046 2 1047 0 1048 1 1049 2 1050 0 1051 1 1052 0 1053 1 1054 0 1055 1 1056 0 1057 1 1058 0 1059 1 1060 0 1061 1 1062 0 1063 1 1064 0 1065 1 1066 2 1067 0 1068 1 1069 0 1070 1 1071 0 1072 1 1073 2 1074 0 1075 1 1076 2 1077 0 1078 1 1079 2 1080 0 1081 1 1082 2 1083 1 1084 2 1085 2 0 0 1086 1 1087 2 1088 1 1089 2 1090 0 1091 1 1092 2 0 0 1093 1 1094 0 1095 1 1096 0 1097 1 1098 0 1099 1 1100 0 1101 1 1102 0 1103 1 1104 0 1105 1 1106 2 1107 0 1108 1 1109 2 1110 0 1111 1 1112 2 1113 0 1114 1 1115 2 1116 2 0 2 0 2 0 0 1117 1 1118 2 1119 2 0 2 0 2 0 2 0 2 0 2 0 2 0 2 0 2 0 2 0 2 0 2 1120 3 1121 2 1122 3 1123 2 1124 3 1125 2 1126 3 1127 2 1128 3 1129 2 1130 3 1131 2 1132 3 1133 2 1134 3 1135 2 1136 3 1137 2 1138 3 1139 2 1140 3 1141 2 1142 3 1143 2 1144 3 1145 2 1146 3 1147 2 1148 3 1149 2 1150 3 1151 3 0 2 1152 3 1153 2 1154 3 1155 3 0 3 0 3 0 3 0 3 0 3 0 3 0 3 0 3 0 3 0 3 0 3 0 3 0 3 0 3 0 3 0 3 0 3 0 3 0 3 0 3 0 3 0 3 0 3 0 3 0 3 0 3 0 3 0 3 0 2 1156 3 1157 3 0 3 0 2 1158 3 1159 2 1160 3 1161 3 0 2 1162 3 1163 2 1164 3 1165 2 1166 3 1167 2 1168 3 1169 2 1170 3 1171 2 1172 3 1173 2 1174 3 1175 2 1176 3 1177 2 1178 3 1179 2 1180 3 1181 2 1182 3 1183 2 0 2 1184 3 1185 2 0 2 0 2 1186 3 1187 2 0 2 0 2 0 2 0 0 1188 1 1189 2 1190 2 0 2 1191 3 1192 2 0 2 0 2 0 2 0 2 1193 3 1194 2 0 2 1195 3 1196 2 0 2 1197 3 1198 2 1199 3 1200 2 1201 3 1202 2 1203 3 1204 2 1205 3 1206 2 1207 3 1208 2 1209 3 1210 2 1211 3 1212 2 1213 3 1214 2 1215 3 1216 2 1217 3 1218 2 1219 3 1220 2 0 2 0 2 0 2 0 2 0 2 0 2 0 2 0 2 0 2 0 2 0 2 0 2 0 2 0 2 0 3 0 3 0 3 0 3 0 2 1221 3 1222 2 1223 3 1224 2 1225 3 1226 2 1227 3 1228 2 1229 3 1230 2 1231 3 1232 2 1233 3 1234 2 0 2 0 2 0 2 0 2 0 2 0 2 0 2 0 2 0 2 0 2 0 2 0 2 0 2 0 2 0 2 0 2 0 2 0 2 0 3 0 3 0 3 0 3 0 3 0 3 0 3 0 3 0 3 0 3 0 3 0 3 0 2 1235 3 1236 2 1237 3 1238 2 1239 3 1240 2 1241 3 1242 2 1243 3 1244 2 0 2 0 2 0 2 0 2 0 2 0 2 0 2 0 2 0 2 0 2 0 2 0 2 1245 3 1246 2 0 2 1247 3 1248 2 1249 3 1250 2 1251 3 1252 2 1253 3 1254 2 1255 3 1256 3 0 3 0 3 0 2 0 2 0 2 0 2 0 2 0 2 0 0 1257 1 1258 0 1259 1 1260 0 1261 1 1262 0 1263 1 1264 0 1265 1 1266 0 1267 1 1268 0 1269 1 1270 2 1271 0 1272 1 1273 0 1274 1 1275 2 1276 0 1277 1 1278 2 1279 0 1280 1 1281 2 1282 0 1283 1 1284 2 1285 0 1286 1 1287 2 1288 2 0 2 0 0 1289 1 1290 2 1291 2 0 2 0 2 0 2 0 2 0 2 0 2 0 2 0 2 0 2 0 2 0 2 0 2 0 2 0 2 0 2 0 2 0 0 1292 1 1293 2 1294 0 1295 1 1296 2 1297 0 1298 1 1299 0 1300 1 1301 0 1302 1 1303 0 1304 1 1305 0 1306 1 1307 0 1308 1 1309 0 1310 1 1311 0 1312 1 1313 0 1314 1 1315 0 1316 1 1317 0 1318 1 1319 0 1320 1 1321 0 1322 1 1323 0 1324 1 1325 0 1326 1 1327 2 1328 0 1329 1 1330 2 1331 0 1332 1 1333 2 1334 0 1335 1 1336 2 1337 0 1338 1 1339 2 1340 0 1341 1 1342 2 1343 0 1344 1 1345 2 1346 2 0 2 0 2 0 2 0 2 0 2 0 0 1347 1 1348 2 1349 2 0 2 0 2 0 2 0 2 0 2 0 2 1350 3 1351 2 1352 3 1353 2 1354 3 1355 2 1356 3 1357 2 1358 3 1359 2 1360 3 1361 2 1362 3 1363 2 1364 3 1365 2 1366 3 1367 3 0 3 0 2 1368 3 1369 2 1370 3 1371 3 0 2 0 2 1372 3 1373 2 0 2 1374 3 1375 2 1376 3 1377 3 0 3 0 2 1378 3 1379 3 0 3 0 3 0 3 0 3 0 3 0 3 0 3 0 3 0 3 0 3 0 3 0 3 0 3 0 3 0 3 0 2 1380 3 1381 2 1382 3 1383 2 1384 3 1385 2 1386 3 1387 2 1388 3 1389 2 1390 3 1391 2 1392 3 1393 2 1394 3 1395 2 1396 3 1397 2 0 2 1398 3 1399 2 0 2 0 2 1400 3 1401 2 0 0 1402 1 1403 2 1404 2 0 2 0 2 0 2 0 2 0 2 0 1 1405 2 1406 0 1407 1 1408 2 1409 0 1410 1 1411 2 1412 0 1413 1 1414 2 1415 0 1416 1 1417 2 1418 0 1419 1 1420 2 1421 0 1422 1 1423 0 1424 1 1425 0 1426 1 1427 0 1428 1 1429 0 1430 1 1431 0 1432 1 1433 0 1434 1 1435</v>
        </vertex_weights>
      </skin>
    </controller>
    <controller id="geom-Shs_AMB008__M_AMB008_Lining-skin1">
      <skin source="#geom-Shs_AMB008__M_AMB008_Lining">
        <bind_shape_matrix>1 0 0 0 0 1 0 0 0 0 1 0 0 0 0 1</bind_shape_matrix>
        <source id="geom-Shs_AMB008__M_AMB008_Lining-skin1-joints">
          <Name_array id="geom-Shs_AMB008__M_AMB008_Lining-skin1-joints-array" count="4">joint0 joint1 joint2 joint3</Name_array>
          <technique_common>
            <accessor source="#geom-Shs_AMB008__M_AMB008_Lining-skin1-joints-array" count="4" stride="1">
              <param name="JOINT" type="name"/>
            </accessor>
          </technique_common>
        </source>
        <source id="geom-Shs_AMB008__M_AMB008_Lining-skin1-bind_poses">
          <float_array id="geom-Shs_AMB008__M_AMB008_Lining-skin1-bind_poses-array" count="64">-1.78814e-7 -4.21468e-8 -1 0 -4.21468e-8 -1 4.21468e-8 0 -1 4.21468e-8 1.19209e-7 0 0 0 0 1 -8.9407e-8 2.98023e-8 -1 -0.225 1.3411e-7 -1 1.04308e-7 1.39863e-8 -1 -6.70552e-8 2.38419e-7 2.68221e-8 0 0 0 1 9.68576e-8 -1 8.94069e-8 9.95254e-9 2.38419e-7 -7.45058e-9 1 0.2707 -1 7.45058e-9 2.68221e-7 3.48896e-8 0 0 0 1 4.7323e-8 -1 7.17277e-8 -0.184 2.98023e-7 6.10885e-9 1 0.3807 -1 2.15008e-8 2.98023e-7 4.88205e-8 0 0 0 1</float_array>
          <technique_common>
            <accessor source="#geom-Shs_AMB008__M_AMB008_Lining-skin1-bind_poses-array" count="4" stride="16">
              <param name="TRANSFORM" type="float4x4"/>
            </accessor>
          </technique_common>
        </source>
        <source id="geom-Shs_AMB008__M_AMB008_Lining-skin1-weights">
          <float_array id="geom-Shs_AMB008__M_AMB008_Lining-skin1-weights-array" count="201">1 0.6980392 0.3019608 0.2392157 0.7607844 0.6980392 0.3019608 0.4901961 0.509804 0.2 0.8000001 0.6392157 0.3607843 0.2313726 0.7686275 0.4196079 0.5803922 0.1294118 0.8705883 0.6901961 0.3098039 0.6392157 0.3607843 0.2196079 0.7803922 0.4 0.6 0.4392157 0.5607843 0.1019608 0.8980393 0.5803922 0.4196079 0.2509804 0.7490196 0.4901961 0.509804 0.07058824 0.9294118 0.4980392 0.5019608 0.3019608 0.6980392 0.5215687 0.4784314 0.6313726 0.3686275 0.03921569 0.9607844 0.4784314 0.5215687 0.3294118 0.6705883 0.6 0.4 0.0509804 0.9490197 0.4392157 0.5607843 0.3215686 0.6784314 0.6196079 0.3803922 0.5882353 0.4117647 0.07058824 0.9294118 0.4 0.6 0.4 0.6 0.3019608 0.6980392 0.5607843 0.4392157 0.1019608 0.8980393 0.4 0.6 0.2588235 0.7411765 0.4980392 0.5019608 0.1882353 0.8117648 0.01176471 0.9882354 0.4980392 0.5019608 0.5607843 0.4392157 0.2588235 0.7411765 0.4 0.6 0.5882353 0.4117647 0.1019608 0.8980393 0.4 0.6 0.3215686 0.6784314 0.6196079 0.3803922 0.6 0.4 0.07058824 0.9294118 0.4 0.6 0.4392157 0.5607843 0.01176471 0.9882354 0.0509804 0.9490197 0.4784314 0.5215687 0.07058824 0.9294118 0.5803922 0.4196079 0.6392157 0.3607843 0.1294118 0.8705883 0.6901961 0.3098039 0.6392157 0.3607843 0.2392157 0.7607844 0.6980392 0.3019608 0.6980392 0.3019608 0.4901961 0.509804 0.4196079 0.5803922 0.2196079 0.7803922 0.4 0.6 0.4392157 0.5607843 0.3019608 0.6980392 0.4901961 0.509804 0.5215687 0.4784314 0.6313726 0.3686275 0.6392157 0.3607843 0.1294118 0.8705883 0.6980392 0.3019608 0.6901961 0.3098039 0.4901961 0.509804 0.6392157 0.3607843 0.2196079 0.7803922 0.4 0.6 0.4901961 0.509804 0.07058824 0.9294118 0.5803922 0.4196079 0.4784314 0.5215687 0.01176471 0.9882354 0.3215686 0.6784314 0.5215687 0.4784314 0.6 0.4 0.6196079 0.3803922 0.5882353 0.4117647 0.2588235 0.7411765 0.4980392 0.5019608 0.4 0.6 0.07058824 0.9294118 0.4 0.6</float_array>
          <technique_common>
            <accessor source="#geom-Shs_AMB008__M_AMB008_Lining-skin1-weights-array" count="201" stride="1">
              <param name="WEIGHT" type="float"/>
            </accessor>
          </technique_common>
        </source>
        <joints>
          <input semantic="JOINT" source="#geom-Shs_AMB008__M_AMB008_Lining-skin1-joints"/>
          <input semantic="INV_BIND_MATRIX" source="#geom-Shs_AMB008__M_AMB008_Lining-skin1-bind_poses"/>
        </joints>
        <vertex_weights count="100">
          <input semantic="JOINT" source="#geom-Shs_AMB008__M_AMB008_Lining-skin1-joints" offset="0"/>
          <input semantic="WEIGHT" source="#geom-Shs_AMB008__M_AMB008_Lining-skin1-weights" offset="1"/>
          <vcount>2 2 2 2 2 2 2 2 2 2 2 2 2 2 2 2 2 2 2 2 2 2 2 2 2 2 2 2 2 2 2 2 2 2 2 2 2 2 2 2 2 2 2 2 2 2 2 2 2 2 2 2 2 2 2 2 2 2 2 2 2 2 2 2 2 2 2 2 2 2 2 2 2 2 2 2 2 2 2 2 2 2 2 2 2 2 2 2 2 2 2 2 2 2 2 2 2 2 2 2</vcount>
          <v>0 1 1 2 0 3 1 4 0 5 1 6 0 7 1 8 0 9 1 10 0 11 1 12 0 13 1 14 0 15 1 16 0 17 1 18 0 19 1 20 0 21 1 22 0 23 1 24 0 25 1 26 0 27 1 28 0 29 1 30 0 31 1 32 0 33 1 34 0 35 1 36 0 37 1 38 0 39 1 40 0 41 1 42 0 43 1 44 0 45 1 46 0 47 1 48 0 49 1 50 0 51 1 52 0 53 1 54 0 55 1 56 0 57 1 58 0 59 1 60 0 61 1 62 0 63 1 64 0 65 1 66 0 67 1 68 0 69 1 70 0 71 1 72 0 73 1 74 0 75 1 76 0 77 1 78 0 79 1 80 0 81 1 82 0 83 1 84 0 85 1 86 0 87 1 88 0 89 1 90 0 91 1 92 0 93 1 94 0 95 1 96 0 97 1 98 0 99 1 100 0 101 1 102 0 103 1 104 0 105 1 106 0 107 1 108 0 109 1 110 0 111 1 112 0 113 1 114 0 115 1 116 0 117 1 118 0 119 1 120 0 121 1 122 0 123 1 124 0 125 1 126 0 127 1 128 0 129 1 130 0 131 1 132 0 133 1 134 0 135 1 136 0 137 1 138 0 139 1 140 0 141 1 142 0 143 1 144 0 145 1 146 0 147 1 148 0 149 1 150 0 151 1 152 0 153 1 154 0 155 1 156 0 157 1 158 0 159 1 160 0 161 1 162 0 163 1 164 0 165 1 166 0 167 1 168 0 169 1 170 0 171 1 172 0 173 1 174 0 175 1 176 0 177 1 178 0 179 1 180 0 181 1 182 0 183 1 184 0 185 1 186 0 187 1 188 0 189 1 190 0 191 1 192 0 193 1 194 0 195 1 196 0 197 1 198 0 199 1 200</v>
        </vertex_weights>
      </skin>
    </controller>
  </library_controllers>
  <library_lights>
    <light id="EnvironmentAmbientLight" name="EnvironmentAmbientLight">
      <technique_common>
        <ambient>
          <color>0 0 0</color>
        </ambient>
      </technique_common>
    </light>
  </library_lights>
  <library_images>
    <image id="M_AMB008_Alb_png">
      <init_from>./M_AMB008_Alb.png</init_from>
    </image>
    <image id="M_AMB008_Lining_Nrm_png">
      <init_from>./M_AMB008_Lining_Nrm.png</init_from>
    </image>
    <image id="M_AMB008_Lining_Tcl_png">
      <init_from>./M_AMB008_Lining_Tcl.png</init_from>
    </image>
    <image id="M_AMB008_Nrm_png">
      <init_from>./M_AMB008_Nrm.png</init_from>
    </image>
    <image id="M_AMB008_Rgh_png">
      <init_from>./M_AMB008_Rgh.png</init_from>
    </image>
  </library_images>
  <library_visual_scenes>
    <visual_scene id="MaxScene">
      <node name="EnvironmentAmbientLight">
        <instance_light url="#EnvironmentAmbientLight"/>
      </node>
      <node id="node-Leg_2_L" name="Leg_2_L" sid="joint0" type="JOINT">
        <rotate>-0.7071067 2.98023e-8 0.7071069 -180</rotate>
        <node id="node-Ankle_Assist_L" name="Ankle_Assist_L" sid="joint1" type="JOINT">
          <translate>0.225 8.88178e-16 -1.77636e-15</translate>
          <node id="node-Ankle_L" name="Ankle_L" sid="joint2" type="JOINT">
            <translate>0.0457 -2.66454e-15 0</translate>
            <rotate>1.67638e-8 7.26432e-8 -1 -90</rotate>
            <node id="node-Toe_L" name="Toe_L" sid="joint3" type="JOINT">
              <translate>0.184 -0.11 0</translate>
              <extra>
                <technique profile="OpenCOLLADA">
                  <cast_shadows sid="cast_shadows" type="bool">1</cast_shadows>
                  <receive_shadows sid="receive_shadows" type="bool">1</receive_shadows>
                  <primary_visibility sid="primary_visibility" type="bool">1</primary_visibility>
                  <secondary_visibility sid="secondary_visibility" type="bool">1</secondary_visibility>
                </technique>
              </extra>
            </node>
            <extra>
              <technique profile="OpenCOLLADA">
                <cast_shadows sid="cast_shadows" type="bool">1</cast_shadows>
                <receive_shadows sid="receive_shadows" type="bool">1</receive_shadows>
                <primary_visibility sid="primary_visibility" type="bool">1</primary_visibility>
                <secondary_visibility sid="secondary_visibility" type="bool">1</secondary_visibility>
              </technique>
            </extra>
          </node>
          <extra>
            <technique profile="OpenCOLLADA">
              <cast_shadows sid="cast_shadows" type="bool">1</cast_shadows>
              <receive_shadows sid="receive_shadows" type="bool">1</receive_shadows>
              <primary_visibility sid="primary_visibility" type="bool">1</primary_visibility>
              <secondary_visibility sid="secondary_visibility" type="bool">1</secondary_visibility>
            </technique>
          </extra>
        </node>
        <extra>
          <technique profile="OpenCOLLADA">
            <cast_shadows sid="cast_shadows" type="bool">1</cast_shadows>
            <receive_shadows sid="receive_shadows" type="bool">1</receive_shadows>
            <primary_visibility sid="primary_visibility" type="bool">1</primary_visibility>
            <secondary_visibility sid="secondary_visibility" type="bool">1</secondary_visibility>
          </technique>
        </extra>
      </node>
      <node id="node-Shs_AMB008__M_AMB008" name="Shs_AMB008__M_AMB008">
        <instance_controller url="#geom-Shs_AMB008__M_AMB008-skin1">
          <skeleton>#node-Leg_2_L</skeleton>
          <bind_material>
            <technique_common>
              <instance_material symbol="M_AMB008" target="#M_AMB008-material">
                <bind_vertex_input semantic="CHANNEL1" input_semantic="TEXCOORD" input_set="0"/>
                <bind_vertex_input semantic="CHANNEL1" input_semantic="TEXCOORD" input_set="0"/>
                <bind_vertex_input semantic="CHANNEL1" input_semantic="TEXCOORD" input_set="0"/>
                <bind_vertex_input semantic="CHANNEL1" input_semantic="TEXCOORD" input_set="0"/>
              </instance_material>
            </technique_common>
          </bind_material>
        </instance_controller>
        <extra>
          <technique profile="OpenCOLLADA">
            <cast_shadows sid="cast_shadows" type="bool">1</cast_shadows>
            <receive_shadows sid="receive_shadows" type="bool">1</receive_shadows>
            <primary_visibility sid="primary_visibility" type="bool">1</primary_visibility>
            <secondary_visibility sid="secondary_visibility" type="bool">1</secondary_visibility>
          </technique>
        </extra>
      </node>
      <node id="node-Shs_AMB008__M_AMB008_Lining" name="Shs_AMB008__M_AMB008_Lining">
        <instance_controller url="#geom-Shs_AMB008__M_AMB008_Lining-skin1">
          <skeleton>#node-Leg_2_L</skeleton>
          <bind_material>
            <technique_common>
              <instance_material symbol="M_AMB008_Lining" target="#M_AMB008_Lining-material">
                <bind_vertex_input semantic="CHANNEL1" input_semantic="TEXCOORD" input_set="0"/>
                <bind_vertex_input semantic="CHANNEL1" input_semantic="TEXCOORD" input_set="0"/>
              </instance_material>
            </technique_common>
          </bind_material>
        </instance_controller>
        <extra>
          <technique profile="OpenCOLLADA">
            <cast_shadows sid="cast_shadows" type="bool">1</cast_shadows>
            <receive_shadows sid="receive_shadows" type="bool">1</receive_shadows>
            <primary_visibility sid="primary_visibility" type="bool">1</primary_visibility>
            <secondary_visibility sid="secondary_visibility" type="bool">1</secondary_visibility>
          </technique>
        </extra>
      </node>
    </visual_scene>
  </library_visual_scenes>
  <scene>
    <instance_visual_scene url="#MaxScene"/>
  </scene>
</COLLADA>